Double Langmuir probe analysis: 2026_06_10_DLP_ACQ2
===================================================
Samples available:         22578
Samples fitted:            22578
Voltage range:             -62.76 to 14.79 V
Current range:             -1.0639e-03 to 1.3051e-02 A

Fit model
  I = Is * tanh(V / (2 * Te)) + G * V

Plasma parameters
  Electron temperature Te: -0.978103 eV
  Electron density n:      nan m^-3
  Ion saturation Is:       -8.806416e-03 A
  Conductance correction G:-0.000191376 A/V

Derived quantities
  Probe area:              2.010000e-06 m^2
  Ion mass:                39.9 amu
  Sound speed:             nan m/s

Fit quality
  R-squared:               -1.631936

Fit data
  voltage_V, current_A, fitted_current_A
  -62.75551, -0.000886885, 0.0032034916
  -62.75551, -0.0008163328, 0.0032034916
  -62.75551, -0.0008944584, 0.0032034916
  -62.749055, -0.0009442834, 0.0032022563
  -62.749055, -0.0007700952, 0.0032022563
  -62.749055, -0.0007916196, 0.0032022563
  -62.7426, -0.0008155356, 0.0032010209
  -62.7426, -0.0007099066, 0.0032010209
  -62.7426, -0.000960626, 0.0032010209
  -62.7426, -0.0007896266, 0.0032010209
  -62.7426, -0.0008402488, 0.0032010209
  -62.7426, -0.000611851, 0.0032010209
  -62.7426, -0.0007521582, 0.0032010209
  -62.7426, -0.0006660606, 0.0032010209
  -62.72969, -0.000860976, 0.0031985503
  -62.72969, -0.000691571, 0.0031985503
  -62.72969, -0.000745382, 0.0031985503
  -62.72969, -0.000793214, 0.0031985503
  -62.72969, -0.0007629204, 0.0031985503
  -62.72969, -0.0008135426, 0.0031985503
  -62.72969, -0.0009693952, 0.0031985503
  -62.72969, -0.0007366128, 0.0031985503
  -62.72969, -0.0007796616, 0.0031985503
  -62.723235, -0.0007716896, 0.0031973149
  -62.723235, -0.000845032, 0.0031973149
  -62.723235, -0.0007820532, 0.0031973149
  -62.723235, -0.0008613746, 0.0031973149
  -62.723235, -0.0007924168, 0.0031973149
  -62.723235, -0.0008255006, 0.0031973149
  -62.723235, -0.0006150398, 0.0031973149
  -62.723235, -0.0007728854, 0.0031973149
  -62.723235, -0.0007402002, 0.0031973149
  -62.723235, -0.0007465778, 0.0031973149
  -62.723235, -0.0006967528, 0.0031973149
  -62.723235, -0.0006859906, 0.0031973149
  -62.723235, -0.0008466264, 0.0031973149
  -62.723235, -0.000878913, 0.0031973149
  -62.723235, -0.0008745284, 0.0031973149
  -62.723235, -0.000745382, 0.0031973149
  -62.723235, -0.0008203188, 0.0031973149
  -62.71678, -0.0008801088, 0.0031960796
  -62.71678, -0.0007409974, 0.0031960796
  -62.71678, -0.0008243048, 0.0031960796
  -62.71678, -0.000711501, 0.0031960796
  -62.71678, -0.0007876336, 0.0031960796
  -62.71678, -0.0008637662, 0.0031960796
  -62.71678, -0.000743389, 0.0031960796
  -62.71678, -0.0008825004, 0.0031960796
  -62.71678, -0.0008087594, 0.0031960796
  -62.71678, -0.000793214, 0.0031960796
  -62.71678, -0.0007744798, 0.0031960796
  -62.71678, -0.0007720882, 0.0031960796
  -62.710325, -0.0008613746, 0.0031948443
  -62.710325, -0.0006600816, 0.0031948443
  -62.710325, -0.0007417946, 0.0031948443
  -62.710325, -0.0009263464, 0.0031948443
  -62.710325, -0.0007449834, 0.0031948443
  -62.710325, -0.000685592, 0.0031948443
  -62.710325, -0.000683599, 0.0031948443
  -62.710325, -0.000791221, 0.0031948443
  -62.710325, -0.0007844448, 0.0031948443
  -62.710325, -0.0007960042, 0.0031948443
  -62.710325, -0.0008912696, 0.0031948443
  -62.710325, -0.000860976, 0.0031948443
  -62.710325, -0.0007067178, 0.0031948443
  -62.710325, -0.0008183258, 0.0031948443
  -62.710325, -0.0007780672, 0.0031948443
  -62.710325, -0.0007836476, 0.0031948443
  -62.710325, -0.0007800602, 0.0031948443
  -62.710325, -0.0007820532, 0.0031948443
  -62.70387, -0.0007629204, 0.0031936089
  -62.70387, -0.000799193, 0.0031936089
  -62.70387, -0.000809158, 0.0031936089
  -62.70387, -0.0009658078, 0.0031936089
  -62.70387, -0.0008235076, 0.0031936089
  -62.70387, -0.0008466264, 0.0031936089
  -62.70387, -0.0007987944, 0.0031936089
  -62.70387, -0.0007501652, 0.0031936089
  -62.70387, -0.0006959556, 0.0031936089
  -62.70387, -0.000892864, 0.0031936089
  -62.697415, -0.0008884794, 0.0031923736
  -62.697415, -0.0008199202, 0.0031923736
  -62.697415, -0.0008326754, 0.0031923736
  -62.697415, -0.0007776686, 0.0031923736
  -62.697415, -0.0007079136, 0.0031923736
  -62.697415, -0.000663669, 0.0031923736
  -62.697415, -0.0008733326, 0.0031923736
  -62.697415, -0.000753354, 0.0031923736
  -62.697415, -0.000709508, 0.0031923736
  -62.697415, -0.0008255006, 0.0031923736
  -62.697415, -0.000785242, 0.0031923736
  -62.69096, -0.0006433404, 0.0031911383
  -62.69096, -0.0007437876, 0.0031911383
  -62.69096, -0.000753354, 0.0031911383
  -62.69096, -0.000723459, 0.0031911383
  -62.69096, -0.000705522, 0.0031911383
  -62.69096, -0.0008123468, 0.0031911383
  -62.69096, -0.0008398502, 0.0031911383
  -62.69096, -0.0009582344, 0.0031911383
  -62.69096, -0.0007027318, 0.0031911383
  -62.684505, -0.0006792144, 0.0031899029
  -62.684505, -0.0006210188, 0.0031899029
  -62.684505, -0.0008665564, 0.0031899029
  -62.684505, -0.0007465778, 0.0031899029
  -62.67805, -0.0008243048, 0.0031886676
  -62.67805, -0.0007003402, 0.0031886676
  -62.67805, -0.000864962, 0.0031886676
  -62.67805, -0.000669648, 0.0031886676
  -62.67805, -0.000665662, 0.0031886676
  -62.67805, -0.0008565914, 0.0031886676
  -62.67805, -0.0008605774, 0.0031886676
  -62.67805, -0.0007242562, 0.0031886676
  -62.671595, -0.000719473, 0.0031874323
  -62.671595, -0.000801186, 0.0031874323
  -62.671595, -0.0007956056, 0.0031874323
  -62.671595, -0.000693564, 0.0031874323
  -62.671595, -0.0007027318, 0.0031874323
  -62.66514, -0.0008155356, 0.0031861969
  -62.66514, -0.0009295352, 0.0031861969
  -62.658685, -0.0008282908, 0.0031849616
  -62.65223, -0.000681606, 0.0031837263
  -62.65223, -0.0007995916, 0.0031837263
  -62.645775, -0.0008641648, 0.0031824909
  -62.645775, -0.0008693466, 0.0031824909
  -62.63932, -0.0007864378, 0.0031812556
  -62.62641, -0.0007477736, 0.0031787849
  -62.607045, -0.000719473, 0.0031750789
  -62.607045, -0.0007796616, 0.0031750789
  -62.60059, -0.000882899, 0.0031738436
  -62.594135, -0.0008876822, 0.0031726083
  -62.58768, -0.0008593816, 0.0031713729
  -62.581225, -0.0007402002, 0.0031701376
  -62.57477, -0.0008087594, 0.0031689023
  -62.57477, -0.0008258992, 0.0031689023
  -62.542495, -0.0008247034, 0.0031627256
  -62.529585, -0.0009817518, 0.003160255
  -62.52313, -0.0008454306, 0.0031590196
  -62.516675, -0.0007688994, 0.0031577843
  -62.503765, -0.0008342698, 0.0031553136
  -62.49731, -0.000719473, 0.0031540783
  -62.4844, -0.0008418432, 0.0031516076
  -62.47149, -0.0008203188, 0.003149137
  -62.44567, -0.00065769, 0.0031441956
  -62.426305, -0.0008067664, 0.0031404896
  -62.400485, -0.0007178786, 0.0031355483
  -62.36821, -0.0007908224, 0.0031293716
  -62.361755, -0.0007461792, 0.0031281363
  -62.335935, -0.0007928154, 0.003123195
  -62.32948, -0.0008976472, 0.0031219596
  -62.297205, -0.0007386058, 0.003115783
  -62.284295, -0.0007744798, 0.0031133123
  -62.23911, -0.0007688994, 0.003104665
  -62.219745, -0.0007956056, 0.003100959
  -62.206835, -0.0008924654, 0.0030984883
  -62.181015, -0.0006772214, 0.003093547
  -62.17456, -0.0007696966, 0.0030923116
  -62.142285, -0.000739403, 0.003086135
  -62.116465, -0.0007007388, 0.0030811936
  -62.116465, -0.0007330254, 0.0030811936
  -62.04546, -0.0007166828, 0.003067605
  -62.03255, -0.0007784658, 0.0030651343
  -61.987365, -0.000703529, 0.003056487
  -61.987365, -0.0008027804, 0.003056487
  -61.94218, -0.0005608302, 0.0030478397
  -61.922815, -0.0008354656, 0.0030441337
  -61.922815, -0.000821116, 0.0030441337
  -61.85181, -0.0009949056, 0.003030545
  -61.845355, -0.0009111996, 0.0030293097
  -61.793715, -0.0007784658, 0.003019427
  -61.793715, -0.0008406474, 0.003019427
  -61.7098, -0.0007768714, 0.0030033677
  -61.7098, -0.0007246548, 0.0030033677
  -61.67107, -0.0008514096, 0.0029959557
  -61.625885, -0.0009044234, 0.0029873083
  -61.612975, -0.0007242562, 0.0029848377
  -61.56779, -0.000892864, 0.0029761903
  -61.55488, -0.0008015846, 0.0029737197
  -61.496785, -0.0007836476, 0.0029626017
  -61.470965, -0.0008585844, 0.0029576603
  -61.4516, -0.0007477736, 0.0029539543
  -61.39996, -0.0008203188, 0.0029440717
  -61.380595, -0.0007429904, 0.0029403657
  -61.367685, -0.0009638148, 0.002937895
  -61.328955, -0.000761326, 0.002930483
  -61.264405, -0.0007960042, 0.0029181297
  -61.25795, -0.0008526054, 0.0029168944
  -61.24504, -0.0008247034, 0.0029144237
  -61.18049, -0.0008506124, 0.0029020704
  -61.148215, -0.000781256, 0.0028958937
  -61.12885, -0.0006612774, 0.0028921877
  -61.11594, -0.000611851, 0.002889717
  -61.096575, -0.0006513124, 0.002886011
  -61.096575, -0.0007122982, 0.002886011
  -61.05139, -0.000659683, 0.0028773637
  -61.02557, -0.0007039276, 0.0028724224
  -60.993295, -0.0007617246, 0.0028662457
  -60.980385, -0.0006580886, 0.002863775
  -60.980385, -0.0008960528, 0.002863775
  -60.967475, -0.0008207174, 0.0028613044
  -60.96102, -0.0007768714, 0.002860069
  -60.954565, -0.0006843962, 0.0028588337
  -60.9352, -0.000811151, 0.0028551277
  -60.90938, -0.0007565428, 0.0028501864
  -60.89647, -0.0007561442, 0.0028477157
  -60.89647, -0.0008314796, 0.0028477157
  -60.890015, -0.0007720882, 0.0028464804
  -60.890015, -0.0008059692, 0.0028464804
  -60.890015, -0.0008103538, 0.0028464804
  -60.890015, -0.0008087594, 0.0028464804
  -60.88356, -0.0008095566, 0.002845245
  -60.88356, -0.0008314796, 0.002845245
  -60.88356, -0.0008207174, 0.002845245
  -60.88356, -0.0006704452, 0.002845245
  -60.88356, -0.000860976, 0.002845245
  -60.88356, -0.0006453334, 0.002845245
  -60.88356, -0.0006760256, 0.002845245
  -60.88356, -0.000767305, 0.002845245
  -60.877105, -0.0008274936, 0.0028440097
  -60.877105, -0.0007820532, 0.0028440097
  -60.877105, -0.0007904238, 0.0028440097
  -60.877105, -0.0007246548, 0.0028440097
  -60.877105, -0.0006242076, 0.0028440097
  -60.877105, -0.0009909196, 0.0028440097
  -60.877105, -0.0007796616, 0.0028440097
  -60.877105, -0.0006768228, 0.0028440097
  -60.877105, -0.0007206688, 0.0028440097
  -60.877105, -0.0006381586, 0.0028440097
  -60.877105, -0.0008039762, 0.0028440097
  -60.877105, -0.0006927668, 0.0028440097
  -60.877105, -0.0007537526, 0.0028440097
  -60.87065, -0.0007051234, 0.0028427744
  -60.87065, -0.0005616274, 0.0028427744
  -60.87065, -0.0007417946, 0.0028427744
  -60.87065, -0.0007549484, 0.0028427744
  -60.87065, -0.0008394516, 0.0028427744
  -60.87065, -0.0007649134, 0.0028427744
  -60.87065, -0.000942689, 0.0028427744
  -60.87065, -0.0007669064, 0.0028427744
  -60.87065, -0.0006421446, 0.0028427744
  -60.87065, -0.0007429904, 0.0028427744
  -60.87065, -0.0008266964, 0.0028427744
  -60.87065, -0.000725452, 0.0028427744
  -60.87065, -0.0006429418, 0.0028427744
  -60.87065, -0.000829088, 0.0028427744
  -60.87065, -0.000809158, 0.0028427744
  -60.864195, -0.0007549484, 0.002841539
  -60.864195, -0.0006999416, 0.002841539
  -60.864195, -0.0006409488, 0.002841539
  -60.864195, -0.0008063678, 0.002841539
  -60.864195, -0.0007441862, 0.002841539
  -60.864195, -0.000621816, 0.002841539
  -60.864195, -0.0008553956, 0.002841539
  -60.864195, -0.0008502138, 0.002841539
  -60.864195, -0.000623809, 0.002841539
  -60.864195, -0.0007338226, 0.002841539
  -60.864195, -0.0007023332, 0.002841539
  -60.864195, -0.0008043748, 0.002841539
  -60.864195, -0.0005971028, 0.002841539
  -60.864195, -0.0007720882, 0.002841539
  -60.864195, -0.0006748298, 0.002841539
  -60.864195, -0.000872934, 0.002841539
  -60.864195, -0.0007661092, 0.002841539
  -60.864195, -0.000926745, 0.002841539
  -60.864195, -0.0009024304, 0.002841539
  -60.864195, -0.000649718, 0.002841539
  -60.864195, -0.0008278922, 0.002841539
  -60.864195, -0.0006712424, 0.002841539
  -60.864195, -0.000958633, 0.002841539
  -60.85774, -0.0007501652, 0.0028403037
  -60.85774, -0.0008657592, 0.0028403037
  -60.85774, -0.0009183744, 0.0028403037
  -60.85774, -0.000747375, 0.0028403037
  -60.85774, -0.0009155842, 0.0028403037
  -60.85774, -0.000681606, 0.0028403037
  -60.85774, -0.000821116, 0.0028403037
  -60.85774, -0.000789228, 0.0028403037
  -60.85774, -0.0007968014, 0.0028403037
  -60.85774, -0.0007449834, 0.0028403037
  -60.85774, -0.0008107524, 0.0028403037
  -60.85774, -0.0007657106, 0.0028403037
  -60.85774, -0.0007637176, 0.0028403037
  -60.85774, -0.0008127454, 0.0028403037
  -60.85774, -0.0007142912, 0.0028403037
  -60.85774, -0.0006489208, 0.0028403037
  -60.85774, -0.000771291, 0.0028403037
  -60.85774, -0.0008334726, 0.0028403037
  -60.85774, -0.000807165, 0.0028403037
  -60.85774, -0.0008223118, 0.0028403037
  -60.85774, -0.000685592, 0.0028403037
  -60.85774, -0.0007704938, 0.0028403037
  -60.85774, -0.0006202216, 0.0028403037
  -60.85774, -0.0006054734, 0.0028403037
  -60.85774, -0.0007983958, 0.0028403037
  -60.85774, -0.0007724868, 0.0028403037
  -60.85774, -0.0008183258, 0.0028403037
  -60.85774, -0.0006413474, 0.0028403037
  -60.85774, -0.0008362628, 0.0028403037
  -60.85774, -0.000831081, 0.0028403037
  -60.85774, -0.0009614232, 0.0028403037
  -60.851285, -0.0007382072, 0.0028390684
  -60.851285, -0.0007390044, 0.0028390684
  -60.851285, -0.0007425918, 0.0028390684
  -60.851285, -0.0006792144, 0.0028390684
  -60.851285, -0.000839053, 0.0028390684
  -60.851285, -0.0007964028, 0.0028390684
  -60.851285, -0.0007940112, 0.0028390684
  -60.851285, -0.0007617246, 0.0028390684
  -60.851285, -0.0007677036, 0.0028390684
  -60.851285, -0.0007505638, 0.0028390684
  -60.851285, -0.0007358156, 0.0028390684
  -60.851285, -0.0009096052, 0.0028390684
  -60.851285, -0.0007350184, 0.0028390684
  -60.851285, -0.0007286408, 0.0028390684
  -60.851285, -0.0005791658, 0.0028390684
  -60.851285, -0.0007880322, 0.0028390684
  -60.851285, -0.000914787, 0.0028390684
  -60.851285, -0.0007637176, 0.0028390684
  -60.851285, -0.0008844934, 0.0028390684
  -60.851285, -0.0006720396, 0.0028390684
  -60.851285, -0.0007342212, 0.0028390684
  -60.851285, -0.0008119482, 0.0028390684
  -60.851285, -0.0008322768, 0.0028390684
  -60.851285, -0.0006632704, 0.0028390684
  -60.851285, -0.000568005, 0.0028390684
  -60.851285, -0.0007545498, 0.0028390684
  -60.851285, -0.000870941, 0.0028390684
  -60.851285, -0.0007445848, 0.0028390684
  -60.851285, -0.0007449834, 0.0028390684
  -60.851285, -0.000721466, 0.0028390684
  -60.851285, -0.000785242, 0.0028390684
  -60.851285, -0.0008593816, 0.0028390684
  -60.84483, -0.0008526054, 0.002837833
  -60.84483, -0.0006632704, 0.002837833
  -60.84483, -0.0006389558, 0.002837833
  -60.84483, -0.0007748784, 0.002837833
  -60.84483, -0.000888878, 0.002837833
  -60.84483, -0.0007625218, 0.002837833
  -60.84483, -0.00089685, 0.002837833
  -60.84483, -0.0006465292, 0.002837833
  -60.84483, -0.0008932626, 0.002837833
  -60.84483, -0.0009701924, 0.002837833
  -60.84483, -0.0009510596, 0.002837833
  -60.84483, -0.0008705424, 0.002837833
  -60.84483, -0.0006792144, 0.002837833
  -60.84483, -0.000707515, 0.002837833
  -60.84483, -0.0007529554, 0.002837833
  -60.84483, -0.0007641162, 0.002837833
  -60.838375, -0.0007629204, 0.0028365977
  -60.838375, -0.0006269978, 0.0028365977
  -60.838375, -0.0007302352, 0.0028365977
  -60.838375, -0.0010638634, 0.0028365977
  -60.838375, -0.0007158856, 0.0028365977
  -60.838375, -0.0007390044, 0.0028365977
  -60.838375, -0.0009016332, 0.0028365977
  -60.838375, -0.0007645148, 0.0028365977
  -60.838375, -0.0007382072, 0.0028365977
  -60.838375, -0.0007936126, 0.0028365977
  -60.838375, -0.0007402002, 0.0028365977
  -60.838375, -0.000872934, 0.0028365977
  -60.838375, -0.0008095566, 0.0028365977
  -60.838375, -0.0008314796, 0.0028365977
  -60.838375, -0.0008701438, 0.0028365977
  -60.838375, -0.0007166828, 0.0028365977
  -60.838375, -0.0008972486, 0.0028365977
  -60.838375, -0.0008227104, 0.0028365977
  -60.838375, -0.0007481722, 0.0028365977
  -60.83192, -0.000858983, 0.0028353624
  -60.83192, -0.0007904238, 0.0028353624
  -60.83192, -0.0007820532, 0.0028353624
  -60.83192, -0.0007386058, 0.0028353624
  -60.83192, -0.00071748, 0.0028353624
  -60.83192, -0.0007625218, 0.0028353624
  -60.83192, -0.0006361656, 0.0028353624
  -60.83192, -0.000880906, 0.0028353624
  -60.83192, -0.0007529554, 0.0028353624
  -60.83192, -0.0008713396, 0.0028353624
  -60.83192, -0.0008179272, 0.0028353624
  -60.83192, -0.0006680536, 0.0028353624
  -60.83192, -0.000741396, 0.0028353624
  -60.83192, -0.0006987458, 0.0028353624
  -60.83192, -0.0008075636, 0.0028353624
  -60.83192, -0.000665662, 0.0028353624
  -60.83192, -0.0006883822, 0.0028353624
  -60.825465, -0.0007007388, 0.002834127
  -60.825465, -0.000771291, 0.002834127
  -60.825465, -0.0008474236, 0.002834127
  -60.825465, -0.0006887808, 0.002834127
  -60.825465, -0.0007840462, 0.002834127
  -60.825465, -0.0007708924, 0.002834127
  -60.825465, -0.000831081, 0.002834127
  -60.825465, -0.0008322768, 0.002834127
  -60.825465, -0.0006943612, 0.002834127
  -60.825465, -0.000819123, 0.002834127
  -60.825465, -0.0008394516, 0.002834127
  -60.825465, -0.0008585844, 0.002834127
  -60.825465, -0.000585942, 0.002834127
  -60.825465, -0.000761326, 0.002834127
  -60.81901, -0.0009618218, 0.0028328917
  -60.81901, -0.000835067, 0.0028328917
  -60.81901, -0.0007677036, 0.0028328917
  -60.81901, -0.0006313824, 0.0028328917
  -60.81901, -0.0008219132, 0.0028328917
  -60.81901, -0.0007170814, 0.0028328917
  -60.81901, -0.0006174314, 0.0028328917
  -60.81901, -0.0007047248, 0.0028328917
  -60.81901, -0.000793214, 0.0028328917
  -60.81901, -0.0006839976, 0.0028328917
  -60.81901, -0.0007441862, 0.0028328917
  -60.81901, -0.000751361, 0.0028328917
  -60.81901, -0.0008438362, 0.0028328917
  -60.812555, -0.000695557, 0.0028316564
  -60.812555, -0.000868948, 0.0028316564
  -60.812555, -0.0007298366, 0.0028316564
  -60.812555, -0.0007864378, 0.0028316564
  -60.812555, -0.0007748784, 0.0028316564
  -60.812555, -0.000705522, 0.0028316564
  -60.812555, -0.0008932626, 0.0028316564
  -60.812555, -0.0007083122, 0.0028316564
  -60.8061, -0.0008043748, 0.002830421
  -60.8061, -0.0008099552, 0.002830421
  -60.799645, -0.000942689, 0.0028291857
  -60.799645, -0.000635767, 0.0028291857
  -60.799645, -0.0007330254, 0.0028291857
  -60.79319, -0.000807165, 0.0028279504
  -60.79319, -0.000753354, 0.0028279504
  -60.79319, -0.0008498152, 0.0028279504
  -60.79319, -0.0007700952, 0.0028279504
  -60.79319, -0.001062269, 0.0028279504
  -60.79319, -0.0008035776, 0.0028279504
  -60.79319, -0.0008155356, 0.0028279504
  -60.786735, -0.000685592, 0.002826715
  -60.78028, -0.0007111024, 0.0028254797
  -60.78028, -0.0007788644, 0.0028254797
  -60.78028, -0.000841046, 0.0028254797
  -60.773825, -0.0007027318, 0.0028242444
  -60.773825, -0.000779263, 0.0028242444
  -60.760915, -0.0006413474, 0.0028217737
  -60.760915, -0.0007868364, 0.0028217737
  -60.75446, -0.0006768228, 0.0028205384
  -60.74155, -0.0007150884, 0.0028180677
  -60.735095, -0.0007023332, 0.0028168324
  -60.722185, -0.0007497666, 0.0028143617
  -60.709275, -0.0008139412, 0.0028118911
  -60.696365, -0.000789228, 0.0028094204
  -60.68991, -0.0007322282, 0.0028081851
  -60.68991, -0.0007461792, 0.0028081851
  -60.677, -0.0007198716, 0.0028057144
  -60.670545, -0.0007808574, 0.0028044791
  -60.66409, -0.0008059692, 0.0028032437
  -60.657635, -0.0008127454, 0.0028020084
  -60.63827, -0.0007848434, 0.0027983024
  -60.59954, -0.000687585, 0.0027908904
  -60.58663, -0.000811151, 0.0027884197
  -60.57372, -0.0006987458, 0.0027859491
  -60.56081, -0.000719473, 0.0027834784
  -60.5479, -0.0006509138, 0.0027810077
  -60.528535, -0.000749368, 0.0027773017
  -60.50917, -0.0007681022, 0.0027735957
  -60.489805, -0.0007788644, 0.0027698897
  -60.44462, -0.0007900252, 0.0027612424
  -60.438165, -0.0007724868, 0.0027600071
  -60.43171, -0.0006513124, 0.0027587717
  -60.4188, -0.0008565914, 0.0027563011
  -60.38007, -0.0006987458, 0.0027488891
  -60.35425, -0.0007465778, 0.0027439477
  -60.32843, -0.000707515, 0.0027390064
  -60.32843, -0.0006652634, 0.0027390064
  -60.283245, -0.0007118996, 0.0027303591
  -60.270335, -0.0006991444, 0.0027278884
  -60.244515, -0.000731431, 0.0027229471
  -60.21224, -0.0007577386, 0.0027167704
  -60.19933, -0.0006720396, 0.0027142997
  -60.1606, -0.0006971514, 0.0027068877
  -60.14769, -0.0007298366, 0.0027044171
  -60.115415, -0.0006413474, 0.0026982404
  -60.089595, -0.0007800602, 0.0026932991
  -60.08314, -0.0005692008, 0.0026920638
  -60.037955, -0.0008398502, 0.0026834164
  -60.00568, -0.0008785144, 0.0026772398
  -59.973405, -0.0007230604, 0.0026710631
  -59.947585, -0.0007860392, 0.0026661218
  -59.9024, -0.0006640676, 0.0026574744
  -59.883035, -0.0009634162, 0.0026537684
  -59.870125, -0.0007166828, 0.0026512978
  -59.844305, -0.0009259478, 0.0026463564
  -59.81203, -0.0007784658, 0.0026401798
  -59.753935, -0.0008015846, 0.0026290618
  -59.73457, -0.0008123468, 0.0026253558
  -59.68293, -0.0009478708, 0.0026154731
  -59.68293, -0.000878913, 0.0026154731
  -59.650655, -0.0008565914, 0.0026092964
  -59.59256, -0.0008426404, 0.0025981784
  -59.57965, -0.0007577386, 0.0025957078
  -59.5151, -0.000833074, 0.0025833544
  -59.495735, -0.000791221, 0.0025796485
  -59.482825, -0.0006648648, 0.0025771778
  -59.469915, -0.0007138926, 0.0025747071
  -59.418275, -0.0008502138, 0.0025648245
  -59.379545, -0.0007158856, 0.0025574125
  -59.379545, -0.000809158, 0.0025574125
  -59.33436, -0.0008785144, 0.0025487651
  -59.314995, -0.0007788644, 0.0025450591
  -59.29563, -0.0008781158, 0.0025413531
  -59.276265, -0.0007079136, 0.0025376471
  -59.2569, -0.0007605288, 0.0025339411
  -59.237535, -0.0008143398, 0.0025302351
  -59.19235, -0.0007936126, 0.0025215878
  -59.16653, -0.0007561442, 0.0025166465
  -59.147165, -0.0007051234, 0.0025129405
  -59.147165, -0.0007756756, 0.0025129405
  -59.108435, -0.0007804588, 0.0025055285
  -59.108435, -0.0008880808, 0.0025055285
  -59.10198, -0.0006533054, 0.0025042931
  -59.07616, -0.0008199202, 0.0024993518
  -59.069705, -0.000781256, 0.0024981165
  -59.069705, -0.0006947598, 0.0024981165
  -59.06325, -0.000791221, 0.0024968811
  -59.06325, -0.000595907, 0.0024968811
  -59.056795, -0.0005771728, 0.0024956458
  -59.056795, -0.0007298366, 0.0024956458
  -59.05034, -0.0007378086, 0.0024944105
  -59.043885, -0.0007481722, 0.0024931751
  -59.043885, -0.0006664592, 0.0024931751
  -59.043885, -0.0008099552, 0.0024931751
  -59.043885, -0.0005644176, 0.0024931751
  -59.03743, -0.0006839976, 0.0024919398
  -59.03743, -0.0008394516, 0.0024919398
  -59.03743, -0.0006760256, 0.0024919398
  -59.030975, -0.0006824032, 0.0024907045
  -59.030975, -0.0006780186, 0.0024907045
  -59.030975, -0.0007916196, 0.0024907045
  -59.030975, -0.0008027804, 0.0024907045
  -59.030975, -0.0007079136, 0.0024907045
  -59.030975, -0.0007242562, 0.0024907045
  -59.030975, -0.0007218646, 0.0024907045
  -59.030975, -0.0007190744, 0.0024907045
  -59.030975, -0.00071748, 0.0024907045
  -59.030975, -0.000699543, 0.0024907045
  -59.030975, -0.000611851, 0.0024907045
  -59.030975, -0.0008338712, 0.0024907045
  -59.02452, -0.0008844934, 0.0024894691
  -59.02452, -0.0006748298, 0.0024894691
  -59.02452, -0.0007525568, 0.0024894691
  -59.02452, -0.0006624732, 0.0024894691
  -59.02452, -0.0006150398, 0.0024894691
  -59.02452, -0.0007358156, 0.0024894691
  -59.02452, -0.0005703966, 0.0024894691
  -59.02452, -0.0006010888, 0.0024894691
  -59.018065, -0.0007043262, 0.0024882338
  -59.018065, -0.0006923682, 0.0024882338
  -59.018065, -0.0006002916, 0.0024882338
  -59.018065, -0.000769298, 0.0024882338
  -59.018065, -0.000689578, 0.0024882338
  -59.018065, -0.0008801088, 0.0024882338
  -59.018065, -0.000779263, 0.0024882338
  -59.018065, -0.0008235076, 0.0024882338
  -59.018065, -0.0006493194, 0.0024882338
  -59.018065, -0.000713494, 0.0024882338
  -59.018065, -0.0008462278, 0.0024882338
  -59.018065, -0.0006871864, 0.0024882338
  -59.018065, -0.0007585358, 0.0024882338
  -59.018065, -0.0009000388, 0.0024882338
  -59.018065, -0.0007760742, 0.0024882338
  -59.018065, -0.0007342212, 0.0024882338
  -59.01161, -0.0006146412, 0.0024869985
  -59.01161, -0.0008844934, 0.0024869985
  -59.01161, -0.0008023818, 0.0024869985
  -59.01161, -0.0009155842, 0.0024869985
  -59.01161, -0.0007776686, 0.0024869985
  -59.01161, -0.0007557456, 0.0024869985
  -59.01161, -0.0006867878, 0.0024869985
  -59.01161, -0.0007844448, 0.0024869985
  -59.01161, -0.0007545498, 0.0024869985
  -59.01161, -0.0006293894, 0.0024869985
  -59.01161, -0.0007956056, 0.0024869985
  -59.01161, -0.0007047248, 0.0024869985
  -59.01161, -0.0006405502, 0.0024869985
  -59.01161, -0.0007669064, 0.0024869985
  -59.01161, -0.0006652634, 0.0024869985
  -59.01161, -0.0007417946, 0.0024869985
  -59.01161, -0.000707515, 0.0024869985
  -59.01161, -0.0006931654, 0.0024869985
  -59.01161, -0.0006548998, 0.0024869985
  -59.01161, -0.000689578, 0.0024869985
  -59.005155, -0.0005823546, 0.0024857631
  -59.005155, -0.000791221, 0.0024857631
  -59.005155, -0.0007609274, 0.0024857631
  -59.005155, -0.0006273964, 0.0024857631
  -59.005155, -0.0007900252, 0.0024857631
  -59.005155, -0.0006513124, 0.0024857631
  -59.005155, -0.000735417, 0.0024857631
  -59.005155, -0.0007206688, 0.0024857631
  -59.005155, -0.0007051234, 0.0024857631
  -59.005155, -0.0007011374, 0.0024857631
  -59.005155, -0.0007409974, 0.0024857631
  -59.005155, -0.000789228, 0.0024857631
  -59.005155, -0.0008625704, 0.0024857631
  -59.005155, -0.000707515, 0.0024857631
  -59.005155, -0.0007083122, 0.0024857631
  -59.005155, -0.0008765214, 0.0024857631
  -59.005155, -0.0006644662, 0.0024857631
  -59.005155, -0.0008123468, 0.0024857631
  -59.005155, -0.0007198716, 0.0024857631
  -59.005155, -0.0007724868, 0.0024857631
  -59.005155, -0.0007577386, 0.0024857631
  -59.005155, -0.0006851934, 0.0024857631
  -58.9987, -0.0007585358, 0.0024845278
  -58.9987, -0.0007039276, 0.0024845278
  -58.9987, -0.0007545498, 0.0024845278
  -58.9987, -0.0008773186, 0.0024845278
  -58.9987, -0.0008474236, 0.0024845278
  -58.9987, -0.000902829, 0.0024845278
  -58.9987, -0.0007796616, 0.0024845278
  -58.9987, -0.000729438, 0.0024845278
  -58.9987, -0.0006748298, 0.0024845278
  -58.9987, -0.0008286894, 0.0024845278
  -58.9987, -0.0006094594, 0.0024845278
  -58.9987, -0.0007960042, 0.0024845278
  -58.9987, -0.0007306338, 0.0024845278
  -58.9987, -0.000633774, 0.0024845278
  -58.9987, -0.000667655, 0.0024845278
  -58.9987, -0.0006533054, 0.0024845278
  -58.9987, -0.000795207, 0.0024845278
  -58.9987, -0.0006489208, 0.0024845278
  -58.9987, -0.000839053, 0.0024845278
  -58.9987, -0.0005975014, 0.0024845278
  -58.9987, -0.000769298, 0.0024845278
  -58.9987, -0.0008219132, 0.0024845278
  -58.992245, -0.0007888294, 0.0024832925
  -58.992245, -0.0006752284, 0.0024832925
  -58.992245, -0.000721466, 0.0024832925
  -58.992245, -0.0006405502, 0.0024832925
  -58.992245, -0.0007142912, 0.0024832925
  -58.992245, -0.0007039276, 0.0024832925
  -58.992245, -0.0007461792, 0.0024832925
  -58.992245, -0.000773284, 0.0024832925
  -58.992245, -0.0007517596, 0.0024832925
  -58.992245, -0.000713494, 0.0024832925
  -58.992245, -0.0008653606, 0.0024832925
  -58.992245, -0.0007158856, 0.0024832925
  -58.992245, -0.000693564, 0.0024832925
  -58.992245, -0.0008286894, 0.0024832925
  -58.992245, -0.0005855434, 0.0024832925
  -58.992245, -0.0007820532, 0.0024832925
  -58.992245, -0.0009355142, 0.0024832925
  -58.992245, -0.0007824518, 0.0024832925
  -58.992245, -0.0006612774, 0.0024832925
  -58.992245, -0.000639753, 0.0024832925
  -58.992245, -0.0008422418, 0.0024832925
  -58.992245, -0.0007429904, 0.0024832925
  -58.992245, -0.000942689, 0.0024832925
  -58.98579, -0.0007800602, 0.0024820571
  -58.98579, -0.0008354656, 0.0024820571
  -58.98579, -0.0007896266, 0.0024820571
  -58.98579, -0.0007537526, 0.0024820571
  -58.98579, -0.0006293894, 0.0024820571
  -58.98579, -0.0008398502, 0.0024820571
  -58.98579, -0.0006349698, 0.0024820571
  -58.98579, -0.0006863892, 0.0024820571
  -58.98579, -0.0007728854, 0.0024820571
  -58.98579, -0.0007378086, 0.0024820571
  -58.98579, -0.000524159, 0.0024820571
  -58.98579, -0.0006333754, 0.0024820571
  -58.98579, -0.0007023332, 0.0024820571
  -58.98579, -0.0006784172, 0.0024820571
  -58.98579, -0.0006525082, 0.0024820571
  -58.98579, -0.000673634, 0.0024820571
  -58.98579, -0.0004835018, 0.0024820571
  -58.98579, -0.0008346684, 0.0024820571
  -58.979335, -0.0007669064, 0.0024808218
  -58.979335, -0.0005911238, 0.0024808218
  -58.979335, -0.0008183258, 0.0024808218
  -58.979335, -0.0008227104, 0.0024808218
  -58.979335, -0.0007310324, 0.0024808218
  -58.979335, -0.000781256, 0.0024808218
  -58.979335, -0.000691571, 0.0024808218
  -58.979335, -0.0007557456, 0.0024808218
  -58.979335, -0.0005090122, 0.0024808218
  -58.979335, -0.0007908224, 0.0024808218
  -58.979335, -0.0008326754, 0.0024808218
  -58.979335, -0.00085699, 0.0024808218
  -58.979335, -0.000771291, 0.0024808218
  -58.979335, -0.000707515, 0.0024808218
  -58.979335, -0.000621816, 0.0024808218
  -58.979335, -0.0005811588, 0.0024808218
  -58.97288, -0.000910801, 0.0024795865
  -58.97288, -0.0006010888, 0.0024795865
  -58.97288, -0.0005727882, 0.0024795865
  -58.97288, -0.0007501652, 0.0024795865
  -58.97288, -0.0006094594, 0.0024795865
  -58.97288, -0.000763319, 0.0024795865
  -58.97288, -0.0008266964, 0.0024795865
  -58.966425, -0.0006006902, 0.0024783511
  -58.966425, -0.0007649134, 0.0024783511
  -58.966425, -0.0008621718, 0.0024783511
  -58.966425, -0.000725452, 0.0024783511
  -58.966425, -0.0007039276, 0.0024783511
  -58.966425, -0.0006533054, 0.0024783511
  -58.966425, -0.0007637176, 0.0024783511
  -58.966425, -0.0006010888, 0.0024783511
  -58.966425, -0.0007071164, 0.0024783511
  -58.966425, -0.0007641162, 0.0024783511
  -58.966425, -0.0007063192, 0.0024783511
  -58.966425, -0.000739403, 0.0024783511
  -58.966425, -0.0007625218, 0.0024783511
  -58.966425, -0.0006843962, 0.0024783511
  -58.966425, -0.0006265992, 0.0024783511
  -58.95997, -0.000821116, 0.0024771158
  -58.95997, -0.000803179, 0.0024771158
  -58.95997, -0.0008043748, 0.0024771158
  -58.95997, -0.0006967528, 0.0024771158
  -58.95997, -0.000924752, 0.0024771158
  -58.95997, -0.0006660606, 0.0024771158
  -58.95997, -0.0007310324, 0.0024771158
  -58.95997, -0.0007238576, 0.0024771158
  -58.95997, -0.000753354, 0.0024771158
  -58.953515, -0.0008139412, 0.0024758805
  -58.953515, -0.001032374, 0.0024758805
  -58.953515, -0.0006808088, 0.0024758805
  -58.953515, -0.0007246548, 0.0024758805
  -58.953515, -0.0008235076, 0.0024758805
  -58.953515, -0.0007824518, 0.0024758805
  -58.953515, -0.000823109, 0.0024758805
  -58.953515, -0.000894857, 0.0024758805
  -58.953515, -0.0007222632, 0.0024758805
  -58.953515, -0.000771291, 0.0024758805
  -58.953515, -0.0008506124, 0.0024758805
  -58.953515, -0.0006381586, 0.0024758805
  -58.94706, -0.0008565914, 0.0024746451
  -58.94706, -0.0007390044, 0.0024746451
  -58.94706, -0.0007402002, 0.0024746451
  -58.94706, -0.0007465778, 0.0024746451
  -58.940605, -0.0005743826, 0.0024734098
  -58.940605, -0.0007888294, 0.0024734098
  -58.940605, -0.0007948084, 0.0024734098
  -58.93415, -0.0008836962, 0.0024721745
  -58.93415, -0.0006564942, 0.0024721745
  -58.93415, -0.0006959556, 0.0024721745
  -58.93415, -0.00063776, 0.0024721745
  -58.927695, -0.0008785144, 0.0024709391
  -58.92124, -0.0007378086, 0.0024697038
  -58.92124, -0.000735417, 0.0024697038
  -58.92124, -0.0005827532, 0.0024697038
  -58.90833, -0.0008322768, 0.0024672331
  -58.90833, -0.0006548998, 0.0024672331
  -58.901875, -0.0008438362, 0.0024659978
  -58.901875, -0.0006784172, 0.0024659978
  -58.901875, -0.000671641, 0.0024659978
  -58.888965, -0.0007940112, 0.0024635271
  -58.888965, -0.0007848434, 0.0024635271
  -58.876055, -0.0008223118, 0.0024610565
  -58.8696, -0.0007166828, 0.0024598212
  -58.8696, -0.0008625704, 0.0024598212
  -58.85669, -0.0008378572, 0.0024573505
  -58.850235, -0.000753354, 0.0024561152
  -58.84378, -0.000711501, 0.0024548798
  -58.83087, -0.0006772214, 0.0024524092
  -58.80505, -0.0007589344, 0.0024474678
  -58.798595, -0.0007142912, 0.0024462325
  -58.77923, -0.0006445362, 0.0024425265
  -58.76632, -0.0006728368, 0.0024400558
  -58.746955, -0.0005277464, 0.0024363498
  -58.734045, -0.0005353198, 0.0024338792
  -58.734045, -0.0006871864, 0.0024338792
  -58.734045, -0.0005994944, 0.0024338792
  -58.682405, -0.000601886, 0.0024239965
  -58.67595, -0.0007378086, 0.0024227612
  -58.66304, -0.00075734, 0.0024202905
  -58.643675, -0.0008306824, 0.0024165845
  -58.62431, -0.0007720882, 0.0024128785
  -58.6114, -0.0006082636, 0.0024104078
  -58.592035, -0.0005436904, 0.0024067018
  -58.579125, -0.0006525082, 0.0024042312
  -58.55976, -0.0007027318, 0.0024005252
  -58.53394, -0.0007541512, 0.0023955838
  -58.527485, -0.0006533054, 0.0023943485
  -58.514575, -0.000627795, 0.0023918778
  -58.475845, -0.0006552984, 0.0023844658
  -58.46939, -0.0006529068, 0.0023832305
  -58.424205, -0.0007366128, 0.0023745832
  -58.40484, -0.000715487, 0.0023708772
  -58.37902, -0.0007170814, 0.0023659358
  -58.3532, -0.0008721368, 0.0023609945
  -58.333835, -0.0009343184, 0.0023572885
  -58.32738, -0.0006564942, 0.0023560532
  -58.282195, -0.00061783, 0.0023474058
  -58.269285, -0.0006987458, 0.0023449352
  -58.26283, -0.0007983958, 0.0023436999
  -58.21119, -0.0006931654, 0.0023338172
  -58.21119, -0.0007728854, 0.0023338172
  -58.17246, -0.0007521582, 0.0023264052
  -58.153095, -0.000841046, 0.0023226992
  -58.101455, -0.0007366128, 0.0023128165
  -58.095, -0.0007386058, 0.0023115812
  -58.062725, -0.0005428932, 0.0023054045
  -58.01754, -0.0006285922, 0.0022967572
  -58.011085, -0.0007964028, 0.0022955219
  -57.998175, -0.0007696966, 0.0022930512
  -57.92717, -0.0007896266, 0.0022794625
  -57.92717, -0.0006947598, 0.0022794625
  -57.88844, -0.0008362628, 0.0022720505
  -57.87553, -0.0008414446, 0.0022695799
  -57.843255, -0.0007386058, 0.0022634032
  -57.791615, -0.0007398016, 0.0022535205
  -57.78516, -0.0008235076, 0.0022522852
  -57.739975, -0.0007378086, 0.0022436379
  -57.714155, -0.0007206688, 0.0022386965
  -57.69479, -0.0008657592, 0.0022349905
  -57.662515, -0.0007920182, 0.0022288139
  -57.623785, -0.0008892766, 0.0022214019
  -57.61733, -0.000783249, 0.0022201666
  -57.585055, -0.0007409974, 0.0022139899
  -57.55278, -0.0006393544, 0.0022078132
  -57.520505, -0.0009363114, 0.0022016366
  -57.494685, -0.0006979486, 0.0021966952
  -57.494685, -0.0007983958, 0.0021966952
  -57.47532, -0.0007023332, 0.0021929892
  -57.43659, -0.0006740326, 0.0021855772
  -57.417225, -0.0007768714, 0.0021818712
  -57.404315, -0.0007007388, 0.0021794006
  -57.391405, -0.0007350184, 0.0021769299
  -57.38495, -0.0007605288, 0.0021756946
  -57.352675, -0.0007107038, 0.0021695179
  -57.30749, -0.0007142912, 0.0021608706
  -57.29458, -0.0007218646, 0.0021583999
  -57.29458, -0.000554054, 0.0021583999
  -57.28167, -0.0006720396, 0.0021559292
  -57.275215, -0.0005508652, 0.0021546939
  -57.275215, -0.0006552984, 0.0021546939
  -57.26876, -0.0006959556, 0.0021534586
  -57.249395, -0.0008095566, 0.0021497526
  -57.24294, -0.0007186758, 0.0021485172
  -57.236485, -0.00063776, 0.0021472819
  -57.236485, -0.0008286894, 0.0021472819
  -57.20421, -0.0007306338, 0.0021411052
  -57.20421, -0.0007079136, 0.0021411052
  -57.197755, -0.0007043262, 0.0021398699
  -57.197755, -0.0008514096, 0.0021398699
  -57.197755, -0.0007569414, 0.0021398699
  -57.197755, -0.0009131926, 0.0021398699
  -57.1913, -0.000779263, 0.0021386346
  -57.1913, -0.0006760256, 0.0021386346
  -57.184845, -0.0005604316, 0.0021373992
  -57.184845, -0.0007210674, 0.0021373992
  -57.184845, -0.0007370114, 0.0021373992
  -57.184845, -0.0005412988, 0.0021373992
  -57.184845, -0.000569998, 0.0021373992
  -57.184845, -0.0007497666, 0.0021373992
  -57.17839, -0.000562026, 0.0021361639
  -57.17839, -0.0006584872, 0.0021361639
  -57.17839, -0.0007063192, 0.0021361639
  -57.17839, -0.0006580886, 0.0021361639
  -57.17839, -0.0008123468, 0.0021361639
  -57.171935, -0.000653704, 0.0021349286
  -57.171935, -0.00067762, 0.0021349286
  -57.171935, -0.0005994944, 0.0021349286
  -57.171935, -0.0007003402, 0.0021349286
  -57.171935, -0.0007366128, 0.0021349286
  -57.171935, -0.000671641, 0.0021349286
  -57.171935, -0.0007780672, 0.0021349286
  -57.16548, -0.0005887322, 0.0021336932
  -57.16548, -0.0007836476, 0.0021336932
  -57.16548, -0.000902829, 0.0021336932
  -57.16548, -0.0005994944, 0.0021336932
  -57.16548, -0.000709508, 0.0021336932
  -57.16548, -0.0008418432, 0.0021336932
  -57.16548, -0.000805172, 0.0021336932
  -57.16548, -0.0005596344, 0.0021336932
  -57.16548, -0.00085699, 0.0021336932
  -57.16548, -0.000629788, 0.0021336932
  -57.16548, -0.000845032, 0.0021336932
  -57.16548, -0.00069755, 0.0021336932
  -57.16548, -0.000705522, 0.0021336932
  -57.159025, -0.0005496694, 0.0021324579
  -57.159025, -0.0007262492, 0.0021324579
  -57.159025, -0.000627795, 0.0021324579
  -57.159025, -0.0006533054, 0.0021324579
  -57.159025, -0.0005763756, 0.0021324579
  -57.159025, -0.000755347, 0.0021324579
  -57.159025, -0.000805172, 0.0021324579
  -57.159025, -0.0007405988, 0.0021324579
  -57.159025, -0.000755347, 0.0021324579
  -57.159025, -0.0006568928, 0.0021324579
  -57.159025, -0.000707515, 0.0021324579
  -57.159025, -0.0006644662, 0.0021324579
  -57.159025, -0.0006752284, 0.0021324579
  -57.159025, -0.0005867392, 0.0021324579
  -57.159025, -0.0006262006, 0.0021324579
  -57.159025, -0.0008047734, 0.0021324579
  -57.159025, -0.0006449348, 0.0021324579
  -57.159025, -0.0004787186, 0.0021324579
  -57.159025, -0.0007920182, 0.0021324579
  -57.15257, -0.00071748, 0.0021312226
  -57.15257, -0.0006951584, 0.0021312226
  -57.15257, -0.0006800116, 0.0021312226
  -57.15257, -0.0008123468, 0.0021312226
  -57.15257, -0.000767305, 0.0021312226
  -57.15257, -0.0005863406, 0.0021312226
  -57.15257, -0.0007091094, 0.0021312226
  -57.15257, -0.000593914, 0.0021312226
  -57.15257, -0.0006828018, 0.0021312226
  -57.15257, -0.000673634, 0.0021312226
  -57.15257, -0.0006748298, 0.0021312226
  -57.15257, -0.0008446334, 0.0021312226
  -57.146115, -0.0006931654, 0.0021299872
  -57.146115, -0.0006501166, 0.0021299872
  -57.146115, -0.0008183258, 0.0021299872
  -57.146115, -0.0006026832, 0.0021299872
  -57.146115, -0.000699543, 0.0021299872
  -57.146115, -0.000560033, 0.0021299872
  -57.146115, -0.0009072136, 0.0021299872
  -57.146115, -0.0006847948, 0.0021299872
  -57.13966, -0.0005994944, 0.0021287519
  -57.13966, -0.0007087108, 0.0021287519
  -57.13966, -0.0008294866, 0.0021287519
  -57.13966, -0.0007724868, 0.0021287519
  -57.13966, -0.0007242562, 0.0021287519
  -57.13966, -0.0007437876, 0.0021287519
  -57.13966, -0.0006082636, 0.0021287519
  -57.13966, -0.0007441862, 0.0021287519
  -57.13966, -0.0005612288, 0.0021287519
  -57.133205, -0.0006262006, 0.0021275166
  -57.133205, -0.0007158856, 0.0021275166
  -57.133205, -0.000641746, 0.0021275166
  -57.133205, -0.0007358156, 0.0021275166
  -57.133205, -0.000629788, 0.0021275166
  -57.133205, -0.0006947598, 0.0021275166
  -57.133205, -0.0006804102, 0.0021275166
  -57.133205, -0.0007565428, 0.0021275166
  -57.133205, -0.000691571, 0.0021275166
  -57.133205, -0.0006959556, 0.0021275166
  -57.133205, -0.0008705424, 0.0021275166
  -57.133205, -0.0006991444, 0.0021275166
  -57.133205, -0.0006469278, 0.0021275166
  -57.133205, -0.000619823, 0.0021275166
  -57.133205, -0.0006194244, 0.0021275166
  -57.133205, -0.0007071164, 0.0021275166
  -57.133205, -0.0007266478, 0.0021275166
  -57.133205, -0.0005532568, 0.0021275166
  -57.133205, -0.0006919696, 0.0021275166
  -57.133205, -0.0005835504, 0.0021275166
  -57.133205, -0.0007071164, 0.0021275166
  -57.133205, -0.0004918724, 0.0021275166
  -57.133205, -0.0008227104, 0.0021275166
  -57.12675, -0.000659683, 0.0021262812
  -57.12675, -0.000581956, 0.0021262812
  -57.12675, -0.0006541026, 0.0021262812
  -57.12675, -0.0007190744, 0.0021262812
  -57.12675, -0.0006445362, 0.0021262812
  -57.12675, -0.0007047248, 0.0021262812
  -57.12675, -0.0008757242, 0.0021262812
  -57.12675, -0.000819123, 0.0021262812
  -57.12675, -0.0008274936, 0.0021262812
  -57.12675, -0.0007541512, 0.0021262812
  -57.12675, -0.0005333268, 0.0021262812
  -57.12675, -0.000647725, 0.0021262812
  -57.12675, -0.0007306338, 0.0021262812
  -57.12675, -0.000643739, 0.0021262812
  -57.12675, -0.0007744798, 0.0021262812
  -57.12675, -0.0006648648, 0.0021262812
  -57.12675, -0.000540103, 0.0021262812
  -57.12675, -0.000767305, 0.0021262812
  -57.12675, -0.000860976, 0.0021262812
  -57.12675, -0.000864962, 0.0021262812
  -57.12675, -0.000735417, 0.0021262812
  -57.12675, -0.0006353684, 0.0021262812
  -57.12675, -0.000633774, 0.0021262812
  -57.120295, -0.0007362142, 0.0021250459
  -57.120295, -0.0008661578, 0.0021250459
  -57.120295, -0.0007549484, 0.0021250459
  -57.120295, -0.0006385572, 0.0021250459
  -57.120295, -0.0006501166, 0.0021250459
  -57.120295, -0.0006967528, 0.0021250459
  -57.120295, -0.0007888294, 0.0021250459
  -57.120295, -0.000631781, 0.0021250459
  -57.120295, -0.0006600816, 0.0021250459
  -57.120295, -0.0007860392, 0.0021250459
  -57.120295, -0.00083706, 0.0021250459
  -57.120295, -0.0007461792, 0.0021250459
  -57.120295, -0.0007545498, 0.0021250459
  -57.120295, -0.000687585, 0.0021250459
  -57.120295, -0.0006094594, 0.0021250459
  -57.120295, -0.0006449348, 0.0021250459
  -57.120295, -0.0007238576, 0.0021250459
  -57.120295, -0.0007788644, 0.0021250459
  -57.120295, -0.000775277, 0.0021250459
  -57.120295, -0.0006413474, 0.0021250459
  -57.120295, -0.0007760742, 0.0021250459
  -57.120295, -0.0007421932, 0.0021250459
  -57.11384, -0.0007071164, 0.0021238106
  -57.11384, -0.0006262006, 0.0021238106
  -57.11384, -0.000713494, 0.0021238106
  -57.11384, -0.000779263, 0.0021238106
  -57.11384, -0.0005751798, 0.0021238106
  -57.11384, -0.0006700466, 0.0021238106
  -57.11384, -0.0007449834, 0.0021238106
  -57.11384, -0.0007876336, 0.0021238106
  -57.11384, -0.0008884794, 0.0021238106
  -57.11384, -0.0006345712, 0.0021238106
  -57.11384, -0.0007577386, 0.0021238106
  -57.11384, -0.000787235, 0.0021238106
  -57.11384, -0.00041853, 0.0021238106
  -57.11384, -0.000779263, 0.0021238106
  -57.11384, -0.0007350184, 0.0021238106
  -57.11384, -0.0006772214, 0.0021238106
  -57.107385, -0.0007936126, 0.0021225752
  -57.107385, -0.0007138926, 0.0021225752
  -57.107385, -0.0005994944, 0.0021225752
  -57.107385, -0.0009080108, 0.0021225752
  -57.107385, -0.0005365156, 0.0021225752
  -57.107385, -0.0007079136, 0.0021225752
  -57.107385, -0.0006146412, 0.0021225752
  -57.107385, -0.0006911724, 0.0021225752
  -57.107385, -0.0008577872, 0.0021225752
  -57.107385, -0.000761326, 0.0021225752
  -57.107385, -0.0006210188, 0.0021225752
  -57.107385, -0.000874927, 0.0021225752
  -57.107385, -0.0007202702, 0.0021225752
  -57.107385, -0.0006285922, 0.0021225752
  -57.107385, -0.0008023818, 0.0021225752
  -57.107385, -0.0008864864, 0.0021225752
  -57.10093, -0.0007441862, 0.0021213399
  -57.10093, -0.0008306824, 0.0021213399
  -57.10093, -0.00075734, 0.0021213399
  -57.10093, -0.000727445, 0.0021213399
  -57.10093, -0.0007019346, 0.0021213399
  -57.10093, -0.0006568928, 0.0021213399
  -57.10093, -0.0008282908, 0.0021213399
  -57.10093, -0.000691571, 0.0021213399
  -57.10093, -0.000765312, 0.0021213399
  -57.10093, -0.00049825, 0.0021213399
  -57.10093, -0.0007011374, 0.0021213399
  -57.10093, -0.0008159342, 0.0021213399
  -57.10093, -0.000629788, 0.0021213399
  -57.10093, -0.0004193272, 0.0021213399
  -57.094475, -0.0006433404, 0.0021201046
  -57.094475, -0.000783249, 0.0021201046
  -57.094475, -0.00065769, 0.0021201046
  -57.094475, -0.000635767, 0.0021201046
  -57.094475, -0.0007146898, 0.0021201046
  -57.08802, -0.0008613746, 0.0021188692
  -57.08802, -0.0007007388, 0.0021188692
  -57.08802, -0.0006389558, 0.0021188692
  -57.08802, -0.0007402002, 0.0021188692
  -57.08802, -0.000673634, 0.0021188692
  -57.081565, -0.0006552984, 0.0021176339
  -57.081565, -0.000587935, 0.0021176339
  -57.081565, -0.0008247034, 0.0021176339
  -57.081565, -0.0007964028, 0.0021176339
  -57.081565, -0.0006728368, 0.0021176339
  -57.07511, -0.0007884308, 0.0021163986
  -57.07511, -0.0006269978, 0.0021163986
  -57.07511, -0.0006680536, 0.0021163986
  -57.068655, -0.0007282422, 0.0021151632
  -57.068655, -0.0006871864, 0.0021151632
  -57.055745, -0.000585942, 0.0021126926
  -57.04929, -0.0007326268, 0.0021114572
  -57.04929, -0.0007370114, 0.0021114572
  -57.04929, -0.0007561442, 0.0021114572
  -57.03638, -0.0007067178, 0.0021089866
  -57.029925, -0.000719473, 0.0021077513
  -57.017015, -0.0006381586, 0.0021052806
  -57.017015, -0.0006879836, 0.0021052806
  -57.01056, -0.0006552984, 0.0021040453
  -57.004105, -0.0007210674, 0.0021028099
  -56.98474, -0.0007960042, 0.0020991039
  -56.98474, -0.0005971028, 0.0020991039
  -56.95892, -0.00065769, 0.0020941626
  -56.94601, -0.0007681022, 0.0020916919
  -56.94601, -0.0006808088, 0.0020916919
  -56.94601, -0.0007238576, 0.0020916919
  -56.939555, -0.000783249, 0.0020904566
  -56.913735, -0.000847025, 0.0020855153
  -56.913735, -0.0007138926, 0.0020855153
  -56.89437, -0.0007099066, 0.0020818093
  -56.887915, -0.0007964028, 0.0020805739
  -56.875005, -0.0007409974, 0.0020781033
  -56.875005, -0.0007920182, 0.0020781033
  -56.823365, -0.0006421446, 0.0020682206
  -56.804, -0.000653704, 0.0020645146
  -56.804, -0.0007983958, 0.0020645146
  -56.77818, -0.0007322282, 0.0020595733
  -56.758815, -0.000845032, 0.0020558673
  -56.75236, -0.0007517596, 0.0020546319
  -56.73945, -0.0006529068, 0.0020521613
  -56.707175, -0.0005632218, 0.0020459846
  -56.70072, -0.0006062706, 0.0020447493
  -56.70072, -0.000671641, 0.0020447493
  -56.66199, -0.0005831518, 0.0020373373
  -56.64908, -0.0006668578, 0.0020348666
  -56.642625, -0.0006612774, 0.0020336313
  -56.603895, -0.000691571, 0.0020262193
  -56.590985, -0.0007445848, 0.0020237486
  -56.578075, -0.0007983958, 0.0020212779
  -56.565165, -0.0007130954, 0.0020188073
  -56.513525, -0.0005572428, 0.0020089246
  -56.500615, -0.000703529, 0.0020064539
  -56.487705, -0.0007928154, 0.0020039833
  -56.44252, -0.0007577386, 0.0019953359
  -56.4167, -0.000645732, 0.0019903946
  -56.410245, -0.0008793116, 0.0019891593
  -56.371515, -0.000675627, 0.0019817473
  -56.345695, -0.0004536068, 0.001976806
  -56.332785, -0.0006521096, 0.0019743353
  -56.319875, -0.0007298366, 0.0019718646
  -56.281145, -0.0007111024, 0.0019644526
  -56.24887, -0.000864962, 0.001958276
  -56.22305, -0.000787235, 0.0019533346
  -56.22305, -0.0007111024, 0.0019533346
  -56.1585, -0.0007669064, 0.0019409813
  -56.152045, -0.0006660606, 0.001939746
  -56.113315, -0.000667655, 0.001932334
  -56.087495, -0.0007649134, 0.0019273926
  -56.08104, -0.0007210674, 0.0019261573
  -56.048765, -0.0007625218, 0.0019199806
  -55.997125, -0.0006720396, 0.001910098
  -55.971305, -0.0004579914, 0.0019051566
  -55.96485, -0.0007242562, 0.0019039213
  -55.92612, -0.000476327, 0.0018965093
  -55.906755, -0.0005436904, 0.0018928033
  -55.88739, -0.0006584872, 0.0018890973
  -55.87448, -0.0005967042, 0.0018866266
  -55.84866, -0.000751361, 0.0018816853
  -55.829295, -0.0007202702, 0.0018779793
  -55.803475, -0.0006373614, 0.001873038
  -55.74538, -0.0008107524, 0.00186192
  -55.74538, -0.0006592844, 0.00186192
  -55.70665, -0.0007848434, 0.001854508
  -55.70665, -0.0005377114, 0.001854508
  -55.69374, -0.0004631732, 0.0018520373
  -55.661465, -0.0005875364, 0.0018458607
  -55.6421, -0.0006943612, 0.0018421547
  -55.61628, -0.000825102, 0.0018372133
  -55.609825, -0.0006309838, 0.001835978
  -55.59046, -0.000831081, 0.001832272
  -55.59046, -0.0004978514, 0.001832272
  -55.56464, -0.0006529068, 0.0018273307
  -55.545275, -0.0006130468, 0.0018236247
  -55.532365, -0.0006409488, 0.001821154
  -55.52591, -0.0007649134, 0.0018199187
  -55.47427, -0.0007099066, 0.001810036
  -55.46136, -0.000693564, 0.0018075653
  -55.46136, -0.0007242562, 0.0018075653
  -55.454905, -0.0006329768, 0.00180633
  -55.43554, -0.0006748298, 0.001802624
  -55.429085, -0.0007964028, 0.0018013887
  -55.42263, -0.0005775714, 0.0018001533
  -55.40972, -0.0007708924, 0.0017976827
  -55.403265, -0.0006608788, 0.0017964473
  -55.39681, -0.0007306338, 0.001795212
  -55.39681, -0.000675627, 0.001795212
  -55.377445, -0.0007748784, 0.001791506
  -55.377445, -0.0007302352, 0.001791506
  -55.377445, -0.0006182286, 0.001791506
  -55.37099, -0.0009024304, 0.0017902707
  -55.364535, -0.0007138926, 0.0017890353
  -55.364535, -0.0005903266, 0.0017890353
  -55.35808, -0.0006784172, 0.0017878
  -55.35808, -0.0006592844, 0.0017878
  -55.35808, -0.0006991444, 0.0017878
  -55.35808, -0.000713494, 0.0017878
  -55.351625, -0.0007465778, 0.0017865647
  -55.351625, -0.0006485222, 0.0017865647
  -55.351625, -0.0007908224, 0.0017865647
  -55.351625, -0.000765312, 0.0017865647
  -55.34517, -0.0005903266, 0.0017853293
  -55.34517, -0.0006879836, 0.0017853293
  -55.34517, -0.0008099552, 0.0017853293
  -55.34517, -0.0006082636, 0.0017853293
  -55.34517, -0.0005935154, 0.0017853293
  -55.34517, -0.0006421446, 0.0017853293
  -55.34517, -0.0006070678, 0.0017853293
  -55.34517, -0.0007665078, 0.0017853293
  -55.34517, -0.0007429904, 0.0017853293
  -55.34517, -0.0007589344, 0.0017853293
  -55.34517, -0.0007246548, 0.0017853293
  -55.34517, -0.0007621232, 0.0017853293
  -55.34517, -0.0004671592, 0.0017853293
  -55.34517, -0.0007529554, 0.0017853293
  -55.34517, -0.0006533054, 0.0017853293
  -55.34517, -0.0005982986, 0.0017853293
  -55.34517, -0.0007764728, 0.0017853293
  -55.338715, -0.0006329768, 0.001784094
  -55.338715, -0.0006130468, 0.001784094
  -55.338715, -0.000793214, 0.001784094
  -55.338715, -0.0005676064, 0.001784094
  -55.338715, -0.0006421446, 0.001784094
  -55.338715, -0.0006911724, 0.001784094
  -55.338715, -0.0005979, 0.001784094
  -55.33226, -0.000564019, 0.0017828587
  -55.33226, -0.000685592, 0.0017828587
  -55.33226, -0.0005971028, 0.0017828587
  -55.33226, -0.0007087108, 0.0017828587
  -55.33226, -0.0006907738, 0.0017828587
  -55.33226, -0.0005951098, 0.0017828587
  -55.33226, -0.0007417946, 0.0017828587
  -55.325805, -0.0005676064, 0.0017816233
  -55.325805, -0.0005289422, 0.0017816233
  -55.325805, -0.000641746, 0.0017816233
  -55.325805, -0.000603879, 0.0017816233
  -55.325805, -0.00055804, 0.0017816233
  -55.325805, -0.000709508, 0.0017816233
  -55.325805, -0.0005887322, 0.0017816233
  -55.325805, -0.0006879836, 0.0017816233
  -55.325805, -0.0006122496, 0.0017816233
  -55.325805, -0.0007708924, 0.0017816233
  -55.325805, -0.0007230604, 0.0017816233
  -55.325805, -0.0005827532, 0.0017816233
  -55.325805, -0.0006405502, 0.0017816233
  -55.325805, -0.0006385572, 0.0017816233
  -55.325805, -0.000815137, 0.0017816233
  -55.325805, -0.000693564, 0.0017816233
  -55.31935, -0.000675627, 0.001780388
  -55.31935, -0.000556047, 0.001780388
  -55.31935, -0.0006289908, 0.001780388
  -55.31935, -0.0006680536, 0.001780388
  -55.31935, -0.000619823, 0.001780388
  -55.31935, -0.0006545012, 0.001780388
  -55.31935, -0.000452411, 0.001780388
  -55.31935, -0.0008139412, 0.001780388
  -55.31935, -0.0007756756, 0.001780388
  -55.31935, -0.0007378086, 0.001780388
  -55.31935, -0.0007940112, 0.001780388
  -55.31935, -0.0007561442, 0.001780388
  -55.31935, -0.0006752284, 0.001780388
  -55.312895, -0.0007398016, 0.0017791527
  -55.312895, -0.0006971514, 0.0017791527
  -55.312895, -0.0007457806, 0.0017791527
  -55.312895, -0.0007457806, 0.0017791527
  -55.312895, -0.000715487, 0.0017791527
  -55.312895, -0.000550068, 0.0017791527
  -55.312895, -0.0006588858, 0.0017791527
  -55.30644, -0.000735417, 0.0017779173
  -55.30644, -0.0005552498, 0.0017779173
  -55.30644, -0.0005604316, 0.0017779173
  -55.30644, -0.000671641, 0.0017779173
  -55.30644, -0.0006002916, 0.0017779173
  -55.30644, -0.0006991444, 0.0017779173
  -55.299985, -0.0007338226, 0.001776682
  -55.299985, -0.000609858, 0.001776682
  -55.299985, -0.0006991444, 0.001776682
  -55.299985, -0.0007190744, 0.001776682
  -55.299985, -0.0007398016, 0.001776682
  -55.299985, -0.000627795, 0.001776682
  -55.299985, -0.0006600816, 0.001776682
  -55.299985, -0.0007122982, 0.001776682
  -55.299985, -0.0006983472, 0.001776682
  -55.299985, -0.0008083608, 0.001776682
  -55.29353, -0.0006489208, 0.0017754467
  -55.29353, -0.0006560956, 0.0017754467
  -55.29353, -0.0006967528, 0.0017754467
  -55.29353, -0.0006521096, 0.0017754467
  -55.29353, -0.0007150884, 0.0017754467
  -55.29353, -0.000599893, 0.0017754467
  -55.287075, -0.0006564942, 0.0017742113
  -55.287075, -0.0004954598, 0.0017742113
  -55.287075, -0.000765312, 0.0017742113
  -55.287075, -0.0006824032, 0.0017742113
  -55.287075, -0.000673634, 0.0017742113
  -55.287075, -0.0007597316, 0.0017742113
  -55.287075, -0.0006624732, 0.0017742113
  -55.287075, -0.0007170814, 0.0017742113
  -55.287075, -0.0005516624, 0.0017742113
  -55.28062, -0.0007429904, 0.001772976
  -55.28062, -0.0008227104, 0.001772976
  -55.28062, -0.0006541026, 0.001772976
  -55.28062, -0.0007485708, 0.001772976
  -55.28062, -0.0006903752, 0.001772976
  -55.28062, -0.000785242, 0.001772976
  -55.28062, -0.0006764242, 0.001772976
  -55.28062, -0.0008964514, 0.001772976
  -55.28062, -0.0007190744, 0.001772976
  -55.28062, -0.0006752284, 0.001772976
  -55.274165, -0.000619823, 0.0017717407
  -55.274165, -0.0006724382, 0.0017717407
  -55.274165, -0.0005931168, 0.0017717407
  -55.274165, -0.0005967042, 0.0017717407
  -55.274165, -0.0007661092, 0.0017717407
  -55.274165, -0.0006688508, 0.0017717407
  -55.274165, -0.00061783, 0.0017717407
  -55.274165, -0.0007007388, 0.0017717407
  -55.26771, -0.0006684522, 0.0017705053
  -55.26771, -0.0005795644, 0.0017705053
  -55.26771, -0.0007031304, 0.0017705053
  -55.26771, -0.0006692494, 0.0017705053
  -55.26771, -0.0005353198, 0.0017705053
  -55.26771, -0.0007940112, 0.0017705053
  -55.26771, -0.0005775714, 0.0017705053
  -55.26771, -0.0006839976, 0.0017705053
  -55.26771, -0.0005751798, 0.0017705053
  -55.26771, -0.0006907738, 0.0017705053
  -55.26771, -0.0007661092, 0.0017705053
  -55.261255, -0.000743389, 0.00176927
  -55.261255, -0.0007983958, 0.00176927
  -55.261255, -0.0004890822, 0.00176927
  -55.261255, -0.0006828018, 0.00176927
  -55.261255, -0.0007521582, 0.00176927
  -55.261255, -0.0006744312, 0.00176927
  -55.261255, -0.000858983, 0.00176927
  -55.261255, -0.0006369628, 0.00176927
  -55.261255, -0.000681606, 0.00176927
  -55.261255, -0.0007972, 0.00176927
  -55.261255, -0.0005564456, 0.00176927
  -55.261255, -0.00061783, 0.00176927
  -55.261255, -0.0007848434, 0.00176927
  -55.261255, -0.000753354, 0.00176927
  -55.261255, -0.0006074664, 0.00176927
  -55.261255, -0.0005967042, 0.00176927
  -55.261255, -0.0005986972, 0.00176927
  -55.2548, -0.0007306338, 0.0017680347
  -55.2548, -0.0007720882, 0.0017680347
  -55.2548, -0.0008765214, 0.0017680347
  -55.2548, -0.0008035776, 0.0017680347
  -55.2548, -0.0005963056, 0.0017680347
  -55.2548, -0.0005428932, 0.0017680347
  -55.2548, -0.0006230118, 0.0017680347
  -55.2548, -0.00069755, 0.0017680347
  -55.2548, -0.0007338226, 0.0017680347
  -55.2548, -0.000771291, 0.0017680347
  -55.2548, -0.0006122496, 0.0017680347
  -55.2548, -0.0005632218, 0.0017680347
  -55.2548, -0.0006529068, 0.0017680347
  -55.2548, -0.0006321796, 0.0017680347
  -55.2548, -0.0005676064, 0.0017680347
  -55.248345, -0.0005815574, 0.0017667993
  -55.248345, -0.000522166, 0.0017667993
  -55.248345, -0.0007051234, 0.0017667993
  -55.248345, -0.0008043748, 0.0017667993
  -55.248345, -0.0006034804, 0.0017667993
  -55.248345, -0.0006313824, 0.0017667993
  -55.248345, -0.0007202702, 0.0017667993
  -55.24189, -0.000510208, 0.001765564
  -55.24189, -0.0007724868, 0.001765564
  -55.24189, -0.0004300894, 0.001765564
  -55.24189, -0.0008095566, 0.001765564
  -55.235435, -0.0006824032, 0.0017643287
  -55.235435, -0.0007390044, 0.0017643287
  -55.235435, -0.0006381586, 0.0017643287
  -55.235435, -0.0006525082, 0.0017643287
  -55.235435, -0.0007150884, 0.0017643287
  -55.235435, -0.0007282422, 0.0017643287
  -55.235435, -0.0007816546, 0.0017643287
  -55.235435, -0.0006943612, 0.0017643287
  -55.22898, -0.0006560956, 0.0017630933
  -55.22898, -0.0006588858, 0.0017630933
  -55.222525, -0.0006321796, 0.001761858
  -55.222525, -0.0006644662, 0.001761858
  -55.21607, -0.0006293894, 0.0017606227
  -55.21607, -0.000761326, 0.0017606227
  -55.21607, -0.0007497666, 0.0017606227
  -55.21607, -0.0005357184, 0.0017606227
  -55.21607, -0.0006979486, 0.0017606227
  -55.21607, -0.00081713, 0.0017606227
  -55.209615, -0.0007286408, 0.0017593873
  -55.209615, -0.0006732354, 0.0017593873
  -55.209615, -0.0005990958, 0.0017593873
  -55.20316, -0.000629788, 0.001758152
  -55.20316, -0.000783249, 0.001758152
  -55.196705, -0.0006202216, 0.0017569167
  -55.196705, -0.0006194244, 0.0017569167
  -55.196705, -0.000587935, 0.0017569167
  -55.196705, -0.0006768228, 0.0017569167
  -55.196705, -0.0007908224, 0.0017569167
  -55.196705, -0.0008374586, 0.0017569167
  -55.196705, -0.000701536, 0.0017569167
  -55.196705, -0.000629788, 0.0017569167
  -55.196705, -0.000721466, 0.0017569167
  -55.17734, -0.0006333754, 0.0017532107
  -55.170885, -0.0006289908, 0.0017519754
  -55.16443, -0.0006074664, 0.00175074
  -55.16443, -0.0008262978, 0.00175074
  -55.157975, -0.0006660606, 0.0017495047
  -55.15152, -0.0004009916, 0.0017482694
  -55.15152, -0.0006066692, 0.0017482694
  -55.13861, -0.0007700952, 0.0017457987
  -55.1257, -0.0007796616, 0.001743328
  -55.119245, -0.0005855434, 0.0017420927
  -55.119245, -0.0006389558, 0.0017420927
  -55.09988, -0.0007318296, 0.0017383867
  -55.093425, -0.0005963056, 0.0017371514
  -55.08697, -0.0006644662, 0.001735916
  -55.067605, -0.0007569414, 0.00173221
  -55.041785, -0.0006401516, 0.0017272687
  -55.02242, -0.0004874878, 0.0017235627
  -55.02242, -0.0007067178, 0.0017235627
  -55.015965, -0.0006349698, 0.0017223274
  -54.9966, -0.0006202216, 0.0017186214
  -54.97078, -0.0007166828, 0.00171368
  -54.95787, -0.00085699, 0.0017112094
  -54.95787, -0.0006541026, 0.0017112094
  -54.91914, -0.0005612288, 0.0017037974
  -54.899775, -0.0007924168, 0.0017000914
  -54.886865, -0.000593914, 0.0016976207
  -54.8675, -0.0005564456, 0.0016939147
  -54.85459, -0.0008063678, 0.001691444
  -54.84168, -0.0005548512, 0.0016889734
  -54.82877, -0.0007784658, 0.0016865027
  -54.80295, -0.000681606, 0.0016815614
  -54.796495, -0.0007362142, 0.001680326
  -54.76422, -0.0006174314, 0.0016741494
  -54.76422, -0.0006505152, 0.0016741494
  -54.744855, -0.000645732, 0.0016704434
  -54.69967, -0.0007338226, 0.001661796
  -54.69967, -0.0007099066, 0.001661796
  -54.68676, -0.0005695994, 0.0016593254
  -54.64803, -0.000723459, 0.0016519134
  -54.64803, -0.0007079136, 0.0016519134
  -54.602845, -0.0006560956, 0.001643266
  -54.602845, -0.0005911238, 0.001643266
  -54.55766, -0.0005747812, 0.0016346187
  -54.55766, -0.0008035776, 0.0016346187
  -54.53184, -0.0008641648, 0.0016296774
  -54.512475, -0.0007007388, 0.0016259714
  -54.46729, -0.0007445848, 0.0016173241
  -54.460835, -0.000727445, 0.0016160887
  -54.40274, -0.0007657106, 0.0016049707
  -54.40274, -0.0006325782, 0.0016049707
  -54.38983, -0.0004536068, 0.0016025001
  -54.33819, -0.0007007388, 0.0015926174
  -54.31237, -0.0005676064, 0.0015876761
  -54.305915, -0.0006441376, 0.0015864407
  -54.267185, -0.0005927182, 0.0015790287
  -54.254275, -0.000791221, 0.0015765581
  -54.24782, -0.0006788158, 0.0015753227
  -54.215545, -0.0008087594, 0.0015691461
  -54.215545, -0.0007940112, 0.0015691461
  -54.138085, -0.000878913, 0.0015543221
  -54.11872, -0.0007270464, 0.0015506161
  -54.099355, -0.0007744798, 0.0015469101
  -54.060625, -0.0005747812, 0.0015394981
  -54.034805, -0.0007457806, 0.0015345567
  -53.996075, -0.0006409488, 0.0015271447
  -53.957345, -0.0005664106, 0.0015197328
  -53.95089, -0.0006186272, 0.0015184974
  -53.918615, -0.0008003888, 0.0015123208
  -53.88634, -0.000725452, 0.0015061441
  -53.854065, -0.0007796616, 0.0014999674
  -53.8347, -0.0007142912, 0.0014962614
  -53.78306, -0.0007688994, 0.0014863788
  -53.77015, -0.0007338226, 0.0014839081
  -53.763695, -0.0007230604, 0.0014826728
  -53.712055, -0.0005867392, 0.0014727901
  -53.712055, -0.000599893, 0.0014727901
  -53.699145, -0.0007027318, 0.0014703194
  -53.66687, -0.0005672078, 0.0014641428
  -53.64105, -0.0006222146, 0.0014592014
  -53.62814, -0.0006170328, 0.0014567308
  -53.608775, -0.000705522, 0.0014530248
  -53.608775, -0.000729438, 0.0014530248
  -53.557135, -0.0005791658, 0.0014431421
  -53.531315, -0.0008338712, 0.0014382008
  -53.505495, -0.000709508, 0.0014332594
  -53.479675, -0.0008203188, 0.0014283181
  -53.46031, -0.000653704, 0.0014246121
  -53.440945, -0.0006285922, 0.0014209061
  -53.440945, -0.0006114524, 0.0014209061
  -53.40867, -0.0006624732, 0.0014147294
  -53.376395, -0.0007521582, 0.0014085528
  -53.350575, -0.0005807602, 0.0014036115
  -53.350575, -0.0005743826, 0.0014036115
  -53.337665, -0.00055804, 0.0014011408
  -53.337665, -0.0005472778, 0.0014011408
  -53.311845, -0.0006206202, 0.0013961995
  -53.27957, -0.0006748298, 0.0013900228
  -53.273115, -0.0006800116, 0.0013887875
  -53.247295, -0.0006349698, 0.0013838461
  -53.234385, -0.000591921, 0.0013813755
  -53.221475, -0.0008326754, 0.0013789048
  -53.208565, -0.0006226132, 0.0013764341
  -53.208565, -0.000591921, 0.0013764341
  -53.20211, -0.0005086136, 0.0013751988
  -53.195655, -0.000510208, 0.0013739635
  -53.169835, -0.000647725, 0.0013690221
  -53.16338, -0.0006262006, 0.0013677868
  -53.156925, -0.0006493194, 0.0013665515
  -53.15047, -0.000781256, 0.0013653161
  -53.15047, -0.0006441376, 0.0013653161
  -53.144015, -0.0008155356, 0.0013640808
  -53.12465, -0.0007597316, 0.0013603748
  -53.118195, -0.0005516624, 0.0013591395
  -53.11174, -0.000793214, 0.0013579041
  -53.11174, -0.00061783, 0.0013579041
  -53.11174, -0.0006732354, 0.0013579041
  -53.11174, -0.0006086622, 0.0013579041
  -53.105285, -0.0004269006, 0.0013566688
  -53.105285, -0.0007342212, 0.0013566688
  -53.105285, -0.000747375, 0.0013566688
  -53.105285, -0.0007362142, 0.0013566688
  -53.09883, -0.0006923682, 0.0013554335
  -53.09883, -0.0003974042, 0.0013554335
  -53.09883, -0.0003443904, 0.0013554335
  -53.09883, -0.000496257, 0.0013554335
  -53.09883, -0.000506222, 0.0013554335
  -53.09883, -0.0005887322, 0.0013554335
  -53.09883, -0.0006473264, 0.0013554335
  -53.09883, -0.000765312, 0.0013554335
  -53.092375, -0.0007202702, 0.0013541981
  -53.092375, -0.0003459848, 0.0013541981
  -53.092375, -0.000554054, 0.0013541981
  -53.092375, -0.0003140968, 0.0013541981
  -53.092375, -0.0006533054, 0.0013541981
  -53.092375, -0.000914787, 0.0013541981
  -53.092375, -0.0003986, 0.0013541981
  -53.08592, -0.0006186272, 0.0013529628
  -53.08592, -0.0006808088, 0.0013529628
  -53.079465, -0.0007888294, 0.0013517275
  -53.079465, -0.0006210188, 0.0013517275
  -53.079465, -0.0006588858, 0.0013517275
  -53.079465, -0.00051818, 0.0013517275
  -53.079465, -0.0004791172, 0.0013517275
  -53.079465, -0.0005751798, 0.0013517275
  -53.079465, -0.0007557456, 0.0013517275
  -53.079465, -0.0006688508, 0.0013517275
  -53.079465, -0.0004157398, 0.0013517275
  -53.079465, -0.0006987458, 0.0013517275
  -53.07301, -0.0006321796, 0.0013504921
  -53.07301, -0.0006461306, 0.0013504921
  -53.07301, -0.000801186, 0.0013504921
  -53.07301, -0.000522166, 0.0013504921
  -53.07301, -0.0007517596, 0.0013504921
  -53.07301, -0.0006772214, 0.0013504921
  -53.07301, -0.0007509624, 0.0013504921
  -53.07301, -0.0006632704, 0.0013504921
  -53.07301, -0.0006022846, 0.0013504921
  -53.066555, -0.0004974528, 0.0013492568
  -53.066555, -0.0005831518, 0.0013492568
  -53.066555, -0.0005544526, 0.0013492568
  -53.066555, -0.0005636204, 0.0013492568
  -53.066555, -0.0005867392, 0.0013492568
  -53.066555, -0.0008342698, 0.0013492568
  -53.066555, -0.0006568928, 0.0013492568
  -53.066555, -0.000659683, 0.0013492568
  -53.066555, -0.000530138, 0.0013492568
  -53.0601, -0.000510208, 0.0013480215
  -53.0601, -0.0005125996, 0.0013480215
  -53.0601, -0.0007549484, 0.0013480215
  -53.0601, -0.0005608302, 0.0013480215
  -53.0601, -0.000552061, 0.0013480215
  -53.0601, -0.0006632704, 0.0013480215
  -53.0601, -0.0004667606, 0.0013480215
  -53.0601, -0.0006393544, 0.0013480215
  -53.0601, -0.0006652634, 0.0013480215
  -53.0601, -0.0007585358, 0.0013480215
  -53.053645, -0.0006792144, 0.0013467861
  -53.053645, -0.0005018374, 0.0013467861
  -53.053645, -0.0006202216, 0.0013467861
  -53.053645, -0.0006728368, 0.0013467861
  -53.053645, -0.0006333754, 0.0013467861
  -53.053645, -0.000562026, 0.0013467861
  -53.053645, -0.0007601302, 0.0013467861
  -53.053645, -0.000675627, 0.0013467861
  -53.053645, -0.0005205716, 0.0013467861
  -53.053645, -0.000663669, 0.0013467861
  -53.04719, -0.000693564, 0.0013455508
  -53.04719, -0.0006580886, 0.0013455508
  -53.04719, -0.0005608302, 0.0013455508
  -53.04719, -0.0006401516, 0.0013455508
  -53.04719, -0.0007190744, 0.0013455508
  -53.04719, -0.000645732, 0.0013455508
  -53.04719, -0.000562026, 0.0013455508
  -53.04719, -0.0006560956, 0.0013455508
  -53.04719, -0.0006154384, 0.0013455508
  -53.04719, -0.0007091094, 0.0013455508
  -53.04719, -0.0005891308, 0.0013455508
  -53.04719, -0.0005508652, 0.0013455508
  -53.04719, -0.0006660606, 0.0013455508
  -53.04719, -0.0007724868, 0.0013455508
  -53.04719, -0.0006963542, 0.0013455508
  -53.04719, -0.0008015846, 0.0013455508
  -53.04719, -0.000583949, 0.0013455508
  -53.04719, -0.0003738868, 0.0013455508
  -53.04719, -0.000703529, 0.0013455508
  -53.040735, -0.0006564942, 0.0013443155
  -53.040735, -0.000581956, 0.0013443155
  -53.040735, -0.0005508652, 0.0013443155
  -53.040735, -0.0006680536, 0.0013443155
  -53.040735, -0.000625802, 0.0013443155
  -53.040735, -0.0008737312, 0.0013443155
  -53.040735, -0.000643739, 0.0013443155
  -53.040735, -0.000775277, 0.0013443155
  -53.040735, -0.0007585358, 0.0013443155
  -53.040735, -0.0007282422, 0.0013443155
  -53.040735, -0.0007242562, 0.0013443155
  -53.040735, -0.0006720396, 0.0013443155
  -53.040735, -0.0006991444, 0.0013443155
  -53.040735, -0.0006800116, 0.0013443155
  -53.040735, -0.0006828018, 0.0013443155
  -53.040735, -0.0007736826, 0.0013443155
  -53.040735, -0.0007059206, 0.0013443155
  -53.03428, -0.0006744312, 0.0013430801
  -53.03428, -0.0005811588, 0.0013430801
  -53.03428, -0.0005177814, 0.0013430801
  -53.03428, -0.0005604316, 0.0013430801
  -53.03428, -0.000629788, 0.0013430801
  -53.03428, -0.0006106552, 0.0013430801
  -53.03428, -0.000603879, 0.0013430801
  -53.03428, -0.0005524596, 0.0013430801
  -53.03428, -0.0004468306, 0.0013430801
  -53.03428, -0.0006804102, 0.0013430801
  -53.03428, -0.0006772214, 0.0013430801
  -53.03428, -0.000709508, 0.0013430801
  -53.03428, -0.0009821504, 0.0013430801
  -53.027825, -0.0007142912, 0.0013418448
  -53.027825, -0.0006812074, 0.0013418448
  -53.027825, -0.0005524596, 0.0013418448
  -53.027825, -0.0006409488, 0.0013418448
  -53.027825, -0.0006628718, 0.0013418448
  -53.027825, -0.000685592, 0.0013418448
  -53.027825, -0.0005066206, 0.0013418448
  -53.027825, -0.0004839004, 0.0013418448
  -53.027825, -0.0006772214, 0.0013418448
  -53.027825, -0.000719473, 0.0013418448
  -53.027825, -0.0005943126, 0.0013418448
  -53.027825, -0.0004420474, 0.0013418448
  -53.02137, -0.0006453334, 0.0013406095
  -53.02137, -0.0006513124, 0.0013406095
  -53.02137, -0.0006353684, 0.0013406095
  -53.02137, -0.0005951098, 0.0013406095
  -53.02137, -0.000452411, 0.0013406095
  -53.02137, -0.0005851448, 0.0013406095
  -53.02137, -0.0006353684, 0.0013406095
  -53.02137, -0.0007118996, 0.0013406095
  -53.02137, -0.0005971028, 0.0013406095
  -53.02137, -0.000573984, 0.0013406095
  -53.02137, -0.0008462278, 0.0013406095
  -53.02137, -0.0004639704, 0.0013406095
  -53.014915, -0.0007083122, 0.0013393741
  -53.014915, -0.0006389558, 0.0013393741
  -53.014915, -0.000789228, 0.0013393741
  -53.014915, -0.0007270464, 0.0013393741
  -53.014915, -0.00089685, 0.0013393741
  -53.014915, -0.0006190258, 0.0013393741
  -53.014915, -0.0005707952, 0.0013393741
  -53.014915, -0.0006214174, 0.0013393741
  -53.014915, -0.000665662, 0.0013393741
  -53.014915, -0.0006309838, 0.0013393741
  -53.014915, -0.0006170328, 0.0013393741
  -53.014915, -0.0006353684, 0.0013393741
  -53.014915, -0.0007421932, 0.0013393741
  -53.014915, -0.000783249, 0.0013393741
  -53.014915, -0.0005747812, 0.0013393741
  -53.014915, -0.0005233618, 0.0013393741
  -53.014915, -0.0007948084, 0.0013393741
  -53.014915, -0.000548075, 0.0013393741
  -53.00846, -0.0006413474, 0.0013381388
  -53.00846, -0.0006293894, 0.0013381388
  -53.00846, -0.0005883336, 0.0013381388
  -53.00846, -0.0004850962, 0.0013381388
  -53.00846, -0.000629788, 0.0013381388
  -53.00846, -0.0005205716, 0.0013381388
  -53.00846, -0.0005982986, 0.0013381388
  -53.00846, -0.0007704938, 0.0013381388
  -53.00846, -0.000759333, 0.0013381388
  -53.00846, -0.0007505638, 0.0013381388
  -53.00846, -0.0005576414, 0.0013381388
  -53.00846, -0.0007740812, 0.0013381388
  -53.002005, -0.000691571, 0.0013369035
  -53.002005, -0.0005608302, 0.0013369035
  -53.002005, -0.0005771728, 0.0013369035
  -53.002005, -0.0008394516, 0.0013369035
  -53.002005, -0.0007441862, 0.0013369035
  -53.002005, -0.0007940112, 0.0013369035
  -53.002005, -0.000669648, 0.0013369035
  -52.99555, -0.0005536554, 0.0013356681
  -52.99555, -0.0007310324, 0.0013356681
  -52.99555, -0.0005823546, 0.0013356681
  -52.99555, -0.0005305366, 0.0013356681
  -52.99555, -0.0006891794, 0.0013356681
  -52.989095, -0.000761326, 0.0013344328
  -52.989095, -0.0006202216, 0.0013344328
  -52.989095, -0.0006684522, 0.0013344328
  -52.98264, -0.0006114524, 0.0013331975
  -52.98264, -0.0007107038, 0.0013331975
  -52.98264, -0.000488285, 0.0013331975
  -52.976185, -0.0006943612, 0.0013319621
  -52.976185, -0.0007238576, 0.0013319621
  -52.976185, -0.0006620746, 0.0013319621
  -52.96973, -0.0006222146, 0.0013307268
  -52.96973, -0.0005249562, 0.0013307268
  -52.96973, -0.0006552984, 0.0013307268
  -52.96973, -0.0005711938, 0.0013307268
  -52.963275, -0.000679613, 0.0013294915
  -52.95682, -0.0005763756, 0.0013282561
  -52.95682, -0.0005428932, 0.0013282561
  -52.94391, -0.0007023332, 0.0013257855
  -52.931, -0.0006887808, 0.0013233148
  -52.931, -0.0006269978, 0.0013233148
  -52.924545, -0.0005715924, 0.0013220795
  -52.924545, -0.0006947598, 0.0013220795
  -52.91809, -0.0007067178, 0.0013208441
  -52.89227, -0.000615837, 0.0013159028
  -52.89227, -0.000753354, 0.0013159028
  -52.89227, -0.0006700466, 0.0013159028
  -52.885815, -0.0005189772, 0.0013146675
  -52.87936, -0.0007282422, 0.0013134321
  -52.87936, -0.000747375, 0.0013134321
  -52.859995, -0.0006923682, 0.0013097261
  -52.85354, -0.000753354, 0.0013084908
  -52.84063, -0.0006668578, 0.0013060201
  -52.834175, -0.0006313824, 0.0013047848
  -52.82772, -0.0007995916, 0.0013035495
  -52.82772, -0.000699543, 0.0013035495
  -52.81481, -0.0005783686, 0.0013010788
  -52.795445, -0.0007968014, 0.0012973728
  -52.77608, -0.000593914, 0.0012936668
  -52.769625, -0.0007230604, 0.0012924315
  -52.756715, -0.0007031304, 0.0012899608
  -52.743805, -0.0006744312, 0.0012874901
  -52.73735, -0.000579963, 0.0012862548
  -52.717985, -0.0006429418, 0.0012825488
  -52.71153, -0.0007768714, 0.0012813135
  -52.705075, -0.0007485708, 0.0012800782
  -52.6728, -0.0006325782, 0.0012739015
  -52.64698, -0.0006273964, 0.0012689602
  -52.63407, -0.0005883336, 0.0012664895
  -52.60825, -0.0007087108, 0.0012615482
  -52.60825, -0.0006162356, 0.0012615482
  -52.56952, -0.0004874878, 0.0012541362
  -52.55661, -0.0004787186, 0.0012516655
  -52.55661, -0.0005428932, 0.0012516655
  -52.53079, -0.0004197258, 0.0012467242
  -52.524335, -0.0007601302, 0.0012454888
  -52.49206, -0.0006919696, 0.0012393122
  -52.472695, -0.0004791172, 0.0012356062
  -52.46624, -0.0005269492, 0.0012343708
  -52.433965, -0.000593914, 0.0012281942
  -52.433965, -0.0006413474, 0.0012281942
  -52.382325, -0.0004910752, 0.0012183115
  -52.382325, -0.0007222632, 0.0012183115
  -52.356505, -0.0005616274, 0.0012133702
  -52.33714, -0.0006170328, 0.0012096642
  -52.31132, -0.0006632704, 0.0012047228
  -52.304865, -0.0005552498, 0.0012034875
  -52.279045, -0.0005755784, 0.0011985462
  -52.279045, -0.000560033, 0.0011985462
  -52.23386, -0.0006425432, 0.0011898988
  -52.227405, -0.000568005, 0.0011886635
  -52.18222, -0.0008637662, 0.0011800162
  -52.18222, -0.0008741298, 0.0011800162
  -52.162855, -0.0007350184, 0.0011763102
  -52.13058, -0.0007884308, 0.0011701335
  -52.10476, -0.0006305852, 0.0011651922
  -52.07894, -0.0005273478, 0.0011602509
  -52.06603, -0.000601886, 0.0011577802
  -52.0273, -0.0004771242, 0.0011503682
  -52.020845, -0.0005305366, 0.0011491329
  -52.007935, -0.0006242076, 0.0011466622
  -52.00148, -0.0005612288, 0.0011454269
  -51.97566, -0.0005333268, 0.0011404855
  -51.94984, -0.000508215, 0.0011355442
  -51.930475, -0.0006445362, 0.0011318382
  -51.930475, -0.000607865, 0.0011318382
  -51.891745, -0.000564019, 0.0011244262
  -51.865925, -0.0006568928, 0.0011194849
  -51.84656, -0.0005951098, 0.0011157789
  -51.814285, -0.0008135426, 0.0011096022
  -51.788465, -0.0005947112, 0.0011046609
  -51.775555, -0.0002961598, 0.0011021902
  -51.7691, -0.0006329768, 0.0011009549
  -51.749735, -0.0006473264, 0.0010972489
  -51.723915, -0.0006273964, 0.0010923075
  -51.698095, -0.0005783686, 0.0010873662
  -51.67873, -0.000522166, 0.0010836602
  -51.66582, -0.0005337254, 0.0010811895
  -51.659365, -0.000587935, 0.0010799542
  -51.62709, -0.0007609274, 0.0010737775
  -51.60127, -0.0007908224, 0.0010688362
  -51.57545, -0.0007441862, 0.0010638949
  -51.54963, -0.0006489208, 0.0010589535
  -51.54963, -0.0005484736, 0.0010589535
  -51.543175, -0.0006688508, 0.0010577182
  -51.5109, -0.000651711, 0.0010515415
  -51.478625, -0.0005528582, 0.0010453649
  -51.47217, -0.0006728368, 0.0010441296
  -51.465715, -0.0006289908, 0.0010428942
  -51.45926, -0.0006313824, 0.0010416589
  -51.452805, -0.000793214, 0.0010404236
  -51.43344, -0.000753354, 0.0010367176
  -51.426985, -0.0004336768, 0.0010354822
  -51.42053, -0.0005213688, 0.0010342469
  -51.40762, -0.0003599358, 0.0010317762
  -51.39471, -0.0006046762, 0.0010293056
  -51.3818, -0.0007326268, 0.0010268349
  -51.362435, -0.0006006902, 0.0010231289
  -51.362435, -0.0006521096, 0.0010231289
  -51.323705, -0.0005787672, 0.0010157169
  -51.31725, -0.0006525082, 0.0010144816
  -51.310795, -0.0005851448, 0.0010132462
  -51.310795, -0.0007330254, 0.0010132462
  -51.310795, -0.000651711, 0.0010132462
  -51.297885, -0.0006214174, 0.0010107756
  -51.297885, -0.0006301866, 0.0010107756
  -51.284975, -0.0006202216, 0.0010083049
  -51.27852, -0.0007601302, 0.0010070696
  -51.27852, -0.0006903752, 0.0010070696
  -51.272065, -0.000639753, 0.0010058342
  -51.26561, -0.0005771728, 0.0010045989
  -51.259155, -0.000731431, 0.0010033636
  -51.2527, -0.0006772214, 0.0010021282
  -51.246245, -0.0005843476, 0.0010008929
  -51.23979, -0.00067762, 0.00099965756
  -51.23979, -0.0006102566, 0.00099965756
  -51.23979, -0.0006927668, 0.00099965756
  -51.233335, -0.0006030818, 0.00099842223
  -51.233335, -0.0004791172, 0.00099842223
  -51.22688, -0.0004336768, 0.0009971869
  -51.22688, -0.0004516138, 0.0009971869
  -51.22688, -0.000552061, 0.0009971869
  -51.22688, -0.000581956, 0.0009971869
  -51.22688, -0.0005723896, 0.0009971869
  -51.220425, -0.000526152, 0.00099595157
  -51.220425, -0.0006851934, 0.00099595157
  -51.220425, -0.000446432, 0.00099595157
  -51.220425, -0.0005373128, 0.00099595157
  -51.220425, -0.0007505638, 0.00099595157
  -51.220425, -0.0004452362, 0.00099595157
  -51.220425, -0.0005492708, 0.00099595157
  -51.21397, -0.000627795, 0.00099471623
  -51.21397, -0.0007856406, 0.00099471623
  -51.21397, -0.000685592, 0.00099471623
  -51.21397, -0.0006182286, 0.00099471623
  -51.21397, -0.0007398016, 0.00099471623
  -51.21397, -0.00063776, 0.00099471623
  -51.21397, -0.0006186272, 0.00099471623
  -51.21397, -0.0005193758, 0.00099471623
  -51.21397, -0.0006281936, 0.00099471623
  -51.207515, -0.0005488722, 0.0009934809
  -51.207515, -0.000675627, 0.0009934809
  -51.207515, -0.0007896266, 0.0009934809
  -51.207515, -0.0006309838, 0.0009934809
  -51.207515, -0.0004667606, 0.0009934809
  -51.207515, -0.0005293408, 0.0009934809
  -51.207515, -0.0005695994, 0.0009934809
  -51.207515, -0.0005484736, 0.0009934809
  -51.207515, -0.0005468792, 0.0009934809
  -51.207515, -0.0007868364, 0.0009934809
  -51.207515, -0.000544089, 0.0009934809
  -51.207515, -0.0004727396, 0.0009934809
  -51.20106, -0.0006951584, 0.00099224557
  -51.20106, -0.0006182286, 0.00099224557
  -51.20106, -0.0006752284, 0.00099224557
  -51.20106, -0.0006863892, 0.00099224557
  -51.20106, -0.0005532568, 0.00099224557
  -51.20106, -0.0005237604, 0.00099224557
  -51.20106, -0.000603879, 0.00099224557
  -51.20106, -0.000536117, 0.00099224557
  -51.20106, -0.0006154384, 0.00099224557
  -51.20106, -0.000410558, 0.00099224557
  -51.20106, -0.0006441376, 0.00099224557
  -51.20106, -0.0005245576, 0.00099224557
  -51.20106, -0.0006772214, 0.00099224557
  -51.20106, -0.0006413474, 0.00099224557
  -51.194605, -0.0005010402, 0.00099101023
  -51.194605, -0.0006784172, 0.00099101023
  -51.194605, -0.0006110538, 0.00099101023
  -51.194605, -0.0004827046, 0.00099101023
  -51.194605, -0.000554054, 0.00099101023
  -51.194605, -0.0007828504, 0.00099101023
  -51.194605, -0.0004815088, 0.00099101023
  -51.194605, -0.0005572428, 0.00099101023
  -51.194605, -0.0004946626, 0.00099101023
  -51.194605, -0.0006568928, 0.00099101023
  -51.194605, -0.00065769, 0.00099101023
  -51.194605, -0.0004508166, 0.00099101023
  -51.194605, -0.0007230604, 0.00099101023
  -51.194605, -0.0005393058, 0.00099101023
  -51.194605, -0.0004500194, 0.00099101023
  -51.194605, -0.0006851934, 0.00099101023
  -51.194605, -0.0006182286, 0.00099101023
  -51.194605, -0.0007696966, 0.00099101023
  -51.194605, -0.0004587886, 0.00099101023
  -51.18815, -0.0004755298, 0.0009897749
  -51.18815, -0.0005125996, 0.0009897749
  -51.18815, -0.0006433404, 0.0009897749
  -51.18815, -0.0005245576, 0.0009897749
  -51.18815, -0.0005931168, 0.0009897749
  -51.18815, -0.0004815088, 0.0009897749
  -51.18815, -0.0005293408, 0.0009897749
  -51.18815, -0.0006680536, 0.0009897749
  -51.18815, -0.0007649134, 0.0009897749
  -51.18815, -0.0006660606, 0.0009897749
  -51.18815, -0.000560033, 0.0009897749
  -51.18815, -0.0006469278, 0.0009897749
  -51.18815, -0.0005424946, 0.0009897749
  -51.18815, -0.0005616274, 0.0009897749
  -51.18815, -0.000585942, 0.0009897749
  -51.18815, -0.0005297394, 0.0009897749
  -51.18815, -0.0005967042, 0.0009897749
  -51.181695, -0.0004213202, 0.00098853957
  -51.181695, -0.0006449348, 0.00098853957
  -51.181695, -0.0004033832, 0.00098853957
  -51.181695, -0.0004767256, 0.00098853957
  -51.181695, -0.0006489208, 0.00098853957
  -51.181695, -0.000591921, 0.00098853957
  -51.181695, -0.0007736826, 0.00098853957
  -51.181695, -0.0006421446, 0.00098853957
  -51.181695, -0.000575977, 0.00098853957
  -51.181695, -0.0006465292, 0.00098853957
  -51.181695, -0.0006764242, 0.00098853957
  -51.181695, -0.000781256, 0.00098853957
  -51.181695, -0.0004520124, 0.00098853957
  -51.181695, -0.0005743826, 0.00098853957
  -51.181695, -0.0004412502, 0.00098853957
  -51.181695, -0.0005664106, 0.00098853957
  -51.181695, -0.0005424946, 0.00098853957
  -51.17524, -0.0004866906, 0.00098730423
  -51.17524, -0.0006170328, 0.00098730423
  -51.17524, -0.000661676, 0.00098730423
  -51.17524, -0.0005217674, 0.00098730423
  -51.17524, -0.0006820046, 0.00098730423
  -51.17524, -0.0005827532, 0.00098730423
  -51.17524, -0.0005986972, 0.00098730423
  -51.17524, -0.0006879836, 0.00098730423
  -51.17524, -0.0005847462, 0.00098730423
  -51.17524, -0.000669648, 0.00098730423
  -51.168785, -0.0004089636, 0.0009860689
  -51.168785, -0.000607865, 0.0009860689
  -51.168785, -0.000629788, 0.0009860689
  -51.168785, -0.0007417946, 0.0009860689
  -51.168785, -0.0006042776, 0.0009860689
  -51.168785, -0.0006533054, 0.0009860689
  -51.168785, -0.0007505638, 0.0009860689
  -51.168785, -0.0006584872, 0.0009860689
  -51.168785, -0.0006700466, 0.0009860689
  -51.168785, -0.0006919696, 0.0009860689
  -51.168785, -0.0005145926, 0.0009860689
  -51.16233, -0.0005369142, 0.00098483357
  -51.16233, -0.0004827046, 0.00098483357
  -51.16233, -0.0005273478, 0.00098483357
  -51.16233, -0.0005285436, 0.00098483357
  -51.16233, -0.000532131, 0.00098483357
  -51.16233, -0.0006230118, 0.00098483357
  -51.16233, -0.0003794672, 0.00098483357
  -51.16233, -0.0006640676, 0.00098483357
  -51.16233, -0.0006560956, 0.00098483357
  -51.16233, -0.0006640676, 0.00098483357
  -51.155875, -0.0005855434, 0.00098359824
  -51.155875, -0.0007318296, 0.00098359824
  -51.155875, -0.0006951584, 0.00098359824
  -51.155875, -0.0006461306, 0.00098359824
  -51.155875, -0.0006800116, 0.00098359824
  -51.155875, -0.0006333754, 0.00098359824
  -51.155875, -0.0006847948, 0.00098359824
  -51.155875, -0.0004372642, 0.00098359824
  -51.14942, -0.0006090608, 0.0009823629
  -51.14942, -0.0005871378, 0.0009823629
  -51.14942, -0.0007405988, 0.0009823629
  -51.14942, -0.0007338226, 0.0009823629
  -51.14942, -0.0006130468, 0.0009823629
  -51.14942, -0.0005851448, 0.0009823629
  -51.142965, -0.0007079136, 0.00098112757
  -51.142965, -0.0007186758, 0.00098112757
  -51.142965, -0.0006130468, 0.00098112757
  -51.142965, -0.0006752284, 0.00098112757
  -51.142965, -0.000761326, 0.00098112757
  -51.142965, -0.0006301866, 0.00098112757
  -51.142965, -0.0006190258, 0.00098112757
  -51.142965, -0.0006014874, 0.00098112757
  -51.13651, -0.000695557, 0.00097989224
  -51.13651, -0.0008115496, 0.00097989224
  -51.13651, -0.0006226132, 0.00097989224
  -51.13651, -0.0005743826, 0.00097989224
  -51.13651, -0.0005943126, 0.00097989224
  -51.13651, -0.0006533054, 0.00097989224
  -51.13651, -0.0005652148, 0.00097989224
  -51.130055, -0.0006740326, 0.0009786569
  -51.130055, -0.0005409002, 0.0009786569
  -51.130055, -0.000663669, 0.0009786569
  -51.130055, -0.000625802, 0.0009786569
  -51.1236, -0.0004986486, 0.00097742157
  -51.1236, -0.0005389072, 0.00097742157
  -51.1236, -0.0007047248, 0.00097742157
  -51.117145, -0.000564019, 0.00097618624
  -51.117145, -0.0006552984, 0.00097618624
  -51.117145, -0.0006074664, 0.00097618624
  -51.117145, -0.0005863406, 0.00097618624
  -51.11069, -0.000566012, 0.0009749509
  -51.11069, -0.0005552498, 0.0009749509
  -51.11069, -0.0006094594, 0.0009749509
  -51.11069, -0.0005931168, 0.0009749509
  -51.104235, -0.0005911238, 0.00097371557
  -51.104235, -0.0006365642, 0.00097371557
  -51.104235, -0.0006421446, 0.00097371557
  -51.09778, -0.0006959556, 0.00097248024
  -51.09778, -0.0006066692, 0.00097248024
  -51.09778, -0.0004819074, 0.00097248024
  -51.091325, -0.00073741, 0.00097124491
  -51.091325, -0.0006688508, 0.00097124491
  -51.091325, -0.0005684036, 0.00097124491
  -51.08487, -0.0005823546, 0.00097000957
  -51.08487, -0.0006114524, 0.00097000957
  -51.07196, -0.0006329768, 0.00096753891
  -51.065505, -0.0005118024, 0.00096630357
  -51.05905, -0.000581956, 0.00096506824
  -51.052595, -0.0006150398, 0.00096383291
  -51.052595, -0.0003954112, 0.00096383291
  -51.04614, -0.0007198716, 0.00096259757
  -51.039685, -0.0005652148, 0.00096136224
  -51.026775, -0.000595907, 0.00095889158
  -51.02032, -0.000476327, 0.00095765624
  -51.000955, -0.000625802, 0.00095395024
  -50.9945, -0.0005277464, 0.00095271491
  -50.98159, -0.0005464806, 0.00095024425
  -50.98159, -0.000534124, 0.00095024425
  -50.95577, -0.0006309838, 0.00094530291
  -50.949315, -0.000440453, 0.00094406758
  -50.936405, -0.0005703966, 0.00094159691
  -50.92995, -0.0007629204, 0.00094036158
  -50.92995, -0.0007150884, 0.00094036158
  -50.89122, -0.000747375, 0.00093294958
  -50.884765, -0.000671641, 0.00093171425
  -50.884765, -0.0007170814, 0.00093171425
  -50.87831, -0.0006010888, 0.00093047892
  -50.871855, -0.0007848434, 0.00092924358
  -50.8654, -0.0008099552, 0.00092800825
  -50.858945, -0.0005616274, 0.00092677292
  -50.85249, -0.0005345226, 0.00092553759
  -50.83958, -0.0005923196, 0.00092306692
  -50.82667, -0.0005951098, 0.00092059625
  -50.80085, -0.000643739, 0.00091565492
  -50.781485, -0.0007230604, 0.00091194892
  -50.77503, -0.0005608302, 0.00091071359
  -50.755665, -0.0005548512, 0.00090700759
  -50.742755, -0.0003499708, 0.00090453692
  -50.72339, -0.000528145, 0.00090083093
  -50.716935, -0.0004691522, 0.00089959559
  -50.69757, -0.0007338226, 0.00089588959
  -50.68466, -0.0005357184, 0.00089341893
  -50.67175, -0.0005735854, 0.00089094826
  -50.67175, -0.0005979, 0.00089094826
  -50.65884, -0.000623809, 0.0008884776
  -50.626565, -0.000986535, 0.00088230093
  -50.62011, -0.0004699494, 0.0008810656
  -50.613655, -0.0006345712, 0.00087983026
  -50.574925, -0.0006301866, 0.00087241827
  -50.55556, -0.0006552984, 0.00086871227
  -50.549105, -0.0005050262, 0.00086747694
  -50.523285, -0.0004280964, 0.0008625356
  -50.51683, -0.0004575928, 0.00086130027
  -50.49101, -0.0005245576, 0.00085635894
  -50.49101, -0.0006640676, 0.00085635894
  -50.45228, -0.0006560956, 0.00084894694
  -50.43937, -0.0006724382, 0.00084647627
  -50.420005, -0.0006301866, 0.00084277028
  -50.40064, -0.000390628, 0.00083906428
  -50.381275, -0.000579963, 0.00083535828
  -50.381275, -0.0006054734, 0.00083535828
  -50.349, -0.000456397, 0.00082918161
  -50.349, -0.0005317324, 0.00082918161
  -50.329635, -0.0005237604, 0.00082547561
  -50.29736, -0.000611851, 0.00081929895
  -50.277995, -0.0006313824, 0.00081559295
  -50.24572, -0.0006106552, 0.00080941628
  -50.24572, -0.0006847948, 0.00080941628
  -50.213445, -0.0005508652, 0.00080323962
  -50.20699, -0.0007441862, 0.00080200429
  -50.19408, -0.0005313338, 0.00079953362
  -50.161805, -0.0007330254, 0.00079335696
  -50.161805, -0.0006134454, 0.00079335696
  -50.15535, -0.0006648648, 0.00079212162
  -50.110165, -0.0007370114, 0.00078347429
  -50.084345, -0.00055804, 0.00077853296
  -50.071435, -0.0005871378, 0.00077606229
  -50.02625, -0.0005277464, 0.00076741496
  -50.01334, -0.0006812074, 0.0007649443
  -50.006885, -0.000709508, 0.00076370896
  -49.981065, -0.000460383, 0.00075876763
  -49.97461, -0.0004727396, 0.0007575323
  -49.968155, -0.0006720396, 0.00075629697
  -49.968155, -0.0004675578, 0.00075629697
  -49.94879, -0.0005592358, 0.00075259097
  -49.91006, -0.0007150884, 0.00074517897
  -49.89715, -0.0006473264, 0.0007427083
  -49.88424, -0.0006353684, 0.00074023764
  -49.87133, -0.0006568928, 0.00073776697
  -49.851965, -0.0007310324, 0.00073406097
  -49.8326, -0.0004655648, 0.00073035497
  -49.800325, -0.0004328796, 0.00072417831
  -49.79387, -0.00041853, 0.00072294298
  -49.774505, -0.0004332782, 0.00071923698
  -49.76805, -0.00063776, 0.00071800164
  -49.75514, -0.0004081664, 0.00071553098
  -49.748685, -0.0004173342, 0.00071429565
  -49.72932, -0.0006026832, 0.00071058965
  -49.7035, -0.000651711, 0.00070564831
  -49.684135, -0.000548075, 0.00070194232
  -49.684135, -0.0004687536, 0.00070194232
  -49.67768, -0.0002945654, 0.00070070698
  -49.67768, -0.0004300894, 0.00070070698
  -49.658315, -0.0007800602, 0.00069700098
  -49.619585, -0.0006513124, 0.00068958899
  -49.61313, -0.000695557, 0.00068835365
  -49.593765, -0.000603879, 0.00068464765
  -49.5744, -0.0006911724, 0.00068094165
  -49.567945, -0.0003918238, 0.00067970632
  -49.54858, -0.00069755, 0.00067600032
  -49.542125, -0.0006154384, 0.00067476499
  -49.53567, -0.0006672564, 0.00067352966
  -49.529215, -0.0004117538, 0.00067229432
  -49.516305, -0.0006353684, 0.00066982366
  -49.49694, -0.0004914738, 0.00066611766
  -49.48403, -0.0005125996, 0.00066364699
  -49.47112, -0.0006094594, 0.00066117633
  -49.464665, -0.0004280964, 0.00065994099
  -49.464665, -0.0005114038, 0.00065994099
  -49.464665, -0.0004898794, 0.00065994099
  -49.45821, -0.0005393058, 0.00065870566
  -49.451755, -0.000571991, 0.00065747033
  -49.438845, -0.0006429418, 0.00065499966
  -49.438845, -0.000434474, 0.00065499966
  -49.43239, -0.0007047248, 0.00065376433
  -49.41948, -0.0003738868, 0.00065129366
  -49.413025, -0.000727445, 0.00065005833
  -49.400115, -0.0006393544, 0.00064758766
  -49.39366, -0.0005923196, 0.00064635233
  -49.387205, -0.0004894808, 0.000645117
  -49.387205, -0.0007210674, 0.000645117
  -49.387205, -0.000390628, 0.000645117
  -49.387205, -0.0005803616, 0.000645117
  -49.387205, -0.000659683, 0.000645117
  -49.38075, -0.0005971028, 0.00064388167
  -49.38075, -0.0006564942, 0.00064388167
  -49.38075, -0.0005090122, 0.00064388167
  -49.38075, -0.000420523, 0.00064388167
  -49.38075, -0.0005847462, 0.00064388167
  -49.38075, -0.0006481236, 0.00064388167
  -49.374295, -0.0005189772, 0.00064264633
  -49.374295, -0.0005137954, 0.00064264633
  -49.374295, -0.0005034318, 0.00064264633
  -49.374295, -0.0006230118, 0.00064264633
  -49.374295, -0.000569998, 0.00064264633
  -49.374295, -0.000474334, 0.00064264633
  -49.36784, -0.0004189286, 0.000641411
  -49.36784, -0.0005536554, 0.000641411
  -49.36784, -0.0004699494, 0.000641411
  -49.36784, -0.0003459848, 0.000641411
  -49.36784, -0.0005225646, 0.000641411
  -49.361385, -0.0002838032, 0.00064017567
  -49.361385, -0.0005409002, 0.00064017567
  -49.361385, -0.000627795, 0.00064017567
  -49.361385, -0.0005612288, 0.00064017567
  -49.361385, -0.0004217188, 0.00064017567
  -49.361385, -0.0004540054, 0.00064017567
  -49.361385, -0.0005337254, 0.00064017567
  -49.361385, -0.000342796, 0.00064017567
  -49.361385, -0.0007681022, 0.00064017567
  -49.361385, -0.0005317324, 0.00064017567
  -49.361385, -0.0004819074, 0.00064017567
  -49.35493, -0.0005026346, 0.00063894033
  -49.35493, -0.0003986, 0.00063894033
  -49.35493, -0.0005907252, 0.00063894033
  -49.35493, -0.000336817, 0.00063894033
  -49.35493, -0.0004229146, 0.00063894033
  -49.35493, -0.00071748, 0.00063894033
  -49.35493, -0.0005118024, 0.00063894033
  -49.35493, -0.0003459848, 0.00063894033
  -49.35493, -0.0003974042, 0.00063894033
  -49.35493, -0.0004807116, 0.00063894033
  -49.348475, -0.0004858934, 0.000637705
  -49.348475, -0.0006206202, 0.000637705
  -49.348475, -0.0005209702, 0.000637705
  -49.348475, -0.0005472778, 0.000637705
  -49.34202, -0.0004675578, 0.00063646967
  -49.34202, -0.0005233618, 0.00063646967
  -49.34202, -0.0006134454, 0.00063646967
  -49.34202, -0.0005604316, 0.00063646967
  -49.34202, -0.0006453334, 0.00063646967
  -49.34202, -0.00061783, 0.00063646967
  -49.34202, -0.0004368656, 0.00063646967
  -49.34202, -0.000583949, 0.00063646967
  -49.34202, -0.0003878378, 0.00063646967
  -49.34202, -0.000532131, 0.00063646967
  -49.34202, -0.0005875364, 0.00063646967
  -49.335565, -0.0005492708, 0.00063523433
  -49.335565, -0.0006273964, 0.00063523433
  -49.335565, -0.000376677, 0.00063523433
  -49.335565, -0.0006313824, 0.00063523433
  -49.335565, -0.0006034804, 0.00063523433
  -49.335565, -0.0006202216, 0.00063523433
  -49.32911, -0.0002806144, 0.000633999
  -49.32911, -0.0006461306, 0.000633999
  -49.32911, -0.0004496208, 0.000633999
  -49.32911, -0.0004619774, 0.000633999
  -49.32911, -0.0006110538, 0.000633999
  -49.32911, -0.0006788158, 0.000633999
  -49.32911, -0.0006066692, 0.000633999
  -49.322655, -0.0005090122, 0.00063276367
  -49.322655, -0.0007043262, 0.00063276367
  -49.322655, -0.0005313338, 0.00063276367
  -49.322655, -0.0004360684, 0.00063276367
  -49.322655, -0.0004320824, 0.00063276367
  -49.3162, -0.0003842504, 0.00063152834
  -49.3162, -0.0005285436, 0.00063152834
  -49.3162, -0.0007796616, 0.00063152834
  -49.3162, -0.0005731868, 0.00063152834
  -49.3162, -0.0005277464, 0.00063152834
  -49.309745, -0.0005165856, 0.000630293
  -49.309745, -0.0007126968, 0.000630293
  -49.30329, -0.0005285436, 0.00062905767
  -49.30329, -0.000524159, 0.00062905767
  -49.30329, -0.000587935, 0.00062905767
  -49.30329, -0.0003543554, 0.00062905767
  -49.30329, -0.0006429418, 0.00062905767
  -49.30329, -0.0005309352, 0.00062905767
  -49.296835, -0.0006584872, 0.00062782234
  -49.296835, -0.0005672078, 0.00062782234
  -49.296835, -0.0005532568, 0.00062782234
  -49.296835, -0.0005692008, 0.00062782234
  -49.296835, -0.000374684, 0.00062782234
  -49.29038, -0.000426502, 0.000626587
  -49.29038, -0.00063776, 0.000626587
  -49.29038, -0.0004990472, 0.000626587
  -49.29038, -0.000296957, 0.000626587
  -49.29038, -0.0007103052, 0.000626587
  -49.29038, -0.0004835018, 0.000626587
  -49.29038, -0.0004376628, 0.000626587
  -49.29038, -0.0006293894, 0.000626587
  -49.29038, -0.0005963056, 0.000626587
  -49.29038, -0.0005544526, 0.000626587
  -49.283925, -0.0006250048, 0.00062535167
  -49.283925, -0.000593914, 0.00062535167
  -49.283925, -0.000382656, 0.00062535167
  -49.283925, -0.0006222146, 0.00062535167
  -49.283925, -0.0006285922, 0.00062535167
  -49.283925, -0.0005672078, 0.00062535167
  -49.283925, -0.0005556484, 0.00062535167
  -49.283925, -0.0005875364, 0.00062535167
  -49.283925, -0.0006405502, 0.00062535167
  -49.283925, -0.0005815574, 0.00062535167
  -49.283925, -0.0003942154, 0.00062535167
  -49.283925, -0.0003471806, 0.00062535167
  -49.283925, -0.0005393058, 0.00062535167
  -49.283925, -0.000482306, 0.00062535167
  -49.283925, -0.0004396558, 0.00062535167
  -49.27747, -0.000486292, 0.00062411634
  -49.27747, -0.0005592358, 0.00062411634
  -49.27747, -0.0006074664, 0.00062411634
  -49.27747, -0.0006369628, 0.00062411634
  -49.27747, -0.0005377114, 0.00062411634
  -49.27747, -0.000502236, 0.00062411634
  -49.271015, -0.000569998, 0.000622881
  -49.271015, -0.0005891308, 0.000622881
  -49.271015, -0.000476327, 0.000622881
  -49.271015, -0.0005125996, 0.000622881
  -49.271015, -0.0003451876, 0.000622881
  -49.271015, -0.0006054734, 0.000622881
  -49.271015, -0.0005935154, 0.000622881
  -49.271015, -0.0006947598, 0.000622881
  -49.271015, -0.0005979, 0.000622881
  -49.271015, -0.0005098094, 0.000622881
  -49.271015, -0.0005572428, 0.000622881
  -49.271015, -0.0006959556, 0.000622881
  -49.26456, -0.000502236, 0.00062164567
  -49.26456, -0.0007736826, 0.00062164567
  -49.26456, -0.0007003402, 0.00062164567
  -49.26456, -0.000613844, 0.00062164567
  -49.26456, -0.0006309838, 0.00062164567
  -49.26456, -0.0004731382, 0.00062164567
  -49.26456, -0.000741396, 0.00062164567
  -49.26456, -0.0005313338, 0.00062164567
  -49.26456, -0.0006401516, 0.00062164567
  -49.258105, -0.0006708438, 0.00062041034
  -49.258105, -0.0005532568, 0.00062041034
  -49.258105, -0.0007031304, 0.00062041034
  -49.258105, -0.0005895294, 0.00062041034
  -49.25165, -0.0004819074, 0.00061917501
  -49.25165, -0.0004767256, 0.00061917501
  -49.25165, -0.000705522, 0.00061917501
  -49.25165, -0.0005289422, 0.00061917501
  -49.25165, -0.000741396, 0.00061917501
  -49.25165, -0.0006469278, 0.00061917501
  -49.25165, -0.0006712424, 0.00061917501
  -49.25165, -0.0003463834, 0.00061917501
  -49.25165, -0.000719473, 0.00061917501
  -49.25165, -0.000719473, 0.00061917501
  -49.25165, -0.0005233618, 0.00061917501
  -49.25165, -0.0004787186, 0.00061917501
  -49.245195, -0.0006222146, 0.00061793967
  -49.245195, -0.0005464806, 0.00061793967
  -49.245195, -0.0006604802, 0.00061793967
  -49.245195, -0.0007258506, 0.00061793967
  -49.245195, -0.0003790686, 0.00061793967
  -49.245195, -0.0005823546, 0.00061793967
  -49.245195, -0.0004448376, 0.00061793967
  -49.245195, -0.0006744312, 0.00061793967
  -49.245195, -0.0003882364, 0.00061793967
  -49.23874, -0.000611851, 0.00061670434
  -49.23874, -0.0006481236, 0.00061670434
  -49.23874, -0.0005979, 0.00061670434
  -49.23874, -0.000528145, 0.00061670434
  -49.232285, -0.000623809, 0.00061546901
  -49.232285, -0.0005871378, 0.00061546901
  -49.232285, -0.0008534026, 0.00061546901
  -49.232285, -0.000629788, 0.00061546901
  -49.22583, -0.000472341, 0.00061423367
  -49.22583, -0.0005038304, 0.00061423367
  -49.22583, -0.0005887322, 0.00061423367
  -49.219375, -0.000569998, 0.00061299834
  -49.219375, -0.0006425432, 0.00061299834
  -49.219375, -0.0004017888, 0.00061299834
  -49.21292, -0.0003862434, 0.00061176301
  -49.21292, -0.0005444876, 0.00061176301
  -49.21292, -0.0007027318, 0.00061176301
  -49.21292, -0.0005357184, 0.00061176301
  -49.21292, -0.000554054, 0.00061176301
  -49.206465, -0.000470348, 0.00061052767
  -49.193555, -0.0003419988, 0.00060805701
  -49.1871, -0.0005265506, 0.00060682168
  -49.180645, -0.0003902294, 0.00060558634
  -49.180645, -0.0005397044, 0.00060558634
  -49.180645, -0.0006214174, 0.00060558634
  -49.180645, -0.0004627746, 0.00060558634
  -49.180645, -0.0003778728, 0.00060558634
  -49.17419, -0.0004193272, 0.00060435101
  -49.167735, -0.0005636204, 0.00060311568
  -49.16128, -0.0006648648, 0.00060188034
  -49.154825, -0.0004476278, 0.00060064501
  -49.154825, -0.0006230118, 0.00060064501
  -49.141915, -0.000466362, 0.00059817434
  -49.141915, -0.0004779214, 0.00059817434
  -49.141915, -0.0005205716, 0.00059817434
  -49.116095, -0.0005026346, 0.00059323301
  -49.103185, -0.0004771242, 0.00059076235
  -49.103185, -0.0005707952, 0.00059076235
  -49.09673, -0.0005891308, 0.00058952701
  -49.09673, -0.0005935154, 0.00058952701
  -49.08382, -0.0004193272, 0.00058705635
  -49.058, -0.0005428932, 0.00058211502
  -49.051545, -0.000522166, 0.00058087968
  -49.04509, -0.0004886836, 0.00057964435
  -49.038635, -0.000645732, 0.00057840902
  -49.03218, -0.0004097608, 0.00057717368
  -49.025725, -0.0006293894, 0.00057593835
  -49.00636, -0.0006305852, 0.00057223235
  -48.99345, -0.0006030818, 0.00056976169
  -48.986995, -0.0004655648, 0.00056852635
  -48.95472, -0.000560033, 0.00056234969
  -48.935355, -0.000540103, 0.00055864369
  -48.935355, -0.000560033, 0.00055864369
  -48.91599, -0.0003563484, 0.00055493769
  -48.896625, -0.0005237604, 0.00055123169
  -48.87726, -0.0004193272, 0.00054752569
  -48.86435, -0.000583949, 0.00054505503
  -48.85144, -0.0003264534, 0.00054258436
  -48.832075, -0.0002606844, 0.00053887836
  -48.82562, -0.0007071164, 0.00053764303
  -48.7998, -0.0005249562, 0.0005327017
  -48.793345, -0.000510208, 0.00053146636
  -48.780435, -0.0004189286, 0.0005289957
  -48.754615, -0.0003810616, 0.00052405437
  -48.728795, -0.0005612288, 0.00051911303
  -48.70943, -0.0006190258, 0.00051540703
  -48.69652, -0.0004755298, 0.00051293637
  -48.68361, -0.0007079136, 0.0005104657
  -48.65779, -0.00051818, 0.00050552437
  -48.651335, -0.0005365156, 0.00050428904
  -48.625515, -0.0005464806, 0.00049934771
  -48.612605, -0.0005715924, 0.00049687704
  -48.60615, -0.0005249562, 0.00049564171
  -48.586785, -0.0004970542, 0.00049193571
  -48.573875, -0.0005018374, 0.00048946504
  -48.560965, -0.0004918724, 0.00048699438
  -48.5416, -0.000571991, 0.00048328838
  -48.509325, -0.000440453, 0.00047711171
  -48.483505, -0.000428495, 0.00047217038
  -48.46414, -0.000619823, 0.00046846438
  -48.46414, -0.0004456348, 0.00046846438
  -48.457685, -0.0004635718, 0.00046722905
  -48.43832, -0.0007641162, 0.00046352305
  -48.4125, -0.0004974528, 0.00045858172
  -48.406045, -0.0004512152, 0.00045734638
  -48.39959, -0.0005197744, 0.00045611105
  -48.380225, -0.000530138, 0.00045240505
  -48.34795, -0.0004799144, 0.00044622839
  -48.33504, -0.0005743826, 0.00044375772
  -48.315675, -0.0006250048, 0.00044005172
  -48.315675, -0.00057797, 0.00044005172
  -48.27049, -0.0006242076, 0.00043140439
  -48.24467, -0.0007027318, 0.00042646306
  -48.225305, -0.000595907, 0.00042275706
  -48.20594, -0.0004496208, 0.00041905106
  -48.19303, -0.0004978514, 0.0004165804
  -48.19303, -0.0003631246, 0.0004165804
  -48.186575, -0.0004779214, 0.00041534506
  -48.16721, -0.0006349698, 0.00041163906
  -48.134935, -0.0004954598, 0.0004054624
  -48.12848, -0.0004894808, 0.00040422707
  -48.109115, -0.0004468306, 0.00040052107
  -48.096205, -0.0006353684, 0.0003980504
  -48.057475, -0.0005955084, 0.0003906384
  -48.057475, -0.0005528582, 0.0003906384
  -48.05102, -0.0004372642, 0.00038940307
  -48.0252, -0.0005488722, 0.00038446174
  -48.01229, -0.000556047, 0.00038199107
  -47.980015, -0.000566012, 0.00037581441
  -47.980015, -0.000484299, 0.00037581441
  -47.97356, -0.0004938654, 0.00037457907
  -47.967105, -0.0004233132, 0.00037334374
  -47.941285, -0.0005297394, 0.00036840241
  -47.90901, -0.0005086136, 0.00036222574
  -47.889645, -0.0005193758, 0.00035851975
  -47.889645, -0.0004396558, 0.00035851975
  -47.876735, -0.000569998, 0.00035604908
  -47.876735, -0.000249125, 0.00035604908
  -47.863825, -0.000625802, 0.00035357841
  -47.825095, -0.0005472778, 0.00034616642
  -47.81864, -0.0006812074, 0.00034493108
  -47.812185, -0.0005711938, 0.00034369575
  -47.79282, -0.000245139, 0.00033998975
  -47.786365, -0.0005504666, 0.00033875442
  -47.77991, -0.0004229146, 0.00033751909
  -47.773455, -0.00053811, 0.00033628375
  -47.747635, -0.0005086136, 0.00033134242
  -47.74118, -0.000502236, 0.00033010709
  -47.71536, -0.0005389072, 0.00032516576
  -47.71536, -0.0006987458, 0.00032516576
  -47.708905, -0.0004193272, 0.00032393042
  -47.708905, -0.00063776, 0.00032393042
  -47.66372, -0.0003950126, 0.00031528309
  -47.657265, -0.000482306, 0.00031404776
  -47.65081, -0.000585942, 0.00031281243
  -47.644355, -0.0005524596, 0.00031157709
  -47.644355, -0.0001909294, 0.00031157709
  -47.644355, -0.0002088664, 0.00031157709
  -47.644355, -0.0004280964, 0.00031157709
  -47.6379, -0.0005225646, 0.00031034176
  -47.631445, -0.000595907, 0.00030910643
  -47.631445, -0.0003898308, 0.00030910643
  -47.631445, -0.0003475792, 0.00030910643
  -47.62499, -0.0003639218, 0.00030787109
  -47.62499, -0.0004436418, 0.00030787109
  -47.61208, -0.0006525082, 0.00030540043
  -47.61208, -0.0005094108, 0.00030540043
  -47.605625, -0.0004428446, 0.00030416509
  -47.58626, -0.000500243, 0.0003004591
  -47.579805, -0.0003559498, 0.00029922376
  -47.579805, -0.0004978514, 0.00029922376
  -47.579805, -0.0004898794, 0.00029922376
  -47.579805, -0.0004249076, 0.00029922376
  -47.57335, -0.000544089, 0.00029798843
  -47.57335, -0.000308915, 0.00029798843
  -47.566895, -0.000494264, 0.0002967531
  -47.56044, -0.0004914738, 0.00029551776
  -47.553985, -0.0005058234, 0.00029428243
  -47.553985, -0.0004671592, 0.00029428243
  -47.553985, -0.0005245576, 0.00029428243
  -47.553985, -0.0005185786, 0.00029428243
  -47.54753, -0.0007031304, 0.0002930471
  -47.541075, -0.0004831032, 0.00029181176
  -47.541075, -0.0005891308, 0.00029181176
  -47.53462, -0.0004779214, 0.00029057643
  -47.53462, -0.0006006902, 0.00029057643
  -47.528165, -0.000661676, 0.0002893411
  -47.528165, -0.000426502, 0.0002893411
  -47.528165, -0.0005955084, 0.0002893411
  -47.52171, -0.000456397, 0.00028810577
  -47.52171, -0.0004352712, 0.00028810577
  -47.52171, -0.0003938168, 0.00028810577
  -47.52171, -0.000416537, 0.00028810577
  -47.52171, -0.0004950612, 0.00028810577
  -47.515255, -0.0004209216, 0.00028687043
  -47.515255, -0.0005986972, 0.00028687043
  -47.515255, -0.0004229146, 0.00028687043
  -47.515255, -0.0006664592, 0.00028687043
  -47.515255, -0.0004049776, 0.00028687043
  -47.515255, -0.0006493194, 0.00028687043
  -47.515255, -0.000611851, 0.00028687043
  -47.515255, -0.0005703966, 0.00028687043
  -47.5088, -0.0003495722, 0.0002856351
  -47.5088, -0.0005018374, 0.0002856351
  -47.5088, -0.0004938654, 0.0002856351
  -47.5088, -0.0003982014, 0.0002856351
  -47.5088, -0.0004113552, 0.0002856351
  -47.5088, -0.0005476764, 0.0002856351
  -47.5088, -0.0005636204, 0.0002856351
  -47.5088, -0.0006409488, 0.0002856351
  -47.502345, -0.0003870406, 0.00028439977
  -47.502345, -0.0006210188, 0.00028439977
  -47.502345, -0.0005397044, 0.00028439977
  -47.502345, -0.0004077678, 0.00028439977
  -47.49589, -0.000486292, 0.00028316443
  -47.49589, -0.0005066206, 0.00028316443
  -47.49589, -0.0004938654, 0.00028316443
  -47.49589, -0.000621816, 0.00028316443
  -47.49589, -0.0002726424, 0.00028316443
  -47.49589, -0.0003738868, 0.00028316443
  -47.49589, -0.0005373128, 0.00028316443
  -47.49589, -0.0005137954, 0.00028316443
  -47.489435, -0.0005464806, 0.0002819291
  -47.489435, -0.0003850476, 0.0002819291
  -47.48298, -0.0005668092, 0.00028069377
  -47.48298, -0.000352761, 0.00028069377
  -47.48298, -0.000488285, 0.00028069377
  -47.48298, -0.0005317324, 0.00028069377
  -47.48298, -0.000571991, 0.00028069377
  -47.476525, -0.0005405016, 0.00027945843
  -47.476525, -0.000470348, 0.00027945843
  -47.45716, -0.00045839, 0.00027575244
  -47.450705, -0.0005648162, 0.0002745171
  -47.450705, -0.0005165856, 0.0002745171
  -47.44425, -0.0005452848, 0.00027328177
  -47.44425, -0.0004276978, 0.00027328177
  -47.44425, -0.0004428446, 0.00027328177
  -47.44425, -0.0004432432, 0.00027328177
  -47.437795, -0.0004013902, 0.00027204644
  -47.437795, -0.0005636204, 0.00027204644
  -47.437795, -0.0005317324, 0.00027204644
  -47.437795, -0.0005118024, 0.00027204644
  -47.437795, -0.0006090608, 0.00027204644
  -47.43134, -0.0005014388, 0.0002708111
  -47.43134, -0.000344789, 0.0002708111
  -47.43134, -0.0004448376, 0.0002708111
  -47.43134, -0.0005265506, 0.0002708111
  -47.424885, -0.0004627746, 0.00026957577
  -47.424885, -0.0003635232, 0.00026957577
  -47.424885, -0.0005209702, 0.00026957577
  -47.424885, -0.000344789, 0.00026957577
  -47.424885, -0.000434474, 0.00026957577
  -47.424885, -0.0005285436, 0.00026957577
  -47.424885, -0.0005106066, 0.00026957577
  -47.41843, -0.0004711452, 0.00026834044
  -47.41843, -0.0006166342, 0.00026834044
  -47.41843, -0.0005763756, 0.00026834044
  -47.41843, -0.0002897822, 0.00026834044
  -47.41843, -0.0003934182, 0.00026834044
  -47.41843, -0.0003989986, 0.00026834044
  -47.41843, -0.0004890822, 0.00026834044
  -47.41843, -0.0004846976, 0.00026834044
  -47.41843, -0.000502236, 0.00026834044
  -47.41843, -0.0005751798, 0.00026834044
  -47.41843, -0.0006592844, 0.00026834044
  -47.411975, -0.0003691036, 0.00026710511
  -47.411975, -0.0004101594, 0.00026710511
  -47.411975, -0.0004651662, 0.00026710511
  -47.411975, -0.0006062706, 0.00026710511
  -47.411975, -0.0004819074, 0.00026710511
  -47.411975, -0.0005393058, 0.00026710511
  -47.411975, -0.0005229632, 0.00026710511
  -47.411975, -0.0003862434, 0.00026710511
  -47.411975, -0.0005018374, 0.00026710511
  -47.411975, -0.0005703966, 0.00026710511
  -47.411975, -0.0003814602, 0.00026710511
  -47.40552, -0.0002479292, 0.00026586977
  -47.40552, -0.0003683064, 0.00026586977
  -47.40552, -0.0005349212, 0.00026586977
  -47.40552, -0.0005074178, 0.00026586977
  -47.40552, -0.0004392572, 0.00026586977
  -47.40552, -0.000675627, 0.00026586977
  -47.40552, -0.0003754812, 0.00026586977
  -47.40552, -0.0004890822, 0.00026586977
  -47.40552, -0.0004839004, 0.00026586977
  -47.40552, -0.0004994458, 0.00026586977
  -47.399065, -0.0005775714, 0.00026463444
  -47.399065, -0.0004886836, 0.00026463444
  -47.399065, -0.000362726, 0.00026463444
  -47.399065, -0.0005911238, 0.00026463444
  -47.399065, -0.000492271, 0.00026463444
  -47.399065, -0.0003439918, 0.00026463444
  -47.399065, -0.000502236, 0.00026463444
  -47.399065, -0.0005165856, 0.00026463444
  -47.399065, -0.0006700466, 0.00026463444
  -47.399065, -0.0004771242, 0.00026463444
  -47.399065, -0.0003982014, 0.00026463444
  -47.399065, -0.000195314, 0.00026463444
  -47.39261, -0.0004320824, 0.00026339911
  -47.39261, -0.0004492222, 0.00026339911
  -47.39261, -0.0004886836, 0.00026339911
  -47.39261, -0.0006262006, 0.00026339911
  -47.39261, -0.0005791658, 0.00026339911
  -47.39261, -0.0005688022, 0.00026339911
  -47.39261, -0.0006489208, 0.00026339911
  -47.39261, -0.0005409002, 0.00026339911
  -47.39261, -0.000486292, 0.00026339911
  -47.39261, -0.0005572428, 0.00026339911
  -47.39261, -0.0005871378, 0.00026339911
  -47.39261, -0.0004448376, 0.00026339911
  -47.39261, -0.0005676064, 0.00026339911
  -47.39261, -0.0006612774, 0.00026339911
  -47.39261, -0.0004575928, 0.00026339911
  -47.39261, -0.000601886, 0.00026339911
  -47.39261, -0.0004217188, 0.00026339911
  -47.386155, -0.0005688022, 0.00026216377
  -47.386155, -0.0006102566, 0.00026216377
  -47.386155, -0.0004831032, 0.00026216377
  -47.386155, -0.0004647676, 0.00026216377
  -47.386155, -0.0005289422, 0.00026216377
  -47.386155, -0.000641746, 0.00026216377
  -47.386155, -0.0006469278, 0.00026216377
  -47.386155, -0.0004380614, 0.00026216377
  -47.386155, -0.0005887322, 0.00026216377
  -47.386155, -0.0003543554, 0.00026216377
  -47.386155, -0.000552061, 0.00026216377
  -47.3797, -0.0003850476, 0.00026092844
  -47.3797, -0.0003021388, 0.00026092844
  -47.3797, -0.000442446, 0.00026092844
  -47.3797, -0.0005552498, 0.00026092844
  -47.3797, -0.0005416974, 0.00026092844
  -47.3797, -0.0005110052, 0.00026092844
  -47.3797, -0.0004619774, 0.00026092844
  -47.373245, -0.0006226132, 0.00025969311
  -47.373245, -0.0004619774, 0.00025969311
  -47.373245, -0.0006030818, 0.00025969311
  -47.373245, -0.0003483764, 0.00025969311
  -47.373245, -0.0004619774, 0.00025969311
  -47.373245, -0.000542096, 0.00025969311
  -47.373245, -0.0005735854, 0.00025969311
  -47.373245, -0.0002981528, 0.00025969311
  -47.373245, -0.000546082, 0.00025969311
  -47.36679, -0.000516187, 0.00025845777
  -47.36679, -0.0004089636, 0.00025845777
  -47.36679, -0.0002698522, 0.00025845777
  -47.360335, -0.0005628232, 0.00025722244
  -47.360335, -0.0006110538, 0.00025722244
  -47.360335, -0.0005205716, 0.00025722244
  -47.360335, -0.0004292922, 0.00025722244
  -47.35388, -0.0004480264, 0.00025598711
  -47.35388, -0.0004388586, 0.00025598711
  -47.347425, -0.0004448376, 0.00025475178
  -47.34097, -0.0004360684, 0.00025351644
  -47.34097, -0.0004412502, 0.00025351644
  -47.32806, -0.0003312366, 0.00025104578
  -47.32806, -0.0005225646, 0.00025104578
  -47.31515, -0.0004392572, 0.00024857511
  -47.31515, -0.0004037818, 0.00024857511
  -47.308695, -0.0003479778, 0.00024733978
  -47.30224, -0.0003515652, 0.00024610444
  -47.28933, -0.0005397044, 0.00024363378
  -47.282875, -0.0005125996, 0.00024239845
  -47.269965, -0.0004276978, 0.00023992778
  -47.257055, -0.0003798658, 0.00023745711
  -47.244145, -0.0004488236, 0.00023498645
  -47.23769, -0.0005775714, 0.00023375111
  -47.23769, -0.0001929224, 0.00023375111
  -47.218325, -0.0006026832, 0.00023004512
  -47.218325, -0.00023916, 0.00023004512
  -47.205415, -0.0003890336, 0.00022757445
  -47.19896, -0.000304929, 0.00022633912
  -47.192505, -0.000589928, 0.00022510378
  -47.16023, -0.0005476764, 0.00021892712
  -47.140865, -0.0005110052, 0.00021522112
  -47.13441, -0.000629788, 0.00021398579
  -47.1215, -0.0004269006, 0.00021151512
  -47.1215, -0.0005305366, 0.00021151512
  -47.1215, -0.0005317324, 0.00021151512
  -47.115045, -0.0005189772, 0.00021027979
  -47.102135, -0.0003958098, 0.00020780912
  -47.09568, -0.0004631732, 0.00020657379
  -47.076315, -0.00049825, 0.00020286779
  -47.063405, -0.0004009916, 0.00020039712
  -47.05695, -0.0004153412, 0.00019916179
  -47.050495, -0.0003651176, 0.00019792646
  -47.050495, -0.000564019, 0.00019792646
  -47.00531, -0.000286992, 0.00018927913
  -47.00531, -0.0005173828, 0.00018927913
  -46.973035, -0.0004755298, 0.00018310246
  -46.96658, -0.0004440404, 0.00018186713
  -46.960125, -0.0003364184, 0.0001806318
  -46.94076, -0.000472341, 0.0001769258
  -46.934305, -0.0004679564, 0.00017569046
  -46.921395, -0.0006449348, 0.0001732198
  -46.90203, -0.0005289422, 0.0001695138
  -46.88912, -0.0005528582, 0.00016704313
  -46.8633, -0.0004352712, 0.0001621018
  -46.85039, -0.000589928, 0.00015963114
  -46.83748, -0.0005971028, 0.00015716047
  -46.82457, -0.0003041318, 0.0001546898
  -46.818115, -0.0005428932, 0.00015345447
  -46.792295, -0.000284999, 0.00014851314
  -46.779385, -0.000568005, 0.00014604247
  -46.753565, -0.0002838032, 0.00014110114
  -46.740655, -0.0004607816, 0.00013863047
  -46.727745, -0.0004109566, 0.00013615981
  -46.727745, -0.0004918724, 0.00013615981
  -46.689015, -0.0002403558, 0.00012874781
  -46.68256, -0.0003774742, 0.00012751248
  -46.676105, -0.0005034318, 0.00012627714
  -46.64383, -0.00021923, 0.00012010048
  -46.63092, -0.0005436904, 0.00011762981
  -46.611555, -0.000253111, 0.00011392382
  -46.59219, -0.000404579, 0.00011021782
  -46.57928, -0.0004400544, 0.00010774715
  -46.56637, -0.0003970056, 0.00010527648
  -46.52764, -0.0003543554, 9.7864486e-05
  -46.521185, -0.0005393058, 9.6629153e-05
  -46.508275, -0.0002758312, 9.4158487e-05
  -46.482455, -0.0004157398, 8.9217155e-05
  -46.476, -0.0002997472, 8.7981822e-05
  -46.443725, -0.0004727396, 8.1805158e-05
  -46.43727, -0.0003814602, 8.0569825e-05
  -46.417905, -0.0004253062, 7.6863826e-05
  -46.417905, -0.0004121524, 7.6863826e-05
  -46.39854, -0.000442446, 7.3157827e-05
  -46.392085, -0.000390628, 7.1922494e-05
  -46.35981, -0.0005971028, 6.5745829e-05
  -46.3469, -0.000277027, 6.3275163e-05
  -46.33399, -0.0007358156, 6.0804497e-05
  -46.29526, -0.0003635232, 5.3392499e-05
  -46.28235, -0.0005125996, 5.0921833e-05
  -46.28235, -0.0003762784, 5.0921833e-05
  -46.26944, -0.0002706494, 4.8451167e-05
  -46.262985, -0.0005345226, 4.7215834e-05
  -46.24362, -0.0004213202, 4.3509835e-05
  -46.211345, -0.0004970542, 3.733317e-05
  -46.17907, -0.000241153, 3.1156505e-05
  -46.17907, -0.000528145, 3.1156505e-05
  -46.15325, -0.0002108594, 2.6215173e-05
  -46.15325, -0.0003738868, 2.6215173e-05
  -46.14034, -0.0002913766, 2.3744507e-05
  -46.12743, -0.0002439432, 2.1273841e-05
  -46.11452, -0.000462376, 1.8803175e-05
  -46.11452, -0.0004428446, 1.8803175e-05
  -46.082245, -0.0003842504, 1.262651e-05
  -46.07579, -0.0002913766, 1.1391177e-05
  -46.06288, -0.000209265, 8.9205115e-06
  -46.056425, -0.000556047, 7.6851785e-06
  -46.03706, -0.0004532082, 3.9791795e-06
  -46.03706, -0.0001801672, 3.9791795e-06
  -46.030605, -0.000414544, 2.7438466e-06
  -46.02415, -0.0004695508, 1.5085136e-06
  -46.017695, -8.41046e-05, 2.7318059e-07
  -45.99833, -0.0004412502, -3.4328184e-06
  -45.97251, -0.0003491736, -8.3741503e-06
  -45.9596, -0.0004101594, -1.0844816e-05
  -45.94669, -0.0004420474, -1.3315482e-05
  -45.94669, -0.000155454, -1.3315482e-05
  -45.94669, -0.000324859, -1.3315482e-05
  -45.94669, -0.000255104, -1.3315482e-05
  -45.940235, -0.0003491736, -1.4550815e-05
  -45.93378, -0.0004081664, -1.5786148e-05
  -45.901505, -0.0003834532, -2.1962813e-05
  -45.901505, -0.0001622302, -2.1962813e-05
  -45.89505, -0.000476327, -2.3198146e-05
  -45.875685, -0.0003539568, -2.6904145e-05
  -45.875685, -0.0004033832, -2.6904145e-05
  -45.875685, -0.0002758312, -2.6904145e-05
  -45.862775, -0.0005329282, -2.9374811e-05
  -45.85632, -0.0003256562, -3.0610144e-05
  -45.849865, -0.0003172856, -3.1845477e-05
  -45.836955, -0.0005094108, -3.4316143e-05
  -45.8305, -0.0003400058, -3.5551476e-05
  -45.81759, -0.0004631732, -3.8022142e-05
  -45.81759, -0.0004201244, -3.8022142e-05
  -45.80468, -0.0004930682, -4.0492808e-05
  -45.80468, -0.0004930682, -4.0492808e-05
  -45.785315, -0.0003423974, -4.4198807e-05
  -45.785315, -0.0005990958, -4.4198807e-05
  -45.77886, -0.0003651176, -4.543414e-05
  -45.77886, -0.0004727396, -4.543414e-05
  -45.77886, -0.0003435932, -4.543414e-05
  -45.76595, -0.0002981528, -4.7904806e-05
  -45.76595, -0.0004691522, -4.7904806e-05
  -45.759495, -0.0001985028, -4.9140139e-05
  -45.759495, -0.0003810616, -4.9140139e-05
  -45.75304, -0.00031888, -5.0375472e-05
  -45.75304, -0.0004631732, -5.0375472e-05
  -45.746585, -0.0003679078, -5.1610805e-05
  -45.74013, -0.00045839, -5.2846138e-05
  -45.74013, -0.0002726424, -5.2846138e-05
  -45.74013, -0.0005564456, -5.2846138e-05
  -45.74013, -0.0005636204, -5.2846138e-05
  -45.733675, -0.000362726, -5.4081471e-05
  -45.733675, -0.0005177814, -5.4081471e-05
  -45.733675, -0.0005217674, -5.4081471e-05
  -45.733675, -0.0004831032, -5.4081471e-05
  -45.733675, -0.0005711938, -5.4081471e-05
  -45.733675, -0.0004619774, -5.4081471e-05
  -45.733675, -0.0002555026, -5.4081471e-05
  -45.72722, -0.0005656134, -5.5316804e-05
  -45.72722, -0.0005512638, -5.5316804e-05
  -45.72722, -0.0002762298, -5.5316804e-05
  -45.72722, -0.000476327, -5.5316804e-05
  -45.72722, -0.0004854948, -5.5316804e-05
  -45.720765, -0.000502236, -5.6552137e-05
  -45.720765, -0.0002307894, -5.6552137e-05
  -45.720765, -0.0004241104, -5.6552137e-05
  -45.71431, -0.0002204258, -5.778747e-05
  -45.71431, -0.0004711452, -5.778747e-05
  -45.71431, -0.0003738868, -5.778747e-05
  -45.71431, -0.0004926696, -5.778747e-05
  -45.71431, -0.0003938168, -5.778747e-05
  -45.707855, -0.0005444876, -5.9022803e-05
  -45.707855, -0.0004886836, -5.9022803e-05
  -45.707855, -0.0005947112, -5.9022803e-05
  -45.707855, -0.0004400544, -5.9022803e-05
  -45.707855, -0.000462376, -5.9022803e-05
  -45.707855, -0.0004827046, -5.9022803e-05
  -45.707855, -0.0003651176, -5.9022803e-05
  -45.707855, -0.0003360198, -5.9022803e-05
  -45.707855, -0.0004579914, -5.9022803e-05
  -45.7014, -0.0003073206, -6.0258136e-05
  -45.7014, -0.0003683064, -6.0258136e-05
  -45.7014, -0.0003842504, -6.0258136e-05
  -45.7014, -0.000360733, -6.0258136e-05
  -45.7014, -0.0005277464, -6.0258136e-05
  -45.694945, -0.0004607816, -6.1493469e-05
  -45.694945, -0.0005484736, -6.1493469e-05
  -45.694945, -0.000314894, -6.1493469e-05
  -45.694945, -0.0004197258, -6.1493469e-05
  -45.694945, -0.0002076706, -6.1493469e-05
  -45.694945, -0.000404579, -6.1493469e-05
  -45.694945, -0.0005133968, -6.1493469e-05
  -45.694945, -0.0003603344, -6.1493469e-05
  -45.694945, -0.000406572, -6.1493469e-05
  -45.68849, -0.0005512638, -6.2728802e-05
  -45.68849, -0.000512201, -6.2728802e-05
  -45.68849, -0.000229195, -6.2728802e-05
  -45.68849, -0.0003065234, -6.2728802e-05
  -45.682035, -0.0004946626, -6.3964135e-05
  -45.682035, -0.0004591872, -6.3964135e-05
  -45.682035, -0.0006082636, -6.3964135e-05
  -45.682035, -0.0002953626, -6.3964135e-05
  -45.682035, -0.0003691036, -6.3964135e-05
  -45.67558, -0.0003380128, -6.5199468e-05
  -45.656215, -0.0004352712, -6.8905466e-05
  -45.64976, -0.0002395586, -7.0140799e-05
  -45.63685, -0.0003742854, -7.2611465e-05
  -45.62394, -0.0003356212, -7.5082131e-05
  -45.62394, -0.0002040832, -7.5082131e-05
  -45.62394, -0.000440453, -7.5082131e-05
  -45.617485, -0.0003675092, -7.6317464e-05
  -45.617485, -0.0001403072, -7.6317464e-05
  -45.617485, -0.000354754, -7.6317464e-05
  -45.617485, -0.0004133482, -7.6317464e-05
  -45.617485, -0.000494264, -7.6317464e-05
  -45.617485, -0.0003419988, -7.6317464e-05
  -45.617485, -0.0005452848, -7.6317464e-05
  -45.617485, -0.0004639704, -7.6317464e-05
  -45.61103, -0.0002224188, -7.7552797e-05
  -45.61103, -0.0003013416, -7.7552797e-05
  -45.604575, -0.0004755298, -7.878813e-05
  -45.604575, -0.0004699494, -7.878813e-05
  -45.604575, -0.0007023332, -7.878813e-05
  -45.604575, -0.0005193758, -7.878813e-05
  -45.604575, -0.0005612288, -7.878813e-05
  -45.59812, 5.46082e-05, -8.0023463e-05
  -45.59812, -0.0001411044, -8.0023463e-05
  -45.59812, -0.000324859, -8.0023463e-05
  -45.59812, -0.0004559984, -8.0023463e-05
  -45.591665, -0.0003794672, -8.1258796e-05
  -45.591665, -0.000372691, -8.1258796e-05
  -45.591665, -0.0005735854, -8.1258796e-05
  -45.591665, -0.0005349212, -8.1258796e-05
  -45.591665, -0.0004767256, -8.1258796e-05
  -45.591665, -0.0001642232, -8.1258796e-05
  -45.58521, -0.000568005, -8.2494129e-05
  -45.58521, -0.0003360198, -8.2494129e-05
  -45.58521, -0.0002778242, -8.2494129e-05
  -45.58521, -0.0004480264, -8.2494129e-05
  -45.58521, -0.0003958098, -8.2494129e-05
  -45.58521, -0.0004711452, -8.2494129e-05
  -45.58521, -0.000177377, -8.2494129e-05
  -45.58521, -0.0005189772, -8.2494129e-05
  -45.578755, -0.000512201, -8.3729462e-05
  -45.578755, -0.0004213202, -8.3729462e-05
  -45.578755, -0.000384649, -8.3729462e-05
  -45.578755, -0.0004866906, -8.3729462e-05
  -45.578755, -0.0003898308, -8.3729462e-05
  -45.578755, -0.00037867, -8.3729462e-05
  -45.5723, -0.0005325296, -8.4964795e-05
  -45.5723, -0.0004189286, -8.4964795e-05
  -45.5723, -0.0003372156, -8.4964795e-05
  -45.5723, -0.0003718938, -8.4964795e-05
  -45.5723, -0.000568005, -8.4964795e-05
  -45.5723, -0.000434474, -8.4964795e-05
  -45.565845, -0.0004041804, -8.6200128e-05
  -45.565845, -0.000625802, -8.6200128e-05
  -45.565845, -0.0005416974, -8.6200128e-05
  -45.565845, -0.000446432, -8.6200128e-05
  -45.565845, -0.000410558, -8.6200128e-05
  -45.565845, -0.0004217188, -8.6200128e-05
  -45.565845, -0.0004468306, -8.6200128e-05
  -45.565845, -0.0004739354, -8.6200128e-05
  -45.565845, -0.0004815088, -8.6200128e-05
  -45.565845, -0.0001227688, -8.6200128e-05
  -45.565845, -0.000296957, -8.6200128e-05
  -45.565845, -0.0004416488, -8.6200128e-05
  -45.565845, -0.0004436418, -8.6200128e-05
  -45.55939, -0.0002435446, -8.7435461e-05
  -45.55939, -0.0007864378, -8.7435461e-05
  -45.55939, -0.0002957612, -8.7435461e-05
  -45.55939, -0.000436467, -8.7435461e-05
  -45.55939, -0.0003296422, -8.7435461e-05
  -45.552935, -0.0004807116, -8.8670794e-05
  -45.552935, -0.0003340268, -8.8670794e-05
  -45.552935, -0.0004340754, -8.8670794e-05
  -45.552935, -0.0003292436, -8.8670794e-05
  -45.552935, -0.000665662, -8.8670794e-05
  -45.552935, -0.0004352712, -8.8670794e-05
  -45.552935, -0.0005169842, -8.8670794e-05
  -45.552935, -0.0003714952, -8.8670794e-05
  -45.552935, -0.000583949, -8.8670794e-05
  -45.54648, -0.0004508166, -8.9906127e-05
  -45.54648, -0.0005755784, -8.9906127e-05
  -45.54648, -0.0006086622, -8.9906127e-05
  -45.54648, -0.0003324324, -8.9906127e-05
  -45.54648, -0.0003555512, -8.9906127e-05
  -45.54648, -0.0003623274, -8.9906127e-05
  -45.54648, -0.0006054734, -8.9906127e-05
  -45.54648, -0.0005094108, -8.9906127e-05
  -45.54648, -0.0004400544, -8.9906127e-05
  -45.540025, -0.0003053276, -9.114146e-05
  -45.540025, -0.0006461306, -9.114146e-05
  -45.540025, -0.0004990472, -9.114146e-05
  -45.540025, -0.0005676064, -9.114146e-05
  -45.53357, -0.0004456348, -9.2376793e-05
  -45.53357, -0.0004831032, -9.2376793e-05
  -45.53357, -0.0004540054, -9.2376793e-05
  -45.53357, -0.0004488236, -9.2376793e-05
  -45.53357, -0.0005030332, -9.2376793e-05
  -45.53357, -0.0005787672, -9.2376793e-05
  -45.53357, -0.0004288936, -9.2376793e-05
  -45.53357, -0.0006780186, -9.2376793e-05
  -45.527115, -4.82306e-05, -9.3612126e-05
  -45.527115, -0.0007505638, -9.3612126e-05
  -45.527115, -0.0004691522, -9.3612126e-05
  -45.527115, -0.000556047, -9.3612126e-05
  -45.527115, -0.000540103, -9.3612126e-05
  -45.527115, -0.0001961112, -9.3612126e-05
  -45.52066, -0.0004416488, -9.4847459e-05
  -45.52066, -0.0003061248, -9.4847459e-05
  -45.52066, -0.0003778728, -9.4847459e-05
  -45.52066, -0.0003392086, -9.4847459e-05
  -45.52066, -0.000368705, -9.4847459e-05
  -45.52066, -0.0004081664, -9.4847459e-05
  -45.52066, -0.0004241104, -9.4847459e-05
  -45.514205, -0.0004276978, -9.6082792e-05
  -45.514205, -0.0003782714, -9.6082792e-05
  -45.514205, -0.0005608302, -9.6082792e-05
  -45.514205, -0.0002853976, -9.6082792e-05
  -45.514205, -0.0003200758, -9.6082792e-05
  -45.50775, -0.0004559984, -9.7318125e-05
  -45.50775, -0.0004854948, -9.7318125e-05
  -45.501295, -0.0003758798, -9.8553458e-05
  -45.501295, -0.0003611316, -9.8553458e-05
  -45.501295, -0.0004567956, -9.8553458e-05
  -45.501295, -0.0005604316, -9.8553458e-05
  -45.49484, -0.000328845, -9.9788791e-05
  -45.48193, -0.0003132996, -0.00010225946
  -45.475475, -0.0004089636, -0.00010349479
  -45.46902, -0.0003862434, -0.00010473012
  -45.46902, -0.0002973556, -0.00010473012
  -45.462565, -0.0004611802, -0.00010596546
  -45.4432, -0.0002634746, -0.00010967145
  -45.4432, -0.0001706008, -0.00010967145
  -45.436745, -0.0004906766, -0.00011090679
  -45.43029, -0.0002574956, -0.00011214212
  -45.423835, -0.0004308866, -0.00011337745
  -45.410925, -0.0002447404, -0.00011584812
  -45.410925, -0.0003599358, -0.00011584812
  -45.398015, -0.0003519638, -0.00011831879
  -45.39156, -0.0002519152, -0.00011955412
  -45.37865, -0.0003639218, -0.00012202478
  -45.36574, -0.0004237118, -0.00012449545
  -45.346375, -0.0006265992, -0.00012820145
  -45.346375, -0.00049825, -0.00012820145
  -45.333465, -0.0005177814, -0.00013067212
  -45.333465, -0.0004496208, -0.00013067212
  -45.333465, -0.0005038304, -0.00013067212
  -45.32701, -0.0005656134, -0.00013190745
  -45.3141, -0.0003699008, -0.00013437811
  -45.307645, -0.000512201, -0.00013561345
  -45.307645, -0.0005428932, -0.00013561345
  -45.30119, -0.0004077678, -0.00013684878
  -45.27537, -0.0002140482, -0.00014179011
  -45.268915, -0.0005723896, -0.00014302545
  -45.26246, -0.000396607, -0.00014426078
  -45.256005, -0.000382656, -0.00014549611
  -45.24955, -0.000384649, -0.00014673144
  -45.243095, -0.0003958098, -0.00014796678
  -45.243095, -0.0004221174, -0.00014796678
  -45.23664, -0.0005636204, -0.00014920211
  -45.191455, -0.0003117052, -0.00015784944
  -45.191455, -0.000436467, -0.00015784944
  -45.165635, -0.0001438946, -0.00016279077
  -45.15918, -0.0002120552, -0.00016402611
  -45.152725, -0.0002798172, -0.00016526144
  -45.152725, -0.0003702994, -0.00016526144
  -45.12045, -0.000207272, -0.0001714381
  -45.09463, -0.0002877892, -0.00017637944
  -45.088175, -0.000366712, -0.00017761477
  -45.075265, -0.0004400544, -0.00018008544
  -45.0559, -0.000524159, -0.00018379143
  -45.049445, -0.0004360684, -0.00018502677
  -45.023625, -0.0003679078, -0.0001899681
  -45.01717, -0.0002283978, -0.00019120343
  -44.984895, -0.0004069706, -0.0001973801
  -44.984895, -0.0004153412, -0.0001973801
  -44.959075, -0.0002885864, -0.00020232143
  -44.95262, -0.0004428446, -0.00020355676
  -44.93971, -0.0003360198, -0.00020602743
  -44.91389, -0.0005947112, -0.00021096876
  -44.91389, -0.000520173, -0.00021096876
  -44.87516, -0.0005189772, -0.00021838076
  -44.855795, -0.0004436418, -0.00022208676
  -44.842885, -0.0004261034, -0.00022455742
  -44.804155, -0.0004839004, -0.00023196942
  -44.7977, -0.0007027318, -0.00023320475
  -44.7977, -0.0004121524, -0.00023320475
  -44.74606, -0.0004998444, -0.00024308742
  -44.74606, -0.0005895294, -0.00024308742
  -44.700875, -0.0005114038, -0.00025173475
  -44.700875, -0.0003738868, -0.00025173475
  -44.700875, -0.0004874878, -0.00025173475
  -44.662145, -0.0002168384, -0.00025914675
  -44.65569, -0.0003822574, -0.00026038208
  -44.636325, -0.0003675092, -0.00026408808
  -44.62987, -0.0003814602, -0.00026532341
  -44.61696, -0.0004978514, -0.00026779408
  -44.571775, -0.0002981528, -0.00027644141
  -44.56532, -0.0003240618, -0.00027767674
  -44.545955, -0.0003184814, -0.00028138274
  -44.5395, -0.0002144468, -0.00028261807
  -44.52659, -0.00033881, -0.00028508874
  -44.50077, -0.000386642, -0.00029003007
  -44.494315, -0.0001191814, -0.0002912654
  -44.48786, -0.000404579, -0.00029250074
  -44.481405, -0.000308915, -0.00029373607
  -44.46204, -0.000346782, -0.00029744207
  -44.44913, -0.0002582928, -0.00029991273
  -44.442675, -0.000380663, -0.00030114807
  -44.429765, -0.0005604316, -0.00030361873
  -44.416855, -0.0005149912, -0.0003060894
  -44.403945, -0.0003412016, -0.00030856007
  -44.37167, -0.0004679564, -0.00031473673
  -44.35876, -0.0004651662, -0.0003172074
  -44.352305, -0.0002774256, -0.00031844273
  -44.326485, -0.0002016916, -0.00032338406
  -44.32003, -0.0004316838, -0.00032461939
  -44.29421, -0.000426502, -0.00032956073
  -44.274845, -0.0005365156, -0.00033326672
  -44.274845, -0.0002706494, -0.00033326672
  -44.274845, -0.000364719, -0.00033326672
  -44.25548, -0.0003997958, -0.00033697272
  -44.24257, -0.0004512152, -0.00033944339
  -44.223205, -0.0003978028, -0.00034314939
  -44.184475, -0.0004571942, -0.00035056139
  -44.158655, -0.0004388586, -0.00035550272
  -44.1522, -0.000420523, -0.00035673805
  -44.145745, -0.0004197258, -0.00035797338
  -44.13929, -0.0003802644, -0.00035920872
  -44.13929, -0.0004659634, -0.00035920872
  -44.107015, -0.000187342, -0.00036538538
  -44.107015, -0.0004296908, -0.00036538538
  -44.094105, -0.0005034318, -0.00036785605
  -44.068285, -0.0004448376, -0.00037279738
  -44.068285, -0.0002495236, -0.00037279738
  -44.055375, -0.00029895, -0.00037526805
  -44.042465, -0.0003870406, -0.00037773871
  -44.03601, -0.0003515652, -0.00037897405
  -44.03601, -0.0003615302, -0.00037897405
  -44.016645, -0.0001877406, -0.00038268004
  -44.016645, -0.0002375656, -0.00038268004
  -44.003735, -0.0002419502, -0.00038515071
  -44.003735, -0.0003798658, -0.00038515071
  -43.99728, -0.000472341, -0.00038638604
  -43.990825, -0.000376677, -0.00038762138
  -43.977915, -0.0003563484, -0.00039009204
  -43.977915, -0.0004978514, -0.00039009204
  -43.97146, -0.0003954112, -0.00039132738
  -43.952095, -0.0002718452, -0.00039503337
  -43.952095, -0.0004197258, -0.00039503337
  -43.93273, -0.0003256562, -0.00039873937
  -43.93273, -0.0005046276, -0.00039873937
  -43.926275, -0.000542096, -0.00039997471
  -43.91982, -0.000392621, -0.00040121004
  -43.91982, -0.0002893836, -0.00040121004
  -43.91982, -0.0001367198, -0.00040121004
  -43.91982, -0.000400593, -0.00040121004
  -43.913365, -0.000310908, -0.00040244537
  -43.913365, -0.0003435932, -0.00040244537
  -43.913365, -0.000500243, -0.00040244537
  -43.913365, -0.0003531596, -0.00040244537
  -43.913365, -0.000482306, -0.00040244537
  -43.913365, -0.000281013, -0.00040244537
  -43.90691, -0.0003256562, -0.00040368071
  -43.90691, -0.000292971, -0.00040368071
  -43.90691, -0.0003770756, -0.00040368071
  -43.90691, -0.0003244604, -0.00040368071
  -43.900455, -0.0002200272, -0.00040491604
  -43.900455, -0.0004408516, -0.00040491604
  -43.900455, -0.0001869434, -0.00040491604
  -43.900455, -0.0003396072, -0.00040491604
  -43.900455, -0.0003770756, -0.00040491604
  -43.900455, -0.0003443904, -0.00040491604
  -43.900455, -0.0002626774, -0.00040491604
  -43.900455, -0.00061783, -0.00040491604
  -43.900455, -0.000340803, -0.00040491604
  -43.900455, -0.0001379156, -0.00040491604
  -43.894, -0.0001407058, -0.00040615137
  -43.894, -0.000171398, -0.00040615137
  -43.894, -0.000277027, -0.00040615137
  -43.894, -0.0006724382, -0.00040615137
  -43.887545, -0.0002216216, -0.0004073867
  -43.887545, -0.000366712, -0.0004073867
  -43.887545, -0.0002383628, -0.0004073867
  -43.887545, -0.0003738868, -0.0004073867
  -43.887545, -0.0002495236, -0.0004073867
  -43.88109, -0.0001159926, -0.00040862204
  -43.88109, -0.0003324324, -0.00040862204
  -43.874635, -0.0003910266, -0.00040985737
  -43.874635, -0.000595907, -0.00040985737
  -43.874635, -0.000115594, -0.00040985737
  -43.874635, -0.0002738382, -0.00040985737
  -43.874635, -0.000332831, -0.00040985737
  -43.86818, -0.000372691, -0.0004110927
  -43.86818, -0.0002419502, -0.0004110927
  -43.861725, -0.0005369142, -0.00041232804
  -43.861725, -0.0004747326, -0.00041232804
  -43.861725, -0.00037867, -0.00041232804
  -43.861725, -0.0002164398, -0.00041232804
  -43.85527, -0.0005369142, -0.00041356337
  -43.85527, -0.0005528582, -0.00041356337
  -43.85527, -0.000426502, -0.00041356337
  -43.85527, -0.000526152, -0.00041356337
  -43.848815, -0.0004587886, -0.0004147987
  -43.848815, -0.0005564456, -0.0004147987
  -43.848815, -0.0001622302, -0.0004147987
  -43.848815, -0.0002268034, -0.0004147987
  -43.848815, -0.0002060762, -0.0004147987
  -43.84236, -0.0003180828, -0.00041603403
  -43.84236, -0.0002375656, -0.00041603403
  -43.84236, -0.0001311394, -0.00041603403
  -43.84236, -0.0002068734, -0.00041603403
  -43.84236, -0.0002881878, -0.00041603403
  -43.835905, -0.00051818, -0.00041726937
  -43.835905, -0.0002897822, -0.00041726937
  -43.835905, -0.0004217188, -0.00041726937
  -43.835905, -0.000302936, -0.00041726937
  -43.82945, -0.0004137468, -0.0004185047
  -43.82945, -0.0001187828, -0.0004185047
  -43.82945, -0.0002176356, -0.0004185047
  -43.82945, -0.0003180828, -0.0004185047
  -43.82945, -0.0003344254, -0.0004185047
  -43.822995, -0.0002220202, -0.00041974003
  -43.822995, -0.0004595858, -0.00041974003
  -43.822995, -0.000201293, -0.00041974003
  -43.822995, -0.0003396072, -0.00041974003
  -43.822995, -0.0001331324, -0.00041974003
  -43.822995, -4.66362e-05, -0.00041974003
  -43.822995, -0.0004555998, -0.00041974003
  -43.822995, -0.0004380614, -0.00041974003
  -43.81654, -0.0003125024, -0.00042097537
  -43.81654, -0.0003400058, -0.00042097537
  -43.81654, -0.000364719, -0.00042097537
  -43.81654, -0.0004376628, -0.00042097537
  -43.81654, -0.0003304394, -0.00042097537
  -43.81654, -0.0002893836, -0.00042097537
  -43.81654, -0.0004739354, -0.00042097537
  -43.81654, -0.000255104, -0.00042097537
  -43.81654, -0.0006210188, -0.00042097537
  -43.810085, -0.0003515652, -0.0004222107
  -43.810085, -0.0002638732, -0.0004222107
  -43.810085, -0.0003224674, -0.0004222107
  -43.810085, -0.00017937, -0.0004222107
  -43.810085, -0.000446432, -0.0004222107
  -43.810085, -0.0005692008, -0.0004222107
  -43.810085, -0.0002905794, -0.0004222107
  -43.810085, -0.0003117052, -0.0004222107
  -43.810085, -0.000147482, -0.0004222107
  -43.810085, -0.0001550554, -0.0004222107
  -43.810085, -0.0002762298, -0.0004222107
  -43.810085, -0.0002694536, -0.0004222107
  -43.810085, -0.0002861948, -0.0004222107
  -43.80363, -0.0004791172, -0.00042344603
  -43.80363, -0.0002842018, -0.00042344603
  -43.80363, -0.0002562998, -0.00042344603
  -43.80363, -0.0003184814, -0.00042344603
  -43.80363, -0.0003152926, -0.00042344603
  -43.80363, -0.0004819074, -0.00042344603
  -43.80363, -0.0002802158, -0.00042344603
  -43.80363, -0.0003591386, -0.00042344603
  -43.797175, -0.0001921252, -0.00042468137
  -43.797175, -0.0002917752, -0.00042468137
  -43.797175, -0.0004189286, -0.00042468137
  -43.79072, 4.34474e-05, -0.0004259167
  -43.79072, -0.000344789, -0.0004259167
  -43.79072, -0.0004890822, -0.0004259167
  -43.79072, -0.0003655162, -0.0004259167
  -43.79072, -0.0004077678, -0.0004259167
  -43.79072, -0.0004567956, -0.0004259167
  -43.79072, -0.0005173828, -0.0004259167
  -43.79072, -0.0004874878, -0.0004259167
  -43.79072, -0.0001741882, -0.0004259167
  -43.784265, -0.0004340754, -0.00042715203
  -43.784265, -0.0004779214, -0.00042715203
  -43.784265, -0.0003830546, -0.00042715203
  -43.784265, -0.0003997958, -0.00042715203
  -43.784265, -0.000273041, -0.00042715203
  -43.784265, -0.0004209216, -0.00042715203
  -43.784265, -0.0001829574, -0.00042715203
  -43.77781, -0.000400593, -0.00042838736
  -43.77781, -0.0002921738, -0.00042838736
  -43.77781, -0.0004548026, -0.00042838736
  -43.77781, -0.0003758798, -0.00042838736
  -43.77781, -0.000520173, -0.00042838736
  -43.77781, -0.00023916, -0.00042838736
  -43.77781, -0.0003332296, -0.00042838736
  -43.771355, -0.0003659148, -0.0004296227
  -43.771355, -0.0003758798, -0.0004296227
  -43.771355, -0.0006469278, -0.0004296227
  -43.771355, -0.0002499222, -0.0004296227
  -43.771355, -0.0001885378, -0.0004296227
  -43.771355, -0.0003244604, -0.0004296227
  -43.7649, -0.0002861948, -0.00043085803
  -43.7649, -0.0003543554, -0.00043085803
  -43.7649, -0.0006867878, -0.00043085803
  -43.7649, -0.0004619774, -0.00043085803
  -43.7649, -5.46082e-05, -0.00043085803
  -43.758445, -0.000193321, -0.00043209336
  -43.758445, -0.0002104608, -0.00043209336
  -43.758445, -0.0004360684, -0.00043209336
  -43.758445, -0.0004731382, -0.00043209336
  -43.758445, -0.0002100622, -0.00043209336
  -43.758445, -0.000440453, -0.00043209336
  -43.758445, -0.000364719, -0.00043209336
  -43.758445, -4.22516e-05, -0.00043209336
  -43.75199, -0.0001797686, -0.0004333287
  -43.75199, -0.0002762298, -0.0004333287
  -43.75199, -0.0004639704, -0.0004333287
  -43.75199, -0.0003842504, -0.0004333287
  -43.745535, -0.0002435446, -0.00043456403
  -43.745535, -0.0005110052, -0.00043456403
  -43.745535, -0.0005106066, -0.00043456403
  -43.745535, -0.0002917752, -0.00043456403
  -43.745535, -0.0006624732, -0.00043456403
  -43.745535, -0.0001801672, -0.00043456403
  -43.745535, -0.0002307894, -0.00043456403
  -43.745535, -0.0002044818, -0.00043456403
  -43.73908, -0.0001949154, -0.00043579936
  -43.732625, -0.0002822088, -0.0004370347
  -43.732625, -0.0004320824, -0.0004370347
  -43.72617, -0.0002084678, -0.00043827003
  -43.72617, -0.0002758312, -0.00043827003
  -43.72617, -0.000213251, -0.00043827003
  -43.72617, -0.0001897336, -0.00043827003
  -43.719715, -0.0004356698, -0.00043950536
  -43.719715, -0.0006652634, -0.00043950536
  -43.719715, -0.000434474, -0.00043950536
  -43.71326, -0.000486292, -0.00044074069
  -43.71326, -0.0003862434, -0.00044074069
  -43.71326, -0.0003312366, -0.00044074069
  -43.706805, -0.0003324324, -0.00044197603
  -43.706805, -0.00047832, -0.00044197603
  -43.706805, -0.0004308866, -0.00044197603
  -43.70035, -0.0003236632, -0.00044321136
  -43.70035, -1.95314e-05, -0.00044321136
  -43.693895, -0.0005209702, -0.00044444669
  -43.68744, -9.12794e-05, -0.00044568203
  -43.66162, -0.0004452362, -0.00045062336
  -43.655165, -0.000522166, -0.00045185869
  -43.655165, -0.0002802158, -0.00045185869
  -43.655165, -0.0002606844, -0.00045185869
  -43.64871, -0.0004101594, -0.00045309402
  -43.64871, -0.0003105094, -0.00045309402
  -43.642255, -0.0003882364, -0.00045432936
  -43.629345, -0.0001996986, -0.00045680002
  -43.62289, -0.0005528582, -0.00045803536
  -43.616435, -0.0003679078, -0.00045927069
  -43.616435, -0.0005237604, -0.00045927069
  -43.616435, -0.0002076706, -0.00045927069
  -43.603525, -0.000394614, -0.00046174136
  -43.590615, -0.000468355, -0.00046421202
  -43.57125, -0.0004567956, -0.00046791802
  -43.57125, -0.0002367684, -0.00046791802
  -43.538975, -0.000382656, -0.00047409469
  -43.538975, -0.0002100622, -0.00047409469
  -43.526065, -0.0003280478, -0.00047656535
  -43.5067, -0.000251118, -0.00048027135
  -43.500245, -0.0001602372, -0.00048150668
  -43.500245, -8.88878e-05, -0.00048150668
  -43.500245, -0.0003714952, -0.00048150668
  -43.474425, -0.0004627746, -0.00048644801
  -43.45506, 4.46432e-05, -0.00049015401
  -43.45506, -0.0006429418, -0.00049015401
  -43.45506, -0.0004392572, -0.00049015401
  -43.448605, -0.0001905308, -0.00049138935
  -43.435695, -0.0002216216, -0.00049386001
  -43.42924, -0.000263076, -0.00049509535
  -43.42924, -0.000145489, -0.00049509535
  -43.42924, -0.0003017402, -0.00049509535
  -43.396965, -0.0004101594, -0.00050127201
  -43.39051, -0.000229195, -0.00050250734
  -43.36469, -0.0003136982, -0.00050744868
  -43.36469, -0.0002877892, -0.00050744868
  -43.35178, -0.0003989986, -0.00050991934
  -43.332415, -0.0002335796, -0.00051362534
  -43.306595, -9.44682e-05, -0.00051856667
  -43.30014, -0.0002638732, -0.00051980201
  -43.30014, -9.00836e-05, -0.00051980201
  -43.293685, -0.0002694536, -0.00052103734
  -43.254955, -0.0004021874, -0.00052844934
  -43.254955, -1.11608e-05, -0.00052844934
  -43.20977, -0.0003495722, -0.00053709667
  -43.203315, -0.000404579, -0.000538332
  -43.19686, -0.0004237118, -0.00053956733
  -43.190405, -0.0004739354, -0.00054080267
  -43.17104, -0.0003962084, -0.00054450867
  -43.15813, 1.15594e-05, -0.00054697933
  -43.14522, -0.000197307, -0.00054945
  -43.14522, -0.0001064262, -0.00054945
  -43.138765, -3.46782e-05, -0.00055068533
  -43.1194, -0.0001658176, -0.00055439133
  -43.087125, -0.0003539568, -0.00056056799
  -43.05485, -0.0003583414, -0.00056674466
  -43.048395, -0.0001259576, -0.00056797999
  -43.04194, -0.0006688508, -0.00056921532
  -43.035485, -0.0004699494, -0.00057045066
  -43.022575, -0.0004954598, -0.00057292132
  -43.01612, -0.0002794186, -0.00057415666
  -42.996755, -0.0004950612, -0.00057786266
  -42.932205, -0.0003651176, -0.00059021599
  -42.92575, -4.5839e-05, -0.00059145132
  -42.906385, -0.0003045304, -0.00059515732
  -42.89993, -0.000484299, -0.00059639265
  -42.867655, -0.0001965098, -0.00060256932
  -42.8612, -0.0002834046, -0.00060380465
  -42.8612, -0.000253111, -0.00060380465
  -42.841835, -0.0006014874, -0.00060751065
  -42.803105, -0.0005424946, -0.00061492265
  -42.790195, -0.0005492708, -0.00061739331
  -42.764375, -0.0003663134, -0.00062233464
  -42.764375, -0.0002634746, -0.00062233464
  -42.764375, -0.0002495236, -0.00062233464
  -42.7321, -0.0004731382, -0.00062851131
  -42.699825, -0.000653704, -0.00063468797
  -42.66755, -0.0002044818, -0.00064086464
  -42.648185, -0.0004137468, -0.00064457064
  -42.622365, -0.000322866, -0.00064951197
  -42.622365, -3.26852e-05, -0.00064951197
  -42.61591, -0.0004053762, -0.0006507473
  -42.609455, -0.0002048804, -0.00065198263
  -42.596545, -0.0002479292, -0.0006544533
  -42.583635, -0.0004448376, -0.00065692397
  -42.55136, -0.0003902294, -0.00066310063
  -42.55136, 1.27552e-05, -0.00066310063
  -42.531995, -0.0002754326, -0.00066680663
  -42.519085, -4.54404e-05, -0.0006692773
  -42.506175, -0.0001271534, -0.00067174796
  -42.506175, -0.0002901808, -0.00067174796
  -42.493265, -0.0003336282, -0.00067421863
  -42.493265, -0.0001347268, -0.00067421863
  -42.48681, -0.0003037332, -0.00067545396
  -42.46099, -0.000300943, -0.00068039529
  -42.454535, -0.0002120552, -0.00068163063
  -42.441625, -0.0004201244, -0.00068410129
  -42.42226, -0.0003603344, -0.00068780729
  -42.42226, -4.66362e-05, -0.00068780729
  -42.39644, -0.0001470834, -0.00069274862
  -42.38353, -0.0001351254, -0.00069521929
  -42.377075, -4.14544e-05, -0.00069645462
  -42.37062, -0.0001686078, -0.00069768996
  -42.37062, -0.0003958098, -0.00069768996
  -42.35771, -0.000183356, -0.00070016062
  -42.35771, -0.0001167898, -0.00070016062
  -42.351255, -0.0001889364, -0.00070139595
  -42.351255, -6.29788e-05, -0.00070139595
  -42.3448, -0.0001466848, -0.00070263129
  -42.3448, -0.0002666634, -0.00070263129
  -42.3448, -0.0001371184, -0.00070263129
  -42.3448, -0.0002016916, -0.00070263129
  -42.338345, -2.1923e-05, -0.00070386662
  -42.325435, 0.0001403072, -0.00070633729
  -42.31898, -0.0001777756, -0.00070757262
  -42.31898, -0.0004559984, -0.00070757262
  -42.299615, -0.000430488, -0.00071127862
  -42.26734, -0.0001777756, -0.00071745528
  -42.260885, -0.0002798172, -0.00071869062
  -42.25443, -6.5769e-05, -0.00071992595
  -42.25443, -6.09858e-05, -0.00071992595
  -42.24152, -0.0003986, -0.00072239661
  -42.235065, -0.0004595858, -0.00072363195
  -42.222155, -0.0003081178, -0.00072610261
  -42.209245, -0.0003073206, -0.00072857328
  -42.20279, -0.0003232646, -0.00072980861
  -42.20279, -0.0003184814, -0.00072980861
  -42.196335, -0.0001765798, -0.00073104395
  -42.183425, -0.000237167, -0.00073351461
  -42.183425, -9.5664e-05, -0.00073351461
  -42.17697, -0.0003244604, -0.00073474994
  -42.17697, -0.0002754326, -0.00073474994
  -42.170515, -0.0001825588, -0.00073598528
  -42.170515, -0.0003045304, -0.00073598528
  -42.170515, -0.0003810616, -0.00073598528
  -42.170515, -0.000227202, -0.00073598528
  -42.16406, -0.0002004958, -0.00073722061
  -42.16406, -0.0002853976, -0.00073722061
  -42.15115, -0.0002335796, -0.00073969128
  -42.15115, -0.0001132024, -0.00073969128
  -42.15115, -6.21816e-05, -0.00073969128
  -42.15115, -0.0003531596, -0.00073969128
  -42.15115, -0.000273041, -0.00073969128
  -42.15115, -0.000324859, -0.00073969128
  -42.144695, -0.0001008458, -0.00074092661
  -42.144695, -0.0004691522, -0.00074092661
  -42.13824, -0.0001909294, -0.00074216194
  -42.13824, -0.0001586428, -0.00074216194
  -42.13824, -0.0002519152, -0.00074216194
  -42.13824, -0.0003001458, -0.00074216194
  -42.13824, -0.000310908, -0.00074216194
  -42.13824, -8.68948e-05, -0.00074216194
  -42.13824, -0.0003722924, -0.00074216194
  -42.13824, -0.0002028874, -0.00074216194
  -42.131785, -0.0003192786, -0.00074339728
  -42.131785, -0.0001682092, -0.00074339728
  -42.12533, -0.000314894, -0.00074463261
  -42.12533, -0.0003894322, -0.00074463261
  -42.12533, -0.0001969084, -0.00074463261
  -42.118875, -0.000201293, -0.00074586794
  -42.118875, -5.30138e-05, -0.00074586794
  -42.118875, -0.0002315866, -0.00074586794
  -42.118875, -0.0001885378, -0.00074586794
  -42.118875, -0.0003053276, -0.00074586794
  -42.11242, -0.000157447, -0.00074710327
  -42.11242, -0.000169405, -0.00074710327
  -42.11242, -0.000396607, -0.00074710327
  -42.11242, -0.0003260548, -0.00074710327
  -42.11242, -0.000151468, -0.00074710327
  -42.11242, -0.0001231674, -0.00074710327
  -42.11242, -0.000394614, -0.00074710327
  -42.11242, -0.0002766284, -0.00074710327
  -42.105965, -0.0003942154, -0.00074833861
  -42.105965, 0.000107622, -0.00074833861
  -42.105965, -0.0001741882, -0.00074833861
  -42.105965, -0.0001829574, -0.00074833861
  -42.105965, -0.0002997472, -0.00074833861
  -42.105965, -0.000284999, -0.00074833861
  -42.105965, -0.0002897822, -0.00074833861
  -42.09951, -0.0004117538, -0.00074957394
  -42.09951, -9.44682e-05, -0.00074957394
  -42.09951, -0.0001849504, -0.00074957394
  -42.09951, -0.0001287478, -0.00074957394
  -42.09951, -0.0002315866, -0.00074957394
  -42.09951, -0.000300943, -0.00074957394
  -42.093055, -0.0003264534, -0.00075080927
  -42.093055, -0.0001702022, -0.00075080927
  -42.0866, -4.50418e-05, -0.00075204461
  -42.0866, -0.0002323838, -0.00075204461
  -42.0866, 2.43146e-05, -0.00075204461
  -42.0866, -0.0001490764, -0.00075204461
  -42.0866, -0.0002184328, -0.00075204461
  -42.0866, -0.0002060762, -0.00075204461
  -42.080145, -0.0001191814, -0.00075327994
  -42.07369, -0.000227202, -0.00075451527
  -42.07369, -0.0003093136, -0.00075451527
  -42.067235, -0.0001801672, -0.00075575061
  -42.067235, -0.0002634746, -0.00075575061
  -42.06078, -0.0002016916, -0.00075698594
  -42.06078, -5.14194e-05, -0.00075698594
  -42.06078, -0.0002379642, -0.00075698594
  -42.06078, -0.0001068248, -0.00075698594
  -42.06078, -0.0003005444, -0.00075698594
  -42.054325, -0.0004316838, -0.00075822127
  -42.054325, -1.51468e-05, -0.00075822127
  -42.054325, -7.89228e-05, -0.00075822127
  -42.054325, -0.0002399572, -0.00075822127
  -42.054325, -0.0004061734, -0.00075822127
  -42.054325, -0.00037867, -0.00075822127
  -42.054325, 7.21466e-05, -0.00075822127
  -42.04787, -0.0001977056, -0.0007594566
  -42.04787, -0.000207272, -0.0007594566
  -42.04787, -0.000257097, -0.0007594566
  -42.04787, -0.0002857962, -0.0007594566
  -42.04787, -0.0001877406, -0.0007594566
  -42.04787, -0.0004994458, -0.0007594566
  -42.041415, -6.93564e-05, -0.00076069194
  -42.041415, -0.0004536068, -0.00076069194
  -42.041415, -0.000197307, -0.00076069194
  -42.041415, -0.0001837546, -0.00076069194
  -42.041415, -0.000384649, -0.00076069194
  -42.041415, -0.0001646218, -0.00076069194
  -42.041415, -9.44682e-05, -0.00076069194
  -42.041415, -2.35174e-05, -0.00076069194
  -42.041415, -6.25802e-05, -0.00076069194
  -42.041415, -0.0001765798, -0.00076069194
  -42.041415, -0.0004715438, -0.00076069194
  -42.03496, -0.000233181, -0.00076192727
  -42.03496, -0.0003037332, -0.00076192727
  -42.03496, -0.0004173342, -0.00076192727
  -42.03496, -0.0003081178, -0.00076192727
  -42.03496, -5.3811e-05, -0.00076192727
  -42.03496, -0.0002427474, -0.00076192727
  -42.03496, -0.0002399572, -0.00076192727
  -42.03496, -0.000209265, -0.00076192727
  -42.03496, -8.41046e-05, -0.00076192727
  -42.03496, 3.86642e-05, -0.00076192727
  -42.03496, -0.0003404044, -0.00076192727
  -42.03496, -0.0002535096, -0.00076192727
  -42.03496, -0.0003631246, -0.00076192727
  -42.03496, -0.0002220202, -0.00076192727
  -42.03496, -0.0002447404, -0.00076192727
  -42.03496, -0.0004288936, -0.00076192727
  -42.028505, -0.0001482792, -0.0007631626
  -42.028505, -0.0003818588, -0.0007631626
  -42.028505, -0.0004711452, -0.0007631626
  -42.028505, 5.66012e-05, -0.0007631626
  -42.028505, -0.000149475, -0.0007631626
  -42.028505, -0.0001367198, -0.0007631626
  -42.02205, 5.81956e-05, -0.00076439794
  -42.02205, -0.000267062, -0.00076439794
  -42.02205, -0.0003300408, -0.00076439794
  -42.02205, -0.000221223, -0.00076439794
  -42.02205, -0.0001729924, -0.00076439794
  -42.02205, -0.0003376142, -0.00076439794
  -42.02205, -0.000436467, -0.00076439794
  -42.02205, -0.0001817616, -0.00076439794
  -42.015595, -9.04822e-05, -0.00076563327
  -42.015595, -0.0002766284, -0.00076563327
  -42.015595, -0.0001582442, -0.00076563327
  -42.015595, -0.0003902294, -0.00076563327
  -42.015595, -0.0001993, -0.00076563327
  -42.015595, -8.60976e-05, -0.00076563327
  -42.015595, -0.0002335796, -0.00076563327
  -42.00914, -0.0001737896, -0.0007668686
  -42.00914, -0.0004121524, -0.0007668686
  -42.00914, -0.0002762298, -0.0007668686
  -42.00914, -0.0003750826, -0.0007668686
  -42.00914, -0.0004253062, -0.0007668686
  -42.00914, -0.0005971028, -0.0007668686
  -42.00914, -0.0002794186, -0.0007668686
  -42.002685, -0.0003519638, -0.00076810394
  -42.002685, -7.65312e-05, -0.00076810394
  -42.002685, -0.0001303422, -0.00076810394
  -42.002685, -0.0002527124, -0.00076810394
  -42.002685, -0.0002614816, -0.00076810394
  -42.002685, -0.0002937682, -0.00076810394
  -42.002685, -0.0003065234, -0.00076810394
  -41.99623, -3.34824e-05, -0.00076933927
  -41.99623, -4.9825e-05, -0.00076933927
  -41.99623, -0.0002383628, -0.00076933927
  -41.99623, -0.0002814116, -0.00076933927
  -41.99623, -0.0001566498, -0.00076933927
  -41.99623, -6.7762e-06, -0.00076933927
  -41.989775, -0.0003738868, -0.0007705746
  -41.989775, -0.000203286, -0.0007705746
  -41.989775, -0.0003356212, -0.0007705746
  -41.989775, 0, -0.0007705746
  -41.98332, -0.0004412502, -0.00077180993
  -41.98332, -0.0002901808, -0.00077180993
  -41.98332, -0.0003156912, -0.00077180993
  -41.976865, -0.000161433, -0.00077304527
  -41.976865, -0.000255104, -0.00077304527
  -41.976865, -0.0002913766, -0.00077304527
  -41.97041, -0.0001183842, -0.0007742806
  -41.97041, -6.7762e-05, -0.0007742806
  -41.97041, -0.000267062, -0.0007742806
  -41.9575, -3.5874e-05, -0.00077675127
  -41.9575, -0.0003989986, -0.00077675127
  -41.9575, -6.73634e-05, -0.00077675127
  -41.9575, -0.0005313338, -0.00077675127
  -41.951045, -0.0001845518, -0.0007779866
  -41.951045, -6.89578e-05, -0.0007779866
  -41.951045, -0.0001498736, -0.0007779866
  -41.951045, -0.0001482792, -0.0007779866
  -41.951045, -0.0003121038, -0.0007779866
  -41.951045, -0.0002096636, -0.0007779866
  -41.951045, -0.0002602858, -0.0007779866
  -41.94459, -0.0004001944, -0.00077922193
  -41.94459, -0.0003559498, -0.00077922193
  -41.94459, -0.0004269006, -0.00077922193
  -41.925225, -0.0005149912, -0.00078292793
  -41.925225, -0.0005010402, -0.00078292793
  -41.91877, -0.0002335796, -0.00078416326
  -41.90586, -0.0002264048, -0.00078663393
  -41.899405, -0.000205279, -0.00078786926
  -41.89295, -0.0003770756, -0.0007891046
  -41.88004, -0.000131538, -0.00079157526
  -41.86713, -0.0001391114, -0.00079404593
  -41.86713, -8.88878e-05, -0.00079404593
  -41.860675, -0.0001985028, -0.00079528126
  -41.860675, -0.0001223702, -0.00079528126
  -41.834855, -0.0004791172, -0.00080022259
  -41.834855, -0.0001857476, -0.00080022259
  -41.834855, -0.0001638246, -0.00080022259
  -41.834855, -0.0001877406, -0.00080022259
  -41.834855, -0.000253111, -0.00080022259
  -41.834855, -0.000269055, -0.00080022259
  -41.834855, -9.24752e-05, -0.00080022259
  -41.81549, -0.000211258, -0.00080392859
  -41.81549, -0.0002846004, -0.00080392859
  -41.80258, -0.000171398, -0.00080639926
  -41.78967, -0.0002487264, -0.00080886992
  -41.783215, -5.979e-06, -0.00081010526
  -41.770305, -0.000284999, -0.00081257592
  -41.76385, 0.00013951, -0.00081381126
  -41.757395, -5.85942e-05, -0.00081504659
  -41.75094, -0.0003013416, -0.00081628192
  -41.75094, -0.0002718452, -0.00081628192
  -41.744485, 0.0002834046, -0.00081751725
  -41.744485, 1.1958e-06, -0.00081751725
  -41.73803, -6.65662e-05, -0.00081875259
  -41.73803, 2.3916e-05, -0.00081875259
  -41.731575, -0.0003360198, -0.00081998792
  -41.718665, -6.41746e-05, -0.00082245859
  -41.718665, -6.85592e-05, -0.00082245859
  -41.71221, -5.46082e-05, -0.00082369392
  -41.692845, -0.0002678592, -0.00082739992
  -41.68639, -0.0003782714, -0.00082863525
  -41.667025, -0.0001000486, -0.00083234125
  -41.64766, -0.0003192786, -0.00083604725
  -41.63475, -0.0001777756, -0.00083851792
  -41.63475, -4.90278e-05, -0.00083851792
  -41.60893, -0.000364719, -0.00084345925
  -41.602475, -0.0001259576, -0.00084469458
  -41.59602, -7.81256e-05, -0.00084592991
  -41.58311, 8.3706e-06, -0.00084840058
  -41.5702, -0.000294964, -0.00085087125
  -41.563745, 6.33774e-05, -0.00085210658
  -41.550835, -0.0001343282, -0.00085457724
  -41.550835, -0.0002276006, -0.00085457724
  -41.53147, -0.000476327, -0.00085828324
  -41.53147, -0.0001805658, -0.00085828324
  -41.50565, -0.0003332296, -0.00086322457
  -41.49274, -0.0003659148, -0.00086569524
  -41.460465, -0.000360733, -0.00087187191
  -41.460465, -1.87342e-05, -0.00087187191
  -41.4411, -0.0003113066, -0.0008755779
  -41.42819, 1.91328e-05, -0.00087804857
  -41.408825, -6.01886e-05, -0.00088175457
  -41.40237, -0.0002287964, -0.0008829899
  -41.395915, -0.0002268034, -0.00088422524
  -41.370095, -9.04822e-05, -0.00088916657
  -41.370095, -0.0003097122, -0.00088916657
  -41.36364, -0.000113601, -0.0008904019
  -41.35073, -0.0002977542, -0.00089287257
  -41.33782, -0.0005532568, -0.00089534323
  -41.32491, -0.000452411, -0.0008978139
  -41.312, -0.0003738868, -0.00090028456
  -41.292635, -0.000229195, -0.00090399056
  -41.27327, -0.000342796, -0.00090769656
  -41.27327, -0.0001977056, -0.00090769656
  -41.23454, -0.0002499222, -0.00091510856
  -41.20872, -0.0002024888, -0.00092004989
  -41.20872, -0.0002662648, -0.00092004989
  -41.176445, -0.000320873, -0.00092622656
  -41.176445, -0.0001921252, -0.00092622656
  -41.150625, -0.000195314, -0.00093116789
  -41.137715, -0.0003954112, -0.00093363856
  -41.11835, -0.0004288936, -0.00093734455
  -41.09253, -0.0002993486, -0.00094228589
  -41.086075, -0.0002586914, -0.00094352122
  -41.086075, -0.0003017402, -0.00094352122
  -41.060255, 0.0001686078, -0.00094846255
  -41.060255, -0.0001072234, -0.00094846255
  -41.0538, -0.0001925238, -0.00094969788
  -41.047345, -8.41046e-05, -0.00095093322
  -41.047345, -8.72934e-05, -0.00095093322
  -41.021525, 1.11608e-05, -0.00095587455
  -41.01507, -0.000109615, -0.00095710988
  -41.00216, -0.0002602858, -0.00095958055
  -40.982795, -0.0005225646, -0.00096328655
  -40.96343, -0.0001430974, -0.00096699255
  -40.96343, 4.70348e-05, -0.00096699255
  -40.956975, 9.965e-06, -0.00096822788
  -40.95052, 0.0001223702, -0.00096946321
  -40.95052, 0.0001905308, -0.00096946321
  -40.931155, -0.0004081664, -0.00097316921
  -40.918245, -0.0003439918, -0.00097563988
  -40.89888, -8.45032e-05, -0.00097934588
  -40.87306, -6.89578e-05, -0.00098428721
  -40.87306, -0.0002184328, -0.00098428721
  -40.87306, -0.0003320338, -0.00098428721
  -40.853695, -2.11258e-05, -0.00098799321
  -40.853695, -4.90278e-05, -0.00098799321
  -40.853695, -7.972e-07, -0.00098799321
  -40.83433, 9.68598e-05, -0.00099169921
  -40.83433, -0.0001088178, -0.00099169921
  -40.827875, -9.965e-05, -0.00099293454
  -40.827875, -0.0004480264, -0.00099293454
  -40.827875, 0.0001004472, -0.00099293454
  -40.814965, -8.1713e-05, -0.0009954052
  -40.78269, -0.0001104122, -0.0010015819
  -40.76978, -0.000103636, -0.0010040525
  -40.763325, -0.0001351254, -0.0010052879
  -40.763325, -0.0003535582, -0.0010052879
  -40.750415, -0.0002734396, -0.0010077585
  -40.74396, -8.5699e-05, -0.0010089939
  -40.71814, -0.0001231674, -0.0010139352
  -40.70523, -0.0001566498, -0.0010164059
  -40.698775, -3.7867e-05, -0.0010176412
  -40.698775, 0.0001498736, -0.0010176412
  -40.698775, 5.73984e-05, -0.0010176412
  -40.69232, -3.986e-05, -0.0010188765
  -40.69232, -0.000169405, -0.0010188765
  -40.69232, 5.93914e-05, -0.0010188765
  -40.67941, -4.30488e-05, -0.0010213472
  -40.672955, -0.0001562512, -0.0010225825
  -40.672955, -0.0001271534, -0.0010225825
  -40.672955, -8.21116e-05, -0.0010225825
  -40.660045, -6.1783e-05, -0.0010250532
  -40.65359, -9.20766e-05, -0.0010262885
  -40.647135, -5.62026e-05, -0.0010275239
  -40.647135, -0.0001741882, -0.0010275239
  -40.647135, -2.15244e-05, -0.0010275239
  -40.634225, -0.0002463348, -0.0010299945
  -40.61486, 5.1818e-06, -0.0010337005
  -40.608405, -0.0003232646, -0.0010349359
  -40.608405, -0.000201293, -0.0010349359
  -40.60195, -0.0001626288, -0.0010361712
  -40.60195, -0.000245139, -0.0010361712
  -40.58904, 6.89578e-05, -0.0010386419
  -40.58904, -8.45032e-05, -0.0010386419
  -40.58904, 0.0001478806, -0.0010386419
  -40.57613, -4.5839e-05, -0.0010411125
  -40.57613, 7.7727e-05, -0.0010411125
  -40.57613, -0.00011958, -0.0010411125
  -40.57613, -7.5734e-05, -0.0010411125
  -40.569675, -0.0001044332, -0.0010423479
  -40.569675, -0.0003699008, -0.0010423479
  -40.569675, -7.49368e-05, -0.0010423479
  -40.5374, -4.46432e-05, -0.0010485245
  -40.5374, -1.1958e-06, -0.0010485245
  -40.5374, -0.000141503, -0.0010485245
  -40.530945, -0.0002678592, -0.0010497599
  -40.52449, -4.22516e-05, -0.0010509952
  -40.52449, -0.0001012444, -0.0010509952
  -40.52449, -7.972e-05, -0.0010509952
  -40.52449, -1.75384e-05, -0.0010509952
  -40.518035, -8.9685e-05, -0.0010522305
  -40.518035, 7.7727e-05, -0.0010522305
  -40.518035, -9.32724e-05, -0.0010522305
  -40.518035, -0.0001132024, -0.0010522305
  -40.518035, 8.05172e-05, -0.0010522305
  -40.518035, -0.0001287478, -0.0010522305
  -40.51158, -0.0001897336, -0.0010534659
  -40.51158, -3.5874e-05, -0.0010534659
  -40.51158, -0.0002515166, -0.0010534659
  -40.505125, 5.26152e-05, -0.0010547012
  -40.505125, -9.08808e-05, -0.0010547012
  -40.505125, -2.90978e-05, -0.0010547012
  -40.505125, 4.7832e-06, -0.0010547012
  -40.49867, -0.000207272, -0.0010559365
  -40.49867, 0.000125559, -0.0010559365
  -40.49867, 8.84892e-05, -0.0010559365
  -40.49867, -0.0002407544, -0.0010559365
  -40.49867, 0.0001399086, -0.0010559365
  -40.492215, -0.0001686078, -0.0010571719
  -40.492215, 4.70348e-05, -0.0010571719
  -40.48576, -0.0002375656, -0.0010584072
  -40.48576, -0.0001486778, -0.0010584072
  -40.48576, 6.73634e-05, -0.0010584072
  -40.466395, -0.0002176356, -0.0010621132
  -40.453485, -2.75034e-05, -0.0010645839
  -40.453485, 8.09158e-05, -0.0010645839
  -40.44703, 1.23566e-05, -0.0010658192
  -40.44703, -0.000131538, -0.0010658192
  -40.440575, -0.0001582442, -0.0010670545
  -40.440575, -0.0001550554, -0.0010670545
  -40.440575, -0.0001765798, -0.0010670545
  -40.440575, -0.0002861948, -0.0010670545
  -40.43412, -0.0002802158, -0.0010682899
  -40.43412, -3.54754e-05, -0.0010682899
  -40.42121, -0.000302936, -0.0010707605
  -40.4083, -1.75384e-05, -0.0010732312
  -40.401845, 0.0001817616, -0.0010744665
  -40.39539, -0.0002881878, -0.0010757018
  -40.38248, -5.30138e-05, -0.0010781725
  -40.38248, 5.1818e-05, -0.0010781725
  -40.38248, -0.000235174, -0.0010781725
  -40.350205, -6.5769e-05, -0.0010843492
  -40.350205, -0.0002128524, -0.0010843492
  -40.34375, -0.0004480264, -0.0010855845
  -40.337295, -9.5664e-05, -0.0010868198
  -40.337295, 0.000103636, -0.0010868198
  -40.337295, -9.52654e-05, -0.0010868198
  -40.337295, 8.53004e-05, -0.0010868198
  -40.324385, 0.0001419016, -0.0010892905
  -40.30502, -0.000265069, -0.0010929965
  -40.272745, -0.0003352226, -0.0010991732
  -40.26629, -0.000103636, -0.0011004085
  -40.26629, 7.5734e-06, -0.0011004085
  -40.26629, -0.0003376142, -0.0011004085
  -40.26629, -0.0001363212, -0.0011004085
  -40.259835, -0.0001351254, -0.0011016438
  -40.25338, -0.0002036846, -0.0011028792
  -40.25338, -0.0001108108, -0.0011028792
  -40.25338, 8.88878e-05, -0.0011028792
  -40.25338, 0.0001917266, -0.0011028792
  -40.25338, 4.94264e-05, -0.0011028792
  -40.25338, 2.15244e-05, -0.0011028792
  -40.246925, 0.000165419, -0.0011041145
  -40.246925, -0.0004009916, -0.0011041145
  -40.246925, 5.3811e-05, -0.0011041145
  -40.246925, -0.0002467334, -0.0011041145
  -40.24047, -0.0001996986, -0.0011053498
  -40.24047, -0.0001251604, -0.0011053498
  -40.24047, -0.00027902, -0.0011053498
  -40.234015, -0.0003702994, -0.0011065852
  -40.234015, -0.000117587, -0.0011065852
  -40.234015, -0.0002487264, -0.0011065852
  -40.234015, -3.02936e-05, -0.0011065852
  -40.234015, -4.46432e-05, -0.0011065852
  -40.234015, -0.000265069, -0.0011065852
  -40.234015, 1.11608e-05, -0.0011065852
  -40.234015, -4.42446e-05, -0.0011065852
  -40.22756, -0.000183356, -0.0011078205
  -40.22756, -0.0001259576, -0.0011078205
  -40.22756, -0.000235174, -0.0011078205
  -40.22756, -7.41396e-05, -0.0011078205
  -40.22756, -0.0001359226, -0.0011078205
  -40.22756, 6.45732e-05, -0.0011078205
  -40.22756, -6.33774e-05, -0.0011078205
  -40.22756, 1.1958e-05, -0.0011078205
  -40.221105, 0.0001303422, -0.0011090558
  -40.221105, -8.53004e-05, -0.0011090558
  -40.221105, -0.0003400058, -0.0011090558
  -40.221105, -0.0003639218, -0.0011090558
  -40.221105, -0.000243146, -0.0011090558
  -40.221105, -3.1888e-06, -0.0011090558
  -40.221105, -1.67412e-05, -0.0011090558
  -40.221105, -0.0003463834, -0.0011090558
  -40.221105, -0.00027902, -0.0011090558
  -40.221105, -0.000231188, -0.0011090558
  -40.221105, -0.0001143982, -0.0011090558
  -40.221105, -0.000251118, -0.0011090558
  -40.21465, -0.0004041804, -0.0011102912
  -40.21465, -6.45732e-05, -0.0011102912
  -40.21465, 7.29438e-05, -0.0011102912
  -40.21465, -0.0001163912, -0.0011102912
  -40.21465, -0.0002204258, -0.0011102912
  -40.21465, 0.0001139996, -0.0011102912
  -40.208195, 6.13844e-05, -0.0011115265
  -40.208195, -0.0002140482, -0.0011115265
  -40.208195, -0.0001785728, -0.0011115265
  -40.208195, -0.0004376628, -0.0011115265
  -40.208195, -0.000237167, -0.0011115265
  -40.208195, -0.0002507194, -0.0011115265
  -40.208195, -9.7657e-05, -0.0011115265
  -40.208195, -0.0001586428, -0.0011115265
  -40.208195, -0.000302936, -0.0011115265
  -40.208195, -9.1678e-06, -0.0011115265
  -40.208195, -0.0002319852, -0.0011115265
  -40.208195, -0.0003013416, -0.0011115265
  -40.20174, -0.000568005, -0.0011127618
  -40.20174, -2.67062e-05, -0.0011127618
  -40.20174, -0.0002140482, -0.0011127618
  -40.20174, 0.0001458876, -0.0011127618
  -40.20174, -7.1748e-06, -0.0011127618
  -40.20174, -5.979e-05, -0.0011127618
  -40.20174, 9.08808e-05, -0.0011127618
  -40.20174, -0.0002993486, -0.0011127618
  -40.20174, -2.86992e-05, -0.0011127618
  -40.195285, -2.67062e-05, -0.0011139972
  -40.195285, -0.0003101108, -0.0011139972
  -40.195285, -0.000189335, -0.0011139972
  -40.195285, -0.0002566984, -0.0011139972
  -40.195285, -0.0001729924, -0.0011139972
  -40.195285, -0.0003655162, -0.0011139972
  -40.195285, -3.06922e-05, -0.0011139972
  -40.195285, 5.66012e-05, -0.0011139972
  -40.195285, -0.000177377, -0.0011139972
  -40.18883, 8.29088e-05, -0.0011152325
  -40.18883, 7.972e-07, -0.0011152325
  -40.18883, -0.000247132, -0.0011152325
  -40.18883, 0.0001207758, -0.0011152325
  -40.18883, -0.0002220202, -0.0011152325
  -40.18883, -7.53354e-05, -0.0011152325
  -40.18883, -0.0001478806, -0.0011152325
  -40.18883, -8.1713e-05, -0.0011152325
  -40.18883, -0.0002578942, -0.0011152325
  -40.18883, -1.87342e-05, -0.0011152325
  -40.182375, -0.0004659634, -0.0011164678
  -40.182375, -0.000392621, -0.0011164678
  -40.182375, -7.01536e-05, -0.0011164678
  -40.17592, -0.0001040346, -0.0011177032
  -40.17592, 7.25452e-05, -0.0011177032
  -40.17592, -0.0003013416, -0.0011177032
  -40.169465, -0.0001024402, -0.0011189385
  -40.169465, -0.0002024888, -0.0011189385
  -40.169465, 3.30838e-05, -0.0011189385
  -40.16301, 0.0002315866, -0.0011201738
  -40.16301, -1.47482e-05, -0.0011201738
  -40.16301, 5.42096e-05, -0.0011201738
  -40.16301, -0.0003651176, -0.0011201738
  -40.16301, -0.0002180342, -0.0011201738
  -40.16301, -2.51118e-05, -0.0011201738
  -40.156555, -0.0002658662, -0.0011214092
  -40.1501, -3.86642e-05, -0.0011226445
  -40.143645, -0.0003683064, -0.0011238798
  -40.13719, -0.0002236146, -0.0011251152
  -40.13719, -0.000225209, -0.0011251152
  -40.13719, -6.33774e-05, -0.0011251152
  -40.130735, -8.21116e-05, -0.0011263505
  -40.130735, 0.0001658176, -0.0011263505
  -40.130735, -0.0002303908, -0.0011263505
  -40.12428, -0.0002383628, -0.0011275858
  -40.12428, -2.27202e-05, -0.0011275858
  -40.117825, -0.0003495722, -0.0011288212
  -40.117825, 0.0003918238, -0.0011288212
  -40.11137, -9.04822e-05, -0.0011300565
  -40.11137, 0.000155454, -0.0011300565
  -40.104915, -0.0001367198, -0.0011312918
  -40.104915, -0.0003077192, -0.0011312918
  -40.104915, -0.0002802158, -0.0011312918
  -40.08555, -0.0002475306, -0.0011349978
  -40.08555, -1.1958e-05, -0.0011349978
  -40.079095, -0.0002826074, -0.0011362332
  -40.079095, -0.0003332296, -0.0011362332
  -40.07264, -0.0002439432, -0.0011374685
  -40.07264, 0.000195314, -0.0011374685
  -40.05973, -7.45382e-05, -0.0011399392
  -40.053275, -0.0002260062, -0.0011411745
  -40.053275, 8.05172e-05, -0.0011411745
  -40.04682, -8.3706e-06, -0.0011424098
  -40.040365, -0.0003260548, -0.0011436452
  -40.03391, -0.0001737896, -0.0011448805
  -40.027455, 5.42096e-05, -0.0011461158
  -40.021, -0.0002419502, -0.0011473512
  -40.021, -5.46082e-05, -0.0011473512
  -40.00809, -0.0002606844, -0.0011498218
  -40.00809, -0.00015944, -0.0011498218
  -39.99518, -0.0003244604, -0.0011522925
  -39.98227, -0.0003902294, -0.0011547632
  -39.96936, 0.0001004472, -0.0011572338
  -39.96936, -0.000336817, -0.0011572338
  -39.95645, -0.000147482, -0.0011597045
  -39.95645, -0.0001080206, -0.0011597045
  -39.949995, -0.00035874, -0.0011609398
  -39.924175, -0.0002654676, -0.0011658812
  -39.911265, -0.0001187828, -0.0011683518
  -39.90481, -0.0001805658, -0.0011695872
  -39.885445, 5.7797e-05, -0.0011732932
  -39.87899, -7.61326e-05, -0.0011745285
  -39.872535, -0.0003364184, -0.0011757638
  -39.859625, -3.82656e-05, -0.0011782345
  -39.846715, -0.000488285, -0.0011807052
  -39.833805, -0.0001638246, -0.0011831758
  -39.833805, -0.0001466848, -0.0011831758
  -39.833805, -3.50768e-05, -0.0011831758
  -39.81444, -2.3916e-06, -0.0011868818
  -39.81444, -6.9755e-05, -0.0011868818
  -39.80153, 0.0002626774, -0.0011893525
  -39.80153, 0.000191328, -0.0011893525
  -39.795075, 0.000173391, -0.0011905878
  -39.795075, 3.74684e-05, -0.0011905878
  -39.795075, 6.13844e-05, -0.0011905878
  -39.78862, -0.0001717966, -0.0011918231
  -39.782165, -2.83006e-05, -0.0011930585
  -39.769255, 0.0001502722, -0.0011955291
  -39.756345, -0.0003041318, -0.0011979998
  -39.756345, 0.000201293, -0.0011979998
  -39.73698, 0.0001682092, -0.0012017058
  -39.71116, 8.7692e-06, -0.0012066471
  -39.71116, -0.0001961112, -0.0012066471
  -39.71116, -9.965e-05, -0.0012066471
  -39.704705, -6.33774e-05, -0.0012078825
  -39.69825, -1.87342e-05, -0.0012091178
  -39.68534, -8.80906e-05, -0.0012115885
  -39.67243, -0.0001781742, -0.0012140591
  -39.653065, -0.000231188, -0.0012177651
  -39.6337, -0.0003121038, -0.0012214711
  -39.60788, -0.0003264534, -0.0012264125
  -39.575605, 3.986e-05, -0.0012325891
  -39.575605, -0.000221223, -0.0012325891
  -39.55624, -0.0001741882, -0.0012362951
  -39.536875, -9.64612e-05, -0.0012400011
  -39.536875, 1.71398e-05, -0.0012400011
  -39.536875, -5.89928e-05, -0.0012400011
  -39.536875, 4.46432e-05, -0.0012400011
  -39.53042, -0.0001478806, -0.0012412365
  -39.51751, -0.0003340268, -0.0012437071
  -39.5046, -2.3916e-05, -0.0012461778
  -39.5046, -0.0001929224, -0.0012461778
  -39.485235, 0.0001259576, -0.0012498838
  -39.47878, 2.7902e-05, -0.0012511191
  -39.472325, -0.0002303908, -0.0012523545
  -39.46587, -0.0002487264, -0.0012535898
  -39.45296, -4.50418e-05, -0.0012560605
  -39.44005, -7.09508e-05, -0.0012585311
  -39.433595, 3.1888e-05, -0.0012597665
  -39.41423, -0.0002008944, -0.0012634725
  -39.407775, 9.1678e-06, -0.0012647078
  -39.407775, 6.29788e-05, -0.0012647078
  -39.407775, -7.5734e-05, -0.0012647078
  -39.394865, -4.66362e-05, -0.0012671785
  -39.38841, 8.25102e-05, -0.0012684138
  -39.38841, 2.35174e-05, -0.0012684138
  -39.356135, -0.000290978, -0.0012745905
  -39.356135, 3.986e-05, -0.0012745905
  -39.356135, -0.000133531, -0.0012745905
  -39.34968, -0.000151468, -0.0012758258
  -39.343225, -0.0003140968, -0.0012770611
  -39.32386, -0.0001052304, -0.0012807671
  -39.29804, 9.72584e-05, -0.0012857085
  -39.291585, -0.0003834532, -0.0012869438
  -39.28513, -4.1853e-05, -0.0012881791
  -39.28513, -0.0001211744, -0.0012881791
  -39.28513, 0.000416537, -0.0012881791
  -39.28513, 0.0001319366, -0.0012881791
  -39.278675, 0.0001279506, -0.0012894145
  -39.278675, 0.0003001458, -0.0012894145
  -39.27222, -7.29438e-05, -0.0012906498
  -39.27222, 0.0001845518, -0.0012906498
  -39.265765, -0.0004049776, -0.0012918851
  -39.25931, 0.0001937196, -0.0012931205
  -39.252855, -0.0001937196, -0.0012943558
  -39.239945, 4.22516e-05, -0.0012968265
  -39.23349, -0.0001343282, -0.0012980618
  -39.22058, -0.0001159926, -0.0013005325
  -39.214125, -0.0001080206, -0.0013017678
  -39.20767, 9.3671e-05, -0.0013030031
  -39.201215, -0.0001327338, -0.0013042385
  -39.18185, -6.65662e-05, -0.0013079444
  -39.18185, -0.0002861948, -0.0013079444
  -39.16894, -1.55454e-05, -0.0013104151
  -39.149575, -0.0001686078, -0.0013141211
  -39.149575, -6.05872e-05, -0.0013141211
  -39.14312, -0.0001478806, -0.0013153564
  -39.14312, 0.0002056776, -0.0013153564
  -39.136665, 0.0001490764, -0.0013165918
  -39.13021, -2.94964e-05, -0.0013178271
  -39.123755, -2.86992e-05, -0.0013190624
  -39.123755, -0.0001518666, -0.0013190624
  -39.123755, 0.0002004958, -0.0013190624
  -39.123755, 2.75034e-05, -0.0013190624
  -39.1173, 9.00836e-05, -0.0013202978
  -39.1173, 0.0003192786, -0.0013202978
  -39.110845, -0.0001371184, -0.0013215331
  -39.097935, 8.5699e-05, -0.0013240038
  -39.09148, 7.29438e-05, -0.0013252391
  -39.09148, 0.0001821602, -0.0013252391
  -39.085025, -0.0004492222, -0.0013264744
  -39.06566, -3.02936e-05, -0.0013301804
  -39.059205, 6.05872e-05, -0.0013314158
  -39.05275, -0.0001765798, -0.0013326511
  -39.020475, -0.0002806144, -0.0013388278
  -39.01402, -0.0001048318, -0.0013400631
  -39.00111, -2.9895e-05, -0.0013425338
  -38.994655, 4.74334e-05, -0.0013437691
  -38.9882, -0.0001128038, -0.0013450044
  -38.97529, -0.0001889364, -0.0013474751
  -38.97529, -0.0001921252, -0.0013474751
  -38.96238, -0.000143496, -0.0013499458
  -38.94947, 5.5804e-06, -0.0013524164
  -38.94947, -3.06922e-05, -0.0013524164
  -38.94947, -6.7762e-06, -0.0013524164
  -38.943015, -0.000121573, -0.0013536518
  -38.92365, 3.22866e-05, -0.0013573578
  -38.91074, -0.0001829574, -0.0013598284
  -38.904285, 1.3951e-05, -0.0013610638
  -38.904285, -0.0001682092, -0.0013610638
  -38.891375, -7.972e-07, -0.0013635344
  -38.891375, -0.0001351254, -0.0013635344
  -38.878465, 0.0001466848, -0.0013660051
  -38.878465, -0.00017937, -0.0013660051
  -38.865555, -3.1888e-05, -0.0013684758
  -38.865555, 8.45032e-05, -0.0013684758
  -38.8591, -0.0001371184, -0.0013697111
  -38.8591, -0.00015944, -0.0013697111
  -38.8591, -6.9755e-05, -0.0013697111
  -38.852645, -0.0001837546, -0.0013709464
  -38.852645, -0.000121573, -0.0013709464
  -38.84619, 8.45032e-05, -0.0013721818
  -38.84619, -0.000147482, -0.0013721818
  -38.84619, 0.000161433, -0.0013721818
  -38.84619, -1.3951e-05, -0.0013721818
  -38.84619, 0.00021923, -0.0013721818
  -38.84619, -0.0002064748, -0.0013721818
  -38.839735, -0.0001522652, -0.0013734171
  -38.839735, 0.000123566, -0.0013734171
  -38.826825, -9.04822e-05, -0.0013758878
  -38.82037, 9.08808e-05, -0.0013771231
  -38.82037, 0.0001777756, -0.0013771231
  -38.80746, -0.0003734882, -0.0013795938
  -38.79455, -5.66012e-05, -0.0013820644
  -38.788095, -6.73634e-05, -0.0013832998
  -38.788095, -2.86992e-05, -0.0013832998
  -38.78164, -0.0001012444, -0.0013845351
  -38.75582, -0.0001183842, -0.0013894764
  -38.74291, -2.94964e-05, -0.0013919471
  -38.736455, 2.11258e-05, -0.0013931824
  -38.73, 6.09858e-05, -0.0013944178
  -38.73, -9.28738e-05, -0.0013944178
  -38.73, -0.00017937, -0.0013944178
  -38.73, 0.0002148454, -0.0013944178
  -38.723545, -2.9895e-05, -0.0013956531
  -38.710635, 0.0002295936, -0.0013981238
  -38.710635, -0.0001167898, -0.0013981238
  -38.684815, -0.0002698522, -0.0014030651
  -38.66545, -4.5839e-05, -0.0014067711
  -38.66545, 0.0001446918, -0.0014067711
  -38.658995, -0.0002363698, -0.0014080064
  -38.646085, 7.972e-06, -0.0014104771
  -38.62672, 0.0001725938, -0.0014141831
  -38.620265, -5.1818e-05, -0.0014154184
  -38.61381, -0.000290978, -0.0014166538
  -38.6009, -9.965e-06, -0.0014191244
  -38.58799, 4.42446e-05, -0.0014215951
  -38.58799, -0.0004201244, -0.0014215951
  -38.57508, -0.00013951, -0.0014240657
  -38.555715, 0.0004619774, -0.0014277717
  -38.555715, 0.0002519152, -0.0014277717
  -38.54926, 0.0001518666, -0.0014290071
  -38.54926, -0.0003033346, -0.0014290071
  -38.54926, 5.81956e-05, -0.0014290071
  -38.54926, 0.000147482, -0.0014290071
  -38.542805, 0.0001901322, -0.0014302424
  -38.542805, 0.000336817, -0.0014302424
  -38.542805, -8.01186e-05, -0.0014302424
  -38.542805, 8.41046e-05, -0.0014302424
  -38.542805, 6.45732e-05, -0.0014302424
  -38.51053, 6.01886e-05, -0.0014364191
  -38.49762, -0.0001112094, -0.0014388897
  -38.491165, -0.0001064262, -0.0014401251
  -38.465345, -0.0001303422, -0.0014450664
  -38.452435, -0.0003144954, -0.0014475371
  -38.426615, -0.0002993486, -0.0014524784
  -38.40725, -0.0002758312, -0.0014561844
  -38.387885, 0.00023916, -0.0014598904
  -38.362065, -7.25452e-05, -0.0014648317
  -38.349155, -9.00836e-05, -0.0014673024
  -38.336245, -0.0001889364, -0.0014697731
  -38.336245, 0.0002164398, -0.0014697731
  -38.32979, 0.000131538, -0.0014710084
  -38.31688, -9.80556e-05, -0.0014734791
  -38.30397, 0.0001132024, -0.0014759497
  -38.297515, 0.0001084192, -0.0014771851
  -38.297515, 1.03636e-05, -0.0014771851
  -38.29106, -0.0002877892, -0.0014784204
  -38.29106, -2.3916e-05, -0.0014784204
  -38.27815, 9.44682e-05, -0.0014808911
  -38.258785, 8.88878e-05, -0.0014845971
  -38.245875, 4.94264e-05, -0.0014870677
  -38.23942, 6.25802e-05, -0.0014883031
  -38.232965, -0.0001028388, -0.0014895384
  -38.232965, 4.3846e-05, -0.0014895384
  -38.232965, 0.0003798658, -0.0014895384
  -38.22651, 0.0003132996, -0.0014907737
  -38.22651, -3.986e-06, -0.0014907737
  -38.22651, -3.62726e-05, -0.0014907737
  -38.220055, -0.0001339296, -0.0014920091
  -38.220055, 0.0001442932, -0.0014920091
  -38.220055, 7.972e-06, -0.0014920091
  -38.2136, 7.61326e-05, -0.0014932444
  -38.207145, -9.40696e-05, -0.0014944797
  -38.20069, -0.0001183842, -0.0014957151
  -38.194235, 3.5874e-05, -0.0014969504
  -38.194235, 0.0005090122, -0.0014969504
  -38.194235, 0.0001211744, -0.0014969504
  -38.194235, 0.0001379156, -0.0014969504
  -38.18778, -0.0001020416, -0.0014981857
  -38.18778, -8.21116e-05, -0.0014981857
  -38.18778, -1.7937e-05, -0.0014981857
  -38.17487, 0.0001646218, -0.0015006564
  -38.17487, 0.0003683064, -0.0015006564
  -38.17487, 0.0002519152, -0.0015006564
  -38.168415, -0.0002435446, -0.0015018917
  -38.168415, 0.0001825588, -0.0015018917
  -38.168415, -6.65662e-05, -0.0015018917
  -38.168415, -0.0001857476, -0.0015018917
  -38.168415, 0.0001526638, -0.0015018917
  -38.168415, -4.94264e-05, -0.0015018917
  -38.168415, -0.0001044332, -0.0015018917
  -38.16196, 0.0002423488, -0.0015031271
  -38.16196, -0.0002024888, -0.0015031271
  -38.16196, 0.0002064748, -0.0015031271
  -38.16196, 0.0002160412, -0.0015031271
  -38.16196, -0.0001167898, -0.0015031271
  -38.16196, 0.0002523138, -0.0015031271
  -38.16196, -0.0001367198, -0.0015031271
  -38.16196, 0.0001072234, -0.0015031271
  -38.16196, -0.0001626288, -0.0015031271
  -38.16196, 0.000396607, -0.0015031271
  -38.16196, 5.89928e-05, -0.0015031271
  -38.155505, 0.0004392572, -0.0015043624
  -38.155505, 0.0002136496, -0.0015043624
  -38.155505, 0.0004480264, -0.0015043624
  -38.155505, 0.0002459362, -0.0015043624
  -38.14905, -4.50418e-05, -0.0015055977
  -38.14905, -3.5874e-06, -0.0015055977
  -38.14905, 0.0003942154, -0.0015055977
  -38.14905, -0.000109615, -0.0015055977
  -38.14905, 0.0001442932, -0.0015055977
  -38.14905, -0.000149475, -0.0015055977
  -38.14905, 0.000187342, -0.0015055977
  -38.142595, 2.9895e-05, -0.0015068331
  -38.142595, 0.0001068248, -0.0015068331
  -38.142595, -7.972e-06, -0.0015068331
  -38.142595, 0.000456397, -0.0015068331
  -38.142595, 0.0001650204, -0.0015068331
  -38.13614, -2.75034e-05, -0.0015080684
  -38.13614, 0.0001885378, -0.0015080684
  -38.13614, 0.0001438946, -0.0015080684
  -38.13614, -9.965e-06, -0.0015080684
  -38.13614, 0.0001566498, -0.0015080684
  -38.13614, 0.000215244, -0.0015080684
  -38.13614, -7.53354e-05, -0.0015080684
  -38.13614, 0.0001590414, -0.0015080684
  -38.13614, 0.0001407058, -0.0015080684
  -38.13614, 3.5874e-05, -0.0015080684
  -38.13614, 0.0002279992, -0.0015080684
  -38.129685, 0.0001000486, -0.0015093037
  -38.129685, 0.0005333268, -0.0015093037
  -38.129685, 6.7762e-06, -0.0015093037
  -38.129685, -4.62376e-05, -0.0015093037
  -38.129685, 1.71398e-05, -0.0015093037
  -38.129685, -4.30488e-05, -0.0015093037
  -38.129685, -0.00031888, -0.0015093037
  -38.129685, -0.000133531, -0.0015093037
  -38.129685, 0.000101643, -0.0015093037
  -38.129685, 0.0001143982, -0.0015093037
  -38.129685, 5.02236e-05, -0.0015093037
  -38.12323, 6.29788e-05, -0.0015105391
  -38.12323, -6.49718e-05, -0.0015105391
  -38.12323, -0.0001379156, -0.0015105391
  -38.12323, 9.24752e-05, -0.0015105391
  -38.12323, 0.000149475, -0.0015105391
  -38.116775, -0.000237167, -0.0015117744
  -38.116775, -7.1748e-06, -0.0015117744
  -38.116775, 0.0001929224, -0.0015117744
  -38.116775, 2.86992e-05, -0.0015117744
  -38.116775, 7.61326e-05, -0.0015117744
  -38.116775, 0.0004368656, -0.0015117744
  -38.116775, 0.000171398, -0.0015117744
  -38.116775, -5.3811e-05, -0.0015117744
  -38.11032, -0.000111608, -0.0015130097
  -38.11032, 9.48668e-05, -0.0015130097
  -38.11032, -2.35174e-05, -0.0015130097
  -38.11032, 8.05172e-05, -0.0015130097
  -38.11032, -5.62026e-05, -0.0015130097
  -38.11032, -0.0001147968, -0.0015130097
  -38.11032, -4.3846e-05, -0.0015130097
  -38.11032, -9.60626e-05, -0.0015130097
  -38.11032, -0.0002535096, -0.0015130097
  -38.11032, 0.0001183842, -0.0015130097
  -38.11032, -0.0001522652, -0.0015130097
  -38.11032, 2.43146e-05, -0.0015130097
  -38.11032, 4.26502e-05, -0.0015130097
  -38.103865, -0.0001861462, -0.0015142451
  -38.103865, -8.68948e-05, -0.0015142451
  -38.103865, -0.0003264534, -0.0015142451
  -38.103865, 0.000241153, -0.0015142451
  -38.103865, -0.0002343768, -0.0015142451
  -38.103865, 5.93914e-05, -0.0015142451
  -38.103865, -4.70348e-05, -0.0015142451
  -38.103865, 0.000362726, -0.0015142451
  -38.103865, 0.0004037818, -0.0015142451
  -38.103865, 0.0003902294, -0.0015142451
  -38.09741, -0.0001901322, -0.0015154804
  -38.09741, 0.000121573, -0.0015154804
  -38.09741, 6.45732e-05, -0.0015154804
  -38.09741, 0.0001419016, -0.0015154804
  -38.09741, 6.3776e-06, -0.0015154804
  -38.09741, 0.0001909294, -0.0015154804
  -38.09741, 0.0001797686, -0.0015154804
  -38.090955, -8.13144e-05, -0.0015167157
  -38.090955, 0.0002786214, -0.0015167157
  -38.090955, 0.000143496, -0.0015167157
  -38.090955, 0.0001650204, -0.0015167157
  -38.090955, 0.0002236146, -0.0015167157
  -38.090955, 9.68598e-05, -0.0015167157
  -38.090955, -3.74684e-05, -0.0015167157
  -38.090955, 0.0002379642, -0.0015167157
  -38.0845, -1.1958e-06, -0.0015179511
  -38.0845, 0.000715487, -0.0015179511
  -38.0845, -0.0001626288, -0.0015179511
  -38.0845, 5.979e-06, -0.0015179511
  -38.0845, 0.0002240132, -0.0015179511
  -38.0845, 2.7902e-06, -0.0015179511
  -38.078045, 0.000225209, -0.0015191864
  -38.078045, -0.0002164398, -0.0015191864
  -38.078045, -0.0002574956, -0.0015191864
  -38.07159, 0.0002096636, -0.0015204217
  -38.065135, 0.0001462862, -0.0015216571
  -38.065135, 6.21816e-05, -0.0015216571
  -38.065135, -0.000121573, -0.0015216571
  -38.065135, 9.24752e-05, -0.0015216571
  -38.05868, 0.0001124052, -0.0015228924
  -38.05868, -0.0002961598, -0.0015228924
  -38.05868, 0.0002574956, -0.0015228924
  -38.05868, -3.86642e-05, -0.0015228924
  -38.052225, -1.23566e-05, -0.0015241277
  -38.052225, -0.000286992, -0.0015241277
  -38.052225, 0.0003073206, -0.0015241277
  -38.052225, 4.70348e-05, -0.0015241277
  -38.052225, 0.0001032374, -0.0015241277
  -38.04577, -0.000197307, -0.0015253631
  -38.04577, 0.0004548026, -0.0015253631
  -38.04577, -2.67062e-05, -0.0015253631
  -38.039315, 0.0002355726, -0.0015265984
  -38.039315, -0.0002953626, -0.0015265984
  -38.039315, 6.73634e-05, -0.0015265984
  -38.039315, 0.0002885864, -0.0015265984
  -38.03286, -3.30838e-05, -0.0015278337
  -38.026405, -0.0003156912, -0.0015290691
  -38.026405, 0.0002240132, -0.0015290691
  -38.026405, -0.0001606358, -0.0015290691
  -38.01995, -1.87342e-05, -0.0015303044
  -38.01995, -0.0002140482, -0.0015303044
  -38.013495, 0.0001407058, -0.0015315397
  -38.013495, 0.0002626774, -0.0015315397
  -38.013495, 0.0003152926, -0.0015315397
  -38.013495, 8.68948e-05, -0.0015315397
  -38.013495, 0.0002056776, -0.0015315397
  -38.013495, 7.01536e-05, -0.0015315397
  -38.00704, -2.67062e-05, -0.0015327751
  -38.00704, 0.000209265, -0.0015327751
  -38.00704, -0.0001347268, -0.0015327751
  -38.00704, 8.05172e-05, -0.0015327751
  -38.00704, -0.0003057262, -0.0015327751
  -38.000585, 0.0002443418, -0.0015340104
  -38.000585, -0.0003284464, -0.0015340104
  -38.000585, 0.0001470834, -0.0015340104
  -38.000585, 1.75384e-05, -0.0015340104
  -37.99413, -8.9685e-05, -0.0015352457
  -37.99413, -0.0002156426, -0.0015352457
  -37.99413, -0.0001989014, -0.0015352457
  -37.99413, 6.69648e-05, -0.0015352457
  -37.99413, 0.0001239646, -0.0015352457
  -37.99413, -5.46082e-05, -0.0015352457
  -37.99413, 0.0003045304, -0.0015352457
  -37.987675, 0.0002957612, -0.0015364811
  -37.987675, 2.35174e-05, -0.0015364811
  -37.98122, -9.965e-06, -0.0015377164
  -37.98122, 0.0001311394, -0.0015377164
  -37.98122, 4.42446e-05, -0.0015377164
  -37.98122, -7.65312e-05, -0.0015377164
  -37.974765, -0.0001088178, -0.0015389517
  -37.974765, 0.0004914738, -0.0015389517
  -37.96831, 0.0001837546, -0.0015401871
  -37.96831, -6.3776e-06, -0.0015401871
  -37.96831, -0.000283006, -0.0015401871
  -37.96831, 0.0005209702, -0.0015401871
  -37.96831, 7.29438e-05, -0.0015401871
  -37.961855, 0.0001618316, -0.0015414224
  -37.961855, 6.3776e-05, -0.0015414224
  -37.961855, -7.53354e-05, -0.0015414224
  -37.961855, 8.49018e-05, -0.0015414224
  -37.9554, -5.85942e-05, -0.0015426577
  -37.9554, -4.34474e-05, -0.0015426577
  -37.9554, 0.0005110052, -0.0015426577
  -37.948945, 9.32724e-05, -0.001543893
  -37.94249, -5.7797e-05, -0.0015451284
  -37.94249, -0.0002355726, -0.0015451284
  -37.936035, 0.0003105094, -0.0015463637
  -37.936035, 6.1783e-05, -0.0015463637
  -37.92958, -8.41046e-05, -0.001547599
  -37.923125, -0.0002618802, -0.0015488344
  -37.91667, 0.0002363698, -0.0015500697
  -37.87794, 4.06572e-05, -0.0015574817
  -37.871485, -0.0003551526, -0.001558717
  -37.858575, 0.0001211744, -0.0015611877
  -37.858575, 0.0001028388, -0.0015611877
  -37.858575, -5.30138e-05, -0.0015611877
  -37.85212, -0.0001686078, -0.001562423
  -37.832755, 3.62726e-05, -0.001566129
  -37.819845, -0.0001929224, -0.0015685997
  -37.819845, 4.06572e-05, -0.0015685997
  -37.806935, -6.3776e-05, -0.0015710704
  -37.806935, -0.0001478806, -0.0015710704
  -37.806935, 0.0001885378, -0.0015710704
  -37.80048, -8.21116e-05, -0.0015723057
  -37.80048, 0.0004121524, -0.0015723057
  -37.80048, 0.000235174, -0.0015723057
  -37.78757, -0.0001167898, -0.0015747764
  -37.78757, 0.000360733, -0.0015747764
  -37.78757, -0.0001426988, -0.0015747764
  -37.781115, 0.0002148454, -0.0015760117
  -37.77466, -3.42796e-05, -0.001577247
  -37.77466, 0.0002714466, -0.001577247
  -37.768205, 2.47132e-05, -0.0015784824
  -37.768205, 1.87342e-05, -0.0015784824
  -37.768205, -4.82306e-05, -0.0015784824
  -37.76175, 0.000388635, -0.0015797177
  -37.76175, -8.7692e-06, -0.0015797177
  -37.76175, -0.0001048318, -0.0015797177
  -37.76175, -0.000163426, -0.0015797177
  -37.755295, 0.0001598386, -0.001580953
  -37.755295, 0.0004675578, -0.001580953
  -37.755295, 0.0001064262, -0.001580953
  -37.755295, -0.0001889364, -0.001580953
  -37.74884, 0.000310908, -0.0015821884
  -37.74884, 0.000183356, -0.0015821884
  -37.742385, 0.0001678106, -0.0015834237
  -37.742385, -6.41746e-05, -0.0015834237
  -37.742385, 0.000412551, -0.0015834237
  -37.73593, 0.0001423002, -0.001584659
  -37.73593, -5.69998e-05, -0.001584659
  -37.73593, 0.0003332296, -0.001584659
  -37.73593, 0.00013951, -0.001584659
  -37.73593, 0.000255104, -0.001584659
  -37.729475, 0.0002885864, -0.0015858944
  -37.72302, 0.0005616274, -0.0015871297
  -37.72302, 0.0001438946, -0.0015871297
  -37.716565, 0.000412551, -0.001588365
  -37.716565, 0.0002327824, -0.001588365
  -37.716565, 0.0001482792, -0.001588365
  -37.716565, 0.000181363, -0.001588365
  -37.716565, 0.000342796, -0.001588365
  -37.716565, 3.5874e-05, -0.001588365
  -37.71011, 0.0005548512, -0.0015896004
  -37.703655, 0.0003057262, -0.0015908357
  -37.703655, 0.000215244, -0.0015908357
  -37.703655, 0.0002606844, -0.0015908357
  -37.703655, -9.28738e-05, -0.0015908357
  -37.6972, 0.0003240618, -0.001592071
  -37.6972, 0.0002419502, -0.001592071
  -37.690745, 0.00027902, -0.0015933064
  -37.690745, 0.0001837546, -0.0015933064
  -37.68429, 0.000263076, -0.0015945417
  -37.68429, 6.3776e-05, -0.0015945417
  -37.677835, 0.0007449834, -0.001595777
  -37.677835, 0.000227202, -0.001595777
  -37.65847, 0.0001606358, -0.001599483
  -37.65847, -3.82656e-05, -0.001599483
  -37.652015, 0.0002307894, -0.0016007184
  -37.64556, -6.05872e-05, -0.0016019537
  -37.639105, -0.0003316352, -0.001603189
  -37.60683, 0.00045839, -0.0016093657
  -37.587465, -3.82656e-05, -0.0016130717
  -37.58101, 3.10908e-05, -0.001614307
  -37.574555, 0.0002355726, -0.0016155424
  -37.5681, 0.0002933696, -0.0016167777
  -37.548735, -7.61326e-05, -0.0016204837
  -37.54228, 0.0004500194, -0.001621719
  -37.51646, 0.0002256076, -0.0016266604
  -37.510005, 0.000243146, -0.0016278957
  -37.50355, 0.0001199786, -0.001629131
  -37.497095, 1.5944e-06, -0.0016303664
  -37.49064, 0.000205279, -0.0016316017
  -37.484185, 2.51118e-05, -0.001632837
  -37.47773, -6.21816e-05, -0.0016340724
  -37.471275, 0.0002020902, -0.0016353077
  -37.458365, 0.0001323352, -0.0016377784
  -37.45191, -3.94614e-05, -0.0016390137
  -37.439, 2.5909e-05, -0.0016414844
  -37.42609, 7.1748e-06, -0.001643955
  -37.419635, 0.0001785728, -0.0016451904
  -37.419635, 0.0003152926, -0.0016451904
  -37.40027, 0.0003970056, -0.0016488964
  -37.38736, -0.0001327338, -0.001651367
  -37.38736, 0.0002248104, -0.001651367
  -37.380905, -3.94614e-05, -0.0016526024
  -37.380905, 0.000348775, -0.0016526024
  -37.36154, 0.0001829574, -0.0016563084
  -37.355085, 4.74334e-05, -0.0016575437
  -37.33572, 0.0001905308, -0.0016612497
  -37.33572, 0.0001391114, -0.0016612497
  -37.329265, 0.0001219716, -0.001662485
  -37.329265, 0.0001478806, -0.001662485
  -37.3099, 0.0001877406, -0.001666191
  -37.29699, 0.0003256562, -0.0016686617
  -37.29699, 0.0001506708, -0.0016686617
  -37.29699, 0.000111608, -0.0016686617
  -37.290535, -0.0001092164, -0.001669897
  -37.264715, 0.0003599358, -0.0016748383
  -37.264715, -9.84542e-05, -0.0016748383
  -37.25826, 0.0003113066, -0.0016760737
  -37.25826, 0.0005273478, -0.0016760737
  -37.251805, 0.0003372156, -0.001677309
  -37.251805, 0.0001925238, -0.001677309
  -37.24535, 0.0003894322, -0.0016785443
  -37.24535, 0.0001989014, -0.0016785443
  -37.238895, 4.3846e-05, -0.0016797797
  -37.238895, -1.63426e-05, -0.0016797797
  -37.23244, 5.1818e-06, -0.001681015
  -37.20662, 0.0002028874, -0.0016859563
  -37.200165, 0.0003284464, -0.0016871917
  -37.19371, 0.0002475306, -0.001688427
  -37.19371, -4.02586e-05, -0.001688427
  -37.19371, 0.0003121038, -0.001688427
  -37.187255, -5.66012e-05, -0.0016896623
  -37.174345, 0.000153461, -0.001692133
  -37.16789, -0.0001602372, -0.0016933683
  -37.161435, -6.69648e-05, -0.0016946037
  -37.14207, -0.0001203772, -0.0016983097
  -37.11625, 0.0002826074, -0.001703251
  -37.11625, -3.14894e-05, -0.001703251
  -37.11625, 0.0002120552, -0.001703251
  -37.11625, 0.0004288936, -0.001703251
  -37.10334, 0.0001566498, -0.0017057217
  -37.096885, 0.000207272, -0.001706957
  -37.096885, 0.0001993, -0.001706957
  -37.09043, -0.000113601, -0.0017081923
  -37.045245, -0.0001881392, -0.0017168397
  -37.045245, 0.0001985028, -0.0017168397
  -37.03879, 4.7832e-05, -0.001718075
  -37.032335, 6.73634e-05, -0.0017193103
  -37.02588, 0.000332831, -0.0017205457
  -37.02588, 0.0002766284, -0.0017205457
  -37.02588, 0.0001745868, -0.0017205457
  -37.019425, 0.0002746354, -0.001721781
  -37.00006, 0.0003519638, -0.001725487
  -37.00006, 0.0002004958, -0.001725487
  -37.00006, 4.22516e-05, -0.001725487
  -37.00006, -2.15244e-05, -0.001725487
  -36.98715, 0.000211258, -0.0017279577
  -36.98715, 0.0003073206, -0.0017279577
  -36.980695, 1.83356e-05, -0.001729193
  -36.97424, -5.1818e-06, -0.0017304283
  -36.96133, 3.50768e-05, -0.001732899
  -36.96133, -1.1958e-05, -0.001732899
  -36.954875, 0.00015944, -0.0017341343
  -36.954875, 0.0003376142, -0.0017341343
  -36.954875, 0.0001977056, -0.0017341343
  -36.954875, 0.0002236146, -0.0017341343
  -36.954875, 3.22866e-05, -0.0017341343
  -36.954875, 9.08808e-05, -0.0017341343
  -36.94842, 0.000370698, -0.0017353697
  -36.941965, 4.1853e-05, -0.001736605
  -36.93551, 0.0003978028, -0.0017378403
  -36.93551, 0.000153461, -0.0017378403
  -36.93551, 0.0002379642, -0.0017378403
  -36.93551, 0.0003264534, -0.0017378403
  -36.93551, 0.0002694536, -0.0017378403
  -36.93551, 0.000277027, -0.0017378403
  -36.93551, 0.0003033346, -0.0017378403
  -36.929055, 0.0003898308, -0.0017390757
  -36.929055, 0.000275034, -0.0017390757
  -36.929055, 0.0003563484, -0.0017390757
  -36.929055, 0.0002877892, -0.0017390757
  -36.9226, 0.0002164398, -0.001740311
  -36.9226, 0.0002084678, -0.001740311
  -36.9226, 0.0001590414, -0.001740311
  -36.9226, 0.000149475, -0.001740311
  -36.916145, 3.3881e-05, -0.0017415463
  -36.916145, -0.0001283492, -0.0017415463
  -36.916145, 0.0001821602, -0.0017415463
  -36.90969, 0.000406572, -0.0017427817
  -36.90969, 0.00035874, -0.0017427817
  -36.90969, 0.0004097608, -0.0017427817
  -36.90969, 0.0003021388, -0.0017427817
  -36.903235, 0.0003531596, -0.001744017
  -36.903235, 0.0003778728, -0.001744017
  -36.89678, 0.0001538596, -0.0017452523
  -36.890325, 0.0004719424, -0.0017464877
  -36.890325, 5.89928e-05, -0.0017464877
  -36.890325, 7.85242e-05, -0.0017464877
  -36.88387, 0.000302936, -0.001747723
  -36.877415, 0.0002303908, -0.0017489583
  -36.877415, -2.07272e-05, -0.0017489583
  -36.877415, 6.21816e-05, -0.0017489583
  -36.877415, 0.0001905308, -0.0017489583
  -36.877415, 0.0004886836, -0.0017489583
  -36.87096, -3.86642e-05, -0.0017501937
  -36.87096, 0.0001582442, -0.0017501937
  -36.87096, 0.0001566498, -0.0017501937
  -36.87096, 7.29438e-05, -0.0017501937
  -36.87096, 4.74334e-05, -0.0017501937
  -36.864505, -0.0001219716, -0.001751429
  -36.864505, 0.0005903266, -0.001751429
  -36.864505, 0.00041853, -0.001751429
  -36.864505, 0.0001721952, -0.001751429
  -36.864505, 2.75034e-05, -0.001751429
  -36.864505, 9.48668e-05, -0.001751429
  -36.85805, 0.0001765798, -0.0017526643
  -36.85805, 0.000135524, -0.0017526643
  -36.85805, 0.000382656, -0.0017526643
  -36.85805, 0.0001271534, -0.0017526643
  -36.85805, 0.0004081664, -0.0017526643
  -36.851595, 8.49018e-05, -0.0017538997
  -36.851595, 0.0002216216, -0.0017538997
  -36.851595, 0.0004436418, -0.0017538997
  -36.84514, 0.0005743826, -0.001755135
  -36.84514, 0.0001490764, -0.001755135
  -36.84514, 0.0001271534, -0.001755135
  -36.84514, 0.0003619288, -0.001755135
  -36.84514, 7.5734e-06, -0.001755135
  -36.84514, 0.0001562512, -0.001755135
  -36.84514, 0.0001558526, -0.001755135
  -36.838685, 6.61676e-05, -0.0017563703
  -36.838685, 0.000105629, -0.0017563703
  -36.838685, -0.0001526638, -0.0017563703
  -36.838685, 0.000175384, -0.0017563703
  -36.838685, 0.0003045304, -0.0017563703
  -36.838685, 0.0002997472, -0.0017563703
  -36.83223, -0.0001466848, -0.0017576057
  -36.825775, 0.0001981042, -0.001758841
  -36.825775, 0.000165419, -0.001758841
  -36.825775, 0.0005568442, -0.001758841
  -36.81932, 0.0007736826, -0.0017600763
  -36.81932, 0.000406572, -0.0017600763
  -36.812865, 0.0001642232, -0.0017613117
  -36.812865, 0.0001937196, -0.0017613117
  -36.80641, 0.000488285, -0.001762547
  -36.80641, 0.0002547054, -0.001762547
  -36.799955, 9.32724e-05, -0.0017637823
  -36.7935, 0.0003615302, -0.0017650177
  -36.7935, -0.0001865448, -0.0017650177
  -36.774135, -9.24752e-05, -0.0017687237
  -36.76768, 0.0004675578, -0.001769959
  -36.75477, -8.1713e-05, -0.0017724297
  -36.748315, 0.0001869434, -0.001773665
  -36.748315, 0.000296957, -0.001773665
  -36.74186, 0.0002945654, -0.0017749003
  -36.74186, 0.0002574956, -0.0017749003
  -36.74186, 0.000205279, -0.0017749003
  -36.74186, 0.0002666634, -0.0017749003
  -36.74186, 1.07622e-05, -0.0017749003
  -36.74186, 0.0003372156, -0.0017749003
  -36.74186, 0.0001638246, -0.0017749003
  -36.735405, 0.0006560956, -0.0017761356
  -36.735405, 6.41746e-05, -0.0017761356
  -36.735405, 0.0001945168, -0.0017761356
  -36.72895, 0.0002838032, -0.001777371
  -36.72895, 0.0001490764, -0.001777371
  -36.72895, 5.7797e-05, -0.001777371
  -36.72895, 3.66712e-05, -0.001777371
  -36.72895, 0.0003942154, -0.001777371
  -36.72895, 0.0004149426, -0.001777371
  -36.72895, 0.0003710966, -0.001777371
  -36.72895, 5.46082e-05, -0.001777371
  -36.722495, 0.0005424946, -0.0017786063
  -36.722495, 0.000619823, -0.0017786063
  -36.71604, 0.0002818102, -0.0017798416
  -36.71604, 0.000480313, -0.0017798416
  -36.71604, 0.0003774742, -0.0017798416
  -36.709585, 5.50068e-05, -0.001781077
  -36.709585, 0.0002299922, -0.001781077
  -36.709585, 0.0002722438, -0.001781077
  -36.70313, -2.03286e-05, -0.0017823123
  -36.696675, 0.0004141454, -0.0017835476
  -36.696675, 3.74684e-05, -0.0017835476
  -36.696675, 1.87342e-05, -0.0017835476
  -36.696675, -4.7832e-06, -0.0017835476
  -36.696675, -7.1748e-06, -0.0017835476
  -36.696675, 0.00013951, -0.0017835476
  -36.696675, -9.1678e-06, -0.0017835476
  -36.696675, -6.13844e-05, -0.0017835476
  -36.696675, 0.0001658176, -0.0017835476
  -36.696675, 0.000177377, -0.0017835476
  -36.69022, 0.0006429418, -0.001784783
  -36.69022, 0.0001251604, -0.001784783
  -36.69022, 0.0002335796, -0.001784783
  -36.683765, 0.0003974042, -0.0017860183
  -36.683765, 9.84542e-05, -0.0017860183
  -36.683765, 0.0001977056, -0.0017860183
  -36.683765, -9.60626e-05, -0.0017860183
  -36.683765, 4.54404e-05, -0.0017860183
  -36.67731, -6.5769e-05, -0.0017872536
  -36.67731, 4.50418e-05, -0.0017872536
  -36.67731, -7.65312e-05, -0.0017872536
  -36.67731, -0.000131538, -0.0017872536
  -36.67731, 0.0002634746, -0.0017872536
  -36.670855, 0.0002566984, -0.001788489
  -36.670855, 0.000442446, -0.001788489
  -36.670855, -8.1713e-05, -0.001788489
  -36.670855, 0.0004261034, -0.001788489
  -36.670855, 0.0007358156, -0.001788489
  -36.670855, -9.12794e-05, -0.001788489
  -36.670855, 0.0001247618, -0.001788489
  -36.670855, 0.0001167898, -0.001788489
  -36.6644, 4.26502e-05, -0.0017897243
  -36.6644, 3.1888e-05, -0.0017897243
  -36.6644, 9.04822e-05, -0.0017897243
  -36.6644, 0.0002240132, -0.0017897243
  -36.6644, 0.000129545, -0.0017897243
  -36.6644, -1.87342e-05, -0.0017897243
  -36.6644, 1.91328e-05, -0.0017897243
  -36.657945, 8.3706e-05, -0.0017909596
  -36.657945, 4.22516e-05, -0.0017909596
  -36.657945, 0.000372691, -0.0017909596
  -36.657945, 0.0004536068, -0.0017909596
  -36.657945, 0.0002427474, -0.0017909596
  -36.657945, 5.73984e-05, -0.0017909596
  -36.657945, 0.000247132, -0.0017909596
  -36.657945, 0.0002180342, -0.0017909596
  -36.65149, 6.61676e-05, -0.001792195
  -36.65149, -6.69648e-05, -0.001792195
  -36.65149, 0.0001247618, -0.001792195
  -36.65149, 0.0001586428, -0.001792195
  -36.65149, 0.0003495722, -0.001792195
  -36.65149, 0.0003105094, -0.001792195
  -36.65149, 0.0002774256, -0.001792195
  -36.65149, 0.0004137468, -0.001792195
  -36.645035, 2.3916e-05, -0.0017934303
  -36.645035, 0.0004161384, -0.0017934303
  -36.645035, 0.0001618316, -0.0017934303
  -36.645035, 0.0002901808, -0.0017934303
  -36.645035, 7.25452e-05, -0.0017934303
  -36.63858, 0.0001108108, -0.0017946656
  -36.63858, 0.0003762784, -0.0017946656
  -36.63858, 0.0003081178, -0.0017946656
  -36.63858, 0.0001506708, -0.0017946656
  -36.632125, 0.0004153412, -0.001795901
  -36.62567, 0.000356747, -0.0017971363
  -36.62567, 0.0003663134, -0.0017971363
  -36.606305, -5.73984e-05, -0.0018008423
  -36.59985, 3.1888e-05, -0.0018020776
  -36.593395, 0.0004846976, -0.001803313
  -36.580485, 0.0002941668, -0.0018057836
  -36.580485, -3.1888e-05, -0.0018057836
  -36.580485, 0.0001781742, -0.0018057836
  -36.57403, 0.000476327, -0.001807019
  -36.57403, 0.0003993972, -0.001807019
  -36.56112, 0.0005209702, -0.0018094896
  -36.56112, 0.0002156426, -0.0018094896
  -36.56112, 0.0004587886, -0.0018094896
  -36.554665, 0.0001706008, -0.001810725
  -36.554665, 0.0004316838, -0.001810725
  -36.554665, 0.0002144468, -0.001810725
  -36.54821, 0.0003105094, -0.0018119603
  -36.54821, 9.965e-05, -0.0018119603
  -36.541755, 3.5874e-05, -0.0018131956
  -36.528845, 0.0004827046, -0.0018156663
  -36.528845, 5.85942e-05, -0.0018156663
  -36.52239, 0.0002004958, -0.0018169016
  -36.52239, 0.000340803, -0.0018169016
  -36.52239, 0.0005584386, -0.0018169016
  -36.515935, 6.73634e-05, -0.001818137
  -36.503025, 4.30488e-05, -0.0018206076
  -36.49657, 0.000187342, -0.001821843
  -36.49657, 0.0002455376, -0.001821843
  -36.49657, 0.0003240618, -0.001821843
  -36.49657, 0.0008235076, -0.001821843
  -36.47075, 0.0001028388, -0.0018267843
  -36.47075, -0.000105629, -0.0018267843
  -36.47075, 0.0001458876, -0.0018267843
  -36.464295, 0.0004854948, -0.0018280196
  -36.45784, -0.0001466848, -0.001829255
  -36.45784, 0.0003643204, -0.001829255
  -36.45784, 0.000131538, -0.001829255
  -36.45784, 0.0004970542, -0.001829255
  -36.451385, 0.000189335, -0.0018304903
  -36.451385, 4.50418e-05, -0.0018304903
  -36.438475, 0.0002000972, -0.001832961
  -36.438475, 0.0004360684, -0.001832961
  -36.438475, 7.09508e-05, -0.001832961
  -36.438475, 0.0002818102, -0.001832961
  -36.43202, 9.965e-06, -0.0018341963
  -36.43202, 0.0002614816, -0.0018341963
  -36.425565, 0.0002228174, -0.0018354316
  -36.425565, 0.0002953626, -0.0018354316
  -36.412655, 0.0002299922, -0.0018379023
  -36.399745, 0.000281013, -0.001840373
  -36.39329, 2.47132e-05, -0.0018416083
  -36.39329, 0.0003156912, -0.0018416083
  -36.38038, 0.0001981042, -0.001844079
  -36.38038, 0.000283006, -0.001844079
  -36.38038, 0.000390628, -0.001844079
  -36.36747, 0.0007402002, -0.0018465496
  -36.36747, 0.000304929, -0.0018465496
  -36.36747, 0.0001072234, -0.0018465496
  -36.36747, 0.0002877892, -0.0018465496
  -36.361015, 0.0003423974, -0.001847785
  -36.361015, 0.000362726, -0.001847785
  -36.348105, 0.0006680536, -0.0018502556
  -36.348105, 8.5699e-05, -0.0018502556
  -36.34165, 5.81956e-05, -0.001851491
  -36.34165, 0.000203286, -0.001851491
  -36.32874, 0.0003336282, -0.0018539616
  -36.322285, 6.89578e-05, -0.001855197
  -36.296465, 0.0001191814, -0.0018601383
  -36.29001, 4.14544e-05, -0.0018613736
  -36.2771, 0.0001259576, -0.0018638443
  -36.270645, 0.0002523138, -0.0018650796
  -36.26419, 0.0001662162, -0.001866315
  -36.25128, 0.0004699494, -0.0018687856
  -36.22546, 0.0003675092, -0.001873727
  -36.22546, 0.0003396072, -0.001873727
  -36.219005, 0.0003635232, -0.0018749623
  -36.219005, 0.000422516, -0.0018749623
  -36.219005, 0.0001877406, -0.0018749623
  -36.206095, 0.000235174, -0.001877433
  -36.17382, 9.1678e-05, -0.0018836096
  -36.17382, 0.0007585358, -0.0018836096
  -36.167365, 0.000145489, -0.001884845
  -36.167365, 0.0004021874, -0.001884845
  -36.154455, 0.0003001458, -0.0018873156
  -36.154455, -3.90628e-05, -0.0018873156
  -36.154455, 0.0005006416, -0.0018873156
  -36.148, 0.0003431946, -0.001888551
  -36.148, 0.0003021388, -0.001888551
  -36.141545, 0.000416537, -0.0018897863
  -36.115725, 3.3881e-05, -0.0018947276
  -36.09636, 0.0002742368, -0.0018984336
  -36.089905, 0.0004013902, -0.0018996689
  -36.08345, 0.0001132024, -0.0019009043
  -36.076995, 0.00053811, -0.0019021396
  -36.07054, 0.0004496208, -0.0019033749
  -36.064085, 0.0003164884, -0.0019046103
  -36.05763, 0.000129545, -0.0019058456
  -36.051175, 7.85242e-05, -0.0019070809
  -36.051175, 0.0004512152, -0.0019070809
  -36.04472, 0.0006062706, -0.0019083163
  -36.03181, 0.000191328, -0.0019107869
  -36.0189, 0.0003718938, -0.0019132576
  -36.0189, 0.000326852, -0.0019132576
  -36.00599, 5.46082e-05, -0.0019157283
  -36.00599, 0.0002407544, -0.0019157283
  -35.99308, 0.0003982014, -0.0019181989
  -35.99308, 0.0002802158, -0.0019181989
  -35.98017, 0.0001351254, -0.0019206696
  -35.98017, 0.000434474, -0.0019206696
  -35.973715, 0.0001430974, -0.0019219049
  -35.960805, 0.0001993, -0.0019243756
  -35.934985, -0.0001961112, -0.0019293169
  -35.934985, 2.23216e-05, -0.0019293169
  -35.91562, 0.000181363, -0.0019330229
  -35.896255, 0.0006042776, -0.0019367289
  -35.896255, -0.0001430974, -0.0019367289
  -35.883345, 0.000430488, -0.0019391996
  -35.883345, 0.0003830546, -0.0019391996
  -35.87689, 0.0001969084, -0.0019404349
  -35.870435, 0.0003950126, -0.0019416703
  -35.870435, 0.0005994944, -0.0019416703
  -35.86398, 0.0004272992, -0.0019429056
  -35.86398, 0.0002240132, -0.0019429056
  -35.857525, 0.0002774256, -0.0019441409
  -35.857525, 0.0003073206, -0.0019441409
  -35.85107, -0.0001702022, -0.0019453763
  -35.83816, 0.0003431946, -0.0019478469
  -35.831705, 0.0001777756, -0.0019490823
  -35.818795, 0.000231188, -0.0019515529
  -35.818795, 0.0004257048, -0.0019515529
  -35.818795, 0.0002766284, -0.0019515529
  -35.805885, -2.90978e-05, -0.0019540236
  -35.780065, 0.0001590414, -0.0019589649
  -35.780065, 0.0002224188, -0.0019589649
  -35.767155, -4.9825e-05, -0.0019614356
  -35.7607, -7.972e-07, -0.0019626709
  -35.73488, 0.000173391, -0.0019676123
  -35.72197, 0.0003663134, -0.0019700829
  -35.72197, 0.0004396558, -0.0019700829
  -35.72197, 6.53704e-05, -0.0019700829
  -35.715515, 0.000448425, -0.0019713183
  -35.715515, 0.0003423974, -0.0019713183
  -35.69615, -8.5699e-05, -0.0019750243
  -35.69615, 0.0006182286, -0.0019750243
  -35.689695, 0.0001068248, -0.0019762596
  -35.689695, 0.0001147968, -0.0019762596
  -35.68324, 0.0004029846, -0.0019774949
  -35.676785, 0.0005544526, -0.0019787303
  -35.67033, 0.000231188, -0.0019799656
  -35.65742, 0.0003073206, -0.0019824363
  -35.65742, 0.0003152926, -0.0019824363
  -35.650965, 0.0001765798, -0.0019836716
  -35.650965, 0.000328845, -0.0019836716
  -35.64451, 6.73634e-05, -0.0019849069
  -35.638055, 0.0002064748, -0.0019861423
  -35.638055, 0.0003989986, -0.0019861423
  -35.638055, 0.0002100622, -0.0019861423
  -35.638055, 0.0004759284, -0.0019861423
  -35.6316, 0.000340803, -0.0019873776
  -35.6316, 0.0002574956, -0.0019873776
  -35.6316, 0.0003392086, -0.0019873776
  -35.6316, 0.0005094108, -0.0019873776
  -35.6316, 0.0006353684, -0.0019873776
  -35.625145, 0.0004332782, -0.0019886129
  -35.625145, 0.0003982014, -0.0019886129
  -35.625145, 0.0002997472, -0.0019886129
  -35.625145, 0.00049825, -0.0019886129
  -35.625145, 0.0005133968, -0.0019886129
  -35.625145, 0.0002985514, -0.0019886129
  -35.61869, 0.000324859, -0.0019898483
  -35.61869, 0.0003762784, -0.0019898483
  -35.61869, 0.000464369, -0.0019898483
  -35.612235, 0.0001143982, -0.0019910836
  -35.612235, 0.0002156426, -0.0019910836
  -35.60578, 0.0001977056, -0.0019923189
  -35.599325, 0.0005982986, -0.0019935543
  -35.599325, 6.1783e-05, -0.0019935543
  -35.59287, 0.000631781, -0.0019947896
  -35.59287, 9.40696e-05, -0.0019947896
  -35.59287, 0.0001562512, -0.0019947896
  -35.59287, 0.000245139, -0.0019947896
  -35.586415, 7.972e-05, -0.0019960249
  -35.586415, 0.000310908, -0.0019960249
  -35.586415, -2.15244e-05, -0.0019960249
  -35.57996, 0.0004579914, -0.0019972603
  -35.57996, 0.0001869434, -0.0019972603
  -35.57996, 0.0003539568, -0.0019972603
  -35.57996, 0.0002658662, -0.0019972603
  -35.573505, 0.00017937, -0.0019984956
  -35.573505, 0.0004886836, -0.0019984956
  -35.573505, 0.0003794672, -0.0019984956
  -35.573505, 0.0003778728, -0.0019984956
  -35.573505, 0.0001391114, -0.0019984956
  -35.573505, 0.0001203772, -0.0019984956
  -35.56705, 0.000516187, -0.0019997309
  -35.56705, 0.0003184814, -0.0019997309
  -35.56705, 0.0003276492, -0.0019997309
  -35.560595, 0.0003543554, -0.0020009663
  -35.560595, 0.0003762784, -0.0020009663
  -35.560595, 0.0003296422, -0.0020009663
  -35.560595, 0.0002124538, -0.0020009663
  -35.560595, 0.0002200272, -0.0020009663
  -35.560595, 0.0001797686, -0.0020009663
  -35.560595, 0.0004755298, -0.0020009663
  -35.55414, 0.0003180828, -0.0020022016
  -35.55414, -3.34824e-05, -0.0020022016
  -35.55414, 0.0001387128, -0.0020022016
  -35.55414, 0.0004296908, -0.0020022016
  -35.55414, 0.0002315866, -0.0020022016
  -35.55414, 0.0003914252, -0.0020022016
  -35.55414, 0.000253111, -0.0020022016
  -35.55414, 0.000382656, -0.0020022016
  -35.55414, 0.0002515166, -0.0020022016
  -35.55414, 0.0001642232, -0.0020022016
  -35.55414, 0.000386642, -0.0020022016
  -35.547685, -2.35174e-05, -0.0020034369
  -35.547685, 0.0005851448, -0.0020034369
  -35.547685, 0.0001961112, -0.0020034369
  -35.547685, 0.0002128524, -0.0020034369
  -35.547685, 0.000286992, -0.0020034369
  -35.547685, 0.0004492222, -0.0020034369
  -35.547685, 0.0002080692, -0.0020034369
  -35.54123, 0.0005472778, -0.0020046723
  -35.54123, 0.0003400058, -0.0020046723
  -35.54123, 0.0001881392, -0.0020046723
  -35.534775, 0.0001004472, -0.0020059076
  -35.534775, -7.81256e-05, -0.0020059076
  -35.534775, 0.0005588372, -0.0020059076
  -35.534775, 0.000512201, -0.0020059076
  -35.534775, 0.0003714952, -0.0020059076
  -35.534775, 0.0001407058, -0.0020059076
  -35.534775, 0.0002204258, -0.0020059076
  -35.534775, 0.0001283492, -0.0020059076
  -35.534775, 0.0001598386, -0.0020059076
  -35.52832, 0.000440453, -0.0020071429
  -35.521865, 0.000424509, -0.0020083783
  -35.521865, -8.49018e-05, -0.0020083783
  -35.521865, 0.000263076, -0.0020083783
  -35.521865, 0.0004109566, -0.0020083783
  -35.521865, 0.0001638246, -0.0020083783
  -35.521865, 0.0003033346, -0.0020083783
  -35.51541, 6.7762e-06, -0.0020096136
  -35.51541, 0.0001538596, -0.0020096136
  -35.51541, 0.000412551, -0.0020096136
  -35.51541, 0.0001072234, -0.0020096136
  -35.508955, 0.0006724382, -0.0020108489
  -35.508955, 5.73984e-05, -0.0020108489
  -35.508955, 0.0003013416, -0.0020108489
  -35.5025, 0.0003531596, -0.0020120842
  -35.5025, -9.1678e-05, -0.0020120842
  -35.5025, 0.0004827046, -0.0020120842
  -35.496045, 8.3706e-05, -0.0020133196
  -35.48959, 0.0007824518, -0.0020145549
  -35.483135, 0.0005030332, -0.0020157902
  -35.47668, 0.0001187828, -0.0020170256
  -35.470225, 0.0002343768, -0.0020182609
  -35.46377, 0.0005811588, -0.0020194962
  -35.46377, 0.0006847948, -0.0020194962
  -35.457315, 0.0002578942, -0.0020207316
  -35.457315, 0.0003810616, -0.0020207316
  -35.457315, 0.0001000486, -0.0020207316
  -35.457315, 0.0005584386, -0.0020207316
  -35.457315, 0.0001203772, -0.0020207316
  -35.45086, 6.1783e-05, -0.0020219669
  -35.45086, 0.0004113552, -0.0020219669
  -35.45086, -1.31538e-05, -0.0020219669
  -35.45086, 0.0002666634, -0.0020219669
  -35.45086, -0.0002056776, -0.0020219669
  -35.444405, 0.0001163912, -0.0020232022
  -35.444405, 0.0002120552, -0.0020232022
  -35.444405, -8.5699e-05, -0.0020232022
  -35.43795, 0.0004691522, -0.0020244376
  -35.43795, 0.000326852, -0.0020244376
  -35.431495, 0.000271048, -0.0020256729
  -35.42504, 0.0004639704, -0.0020269082
  -35.42504, 6.89578e-05, -0.0020269082
  -35.42504, 0.0001506708, -0.0020269082
  -35.42504, 0.0006094594, -0.0020269082
  -35.42504, 0.0002220202, -0.0020269082
  -35.418585, 0.0004755298, -0.0020281436
  -35.418585, 8.41046e-05, -0.0020281436
  -35.418585, 0.0002200272, -0.0020281436
  -35.41213, 9.20766e-05, -0.0020293789
  -35.41213, 0.000346782, -0.0020293789
  -35.41213, -3.5874e-05, -0.0020293789
  -35.41213, 0.0002694536, -0.0020293789
  -35.405675, 7.41396e-05, -0.0020306142
  -35.405675, 0.0005106066, -0.0020306142
  -35.405675, 0.0003798658, -0.0020306142
  -35.405675, -5.93914e-05, -0.0020306142
  -35.405675, 0.0007836476, -0.0020306142
  -35.39922, -7.85242e-05, -0.0020318496
  -35.39922, -9.965e-06, -0.0020318496
  -35.39922, 0.0001865448, -0.0020318496
  -35.392765, 0.0004679564, -0.0020330849
  -35.392765, 0.0003443904, -0.0020330849
  -35.392765, 0.0003396072, -0.0020330849
  -35.392765, 0.0004376628, -0.0020330849
  -35.392765, 0.000603879, -0.0020330849
  -35.392765, 0.0002208244, -0.0020330849
  -35.392765, 0.00071748, -0.0020330849
  -35.38631, 0.0002383628, -0.0020343202
  -35.38631, 0.0002415516, -0.0020343202
  -35.38631, 0.0001626288, -0.0020343202
  -35.38631, 0.0004269006, -0.0020343202
  -35.379855, 0.000247132, -0.0020355556
  -35.3734, 3.14894e-05, -0.0020367909
  -35.366945, 7.49368e-05, -0.0020380262
  -35.366945, 1.67412e-05, -0.0020380262
  -35.366945, 0.0002586914, -0.0020380262
  -35.366945, 0.0004448376, -0.0020380262
  -35.366945, 0.0001550554, -0.0020380262
  -35.354035, 0.0002539082, -0.0020404969
  -35.354035, 0.000384649, -0.0020404969
  -35.341125, 0.0002834046, -0.0020429676
  -35.341125, 0.0005672078, -0.0020429676
  -35.33467, 0.0006429418, -0.0020442029
  -35.33467, 8.3706e-05, -0.0020442029
  -35.33467, 0.000185349, -0.0020442029
  -35.315305, 0.0002415516, -0.0020479089
  -35.315305, 0.0005536554, -0.0020479089
  -35.30885, 0.0003125024, -0.0020491442
  -35.302395, 0.0002495236, -0.0020503796
  -35.302395, 0.0003041318, -0.0020503796
  -35.29594, 0.0003718938, -0.0020516149
  -35.29594, 0.0002566984, -0.0020516149
  -35.289485, 0.000131538, -0.0020528502
  -35.28303, -7.5734e-06, -0.0020540856
  -35.28303, 0.000364719, -0.0020540856
  -35.276575, 0.0001442932, -0.0020553209
  -35.276575, 0.0003838518, -0.0020553209
  -35.276575, 2.3916e-05, -0.0020553209
  -35.27012, 0.0004850962, -0.0020565562
  -35.27012, 4.86292e-05, -0.0020565562
  -35.27012, 0.0003531596, -0.0020565562
  -35.263665, 0.0004914738, -0.0020577916
  -35.25721, 0.00021923, -0.0020590269
  -35.237845, 0.000125559, -0.0020627329
  -35.23139, 0.0007537526, -0.0020639682
  -35.23139, 0.0001351254, -0.0020639682
  -35.224935, 0.0003730896, -0.0020652036
  -35.224935, 0.0002582928, -0.0020652036
  -35.21848, 0.0005464806, -0.0020664389
  -35.199115, 0.000271048, -0.0020701449
  -35.199115, -0.0002917752, -0.0020701449
  -35.186205, 0.0004548026, -0.0020726156
  -35.17975, 0.0005233618, -0.0020738509
  -35.17975, 0.0006265992, -0.0020738509
  -35.173295, -0.0001167898, -0.0020750862
  -35.16684, 0.0002802158, -0.0020763216
  -35.147475, 0.0002240132, -0.0020800276
  -35.14102, 0.0004300894, -0.0020812629
  -35.134565, 0.0003898308, -0.0020824982
  -35.134565, 0.000569998, -0.0020824982
  -35.134565, 0.0005895294, -0.0020824982
  -35.134565, -4.70348e-05, -0.0020824982
  -35.12811, 0.0002957612, -0.0020837336
  -35.12811, 0.000245139, -0.0020837336
  -35.121655, 0.0001881392, -0.0020849689
  -35.121655, 0.0001801672, -0.0020849689
  -35.121655, 0.0004930682, -0.0020849689
  -35.1152, 0.0005692008, -0.0020862042
  -35.1152, 0.0003423974, -0.0020862042
  -35.10229, 0.0002076706, -0.0020886749
  -35.10229, 0.0003782714, -0.0020886749
  -35.095835, 0.0003244604, -0.0020899102
  -35.095835, 0.0005731868, -0.0020899102
  -35.082925, 0.000771291, -0.0020923809
  -35.07647, 0.0005110052, -0.0020936162
  -35.070015, 8.64962e-05, -0.0020948516
  -35.070015, 0.0002985514, -0.0020948516
  -35.06356, 0.0005795644, -0.0020960869
  -35.06356, 0.0005245576, -0.0020960869
  -35.031285, -0.0001072234, -0.0021022636
  -35.01192, 8.72934e-05, -0.0021059696
  -35.005465, 0.000422516, -0.0021072049
  -35.005465, 0.000400593, -0.0021072049
  -34.99901, 0.0003934182, -0.0021084402
  -34.99901, 0.0003790686, -0.0021084402
  -34.992555, 0.000510208, -0.0021096756
  -34.992555, 0.0007099066, -0.0021096756
  -34.979645, 0.0001040346, -0.0021121462
  -34.93446, 0.0002806144, -0.0021207936
  -34.93446, 0.000356747, -0.0021207936
  -34.928005, 0.0002766284, -0.0021220289
  -34.915095, 6.13844e-05, -0.0021244996
  -34.915095, 0.000454404, -0.0021244996
  -34.90864, 0.0007087108, -0.0021257349
  -34.902185, 0.0001430974, -0.0021269702
  -34.89573, 0.0005305366, -0.0021282056
  -34.889275, 0.0002256076, -0.0021294409
  -34.86991, 0.0003651176, -0.0021331469
  -34.86991, 0.0004707466, -0.0021331469
  -34.863455, 0.0002279992, -0.0021343822
  -34.857, 0.0002443418, -0.0021356175
  -34.83118, 7.29438e-05, -0.0021405589
  -34.824725, 6.41746e-05, -0.0021417942
  -34.798905, 3.66712e-05, -0.0021467355
  -34.785995, 0.0002407544, -0.0021492062
  -34.785995, 0.0004237118, -0.0021492062
  -34.76663, 0.0005193758, -0.0021529122
  -34.76663, 0.0005118024, -0.0021529122
  -34.76663, 0.0001985028, -0.0021529122
  -34.76663, 0.0003958098, -0.0021529122
  -34.76663, 0.0002347754, -0.0021529122
  -34.760175, 0.0003523624, -0.0021541475
  -34.760175, 0.0001363212, -0.0021541475
  -34.75372, 0.000231188, -0.0021553829
  -34.75372, 0.0003483764, -0.0021553829
  -34.747265, 0.0004093622, -0.0021566182
  -34.747265, 0.0002606844, -0.0021566182
  -34.74081, 1.5944e-05, -0.0021578535
  -34.74081, 0.0004850962, -0.0021578535
  -34.734355, 0.0002818102, -0.0021590889
  -34.7279, 0.0002614816, -0.0021603242
  -34.721445, 0.0001482792, -0.0021615595
  -34.721445, 0.000488285, -0.0021615595
  -34.721445, 0.0003463834, -0.0021615595
  -34.721445, 0.0003344254, -0.0021615595
  -34.71499, 0.0004340754, -0.0021627949
  -34.71499, 0.0002654676, -0.0021627949
  -34.71499, 0.0006704452, -0.0021627949
  -34.708535, 0.0006545012, -0.0021640302
  -34.708535, 0.0002307894, -0.0021640302
  -34.70208, 0.0005456834, -0.0021652655
  -34.70208, 0.0004356698, -0.0021652655
  -34.70208, 0.0003376142, -0.0021652655
  -34.70208, 0.0005157884, -0.0021652655
  -34.70208, 0.000432481, -0.0021652655
  -34.70208, 0.000316887, -0.0021652655
  -34.695625, 0.0002746354, -0.0021665009
  -34.695625, 0.0002901808, -0.0021665009
  -34.695625, 0.0002164398, -0.0021665009
  -34.695625, 0.0002004958, -0.0021665009
  -34.695625, 0.0002798172, -0.0021665009
  -34.695625, 0.0005285436, -0.0021665009
  -34.695625, 0.0004675578, -0.0021665009
  -34.695625, 0.0002766284, -0.0021665009
  -34.695625, -8.53004e-05, -0.0021665009
  -34.695625, 0.0001327338, -0.0021665009
  -34.68917, 0.0002893836, -0.0021677362
  -34.68917, 0.0004747326, -0.0021677362
  -34.68917, 0.0002315866, -0.0021677362
  -34.68917, 0.0001044332, -0.0021677362
  -34.68917, 0.0002953626, -0.0021677362
  -34.68917, 0.0005903266, -0.0021677362
  -34.682715, 0.0004870892, -0.0021689715
  -34.682715, 0.0003798658, -0.0021689715
  -34.682715, 0.0003200758, -0.0021689715
  -34.682715, 0.0004488236, -0.0021689715
  -34.682715, 0.0005050262, -0.0021689715
  -34.67626, 0.0004213202, -0.0021702069
  -34.67626, 0.0004918724, -0.0021702069
  -34.67626, 0.0004846976, -0.0021702069
  -34.669805, 0.0005173828, -0.0021714422
  -34.669805, 0.0002893836, -0.0021714422
  -34.66335, 0.0003695022, -0.0021726775
  -34.66335, 0.0006728368, -0.0021726775
  -34.66335, 0.0001020416, -0.0021726775
  -34.66335, 0.0004468306, -0.0021726775
  -34.66335, 0.000470348, -0.0021726775
  -34.656895, 0.0003902294, -0.0021739129
  -34.656895, 0.000269055, -0.0021739129
  -34.656895, 0.0003878378, -0.0021739129
  -34.656895, 7.69298e-05, -0.0021739129
  -34.656895, 0.000468355, -0.0021739129
  -34.65044, 0.0002702508, -0.0021751482
  -34.65044, 5.14194e-05, -0.0021751482
  -34.65044, 0.0002985514, -0.0021751482
  -34.643985, 0.0009040248, -0.0021763835
  -34.643985, 0.0003910266, -0.0021763835
  -34.63753, 0.0006206202, -0.0021776189
  -34.63753, 0.0005616274, -0.0021776189
  -34.631075, 0.0004667606, -0.0021788542
  -34.631075, 0.0007836476, -0.0021788542
  -34.631075, 0.0008043748, -0.0021788542
  -34.62462, 0.0005612288, -0.0021800895
  -34.62462, 0.00089685, -0.0021800895
  -34.618165, 0.000599893, -0.0021813249
  -34.618165, 0.0003938168, -0.0021813249
  -34.618165, 0.0001423002, -0.0021813249
  -34.618165, 0.0004671592, -0.0021813249
  -34.61171, 0.000356747, -0.0021825602
  -34.61171, 0.0002375656, -0.0021825602
  -34.61171, 0.0005217674, -0.0021825602
  -34.605255, 0.000595907, -0.0021837955
  -34.605255, 0.0002423488, -0.0021837955
  -34.5988, 0.0003264534, -0.0021850309
  -34.5988, 0.0003431946, -0.0021850309
  -34.5988, 0.0006792144, -0.0021850309
  -34.592345, 0.0001761812, -0.0021862662
  -34.592345, 0.0002842018, -0.0021862662
  -34.58589, 0.0007441862, -0.0021875015
  -34.58589, 0.0001012444, -0.0021875015
  -34.579435, 0.0004197258, -0.0021887369
  -34.579435, 0.0003053276, -0.0021887369
  -34.579435, 0.0012268908, -0.0021887369
  -34.579435, 0.0008043748, -0.0021887369
  -34.57298, 0.0002686564, -0.0021899722
  -34.566525, 0.0007190744, -0.0021912075
  -34.566525, 0.0004121524, -0.0021912075
  -34.566525, 0.0001825588, -0.0021912075
  -34.566525, 0.000508215, -0.0021912075
  -34.56007, 0.000482306, -0.0021924429
  -34.56007, 3.986e-06, -0.0021924429
  -34.56007, 0.0008613746, -0.0021924429
  -34.553615, 0.0005624246, -0.0021936782
  -34.553615, 0.0001781742, -0.0021936782
  -34.553615, 0.0005245576, -0.0021936782
  -34.54716, 0.0003978028, -0.0021949135
  -34.54716, 0.000416537, -0.0021949135
  -34.54716, 1.35524e-05, -0.0021949135
  -34.54716, 0.000149475, -0.0021949135
  -34.540705, 0.000340803, -0.0021961489
  -34.540705, 0.0003435932, -0.0021961489
  -34.540705, 0.0002698522, -0.0021961489
  -34.540705, 0.0003025374, -0.0021961489
  -34.540705, 0.000890871, -0.0021961489
  -34.540705, 0.0002706494, -0.0021961489
  -34.540705, 0.0003695022, -0.0021961489
  -34.53425, 0.0005078164, -0.0021973842
  -34.53425, 0.0005169842, -0.0021973842
  -34.53425, 0.0005871378, -0.0021973842
  -34.53425, 0.0005078164, -0.0021973842
  -34.53425, 0.0004966556, -0.0021973842
  -34.53425, 0.0008637662, -0.0021973842
  -34.53425, 0.0003922224, -0.0021973842
  -34.53425, 0.0003196772, -0.0021973842
  -34.53425, 0.0004548026, -0.0021973842
  -34.527795, 0.0003974042, -0.0021986195
  -34.527795, 0.0004316838, -0.0021986195
  -34.527795, 0.0004787186, -0.0021986195
  -34.52134, 0.0002443418, -0.0021998549
  -34.52134, 0.0001606358, -0.0021998549
  -34.514885, 0.0003172856, -0.0022010902
  -34.514885, 0.0006449348, -0.0022010902
  -34.501975, 0.0006748298, -0.0022035609
  -34.501975, 0.000306922, -0.0022035609
  -34.501975, 0.0006808088, -0.0022035609
  -34.501975, 0.0002818102, -0.0022035609
  -34.49552, 0.0003220688, -0.0022047962
  -34.49552, 0.0004520124, -0.0022047962
  -34.489065, 0.0004021874, -0.0022060315
  -34.489065, 0.0002499222, -0.0022060315
  -34.48261, 0.0003898308, -0.0022072669
  -34.48261, 0.000428495, -0.0022072669
  -34.48261, -1.27552e-05, -0.0022072669
  -34.476155, 2.23216e-05, -0.0022085022
  -34.463245, 0.0001662162, -0.0022109729
  -34.45679, 0.0005982986, -0.0022122082
  -34.450335, 0.0005664106, -0.0022134435
  -34.43097, 0.000217237, -0.0022171495
  -34.424515, 0.0002216216, -0.0022183849
  -34.424515, 0.0001981042, -0.0022183849
  -34.424515, 0.0006939626, -0.0022183849
  -34.41806, 0.0004835018, -0.0022196202
  -34.41806, 0.0004520124, -0.0022196202
  -34.41806, 0.0008801088, -0.0022196202
  -34.40515, 6.69648e-05, -0.0022220909
  -34.40515, 0.0001044332, -0.0022220909
  -34.40515, 0.0004408516, -0.0022220909
  -34.40515, 0.0004659634, -0.0022220909
  -34.40515, 0.0004990472, -0.0022220909
  -34.40515, 0.0003938168, -0.0022220909
  -34.40515, 0.0001626288, -0.0022220909
  -34.398695, 0.0002694536, -0.0022233262
  -34.398695, 0.0005325296, -0.0022233262
  -34.398695, 0.0004193272, -0.0022233262
  -34.39224, -0.0001419016, -0.0022245615
  -34.39224, 0.0010048706, -0.0022245615
  -34.39224, 0.0002008944, -0.0022245615
  -34.39224, 0.000767305, -0.0022245615
  -34.39224, 0.0001331324, -0.0022245615
  -34.385785, 0.000350768, -0.0022257969
  -34.385785, 0.0004607816, -0.0022257969
  -34.385785, 0.0009271436, -0.0022257969
  -34.385785, 0.0003659148, -0.0022257969
  -34.385785, 0.000384649, -0.0022257969
  -34.385785, 0.0002965584, -0.0022257969
  -34.385785, 0.0008884794, -0.0022257969
  -34.385785, 0.000605872, -0.0022257969
  -34.385785, 0.000229195, -0.0022257969
  -34.385785, 0.0003511666, -0.0022257969
  -34.37933, 0.0006226132, -0.0022270322
  -34.37933, 0.0006202216, -0.0022270322
  -34.37933, 0.0002415516, -0.0022270322
  -34.37933, 0.0005476764, -0.0022270322
  -34.37933, 0.0004599844, -0.0022270322
  -34.37933, 0.0003085164, -0.0022270322
  -34.37933, 2.55104e-05, -0.0022270322
  -34.372875, 0.000444439, -0.0022282675
  -34.372875, 0.0004898794, -0.0022282675
  -34.372875, 0.0002303908, -0.0022282675
  -34.372875, 0.0004073692, -0.0022282675
  -34.372875, 0.0007326268, -0.0022282675
  -34.372875, 0.0002766284, -0.0022282675
  -34.372875, 0.00047832, -0.0022282675
  -34.372875, 0.0001462862, -0.0022282675
  -34.372875, 0.0001032374, -0.0022282675
  -34.372875, 0.0001996986, -0.0022282675
  -34.36642, 0.000689578, -0.0022295029
  -34.36642, 0.0003671106, -0.0022295029
  -34.36642, 0.0007525568, -0.0022295029
  -34.36642, 0.0010786116, -0.0022295029
  -34.36642, 0.0007107038, -0.0022295029
  -34.36642, 0.0004591872, -0.0022295029
  -34.36642, -1.15594e-05, -0.0022295029
  -34.36642, 0.0005847462, -0.0022295029
  -34.36642, 0.000601886, -0.0022295029
  -34.36642, 0.000416537, -0.0022295029
  -34.36642, 0.0003890336, -0.0022295029
  -34.36642, 0.000585942, -0.0022295029
  -34.36642, 0.0004659634, -0.0022295029
  -34.36642, 0.0002507194, -0.0022295029
  -34.36642, 0.0004950612, -0.0022295029
  -34.36642, 0.0003105094, -0.0022295029
  -34.359965, 0.000601886, -0.0022307382
  -34.359965, 0.0001801672, -0.0022307382
  -34.359965, 0.0002622788, -0.0022307382
  -34.359965, 0.0004791172, -0.0022307382
  -34.359965, 0.000713494, -0.0022307382
  -34.359965, 0.0006820046, -0.0022307382
  -34.359965, 0.0001518666, -0.0022307382
  -34.35351, 0.0003459848, -0.0022319735
  -34.35351, 0.0004571942, -0.0022319735
  -34.35351, 3.3881e-05, -0.0022319735
  -34.35351, 0.0003113066, -0.0022319735
  -34.35351, 0.0002196286, -0.0022319735
  -34.347055, 0.0006182286, -0.0022332089
  -34.347055, 0.000404579, -0.0022332089
  -34.347055, 0.000514194, -0.0022332089
  -34.347055, 0.0006122496, -0.0022332089
  -34.347055, 0.0005110052, -0.0022332089
  -34.347055, 0.0003503694, -0.0022332089
  -34.3406, 0.0001821602, -0.0022344442
  -34.3406, 0.0005851448, -0.0022344442
  -34.3406, 0.000460383, -0.0022344442
  -34.334145, 0.0007286408, -0.0022356795
  -34.334145, 0.0007409974, -0.0022356795
  -34.32769, 0.0008143398, -0.0022369149
  -34.32769, 0.0004129496, -0.0022369149
  -34.32769, 0.0004719424, -0.0022369149
  -34.31478, 0.0001446918, -0.0022393855
  -34.30187, 0.0005815574, -0.0022418562
  -34.295415, 0.0001849504, -0.0022430915
  -34.28896, 0.0003443904, -0.0022443269
  -34.28896, 0.0005979, -0.0022443269
  -34.282505, 0.0005867392, -0.0022455622
  -34.27605, 0.0004069706, -0.0022467975
  -34.27605, 0.0003818588, -0.0022467975
  -34.269595, 0.000490278, -0.0022480328
  -34.269595, 0.0004077678, -0.0022480328
  -34.269595, 0.000532131, -0.0022480328
  -34.26314, 0.0005883336, -0.0022492682
  -34.26314, 0.0004408516, -0.0022492682
  -34.26314, 0.0003595372, -0.0022492682
  -34.256685, 0.000741396, -0.0022505035
  -34.25023, 0.000607865, -0.0022517388
  -34.243775, 0.0003324324, -0.0022529742
  -34.243775, 0.000805172, -0.0022529742
  -34.243775, 0.0002383628, -0.0022529742
  -34.243775, 0.000839053, -0.0022529742
  -34.23732, 0.0002865934, -0.0022542095
  -34.230865, 0.0004037818, -0.0022554448
  -34.230865, 0.0003117052, -0.0022554448
  -34.230865, 0.0009494652, -0.0022554448
  -34.22441, 0.0004671592, -0.0022566802
  -34.217955, -8.7692e-06, -0.0022579155
  -34.217955, 0.0006345712, -0.0022579155
  -34.19859, 0.0005548512, -0.0022616215
  -34.19859, 0.00035874, -0.0022616215
  -34.19859, 0.0002997472, -0.0022616215
  -34.18568, 0.0007047248, -0.0022640922
  -34.179225, 0.0003105094, -0.0022653275
  -34.179225, 0.0004691522, -0.0022653275
  -34.179225, 0.0005237604, -0.0022653275
  -34.17277, 0.0003204744, -0.0022665628
  -34.166315, 0.0005504666, -0.0022677982
  -34.166315, 0.0004950612, -0.0022677982
  -34.15986, 0.0008984444, -0.0022690335
  -34.15986, 0.0004496208, -0.0022690335
  -34.153405, 0.0004420474, -0.0022702688
  -34.153405, 0.0002893836, -0.0022702688
  -34.14695, 0.0005185786, -0.0022715042
  -34.140495, 0.0003017402, -0.0022727395
  -34.13404, 0.0006927668, -0.0022739748
  -34.13404, 0.0007649134, -0.0022739748
  -34.12113, 0.0005688022, -0.0022764455
  -34.12113, 4.74334e-05, -0.0022764455
  -34.114675, 0.0002957612, -0.0022776808
  -34.10822, 0.0008514096, -0.0022789162
  -34.10822, 0.0005094108, -0.0022789162
  -34.09531, 0.0005078164, -0.0022813868
  -34.088855, 0.0005185786, -0.0022826222
  -34.088855, 0.0002068734, -0.0022826222
  -34.088855, 0.0001502722, -0.0022826222
  -34.0824, 0.0007039276, -0.0022838575
  -34.0824, 0.0003284464, -0.0022838575
  -34.075945, 0.0002208244, -0.0022850928
  -34.075945, 0.0003834532, -0.0022850928
  -34.06949, 0.0004850962, -0.0022863282
  -34.063035, 0.0004918724, -0.0022875635
  -34.050125, 5.93914e-05, -0.0022900342
  -34.04367, 0.0003902294, -0.0022912695
  -34.04367, 9.12794e-05, -0.0022912695
  -34.037215, 0.0003934182, -0.0022925048
  -34.037215, -2.86992e-05, -0.0022925048
  -34.03076, 0.0003276492, -0.0022937402
  -34.01785, 0.0006214174, -0.0022962108
  -34.011395, 0.0004412502, -0.0022974462
  -33.998485, 0.0005955084, -0.0022999168
  -33.998485, 0.0005903266, -0.0022999168
  -33.998485, 0.0004651662, -0.0022999168
  -33.97912, 0.0001251604, -0.0023036228
  -33.9533, 0.0003372156, -0.0023085642
  -33.9533, 0.0004528096, -0.0023085642
  -33.946845, 0.00025909, -0.0023097995
  -33.94039, 0.0001602372, -0.0023110348
  -33.933935, 0.0007043262, -0.0023122702
  -33.933935, 0.0002674606, -0.0023122702
  -33.92748, 0.0003180828, -0.0023135055
  -33.92748, 0.0005277464, -0.0023135055
  -33.921025, 0.0003830546, -0.0023147408
  -33.921025, -6.9755e-05, -0.0023147408
  -33.91457, 0.0005325296, -0.0023159762
  -33.91457, 0.0003774742, -0.0023159762
  -33.91457, 0.0004795158, -0.0023159762
  -33.91457, 6.33774e-05, -0.0023159762
  -33.908115, -0.0001311394, -0.0023172115
  -33.908115, 0.0005767742, -0.0023172115
  -33.908115, 0.000245139, -0.0023172115
  -33.908115, 0.0004340754, -0.0023172115
  -33.90166, 0.000619823, -0.0023184468
  -33.90166, 0.0005855434, -0.0023184468
  -33.90166, 0.0003818588, -0.0023184468
  -33.895205, 0.0006923682, -0.0023196822
  -33.895205, 0.000599893, -0.0023196822
  -33.895205, 0.0004416488, -0.0023196822
  -33.895205, 0.0004053762, -0.0023196822
  -33.895205, 0.000384649, -0.0023196822
  -33.88875, 0.0003989986, -0.0023209175
  -33.88875, 9.64612e-05, -0.0023209175
  -33.882295, 9.72584e-05, -0.0023221528
  -33.882295, 6.53704e-05, -0.0023221528
  -33.882295, 0.0004615788, -0.0023221528
  -33.882295, 0.0006226132, -0.0023221528
  -33.882295, 0.0001271534, -0.0023221528
  -33.87584, 0.0005731868, -0.0023233882
  -33.87584, 0.0003954112, -0.0023233882
  -33.87584, -3.986e-06, -0.0023233882
  -33.87584, -5.02236e-05, -0.0023233882
  -33.87584, 0.0006421446, -0.0023233882
  -33.869385, 0.0007864378, -0.0023246235
  -33.869385, 0.0004711452, -0.0023246235
  -33.869385, 0.00063776, -0.0023246235
  -33.869385, 0.0007158856, -0.0023246235
  -33.869385, 0.000354754, -0.0023246235
  -33.86293, 9.1678e-05, -0.0023258588
  -33.86293, 0.0002459362, -0.0023258588
  -33.86293, 0.0009004374, -0.0023258588
  -33.86293, 0.0005751798, -0.0023258588
  -33.86293, 0.0002128524, -0.0023258588
  -33.86293, 0.0004779214, -0.0023258588
  -33.86293, 0.0005145926, -0.0023258588
  -33.86293, 4.06572e-05, -0.0023258588
  -33.86293, 0.0004213202, -0.0023258588
  -33.86293, 0.0004520124, -0.0023258588
  -33.86293, 0.0007270464, -0.0023258588
  -33.856475, 0.000326852, -0.0023270942
  -33.856475, 0.000446432, -0.0023270942
  -33.856475, 0.0004555998, -0.0023270942
  -33.856475, 0.0006413474, -0.0023270942
  -33.85002, 0.0007150884, -0.0023283295
  -33.85002, 0.0004029846, -0.0023283295
  -33.85002, 0.0003695022, -0.0023283295
  -33.843565, 0.000430488, -0.0023295648
  -33.843565, 0.0007716896, -0.0023295648
  -33.843565, 0.0002985514, -0.0023295648
  -33.83711, 0.0004675578, -0.0023308002
  -33.83711, 0.0005129982, -0.0023308002
  -33.83711, 0.00053811, -0.0023308002
  -33.83711, 0.0004679564, -0.0023308002
  -33.83711, 0.0005568442, -0.0023308002
  -33.83711, 0.0004827046, -0.0023308002
  -33.83711, 0.0006580886, -0.0023308002
  -33.83711, 0.0005652148, -0.0023308002
  -33.830655, 0.0006640676, -0.0023320355
  -33.8242, 0.0006265992, -0.0023332708
  -33.8242, 0.0002104608, -0.0023332708
  -33.817745, 0.0003742854, -0.0023345062
  -33.817745, 0.0005492708, -0.0023345062
  -33.817745, 0.0006552984, -0.0023345062
  -33.81129, 0.0004990472, -0.0023357415
  -33.81129, 0.0002937682, -0.0023357415
  -33.81129, 0.000390628, -0.0023357415
  -33.804835, 0.0006521096, -0.0023369768
  -33.79838, 0.000300943, -0.0023382122
  -33.791925, 0.0005257534, -0.0023394475
  -33.791925, 0.0002881878, -0.0023394475
  -33.78547, 0.0003714952, -0.0023406828
  -33.779015, 0.000779263, -0.0023419182
  -33.779015, 0.0006206202, -0.0023419182
  -33.779015, 0.0003794672, -0.0023419182
  -33.779015, 0.0007138926, -0.0023419182
  -33.779015, 0.0002901808, -0.0023419182
  -33.77256, 0.0003934182, -0.0023431535
  -33.77256, 0.0004846976, -0.0023431535
  -33.77256, 0.0002339782, -0.0023431535
  -33.766105, 0.0005632218, -0.0023443888
  -33.766105, 0.0001706008, -0.0023443888
  -33.766105, 0.00041853, -0.0023443888
  -33.766105, 0.0005867392, -0.0023443888
  -33.75965, 0.0001207758, -0.0023456242
  -33.753195, 0.0005333268, -0.0023468595
  -33.740285, 0.0003073206, -0.0023493302
  -33.740285, 0.0001977056, -0.0023493302
  -33.740285, 0.0007031304, -0.0023493302
  -33.73383, 0.000197307, -0.0023505655
  -33.73383, 0.0003838518, -0.0023505655
  -33.73383, 0.0005791658, -0.0023505655
  -33.73383, 0.0002674606, -0.0023505655
  -33.73383, 0.0004898794, -0.0023505655
  -33.73383, 0.0006648648, -0.0023505655
  -33.727375, 0.0005074178, -0.0023518008
  -33.727375, 0.0002307894, -0.0023518008
  -33.727375, 0.0003200758, -0.0023518008
  -33.727375, 0.0001179856, -0.0023518008
  -33.727375, 0.0005943126, -0.0023518008
  -33.727375, 0.00049825, -0.0023518008
  -33.727375, 1.43496e-05, -0.0023518008
  -33.72092, 0.0001271534, -0.0023530362
  -33.72092, 0.0004109566, -0.0023530362
  -33.72092, 0.0002184328, -0.0023530362
  -33.72092, 0.0005967042, -0.0023530362
  -33.72092, 0.0003934182, -0.0023530362
  -33.72092, 0.0006712424, -0.0023530362
  -33.72092, 0.0001510694, -0.0023530362
  -33.714465, 0.0007820532, -0.0023542715
  -33.714465, 0.0002873906, -0.0023542715
  -33.714465, 0.0005576414, -0.0023542715
  -33.714465, 0.0009311296, -0.0023542715
  -33.714465, 0.0001151954, -0.0023542715
  -33.70801, 0.0003280478, -0.0023555068
  -33.70801, 0.0003619288, -0.0023555068
  -33.70801, 0.000468355, -0.0023555068
  -33.70801, 0.000540103, -0.0023555068
  -33.701555, 0.0003340268, -0.0023567422
  -33.701555, 0.0003491736, -0.0023567422
  -33.701555, 0.0006146412, -0.0023567422
  -33.701555, 0.0004456348, -0.0023567422
  -33.701555, 0.000583949, -0.0023567422
  -33.701555, 0.0001618316, -0.0023567422
  -33.701555, 0.0004771242, -0.0023567422
  -33.701555, 0.0004815088, -0.0023567422
  -33.701555, 0.0007306338, -0.0023567422
  -33.6951, 0.00027902, -0.0023579775
  -33.6951, 0.0004910752, -0.0023579775
  -33.6951, 0.0004751312, -0.0023579775
  -33.6951, 0.0001717966, -0.0023579775
  -33.6951, 0.0002933696, -0.0023579775
  -33.6951, 0.0008406474, -0.0023579775
  -33.688645, 0.0003423974, -0.0023592128
  -33.688645, -9.40696e-05, -0.0023592128
  -33.688645, 0.000372691, -0.0023592128
  -33.688645, 0.0005967042, -0.0023592128
  -33.688645, 0.0006226132, -0.0023592128
  -33.688645, 0.000568005, -0.0023592128
  -33.688645, 0.0005412988, -0.0023592128
  -33.688645, 0.0005955084, -0.0023592128
  -33.688645, 0.0004691522, -0.0023592128
  -33.688645, 0.0004870892, -0.0023592128
  -33.688645, 0.0001702022, -0.0023592128
  -33.688645, 0.0006883822, -0.0023592128
  -33.688645, 0.0005596344, -0.0023592128
  -33.688645, 0.0003679078, -0.0023592128
  -33.688645, 0.0003659148, -0.0023592128
  -33.688645, 0.0001187828, -0.0023592128
  -33.688645, 0.0007696966, -0.0023592128
  -33.688645, 0.0004173342, -0.0023592128
  -33.688645, 0.0004101594, -0.0023592128
  -33.68219, 0.0003372156, -0.0023604482
  -33.68219, 0.0002220202, -0.0023604482
  -33.68219, 0.0002654676, -0.0023604482
  -33.68219, 0.0005293408, -0.0023604482
  -33.68219, 0.000571991, -0.0023604482
  -33.68219, 0.00045839, -0.0023604482
  -33.68219, 0.0004627746, -0.0023604482
  -33.68219, 0.0005269492, -0.0023604482
  -33.68219, 0.000671641, -0.0023604482
  -33.675735, 0.0006509138, -0.0023616835
  -33.675735, 0.0002806144, -0.0023616835
  -33.675735, 0.0008733326, -0.0023616835
  -33.675735, 0.000530138, -0.0023616835
  -33.675735, 0.0006034804, -0.0023616835
  -33.675735, 0.0005935154, -0.0023616835
  -33.66928, 0.0005444876, -0.0023629188
  -33.66928, 0.0004189286, -0.0023629188
  -33.66928, 0.0003144954, -0.0023629188
  -33.66928, 0.0004269006, -0.0023629188
  -33.662825, 0.0005165856, -0.0023641542
  -33.662825, 0.0007549484, -0.0023641542
  -33.662825, 0.000595907, -0.0023641542
  -33.662825, 0.000849018, -0.0023641542
  -33.662825, 0.0002383628, -0.0023641542
  -33.65637, 0.0005823546, -0.0023653895
  -33.65637, 0.0007402002, -0.0023653895
  -33.649915, 0.0005652148, -0.0023666248
  -33.649915, 0.000853004, -0.0023666248
  -33.649915, 9.965e-06, -0.0023666248
  -33.64346, 0.0006010888, -0.0023678601
  -33.64346, 0.000380663, -0.0023678601
  -33.64346, 0.0005688022, -0.0023678601
  -33.637005, 0.0005030332, -0.0023690955
  -33.63055, 0.0004428446, -0.0023703308
  -33.63055, 0.0003160898, -0.0023703308
  -33.63055, 0.000659683, -0.0023703308
  -33.63055, 0.000898843, -0.0023703308
  -33.63055, 0.0006110538, -0.0023703308
  -33.624095, 0.000880906, -0.0023715661
  -33.61764, 0.0008278922, -0.0023728015
  -33.61764, 0.0007565428, -0.0023728015
  -33.61764, 3.54754e-05, -0.0023728015
  -33.61764, 0.0008075636, -0.0023728015
  -33.611185, 0.0002268034, -0.0023740368
  -33.60473, 0.0002555026, -0.0023752721
  -33.598275, 0.0004217188, -0.0023765075
  -33.59182, 0.0004093622, -0.0023777428
  -33.585365, 0.0006812074, -0.0023789781
  -33.585365, 0.0007649134, -0.0023789781
  -33.57891, 0.0007362142, -0.0023802135
  -33.572455, 0.0003336282, -0.0023814488
  -33.572455, 0.0004081664, -0.0023814488
  -33.566, 0.0003431946, -0.0023826841
  -33.566, 0.000328845, -0.0023826841
  -33.566, 0.0006389558, -0.0023826841
  -33.559545, 0.000569998, -0.0023839195
  -33.55309, 0.0007685008, -0.0023851548
  -33.55309, 0.0005385086, -0.0023851548
  -33.546635, 0.0008087594, -0.0023863901
  -33.54018, 0.000524159, -0.0023876255
  -33.533725, 0.0002754326, -0.0023888608
  -33.52727, 0.00067762, -0.0023900961
  -33.52727, 0.0002881878, -0.0023900961
  -33.52727, 0.0004221174, -0.0023900961
  -33.51436, 0.000575977, -0.0023925668
  -33.51436, 0.000799193, -0.0023925668
  -33.51436, 0.000227202, -0.0023925668
  -33.507905, 0.0005616274, -0.0023938021
  -33.50145, 0.0002905794, -0.0023950375
  -33.494995, 0.0003730896, -0.0023962728
  -33.482085, 0.0001837546, -0.0023987435
  -33.482085, 0.0007425918, -0.0023987435
  -33.482085, 0.0002722438, -0.0023987435
  -33.469175, 0.000795207, -0.0024012141
  -33.46272, 0.0003539568, -0.0024024495
  -33.46272, 0.0004500194, -0.0024024495
  -33.456265, 0.0006788158, -0.0024036848
  -33.456265, 0.0004619774, -0.0024036848
  -33.44981, 0.0005711938, -0.0024049201
  -33.44981, 0.0005684036, -0.0024049201
  -33.44981, 0.0005795644, -0.0024049201
  -33.443355, 0.0004352712, -0.0024061555
  -33.4369, 0.0004017888, -0.0024073908
  -33.430445, 0.0007497666, -0.0024086261
  -33.430445, 0.0003734882, -0.0024086261
  -33.42399, 0.0002527124, -0.0024098615
  -33.42399, 0.0005010402, -0.0024098615
  -33.417535, 0.0009191716, -0.0024110968
  -33.417535, 0.0005034318, -0.0024110968
  -33.417535, 0.0006692494, -0.0024110968
  -33.39817, 0.0002160412, -0.0024148028
  -33.39817, 0.0005209702, -0.0024148028
  -33.37235, 0.0007561442, -0.0024197441
  -33.365895, 0.000488285, -0.0024209795
  -33.365895, 0.0008019832, -0.0024209795
  -33.365895, 0.0003535582, -0.0024209795
  -33.365895, 0.0005572428, -0.0024209795
  -33.35944, 0.0002188314, -0.0024222148
  -33.35944, 0.0004611802, -0.0024222148
  -33.35944, 0.0005173828, -0.0024222148
  -33.352985, 0.000548075, -0.0024234501
  -33.352985, 0.0004272992, -0.0024234501
  -33.352985, 0.0008721368, -0.0024234501
  -33.34653, 0.000607865, -0.0024246855
  -33.34653, 0.0003615302, -0.0024246855
  -33.34653, 0.000392621, -0.0024246855
  -33.340075, 0.0007286408, -0.0024259208
  -33.340075, 0.0005329282, -0.0024259208
  -33.33362, 0.0007111024, -0.0024271561
  -33.33362, 0.0004870892, -0.0024271561
  -33.327165, 0.0007079136, -0.0024283915
  -33.327165, 0.000665662, -0.0024283915
  -33.32071, 0.0006680536, -0.0024296268
  -33.32071, 0.0008143398, -0.0024296268
  -33.32071, 0.000747375, -0.0024296268
  -33.32071, 0.0004177328, -0.0024296268
  -33.314255, 0.00051818, -0.0024308621
  -33.314255, 0.0006967528, -0.0024308621
  -33.314255, 0.0004480264, -0.0024308621
  -33.3078, 0.0008159342, -0.0024320975
  -33.301345, 0.0003543554, -0.0024333328
  -33.301345, 0.0008255006, -0.0024333328
  -33.301345, 0.0004229146, -0.0024333328
  -33.301345, 0.000731431, -0.0024333328
  -33.29489, 0.0002846004, -0.0024345681
  -33.29489, 0.0005265506, -0.0024345681
  -33.288435, 0.0004739354, -0.0024358035
  -33.288435, 0.0002622788, -0.0024358035
  -33.28198, 0.0007577386, -0.0024370388
  -33.28198, 0.0003822574, -0.0024370388
  -33.275525, 0.000376677, -0.0024382741
  -33.275525, 0.0004412502, -0.0024382741
  -33.262615, 0.0003551526, -0.0024407448
  -33.25616, 0.0005727882, -0.0024419801
  -33.25616, 0.000556047, -0.0024419801
  -33.25616, 0.0006684522, -0.0024419801
  -33.249705, 0.0006740326, -0.0024432155
  -33.249705, 0.0007190744, -0.0024432155
  -33.249705, 0.0003989986, -0.0024432155
  -33.249705, 0.0006461306, -0.0024432155
  -33.24325, 0.0006174314, -0.0024444508
  -33.236795, 0.000703529, -0.0024456861
  -33.236795, 0.0004990472, -0.0024456861
  -33.236795, 0.0002315866, -0.0024456861
  -33.236795, 0.00061783, -0.0024456861
  -33.23034, 0.0007916196, -0.0024469215
  -33.23034, 0.0002144468, -0.0024469215
  -33.23034, 0.000562026, -0.0024469215
  -33.23034, 0.0004811102, -0.0024469215
  -33.23034, 0.0002694536, -0.0024469215
  -33.223885, 0.0010128426, -0.0024481568
  -33.223885, 0.0004767256, -0.0024481568
  -33.223885, 0.0003543554, -0.0024481568
  -33.21743, 0.0007306338, -0.0024493921
  -33.210975, 0.0003376142, -0.0024506275
  -33.210975, 0.0004312852, -0.0024506275
  -33.210975, 0.0002574956, -0.0024506275
  -33.210975, 0.0002180342, -0.0024506275
  -33.210975, 0.0006792144, -0.0024506275
  -33.210975, 0.0006385572, -0.0024506275
  -33.20452, 0.0005129982, -0.0024518628
  -33.20452, 0.0005843476, -0.0024518628
  -33.20452, 0.0002423488, -0.0024518628
  -33.20452, 0.0004288936, -0.0024518628
  -33.20452, 0.0007800602, -0.0024518628
  -33.20452, 0.000605872, -0.0024518628
  -33.198065, 0.0009000388, -0.0024530981
  -33.19161, 0.0004436418, -0.0024543335
  -33.19161, 0.0003519638, -0.0024543335
  -33.19161, 0.0007019346, -0.0024543335
  -33.185155, 0.0005189772, -0.0024555688
  -33.185155, 0.0007708924, -0.0024555688
  -33.185155, 0.0001725938, -0.0024555688
  -33.1787, 0.0006150398, -0.0024568041
  -33.1787, 0.0001008458, -0.0024568041
  -33.1787, 0.0005911238, -0.0024568041
  -33.172245, 0.0004296908, -0.0024580395
  -33.172245, 0.0005273478, -0.0024580395
  -33.172245, 0.0009618218, -0.0024580395
  -33.172245, 0.0003535582, -0.0024580395
  -33.172245, 0.000609858, -0.0024580395
  -33.172245, 0.000476327, -0.0024580395
  -33.16579, 0.000530138, -0.0024592748
  -33.16579, 0.0007039276, -0.0024592748
  -33.16579, 0.0003077192, -0.0024592748
  -33.16579, 0.0004496208, -0.0024592748
  -33.16579, 0.0011511568, -0.0024592748
  -33.159335, 0.0002367684, -0.0024605101
  -33.159335, 0.0006393544, -0.0024605101
  -33.15288, 0.0005349212, -0.0024617455
  -33.15288, 0.0004536068, -0.0024617455
  -33.146425, 0.0002965584, -0.0024629808
  -33.13997, 4.66362e-05, -0.0024642161
  -33.13997, 0.0006182286, -0.0024642161
  -33.13997, 0.0004480264, -0.0024642161
  -33.13997, 0.0004986486, -0.0024642161
  -33.13997, 0.0001741882, -0.0024642161
  -33.13997, 0.0005337254, -0.0024642161
  -33.13997, 0.000328845, -0.0024642161
  -33.13997, 0.0008745284, -0.0024642161
  -33.133515, 0.0006572914, -0.0024654515
  -33.133515, 0.000902829, -0.0024654515
  -33.133515, 0.0006744312, -0.0024654515
  -33.133515, 0.0004567956, -0.0024654515
  -33.133515, 0.0007760742, -0.0024654515
  -33.12706, 0.000380663, -0.0024666868
  -33.12706, 0.0006365642, -0.0024666868
  -33.12706, 0.0003300408, -0.0024666868
  -33.12706, 0.0004476278, -0.0024666868
  -33.120605, 0.0005030332, -0.0024679221
  -33.120605, 0.0006034804, -0.0024679221
  -33.120605, 0.0003416002, -0.0024679221
  -33.120605, 0.0005157884, -0.0024679221
  -33.120605, 0.000544089, -0.0024679221
  -33.11415, 0.0003631246, -0.0024691575
  -33.11415, 0.0009104024, -0.0024691575
  -33.11415, 0.0006385572, -0.0024691575
  -33.11415, 0.0004870892, -0.0024691575
  -33.11415, 0.0005169842, -0.0024691575
  -33.11415, 0.0005237604, -0.0024691575
  -33.11415, 0.0007983958, -0.0024691575
  -33.11415, 0.0005516624, -0.0024691575
  -33.107695, 0.0009319268, -0.0024703928
  -33.107695, 0.0006644662, -0.0024703928
  -33.107695, 0.0006851934, -0.0024703928
  -33.107695, 0.0004089636, -0.0024703928
  -33.107695, 0.0007836476, -0.0024703928
  -33.107695, 0.0007936126, -0.0024703928
  -33.107695, 0.0003675092, -0.0024703928
  -33.107695, 0.000368705, -0.0024703928
  -33.10124, 0.0005149912, -0.0024716281
  -33.10124, 0.0003439918, -0.0024716281
  -33.094785, 0.000944682, -0.0024728635
  -33.094785, 0.0009036262, -0.0024728635
  -33.094785, 0.0003435932, -0.0024728635
  -33.094785, 0.000691571, -0.0024728635
  -33.094785, 0.0002228174, -0.0024728635
  -33.094785, 0.0005237604, -0.0024728635
  -33.094785, 0.000516187, -0.0024728635
  -33.094785, 0.0002953626, -0.0024728635
  -33.094785, 0.0001199786, -0.0024728635
  -33.08833, 0.0003898308, -0.0024740988
  -33.08833, 0.0007358156, -0.0024740988
  -33.08833, 0.0007728854, -0.0024740988
  -33.08833, 0.0003412016, -0.0024740988
  -33.081875, 0.000432481, -0.0024753341
  -33.081875, 0.000510208, -0.0024753341
  -33.081875, 0.0002794186, -0.0024753341
  -33.07542, 0.0004655648, -0.0024765695
  -33.07542, 0.0007585358, -0.0024765695
  -33.07542, 0.000811151, -0.0024765695
  -33.07542, 0.0007549484, -0.0024765695
  -33.068965, 0.0007322282, -0.0024778048
  -33.068965, 0.0006887808, -0.0024778048
  -33.068965, 0.0003615302, -0.0024778048
  -33.068965, 0.0009231576, -0.0024778048
  -33.06251, 0.000502236, -0.0024790401
  -33.06251, 0.0006720396, -0.0024790401
  -33.06251, 0.0009263464, -0.0024790401
  -33.06251, 0.0006612774, -0.0024790401
  -33.056055, 0.0004540054, -0.0024802755
  -33.056055, 0.0004312852, -0.0024802755
  -33.0496, 0.0008817032, -0.0024815108
  -33.0496, 0.001064262, -0.0024815108
  -33.0496, 0.0005990958, -0.0024815108
  -33.0496, 0.0005125996, -0.0024815108
  -33.043145, 0.0006851934, -0.0024827461
  -33.043145, 0.0008785144, -0.0024827461
  -33.043145, 0.0003934182, -0.0024827461
  -33.03669, 0.0004767256, -0.0024839814
  -33.03669, 0.0007079136, -0.0024839814
  -33.030235, 0.0002020902, -0.0024852168
  -33.030235, 0.0010491152, -0.0024852168
  -33.030235, 0.0009414932, -0.0024852168
  -33.01087, 0.0006820046, -0.0024889228
  -33.01087, 6.65662e-05, -0.0024889228
  -33.01087, 0.0006289908, -0.0024889228
  -33.01087, 0.0003858448, -0.0024889228
  -33.004415, 0.0005835504, -0.0024901581
  -33.004415, 0.0005967042, -0.0024901581
  -33.004415, 0.000510208, -0.0024901581
  -32.99796, 0.0004512152, -0.0024913934
  -32.99796, 0.0004209216, -0.0024913934
  -32.991505, 0.0006230118, -0.0024926288
  -32.991505, 0.0004751312, -0.0024926288
  -32.991505, 0.0001151954, -0.0024926288
  -32.98505, 0.0008079622, -0.0024938641
  -32.98505, 0.001060276, -0.0024938641
  -32.978595, 0.0005855434, -0.0024950994
  -32.97214, 0.0003894322, -0.0024963348
  -32.97214, 0.0004671592, -0.0024963348
  -32.97214, 0.000496257, -0.0024963348
  -32.97214, 0.0006720396, -0.0024963348
  -32.97214, 0.0009391016, -0.0024963348
  -32.97214, 0.0008155356, -0.0024963348
  -32.965685, 0.0002981528, -0.0024975701
  -32.965685, 0.0007350184, -0.0024975701
  -32.965685, 0.0003404044, -0.0024975701
  -32.965685, 0.000468355, -0.0024975701
  -32.95923, 0.0006090608, -0.0024988054
  -32.952775, 0.0007350184, -0.0025000408
  -32.952775, 0.0003105094, -0.0025000408
  -32.94632, 0.0005664106, -0.0025012761
  -32.94632, 5.7797e-05, -0.0025012761
  -32.939865, 0.0006465292, -0.0025025114
  -32.939865, 0.0005153898, -0.0025025114
  -32.939865, 0.0008426404, -0.0025025114
  -32.939865, 0.0006429418, -0.0025025114
  -32.93341, 0.000384649, -0.0025037468
  -32.93341, 0.0007764728, -0.0025037468
  -32.93341, -0.0001761812, -0.0025037468
  -32.93341, 0.0005149912, -0.0025037468
  -32.93341, 0.000460383, -0.0025037468
  -32.93341, 0.0004587886, -0.0025037468
  -32.926955, 0.0002598872, -0.0025049821
  -32.926955, 0.0005943126, -0.0025049821
  -32.926955, 0.0005843476, -0.0025049821
  -32.926955, 0.0004655648, -0.0025049821
  -32.926955, 0.0006529068, -0.0025049821
  -32.926955, 0.0008215146, -0.0025049821
  -32.9205, 0.0006345712, -0.0025062174
  -32.9205, 0.0005353198, -0.0025062174
  -32.914045, 0.0008653606, -0.0025074528
  -32.914045, 0.0004169356, -0.0025074528
  -32.914045, 0.001064262, -0.0025074528
  -32.914045, 0.000474334, -0.0025074528
  -32.914045, 0.0007306338, -0.0025074528
  -32.901135, 0.0004141454, -0.0025099234
  -32.901135, 0.0002758312, -0.0025099234
  -32.89468, 0.0003679078, -0.0025111588
  -32.888225, 0.0007497666, -0.0025123941
  -32.888225, 0.0002822088, -0.0025123941
  -32.862405, 0.0009355142, -0.0025173354
  -32.85595, 0.0007979972, -0.0025185708
  -32.849495, 0.0001885378, -0.0025198061
  -32.84304, 0.0005771728, -0.0025210414
  -32.836585, 0.0007027318, -0.0025222768
  -32.836585, 0.0006062706, -0.0025222768
  -32.83013, 0.000217237, -0.0025235121
  -32.83013, 0.0005293408, -0.0025235121
  -32.83013, 0.0004356698, -0.0025235121
  -32.83013, 0.0006859906, -0.0025235121
  -32.823675, 0.000609858, -0.0025247474
  -32.823675, 0.0006644662, -0.0025247474
  -32.823675, 0.0005703966, -0.0025247474
  -32.81722, 0.0004121524, -0.0025259828
  -32.81722, 0.0001538596, -0.0025259828
  -32.81722, 0.0006461306, -0.0025259828
  -32.81722, 0.0005189772, -0.0025259828
  -32.810765, 0.000675627, -0.0025272181
  -32.810765, 0.0004420474, -0.0025272181
  -32.810765, 0.0006493194, -0.0025272181
  -32.80431, 0.0004691522, -0.0025284534
  -32.80431, 0.0006174314, -0.0025284534
  -32.80431, 0.0003260548, -0.0025284534
  -32.80431, 0.0004966556, -0.0025284534
  -32.80431, 0.000294964, -0.0025284534
  -32.80431, 0.0007995916, -0.0025284534
  -32.7914, 0.000568005, -0.0025309241
  -32.7914, 0.0006042776, -0.0025309241
  -32.7914, 0.0006959556, -0.0025309241
  -32.7914, 0.0008258992, -0.0025309241
  -32.7914, 0.000314894, -0.0025309241
  -32.784945, 0.0002323838, -0.0025321594
  -32.784945, 0.0002997472, -0.0025321594
  -32.77849, 0.0009438848, -0.0025333948
  -32.77849, 0.000460383, -0.0025333948
  -32.772035, 0.000807165, -0.0025346301
  -32.772035, 0.0007549484, -0.0025346301
  -32.759125, 0.000868948, -0.0025371008
  -32.75267, 0.0002000972, -0.0025383361
  -32.75267, 0.0006808088, -0.0025383361
  -32.746215, 0.0002475306, -0.0025395714
  -32.746215, 0.0006010888, -0.0025395714
  -32.746215, 0.0005249562, -0.0025395714
  -32.746215, 0.000747375, -0.0025395714
  -32.73976, 0.0006246062, -0.0025408068
  -32.73976, 0.0006951584, -0.0025408068
  -32.73976, 0.0007210674, -0.0025408068
  -32.733305, 0.0004520124, -0.0025420421
  -32.733305, 0.0006644662, -0.0025420421
  -32.733305, 0.0003874392, -0.0025420421
  -32.720395, 0.0006002916, -0.0025445128
  -32.71394, 0.000304929, -0.0025457481
  -32.71394, 0.0007581372, -0.0025457481
  -32.707485, 0.0003416002, -0.0025469834
  -32.707485, 0.000257097, -0.0025469834
  -32.707485, 0.0007916196, -0.0025469834
  -32.70103, 0.000633774, -0.0025482188
  -32.694575, 0.0006891794, -0.0025494541
  -32.68812, 0.000695557, -0.0025506894
  -32.681665, 0.0007445848, -0.0025519248
  -32.67521, 0.0005755784, -0.0025531601
  -32.67521, 0.00075734, -0.0025531601
  -32.668755, 1.91328e-05, -0.0025543954
  -32.6623, 0.0008003888, -0.0025556308
  -32.6623, 0.0002459362, -0.0025556308
  -32.642935, 0.0007688994, -0.0025593368
  -32.63648, 0.0005373128, -0.0025605721
  -32.630025, 0.0002865934, -0.0025618074
  -32.62357, 0.0003722924, -0.0025630428
  -32.617115, 0.0009498638, -0.0025642781
  -32.617115, 0.0003970056, -0.0025642781
  -32.617115, 0.0006672564, -0.0025642781
  -32.61066, 0.0006828018, -0.0025655134
  -32.61066, 0.0006321796, -0.0025655134
  -32.61066, 0.000490278, -0.0025655134
  -32.61066, 0.0009478708, -0.0025655134
  -32.59775, 0.0007700952, -0.0025679841
  -32.59775, 0.0006154384, -0.0025679841
  -32.59775, 0.0006309838, -0.0025679841
  -32.59775, 0.0007780672, -0.0025679841
  -32.591295, 0.0010706396, -0.0025692194
  -32.58484, 0.0003033346, -0.0025704548
  -32.58484, 0.0006433404, -0.0025704548
  -32.58484, 0.0004914738, -0.0025704548
  -32.578385, 0.0007744798, -0.0025716901
  -32.578385, 0.0004611802, -0.0025716901
  -32.578385, 0.000504229, -0.0025716901
  -32.57193, 0.0007581372, -0.0025729254
  -32.57193, 0.0006509138, -0.0025729254
  -32.57193, 0.0010865836, -0.0025729254
  -32.57193, 0.000544089, -0.0025729254
  -32.565475, 0.0011164786, -0.0025741608
  -32.565475, 0.0003475792, -0.0025741608
  -32.55902, 0.0008446334, -0.0025753961
  -32.55902, 0.0003384114, -0.0025753961
  -32.55902, 0.0002479292, -0.0025753961
  -32.55902, 0.0002638732, -0.0025753961
  -32.552565, 0.0005652148, -0.0025766314
  -32.54611, 0.0006680536, -0.0025778668
  -32.54611, 0.0006242076, -0.0025778668
  -32.54611, 0.0004308866, -0.0025778668
  -32.54611, 0.0006744312, -0.0025778668
  -32.539655, 0.0011089052, -0.0025791021
  -32.539655, 0.0012225062, -0.0025791021
  -32.539655, 0.0009379058, -0.0025791021
  -32.539655, 0.0009395002, -0.0025791021
  -32.539655, 0.0005010402, -0.0025791021
  -32.5332, 0.0003962084, -0.0025803374
  -32.5332, 0.000294964, -0.0025803374
  -32.52029, 0.0005050262, -0.0025828081
  -32.52029, 0.0007983958, -0.0025828081
  -32.52029, 0.0003993972, -0.0025828081
  -32.513835, 0.000745382, -0.0025840434
  -32.513835, 0.0006142426, -0.0025840434
  -32.50738, 0.0005994944, -0.0025852788
  -32.50738, 0.000831081, -0.0025852788
  -32.50738, 0.0006883822, -0.0025852788
  -32.500925, 0.000821116, -0.0025865141
  -32.500925, 0.0007402002, -0.0025865141
  -32.49447, 0.00053811, -0.0025877494
  -32.49447, 0.0007589344, -0.0025877494
  -32.488015, 0.0005903266, -0.0025889848
  -32.475105, 0.0003838518, -0.0025914554
  -32.46865, 0.0004839004, -0.0025926908
  -32.46865, 0.0005632218, -0.0025926908
  -32.462195, 0.0002913766, -0.0025939261
  -32.462195, 0.0004950612, -0.0025939261
  -32.462195, 0.0011148842, -0.0025939261
  -32.462195, 0.0005456834, -0.0025939261
  -32.462195, 0.0005257534, -0.0025939261
  -32.462195, 0.000745382, -0.0025939261
  -32.45574, 0.0003659148, -0.0025951614
  -32.45574, 0.0004041804, -0.0025951614
  -32.45574, 0.0007836476, -0.0025951614
  -32.449285, 0.000853004, -0.0025963968
  -32.449285, 0.0005755784, -0.0025963968
  -32.449285, 0.0005397044, -0.0025963968
  -32.44283, 0.000585942, -0.0025976321
  -32.44283, 0.0003045304, -0.0025976321
  -32.44283, 0.0003858448, -0.0025976321
  -32.44283, 0.000466362, -0.0025976321
  -32.436375, 0.000613844, -0.0025988674
  -32.436375, 0.0006688508, -0.0025988674
  -32.436375, 0.0009199688, -0.0025988674
  -32.436375, 0.0004815088, -0.0025988674
  -32.436375, 0.000733424, -0.0025988674
  -32.436375, 0.000568005, -0.0025988674
  -32.436375, 0.0006130468, -0.0025988674
  -32.42992, 0.0003675092, -0.0026001027
  -32.42992, 0.0006026832, -0.0026001027
  -32.42992, 0.0007047248, -0.0026001027
  -32.42992, 0.0004209216, -0.0026001027
  -32.42992, 0.0006425432, -0.0026001027
  -32.42992, 0.0004587886, -0.0026001027
  -32.42992, 0.0009036262, -0.0026001027
  -32.42992, 0.0007326268, -0.0026001027
  -32.42992, 0.0004460334, -0.0026001027
  -32.42992, 0.000747375, -0.0026001027
  -32.42992, 0.0008438362, -0.0026001027
  -32.42992, 0.000827095, -0.0026001027
  -32.42992, 0.0004990472, -0.0026001027
  -32.423465, 0.0007864378, -0.0026013381
  -32.423465, 0.0005572428, -0.0026013381
  -32.423465, 0.0004021874, -0.0026013381
  -32.423465, 0.0006074664, -0.0026013381
  -32.423465, 0.0005193758, -0.0026013381
  -32.41701, 0.0006190258, -0.0026025734
  -32.41701, 0.000659683, -0.0026025734
  -32.41701, 0.000322866, -0.0026025734
  -32.41701, 0.000426502, -0.0026025734
  -32.41701, 0.0008486194, -0.0026025734
  -32.41701, 0.0006194244, -0.0026025734
  -32.41701, 0.0008322768, -0.0026025734
  -32.41701, 0.0004799144, -0.0026025734
  -32.410555, 0.0003045304, -0.0026038087
  -32.410555, 0.000643739, -0.0026038087
  -32.410555, 0.000635767, -0.0026038087
  -32.410555, 0.0006943612, -0.0026038087
  -32.410555, 0.0008462278, -0.0026038087
  -32.410555, 0.0008219132, -0.0026038087
  -32.410555, 0.0004655648, -0.0026038087
  -32.410555, 0.0006365642, -0.0026038087
  -32.410555, 0.00055804, -0.0026038087
  -32.4041, 0.0010255978, -0.0026050441
  -32.4041, 0.0006820046, -0.0026050441
  -32.4041, 0.000408565, -0.0026050441
  -32.4041, 0.0007310324, -0.0026050441
  -32.4041, 0.0003651176, -0.0026050441
  -32.4041, 0.0002503208, -0.0026050441
  -32.4041, 0.0004492222, -0.0026050441
  -32.4041, 0.0005723896, -0.0026050441
  -32.397645, 0.0007043262, -0.0026062794
  -32.397645, 0.0008175286, -0.0026062794
  -32.397645, 0.0005416974, -0.0026062794
  -32.397645, 0.0009773672, -0.0026062794
  -32.39119, 0.0008027804, -0.0026075147
  -32.39119, 0.000229195, -0.0026075147
  -32.39119, 0.0005010402, -0.0026075147
  -32.39119, 0.0003539568, -0.0026075147
  -32.39119, 0.0005907252, -0.0026075147
  -32.39119, 0.0003324324, -0.0026075147
  -32.39119, 0.0006963542, -0.0026075147
  -32.39119, 0.0004775228, -0.0026075147
  -32.384735, 0.000464369, -0.0026087501
  -32.384735, 0.0007198716, -0.0026087501
  -32.384735, 0.000510208, -0.0026087501
  -32.384735, 0.000922759, -0.0026087501
  -32.37828, 0.000827095, -0.0026099854
  -32.37828, 0.0005915224, -0.0026099854
  -32.37828, 0.0011268422, -0.0026099854
  -32.37828, 0.0005524596, -0.0026099854
  -32.371825, 0.0007876336, -0.0026112207
  -32.371825, 0.0008247034, -0.0026112207
  -32.371825, 0.0002654676, -0.0026112207
  -32.371825, 0.0009709896, -0.0026112207
  -32.371825, 0.0006022846, -0.0026112207
  -32.371825, 0.0002555026, -0.0026112207
  -32.371825, 0.0004559984, -0.0026112207
  -32.371825, 0.000470348, -0.0026112207
  -32.36537, 0.0003519638, -0.0026124561
  -32.36537, 6.69648e-05, -0.0026124561
  -32.36537, 0.0007322282, -0.0026124561
  -32.36537, 0.000107622, -0.0026124561
  -32.36537, 0.0008577872, -0.0026124561
  -32.36537, 0.0004233132, -0.0026124561
  -32.36537, 0.0007039276, -0.0026124561
  -32.358915, 0.0002642718, -0.0026136914
  -32.358915, 0.0006429418, -0.0026136914
  -32.358915, 0.0004914738, -0.0026136914
  -32.358915, 0.000575977, -0.0026136914
  -32.358915, 0.0007366128, -0.0026136914
  -32.358915, 0.0005803616, -0.0026136914
  -32.358915, 0.0004779214, -0.0026136914
  -32.358915, 0.0005125996, -0.0026136914
  -32.358915, 0.0007549484, -0.0026136914
  -32.358915, 0.0004536068, -0.0026136914
  -32.35246, 0.0007501652, -0.0026149267
  -32.35246, 0.0005644176, -0.0026149267
  -32.35246, 0.0002455376, -0.0026149267
  -32.35246, 0.0005476764, -0.0026149267
  -32.35246, 0.0007529554, -0.0026149267
  -32.35246, 0.0004719424, -0.0026149267
  -32.35246, 0.0003862434, -0.0026149267
  -32.35246, 0.000685592, -0.0026149267
  -32.35246, 0.0005484736, -0.0026149267
  -32.35246, 0.0003930196, -0.0026149267
  -32.35246, 0.000609858, -0.0026149267
  -32.35246, 0.0009562414, -0.0026149267
  -32.346005, 0.0005066206, -0.0026161621
  -32.346005, 0.0008199202, -0.0026161621
  -32.346005, 0.00083706, -0.0026161621
  -32.346005, 0.000320873, -0.0026161621
  -32.346005, 0.0008055706, -0.0026161621
  -32.346005, 0.0009402974, -0.0026161621
  -32.346005, 0.0006034804, -0.0026161621
  -32.346005, 0.0010387516, -0.0026161621
  -32.346005, 0.0007537526, -0.0026161621
  -32.346005, 0.0006867878, -0.0026161621
  -32.346005, 0.0009139898, -0.0026161621
  -32.346005, 0.0009490666, -0.0026161621
  -32.346005, 0.0005448862, -0.0026161621
  -32.33955, 0.0007481722, -0.0026173974
  -32.33955, 0.0005297394, -0.0026173974
  -32.33955, 0.000964612, -0.0026173974
  -32.33955, 0.0004827046, -0.0026173974
  -32.33955, 0.0008984444, -0.0026173974
  -32.33955, 0.000749368, -0.0026173974
  -32.33955, 0.0010152342, -0.0026173974
  -32.33955, 0.0006843962, -0.0026173974
  -32.33955, 0.0002204258, -0.0026173974
  -32.33955, 0.00067762, -0.0026173974
  -32.33955, 0.000793214, -0.0026173974
  -32.333095, 0.0007995916, -0.0026186327
  -32.333095, 0.000296957, -0.0026186327
  -32.333095, 0.0004133482, -0.0026186327
  -32.333095, 0.000516187, -0.0026186327
  -32.333095, 0.0003603344, -0.0026186327
  -32.333095, 0.000745382, -0.0026186327
  -32.333095, 0.0007158856, -0.0026186327
  -32.333095, 0.0007936126, -0.0026186327
  -32.32664, 0.0007856406, -0.0026198681
  -32.32664, 0.0004615788, -0.0026198681
  -32.32664, 0.0003491736, -0.0026198681
  -32.32664, 0.0004181314, -0.0026198681
  -32.32664, 0.0008713396, -0.0026198681
  -32.32664, 0.0006134454, -0.0026198681
  -32.32664, 0.0008183258, -0.0026198681
  -32.32664, 0.0005436904, -0.0026198681
  -32.32664, 0.0007346198, -0.0026198681
  -32.32664, 0.0005867392, -0.0026198681
  -32.32664, 0.0003041318, -0.0026198681
  -32.32664, 0.000711501, -0.0026198681
  -32.320185, 0.0003571456, -0.0026211034
  -32.320185, 0.0007836476, -0.0026211034
  -32.320185, 0.0005975014, -0.0026211034
  -32.320185, 0.0008123468, -0.0026211034
  -32.320185, 0.000661676, -0.0026211034
  -32.320185, 0.00105629, -0.0026211034
  -32.31373, 0.0006843962, -0.0026223387
  -32.31373, 0.0004759284, -0.0026223387
  -32.31373, 0.0008777172, -0.0026223387
  -32.31373, 0.0012268908, -0.0026223387
  -32.31373, 0.0006361656, -0.0026223387
  -32.31373, 0.0006580886, -0.0026223387
  -32.307275, 0.0006090608, -0.0026235741
  -32.307275, 0.0006162356, -0.0026235741
  -32.307275, 0.0003443904, -0.0026235741
  -32.307275, 0.0010259964, -0.0026235741
  -32.307275, 0.0007565428, -0.0026235741
  -32.307275, 0.000566012, -0.0026235741
  -32.307275, 0.000267062, -0.0026235741
  -32.30082, 0.0005094108, -0.0026248094
  -32.30082, 0.000629788, -0.0026248094
  -32.30082, 0.0005110052, -0.0026248094
  -32.30082, 0.000526152, -0.0026248094
  -32.30082, 0.0007888294, -0.0026248094
  -32.294365, 0.0006389558, -0.0026260447
  -32.294365, 0.0005133968, -0.0026260447
  -32.28791, 0.0004037818, -0.0026272801
  -32.28791, 0.0004213202, -0.0026272801
  -32.28791, 0.0005923196, -0.0026272801
  -32.28791, 0.0011204646, -0.0026272801
  -32.28791, 0.0005405016, -0.0026272801
  -32.28791, 0.000833074, -0.0026272801
  -32.28791, 0.0005923196, -0.0026272801
  -32.281455, 0.000629788, -0.0026285154
  -32.281455, 0.0008083608, -0.0026285154
  -32.281455, 0.0004332782, -0.0026285154
  -32.281455, 0.0006911724, -0.0026285154
  -32.281455, 0.0005596344, -0.0026285154
  -32.275, 0.0006006902, -0.0026297507
  -32.275, 0.0010339684, -0.0026297507
  -32.275, 0.0005755784, -0.0026297507
  -32.268545, 0.0009398988, -0.0026309861
  -32.268545, 0.0004368656, -0.0026309861
  -32.268545, 0.0005492708, -0.0026309861
  -32.268545, 0.0004811102, -0.0026309861
  -32.268545, 0.0010240034, -0.0026309861
  -32.268545, 0.0009550456, -0.0026309861
  -32.268545, 0.0004635718, -0.0026309861
  -32.268545, 0.000552061, -0.0026309861
  -32.268545, 0.0003619288, -0.0026309861
  -32.26209, 0.0009000388, -0.0026322214
  -32.26209, 0.0009965, -0.0026322214
  -32.26209, 0.0005871378, -0.0026322214
  -32.26209, 0.0002435446, -0.0026322214
  -32.26209, 0.0007688994, -0.0026322214
  -32.26209, 0.0005357184, -0.0026322214
  -32.255635, 0.0011395974, -0.0026334567
  -32.255635, 0.0007541512, -0.0026334567
  -32.255635, 0.0007796616, -0.0026334567
  -32.255635, 0.0003962084, -0.0026334567
  -32.24918, 0.0006760256, -0.0026346921
  -32.24918, 0.0009371086, -0.0026346921
  -32.24918, 0.000719473, -0.0026346921
  -32.24918, 0.0008844934, -0.0026346921
  -32.24918, 0.0008940598, -0.0026346921
  -32.24918, 0.0007007388, -0.0026346921
  -32.242725, 0.0007529554, -0.0026359274
  -32.242725, 0.0005137954, -0.0026359274
  -32.23627, 0.00073741, -0.0026371627
  -32.23627, 0.000532131, -0.0026371627
  -32.23627, 0.0006612774, -0.0026371627
  -32.229815, 0.0003503694, -0.0026383981
  -32.22336, 0.0008514096, -0.0026396334
  -32.22336, 0.0002734396, -0.0026396334
  -32.216905, 0.0008797102, -0.0026408687
  -32.216905, 0.000980556, -0.0026408687
  -32.216905, 0.0005357184, -0.0026408687
  -32.216905, 0.00073741, -0.0026408687
  -32.216905, 0.0006744312, -0.0026408687
  -32.21045, 0.0004819074, -0.0026421041
  -32.21045, 0.0009155842, -0.0026421041
  -32.19754, 0.0006485222, -0.0026445747
  -32.19754, 0.0004627746, -0.0026445747
  -32.19754, 0.000265069, -0.0026445747
  -32.19754, 0.0005397044, -0.0026445747
  -32.191085, 0.0010666536, -0.0026458101
  -32.191085, 0.000482306, -0.0026458101
  -32.191085, 0.000711501, -0.0026458101
  -32.191085, 0.000540103, -0.0026458101
  -32.191085, 0.0006210188, -0.0026458101
  -32.191085, 0.0007557456, -0.0026458101
  -32.18463, 0.0008298852, -0.0026470454
  -32.178175, 0.0009941084, -0.0026482807
  -32.178175, 0.000494264, -0.0026482807
  -32.17172, 0.0005891308, -0.0026495161
  -32.165265, 0.000273041, -0.0026507514
  -32.165265, 0.0008155356, -0.0026507514
  -32.165265, 0.0006899766, -0.0026507514
  -32.165265, 0.000506222, -0.0026507514
  -32.165265, 0.0009183744, -0.0026507514
  -32.165265, 0.00083706, -0.0026507514
  -32.15881, 0.000492271, -0.0026519867
  -32.15881, 0.0004520124, -0.0026519867
  -32.15881, 0.000390628, -0.0026519867
  -32.15881, 0.0007043262, -0.0026519867
  -32.15881, 0.0004528096, -0.0026519867
  -32.152355, 0.001014437, -0.0026532221
  -32.1459, 0.0006843962, -0.0026544574
  -32.1459, 0.000785242, -0.0026544574
  -32.1459, 0.0005943126, -0.0026544574
  -32.139445, 0.0005412988, -0.0026556927
  -32.139445, 0.000468355, -0.0026556927
  -32.139445, 0.0006604802, -0.0026556927
  -32.139445, 0.0008681508, -0.0026556927
  -32.13299, 0.0008884794, -0.0026569281
  -32.13299, 0.000482306, -0.0026569281
  -32.13299, 0.000968598, -0.0026569281
  -32.13299, 0.000713494, -0.0026569281
  -32.13299, 0.001203772, -0.0026569281
  -32.126535, 0.0006640676, -0.0026581634
  -32.126535, 0.0007665078, -0.0026581634
  -32.126535, 0.0004946626, -0.0026581634
  -32.126535, 0.0004755298, -0.0026581634
  -32.126535, 0.0006804102, -0.0026581634
  -32.126535, 0.0003232646, -0.0026581634
  -32.126535, 0.0006425432, -0.0026581634
  -32.12008, 0.00061783, -0.0026593987
  -32.12008, 0.000922759, -0.0026593987
  -32.12008, 0.0003663134, -0.0026593987
  -32.12008, 0.0011116954, -0.0026593987
  -32.113625, 0.0010534998, -0.0026606341
  -32.10717, 0.000829088, -0.0026618694
  -32.10717, 0.00093671, -0.0026618694
  -32.10717, 0.0005632218, -0.0026618694
  -32.100715, 0.0005325296, -0.0026631047
  -32.100715, 0.0009833462, -0.0026631047
  -32.100715, 0.0008657592, -0.0026631047
  -32.100715, 0.0004595858, -0.0026631047
  -32.100715, 0.0003918238, -0.0026631047
  -32.09426, 0.0008207174, -0.0026643401
  -32.09426, 0.0004998444, -0.0026643401
  -32.09426, 0.0001885378, -0.0026643401
  -32.087805, 0.0007884308, -0.0026655754
  -32.087805, 0.0002738382, -0.0026655754
  -32.087805, 0.0004639704, -0.0026655754
  -32.087805, 0.0009036262, -0.0026655754
  -32.08135, 0.0005137954, -0.0026668107
  -32.08135, 0.000645732, -0.0026668107
  -32.08135, 0.0006911724, -0.0026668107
  -32.08135, 0.001022409, -0.0026668107
  -32.074895, 0.0005357184, -0.0026680461
  -32.074895, 0.0006042776, -0.0026680461
  -32.074895, 0.0008322768, -0.0026680461
  -32.06844, 0.0005229632, -0.0026692814
  -32.06844, 0.0006832004, -0.0026692814
  -32.06844, 0.0005803616, -0.0026692814
  -32.06844, 0.0005923196, -0.0026692814
  -32.06844, 0.0006800116, -0.0026692814
  -32.06844, 0.0006269978, -0.0026692814
  -32.06844, 0.0005125996, -0.0026692814
  -32.06844, 0.0009064164, -0.0026692814
  -32.06844, 0.0006680536, -0.0026692814
  -32.061985, 0.0006301866, -0.0026705167
  -32.061985, 0.0009104024, -0.0026705167
  -32.061985, 0.000579963, -0.0026705167
  -32.061985, 0.0006102566, -0.0026705167
  -32.05553, 0.0011754714, -0.0026717521
  -32.05553, 0.0007302352, -0.0026717521
  -32.05553, 0.0006911724, -0.0026717521
  -32.05553, 0.0005229632, -0.0026717521
  -32.05553, 0.000890871, -0.0026717521
  -32.05553, 0.0006604802, -0.0026717521
  -32.05553, 0.000964612, -0.0026717521
  -32.05553, 0.0006130468, -0.0026717521
  -32.05553, 0.0005536554, -0.0026717521
  -32.05553, 0.0008486194, -0.0026717521
  -32.05553, 0.0008514096, -0.0026717521
  -32.05553, 0.0003894322, -0.0026717521
  -32.049075, 0.0006959556, -0.0026729874
  -32.049075, 0.0006648648, -0.0026729874
  -32.049075, 0.001132024, -0.0026729874
  -32.049075, 0.0004599844, -0.0026729874
  -32.049075, 0.0010475208, -0.0026729874
  -32.049075, 0.0006545012, -0.0026729874
  -32.04262, 0.0004711452, -0.0026742227
  -32.04262, 0.000484299, -0.0026742227
  -32.04262, 0.0007848434, -0.0026742227
  -32.04262, 0.0006465292, -0.0026742227
  -32.04262, 0.0006832004, -0.0026742227
  -32.04262, 0.0008063678, -0.0026742227
  -32.04262, 0.000508215, -0.0026742227
  -32.04262, 0.0009630176, -0.0026742227
  -32.04262, 0.000671641, -0.0026742227
  -32.036165, 0.0008207174, -0.0026754581
  -32.036165, 0.0005034318, -0.0026754581
  -32.036165, 0.0008621718, -0.0026754581
  -32.036165, 0.0003794672, -0.0026754581
  -32.036165, 0.0005249562, -0.0026754581
  -32.036165, 0.0007688994, -0.0026754581
  -32.036165, 0.0006672564, -0.0026754581
  -32.036165, 0.0006285922, -0.0026754581
  -32.036165, 0.0004587886, -0.0026754581
  -32.036165, 0.0004854948, -0.0026754581
  -32.02971, 0.000552061, -0.0026766934
  -32.02971, 0.0009996888, -0.0026766934
  -32.02971, 0.000860976, -0.0026766934
  -32.02971, 0.0004731382, -0.0026766934
  -32.02971, 0.0009351156, -0.0026766934
  -32.023255, 0.0006548998, -0.0026779287
  -32.023255, 0.0004866906, -0.0026779287
  -32.023255, 0.0005205716, -0.0026779287
  -32.023255, 0.001157933, -0.0026779287
  -32.023255, 0.000251118, -0.0026779287
  -32.023255, 0.0005197744, -0.0026779287
  -32.023255, 0.0008836962, -0.0026779287
  -32.0168, 0.000982549, -0.0026791641
  -32.0168, 0.0005552498, -0.0026791641
  -32.0168, 0.0003260548, -0.0026791641
  -32.0168, 0.0008577872, -0.0026791641
  -32.0168, 0.0007350184, -0.0026791641
  -32.010345, 0.0008159342, -0.0026803994
  -32.010345, 0.0012181216, -0.0026803994
  -32.010345, 0.0007007388, -0.0026803994
  -32.010345, 0.0004001944, -0.0026803994
  -32.010345, 0.0005664106, -0.0026803994
  -32.00389, 0.0005951098, -0.0026816347
  -32.00389, 0.0009937098, -0.0026816347
  -32.00389, 0.0006668578, -0.0026816347
  -32.00389, 0.0012659536, -0.0026816347
  -32.00389, 0.0003631246, -0.0026816347
  -31.997435, 0.0006867878, -0.0026828701
  -31.997435, 0.0005632218, -0.0026828701
  -31.997435, 0.0006971514, -0.0026828701
  -31.997435, 0.000530138, -0.0026828701
  -31.997435, 0.0006967528, -0.0026828701
  -31.997435, 0.0007342212, -0.0026828701
  -31.99098, 0.0004559984, -0.0026841054
  -31.99098, 0.0005735854, -0.0026841054
  -31.99098, 0.0009701924, -0.0026841054
  -31.99098, 0.0005771728, -0.0026841054
  -31.99098, 0.000603879, -0.0026841054
  -31.99098, 0.0009438848, -0.0026841054
  -31.99098, 0.0008274936, -0.0026841054
  -31.99098, 0.0007250534, -0.0026841054
  -31.99098, 0.000679613, -0.0026841054
  -31.99098, 0.0006588858, -0.0026841054
  -31.99098, 0.0007724868, -0.0026841054
  -31.984525, 0.0009171786, -0.0026853407
  -31.984525, 0.0004998444, -0.0026853407
  -31.984525, 0.0006254034, -0.0026853407
  -31.984525, 0.0005305366, -0.0026853407
  -31.984525, 0.0005189772, -0.0026853407
  -31.984525, 0.0005795644, -0.0026853407
  -31.984525, 0.0006808088, -0.0026853407
  -31.984525, 0.0008374586, -0.0026853407
  -31.97807, 0.0003790686, -0.0026865761
  -31.97807, 0.0010837934, -0.0026865761
  -31.97807, 0.000514194, -0.0026865761
  -31.971615, 0.0006473264, -0.0026878114
  -31.971615, 0.0008015846, -0.0026878114
  -31.971615, 0.0012739256, -0.0026878114
  -31.971615, 0.000388635, -0.0026878114
  -31.971615, 0.0007944098, -0.0026878114
  -31.971615, 0.0007924168, -0.0026878114
  -31.971615, 0.0006668578, -0.0026878114
  -31.971615, 0.0005715924, -0.0026878114
  -31.96516, 0.0008996402, -0.0026890467
  -31.96516, 0.0010291852, -0.0026890467
  -31.96516, 0.0005975014, -0.0026890467
  -31.958705, 0.000888878, -0.0026902821
  -31.95225, 0.0007047248, -0.0026915174
  -31.95225, 0.00109615, -0.0026915174
  -31.945795, 0.0006828018, -0.0026927527
  -31.945795, 0.000912794, -0.0026927527
  -31.945795, 0.0010008846, -0.0026927527
  -31.945795, 0.0005277464, -0.0026927527
  -31.945795, 0.0005707952, -0.0026927527
  -31.945795, 0.0004898794, -0.0026927527
  -31.93934, 0.000801186, -0.0026939881
  -31.932885, 0.0004528096, -0.0026952234
  -31.92643, 0.0005656134, -0.0026964587
  -31.92643, 0.0006393544, -0.0026964587
  -31.92643, 0.0007326268, -0.0026964587
  -31.92643, 0.000675627, -0.0026964587
  -31.919975, 0.000663669, -0.0026976941
  -31.919975, 0.0008019832, -0.0026976941
  -31.919975, 0.0005747812, -0.0026976941
  -31.91352, 0.0006859906, -0.0026989294
  -31.91352, 0.0004735368, -0.0026989294
  -31.91352, 0.0012659536, -0.0026989294
  -31.907065, 0.0004607816, -0.0027001647
  -31.907065, 0.0006772214, -0.0027001647
  -31.90061, 0.0008972486, -0.0027014001
  -31.894155, 0.0007545498, -0.0027026354
  -31.894155, 0.0007282422, -0.0027026354
  -31.894155, 0.000962619, -0.0027026354
  -31.8877, 0.0001765798, -0.0027038707
  -31.8877, 0.0009231576, -0.0027038707
  -31.881245, 0.0006951584, -0.0027051061
  -31.87479, 0.0006242076, -0.0027063414
  -31.87479, 0.0006700466, -0.0027063414
  -31.868335, 0.0007441862, -0.0027075767
  -31.868335, 0.0010128426, -0.0027075767
  -31.86188, 0.0004468306, -0.0027088121
  -31.86188, 0.0007298366, -0.0027088121
  -31.86188, 0.000851011, -0.0027088121
  -31.855425, 0.0006481236, -0.0027100474
  -31.855425, 0.0005963056, -0.0027100474
  -31.855425, 0.0009151856, -0.0027100474
  -31.855425, 0.0007087108, -0.0027100474
  -31.84897, 0.0009040248, -0.0027112827
  -31.84897, 0.0004548026, -0.0027112827
  -31.84897, 0.0004193272, -0.0027112827
  -31.84897, 0.000795207, -0.0027112827
  -31.84897, 0.0007780672, -0.0027112827
  -31.842515, 0.0006931654, -0.0027125181
  -31.842515, 0.0005656134, -0.0027125181
  -31.842515, 0.0006843962, -0.0027125181
  -31.842515, 0.0004137468, -0.0027125181
  -31.842515, 0.0010538984, -0.0027125181
  -31.83606, 0.0007681022, -0.0027137534
  -31.83606, 0.0006648648, -0.0027137534
  -31.83606, 0.0004213202, -0.0027137534
  -31.83606, 0.0007816546, -0.0027137534
  -31.83606, 0.0006963542, -0.0027137534
  -31.83606, 0.0010188216, -0.0027137534
  -31.83606, 0.00069755, -0.0027137534
  -31.829605, 0.0007916196, -0.0027149887
  -31.829605, 0.000811151, -0.0027149887
  -31.829605, 0.0009279408, -0.0027149887
  -31.829605, 0.0008757242, -0.0027149887
  -31.829605, 0.0005982986, -0.0027149887
  -31.82315, 0.0007788644, -0.0027162241
  -31.82315, 0.0007641162, -0.0027162241
  -31.82315, 0.0005584386, -0.0027162241
  -31.82315, 0.0007744798, -0.0027162241
  -31.816695, 0.0005472778, -0.0027174594
  -31.81024, 0.000851011, -0.0027186947
  -31.81024, 0.000725452, -0.0027186947
  -31.81024, 0.00071748, -0.0027186947
  -31.803785, 0.0009921154, -0.00271993
  -31.79733, 0.0011316254, -0.0027211654
  -31.79733, 0.0008175286, -0.0027211654
  -31.79733, 0.0005488722, -0.0027211654
  -31.79733, 0.0006433404, -0.0027211654
  -31.790875, 0.0008880808, -0.0027224007
  -31.78442, 0.0006122496, -0.002723636
  -31.78442, 0.0002702508, -0.002723636
  -31.777965, 0.0005110052, -0.0027248714
  -31.765055, 0.0001821602, -0.002727342
  -31.765055, 0.0007099066, -0.002727342
  -31.765055, 0.0004340754, -0.002727342
  -31.765055, 0.0009961014, -0.002727342
  -31.7586, 0.0002742368, -0.0027285774
  -31.739235, 0.0010407446, -0.0027322834
  -31.739235, 0.0006433404, -0.0027322834
  -31.73278, 0.0007541512, -0.0027335187
  -31.73278, 0.0007748784, -0.0027335187
  -31.726325, 0.0009084094, -0.002734754
  -31.726325, 0.000464369, -0.002734754
  -31.726325, 0.0006501166, -0.002734754
  -31.71987, 0.0006812074, -0.0027359894
  -31.713415, 0.0004611802, -0.0027372247
  -31.713415, 0.0007621232, -0.0027372247
  -31.70696, 0.0008753256, -0.00273846
  -31.700505, 0.0006680536, -0.0027396954
  -31.69405, 0.0010168286, -0.0027409307
  -31.69405, 0.0005544526, -0.0027409307
  -31.674685, 0.000454404, -0.0027446367
  -31.674685, 0.000866955, -0.0027446367
  -31.674685, 0.0007031304, -0.0027446367
  -31.66823, 0.0008876822, -0.002745872
  -31.65532, 0.0008860878, -0.0027483427
  -31.65532, 0.0007162842, -0.0027483427
  -31.648865, 0.0009913182, -0.002749578
  -31.648865, 0.0005436904, -0.002749578
  -31.648865, 0.000464369, -0.002749578
  -31.648865, 0.000581956, -0.002749578
  -31.64241, 0.0004516138, -0.0027508134
  -31.64241, 0.0008382558, -0.0027508134
  -31.64241, 0.000878913, -0.0027508134
  -31.64241, 0.0008705424, -0.0027508134
  -31.64241, 0.0009542484, -0.0027508134
  -31.635955, 0.0009554442, -0.0027520487
  -31.6295, 0.0008880808, -0.002753284
  -31.6295, 0.0011443806, -0.002753284
  -31.6295, 0.0004775228, -0.002753284
  -31.6295, 0.0009821504, -0.002753284
  -31.623045, 0.000892864, -0.0027545194
  -31.623045, 0.0006652634, -0.0027545194
  -31.623045, 0.000974577, -0.0027545194
  -31.610135, 0.0005110052, -0.00275699
  -31.610135, 0.0001399086, -0.00275699
  -31.610135, 0.0014042678, -0.00275699
  -31.597225, 0.0003754812, -0.0027594607
  -31.597225, 0.0007521582, -0.0027594607
  -31.597225, 0.0011563386, -0.0027594607
  -31.597225, 0.0006720396, -0.0027594607
  -31.59077, 0.0004571942, -0.002760696
  -31.59077, 0.0009933112, -0.002760696
  -31.59077, 0.0008422418, -0.002760696
  -31.584315, 0.0007665078, -0.0027619314
  -31.57786, 0.0009494652, -0.0027631667
  -31.57786, 0.0010770172, -0.0027631667
  -31.57786, 0.0006680536, -0.0027631667
  -31.57786, 0.0008047734, -0.0027631667
  -31.57786, 0.0007091094, -0.0027631667
  -31.571405, 0.0007366128, -0.002764402
  -31.571405, 0.0007278436, -0.002764402
  -31.56495, 0.000520173, -0.0027656374
  -31.56495, 0.0007338226, -0.0027656374
  -31.56495, 0.0004500194, -0.0027656374
  -31.56495, 0.0012759186, -0.0027656374
  -31.56495, 0.000827095, -0.0027656374
  -31.56495, 0.0011336184, -0.0027656374
  -31.56495, 0.0010774158, -0.0027656374
  -31.558495, 0.000743389, -0.0027668727
  -31.558495, 0.000731431, -0.0027668727
  -31.558495, 0.0009873322, -0.0027668727
  -31.558495, 0.0002881878, -0.0027668727
  -31.558495, 0.0011946042, -0.0027668727
  -31.558495, 0.0008298852, -0.0027668727
  -31.558495, 0.0010814018, -0.0027668727
  -31.558495, 0.001124052, -0.0027668727
  -31.558495, 0.0007278436, -0.0027668727
  -31.55204, 0.0009590316, -0.002768108
  -31.55204, 0.0005967042, -0.002768108
  -31.55204, 0.000984542, -0.002768108
  -31.55204, 0.000954647, -0.002768108
  -31.55204, 0.0004695508, -0.002768108
  -31.545585, 0.0009159828, -0.0027693434
  -31.545585, 0.000536117, -0.0027693434
  -31.545585, 0.0010806046, -0.0027693434
  -31.545585, 0.0008274936, -0.0027693434
  -31.545585, 0.0008366614, -0.0027693434
  -31.53913, 0.0012488138, -0.0027705787
  -31.53913, 0.0006772214, -0.0027705787
  -31.53913, 0.0007162842, -0.0027705787
  -31.532675, 0.0007366128, -0.002771814
  -31.532675, 0.0009634162, -0.002771814
  -31.532675, 0.0003435932, -0.002771814
  -31.532675, 0.0005743826, -0.002771814
  -31.52622, 0.0003651176, -0.0027730494
  -31.52622, 0.0003790686, -0.0027730494
  -31.52622, 0.000681606, -0.0027730494
  -31.52622, 0.000723459, -0.0027730494
  -31.52622, 0.0007948084, -0.0027730494
  -31.519765, 0.000791221, -0.0027742847
  -31.519765, 0.0006560956, -0.0027742847
  -31.51331, 0.0004121524, -0.00277552
  -31.51331, 0.0003372156, -0.00277552
  -31.51331, 0.000793214, -0.00277552
  -31.51331, 0.0008047734, -0.00277552
  -31.506855, 0.0012579816, -0.0027767554
  -31.506855, 0.0007816546, -0.0027767554
  -31.506855, 0.0008055706, -0.0027767554
  -31.506855, 0.0002487264, -0.0027767554
  -31.506855, 0.0005329282, -0.0027767554
  -31.506855, 0.0004181314, -0.0027767554
  -31.506855, 0.0008856892, -0.0027767554
  -31.506855, 0.000735417, -0.0027767554
  -31.506855, 0.0011344156, -0.0027767554
  -31.506855, 0.0004157398, -0.0027767554
  -31.506855, 0.0003962084, -0.0027767554
  -31.5004, 0.0007541512, -0.0027779907
  -31.5004, 0.000894857, -0.0027779907
  -31.5004, 0.0005787672, -0.0027779907
  -31.5004, 0.00137517, -0.0027779907
  -31.5004, 0.0010080594, -0.0027779907
  -31.5004, 0.000667655, -0.0027779907
  -31.5004, 0.0013141842, -0.0027779907
  -31.493945, 0.0004328796, -0.002779226
  -31.48749, 0.0006409488, -0.0027804614
  -31.48749, 0.00051818, -0.0027804614
  -31.48749, 0.0008143398, -0.0027804614
  -31.48749, 0.0007390044, -0.0027804614
  -31.48749, 0.0008773186, -0.0027804614
  -31.481035, 0.0013229534, -0.0027816967
  -31.481035, 0.0007661092, -0.0027816967
  -31.481035, 0.0011523526, -0.0027816967
  -31.481035, 0.0013719812, -0.0027816967
  -31.47458, 0.0002455376, -0.002782932
  -31.47458, 0.0005568442, -0.002782932
  -31.47458, 0.0006445362, -0.002782932
  -31.47458, 0.0010040734, -0.002782932
  -31.47458, 0.0006126482, -0.002782932
  -31.47458, 0.0004767256, -0.002782932
  -31.47458, 0.0006313824, -0.002782932
  -31.47458, 0.0011850378, -0.002782932
  -31.47458, 0.0003858448, -0.002782932
  -31.468125, 0.0011049192, -0.0027841674
  -31.468125, 0.0008067664, -0.0027841674
  -31.468125, 0.0005106066, -0.0027841674
  -31.468125, 0.0006564942, -0.0027841674
  -31.468125, 0.0008797102, -0.0027841674
  -31.468125, 0.000540103, -0.0027841674
  -31.468125, 0.0006114524, -0.0027841674
  -31.468125, 0.0009139898, -0.0027841674
  -31.46167, 0.0006664592, -0.0027854027
  -31.46167, 0.000765312, -0.0027854027
  -31.46167, 0.0009729826, -0.0027854027
  -31.46167, 0.0007816546, -0.0027854027
  -31.455215, 0.0006405502, -0.002786638
  -31.455215, 0.0006931654, -0.002786638
  -31.455215, 0.0008286894, -0.002786638
  -31.455215, 0.0008526054, -0.002786638
  -31.455215, 0.0007928154, -0.002786638
  -31.455215, 0.0009072136, -0.002786638
  -31.455215, 0.0008952556, -0.002786638
  -31.455215, 0.0006700466, -0.002786638
  -31.455215, 0.000795207, -0.002786638
  -31.455215, 0.000631781, -0.002786638
  -31.44876, 0.000928738, -0.0027878734
  -31.44876, 6.5769e-05, -0.0027878734
  -31.44876, 0.000615837, -0.0027878734
  -31.44876, 0.0005110052, -0.0027878734
  -31.44876, 0.0005476764, -0.0027878734
  -31.442305, 0.0007728854, -0.0027891087
  -31.442305, 0.000601886, -0.0027891087
  -31.442305, 0.0008482208, -0.0027891087
  -31.442305, 0.0008836962, -0.0027891087
  -31.442305, 0.0010092552, -0.0027891087
  -31.442305, 0.0012428348, -0.0027891087
  -31.442305, 0.0007382072, -0.0027891087
  -31.442305, 0.0010546956, -0.0027891087
  -31.442305, 0.0005823546, -0.0027891087
  -31.442305, 0.0006393544, -0.0027891087
  -31.442305, 0.0007031304, -0.0027891087
  -31.43585, 0.0009171786, -0.002790344
  -31.43585, 0.0011164786, -0.002790344
  -31.43585, 0.0006090608, -0.002790344
  -31.43585, 0.000958633, -0.002790344
  -31.43585, 0.0006106552, -0.002790344
  -31.43585, 0.000719473, -0.002790344
  -31.43585, 0.0007059206, -0.002790344
  -31.43585, 0.000980556, -0.002790344
  -31.429395, 0.0006309838, -0.0027915794
  -31.429395, 0.0007465778, -0.0027915794
  -31.429395, 0.0010853878, -0.0027915794
  -31.429395, 0.0004312852, -0.0027915794
  -31.429395, 0.0006812074, -0.0027915794
  -31.429395, 0.000506222, -0.0027915794
  -31.429395, 0.0010311782, -0.0027915794
  -31.42294, 0.001038353, -0.0027928147
  -31.42294, 0.0003814602, -0.0027928147
  -31.42294, 0.001199786, -0.0027928147
  -31.42294, 0.0004360684, -0.0027928147
  -31.42294, 0.0004233132, -0.0027928147
  -31.42294, 0.0006285922, -0.0027928147
  -31.42294, 0.001044332, -0.0027928147
  -31.42294, 0.000731431, -0.0027928147
  -31.42294, 0.0010897724, -0.0027928147
  -31.42294, 0.0007836476, -0.0027928147
  -31.416485, 0.0005711938, -0.00279405
  -31.416485, 0.0009949056, -0.00279405
  -31.416485, 0.0010977444, -0.00279405
  -31.416485, 0.000874927, -0.00279405
  -31.416485, 0.0009211646, -0.00279405
  -31.416485, 0.000853004, -0.00279405
  -31.41003, 0.0006050748, -0.0027952854
  -31.41003, 0.0009279408, -0.0027952854
  -31.41003, 0.0007816546, -0.0027952854
  -31.41003, 0.0004436418, -0.0027952854
  -31.41003, 0.001207758, -0.0027952854
  -31.41003, 0.0007417946, -0.0027952854
  -31.41003, 0.000593914, -0.0027952854
  -31.41003, 0.0006202216, -0.0027952854
  -31.403575, 0.000801186, -0.0027965207
  -31.403575, 0.0005496694, -0.0027965207
  -31.403575, 0.0007330254, -0.0027965207
  -31.403575, 0.000862969, -0.0027965207
  -31.403575, 0.0008781158, -0.0027965207
  -31.403575, 0.0012081566, -0.0027965207
  -31.39712, 0.0007995916, -0.002797756
  -31.39712, 0.000573984, -0.002797756
  -31.39712, 0.0005636204, -0.002797756
  -31.39712, 0.0007326268, -0.002797756
  -31.39712, 0.0008266964, -0.002797756
  -31.39712, 0.000781256, -0.002797756
  -31.390665, 0.000394614, -0.0027989914
  -31.390665, 0.0010212132, -0.0027989914
  -31.390665, 0.0004161384, -0.0027989914
  -31.390665, 0.0008406474, -0.0027989914
  -31.390665, 0.0006246062, -0.0027989914
  -31.390665, 0.0013656036, -0.0027989914
  -31.38421, 0.0009159828, -0.0028002267
  -31.38421, 0.000801186, -0.0028002267
  -31.38421, 0.0006006902, -0.0028002267
  -31.38421, 0.000500243, -0.0028002267
  -31.38421, 0.0007880322, -0.0028002267
  -31.377755, 0.0007405988, -0.002801462
  -31.377755, 0.000986535, -0.002801462
  -31.377755, 0.0011495624, -0.002801462
  -31.377755, 0.000729438, -0.002801462
  -31.377755, 0.0007477736, -0.002801462
  -31.377755, 0.0007724868, -0.002801462
  -31.377755, 0.0008984444, -0.002801462
  -31.377755, 0.0005357184, -0.002801462
  -31.3713, 0.0005484736, -0.0028026974
  -31.3713, 0.000727445, -0.0028026974
  -31.3713, 0.0006564942, -0.0028026974
  -31.3713, 0.0009749756, -0.0028026974
  -31.3713, 0.00107622, -0.0028026974
  -31.364845, 0.0004233132, -0.0028039327
  -31.364845, 0.000932724, -0.0028039327
  -31.364845, 0.0005365156, -0.0028039327
  -31.35839, 0.0007924168, -0.002805168
  -31.35839, 0.0009988916, -0.002805168
  -31.35839, 0.000695557, -0.002805168
  -31.35839, 0.0011017304, -0.002805168
  -31.351935, 0.0011595274, -0.0028064034
  -31.339025, 0.0009295352, -0.002808874
  -31.339025, 0.0006943612, -0.002808874
  -31.339025, 0.000536117, -0.002808874
  -31.339025, 0.0004396558, -0.002808874
  -31.339025, 0.0008374586, -0.002808874
  -31.33257, 0.0005532568, -0.0028101094
  -31.33257, 0.000729438, -0.0028101094
  -31.326115, 0.000633774, -0.0028113447
  -31.326115, 0.0009961014, -0.0028113447
  -31.326115, 0.000263076, -0.0028113447
  -31.326115, 0.0005436904, -0.0028113447
  -31.326115, 0.0012021776, -0.0028113447
  -31.326115, 0.0008314796, -0.0028113447
  -31.326115, 0.0005245576, -0.0028113447
  -31.31966, 0.0008992416, -0.00281258
  -31.313205, 0.000703529, -0.0028138154
  -31.313205, 0.0007780672, -0.0028138154
  -31.313205, 0.0008753256, -0.0028138154
  -31.30675, 0.0004667606, -0.0028150507
  -31.30675, 0.001106115, -0.0028150507
  -31.30675, 0.001126045, -0.0028150507
  -31.29384, 0.0010136398, -0.0028175214
  -31.29384, 0.0004874878, -0.0028175214
  -31.287385, 0.0009104024, -0.0028187567
  -31.287385, 0.0008139412, -0.0028187567
  -31.28093, 0.000540103, -0.002819992
  -31.28093, 0.0007868364, -0.002819992
  -31.28093, 0.0003292436, -0.002819992
  -31.274475, 0.0005755784, -0.0028212274
  -31.274475, 0.0011069122, -0.0028212274
  -31.274475, 0.0005552498, -0.0028212274
  -31.274475, 0.0009060178, -0.0028212274
  -31.274475, 0.000534124, -0.0028212274
  -31.26802, 0.0004093622, -0.0028224627
  -31.26802, 0.0013839392, -0.0028224627
  -31.26802, 0.0011356114, -0.0028224627
  -31.261565, 0.0007142912, -0.002823698
  -31.261565, 0.0004619774, -0.002823698
  -31.261565, 0.0008003888, -0.002823698
  -31.25511, 0.0011037234, -0.0028249334
  -31.248655, 0.000671641, -0.0028261687
  -31.248655, 0.0006154384, -0.0028261687
  -31.248655, 0.0006584872, -0.0028261687
  -31.248655, 0.0006644662, -0.0028261687
  -31.248655, 0.0003742854, -0.0028261687
  -31.2422, 0.0008561928, -0.002827404
  -31.2422, 0.0007142912, -0.002827404
  -31.2422, 0.000554054, -0.002827404
  -31.2422, 0.000671641, -0.002827404
  -31.2422, 0.0008278922, -0.002827404
  -31.2422, 0.0005006416, -0.002827404
  -31.2422, 0.000406572, -0.002827404
  -31.2422, 0.000851011, -0.002827404
  -31.2422, 0.0005672078, -0.002827404
  -31.2422, 0.0006943612, -0.002827404
  -31.2422, 0.000920766, -0.002827404
  -31.2422, 0.0008777172, -0.002827404
  -31.2422, 0.000860976, -0.002827404
  -31.2422, 0.0009674022, -0.002827404
  -31.2422, 0.0010778144, -0.002827404
  -31.235745, 0.0011136884, -0.0028286394
  -31.235745, 0.0004269006, -0.0028286394
  -31.235745, 0.0009833462, -0.0028286394
  -31.235745, 0.0010698424, -0.0028286394
  -31.235745, 0.0008573886, -0.0028286394
  -31.235745, 0.0005133968, -0.0028286394
  -31.235745, 0.0012101496, -0.0028286394
  -31.235745, 0.0012013804, -0.0028286394
  -31.235745, 0.0013998832, -0.0028286394
  -31.235745, 0.0009040248, -0.0028286394
  -31.22929, 0.0009737798, -0.0028298747
  -31.22929, 0.001048318, -0.0028298747
  -31.22929, 0.0006305852, -0.0028298747
  -31.22929, 0.0004312852, -0.0028298747
  -31.22929, 0.0004886836, -0.0028298747
  -31.22929, 0.0007728854, -0.0028298747
  -31.22929, 0.0010459264, -0.0028298747
  -31.22929, 0.0009494652, -0.0028298747
  -31.22929, 0.0008797102, -0.0028298747
  -31.22929, 0.0007876336, -0.0028298747
  -31.22929, 0.0007358156, -0.0028298747
  -31.222835, 0.0007629204, -0.00283111
  -31.222835, 0.0006166342, -0.00283111
  -31.222835, 0.0007708924, -0.00283111
  -31.222835, 0.000938703, -0.00283111
  -31.222835, 0.0010116468, -0.00283111
  -31.222835, 0.0012344642, -0.00283111
  -31.222835, 0.000615837, -0.00283111
  -31.21638, 0.0004854948, -0.0028323454
  -31.21638, 0.00071748, -0.0028323454
  -31.21638, 0.0009614232, -0.0028323454
  -31.21638, 0.0010188216, -0.0028323454
  -31.21638, 0.0011132898, -0.0028323454
  -31.21638, 0.0010853878, -0.0028323454
  -31.21638, 0.0009351156, -0.0028323454
  -31.21638, 0.0010291852, -0.0028323454
  -31.21638, 0.001229681, -0.0028323454
  -31.21638, 0.000440453, -0.0028323454
  -31.21638, 0.0007465778, -0.0028323454
  -31.21638, 0.0005177814, -0.0028323454
  -31.209925, 0.0007501652, -0.0028335807
  -31.209925, 0.0006505152, -0.0028335807
  -31.209925, 0.000900836, -0.0028335807
  -31.209925, 0.0012886738, -0.0028335807
  -31.209925, 0.000749368, -0.0028335807
  -31.20347, 0.0006349698, -0.002834816
  -31.20347, 0.0010192202, -0.002834816
  -31.20347, 0.0007509624, -0.002834816
  -31.20347, 0.0004089636, -0.002834816
  -31.20347, 0.0004946626, -0.002834816
  -31.20347, 0.0003950126, -0.002834816
  -31.20347, 0.0006102566, -0.002834816
  -31.20347, 0.0010311782, -0.002834816
  -31.20347, 0.0009889266, -0.002834816
  -31.20347, 0.0007250534, -0.002834816
  -31.20347, 0.0007617246, -0.002834816
  -31.20347, 0.000669648, -0.002834816
  -31.20347, 0.0007748784, -0.002834816
  -31.20347, 0.0007398016, -0.002834816
  -31.20347, 0.0005189772, -0.002834816
  -31.197015, 0.0006672564, -0.0028360513
  -31.197015, 0.0012045692, -0.0028360513
  -31.197015, 0.0009769686, -0.0028360513
  -31.197015, 0.0008382558, -0.0028360513
  -31.197015, 0.0007677036, -0.0028360513
  -31.197015, 0.0010598774, -0.0028360513
  -31.197015, 0.0009351156, -0.0028360513
  -31.197015, 0.0008219132, -0.0028360513
  -31.197015, 0.0009402974, -0.0028360513
  -31.197015, 0.0008147384, -0.0028360513
  -31.197015, 0.0005895294, -0.0028360513
  -31.197015, 0.000767305, -0.0028360513
  -31.197015, 0.0006429418, -0.0028360513
  -31.197015, 0.0008394516, -0.0028360513
  -31.19056, 0.0012169258, -0.0028372867
  -31.19056, 0.0007043262, -0.0028372867
  -31.19056, 0.0009402974, -0.0028372867
  -31.19056, 0.0007569414, -0.0028372867
  -31.19056, 0.0010160314, -0.0028372867
  -31.19056, 0.0004428446, -0.0028372867
  -31.19056, 0.0006680536, -0.0028372867
  -31.19056, 0.0005947112, -0.0028372867
  -31.19056, 0.0009937098, -0.0028372867
  -31.19056, 0.0007222632, -0.0028372867
  -31.19056, 0.0008115496, -0.0028372867
  -31.19056, 0.0008063678, -0.0028372867
  -31.184105, 0.0006620746, -0.002838522
  -31.184105, 0.000866955, -0.002838522
  -31.184105, 0.0006584872, -0.002838522
  -31.184105, 0.0007876336, -0.002838522
  -31.184105, 0.0010558914, -0.002838522
  -31.184105, 0.000829088, -0.002838522
  -31.17765, 0.0012599746, -0.0028397573
  -31.17765, 0.0008163328, -0.0028397573
  -31.17765, 0.0010100524, -0.0028397573
  -31.17765, 0.0010798074, -0.0028397573
  -31.17765, 0.000623809, -0.0028397573
  -31.17765, 0.0008980458, -0.0028397573
  -31.17765, 0.0007501652, -0.0028397573
  -31.17765, 0.000880906, -0.0028397573
  -31.17765, 0.0007944098, -0.0028397573
  -31.17765, 0.0007972, -0.0028397573
  -31.17765, 0.0006959556, -0.0028397573
  -31.17765, 0.0004954598, -0.0028397573
  -31.17765, 0.0009849406, -0.0028397573
  -31.17765, 0.000500243, -0.0028397573
  -31.17765, 0.0012671494, -0.0028397573
  -31.171195, 0.0007748784, -0.0028409927
  -31.171195, 0.000741396, -0.0028409927
  -31.171195, 0.001213737, -0.0028409927
  -31.171195, 0.0008721368, -0.0028409927
  -31.171195, 0.000978563, -0.0028409927
  -31.171195, 0.0011292338, -0.0028409927
  -31.171195, 0.0005512638, -0.0028409927
  -31.171195, 0.0011846392, -0.0028409927
  -31.171195, 0.0008717382, -0.0028409927
  -31.171195, 0.0009909196, -0.0028409927
  -31.171195, 0.0008956542, -0.0028409927
  -31.171195, 0.0004607816, -0.0028409927
  -31.171195, 0.0009375072, -0.0028409927
  -31.171195, 0.0007669064, -0.0028409927
  -31.16474, 0.001092164, -0.002842228
  -31.16474, 0.0004966556, -0.002842228
  -31.16474, 0.0008099552, -0.002842228
  -31.16474, 0.001381149, -0.002842228
  -31.16474, 0.0009913182, -0.002842228
  -31.16474, 0.0007003402, -0.002842228
  -31.16474, 0.0005484736, -0.002842228
  -31.16474, 0.000773284, -0.002842228
  -31.16474, 0.0011395974, -0.002842228
  -31.158285, 0.0005098094, -0.0028434633
  -31.158285, 0.0004276978, -0.0028434633
  -31.158285, 0.000673634, -0.0028434633
  -31.158285, 0.0007457806, -0.0028434633
  -31.158285, 0.0006489208, -0.0028434633
  -31.158285, 0.0010806046, -0.0028434633
  -31.158285, 0.0008872836, -0.0028434633
  -31.158285, 0.0007788644, -0.0028434633
  -31.158285, 0.0006014874, -0.0028434633
  -31.158285, 0.0013644078, -0.0028434633
  -31.158285, 0.0007449834, -0.0028434633
  -31.158285, 0.0008039762, -0.0028434633
  -31.15183, 0.0007063192, -0.0028446987
  -31.15183, 0.0011958, -0.0028446987
  -31.15183, 0.00089685, -0.0028446987
  -31.15183, 0.0010076608, -0.0028446987
  -31.15183, 0.0009024304, -0.0028446987
  -31.145375, 0.0004695508, -0.002845934
  -31.145375, 0.00097657, -0.002845934
  -31.145375, 0.0007378086, -0.002845934
  -31.145375, 0.0006425432, -0.002845934
  -31.145375, 0.0009422904, -0.002845934
  -31.145375, 0.0009988916, -0.002845934
  -31.145375, 0.0005197744, -0.002845934
  -31.13892, 0.0011842406, -0.0028471693
  -31.13892, 0.0005484736, -0.0028471693
  -31.13892, 0.0011085066, -0.0028471693
  -31.13892, 0.000121573, -0.0028471693
  -31.13892, 0.0007258506, -0.0028471693
  -31.132465, 0.0008067664, -0.0028484047
  -31.132465, 0.0003439918, -0.0028484047
  -31.132465, 0.0008633676, -0.0028484047
  -31.132465, 0.0005735854, -0.0028484047
  -31.132465, 0.0009570386, -0.0028484047
  -31.132465, 0.0010574858, -0.0028484047
  -31.132465, 0.000813144, -0.0028484047
  -31.132465, 0.0005297394, -0.0028484047
  -31.132465, 0.0006054734, -0.0028484047
  -31.12601, 0.000904822, -0.00284964
  -31.12601, 0.0006050748, -0.00284964
  -31.12601, 0.0011093038, -0.00284964
  -31.12601, 0.0008278922, -0.00284964
  -31.12601, 0.0010905696, -0.00284964
  -31.12601, 0.0007382072, -0.00284964
  -31.12601, 0.0007138926, -0.00284964
  -31.12601, 0.000793214, -0.00284964
  -31.12601, 0.0012145342, -0.00284964
  -31.12601, 0.0010000874, -0.00284964
  -31.12601, 0.001072234, -0.00284964
  -31.12601, 0.00113601, -0.00284964
  -31.12601, 0.0009203674, -0.00284964
  -31.119555, 0.0006568928, -0.0028508753
  -31.119555, 0.0007804588, -0.0028508753
  -31.119555, 0.0008083608, -0.0028508753
  -31.119555, 0.0008462278, -0.0028508753
  -31.119555, 0.0007398016, -0.0028508753
  -31.119555, 0.0007437876, -0.0028508753
  -31.119555, 0.0008346684, -0.0028508753
  -31.119555, 0.0009693952, -0.0028508753
  -31.119555, 0.0008019832, -0.0028508753
  -31.119555, 0.0010574858, -0.0028508753
  -31.119555, 0.001233667, -0.0028508753
  -31.119555, 0.000890871, -0.0028508753
  -31.119555, 0.0007784658, -0.0028508753
  -31.119555, 0.0008035776, -0.0028508753
  -31.119555, 0.0005656134, -0.0028508753
  -31.1131, 0.001251604, -0.0028521107
  -31.1131, 0.0009558428, -0.0028521107
  -31.1131, 0.0010519054, -0.0028521107
  -31.1131, 0.0008605774, -0.0028521107
  -31.1131, 0.001149961, -0.0028521107
  -31.1131, 0.0005528582, -0.0028521107
  -31.1131, 0.0010271922, -0.0028521107
  -31.1131, 0.001159926, -0.0028521107
  -31.1131, 0.0007405988, -0.0028521107
  -31.1131, 0.0010746256, -0.0028521107
  -31.106645, 0.000763319, -0.002853346
  -31.106645, 0.0011567372, -0.002853346
  -31.106645, 0.0008087594, -0.002853346
  -31.106645, 0.0009658078, -0.002853346
  -31.106645, 0.001177863, -0.002853346
  -31.106645, 0.0006684522, -0.002853346
  -31.106645, 0.0005114038, -0.002853346
  -31.106645, 0.0010750242, -0.002853346
  -31.106645, 0.0009602274, -0.002853346
  -31.106645, 0.0007330254, -0.002853346
  -31.106645, 0.0005544526, -0.002853346
  -31.106645, 0.0007541512, -0.002853346
  -31.10019, 0.0004269006, -0.0028545813
  -31.10019, 0.000651711, -0.0028545813
  -31.10019, 0.0007246548, -0.0028545813
  -31.10019, 0.0008506124, -0.0028545813
  -31.10019, 0.000845032, -0.0028545813
  -31.10019, 0.0007003402, -0.0028545813
  -31.10019, 0.0006449348, -0.0028545813
  -31.10019, 0.0008247034, -0.0028545813
  -31.10019, 0.000805172, -0.0028545813
  -31.10019, 0.0007358156, -0.0028545813
  -31.10019, 0.0009849406, -0.0028545813
  -31.10019, 0.0006620746, -0.0028545813
  -31.093735, 0.0012205132, -0.0028558167
  -31.093735, 0.0009092066, -0.0028558167
  -31.093735, 0.0007928154, -0.0028558167
  -31.093735, 0.0007525568, -0.0028558167
  -31.093735, 0.0011431848, -0.0028558167
  -31.093735, 0.000494264, -0.0028558167
  -31.093735, 0.0006194244, -0.0028558167
  -31.093735, 0.0006808088, -0.0028558167
  -31.093735, 0.0007637176, -0.0028558167
  -31.093735, 0.000506222, -0.0028558167
  -31.093735, 0.0006469278, -0.0028558167
  -31.093735, 0.0009829476, -0.0028558167
  -31.093735, 0.00075734, -0.0028558167
  -31.093735, 0.0006843962, -0.0028558167
  -31.08728, 0.0007449834, -0.002857052
  -31.08728, 0.001253597, -0.002857052
  -31.08728, 0.000954647, -0.002857052
  -31.08728, 0.000560033, -0.002857052
  -31.08728, 0.0007549484, -0.002857052
  -31.08728, 0.0011926112, -0.002857052
  -31.08728, 0.0006385572, -0.002857052
  -31.08728, 0.001054297, -0.002857052
  -31.08728, 0.0005855434, -0.002857052
  -31.080825, 0.0009159828, -0.0028582873
  -31.080825, 0.0012751214, -0.0028582873
  -31.080825, 0.0010028776, -0.0028582873
  -31.080825, 0.0007999902, -0.0028582873
  -31.080825, 0.00105629, -0.0028582873
  -31.080825, 0.0006903752, -0.0028582873
  -31.080825, 0.0008597802, -0.0028582873
  -31.080825, 0.000783249, -0.0028582873
  -31.07437, 0.0004001944, -0.0028595227
  -31.07437, 0.000908808, -0.0028595227
  -31.07437, 0.0006142426, -0.0028595227
  -31.07437, 0.000675627, -0.0028595227
  -31.07437, 0.0008526054, -0.0028595227
  -31.07437, 0.0010558914, -0.0028595227
  -31.07437, 0.0007924168, -0.0028595227
  -31.07437, 0.0010957514, -0.0028595227
  -31.07437, 0.0006453334, -0.0028595227
  -31.067915, 0.0004858934, -0.002860758
  -31.067915, 0.0010251992, -0.002860758
  -31.067915, 0.0012484152, -0.002860758
  -31.067915, 0.000524159, -0.002860758
  -31.067915, 0.0008119482, -0.002860758
  -31.067915, 0.0010176258, -0.002860758
  -31.067915, 0.0009383044, -0.002860758
  -31.067915, 0.0009901224, -0.002860758
  -31.06146, 0.0007469764, -0.0028619933
  -31.06146, 0.000783249, -0.0028619933
  -31.06146, 0.000635767, -0.0028619933
  -31.06146, 0.0005544526, -0.0028619933
  -31.06146, 0.0011089052, -0.0028619933
  -31.06146, 0.0007983958, -0.0028619933
  -31.06146, 0.0006664592, -0.0028619933
  -31.06146, 0.0008035776, -0.0028619933
  -31.06146, 0.0009060178, -0.0028619933
  -31.06146, 0.000866955, -0.0028619933
  -31.06146, 0.0007768714, -0.0028619933
  -31.06146, 0.0009299338, -0.0028619933
  -31.06146, 0.0012073594, -0.0028619933
  -31.055005, 0.001008458, -0.0028632287
  -31.055005, 0.0012029748, -0.0028632287
  -31.055005, 0.0009610246, -0.0028632287
  -31.055005, 0.001239646, -0.0028632287
  -31.055005, 0.0010893738, -0.0028632287
  -31.04855, 0.0008362628, -0.002864464
  -31.04855, 0.0007629204, -0.002864464
  -31.04855, 0.0006903752, -0.002864464
  -31.04855, 0.0005672078, -0.002864464
  -31.04855, 0.0008282908, -0.002864464
  -31.04855, 0.0009761714, -0.002864464
  -31.042095, 0.000294964, -0.0028656993
  -31.042095, 0.00111608, -0.0028656993
  -31.03564, 0.0010439334, -0.0028669347
  -31.03564, 0.000900836, -0.0028669347
  -31.03564, 0.0006142426, -0.0028669347
  -31.029185, 0.0003850476, -0.00286817
  -31.029185, 0.0006700466, -0.00286817
  -31.029185, 0.001072234, -0.00286817
  -31.029185, 0.0006309838, -0.00286817
  -31.02273, 0.0009295352, -0.0028694053
  -31.02273, 0.0011463736, -0.0028694053
  -31.016275, 0.0008912696, -0.0028706407
  -31.016275, 0.0012033734, -0.0028706407
  -31.00982, 0.0007007388, -0.002871876
  -31.00982, 0.0008725354, -0.002871876
  -31.00982, 0.000851011, -0.002871876
  -31.00982, 0.0006923682, -0.002871876
  -31.003365, 0.0005731868, -0.0028731113
  -31.003365, 0.0007083122, -0.0028731113
  -31.003365, 0.0009478708, -0.0028731113
  -31.003365, 0.0009693952, -0.0028731113
  -30.99691, 0.0013695896, -0.0028743467
  -30.99691, 0.000667655, -0.0028743467
  -30.99691, 0.0011184716, -0.0028743467
  -30.99691, 0.0008115496, -0.0028743467
  -30.99691, 0.0009538498, -0.0028743467
  -30.99691, 0.0006373614, -0.0028743467
  -30.99691, 0.0005735854, -0.0028743467
  -30.99691, 0.0009211646, -0.0028743467
  -30.990455, 0.0006369628, -0.002875582
  -30.990455, 0.0008864864, -0.002875582
  -30.990455, 0.0009056192, -0.002875582
  -30.990455, 0.0007975986, -0.002875582
  -30.984, 0.0008187244, -0.0028768173
  -30.984, 0.0007983958, -0.0028768173
  -30.984, 0.0007740812, -0.0028768173
  -30.984, 0.000958633, -0.0028768173
  -30.984, 0.0010933598, -0.0028768173
  -30.984, 0.0005915224, -0.0028768173
  -30.984, 0.0009123954, -0.0028768173
  -30.984, 0.0009335212, -0.0028768173
  -30.984, 0.0004548026, -0.0028768173
  -30.977545, 0.0011850378, -0.0028780527
  -30.977545, 0.0004552012, -0.0028780527
  -30.977545, 0.000864962, -0.0028780527
  -30.977545, 0.0008063678, -0.0028780527
  -30.977545, 0.0006708438, -0.0028780527
  -30.977545, 0.0007063192, -0.0028780527
  -30.97109, 0.0004496208, -0.002879288
  -30.97109, 0.0006066692, -0.002879288
  -30.97109, 0.0005711938, -0.002879288
  -30.964635, 0.0006533054, -0.0028805233
  -30.964635, 0.0007940112, -0.0028805233
  -30.95818, 0.0013189674, -0.0028817587
  -30.95818, 0.0007876336, -0.0028817587
  -30.95818, 0.000990521, -0.0028817587
  -30.95818, 0.0007948084, -0.0028817587
  -30.951725, 0.0011348142, -0.002882994
  -30.951725, 0.0009737798, -0.002882994
  -30.951725, 0.0009363114, -0.002882994
  -30.951725, 0.0011252478, -0.002882994
  -30.94527, 0.0008394516, -0.0028842293
  -30.94527, 0.0011212618, -0.0028842293
  -30.94527, 0.0005432918, -0.0028842293
  -30.94527, 0.0007968014, -0.0028842293
  -30.938815, 0.0010718354, -0.0028854647
  -30.938815, 0.0003918238, -0.0028854647
  -30.938815, 0.0006285922, -0.0028854647
  -30.938815, 0.0008545984, -0.0028854647
  -30.925905, 0.0007708924, -0.0028879353
  -30.925905, 0.001171884, -0.0028879353
  -30.91945, 0.000659683, -0.0028891707
  -30.91945, 0.0008637662, -0.0028891707
  -30.91945, 0.0003272506, -0.0028891707
  -30.912995, 0.000773284, -0.002890406
  -30.912995, 0.0009578358, -0.002890406
  -30.912995, 0.0012464222, -0.002890406
  -30.912995, 0.000589928, -0.002890406
  -30.912995, 0.0003236632, -0.002890406
  -30.90654, 0.00091678, -0.0028916413
  -30.900085, 0.0011663036, -0.0028928767
  -30.89363, 0.0010060664, -0.002894112
  -30.89363, 0.0008422418, -0.002894112
  -30.89363, 0.00067762, -0.002894112
  -30.887175, 0.0007071164, -0.0028953473
  -30.887175, 0.0009590316, -0.0028953473
  -30.88072, 0.0008115496, -0.0028965827
  -30.88072, 0.000821116, -0.0028965827
  -30.874265, 0.0009642134, -0.002897818
  -30.874265, 0.0012133384, -0.002897818
  -30.874265, 0.000571991, -0.002897818
  -30.874265, 0.0007617246, -0.002897818
  -30.874265, 0.000568005, -0.002897818
  -30.86781, 0.0007960042, -0.0028990533
  -30.86781, 0.0010168286, -0.0028990533
  -30.86781, 0.0010554928, -0.0028990533
  -30.86781, 0.00047832, -0.0028990533
  -30.861355, 0.0006022846, -0.0029002887
  -30.861355, 0.001010451, -0.0029002887
  -30.861355, 0.0008705424, -0.0029002887
  -30.861355, 0.0007589344, -0.0029002887
  -30.861355, 0.0011686952, -0.0029002887
  -30.861355, 0.000560033, -0.0029002887
  -30.861355, 0.0012300796, -0.0029002887
  -30.861355, 0.0007796616, -0.0029002887
  -30.861355, 0.0007776686, -0.0029002887
  -30.861355, 0.0009550456, -0.0029002887
  -30.861355, 0.00067762, -0.0029002887
  -30.8549, 0.000761326, -0.002901524
  -30.8549, 0.0007346198, -0.002901524
  -30.8549, 0.0005564456, -0.002901524
  -30.8549, 0.0008015846, -0.002901524
  -30.8549, 0.000745382, -0.002901524
  -30.8549, 0.0007118996, -0.002901524
  -30.848445, 0.0012763172, -0.0029027593
  -30.848445, 0.0009976958, -0.0029027593
  -30.848445, 0.0009809546, -0.0029027593
  -30.848445, 0.0006983472, -0.0029027593
  -30.848445, 0.0006453334, -0.0029027593
  -30.848445, 0.0009371086, -0.0029027593
  -30.848445, 0.0010873808, -0.0029027593
  -30.848445, 0.0008924654, -0.0029027593
  -30.84199, 0.0006465292, -0.0029039947
  -30.84199, 0.001058283, -0.0029039947
  -30.84199, 0.0012759186, -0.0029039947
  -30.84199, 0.0004209216, -0.0029039947
  -30.84199, 0.000767305, -0.0029039947
  -30.84199, 0.0005289422, -0.0029039947
  -30.84199, 0.0010937584, -0.0029039947
  -30.84199, 0.0002188314, -0.0029039947
  -30.84199, 0.0007784658, -0.0029039947
  -30.84199, 0.0010558914, -0.0029039947
  -30.84199, 0.0007764728, -0.0029039947
  -30.84199, 0.00113601, -0.0029039947
  -30.84199, 0.0004767256, -0.0029039947
  -30.835535, 0.0005273478, -0.00290523
  -30.835535, 0.0007776686, -0.00290523
  -30.835535, 0.0013624148, -0.00290523
  -30.835535, 0.0006728368, -0.00290523
  -30.835535, 0.0008892766, -0.00290523
  -30.835535, 0.0007820532, -0.00290523
  -30.835535, 0.000821116, -0.00290523
  -30.835535, 0.0006130468, -0.00290523
  -30.835535, 0.0006042776, -0.00290523
  -30.835535, 0.0008836962, -0.00290523
  -30.835535, 0.0005795644, -0.00290523
  -30.835535, 0.0006588858, -0.00290523
  -30.835535, 0.0011112968, -0.00290523
  -30.835535, 0.0005823546, -0.00290523
  -30.82908, 0.0006808088, -0.0029064653
  -30.82908, 0.0004269006, -0.0029064653
  -30.82908, 0.0008147384, -0.0029064653
  -30.82908, 0.0005405016, -0.0029064653
  -30.82908, 0.0013121912, -0.0029064653
  -30.82908, 0.0008426404, -0.0029064653
  -30.82908, 0.0008522068, -0.0029064653
  -30.82908, 0.0002519152, -0.0029064653
  -30.822625, -5.30138e-05, -0.0029077007
  -30.822625, 0.0012025762, -0.0029077007
  -30.822625, 0.0010000874, -0.0029077007
  -30.822625, 0.0009271436, -0.0029077007
  -30.822625, 0.000665662, -0.0029077007
  -30.822625, 0.0006620746, -0.0029077007
  -30.822625, 0.001064262, -0.0029077007
  -30.822625, 0.0003718938, -0.0029077007
  -30.822625, 0.000506222, -0.0029077007
  -30.822625, 0.0010180244, -0.0029077007
  -30.81617, 0.000970591, -0.002908936
  -30.81617, 0.0006624732, -0.002908936
  -30.81617, 0.0006301866, -0.002908936
  -30.81617, 0.0011467722, -0.002908936
  -30.81617, 0.0008203188, -0.002908936
  -30.81617, 0.0010758214, -0.002908936
  -30.81617, 0.0010487166, -0.002908936
  -30.81617, 0.0007888294, -0.002908936
  -30.81617, 0.0009769686, -0.002908936
  -30.81617, 0.000813144, -0.002908936
  -30.81617, 0.0004181314, -0.002908936
  -30.81617, 0.0006373614, -0.002908936
  -30.809715, 0.0011328212, -0.0029101713
  -30.809715, 0.0008561928, -0.0029101713
  -30.809715, 0.0009594302, -0.0029101713
  -30.809715, 0.0012998346, -0.0029101713
  -30.809715, 0.0006744312, -0.0029101713
  -30.809715, 0.0010371572, -0.0029101713
  -30.809715, 0.000665662, -0.0029101713
  -30.809715, 0.0004372642, -0.0029101713
  -30.809715, 0.0011890238, -0.0029101713
  -30.809715, 0.0011148842, -0.0029101713
  -30.80326, 0.0012073594, -0.0029114067
  -30.80326, 0.0014154286, -0.0029114067
  -30.80326, 0.000803179, -0.0029114067
  -30.80326, 0.0005979, -0.0029114067
  -30.80326, 0.0008805074, -0.0029114067
  -30.80326, 0.0006907738, -0.0029114067
  -30.80326, 0.00105629, -0.0029114067
  -30.80326, 0.0012579816, -0.0029114067
  -30.80326, 0.000986535, -0.0029114067
  -30.80326, 0.0010630662, -0.0029114067
  -30.80326, 0.0003974042, -0.0029114067
  -30.80326, 0.0007728854, -0.0029114067
  -30.80326, 0.0007685008, -0.0029114067
  -30.80326, 0.0005903266, -0.0029114067
  -30.80326, 0.0010666536, -0.0029114067
  -30.796805, 0.000831081, -0.002912642
  -30.796805, 0.0009777658, -0.002912642
  -30.796805, 0.0007716896, -0.002912642
  -30.796805, 0.0006353684, -0.002912642
  -30.796805, 0.0010180244, -0.002912642
  -30.796805, 0.000793214, -0.002912642
  -30.796805, 0.0002566984, -0.002912642
  -30.796805, 0.0004938654, -0.002912642
  -30.796805, 0.0009913182, -0.002912642
  -30.796805, 0.0008438362, -0.002912642
  -30.796805, 0.0010148356, -0.002912642
  -30.796805, 0.0008518082, -0.002912642
  -30.796805, 0.000761326, -0.002912642
  -30.79035, 0.000575977, -0.0029138773
  -30.79035, 0.000651711, -0.0029138773
  -30.79035, 0.000468355, -0.0029138773
  -30.79035, 0.0010088566, -0.0029138773
  -30.79035, 0.0008761228, -0.0029138773
  -30.79035, 0.0015210576, -0.0029138773
  -30.79035, 0.0009115982, -0.0029138773
  -30.79035, 0.0008055706, -0.0029138773
  -30.79035, 0.0004846976, -0.0029138773
  -30.79035, 0.0008219132, -0.0029138773
  -30.79035, 0.0010849892, -0.0029138773
  -30.79035, 0.000713494, -0.0029138773
  -30.79035, 0.0009398988, -0.0029138773
  -30.79035, 0.000823109, -0.0029138773
  -30.79035, 0.0008936612, -0.0029138773
  -30.783895, 0.0012260936, -0.0029151127
  -30.783895, 0.000542096, -0.0029151127
  -30.783895, 0.001048318, -0.0029151127
  -30.783895, 0.0014991346, -0.0029151127
  -30.783895, 0.0008187244, -0.0029151127
  -30.783895, 0.0011511568, -0.0029151127
  -30.783895, 0.0008538012, -0.0029151127
  -30.783895, 0.0007537526, -0.0029151127
  -30.783895, 0.0002686564, -0.0029151127
  -30.783895, 0.0008996402, -0.0029151127
  -30.783895, 0.0004480264, -0.0029151127
  -30.783895, 0.0011710868, -0.0029151127
  -30.783895, 0.0009012346, -0.0029151127
  -30.783895, 0.0007043262, -0.0029151127
  -30.77744, 0.0008278922, -0.002916348
  -30.77744, 0.000813144, -0.002916348
  -30.77744, 0.0010172272, -0.002916348
  -30.77744, 0.001028388, -0.002916348
  -30.77744, 0.0010897724, -0.002916348
  -30.77744, 0.0007011374, -0.002916348
  -30.77744, 0.0012480166, -0.002916348
  -30.77744, 0.0007390044, -0.002916348
  -30.77744, 0.0007250534, -0.002916348
  -30.77744, 0.0010766186, -0.002916348
  -30.77744, 0.0012870794, -0.002916348
  -30.77744, 0.000894857, -0.002916348
  -30.770985, 0.0006991444, -0.0029175833
  -30.770985, 0.0003898308, -0.0029175833
  -30.770985, 0.0008597802, -0.0029175833
  -30.770985, 0.0009901224, -0.0029175833
  -30.770985, 0.0009060178, -0.0029175833
  -30.770985, 0.0010905696, -0.0029175833
  -30.770985, 0.0006859906, -0.0029175833
  -30.770985, 0.0013022262, -0.0029175833
  -30.770985, 0.0011503596, -0.0029175833
  -30.770985, 0.0012619676, -0.0029175833
  -30.76453, 0.000904822, -0.0029188187
  -30.76453, 0.0006102566, -0.0029188187
  -30.76453, 0.0007924168, -0.0029188187
  -30.76453, 0.000609858, -0.0029188187
  -30.76453, 0.0008239062, -0.0029188187
  -30.76453, 0.0011108982, -0.0029188187
  -30.76453, 0.0011886252, -0.0029188187
  -30.76453, 0.0008737312, -0.0029188187
  -30.76453, 0.0010933598, -0.0029188187
  -30.76453, 0.0010016818, -0.0029188187
  -30.76453, 0.0002881878, -0.0029188187
  -30.76453, 0.0006269978, -0.0029188187
  -30.76453, 0.0004611802, -0.0029188187
  -30.76453, 0.0007489694, -0.0029188187
  -30.76453, 0.0008653606, -0.0029188187
  -30.76453, 0.0006887808, -0.0029188187
  -30.76453, 0.0003216702, -0.0029188187
  -30.758075, 0.0010012832, -0.002920054
  -30.758075, 0.0011336184, -0.002920054
  -30.758075, 0.0006644662, -0.002920054
  -30.758075, 0.0010778144, -0.002920054
  -30.758075, 0.0005273478, -0.002920054
  -30.758075, 0.0008940598, -0.002920054
  -30.758075, 0.0004950612, -0.002920054
  -30.75162, 0.000510208, -0.0029212893
  -30.75162, 0.0010092552, -0.0029212893
  -30.75162, 0.0007964028, -0.0029212893
  -30.75162, 0.0012986388, -0.0029212893
  -30.75162, 0.0005345226, -0.0029212893
  -30.75162, 0.0008526054, -0.0029212893
  -30.75162, 0.0008282908, -0.0029212893
  -30.75162, 0.001161919, -0.0029212893
  -30.75162, 0.0012464222, -0.0029212893
  -30.75162, 0.001054297, -0.0029212893
  -30.75162, 0.0010666536, -0.0029212893
  -30.75162, 0.0009199688, -0.0029212893
  -30.745165, 0.0008294866, -0.0029225247
  -30.745165, 0.0005357184, -0.0029225247
  -30.745165, 0.000978563, -0.0029225247
  -30.745165, 0.0004990472, -0.0029225247
  -30.745165, 0.0006812074, -0.0029225247
  -30.745165, 0.000550068, -0.0029225247
  -30.745165, 0.0008003888, -0.0029225247
  -30.745165, 0.0009024304, -0.0029225247
  -30.73871, 0.0011316254, -0.00292376
  -30.73871, 0.0003750826, -0.00292376
  -30.73871, 0.0009179758, -0.00292376
  -30.73871, 0.0004153412, -0.00292376
  -30.73871, 0.001227688, -0.00292376
  -30.73871, 0.000661676, -0.00292376
  -30.73871, 0.0008605774, -0.00292376
  -30.73871, 0.0005237604, -0.00292376
  -30.73871, 0.001311394, -0.00292376
  -30.73871, 0.0007330254, -0.00292376
  -30.732255, 0.000729438, -0.0029249953
  -30.732255, 0.0010610732, -0.0029249953
  -30.732255, 0.0007489694, -0.0029249953
  -30.732255, 0.0007605288, -0.0029249953
  -30.732255, 0.0006728368, -0.0029249953
  -30.732255, 0.0012344642, -0.0029249953
  -30.732255, 0.0007581372, -0.0029249953
  -30.732255, 0.000705522, -0.0029249953
  -30.732255, 0.0008322768, -0.0029249953
  -30.732255, 0.0008047734, -0.0029249953
  -30.732255, 0.0012862822, -0.0029249953
  -30.732255, 0.0009674022, -0.0029249953
  -30.732255, 0.0006684522, -0.0029249953
  -30.7258, 0.0007302352, -0.0029262307
  -30.7258, 0.001000486, -0.0029262307
  -30.7258, 0.000763319, -0.0029262307
  -30.7258, 0.0007126968, -0.0029262307
  -30.7258, 0.000679613, -0.0029262307
  -30.7258, 0.0005173828, -0.0029262307
  -30.7258, 0.0007178786, -0.0029262307
  -30.7258, 0.000655697, -0.0029262307
  -30.7258, 0.0007908224, -0.0029262307
  -30.7258, 0.0007999902, -0.0029262307
  -30.7258, 0.0008936612, -0.0029262307
  -30.719345, 0.001010451, -0.002927466
  -30.719345, 0.0007202702, -0.002927466
  -30.719345, 0.0007238576, -0.002927466
  -30.719345, 0.0007529554, -0.002927466
  -30.719345, 0.0010606746, -0.002927466
  -30.719345, 0.0009602274, -0.002927466
  -30.719345, 0.0009311296, -0.002927466
  -30.719345, 0.0007370114, -0.002927466
  -30.719345, 0.0008055706, -0.002927466
  -30.719345, 0.0008494166, -0.002927466
  -30.719345, 0.0006106552, -0.002927466
  -30.719345, 0.0012081566, -0.002927466
  -30.71289, 0.0007736826, -0.0029287013
  -30.71289, 0.0009131926, -0.0029287013
  -30.71289, 0.0009980944, -0.0029287013
  -30.71289, 0.000681606, -0.0029287013
  -30.71289, 0.0011196674, -0.0029287013
  -30.71289, 0.0009430876, -0.0029287013
  -30.71289, 0.0007924168, -0.0029287013
  -30.71289, 0.0005536554, -0.0029287013
  -30.71289, 0.0007920182, -0.0029287013
  -30.706435, 0.0007310324, -0.0029299367
  -30.706435, 0.0006273964, -0.0029299367
  -30.706435, 0.00077727, -0.0029299367
  -30.706435, 0.0009654092, -0.0029299367
  -30.706435, 0.001034367, -0.0029299367
  -30.706435, 0.000908808, -0.0029299367
  -30.706435, 0.0007808574, -0.0029299367
  -30.706435, 0.0009897238, -0.0029299367
  -30.706435, 0.000725452, -0.0029299367
  -30.706435, 0.0009693952, -0.0029299367
  -30.706435, 0.0010957514, -0.0029299367
  -30.706435, 0.000699543, -0.0029299367
  -30.69998, 0.0009179758, -0.002931172
  -30.69998, 0.0007497666, -0.002931172
  -30.69998, 0.000779263, -0.002931172
  -30.69998, 0.0005883336, -0.002931172
  -30.69998, 0.0008462278, -0.002931172
  -30.69998, 0.000747375, -0.002931172
  -30.69998, 0.0007728854, -0.002931172
  -30.69998, 0.0011782616, -0.002931172
  -30.69998, 0.0004559984, -0.002931172
  -30.69998, 0.000767305, -0.002931172
  -30.69998, 0.0005205716, -0.002931172
  -30.69998, 0.0007916196, -0.002931172
  -30.69998, 0.0009123954, -0.002931172
  -30.69998, 0.0004388586, -0.002931172
  -30.69998, 0.0011152828, -0.002931172
  -30.69998, 0.0009315282, -0.002931172
  -30.69998, 0.0011487652, -0.002931172
  -30.69998, 0.0007517596, -0.002931172
  -30.69998, 0.000866955, -0.002931172
  -30.69998, 0.0003962084, -0.002931172
  -30.693525, 0.0010439334, -0.0029324073
  -30.693525, 0.0006341726, -0.0029324073
  -30.693525, 0.0005225646, -0.0029324073
  -30.693525, 0.0007888294, -0.0029324073
  -30.693525, 0.0006983472, -0.0029324073
  -30.693525, 0.000701536, -0.0029324073
  -30.693525, 0.0013038206, -0.0029324073
  -30.693525, 0.0007258506, -0.0029324073
  -30.693525, 0.0008944584, -0.0029324073
  -30.693525, 0.00111608, -0.0029324073
  -30.68707, 0.0011595274, -0.0029336427
  -30.68707, 0.000998493, -0.0029336427
  -30.68707, 0.0008900738, -0.0029336427
  -30.68707, 0.0010554928, -0.0029336427
  -30.68707, 0.0010012832, -0.0029336427
  -30.68707, 0.0010248006, -0.0029336427
  -30.68707, 0.0008725354, -0.0029336427
  -30.68707, 0.0003639218, -0.0029336427
  -30.68707, 0.0007186758, -0.0029336427
  -30.68707, 0.001281499, -0.0029336427
  -30.680615, 0.0009239548, -0.002934878
  -30.680615, 0.0009104024, -0.002934878
  -30.680615, 0.0013863308, -0.002934878
  -30.680615, 0.0011308282, -0.002934878
  -30.67416, 0.0004109566, -0.0029361133
  -30.67416, 0.0007956056, -0.0029361133
  -30.67416, 0.0015393932, -0.0029361133
  -30.67416, 0.0009104024, -0.0029361133
  -30.67416, 0.0006951584, -0.0029361133
  -30.67416, 0.0007405988, -0.0029361133
  -30.67416, 0.0007505638, -0.0029361133
  -30.667705, 0.0009650106, -0.0029373487
  -30.667705, 0.0009163814, -0.0029373487
  -30.667705, 0.0010008846, -0.0029373487
  -30.667705, 0.0010558914, -0.0029373487
  -30.667705, 0.0004727396, -0.0029373487
  -30.66125, 0.0007740812, -0.002938584
  -30.66125, 0.0007860392, -0.002938584
  -30.66125, 0.0006453334, -0.002938584
  -30.66125, 0.0008545984, -0.002938584
  -30.654795, 0.0004253062, -0.0029398193
  -30.654795, 0.0009319268, -0.0029398193
  -30.654795, 0.0006030818, -0.0029398193
  -30.654795, 0.000723459, -0.0029398193
  -30.654795, 0.0009215632, -0.0029398193
  -30.654795, 0.0006959556, -0.0029398193
  -30.654795, 0.0004508166, -0.0029398193
  -30.64834, 0.0010271922, -0.0029410547
  -30.64834, 0.0012225062, -0.0029410547
  -30.64834, 0.0008825004, -0.0029410547
  -30.64834, 0.0008557942, -0.0029410547
  -30.64834, 0.0015342114, -0.0029410547
  -30.64834, 0.0007688994, -0.0029410547
  -30.64834, 0.0006720396, -0.0029410547
  -30.64834, 0.0006234104, -0.0029410547
  -30.64834, 0.0005604316, -0.0029410547
  -30.641885, 0.0010511082, -0.00294229
  -30.641885, 0.0013628134, -0.00294229
  -30.641885, 0.0007677036, -0.00294229
  -30.641885, 0.0010798074, -0.00294229
  -30.641885, 0.0007968014, -0.00294229
  -30.641885, 0.0009733812, -0.00294229
  -30.641885, 0.00077727, -0.00294229
  -30.63543, 0.0010646606, -0.0029435253
  -30.63543, 0.0009809546, -0.0029435253
  -30.63543, 0.0010136398, -0.0029435253
  -30.63543, 0.0009076122, -0.0029435253
  -30.628975, 0.0006999416, -0.0029447607
  -30.628975, 0.000665662, -0.0029447607
  -30.62252, 0.0011551428, -0.002945996
  -30.62252, 0.0003894322, -0.002945996
  -30.62252, 0.0011766672, -0.002945996
  -30.616065, 0.0007677036, -0.0029472313
  -30.616065, 0.0006425432, -0.0029472313
  -30.616065, 0.0002742368, -0.0029472313
  -30.60961, 0.0009789616, -0.0029484667
  -30.60961, 0.0005114038, -0.0029484667
  -30.60961, 0.001058283, -0.0029484667
  -30.603155, 0.0008944584, -0.002949702
  -30.603155, 0.0010614718, -0.002949702
  -30.603155, 0.0009929126, -0.002949702
  -30.5967, 0.0011025276, -0.0029509373
  -30.5967, 0.0005584386, -0.0029509373
  -30.5967, 0.0011089052, -0.0029509373
  -30.590245, 0.0011706882, -0.0029521727
  -30.590245, 0.0009709896, -0.0029521727
  -30.58379, 0.0009458778, -0.002953408
  -30.577335, 0.0002080692, -0.0029546433
  -30.564425, 0.0011866322, -0.002957114
  -30.55797, 0.0005357184, -0.0029583493
  -30.55797, 0.0011667022, -0.0029583493
  -30.551515, 0.00035874, -0.0029595846
  -30.551515, 0.0005723896, -0.0029595846
  -30.551515, 0.0006660606, -0.0029595846
  -30.54506, 0.0013006318, -0.00296082
  -30.54506, 0.0009056192, -0.00296082
  -30.538605, 0.0011316254, -0.0029620553
  -30.538605, 0.000581956, -0.0029620553
  -30.53215, 0.000446432, -0.0029632906
  -30.53215, 0.001159926, -0.0029632906
  -30.525695, 0.0010100524, -0.002964526
  -30.51924, 0.0005492708, -0.0029657613
  -30.512785, 0.0008581858, -0.0029669966
  -30.50633, 0.0009618218, -0.002968232
  -30.499875, 0.0011152828, -0.0029694673
  -30.499875, 0.0006764242, -0.0029694673
  -30.486965, 0.00129545, -0.002971938
  -29.802735, 0.0007916196, -0.0031028833
  -28.434275, 0.0012687438, -0.0033647739
  -27.104545, 0.0014341628, -0.0036192525
  -25.79418, 0.0019399862, -0.0038700251
  -18.91315, 0.0038652242, -0.0051868899
  -0.37439, 0.008555949, -0.0015934919
  -0.367935, 0.0091355134, -0.0015666897
  -0.367935, 0.0094918618, -0.0015666897
  -0.367935, 0.010303411, -0.0015666897
  -0.367935, 0.0080361746, -0.0015666897
  -0.36148, 0.007318296, -0.0015398532
  -0.36148, 0.0089190736, -0.0015398532
  -0.36148, 0.0087879342, -0.0015398532
  -0.36148, 0.008484201, -0.0015398532
  -0.36148, 0.00900836, -0.0015398532
  -0.36148, 0.0093364078, -0.0015398532
  -0.36148, 0.0085702986, -0.0015398532
  -0.36148, 0.0092220096, -0.0015398532
  -0.36148, 0.0085834524, -0.0015398532
  -0.355025, 0.0096636584, -0.0015129828
  -0.355025, 0.009510596, -0.0015129828
  -0.355025, 0.0084778234, -0.0015129828
  -0.355025, 0.00866955, -0.0015129828
  -0.355025, 0.0077025464, -0.0015129828
  -0.355025, 0.00970591, -0.0015129828
  -0.355025, 0.0091490658, -0.0015129828
  -0.355025, 0.0097385952, -0.0015129828
  -0.355025, 0.009871329, -0.0015129828
  -0.355025, 0.00860976, -0.0015129828
  -0.355025, 0.010107699, -0.0015129828
  -0.355025, 0.0082581948, -0.0015129828
  -0.355025, 0.0089294372, -0.0015129828
  -0.355025, 0.010014028, -0.0015129828
  -0.355025, 0.0090844926, -0.0015129828
  -0.355025, 0.010082587, -0.0015129828
  -0.355025, 0.0090386536, -0.0015129828
  -0.34857, 0.010732305, -0.001486079
  -0.34857, 0.0089358148, -0.001486079
  -0.34857, 0.010242027, -0.001486079
  -0.34857, 0.0096078544, -0.001486079
  -0.34857, 0.0087185778, -0.001486079
  -0.34857, 0.0083124044, -0.001486079
  -0.34857, 0.0084000964, -0.001486079
  -0.34857, 0.010180244, -0.001486079
  -0.34857, 0.0097720776, -0.001486079
  -0.34857, 0.0093240512, -0.001486079
  -0.34857, 0.0095301274, -0.001486079
  -0.34857, 0.0094137362, -0.001486079
  -0.34857, 0.0095416868, -0.001486079
  -0.34857, 0.009947063, -0.001486079
  -0.34857, 0.0090653598, -0.001486079
  -0.34857, 0.010169083, -0.001486079
  -0.34857, 0.0090091572, -0.001486079
  -0.34857, 0.009978951, -0.001486079
  -0.34857, 0.0096732248, -0.001486079
  -0.34857, 0.0088234096, -0.001486079
  -0.34857, 0.0090832968, -0.001486079
  -0.34857, 0.0097242456, -0.001486079
  -0.34857, 0.0088971506, -0.001486079
  -0.34857, 0.009500631, -0.001486079
  -0.34857, 0.010071426, -0.001486079
  -0.34857, 0.010038342, -0.001486079
  -0.34857, 0.009094059, -0.001486079
  -0.34857, 0.01006744, -0.001486079
  -0.34857, 0.0084531102, -0.001486079
  -0.34857, 0.0095309246, -0.001486079
  -0.34857, 0.0074550158, -0.001486079
  -0.34857, 0.0082705514, -0.001486079
  -0.34857, 0.0097366022, -0.001486079
  -0.34857, 0.0087835496, -0.001486079
  -0.34857, 0.0096054628, -0.001486079
  -0.34857, 0.0091207652, -0.001486079
  -0.342115, 0.010101321, -0.0014591425
  -0.342115, 0.0090892758, -0.0014591425
  -0.342115, 0.0088812066, -0.0014591425
  -0.342115, 0.008516089, -0.0014591425
  -0.342115, 0.0081063282, -0.0014591425
  -0.342115, 0.010031168, -0.0014591425
  -0.342115, 0.0099992796, -0.0014591425
  -0.342115, 0.0093136876, -0.0014591425
  -0.342115, 0.0087875356, -0.0014591425
  -0.342115, 0.0089513602, -0.0014591425
  -0.342115, 0.010375558, -0.0014591425
  -0.342115, 0.0103066, -0.0014591425
  -0.342115, 0.0093938062, -0.0014591425
  -0.342115, 0.0097071058, -0.0014591425
  -0.342115, 0.010469229, -0.0014591425
  -0.342115, 0.010566886, -0.0014591425
  -0.342115, 0.0089031296, -0.0014591425
  -0.342115, 0.0099143778, -0.0014591425
  -0.342115, 0.0085288442, -0.0014591425
  -0.342115, 0.009797588, -0.0014591425
  -0.342115, 0.009265457, -0.0014591425
  -0.342115, 0.0082502228, -0.0014591425
  -0.342115, 0.0094464214, -0.0014591425
  -0.342115, 0.0099295246, -0.0014591425
  -0.342115, 0.0091267442, -0.0014591425
  -0.342115, 0.009809546, -0.0014591425
  -0.342115, 0.010652585, -0.0014591425
  -0.342115, 0.0087249554, -0.0014591425
  -0.342115, 0.00825102, -0.0014591425
  -0.342115, 0.0090892758, -0.0014591425
  -0.342115, 0.0088162348, -0.0014591425
  -0.342115, 0.0089210666, -0.0014591425
  -0.342115, 0.010899717, -0.0014591425
  -0.342115, 0.010576851, -0.0014591425
  -0.342115, 0.0098326648, -0.0014591425
  -0.342115, 0.0095157778, -0.0014591425
  -0.342115, 0.0094456242, -0.0014591425
  -0.342115, 0.009584337, -0.0014591425
  -0.342115, 0.00932724, -0.0014591425
  -0.342115, 0.010696032, -0.0014591425
  -0.342115, 0.0089975978, -0.0014591425
  -0.342115, 0.0092220096, -0.0014591425
  -0.342115, 0.0099123848, -0.0014591425
  -0.342115, 0.01052862, -0.0014591425
  -0.342115, 0.010085776, -0.0014591425
  -0.342115, 0.0091606252, -0.0014591425
  -0.342115, 0.0095420854, -0.0014591425
  -0.342115, 0.0095181694, -0.0014591425
  -0.342115, 0.010403061, -0.0014591425
  -0.342115, 0.010405453, -0.0014591425
  -0.342115, 0.010548949, -0.0014591425
  -0.342115, 0.009711889, -0.0014591425
  -0.342115, 0.010100524, -0.0014591425
  -0.342115, 0.0097106932, -0.0014591425
  -0.342115, 0.0098745178, -0.0014591425
  -0.342115, 0.0096493088, -0.0014591425
  -0.342115, 0.01075662, -0.0014591425
  -0.342115, 0.010835542, -0.0014591425
  -0.342115, 0.0086444382, -0.0014591425
  -0.342115, 0.010350048, -0.0014591425
  -0.342115, 0.010170279, -0.0014591425
  -0.33566, 0.0099382938, -0.0014321738
  -0.33566, 0.0097720776, -0.0014321738
  -0.33566, 0.0093547434, -0.0014321738
  -0.33566, 0.0086842982, -0.0014321738
  -0.33566, 0.0096285816, -0.0014321738
  -0.33566, 0.009476715, -0.0014321738
  -0.33566, 0.0096389452, -0.0014321738
  -0.33566, 0.010327327, -0.0014321738
  -0.33566, 0.0099677902, -0.0014321738
  -0.33566, 0.010220104, -0.0014321738
  -0.33566, 0.0085045296, -0.0014321738
  -0.33566, 0.009414932, -0.0014321738
  -0.33566, 0.0089968006, -0.0014321738
  -0.33566, 0.009568393, -0.0014321738
  -0.33566, 0.0099518462, -0.0014321738
  -0.33566, 0.010247607, -0.0014321738
  -0.33566, 0.0091215624, -0.0014321738
  -0.33566, 0.010154734, -0.0014321738
  -0.33566, 0.010242027, -0.0014321738
  -0.33566, 0.0097230498, -0.0014321738
  -0.33566, 0.0085547532, -0.0014321738
  -0.33566, 0.0094870786, -0.0014321738
  -0.33566, 0.0096293788, -0.0014321738
  -0.33566, 0.010461656, -0.0014321738
  -0.33566, 0.011214611, -0.0014321738
  -0.33566, 0.0087269484, -0.0014321738
  -0.33566, 0.0098003782, -0.0014321738
  -0.33566, 0.00930731, -0.0014321738
  -0.33566, 0.0095855328, -0.0014321738
  -0.33566, 0.0093140862, -0.0014321738
  -0.33566, 0.009428883, -0.0014321738
  -0.33566, 0.011174751, -0.0014321738
  -0.33566, 0.010625879, -0.0014321738
  -0.33566, 0.010476802, -0.0014321738
  -0.33566, 0.0093934076, -0.0014321738
  -0.33566, 0.0090266956, -0.0014321738
  -0.33566, 0.0096357564, -0.0014321738
  -0.33566, 0.0093384008, -0.0014321738
  -0.33566, 0.0095632112, -0.0014321738
  -0.33566, 0.0091785622, -0.0014321738
  -0.33566, 0.010319754, -0.0014321738
  -0.33566, 0.0099713776, -0.0014321738
  -0.33566, 0.0093455756, -0.0014321738
  -0.33566, 0.010582431, -0.0014321738
  -0.33566, 0.0090765206, -0.0014321738
  -0.33566, 0.010314174, -0.0014321738
  -0.33566, 0.010104111, -0.0014321738
  -0.33566, 0.010088965, -0.0014321738
  -0.33566, 0.0096811968, -0.0014321738
  -0.33566, 0.0098103432, -0.0014321738
  -0.33566, 0.010878193, -0.0014321738
  -0.33566, 0.010159915, -0.0014321738
  -0.33566, 0.010497928, -0.0014321738
  -0.33566, 0.0092778136, -0.0014321738
  -0.33566, 0.008892766, -0.0014321738
  -0.33566, 0.0097449728, -0.0014321738
  -0.33566, 0.011177143, -0.0014321738
  -0.33566, 0.010731906, -0.0014321738
  -0.33566, 0.010199377, -0.0014321738
  -0.33566, 0.0097788538, -0.0014321738
  -0.33566, 0.010191405, -0.0014321738
  -0.33566, 0.010105706, -0.0014321738
  -0.33566, 0.010133608, -0.0014321738
  -0.33566, 0.010106104, -0.0014321738
  -0.33566, 0.009923147, -0.0014321738
  -0.33566, 0.0090992408, -0.0014321738
  -0.33566, 0.0098466158, -0.0014321738
  -0.33566, 0.010969871, -0.0014321738
  -0.33566, 0.011589295, -0.0014321738
  -0.33566, 0.0099343078, -0.0014321738
  -0.33566, 0.009395002, -0.0014321738
  -0.33566, 0.010151943, -0.0014321738
  -0.33566, 0.010481187, -0.0014321738
  -0.33566, 0.0088461298, -0.0014321738
  -0.33566, 0.010963094, -0.0014321738
  -0.33566, 0.0089828496, -0.0014321738
  -0.33566, 0.0093878272, -0.0014321738
  -0.33566, 0.010080993, -0.0014321738
  -0.33566, 0.01022688, -0.0014321738
  -0.33566, 0.010262356, -0.0014321738
  -0.33566, 0.010169482, -0.0014321738
  -0.33566, 0.010886563, -0.0014321738
  -0.33566, 0.01018981, -0.0014321738
  -0.33566, 0.0091028282, -0.0014321738
  -0.33566, 0.010554529, -0.0014321738
  -0.33566, 0.010173468, -0.0014321738
  -0.33566, 0.010272321, -0.0014321738
  -0.33566, 0.010336894, -0.0014321738
  -0.33566, 0.0094185194, -0.0014321738
  -0.33566, 0.010387117, -0.0014321738
  -0.33566, 0.011289149, -0.0014321738
  -0.33566, 0.0097569308, -0.0014321738
  -0.33566, 0.010424586, -0.0014321738
  -0.33566, 0.010192999, -0.0014321738
  -0.33566, 0.010773759, -0.0014321738
  -0.33566, 0.01012165, -0.0014321738
  -0.33566, 0.0090964506, -0.0014321738
  -0.33566, 0.010579243, -0.0014321738
  -0.33566, 0.0092323732, -0.0014321738
  -0.33566, 0.0093360092, -0.0014321738
  -0.33566, 0.010357222, -0.0014321738
  -0.33566, 0.0096676444, -0.0014321738
  -0.33566, 0.009277415, -0.0014321738
  -0.33566, 0.0093607224, -0.0014321738
  -0.33566, 0.010103713, -0.0014321738
  -0.33566, 0.009470736, -0.0014321738
  -0.33566, 0.011448191, -0.0014321738
  -0.33566, 0.009751749, -0.0014321738
  -0.33566, 0.010122846, -0.0014321738
  -0.33566, 0.0095309246, -0.0014321738
  -0.33566, 0.0092184222, -0.0014321738
  -0.33566, 0.0088871856, -0.0014321738
  -0.33566, 0.0099956922, -0.0014321738
  -0.33566, 0.0097629098, -0.0014321738
  -0.33566, 0.0104489, -0.0014321738
  -0.33566, 0.010433355, -0.0014321738
  -0.33566, 0.010403061, -0.0014321738
  -0.33566, 0.010892542, -0.0014321738
  -0.33566, 0.0085089142, -0.0014321738
  -0.33566, 0.010661753, -0.0014321738
  -0.33566, 0.010038741, -0.0014321738
  -0.33566, 0.010139985, -0.0014321738
  -0.33566, 0.010260761, -0.0014321738
  -0.33566, 0.010027979, -0.0014321738
  -0.33566, 0.010316964, -0.0014321738
  -0.329205, 0.010142377, -0.0014051734
  -0.329205, 0.0093415896, -0.0014051734
  -0.329205, 0.009472729, -0.0014051734
  -0.329205, 0.0096138334, -0.0014051734
  -0.329205, 0.011087458, -0.0014051734
  -0.329205, 0.010773361, -0.0014051734
  -0.329205, 0.010883374, -0.0014051734
  -0.329205, 0.010087769, -0.0014051734
  -0.329205, 0.0087588364, -0.0014051734
  -0.329205, 0.009540491, -0.0014051734
  -0.329205, 0.009163814, -0.0014051734
  -0.329205, 0.0087735846, -0.0014051734
  -0.329205, 0.0097708818, -0.0014051734
  -0.329205, 0.01022409, -0.0014051734
  -0.329205, 0.010080195, -0.0014051734
  -0.329205, 0.0096875744, -0.0014051734
  -0.329205, 0.010709585, -0.0014051734
  -0.329205, 0.010211733, -0.0014051734
  -0.329205, 0.011011325, -0.0014051734
  -0.329205, 0.011135688, -0.0014051734
  -0.329205, 0.010772962, -0.0014051734
  -0.329205, 0.0097031198, -0.0014051734
  -0.329205, 0.010472816, -0.0014051734
  -0.329205, 0.0098506018, -0.0014051734
  -0.329205, 0.010949542, -0.0014051734
  -0.329205, 0.010493942, -0.0014051734
  -0.329205, 0.0079947202, -0.0014051734
  -0.329205, 0.010332908, -0.0014051734
  -0.329205, 0.009941084, -0.0014051734
  -0.329205, 0.0098490074, -0.0014051734
  -0.329205, 0.0098326648, -0.0014051734
  -0.329205, 0.0093300302, -0.0014051734
  -0.329205, 0.010851885, -0.0014051734
  -0.329205, 0.0087847454, -0.0014051734
  -0.329205, 0.010285076, -0.0014051734
  -0.329205, 0.0099881188, -0.0014051734
  -0.329205, 0.010244817, -0.0014051734
  -0.329205, 0.010489159, -0.0014051734
  -0.329205, 0.01099578, -0.0014051734
  -0.329205, 0.010901311, -0.0014051734
  -0.329205, 0.011064339, -0.0014051734
  -0.329205, 0.010788109, -0.0014051734
  -0.329205, 0.01089613, -0.0014051734
  -0.329205, 0.0099135806, -0.0014051734
  -0.329205, 0.0095392952, -0.0014051734
  -0.329205, 0.010322146, -0.0014051734
  -0.329205, 0.009422904, -0.0014051734
  -0.329205, 0.009761714, -0.0014051734
  -0.329205, 0.0090685486, -0.0014051734
  -0.329205, 0.010086573, -0.0014051734
  -0.329205, 0.0092491144, -0.0014051734
  -0.329205, 0.009243534, -0.0014051734
  -0.329205, 0.010030769, -0.0014051734
  -0.329205, 0.0097967908, -0.0014051734
  -0.329205, 0.0089557448, -0.0014051734
  -0.329205, 0.01056011, -0.0014051734
  -0.329205, 0.010572466, -0.0014051734
  -0.329205, 0.0096704346, -0.0014051734
  -0.329205, 0.010105307, -0.0014051734
  -0.329205, 0.0092431354, -0.0014051734
  -0.329205, 0.010932004, -0.0014051734
  -0.329205, 0.0093009324, -0.0014051734
  -0.329205, 0.010119657, -0.0014051734
  -0.329205, 0.010960304, -0.0014051734
  -0.329205, 0.010291852, -0.0014051734
  -0.329205, 0.0097792524, -0.0014051734
  -0.329205, 0.010180244, -0.0014051734
  -0.329205, 0.010088566, -0.0014051734
  -0.329205, 0.0087767734, -0.0014051734
  -0.329205, 0.0097162736, -0.0014051734
  -0.329205, 0.010077804, -0.0014051734
  -0.329205, 0.0078631822, -0.0014051734
  -0.329205, 0.0104489, -0.0014051734
  -0.329205, 0.010392698, -0.0014051734
  -0.329205, 0.010051098, -0.0014051734
  -0.329205, 0.010312579, -0.0014051734
  -0.329205, 0.0094372536, -0.0014051734
  -0.329205, 0.0086344732, -0.0014051734
  -0.329205, 0.0094691416, -0.0014051734
  -0.329205, 0.00908808, -0.0014051734
  -0.329205, 0.0094655542, -0.0014051734
  -0.329205, 0.0094739248, -0.0014051734
  -0.329205, 0.010303411, -0.0014051734
  -0.329205, 0.010166692, -0.0014051734
  -0.329205, 0.010248006, -0.0014051734
  -0.329205, 0.010350048, -0.0014051734
  -0.329205, 0.011051185, -0.0014051734
  -0.329205, 0.010134405, -0.0014051734
  -0.329205, 0.0090430382, -0.0014051734
  -0.329205, 0.010004461, -0.0014051734
  -0.329205, 0.009707903, -0.0014051734
  -0.329205, 0.0093320232, -0.0014051734
  -0.329205, 0.010219705, -0.0014051734
  -0.329205, 0.0096150292, -0.0014051734
  -0.329205, 0.009470736, -0.0014051734
  -0.329205, 0.011149241, -0.0014051734
  -0.329205, 0.010751836, -0.0014051734
  -0.329205, 0.010673711, -0.0014051734
  -0.329205, 0.01033809, -0.0014051734
  -0.329205, 0.0099534406, -0.0014051734
  -0.329205, 0.0097493574, -0.0014051734
  -0.329205, 0.010296635, -0.0014051734
  -0.329205, 0.009590316, -0.0014051734
  -0.329205, 0.010596382, -0.0014051734
  -0.329205, 0.0097788538, -0.0014051734
  -0.329205, 0.009552449, -0.0014051734
  -0.329205, 0.01117515, -0.0014051734
  -0.329205, 0.010576054, -0.0014051734
  -0.329205, 0.010195391, -0.0014051734
  -0.329205, 0.0078946716, -0.0014051734
  -0.329205, 0.0088062698, -0.0014051734
  -0.329205, 0.0099665944, -0.0014051734
  -0.329205, 0.0081270554, -0.0014051734
  -0.329205, 0.0093886244, -0.0014051734
  -0.329205, 0.010010042, -0.0014051734
  -0.329205, 0.010065049, -0.0014051734
  -0.329205, 0.0099414826, -0.0014051734
  -0.329205, 0.0099080002, -0.0014051734
  -0.329205, 0.010658564, -0.0014051734
  -0.329205, 0.0096174208, -0.0014051734
  -0.329205, 0.010226482, -0.0014051734
  -0.329205, 0.010367985, -0.0014051734
  -0.329205, 0.0095508546, -0.0014051734
  -0.329205, 0.010424984, -0.0014051734
  -0.329205, 0.0093224568, -0.0014051734
  -0.329205, 0.010646606, -0.0014051734
  -0.329205, 0.010223293, -0.0014051734
  -0.329205, 0.010385922, -0.0014051734
  -0.329205, 0.01044053, -0.0014051734
  -0.329205, 0.010536991, -0.0014051734
  -0.329205, 0.010236048, -0.0014051734
  -0.329205, 0.010691249, -0.0014051734
  -0.329205, 0.01041781, -0.0014051734
  -0.329205, 0.0085356204, -0.0014051734
  -0.329205, 0.0099048114, -0.0014051734
  -0.329205, 0.011129311, -0.0014051734
  -0.329205, 0.010740277, -0.0014051734
  -0.329205, 0.0091905202, -0.0014051734
  -0.329205, 0.010470026, -0.0014051734
  -0.329205, 0.0094679458, -0.0014051734
  -0.329205, 0.0089310316, -0.0014051734
  -0.329205, 0.010614319, -0.0014051734
  -0.329205, 0.010155531, -0.0014051734
  -0.329205, 0.0083729916, -0.0014051734
  -0.329205, 0.00962619, -0.0014051734
  -0.329205, 0.009189723, -0.0014051734
  -0.329205, 0.010614718, -0.0014051734
  -0.329205, 0.010258768, -0.0014051734
  -0.329205, 0.010517061, -0.0014051734
  -0.329205, 0.010152342, -0.0014051734
  -0.329205, 0.0094221068, -0.0014051734
  -0.329205, 0.0096624626, -0.0014051734
  -0.329205, 0.01095871, -0.0014051734
  -0.329205, 0.010232461, -0.0014051734
  -0.329205, 0.0082562018, -0.0014051734
  -0.329205, 0.010303411, -0.0014051734
  -0.329205, 0.0088178292, -0.0014051734
  -0.329205, 0.010359614, -0.0014051734
  -0.329205, 0.011276394, -0.0014051734
  -0.329205, 0.010550942, -0.0014051734
  -0.329205, 0.0094256942, -0.0014051734
  -0.329205, 0.0098147278, -0.0014051734
  -0.329205, 0.009311296, -0.0014051734
  -0.329205, 0.011020094, -0.0014051734
  -0.329205, 0.010550942, -0.0014051734
  -0.329205, 0.010587215, -0.0014051734
  -0.329205, 0.0098601682, -0.0014051734
  -0.329205, 0.010248405, -0.0014051734
  -0.329205, 0.010771368, -0.0014051734
  -0.329205, 0.0094599738, -0.0014051734
  -0.329205, 0.010479194, -0.0014051734
  -0.329205, 0.0093025268, -0.0014051734
  -0.329205, 0.010269132, -0.0014051734
  -0.329205, 0.0091546462, -0.0014051734
  -0.329205, 0.009713882, -0.0014051734
  -0.329205, 0.0092263942, -0.0014051734
  -0.329205, 0.010863843, -0.0014051734
  -0.329205, 0.009215632, -0.0014051734
  -0.329205, 0.0096249942, -0.0014051734
  -0.329205, 0.010595984, -0.0014051734
  -0.329205, 0.010338488, -0.0014051734
  -0.329205, 0.010687263, -0.0014051734
  -0.329205, 0.0094878758, -0.0014051734
  -0.329205, 0.0098446228, -0.0014051734
  -0.329205, 0.0093160792, -0.0014051734
  -0.329205, 0.010380341, -0.0014051734
  -0.329205, 0.0088700458, -0.0014051734
  -0.329205, 0.010375159, -0.0014051734
  -0.32275, 0.0095038198, -0.001378142
  -0.32275, 0.0099793496, -0.001378142
  -0.32275, 0.010059468, -0.001378142
  -0.32275, 0.010981829, -0.001378142
  -0.32275, 0.010310188, -0.001378142
  -0.32275, 0.011153625, -0.001378142
  -0.32275, 0.011007339, -0.001378142
  -0.32275, 0.009970979, -0.001378142
  -0.32275, 0.010133608, -0.001378142
  -0.32275, 0.011234142, -0.001378142
  -0.32275, 0.009604267, -0.001378142
  -0.32275, 0.010675305, -0.001378142
  -0.32275, 0.0090179264, -0.001378142
  -0.32275, 0.010200573, -0.001378142
  -0.32275, 0.0096146306, -0.001378142
  -0.32275, 0.010791696, -0.001378142
  -0.32275, 0.010339684, -0.001378142
  -0.32275, 0.0098601682, -0.001378142
  -0.32275, 0.0099275316, -0.001378142
  -0.32275, 0.009823497, -0.001378142
  -0.32275, 0.011281576, -0.001378142
  -0.32275, 0.010672116, -0.001378142
  -0.32275, 0.010037545, -0.001378142
  -0.32275, 0.010621096, -0.001378142
  -0.32275, 0.010911276, -0.001378142
  -0.32275, 0.010282684, -0.001378142
  -0.32275, 0.010799668, -0.001378142
  -0.32275, 0.0098597696, -0.001378142
  -0.32275, 0.010363201, -0.001378142
  -0.32275, 0.0097302246, -0.001378142
  -0.32275, 0.0099877202, -0.001378142
  -0.32275, 0.010313775, -0.001378142
  -0.32275, 0.010168286, -0.001378142
  -0.32275, 0.010167887, -0.001378142
  -0.32275, 0.0098617626, -0.001378142
  -0.32275, 0.010838731, -0.001378142
  -0.32275, 0.010216118, -0.001378142
  -0.32275, 0.010330516, -0.001378142
  -0.32275, 0.010539383, -0.001378142
  -0.32275, 0.009996888, -0.001378142
  -0.32275, 0.009221611, -0.001378142
  -0.32275, 0.011185912, -0.001378142
  -0.32275, 0.011607631, -0.001378142
  -0.32275, 0.011536281, -0.001378142
  -0.32275, 0.010210139, -0.001378142
  -0.32275, 0.010559313, -0.001378142
  -0.32275, 0.0095954978, -0.001378142
  -0.32275, 0.010567683, -0.001378142
  -0.32275, 0.010546956, -0.001378142
  -0.32275, 0.009921154, -0.001378142
  -0.32275, 0.010074216, -0.001378142
  -0.32275, 0.010473215, -0.001378142
  -0.32275, 0.009054199, -0.001378142
  -0.32275, 0.010411033, -0.001378142
  -0.32275, 0.010696431, -0.001378142
  -0.32275, 0.010427775, -0.001378142
  -0.32275, 0.010805249, -0.001378142
  -0.32275, 0.011451379, -0.001378142
  -0.32275, 0.010226083, -0.001378142
  -0.32275, 0.0088166334, -0.001378142
  -0.32275, 0.010120055, -0.001378142
  -0.32275, 0.01097864, -0.001378142
  -0.32275, 0.010481984, -0.001378142
  -0.32275, 0.0099598182, -0.001378142
  -0.32275, 0.010306999, -0.001378142
  -0.32275, 0.010731906, -0.001378142
  -0.32275, 0.010150349, -0.001378142
  -0.32275, 0.010670123, -0.001378142
  -0.32275, 0.010474012, -0.001378142
  -0.32275, 0.0096417354, -0.001378142
  -0.32275, 0.0095811482, -0.001378142
  -0.32275, 0.010541376, -0.001378142
  -0.32275, 0.0098119376, -0.001378142
  -0.32275, 0.00994507, -0.001378142
  -0.32275, 0.010053888, -0.001378142
  -0.32275, 0.010469628, -0.001378142
  -0.32275, 0.0097051128, -0.001378142
  -0.32275, 0.010667732, -0.001378142
  -0.32275, 0.010774158, -0.001378142
  -0.32275, 0.0109045, -0.001378142
  -0.32275, 0.010727522, -0.001378142
  -0.32275, 0.01006186, -0.001378142
  -0.32275, 0.009681994, -0.001378142
  -0.32275, 0.0098916576, -0.001378142
  -0.32275, 0.0098968394, -0.001378142
  -0.32275, 0.008227104, -0.001378142
  -0.32275, 0.010490753, -0.001378142
  -0.32275, 0.01006465, -0.001378142
  -0.32275, 0.010726725, -0.001378142
  -0.32275, 0.011743952, -0.001378142
  -0.32275, 0.010655375, -0.001378142
  -0.32275, 0.011406736, -0.001378142
  -0.32275, 0.010203761, -0.001378142
  -0.32275, 0.011297918, -0.001378142
  -0.32275, 0.010953528, -0.001378142
  -0.32275, 0.011814105, -0.001378142
  -0.32275, 0.0092263942, -0.001378142
  -0.32275, 0.010589208, -0.001378142
  -0.32275, 0.009717868, -0.001378142
  -0.32275, 0.0090637654, -0.001378142
  -0.32275, 0.010674109, -0.001378142
  -0.32275, 0.01076499, -0.001378142
  -0.32275, 0.010165097, -0.001378142
  -0.32275, 0.010024391, -0.001378142
  -0.32275, 0.010295041, -0.001378142
  -0.32275, 0.01000765, -0.001378142
  -0.32275, 0.01048039, -0.001378142
  -0.32275, 0.010500718, -0.001378142
  -0.32275, 0.010985017, -0.001378142
  -0.32275, 0.010419404, -0.001378142
  -0.32275, 0.0099219512, -0.001378142
  -0.32275, 0.010829962, -0.001378142
  -0.32275, 0.0087221652, -0.001378142
  -0.32275, 0.0099175666, -0.001378142
  -0.32275, 0.009616225, -0.001378142
  -0.32275, 0.010799668, -0.001378142
  -0.32275, 0.010726725, -0.001378142
  -0.32275, 0.010217314, -0.001378142
  -0.32275, 0.009393009, -0.001378142
  -0.32275, 0.010751836, -0.001378142
  -0.32275, 0.0104489, -0.001378142
  -0.32275, 0.010090958, -0.001378142
  -0.32275, 0.01052025, -0.001378142
  -0.32275, 0.010496732, -0.001378142
  -0.32275, 0.010359215, -0.001378142
  -0.32275, 0.0084666626, -0.001378142
  -0.32275, 0.010771766, -0.001378142
  -0.32275, 0.0095440784, -0.001378142
  -0.32275, 0.0092511074, -0.001378142
  -0.32275, 0.010546956, -0.001378142
  -0.32275, 0.010326929, -0.001378142
  -0.32275, 0.0093467714, -0.001378142
  -0.32275, 0.010974255, -0.001378142
  -0.32275, 0.010052692, -0.001378142
  -0.32275, 0.010044321, -0.001378142
  -0.32275, 0.010818801, -0.001378142
  -0.32275, 0.010427376, -0.001378142
  -0.32275, 0.0099873216, -0.001378142
  -0.32275, 0.0091646112, -0.001378142
  -0.32275, 0.010814417, -0.001378142
  -0.32275, 0.0096704346, -0.001378142
  -0.32275, 0.009652099, -0.001378142
  -0.32275, 0.0098777066, -0.001378142
  -0.32275, 0.010379943, -0.001378142
  -0.32275, 0.010435348, -0.001378142
  -0.32275, 0.0099921048, -0.001378142
  -0.32275, 0.0098262872, -0.001378142
  -0.32275, 0.011519141, -0.001378142
  -0.32275, 0.0099925034, -0.001378142
  -0.32275, 0.010105706, -0.001378142
  -0.32275, 0.010705997, -0.001378142
  -0.32275, 0.011706483, -0.001378142
  -0.32275, 0.010855074, -0.001378142
  -0.32275, 0.010312579, -0.001378142
  -0.32275, 0.010226482, -0.001378142
  -0.32275, 0.010998171, -0.001378142
  -0.32275, 0.0098924548, -0.001378142
  -0.32275, 0.0089808566, -0.001378142
  -0.32275, 0.010670921, -0.001378142
  -0.32275, 0.009963007, -0.001378142
  -0.32275, 0.010808039, -0.001378142
  -0.32275, 0.011118947, -0.001378142
  -0.32275, 0.009584337, -0.001378142
  -0.32275, 0.009757728, -0.001378142
  -0.32275, 0.0093842398, -0.001378142
  -0.32275, 0.009271436, -0.001378142
  -0.32275, 0.0094117432, -0.001378142
  -0.32275, 0.0099287274, -0.001378142
  -0.32275, 0.0087767734, -0.001378142
  -0.32275, 0.010858263, -0.001378142
  -0.32275, 0.011346149, -0.001378142
  -0.32275, 0.0090713388, -0.001378142
  -0.32275, 0.01141431, -0.001378142
  -0.32275, 0.0082733416, -0.001378142
  -0.32275, 0.0097521476, -0.001378142
  -0.32275, 0.010381936, -0.001378142
  -0.32275, 0.011674197, -0.001378142
  -0.32275, 0.010133608, -0.001378142
  -0.32275, 0.0095396938, -0.001378142
  -0.32275, 0.010306999, -0.001378142
  -0.32275, 0.010359215, -0.001378142
  -0.32275, 0.010005657, -0.001378142
  -0.32275, 0.01026953, -0.001378142
  -0.32275, 0.0099219512, -0.001378142
  -0.32275, 0.010562103, -0.001378142
  -0.32275, 0.010454481, -0.001378142
  -0.32275, 0.0099048114, -0.001378142
  -0.32275, 0.01103564, -0.001378142
  -0.32275, 0.010576054, -0.001378142
  -0.32275, 0.010753829, -0.001378142
  -0.32275, 0.010810829, -0.001378142
  -0.32275, 0.010342474, -0.001378142
  -0.32275, 0.011000563, -0.001378142
  -0.32275, 0.011220989, -0.001378142
  -0.32275, 0.010055881, -0.001378142
  -0.32275, 0.010937584, -0.001378142
  -0.32275, 0.010674508, -0.001378142
  -0.32275, 0.0102783, -0.001378142
  -0.32275, 0.0090219124, -0.001378142
  -0.32275, 0.010341677, -0.001378142
  -0.32275, 0.009456785, -0.001378142
  -0.32275, 0.010205754, -0.001378142
  -0.32275, 0.0094611696, -0.001378142
  -0.32275, 0.01004193, -0.001378142
  -0.32275, 0.00982549, -0.001378142
  -0.32275, 0.0098968394, -0.001378142
  -0.32275, 0.0097322176, -0.001378142
  -0.32275, 0.010117265, -0.001378142
  -0.32275, 0.0099179652, -0.001378142
  -0.32275, 0.01003914, -0.001378142
  -0.32275, 0.010811228, -0.001378142
  -0.32275, 0.0114741, -0.001378142
  -0.32275, 0.011529904, -0.001378142
  -0.32275, 0.010120454, -0.001378142
  -0.32275, 0.010753829, -0.001378142
  -0.32275, 0.01035802, -0.001378142
  -0.32275, 0.009959021, -0.001378142
  -0.32275, 0.010660557, -0.001378142
  -0.32275, 0.010237642, -0.001378142
  -0.32275, 0.010227677, -0.001378142
  -0.32275, 0.011404345, -0.001378142
  -0.32275, 0.0099785524, -0.001378142
  -0.32275, 0.009929126, -0.001378142
  -0.32275, 0.010814417, -0.001378142
  -0.32275, 0.010521047, -0.001378142
  -0.32275, 0.011391988, -0.001378142
  -0.32275, 0.010644214, -0.001378142
  -0.32275, 0.010228475, -0.001378142
  -0.32275, 0.010717158, -0.001378142
  -0.32275, 0.0099984824, -0.001378142
  -0.32275, 0.010198181, -0.001378142
  -0.32275, 0.010079, -0.001378142
  -0.32275, 0.0093499602, -0.001378142
  -0.32275, 0.010439733, -0.001378142
  -0.32275, 0.010436145, -0.001378142
  -0.32275, 0.0104489, -0.001378142
  -0.32275, 0.010244419, -0.001378142
  -0.32275, 0.010448103, -0.001378142
  -0.32275, 0.010464844, -0.001378142
  -0.32275, 0.0096855814, -0.001378142
  -0.32275, 0.01080206, -0.001378142
  -0.32275, 0.0089314302, -0.001378142
  -0.32275, 0.0099921048, -0.001378142
  -0.32275, 0.010362803, -0.001378142
  -0.32275, 0.0081677126, -0.001378142
  -0.32275, 0.009420911, -0.001378142
  -0.32275, 0.010985815, -0.001378142
  -0.32275, 0.009674022, -0.001378142
  -0.32275, 0.010143174, -0.001378142
  -0.32275, 0.011018101, -0.001378142
  -0.32275, 0.010814815, -0.001378142
  -0.32275, 0.0094990366, -0.001378142
  -0.32275, 0.010798074, -0.001378142
  -0.32275, 0.0099813426, -0.001378142
  -0.32275, 0.010203363, -0.001378142
  -0.32275, 0.010905696, -0.001378142
  -0.32275, 0.0086448368, -0.001378142
  -0.32275, 0.010279894, -0.001378142
  -0.32275, 0.010165097, -0.001378142
  -0.32275, 0.01058283, -0.001378142
  -0.32275, 0.010612725, -0.001378142
  -0.32275, 0.01129752, -0.001378142
  -0.32275, 0.011678183, -0.001378142
  -0.32275, 0.010878193, -0.001378142
  -0.32275, 0.010753032, -0.001378142
  -0.32275, 0.010476005, -0.001378142
  -0.32275, 0.0099618112, -0.001378142
  -0.32275, 0.0090876814, -0.001378142
  -0.32275, 0.0088485214, -0.001378142
  -0.32275, 0.01064541, -0.001378142
  -0.32275, 0.008826997, -0.001378142
  -0.32275, 0.01147968, -0.001378142
  -0.32275, 0.010114874, -0.001378142
  -0.32275, 0.0097075044, -0.001378142
  -0.32275, 0.011021689, -0.001378142
  -0.32275, 0.0099976852, -0.001378142
  -0.32275, 0.0099283288, -0.001378142
  -0.32275, 0.01135731, -0.001378142
  -0.32275, 0.0094695402, -0.001378142
  -0.32275, 0.010027979, -0.001378142
  -0.32275, 0.011077094, -0.001378142
  -0.32275, 0.01001044, -0.001378142
  -0.32275, 0.010445712, -0.001378142
  -0.32275, 0.010362404, -0.001378142
  -0.32275, 0.0097449728, -0.001378142
  -0.32275, 0.009478708, -0.001378142
  -0.32275, 0.010499921, -0.001378142
  -0.32275, 0.011375247, -0.001378142
  -0.32275, 0.010979437, -0.001378142
  -0.32275, 0.010478397, -0.001378142
  -0.32275, 0.009618218, -0.001378142
  -0.32275, 0.01149961, -0.001378142
  -0.32275, 0.01026674, -0.001378142
  -0.32275, 0.010405054, -0.001378142
  -0.32275, 0.0099175666, -0.001378142
  -0.32275, 0.0094312746, -0.001378142
  -0.32275, 0.0095990852, -0.001378142
  -0.32275, 0.0093603238, -0.001378142
  -0.32275, 0.010429768, -0.001378142
  -0.32275, 0.010289859, -0.001378142
  -0.32275, 0.010293845, -0.001378142
  -0.32275, 0.010410635, -0.001378142
  -0.32275, 0.010734298, -0.001378142
  -0.32275, 0.010372768, -0.001378142
  -0.32275, 0.011028465, -0.001378142
  -0.32275, 0.0094412396, -0.001378142
  -0.32275, 0.010554131, -0.001378142
  -0.32275, 0.010444117, -0.001378142
  -0.32275, 0.010421397, -0.001378142
  -0.32275, 0.0095333162, -0.001378142
  -0.32275, 0.010434949, -0.001378142
  -0.32275, 0.010746256, -0.001378142
  -0.32275, 0.011804938, -0.001378142
  -0.32275, 0.010068636, -0.001378142
  -0.32275, 0.010721144, -0.001378142
  -0.32275, 0.010312181, -0.001378142
  -0.32275, 0.0093858342, -0.001378142
  -0.32275, 0.010022797, -0.001378142
  -0.316295, 0.010232859, -0.00135108
  -0.316295, 0.0098219026, -0.00135108
  -0.316295, 0.010262356, -0.00135108
  -0.316295, 0.0099841328, -0.00135108
  -0.316295, 0.010452488, -0.00135108
  -0.316295, 0.0098617626, -0.00135108
  -0.316295, 0.009851399, -0.00135108
  -0.316295, 0.0094412396, -0.00135108
  -0.316295, 0.0092279886, -0.00135108
  -0.316295, 0.010134006, -0.00135108
  -0.316295, 0.010470823, -0.00135108
  -0.316295, 0.00992514, -0.00135108
  -0.316295, 0.010112881, -0.00135108
  -0.316295, 0.010197384, -0.00135108
  -0.316295, 0.010310985, -0.00135108
  -0.316295, 0.010434551, -0.00135108
  -0.316295, 0.010067839, -0.00135108
  -0.316295, 0.011433841, -0.00135108
  -0.316295, 0.010283481, -0.00135108
  -0.316295, 0.010955521, -0.00135108
  -0.316295, 0.010934794, -0.00135108
  -0.316295, 0.0095313232, -0.00135108
  -0.316295, 0.010689655, -0.00135108
  -0.316295, 0.01051746, -0.00135108
  -0.316295, 0.011638721, -0.00135108
  -0.316295, 0.011250086, -0.00135108
  -0.316295, 0.011236933, -0.00135108
  -0.316295, 0.010812822, -0.00135108
  -0.316295, 0.0098928534, -0.00135108
  -0.316295, 0.0098816926, -0.00135108
  -0.316295, 0.0088202208, -0.00135108
  -0.316295, 0.010215321, -0.00135108
  -0.316295, 0.010501914, -0.00135108
  -0.316295, 0.010694438, -0.00135108
  -0.316295, 0.011235338, -0.00135108
  -0.316295, 0.010424586, -0.00135108
  -0.316295, 0.011220989, -0.00135108
  -0.316295, 0.010942367, -0.00135108
  -0.316295, 0.011125723, -0.00135108
  -0.316295, 0.010524236, -0.00135108
  -0.316295, 0.010068237, -0.00135108
  -0.316295, 0.0098031684, -0.00135108
  -0.316295, 0.0099454686, -0.00135108
  -0.316295, 0.011197471, -0.00135108
  -0.316295, 0.010004461, -0.00135108
  -0.316295, 0.010436145, -0.00135108
  -0.316295, 0.010236048, -0.00135108
  -0.316295, 0.0097461686, -0.00135108
  -0.316295, 0.010688858, -0.00135108
  -0.316295, 0.010463649, -0.00135108
  -0.316295, 0.0093922118, -0.00135108
  -0.316295, 0.0095357078, -0.00135108
  -0.316295, 0.010641026, -0.00135108
  -0.316295, 0.010610333, -0.00135108
  -0.316295, 0.010948346, -0.00135108
  -0.316295, 0.011095031, -0.00135108
  -0.316295, 0.010097734, -0.00135108
  -0.316295, 0.010648998, -0.00135108
  -0.316295, 0.010891745, -0.00135108
  -0.316295, 0.0086643682, -0.00135108
  -0.316295, 0.010458467, -0.00135108
  -0.316295, 0.010438537, -0.00135108
  -0.316295, 0.011020094, -0.00135108
  -0.316295, 0.01034367, -0.00135108
  -0.316295, 0.010865039, -0.00135108
  -0.316295, 0.010410635, -0.00135108
  -0.316295, 0.0097872244, -0.00135108
  -0.316295, 0.0094775122, -0.00135108
  -0.316295, 0.010242824, -0.00135108
  -0.316295, 0.010937983, -0.00135108
  -0.316295, 0.009408953, -0.00135108
  -0.316295, 0.010451292, -0.00135108
  -0.316295, 0.0091482686, -0.00135108
  -0.316295, 0.010204957, -0.00135108
  -0.316295, 0.010922039, -0.00135108
  -0.316295, 0.010886962, -0.00135108
  -0.316295, 0.0090131432, -0.00135108
  -0.316295, 0.010015224, -0.00135108
  -0.316295, 0.010595585, -0.00135108
  -0.316295, 0.01054576, -0.00135108
  -0.316295, 0.01058004, -0.00135108
  -0.316295, 0.010420201, -0.00135108
  -0.316295, 0.010596781, -0.00135108
  -0.316295, 0.010086174, -0.00135108
  -0.316295, 0.0089138918, -0.00135108
  -0.316295, 0.010360013, -0.00135108
  -0.316295, 0.010979836, -0.00135108
  -0.316295, 0.01116359, -0.00135108
  -0.316295, 0.010304607, -0.00135108
  -0.316295, 0.0097509518, -0.00135108
  -0.316295, 0.010580438, -0.00135108
  -0.316295, 0.0099737692, -0.00135108
  -0.316295, 0.0093128904, -0.00135108
  -0.316295, 0.0085882356, -0.00135108
  -0.316295, 0.010012035, -0.00135108
  -0.316295, 0.010756221, -0.00135108
  -0.316295, 0.0096194138, -0.00135108
  -0.316295, 0.011453771, -0.00135108
  -0.316295, 0.010377152, -0.00135108
  -0.316295, 0.01014716, -0.00135108
  -0.316295, 0.010399474, -0.00135108
  -0.316295, 0.010486767, -0.00135108
  -0.316295, 0.0099255386, -0.00135108
  -0.316295, 0.011603645, -0.00135108
  -0.316295, 0.010126034, -0.00135108
  -0.316295, 0.0099279302, -0.00135108
  -0.316295, 0.01014158, -0.00135108
  -0.316295, 0.010975052, -0.00135108
  -0.316295, 0.011001759, -0.00135108
  -0.316295, 0.010359215, -0.00135108
  -0.316295, 0.010807242, -0.00135108
  -0.316295, 0.01044332, -0.00135108
  -0.316295, 0.010236447, -0.00135108
  -0.316295, 0.010399075, -0.00135108
  -0.316295, 0.0094440298, -0.00135108
  -0.316295, 0.010613921, -0.00135108
  -0.316295, 0.011006542, -0.00135108
  -0.316295, 0.0091590308, -0.00135108
  -0.316295, 0.010591998, -0.00135108
  -0.316295, 0.011218996, -0.00135108
  -0.316295, 0.009849406, -0.00135108
  -0.316295, 0.011105793, -0.00135108
  -0.316295, 0.0099267344, -0.00135108
  -0.316295, 0.010922836, -0.00135108
  -0.316295, 0.010858661, -0.00135108
  -0.316295, 0.0098661472, -0.00135108
  -0.316295, 0.010262356, -0.00135108
  -0.316295, 0.010181838, -0.00135108
  -0.316295, 0.010763794, -0.00135108
  -0.316295, 0.010075412, -0.00135108
  -0.316295, 0.010219705, -0.00135108
  -0.316295, 0.011289548, -0.00135108
  -0.316295, 0.010369579, -0.00135108
  -0.316295, 0.010882577, -0.00135108
  -0.316295, 0.010623886, -0.00135108
  -0.316295, 0.010212929, -0.00135108
  -0.316295, 0.011163192, -0.00135108
  -0.316295, 0.010495935, -0.00135108
  -0.316295, 0.011532295, -0.00135108
  -0.316295, 0.0090466256, -0.00135108
  -0.316295, 0.010037147, -0.00135108
  -0.316295, 0.0098043642, -0.00135108
  -0.316295, 0.010885766, -0.00135108
  -0.316295, 0.010367187, -0.00135108
  -0.316295, 0.010547355, -0.00135108
  -0.316295, 0.010228076, -0.00135108
  -0.316295, 0.0099833356, -0.00135108
  -0.316295, 0.010057874, -0.00135108
  -0.316295, 0.010933199, -0.00135108
  -0.316295, 0.010023196, -0.00135108
  -0.316295, 0.010230866, -0.00135108
  -0.316295, 0.012140957, -0.00135108
  -0.316295, 0.0094093516, -0.00135108
  -0.316295, 0.0099020212, -0.00135108
  -0.316295, 0.010700018, -0.00135108
  -0.316295, 0.010890948, -0.00135108
  -0.316295, 0.010712375, -0.00135108
  -0.316295, 0.010183034, -0.00135108
  -0.316295, 0.010254782, -0.00135108
  -0.316295, 0.011055968, -0.00135108
  -0.316295, 0.010973458, -0.00135108
  -0.316295, 0.010911675, -0.00135108
  -0.316295, 0.010460061, -0.00135108
  -0.316295, 0.0097680916, -0.00135108
  -0.316295, 0.010479194, -0.00135108
  -0.316295, 0.010022797, -0.00135108
  -0.316295, 0.011138478, -0.00135108
  -0.316295, 0.0098163222, -0.00135108
  -0.316295, 0.010240433, -0.00135108
  -0.316295, 0.010427376, -0.00135108
  -0.316295, 0.010643417, -0.00135108
  -0.316295, 0.010082986, -0.00135108
  -0.316295, 0.0092311774, -0.00135108
  -0.316295, 0.010008846, -0.00135108
  -0.316295, 0.011014514, -0.00135108
  -0.316295, 0.011110576, -0.00135108
  -0.316295, 0.011691337, -0.00135108
  -0.316295, 0.0098250914, -0.00135108
  -0.316295, 0.010466439, -0.00135108
  -0.316295, 0.009355142, -0.00135108
  -0.316295, 0.011179534, -0.00135108
  -0.316295, 0.010018014, -0.00135108
  -0.316295, 0.007559449, -0.00135108
  -0.316295, 0.010372768, -0.00135108
  -0.316295, 0.010342474, -0.00135108
  -0.316295, 0.010932004, -0.00135108
  -0.316295, 0.010486369, -0.00135108
  -0.316295, 0.0098326648, -0.00135108
  -0.316295, 0.011007738, -0.00135108
  -0.316295, 0.010129223, -0.00135108
  -0.316295, 0.010117664, -0.00135108
  -0.316295, 0.0092208138, -0.00135108
  -0.316295, 0.010461257, -0.00135108
  -0.316295, 0.010487166, -0.00135108
  -0.316295, 0.0094599738, -0.00135108
  -0.316295, 0.011159206, -0.00135108
  -0.316295, 0.010513075, -0.00135108
  -0.316295, 0.010129622, -0.00135108
  -0.316295, 0.0099183638, -0.00135108
  -0.316295, 0.01016709, -0.00135108
  -0.316295, 0.0089772692, -0.00135108
  -0.316295, 0.0094213096, -0.00135108
  -0.316295, 0.010445313, -0.00135108
  -0.316295, 0.011057563, -0.00135108
  -0.316295, 0.011588896, -0.00135108
  -0.316295, 0.010319355, -0.00135108
  -0.316295, 0.0085392078, -0.00135108
  -0.316295, 0.0099028184, -0.00135108
  -0.316295, 0.010472019, -0.00135108
  -0.316295, 0.0099279302, -0.00135108
  -0.316295, 0.0092383522, -0.00135108
  -0.316295, 0.011236933, -0.00135108
  -0.316295, 0.010413824, -0.00135108
  -0.316295, 0.010271922, -0.00135108
  -0.316295, 0.010928416, -0.00135108
  -0.316295, 0.010257572, -0.00135108
  -0.316295, 0.010755025, -0.00135108
  -0.316295, 0.009355142, -0.00135108
  -0.316295, 0.00980556, -0.00135108
  -0.316295, 0.010669725, -0.00135108
  -0.316295, 0.010454879, -0.00135108
  -0.316295, 0.010855074, -0.00135108
  -0.316295, 0.01143703, -0.00135108
  -0.316295, 0.0117017, -0.00135108
  -0.316295, 0.0096592738, -0.00135108
  -0.316295, 0.0097808468, -0.00135108
  -0.316295, 0.0091104016, -0.00135108
  -0.316295, 0.010791298, -0.00135108
  -0.316295, 0.010348055, -0.00135108
  -0.316295, 0.011069919, -0.00135108
  -0.316295, 0.0098083502, -0.00135108
  -0.316295, 0.010533005, -0.00135108
  -0.316295, 0.011201059, -0.00135108
  -0.316295, 0.010778941, -0.00135108
  -0.316295, 0.011293534, -0.00135108
  -0.316295, 0.010809633, -0.00135108
  -0.316295, 0.010254782, -0.00135108
  -0.316295, 0.0090334718, -0.00135108
  -0.316295, 0.009400981, -0.00135108
  -0.316295, 0.010744263, -0.00135108
  -0.316295, 0.009974965, -0.00135108
  -0.316295, 0.010083783, -0.00135108
  -0.316295, 0.010726725, -0.00135108
  -0.316295, 0.0097473644, -0.00135108
  -0.316295, 0.01013879, -0.00135108
  -0.316295, 0.0093627154, -0.00135108
  -0.316295, 0.0093455756, -0.00135108
  -0.316295, 0.010360013, -0.00135108
  -0.316295, 0.010223691, -0.00135108
  -0.316295, 0.010330118, -0.00135108
  -0.316295, 0.010921241, -0.00135108
  -0.316295, 0.010668928, -0.00135108
  -0.316295, 0.0093104988, -0.00135108
  -0.316295, 0.010709186, -0.00135108
  -0.316295, 0.0093798552, -0.00135108
  -0.316295, 0.0089868356, -0.00135108
  -0.316295, 0.0095038198, -0.00135108
  -0.316295, 0.010863843, -0.00135108
  -0.316295, 0.011183122, -0.00135108
  -0.316295, 0.010466439, -0.00135108
  -0.316295, 0.010197782, -0.00135108
  -0.316295, 0.010170279, -0.00135108
  -0.316295, 0.0093360092, -0.00135108
  -0.316295, 0.010700018, -0.00135108
  -0.316295, 0.011116555, -0.00135108
  -0.316295, 0.010476802, -0.00135108
  -0.316295, 0.0094535962, -0.00135108
  -0.316295, 0.010066244, -0.00135108
  -0.316295, 0.011366079, -0.00135108
  -0.316295, 0.011208233, -0.00135108
  -0.316295, 0.010008049, -0.00135108
  -0.316295, 0.010994584, -0.00135108
  -0.316295, 0.010761403, -0.00135108
  -0.316295, 0.010537788, -0.00135108
  -0.316295, 0.0091406952, -0.00135108
  -0.316295, 0.00958633, -0.00135108
  -0.316295, 0.010893339, -0.00135108
  -0.316295, 0.0085782706, -0.00135108
  -0.316295, 0.010546956, -0.00135108
  -0.316295, 0.0104206, -0.00135108
  -0.316295, 0.010892144, -0.00135108
  -0.316295, 0.0092507088, -0.00135108
  -0.316295, 0.0096058614, -0.00135108
  -0.316295, 0.010964689, -0.00135108
  -0.316295, 0.010527425, -0.00135108
  -0.316295, 0.011594078, -0.00135108
  -0.316295, 0.010499124, -0.00135108
  -0.316295, 0.010039538, -0.00135108
  -0.316295, 0.010271922, -0.00135108
  -0.316295, 0.010230069, -0.00135108
  -0.316295, 0.0091992894, -0.00135108
  -0.316295, 0.010103314, -0.00135108
  -0.316295, 0.010969073, -0.00135108
  -0.316295, 0.01037795, -0.00135108
  -0.316295, 0.0098581752, -0.00135108
  -0.316295, 0.010182237, -0.00135108
  -0.316295, 0.0099155736, -0.00135108
  -0.316295, 0.010421397, -0.00135108
  -0.316295, 0.010051895, -0.00135108
  -0.316295, 0.011343757, -0.00135108
  -0.316295, 0.010638235, -0.00135108
  -0.316295, 0.010971465, -0.00135108
  -0.316295, 0.011219793, -0.00135108
  -0.316295, 0.010557718, -0.00135108
  -0.316295, 0.010473215, -0.00135108
  -0.316295, 0.010199775, -0.00135108
  -0.316295, 0.010589208, -0.00135108
  -0.316295, 0.010653382, -0.00135108
  -0.316295, 0.010055881, -0.00135108
  -0.316295, 0.010680487, -0.00135108
  -0.316295, 0.010230069, -0.00135108
  -0.316295, 0.010135202, -0.00135108
  -0.316295, 0.010620697, -0.00135108
  -0.316295, 0.011515554, -0.00135108
  -0.316295, 0.011104597, -0.00135108
  -0.316295, 0.010492348, -0.00135108
  -0.316295, 0.0098745178, -0.00135108
  -0.316295, 0.0096429312, -0.00135108
  -0.316295, 0.010857864, -0.00135108
  -0.316295, 0.010970668, -0.00135108
  -0.316295, 0.010306999, -0.00135108
  -0.316295, 0.010170678, -0.00135108
  -0.316295, 0.010589606, -0.00135108
  -0.316295, 0.0097565322, -0.00135108
  -0.316295, 0.0097294274, -0.00135108
  -0.316295, 0.01032374, -0.00135108
  -0.316295, 0.011051185, -0.00135108
  -0.316295, 0.0098689374, -0.00135108
  -0.316295, 0.011667819, -0.00135108
  -0.316295, 0.010351642, -0.00135108
  -0.316295, 0.010783724, -0.00135108
  -0.316295, 0.011120541, -0.00135108
  -0.316295, 0.01124052, -0.00135108
  -0.316295, 0.010175859, -0.00135108
  -0.316295, 0.011698511, -0.00135108
  -0.316295, 0.01012165, -0.00135108
  -0.316295, 0.010714767, -0.00135108
  -0.316295, 0.010167887, -0.00135108
  -0.316295, 0.010503509, -0.00135108
  -0.316295, 0.010340083, -0.00135108
  -0.316295, 0.010846703, -0.00135108
  -0.316295, 0.011321037, -0.00135108
  -0.316295, 0.008739305, -0.00135108
  -0.316295, 0.010196985, -0.00135108
  -0.316295, 0.010924032, -0.00135108
  -0.316295, 0.010277104, -0.00135108
  -0.316295, 0.01098422, -0.00135108
  -0.316295, 0.011159206, -0.00135108
  -0.316295, 0.0099721748, -0.00135108
  -0.316295, 0.010579243, -0.00135108
  -0.316295, 0.010713571, -0.00135108
  -0.316295, 0.0098250914, -0.00135108
  -0.316295, 0.010470026, -0.00135108
  -0.316295, 0.011272009, -0.00135108
  -0.316295, 0.010780934, -0.00135108
  -0.316295, 0.01063983, -0.00135108
  -0.316295, 0.011309478, -0.00135108
  -0.316295, 0.011249688, -0.00135108
  -0.316295, 0.011124527, -0.00135108
  -0.316295, 0.010962696, -0.00135108
  -0.316295, 0.010417411, -0.00135108
  -0.316295, 0.010334901, -0.00135108
  -0.316295, 0.011194681, -0.00135108
  -0.316295, 0.011226569, -0.00135108
  -0.316295, 0.010068237, -0.00135108
  -0.316295, 0.0095177708, -0.00135108
  -0.316295, 0.011297918, -0.00135108
  -0.316295, 0.010552536, -0.00135108
  -0.316295, 0.011859944, -0.00135108
  -0.316295, 0.011034045, -0.00135108
  -0.316295, 0.010859857, -0.00135108
  -0.316295, 0.010335299, -0.00135108
  -0.316295, 0.010169083, -0.00135108
  -0.316295, 0.011477288, -0.00135108
  -0.316295, 0.009937098, -0.00135108
  -0.316295, 0.010438935, -0.00135108
  -0.316295, 0.0088281928, -0.00135108
  -0.316295, 0.010029573, -0.00135108
  -0.316295, 0.010872214, -0.00135108
  -0.316295, 0.009440841, -0.00135108
  -0.316295, 0.010889353, -0.00135108
  -0.316295, 0.0096066586, -0.00135108
  -0.316295, 0.011169569, -0.00135108
  -0.316295, 0.011185912, -0.00135108
  -0.316295, 0.010107699, -0.00135108
  -0.316295, 0.011832441, -0.00135108
  -0.316295, 0.011708476, -0.00135108
  -0.316295, 0.0098796996, -0.00135108
  -0.316295, 0.010073818, -0.00135108
  -0.316295, 0.0095241484, -0.00135108
  -0.316295, 0.010415817, -0.00135108
  -0.316295, 0.010110888, -0.00135108
  -0.316295, 0.011387603, -0.00135108
  -0.316295, 0.011093038, -0.00135108
  -0.316295, 0.010075811, -0.00135108
  -0.316295, 0.01066813, -0.00135108
  -0.316295, 0.0095078058, -0.00135108
  -0.316295, 0.0099873216, -0.00135108
  -0.316295, 0.011150038, -0.00135108
  -0.316295, 0.010812822, -0.00135108
  -0.316295, 0.010977444, -0.00135108
  -0.316295, 0.011089849, -0.00135108
  -0.316295, 0.010369579, -0.00135108
  -0.316295, 0.01146533, -0.00135108
  -0.316295, 0.010690053, -0.00135108
  -0.316295, 0.0095791552, -0.00135108
  -0.316295, 0.01120624, -0.00135108
  -0.316295, 0.0085487742, -0.00135108
  -0.316295, 0.01058283, -0.00135108
  -0.316295, 0.010579243, -0.00135108
  -0.316295, 0.0096517004, -0.00135108
  -0.316295, 0.010952332, -0.00135108
  -0.316295, 0.010276307, -0.00135108
  -0.316295, 0.011177143, -0.00135108
  -0.316295, 0.010388313, -0.00135108
  -0.316295, 0.0097505532, -0.00135108
  -0.316295, 0.010813221, -0.00135108
  -0.316295, 0.011348939, -0.00135108
  -0.316295, 0.0097210568, -0.00135108
  -0.316295, 0.010717955, -0.00135108
  -0.316295, 0.010480788, -0.00135108
  -0.316295, 0.0086667598, -0.00135108
  -0.316295, 0.010108097, -0.00135108
  -0.316295, 0.010979038, -0.00135108
  -0.316295, 0.010952332, -0.00135108
  -0.316295, 0.0095269386, -0.00135108
  -0.316295, 0.010507495, -0.00135108
  -0.316295, 0.011122534, -0.00135108
  -0.316295, 0.010654179, -0.00135108
  -0.316295, 0.01036918, -0.00135108
  -0.316295, 0.010020405, -0.00135108
  -0.316295, 0.011137681, -0.00135108
  -0.316295, 0.011381226, -0.00135108
  -0.316295, 0.010169083, -0.00135108
  -0.316295, 0.0080700556, -0.00135108
  -0.316295, 0.010650193, -0.00135108
  -0.316295, 0.0093961978, -0.00135108
  -0.316295, 0.010760606, -0.00135108
  -0.316295, 0.0099933006, -0.00135108
  -0.316295, 0.010009245, -0.00135108
  -0.316295, 0.010108895, -0.00135108
  -0.316295, 0.009321261, -0.00135108
  -0.316295, 0.010540977, -0.00135108
  -0.316295, 0.010045119, -0.00135108
  -0.316295, 0.0103636, -0.00135108
  -0.316295, 0.0107052, -0.00135108
  -0.316295, 0.010147559, -0.00135108
  -0.316295, 0.0098701332, -0.00135108
  -0.316295, 0.010575655, -0.00135108
  -0.316295, 0.010737885, -0.00135108
  -0.316295, 0.010204957, -0.00135108
  -0.316295, 0.010616711, -0.00135108
  -0.316295, 0.0089541504, -0.00135108
  -0.316295, 0.011326618, -0.00135108
  -0.316295, 0.0094719318, -0.00135108
  -0.316295, 0.01012165, -0.00135108
  -0.30984, 0.010367985, -0.0013239881
  -0.30984, 0.011207436, -0.0013239881
  -0.30984, 0.010673312, -0.0013239881
  -0.30984, 0.009470736, -0.0013239881
  -0.30984, 0.01038074, -0.0013239881
  -0.30984, 0.009907203, -0.0013239881
  -0.30984, 0.0089338218, -0.0013239881
  -0.30984, 0.010554131, -0.0013239881
  -0.30984, 0.011353722, -0.0013239881
  -0.30984, 0.010258768, -0.0013239881
  -0.30984, 0.010235649, -0.0013239881
  -0.30984, 0.0093567364, -0.0013239881
  -0.30984, 0.010516264, -0.0013239881
  -0.30984, 0.010018014, -0.0013239881
  -0.30984, 0.010990598, -0.0013239881
  -0.30984, 0.010575257, -0.0013239881
  -0.30984, 0.010474809, -0.0013239881
  -0.30984, 0.011456561, -0.0013239881
  -0.30984, 0.0110755, -0.0013239881
  -0.30984, 0.010331313, -0.0013239881
  -0.30984, 0.0099323148, -0.0013239881
  -0.30984, 0.0093682958, -0.0013239881
  -0.30984, 0.011323827, -0.0013239881
  -0.30984, 0.01142547, -0.0013239881
  -0.30984, 0.011546645, -0.0013239881
  -0.30984, 0.010399474, -0.0013239881
  -0.30984, 0.0095261414, -0.0013239881
  -0.30984, 0.010951535, -0.0013239881
  -0.30984, 0.010477201, -0.0013239881
  -0.30984, 0.011178737, -0.0013239881
  -0.30984, 0.010802857, -0.0013239881
  -0.30984, 0.010285873, -0.0013239881
  -0.30984, 0.010321348, -0.0013239881
  -0.30984, 0.010603956, -0.0013239881
  -0.30984, 0.010175461, -0.0013239881
  -0.30984, 0.010073021, -0.0013239881
  -0.30984, 0.010989402, -0.0013239881
  -0.30984, 0.011139276, -0.0013239881
  -0.30984, 0.010201768, -0.0013239881
  -0.30984, 0.011042416, -0.0013239881
  -0.30984, 0.01006465, -0.0013239881
  -0.30984, 0.010205754, -0.0013239881
  -0.30984, 0.0094643584, -0.0013239881
  -0.30984, 0.010827172, -0.0013239881
  -0.30984, 0.011737176, -0.0013239881
  -0.30984, 0.011475295, -0.0013239881
  -0.30984, 0.010026384, -0.0013239881
  -0.30984, 0.011166779, -0.0013239881
  -0.30984, 0.0092012824, -0.0013239881
  -0.30984, 0.010967878, -0.0013239881
  -0.30984, 0.0095229526, -0.0013239881
  -0.30984, 0.010018412, -0.0013239881
  -0.30984, 0.010322544, -0.0013239881
  -0.30984, 0.010300621, -0.0013239881
  -0.30984, 0.010678494, -0.0013239881
  -0.30984, 0.010175859, -0.0013239881
  -0.30984, 0.011097024, -0.0013239881
  -0.30984, 0.0084650682, -0.0013239881
  -0.30984, 0.01046604, -0.0013239881
  -0.30984, 0.011627959, -0.0013239881
  -0.30984, 0.010630662, -0.0013239881
  -0.30984, 0.0098083502, -0.0013239881
  -0.30984, 0.0088182278, -0.0013239881
  -0.30984, 0.011067926, -0.0013239881
  -0.30984, 0.010424984, -0.0013239881
  -0.30984, 0.010909283, -0.0013239881
  -0.30984, 0.0095807496, -0.0013239881
  -0.30984, 0.010720746, -0.0013239881
  -0.30984, 0.0090836954, -0.0013239881
  -0.30984, 0.010798871, -0.0013239881
  -0.30984, 0.0098326648, -0.0013239881
  -0.30984, 0.0095847356, -0.0013239881
  -0.30984, 0.0097808468, -0.0013239881
  -0.30984, 0.010356425, -0.0013239881
  -0.30984, 0.010375159, -0.0013239881
  -0.30984, 0.010557718, -0.0013239881
  -0.30984, 0.010601166, -0.0013239881
  -0.30984, 0.010269132, -0.0013239881
  -0.30984, 0.011057961, -0.0013239881
  -0.30984, 0.01086464, -0.0013239881
  -0.30984, 0.010802459, -0.0013239881
  -0.30984, 0.011702497, -0.0013239881
  -0.30984, 0.010265544, -0.0013239881
  -0.30984, 0.010199775, -0.0013239881
  -0.30984, 0.011794574, -0.0013239881
  -0.30984, 0.01048876, -0.0013239881
  -0.30984, 0.010623089, -0.0013239881
  -0.30984, 0.011616798, -0.0013239881
  -0.30984, 0.0096357564, -0.0013239881
  -0.30984, 0.010979437, -0.0013239881
  -0.30984, 0.011313862, -0.0013239881
  -0.30984, 0.010656571, -0.0013239881
  -0.30984, 0.010109293, -0.0013239881
  -0.30984, 0.010931605, -0.0013239881
  -0.30984, 0.011160401, -0.0013239881
  -0.30984, 0.010728718, -0.0013239881
  -0.30984, 0.010152741, -0.0013239881
  -0.30984, 0.01026674, -0.0013239881
  -0.30984, 0.010764193, -0.0013239881
  -0.30984, 0.0095197638, -0.0013239881
  -0.30984, 0.010821193, -0.0013239881
  -0.30984, 0.010183034, -0.0013239881
  -0.30984, 0.011390792, -0.0013239881
  -0.30984, 0.010434152, -0.0013239881
  -0.30984, 0.010122048, -0.0013239881
  -0.30984, 0.010250398, -0.0013239881
  -0.30984, 0.0099853286, -0.0013239881
  -0.30984, 0.010649795, -0.0013239881
  -0.30984, 0.0090474228, -0.0013239881
  -0.30984, 0.010303013, -0.0013239881
  -0.30984, 0.012272894, -0.0013239881
  -0.30984, 0.011164387, -0.0013239881
  -0.30984, 0.010145964, -0.0013239881
  -0.30984, 0.010105307, -0.0013239881
  -0.30984, 0.0099976852, -0.0013239881
  -0.30984, 0.010650592, -0.0013239881
  -0.30984, 0.011532295, -0.0013239881
  -0.30984, 0.009974965, -0.0013239881
  -0.30984, 0.010620697, -0.0013239881
  -0.30984, 0.010572068, -0.0013239881
  -0.30984, 0.0096592738, -0.0013239881
  -0.30984, 0.01048318, -0.0013239881
  -0.30984, 0.010462851, -0.0013239881
  -0.30984, 0.010912871, -0.0013239881
  -0.30984, 0.010255978, -0.0013239881
  -0.30984, 0.010440131, -0.0013239881
  -0.30984, 0.011013318, -0.0013239881
  -0.30984, 0.010816808, -0.0013239881
  -0.30984, 0.011187108, -0.0013239881
  -0.30984, 0.010702011, -0.0013239881
  -0.30984, 0.010077007, -0.0013239881
  -0.30984, 0.009658078, -0.0013239881
  -0.30984, 0.010998968, -0.0013239881
  -0.30984, 0.01046883, -0.0013239881
  -0.30984, 0.010922437, -0.0013239881
  -0.30984, 0.010540578, -0.0013239881
  -0.30984, 0.011266429, -0.0013239881
  -0.30984, 0.010702809, -0.0013239881
  -0.30984, 0.010104111, -0.0013239881
  -0.30984, 0.0091689958, -0.0013239881
  -0.30984, 0.011293135, -0.0013239881
  -0.30984, 0.010756221, -0.0013239881
  -0.30984, 0.010055482, -0.0013239881
  -0.30984, 0.010888955, -0.0013239881
  -0.30984, 0.010251593, -0.0013239881
  -0.30984, 0.010681284, -0.0013239881
  -0.30984, 0.009596295, -0.0013239881
  -0.30984, 0.01066534, -0.0013239881
  -0.30984, 0.010290656, -0.0013239881
  -0.30984, 0.011482869, -0.0013239881
  -0.30984, 0.011571358, -0.0013239881
  -0.30984, 0.010817605, -0.0013239881
  -0.30984, 0.010760606, -0.0013239881
  -0.30984, 0.011030458, -0.0013239881
  -0.30984, 0.010957115, -0.0013239881
  -0.30984, 0.011430652, -0.0013239881
  -0.30984, 0.011014115, -0.0013239881
  -0.30984, 0.010606746, -0.0013239881
  -0.30984, 0.010527425, -0.0013239881
  -0.30984, 0.010464844, -0.0013239881
  -0.30984, 0.010068636, -0.0013239881
  -0.30984, 0.010579641, -0.0013239881
  -0.30984, 0.010689256, -0.0013239881
  -0.30984, 0.01105836, -0.0013239881
  -0.30984, 0.0091454784, -0.0013239881
  -0.30984, 0.010743067, -0.0013239881
  -0.30984, 0.009966993, -0.0013239881
  -0.30984, 0.010277104, -0.0013239881
  -0.30984, 0.011281974, -0.0013239881
  -0.30984, 0.0093057156, -0.0013239881
  -0.30984, 0.009753742, -0.0013239881
  -0.30984, 0.010075811, -0.0013239881
  -0.30984, 0.010361208, -0.0013239881
  -0.30984, 0.011060751, -0.0013239881
  -0.30984, 0.010232859, -0.0013239881
  -0.30984, 0.01049753, -0.0013239881
  -0.30984, 0.010963892, -0.0013239881
  -0.30984, 0.010251593, -0.0013239881
  -0.30984, 0.010135202, -0.0013239881
  -0.30984, 0.010865039, -0.0013239881
  -0.30984, 0.01052583, -0.0013239881
  -0.30984, 0.010334901, -0.0013239881
  -0.30984, 0.010220901, -0.0013239881
  -0.30984, 0.011486058, -0.0013239881
  -0.30984, 0.010000077, -0.0013239881
  -0.30984, 0.010887759, -0.0013239881
  -0.30984, 0.0096927562, -0.0013239881
  -0.30984, 0.010481984, -0.0013239881
  -0.30984, 0.011710071, -0.0013239881
  -0.30984, 0.010873011, -0.0013239881
  -0.30984, 0.011244506, -0.0013239881
  -0.30984, 0.012016594, -0.0013239881
  -0.30984, 0.01024402, -0.0013239881
  -0.30984, 0.01049753, -0.0013239881
  -0.30984, 0.0096158264, -0.0013239881
  -0.30984, 0.010711179, -0.0013239881
  -0.30984, 0.0096784066, -0.0013239881
  -0.30984, 0.01016151, -0.0013239881
  -0.30984, 0.0098637556, -0.0013239881
  -0.30984, 0.010360013, -0.0013239881
  -0.30984, 0.0093256456, -0.0013239881
  -0.30984, 0.010714767, -0.0013239881
  -0.30984, 0.010922836, -0.0013239881
  -0.30984, 0.010002468, -0.0013239881
  -0.30984, 0.009955035, -0.0013239881
  -0.30984, 0.010743466, -0.0013239881
  -0.30984, 0.010013629, -0.0013239881
  -0.30984, 0.009753742, -0.0013239881
  -0.30984, 0.011623176, -0.0013239881
  -0.30984, 0.010842319, -0.0013239881
  -0.30984, 0.010579243, -0.0013239881
  -0.30984, 0.011137283, -0.0013239881
  -0.30984, 0.011122933, -0.0013239881
  -0.30984, 0.010235649, -0.0013239881
  -0.30984, 0.010039538, -0.0013239881
  -0.30984, 0.009817518, -0.0013239881
  -0.30984, 0.010385922, -0.0013239881
  -0.30984, 0.011337778, -0.0013239881
  -0.30984, 0.009859371, -0.0013239881
  -0.30984, 0.011454967, -0.0013239881
  -0.30984, 0.010576851, -0.0013239881
  -0.30984, 0.010535795, -0.0013239881
  -0.30984, 0.010743067, -0.0013239881
  -0.30984, 0.011549435, -0.0013239881
  -0.30984, 0.009833462, -0.0013239881
  -0.30984, 0.010308195, -0.0013239881
  -0.30984, 0.010739081, -0.0013239881
  -0.30984, 0.0099255386, -0.0013239881
  -0.30984, 0.010299027, -0.0013239881
  -0.30984, 0.010906095, -0.0013239881
  -0.30984, 0.010932004, -0.0013239881
  -0.30984, 0.01124052, -0.0013239881
  -0.30984, 0.01054297, -0.0013239881
  -0.30984, 0.011225772, -0.0013239881
  -0.30984, 0.0089130946, -0.0013239881
  -0.30984, 0.009642134, -0.0013239881
  -0.30984, 0.010165496, -0.0013239881
  -0.30984, 0.010306202, -0.0013239881
  -0.30984, 0.01107829, -0.0013239881
  -0.30984, 0.011154024, -0.0013239881
  -0.30984, 0.010161908, -0.0013239881
  -0.30984, 0.0099327134, -0.0013239881
  -0.30984, 0.0094372536, -0.0013239881
  -0.30984, 0.011696518, -0.0013239881
  -0.30984, 0.010087769, -0.0013239881
  -0.30984, 0.010766585, -0.0013239881
  -0.30984, 0.010185824, -0.0013239881
  -0.30984, 0.01036081, -0.0013239881
  -0.30984, 0.01156498, -0.0013239881
  -0.30984, 0.010363999, -0.0013239881
  -0.30984, 0.011577337, -0.0013239881
  -0.30984, 0.011073108, -0.0013239881
  -0.30984, 0.011691337, -0.0013239881
  -0.30984, 0.010572865, -0.0013239881
  -0.30984, 0.010741871, -0.0013239881
  -0.30984, 0.011560197, -0.0013239881
  -0.30984, 0.010945556, -0.0013239881
  -0.30984, 0.010761403, -0.0013239881
  -0.30984, 0.01045767, -0.0013239881
  -0.30984, 0.010385523, -0.0013239881
  -0.30984, 0.011536281, -0.0013239881
  -0.30984, 0.010399075, -0.0013239881
  -0.30984, 0.011196275, -0.0013239881
  -0.30984, 0.0090944576, -0.0013239881
  -0.30984, 0.0094655542, -0.0013239881
  -0.30984, 0.010583229, -0.0013239881
  -0.30984, 0.010713172, -0.0013239881
  -0.30984, 0.011344156, -0.0013239881
  -0.30984, 0.0099199582, -0.0013239881
  -0.30984, 0.0088816052, -0.0013239881
  -0.30984, 0.009295352, -0.0013239881
  -0.30984, 0.010829563, -0.0013239881
  -0.30984, 0.0096094488, -0.0013239881
  -0.30984, 0.01100694, -0.0013239881
  -0.30984, 0.011689742, -0.0013239881
  -0.30984, 0.010145566, -0.0013239881
  -0.30984, 0.01196079, -0.0013239881
  -0.30984, 0.010621494, -0.0013239881
  -0.30984, 0.010573662, -0.0013239881
  -0.30984, 0.0090131432, -0.0013239881
  -0.30984, 0.010153139, -0.0013239881
  -0.30984, 0.0094822954, -0.0013239881
  -0.30984, 0.010200971, -0.0013239881
  -0.30984, 0.0093559392, -0.0013239881
  -0.30984, 0.010700018, -0.0013239881
  -0.30984, 0.010527823, -0.0013239881
  -0.30984, 0.010873409, -0.0013239881
  -0.30984, 0.010168685, -0.0013239881
  -0.30984, 0.0099103918, -0.0013239881
  -0.30984, 0.010789305, -0.0013239881
  -0.30984, 0.010855871, -0.0013239881
  -0.30984, 0.010771368, -0.0013239881
  -0.30984, 0.010808039, -0.0013239881
  -0.30984, 0.011169569, -0.0013239881
  -0.30984, 0.010377551, -0.0013239881
  -0.30984, 0.011125723, -0.0013239881
  -0.30984, 0.012113055, -0.0013239881
  -0.30984, 0.010899717, -0.0013239881
  -0.30984, 0.010134006, -0.0013239881
  -0.30984, 0.010581634, -0.0013239881
  -0.30984, 0.010709585, -0.0013239881
  -0.30984, 0.010922836, -0.0013239881
  -0.30984, 0.009518568, -0.0013239881
  -0.30984, 0.011051185, -0.0013239881
  -0.30984, 0.011329009, -0.0013239881
  -0.30984, 0.010020405, -0.0013239881
  -0.30984, 0.011176744, -0.0013239881
  -0.30984, 0.011154422, -0.0013239881
  -0.30984, 0.011524323, -0.0013239881
  -0.30984, 0.009763707, -0.0013239881
  -0.30984, 0.011215807, -0.0013239881
  -0.30984, 0.01011009, -0.0013239881
  -0.30984, 0.011136884, -0.0013239881
  -0.30984, 0.010713969, -0.0013239881
  -0.30984, 0.011169171, -0.0013239881
  -0.30984, 0.010084181, -0.0013239881
  -0.30984, 0.010469628, -0.0013239881
  -0.30984, 0.0099223498, -0.0013239881
  -0.30984, 0.009450806, -0.0013239881
  -0.30984, 0.010108496, -0.0013239881
  -0.30984, 0.0098581752, -0.0013239881
  -0.30984, 0.0098836856, -0.0013239881
  -0.30984, 0.0093985894, -0.0013239881
  -0.30984, 0.0094902674, -0.0013239881
  -0.30984, 0.011682966, -0.0013239881
  -0.30984, 0.01195242, -0.0013239881
  -0.30984, 0.0096505046, -0.0013239881
  -0.30984, 0.0096505046, -0.0013239881
  -0.30984, 0.011036835, -0.0013239881
  -0.30984, 0.010682879, -0.0013239881
  -0.30984, 0.010190608, -0.0013239881
  -0.30984, 0.011077891, -0.0013239881
  -0.30984, 0.01024402, -0.0013239881
  -0.30984, 0.010159118, -0.0013239881
  -0.30984, 0.011682966, -0.0013239881
  -0.30984, 0.010654179, -0.0013239881
  -0.30984, 0.010015224, -0.0013239881
  -0.30984, 0.011036437, -0.0013239881
  -0.30984, 0.011285163, -0.0013239881
  -0.30984, 0.011256863, -0.0013239881
  -0.30984, 0.010940374, -0.0013239881
  -0.30984, 0.0099287274, -0.0013239881
  -0.30984, 0.010930808, -0.0013239881
  -0.30984, 0.01084471, -0.0013239881
  -0.30984, 0.010794487, -0.0013239881
  -0.30984, 0.010228475, -0.0013239881
  -0.30984, 0.010972661, -0.0013239881
  -0.30984, 0.0097824412, -0.0013239881
  -0.30984, 0.010073021, -0.0013239881
  -0.30984, 0.0099163708, -0.0013239881
  -0.30984, 0.010581236, -0.0013239881
  -0.30984, 0.0091343176, -0.0013239881
  -0.30984, 0.011424673, -0.0013239881
  -0.30984, 0.010798871, -0.0013239881
  -0.30984, 0.010805249, -0.0013239881
  -0.30984, 0.011153625, -0.0013239881
  -0.30984, 0.010785319, -0.0013239881
  -0.30984, 0.011296324, -0.0013239881
  -0.30984, 0.010963493, -0.0013239881
  -0.30984, 0.011602847, -0.0013239881
  -0.30984, 0.01074506, -0.0013239881
  -0.30984, 0.010760606, -0.0013239881
  -0.30984, 0.010717557, -0.0013239881
  -0.30984, 0.011276394, -0.0013239881
  -0.30984, 0.010708788, -0.0013239881
  -0.30984, 0.010315768, -0.0013239881
  -0.30984, 0.01036081, -0.0013239881
  -0.30984, 0.0093268414, -0.0013239881
  -0.30984, 0.010913668, -0.0013239881
  -0.30984, 0.010075412, -0.0013239881
  -0.30984, 0.010959507, -0.0013239881
  -0.30984, 0.01102687, -0.0013239881
  -0.30984, 0.0097310218, -0.0013239881
  -0.30984, 0.010486369, -0.0013239881
  -0.30984, 0.01106673, -0.0013239881
  -0.30984, 0.011259653, -0.0013239881
  -0.30984, 0.010152342, -0.0013239881
  -0.30984, 0.010719948, -0.0013239881
  -0.30984, 0.011590092, -0.0013239881
  -0.30984, 0.010808438, -0.0013239881
  -0.30984, 0.010833549, -0.0013239881
  -0.30984, 0.010085377, -0.0013239881
  -0.30984, 0.0099646014, -0.0013239881
  -0.30984, 0.010996577, -0.0013239881
  -0.30984, 0.011266429, -0.0013239881
  -0.30984, 0.009361121, -0.0013239881
  -0.30984, 0.0092766178, -0.0013239881
  -0.30984, 0.010945157, -0.0013239881
  -0.30984, 0.010456075, -0.0013239881
  -0.30984, 0.00960626, -0.0013239881
  -0.30984, 0.010591599, -0.0013239881
  -0.30984, 0.010595585, -0.0013239881
  -0.30984, 0.010847899, -0.0013239881
  -0.30984, 0.010503509, -0.0013239881
  -0.30984, 0.010335698, -0.0013239881
  -0.30984, 0.010302216, -0.0013239881
  -0.30984, 0.011169171, -0.0013239881
  -0.30984, 0.0089162834, -0.0013239881
  -0.30984, 0.011444603, -0.0013239881
  -0.30984, 0.011195478, -0.0013239881
  -0.30984, 0.010831158, -0.0013239881
  -0.30984, 0.0114171, -0.0013239881
  -0.30984, 0.011389995, -0.0013239881
  -0.30984, 0.010899318, -0.0013239881
  -0.30984, 0.011519141, -0.0013239881
  -0.30984, 0.0094392466, -0.0013239881
  -0.30984, 0.0093738762, -0.0013239881
  -0.30984, 0.0094918618, -0.0013239881
  -0.30984, 0.011281974, -0.0013239881
  -0.30984, 0.0097533434, -0.0013239881
  -0.30984, 0.010848298, -0.0013239881
  -0.30984, 0.010300223, -0.0013239881
  -0.30984, 0.010646207, -0.0013239881
  -0.30984, 0.01020695, -0.0013239881
  -0.30984, 0.010609138, -0.0013239881
  -0.30984, 0.012422369, -0.0013239881
  -0.30984, 0.011087856, -0.0013239881
  -0.30984, 0.010710382, -0.0013239881
  -0.30984, 0.011742756, -0.0013239881
  -0.30984, 0.010422593, -0.0013239881
  -0.30984, 0.010798473, -0.0013239881
  -0.30984, 0.0097959936, -0.0013239881
  -0.30984, 0.011269618, -0.0013239881
  -0.30984, 0.010888158, -0.0013239881
  -0.30984, 0.011548638, -0.0013239881
  -0.30984, 0.010428572, -0.0013239881
  -0.30984, 0.010073419, -0.0013239881
  -0.30984, 0.01054297, -0.0013239881
  -0.30984, 0.011348142, -0.0013239881
  -0.30984, 0.0108475, -0.0013239881
  -0.30984, 0.011240919, -0.0013239881
  -0.30984, 0.010409439, -0.0013239881
  -0.30984, 0.010757018, -0.0013239881
  -0.30984, 0.010957913, -0.0013239881
  -0.30984, 0.010155132, -0.0013239881
  -0.30984, 0.01009893, -0.0013239881
  -0.30984, 0.010639033, -0.0013239881
  -0.30984, 0.011019297, -0.0013239881
  -0.30984, 0.010230468, -0.0013239881
  -0.30984, 0.010808438, -0.0013239881
  -0.30984, 0.010797675, -0.0013239881
  -0.30984, 0.011156017, -0.0013239881
  -0.30984, 0.010688858, -0.0013239881
  -0.30984, 0.010668928, -0.0013239881
  -0.30984, 0.010981031, -0.0013239881
  -0.30984, 0.011305492, -0.0013239881
  -0.30984, 0.0099020212, -0.0013239881
  -0.30984, 0.0084160404, -0.0013239881
  -0.30984, 0.0093543448, -0.0013239881
  -0.30984, 0.010633054, -0.0013239881
  -0.30984, 0.010215321, -0.0013239881
  -0.30984, 0.011300709, -0.0013239881
  -0.30984, 0.011143262, -0.0013239881
  -0.30984, 0.01125766, -0.0013239881
  -0.30984, 0.011332995, -0.0013239881
  -0.30984, 0.010651788, -0.0013239881
  -0.30984, 0.010818801, -0.0013239881
  -0.30984, 0.010591998, -0.0013239881
  -0.30984, 0.010961899, -0.0013239881
  -0.30984, 0.010781333, -0.0013239881
  -0.30984, 0.0076762388, -0.0013239881
  -0.30984, 0.0099733706, -0.0013239881
  -0.30984, 0.011025675, -0.0013239881
  -0.30984, 0.010388313, -0.0013239881
  -0.30984, 0.010495935, -0.0013239881
  -0.30984, 0.0094492116, -0.0013239881
  -0.30984, 0.010304607, -0.0013239881
  -0.30984, 0.010940773, -0.0013239881
  -0.30984, 0.011622777, -0.0013239881
  -0.30984, 0.0097553364, -0.0013239881
  -0.30984, 0.010120853, -0.0013239881
  -0.30984, 0.011338177, -0.0013239881
  -0.30984, 0.010644613, -0.0013239881
  -0.30984, 0.011022087, -0.0013239881
  -0.30984, 0.01022688, -0.0013239881
  -0.30984, 0.010126433, -0.0013239881
  -0.30984, 0.010773759, -0.0013239881
  -0.30984, 0.011297121, -0.0013239881
  -0.30984, 0.0092778136, -0.0013239881
  -0.30984, 0.010256377, -0.0013239881
  -0.30984, 0.01054855, -0.0013239881
  -0.30984, 0.010546956, -0.0013239881
  -0.30984, 0.010137195, -0.0013239881
  -0.30984, 0.010590005, -0.0013239881
  -0.30984, 0.010416614, -0.0013239881
  -0.30984, 0.011299114, -0.0013239881
  -0.30984, 0.01008179, -0.0013239881
  -0.30984, 0.01008179, -0.0013239881
  -0.30984, 0.010601963, -0.0013239881
  -0.30984, 0.011123332, -0.0013239881
  -0.30984, 0.01094715, -0.0013239881
  -0.30984, 0.010529019, -0.0013239881
  -0.30984, 0.009861364, -0.0013239881
  -0.30984, 0.010902507, -0.0013239881
  -0.30984, 0.009951049, -0.0013239881
  -0.30984, 0.010267139, -0.0013239881
  -0.30984, 0.010697627, -0.0013239881
  -0.30984, 0.0094480158, -0.0013239881
  -0.30984, 0.011760693, -0.0013239881
  -0.30984, 0.0087345218, -0.0013239881
  -0.30984, 0.010755424, -0.0013239881
  -0.30984, 0.011590491, -0.0013239881
  -0.30984, 0.01064262, -0.0013239881
  -0.30984, 0.010625082, -0.0013239881
  -0.30984, 0.01025837, -0.0013239881
  -0.30984, 0.010626676, -0.0013239881
  -0.30984, 0.0095628126, -0.0013239881
  -0.30984, 0.010406649, -0.0013239881
  -0.30984, 0.01046604, -0.0013239881
  -0.30984, 0.011307883, -0.0013239881
  -0.30984, 0.010208146, -0.0013239881
  -0.30984, 0.0097657, -0.0013239881
  -0.30984, 0.010858263, -0.0013239881
  -0.30984, 0.010559711, -0.0013239881
  -0.30984, 0.011551428, -0.0013239881
  -0.30984, 0.010855074, -0.0013239881
  -0.30984, 0.011068723, -0.0013239881
  -0.30984, 0.010474012, -0.0013239881
  -0.30984, 0.010233656, -0.0013239881
  -0.30984, 0.011411519, -0.0013239881
  -0.30984, 0.011057164, -0.0013239881
  -0.30984, 0.010020007, -0.0013239881
  -0.30984, 0.010410635, -0.0013239881
  -0.30984, 0.011402352, -0.0013239881
  -0.30984, 0.011371659, -0.0013239881
  -0.30984, 0.011551428, -0.0013239881
  -0.30984, 0.011481274, -0.0013239881
  -0.30984, 0.010540977, -0.0013239881
  -0.30984, 0.011964378, -0.0013239881
  -0.30984, 0.010822787, -0.0013239881
  -0.30984, 0.010959507, -0.0013239881
  -0.30984, 0.010532606, -0.0013239881
  -0.30984, 0.010225286, -0.0013239881
  -0.30984, 0.010493544, -0.0013239881
  -0.30984, 0.010902507, -0.0013239881
  -0.30984, 0.011042416, -0.0013239881
  -0.30984, 0.010988206, -0.0013239881
  -0.30984, 0.011004947, -0.0013239881
  -0.30984, 0.010845906, -0.0013239881
  -0.30984, 0.010007252, -0.0013239881
  -0.30984, 0.010124839, -0.0013239881
  -0.30984, 0.010939976, -0.0013239881
  -0.30984, 0.0096915604, -0.0013239881
  -0.30984, 0.011074702, -0.0013239881
  -0.30984, 0.011637526, -0.0013239881
  -0.30984, 0.011212618, -0.0013239881
  -0.30984, 0.011362492, -0.0013239881
  -0.30984, 0.010225286, -0.0013239881
  -0.30984, 0.011383219, -0.0013239881
  -0.30984, 0.010826773, -0.0013239881
  -0.30984, 0.010495935, -0.0013239881
  -0.30984, 0.011346149, -0.0013239881
  -0.30984, 0.011202254, -0.0013239881
  -0.30984, 0.010143971, -0.0013239881
  -0.303385, 0.010264747, -0.0012968668
  -0.303385, 0.010632256, -0.0012968668
  -0.303385, 0.011190695, -0.0012968668
  -0.303385, 0.010449299, -0.0012968668
  -0.303385, 0.010320153, -0.0012968668
  -0.303385, 0.011185912, -0.0012968668
  -0.303385, 0.010027182, -0.0012968668
  -0.303385, 0.010730312, -0.0012968668
  -0.303385, 0.010846703, -0.0012968668
  -0.303385, 0.010061063, -0.0012968668
  -0.303385, 0.010652585, -0.0012968668
  -0.303385, 0.0097370008, -0.0012968668
  -0.303385, 0.0097768608, -0.0012968668
  -0.303385, 0.010678893, -0.0012968668
  -0.303385, 0.011825266, -0.0012968668
  -0.303385, 0.010198978, -0.0012968668
  -0.303385, 0.0092403452, -0.0012968668
  -0.303385, 0.011509575, -0.0012968668
  -0.303385, 0.009935105, -0.0012968668
  -0.303385, 0.010062258, -0.0012968668
  -0.303385, 0.0096393438, -0.0012968668
  -0.303385, 0.010702809, -0.0012968668
  -0.303385, 0.010733501, -0.0012968668
  -0.303385, 0.01080764, -0.0012968668
  -0.303385, 0.010616312, -0.0012968668
  -0.303385, 0.010242824, -0.0012968668
  -0.303385, 0.011051185, -0.0012968668
  -0.303385, 0.010687662, -0.0012968668
  -0.303385, 0.011175947, -0.0012968668
  -0.303385, 0.0096911618, -0.0012968668
  -0.303385, 0.01018981, -0.0012968668
  -0.303385, 0.011271212, -0.0012968668
  -0.303385, 0.010906493, -0.0012968668
  -0.303385, 0.01108108, -0.0012968668
  -0.303385, 0.010644214, -0.0012968668
  -0.303385, 0.0094105474, -0.0012968668
  -0.303385, 0.011356114, -0.0012968668
  -0.303385, 0.011337778, -0.0012968668
  -0.303385, 0.010312978, -0.0012968668
  -0.303385, 0.010817207, -0.0012968668
  -0.303385, 0.010666137, -0.0012968668
  -0.303385, 0.011136485, -0.0012968668
  -0.303385, 0.011137283, -0.0012968668
  -0.303385, 0.011191094, -0.0012968668
  -0.303385, 0.010279894, -0.0012968668
  -0.303385, 0.010388313, -0.0012968668
  -0.303385, 0.011979524, -0.0012968668
  -0.303385, 0.011414708, -0.0012968668
  -0.303385, 0.0095520504, -0.0012968668
  -0.303385, 0.010854277, -0.0012968668
  -0.303385, 0.011070318, -0.0012968668
  -0.303385, 0.012325111, -0.0012968668
  -0.303385, 0.0095931062, -0.0012968668
  -0.303385, 0.0108192, -0.0012968668
  -0.303385, 0.011152031, -0.0012968668
  -0.303385, 0.011978329, -0.0012968668
  -0.303385, 0.01106115, -0.0012968668
  -0.303385, 0.01083913, -0.0012968668
  -0.303385, 0.0092459256, -0.0012968668
  -0.303385, 0.010513474, -0.0012968668
  -0.303385, 0.012214698, -0.0012968668
  -0.303385, 0.010524634, -0.0012968668
  -0.303385, 0.011668218, -0.0012968668
  -0.303385, 0.0098521962, -0.0012968668
  -0.303385, 0.011625966, -0.0012968668
  -0.303385, 0.010236845, -0.0012968668
  -0.303385, 0.010237244, -0.0012968668
  -0.303385, 0.009893252, -0.0012968668
  -0.303385, 0.010588809, -0.0012968668
  -0.303385, 0.011976734, -0.0012968668
  -0.303385, 0.010595187, -0.0012968668
  -0.303385, 0.010968276, -0.0012968668
  -0.303385, 0.010915262, -0.0012968668
  -0.303385, 0.0095779594, -0.0012968668
  -0.303385, 0.011345352, -0.0012968668
  -0.303385, 0.010675704, -0.0012968668
  -0.303385, 0.010745459, -0.0012968668
  -0.303385, 0.010804452, -0.0012968668
  -0.303385, 0.011110576, -0.0012968668
  -0.303385, 0.010015622, -0.0012968668
  -0.303385, 0.011109779, -0.0012968668
  -0.303385, 0.010753829, -0.0012968668
  -0.303385, 0.010482781, -0.0012968668
  -0.303385, 0.010619103, -0.0012968668
  -0.303385, 0.0112748, -0.0012968668
  -0.303385, 0.00982549, -0.0012968668
  -0.303385, 0.010336495, -0.0012968668
  -0.303385, 0.011000961, -0.0012968668
  -0.303385, 0.010949542, -0.0012968668
  -0.303385, 0.011813308, -0.0012968668
  -0.303385, 0.010843913, -0.0012968668
  -0.303385, 0.011008933, -0.0012968668
  -0.303385, 0.010883374, -0.0012968668
  -0.303385, 0.01072513, -0.0012968668
  -0.303385, 0.011289149, -0.0012968668
  -0.303385, 0.010692844, -0.0012968668
  -0.303385, 0.01040904, -0.0012968668
  -0.303385, 0.010408243, -0.0012968668
  -0.303385, 0.0098007768, -0.0012968668
  -0.303385, 0.010951535, -0.0012968668
  -0.303385, 0.010240034, -0.0012968668
  -0.303385, 0.010069433, -0.0012968668
  -0.303385, 0.01085627, -0.0012968668
  -0.303385, 0.010522243, -0.0012968668
  -0.303385, 0.010054685, -0.0012968668
  -0.303385, 0.0095496588, -0.0012968668
  -0.303385, 0.0104489, -0.0012968668
  -0.303385, 0.01100136, -0.0012968668
  -0.303385, 0.010148356, -0.0012968668
  -0.303385, 0.010141978, -0.0012968668
  -0.303385, 0.010195391, -0.0012968668
  -0.303385, 0.010809235, -0.0012968668
  -0.303385, 0.011513162, -0.0012968668
  -0.303385, 0.010491949, -0.0012968668
  -0.303385, 0.0095767636, -0.0012968668
  -0.303385, 0.011258856, -0.0012968668
  -0.303385, 0.0084419494, -0.0012968668
  -0.303385, 0.010982626, -0.0012968668
  -0.303385, 0.010068636, -0.0012968668
  -0.303385, 0.010111685, -0.0012968668
  -0.303385, 0.011490044, -0.0012968668
  -0.303385, 0.011240121, -0.0012968668
  -0.303385, 0.010533802, -0.0012968668
  -0.303385, 0.010255978, -0.0012968668
  -0.303385, 0.010422593, -0.0012968668
  -0.303385, 0.010037147, -0.0012968668
  -0.303385, 0.012172845, -0.0012968668
  -0.303385, 0.010755822, -0.0012968668
  -0.303385, 0.010222496, -0.0012968668
  -0.303385, 0.010372369, -0.0012968668
  -0.303385, 0.0096576794, -0.0012968668
  -0.303385, 0.0099279302, -0.0012968668
  -0.303385, 0.011354121, -0.0012968668
  -0.303385, 0.011737176, -0.0012968668
  -0.303385, 0.01132024, -0.0012968668
  -0.303385, 0.011872301, -0.0012968668
  -0.303385, 0.009389023, -0.0012968668
  -0.303385, 0.011368869, -0.0012968668
  -0.303385, 0.010361607, -0.0012968668
  -0.303385, 0.01100694, -0.0012968668
  -0.303385, 0.011651078, -0.0012968668
  -0.303385, 0.011125723, -0.0012968668
  -0.303385, 0.01130031, -0.0012968668
  -0.303385, 0.0097306232, -0.0012968668
  -0.303385, 0.011742756, -0.0012968668
  -0.303385, 0.010857864, -0.0012968668
  -0.303385, 0.010587215, -0.0012968668
  -0.303385, 0.010909283, -0.0012968668
  -0.303385, 0.0107052, -0.0012968668
  -0.303385, 0.01049753, -0.0012968668
  -0.303385, 0.010621893, -0.0012968668
  -0.303385, 0.010426977, -0.0012968668
  -0.303385, 0.010252391, -0.0012968668
  -0.303385, 0.011454568, -0.0012968668
  -0.303385, 0.010903304, -0.0012968668
  -0.303385, 0.011461344, -0.0012968668
  -0.303385, 0.010424984, -0.0012968668
  -0.303385, 0.011233345, -0.0012968668
  -0.303385, 0.011007339, -0.0012968668
  -0.303385, 0.011002556, -0.0012968668
  -0.303385, 0.010091356, -0.0012968668
  -0.303385, 0.010936388, -0.0012968668
  -0.303385, 0.010928416, -0.0012968668
  -0.303385, 0.010937584, -0.0012968668
  -0.303385, 0.010936388, -0.0012968668
  -0.303385, 0.010255978, -0.0012968668
  -0.303385, 0.011011325, -0.0012968668
  -0.303385, 0.011075898, -0.0012968668
  -0.303385, 0.011497218, -0.0012968668
  -0.303385, 0.010543767, -0.0012968668
  -0.303385, 0.011112968, -0.0012968668
  -0.303385, 0.010587215, -0.0012968668
  -0.303385, 0.011307086, -0.0012968668
  -0.303385, 0.010216517, -0.0012968668
  -0.303385, 0.010809633, -0.0012968668
  -0.303385, 0.010458068, -0.0012968668
  -0.303385, 0.011607631, -0.0012968668
  -0.303385, 0.010796081, -0.0012968668
  -0.303385, 0.0098577766, -0.0012968668
  -0.303385, 0.011293135, -0.0012968668
  -0.303385, 0.010177454, -0.0012968668
  -0.303385, 0.0094902674, -0.0012968668
  -0.303385, 0.0088254026, -0.0012968668
  -0.303385, 0.011308282, -0.0012968668
  -0.303385, 0.010001671, -0.0012968668
  -0.303385, 0.0101073, -0.0012968668
  -0.303385, 0.010824382, -0.0012968668
  -0.303385, 0.011298317, -0.0012968668
  -0.303385, 0.010353635, -0.0012968668
  -0.303385, 0.011438226, -0.0012968668
  -0.303385, 0.011077094, -0.0012968668
  -0.303385, 0.010222496, -0.0012968668
  -0.303385, 0.010605949, -0.0012968668
  -0.303385, 0.011072709, -0.0012968668
  -0.303385, 0.010678095, -0.0012968668
  -0.303385, 0.011274401, -0.0012968668
  -0.303385, 0.010192999, -0.0012968668
  -0.303385, 0.010791696, -0.0012968668
  -0.303385, 0.01044332, -0.0012968668
  -0.303385, 0.011428659, -0.0012968668
  -0.303385, 0.01104401, -0.0012968668
  -0.303385, 0.012221475, -0.0012968668
  -0.303385, 0.01003037, -0.0012968668
  -0.303385, 0.010207747, -0.0012968668
  -0.303385, 0.0098358536, -0.0012968668
  -0.303385, 0.010868228, -0.0012968668
  -0.303385, 0.012344642, -0.0012968668
  -0.303385, 0.01028109, -0.0012968668
  -0.303385, 0.010249202, -0.0012968668
  -0.303385, 0.011465729, -0.0012968668
  -0.303385, 0.010910878, -0.0012968668
  -0.303385, 0.010471621, -0.0012968668
  -0.303385, 0.011314261, -0.0012968668
  -0.303385, 0.011323429, -0.0012968668
  -0.303385, 0.009943077, -0.0012968668
  -0.303385, 0.010556124, -0.0012968668
  -0.303385, 0.010953129, -0.0012968668
  -0.303385, 0.011504393, -0.0012968668
  -0.303385, 0.010802857, -0.0012968668
  -0.303385, 0.010502711, -0.0012968668
  -0.303385, 0.011184317, -0.0012968668
  -0.303385, 0.010378348, -0.0012968668
  -0.303385, 0.010330118, -0.0012968668
  -0.303385, 0.01117515, -0.0012968668
  -0.303385, 0.010965885, -0.0012968668
  -0.303385, 0.01008458, -0.0012968668
  -0.303385, 0.010179447, -0.0012968668
  -0.303385, 0.010576054, -0.0012968668
  -0.303385, 0.011642707, -0.0012968668
  -0.303385, 0.010599571, -0.0012968668
  -0.303385, 0.010444914, -0.0012968668
  -0.303385, 0.010461656, -0.0012968668
  -0.303385, 0.010175859, -0.0012968668
  -0.303385, 0.010998968, -0.0012968668
  -0.303385, 0.010848696, -0.0012968668
  -0.303385, 0.011705288, -0.0012968668
  -0.303385, 0.010630263, -0.0012968668
  -0.303385, 0.010200971, -0.0012968668
  -0.303385, 0.010723934, -0.0012968668
  -0.303385, 0.0117017, -0.0012968668
  -0.303385, 0.011097024, -0.0012968668
  -0.303385, 0.011335387, -0.0012968668
  -0.303385, 0.009998881, -0.0012968668
  -0.303385, 0.010643417, -0.0012968668
  -0.303385, 0.010240831, -0.0012968668
  -0.303385, 0.009715875, -0.0012968668
  -0.303385, 0.0094264914, -0.0012968668
  -0.303385, 0.011098618, -0.0012968668
  -0.303385, 0.0089453812, -0.0012968668
  -0.303385, 0.01084471, -0.0012968668
  -0.303385, 0.012051671, -0.0012968668
  -0.303385, 0.010558117, -0.0012968668
  -0.303385, 0.011205045, -0.0012968668
  -0.303385, 0.010533404, -0.0012968668
  -0.303385, 0.010467236, -0.0012968668
  -0.303385, 0.01143424, -0.0012968668
  -0.303385, 0.01094715, -0.0012968668
  -0.303385, 0.010370376, -0.0012968668
  -0.303385, 0.011702896, -0.0012968668
  -0.303385, 0.010654578, -0.0012968668
  -0.303385, 0.010435747, -0.0012968668
  -0.303385, 0.009223604, -0.0012968668
  -0.303385, 0.0094013796, -0.0012968668
  -0.303385, 0.010875402, -0.0012968668
  -0.303385, 0.01064541, -0.0012968668
  -0.303385, 0.010437341, -0.0012968668
  -0.303385, 0.01088457, -0.0012968668
  -0.303385, 0.010397082, -0.0012968668
  -0.303385, 0.011031255, -0.0012968668
  -0.303385, 0.011997461, -0.0012968668
  -0.303385, 0.0094113446, -0.0012968668
  -0.303385, 0.011335785, -0.0012968668
  -0.303385, 0.011530701, -0.0012968668
  -0.303385, 0.010235649, -0.0012968668
  -0.303385, 0.010513872, -0.0012968668
  -0.303385, 0.011768665, -0.0012968668
  -0.303385, 0.010229272, -0.0012968668
  -0.303385, 0.010056678, -0.0012968668
  -0.303385, 0.011016108, -0.0012968668
  -0.303385, 0.01074227, -0.0012968668
  -0.303385, 0.010755424, -0.0012968668
  -0.303385, 0.011436631, -0.0012968668
  -0.303385, 0.011341366, -0.0012968668
  -0.303385, 0.010621096, -0.0012968668
  -0.303385, 0.010360411, -0.0012968668
  -0.303385, 0.010586417, -0.0012968668
  -0.303385, 0.010047112, -0.0012968668
  -0.303385, 0.010109293, -0.0012968668
  -0.303385, 0.01103843, -0.0012968668
  -0.303385, 0.010862647, -0.0012968668
  -0.303385, 0.011151632, -0.0012968668
  -0.303385, 0.011254471, -0.0012968668
  -0.303385, 0.0096253928, -0.0012968668
  -0.303385, 0.010421397, -0.0012968668
  -0.303385, 0.01145417, -0.0012968668
  -0.303385, 0.010582033, -0.0012968668
  -0.303385, 0.010507495, -0.0012968668
  -0.303385, 0.011892231, -0.0012968668
  -0.303385, 0.010674109, -0.0012968668
  -0.303385, 0.0097963922, -0.0012968668
  -0.303385, 0.010636242, -0.0012968668
  -0.303385, 0.011337778, -0.0012968668
  -0.303385, 0.0095329176, -0.0012968668
  -0.303385, 0.01168177, -0.0012968668
  -0.303385, 0.010919248, -0.0012968668
  -0.303385, 0.011361296, -0.0012968668
  -0.303385, 0.010673711, -0.0012968668
  -0.303385, 0.010553334, -0.0012968668
  -0.303385, 0.0098079516, -0.0012968668
  -0.303385, 0.010246013, -0.0012968668
  -0.303385, 0.010865039, -0.0012968668
  -0.303385, 0.010874605, -0.0012968668
  -0.303385, 0.01094436, -0.0012968668
  -0.303385, 0.010112482, -0.0012968668
  -0.303385, 0.0098462172, -0.0012968668
  -0.303385, 0.010558117, -0.0012968668
  -0.303385, 0.0089748776, -0.0012968668
  -0.303385, 0.011232947, -0.0012968668
  -0.303385, 0.011726812, -0.0012968668
  -0.303385, 0.0116734, -0.0012968668
  -0.303385, 0.011279981, -0.0012968668
  -0.303385, 0.011296324, -0.0012968668
  -0.303385, 0.011396373, -0.0012968668
  -0.303385, 0.010501516, -0.0012968668
  -0.303385, 0.0097573294, -0.0012968668
  -0.303385, 0.011089052, -0.0012968668
  -0.303385, 0.010873409, -0.0012968668
  -0.303385, 0.010662151, -0.0012968668
  -0.303385, 0.009809546, -0.0012968668
  -0.303385, 0.010332509, -0.0012968668
  -0.303385, 0.011923322, -0.0012968668
  -0.303385, 0.010953129, -0.0012968668
  -0.303385, 0.010035154, -0.0012968668
  -0.303385, 0.010253188, -0.0012968668
  -0.303385, 0.011568966, -0.0012968668
  -0.303385, 0.010986612, -0.0012968668
  -0.303385, 0.0098286788, -0.0012968668
  -0.303385, 0.01092722, -0.0012968668
  -0.303385, 0.010299425, -0.0012968668
  -0.303385, 0.012005433, -0.0012968668
  -0.303385, 0.011340967, -0.0012968668
  -0.303385, 0.0091614224, -0.0012968668
  -0.303385, 0.010546557, -0.0012968668
  -0.303385, 0.010220104, -0.0012968668
  -0.303385, 0.009797588, -0.0012968668
  -0.303385, 0.010350048, -0.0012968668
  -0.303385, 0.01138003, -0.0012968668
  -0.303385, 0.010723536, -0.0012968668
  -0.303385, 0.010886563, -0.0012968668
  -0.303385, 0.010642221, -0.0012968668
  -0.303385, 0.011954014, -0.0012968668
  -0.303385, 0.011391589, -0.0012968668
  -0.303385, 0.010821591, -0.0012968668
  -0.303385, 0.010072223, -0.0012968668
  -0.303385, 0.010873808, -0.0012968668
  -0.303385, 0.011281974, -0.0012968668
  -0.303385, 0.012204733, -0.0012968668
  -0.303385, 0.011153625, -0.0012968668
  -0.303385, 0.01193528, -0.0012968668
  -0.303385, 0.010920843, -0.0012968668
  -0.303385, 0.011243709, -0.0012968668
  -0.303385, 0.0094818968, -0.0012968668
  -0.303385, 0.01054576, -0.0012968668
  -0.303385, 0.010631858, -0.0012968668
  -0.303385, 0.010629466, -0.0012968668
  -0.303385, 0.010533005, -0.0012968668
  -0.303385, 0.01157933, -0.0012968668
  -0.303385, 0.0077878468, -0.0012968668
  -0.303385, 0.0098382452, -0.0012968668
  -0.303385, 0.010888955, -0.0012968668
  -0.303385, 0.0095090016, -0.0012968668
  -0.303385, 0.009911189, -0.0012968668
  -0.303385, 0.01102687, -0.0012968668
  -0.303385, 0.010656571, -0.0012968668
  -0.303385, 0.010038342, -0.0012968668
  -0.303385, 0.011153625, -0.0012968668
  -0.303385, 0.010770969, -0.0012968668
  -0.303385, 0.0096178194, -0.0012968668
  -0.303385, 0.010504306, -0.0012968668
  -0.303385, 0.011335785, -0.0012968668
  -0.303385, 0.010852682, -0.0012968668
  -0.303385, 0.010590802, -0.0012968668
  -0.303385, 0.010408243, -0.0012968668
  -0.303385, 0.011581722, -0.0012968668
  -0.303385, 0.010745857, -0.0012968668
  -0.303385, 0.010931605, -0.0012968668
  -0.303385, 0.010524236, -0.0012968668
  -0.303385, 0.010481187, -0.0012968668
  -0.303385, 0.010086174, -0.0012968668
  -0.303385, 0.0098003782, -0.0012968668
  -0.303385, 0.009980944, -0.0012968668
  -0.303385, 0.010527823, -0.0012968668
  -0.303385, 0.011042416, -0.0012968668
  -0.303385, 0.0096357564, -0.0012968668
  -0.303385, 0.011723623, -0.0012968668
  -0.303385, 0.011325023, -0.0012968668
  -0.303385, 0.011421484, -0.0012968668
  -0.303385, 0.011404743, -0.0012968668
  -0.303385, 0.010097734, -0.0012968668
  -0.303385, 0.010407047, -0.0012968668
  -0.303385, 0.01050869, -0.0012968668
  -0.303385, 0.011350534, -0.0012968668
  -0.303385, 0.010383131, -0.0012968668
  -0.303385, 0.010330118, -0.0012968668
  -0.303385, 0.010386719, -0.0012968668
  -0.303385, 0.0094898688, -0.0012968668
  -0.303385, 0.0097469658, -0.0012968668
  -0.303385, 0.010892542, -0.0012968668
  -0.303385, 0.011248492, -0.0012968668
  -0.303385, 0.010233656, -0.0012968668
  -0.303385, 0.010429369, -0.0012968668
  -0.303385, 0.009554442, -0.0012968668
  -0.303385, 0.01108666, -0.0012968668
  -0.303385, 0.010777347, -0.0012968668
  -0.303385, 0.010098132, -0.0012968668
  -0.303385, 0.010595984, -0.0012968668
  -0.303385, 0.011214212, -0.0012968668
  -0.303385, 0.010361607, -0.0012968668
  -0.303385, 0.010303411, -0.0012968668
  -0.303385, 0.0099917062, -0.0012968668
  -0.303385, 0.011296324, -0.0012968668
  -0.303385, 0.010507893, -0.0012968668
  -0.303385, 0.011269219, -0.0012968668
  -0.303385, 0.010053888, -0.0012968668
  -0.303385, 0.011756707, -0.0012968668
  -0.303385, 0.011203849, -0.0012968668
  -0.303385, 0.0098840842, -0.0012968668
  -0.303385, 0.010572068, -0.0012968668
  -0.303385, 0.0104489, -0.0012968668
  -0.303385, 0.010419404, -0.0012968668
  -0.303385, 0.011161597, -0.0012968668
  -0.303385, 0.010940374, -0.0012968668
  -0.303385, 0.01173877, -0.0012968668
  -0.303385, 0.010211733, -0.0012968668
  -0.303385, 0.0099646014, -0.0012968668
  -0.303385, 0.010591998, -0.0012968668
  -0.303385, 0.010833549, -0.0012968668
  -0.303385, 0.011039626, -0.0012968668
  -0.303385, 0.010797675, -0.0012968668
  -0.303385, 0.010839528, -0.0012968668
  -0.303385, 0.010675704, -0.0012968668
  -0.303385, 0.010613124, -0.0012968668
  -0.303385, 0.011041619, -0.0012968668
  -0.303385, 0.010788906, -0.0012968668
  -0.303385, 0.011252478, -0.0012968668
  -0.303385, 0.011106989, -0.0012968668
  -0.303385, 0.010492746, -0.0012968668
  -0.303385, 0.0096397424, -0.0012968668
  -0.303385, 0.011270415, -0.0012968668
  -0.303385, 0.011393582, -0.0012968668
  -0.303385, 0.011445799, -0.0012968668
  -0.303385, 0.010254782, -0.0012968668
  -0.303385, 0.010751438, -0.0012968668
  -0.303385, 0.011540267, -0.0012968668
  -0.303385, 0.011149639, -0.0012968668
  -0.303385, 0.011028066, -0.0012968668
  -0.303385, 0.010890549, -0.0012968668
  -0.303385, 0.011336981, -0.0012968668
  -0.303385, 0.011361296, -0.0012968668
  -0.303385, 0.010850689, -0.0012968668
  -0.303385, 0.011389995, -0.0012968668
  -0.303385, 0.011233345, -0.0012968668
  -0.303385, 0.010641823, -0.0012968668
  -0.303385, 0.010022, -0.0012968668
  -0.303385, 0.011769462, -0.0012968668
  -0.303385, 0.011336981, -0.0012968668
  -0.303385, 0.01072234, -0.0012968668
  -0.303385, 0.01103564, -0.0012968668
  -0.303385, 0.0098406368, -0.0012968668
  -0.303385, 0.011474498, -0.0012968668
  -0.303385, 0.010451292, -0.0012968668
  -0.303385, 0.011379631, -0.0012968668
  -0.303385, 0.01187549, -0.0012968668
  -0.303385, 0.011759896, -0.0012968668
  -0.303385, 0.0098063572, -0.0012968668
  -0.303385, 0.011502002, -0.0012968668
  -0.303385, 0.010244419, -0.0012968668
  -0.303385, 0.010132013, -0.0012968668
  -0.303385, 0.010945556, -0.0012968668
  -0.303385, 0.011356114, -0.0012968668
  -0.303385, 0.009678008, -0.0012968668
  -0.303385, 0.010741871, -0.0012968668
  -0.303385, 0.010159517, -0.0012968668
  -0.303385, 0.011237331, -0.0012968668
  -0.303385, 0.009695945, -0.0012968668
  -0.303385, 0.010690851, -0.0012968668
  -0.303385, 0.011270814, -0.0012968668
  -0.303385, 0.01085627, -0.0012968668
  -0.303385, 0.010783326, -0.0012968668
  -0.303385, 0.011816896, -0.0012968668
  -0.303385, 0.0096126376, -0.0012968668
  -0.303385, 0.010683277, -0.0012968668
  -0.303385, 0.010987808, -0.0012968668
  -0.303385, 0.011428261, -0.0012968668
  -0.303385, 0.011463736, -0.0012968668
  -0.303385, 0.010421796, -0.0012968668
  -0.303385, 0.011942853, -0.0012968668
  -0.303385, 0.010475208, -0.0012968668
  -0.303385, 0.010087769, -0.0012968668
  -0.303385, 0.010536194, -0.0012968668
  -0.303385, 0.011922525, -0.0012968668
  -0.303385, 0.01072513, -0.0012968668
  -0.303385, 0.0096696374, -0.0012968668
  -0.303385, 0.010522641, -0.0012968668
  -0.303385, 0.010481984, -0.0012968668
  -0.303385, 0.010761403, -0.0012968668
  -0.303385, 0.010977045, -0.0012968668
  -0.303385, 0.011245702, -0.0012968668
  -0.303385, 0.01124052, -0.0012968668
  -0.303385, 0.010319355, -0.0012968668
  -0.303385, 0.011937671, -0.0012968668
  -0.303385, 0.01032374, -0.0012968668
  -0.303385, 0.010890151, -0.0012968668
  -0.303385, 0.011097821, -0.0012968668
  -0.303385, 0.0095193652, -0.0012968668
  -0.303385, 0.011185115, -0.0012968668
  -0.303385, 0.010929612, -0.0012968668
  -0.303385, 0.010265146, -0.0012968668
  -0.303385, 0.010090559, -0.0012968668
  -0.303385, 0.0095233512, -0.0012968668
  -0.303385, 0.01052862, -0.0012968668
  -0.303385, 0.010609935, -0.0012968668
  -0.303385, 0.010861451, -0.0012968668
  -0.303385, 0.0097732734, -0.0012968668
  -0.303385, 0.011257261, -0.0012968668
  -0.303385, 0.01141431, -0.0012968668
  -0.303385, 0.010850291, -0.0012968668
  -0.303385, 0.010971066, -0.0012968668
  -0.303385, 0.011202254, -0.0012968668
  -0.303385, 0.010849493, -0.0012968668
  -0.303385, 0.010818801, -0.0012968668
  -0.303385, 0.010697228, -0.0012968668
  -0.303385, 0.010248803, -0.0012968668
  -0.303385, 0.010101321, -0.0012968668
  -0.303385, 0.011207835, -0.0012968668
  -0.303385, 0.010646606, -0.0012968668
  -0.303385, 0.010846305, -0.0012968668
  -0.303385, 0.010914864, -0.0012968668
  -0.303385, 0.010469229, -0.0012968668
  -0.303385, 0.009500631, -0.0012968668
  -0.303385, 0.011487253, -0.0012968668
  -0.303385, 0.010926822, -0.0012968668
  -0.303385, 0.010743067, -0.0012968668
  -0.303385, 0.011169171, -0.0012968668
  -0.303385, 0.011897811, -0.0012968668
  -0.303385, 0.011009332, -0.0012968668
  -0.303385, 0.010838731, -0.0012968668
  -0.303385, 0.010660956, -0.0012968668
  -0.303385, 0.0098621612, -0.0012968668
  -0.303385, 0.0095373022, -0.0012968668
  -0.303385, 0.010302614, -0.0012968668
  -0.303385, 0.010243621, -0.0012968668
  -0.303385, 0.010521844, -0.0012968668
  -0.303385, 0.011275597, -0.0012968668
  -0.303385, 0.010109293, -0.0012968668
  -0.303385, 0.010474411, -0.0012968668
  -0.303385, 0.011173555, -0.0012968668
  -0.303385, 0.011799357, -0.0012968668
  -0.303385, 0.010424586, -0.0012968668
  -0.303385, 0.009849406, -0.0012968668
  -0.303385, 0.011424673, -0.0012968668
  -0.303385, 0.010454879, -0.0012968668
  -0.303385, 0.010785717, -0.0012968668
  -0.303385, 0.011061549, -0.0012968668
  -0.303385, 0.010812822, -0.0012968668
  -0.303385, 0.011095828, -0.0012968668
  -0.303385, 0.010803256, -0.0012968668
  -0.303385, 0.010039937, -0.0012968668
  -0.303385, 0.010005657, -0.0012968668
  -0.303385, 0.010045916, -0.0012968668
  -0.303385, 0.011030856, -0.0012968668
  -0.303385, 0.010511481, -0.0012968668
  -0.303385, 0.011131702, -0.0012968668
  -0.303385, 0.0099606154, -0.0012968668
  -0.303385, 0.010601963, -0.0012968668
  -0.303385, 0.011954014, -0.0012968668
  -0.303385, 0.0094436312, -0.0012968668
  -0.303385, 0.0093399952, -0.0012968668
  -0.303385, 0.010255978, -0.0012968668
  -0.303385, 0.010593592, -0.0012968668
  -0.303385, 0.011458953, -0.0012968668
  -0.303385, 0.011289946, -0.0012968668
  -0.303385, 0.010339684, -0.0012968668
  -0.303385, 0.011968762, -0.0012968668
  -0.303385, 0.0098737206, -0.0012968668
  -0.303385, 0.0096289802, -0.0012968668
  -0.303385, 0.010069035, -0.0012968668
  -0.303385, 0.011573351, -0.0012968668
  -0.303385, 0.010181838, -0.0012968668
  -0.303385, 0.0095667986, -0.0012968668
  -0.303385, 0.011574547, -0.0012968668
  -0.303385, 0.011238527, -0.0012968668
  -0.303385, 0.01082478, -0.0012968668
  -0.303385, 0.011687749, -0.0012968668
  -0.303385, 0.01058283, -0.0012968668
  -0.303385, 0.01031816, -0.0012968668
  -0.303385, 0.010541774, -0.0012968668
  -0.303385, 0.011336981, -0.0012968668
  -0.303385, 0.010387915, -0.0012968668
  -0.303385, 0.01052583, -0.0012968668
  -0.303385, 0.010285474, -0.0012968668
  -0.303385, 0.0097226512, -0.0012968668
  -0.303385, 0.01018423, -0.0012968668
  -0.303385, 0.011559799, -0.0012968668
  -0.303385, 0.010135999, -0.0012968668
  -0.303385, 0.010431362, -0.0012968668
  -0.303385, 0.011064339, -0.0012968668
  -0.303385, 0.010767382, -0.0012968668
  -0.303385, 0.0098521962, -0.0012968668
  -0.303385, 0.011140471, -0.0012968668
  -0.303385, 0.011403946, -0.0012968668
  -0.303385, 0.010990996, -0.0012968668
  -0.303385, 0.011217003, -0.0012968668
  -0.303385, 0.011880273, -0.0012968668
  -0.303385, 0.010003266, -0.0012968668
  -0.303385, 0.010090559, -0.0012968668
  -0.303385, 0.010491152, -0.0012968668
  -0.303385, 0.011473701, -0.0012968668
  -0.303385, 0.010657368, -0.0012968668
  -0.303385, 0.009966993, -0.0012968668
  -0.303385, 0.010535795, -0.0012968668
  -0.303385, 0.010706795, -0.0012968668
  -0.303385, 0.0091287372, -0.0012968668
  -0.303385, 0.011007339, -0.0012968668
  -0.303385, 0.009879301, -0.0012968668
  -0.303385, 0.010983423, -0.0012968668
  -0.303385, 0.010467236, -0.0012968668
  -0.303385, 0.011288352, -0.0012968668
  -0.303385, 0.011172758, -0.0012968668
  -0.303385, 0.010005259, -0.0012968668
  -0.303385, 0.011247695, -0.0012968668
  -0.303385, 0.011157611, -0.0012968668
  -0.303385, 0.010983822, -0.0012968668
  -0.303385, 0.010621494, -0.0012968668
  -0.303385, 0.010295838, -0.0012968668
  -0.303385, 0.010991395, -0.0012968668
  -0.303385, 0.010379145, -0.0012968668
  -0.303385, 0.010999766, -0.0012968668
  -0.303385, 0.010340481, -0.0012968668
  -0.303385, 0.011611218, -0.0012968668
  -0.303385, 0.0099422798, -0.0012968668
  -0.303385, 0.009590316, -0.0012968668
  -0.303385, 0.011094234, -0.0012968668
  -0.303385, 0.0095149806, -0.0012968668
  -0.303385, 0.010939577, -0.0012968668
  -0.303385, 0.011367275, -0.0012968668
  -0.303385, 0.011109381, -0.0012968668
  -0.303385, 0.010963094, -0.0012968668
  -0.303385, 0.011018101, -0.0012968668
  -0.303385, 0.010949542, -0.0012968668
  -0.303385, 0.010240831, -0.0012968668
  -0.303385, 0.010175062, -0.0012968668
  -0.303385, 0.011592484, -0.0012968668
  -0.303385, 0.011690938, -0.0012968668
  -0.303385, 0.010319754, -0.0012968668
  -0.303385, 0.010717557, -0.0012968668
  -0.303385, 0.010534998, -0.0012968668
  -0.303385, 0.010744263, -0.0012968668
  -0.303385, 0.011246499, -0.0012968668
  -0.303385, 0.0092411424, -0.0012968668
  -0.303385, 0.010928416, -0.0012968668
  -0.303385, 0.011500407, -0.0012968668
  -0.303385, 0.010115272, -0.0012968668
  -0.303385, 0.011063143, -0.0012968668
  -0.303385, 0.010066244, -0.0012968668
  -0.303385, 0.010707592, -0.0012968668
  -0.303385, 0.011151632, -0.0012968668
  -0.303385, 0.011871504, -0.0012968668
  -0.303385, 0.010903304, -0.0012968668
  -0.303385, 0.01100415, -0.0012968668
  -0.303385, 0.011308681, -0.0012968668
  -0.303385, 0.010413824, -0.0012968668
  -0.303385, 0.01058562, -0.0012968668
  -0.303385, 0.010923234, -0.0012968668
  -0.303385, 0.011063542, -0.0012968668
  -0.303385, 0.010567683, -0.0012968668
  -0.303385, 0.010632256, -0.0012968668
  -0.303385, 0.0092008838, -0.0012968668
  -0.303385, 0.010893339, -0.0012968668
  -0.303385, 0.01032095, -0.0012968668
  -0.303385, 0.011272807, -0.0012968668
  -0.303385, 0.010980234, -0.0012968668
  -0.303385, 0.010990598, -0.0012968668
  -0.303385, 0.011459351, -0.0012968668
  -0.303385, 0.010554928, -0.0012968668
  -0.303385, 0.010605152, -0.0012968668
  -0.303385, 0.010882179, -0.0012968668
  -0.303385, 0.010708788, -0.0012968668
  -0.303385, 0.012072398, -0.0012968668
  -0.303385, 0.010838333, -0.0012968668
  -0.303385, 0.0099127834, -0.0012968668
  -0.303385, 0.0098517976, -0.0012968668
  -0.303385, 0.011297918, -0.0012968668
  -0.303385, 0.010342474, -0.0012968668
  -0.303385, 0.010923234, -0.0012968668
  -0.303385, 0.010969472, -0.0012968668
  -0.303385, 0.010441327, -0.0012968668
  -0.303385, 0.010498327, -0.0012968668
  -0.303385, 0.011154821, -0.0012968668
  -0.303385, 0.01037795, -0.0012968668
  -0.303385, 0.011130506, -0.0012968668
  -0.303385, 0.011588498, -0.0012968668
  -0.303385, 0.010647403, -0.0012968668
  -0.303385, 0.010670921, -0.0012968668
  -0.303385, 0.010536592, -0.0012968668
  -0.303385, 0.010407845, -0.0012968668
  -0.303385, 0.010949542, -0.0012968668
  -0.303385, 0.011626763, -0.0012968668
  -0.303385, 0.011592882, -0.0012968668
  -0.303385, 0.0090868842, -0.0012968668
  -0.303385, 0.010623487, -0.0012968668
  -0.303385, 0.010809633, -0.0012968668
  -0.303385, 0.0105629, -0.0012968668
  -0.303385, 0.011334191, -0.0012968668
  -0.303385, 0.010228475, -0.0012968668
  -0.303385, 0.010128426, -0.0012968668
  -0.303385, 0.011393981, -0.0012968668
  -0.303385, 0.011461743, -0.0012968668
  -0.303385, 0.010669725, -0.0012968668
  -0.303385, 0.01138003, -0.0012968668
  -0.303385, 0.011118947, -0.0012968668
  -0.303385, 0.011217401, -0.0012968668
  -0.303385, 0.010690452, -0.0012968668
  -0.303385, 0.01016709, -0.0012968668
  -0.303385, 0.011796966, -0.0012968668
  -0.303385, 0.011603246, -0.0012968668
  -0.29693, 0.0096066586, -0.0012697167
  -0.29693, 0.010635445, -0.0012697167
  -0.29693, 0.010154734, -0.0012697167
  -0.29693, 0.011289548, -0.0012697167
  -0.29693, 0.0098661472, -0.0012697167
  -0.29693, 0.011398764, -0.0012697167
  -0.29693, 0.009887273, -0.0012697167
  -0.29693, 0.0097569308, -0.0012697167
  -0.29693, 0.010718354, -0.0012697167
  -0.29693, 0.010227279, -0.0012697167
  -0.29693, 0.010661354, -0.0012697167
  -0.29693, 0.01058841, -0.0012697167
  -0.29693, 0.011373254, -0.0012697167
  -0.29693, 0.010885367, -0.0012697167
  -0.29693, 0.0097485602, -0.0012697167
  -0.29693, 0.010647403, -0.0012697167
  -0.29693, 0.0108762, -0.0012697167
  -0.29693, 0.011690141, -0.0012697167
  -0.29693, 0.010120055, -0.0012697167
  -0.29693, 0.011039227, -0.0012697167
  -0.29693, 0.010514271, -0.0012697167
  -0.29693, 0.011153227, -0.0012697167
  -0.29693, 0.011503197, -0.0012697167
  -0.29693, 0.010294642, -0.0012697167
  -0.29693, 0.010579641, -0.0012697167
  -0.29693, 0.0095990852, -0.0012697167
  -0.29693, 0.011289149, -0.0012697167
  -0.29693, 0.010491152, -0.0012697167
  -0.29693, 0.010428572, -0.0012697167
  -0.29693, 0.011871504, -0.0012697167
  -0.29693, 0.010586816, -0.0012697167
  -0.29693, 0.0097967908, -0.0012697167
  -0.29693, 0.010923234, -0.0012697167
  -0.29693, 0.011060353, -0.0012697167
  -0.29693, 0.010532208, -0.0012697167
  -0.29693, 0.010808438, -0.0012697167
  -0.29693, 0.011767071, -0.0012697167
  -0.29693, 0.010604753, -0.0012697167
  -0.29693, 0.010454879, -0.0012697167
  -0.29693, 0.0114741, -0.0012697167
  -0.29693, 0.0097541406, -0.0012697167
  -0.29693, 0.010586816, -0.0012697167
  -0.29693, 0.011478883, -0.0012697167
  -0.29693, 0.011307086, -0.0012697167
  -0.29693, 0.010856668, -0.0012697167
  -0.29693, 0.0096417354, -0.0012697167
  -0.29693, 0.0099566294, -0.0012697167
  -0.29693, 0.011214611, -0.0012697167
  -0.29693, 0.01095871, -0.0012697167
  -0.29693, 0.011176744, -0.0012697167
  -0.29693, 0.011336583, -0.0012697167
  -0.29693, 0.011417498, -0.0012697167
  -0.29693, 0.011432247, -0.0012697167
  -0.29693, 0.011176345, -0.0012697167
  -0.29693, 0.010320551, -0.0012697167
  -0.29693, 0.010518655, -0.0012697167
  -0.29693, 0.010498327, -0.0012697167
  -0.29693, 0.01076778, -0.0012697167
  -0.29693, 0.009972972, -0.0012697167
  -0.29693, 0.010013231, -0.0012697167
  -0.29693, 0.011873098, -0.0012697167
  -0.29693, 0.010926423, -0.0012697167
  -0.29693, 0.011221786, -0.0012697167
  -0.29693, 0.010810829, -0.0012697167
  -0.29693, 0.011498016, -0.0012697167
  -0.29693, 0.011012122, -0.0012697167
  -0.29693, 0.010862249, -0.0012697167
  -0.29693, 0.010510683, -0.0012697167
  -0.29693, 0.010426579, -0.0012697167
  -0.29693, 0.00958633, -0.0012697167
  -0.29693, 0.010541376, -0.0012697167
  -0.29693, 0.011557008, -0.0012697167
  -0.29693, 0.009879301, -0.0012697167
  -0.29693, 0.0094830926, -0.0012697167
  -0.29693, 0.01156498, -0.0012697167
  -0.29693, 0.011470911, -0.0012697167
  -0.29693, 0.011589694, -0.0012697167
  -0.29693, 0.010367187, -0.0012697167
  -0.29693, 0.011217003, -0.0012697167
  -0.29693, 0.011197073, -0.0012697167
  -0.29693, 0.0098785038, -0.0012697167
  -0.29693, 0.011996664, -0.0012697167
  -0.29693, 0.010660158, -0.0012697167
  -0.29693, 0.0098521962, -0.0012697167
  -0.29693, 0.011743952, -0.0012697167
  -0.29693, 0.011032849, -0.0012697167
  -0.29693, 0.010263551, -0.0012697167
  -0.29693, 0.010776948, -0.0012697167
  -0.29693, 0.010694837, -0.0012697167
  -0.29693, 0.011281177, -0.0012697167
  -0.29693, 0.011746742, -0.0012697167
  -0.29693, 0.010755025, -0.0012697167
  -0.29693, 0.011660246, -0.0012697167
  -0.29693, 0.010849095, -0.0012697167
  -0.29693, 0.011366079, -0.0012697167
  -0.29693, 0.011482869, -0.0012697167
  -0.29693, 0.011100213, -0.0012697167
  -0.29693, 0.010583627, -0.0012697167
  -0.29693, 0.011118947, -0.0012697167
  -0.29693, 0.010310188, -0.0012697167
  -0.29693, 0.010421397, -0.0012697167
  -0.29693, 0.01140554, -0.0012697167
  -0.29693, 0.01126324, -0.0012697167
  -0.29693, 0.010407047, -0.0012697167
  -0.29693, 0.01118631, -0.0012697167
  -0.29693, 0.011965972, -0.0012697167
  -0.29693, 0.010816011, -0.0012697167
  -0.29693, 0.011092241, -0.0012697167
  -0.29693, 0.010233656, -0.0012697167
  -0.29693, 0.011790588, -0.0012697167
  -0.29693, 0.011403946, -0.0012697167
  -0.29693, 0.010702011, -0.0012697167
  -0.29693, 0.010904102, -0.0012697167
  -0.29693, 0.010379943, -0.0012697167
  -0.29693, 0.011413512, -0.0012697167
  -0.29693, 0.010713571, -0.0012697167
  -0.29693, 0.011122136, -0.0012697167
  -0.29693, 0.009935105, -0.0012697167
  -0.29693, 0.010796878, -0.0012697167
  -0.29693, 0.01225416, -0.0012697167
  -0.29693, 0.010572865, -0.0012697167
  -0.29693, 0.011287156, -0.0012697167
  -0.29693, 0.009887273, -0.0012697167
  -0.29693, 0.0084810122, -0.0012697167
  -0.29693, 0.010755025, -0.0012697167
  -0.29693, 0.010643417, -0.0012697167
  -0.29693, 0.011068723, -0.0012697167
  -0.29693, 0.010549746, -0.0012697167
  -0.29693, 0.011342562, -0.0012697167
  -0.29693, 0.011527512, -0.0012697167
  -0.29693, 0.01118352, -0.0012697167
  -0.29693, 0.0096138334, -0.0012697167
  -0.29693, 0.011071912, -0.0012697167
  -0.29693, 0.010643019, -0.0012697167
  -0.29693, 0.012095118, -0.0012697167
  -0.29693, 0.011055171, -0.0012697167
  -0.29693, 0.01199786, -0.0012697167
  -0.29693, 0.011232548, -0.0012697167
  -0.29693, 0.010745857, -0.0012697167
  -0.29693, 0.010459264, -0.0012697167
  -0.29693, 0.011808525, -0.0012697167
  -0.29693, 0.01053739, -0.0012697167
  -0.29693, 0.011958, -0.0012697167
  -0.29693, 0.011014115, -0.0012697167
  -0.29693, 0.01014158, -0.0012697167
  -0.29693, 0.010757018, -0.0012697167
  -0.29693, 0.010865039, -0.0012697167
  -0.29693, 0.010361208, -0.0012697167
  -0.29693, 0.010413824, -0.0012697167
  -0.29693, 0.011269618, -0.0012697167
  -0.29693, 0.010015622, -0.0012697167
  -0.29693, 0.011565778, -0.0012697167
  -0.29693, 0.01229402, -0.0012697167
  -0.29693, 0.01105836, -0.0012697167
  -0.29693, 0.011410324, -0.0012697167
  -0.29693, 0.010564494, -0.0012697167
  -0.29693, 0.010892144, -0.0012697167
  -0.29693, 0.010854277, -0.0012697167
  -0.29693, 0.010285474, -0.0012697167
  -0.29693, 0.0094480158, -0.0012697167
  -0.29693, 0.011149639, -0.0012697167
  -0.29693, 0.01088736, -0.0012697167
  -0.29693, 0.010877794, -0.0012697167
  -0.29693, 0.010707193, -0.0012697167
  -0.29693, 0.0099514476, -0.0012697167
  -0.29693, 0.01038632, -0.0012697167
  -0.29693, 0.012046489, -0.0012697167
  -0.29693, 0.011629554, -0.0012697167
  -0.29693, 0.011900602, -0.0012697167
  -0.29693, 0.010421796, -0.0012697167
  -0.29693, 0.011040024, -0.0012697167
  -0.29693, 0.010337292, -0.0012697167
  -0.29693, 0.010888955, -0.0012697167
  -0.29693, 0.01157654, -0.0012697167
  -0.29693, 0.01124331, -0.0012697167
  -0.29693, 0.010670123, -0.0012697167
  -0.29693, 0.012366565, -0.0012697167
  -0.29693, 0.0098940492, -0.0012697167
  -0.29693, 0.010175062, -0.0012697167
  -0.29693, 0.010061461, -0.0012697167
  -0.29693, 0.010999766, -0.0012697167
  -0.29693, 0.010703606, -0.0012697167
  -0.29693, 0.0097589238, -0.0012697167
  -0.29693, 0.010587215, -0.0012697167
  -0.29693, 0.009355142, -0.0012697167
  -0.29693, 0.011936077, -0.0012697167
  -0.29693, 0.011571358, -0.0012697167
  -0.29693, 0.010531012, -0.0012697167
  -0.29693, 0.010506299, -0.0012697167
  -0.29693, 0.010632655, -0.0012697167
  -0.29693, 0.009881294, -0.0012697167
  -0.29693, 0.010214524, -0.0012697167
  -0.29693, 0.010690851, -0.0012697167
  -0.29693, 0.010990199, -0.0012697167
  -0.29693, 0.011403946, -0.0012697167
  -0.29693, 0.010624683, -0.0012697167
  -0.29693, 0.010378348, -0.0012697167
  -0.29693, 0.010826375, -0.0012697167
  -0.29693, 0.010547753, -0.0012697167
  -0.29693, 0.01014437, -0.0012697167
  -0.29693, 0.011894623, -0.0012697167
  -0.29693, 0.010636242, -0.0012697167
  -0.29693, 0.011462939, -0.0012697167
  -0.29693, 0.01167898, -0.0012697167
  -0.29693, 0.01073948, -0.0012697167
  -0.29693, 0.011883462, -0.0012697167
  -0.29693, 0.010288663, -0.0012697167
  -0.29693, 0.010962696, -0.0012697167
  -0.29693, 0.011013717, -0.0012697167
  -0.29693, 0.011872301, -0.0012697167
  -0.29693, 0.01185556, -0.0012697167
  -0.29693, 0.01004472, -0.0012697167
  -0.29693, 0.010818004, -0.0012697167
  -0.29693, 0.01133459, -0.0012697167
  -0.29693, 0.010257174, -0.0012697167
  -0.29693, 0.011106989, -0.0012697167
  -0.29693, 0.011132101, -0.0012697167
  -0.29693, 0.010108496, -0.0012697167
  -0.29693, 0.010235649, -0.0012697167
  -0.29693, 0.011274002, -0.0012697167
  -0.29693, 0.011134891, -0.0012697167
  -0.29693, 0.010710382, -0.0012697167
  -0.29693, 0.010630662, -0.0012697167
  -0.29693, 0.010078202, -0.0012697167
  -0.29693, 0.010440928, -0.0012697167
  -0.29693, 0.0097680916, -0.0012697167
  -0.29693, 0.009301331, -0.0012697167
  -0.29693, 0.010884172, -0.0012697167
  -0.29693, 0.011950825, -0.0012697167
  -0.29693, 0.011410722, -0.0012697167
  -0.29693, 0.0099777552, -0.0012697167
  -0.29693, 0.010007252, -0.0012697167
  -0.29693, 0.010556124, -0.0012697167
  -0.29693, 0.011104996, -0.0012697167
  -0.29693, 0.011579729, -0.0012697167
  -0.29693, 0.011472505, -0.0012697167
  -0.29693, 0.0098246928, -0.0012697167
  -0.29693, 0.0098765108, -0.0012697167
  -0.29693, 0.01167619, -0.0012697167
  -0.29693, 0.010702011, -0.0012697167
  -0.29693, 0.009400981, -0.0012697167
  -0.29693, 0.010838731, -0.0012697167
  -0.29693, 0.011238128, -0.0012697167
  -0.29693, 0.011568568, -0.0012697167
  -0.29693, 0.011203052, -0.0012697167
  -0.29693, 0.010620697, -0.0012697167
  -0.29693, 0.010994982, -0.0012697167
  -0.29693, 0.010939976, -0.0012697167
  -0.29693, 0.010599571, -0.0012697167
  -0.29693, 0.0098298746, -0.0012697167
  -0.29693, 0.012010615, -0.0012697167
  -0.29693, 0.011631945, -0.0012697167
  -0.29693, 0.012417187, -0.0012697167
  -0.29693, 0.010592396, -0.0012697167
  -0.29693, 0.010452886, -0.0012697167
  -0.29693, 0.01161919, -0.0012697167
  -0.29693, 0.011150436, -0.0012697167
  -0.29693, 0.011737574, -0.0012697167
  -0.29693, 0.010811228, -0.0012697167
  -0.29693, 0.010650991, -0.0012697167
  -0.29693, 0.011680973, -0.0012697167
  -0.29693, 0.010694438, -0.0012697167
  -0.29693, 0.010694837, -0.0012697167
  -0.29693, 0.010968276, -0.0012697167
  -0.29693, 0.010625879, -0.0012697167
  -0.29693, 0.0091829468, -0.0012697167
  -0.29693, 0.01075662, -0.0012697167
  -0.29693, 0.011328611, -0.0012697167
  -0.29693, 0.010899318, -0.0012697167
  -0.29693, 0.011395974, -0.0012697167
  -0.29693, 0.011511967, -0.0012697167
  -0.29693, 0.010439733, -0.0012697167
  -0.29693, 0.011028066, -0.0012697167
  -0.29693, 0.010556124, -0.0012697167
  -0.29693, 0.010968675, -0.0012697167
  -0.29693, 0.010811626, -0.0012697167
  -0.29693, 0.011107786, -0.0012697167
  -0.29693, 0.0092363592, -0.0012697167
  -0.29693, 0.011094234, -0.0012697167
  -0.29693, 0.010645809, -0.0012697167
  -0.29693, 0.011452974, -0.0012697167
  -0.29693, 0.010969472, -0.0012697167
  -0.29693, 0.011671805, -0.0012697167
  -0.29693, 0.011397967, -0.0012697167
  -0.29693, 0.010685669, -0.0012697167
  -0.29693, 0.0094830926, -0.0012697167
  -0.29693, 0.011586106, -0.0012697167
  -0.29693, 0.0095855328, -0.0012697167
  -0.29693, 0.0098725248, -0.0012697167
  -0.29693, 0.011507183, -0.0012697167
  -0.29693, 0.010740277, -0.0012697167
  -0.29693, 0.01165626, -0.0012697167
  -0.29693, 0.010677697, -0.0012697167
  -0.29693, 0.010451292, -0.0012697167
  -0.29693, 0.011003353, -0.0012697167
  -0.29693, 0.010438935, -0.0012697167
  -0.29693, 0.010506299, -0.0012697167
  -0.29693, 0.0097569308, -0.0012697167
  -0.29693, 0.011281974, -0.0012697167
  -0.29693, 0.010271922, -0.0012697167
  -0.29693, 0.012163279, -0.0012697167
  -0.29693, 0.010859857, -0.0012697167
  -0.29693, 0.010106104, -0.0012697167
  -0.29693, 0.010117265, -0.0012697167
  -0.29693, 0.010404656, -0.0012697167
  -0.29693, 0.010933997, -0.0012697167
  -0.29693, 0.011849581, -0.0012697167
  -0.29693, 0.01068806, -0.0012697167
  -0.29693, 0.010647403, -0.0012697167
  -0.29693, 0.010760207, -0.0012697167
  -0.29693, 0.011663833, -0.0012697167
  -0.29693, 0.011256464, -0.0012697167
  -0.29693, 0.010966682, -0.0012697167
  -0.29693, 0.010801263, -0.0012697167
  -0.29693, 0.0097334134, -0.0012697167
  -0.29693, 0.010605152, -0.0012697167
  -0.29693, 0.010429369, -0.0012697167
  -0.29693, 0.009901224, -0.0012697167
  -0.29693, 0.010865437, -0.0012697167
  -0.29693, 0.01136568, -0.0012697167
  -0.29693, 0.010772962, -0.0012697167
  -0.29693, 0.010310586, -0.0012697167
  -0.29693, 0.010915661, -0.0012697167
  -0.29693, 0.0099259372, -0.0012697167
  -0.29693, 0.010766186, -0.0012697167
  -0.29693, 0.010231663, -0.0012697167
  -0.29693, 0.01036081, -0.0012697167
  -0.29693, 0.01048318, -0.0012697167
  -0.29693, 0.010751438, -0.0012697167
  -0.29693, 0.0097748678, -0.0012697167
  -0.29693, 0.0096233998, -0.0012697167
  -0.29693, 0.010698823, -0.0012697167
  -0.29693, 0.010760606, -0.0012697167
  -0.29693, 0.011244506, -0.0012697167
  -0.29693, 0.010515467, -0.0012697167
  -0.29693, 0.010608739, -0.0012697167
  -0.29693, 0.010056678, -0.0012697167
  -0.29693, 0.010301817, -0.0012697167
  -0.29693, 0.011549834, -0.0012697167
  -0.29693, 0.01120066, -0.0012697167
  -0.29693, 0.011722427, -0.0012697167
  -0.29693, 0.011687351, -0.0012697167
  -0.29693, 0.010721941, -0.0012697167
  -0.29693, 0.011139276, -0.0012697167
  -0.29693, 0.011030059, -0.0012697167
  -0.29693, 0.01051746, -0.0012697167
  -0.29693, 0.0094041698, -0.0012697167
  -0.29693, 0.0100503, -0.0012697167
  -0.29693, 0.011014912, -0.0012697167
  -0.29693, 0.010461257, -0.0012697167
  -0.29693, 0.011413911, -0.0012697167
  -0.29693, 0.010138391, -0.0012697167
  -0.29693, 0.011850777, -0.0012697167
  -0.29693, 0.010561306, -0.0012697167
  -0.29693, 0.010564893, -0.0012697167
  -0.29693, 0.011069919, -0.0012697167
  -0.29693, 0.011214611, -0.0012697167
  -0.29693, 0.011103402, -0.0012697167
  -0.29693, 0.010485173, -0.0012697167
  -0.29693, 0.011035241, -0.0012697167
  -0.29693, 0.010143174, -0.0012697167
  -0.29693, 0.012065622, -0.0012697167
  -0.29693, 0.011841609, -0.0012697167
  -0.29693, 0.010623487, -0.0012697167
  -0.29693, 0.011073108, -0.0012697167
  -0.29693, 0.0095412882, -0.0012697167
  -0.29693, 0.010652186, -0.0012697167
  -0.29693, 0.01060834, -0.0012697167
  -0.29693, 0.011433442, -0.0012697167
  -0.29693, 0.011012122, -0.0012697167
  -0.29693, 0.010433355, -0.0012697167
  -0.29693, 0.01024402, -0.0012697167
  -0.29693, 0.011575344, -0.0012697167
  -0.29693, 0.010282286, -0.0012697167
  -0.29693, 0.010872214, -0.0012697167
  -0.29693, 0.011036835, -0.0012697167
  -0.29693, 0.011423477, -0.0012697167
  -0.29693, 0.010558117, -0.0012697167
  -0.29693, 0.010112083, -0.0012697167
  -0.29693, 0.010918053, -0.0012697167
  -0.29693, 0.011952021, -0.0012697167
  -0.29693, 0.010839927, -0.0012697167
  -0.29693, 0.0099538392, -0.0012697167
  -0.29693, 0.011476093, -0.0012697167
  -0.29693, 0.010493544, -0.0012697167
  -0.29693, 0.010516264, -0.0012697167
  -0.29693, 0.010517061, -0.0012697167
  -0.29693, 0.010975451, -0.0012697167
  -0.29693, 0.011575344, -0.0012697167
  -0.29693, 0.011210625, -0.0012697167
  -0.29693, 0.0094579808, -0.0012697167
  -0.29693, 0.010563299, -0.0012697167
  -0.29693, 0.011390394, -0.0012697167
  -0.29693, 0.011803742, -0.0012697167
  -0.29693, 0.011184716, -0.0012697167
  -0.29693, 0.010448103, -0.0012697167
  -0.29693, 0.012187992, -0.0012697167
  -0.29693, 0.011167975, -0.0012697167
  -0.29693, 0.010019608, -0.0012697167
  -0.29693, 0.010112881, -0.0012697167
  -0.29693, 0.011300709, -0.0012697167
  -0.29693, 0.011028863, -0.0012697167
  -0.29693, 0.010328922, -0.0012697167
  -0.29693, 0.010016419, -0.0012697167
  -0.29693, 0.010649396, -0.0012697167
  -0.29693, 0.010721144, -0.0012697167
  -0.29693, 0.011392785, -0.0012697167
  -0.29693, 0.010979038, -0.0012697167
  -0.29693, 0.010655375, -0.0012697167
  -0.29693, 0.010514271, -0.0012697167
  -0.29693, 0.010324139, -0.0012697167
  -0.29693, 0.011148842, -0.0012697167
  -0.29693, 0.011741959, -0.0012697167
  -0.29693, 0.0096054628, -0.0012697167
  -0.29693, 0.011044807, -0.0012697167
  -0.29693, 0.011301904, -0.0012697167
  -0.29693, 0.010324139, -0.0012697167
  -0.29693, 0.011008136, -0.0012697167
  -0.29693, 0.010650991, -0.0012697167
  -0.29693, 0.0097170708, -0.0012697167
  -0.29693, 0.011196674, -0.0012697167
  -0.29693, 0.01083913, -0.0012697167
  -0.29693, 0.01000765, -0.0012697167
  -0.29693, 0.009462764, -0.0012697167
  -0.29693, 0.010815612, -0.0012697167
  -0.29693, 0.011003353, -0.0012697167
  -0.29693, 0.010802857, -0.0012697167
  -0.29693, 0.011382422, -0.0012697167
  -0.29693, 0.0110468, -0.0012697167
  -0.29693, 0.011465729, -0.0012697167
  -0.29693, 0.0097740706, -0.0012697167
  -0.29693, 0.012042503, -0.0012697167
  -0.29693, 0.011169569, -0.0012697167
  -0.29693, 0.01040904, -0.0012697167
  -0.29693, 0.011282373, -0.0012697167
  -0.29693, 0.010426579, -0.0012697167
  -0.29693, 0.0095915118, -0.0012697167
  -0.29693, 0.010029573, -0.0012697167
  -0.29693, 0.01057725, -0.0012697167
  -0.29693, 0.010215719, -0.0012697167
  -0.29693, 0.010080195, -0.0012697167
  -0.29693, 0.0096883716, -0.0012697167
  -0.29693, 0.010715564, -0.0012697167
  -0.29693, 0.0099936992, -0.0012697167
  -0.29693, 0.011324226, -0.0012697167
  -0.29693, 0.011221387, -0.0012697167
  -0.29693, 0.0095078058, -0.0012697167
  -0.29693, 0.010643019, -0.0012697167
  -0.29693, 0.011591687, -0.0012697167
  -0.29693, 0.01100415, -0.0012697167
  -0.29693, 0.011167975, -0.0012697167
  -0.29693, 0.010926423, -0.0012697167
  -0.29693, 0.011382023, -0.0012697167
  -0.29693, 0.011910168, -0.0012697167
  -0.29693, 0.010563697, -0.0012697167
  -0.29693, 0.010761403, -0.0012697167
  -0.29693, 0.010749445, -0.0012697167
  -0.29693, 0.010837535, -0.0012697167
  -0.29693, 0.011466526, -0.0012697167
  -0.29693, 0.01034088, -0.0012697167
  -0.29693, 0.010918053, -0.0012697167
  -0.29693, 0.011132101, -0.0012697167
  -0.29693, 0.010613522, -0.0012697167
  -0.29693, 0.010537788, -0.0012697167
  -0.29693, 0.0092172264, -0.0012697167
  -0.29693, 0.010850291, -0.0012697167
  -0.29693, 0.011039227, -0.0012697167
  -0.29693, 0.011566176, -0.0012697167
  -0.29693, 0.01141989, -0.0012697167
  -0.29693, 0.011735183, -0.0012697167
  -0.29693, 0.011384016, -0.0012697167
  -0.29693, 0.010559711, -0.0012697167
  -0.29693, 0.010800067, -0.0012697167
  -0.29693, 0.01083913, -0.0012697167
  -0.29693, 0.011085066, -0.0012697167
  -0.29693, 0.01098422, -0.0012697167
  -0.29693, 0.010079398, -0.0012697167
  -0.29693, 0.011181926, -0.0012697167
  -0.29693, 0.010275111, -0.0012697167
  -0.29693, 0.011077891, -0.0012697167
  -0.29693, 0.010515467, -0.0012697167
  -0.29693, 0.0099964894, -0.0012697167
  -0.29693, 0.0099885174, -0.0012697167
  -0.29693, 0.010815214, -0.0012697167
  -0.29693, 0.012046091, -0.0012697167
  -0.29693, 0.010948745, -0.0012697167
  -0.29693, 0.010890948, -0.0012697167
  -0.29693, 0.0099004268, -0.0012697167
  -0.29693, 0.011093835, -0.0012697167
  -0.29693, 0.0098342592, -0.0012697167
  -0.29693, 0.011858749, -0.0012697167
  -0.29693, 0.010462054, -0.0012697167
  -0.29693, 0.010684074, -0.0012697167
  -0.29693, 0.01100694, -0.0012697167
  -0.29693, 0.0097035184, -0.0012697167
  -0.29693, 0.011087458, -0.0012697167
  -0.29693, 0.010518655, -0.0012697167
  -0.29693, 0.011950028, -0.0012697167
  -0.29693, 0.010793291, -0.0012697167
  -0.29693, 0.011101409, -0.0012697167
  -0.29693, 0.011341366, -0.0012697167
  -0.29693, 0.011679777, -0.0012697167
  -0.29693, 0.01013879, -0.0012697167
  -0.29693, 0.011209828, -0.0012697167
  -0.29693, 0.011092639, -0.0012697167
  -0.29693, 0.011092639, -0.0012697167
  -0.29693, 0.011556211, -0.0012697167
  -0.29693, 0.010305803, -0.0012697167
  -0.29693, 0.0095452742, -0.0012697167
  -0.29693, 0.010406649, -0.0012697167
  -0.29693, 0.01108666, -0.0012697167
  -0.29693, 0.010392299, -0.0012697167
  -0.29693, 0.010462851, -0.0012697167
  -0.29693, 0.011224576, -0.0012697167
  -0.29693, 0.011047199, -0.0012697167
  -0.29693, 0.011610421, -0.0012697167
  -0.29693, 0.011457757, -0.0012697167
  -0.29693, 0.010751836, -0.0012697167
  -0.29693, 0.010729913, -0.0012697167
  -0.29693, 0.011110576, -0.0012697167
  -0.29693, 0.011179534, -0.0012697167
  -0.29693, 0.010863444, -0.0012697167
  -0.29693, 0.010458865, -0.0012697167
  -0.29693, 0.012008224, -0.0012697167
  -0.29693, 0.011172359, -0.0012697167
  -0.29693, 0.0094890716, -0.0012697167
  -0.29693, 0.012230244, -0.0012697167
  -0.29693, 0.0099163708, -0.0012697167
  -0.29693, 0.012160887, -0.0012697167
  -0.29693, 0.011455764, -0.0012697167
  -0.29693, 0.0098804968, -0.0012697167
  -0.29693, 0.010684872, -0.0012697167
  -0.29693, 0.0096796024, -0.0012697167
  -0.29693, 0.010652984, -0.0012697167
  -0.29693, 0.0098266858, -0.0012697167
  -0.29693, 0.0096636584, -0.0012697167
  -0.29693, 0.011034444, -0.0012697167
  -0.29693, 0.011498414, -0.0012697167
  -0.29693, 0.010672914, -0.0012697167
  -0.29693, 0.010124041, -0.0012697167
  -0.29693, 0.011032849, -0.0012697167
  -0.29693, 0.010466837, -0.0012697167
  -0.29693, 0.011795371, -0.0012697167
  -0.29693, 0.010777347, -0.0012697167
  -0.29693, 0.01049753, -0.0012697167
  -0.29693, 0.010753829, -0.0012697167
  -0.29693, 0.011198268, -0.0012697167
  -0.29693, 0.010699221, -0.0012697167
  -0.29693, 0.011096625, -0.0012697167
  -0.29693, 0.010147957, -0.0012697167
  -0.29693, 0.012082363, -0.0012697167
  -0.29693, 0.011154422, -0.0012697167
  -0.29693, 0.010774557, -0.0012697167
  -0.29693, 0.0095349106, -0.0012697167
  -0.29693, 0.010960703, -0.0012697167
  -0.29693, 0.011880273, -0.0012697167
  -0.29693, 0.011053975, -0.0012697167
  -0.29693, 0.011674994, -0.0012697167
  -0.29693, 0.01037795, -0.0012697167
  -0.29693, 0.011871105, -0.0012697167
  -0.29693, 0.011167576, -0.0012697167
  -0.29693, 0.010097335, -0.0012697167
  -0.29693, 0.010887759, -0.0012697167
  -0.29693, 0.0092232054, -0.0012697167
  -0.29693, 0.011479281, -0.0012697167
  -0.29693, 0.011246499, -0.0012697167
  -0.29693, 0.010667333, -0.0012697167
  -0.29693, 0.011888644, -0.0012697167
  -0.29693, 0.010658564, -0.0012697167
  -0.29693, 0.010226083, -0.0012697167
  -0.29693, 0.011503197, -0.0012697167
  -0.29693, 0.010538187, -0.0012697167
  -0.29693, 0.0097007282, -0.0012697167
  -0.29693, 0.010032363, -0.0012697167
  -0.29693, 0.010862647, -0.0012697167
  -0.29693, 0.010135601, -0.0012697167
  -0.29693, 0.011435834, -0.0012697167
  -0.29693, 0.011092639, -0.0012697167
  -0.29693, 0.0099299232, -0.0012697167
  -0.29693, 0.011284765, -0.0012697167
  -0.29693, 0.011529106, -0.0012697167
  -0.29693, 0.010792095, -0.0012697167
  -0.29693, 0.010899717, -0.0012697167
  -0.29693, 0.010582431, -0.0012697167
  -0.29693, 0.011486855, -0.0012697167
  -0.29693, 0.011396771, -0.0012697167
  -0.29693, 0.0094201138, -0.0012697167
  -0.29693, 0.011527113, -0.0012697167
  -0.29693, 0.0107052, -0.0012697167
  -0.29693, 0.01013002, -0.0012697167
  -0.29693, 0.010776151, -0.0012697167
  -0.29693, 0.012101097, -0.0012697167
  -0.29693, 0.010996975, -0.0012697167
  -0.29693, 0.010306202, -0.0012697167
  -0.29693, 0.011587302, -0.0012697167
  -0.29693, 0.011619987, -0.0012697167
  -0.29693, 0.0097672944, -0.0012697167
  -0.29693, 0.011271212, -0.0012697167
  -0.29693, 0.011056367, -0.0012697167
  -0.29693, 0.010839927, -0.0012697167
  -0.29693, 0.010861451, -0.0012697167
  -0.29693, 0.0093802538, -0.0012697167
  -0.29693, 0.011671008, -0.0012697167
  -0.29693, 0.011744749, -0.0012697167
  -0.29693, 0.011481274, -0.0012697167
  -0.29693, 0.010710781, -0.0012697167
  -0.29693, 0.009968986, -0.0012697167
  -0.29693, 0.011663435, -0.0012697167
  -0.29693, 0.0089513602, -0.0012697167
  -0.29693, 0.0095062114, -0.0012697167
  -0.29693, 0.011384415, -0.0012697167
  -0.29693, 0.010572466, -0.0012697167
  -0.29693, 0.011308681, -0.0012697167
  -0.29693, 0.010174664, -0.0012697167
  -0.29693, 0.0096788052, -0.0012697167
  -0.29693, 0.011426268, -0.0012697167
  -0.29693, 0.010981829, -0.0012697167
  -0.29693, 0.011564582, -0.0012697167
  -0.29693, 0.0097370008, -0.0012697167
  -0.29693, 0.011391988, -0.0012697167
  -0.29693, 0.010675305, -0.0012697167
  -0.29693, 0.01074785, -0.0012697167
  -0.29693, 0.010308195, -0.0012697167
  -0.29693, 0.008886787, -0.0012697167
  -0.29693, 0.011429058, -0.0012697167
  -0.29693, 0.011737973, -0.0012697167
  -0.29693, 0.011456163, -0.0012697167
  -0.29693, 0.010383929, -0.0012697167
  -0.29693, 0.011413512, -0.0012697167
  -0.29693, 0.011618791, -0.0012697167
  -0.29693, 0.010936787, -0.0012697167
  -0.29693, 0.010760606, -0.0012697167
  -0.29693, 0.012227852, -0.0012697167
  -0.29693, 0.0098223012, -0.0012697167
  -0.29693, 0.011754315, -0.0012697167
  -0.29693, 0.01004472, -0.0012697167
  -0.29693, 0.010999766, -0.0012697167
  -0.29693, 0.010211335, -0.0012697167
  -0.29693, 0.010128825, -0.0012697167
  -0.29693, 0.010287069, -0.0012697167
  -0.29693, 0.010788906, -0.0012697167
  -0.29693, 0.011699707, -0.0012697167
  -0.29693, 0.010664543, -0.0012697167
  -0.29693, 0.011128115, -0.0012697167
  -0.29693, 0.010083384, -0.0012697167
  -0.29693, 0.011070716, -0.0012697167
  -0.29693, 0.012397656, -0.0012697167
  -0.29693, 0.012088741, -0.0012697167
  -0.29693, 0.010755424, -0.0012697167
  -0.29693, 0.010998968, -0.0012697167
  -0.29693, 0.010145566, -0.0012697167
  -0.29693, 0.009676015, -0.0012697167
  -0.29693, 0.010388313, -0.0012697167
  -0.29693, 0.010983822, -0.0012697167
  -0.29693, 0.011501603, -0.0012697167
  -0.29693, 0.010188216, -0.0012697167
  -0.29693, 0.011692931, -0.0012697167
  -0.29693, 0.011191891, -0.0012697167
  -0.29693, 0.01162198, -0.0012697167
  -0.29693, 0.01076778, -0.0012697167
  -0.29693, 0.010495935, -0.0012697167
  -0.29693, 0.010818403, -0.0012697167
  -0.29693, 0.0097106932, -0.0012697167
  -0.29693, 0.010936787, -0.0012697167
  -0.29693, 0.010810431, -0.0012697167
  -0.29693, 0.010917654, -0.0012697167
  -0.29693, 0.0086412494, -0.0012697167
  -0.29693, 0.010498327, -0.0012697167
  -0.29693, 0.010039937, -0.0012697167
  -0.29693, 0.01153389, -0.0012697167
  -0.29693, 0.01154505, -0.0012697167
  -0.29693, 0.011575344, -0.0012697167
  -0.29693, 0.011699309, -0.0012697167
  -0.29693, 0.011728805, -0.0012697167
  -0.29693, 0.011136087, -0.0012697167
  -0.29693, 0.010994584, -0.0012697167
  -0.29693, 0.011092241, -0.0012697167
  -0.29693, 0.011529505, -0.0012697167
  -0.29693, 0.009672029, -0.0012697167
  -0.29693, 0.010844312, -0.0012697167
  -0.29693, 0.011329009, -0.0012697167
  -0.29693, 0.0097473644, -0.0012697167
  -0.29693, 0.010494341, -0.0012697167
  -0.29693, 0.010837535, -0.0012697167
  -0.29693, 0.011603246, -0.0012697167
  -0.29693, 0.010490355, -0.0012697167
  -0.29693, 0.010836738, -0.0012697167
  -0.29693, 0.010681284, -0.0012697167
  -0.29693, 0.011106192, -0.0012697167
  -0.29693, 0.011464932, -0.0012697167
  -0.29693, 0.010941969, -0.0012697167
  -0.29693, 0.01113808, -0.0012697167
  -0.29693, 0.009929126, -0.0012697167
  -0.29693, 0.011173555, -0.0012697167
  -0.29693, 0.010836738, -0.0012697167
  -0.29693, 0.012157699, -0.0012697167
  -0.29693, 0.010825577, -0.0012697167
  -0.29693, 0.010596781, -0.0012697167
  -0.29693, 0.011606036, -0.0012697167
  -0.29693, 0.010464047, -0.0012697167
  -0.29693, 0.011065933, -0.0012697167
  -0.29693, 0.010738284, -0.0012697167
  -0.29693, 0.010016021, -0.0012697167
  -0.29693, 0.010009245, -0.0012697167
  -0.29693, 0.010185824, -0.0012697167
  -0.29693, 0.010079797, -0.0012697167
  -0.29693, 0.01110659, -0.0012697167
  -0.29693, 0.0096409382, -0.0012697167
  -0.29693, 0.011258457, -0.0012697167
  -0.29693, 0.011513162, -0.0012697167
  -0.29693, 0.011623973, -0.0012697167
  -0.29693, 0.01046325, -0.0012697167
  -0.29693, 0.011336981, -0.0012697167
  -0.29693, 0.011114562, -0.0012697167
  -0.29693, 0.010444117, -0.0012697167
  -0.29693, 0.010154335, -0.0012697167
  -0.29693, 0.011823672, -0.0012697167
  -0.29693, 0.011597267, -0.0012697167
  -0.29693, 0.010229272, -0.0012697167
  -0.29693, 0.01155382, -0.0012697167
  -0.29693, 0.010753032, -0.0012697167
  -0.29693, 0.011315457, -0.0012697167
  -0.29693, 0.010073419, -0.0012697167
  -0.29693, 0.010548152, -0.0012697167
  -0.29693, 0.011763882, -0.0012697167
  -0.29693, 0.011771854, -0.0012697167
  -0.29693, 0.01116359, -0.0012697167
  -0.29693, 0.011371261, -0.0012697167
  -0.29693, 0.01014995, -0.0012697167
  -0.29693, 0.010768578, -0.0012697167
  -0.29693, 0.011079486, -0.0012697167
  -0.29693, 0.0095679944, -0.0012697167
  -0.29693, 0.010664144, -0.0012697167
  -0.29693, 0.010382334, -0.0012697167
  -0.29693, 0.011293932, -0.0012697167
  -0.29693, 0.010208545, -0.0012697167
  -0.29693, 0.0099873216, -0.0012697167
  -0.29693, 0.011065535, -0.0012697167
  -0.29693, 0.010412229, -0.0012697167
  -0.29693, 0.011167178, -0.0012697167
  -0.29693, 0.010926822, -0.0012697167
  -0.29693, 0.011024479, -0.0012697167
  -0.29693, 0.010505502, -0.0012697167
  -0.29693, 0.011090646, -0.0012697167
  -0.29693, 0.011350135, -0.0012697167
  -0.29693, 0.0096911618, -0.0012697167
  -0.29693, 0.0096453228, -0.0012697167
  -0.29693, 0.011077891, -0.0012697167
  -0.29693, 0.010971864, -0.0012697167
  -0.29693, 0.010823983, -0.0012697167
  -0.29693, 0.011545449, -0.0012697167
  -0.29693, 0.009400981, -0.0012697167
  -0.29693, 0.010493145, -0.0012697167
  -0.29693, 0.010675305, -0.0012697167
  -0.29693, 0.011184716, -0.0012697167
  -0.29693, 0.011452974, -0.0012697167
  -0.29693, 0.0098545878, -0.0012697167
  -0.29693, 0.011096625, -0.0012697167
  -0.29693, 0.011261247, -0.0012697167
  -0.29693, 0.010467635, -0.0012697167
  -0.29693, 0.011286359, -0.0012697167
  -0.29693, 0.010348852, -0.0012697167
  -0.29693, 0.0098669444, -0.0012697167
  -0.29693, 0.010849892, -0.0012697167
  -0.29693, 0.011701302, -0.0012697167
  -0.29693, 0.010617907, -0.0012697167
  -0.29693, 0.011067129, -0.0012697167
  -0.29693, 0.01137445, -0.0012697167
  -0.29693, 0.012166866, -0.0012697167
  -0.29693, 0.010668928, -0.0012697167
  -0.29693, 0.01038074, -0.0012697167
  -0.29693, 0.011289946, -0.0012697167
  -0.29693, 0.011448191, -0.0012697167
  -0.29693, 0.011187506, -0.0012697167
  -0.29693, 0.011514757, -0.0012697167
  -0.29693, 0.0095209596, -0.0012697167
  -0.29693, 0.0099705804, -0.0012697167
  -0.29693, 0.010171475, -0.0012697167
  -0.29693, 0.011202254, -0.0012697167
  -0.29693, 0.011446198, -0.0012697167
  -0.29693, 0.0099275316, -0.0012697167
  -0.29693, 0.010502313, -0.0012697167
  -0.29693, 0.010060664, -0.0012697167
  -0.29693, 0.0096186166, -0.0012697167
  -0.29693, 0.010031168, -0.0012697167
  -0.29693, 0.010675704, -0.0012697167
  -0.29693, 0.010082986, -0.0012697167
  -0.29693, 0.011265233, -0.0012697167
  -0.29693, 0.010694837, -0.0012697167
  -0.29693, 0.01155661, -0.0012697167
  -0.29693, 0.009789616, -0.0012697167
  -0.29693, 0.01108108, -0.0012697167
  -0.29693, 0.011690938, -0.0012697167
  -0.29693, 0.010949941, -0.0012697167
  -0.29693, 0.010765787, -0.0012697167
  -0.29693, 0.010820794, -0.0012697167
  -0.29693, 0.011081877, -0.0012697167
  -0.29693, 0.011621183, -0.0012697167
  -0.29693, 0.010810032, -0.0012697167
  -0.29693, 0.011227765, -0.0012697167
  -0.29693, 0.011256464, -0.0012697167
  -0.29693, 0.010791696, -0.0012697167
  -0.29693, 0.011812511, -0.0012697167
  -0.29693, 0.011629554, -0.0012697167
  -0.29693, 0.011496421, -0.0012697167
  -0.29693, 0.011625568, -0.0012697167
  -0.29693, 0.01157375, -0.0012697167
  -0.29693, 0.011327016, -0.0012697167
  -0.29693, 0.011270415, -0.0012697167
  -0.29693, 0.011528708, -0.0012697167
  -0.29693, 0.011519939, -0.0012697167
  -0.29693, 0.011226968, -0.0012697167
  -0.29693, 0.010521844, -0.0012697167
  -0.29693, 0.011949231, -0.0012697167
  -0.29693, 0.0099646014, -0.0012697167
  -0.29693, 0.011432247, -0.0012697167
  -0.29693, 0.010391502, -0.0012697167
  -0.29693, 0.011700903, -0.0012697167
  -0.29693, 0.011098618, -0.0012697167
  -0.29693, 0.0099199582, -0.0012697167
  -0.29693, 0.0095719804, -0.0012697167
  -0.29693, 0.011258856, -0.0012697167
  -0.29693, 0.011731595, -0.0012697167
  -0.29693, 0.010897724, -0.0012697167
  -0.29693, 0.010452886, -0.0012697167
  -0.29693, 0.011138478, -0.0012697167
  -0.29693, 0.010235649, -0.0012697167
  -0.290475, 0.011730798, -0.0012425384
  -0.290475, 0.011601253, -0.0012425384
  -0.290475, 0.0093858342, -0.0012425384
  -0.290475, 0.010937983, -0.0012425384
  -0.290475, 0.010758214, -0.0012425384
  -0.290475, 0.010150748, -0.0012425384
  -0.290475, 0.010854277, -0.0012425384
  -0.290475, 0.011171164, -0.0012425384
  -0.290475, 0.011306289, -0.0012425384
  -0.290475, 0.010908486, -0.0012425384
  -0.290475, 0.010275111, -0.0012425384
  -0.290475, 0.011193087, -0.0012425384
  -0.290475, 0.010737487, -0.0012425384
  -0.290475, 0.011304695, -0.0012425384
  -0.290475, 0.012022972, -0.0012425384
  -0.290475, 0.011609624, -0.0012425384
  -0.290475, 0.010294244, -0.0012425384
  -0.290475, 0.011532694, -0.0012425384
  -0.290475, 0.011877483, -0.0012425384
  -0.290475, 0.011421086, -0.0012425384
  -0.290475, 0.011456163, -0.0012425384
  -0.290475, 0.010953129, -0.0012425384
  -0.290475, 0.01066813, -0.0012425384
  -0.290475, 0.010392698, -0.0012425384
  -0.290475, 0.010215719, -0.0012425384
  -0.290475, 0.011847588, -0.0012425384
  -0.290475, 0.011591687, -0.0012425384
  -0.290475, 0.011167576, -0.0012425384
  -0.290475, 0.010740676, -0.0012425384
  -0.290475, 0.010112881, -0.0012425384
  -0.290475, 0.011824868, -0.0012425384
  -0.290475, 0.010651788, -0.0012425384
  -0.290475, 0.012161685, -0.0012425384
  -0.290475, 0.011202254, -0.0012425384
  -0.290475, 0.011000164, -0.0012425384
  -0.290475, 0.011000164, -0.0012425384
  -0.290475, 0.01146533, -0.0012425384
  -0.290475, 0.011024479, -0.0012425384
  -0.290475, 0.010102118, -0.0012425384
  -0.290475, 0.010893339, -0.0012425384
  -0.290475, 0.010609536, -0.0012425384
  -0.290475, 0.010264747, -0.0012425384
  -0.290475, 0.0113601, -0.0012425384
  -0.290475, 0.011648288, -0.0012425384
  -0.290475, 0.011829651, -0.0012425384
  -0.290475, 0.011682567, -0.0012425384
  -0.290475, 0.011690539, -0.0012425384
  -0.290475, 0.011154422, -0.0012425384
  -0.290475, 0.010910479, -0.0012425384
  -0.290475, 0.011176345, -0.0012425384
  -0.290475, 0.011298716, -0.0012425384
  -0.290475, 0.010368383, -0.0012425384
  -0.290475, 0.011515155, -0.0012425384
  -0.290475, 0.011527113, -0.0012425384
  -0.290475, 0.011175548, -0.0012425384
  -0.290475, 0.012276481, -0.0012425384
  -0.290475, 0.010845906, -0.0012425384
  -0.290475, 0.010128825, -0.0012425384
  -0.290475, 0.010983024, -0.0012425384
  -0.290475, 0.0097880216, -0.0012425384
  -0.290475, 0.010642221, -0.0012425384
  -0.290475, 0.011865525, -0.0012425384
  -0.290475, 0.012038916, -0.0012425384
  -0.290475, 0.01106115, -0.0012425384
  -0.290475, 0.011494428, -0.0012425384
  -0.290475, 0.011438624, -0.0012425384
  -0.290475, 0.011967566, -0.0012425384
  -0.290475, 0.011051584, -0.0012425384
  -0.290475, 0.0097613154, -0.0012425384
  -0.290475, 0.011588896, -0.0012425384
  -0.290475, 0.01058562, -0.0012425384
  -0.290475, 0.010829962, -0.0012425384
  -0.290475, 0.011510372, -0.0012425384
  -0.290475, 0.011017304, -0.0012425384
  -0.290475, 0.010239237, -0.0012425384
  -0.290475, 0.010781333, -0.0012425384
  -0.290475, 0.010855871, -0.0012425384
  -0.290475, 0.011706483, -0.0012425384
  -0.290475, 0.009321261, -0.0012425384
  -0.290475, 0.0097772594, -0.0012425384
  -0.290475, 0.011581722, -0.0012425384
  -0.290475, 0.010673711, -0.0012425384
  -0.290475, 0.010645012, -0.0012425384
  -0.290475, 0.01089892, -0.0012425384
  -0.290475, 0.012146139, -0.0012425384
  -0.290475, 0.011138877, -0.0012425384
  -0.290475, 0.011007339, -0.0012425384
  -0.290475, 0.011170765, -0.0012425384
  -0.290475, 0.011731197, -0.0012425384
  -0.290475, 0.010543369, -0.0012425384
  -0.290475, 0.012013804, -0.0012425384
  -0.290475, 0.011974343, -0.0012425384
  -0.290475, 0.012447879, -0.0012425384
  -0.290475, 0.011470114, -0.0012425384
  -0.290475, 0.012511257, -0.0012425384
  -0.290475, 0.011348541, -0.0012425384
  -0.290475, 0.011171562, -0.0012425384
  -0.290475, 0.0098386438, -0.0012425384
  -0.290475, 0.011522729, -0.0012425384
  -0.290475, 0.011080283, -0.0012425384
  -0.290475, 0.012341055, -0.0012425384
  -0.290475, 0.012292425, -0.0012425384
  -0.290475, 0.011225373, -0.0012425384
  -0.290475, 0.011906182, -0.0012425384
  -0.290475, 0.011158408, -0.0012425384
  -0.290475, 0.011477687, -0.0012425384
  -0.290475, 0.010980234, -0.0012425384
  -0.290475, 0.010575257, -0.0012425384
  -0.290475, 0.011786602, -0.0012425384
  -0.290475, 0.011845993, -0.0012425384
  -0.290475, 0.011253674, -0.0012425384
  -0.290475, 0.011628756, -0.0012425384
  -0.290475, 0.011552624, -0.0012425384
  -0.290475, 0.010601564, -0.0012425384
  -0.290475, 0.010905696, -0.0012425384
  -0.290475, 0.010192999, -0.0012425384
  -0.290475, 0.010203363, -0.0012425384
  -0.290475, 0.010339684, -0.0012425384
  -0.290475, 0.010448502, -0.0012425384
  -0.290475, 0.010737885, -0.0012425384
  -0.290475, 0.010971066, -0.0012425384
  -0.290475, 0.011402352, -0.0012425384
  -0.290475, 0.0094065614, -0.0012425384
  -0.290475, 0.0088891786, -0.0012425384
  -0.290475, 0.01094157, -0.0012425384
  -0.290475, 0.010809235, -0.0012425384
  -0.290475, 0.010575655, -0.0012425384
  -0.290475, 0.010451292, -0.0012425384
  -0.290475, 0.011441813, -0.0012425384
  -0.290475, 0.0099378952, -0.0012425384
  -0.290475, 0.01043774, -0.0012425384
  -0.290475, 0.011433044, -0.0012425384
  -0.290475, 0.011908574, -0.0012425384
  -0.290475, 0.01070799, -0.0012425384
  -0.290475, 0.011560596, -0.0012425384
  -0.290475, 0.011204247, -0.0012425384
  -0.290475, 0.01114645, -0.0012425384
  -0.290475, 0.011289548, -0.0012425384
  -0.290475, 0.011732392, -0.0012425384
  -0.290475, 0.010306999, -0.0012425384
  -0.290475, 0.010396285, -0.0012425384
  -0.290475, 0.01102129, -0.0012425384
  -0.290475, 0.011704889, -0.0012425384
  -0.290475, 0.010771766, -0.0012425384
  -0.290475, 0.010823186, -0.0012425384
  -0.290475, 0.01034088, -0.0012425384
  -0.290475, 0.011541463, -0.0012425384
  -0.290475, 0.010943563, -0.0012425384
  -0.290475, 0.011291939, -0.0012425384
  -0.290475, 0.010312978, -0.0012425384
  -0.290475, 0.011788994, -0.0012425384
  -0.290475, 0.011088653, -0.0012425384
  -0.290475, 0.011562987, -0.0012425384
  -0.290475, 0.010940773, -0.0012425384
  -0.290475, 0.011113765, -0.0012425384
  -0.290475, 0.0101643, -0.0012425384
  -0.290475, 0.011256464, -0.0012425384
  -0.290475, 0.010915661, -0.0012425384
  -0.290475, 0.01163354, -0.0012425384
  -0.290475, 0.011427463, -0.0012425384
  -0.290475, 0.011267625, -0.0012425384
  -0.290475, 0.0094978408, -0.0012425384
  -0.290475, 0.010553334, -0.0012425384
  -0.290475, 0.011204646, -0.0012425384
  -0.290475, 0.011220191, -0.0012425384
  -0.290475, 0.010015224, -0.0012425384
  -0.290475, 0.010561704, -0.0012425384
  -0.290475, 0.011961189, -0.0012425384
  -0.290475, 0.011451379, -0.0012425384
  -0.290475, 0.010145566, -0.0012425384
  -0.290475, 0.011054374, -0.0012425384
  -0.290475, 0.011183122, -0.0012425384
  -0.290475, 0.011070716, -0.0012425384
  -0.290475, 0.010943563, -0.0012425384
  -0.290475, 0.011710868, -0.0012425384
  -0.290475, 0.011063542, -0.0012425384
  -0.290475, 0.010115671, -0.0012425384
  -0.290475, 0.010863843, -0.0012425384
  -0.290475, 0.011237331, -0.0012425384
  -0.290475, 0.010990996, -0.0012425384
  -0.290475, 0.011060353, -0.0012425384
  -0.290475, 0.010611928, -0.0012425384
  -0.290475, 0.009199688, -0.0012425384
  -0.290475, 0.0091562406, -0.0012425384
  -0.290475, 0.011348541, -0.0012425384
  -0.290475, 0.012054063, -0.0012425384
  -0.290475, 0.0093718832, -0.0012425384
  -0.290475, 0.012344642, -0.0012425384
  -0.290475, 0.0116734, -0.0012425384
  -0.290475, 0.011112569, -0.0012425384
  -0.290475, 0.011734784, -0.0012425384
  -0.290475, 0.011879077, -0.0012425384
  -0.290475, 0.0097720776, -0.0012425384
  -0.290475, 0.010269132, -0.0012425384
  -0.290475, 0.011146849, -0.0012425384
  -0.290475, 0.011329408, -0.0012425384
  -0.290475, 0.011828455, -0.0012425384
  -0.290475, 0.01168177, -0.0012425384
  -0.290475, 0.01072792, -0.0012425384
  -0.290475, 0.011025675, -0.0012425384
  -0.290475, 0.011049989, -0.0012425384
  -0.290475, 0.011183122, -0.0012425384
  -0.290475, 0.011934084, -0.0012425384
  -0.290475, 0.010620298, -0.0012425384
  -0.290475, 0.011504393, -0.0012425384
  -0.290475, 0.010873409, -0.0012425384
  -0.290475, 0.011950825, -0.0012425384
  -0.290475, 0.011100611, -0.0012425384
  -0.290475, 0.011852371, -0.0012425384
  -0.290475, 0.010210538, -0.0012425384
  -0.290475, 0.011039626, -0.0012425384
  -0.290475, 0.010397481, -0.0012425384
  -0.290475, 0.011138877, -0.0012425384
  -0.290475, 0.010930808, -0.0012425384
  -0.290475, 0.010522641, -0.0012425384
  -0.290475, 0.010850689, -0.0012425384
  -0.290475, 0.010811626, -0.0012425384
  -0.290475, 0.010533404, -0.0012425384
  -0.290475, 0.010399075, -0.0012425384
  -0.290475, 0.010625879, -0.0012425384
  -0.290475, 0.010859458, -0.0012425384
  -0.290475, 0.010706396, -0.0012425384
  -0.290475, 0.011013318, -0.0012425384
  -0.290475, 0.01122338, -0.0012425384
  -0.290475, 0.0116734, -0.0012425384
  -0.290475, 0.010711179, -0.0012425384
  -0.290475, 0.0099713776, -0.0012425384
  -0.290475, 0.012093125, -0.0012425384
  -0.290475, 0.011618393, -0.0012425384
  -0.290475, 0.011937671, -0.0012425384
  -0.290475, 0.011276394, -0.0012425384
  -0.290475, 0.01074506, -0.0012425384
  -0.290475, 0.011487253, -0.0012425384
  -0.290475, 0.010172671, -0.0012425384
  -0.290475, 0.011181129, -0.0012425384
  -0.290475, 0.010768179, -0.0012425384
  -0.290475, 0.0099478602, -0.0012425384
  -0.290475, 0.010985416, -0.0012425384
  -0.290475, 0.010200971, -0.0012425384
  -0.290475, 0.010973458, -0.0012425384
  -0.290475, 0.011401156, -0.0012425384
  -0.290475, 0.011094234, -0.0012425384
  -0.290475, 0.011378037, -0.0012425384
  -0.290475, 0.011901, -0.0012425384
  -0.290475, 0.01098143, -0.0012425384
  -0.290475, 0.011325422, -0.0012425384
  -0.290475, 0.010278698, -0.0012425384
  -0.290475, 0.011052381, -0.0012425384
  -0.290475, 0.010776151, -0.0012425384
  -0.290475, 0.01092722, -0.0012425384
  -0.290475, 0.0095161764, -0.0012425384
  -0.290475, 0.010441726, -0.0012425384
  -0.290475, 0.0096935534, -0.0012425384
  -0.290475, 0.010133608, -0.0012425384
  -0.290475, 0.01066534, -0.0012425384
  -0.290475, 0.011600456, -0.0012425384
  -0.290475, 0.011719239, -0.0012425384
  -0.290475, 0.011859147, -0.0012425384
  -0.290475, 0.01157933, -0.0012425384
  -0.290475, 0.011256863, -0.0012425384
  -0.290475, 0.011998259, -0.0012425384
  -0.290475, 0.011663833, -0.0012425384
  -0.290475, 0.0093718832, -0.0012425384
  -0.290475, 0.010890549, -0.0012425384
  -0.290475, 0.010535795, -0.0012425384
  -0.290475, 0.011008136, -0.0012425384
  -0.290475, 0.011864329, -0.0012425384
  -0.290475, 0.011395974, -0.0012425384
  -0.290475, 0.009976958, -0.0012425384
  -0.290475, 0.010511481, -0.0012425384
  -0.290475, 0.011167576, -0.0012425384
  -0.290475, 0.012187992, -0.0012425384
  -0.290475, 0.011383219, -0.0012425384
  -0.290475, 0.011989888, -0.0012425384
  -0.290475, 0.010263551, -0.0012425384
  -0.290475, 0.011748735, -0.0012425384
  -0.290475, 0.011567372, -0.0012425384
  -0.290475, 0.0099940978, -0.0012425384
  -0.290475, 0.011316653, -0.0012425384
  -0.290475, 0.010910081, -0.0012425384
  -0.290475, 0.0094842884, -0.0012425384
  -0.290475, 0.011806532, -0.0012425384
  -0.290475, 0.010355628, -0.0012425384
  -0.290475, 0.010793689, -0.0012425384
  -0.290475, 0.010273915, -0.0012425384
  -0.290475, 0.011313065, -0.0012425384
  -0.290475, 0.0099972866, -0.0012425384
  -0.290475, 0.010730711, -0.0012425384
  -0.290475, 0.010328125, -0.0012425384
  -0.290475, 0.010202566, -0.0012425384
  -0.290475, 0.010402264, -0.0012425384
  -0.290475, 0.010067839, -0.0012425384
  -0.290475, 0.011249688, -0.0012425384
  -0.290475, 0.0095113932, -0.0012425384
  -0.290475, 0.010169083, -0.0012425384
  -0.290475, 0.010293048, -0.0012425384
  -0.290475, 0.011014514, -0.0012425384
  -0.290475, 0.0095731762, -0.0012425384
  -0.290475, 0.011503596, -0.0012425384
  -0.290475, 0.011172758, -0.0012425384
  -0.290475, 0.011207038, -0.0012425384
  -0.290475, 0.011218198, -0.0012425384
  -0.290475, 0.010037944, -0.0012425384
  -0.290475, 0.011432645, -0.0012425384
  -0.290475, 0.010547355, -0.0012425384
  -0.290475, 0.0092598766, -0.0012425384
  -0.290475, 0.010564893, -0.0012425384
  -0.290475, 0.012112258, -0.0012425384
  -0.290475, 0.010871018, -0.0012425384
  -0.290475, 0.011022087, -0.0012425384
  -0.290475, 0.011679379, -0.0012425384
  -0.290475, 0.011318247, -0.0012425384
  -0.290475, 0.011471309, -0.0012425384
  -0.290475, 0.010875801, -0.0012425384
  -0.290475, 0.010065447, -0.0012425384
  -0.290475, 0.011906979, -0.0012425384
  -0.290475, 0.010934794, -0.0012425384
  -0.290475, 0.011049591, -0.0012425384
  -0.290475, 0.009889266, -0.0012425384
  -0.290475, 0.01185556, -0.0012425384
  -0.290475, 0.011090248, -0.0012425384
  -0.290475, 0.0094460228, -0.0012425384
  -0.290475, 0.010403061, -0.0012425384
  -0.290475, 0.010395887, -0.0012425384
  -0.290475, 0.011365282, -0.0012425384
  -0.290475, 0.011031255, -0.0012425384
  -0.290475, 0.010768578, -0.0012425384
  -0.290475, 0.011437428, -0.0012425384
  -0.290475, 0.011628756, -0.0012425384
  -0.290475, 0.010545362, -0.0012425384
  -0.290475, 0.011086262, -0.0012425384
  -0.290475, 0.011494428, -0.0012425384
  -0.290475, 0.0098717276, -0.0012425384
  -0.290475, 0.010191803, -0.0012425384
  -0.290475, 0.011364086, -0.0012425384
  -0.290475, 0.0099925034, -0.0012425384
  -0.290475, 0.0093447784, -0.0012425384
  -0.290475, 0.011170366, -0.0012425384
  -0.290475, 0.010848298, -0.0012425384
  -0.290475, 0.011049591, -0.0012425384
  -0.290475, 0.011689344, -0.0012425384
  -0.290475, 0.010781333, -0.0012425384
  -0.290475, 0.011251681, -0.0012425384
  -0.290475, 0.011128115, -0.0012425384
  -0.290475, 0.01211465, -0.0012425384
  -0.290475, 0.011754315, -0.0012425384
  -0.290475, 0.010910479, -0.0012425384
  -0.290475, 0.011555015, -0.0012425384
  -0.290475, 0.011229359, -0.0012425384
  -0.290475, 0.011732392, -0.0012425384
  -0.290475, 0.010814815, -0.0012425384
  -0.290475, 0.011293135, -0.0012425384
  -0.290475, 0.010265943, -0.0012425384
  -0.290475, 0.011500407, -0.0012425384
  -0.290475, 0.011969559, -0.0012425384
  -0.290475, 0.011111374, -0.0012425384
  -0.290475, 0.01137445, -0.0012425384
  -0.290475, 0.012125811, -0.0012425384
  -0.290475, 0.01059718, -0.0012425384
  -0.290475, 0.010371173, -0.0012425384
  -0.290475, 0.011062744, -0.0012425384
  -0.290475, 0.010330516, -0.0012425384
  -0.290475, 0.010882179, -0.0012425384
  -0.290475, 0.010378348, -0.0012425384
  -0.290475, 0.010171475, -0.0012425384
  -0.290475, 0.011388401, -0.0012425384
  -0.290475, 0.011725218, -0.0012425384
  -0.290475, 0.010333705, -0.0012425384
  -0.290475, 0.01149682, -0.0012425384
  -0.290475, 0.011097024, -0.0012425384
  -0.290475, 0.011296723, -0.0012425384
  -0.290475, 0.010123643, -0.0012425384
  -0.290475, 0.010116468, -0.0012425384
  -0.290475, 0.011129311, -0.0012425384
  -0.290475, 0.012054461, -0.0012425384
  -0.290475, 0.011448191, -0.0012425384
  -0.290475, 0.010922437, -0.0012425384
  -0.290475, 0.011106192, -0.0012425384
  -0.290475, 0.010853878, -0.0012425384
  -0.290475, 0.011705288, -0.0012425384
  -0.290475, 0.010544564, -0.0012425384
  -0.290475, 0.0112461, -0.0012425384
  -0.290475, 0.010211335, -0.0012425384
  -0.290475, 0.010447705, -0.0012425384
  -0.290475, 0.011528309, -0.0012425384
  -0.290475, 0.011635533, -0.0012425384
  -0.290475, 0.011692134, -0.0012425384
  -0.290475, 0.011973147, -0.0012425384
  -0.290475, 0.010855472, -0.0012425384
  -0.290475, 0.011821679, -0.0012425384
  -0.290475, 0.011175947, -0.0012425384
  -0.290475, 0.011906581, -0.0012425384
  -0.290475, 0.010408243, -0.0012425384
  -0.290475, 0.011565379, -0.0012425384
  -0.290475, 0.011501603, -0.0012425384
  -0.290475, 0.011743952, -0.0012425384
  -0.290475, 0.01132582, -0.0012425384
  -0.290475, 0.010917654, -0.0012425384
  -0.290475, 0.011176744, -0.0012425384
  -0.290475, 0.011258457, -0.0012425384
  -0.290475, 0.010643417, -0.0012425384
  -0.290475, 0.012489334, -0.0012425384
  -0.290475, 0.010212132, -0.0012425384
  -0.290475, 0.011696518, -0.0012425384
  -0.290475, 0.011335387, -0.0012425384
  -0.290475, 0.009875315, -0.0012425384
  -0.290475, 0.0107052, -0.0012425384
  -0.290475, 0.010280691, -0.0012425384
  -0.290475, 0.0091207652, -0.0012425384
  -0.290475, 0.010607145, -0.0012425384
  -0.290475, 0.011203849, -0.0012425384
  -0.290475, 0.011787798, -0.0012425384
  -0.290475, 0.010445313, -0.0012425384
  -0.290475, 0.010212929, -0.0012425384
  -0.290475, 0.011966769, -0.0012425384
  -0.290475, 0.011048395, -0.0012425384
  -0.290475, 0.011429456, -0.0012425384
  -0.290475, 0.010652585, -0.0012425384
  -0.290475, 0.011023283, -0.0012425384
  -0.290475, 0.010998171, -0.0012425384
  -0.290475, 0.0118727, -0.0012425384
  -0.290475, 0.011709274, -0.0012425384
  -0.290475, 0.010692046, -0.0012425384
  -0.290475, 0.010577648, -0.0012425384
  -0.290475, 0.011268821, -0.0012425384
  -0.290475, 0.010932004, -0.0012425384
  -0.290475, 0.011301506, -0.0012425384
  -0.290475, 0.012169657, -0.0012425384
  -0.290475, 0.011752721, -0.0012425384
  -0.290475, 0.011776637, -0.0012425384
  -0.290475, 0.01059718, -0.0012425384
  -0.290475, 0.011855161, -0.0012425384
  -0.290475, 0.011685756, -0.0012425384
  -0.290475, 0.011144059, -0.0012425384
  -0.290475, 0.010289859, -0.0012425384
  -0.290475, 0.01082478, -0.0012425384
  -0.290475, 0.010845507, -0.0012425384
  -0.290475, 0.0090410452, -0.0012425384
  -0.290475, 0.010347257, -0.0012425384
  -0.290475, 0.0097947978, -0.0012425384
  -0.290475, 0.011443806, -0.0012425384
  -0.290475, 0.0098242942, -0.0012425384
  -0.290475, 0.010467635, -0.0012425384
  -0.290475, 0.011730001, -0.0012425384
  -0.290475, 0.010825976, -0.0012425384
  -0.290475, 0.012136971, -0.0012425384
  -0.290475, 0.0097589238, -0.0012425384
  -0.290475, 0.011057563, -0.0012425384
  -0.290475, 0.011087059, -0.0012425384
  -0.290475, 0.011381624, -0.0012425384
  -0.290475, 0.010991395, -0.0012425384
  -0.290475, 0.0094496102, -0.0012425384
  -0.290475, 0.011409925, -0.0012425384
  -0.290475, 0.010204957, -0.0012425384
  -0.290475, 0.012084356, -0.0012425384
  -0.290475, 0.010344069, -0.0012425384
  -0.290475, 0.011448988, -0.0012425384
  -0.290475, 0.010641823, -0.0012425384
  -0.290475, 0.011412317, -0.0012425384
  -0.290475, 0.011610819, -0.0012425384
  -0.290475, 0.011075898, -0.0012425384
  -0.290475, 0.011406736, -0.0012425384
  -0.290475, 0.010707592, -0.0012425384
  -0.290475, 0.010943563, -0.0012425384
  -0.290475, 0.011865923, -0.0012425384
  -0.290475, 0.011352128, -0.0012425384
  -0.290475, 0.012070804, -0.0012425384
  -0.290475, 0.011181527, -0.0012425384
  -0.290475, 0.01065697, -0.0012425384
  -0.290475, 0.011414708, -0.0012425384
  -0.290475, 0.010811626, -0.0012425384
  -0.290475, 0.011026073, -0.0012425384
  -0.290475, 0.012105881, -0.0012425384
  -0.290475, 0.010259565, -0.0012425384
  -0.290475, 0.012072, -0.0012425384
  -0.290475, 0.011667819, -0.0012425384
  -0.290475, 0.01064262, -0.0012425384
  -0.290475, 0.010249999, -0.0012425384
  -0.290475, 0.011184716, -0.0012425384
  -0.290475, 0.011391988, -0.0012425384
  -0.290475, 0.010727522, -0.0012425384
  -0.290475, 0.0091765692, -0.0012425384
  -0.290475, 0.00902829, -0.0012425384
  -0.290475, 0.011178737, -0.0012425384
  -0.290475, 0.011615603, -0.0012425384
  -0.290475, 0.010748249, -0.0012425384
  -0.290475, 0.010284677, -0.0012425384
  -0.290475, 0.011270814, -0.0012425384
  -0.290475, 0.010653382, -0.0012425384
  -0.290475, 0.010956318, -0.0012425384
  -0.290475, 0.011646693, -0.0012425384
  -0.290475, 0.010962297, -0.0012425384
  -0.290475, 0.0097150778, -0.0012425384
  -0.290475, 0.011139276, -0.0012425384
  -0.290475, 0.011705288, -0.0012425384
  -0.290475, 0.010919248, -0.0012425384
  -0.290475, 0.010996178, -0.0012425384
  -0.290475, 0.010733899, -0.0012425384
  -0.290475, 0.011330604, -0.0012425384
  -0.290475, 0.010031168, -0.0012425384
  -0.290475, 0.010021601, -0.0012425384
  -0.290475, 0.010154734, -0.0012425384
  -0.290475, 0.011344953, -0.0012425384
  -0.290475, 0.011598861, -0.0012425384
  -0.290475, 0.011679777, -0.0012425384
  -0.290475, 0.011288352, -0.0012425384
  -0.290475, 0.010656172, -0.0012425384
  -0.290475, 0.010959108, -0.0012425384
  -0.290475, 0.0098681402, -0.0012425384
  -0.290475, 0.010370775, -0.0012425384
  -0.290475, 0.010903703, -0.0012425384
  -0.290475, 0.010905297, -0.0012425384
  -0.290475, 0.011140471, -0.0012425384
  -0.290475, 0.011668218, -0.0012425384
  -0.290475, 0.010534599, -0.0012425384
  -0.290475, 0.010419404, -0.0012425384
  -0.290475, 0.0097764622, -0.0012425384
  -0.290475, 0.009965, -0.0012425384
  -0.290475, 0.010992591, -0.0012425384
  -0.290475, 0.011631148, -0.0012425384
  -0.290475, 0.01148247, -0.0012425384
  -0.290475, 0.010527425, -0.0012425384
  -0.290475, 0.010749843, -0.0012425384
  -0.290475, 0.011325422, -0.0012425384
  -0.290475, 0.011730399, -0.0012425384
  -0.290475, 0.010652984, -0.0012425384
  -0.290475, 0.011047199, -0.0012425384
  -0.290475, 0.010856668, -0.0012425384
  -0.290475, 0.011298716, -0.0012425384
  -0.290475, 0.010957913, -0.0012425384
  -0.290475, 0.011545449, -0.0012425384
  -0.290475, 0.011013318, -0.0012425384
  -0.290475, 0.011273205, -0.0012425384
  -0.290475, 0.011130108, -0.0012425384
  -0.290475, 0.011178737, -0.0012425384
  -0.290475, 0.011510771, -0.0012425384
  -0.290475, 0.010365992, -0.0012425384
  -0.290475, 0.010449299, -0.0012425384
  -0.290475, 0.011344953, -0.0012425384
  -0.290475, 0.01026116, -0.0012425384
  -0.290475, 0.010216915, -0.0012425384
  -0.290475, 0.011786602, -0.0012425384
  -0.290475, 0.011790588, -0.0012425384
  -0.290475, 0.01076778, -0.0012425384
  -0.290475, 0.010706396, -0.0012425384
  -0.290475, 0.012278873, -0.0012425384
  -0.290475, 0.011484463, -0.0012425384
  -0.290475, 0.01101571, -0.0012425384
  -0.290475, 0.011272009, -0.0012425384
  -0.290475, 0.011703295, -0.0012425384
  -0.290475, 0.011447393, -0.0012425384
  -0.290475, 0.011431051, -0.0012425384
  -0.290475, 0.011081479, -0.0012425384
  -0.290475, 0.011391191, -0.0012425384
  -0.290475, 0.010142377, -0.0012425384
  -0.290475, 0.009672029, -0.0012425384
  -0.290475, 0.011398764, -0.0012425384
  -0.290475, 0.010763396, -0.0012425384
  -0.290475, 0.0098537906, -0.0012425384
  -0.290475, 0.012064426, -0.0012425384
  -0.290475, 0.0096532948, -0.0012425384
  -0.290475, 0.011334191, -0.0012425384
  -0.290475, 0.01038911, -0.0012425384
  -0.290475, 0.01040067, -0.0012425384
  -0.290475, 0.010891346, -0.0012425384
  -0.290475, 0.010653382, -0.0012425384
  -0.290475, 0.011689742, -0.0012425384
  -0.290475, 0.011332597, -0.0012425384
  -0.290475, 0.011279583, -0.0012425384
  -0.290475, 0.0097314204, -0.0012425384
  -0.290475, 0.010673711, -0.0012425384
  -0.290475, 0.011819287, -0.0012425384
  -0.290475, 0.011132101, -0.0012425384
  -0.290475, 0.010548949, -0.0012425384
  -0.290475, 0.0096564836, -0.0012425384
  -0.290475, 0.011187506, -0.0012425384
  -0.290475, 0.0098398396, -0.0012425384
  -0.290475, 0.010217712, -0.0012425384
  -0.290475, 0.010749843, -0.0012425384
  -0.290475, 0.010983024, -0.0012425384
  -0.290475, 0.010837934, -0.0012425384
  -0.290475, 0.010949542, -0.0012425384
  -0.290475, 0.010992192, -0.0012425384
  -0.290475, 0.011276793, -0.0012425384
  -0.290475, 0.01108387, -0.0012425384
  -0.290475, 0.011269219, -0.0012425384
  -0.290475, 0.010091356, -0.0012425384
  -0.290475, 0.010952332, -0.0012425384
  -0.290475, 0.010770172, -0.0012425384
  -0.290475, 0.011884658, -0.0012425384
  -0.290475, 0.010509886, -0.0012425384
  -0.290475, 0.011130905, -0.0012425384
  -0.290475, 0.010912871, -0.0012425384
  -0.290475, 0.011017703, -0.0012425384
  -0.290475, 0.010339684, -0.0012425384
  -0.290475, 0.010671718, -0.0012425384
  -0.290475, 0.01107829, -0.0012425384
  -0.290475, 0.010733899, -0.0012425384
  -0.290475, 0.010362803, -0.0012425384
  -0.290475, 0.012050874, -0.0012425384
  -0.290475, 0.011678183, -0.0012425384
  -0.290475, 0.010702809, -0.0012425384
  -0.290475, 0.011711267, -0.0012425384
  -0.290475, 0.0098019726, -0.0012425384
  -0.290475, 0.011095828, -0.0012425384
  -0.290475, 0.011880672, -0.0012425384
  -0.290475, 0.010012433, -0.0012425384
  -0.290475, 0.010647005, -0.0012425384
  -0.290475, 0.010668529, -0.0012425384
  -0.290475, 0.010882179, -0.0012425384
  -0.290475, 0.010431761, -0.0012425384
  -0.290475, 0.010533802, -0.0012425384
  -0.290475, 0.010106902, -0.0012425384
  -0.290475, 0.010689256, -0.0012425384
  -0.290475, 0.011144856, -0.0012425384
  -0.290475, 0.010551341, -0.0012425384
  -0.290475, 0.011396771, -0.0012425384
  -0.290475, 0.010594389, -0.0012425384
  -0.290475, 0.010200573, -0.0012425384
  -0.290475, 0.0099693846, -0.0012425384
  -0.290475, 0.011515953, -0.0012425384
  -0.290475, 0.011370862, -0.0012425384
  -0.290475, 0.010258768, -0.0012425384
  -0.290475, 0.01120624, -0.0012425384
  -0.290475, 0.010922836, -0.0012425384
  -0.290475, 0.011761889, -0.0012425384
  -0.290475, 0.012145741, -0.0012425384
  -0.290475, 0.011369268, -0.0012425384
  -0.290475, 0.010133608, -0.0012425384
  -0.290475, 0.011311869, -0.0012425384
  -0.290475, 0.010773361, -0.0012425384
  -0.290475, 0.012472194, -0.0012425384
  -0.290475, 0.011352128, -0.0012425384
  -0.290475, 0.011491638, -0.0012425384
  -0.290475, 0.010863843, -0.0012425384
  -0.290475, 0.011057961, -0.0012425384
  -0.290475, 0.010765389, -0.0012425384
  -0.290475, 0.011496023, -0.0012425384
  -0.290475, 0.010222894, -0.0012425384
  -0.290475, 0.01124052, -0.0012425384
  -0.290475, 0.010694438, -0.0012425384
  -0.290475, 0.010328922, -0.0012425384
  -0.290475, 0.010811228, -0.0012425384
  -0.290475, 0.010027979, -0.0012425384
  -0.290475, 0.011293932, -0.0012425384
  -0.290475, 0.011275198, -0.0012425384
  -0.290475, 0.010854277, -0.0012425384
  -0.290475, 0.010948745, -0.0012425384
  -0.290475, 0.010948745, -0.0012425384
  -0.290475, 0.010971465, -0.0012425384
  -0.290475, 0.011080283, -0.0012425384
  -0.290475, 0.0098796996, -0.0012425384
  -0.290475, 0.010694039, -0.0012425384
  -0.290475, 0.011841609, -0.0012425384
  -0.290475, 0.010224489, -0.0012425384
  -0.290475, 0.011648288, -0.0012425384
  -0.290475, 0.012329894, -0.0012425384
  -0.290475, 0.01026116, -0.0012425384
  -0.290475, 0.011071115, -0.0012425384
  -0.290475, 0.011321834, -0.0012425384
  -0.290475, 0.010457271, -0.0012425384
  -0.290475, 0.010051496, -0.0012425384
  -0.290475, 0.011506386, -0.0012425384
  -0.290475, 0.010789305, -0.0012425384
  -0.290475, 0.010582431, -0.0012425384
  -0.290475, 0.010797277, -0.0012425384
  -0.290475, 0.010712774, -0.0012425384
  -0.290475, 0.01219716, -0.0012425384
  -0.290475, 0.011598064, -0.0012425384
  -0.290475, 0.011150835, -0.0012425384
  -0.290475, 0.010365992, -0.0012425384
  -0.290475, 0.011311072, -0.0012425384
  -0.290475, 0.011178338, -0.0012425384
  -0.290475, 0.0111608, -0.0012425384
  -0.290475, 0.010375957, -0.0012425384
  -0.290475, 0.0110185, -0.0012425384
  -0.290475, 0.010983822, -0.0012425384
  -0.290475, 0.011154024, -0.0012425384
  -0.290475, 0.011756707, -0.0012425384
  -0.290475, 0.011571757, -0.0012425384
  -0.290475, 0.010630263, -0.0012425384
  -0.290475, 0.012033335, -0.0012425384
  -0.290475, 0.010526627, -0.0012425384
  -0.290475, 0.011015311, -0.0012425384
  -0.290475, 0.011720434, -0.0012425384
  -0.290475, 0.0098366508, -0.0012425384
  -0.290475, 0.011804539, -0.0012425384
  -0.290475, 0.011793378, -0.0012425384
  -0.290475, 0.010384726, -0.0012425384
  -0.290475, 0.010513474, -0.0012425384
  -0.290475, 0.0098860772, -0.0012425384
  -0.290475, 0.010954325, -0.0012425384
  -0.290475, 0.010178251, -0.0012425384
  -0.290475, 0.010861451, -0.0012425384
  -0.290475, 0.011644302, -0.0012425384
  -0.290475, 0.011279184, -0.0012425384
  -0.290475, 0.01138561, -0.0012425384
  -0.290475, 0.010081391, -0.0012425384
  -0.290475, 0.011013717, -0.0012425384
  -0.290475, 0.011192289, -0.0012425384
  -0.290475, 0.011706085, -0.0012425384
  -0.290475, 0.010067042, -0.0012425384
  -0.290475, 0.010606347, -0.0012425384
  -0.290475, 0.010552536, -0.0012425384
  -0.290475, 0.010581236, -0.0012425384
  -0.290475, 0.010142776, -0.0012425384
  -0.290475, 0.010435747, -0.0012425384
  -0.290475, 0.011029661, -0.0012425384
  -0.290475, 0.010790102, -0.0012425384
  -0.290475, 0.011708078, -0.0012425384
  -0.290475, 0.011126122, -0.0012425384
  -0.290475, 0.011044807, -0.0012425384
  -0.290475, 0.010235649, -0.0012425384
  -0.290475, 0.010491551, -0.0012425384
  -0.290475, 0.01122338, -0.0012425384
  -0.290475, 0.011828056, -0.0012425384
  -0.290475, 0.011034045, -0.0012425384
  -0.290475, 0.010747053, -0.0012425384
  -0.290475, 0.010494739, -0.0012425384
  -0.290475, 0.0098183152, -0.0012425384
  -0.290475, 0.010232062, -0.0012425384
  -0.290475, 0.0096369522, -0.0012425384
  -0.290475, 0.0106769, -0.0012425384
  -0.290475, 0.011580127, -0.0012425384
  -0.290475, 0.011226569, -0.0012425384
  -0.290475, 0.010684872, -0.0012425384
  -0.290475, 0.010952332, -0.0012425384
  -0.290475, 0.011219394, -0.0012425384
  -0.290475, 0.010896528, -0.0012425384
  -0.290475, 0.011111772, -0.0012425384
  -0.290475, 0.0097908118, -0.0012425384
  -0.290475, 0.010561704, -0.0012425384
  -0.290475, 0.010754627, -0.0012425384
  -0.290475, 0.011551827, -0.0012425384
  -0.290475, 0.010992192, -0.0012425384
  -0.290475, 0.011280779, -0.0012425384
  -0.290475, 0.011523127, -0.0012425384
  -0.290475, 0.010638634, -0.0012425384
  -0.290475, 0.011606036, -0.0012425384
  -0.290475, 0.011067129, -0.0012425384
  -0.290475, 0.010957514, -0.0012425384
  -0.290475, 0.011276394, -0.0012425384
  -0.290475, 0.011758301, -0.0012425384
  -0.290475, 0.011378037, -0.0012425384
  -0.290475, 0.011309478, -0.0012425384
  -0.290475, 0.010381936, -0.0012425384
  -0.290475, 0.011387205, -0.0012425384
  -0.290475, 0.010436544, -0.0012425384
  -0.290475, 0.01071676, -0.0012425384
  -0.290475, 0.010886563, -0.0012425384
  -0.290475, 0.010941171, -0.0012425384
  -0.290475, 0.0099506504, -0.0012425384
  -0.290475, 0.0111038, -0.0012425384
  -0.290475, 0.011276394, -0.0012425384
  -0.290475, 0.0109045, -0.0012425384
  -0.290475, 0.011490841, -0.0012425384
  -0.290475, 0.011689344, -0.0012425384
  -0.290475, 0.010608739, -0.0012425384
  -0.290475, 0.011589694, -0.0012425384
  -0.290475, 0.011351331, -0.0012425384
  -0.290475, 0.010364397, -0.0012425384
  -0.290475, 0.010909682, -0.0012425384
  -0.290475, 0.011266828, -0.0012425384
  -0.290475, 0.010373565, -0.0012425384
  -0.290475, 0.010529816, -0.0012425384
  -0.290475, 0.010825179, -0.0012425384
  -0.290475, 0.010939976, -0.0012425384
  -0.290475, 0.01205765, -0.0012425384
  -0.290475, 0.010419803, -0.0012425384
  -0.290475, 0.011111772, -0.0012425384
  -0.290475, 0.011301506, -0.0012425384
  -0.290475, 0.011364883, -0.0012425384
  -0.290475, 0.011348939, -0.0012425384
  -0.290475, 0.011805336, -0.0012425384
  -0.290475, 0.01044332, -0.0012425384
  -0.290475, 0.0098685388, -0.0012425384
  -0.290475, 0.011995468, -0.0012425384
  -0.290475, 0.010939976, -0.0012425384
  -0.290475, 0.01082199, -0.0012425384
  -0.290475, 0.01116359, -0.0012425384
  -0.290475, 0.01161919, -0.0012425384
  -0.290475, 0.010588012, -0.0012425384
  -0.290475, 0.011014912, -0.0012425384
  -0.290475, 0.010845109, -0.0012425384
  -0.290475, 0.011641113, -0.0012425384
  -0.290475, 0.009472729, -0.0012425384
  -0.290475, 0.011233345, -0.0012425384
  -0.290475, 0.011831644, -0.0012425384
  -0.290475, 0.010197782, -0.0012425384
  -0.290475, 0.011529505, -0.0012425384
  -0.290475, 0.011607232, -0.0012425384
  -0.290475, 0.011420687, -0.0012425384
  -0.290475, 0.010956717, -0.0012425384
  -0.290475, 0.012093923, -0.0012425384
  -0.28402, 0.011304695, -0.0012153324
  -0.28402, 0.011183919, -0.0012153324
  -0.28402, 0.011925315, -0.0012153324
  -0.28402, 0.0094376522, -0.0012153324
  -0.28402, 0.011530701, -0.0012153324
  -0.28402, 0.010353236, -0.0012153324
  -0.28402, 0.011872301, -0.0012153324
  -0.28402, 0.011537477, -0.0012153324
  -0.28402, 0.010545362, -0.0012153324
  -0.28402, 0.011824868, -0.0012153324
  -0.28402, 0.012031342, -0.0012153324
  -0.28402, 0.010882577, -0.0012153324
  -0.28402, 0.011807728, -0.0012153324
  -0.28402, 0.010582431, -0.0012153324
  -0.28402, 0.010808438, -0.0012153324
  -0.28402, 0.011088653, -0.0012153324
  -0.28402, 0.011035241, -0.0012153324
  -0.28402, 0.010489956, -0.0012153324
  -0.28402, 0.011508379, -0.0012153324
  -0.28402, 0.011224975, -0.0012153324
  -0.28402, 0.011063143, -0.0012153324
  -0.28402, 0.01203493, -0.0012153324
  -0.28402, 0.011308681, -0.0012153324
  -0.28402, 0.0121003, -0.0012153324
  -0.28402, 0.012147734, -0.0012153324
  -0.28402, 0.010053489, -0.0012153324
  -0.28402, 0.01096708, -0.0012153324
  -0.28402, 0.011178338, -0.0012153324
  -0.28402, 0.011855161, -0.0012153324
  -0.28402, 0.010683277, -0.0012153324
  -0.28402, 0.011134492, -0.0012153324
  -0.28402, 0.010816011, -0.0012153324
  -0.28402, 0.010757815, -0.0012153324
  -0.28402, 0.011189101, -0.0012153324
  -0.28402, 0.012168859, -0.0012153324
  -0.28402, 0.011734784, -0.0012153324
  -0.28402, 0.011509176, -0.0012153324
  -0.28402, 0.010067042, -0.0012153324
  -0.28402, 0.010485572, -0.0012153324
  -0.28402, 0.011235737, -0.0012153324
  -0.28402, 0.010954325, -0.0012153324
  -0.28402, 0.010421397, -0.0012153324
  -0.28402, 0.0099861258, -0.0012153324
  -0.28402, 0.01196358, -0.0012153324
  -0.28402, 0.010440131, -0.0012153324
  -0.28402, 0.011146052, -0.0012153324
  -0.28402, 0.011196674, -0.0012153324
  -0.28402, 0.011399561, -0.0012153324
  -0.28402, 0.010687263, -0.0012153324
  -0.28402, 0.010597977, -0.0012153324
  -0.28402, 0.010902109, -0.0012153324
  -0.28402, 0.011492037, -0.0012153324
  -0.28402, 0.010746256, -0.0012153324
  -0.28402, 0.010104111, -0.0012153324
  -0.28402, 0.010917255, -0.0012153324
  -0.28402, 0.010737885, -0.0012153324
  -0.28402, 0.011568169, -0.0012153324
  -0.28402, 0.01058283, -0.0012153324
  -0.28402, 0.011258457, -0.0012153324
  -0.28402, 0.01016709, -0.0012153324
  -0.28402, 0.012082363, -0.0012153324
  -0.28402, 0.01182407, -0.0012153324
  -0.28402, 0.010601963, -0.0012153324
  -0.28402, 0.011287953, -0.0012153324
  -0.28402, 0.01158491, -0.0012153324
  -0.28402, 0.010367187, -0.0012153324
  -0.28402, 0.010624683, -0.0012153324
  -0.28402, 0.01127759, -0.0012153324
  -0.28402, 0.011202653, -0.0012153324
  -0.28402, 0.012105482, -0.0012153324
  -0.28402, 0.011842406, -0.0012153324
  -0.28402, 0.011973944, -0.0012153324
  -0.28402, 0.01038911, -0.0012153324
  -0.28402, 0.010888556, -0.0012153324
  -0.28402, 0.0091430868, -0.0012153324
  -0.28402, 0.010657368, -0.0012153324
  -0.28402, 0.009430876, -0.0012153324
  -0.28402, 0.010815214, -0.0012153324
  -0.28402, 0.011310674, -0.0012153324
  -0.28402, 0.01165626, -0.0012153324
  -0.28402, 0.011236933, -0.0012153324
  -0.28402, 0.011246499, -0.0012153324
  -0.28402, 0.011867518, -0.0012153324
  -0.28402, 0.010961101, -0.0012153324
  -0.28402, 0.010943962, -0.0012153324
  -0.28402, 0.010647802, -0.0012153324
  -0.28402, 0.010651389, -0.0012153324
  -0.28402, 0.010685669, -0.0012153324
  -0.28402, 0.011205443, -0.0012153324
  -0.28402, 0.011170366, -0.0012153324
  -0.28402, 0.011594477, -0.0012153324
  -0.28402, 0.010767382, -0.0012153324
  -0.28402, 0.011246898, -0.0012153324
  -0.28402, 0.011763085, -0.0012153324
  -0.28402, 0.011608428, -0.0012153324
  -0.28402, 0.011894623, -0.0012153324
  -0.28402, 0.012028552, -0.0012153324
  -0.28402, 0.01059718, -0.0012153324
  -0.28402, 0.0097967908, -0.0012153324
  -0.28402, 0.01050032, -0.0012153324
  -0.28402, 0.011740364, -0.0012153324
  -0.28402, 0.0108475, -0.0012153324
  -0.28402, 0.01050869, -0.0012153324
  -0.28402, 0.01137445, -0.0012153324
  -0.28402, 0.01030381, -0.0012153324
  -0.28402, 0.010719948, -0.0012153324
  -0.28402, 0.011136087, -0.0012153324
  -0.28402, 0.010810829, -0.0012153324
  -0.28402, 0.011927706, -0.0012153324
  -0.28402, 0.011248093, -0.0012153324
  -0.28402, 0.01219716, -0.0012153324
  -0.28402, 0.011091842, -0.0012153324
  -0.28402, 0.010066244, -0.0012153324
  -0.28402, 0.01141431, -0.0012153324
  -0.28402, 0.010774557, -0.0012153324
  -0.28402, 0.010763794, -0.0012153324
  -0.28402, 0.0099442728, -0.0012153324
  -0.28402, 0.011647092, -0.0012153324
  -0.28402, 0.01176149, -0.0012153324
  -0.28402, 0.010911276, -0.0012153324
  -0.28402, 0.011615204, -0.0012153324
  -0.28402, 0.010796081, -0.0012153324
  -0.28402, 0.010933598, -0.0012153324
  -0.28402, 0.011860343, -0.0012153324
  -0.28402, 0.010279894, -0.0012153324
  -0.28402, 0.011326618, -0.0012153324
  -0.28402, 0.011460149, -0.0012153324
  -0.28402, 0.010834347, -0.0012153324
  -0.28402, 0.0099247414, -0.0012153324
  -0.28402, 0.0099881188, -0.0012153324
  -0.28402, 0.011531099, -0.0012153324
  -0.28402, 0.01064541, -0.0012153324
  -0.28402, 0.011995468, -0.0012153324
  -0.28402, 0.011391191, -0.0012153324
  -0.28402, 0.010415817, -0.0012153324
  -0.28402, 0.010963892, -0.0012153324
  -0.28402, 0.011273604, -0.0012153324
  -0.28402, 0.011582917, -0.0012153324
  -0.28402, 0.0096544906, -0.0012153324
  -0.28402, 0.010511879, -0.0012153324
  -0.28402, 0.011551428, -0.0012153324
  -0.28402, 0.010607543, -0.0012153324
  -0.28402, 0.011040024, -0.0012153324
  -0.28402, 0.010678893, -0.0012153324
  -0.28402, 0.010990996, -0.0012153324
  -0.28402, 0.01018423, -0.0012153324
  -0.28402, 0.010482781, -0.0012153324
  -0.28402, 0.01130031, -0.0012153324
  -0.28402, 0.010431362, -0.0012153324
  -0.28402, 0.012210712, -0.0012153324
  -0.28402, 0.011390792, -0.0012153324
  -0.28402, 0.010669326, -0.0012153324
  -0.28402, 0.010574061, -0.0012153324
  -0.28402, 0.010637438, -0.0012153324
  -0.28402, 0.010757018, -0.0012153324
  -0.28402, 0.011714455, -0.0012153324
  -0.28402, 0.011648686, -0.0012153324
  -0.28402, 0.01143703, -0.0012153324
  -0.28402, 0.0099980838, -0.0012153324
  -0.28402, 0.0099765594, -0.0012153324
  -0.28402, 0.012022175, -0.0012153324
  -0.28402, 0.010768179, -0.0012153324
  -0.28402, 0.01126045, -0.0012153324
  -0.28402, 0.012576627, -0.0012153324
  -0.28402, 0.012073594, -0.0012153324
  -0.28402, 0.011403946, -0.0012153324
  -0.28402, 0.011741162, -0.0012153324
  -0.28402, 0.012155706, -0.0012153324
  -0.28402, 0.011507183, -0.0012153324
  -0.28402, 0.011000961, -0.0012153324
  -0.28402, 0.011631547, -0.0012153324
  -0.28402, 0.011575344, -0.0012153324
  -0.28402, 0.012089937, -0.0012153324
  -0.28402, 0.01032095, -0.0012153324
  -0.28402, 0.01153668, -0.0012153324
  -0.28402, 0.012083958, -0.0012153324
  -0.28402, 0.010667732, -0.0012153324
  -0.28402, 0.010611529, -0.0012153324
  -0.28402, 0.010816808, -0.0012153324
  -0.28402, 0.01189821, -0.0012153324
  -0.28402, 0.011830448, -0.0012153324
  -0.28402, 0.011016108, -0.0012153324
  -0.28402, 0.011454967, -0.0012153324
  -0.28402, 0.011868315, -0.0012153324
  -0.28402, 0.01114087, -0.0012153324
  -0.28402, 0.011518344, -0.0012153324
  -0.28402, 0.010354831, -0.0012153324
  -0.28402, 0.010731109, -0.0012153324
  -0.28402, 0.011498016, -0.0012153324
  -0.28402, 0.010841123, -0.0012153324
  -0.28402, 0.011244506, -0.0012153324
  -0.28402, 0.011198268, -0.0012153324
  -0.28402, 0.011248891, -0.0012153324
  -0.28402, 0.01139996, -0.0012153324
  -0.28402, 0.011685756, -0.0012153324
  -0.28402, 0.011079884, -0.0012153324
  -0.28402, 0.011618393, -0.0012153324
  -0.28402, 0.011113367, -0.0012153324
  -0.28402, 0.012159293, -0.0012153324
  -0.28402, 0.011587701, -0.0012153324
  -0.28402, 0.011332198, -0.0012153324
  -0.28402, 0.011307086, -0.0012153324
  -0.28402, 0.010883773, -0.0012153324
  -0.28402, 0.011247695, -0.0012153324
  -0.28402, 0.010519054, -0.0012153324
  -0.28402, 0.010535397, -0.0012153324
  -0.28402, 0.01194086, -0.0012153324
  -0.28402, 0.011615603, -0.0012153324
  -0.28402, 0.009988916, -0.0012153324
  -0.28402, 0.011586106, -0.0012153324
  -0.28402, 0.011224177, -0.0012153324
  -0.28402, 0.010542571, -0.0012153324
  -0.28402, 0.011847986, -0.0012153324
  -0.28402, 0.010254384, -0.0012153324
  -0.28402, 0.010647005, -0.0012153324
  -0.28402, 0.011026472, -0.0012153324
  -0.28402, 0.0095755678, -0.0012153324
  -0.28402, 0.012149727, -0.0012153324
  -0.28402, 0.011531897, -0.0012153324
  -0.28402, 0.010987808, -0.0012153324
  -0.28402, 0.01145696, -0.0012153324
  -0.28402, 0.011212618, -0.0012153324
  -0.28402, 0.010995381, -0.0012153324
  -0.28402, 0.011012919, -0.0012153324
  -0.28402, 0.012138167, -0.0012153324
  -0.28402, 0.011364086, -0.0012153324
  -0.28402, 0.011449785, -0.0012153324
  -0.28402, 0.011786203, -0.0012153324
  -0.28402, 0.011678581, -0.0012153324
  -0.28402, 0.011149639, -0.0012153324
  -0.28402, 0.011348142, -0.0012153324
  -0.28402, 0.010848696, -0.0012153324
  -0.28402, 0.011610421, -0.0012153324
  -0.28402, 0.011435834, -0.0012153324
  -0.28402, 0.010289859, -0.0012153324
  -0.28402, 0.0094755192, -0.0012153324
  -0.28402, 0.011596868, -0.0012153324
  -0.28402, 0.011421883, -0.0012153324
  -0.28402, 0.010857864, -0.0012153324
  -0.28402, 0.011482869, -0.0012153324
  -0.28402, 0.0116164, -0.0012153324
  -0.28402, 0.010194992, -0.0012153324
  -0.28402, 0.011205045, -0.0012153324
  -0.28402, 0.010770969, -0.0012153324
  -0.28402, 0.011169171, -0.0012153324
  -0.28402, 0.01056011, -0.0012153324
  -0.28402, 0.010893339, -0.0012153324
  -0.28402, 0.011102206, -0.0012153324
  -0.28402, 0.011498813, -0.0012153324
  -0.28402, 0.010093748, -0.0012153324
  -0.28402, 0.010301817, -0.0012153324
  -0.28402, 0.011207835, -0.0012153324
  -0.28402, 0.011936874, -0.0012153324
  -0.28402, 0.010674508, -0.0012153324
  -0.28402, 0.011707679, -0.0012153324
  -0.28402, 0.011596868, -0.0012153324
  -0.28402, 0.010526229, -0.0012153324
  -0.28402, 0.011749532, -0.0012153324
  -0.28402, 0.010154734, -0.0012153324
  -0.28402, 0.010895332, -0.0012153324
  -0.28402, 0.011486058, -0.0012153324
  -0.28402, 0.011103402, -0.0012153324
  -0.28402, 0.011360897, -0.0012153324
  -0.28402, 0.010483579, -0.0012153324
  -0.28402, 0.011546645, -0.0012153324
  -0.28402, 0.010527425, -0.0012153324
  -0.28402, 0.0092200166, -0.0012153324
  -0.28402, 0.01131745, -0.0012153324
  -0.28402, 0.010689655, -0.0012153324
  -0.28402, 0.011706483, -0.0012153324
  -0.28402, 0.011391988, -0.0012153324
  -0.28402, 0.011839217, -0.0012153324
  -0.28402, 0.012141356, -0.0012153324
  -0.28402, 0.01116359, -0.0012153324
  -0.28402, 0.011656658, -0.0012153324
  -0.28402, 0.012087944, -0.0012153324
  -0.28402, 0.011976336, -0.0012153324
  -0.28402, 0.010761801, -0.0012153324
  -0.28402, 0.0082378662, -0.0012153324
  -0.28402, 0.011073507, -0.0012153324
  -0.28402, 0.010777745, -0.0012153324
  -0.28402, 0.011973944, -0.0012153324
  -0.28402, 0.011376044, -0.0012153324
  -0.28402, 0.011575344, -0.0012153324
  -0.28402, 0.011781022, -0.0012153324
  -0.28402, 0.011300709, -0.0012153324
  -0.28402, 0.011942455, -0.0012153324
  -0.28402, 0.011248891, -0.0012153324
  -0.28402, 0.012318334, -0.0012153324
  -0.28402, 0.011749134, -0.0012153324
  -0.28402, 0.010145167, -0.0012153324
  -0.28402, 0.011820882, -0.0012153324
  -0.28402, 0.011593281, -0.0012153324
  -0.28402, 0.011609225, -0.0012153324
  -0.28402, 0.011692134, -0.0012153324
  -0.28402, 0.011336981, -0.0012153324
  -0.28402, 0.011332597, -0.0012153324
  -0.28402, 0.010579641, -0.0012153324
  -0.28402, 0.010654977, -0.0012153324
  -0.28402, 0.011785805, -0.0012153324
  -0.28402, 0.011655064, -0.0012153324
  -0.28402, 0.010048307, -0.0012153324
  -0.28402, 0.01112373, -0.0012153324
  -0.28402, 0.011150436, -0.0012153324
  -0.28402, 0.011269219, -0.0012153324
  -0.28402, 0.011826063, -0.0012153324
  -0.28402, 0.0094372536, -0.0012153324
  -0.28402, 0.011758301, -0.0012153324
  -0.28402, 0.011389995, -0.0012153324
  -0.28402, 0.01131466, -0.0012153324
  -0.28402, 0.011973944, -0.0012153324
  -0.28402, 0.012004238, -0.0012153324
  -0.28402, 0.010712774, -0.0012153324
  -0.28402, 0.011192688, -0.0012153324
  -0.28402, 0.011712861, -0.0012153324
  -0.28402, 0.010703207, -0.0012153324
  -0.28402, 0.011284765, -0.0012153324
  -0.28402, 0.011083472, -0.0012153324
  -0.28402, 0.010153538, -0.0012153324
  -0.28402, 0.011867518, -0.0012153324
  -0.28402, 0.011531498, -0.0012153324
  -0.28402, 0.010710781, -0.0012153324
  -0.28402, 0.011880273, -0.0012153324
  -0.28402, 0.011172758, -0.0012153324
  -0.28402, 0.011551428, -0.0012153324
  -0.28402, 0.0109615, -0.0012153324
  -0.28402, 0.010894137, -0.0012153324
  -0.28402, 0.011587701, -0.0012153324
  -0.28402, 0.010342474, -0.0012153324
  -0.28402, 0.011209429, -0.0012153324
  -0.28402, 0.011393582, -0.0012153324
  -0.28402, 0.010213726, -0.0012153324
  -0.28402, 0.010411432, -0.0012153324
  -0.28402, 0.010607145, -0.0012153324
  -0.28402, 0.010794885, -0.0012153324
  -0.28402, 0.011384813, -0.0012153324
  -0.28402, 0.010680487, -0.0012153324
  -0.28402, 0.010817605, -0.0012153324
  -0.28402, 0.00966605, -0.0012153324
  -0.28402, 0.011582917, -0.0012153324
  -0.28402, 0.011028066, -0.0012153324
  -0.28402, 0.010913269, -0.0012153324
  -0.28402, 0.01213179, -0.0012153324
  -0.28402, 0.011321436, -0.0012153324
  -0.28402, 0.011075101, -0.0012153324
  -0.28402, 0.011292338, -0.0012153324
  -0.28402, 0.011520337, -0.0012153324
  -0.28402, 0.011051982, -0.0012153324
  -0.28402, 0.011768266, -0.0012153324
  -0.28402, 0.011301506, -0.0012153324
  -0.28402, 0.010428173, -0.0012153324
  -0.28402, 0.012051272, -0.0012153324
  -0.28402, 0.011136485, -0.0012153324
  -0.28402, 0.010120055, -0.0012153324
  -0.28402, 0.011116157, -0.0012153324
  -0.28402, 0.011621582, -0.0012153324
  -0.28402, 0.011597267, -0.0012153324
  -0.28402, 0.012081566, -0.0012153324
  -0.28402, 0.010269132, -0.0012153324
  -0.28402, 0.011412317, -0.0012153324
  -0.28402, 0.011187506, -0.0012153324
  -0.28402, 0.011076695, -0.0012153324
  -0.28402, 0.011045605, -0.0012153324
  -0.28402, 0.011178737, -0.0012153324
  -0.28402, 0.010830759, -0.0012153324
  -0.28402, 0.011209031, -0.0012153324
  -0.28402, 0.011092241, -0.0012153324
  -0.28402, 0.011771854, -0.0012153324
  -0.28402, 0.011445002, -0.0012153324
  -0.28402, 0.011703693, -0.0012153324
  -0.28402, 0.012103888, -0.0012153324
  -0.28402, 0.010629865, -0.0012153324
  -0.28402, 0.011309079, -0.0012153324
  -0.28402, 0.012117041, -0.0012153324
  -0.28402, 0.010922437, -0.0012153324
  -0.28402, 0.011308282, -0.0012153324
  -0.28402, 0.012178824, -0.0012153324
  -0.28402, 0.011946042, -0.0012153324
  -0.28402, 0.010487166, -0.0012153324
  -0.28402, 0.011093038, -0.0012153324
  -0.28402, 0.011572952, -0.0012153324
  -0.28402, 0.011478086, -0.0012153324
  -0.28402, 0.011072709, -0.0012153324
  -0.28402, 0.011804938, -0.0012153324
  -0.28402, 0.010684473, -0.0012153324
  -0.28402, 0.010299027, -0.0012153324
  -0.28402, 0.011979524, -0.0012153324
  -0.28402, 0.011643505, -0.0012153324
  -0.28402, 0.010887759, -0.0012153324
  -0.28402, 0.011344555, -0.0012153324
  -0.28402, 0.011060751, -0.0012153324
  -0.28402, 0.011042416, -0.0012153324
  -0.28402, 0.012011412, -0.0012153324
  -0.28402, 0.010842319, -0.0012153324
  -0.28402, 0.012150922, -0.0012153324
  -0.28402, 0.011048793, -0.0012153324
  -0.28402, 0.011523925, -0.0012153324
  -0.28402, 0.010572466, -0.0012153324
  -0.28402, 0.010717158, -0.0012153324
  -0.28402, 0.010828368, -0.0012153324
  -0.28402, 0.010941969, -0.0012153324
  -0.28402, 0.012124615, -0.0012153324
  -0.28402, 0.012205132, -0.0012153324
  -0.28402, 0.010466439, -0.0012153324
  -0.28402, 0.011232947, -0.0012153324
  -0.28402, 0.010458865, -0.0012153324
  -0.28402, 0.0113031, -0.0012153324
  -0.28402, 0.010842717, -0.0012153324
  -0.28402, 0.010857465, -0.0012153324
  -0.28402, 0.011473701, -0.0012153324
  -0.28402, 0.010598774, -0.0012153324
  -0.28402, 0.011025276, -0.0012153324
  -0.28402, 0.010762997, -0.0012153324
  -0.28402, 0.01074227, -0.0012153324
  -0.28402, 0.011544652, -0.0012153324
  -0.28402, 0.010560508, -0.0012153324
  -0.28402, 0.011718043, -0.0012153324
  -0.28402, 0.011575344, -0.0012153324
  -0.28402, 0.011865923, -0.0012153324
  -0.28402, 0.011474897, -0.0012153324
  -0.28402, 0.010634648, -0.0012153324
  -0.28402, 0.010506697, -0.0012153324
  -0.28402, 0.010848696, -0.0012153324
  -0.28402, 0.011608428, -0.0012153324
  -0.28402, 0.0098258886, -0.0012153324
  -0.28402, 0.011567372, -0.0012153324
  -0.28402, 0.011023682, -0.0012153324
  -0.28402, 0.011242513, -0.0012153324
  -0.28402, 0.011844399, -0.0012153324
  -0.28402, 0.010900913, -0.0012153324
  -0.28402, 0.012128601, -0.0012153324
  -0.28402, 0.011068325, -0.0012153324
  -0.28402, 0.010993388, -0.0012153324
  -0.28402, 0.010951136, -0.0012153324
  -0.28402, 0.011531099, -0.0012153324
  -0.28402, 0.010333705, -0.0012153324
  -0.28402, 0.011833238, -0.0012153324
  -0.28402, 0.012136174, -0.0012153324
  -0.28402, 0.010922836, -0.0012153324
  -0.28402, 0.011868315, -0.0012153324
  -0.28402, 0.011529505, -0.0012153324
  -0.28402, 0.011188303, -0.0012153324
  -0.28402, 0.010355229, -0.0012153324
  -0.28402, 0.011001759, -0.0012153324
  -0.28402, 0.01075662, -0.0012153324
  -0.28402, 0.011654665, -0.0012153324
  -0.28402, 0.011298716, -0.0012153324
  -0.28402, 0.01174435, -0.0012153324
  -0.28402, 0.01169333, -0.0012153324
  -0.28402, 0.011400757, -0.0012153324
  -0.28402, 0.011731994, -0.0012153324
  -0.28402, 0.011637127, -0.0012153324
  -0.28402, 0.011000961, -0.0012153324
  -0.28402, 0.011203849, -0.0012153324
  -0.28402, 0.010392299, -0.0012153324
  -0.28402, 0.011252478, -0.0012153324
  -0.28402, 0.011264436, -0.0012153324
  -0.28402, 0.011805336, -0.0012153324
  -0.28402, 0.010535397, -0.0012153324
  -0.28402, 0.011361296, -0.0012153324
  -0.28402, 0.01133459, -0.0012153324
  -0.28402, 0.011254471, -0.0012153324
  -0.28402, 0.012420775, -0.0012153324
  -0.28402, 0.011882665, -0.0012153324
  -0.28402, 0.0099737692, -0.0012153324
  -0.28402, 0.010414621, -0.0012153324
  -0.28402, 0.010770571, -0.0012153324
  -0.28402, 0.0085256554, -0.0012153324
  -0.28402, 0.0113601, -0.0012153324
  -0.28402, 0.011721232, -0.0012153324
  -0.28402, 0.010940773, -0.0012153324
  -0.28402, 0.01133738, -0.0012153324
  -0.28402, 0.010816011, -0.0012153324
  -0.28402, 0.011052381, -0.0012153324
  -0.28402, 0.011339373, -0.0012153324
  -0.28402, 0.011491239, -0.0012153324
  -0.28402, 0.011286359, -0.0012153324
  -0.28402, 0.01080485, -0.0012153324
  -0.28402, 0.011808126, -0.0012153324
  -0.28402, 0.01022409, -0.0012153324
  -0.28402, 0.011022486, -0.0012153324
  -0.28402, 0.011141269, -0.0012153324
  -0.28402, 0.010718753, -0.0012153324
  -0.28402, 0.010992591, -0.0012153324
  -0.28402, 0.010391502, -0.0012153324
  -0.28402, 0.011212618, -0.0012153324
  -0.28402, 0.010642221, -0.0012153324
  -0.28402, 0.011487253, -0.0012153324
  -0.28402, 0.011575743, -0.0012153324
  -0.28402, 0.012050874, -0.0012153324
  -0.28402, 0.011631945, -0.0012153324
  -0.28402, 0.011244506, -0.0012153324
  -0.28402, 0.011800952, -0.0012153324
  -0.28402, 0.011233744, -0.0012153324
  -0.28402, 0.011321037, -0.0012153324
  -0.28402, 0.011939664, -0.0012153324
  -0.28402, 0.011790987, -0.0012153324
  -0.28402, 0.011316653, -0.0012153324
  -0.28402, 0.01098422, -0.0012153324
  -0.28402, 0.0099638042, -0.0012153324
  -0.28402, 0.011166779, -0.0012153324
  -0.28402, 0.011816896, -0.0012153324
  -0.28402, 0.01135731, -0.0012153324
  -0.28402, 0.010328922, -0.0012153324
  -0.28402, 0.012026958, -0.0012153324
  -0.28402, 0.011297121, -0.0012153324
  -0.28402, 0.011732392, -0.0012153324
  -0.28402, 0.01253876, -0.0012153324
  -0.28402, 0.010971465, -0.0012153324
  -0.28402, 0.011046003, -0.0012153324
  -0.28402, 0.01092443, -0.0012153324
  -0.28402, 0.01147689, -0.0012153324
  -0.28402, 0.010689256, -0.0012153324
  -0.28402, 0.011783413, -0.0012153324
  -0.28402, 0.011364883, -0.0012153324
  -0.28402, 0.011058758, -0.0012153324
  -0.28402, 0.010262754, -0.0012153324
  -0.28402, 0.011242912, -0.0012153324
  -0.28402, 0.011978727, -0.0012153324
  -0.28402, 0.010731109, -0.0012153324
  -0.28402, 0.011961986, -0.0012153324
  -0.28402, 0.01174435, -0.0012153324
  -0.28402, 0.01190379, -0.0012153324
  -0.28402, 0.010253188, -0.0012153324
  -0.28402, 0.011616798, -0.0012153324
  -0.28402, 0.010367586, -0.0012153324
  -0.28402, 0.010333306, -0.0012153324
  -0.28402, 0.010599173, -0.0012153324
  -0.28402, 0.011616001, -0.0012153324
  -0.28402, 0.010532208, -0.0012153324
  -0.28402, 0.011281974, -0.0012153324
  -0.28402, 0.011160401, -0.0012153324
  -0.28402, 0.010374761, -0.0012153324
  -0.28402, 0.010821193, -0.0012153324
  -0.28402, 0.01223981, -0.0012153324
  -0.28402, 0.010800864, -0.0012153324
  -0.28402, 0.010645012, -0.0012153324
  -0.28402, 0.011137681, -0.0012153324
  -0.28402, 0.011011325, -0.0012153324
  -0.28402, 0.010573264, -0.0012153324
  -0.28402, 0.011218996, -0.0012153324
  -0.28402, 0.011698113, -0.0012153324
  -0.28402, 0.011106989, -0.0012153324
  -0.28402, 0.011693728, -0.0012153324
  -0.28402, 0.010541376, -0.0012153324
  -0.28402, 0.011282772, -0.0012153324
  -0.28402, 0.011032451, -0.0012153324
  -0.28402, 0.011284765, -0.0012153324
  -0.28402, 0.011528309, -0.0012153324
  -0.28402, 0.01000486, -0.0012153324
  -0.28402, 0.011763085, -0.0012153324
  -0.28402, 0.010929612, -0.0012153324
  -0.28402, 0.010663347, -0.0012153324
  -0.28402, 0.010515467, -0.0012153324
  -0.28402, 0.012301593, -0.0012153324
  -0.28402, 0.011668616, -0.0012153324
  -0.28402, 0.011943252, -0.0012153324
  -0.28402, 0.010888955, -0.0012153324
  -0.28402, 0.011291541, -0.0012153324
  -0.28402, 0.011012919, -0.0012153324
  -0.28402, 0.011549435, -0.0012153324
  -0.28402, 0.010306202, -0.0012153324
  -0.28402, 0.010643816, -0.0012153324
  -0.28402, 0.011495624, -0.0012153324
  -0.28402, 0.010486767, -0.0012153324
  -0.28402, 0.011655064, -0.0012153324
  -0.28402, 0.01194365, -0.0012153324
  -0.28402, 0.011255667, -0.0012153324
  -0.28402, 0.012003839, -0.0012153324
  -0.28402, 0.010261558, -0.0012153324
  -0.28402, 0.012057251, -0.0012153324
  -0.28402, 0.010725927, -0.0012153324
  -0.28402, 0.011553421, -0.0012153324
  -0.28402, 0.011664232, -0.0012153324
  -0.28402, 0.011968364, -0.0012153324
  -0.28402, 0.010746655, -0.0012153324
  -0.28402, 0.010285474, -0.0012153324
  -0.28402, 0.011967965, -0.0012153324
  -0.28402, 0.011507981, -0.0012153324
  -0.28402, 0.011284765, -0.0012153324
  -0.28402, 0.010346062, -0.0012153324
  -0.28402, 0.010384327, -0.0012153324
  -0.28402, 0.010566487, -0.0012153324
  -0.28402, 0.010812822, -0.0012153324
  -0.28402, 0.011364883, -0.0012153324
  -0.28402, 0.012278474, -0.0012153324
  -0.28402, 0.011503596, -0.0012153324
  -0.28402, 0.010386719, -0.0012153324
  -0.28402, 0.01069962, -0.0012153324
  -0.28402, 0.011921329, -0.0012153324
  -0.28402, 0.011286359, -0.0012153324
  -0.28402, 0.010668529, -0.0012153324
  -0.28402, 0.012638809, -0.0012153324
  -0.28402, 0.011156814, -0.0012153324
  -0.28402, 0.011250485, -0.0012153324
  -0.28402, 0.011663833, -0.0012153324
  -0.28402, 0.011854364, -0.0012153324
  -0.28402, 0.011291142, -0.0012153324
  -0.28402, 0.010972262, -0.0012153324
  -0.28402, 0.011533092, -0.0012153324
  -0.28402, 0.012198754, -0.0012153324
  -0.28402, 0.011086262, -0.0012153324
  -0.28402, 0.011173157, -0.0012153324
  -0.28402, 0.0093794566, -0.0012153324
  -0.28402, 0.012071601, -0.0012153324
  -0.28402, 0.011704092, -0.0012153324
  -0.28402, 0.0099602168, -0.0012153324
  -0.28402, 0.011252478, -0.0012153324
  -0.28402, 0.01191535, -0.0012153324
  -0.28402, 0.011162394, -0.0012153324
  -0.28402, 0.012077979, -0.0012153324
  -0.28402, 0.010311782, -0.0012153324
  -0.28402, 0.010307397, -0.0012153324
  -0.28402, 0.011871504, -0.0012153324
  -0.28402, 0.010822389, -0.0012153324
  -0.28402, 0.012136971, -0.0012153324
  -0.28402, 0.010691648, -0.0012153324
  -0.28402, 0.011286758, -0.0012153324
  -0.28402, 0.011099416, -0.0012153324
  -0.28402, 0.012308768, -0.0012153324
  -0.28402, 0.010806046, -0.0012153324
  -0.28402, 0.011883462, -0.0012153324
  -0.28402, 0.01146254, -0.0012153324
  -0.28402, 0.010207747, -0.0012153324
  -0.28402, 0.010503509, -0.0012153324
  -0.28402, 0.010829563, -0.0012153324
  -0.28402, 0.01199786, -0.0012153324
  -0.28402, 0.011450582, -0.0012153324
  -0.28402, 0.011319841, -0.0012153324
  -0.28402, 0.012032538, -0.0012153324
  -0.28402, 0.012299202, -0.0012153324
  -0.28402, 0.010501117, -0.0012153324
  -0.28402, 0.01182407, -0.0012153324
  -0.28402, 0.011575344, -0.0012153324
  -0.28402, 0.011410722, -0.0012153324
  -0.28402, 0.011194681, -0.0012153324
  -0.28402, 0.011468121, -0.0012153324
  -0.28402, 0.011976734, -0.0012153324
  -0.28402, 0.011184716, -0.0012153324
  -0.28402, 0.011065535, -0.0012153324
  -0.28402, 0.011947636, -0.0012153324
  -0.28402, 0.011136087, -0.0012153324
  -0.28402, 0.011263639, -0.0012153324
  -0.28402, 0.011470512, -0.0012153324
  -0.28402, 0.010888158, -0.0012153324
  -0.28402, 0.010568879, -0.0012153324
  -0.28402, 0.011075101, -0.0012153324
  -0.28402, 0.012484152, -0.0012153324
  -0.28402, 0.011178338, -0.0012153324
  -0.28402, 0.012058447, -0.0012153324
  -0.28402, 0.0093906174, -0.0012153324
  -0.28402, 0.010039937, -0.0012153324
  -0.28402, 0.010186622, -0.0012153324
  -0.28402, 0.0099235456, -0.0012153324
  -0.28402, 0.012112258, -0.0012153324
  -0.28402, 0.011596071, -0.0012153324
  -0.28402, 0.01193528, -0.0012153324
  -0.28402, 0.011663435, -0.0012153324
  -0.28402, 0.011506386, -0.0012153324
  -0.28402, 0.010839927, -0.0012153324
  -0.28402, 0.010831955, -0.0012153324
  -0.28402, 0.010375558, -0.0012153324
  -0.28402, 0.010633452, -0.0012153324
  -0.28402, 0.011212618, -0.0012153324
  -0.28402, 0.010811626, -0.0012153324
  -0.28402, 0.010930409, -0.0012153324
  -0.28402, 0.010472816, -0.0012153324
  -0.28402, 0.011779029, -0.0012153324
  -0.28402, 0.011482869, -0.0012153324
  -0.28402, 0.011789392, -0.0012153324
  -0.28402, 0.011804938, -0.0012153324
  -0.28402, 0.010932004, -0.0012153324
  -0.28402, 0.011707281, -0.0012153324
  -0.28402, 0.011885056, -0.0012153324
  -0.28402, 0.0099992796, -0.0012153324
  -0.28402, 0.011156415, -0.0012153324
  -0.28402, 0.010369579, -0.0012153324
  -0.28402, 0.010226083, -0.0012153324
  -0.28402, 0.010708389, -0.0012153324
  -0.28402, 0.009554442, -0.0012153324
  -0.28402, 0.011492037, -0.0012153324
  -0.28402, 0.011648686, -0.0012153324
  -0.28402, 0.011220191, -0.0012153324
  -0.28402, 0.0091430868, -0.0012153324
  -0.28402, 0.011857951, -0.0012153324
  -0.28402, 0.010712375, -0.0012153324
  -0.28402, 0.011681372, -0.0012153324
  -0.28402, 0.010913269, -0.0012153324
  -0.28402, 0.011371659, -0.0012153324
  -0.28402, 0.011682567, -0.0012153324
  -0.28402, 0.011116954, -0.0012153324
  -0.28402, 0.011415107, -0.0012153324
  -0.28402, 0.011668218, -0.0012153324
  -0.28402, 0.011580127, -0.0012153324
  -0.28402, 0.010099727, -0.0012153324
  -0.28402, 0.010836738, -0.0012153324
  -0.28402, 0.011213814, -0.0012153324
  -0.28402, 0.010883773, -0.0012153324
  -0.28402, 0.011554218, -0.0012153324
  -0.28402, 0.010900116, -0.0012153324
  -0.28402, 0.011181527, -0.0012153324
  -0.28402, 0.010835941, -0.0012153324
  -0.28402, 0.011925713, -0.0012153324
  -0.28402, 0.01064541, -0.0012153324
  -0.28402, 0.01040346, -0.0012153324
  -0.28402, 0.011217401, -0.0012153324
  -0.28402, 0.010897325, -0.0012153324
  -0.28402, 0.01213179, -0.0012153324
  -0.28402, 0.011209031, -0.0012153324
  -0.28402, 0.010488362, -0.0012153324
  -0.28402, 0.011834434, -0.0012153324
  -0.28402, 0.011610421, -0.0012153324
  -0.28402, 0.011101807, -0.0012153324
  -0.28402, 0.010537788, -0.0012153324
  -0.28402, 0.011564183, -0.0012153324
  -0.28402, 0.010055084, -0.0012153324
  -0.28402, 0.010378348, -0.0012153324
  -0.28402, 0.010384726, -0.0012153324
  -0.28402, 0.012105881, -0.0012153324
  -0.28402, 0.010979836, -0.0012153324
  -0.28402, 0.011266429, -0.0012153324
  -0.28402, 0.011409925, -0.0012153324
  -0.28402, 0.011113765, -0.0012153324
  -0.28402, 0.0098059586, -0.0012153324
  -0.28402, 0.012107874, -0.0012153324
  -0.28402, 0.011097024, -0.0012153324
  -0.28402, 0.010899318, -0.0012153324
  -0.28402, 0.010923234, -0.0012153324
  -0.28402, 0.010008049, -0.0012153324
  -0.28402, 0.011462939, -0.0012153324
  -0.28402, 0.010674109, -0.0012153324
  -0.28402, 0.010454481, -0.0012153324
  -0.28402, 0.011588498, -0.0012153324
  -0.28402, 0.011392785, -0.0012153324
  -0.28402, 0.0098864758, -0.0012153324
  -0.28402, 0.011730399, -0.0012153324
  -0.28402, 0.010643417, -0.0012153324
  -0.28402, 0.011270016, -0.0012153324
  -0.28402, 0.010651389, -0.0012153324
  -0.28402, 0.01167898, -0.0012153324
  -0.28402, 0.01094157, -0.0012153324
  -0.28402, 0.010095741, -0.0012153324
  -0.28402, 0.010505502, -0.0012153324
  -0.28402, 0.0097393924, -0.0012153324
  -0.28402, 0.0094436312, -0.0012153324
  -0.28402, 0.010671718, -0.0012153324
  -0.28402, 0.01116359, -0.0012153324
  -0.28402, 0.010890948, -0.0012153324
  -0.28402, 0.010088566, -0.0012153324
  -0.28402, 0.011283967, -0.0012153324
  -0.28402, 0.011452974, -0.0012153324
  -0.28402, 0.010876997, -0.0012153324
  -0.28402, 0.010973059, -0.0012153324
  -0.28402, 0.011329009, -0.0012153324
  -0.28402, 0.010623886, -0.0012153324
  -0.28402, 0.011071514, -0.0012153324
  -0.28402, 0.010159915, -0.0012153324
  -0.28402, 0.012181615, -0.0012153324
  -0.28402, 0.010404257, -0.0012153324
  -0.28402, 0.010601564, -0.0012153324
  -0.28402, 0.010728718, -0.0012153324
  -0.28402, 0.011331799, -0.0012153324
  -0.28402, 0.011840014, -0.0012153324
  -0.28402, 0.011144059, -0.0012153324
  -0.28402, 0.011323827, -0.0012153324
  -0.28402, 0.010656571, -0.0012153324
  -0.28402, 0.010597977, -0.0012153324
  -0.28402, 0.010275509, -0.0012153324
  -0.28402, 0.011573351, -0.0012153324
  -0.28402, 0.01245067, -0.0012153324
  -0.28402, 0.011047199, -0.0012153324
  -0.28402, 0.011242114, -0.0012153324
  -0.28402, 0.011366876, -0.0012153324
  -0.28402, 0.01143424, -0.0012153324
  -0.28402, 0.0093718832, -0.0012153324
  -0.28402, 0.011950028, -0.0012153324
  -0.28402, 0.011173555, -0.0012153324
  -0.28402, 0.011147248, -0.0012153324
  -0.28402, 0.011340569, -0.0012153324
  -0.28402, 0.010356824, -0.0012153324
  -0.28402, 0.010889752, -0.0012153324
  -0.28402, 0.012377327, -0.0012153324
  -0.28402, 0.010214524, -0.0012153324
  -0.28402, 0.011127716, -0.0012153324
  -0.28402, 0.012035328, -0.0012153324
  -0.28402, 0.0095871272, -0.0012153324
  -0.28402, 0.01113529, -0.0012153324
  -0.28402, 0.01013002, -0.0012153324
  -0.28402, 0.01163354, -0.0012153324
  -0.28402, 0.011064339, -0.0012153324
  -0.28402, 0.010464844, -0.0012153324
  -0.28402, 0.010858661, -0.0012153324
  -0.28402, 0.011087059, -0.0012153324
  -0.28402, 0.01189263, -0.0012153324
  -0.28402, 0.010594788, -0.0012153324
  -0.28402, 0.011548239, -0.0012153324
  -0.28402, 0.010845507, -0.0012153324
  -0.28402, 0.010493942, -0.0012153324
  -0.28402, 0.011404345, -0.0012153324
  -0.28402, 0.011495225, -0.0012153324
  -0.28402, 0.010894535, -0.0012153324
  -0.28402, 0.010667732, -0.0012153324
  -0.28402, 0.011265233, -0.0012153324
  -0.28402, 0.0097593224, -0.0012153324
  -0.28402, 0.010909682, -0.0012153324
  -0.28402, 0.010456474, -0.0012153324
  -0.28402, 0.011547841, -0.0012153324
  -0.28402, 0.011667819, -0.0012153324
  -0.28402, 0.011648288, -0.0012153324
  -0.28402, 0.012190384, -0.0012153324
  -0.28402, 0.011084667, -0.0012153324
  -0.28402, 0.010295041, -0.0012153324
  -0.28402, 0.011536281, -0.0012153324
  -0.28402, 0.011976734, -0.0012153324
  -0.28402, 0.0098888674, -0.0012153324
  -0.28402, 0.011259254, -0.0012153324
  -0.28402, 0.010754228, -0.0012153324
  -0.28402, 0.011801749, -0.0012153324
  -0.28402, 0.01067969, -0.0012153324
  -0.28402, 0.011410722, -0.0012153324
  -0.28402, 0.010741473, -0.0012153324
  -0.28402, 0.012076384, -0.0012153324
  -0.28402, 0.010701214, -0.0012153324
  -0.28402, 0.010605152, -0.0012153324
  -0.28402, 0.01105836, -0.0012153324
  -0.28402, 0.011747141, -0.0012153324
  -0.28402, 0.010661354, -0.0012153324
  -0.28402, 0.011632344, -0.0012153324
  -0.28402, 0.010623487, -0.0012153324
  -0.28402, 0.011002556, -0.0012153324
  -0.28402, 0.011071115, -0.0012153324
  -0.28402, 0.011839217, -0.0012153324
  -0.28402, 0.010344866, -0.0012153324
  -0.28402, 0.011570959, -0.0012153324
  -0.28402, 0.011324226, -0.0012153324
  -0.28402, 0.011056367, -0.0012153324
  -0.28402, 0.011799357, -0.0012153324
  -0.28402, 0.010334502, -0.0012153324
  -0.28402, 0.011236534, -0.0012153324
  -0.28402, 0.011848385, -0.0012153324
  -0.28402, 0.010946752, -0.0012153324
  -0.28402, 0.01134296, -0.0012153324
  -0.28402, 0.01088736, -0.0012153324
  -0.28402, 0.010605152, -0.0012153324
  -0.28402, 0.012296013, -0.0012153324
  -0.28402, 0.011509176, -0.0012153324
  -0.28402, 0.012143349, -0.0012153324
  -0.28402, 0.011811315, -0.0012153324
  -0.28402, 0.010698823, -0.0012153324
  -0.28402, 0.010367187, -0.0012153324
  -0.28402, 0.011301506, -0.0012153324
  -0.28402, 0.011822476, -0.0012153324
  -0.28402, 0.0099618112, -0.0012153324
  -0.28402, 0.01030381, -0.0012153324
  -0.28402, 0.010555725, -0.0012153324
  -0.28402, 0.010637837, -0.0012153324
  -0.28402, 0.010877395, -0.0012153324
  -0.28402, 0.011067129, -0.0012153324
  -0.28402, 0.011104996, -0.0012153324
  -0.28402, 0.010890948, -0.0012153324
  -0.28402, 0.011956804, -0.0012153324
  -0.28402, 0.01059997, -0.0012153324
  -0.28402, 0.011856756, -0.0012153324
  -0.28402, 0.011060751, -0.0012153324
  -0.28402, 0.01137445, -0.0012153324
  -0.28402, 0.011788994, -0.0012153324
  -0.28402, 0.011218597, -0.0012153324
  -0.28402, 0.01041781, -0.0012153324
  -0.28402, 0.01098143, -0.0012153324
  -0.28402, 0.011109381, -0.0012153324
  -0.28402, 0.010448502, -0.0012153324
  -0.28402, 0.011969958, -0.0012153324
  -0.28402, 0.0095329176, -0.0012153324
  -0.28402, 0.011371261, -0.0012153324
  -0.28402, 0.011979923, -0.0012153324
  -0.28402, 0.011812511, -0.0012153324
  -0.28402, 0.010564096, -0.0012153324
  -0.28402, 0.010786515, -0.0012153324
  -0.28402, 0.010894934, -0.0012153324
  -0.28402, 0.01022967, -0.0012153324
  -0.28402, 0.011306688, -0.0012153324
  -0.28402, 0.010809633, -0.0012153324
  -0.28402, 0.01018702, -0.0012153324
  -0.28402, 0.010680088, -0.0012153324
  -0.28402, 0.011500009, -0.0012153324
  -0.28402, 0.010383929, -0.0012153324
  -0.28402, 0.011124527, -0.0012153324
  -0.28402, 0.011859546, -0.0012153324
  -0.28402, 0.012145741, -0.0012153324
  -0.277565, 0.011557806, -0.0011880994
  -0.277565, 0.010454082, -0.0011880994
  -0.277565, 0.011509176, -0.0011880994
  -0.277565, 0.011680574, -0.0011880994
  -0.277565, 0.012062832, -0.0011880994
  -0.277565, 0.011091045, -0.0011880994
  -0.277565, 0.012067216, -0.0011880994
  -0.277565, 0.00990521, -0.0011880994
  -0.277565, 0.011064737, -0.0011880994
  -0.277565, 0.011030059, -0.0011880994
  -0.277565, 0.011291142, -0.0011880994
  -0.277565, 0.011031255, -0.0011880994
  -0.277565, 0.0114741, -0.0011880994
  -0.277565, 0.011488051, -0.0011880994
  -0.277565, 0.010277901, -0.0011880994
  -0.277565, 0.01072513, -0.0011880994
  -0.277565, 0.011616798, -0.0011880994
  -0.277565, 0.010216517, -0.0011880994
  -0.277565, 0.011421086, -0.0011880994
  -0.277565, 0.0121573, -0.0011880994
  -0.277565, 0.01106394, -0.0011880994
  -0.277565, 0.011113367, -0.0011880994
  -0.277565, 0.010296237, -0.0011880994
  -0.277565, 0.010837934, -0.0011880994
  -0.277565, 0.011326219, -0.0011880994
  -0.277565, 0.011342163, -0.0011880994
  -0.277565, 0.010949941, -0.0011880994
  -0.277565, 0.011808525, -0.0011880994
  -0.277565, 0.010981031, -0.0011880994
  -0.277565, 0.010922836, -0.0011880994
  -0.277565, 0.010146363, -0.0011880994
  -0.277565, 0.011114562, -0.0011880994
  -0.277565, 0.01181291, -0.0011880994
  -0.277565, 0.011446198, -0.0011880994
  -0.277565, 0.010686067, -0.0011880994
  -0.277565, 0.011376443, -0.0011880994
  -0.277565, 0.01202337, -0.0011880994
  -0.277565, 0.011110178, -0.0011880994
  -0.277565, 0.011157611, -0.0011880994
  -0.277565, 0.011925713, -0.0011880994
  -0.277565, 0.0116734, -0.0011880994
  -0.277565, 0.010835542, -0.0011880994
  -0.277565, 0.010160713, -0.0011880994
  -0.277565, 0.010405054, -0.0011880994
  -0.277565, 0.011115758, -0.0011880994
  -0.277565, 0.012101496, -0.0011880994
  -0.277565, 0.011983112, -0.0011880994
  -0.277565, 0.01002479, -0.0011880994
  -0.277565, 0.011244107, -0.0011880994
  -0.277565, 0.01122338, -0.0011880994
  -0.277565, 0.011954811, -0.0011880994
  -0.277565, 0.011129709, -0.0011880994
  -0.277565, 0.011573351, -0.0011880994
  -0.277565, 0.010348852, -0.0011880994
  -0.277565, 0.011517148, -0.0011880994
  -0.277565, 0.011510771, -0.0011880994
  -0.277565, 0.011622777, -0.0011880994
  -0.277565, 0.011116555, -0.0011880994
  -0.277565, 0.010454481, -0.0011880994
  -0.277565, 0.011595274, -0.0011880994
  -0.277565, 0.011661043, -0.0011880994
  -0.277565, 0.01202058, -0.0011880994
  -0.277565, 0.011099814, -0.0011880994
  -0.277565, 0.011617197, -0.0011880994
  -0.277565, 0.011637924, -0.0011880994
  -0.277565, 0.010905297, -0.0011880994
  -0.277565, 0.011483267, -0.0011880994
  -0.277565, 0.010359215, -0.0011880994
  -0.277565, 0.0097621126, -0.0011880994
  -0.277565, 0.011892231, -0.0011880994
  -0.277565, 0.010851486, -0.0011880994
  -0.277565, 0.011888644, -0.0011880994
  -0.277565, 0.011583715, -0.0011880994
  -0.277565, 0.011196275, -0.0011880994
  -0.277565, 0.011143262, -0.0011880994
  -0.277565, 0.011085066, -0.0011880994
  -0.277565, 0.010966283, -0.0011880994
  -0.277565, 0.01078213, -0.0011880994
  -0.277565, 0.011048793, -0.0011880994
  -0.277565, 0.011745546, -0.0011880994
  -0.277565, 0.011681372, -0.0011880994
  -0.277565, 0.010177055, -0.0011880994
  -0.277565, 0.011622379, -0.0011880994
  -0.277565, 0.011334988, -0.0011880994
  -0.277565, 0.010836738, -0.0011880994
  -0.277565, 0.00998493, -0.0011880994
  -0.277565, 0.012252964, -0.0011880994
  -0.277565, 0.010792892, -0.0011880994
  -0.277565, 0.010635844, -0.0011880994
  -0.277565, 0.012249377, -0.0011880994
  -0.277565, 0.011466128, -0.0011880994
  -0.277565, 0.011727211, -0.0011880994
  -0.277565, 0.010270726, -0.0011880994
  -0.277565, 0.011490841, -0.0011880994
  -0.277565, 0.010731508, -0.0011880994
  -0.277565, 0.010001671, -0.0011880994
  -0.277565, 0.010477998, -0.0011880994
  -0.277565, 0.010714368, -0.0011880994
  -0.277565, 0.011149639, -0.0011880994
  -0.277565, 0.011556211, -0.0011880994
  -0.277565, 0.011487253, -0.0011880994
  -0.277565, 0.010964689, -0.0011880994
  -0.277565, 0.011275597, -0.0011880994
  -0.277565, 0.010617907, -0.0011880994
  -0.277565, 0.011160401, -0.0011880994
  -0.277565, 0.01173877, -0.0011880994
  -0.277565, 0.011298317, -0.0011880994
  -0.277565, 0.011580127, -0.0011880994
  -0.277565, 0.011014115, -0.0011880994
  -0.277565, 0.011321834, -0.0011880994
  -0.277565, 0.011960392, -0.0011880994
  -0.277565, 0.010277104, -0.0011880994
  -0.277565, 0.011481673, -0.0011880994
  -0.277565, 0.011452177, -0.0011880994
  -0.277565, 0.010922039, -0.0011880994
  -0.277565, 0.011045206, -0.0011880994
  -0.277565, 0.01028667, -0.0011880994
  -0.277565, 0.011329009, -0.0011880994
  -0.277565, 0.010612326, -0.0011880994
  -0.277565, 0.011189101, -0.0011880994
  -0.277565, 0.010566089, -0.0011880994
  -0.277565, 0.0106482, -0.0011880994
  -0.277565, 0.010741074, -0.0011880994
  -0.277565, 0.012071202, -0.0011880994
  -0.277565, 0.010682081, -0.0011880994
  -0.277565, 0.011108583, -0.0011880994
  -0.277565, 0.010128825, -0.0011880994
  -0.277565, 0.010900116, -0.0011880994
  -0.277565, 0.011324226, -0.0011880994
  -0.277565, 0.011208233, -0.0011880994
  -0.277565, 0.011245702, -0.0011880994
  -0.277565, 0.012274887, -0.0011880994
  -0.277565, 0.011604442, -0.0011880994
  -0.277565, 0.011822476, -0.0011880994
  -0.277565, 0.010815214, -0.0011880994
  -0.277565, 0.011525519, -0.0011880994
  -0.277565, 0.011915748, -0.0011880994
  -0.277565, 0.011571757, -0.0011880994
  -0.277565, 0.011965175, -0.0011880994
  -0.277565, 0.010541774, -0.0011880994
  -0.277565, 0.01207479, -0.0011880994
  -0.277565, 0.01231116, -0.0011880994
  -0.277565, 0.01068806, -0.0011880994
  -0.277565, 0.010743067, -0.0011880994
  -0.277565, 0.010172272, -0.0011880994
  -0.277565, 0.011470911, -0.0011880994
  -0.277565, 0.011011724, -0.0011880994
  -0.277565, 0.010973458, -0.0011880994
  -0.277565, 0.011991084, -0.0011880994
  -0.277565, 0.010066244, -0.0011880994
  -0.277565, 0.010929612, -0.0011880994
  -0.277565, 0.011178737, -0.0011880994
  -0.277565, 0.012428348, -0.0011880994
  -0.277565, 0.011331401, -0.0011880994
  -0.277565, 0.011387205, -0.0011880994
  -0.277565, 0.011723623, -0.0011880994
  -0.277565, 0.012003042, -0.0011880994
  -0.277565, 0.011980322, -0.0011880994
  -0.277565, 0.011372457, -0.0011880994
  -0.277565, 0.011256863, -0.0011880994
  -0.277565, 0.012191181, -0.0011880994
  -0.277565, 0.0099917062, -0.0011880994
  -0.277565, 0.010353635, -0.0011880994
  -0.277565, 0.010959108, -0.0011880994
  -0.277565, 0.011645896, -0.0011880994
  -0.277565, 0.010918451, -0.0011880994
  -0.277565, 0.011919336, -0.0011880994
  -0.277565, 0.010146762, -0.0011880994
  -0.277565, 0.010324936, -0.0011880994
  -0.277565, 0.010344866, -0.0011880994
  -0.277565, 0.011949231, -0.0011880994
  -0.277565, 0.012144943, -0.0011880994
  -0.277565, 0.011032451, -0.0011880994
  -0.277565, 0.010582033, -0.0011880994
  -0.277565, 0.010134804, -0.0011880994
  -0.277565, 0.009919161, -0.0011880994
  -0.277565, 0.010426579, -0.0011880994
  -0.277565, 0.012146538, -0.0011880994
  -0.277565, 0.011502799, -0.0011880994
  -0.277565, 0.011956406, -0.0011880994
  -0.277565, 0.012303188, -0.0011880994
  -0.277565, 0.011407135, -0.0011880994
  -0.277565, 0.01156498, -0.0011880994
  -0.277565, 0.012422369, -0.0011880994
  -0.277565, 0.011855958, -0.0011880994
  -0.277565, 0.01128038, -0.0011880994
  -0.277565, 0.011172758, -0.0011880994
  -0.277565, 0.010965087, -0.0011880994
  -0.277565, 0.011475694, -0.0011880994
  -0.277565, 0.011018898, -0.0011880994
  -0.277565, 0.011419093, -0.0011880994
  -0.277565, 0.010934395, -0.0011880994
  -0.277565, 0.012112258, -0.0011880994
  -0.277565, 0.011671805, -0.0011880994
  -0.277565, 0.010872612, -0.0011880994
  -0.277565, 0.011093835, -0.0011880994
  -0.277565, 0.010961101, -0.0011880994
  -0.277565, 0.012018189, -0.0011880994
  -0.277565, 0.010964689, -0.0011880994
  -0.277565, 0.010364796, -0.0011880994
  -0.277565, 0.011140471, -0.0011880994
  -0.277565, 0.011594477, -0.0011880994
  -0.277565, 0.011191094, -0.0011880994
  -0.277565, 0.011172359, -0.0011880994
  -0.277565, 0.011928504, -0.0011880994
  -0.277565, 0.012081566, -0.0011880994
  -0.277565, 0.011492834, -0.0011880994
  -0.277565, 0.010796081, -0.0011880994
  -0.277565, 0.011973944, -0.0011880994
  -0.277565, 0.011157611, -0.0011880994
  -0.277565, 0.0096086516, -0.0011880994
  -0.277565, 0.010372369, -0.0011880994
  -0.277565, 0.010435747, -0.0011880994
  -0.277565, 0.011413114, -0.0011880994
  -0.277565, 0.011629155, -0.0011880994
  -0.277565, 0.011940462, -0.0011880994
  -0.277565, 0.011999853, -0.0011880994
  -0.277565, 0.011145255, -0.0011880994
  -0.277565, 0.011327016, -0.0011880994
  -0.277565, 0.011259254, -0.0011880994
  -0.277565, 0.011498813, -0.0011880994
  -0.277565, 0.010798871, -0.0011880994
  -0.277565, 0.010230468, -0.0011880994
  -0.277565, 0.011412715, -0.0011880994
  -0.277565, 0.011464135, -0.0011880994
  -0.277565, 0.011748336, -0.0011880994
  -0.277565, 0.010937185, -0.0011880994
  -0.277565, 0.0097094974, -0.0011880994
  -0.277565, 0.011751525, -0.0011880994
  -0.277565, 0.010301817, -0.0011880994
  -0.277565, 0.012070405, -0.0011880994
  -0.277565, 0.011904986, -0.0011880994
  -0.277565, 0.01100136, -0.0011880994
  -0.277565, 0.01145696, -0.0011880994
  -0.277565, 0.01118073, -0.0011880994
  -0.277565, 0.011439421, -0.0011880994
  -0.277565, 0.011227765, -0.0011880994
  -0.277565, 0.011260051, -0.0011880994
  -0.277565, 0.011770658, -0.0011880994
  -0.277565, 0.011665029, -0.0011880994
  -0.277565, 0.012178824, -0.0011880994
  -0.277565, 0.010466439, -0.0011880994
  -0.277565, 0.011577337, -0.0011880994
  -0.277565, 0.010839528, -0.0011880994
  -0.277565, 0.012290831, -0.0011880994
  -0.277565, 0.010992192, -0.0011880994
  -0.277565, 0.011587302, -0.0011880994
  -0.277565, 0.011292338, -0.0011880994
  -0.277565, 0.010975052, -0.0011880994
  -0.277565, 0.011200261, -0.0011880994
  -0.277565, 0.011759497, -0.0011880994
  -0.277565, 0.010515865, -0.0011880994
  -0.277565, 0.011820483, -0.0011880994
  -0.277565, 0.012036524, -0.0011880994
  -0.277565, 0.011675393, -0.0011880994
  -0.277565, 0.011164387, -0.0011880994
  -0.277565, 0.011332198, -0.0011880994
  -0.277565, 0.010846703, -0.0011880994
  -0.277565, 0.011287555, -0.0011880994
  -0.277565, 0.011346548, -0.0011880994
  -0.277565, 0.011930895, -0.0011880994
  -0.277565, 0.011333394, -0.0011880994
  -0.277565, 0.011189898, -0.0011880994
  -0.277565, 0.011429456, -0.0011880994
  -0.277565, 0.010631858, -0.0011880994
  -0.277565, 0.012150125, -0.0011880994
  -0.277565, 0.010493145, -0.0011880994
  -0.277565, 0.011144457, -0.0011880994
  -0.277565, 0.011667819, -0.0011880994
  -0.277565, 0.011283569, -0.0011880994
  -0.277565, 0.012044895, -0.0011880994
  -0.277565, 0.010611529, -0.0011880994
  -0.277565, 0.011044409, -0.0011880994
  -0.277565, 0.011686553, -0.0011880994
  -0.277565, 0.010818403, -0.0011880994
  -0.277565, 0.011094234, -0.0011880994
  -0.277565, 0.01057725, -0.0011880994
  -0.277565, 0.01173598, -0.0011880994
  -0.277565, 0.012092328, -0.0011880994
  -0.277565, 0.0108475, -0.0011880994
  -0.277565, 0.010510683, -0.0011880994
  -0.277565, 0.011215807, -0.0011880994
  -0.277565, 0.01140275, -0.0011880994
  -0.277565, 0.010765389, -0.0011880994
  -0.277565, 0.011088255, -0.0011880994
  -0.277565, 0.011783413, -0.0011880994
  -0.277565, 0.011469316, -0.0011880994
  -0.277565, 0.01094715, -0.0011880994
  -0.277565, 0.011830049, -0.0011880994
  -0.277565, 0.011327415, -0.0011880994
  -0.277565, 0.011523127, -0.0011880994
  -0.277565, 0.011125325, -0.0011880994
  -0.277565, 0.010845507, -0.0011880994
  -0.277565, 0.011579729, -0.0011880994
  -0.277565, 0.010857465, -0.0011880994
  -0.277565, 0.011352128, -0.0011880994
  -0.277565, 0.01044332, -0.0011880994
  -0.277565, 0.010262356, -0.0011880994
  -0.277565, 0.010900116, -0.0011880994
  -0.277565, 0.010955122, -0.0011880994
  -0.277565, 0.011488449, -0.0011880994
  -0.277565, 0.010764592, -0.0011880994
  -0.277565, 0.011040024, -0.0011880994
  -0.277565, 0.011050388, -0.0011880994
  -0.277565, 0.010451691, -0.0011880994
  -0.277565, 0.011737176, -0.0011880994
  -0.277565, 0.010387117, -0.0011880994
  -0.277565, 0.011651875, -0.0011880994
  -0.277565, 0.010684473, -0.0011880994
  -0.277565, 0.011079884, -0.0011880994
  -0.277565, 0.011577736, -0.0011880994
  -0.277565, 0.011259653, -0.0011880994
  -0.277565, 0.011588896, -0.0011880994
  -0.277565, 0.012365768, -0.0011880994
  -0.277565, 0.011315855, -0.0011880994
  -0.277565, 0.011921329, -0.0011880994
  -0.277565, 0.011405142, -0.0011880994
  -0.277565, 0.012308768, -0.0011880994
  -0.277565, 0.01139438, -0.0011880994
  -0.277565, 0.011969559, -0.0011880994
  -0.277565, 0.0112178, -0.0011880994
  -0.277565, 0.011076695, -0.0011880994
  -0.277565, 0.011409925, -0.0011880994
  -0.277565, 0.012290034, -0.0011880994
  -0.277565, 0.01089892, -0.0011880994
  -0.277565, 0.010813221, -0.0011880994
  -0.277565, 0.011083472, -0.0011880994
  -0.277565, 0.011431051, -0.0011880994
  -0.277565, 0.011126122, -0.0011880994
  -0.277565, 0.011493232, -0.0011880994
  -0.277565, 0.012166866, -0.0011880994
  -0.277565, 0.010270726, -0.0011880994
  -0.277565, 0.011028465, -0.0011880994
  -0.277565, 0.010929612, -0.0011880994
  -0.277565, 0.011928105, -0.0011880994
  -0.277565, 0.011324625, -0.0011880994
  -0.277565, 0.01078771, -0.0011880994
  -0.277565, 0.011661043, -0.0011880994
  -0.277565, 0.011386806, -0.0011880994
  -0.277565, 0.010177454, -0.0011880994
  -0.277565, 0.011161199, -0.0011880994
  -0.277565, 0.011637127, -0.0011880994
  -0.277565, 0.010569278, -0.0011880994
  -0.277565, 0.011419093, -0.0011880994
  -0.277565, 0.011277191, -0.0011880994
  -0.277565, 0.01096429, -0.0011880994
  -0.277565, 0.010689256, -0.0011880994
  -0.277565, 0.010057475, -0.0011880994
  -0.277565, 0.010587215, -0.0011880994
  -0.277565, 0.01228246, -0.0011880994
  -0.277565, 0.011741959, -0.0011880994
  -0.277565, 0.010554131, -0.0011880994
  -0.277565, 0.012058049, -0.0011880994
  -0.277565, 0.011149639, -0.0011880994
  -0.277565, 0.011023682, -0.0011880994
  -0.277565, 0.011086262, -0.0011880994
  -0.277565, 0.010775354, -0.0011880994
  -0.277565, 0.01233946, -0.0011880994
  -0.277565, 0.011919336, -0.0011880994
  -0.277565, 0.010766983, -0.0011880994
  -0.277565, 0.01116359, -0.0011880994
  -0.277565, 0.010928416, -0.0011880994
  -0.277565, 0.011327016, -0.0011880994
  -0.277565, 0.010872214, -0.0011880994
  -0.277565, 0.012099503, -0.0011880994
  -0.277565, 0.011641512, -0.0011880994
  -0.277565, 0.011350932, -0.0011880994
  -0.277565, 0.010312978, -0.0011880994
  -0.277565, 0.01169612, -0.0011880994
  -0.277565, 0.011750728, -0.0011880994
  -0.277565, 0.011838021, -0.0011880994
  -0.277565, 0.01050032, -0.0011880994
  -0.277565, 0.011594875, -0.0011880994
  -0.277565, 0.011326219, -0.0011880994
  -0.277565, 0.010652585, -0.0011880994
  -0.277565, 0.011325422, -0.0011880994
  -0.277565, 0.011625568, -0.0011880994
  -0.277565, 0.010167887, -0.0011880994
  -0.277565, 0.012249775, -0.0011880994
  -0.277565, 0.010906493, -0.0011880994
  -0.277565, 0.011985902, -0.0011880994
  -0.277565, 0.011167178, -0.0011880994
  -0.277565, 0.011073905, -0.0011880994
  -0.277565, 0.011179933, -0.0011880994
  -0.277565, 0.011728805, -0.0011880994
  -0.277565, 0.010780137, -0.0011880994
  -0.277565, 0.011488051, -0.0011880994
  -0.277565, 0.011875888, -0.0011880994
  -0.277565, 0.011181129, -0.0011880994
  -0.277565, 0.011763882, -0.0011880994
  -0.277565, 0.011599659, -0.0011880994
  -0.277565, 0.011503197, -0.0011880994
  -0.277565, 0.010922437, -0.0011880994
  -0.277565, 0.011139276, -0.0011880994
  -0.277565, 0.012205531, -0.0011880994
  -0.277565, 0.011369666, -0.0011880994
  -0.277565, 0.011808525, -0.0011880994
  -0.277565, 0.011242114, -0.0011880994
  -0.277565, 0.011618393, -0.0011880994
  -0.277565, 0.012018587, -0.0011880994
  -0.277565, 0.011322233, -0.0011880994
  -0.277565, 0.011263639, -0.0011880994
  -0.277565, 0.012246188, -0.0011880994
  -0.277565, 0.012180817, -0.0011880994
  -0.277565, 0.010941969, -0.0011880994
  -0.277565, 0.01124331, -0.0011880994
  -0.277565, 0.011125325, -0.0011880994
  -0.277565, 0.011427862, -0.0011880994
  -0.277565, 0.010944759, -0.0011880994
  -0.277565, 0.012228251, -0.0011880994
  -0.277565, 0.011405142, -0.0011880994
  -0.277565, 0.012039314, -0.0011880994
  -0.277565, 0.011965175, -0.0011880994
  -0.277565, 0.010815612, -0.0011880994
  -0.277565, 0.010194594, -0.0011880994
  -0.277565, 0.011075101, -0.0011880994
  -0.277565, 0.011152429, -0.0011880994
  -0.277565, 0.011806133, -0.0011880994
  -0.277565, 0.011625568, -0.0011880994
  -0.277565, 0.011193884, -0.0011880994
  -0.277565, 0.011922923, -0.0011880994
  -0.277565, 0.011003353, -0.0011880994
  -0.277565, 0.011719637, -0.0011880994
  -0.277565, 0.011751127, -0.0011880994
  -0.277565, 0.011790189, -0.0011880994
  -0.277565, 0.01208316, -0.0011880994
  -0.277565, 0.011061947, -0.0011880994
  -0.277565, 0.011812511, -0.0011880994
  -0.277565, 0.01152512, -0.0011880994
  -0.277565, 0.011107388, -0.0011880994
  -0.277565, 0.01178142, -0.0011880994
  -0.277565, 0.011931692, -0.0011880994
  -0.277565, 0.009982937, -0.0011880994
  -0.277565, 0.0121003, -0.0011880994
  -0.277565, 0.01092164, -0.0011880994
  -0.277565, 0.011203052, -0.0011880994
  -0.277565, 0.0121573, -0.0011880994
  -0.277565, 0.010390306, -0.0011880994
  -0.277565, 0.011696518, -0.0011880994
  -0.277565, 0.010686865, -0.0011880994
  -0.277565, 0.011025675, -0.0011880994
  -0.277565, 0.012149328, -0.0011880994
  -0.277565, 0.011422282, -0.0011880994
  -0.277565, 0.011762287, -0.0011880994
  -0.277565, 0.0105629, -0.0011880994
  -0.277565, 0.011990685, -0.0011880994
  -0.277565, 0.011003353, -0.0011880994
  -0.277565, 0.011059556, -0.0011880994
  -0.277565, 0.011501603, -0.0011880994
  -0.277565, 0.011260051, -0.0011880994
  -0.277565, 0.012127405, -0.0011880994
  -0.277565, 0.01185277, -0.0011880994
  -0.277565, 0.011831245, -0.0011880994
  -0.277565, 0.010984619, -0.0011880994
  -0.277565, 0.010787312, -0.0011880994
  -0.277565, 0.010895731, -0.0011880994
  -0.277565, 0.012013405, -0.0011880994
  -0.277565, 0.0110468, -0.0011880994
  -0.277565, 0.011196275, -0.0011880994
  -0.277565, 0.010812025, -0.0011880994
  -0.277565, 0.010862249, -0.0011880994
  -0.277565, 0.011132101, -0.0011880994
  -0.277565, 0.011368869, -0.0011880994
  -0.277565, 0.011359303, -0.0011880994
  -0.277565, 0.011366478, -0.0011880994
  -0.277565, 0.011476093, -0.0011880994
  -0.277565, 0.011930497, -0.0011880994
  -0.277565, 0.011520337, -0.0011880994
  -0.277565, 0.012084356, -0.0011880994
  -0.277565, 0.01191256, -0.0011880994
  -0.277565, 0.011757106, -0.0011880994
  -0.277565, 0.011952818, -0.0011880994
  -0.277565, 0.010677298, -0.0011880994
  -0.277565, 0.011165982, -0.0011880994
  -0.277565, 0.011555015, -0.0011880994
  -0.277565, 0.011527113, -0.0011880994
  -0.277565, 0.012102692, -0.0011880994
  -0.277565, 0.012070804, -0.0011880994
  -0.277565, 0.011541463, -0.0011880994
  -0.277565, 0.011954413, -0.0011880994
  -0.277565, 0.010436544, -0.0011880994
  -0.277565, 0.011128912, -0.0011880994
  -0.277565, 0.012118237, -0.0011880994
  -0.277565, 0.010859857, -0.0011880994
  -0.277565, 0.011279981, -0.0011880994
  -0.277565, 0.010188615, -0.0011880994
  -0.277565, 0.01128317, -0.0011880994
  -0.277565, 0.011656658, -0.0011880994
  -0.277565, 0.010373565, -0.0011880994
  -0.277565, 0.010721543, -0.0011880994
  -0.277565, 0.011115758, -0.0011880994
  -0.277565, 0.011507981, -0.0011880994
  -0.277565, 0.01203214, -0.0011880994
  -0.277565, 0.011617596, -0.0011880994
  -0.277565, 0.011289149, -0.0011880994
  -0.277565, 0.011310674, -0.0011880994
  -0.277565, 0.011378436, -0.0011880994
  -0.277565, 0.011057164, -0.0011880994
  -0.277565, 0.010638634, -0.0011880994
  -0.277565, 0.011580127, -0.0011880994
  -0.277565, 0.011712064, -0.0011880994
  -0.277565, 0.011131304, -0.0011880994
  -0.277565, 0.010078601, -0.0011880994
  -0.277565, 0.011799756, -0.0011880994
  -0.277565, 0.009917168, -0.0011880994
  -0.277565, 0.012016196, -0.0011880994
  -0.277565, 0.011829252, -0.0011880994
  -0.277565, 0.011612015, -0.0011880994
  -0.277565, 0.0092387508, -0.0011880994
  -0.277565, 0.010436544, -0.0011880994
  -0.277565, 0.0098478116, -0.0011880994
  -0.277565, 0.011588099, -0.0011880994
  -0.277565, 0.011276394, -0.0011880994
  -0.277565, 0.01135731, -0.0011880994
  -0.277565, 0.010088566, -0.0011880994
  -0.277565, 0.010408243, -0.0011880994
  -0.277565, 0.011733588, -0.0011880994
  -0.277565, 0.010928018, -0.0011880994
  -0.277565, 0.010851486, -0.0011880994
  -0.277565, 0.010520648, -0.0011880994
  -0.277565, 0.010045916, -0.0011880994
  -0.277565, 0.011465729, -0.0011880994
  -0.277565, 0.010528222, -0.0011880994
  -0.277565, 0.011378834, -0.0011880994
  -0.277565, 0.010598774, -0.0011880994
  -0.277565, 0.011223779, -0.0011880994
  -0.277565, 0.010790501, -0.0011880994
  -0.277565, 0.011453771, -0.0011880994
  -0.277565, 0.010977843, -0.0011880994
  -0.277565, 0.011228961, -0.0011880994
  -0.277565, 0.011533491, -0.0011880994
  -0.277565, 0.011335785, -0.0011880994
  -0.277565, 0.011124129, -0.0011880994
  -0.277565, 0.0112178, -0.0011880994
  -0.277565, 0.0121003, -0.0011880994
  -0.277565, 0.011225772, -0.0011880994
  -0.277565, 0.011574148, -0.0011880994
  -0.277565, 0.011233744, -0.0011880994
  -0.277565, 0.011840413, -0.0011880994
  -0.277565, 0.011934084, -0.0011880994
  -0.277565, 0.011368072, -0.0011880994
  -0.277565, 0.010684473, -0.0011880994
  -0.277565, 0.011689742, -0.0011880994
  -0.277565, 0.010435348, -0.0011880994
  -0.277565, 0.011815301, -0.0011880994
  -0.277565, 0.010984619, -0.0011880994
  -0.277565, 0.01211465, -0.0011880994
  -0.277565, 0.012268509, -0.0011880994
  -0.277565, 0.011574547, -0.0011880994
  -0.277565, 0.011435834, -0.0011880994
  -0.277565, 0.010194195, -0.0011880994
  -0.277565, 0.011393582, -0.0011880994
  -0.277565, 0.01038632, -0.0011880994
  -0.277565, 0.01151954, -0.0011880994
  -0.277565, 0.011653868, -0.0011880994
  -0.277565, 0.011631945, -0.0011880994
  -0.277565, 0.01076778, -0.0011880994
  -0.277565, 0.011265632, -0.0011880994
  -0.277565, 0.011128513, -0.0011880994
  -0.277565, 0.011533491, -0.0011880994
  -0.277565, 0.011569764, -0.0011880994
  -0.277565, 0.010363201, -0.0011880994
  -0.277565, 0.010891745, -0.0011880994
  -0.277565, 0.010782529, -0.0011880994
  -0.277565, 0.01233109, -0.0011880994
  -0.277565, 0.011486058, -0.0011880994
  -0.277565, 0.011840812, -0.0011880994
  -0.277565, 0.011252478, -0.0011880994
  -0.277565, 0.011824868, -0.0011880994
  -0.277565, 0.01032095, -0.0011880994
  -0.277565, 0.012115447, -0.0011880994
  -0.277565, 0.011170366, -0.0011880994
  -0.277565, 0.010871416, -0.0011880994
  -0.277565, 0.011495225, -0.0011880994
  -0.277565, 0.010271922, -0.0011880994
  -0.277565, 0.010077007, -0.0011880994
  -0.277565, 0.011276793, -0.0011880994
  -0.277565, 0.012250971, -0.0011880994
  -0.277565, 0.010995381, -0.0011880994
  -0.277565, 0.011560197, -0.0011880994
  -0.277565, 0.01144261, -0.0011880994
  -0.277565, 0.0098047628, -0.0011880994
  -0.277565, 0.012121027, -0.0011880994
  -0.277565, 0.011944049, -0.0011880994
  -0.277565, 0.01169891, -0.0011880994
  -0.277565, 0.011144059, -0.0011880994
  -0.277565, 0.01201221, -0.0011880994
  -0.277565, 0.01102687, -0.0011880994
  -0.277565, 0.012115846, -0.0011880994
  -0.277565, 0.010865437, -0.0011880994
  -0.277565, 0.011202653, -0.0011880994
  -0.277565, 0.010998968, -0.0011880994
  -0.277565, 0.01140554, -0.0011880994
  -0.277565, 0.011370464, -0.0011880994
  -0.277565, 0.01139717, -0.0011880994
  -0.277565, 0.011222583, -0.0011880994
  -0.277565, 0.011071912, -0.0011880994
  -0.277565, 0.010245614, -0.0011880994
  -0.277565, 0.010426977, -0.0011880994
  -0.277565, 0.012011412, -0.0011880994
  -0.277565, 0.011568966, -0.0011880994
  -0.277565, 0.011546246, -0.0011880994
  -0.277565, 0.01112652, -0.0011880994
  -0.277565, 0.012122223, -0.0011880994
  -0.277565, 0.012013405, -0.0011880994
  -0.277565, 0.011136087, -0.0011880994
  -0.277565, 0.011160003, -0.0011880994
  -0.277565, 0.011364883, -0.0011880994
  -0.277565, 0.010717557, -0.0011880994
  -0.277565, 0.01114366, -0.0011880994
  -0.277565, 0.010653781, -0.0011880994
  -0.277565, 0.011828455, -0.0011880994
  -0.277565, 0.011708078, -0.0011880994
  -0.277565, 0.010985416, -0.0011880994
  -0.277565, 0.011255268, -0.0011880994
  -0.277565, 0.011536281, -0.0011880994
  -0.277565, 0.011865525, -0.0011880994
  -0.277565, 0.011714057, -0.0011880994
  -0.277565, 0.011802546, -0.0011880994
  -0.277565, 0.010017615, -0.0011880994
  -0.277565, 0.012001846, -0.0011880994
  -0.277565, 0.011796567, -0.0011880994
  -0.277565, 0.009430876, -0.0011880994
  -0.277565, 0.011207835, -0.0011880994
  -0.277565, 0.010544963, -0.0011880994
  -0.277565, 0.011833238, -0.0011880994
  -0.277565, 0.010794885, -0.0011880994
  -0.277565, 0.01141989, -0.0011880994
  -0.277565, 0.010668928, -0.0011880994
  -0.277565, 0.011167178, -0.0011880994
  -0.277565, 0.01137445, -0.0011880994
  -0.277565, 0.01141989, -0.0011880994
  -0.277565, 0.01113808, -0.0011880994
  -0.277565, 0.010793689, -0.0011880994
  -0.277565, 0.010788906, -0.0011880994
  -0.277565, 0.011599659, -0.0011880994
  -0.277565, 0.010983024, -0.0011880994
  -0.277565, 0.010495138, -0.0011880994
  -0.277565, 0.010163901, -0.0011880994
  -0.277565, 0.011434638, -0.0011880994
  -0.277565, 0.012318334, -0.0011880994
  -0.277565, 0.011122534, -0.0011880994
  -0.277565, 0.012158894, -0.0011880994
  -0.277565, 0.0085272498, -0.0011880994
  -0.277565, 0.011723623, -0.0011880994
  -0.277565, 0.011699309, -0.0011880994
  -0.277565, 0.011683763, -0.0011880994
  -0.277565, 0.011650679, -0.0011880994
  -0.277565, 0.011154821, -0.0011880994
  -0.277565, 0.012315146, -0.0011880994
  -0.277565, 0.010432558, -0.0011880994
  -0.277565, 0.009793602, -0.0011880994
  -0.277565, 0.011884259, -0.0011880994
  -0.277565, 0.010800864, -0.0011880994
  -0.277565, 0.011567372, -0.0011880994
  -0.277565, 0.010885367, -0.0011880994
  -0.277565, 0.011517946, -0.0011880994
  -0.277565, 0.011179534, -0.0011880994
  -0.277565, 0.012250572, -0.0011880994
  -0.277565, 0.011427862, -0.0011880994
  -0.277565, 0.011796567, -0.0011880994
  -0.277565, 0.012040909, -0.0011880994
  -0.277565, 0.01188386, -0.0011880994
  -0.277565, 0.0098119376, -0.0011880994
  -0.277565, 0.011543855, -0.0011880994
  -0.277565, 0.011042814, -0.0011880994
  -0.277565, 0.01089892, -0.0011880994
  -0.277565, 0.012001447, -0.0011880994
  -0.277565, 0.010809235, -0.0011880994
  -0.277565, 0.010068237, -0.0011880994
  -0.277565, 0.010978241, -0.0011880994
  -0.277565, 0.012073993, -0.0011880994
  -0.277565, 0.011716847, -0.0011880994
  -0.277565, 0.010712774, -0.0011880994
  -0.277565, 0.011622379, -0.0011880994
  -0.277565, 0.011002157, -0.0011880994
  -0.277565, 0.011902196, -0.0011880994
  -0.277565, 0.011737574, -0.0011880994
  -0.277565, 0.011018898, -0.0011880994
  -0.277565, 0.010080594, -0.0011880994
  -0.277565, 0.011512365, -0.0011880994
  -0.277565, 0.010439733, -0.0011880994
  -0.277565, 0.010977045, -0.0011880994
  -0.277565, 0.010814815, -0.0011880994
  -0.277565, 0.0097585252, -0.0011880994
  -0.277565, 0.010190608, -0.0011880994
  -0.277565, 0.011543456, -0.0011880994
  -0.277565, 0.01028946, -0.0011880994
  -0.277565, 0.010591599, -0.0011880994
  -0.277565, 0.010843116, -0.0011880994
  -0.277565, 0.010917255, -0.0011880994
  -0.277565, 0.010759808, -0.0011880994
  -0.277565, 0.01116359, -0.0011880994
  -0.277565, 0.011531897, -0.0011880994
  -0.277565, 0.010808039, -0.0011880994
  -0.277565, 0.010720347, -0.0011880994
  -0.277565, 0.011818889, -0.0011880994
  -0.277565, 0.010878193, -0.0011880994
  -0.277565, 0.010941969, -0.0011880994
  -0.277565, 0.011411918, -0.0011880994
  -0.277565, 0.01053739, -0.0011880994
  -0.277565, 0.011796567, -0.0011880994
  -0.277565, 0.010708788, -0.0011880994
  -0.277565, 0.011071115, -0.0011880994
  -0.277565, 0.011077493, -0.0011880994
  -0.277565, 0.011635134, -0.0011880994
  -0.277565, 0.011240919, -0.0011880994
  -0.277565, 0.010990598, -0.0011880994
  -0.277565, 0.011230954, -0.0011880994
  -0.277565, 0.011826063, -0.0011880994
  -0.277565, 0.010760207, -0.0011880994
  -0.277565, 0.011035241, -0.0011880994
  -0.277565, 0.011872301, -0.0011880994
  -0.277565, 0.011895021, -0.0011880994
  -0.277565, 0.010609138, -0.0011880994
  -0.277565, 0.011652274, -0.0011880994
  -0.277565, 0.01140275, -0.0011880994
  -0.277565, 0.011634735, -0.0011880994
  -0.277565, 0.012421572, -0.0011880994
  -0.277565, 0.011370862, -0.0011880994
  -0.277565, 0.011510372, -0.0011880994
  -0.277565, 0.010900913, -0.0011880994
  -0.277565, 0.011118947, -0.0011880994
  -0.277565, 0.011631945, -0.0011880994
  -0.277565, 0.012121825, -0.0011880994
  -0.277565, 0.010607543, -0.0011880994
  -0.277565, 0.012248579, -0.0011880994
  -0.277565, 0.011763882, -0.0011880994
  -0.277565, 0.011579729, -0.0011880994
  -0.277565, 0.011289548, -0.0011880994
  -0.277565, 0.011027668, -0.0011880994
  -0.277565, 0.011425072, -0.0011880994
  -0.277565, 0.011443806, -0.0011880994
  -0.277565, 0.011991084, -0.0011880994
  -0.277565, 0.011040423, -0.0011880994
  -0.277565, 0.010410635, -0.0011880994
  -0.277565, 0.011018898, -0.0011880994
  -0.277565, 0.010439733, -0.0011880994
  -0.277565, 0.0112461, -0.0011880994
  -0.277565, 0.011774644, -0.0011880994
  -0.277565, 0.010852284, -0.0011880994
  -0.277565, 0.011060751, -0.0011880994
  -0.277565, 0.011059556, -0.0011880994
  -0.277565, 0.011376841, -0.0011880994
  -0.277565, 0.0096050642, -0.0011880994
  -0.277565, 0.010404656, -0.0011880994
  -0.277565, 0.010929213, -0.0011880994
  -0.277565, 0.012445089, -0.0011880994
  -0.277565, 0.011038031, -0.0011880994
  -0.277565, 0.012030147, -0.0011880994
  -0.277565, 0.010641823, -0.0011880994
  -0.277565, 0.011161597, -0.0011880994
  -0.277565, 0.009438848, -0.0011880994
  -0.277565, 0.011598463, -0.0011880994
  -0.277565, 0.012210314, -0.0011880994
  -0.277565, 0.01111815, -0.0011880994
  -0.277565, 0.011284366, -0.0011880994
  -0.277565, 0.01146254, -0.0011880994
  -0.277565, 0.011577736, -0.0011880994
  -0.277565, 0.011495225, -0.0011880994
  -0.277565, 0.011973944, -0.0011880994
  -0.277565, 0.010859857, -0.0011880994
  -0.277565, 0.011259254, -0.0011880994
  -0.277565, 0.010369579, -0.0011880994
  -0.277565, 0.011713658, -0.0011880994
  -0.277565, 0.011130506, -0.0011880994
  -0.277565, 0.011498016, -0.0011880994
  -0.277565, 0.010657368, -0.0011880994
  -0.277565, 0.011140073, -0.0011880994
  -0.277565, 0.011002954, -0.0011880994
  -0.277565, 0.012135776, -0.0011880994
  -0.277565, 0.010920843, -0.0011880994
  -0.277565, 0.010900514, -0.0011880994
  -0.277565, 0.012022972, -0.0011880994
  -0.277565, 0.011550232, -0.0011880994
  -0.277565, 0.011940063, -0.0011880994
  -0.277565, 0.010079398, -0.0011880994
  -0.277565, 0.010646207, -0.0011880994
  -0.277565, 0.011107388, -0.0011880994
  -0.277565, 0.011946839, -0.0011880994
  -0.277565, 0.010438537, -0.0011880994
  -0.277565, 0.011783015, -0.0011880994
  -0.277565, 0.010898123, -0.0011880994
  -0.277565, 0.010293446, -0.0011880994
  -0.277565, 0.011016507, -0.0011880994
  -0.277565, 0.010663746, -0.0011880994
  -0.277565, 0.011500806, -0.0011880994
  -0.277565, 0.012080769, -0.0011880994
  -0.277565, 0.009701924, -0.0011880994
  -0.277565, 0.011368869, -0.0011880994
  -0.277565, 0.011309079, -0.0011880994
  -0.277565, 0.011297918, -0.0011880994
  -0.277565, 0.01177863, -0.0011880994
  -0.277565, 0.011635134, -0.0011880994
  -0.277565, 0.011788196, -0.0011880994
  -0.277565, 0.011651875, -0.0011880994
  -0.277565, 0.011787001, -0.0011880994
  -0.277565, 0.010730312, -0.0011880994
  -0.277565, 0.011552624, -0.0011880994
  -0.27111, 0.011586903, -0.0011608398
  -0.27111, 0.0099626084, -0.0011608398
  -0.27111, 0.01169891, -0.0011608398
  -0.27111, 0.010492348, -0.0011608398
  -0.27111, 0.011079884, -0.0011608398
  -0.27111, 0.011844399, -0.0011608398
  -0.27111, 0.012107076, -0.0011608398
  -0.27111, 0.011051185, -0.0011608398
  -0.27111, 0.011990287, -0.0011608398
  -0.27111, 0.011599659, -0.0011608398
  -0.27111, 0.010919248, -0.0011608398
  -0.27111, 0.011077493, -0.0011608398
  -0.27111, 0.011338974, -0.0011608398
  -0.27111, 0.011527113, -0.0011608398
  -0.27111, 0.011191492, -0.0011608398
  -0.27111, 0.011728406, -0.0011608398
  -0.27111, 0.011655064, -0.0011608398
  -0.27111, 0.012402439, -0.0011608398
  -0.27111, 0.011304695, -0.0011608398
  -0.27111, 0.011875888, -0.0011608398
  -0.27111, 0.011874294, -0.0011608398
  -0.27111, 0.011942853, -0.0011608398
  -0.27111, 0.012445089, -0.0011608398
  -0.27111, 0.011197471, -0.0011608398
  -0.27111, 0.0094595752, -0.0011608398
  -0.27111, 0.012317139, -0.0011608398
  -0.27111, 0.011592484, -0.0011608398
  -0.27111, 0.012463425, -0.0011608398
  -0.27111, 0.010474411, -0.0011608398
  -0.27111, 0.011261646, -0.0011608398
  -0.27111, 0.011914951, -0.0011608398
  -0.27111, 0.010596382, -0.0011608398
  -0.27111, 0.011383617, -0.0011608398
  -0.27111, 0.01145975, -0.0011608398
  -0.27111, 0.012169657, -0.0011608398
  -0.27111, 0.01077934, -0.0011608398
  -0.27111, 0.011126919, -0.0011608398
  -0.27111, 0.011774245, -0.0011608398
  -0.27111, 0.011278387, -0.0011608398
  -0.27111, 0.011869112, -0.0011608398
  -0.27111, 0.010497928, -0.0011608398
  -0.27111, 0.011705686, -0.0011608398
  -0.27111, 0.011922126, -0.0011608398
  -0.27111, 0.0099478602, -0.0011608398
  -0.27111, 0.012064825, -0.0011608398
  -0.27111, 0.011080283, -0.0011608398
  -0.27111, 0.01179577, -0.0011608398
  -0.27111, 0.01157933, -0.0011608398
  -0.27111, 0.0095289316, -0.0011608398
  -0.27111, 0.012083559, -0.0011608398
  -0.27111, 0.012509662, -0.0011608398
  -0.27111, 0.011719239, -0.0011608398
  -0.27111, 0.011690539, -0.0011608398
  -0.27111, 0.011005346, -0.0011608398
  -0.27111, 0.01149403, -0.0011608398
  -0.27111, 0.010545362, -0.0011608398
  -0.27111, 0.011270814, -0.0011608398
  -0.27111, 0.01031816, -0.0011608398
  -0.27111, 0.011245303, -0.0011608398
  -0.27111, 0.010637837, -0.0011608398
  -0.27111, 0.012227055, -0.0011608398
  -0.27111, 0.010621096, -0.0011608398
  -0.27111, 0.010916458, -0.0011608398
  -0.27111, 0.010772962, -0.0011608398
  -0.27111, 0.01187828, -0.0011608398
  -0.27111, 0.010828766, -0.0011608398
  -0.27111, 0.012221873, -0.0011608398
  -0.27111, 0.012132188, -0.0011608398
  -0.27111, 0.010843514, -0.0011608398
  -0.27111, 0.012148929, -0.0011608398
  -0.27111, 0.011745148, -0.0011608398
  -0.27111, 0.011446995, -0.0011608398
  -0.27111, 0.010947549, -0.0011608398
  -0.27111, 0.010766983, -0.0011608398
  -0.27111, 0.012133384, -0.0011608398
  -0.27111, 0.010932402, -0.0011608398
  -0.27111, 0.011339771, -0.0011608398
  -0.27111, 0.01239367, -0.0011608398
  -0.27111, 0.010654179, -0.0011608398
  -0.27111, 0.0101643, -0.0011608398
  -0.27111, 0.01114645, -0.0011608398
  -0.27111, 0.011893825, -0.0011608398
  -0.27111, 0.011723225, -0.0011608398
  -0.27111, 0.011095031, -0.0011608398
  -0.27111, 0.010894137, -0.0011608398
  -0.27111, 0.010364397, -0.0011608398
  -0.27111, 0.012610508, -0.0011608398
  -0.27111, 0.011899804, -0.0011608398
  -0.27111, 0.011220989, -0.0011608398
  -0.27111, 0.011490044, -0.0011608398
  -0.27111, 0.011426268, -0.0011608398
  -0.27111, 0.011074702, -0.0011608398
  -0.27111, 0.011468519, -0.0011608398
  -0.27111, 0.009869336, -0.0011608398
  -0.27111, 0.011478883, -0.0011608398
  -0.27111, 0.012422369, -0.0011608398
  -0.27111, 0.011649882, -0.0011608398
  -0.27111, 0.011554617, -0.0011608398
  -0.27111, 0.011622777, -0.0011608398
  -0.27111, 0.01063704, -0.0011608398
  -0.27111, 0.010906493, -0.0011608398
  -0.27111, 0.012179223, -0.0011608398
  -0.27111, 0.011592882, -0.0011608398
  -0.27111, 0.011229359, -0.0011608398
  -0.27111, 0.010893339, -0.0011608398
  -0.27111, 0.011266429, -0.0011608398
  -0.27111, 0.011738371, -0.0011608398
  -0.27111, 0.012265321, -0.0011608398
  -0.27111, 0.011328611, -0.0011608398
  -0.27111, 0.011811714, -0.0011608398
  -0.27111, 0.010793689, -0.0011608398
  -0.27111, 0.010936388, -0.0011608398
  -0.27111, 0.012026161, -0.0011608398
  -0.27111, 0.011631547, -0.0011608398
  -0.27111, 0.01194086, -0.0011608398
  -0.27111, 0.011310275, -0.0011608398
  -0.27111, 0.01119508, -0.0011608398
  -0.27111, 0.010305006, -0.0011608398
  -0.27111, 0.011718043, -0.0011608398
  -0.27111, 0.01162477, -0.0011608398
  -0.27111, 0.011038828, -0.0011608398
  -0.27111, 0.01210309, -0.0011608398
  -0.27111, 0.010871018, -0.0011608398
  -0.27111, 0.011919336, -0.0011608398
  -0.27111, 0.011242114, -0.0011608398
  -0.27111, 0.011917741, -0.0011608398
  -0.27111, 0.012265321, -0.0011608398
  -0.27111, 0.011677386, -0.0011608398
  -0.27111, 0.011570162, -0.0011608398
  -0.27111, 0.011184317, -0.0011608398
  -0.27111, 0.012091531, -0.0011608398
  -0.27111, 0.010206552, -0.0011608398
  -0.27111, 0.010859458, -0.0011608398
  -0.27111, 0.010878591, -0.0011608398
  -0.27111, 0.010783326, -0.0011608398
  -0.27111, 0.011506386, -0.0011608398
  -0.27111, 0.010426579, -0.0011608398
  -0.27111, 0.011399163, -0.0011608398
  -0.27111, 0.01090171, -0.0011608398
  -0.27111, 0.010829165, -0.0011608398
  -0.27111, 0.011040423, -0.0011608398
  -0.27111, 0.011110576, -0.0011608398
  -0.27111, 0.011794574, -0.0011608398
  -0.27111, 0.011813308, -0.0011608398
  -0.27111, 0.011179933, -0.0011608398
  -0.27111, 0.011189898, -0.0011608398
  -0.27111, 0.011623176, -0.0011608398
  -0.27111, 0.012347831, -0.0011608398
  -0.27111, 0.011825266, -0.0011608398
  -0.27111, 0.011512764, -0.0011608398
  -0.27111, 0.011286758, -0.0011608398
  -0.27111, 0.011458156, -0.0011608398
  -0.27111, 0.011428261, -0.0011608398
  -0.27111, 0.010424984, -0.0011608398
  -0.27111, 0.011586903, -0.0011608398
  -0.27111, 0.011165583, -0.0011608398
  -0.27111, 0.0121003, -0.0011608398
  -0.27111, 0.012028951, -0.0011608398
  -0.27111, 0.011453771, -0.0011608398
  -0.27111, 0.011510372, -0.0011608398
  -0.27111, 0.010601166, -0.0011608398
  -0.27111, 0.010398677, -0.0011608398
  -0.27111, 0.012006231, -0.0011608398
  -0.27111, 0.01115522, -0.0011608398
  -0.27111, 0.012119832, -0.0011608398
  -0.27111, 0.011175548, -0.0011608398
  -0.27111, 0.012052867, -0.0011608398
  -0.27111, 0.011928902, -0.0011608398
  -0.27111, 0.01189263, -0.0011608398
  -0.27111, 0.010730312, -0.0011608398
  -0.27111, 0.011900203, -0.0011608398
  -0.27111, 0.011227765, -0.0011608398
  -0.27111, 0.011347345, -0.0011608398
  -0.27111, 0.011018101, -0.0011608398
  -0.27111, 0.011889839, -0.0011608398
  -0.27111, 0.0092172264, -0.0011608398
  -0.27111, 0.011317848, -0.0011608398
  -0.27111, 0.010961101, -0.0011608398
  -0.27111, 0.011669414, -0.0011608398
  -0.27111, 0.010354432, -0.0011608398
  -0.27111, 0.011405142, -0.0011608398
  -0.27111, 0.011927308, -0.0011608398
  -0.27111, 0.012145741, -0.0011608398
  -0.27111, 0.011657854, -0.0011608398
  -0.27111, 0.011240121, -0.0011608398
  -0.27111, 0.011749532, -0.0011608398
  -0.27111, 0.012642396, -0.0011608398
  -0.27111, 0.010082986, -0.0011608398
  -0.27111, 0.01131745, -0.0011608398
  -0.27111, 0.012125811, -0.0011608398
  -0.27111, 0.011240121, -0.0011608398
  -0.27111, 0.011872301, -0.0011608398
  -0.27111, 0.010699221, -0.0011608398
  -0.27111, 0.011906182, -0.0011608398
  -0.27111, 0.012069608, -0.0011608398
  -0.27111, 0.01151675, -0.0011608398
  -0.27111, 0.011940063, -0.0011608398
  -0.27111, 0.010963493, -0.0011608398
  -0.27111, 0.01163354, -0.0011608398
  -0.27111, 0.011546645, -0.0011608398
  -0.27111, 0.011852371, -0.0011608398
  -0.27111, 0.01235102, -0.0011608398
  -0.27111, 0.010742669, -0.0011608398
  -0.27111, 0.011225772, -0.0011608398
  -0.27111, 0.01094157, -0.0011608398
  -0.27111, 0.011503995, -0.0011608398
  -0.27111, 0.012400845, -0.0011608398
  -0.27111, 0.011551827, -0.0011608398
  -0.27111, 0.011002556, -0.0011608398
  -0.27111, 0.012096314, -0.0011608398
  -0.27111, 0.012183209, -0.0011608398
  -0.27111, 0.012098307, -0.0011608398
  -0.27111, 0.011536281, -0.0011608398
  -0.27111, 0.011517547, -0.0011608398
  -0.27111, 0.011304695, -0.0011608398
  -0.27111, 0.012016993, -0.0011608398
  -0.27111, 0.011338974, -0.0011608398
  -0.27111, 0.010768179, -0.0011608398
  -0.27111, 0.010728718, -0.0011608398
  -0.27111, 0.011502799, -0.0011608398
  -0.27111, 0.011278786, -0.0011608398
  -0.27111, 0.011332198, -0.0011608398
  -0.27111, 0.011524323, -0.0011608398
  -0.27111, 0.011298716, -0.0011608398
  -0.27111, 0.011278786, -0.0011608398
  -0.27111, 0.01147968, -0.0011608398
  -0.27111, 0.011222583, -0.0011608398
  -0.27111, 0.011193884, -0.0011608398
  -0.27111, 0.011617994, -0.0011608398
  -0.27111, 0.010529816, -0.0011608398
  -0.27111, 0.011076297, -0.0011608398
  -0.27111, 0.011509974, -0.0011608398
  -0.27111, 0.011936476, -0.0011608398
  -0.27111, 0.012226258, -0.0011608398
  -0.27111, 0.012128601, -0.0011608398
  -0.27111, 0.011020891, -0.0011608398
  -0.27111, 0.011518344, -0.0011608398
  -0.27111, 0.010606347, -0.0011608398
  -0.27111, 0.010367586, -0.0011608398
  -0.27111, 0.010445712, -0.0011608398
  -0.27111, 0.010729515, -0.0011608398
  -0.27111, 0.012034133, -0.0011608398
  -0.27111, 0.011730001, -0.0011608398
  -0.27111, 0.010401068, -0.0011608398
  -0.27111, 0.012386894, -0.0011608398
  -0.27111, 0.011928504, -0.0011608398
  -0.27111, 0.010133608, -0.0011608398
  -0.27111, 0.011026073, -0.0011608398
  -0.27111, 0.012349425, -0.0011608398
  -0.27111, 0.011019696, -0.0011608398
  -0.27111, 0.0098701332, -0.0011608398
  -0.27111, 0.011208632, -0.0011608398
  -0.27111, 0.011842805, -0.0011608398
  -0.27111, 0.011480876, -0.0011608398
  -0.27111, 0.011294331, -0.0011608398
  -0.27111, 0.010811626, -0.0011608398
  -0.27111, 0.010876598, -0.0011608398
  -0.27111, 0.011916147, -0.0011608398
  -0.27111, 0.011430652, -0.0011608398
  -0.27111, 0.012239412, -0.0011608398
  -0.27111, 0.011819287, -0.0011608398
  -0.27111, 0.011200261, -0.0011608398
  -0.27111, 0.010427376, -0.0011608398
  -0.27111, 0.01231674, -0.0011608398
  -0.27111, 0.011986699, -0.0011608398
  -0.27111, 0.01038632, -0.0011608398
  -0.27111, 0.012043699, -0.0011608398
  -0.27111, 0.011253275, -0.0011608398
  -0.27111, 0.011722029, -0.0011608398
  -0.27111, 0.011880273, -0.0011608398
  -0.27111, 0.011635134, -0.0011608398
  -0.27111, 0.010956717, -0.0011608398
  -0.27111, 0.011446198, -0.0011608398
  -0.27111, 0.010336894, -0.0011608398
  -0.27111, 0.011611617, -0.0011608398
  -0.27111, 0.011796966, -0.0011608398
  -0.27111, 0.011052381, -0.0011608398
  -0.27111, 0.011598064, -0.0011608398
  -0.27111, 0.012093923, -0.0011608398
  -0.27111, 0.011469715, -0.0011608398
  -0.27111, 0.010394292, -0.0011608398
  -0.27111, 0.01098701, -0.0011608398
  -0.27111, 0.011728008, -0.0011608398
  -0.27111, 0.011787001, -0.0011608398
  -0.27111, 0.01221988, -0.0011608398
  -0.27111, 0.011341764, -0.0011608398
  -0.27111, 0.01191256, -0.0011608398
  -0.27111, 0.011611218, -0.0011608398
  -0.27111, 0.011606036, -0.0011608398
  -0.27111, 0.011531099, -0.0011608398
  -0.27111, 0.01163912, -0.0011608398
  -0.27111, 0.010738683, -0.0011608398
  -0.27111, 0.01159926, -0.0011608398
  -0.27111, 0.010433754, -0.0011608398
  -0.27111, 0.011161597, -0.0011608398
  -0.27111, 0.01189263, -0.0011608398
  -0.27111, 0.0099454686, -0.0011608398
  -0.27111, 0.011209429, -0.0011608398
  -0.27111, 0.010370775, -0.0011608398
  -0.27111, 0.01209193, -0.0011608398
  -0.27111, 0.010558117, -0.0011608398
  -0.27111, 0.010886962, -0.0011608398
  -0.27111, 0.011415107, -0.0011608398
  -0.27111, 0.011948035, -0.0011608398
  -0.27111, 0.011629952, -0.0011608398
  -0.27111, 0.010954724, -0.0011608398
  -0.27111, 0.011273604, -0.0011608398
  -0.27111, 0.012165272, -0.0011608398
  -0.27111, 0.010334502, -0.0011608398
  -0.27111, 0.011623973, -0.0011608398
  -0.27111, 0.011757504, -0.0011608398
  -0.27111, 0.010616711, -0.0011608398
  -0.27111, 0.010932402, -0.0011608398
  -0.27111, 0.01114366, -0.0011608398
  -0.27111, 0.012203538, -0.0011608398
  -0.27111, 0.012145342, -0.0011608398
  -0.27111, 0.011435834, -0.0011608398
  -0.27111, 0.010894137, -0.0011608398
  -0.27111, 0.011158807, -0.0011608398
  -0.27111, 0.011868315, -0.0011608398
  -0.27111, 0.011725616, -0.0011608398
  -0.27111, 0.010680886, -0.0011608398
  -0.27111, 0.012036923, -0.0011608398
  -0.27111, 0.010908486, -0.0011608398
  -0.27111, 0.010815214, -0.0011608398
  -0.27111, 0.012168859, -0.0011608398
  -0.27111, 0.010408243, -0.0011608398
  -0.27111, 0.011584512, -0.0011608398
  -0.27111, 0.011807329, -0.0011608398
  -0.27111, 0.011943252, -0.0011608398
  -0.27111, 0.009468743, -0.0011608398
  -0.27111, 0.011803742, -0.0011608398
  -0.27111, 0.011220989, -0.0011608398
  -0.27111, 0.01216288, -0.0011608398
  -0.27111, 0.010293845, -0.0011608398
  -0.27111, 0.0096086516, -0.0011608398
  -0.27111, 0.010554928, -0.0011608398
  -0.27111, 0.009951049, -0.0011608398
  -0.27111, 0.011175947, -0.0011608398
  -0.27111, 0.012013405, -0.0011608398
  -0.27111, 0.010784123, -0.0011608398
  -0.27111, 0.012199552, -0.0011608398
  -0.27111, 0.011215408, -0.0011608398
  -0.27111, 0.011362093, -0.0011608398
  -0.27111, 0.011214611, -0.0011608398
  -0.27111, 0.011355317, -0.0011608398
  -0.27111, 0.011522729, -0.0011608398
  -0.27111, 0.011906581, -0.0011608398
  -0.27111, 0.011181926, -0.0011608398
  -0.27111, 0.010600368, -0.0011608398
  -0.27111, 0.011576141, -0.0011608398
  -0.27111, 0.012024965, -0.0011608398
  -0.27111, 0.011211422, -0.0011608398
  -0.27111, 0.0096596724, -0.0011608398
  -0.27111, 0.011692134, -0.0011608398
  -0.27111, 0.01181849, -0.0011608398
  -0.27111, 0.010880186, -0.0011608398
  -0.27111, 0.012117041, -0.0011608398
  -0.27111, 0.011334191, -0.0011608398
  -0.27111, 0.01095871, -0.0011608398
  -0.27111, 0.011154422, -0.0011608398
  -0.27111, 0.01122338, -0.0011608398
  -0.27111, 0.010705599, -0.0011608398
  -0.27111, 0.011348541, -0.0011608398
  -0.27111, 0.011336981, -0.0011608398
  -0.27111, 0.010666536, -0.0011608398
  -0.27111, 0.011427463, -0.0011608398
  -0.27111, 0.011235737, -0.0011608398
  -0.27111, 0.010771766, -0.0011608398
  -0.27111, 0.011510372, -0.0011608398
  -0.27111, 0.010200971, -0.0011608398
  -0.27111, 0.010399474, -0.0011608398
  -0.27111, 0.010079398, -0.0011608398
  -0.27111, 0.0102783, -0.0011608398
  -0.27111, 0.01063704, -0.0011608398
  -0.27111, 0.011884259, -0.0011608398
  -0.27111, 0.011712064, -0.0011608398
  -0.27111, 0.012104286, -0.0011608398
  -0.27111, 0.011718441, -0.0011608398
  -0.27111, 0.01231674, -0.0011608398
  -0.27111, 0.011132499, -0.0011608398
  -0.27111, 0.010755822, -0.0011608398
  -0.27111, 0.01121501, -0.0011608398
  -0.27111, 0.011173954, -0.0011608398
  -0.27111, 0.010961899, -0.0011608398
  -0.27111, 0.011635931, -0.0011608398
  -0.27111, 0.011777036, -0.0011608398
  -0.27111, 0.009976958, -0.0011608398
  -0.27111, 0.011000961, -0.0011608398
  -0.27111, 0.010870221, -0.0011608398
  -0.27111, 0.011278786, -0.0011608398
  -0.27111, 0.010908088, -0.0011608398
  -0.27111, 0.011777434, -0.0011608398
  -0.27111, 0.009819511, -0.0011608398
  -0.27111, 0.011464135, -0.0011608398
  -0.27111, 0.011897014, -0.0011608398
  -0.27111, 0.010900913, -0.0011608398
  -0.27111, 0.012147734, -0.0011608398
  -0.27111, 0.010117664, -0.0011608398
  -0.27111, 0.011403547, -0.0011608398
  -0.27111, 0.010971066, -0.0011608398
  -0.27111, 0.010826375, -0.0011608398
  -0.27111, 0.011755113, -0.0011608398
  -0.27111, 0.012059643, -0.0011608398
  -0.27111, 0.010953528, -0.0011608398
  -0.27111, 0.010554131, -0.0011608398
  -0.27111, 0.011673798, -0.0011608398
  -0.27111, 0.011254471, -0.0011608398
  -0.27111, 0.011805735, -0.0011608398
  -0.27111, 0.01075662, -0.0011608398
  -0.27111, 0.011295128, -0.0011608398
  -0.27111, 0.010919248, -0.0011608398
  -0.27111, 0.011776637, -0.0011608398
  -0.27111, 0.011578134, -0.0011608398
  -0.27111, 0.011635931, -0.0011608398
  -0.27111, 0.012240607, -0.0011608398
  -0.27111, 0.011943252, -0.0011608398
  -0.27111, 0.011323827, -0.0011608398
  -0.27111, 0.011941259, -0.0011608398
  -0.27111, 0.0098777066, -0.0011608398
  -0.27111, 0.01120066, -0.0011608398
  -0.27111, 0.011304296, -0.0011608398
  -0.27111, 0.01147968, -0.0011608398
  -0.27111, 0.011599659, -0.0011608398
  -0.27111, 0.011827259, -0.0011608398
  -0.27111, 0.01150519, -0.0011608398
  -0.27111, 0.011293932, -0.0011608398
  -0.27111, 0.01135452, -0.0011608398
  -0.27111, 0.012034133, -0.0011608398
  -0.27111, 0.011617596, -0.0011608398
  -0.27111, 0.011303897, -0.0011608398
  -0.27111, 0.010625879, -0.0011608398
  -0.27111, 0.011055968, -0.0011608398
  -0.27111, 0.010661354, -0.0011608398
  -0.27111, 0.010507893, -0.0011608398
  -0.27111, 0.011055968, -0.0011608398
  -0.27111, 0.012156503, -0.0011608398
  -0.27111, 0.012005035, -0.0011608398
  -0.27111, 0.012273293, -0.0011608398
  -0.27111, 0.011592882, -0.0011608398
  -0.27111, 0.01179856, -0.0011608398
  -0.27111, 0.010751039, -0.0011608398
  -0.27111, 0.011313464, -0.0011608398
  -0.27111, 0.011532694, -0.0011608398
  -0.27111, 0.011744749, -0.0011608398
  -0.27111, 0.012400446, -0.0011608398
  -0.27111, 0.012013804, -0.0011608398
  -0.27111, 0.010633054, -0.0011608398
  -0.27111, 0.011161996, -0.0011608398
  -0.27111, 0.011635931, -0.0011608398
  -0.27111, 0.011702099, -0.0011608398
  -0.27111, 0.011195877, -0.0011608398
  -0.27111, 0.01140554, -0.0011608398
  -0.27111, 0.010084181, -0.0011608398
  -0.27111, 0.012263726, -0.0011608398
  -0.27111, 0.010273915, -0.0011608398
  -0.27111, 0.011739966, -0.0011608398
  -0.27111, 0.011682567, -0.0011608398
  -0.27111, 0.011602847, -0.0011608398
  -0.27111, 0.011276793, -0.0011608398
  -0.27111, 0.011051584, -0.0011608398
  -0.27111, 0.011093038, -0.0011608398
  -0.27111, 0.0116447, -0.0011608398
  -0.27111, 0.010100125, -0.0011608398
  -0.27111, 0.012292824, -0.0011608398
  -0.27111, 0.011423876, -0.0011608398
  -0.27111, 0.011771455, -0.0011608398
  -0.27111, 0.011700903, -0.0011608398
  -0.27111, 0.012435124, -0.0011608398
  -0.27111, 0.011256464, -0.0011608398
  -0.27111, 0.01236218, -0.0011608398
  -0.27111, 0.011649882, -0.0011608398
  -0.27111, 0.0112178, -0.0011608398
  -0.27111, 0.012446285, -0.0011608398
  -0.27111, 0.011177541, -0.0011608398
  -0.27111, 0.012323516, -0.0011608398
  -0.27111, 0.011064737, -0.0011608398
  -0.27111, 0.011007339, -0.0011608398
  -0.27111, 0.010963892, -0.0011608398
  -0.27111, 0.010467635, -0.0011608398
  -0.27111, 0.011041619, -0.0011608398
  -0.27111, 0.011919734, -0.0011608398
  -0.27111, 0.011151234, -0.0011608398
  -0.27111, 0.008581858, -0.0011608398
  -0.27111, 0.010989003, -0.0011608398
  -0.27111, 0.011570162, -0.0011608398
  -0.27111, 0.011826861, -0.0011608398
  -0.27111, 0.011053178, -0.0011608398
  -0.27111, 0.010801263, -0.0011608398
  -0.27111, 0.011185912, -0.0011608398
  -0.27111, 0.011651078, -0.0011608398
  -0.27111, 0.011750329, -0.0011608398
  -0.27111, 0.010826773, -0.0011608398
  -0.27111, 0.011189101, -0.0011608398
  -0.27111, 0.010969871, -0.0011608398
  -0.27111, 0.011196275, -0.0011608398
  -0.27111, 0.011197073, -0.0011608398
  -0.27111, 0.012129797, -0.0011608398
  -0.27111, 0.010534599, -0.0011608398
  -0.27111, 0.010988206, -0.0011608398
  -0.27111, 0.011265233, -0.0011608398
  -0.27111, 0.01195242, -0.0011608398
  -0.27111, 0.010395488, -0.0011608398
  -0.27111, 0.010962297, -0.0011608398
  -0.27111, 0.011563386, -0.0011608398
  -0.27111, 0.011513162, -0.0011608398
  -0.27111, 0.010576851, -0.0011608398
  -0.27111, 0.010669326, -0.0011608398
  -0.27111, 0.011328611, -0.0011608398
  -0.27111, 0.011557806, -0.0011608398
  -0.27111, 0.011946042, -0.0011608398
  -0.27111, 0.011269618, -0.0011608398
  -0.27111, 0.011452575, -0.0011608398
  -0.27111, 0.011460547, -0.0011608398
  -0.27111, 0.011348541, -0.0011608398
  -0.27111, 0.011757106, -0.0011608398
  -0.27111, 0.0108762, -0.0011608398
  -0.27111, 0.011344156, -0.0011608398
  -0.27111, 0.01096708, -0.0011608398
  -0.27111, 0.011436233, -0.0011608398
  -0.27111, 0.011903392, -0.0011608398
  -0.27111, 0.010912074, -0.0011608398
  -0.27111, 0.011446198, -0.0011608398
  -0.27111, 0.012226258, -0.0011608398
  -0.27111, 0.01125766, -0.0011608398
  -0.27111, 0.010933199, -0.0011608398
  -0.27111, 0.011273205, -0.0011608398
  -0.27111, 0.012086349, -0.0011608398
  -0.27111, 0.010493145, -0.0011608398
  -0.27111, 0.010890151, -0.0011608398
  -0.27111, 0.011187905, -0.0011608398
  -0.27111, 0.011544652, -0.0011608398
  -0.27111, 0.01058004, -0.0011608398
  -0.27111, 0.010749046, -0.0011608398
  -0.27111, 0.012046091, -0.0011608398
  -0.27111, 0.010556921, -0.0011608398
  -0.27111, 0.01082757, -0.0011608398
  -0.27111, 0.011308282, -0.0011608398
  -0.27111, 0.011142863, -0.0011608398
  -0.27111, 0.012066021, -0.0011608398
  -0.27111, 0.011732791, -0.0011608398
  -0.27111, 0.012187594, -0.0011608398
  -0.27111, 0.011837224, -0.0011608398
  -0.27111, 0.011560197, -0.0011608398
  -0.27111, 0.01154226, -0.0011608398
  -0.27111, 0.010984619, -0.0011608398
  -0.27111, 0.011503596, -0.0011608398
  -0.27111, 0.012066021, -0.0011608398
  -0.27111, 0.011962385, -0.0011608398
  -0.27111, 0.011810119, -0.0011608398
  -0.27111, 0.012041307, -0.0011608398
  -0.27111, 0.011351729, -0.0011608398
  -0.27111, 0.011164786, -0.0011608398
  -0.27111, 0.011913755, -0.0011608398
  -0.27111, 0.011577337, -0.0011608398
  -0.27111, 0.011458156, -0.0011608398
  -0.27111, 0.012206328, -0.0011608398
  -0.27111, 0.012240607, -0.0011608398
  -0.27111, 0.011213017, -0.0011608398
  -0.27111, 0.0124989, -0.0011608398
  -0.27111, 0.011405142, -0.0011608398
  -0.27111, 0.011420289, -0.0011608398
  -0.27111, 0.011621183, -0.0011608398
  -0.27111, 0.012072797, -0.0011608398
  -0.27111, 0.010729913, -0.0011608398
  -0.27111, 0.011010528, -0.0011608398
  -0.27111, 0.0094635612, -0.0011608398
  -0.27111, 0.01078771, -0.0011608398
  -0.27111, 0.010625879, -0.0011608398
  -0.27111, 0.011495225, -0.0011608398
  -0.27111, 0.01059718, -0.0011608398
  -0.27111, 0.011036835, -0.0011608398
  -0.27111, 0.010866235, -0.0011608398
  -0.27111, 0.011567372, -0.0011608398
  -0.27111, 0.011659847, -0.0011608398
  -0.27111, 0.011408729, -0.0011608398
  -0.27111, 0.011121737, -0.0011608398
  -0.27111, 0.011801749, -0.0011608398
  -0.27111, 0.010564494, -0.0011608398
  -0.27111, 0.010876598, -0.0011608398
  -0.27111, 0.010190608, -0.0011608398
  -0.27111, 0.011924916, -0.0011608398
  -0.27111, 0.011381624, -0.0011608398
  -0.27111, 0.010873808, -0.0011608398
  -0.27111, 0.012029349, -0.0011608398
  -0.27111, 0.010724732, -0.0011608398
  -0.27111, 0.011950427, -0.0011608398
  -0.27111, 0.011925315, -0.0011608398
  -0.27111, 0.011833238, -0.0011608398
  -0.27111, 0.010750242, -0.0011608398
  -0.27111, 0.010771368, -0.0011608398
  -0.27111, 0.011999056, -0.0011608398
  -0.27111, 0.010900913, -0.0011608398
  -0.27111, 0.011104199, -0.0011608398
  -0.27111, 0.011769462, -0.0011608398
  -0.27111, 0.011143262, -0.0011608398
  -0.27111, 0.011977133, -0.0011608398
  -0.27111, 0.01094436, -0.0011608398
  -0.27111, 0.011363687, -0.0011608398
  -0.27111, 0.011828854, -0.0011608398
  -0.27111, 0.011698511, -0.0011608398
  -0.27111, 0.012363376, -0.0011608398
  -0.27111, 0.012004636, -0.0011608398
  -0.27111, 0.011605638, -0.0011608398
  -0.27111, 0.010805647, -0.0011608398
  -0.27111, 0.012639606, -0.0011608398
  -0.27111, 0.01182128, -0.0011608398
  -0.27111, 0.011059556, -0.0011608398
  -0.27111, 0.010805647, -0.0011608398
  -0.27111, 0.010815214, -0.0011608398
  -0.27111, 0.011399163, -0.0011608398
  -0.27111, 0.011120143, -0.0011608398
  -0.27111, 0.0110755, -0.0011608398
  -0.27111, 0.010456075, -0.0011608398
  -0.27111, 0.01163633, -0.0011608398
  -0.27111, 0.011914154, -0.0011608398
  -0.27111, 0.011965573, -0.0011608398
  -0.27111, 0.011953615, -0.0011608398
  -0.27111, 0.010135601, -0.0011608398
  -0.27111, 0.011268821, -0.0011608398
  -0.27111, 0.010975052, -0.0011608398
  -0.27111, 0.011830448, -0.0011608398
  -0.27111, 0.010684872, -0.0011608398
  -0.27111, 0.010391502, -0.0011608398
  -0.27111, 0.0099960908, -0.0011608398
  -0.27111, 0.010666935, -0.0011608398
  -0.27111, 0.010729116, -0.0011608398
  -0.27111, 0.011802147, -0.0011608398
  -0.27111, 0.011508379, -0.0011608398
  -0.27111, 0.011520736, -0.0011608398
  -0.27111, 0.011192289, -0.0011608398
  -0.27111, 0.011785805, -0.0011608398
  -0.27111, 0.010972661, -0.0011608398
  -0.27111, 0.011039227, -0.0011608398
  -0.27111, 0.01158212, -0.0011608398
  -0.27111, 0.011539869, -0.0011608398
  -0.27111, 0.011775441, -0.0011608398
  -0.27111, 0.012510061, -0.0011608398
  -0.27111, 0.011368869, -0.0011608398
  -0.27111, 0.010572466, -0.0011608398
  -0.27111, 0.011449785, -0.0011608398
  -0.27111, 0.010648599, -0.0011608398
  -0.27111, 0.01125487, -0.0011608398
  -0.27111, 0.011606435, -0.0011608398
  -0.27111, 0.01072234, -0.0011608398
  -0.27111, 0.012106678, -0.0011608398
  -0.27111, 0.010954325, -0.0011608398
  -0.27111, 0.010605949, -0.0011608398
  -0.27111, 0.0098199096, -0.0011608398
  -0.27111, 0.011204646, -0.0011608398
  -0.27111, 0.012317537, -0.0011608398
  -0.27111, 0.01178421, -0.0011608398
  -0.27111, 0.01182407, -0.0011608398
  -0.27111, 0.010467635, -0.0011608398
  -0.27111, 0.011945245, -0.0011608398
  -0.27111, 0.012246188, -0.0011608398
  -0.27111, 0.010728718, -0.0011608398
  -0.27111, 0.01095871, -0.0011608398
  -0.27111, 0.012194768, -0.0011608398
  -0.27111, 0.012205531, -0.0011608398
  -0.27111, 0.011183122, -0.0011608398
  -0.27111, 0.010998968, -0.0011608398
  -0.27111, 0.012483753, -0.0011608398
  -0.264655, 0.010347257, -0.0011335544
  -0.264655, 0.011625169, -0.0011335544
  -0.264655, 0.011868315, -0.0011335544
  -0.264655, 0.011849581, -0.0011335544
  -0.264655, 0.011635931, -0.0011335544
  -0.264655, 0.012126209, -0.0011335544
  -0.264655, 0.010683277, -0.0011335544
  -0.264655, 0.011787798, -0.0011335544
  -0.264655, 0.012158097, -0.0011335544
  -0.264655, 0.011157611, -0.0011335544
  -0.264655, 0.011831245, -0.0011335544
  -0.264655, 0.011591687, -0.0011335544
  -0.264655, 0.011274002, -0.0011335544
  -0.264655, 0.012189985, -0.0011335544
  -0.264655, 0.012140559, -0.0011335544
  -0.264655, 0.012018986, -0.0011335544
  -0.264655, 0.011525519, -0.0011335544
  -0.264655, 0.011216604, -0.0011335544
  -0.264655, 0.010885766, -0.0011335544
  -0.264655, 0.011283967, -0.0011335544
  -0.264655, 0.012547529, -0.0011335544
  -0.264655, 0.011551827, -0.0011335544
  -0.264655, 0.011167576, -0.0011335544
  -0.264655, 0.011071115, -0.0011335544
  -0.264655, 0.011312667, -0.0011335544
  -0.264655, 0.011709672, -0.0011335544
  -0.264655, 0.012115048, -0.0011335544
  -0.264655, 0.010852284, -0.0011335544
  -0.264655, 0.012347432, -0.0011335544
  -0.264655, 0.011327415, -0.0011335544
  -0.264655, 0.012389684, -0.0011335544
  -0.264655, 0.011461743, -0.0011335544
  -0.264655, 0.010905696, -0.0011335544
  -0.264655, 0.011483267, -0.0011335544
  -0.264655, 0.011829252, -0.0011335544
  -0.264655, 0.010989003, -0.0011335544
  -0.264655, 0.010889752, -0.0011335544
  -0.264655, 0.011698511, -0.0011335544
  -0.264655, 0.010906892, -0.0011335544
  -0.264655, 0.012135377, -0.0011335544
  -0.264655, 0.011767868, -0.0011335544
  -0.264655, 0.011151234, -0.0011335544
  -0.264655, 0.011036038, -0.0011335544
  -0.264655, 0.01253039, -0.0011335544
  -0.264655, 0.010849095, -0.0011335544
  -0.264655, 0.010578844, -0.0011335544
  -0.264655, 0.012165671, -0.0011335544
  -0.264655, 0.01114087, -0.0011335544
  -0.264655, 0.011948434, -0.0011335544
  -0.264655, 0.010543369, -0.0011335544
  -0.264655, 0.011242912, -0.0011335544
  -0.264655, 0.011918539, -0.0011335544
  -0.264655, 0.012119832, -0.0011335544
  -0.264655, 0.010314174, -0.0011335544
  -0.264655, 0.011252877, -0.0011335544
  -0.264655, 0.01161919, -0.0011335544
  -0.264655, 0.01086185, -0.0011335544
  -0.264655, 0.011673001, -0.0011335544
  -0.264655, 0.011278786, -0.0011335544
  -0.264655, 0.011670609, -0.0011335544
  -0.264655, 0.009841434, -0.0011335544
  -0.264655, 0.012163279, -0.0011335544
  -0.264655, 0.011682169, -0.0011335544
  -0.264655, 0.011947238, -0.0011335544
  -0.264655, 0.012196363, -0.0011335544
  -0.264655, 0.011529904, -0.0011335544
  -0.264655, 0.010975052, -0.0011335544
  -0.264655, 0.01171326, -0.0011335544
  -0.264655, 0.012172845, -0.0011335544
  -0.264655, 0.011636728, -0.0011335544
  -0.264655, 0.01208037, -0.0011335544
  -0.264655, 0.011038828, -0.0011335544
  -0.264655, 0.010739878, -0.0011335544
  -0.264655, 0.012119034, -0.0011335544
  -0.264655, 0.011783413, -0.0011335544
  -0.264655, 0.011722427, -0.0011335544
  -0.264655, 0.012261733, -0.0011335544
  -0.264655, 0.01163354, -0.0011335544
  -0.264655, 0.011258457, -0.0011335544
  -0.264655, 0.010144769, -0.0011335544
  -0.264655, 0.011308282, -0.0011335544
  -0.264655, 0.012505676, -0.0011335544
  -0.264655, 0.010775752, -0.0011335544
  -0.264655, 0.011339373, -0.0011335544
  -0.264655, 0.011692134, -0.0011335544
  -0.264655, 0.011028465, -0.0011335544
  -0.264655, 0.012127405, -0.0011335544
  -0.264655, 0.010157922, -0.0011335544
  -0.264655, 0.0091088072, -0.0011335544
  -0.264655, 0.011321037, -0.0011335544
  -0.264655, 0.01092443, -0.0011335544
  -0.264655, 0.011649882, -0.0011335544
  -0.264655, 0.012408418, -0.0011335544
  -0.264655, 0.01231116, -0.0011335544
  -0.264655, 0.011938867, -0.0011335544
  -0.264655, 0.011625568, -0.0011335544
  -0.264655, 0.011722826, -0.0011335544
  -0.264655, 0.011355715, -0.0011335544
  -0.264655, 0.011838819, -0.0011335544
  -0.264655, 0.011493232, -0.0011335544
  -0.264655, 0.012396859, -0.0011335544
  -0.264655, 0.011270415, -0.0011335544
  -0.264655, 0.011207436, -0.0011335544
  -0.264655, 0.011279184, -0.0011335544
  -0.264655, 0.011983112, -0.0011335544
  -0.264655, 0.011423079, -0.0011335544
  -0.264655, 0.010845109, -0.0011335544
  -0.264655, 0.012130195, -0.0011335544
  -0.264655, 0.011590491, -0.0011335544
  -0.264655, 0.010886563, -0.0011335544
  -0.264655, 0.01199786, -0.0011335544
  -0.264655, 0.01140554, -0.0011335544
  -0.264655, 0.011593281, -0.0011335544
  -0.264655, 0.010737487, -0.0011335544
  -0.264655, 0.011284765, -0.0011335544
  -0.264655, 0.011955608, -0.0011335544
  -0.264655, 0.012292425, -0.0011335544
  -0.264655, 0.012083958, -0.0011335544
  -0.264655, 0.011503596, -0.0011335544
  -0.264655, 0.011186709, -0.0011335544
  -0.264655, 0.011329806, -0.0011335544
  -0.264655, 0.011119744, -0.0011335544
  -0.264655, 0.012111461, -0.0011335544
  -0.264655, 0.011800553, -0.0011335544
  -0.264655, 0.012340257, -0.0011335544
  -0.264655, 0.011412317, -0.0011335544
  -0.264655, 0.012252167, -0.0011335544
  -0.264655, 0.01174435, -0.0011335544
  -0.264655, 0.010890948, -0.0011335544
  -0.264655, 0.010863046, -0.0011335544
  -0.264655, 0.0097732734, -0.0011335544
  -0.264655, 0.011871902, -0.0011335544
  -0.264655, 0.01240204, -0.0011335544
  -0.264655, 0.011969958, -0.0011335544
  -0.264655, 0.011928105, -0.0011335544
  -0.264655, 0.010908486, -0.0011335544
  -0.264655, 0.011017304, -0.0011335544
  -0.264655, 0.011808525, -0.0011335544
  -0.264655, 0.011549435, -0.0011335544
  -0.264655, 0.010812424, -0.0011335544
  -0.264655, 0.011809322, -0.0011335544
  -0.264655, 0.012254558, -0.0011335544
  -0.264655, 0.012031741, -0.0011335544
  -0.264655, 0.011493631, -0.0011335544
  -0.264655, 0.012127006, -0.0011335544
  -0.264655, 0.011239324, -0.0011335544
  -0.264655, 0.011596868, -0.0011335544
  -0.264655, 0.011436233, -0.0011335544
  -0.264655, 0.010980633, -0.0011335544
  -0.264655, 0.011733588, -0.0011335544
  -0.264655, 0.01002479, -0.0011335544
  -0.264655, 0.012064028, -0.0011335544
  -0.264655, 0.012293621, -0.0011335544
  -0.264655, 0.012132985, -0.0011335544
  -0.264655, 0.011819686, -0.0011335544
  -0.264655, 0.011089451, -0.0011335544
  -0.264655, 0.011927308, -0.0011335544
  -0.264655, 0.011609624, -0.0011335544
  -0.264655, 0.012238614, -0.0011335544
  -0.264655, 0.011356114, -0.0011335544
  -0.264655, 0.011321834, -0.0011335544
  -0.264655, 0.011856357, -0.0011335544
  -0.264655, 0.011802546, -0.0011335544
  -0.264655, 0.010867829, -0.0011335544
  -0.264655, 0.012190782, -0.0011335544
  -0.264655, 0.011504792, -0.0011335544
  -0.264655, 0.010680487, -0.0011335544
  -0.264655, 0.011629952, -0.0011335544
  -0.264655, 0.010402264, -0.0011335544
  -0.264655, 0.010725927, -0.0011335544
  -0.264655, 0.010999367, -0.0011335544
  -0.264655, 0.011601652, -0.0011335544
  -0.264655, 0.0115594, -0.0011335544
  -0.264655, 0.011708476, -0.0011335544
  -0.264655, 0.011897413, -0.0011335544
  -0.264655, 0.010291055, -0.0011335544
  -0.264655, 0.012045692, -0.0011335544
  -0.264655, 0.012041307, -0.0011335544
  -0.264655, 0.01188386, -0.0011335544
  -0.264655, 0.011539071, -0.0011335544
  -0.264655, 0.012029349, -0.0011335544
  -0.264655, 0.010928018, -0.0011335544
  -0.264655, 0.011012521, -0.0011335544
  -0.264655, 0.01140554, -0.0011335544
  -0.264655, 0.011773448, -0.0011335544
  -0.264655, 0.010629865, -0.0011335544
  -0.264655, 0.011759497, -0.0011335544
  -0.264655, 0.010833151, -0.0011335544
  -0.264655, 0.011988692, -0.0011335544
  -0.264655, 0.010954325, -0.0011335544
  -0.264655, 0.010082986, -0.0011335544
  -0.264655, 0.011867916, -0.0011335544
  -0.264655, 0.012112657, -0.0011335544
  -0.264655, 0.011142464, -0.0011335544
  -0.264655, 0.010442124, -0.0011335544
  -0.264655, 0.011018898, -0.0011335544
  -0.264655, 0.011906182, -0.0011335544
  -0.264655, 0.012665515, -0.0011335544
  -0.264655, 0.010842319, -0.0011335544
  -0.264655, 0.011027269, -0.0011335544
  -0.264655, 0.01199786, -0.0011335544
  -0.264655, 0.011120541, -0.0011335544
  -0.264655, 0.01153389, -0.0011335544
  -0.264655, 0.011492037, -0.0011335544
  -0.264655, 0.011501204, -0.0011335544
  -0.264655, 0.011734784, -0.0011335544
  -0.264655, 0.010810431, -0.0011335544
  -0.264655, 0.011443009, -0.0011335544
  -0.264655, 0.012096713, -0.0011335544
  -0.264655, 0.011412715, -0.0011335544
  -0.264655, 0.012001846, -0.0011335544
  -0.264655, 0.011038828, -0.0011335544
  -0.264655, 0.011847189, -0.0011335544
  -0.264655, 0.011417498, -0.0011335544
  -0.264655, 0.011192289, -0.0011335544
  -0.264655, 0.011997461, -0.0011335544
  -0.264655, 0.01148526, -0.0011335544
  -0.264655, 0.011262443, -0.0011335544
  -0.264655, 0.011104996, -0.0011335544
  -0.264655, 0.010008447, -0.0011335544
  -0.264655, 0.011421484, -0.0011335544
  -0.264655, 0.011846791, -0.0011335544
  -0.264655, 0.01165347, -0.0011335544
  -0.264655, 0.010466837, -0.0011335544
  -0.264655, 0.011508379, -0.0011335544
  -0.264655, 0.011765875, -0.0011335544
  -0.264655, 0.01077934, -0.0011335544
  -0.264655, 0.011258058, -0.0011335544
  -0.264655, 0.011767469, -0.0011335544
  -0.264655, 0.011318247, -0.0011335544
  -0.264655, 0.011845993, -0.0011335544
  -0.264655, 0.011492435, -0.0011335544
  -0.264655, 0.011648288, -0.0011335544
  -0.264655, 0.011644302, -0.0011335544
  -0.264655, 0.012364971, -0.0011335544
  -0.264655, 0.012055258, -0.0011335544
  -0.264655, 0.011820084, -0.0011335544
  -0.264655, 0.012107874, -0.0011335544
  -0.264655, 0.011625568, -0.0011335544
  -0.264655, 0.011587701, -0.0011335544
  -0.264655, 0.012070405, -0.0011335544
  -0.264655, 0.011818091, -0.0011335544
  -0.264655, 0.011196674, -0.0011335544
  -0.264655, 0.012439907, -0.0011335544
  -0.264655, 0.012096713, -0.0011335544
  -0.264655, 0.011092241, -0.0011335544
  -0.264655, 0.011508379, -0.0011335544
  -0.264655, 0.01135452, -0.0011335544
  -0.264655, 0.011313464, -0.0011335544
  -0.264655, 0.012293223, -0.0011335544
  -0.264655, 0.012696606, -0.0011335544
  -0.264655, 0.010947948, -0.0011335544
  -0.264655, 0.011916546, -0.0011335544
  -0.264655, 0.012446684, -0.0011335544
  -0.264655, 0.010538187, -0.0011335544
  -0.264655, 0.012224265, -0.0011335544
  -0.264655, 0.011247296, -0.0011335544
  -0.264655, 0.011998259, -0.0011335544
  -0.264655, 0.011965175, -0.0011335544
  -0.264655, 0.010335698, -0.0011335544
  -0.264655, 0.010973059, -0.0011335544
  -0.264655, 0.011904588, -0.0011335544
  -0.264655, 0.010954724, -0.0011335544
  -0.264655, 0.011531099, -0.0011335544
  -0.264655, 0.011383219, -0.0011335544
  -0.264655, 0.011634735, -0.0011335544
  -0.264655, 0.011460547, -0.0011335544
  -0.264655, 0.012097111, -0.0011335544
  -0.264655, 0.011387205, -0.0011335544
  -0.264655, 0.011033647, -0.0011335544
  -0.264655, 0.011432247, -0.0011335544
  -0.264655, 0.011266429, -0.0011335544
  -0.264655, 0.0116734, -0.0011335544
  -0.264655, 0.011566973, -0.0011335544
  -0.264655, 0.011755511, -0.0011335544
  -0.264655, 0.012187992, -0.0011335544
  -0.264655, 0.011030458, -0.0011335544
  -0.264655, 0.010822787, -0.0011335544
  -0.264655, 0.010658165, -0.0011335544
  -0.264655, 0.01156219, -0.0011335544
  -0.264655, 0.011819287, -0.0011335544
  -0.264655, 0.011082276, -0.0011335544
  -0.264655, 0.012463823, -0.0011335544
  -0.264655, 0.01199786, -0.0011335544
  -0.264655, 0.011413114, -0.0011335544
  -0.264655, 0.011735581, -0.0011335544
  -0.264655, 0.01128038, -0.0011335544
  -0.264655, 0.011778231, -0.0011335544
  -0.264655, 0.011527512, -0.0011335544
  -0.264655, 0.01166463, -0.0011335544
  -0.264655, 0.011879874, -0.0011335544
  -0.264655, 0.012354607, -0.0011335544
  -0.264655, 0.011448191, -0.0011335544
  -0.264655, 0.010942367, -0.0011335544
  -0.264655, 0.01163912, -0.0011335544
  -0.264655, 0.012503285, -0.0011335544
  -0.264655, 0.011952021, -0.0011335544
  -0.264655, 0.012303985, -0.0011335544
  -0.264655, 0.010723137, -0.0011335544
  -0.264655, 0.011615603, -0.0011335544
  -0.264655, 0.011866322, -0.0011335544
  -0.264655, 0.012066818, -0.0011335544
  -0.264655, 0.011171164, -0.0011335544
  -0.264655, 0.011051584, -0.0011335544
  -0.264655, 0.012085552, -0.0011335544
  -0.264655, 0.010995381, -0.0011335544
  -0.264655, 0.011523127, -0.0011335544
  -0.264655, 0.011390394, -0.0011335544
  -0.264655, 0.01135731, -0.0011335544
  -0.264655, 0.011356911, -0.0011335544
  -0.264655, 0.011827658, -0.0011335544
  -0.264655, 0.011410324, -0.0011335544
  -0.264655, 0.011340967, -0.0011335544
  -0.264655, 0.012098307, -0.0011335544
  -0.264655, 0.012409614, -0.0011335544
  -0.264655, 0.012260139, -0.0011335544
  -0.264655, 0.01203493, -0.0011335544
  -0.264655, 0.0096987352, -0.0011335544
  -0.264655, 0.012246586, -0.0011335544
  -0.264655, 0.011253674, -0.0011335544
  -0.264655, 0.011130108, -0.0011335544
  -0.264655, 0.011003752, -0.0011335544
  -0.264655, 0.011393981, -0.0011335544
  -0.264655, 0.011173954, -0.0011335544
  -0.264655, 0.011001759, -0.0011335544
  -0.264655, 0.011455365, -0.0011335544
  -0.264655, 0.011794574, -0.0011335544
  -0.264655, 0.01153947, -0.0011335544
  -0.264655, 0.011682567, -0.0011335544
  -0.264655, 0.011089052, -0.0011335544
  -0.264655, 0.010472816, -0.0011335544
  -0.264655, 0.011308282, -0.0011335544
  -0.264655, 0.011409925, -0.0011335544
  -0.264655, 0.011747938, -0.0011335544
  -0.264655, 0.011652672, -0.0011335544
  -0.264655, 0.011582917, -0.0011335544
  -0.264655, 0.01181849, -0.0011335544
  -0.264655, 0.012323516, -0.0011335544
  -0.264655, 0.011584512, -0.0011335544
  -0.264655, 0.012466614, -0.0011335544
  -0.264655, 0.010835144, -0.0011335544
  -0.264655, 0.011711267, -0.0011335544
  -0.264655, 0.011350534, -0.0011335544
  -0.264655, 0.010343271, -0.0011335544
  -0.264655, 0.011727211, -0.0011335544
  -0.264655, 0.011849182, -0.0011335544
  -0.264655, 0.012282859, -0.0011335544
  -0.264655, 0.012176831, -0.0011335544
  -0.264655, 0.011054772, -0.0011335544
  -0.264655, 0.011626365, -0.0011335544
  -0.264655, 0.011669812, -0.0011335544
  -0.264655, 0.01168177, -0.0011335544
  -0.264655, 0.010700816, -0.0011335544
  -0.264655, 0.011160003, -0.0011335544
  -0.264655, 0.011197471, -0.0011335544
  -0.264655, 0.01197235, -0.0011335544
  -0.264655, 0.011767868, -0.0011335544
  -0.264655, 0.011634735, -0.0011335544
  -0.264655, 0.011222184, -0.0011335544
  -0.264655, 0.011389596, -0.0011335544
  -0.264655, 0.011021689, -0.0011335544
  -0.264655, 0.010849095, -0.0011335544
  -0.264655, 0.011144856, -0.0011335544
  -0.264655, 0.011787399, -0.0011335544
  -0.264655, 0.01176428, -0.0011335544
  -0.264655, 0.011710469, -0.0011335544
  -0.264655, 0.012367362, -0.0011335544
  -0.264655, 0.011644302, -0.0011335544
  -0.264655, 0.011697714, -0.0011335544
  -0.264655, 0.011894623, -0.0011335544
  -0.264655, 0.011566973, -0.0011335544
  -0.264655, 0.011772651, -0.0011335544
  -0.264655, 0.01153668, -0.0011335544
  -0.264655, 0.012031741, -0.0011335544
  -0.264655, 0.011354121, -0.0011335544
  -0.264655, 0.011455365, -0.0011335544
  -0.264655, 0.011458953, -0.0011335544
  -0.264655, 0.012514844, -0.0011335544
  -0.264655, 0.012432334, -0.0011335544
  -0.264655, 0.011667819, -0.0011335544
  -0.264655, 0.011530302, -0.0011335544
  -0.264655, 0.011586903, -0.0011335544
  -0.264655, 0.012106279, -0.0011335544
  -0.264655, 0.011192289, -0.0011335544
  -0.264655, 0.01025837, -0.0011335544
  -0.264655, 0.012097111, -0.0011335544
  -0.264655, 0.011915748, -0.0011335544
  -0.264655, 0.011192688, -0.0011335544
  -0.264655, 0.011230156, -0.0011335544
  -0.264655, 0.010751836, -0.0011335544
  -0.264655, 0.012040112, -0.0011335544
  -0.264655, 0.011844399, -0.0011335544
  -0.264655, 0.011810917, -0.0011335544
  -0.264655, 0.011872301, -0.0011335544
  -0.264655, 0.010953528, -0.0011335544
  -0.264655, 0.011991881, -0.0011335544
  -0.264655, 0.010441327, -0.0011335544
  -0.264655, 0.010289062, -0.0011335544
  -0.264655, 0.012486145, -0.0011335544
  -0.264655, 0.011446198, -0.0011335544
  -0.264655, 0.011951224, -0.0011335544
  -0.264655, 0.010847102, -0.0011335544
  -0.264655, 0.010985815, -0.0011335544
  -0.264655, 0.010772165, -0.0011335544
  -0.264655, 0.01175312, -0.0011335544
  -0.264655, 0.011005346, -0.0011335544
  -0.264655, 0.011996664, -0.0011335544
  -0.264655, 0.012137769, -0.0011335544
  -0.264655, 0.012099902, -0.0011335544
  -0.264655, 0.011360897, -0.0011335544
  -0.264655, 0.010790899, -0.0011335544
  -0.264655, 0.011682567, -0.0011335544
  -0.264655, 0.010347257, -0.0011335544
  -0.264655, 0.011944049, -0.0011335544
  -0.264655, 0.010148356, -0.0011335544
  -0.264655, 0.010302614, -0.0011335544
  -0.264655, 0.011503596, -0.0011335544
  -0.264655, 0.011663036, -0.0011335544
  -0.264655, 0.010187419, -0.0011335544
  -0.264655, 0.012332684, -0.0011335544
  -0.264655, 0.0110185, -0.0011335544
  -0.264655, 0.011541862, -0.0011335544
  -0.264655, 0.011254471, -0.0011335544
  -0.264655, 0.011883462, -0.0011335544
  -0.264655, 0.011806133, -0.0011335544
  -0.264655, 0.012115846, -0.0011335544
  -0.264655, 0.012283258, -0.0011335544
  -0.264655, 0.011956406, -0.0011335544
  -0.264655, 0.011951622, -0.0011335544
  -0.264655, 0.011707679, -0.0011335544
  -0.264655, 0.011868315, -0.0011335544
  -0.264655, 0.010792095, -0.0011335544
  -0.264655, 0.012219482, -0.0011335544
  -0.264655, 0.011749532, -0.0011335544
  -0.264655, 0.012188789, -0.0011335544
  -0.264655, 0.011878679, -0.0011335544
  -0.264655, 0.01199786, -0.0011335544
  -0.264655, 0.011151234, -0.0011335544
  -0.264655, 0.012015, -0.0011335544
  -0.264655, 0.01232232, -0.0011335544
  -0.264655, 0.01197235, -0.0011335544
  -0.264655, 0.011918539, -0.0011335544
  -0.264655, 0.012006629, -0.0011335544
  -0.264655, 0.012130594, -0.0011335544
  -0.264655, 0.011437428, -0.0011335544
  -0.264655, 0.01212302, -0.0011335544
  -0.264655, 0.012013007, -0.0011335544
  -0.264655, 0.0099741678, -0.0011335544
  -0.264655, 0.011789791, -0.0011335544
  -0.264655, 0.010479593, -0.0011335544
  -0.264655, 0.011686952, -0.0011335544
  -0.264655, 0.012112657, -0.0011335544
  -0.264655, 0.011625568, -0.0011335544
  -0.264655, 0.01120066, -0.0011335544
  -0.264655, 0.011818889, -0.0011335544
  -0.264655, 0.011901399, -0.0011335544
  -0.264655, 0.012164475, -0.0011335544
  -0.264655, 0.011710469, -0.0011335544
  -0.264655, 0.011653071, -0.0011335544
  -0.264655, 0.012022972, -0.0011335544
  -0.264655, 0.010987409, -0.0011335544
  -0.264655, 0.010152342, -0.0011335544
  -0.264655, 0.010985815, -0.0011335544
  -0.264655, 0.011327813, -0.0011335544
  -0.264655, 0.011930098, -0.0011335544
  -0.264655, 0.012168461, -0.0011335544
  -0.264655, 0.01128038, -0.0011335544
  -0.264655, 0.012009021, -0.0011335544
  -0.264655, 0.012164873, -0.0011335544
  -0.264655, 0.011646693, -0.0011335544
  -0.264655, 0.011934483, -0.0011335544
  -0.264655, 0.012248181, -0.0011335544
  -0.264655, 0.010837535, -0.0011335544
  -0.264655, 0.011269618, -0.0011335544
  -0.264655, 0.012006629, -0.0011335544
  -0.264655, 0.011472107, -0.0011335544
  -0.264655, 0.011517946, -0.0011335544
  -0.264655, 0.012025363, -0.0011335544
  -0.264655, 0.011867119, -0.0011335544
  -0.264655, 0.011885455, -0.0011335544
  -0.264655, 0.011595673, -0.0011335544
  -0.264655, 0.012150125, -0.0011335544
  -0.264655, 0.010451691, -0.0011335544
  -0.264655, 0.011644302, -0.0011335544
  -0.264655, 0.01166463, -0.0011335544
  -0.264655, 0.011794175, -0.0011335544
  -0.264655, 0.011753917, -0.0011335544
  -0.264655, 0.010781333, -0.0011335544
  -0.264655, 0.011958399, -0.0011335544
  -0.264655, 0.010888955, -0.0011335544
  -0.264655, 0.010847899, -0.0011335544
  -0.264655, 0.011215408, -0.0011335544
  -0.264655, 0.011486058, -0.0011335544
  -0.264655, 0.012207125, -0.0011335544
  -0.264655, 0.012435124, -0.0011335544
  -0.264655, 0.012424362, -0.0011335544
  -0.264655, 0.011388799, -0.0011335544
  -0.264655, 0.011623575, -0.0011335544
  -0.264655, 0.011333792, -0.0011335544
  -0.264655, 0.012325908, -0.0011335544
  -0.264655, 0.012016196, -0.0011335544
  -0.264655, 0.011332597, -0.0011335544
  -0.264655, 0.012009021, -0.0011335544
  -0.264655, 0.011904189, -0.0011335544
  -0.264655, 0.010652585, -0.0011335544
  -0.264655, 0.012004238, -0.0011335544
  -0.264655, 0.01231395, -0.0011335544
  -0.264655, 0.011661043, -0.0011335544
  -0.264655, 0.011126122, -0.0011335544
  -0.264655, 0.011920133, -0.0011335544
  -0.264655, 0.01148247, -0.0011335544
  -0.264655, 0.011097024, -0.0011335544
  -0.264655, 0.009970979, -0.0011335544
  -0.264655, 0.011405939, -0.0011335544
  -0.264655, 0.010900116, -0.0011335544
  -0.264655, 0.011049192, -0.0011335544
  -0.264655, 0.011612015, -0.0011335544
  -0.264655, 0.010639431, -0.0011335544
  -0.264655, 0.010928018, -0.0011335544
  -0.264655, 0.01187549, -0.0011335544
  -0.264655, 0.011440617, -0.0011335544
  -0.264655, 0.010754228, -0.0011335544
  -0.264655, 0.011339771, -0.0011335544
  -0.264655, 0.01249332, -0.0011335544
  -0.264655, 0.011399561, -0.0011335544
  -0.264655, 0.011890238, -0.0011335544
  -0.264655, 0.010735494, -0.0011335544
  -0.264655, 0.01161919, -0.0011335544
  -0.264655, 0.010598375, -0.0011335544
  -0.264655, 0.01117515, -0.0011335544
  -0.264655, 0.010032363, -0.0011335544
  -0.264655, 0.011495225, -0.0011335544
  -0.264655, 0.011011724, -0.0011335544
  -0.264655, 0.011687351, -0.0011335544
  -0.264655, 0.011649484, -0.0011335544
  -0.264655, 0.011989489, -0.0011335544
  -0.264655, 0.010444516, -0.0011335544
  -0.264655, 0.010943164, -0.0011335544
  -0.264655, 0.011309876, -0.0011335544
  -0.264655, 0.011732791, -0.0011335544
  -0.264655, 0.010549746, -0.0011335544
  -0.264655, 0.012437516, -0.0011335544
  -0.264655, 0.010732305, -0.0011335544
  -0.264655, 0.011692532, -0.0011335544
  -0.264655, 0.011181129, -0.0011335544
  -0.264655, 0.011696917, -0.0011335544
  -0.264655, 0.011679777, -0.0011335544
  -0.264655, 0.012001049, -0.0011335544
  -0.264655, 0.012033734, -0.0011335544
  -0.264655, 0.010917654, -0.0011335544
  -0.264655, 0.011045605, -0.0011335544
  -0.264655, 0.012062433, -0.0011335544
  -0.264655, 0.011547442, -0.0011335544
  -0.264655, 0.010952731, -0.0011335544
  -0.264655, 0.010871815, -0.0011335544
  -0.264655, 0.011863133, -0.0011335544
  -0.264655, 0.011463337, -0.0011335544
  -0.264655, 0.011814504, -0.0011335544
  -0.264655, 0.011240121, -0.0011335544
  -0.264655, 0.012554704, -0.0011335544
  -0.264655, 0.011136884, -0.0011335544
  -0.264655, 0.011040024, -0.0011335544
  -0.264655, 0.011845196, -0.0011335544
  -0.2582, 0.011514358, -0.0011062436
  -0.2582, 0.011648686, -0.0011062436
  -0.2582, 0.011569764, -0.0011062436
  -0.2582, 0.011050388, -0.0011062436
  -0.2582, 0.011693728, -0.0011062436
  -0.2582, 0.011958797, -0.0011062436
  -0.2582, 0.011580526, -0.0011062436
  -0.2582, 0.012035328, -0.0011062436
  -0.2582, 0.010462851, -0.0011062436
  -0.2582, 0.011870707, -0.0011062436
  -0.2582, 0.010710382, -0.0011062436
  -0.2582, 0.011578533, -0.0011062436
  -0.2582, 0.011534687, -0.0011062436
  -0.2582, 0.011607232, -0.0011062436
  -0.2582, 0.01162198, -0.0011062436
  -0.2582, 0.012207922, -0.0011062436
  -0.2582, 0.011546645, -0.0011062436
  -0.2582, 0.010947549, -0.0011062436
  -0.2582, 0.011847986, -0.0011062436
  -0.2582, 0.011250884, -0.0011062436
  -0.2582, 0.011717644, -0.0011062436
  -0.2582, 0.012207922, -0.0011062436
  -0.2582, 0.011122534, -0.0011062436
  -0.2582, 0.011832042, -0.0011062436
  -0.2582, 0.01181849, -0.0011062436
  -0.2582, 0.010903703, -0.0011062436
  -0.2582, 0.01163912, -0.0011062436
  -0.2582, 0.010891346, -0.0011062436
  -0.2582, 0.011700504, -0.0011062436
  -0.2582, 0.010880186, -0.0011062436
  -0.2582, 0.011926511, -0.0011062436
  -0.2582, 0.011162793, -0.0011062436
  -0.2582, 0.011829252, -0.0011062436
  -0.2582, 0.011248093, -0.0011062436
  -0.2582, 0.011849182, -0.0011062436
  -0.2582, 0.012330691, -0.0011062436
  -0.2582, 0.012093125, -0.0011062436
  -0.2582, 0.011410324, -0.0011062436
  -0.2582, 0.011878679, -0.0011062436
  -0.2582, 0.012014601, -0.0011062436
  -0.2582, 0.012233831, -0.0011062436
  -0.2582, 0.011021689, -0.0011062436
  -0.2582, 0.01157654, -0.0011062436
  -0.2582, 0.011629952, -0.0011062436
  -0.2582, 0.011411519, -0.0011062436
  -0.2582, 0.01163354, -0.0011062436
  -0.2582, 0.010982626, -0.0011062436
  -0.2582, 0.010936787, -0.0011062436
  -0.2582, 0.011567771, -0.0011062436
  -0.2582, 0.012368558, -0.0011062436
  -0.2582, 0.011595274, -0.0011062436
  -0.2582, 0.011937671, -0.0011062436
  -0.2582, 0.012235824, -0.0011062436
  -0.2582, 0.010540977, -0.0011062436
  -0.2582, 0.011480477, -0.0011062436
  -0.2582, 0.01108666, -0.0011062436
  -0.2582, 0.011040423, -0.0011062436
  -0.2582, 0.011154024, -0.0011062436
  -0.2582, 0.011956406, -0.0011062436
  -0.2582, 0.010924032, -0.0011062436
  -0.2582, 0.011493232, -0.0011062436
  -0.2582, 0.010794885, -0.0011062436
  -0.2582, 0.011062346, -0.0011062436
  -0.2582, 0.011710071, -0.0011062436
  -0.2582, 0.011917343, -0.0011062436
  -0.2582, 0.01139717, -0.0011062436
  -0.2582, 0.012231838, -0.0011062436
  -0.2582, 0.011233744, -0.0011062436
  -0.2582, 0.012567858, -0.0011062436
  -0.2582, 0.011461344, -0.0011062436
  -0.2582, 0.012164873, -0.0011062436
  -0.2582, 0.01086464, -0.0011062436
  -0.2582, 0.01206044, -0.0011062436
  -0.2582, 0.012266516, -0.0011062436
  -0.2582, 0.012500495, -0.0011062436
  -0.2582, 0.012116244, -0.0011062436
  -0.2582, 0.011789392, -0.0011062436
  -0.2582, 0.011707679, -0.0011062436
  -0.2582, 0.011870308, -0.0011062436
  -0.2582, 0.010808836, -0.0011062436
  -0.2582, 0.012475781, -0.0011062436
  -0.2582, 0.01165905, -0.0011062436
  -0.2582, 0.011829252, -0.0011062436
  -0.2582, 0.01141989, -0.0011062436
  -0.2582, 0.011585309, -0.0011062436
  -0.2582, 0.011085465, -0.0011062436
  -0.2582, 0.011470114, -0.0011062436
  -0.2582, 0.011211422, -0.0011062436
  -0.2582, 0.012118636, -0.0011062436
  -0.2582, 0.011491239, -0.0011062436
  -0.2582, 0.012240607, -0.0011062436
  -0.2582, 0.011850777, -0.0011062436
  -0.2582, 0.011690141, -0.0011062436
  -0.2582, 0.012179223, -0.0011062436
  -0.2582, 0.012041307, -0.0011062436
  -0.2582, 0.011593281, -0.0011062436
  -0.2582, 0.01198072, -0.0011062436
  -0.2582, 0.011917741, -0.0011062436
  -0.2582, 0.012560683, -0.0011062436
  -0.2582, 0.011635533, -0.0011062436
  -0.2582, 0.011191891, -0.0011062436
  -0.2582, 0.011989489, -0.0011062436
  -0.2582, 0.010684074, -0.0011062436
  -0.2582, 0.011305093, -0.0011062436
  -0.2582, 0.011667022, -0.0011062436
  -0.2582, 0.011349338, -0.0011062436
  -0.2582, 0.012240209, -0.0011062436
  -0.2582, 0.011412715, -0.0011062436
  -0.2582, 0.011230954, -0.0011062436
  -0.2582, 0.012484551, -0.0011062436
  -0.2582, 0.011451778, -0.0011062436
  -0.2582, 0.011346946, -0.0011062436
  -0.2582, 0.012110664, -0.0011062436
  -0.2582, 0.011448589, -0.0011062436
  -0.2582, 0.012342649, -0.0011062436
  -0.2582, 0.012176831, -0.0011062436
  -0.2582, 0.01073669, -0.0011062436
  -0.2582, 0.012007426, -0.0011062436
  -0.2582, 0.011236534, -0.0011062436
  -0.2582, 0.0120433, -0.0011062436
  -0.2582, 0.012340257, -0.0011062436
  -0.2582, 0.011891035, -0.0011062436
  -0.2582, 0.011633938, -0.0011062436
  -0.2582, 0.010490355, -0.0011062436
  -0.2582, 0.011842406, -0.0011062436
  -0.2582, 0.011715651, -0.0011062436
  -0.2582, 0.011233345, -0.0011062436
  -0.2582, 0.012649571, -0.0011062436
  -0.2582, 0.011996266, -0.0011062436
  -0.2582, 0.011567771, -0.0011062436
  -0.2582, 0.011695323, -0.0011062436
  -0.2582, 0.012464621, -0.0011062436
  -0.2582, 0.011806532, -0.0011062436
  -0.2582, 0.011488848, -0.0011062436
  -0.2582, 0.011563785, -0.0011062436
  -0.2582, 0.010561704, -0.0011062436
  -0.2582, 0.011628756, -0.0011062436
  -0.2582, 0.01118073, -0.0011062436
  -0.2582, 0.012496907, -0.0011062436
  -0.2582, 0.011012122, -0.0011062436
  -0.2582, 0.011158408, -0.0011062436
  -0.2582, 0.010600767, -0.0011062436
  -0.2582, 0.01171326, -0.0011062436
  -0.2582, 0.012491725, -0.0011062436
  -0.2582, 0.01201779, -0.0011062436
  -0.2582, 0.011616798, -0.0011062436
  -0.2582, 0.011986699, -0.0011062436
  -0.2582, 0.01096429, -0.0011062436
  -0.2582, 0.012471795, -0.0011062436
  -0.2582, 0.012542348, -0.0011062436
  -0.2582, 0.011658253, -0.0011062436
  -0.2582, 0.011158807, -0.0011062436
  -0.2582, 0.0122996, -0.0011062436
  -0.2582, 0.011569764, -0.0011062436
  -0.2582, 0.011638721, -0.0011062436
  -0.2582, 0.011958797, -0.0011062436
  -0.2582, 0.011044409, -0.0011062436
  -0.2582, 0.011629155, -0.0011062436
  -0.2582, 0.011171961, -0.0011062436
  -0.2582, 0.011484065, -0.0011062436
  -0.2582, 0.01211465, -0.0011062436
  -0.2582, 0.011934483, -0.0011062436
  -0.2582, 0.011881867, -0.0011062436
  -0.2582, 0.011742357, -0.0011062436
  -0.2582, 0.011311072, -0.0011062436
  -0.2582, 0.012375733, -0.0011062436
  -0.2582, 0.011921727, -0.0011062436
  -0.2582, 0.011367275, -0.0011062436
  -0.2582, 0.011989888, -0.0011062436
  -0.2582, 0.012376929, -0.0011062436
  -0.2582, 0.011512365, -0.0011062436
  -0.2582, 0.011587701, -0.0011062436
  -0.2582, 0.012184405, -0.0011062436
  -0.2582, 0.011567372, -0.0011062436
  -0.2582, 0.011698113, -0.0011062436
  -0.2582, 0.011904189, -0.0011062436
  -0.2582, 0.012413998, -0.0011062436
  -0.2582, 0.012265321, -0.0011062436
  -0.2582, 0.011687749, -0.0011062436
  -0.2582, 0.012125013, -0.0011062436
  -0.2582, 0.012739655, -0.0011062436
  -0.2582, 0.012648774, -0.0011062436
  -0.2582, 0.010617508, -0.0011062436
  -0.2582, 0.011201457, -0.0011062436
  -0.2582, 0.011521932, -0.0011062436
  -0.2582, 0.012029349, -0.0011062436
  -0.2582, 0.010477998, -0.0011062436
  -0.2582, 0.012036126, -0.0011062436
  -0.2582, 0.012006231, -0.0011062436
  -0.2582, 0.010723934, -0.0011062436
  -0.2582, 0.011104996, -0.0011062436
  -0.2582, 0.01141989, -0.0011062436
  -0.2582, 0.011332597, -0.0011062436
  -0.2582, 0.0116164, -0.0011062436
  -0.2582, 0.010652984, -0.0011062436
  -0.2582, 0.012325509, -0.0011062436
  -0.2582, 0.011427065, -0.0011062436
  -0.2582, 0.011871105, -0.0011062436
  -0.2582, 0.012044895, -0.0011062436
  -0.2582, 0.01178421, -0.0011062436
  -0.2582, 0.01127759, -0.0011062436
  -0.2582, 0.010684074, -0.0011062436
  -0.2582, 0.011221786, -0.0011062436
  -0.2582, 0.011762686, -0.0011062436
  -0.2582, 0.011212219, -0.0011062436
  -0.2582, 0.012027356, -0.0011062436
  -0.2582, 0.011392387, -0.0011062436
  -0.2582, 0.011625169, -0.0011062436
  -0.2582, 0.011073507, -0.0011062436
  -0.2582, 0.011299911, -0.0011062436
  -0.2582, 0.011733588, -0.0011062436
  -0.2582, 0.011997063, -0.0011062436
  -0.2582, 0.011428659, -0.0011062436
  -0.2582, 0.011096625, -0.0011062436
  -0.2582, 0.011627959, -0.0011062436
  -0.2582, 0.011338576, -0.0011062436
  -0.2582, 0.011920532, -0.0011062436
  -0.2582, 0.01223144, -0.0011062436
  -0.2582, 0.011139674, -0.0011062436
  -0.2582, 0.011783015, -0.0011062436
  -0.2582, 0.010731109, -0.0011062436
  -0.2582, 0.011129709, -0.0011062436
  -0.2582, 0.012185601, -0.0011062436
  -0.2582, 0.011725616, -0.0011062436
  -0.2582, 0.011405142, -0.0011062436
  -0.2582, 0.011849979, -0.0011062436
  -0.2582, 0.010790899, -0.0011062436
  -0.2582, 0.01140554, -0.0011062436
  -0.2582, 0.011161199, -0.0011062436
  -0.2582, 0.012099503, -0.0011062436
  -0.2582, 0.012108671, -0.0011062436
  -0.2582, 0.012099104, -0.0011062436
  -0.2582, 0.011149241, -0.0011062436
  -0.2582, 0.010946353, -0.0011062436
  -0.2582, 0.011047199, -0.0011062436
  -0.2582, 0.012244593, -0.0011062436
  -0.2582, 0.011151632, -0.0011062436
  -0.2582, 0.012044098, -0.0011062436
  -0.2582, 0.011474498, -0.0011062436
  -0.2582, 0.011512365, -0.0011062436
  -0.2582, 0.011688945, -0.0011062436
  -0.2582, 0.011021689, -0.0011062436
  -0.2582, 0.011645498, -0.0011062436
  -0.2582, 0.011488848, -0.0011062436
  -0.2582, 0.011411121, -0.0011062436
  -0.2582, 0.012258146, -0.0011062436
  -0.2582, 0.010944759, -0.0011062436
  -0.2582, 0.01213458, -0.0011062436
  -0.2582, 0.012445886, -0.0011062436
  -0.2582, 0.012285251, -0.0011062436
  -0.2582, 0.011359303, -0.0011062436
  -0.2582, 0.011902595, -0.0011062436
  -0.2582, 0.011708875, -0.0011062436
  -0.2582, 0.011697316, -0.0011062436
  -0.2582, 0.011761092, -0.0011062436
  -0.2582, 0.011833238, -0.0011062436
  -0.2582, 0.011600456, -0.0011062436
  -0.2582, 0.010717557, -0.0011062436
  -0.2582, 0.011786203, -0.0011062436
  -0.2582, 0.011667022, -0.0011062436
  -0.2582, 0.012514446, -0.0011062436
  -0.2582, 0.010943164, -0.0011062436
  -0.2582, 0.012597354, -0.0011062436
  -0.2582, 0.012188391, -0.0011062436
  -0.2582, 0.011712861, -0.0011062436
  -0.2582, 0.011280779, -0.0011062436
  -0.2582, 0.011360499, -0.0011062436
  -0.2582, 0.01179577, -0.0011062436
  -0.2582, 0.01166184, -0.0011062436
  -0.2582, 0.010833549, -0.0011062436
  -0.2582, 0.011545449, -0.0011062436
  -0.2582, 0.01074227, -0.0011062436
  -0.2582, 0.011930895, -0.0011062436
  -0.2582, 0.011055968, -0.0011062436
  -0.2582, 0.011517946, -0.0011062436
  -0.2582, 0.011513162, -0.0011062436
  -0.2582, 0.012613298, -0.0011062436
  -0.2582, 0.011476491, -0.0011062436
  -0.2582, 0.01239925, -0.0011062436
  -0.2582, 0.011527512, -0.0011062436
  -0.2582, 0.010899717, -0.0011062436
  -0.2582, 0.011440219, -0.0011062436
  -0.2582, 0.010900514, -0.0011062436
  -0.2582, 0.010950339, -0.0011062436
  -0.2582, 0.011954413, -0.0011062436
  -0.2582, 0.010395089, -0.0011062436
  -0.2582, 0.011607631, -0.0011062436
  -0.2582, 0.011413512, -0.0011062436
  -0.2582, 0.011399163, -0.0011062436
  -0.2582, 0.01169612, -0.0011062436
  -0.2582, 0.011592085, -0.0011062436
  -0.2582, 0.011312268, -0.0011062436
  -0.2582, 0.010932402, -0.0011062436
  -0.2582, 0.010969073, -0.0011062436
  -0.2582, 0.01227967, -0.0011062436
  -0.2582, 0.0122713, -0.0011062436
  -0.2582, 0.01116638, -0.0011062436
  -0.2582, 0.011243709, -0.0011062436
  -0.2582, 0.011604442, -0.0011062436
  -0.2582, 0.012479369, -0.0011062436
  -0.2582, 0.01072792, -0.0011062436
  -0.2582, 0.011648288, -0.0011062436
  -0.2582, 0.012819375, -0.0011062436
  -0.2582, 0.011737973, -0.0011062436
  -0.2582, 0.011885853, -0.0011062436
  -0.2582, 0.011786602, -0.0011062436
  -0.2582, 0.012231838, -0.0011062436
  -0.2582, 0.010100923, -0.0011062436
  -0.2582, 0.011895021, -0.0011062436
  -0.2582, 0.011722826, -0.0011062436
  -0.2582, 0.011061549, -0.0011062436
  -0.2582, 0.011874693, -0.0011062436
  -0.2582, 0.011635134, -0.0011062436
  -0.2582, 0.012528397, -0.0011062436
  -0.2582, 0.011340569, -0.0011062436
  -0.2582, 0.011792182, -0.0011062436
  -0.2582, 0.011050786, -0.0011062436
  -0.2582, 0.011685756, -0.0011062436
  -0.2582, 0.012317936, -0.0011062436
  -0.2582, 0.0117587, -0.0011062436
  -0.2582, 0.010940374, -0.0011062436
  -0.2582, 0.011162394, -0.0011062436
  -0.2582, 0.011450582, -0.0011062436
  -0.2582, 0.011139276, -0.0011062436
  -0.2582, 0.011726812, -0.0011062436
  -0.2582, 0.011130108, -0.0011062436
  -0.2582, 0.010968675, -0.0011062436
  -0.2582, 0.012005433, -0.0011062436
  -0.2582, 0.01221709, -0.0011062436
  -0.2582, 0.012026161, -0.0011062436
  -0.2582, 0.011679379, -0.0011062436
  -0.2582, 0.011581722, -0.0011062436
  -0.2582, 0.011648288, -0.0011062436
  -0.2582, 0.011833238, -0.0011062436
  -0.2582, 0.011395974, -0.0011062436
  -0.2582, 0.011024479, -0.0011062436
  -0.2582, 0.011626763, -0.0011062436
  -0.2582, 0.011766672, -0.0011062436
  -0.2582, 0.011715253, -0.0011062436
  -0.2582, 0.011287953, -0.0011062436
  -0.2582, 0.010976248, -0.0011062436
  -0.2582, 0.012116643, -0.0011062436
  -0.2582, 0.010968276, -0.0011062436
  -0.2582, 0.011285562, -0.0011062436
  -0.2582, 0.012495313, -0.0011062436
  -0.2582, 0.01219995, -0.0011062436
  -0.2582, 0.01101571, -0.0011062436
  -0.2582, 0.011487253, -0.0011062436
  -0.2582, 0.011088255, -0.0011062436
  -0.2582, 0.011638323, -0.0011062436
  -0.2582, 0.012100699, -0.0011062436
  -0.2582, 0.012596159, -0.0011062436
  -0.2582, 0.011075101, -0.0011062436
  -0.2582, 0.011854364, -0.0011062436
  -0.2582, 0.011200261, -0.0011062436
  -0.2582, 0.010974654, -0.0011062436
  -0.2582, 0.010865836, -0.0011062436
  -0.2582, 0.010420201, -0.0011062436
  -0.2582, 0.011572554, -0.0011062436
  -0.2582, 0.011594875, -0.0011062436
  -0.2582, 0.011790189, -0.0011062436
  -0.2582, 0.012264125, -0.0011062436
  -0.2582, 0.012421173, -0.0011062436
  -0.2582, 0.011496023, -0.0011062436
  -0.2582, 0.011081479, -0.0011062436
  -0.2582, 0.012012608, -0.0011062436
  -0.2582, 0.01183563, -0.0011062436
  -0.2582, 0.011863532, -0.0011062436
  -0.2582, 0.011988692, -0.0011062436
  -0.2582, 0.010664942, -0.0011062436
  -0.2582, 0.01140554, -0.0011062436
  -0.2582, 0.011685358, -0.0011062436
  -0.2582, 0.011588896, -0.0011062436
  -0.2582, 0.011422282, -0.0011062436
  -0.2582, 0.010370376, -0.0011062436
  -0.2582, 0.011967566, -0.0011062436
  -0.2582, 0.0120433, -0.0011062436
  -0.2582, 0.011755113, -0.0011062436
  -0.2582, 0.01189821, -0.0011062436
  -0.2582, 0.011005745, -0.0011062436
  -0.2582, 0.011511967, -0.0011062436
  -0.2582, 0.010216118, -0.0011062436
  -0.2582, 0.010765787, -0.0011062436
  -0.2582, 0.010786116, -0.0011062436
  -0.2582, 0.011529904, -0.0011062436
  -0.2582, 0.011597666, -0.0011062436
  -0.2582, 0.011253674, -0.0011062436
  -0.2582, 0.011804539, -0.0011062436
  -0.2582, 0.010956318, -0.0011062436
  -0.2582, 0.012566662, -0.0011062436
  -0.2582, 0.011789791, -0.0011062436
  -0.2582, 0.012030944, -0.0011062436
  -0.2582, 0.011535484, -0.0011062436
  -0.2582, 0.011748735, -0.0011062436
  -0.2582, 0.010320551, -0.0011062436
  -0.2582, 0.011094632, -0.0011062436
  -0.2582, 0.010859458, -0.0011062436
  -0.2582, 0.011901399, -0.0011062436
  -0.2582, 0.011731994, -0.0011062436
  -0.2582, 0.011600456, -0.0011062436
  -0.2582, 0.011639917, -0.0011062436
  -0.2582, 0.012217887, -0.0011062436
  -0.2582, 0.011165982, -0.0011062436
  -0.2582, 0.010607145, -0.0011062436
  -0.2582, 0.0112748, -0.0011062436
  -0.2582, 0.011142464, -0.0011062436
  -0.2582, 0.010307397, -0.0011062436
  -0.2582, 0.011745546, -0.0011062436
  -0.2582, 0.011539071, -0.0011062436
  -0.2582, 0.011983909, -0.0011062436
  -0.2582, 0.01102129, -0.0011062436
  -0.2582, 0.012673886, -0.0011062436
  -0.2582, 0.011899007, -0.0011062436
  -0.2582, 0.010733899, -0.0011062436
  -0.2582, 0.011743155, -0.0011062436
  -0.2582, 0.011673798, -0.0011062436
  -0.2582, 0.010527425, -0.0011062436
  -0.2582, 0.01131745, -0.0011062436
  -0.2582, 0.011968762, -0.0011062436
  -0.2582, 0.01192093, -0.0011062436
  -0.2582, 0.011425869, -0.0011062436
  -0.2582, 0.011349338, -0.0011062436
  -0.2582, 0.010911675, -0.0011062436
  -0.2582, 0.011579729, -0.0011062436
  -0.2582, 0.011195478, -0.0011062436
  -0.2582, 0.011285562, -0.0011062436
  -0.2582, 0.011910965, -0.0011062436
  -0.2582, 0.010945157, -0.0011062436
  -0.2582, 0.012301195, -0.0011062436
  -0.2582, 0.010353635, -0.0011062436
  -0.2582, 0.011957601, -0.0011062436
  -0.2582, 0.011685756, -0.0011062436
  -0.2582, 0.011419491, -0.0011062436
  -0.2582, 0.011544253, -0.0011062436
  -0.2582, 0.01237653, -0.0011062436
  -0.2582, 0.011685756, -0.0011062436
  -0.2582, 0.011900602, -0.0011062436
  -0.2582, 0.012281663, -0.0011062436
  -0.2582, 0.010794088, -0.0011062436
  -0.251745, 0.012551515, -0.0010789081
  -0.251745, 0.011692134, -0.0010789081
  -0.251745, 0.012271698, -0.0010789081
  -0.251745, 0.011905385, -0.0010789081
  -0.251745, 0.012461033, -0.0010789081
  -0.251745, 0.011628756, -0.0010789081
  -0.251745, 0.011695721, -0.0010789081
  -0.251745, 0.012051671, -0.0010789081
  -0.251745, 0.01219437, -0.0010789081
  -0.251745, 0.012133783, -0.0010789081
  -0.251745, 0.01117515, -0.0010789081
  -0.251745, 0.011701302, -0.0010789081
  -0.251745, 0.010883374, -0.0010789081
  -0.251745, 0.011599659, -0.0010789081
  -0.251745, 0.01143703, -0.0010789081
  -0.251745, 0.010479991, -0.0010789081
  -0.251745, 0.012150922, -0.0010789081
  -0.251745, 0.012182013, -0.0010789081
  -0.251745, 0.011146849, -0.0010789081
  -0.251745, 0.011347743, -0.0010789081
  -0.251745, 0.011472904, -0.0010789081
  -0.251745, 0.011321037, -0.0010789081
  -0.251745, 0.011167975, -0.0010789081
  -0.251745, 0.011622379, -0.0010789081
  -0.251745, 0.012405229, -0.0010789081
  -0.251745, 0.011880273, -0.0010789081
  -0.251745, 0.011789791, -0.0010789081
  -0.251745, 0.012388488, -0.0010789081
  -0.251745, 0.011678581, -0.0010789081
  -0.251745, 0.01162477, -0.0010789081
  -0.251745, 0.011614008, -0.0010789081
  -0.251745, 0.012172048, -0.0010789081
  -0.251745, 0.011389596, -0.0010789081
  -0.251745, 0.011203052, -0.0010789081
  -0.251745, 0.011790189, -0.0010789081
  -0.251745, 0.012260139, -0.0010789081
  -0.251745, 0.011818091, -0.0010789081
  -0.251745, 0.010347656, -0.0010789081
  -0.251745, 0.012051272, -0.0010789081
  -0.251745, 0.012030545, -0.0010789081
  -0.251745, 0.011735581, -0.0010789081
  -0.251745, 0.011976734, -0.0010789081
  -0.251745, 0.012677074, -0.0010789081
  -0.251745, 0.011826063, -0.0010789081
  -0.251745, 0.012054461, -0.0010789081
  -0.251745, 0.011770259, -0.0010789081
  -0.251745, 0.010430565, -0.0010789081
  -0.251745, 0.011823672, -0.0010789081
  -0.251745, 0.011174751, -0.0010789081
  -0.251745, 0.010031965, -0.0010789081
  -0.251745, 0.011685358, -0.0010789081
  -0.251745, 0.011070716, -0.0010789081
  -0.251745, 0.012146538, -0.0010789081
  -0.251745, 0.012091132, -0.0010789081
  -0.251745, 0.011483666, -0.0010789081
  -0.251745, 0.012213104, -0.0010789081
  -0.251745, 0.012363775, -0.0010789081
  -0.251745, 0.010480788, -0.0010789081
  -0.251745, 0.012001049, -0.0010789081
  -0.251745, 0.012044496, -0.0010789081
  -0.251745, 0.012146139, -0.0010789081
  -0.251745, 0.011561393, -0.0010789081
  -0.251745, 0.012380516, -0.0010789081
  -0.251745, 0.011703295, -0.0010789081
  -0.251745, 0.011979923, -0.0010789081
  -0.251745, 0.01145696, -0.0010789081
  -0.251745, 0.0116447, -0.0010789081
  -0.251745, 0.010849892, -0.0010789081
  -0.251745, 0.011594078, -0.0010789081
  -0.251745, 0.012201545, -0.0010789081
  -0.251745, 0.011504792, -0.0010789081
  -0.251745, 0.011395974, -0.0010789081
  -0.251745, 0.011043213, -0.0010789081
  -0.251745, 0.012107874, -0.0010789081
  -0.251745, 0.011287555, -0.0010789081
  -0.251745, 0.011850777, -0.0010789081
  -0.251745, 0.010912074, -0.0010789081
  -0.251745, 0.011967566, -0.0010789081
  -0.251745, 0.010953129, -0.0010789081
  -0.251745, 0.011505589, -0.0010789081
  -0.251745, 0.011561792, -0.0010789081
  -0.251745, 0.011148842, -0.0010789081
  -0.251745, 0.011969559, -0.0010789081
  -0.251745, 0.011479281, -0.0010789081
  -0.251745, 0.011264037, -0.0010789081
  -0.251745, 0.011826063, -0.0010789081
  -0.251745, 0.011880672, -0.0010789081
  -0.251745, 0.012563075, -0.0010789081
  -0.251745, 0.012092727, -0.0010789081
  -0.251745, 0.011949231, -0.0010789081
  -0.251745, 0.01243911, -0.0010789081
  -0.251745, 0.011571757, -0.0010789081
  -0.251745, 0.011529505, -0.0010789081
  -0.251745, 0.011886651, -0.0010789081
  -0.251745, 0.011336583, -0.0010789081
  -0.251745, 0.011900203, -0.0010789081
  -0.251745, 0.012050874, -0.0010789081
  -0.251745, 0.011579729, -0.0010789081
  -0.251745, 0.011118548, -0.0010789081
  -0.251745, 0.011778231, -0.0010789081
  -0.251745, 0.011373652, -0.0010789081
  -0.251745, 0.01150519, -0.0010789081
  -0.251745, 0.011251282, -0.0010789081
  -0.251745, 0.01223981, -0.0010789081
  -0.251745, 0.01168456, -0.0010789081
  -0.251745, 0.011977531, -0.0010789081
  -0.251745, 0.010630662, -0.0010789081
  -0.251745, 0.010904102, -0.0010789081
  -0.251745, 0.011751525, -0.0010789081
  -0.251745, 0.011877483, -0.0010789081
  -0.251745, 0.011666623, -0.0010789081
  -0.251745, 0.011965175, -0.0010789081
  -0.251745, 0.012191978, -0.0010789081
  -0.251745, 0.011823672, -0.0010789081
  -0.251745, 0.011651875, -0.0010789081
  -0.251745, 0.011118548, -0.0010789081
  -0.251745, 0.011265632, -0.0010789081
  -0.251745, 0.01138282, -0.0010789081
  -0.251745, 0.011490442, -0.0010789081
  -0.251745, 0.010947948, -0.0010789081
  -0.251745, 0.012269307, -0.0010789081
  -0.251745, 0.010932402, -0.0010789081
  -0.251745, 0.012751214, -0.0010789081
  -0.251745, 0.012097909, -0.0010789081
  -0.251745, 0.011216604, -0.0010789081
  -0.251745, 0.011896616, -0.0010789081
  -0.251745, 0.01092164, -0.0010789081
  -0.251745, 0.011851175, -0.0010789081
  -0.251745, 0.010914864, -0.0010789081
  -0.251745, 0.012323516, -0.0010789081
  -0.251745, 0.010600368, -0.0010789081
  -0.251745, 0.011314261, -0.0010789081
  -0.251745, 0.010733102, -0.0010789081
  -0.251745, 0.011848784, -0.0010789081
  -0.251745, 0.011473701, -0.0010789081
  -0.251745, 0.011880273, -0.0010789081
  -0.251745, 0.011580526, -0.0010789081
  -0.251745, 0.010730711, -0.0010789081
  -0.251745, 0.011589694, -0.0010789081
  -0.251745, 0.011566973, -0.0010789081
  -0.251745, 0.011523925, -0.0010789081
  -0.251745, 0.011714455, -0.0010789081
  -0.251745, 0.012089139, -0.0010789081
  -0.251745, 0.010743864, -0.0010789081
  -0.251745, 0.012232237, -0.0010789081
  -0.251745, 0.011253275, -0.0010789081
  -0.251745, 0.011986699, -0.0010789081
  -0.251745, 0.011366478, -0.0010789081
  -0.251745, 0.01139717, -0.0010789081
  -0.251745, 0.011348541, -0.0010789081
  -0.251745, 0.01219437, -0.0010789081
  -0.251745, 0.011586505, -0.0010789081
  -0.251745, 0.011612812, -0.0010789081
  -0.251745, 0.011228961, -0.0010789081
  -0.251745, 0.012142153, -0.0010789081
  -0.251745, 0.01208316, -0.0010789081
  -0.251745, 0.011652672, -0.0010789081
  -0.251745, 0.011095828, -0.0010789081
  -0.251745, 0.010700018, -0.0010789081
  -0.251745, 0.010436544, -0.0010789081
  -0.251745, 0.011249688, -0.0010789081
  -0.251745, 0.012463823, -0.0010789081
  -0.251745, 0.011464135, -0.0010789081
  -0.251745, 0.01170449, -0.0010789081
  -0.251745, 0.011865126, -0.0010789081
  -0.251745, 0.0114171, -0.0010789081
  -0.251745, 0.012319929, -0.0010789081
  -0.251745, 0.012079174, -0.0010789081
  -0.251745, 0.01218002, -0.0010789081
  -0.251745, 0.012443893, -0.0010789081
  -0.251745, 0.011199066, -0.0010789081
  -0.251745, 0.01216009, -0.0010789081
  -0.251745, 0.012094321, -0.0010789081
  -0.251745, 0.012180817, -0.0010789081
  -0.251745, 0.011161597, -0.0010789081
  -0.251745, 0.011643505, -0.0010789081
  -0.251745, 0.010395488, -0.0010789081
  -0.251745, 0.010939976, -0.0010789081
  -0.251745, 0.012404033, -0.0010789081
  -0.251745, 0.010733501, -0.0010789081
  -0.251745, 0.010731906, -0.0010789081
  -0.251745, 0.010723137, -0.0010789081
  -0.251745, 0.011902993, -0.0010789081
  -0.251745, 0.011137681, -0.0010789081
  -0.251745, 0.011565379, -0.0010789081
  -0.251745, 0.011321834, -0.0010789081
  -0.251745, 0.011450582, -0.0010789081
  -0.251745, 0.011584512, -0.0010789081
  -0.251745, 0.011154821, -0.0010789081
  -0.251745, 0.011551827, -0.0010789081
  -0.251745, 0.011820483, -0.0010789081
  -0.251745, 0.011542659, -0.0010789081
  -0.251745, 0.011934881, -0.0010789081
  -0.251745, 0.010866633, -0.0010789081
  -0.251745, 0.01175312, -0.0010789081
  -0.251745, 0.012072797, -0.0010789081
  -0.251745, 0.011973147, -0.0010789081
  -0.251745, 0.011003353, -0.0010789081
  -0.251745, 0.011421484, -0.0010789081
  -0.251745, 0.011751924, -0.0010789081
  -0.251745, 0.011105395, -0.0010789081
  -0.251745, 0.011571358, -0.0010789081
  -0.251745, 0.01209472, -0.0010789081
  -0.251745, 0.011048793, -0.0010789081
  -0.251745, 0.011768266, -0.0010789081
  -0.251745, 0.011785805, -0.0010789081
  -0.251745, 0.012077979, -0.0010789081
  -0.251745, 0.012771941, -0.0010789081
  -0.251745, 0.011238527, -0.0010789081
  -0.251745, 0.011618791, -0.0010789081
  -0.251745, 0.012102692, -0.0010789081
  -0.251745, 0.011151234, -0.0010789081
  -0.251745, 0.01131745, -0.0010789081
  -0.251745, 0.010290656, -0.0010789081
  -0.251745, 0.011682966, -0.0010789081
  -0.251745, 0.011977133, -0.0010789081
  -0.251745, 0.011518743, -0.0010789081
  -0.251745, 0.010734298, -0.0010789081
  -0.251745, 0.011244506, -0.0010789081
  -0.251745, 0.010371971, -0.0010789081
  -0.251745, 0.012145342, -0.0010789081
  -0.251745, 0.012587389, -0.0010789081
  -0.251745, 0.011540666, -0.0010789081
  -0.251745, 0.011852371, -0.0010789081
  -0.251745, 0.011332995, -0.0010789081
  -0.251745, 0.011516351, -0.0010789081
  -0.251745, 0.011008933, -0.0010789081
  -0.251745, 0.011232149, -0.0010789081
  -0.251745, 0.012241405, -0.0010789081
  -0.251745, 0.010747053, -0.0010789081
  -0.251745, 0.010470026, -0.0010789081
  -0.251745, 0.01133459, -0.0010789081
  -0.251745, 0.011245303, -0.0010789081
  -0.251745, 0.011895818, -0.0010789081
  -0.251745, 0.012157699, -0.0010789081
  -0.251745, 0.011918937, -0.0010789081
  -0.251745, 0.011610022, -0.0010789081
  -0.251745, 0.011921727, -0.0010789081
  -0.251745, 0.012036524, -0.0010789081
  -0.251745, 0.0098147278, -0.0010789081
  -0.251745, 0.012109069, -0.0010789081
  -0.251745, 0.012364572, -0.0010789081
  -0.251745, 0.012388488, -0.0010789081
  -0.251745, 0.011820882, -0.0010789081
  -0.251745, 0.012394467, -0.0010789081
  -0.251745, 0.010983822, -0.0010789081
  -0.251745, 0.011727211, -0.0010789081
  -0.251745, 0.012121027, -0.0010789081
  -0.251745, 0.011201457, -0.0010789081
  -0.251745, 0.01199786, -0.0010789081
  -0.251745, 0.012337069, -0.0010789081
  -0.251745, 0.011227765, -0.0010789081
  -0.251745, 0.011928504, -0.0010789081
  -0.251745, 0.01221988, -0.0010789081
  -0.251745, 0.011936476, -0.0010789081
  -0.251745, 0.011552225, -0.0010789081
  -0.251745, 0.010509886, -0.0010789081
  -0.251745, 0.011552225, -0.0010789081
  -0.251745, 0.012294418, -0.0010789081
  -0.251745, 0.011245702, -0.0010789081
  -0.251745, 0.012041307, -0.0010789081
  -0.251745, 0.012077979, -0.0010789081
  -0.251745, 0.012113853, -0.0010789081
  -0.251745, 0.012148132, -0.0010789081
  -0.251745, 0.012535173, -0.0010789081
  -0.251745, 0.012149328, -0.0010789081
  -0.251745, 0.011942056, -0.0010789081
  -0.251745, 0.011340569, -0.0010789081
  -0.251745, 0.011502799, -0.0010789081
  -0.251745, 0.012474984, -0.0010789081
  -0.251745, 0.012024168, -0.0010789081
  -0.251745, 0.011962783, -0.0010789081
  -0.251745, 0.012211908, -0.0010789081
  -0.251745, 0.011508379, -0.0010789081
  -0.251745, 0.011448589, -0.0010789081
  -0.251745, 0.011190296, -0.0010789081
  -0.251745, 0.011563785, -0.0010789081
  -0.251745, 0.011142066, -0.0010789081
  -0.251745, 0.010984619, -0.0010789081
  -0.251745, 0.011849581, -0.0010789081
  -0.251745, 0.010948745, -0.0010789081
  -0.251745, 0.010614718, -0.0010789081
  -0.24529, 0.010495138, -0.0010515484
  -0.24529, 0.011989091, -0.0010515484
  -0.24529, 0.011914553, -0.0010515484
  -0.24529, 0.012186398, -0.0010515484
  -0.24529, 0.01218281, -0.0010515484
  -0.24529, 0.012221475, -0.0010515484
  -0.24529, 0.011281576, -0.0010515484
  -0.24529, 0.011667022, -0.0010515484
  -0.24529, 0.010791696, -0.0010515484
  -0.24529, 0.011913357, -0.0010515484
  -0.24529, 0.011147248, -0.0010515484
  -0.24529, 0.012445488, -0.0010515484
  -0.24529, 0.011071115, -0.0010515484
  -0.24529, 0.011273604, -0.0010515484
  -0.24529, 0.011389596, -0.0010515484
  -0.24529, 0.010572068, -0.0010515484
  -0.24529, 0.012048482, -0.0010515484
  -0.24529, 0.012073195, -0.0010515484
  -0.24529, 0.012046888, -0.0010515484
  -0.24529, 0.011840014, -0.0010515484
  -0.24529, 0.012015797, -0.0010515484
  -0.24529, 0.011570162, -0.0010515484
  -0.24529, 0.011265632, -0.0010515484
  -0.24529, 0.012677074, -0.0010515484
  -0.24529, 0.011751127, -0.0010515484
  -0.24529, 0.012242202, -0.0010515484
  -0.24529, 0.012040909, -0.0010515484
  -0.24529, 0.011043612, -0.0010515484
  -0.24529, 0.01234225, -0.0010515484
  -0.24529, 0.012677473, -0.0010515484
  -0.24529, 0.01276078, -0.0010515484
  -0.24529, 0.011234541, -0.0010515484
  -0.24529, 0.011455365, -0.0010515484
  -0.24529, 0.01257583, -0.0010515484
  -0.24529, 0.011390792, -0.0010515484
  -0.24529, 0.011775441, -0.0010515484
  -0.24529, 0.011311471, -0.0010515484
  -0.24529, 0.011250086, -0.0010515484
  -0.24529, 0.012253363, -0.0010515484
  -0.24529, 0.011745945, -0.0010515484
  -0.24529, 0.011350932, -0.0010515484
  -0.24529, 0.011038828, -0.0010515484
  -0.24529, 0.012121426, -0.0010515484
  -0.24529, 0.011551029, -0.0010515484
  -0.24529, 0.012138566, -0.0010515484
  -0.24529, 0.011760294, -0.0010515484
  -0.24529, 0.011695323, -0.0010515484
  -0.24529, 0.011618791, -0.0010515484
  -0.24529, 0.011666623, -0.0010515484
  -0.24529, 0.011471309, -0.0010515484
  -0.24529, 0.01172163, -0.0010515484
  -0.24529, 0.011649484, -0.0010515484
  -0.24529, 0.011784609, -0.0010515484
  -0.24529, 0.011457757, -0.0010515484
  -0.24529, 0.012257349, -0.0010515484
  -0.24529, 0.011438624, -0.0010515484
  -0.24529, 0.01192093, -0.0010515484
  -0.24529, 0.012161286, -0.0010515484
  -0.24529, 0.0122143, -0.0010515484
  -0.24529, 0.010865437, -0.0010515484
  -0.24529, 0.01173877, -0.0010515484
  -0.24529, 0.011899007, -0.0010515484
  -0.24529, 0.011189499, -0.0010515484
  -0.24529, 0.012122622, -0.0010515484
  -0.24529, 0.012203139, -0.0010515484
  -0.24529, 0.011893028, -0.0010515484
  -0.24529, 0.011910567, -0.0010515484
  -0.24529, 0.012349425, -0.0010515484
  -0.24529, 0.011623176, -0.0010515484
  -0.24529, 0.011631547, -0.0010515484
  -0.24529, 0.011275995, -0.0010515484
  -0.24529, 0.011865525, -0.0010515484
  -0.24529, 0.01212302, -0.0010515484
  -0.24529, 0.011627162, -0.0010515484
  -0.24529, 0.011215807, -0.0010515484
  -0.24529, 0.011310275, -0.0010515484
  -0.24529, 0.012070804, -0.0010515484
  -0.24529, 0.012435921, -0.0010515484
  -0.24529, 0.011974343, -0.0010515484
  -0.24529, 0.012219083, -0.0010515484
  -0.24529, 0.012027755, -0.0010515484
  -0.24529, 0.010973857, -0.0010515484
  -0.24529, 0.011932091, -0.0010515484
  -0.24529, 0.010575257, -0.0010515484
  -0.24529, 0.012335873, -0.0010515484
  -0.24529, 0.011768665, -0.0010515484
  -0.24529, 0.011251681, -0.0010515484
  -0.24529, 0.012197559, -0.0010515484
  -0.24529, 0.011647491, -0.0010515484
  -0.24529, 0.012249377, -0.0010515484
  -0.24529, 0.011372457, -0.0010515484
  -0.24529, 0.012016594, -0.0010515484
  -0.24529, 0.011967965, -0.0010515484
  -0.24529, 0.011898609, -0.0010515484
  -0.24529, 0.011468121, -0.0010515484
  -0.24529, 0.012081167, -0.0010515484
  -0.24529, 0.01233946, -0.0010515484
  -0.24529, 0.011083472, -0.0010515484
  -0.24529, 0.012069608, -0.0010515484
  -0.24529, 0.012128999, -0.0010515484
  -0.24529, 0.011640714, -0.0010515484
  -0.24529, 0.012278474, -0.0010515484
  -0.24529, 0.012411607, -0.0010515484
  -0.24529, 0.011639917, -0.0010515484
  -0.24529, 0.012134978, -0.0010515484
  -0.24529, 0.011942853, -0.0010515484
  -0.24529, 0.011876287, -0.0010515484
  -0.24529, 0.012033734, -0.0010515484
  -0.24529, 0.012598152, -0.0010515484
  -0.24529, 0.011886252, -0.0010515484
  -0.24529, 0.011823672, -0.0010515484
  -0.24529, 0.011724022, -0.0010515484
  -0.24529, 0.011774245, -0.0010515484
  -0.24529, 0.011775043, -0.0010515484
  -0.24529, 0.011914951, -0.0010515484
  -0.24529, 0.012076384, -0.0010515484
  -0.24529, 0.01240204, -0.0010515484
  -0.24529, 0.011625169, -0.0010515484
  -0.24529, 0.011340967, -0.0010515484
  -0.24529, 0.012025363, -0.0010515484
  -0.24529, 0.010474809, -0.0010515484
  -0.24529, 0.012925004, -0.0010515484
  -0.24529, 0.011502002, -0.0010515484
  -0.24529, 0.012047685, -0.0010515484
  -0.24529, 0.012295216, -0.0010515484
  -0.24529, 0.011773448, -0.0010515484
  -0.24529, 0.012021776, -0.0010515484
  -0.24529, 0.012148132, -0.0010515484
  -0.24529, 0.011918937, -0.0010515484
  -0.24529, 0.012634026, -0.0010515484
  -0.24529, 0.012010615, -0.0010515484
  -0.24529, 0.011173954, -0.0010515484
  -0.24529, 0.012510061, -0.0010515484
  -0.24529, 0.011426268, -0.0010515484
  -0.24529, 0.012535173, -0.0010515484
  -0.24529, 0.010103713, -0.0010515484
  -0.24529, 0.012472593, -0.0010515484
  -0.24529, 0.011492037, -0.0010515484
  -0.24529, 0.011326618, -0.0010515484
  -0.24529, 0.012237817, -0.0010515484
  -0.24529, 0.011955608, -0.0010515484
  -0.24529, 0.012055258, -0.0010515484
  -0.24529, 0.012247782, -0.0010515484
  -0.24529, 0.011462939, -0.0010515484
  -0.24529, 0.01237932, -0.0010515484
  -0.24529, 0.012135377, -0.0010515484
  -0.24529, 0.011842805, -0.0010515484
  -0.24529, 0.012216293, -0.0010515484
  -0.24529, 0.012324712, -0.0010515484
  -0.24529, 0.011331401, -0.0010515484
  -0.24529, 0.011900203, -0.0010515484
  -0.24529, 0.012079573, -0.0010515484
  -0.24529, 0.012060839, -0.0010515484
  -0.24529, 0.01229402, -0.0010515484
  -0.24529, 0.01092164, -0.0010515484
  -0.24529, 0.011512365, -0.0010515484
  -0.24529, 0.011452974, -0.0010515484
  -0.24529, 0.011207436, -0.0010515484
  -0.24529, 0.011257261, -0.0010515484
  -0.24529, 0.012463425, -0.0010515484
  -0.24529, 0.01239925, -0.0010515484
  -0.24529, 0.011487652, -0.0010515484
  -0.24529, 0.011959594, -0.0010515484
  -0.24529, 0.012512453, -0.0010515484
  -0.24529, 0.011697316, -0.0010515484
  -0.24529, 0.012588984, -0.0010515484
  -0.24529, 0.011643505, -0.0010515484
  -0.24529, 0.012479767, -0.0010515484
  -0.24529, 0.011527911, -0.0010515484
  -0.24529, 0.012492921, -0.0010515484
  -0.24529, 0.011723623, -0.0010515484
  -0.24529, 0.011692532, -0.0010515484
  -0.24529, 0.011906182, -0.0010515484
  -0.24529, 0.01033809, -0.0010515484
  -0.24529, 0.012048482, -0.0010515484
  -0.24529, 0.011144457, -0.0010515484
  -0.24529, 0.012028552, -0.0010515484
  -0.24529, 0.011762287, -0.0010515484
  -0.24529, 0.012394467, -0.0010515484
  -0.24529, 0.011873497, -0.0010515484
  -0.24529, 0.012308369, -0.0010515484
  -0.24529, 0.012003042, -0.0010515484
  -0.24529, 0.012187992, -0.0010515484
  -0.24529, 0.011821679, -0.0010515484
  -0.24529, 0.011458554, -0.0010515484
  -0.24529, 0.011489246, -0.0010515484
  -0.24529, 0.011315855, -0.0010515484
  -0.24529, 0.011179136, -0.0010515484
  -0.24529, 0.011842805, -0.0010515484
  -0.24529, 0.011047598, -0.0010515484
  -0.24529, 0.011432645, -0.0010515484
  -0.24529, 0.011085465, -0.0010515484
  -0.24529, 0.011680574, -0.0010515484
  -0.24529, 0.011834434, -0.0010515484
  -0.24529, 0.011387603, -0.0010515484
  -0.24529, 0.012616886, -0.0010515484
  -0.24529, 0.011725218, -0.0010515484
  -0.24529, 0.012469404, -0.0010515484
  -0.24529, 0.012707767, -0.0010515484
  -0.24529, 0.011871504, -0.0010515484
  -0.238835, 0.012370152, -0.0010241652
  -0.238835, 0.01270099, -0.0010241652
  -0.238835, 0.011948035, -0.0010241652
  -0.238835, 0.012394866, -0.0010241652
  -0.238835, 0.012253363, -0.0010241652
  -0.238835, 0.010827172, -0.0010241652
  -0.238835, 0.011556211, -0.0010241652
  -0.238835, 0.011623575, -0.0010241652
  -0.238835, 0.011520337, -0.0010241652
  -0.238835, 0.012328299, -0.0010241652
  -0.238835, 0.012469802, -0.0010241652
  -0.238835, 0.011918937, -0.0010241652
  -0.238835, 0.012030944, -0.0010241652
  -0.238835, 0.011635134, -0.0010241652
  -0.238835, 0.012307174, -0.0010241652
  -0.238835, 0.012571445, -0.0010241652
  -0.238835, 0.011904189, -0.0010241652
  -0.238835, 0.011645099, -0.0010241652
  -0.238835, 0.012790277, -0.0010241652
  -0.238835, 0.010899318, -0.0010241652
  -0.238835, 0.012051671, -0.0010241652
  -0.238835, 0.011750728, -0.0010241652
  -0.238835, 0.012708165, -0.0010241652
  -0.238835, 0.011740364, -0.0010241652
  -0.238835, 0.010743067, -0.0010241652
  -0.238835, 0.012237419, -0.0010241652
  -0.238835, 0.01200344, -0.0010241652
  -0.238835, 0.01186114, -0.0010241652
  -0.238835, 0.012314348, -0.0010241652
  -0.238835, 0.011953615, -0.0010241652
  -0.238835, 0.012282859, -0.0010241652
  -0.238835, 0.012054063, -0.0010241652
  -0.238835, 0.011747539, -0.0010241652
  -0.238835, 0.011534288, -0.0010241652
  -0.238835, 0.012267314, -0.0010241652
  -0.238835, 0.011850378, -0.0010241652
  -0.238835, 0.011604442, -0.0010241652
  -0.238835, 0.011566176, -0.0010241652
  -0.238835, 0.011873497, -0.0010241652
  -0.238835, 0.011970357, -0.0010241652
  -0.238835, 0.01267269, -0.0010241652
  -0.238835, 0.011803742, -0.0010241652
  -0.238835, 0.01152233, -0.0010241652
  -0.238835, 0.012093125, -0.0010241652
  -0.238835, 0.011628756, -0.0010241652
  -0.238835, 0.011664232, -0.0010241652
  -0.238835, 0.011200261, -0.0010241652
  -0.238835, 0.01269541, -0.0010241652
  -0.238835, 0.01104401, -0.0010241652
  -0.238835, 0.01231116, -0.0010241652
  -0.238835, 0.011922126, -0.0010241652
  -0.238835, 0.010980633, -0.0010241652
  -0.238835, 0.011497617, -0.0010241652
  -0.238835, 0.012597354, -0.0010241652
  -0.238835, 0.01176428, -0.0010241652
  -0.238835, 0.011936476, -0.0010241652
  -0.238835, 0.011157611, -0.0010241652
  -0.238835, 0.012124615, -0.0010241652
  -0.238835, 0.011908972, -0.0010241652
  -0.238835, 0.011844, -0.0010241652
  -0.238835, 0.011758301, -0.0010241652
  -0.238835, 0.012121825, -0.0010241652
  -0.238835, 0.012639606, -0.0010241652
  -0.238835, 0.011948434, -0.0010241652
  -0.238835, 0.011662637, -0.0010241652
  -0.238835, 0.011932888, -0.0010241652
  -0.238835, 0.011702099, -0.0010241652
  -0.238835, 0.012443893, -0.0010241652
  -0.238835, 0.012469005, -0.0010241652
  -0.238835, 0.012317537, -0.0010241652
  -0.238835, 0.011770259, -0.0010241652
  -0.238835, 0.012028951, -0.0010241652
  -0.238835, 0.011639917, -0.0010241652
  -0.238835, 0.01223702, -0.0010241652
  -0.238835, 0.01183842, -0.0010241652
  -0.238835, 0.012447082, -0.0010241652
  -0.238835, 0.012298006, -0.0010241652
  -0.238835, 0.01245904, -0.0010241652
  -0.238835, 0.011936476, -0.0010241652
  -0.238835, 0.012404831, -0.0010241652
  -0.238835, 0.012387292, -0.0010241652
  -0.238835, 0.012306775, -0.0010241652
  -0.238835, 0.012598152, -0.0010241652
  -0.238835, 0.011857154, -0.0010241652
  -0.238835, 0.012227055, -0.0010241652
  -0.238835, 0.011277988, -0.0010241652
  -0.238835, 0.011741162, -0.0010241652
  -0.238835, 0.011287953, -0.0010241652
  -0.238835, 0.012120629, -0.0010241652
  -0.238835, 0.011097821, -0.0010241652
  -0.238835, 0.012329495, -0.0010241652
  -0.238835, 0.01166463, -0.0010241652
  -0.238835, 0.011156017, -0.0010241652
  -0.238835, 0.012096713, -0.0010241652
  -0.238835, 0.011911364, -0.0010241652
  -0.238835, 0.012094321, -0.0010241652
  -0.238835, 0.011627959, -0.0010241652
  -0.238835, 0.011360499, -0.0010241652
  -0.238835, 0.011020493, -0.0010241652
  -0.238835, 0.012053664, -0.0010241652
  -0.238835, 0.012380915, -0.0010241652
  -0.238835, 0.012416789, -0.0010241652
  -0.238835, 0.01166463, -0.0010241652
  -0.238835, 0.011446198, -0.0010241652
  -0.238835, 0.010868626, -0.0010241652
  -0.238835, 0.011267625, -0.0010241652
  -0.238835, 0.010957514, -0.0010241652
  -0.238835, 0.01180135, -0.0010241652
  -0.238835, 0.01191256, -0.0010241652
  -0.238835, 0.012457446, -0.0010241652
  -0.238835, 0.011973147, -0.0010241652
  -0.238835, 0.011865525, -0.0010241652
  -0.23238, 0.011842406, -0.00099675905
  -0.23238, 0.012076384, -0.00099675905
  -0.23238, 0.012068811, -0.00099675905
  -0.23238, 0.011819686, -0.00099675905
  -0.23238, 0.011236534, -0.00099675905
  -0.23238, 0.012088741, -0.00099675905
  -0.23238, 0.011211024, -0.00099675905
  -0.23238, 0.011900602, -0.00099675905
  -0.23238, 0.011850777, -0.00099675905
  -0.23238, 0.011104597, -0.00099675905
  -0.23238, 0.010670123, -0.00099675905
  -0.23238, 0.011728406, -0.00099675905
  -0.23238, 0.012033335, -0.00099675905
  -0.23238, 0.010825179, -0.00099675905
  -0.23238, 0.011860343, -0.00099675905
  -0.23238, 0.01192093, -0.00099675905
  -0.23238, 0.011435037, -0.00099675905
  -0.23238, 0.012272495, -0.00099675905
  -0.23238, 0.011093437, -0.00099675905
  -0.23238, 0.011543057, -0.00099675905
  -0.23238, 0.011909769, -0.00099675905
  -0.23238, 0.011548638, -0.00099675905
  -0.23238, 0.012274887, -0.00099675905
  -0.23238, 0.011973147, -0.00099675905
  -0.23238, 0.011807728, -0.00099675905
  -0.23238, 0.01196358, -0.00099675905
  -0.23238, 0.011989888, -0.00099675905
  -0.23238, 0.011810119, -0.00099675905
  -0.23238, 0.011874693, -0.00099675905
  -0.23238, 0.01166463, -0.00099675905
  -0.23238, 0.012187992, -0.00099675905
  -0.23238, 0.012507669, -0.00099675905
  -0.23238, 0.011418296, -0.00099675905
  -0.23238, 0.012581809, -0.00099675905
  -0.23238, 0.01197235, -0.00099675905
  -0.23238, 0.012115447, -0.00099675905
  -0.23238, 0.012691025, -0.00099675905
  -0.23238, 0.011864329, -0.00099675905
  -0.23238, 0.012817382, -0.00099675905
  -0.23238, 0.012432334, -0.00099675905
  -0.23238, 0.012412803, -0.00099675905
  -0.23238, 0.012701788, -0.00099675905
  -0.23238, 0.012277279, -0.00099675905
  -0.23238, 0.011206639, -0.00099675905
  -0.23238, 0.010525033, -0.00099675905
  -0.23238, 0.011007738, -0.00099675905
  -0.23238, 0.011821679, -0.00099675905
  -0.23238, 0.012577823, -0.00099675905
  -0.23238, 0.011393582, -0.00099675905
  -0.23238, 0.012135776, -0.00099675905
  -0.23238, 0.011360499, -0.00099675905
  -0.23238, 0.011807329, -0.00099675905
  -0.23238, 0.012750417, -0.00099675905
  -0.23238, 0.011930895, -0.00099675905
  -0.23238, 0.011463736, -0.00099675905
  -0.23238, 0.010897325, -0.00099675905
  -0.23238, 0.012433928, -0.00099675905
  -0.23238, 0.012087545, -0.00099675905
  -0.23238, 0.012428747, -0.00099675905
  -0.23238, 0.011023283, -0.00099675905
  -0.23238, 0.011819686, -0.00099675905
  -0.23238, 0.012102692, -0.00099675905
  -0.23238, 0.011716448, -0.00099675905
  -0.23238, 0.011888644, -0.00099675905
  -0.23238, 0.011239723, -0.00099675905
  -0.23238, 0.012232237, -0.00099675905
  -0.23238, 0.01166184, -0.00099675905
  -0.23238, 0.011038031, -0.00099675905
  -0.23238, 0.011686155, -0.00099675905
  -0.23238, 0.01239925, -0.00099675905
  -0.23238, 0.012366166, -0.00099675905
  -0.225925, 0.01219995, -0.00096933054
  -0.225925, 0.012493718, -0.00096933054
  -0.225925, 0.011172359, -0.00096933054
  -0.225925, 0.01237095, -0.00096933054
  -0.225925, 0.012436719, -0.00096933054
  -0.225925, 0.011219394, -0.00096933054
  -0.225925, 0.01237932, -0.00096933054
  -0.225925, 0.012031342, -0.00096933054
  -0.225925, 0.012023769, -0.00096933054
  -0.225925, 0.012242999, -0.00096933054
  -0.225925, 0.011032451, -0.00096933054
  -0.225925, 0.012003839, -0.00096933054
  -0.225925, 0.011662239, -0.00096933054
  -0.225925, 0.011453771, -0.00096933054
  -0.225925, 0.011490044, -0.00096933054
  -0.225925, 0.011976734, -0.00096933054
  -0.225925, 0.012439509, -0.00096933054
  -0.225925, 0.011907776, -0.00096933054
  -0.225925, 0.012072, -0.00096933054
  -0.225925, 0.011720036, -0.00096933054
  -0.225925, 0.012138167, -0.00096933054
  -0.225925, 0.012703382, -0.00096933054
  -0.225925, 0.011951224, -0.00096933054
  -0.225925, 0.010803256, -0.00096933054
  -0.225925, 0.012229845, -0.00096933054
  -0.225925, 0.012216691, -0.00096933054
  -0.225925, 0.012233831, -0.00096933054
  -0.225925, 0.012317139, -0.00096933054
  -0.225925, 0.012272495, -0.00096933054
  -0.225925, 0.012338264, -0.00096933054
  -0.21947, 0.012368957, -0.00094188026
  -0.21947, 0.011207038, -0.00094188026
  -0.21947, 0.012191181, -0.00094188026
  -0.21947, 0.012207524, -0.00094188026
  -0.21947, 0.012243398, -0.00094188026
  -0.21947, 0.012562278, -0.00094188026
  -0.21947, 0.011372058, -0.00094188026
  -0.21947, 0.011519141, -0.00094188026
  -0.21947, 0.012666312, -0.00094188026
  -0.21947, 0.012880759, -0.00094188026
  -0.21947, 0.012829738, -0.00094188026
  -0.21947, 0.011647092, -0.00094188026
  -0.21947, 0.012866011, -0.00094188026
  -0.21947, 0.012475781, -0.00094188026
  -0.21947, 0.012433928, -0.00094188026
  -0.21947, 0.012232237, -0.00094188026
  -0.21947, 0.011921727, -0.00094188026
  -0.21947, 0.011482072, -0.00094188026
  -0.21947, 0.012784696, -0.00094188026
  -0.21947, 0.012109867, -0.00094188026
  -0.21947, 0.012303586, -0.00094188026
  -0.213015, 0.012292824, -0.00091440883
  -0.20656, 0.011822476, -0.00088691684
  -0.174285, 0.010133608, -0.00074916976
  -0.161375, 0.0090737304, -0.00069394832
  -0.15492, 0.012278076, -0.00066631377
  -0.148465, 0.010003664, -0.00063866416
  -0.148465, 0.0095161764, -0.00063866416
  -0.148465, 0.010443719, -0.00063866416
  -0.148465, 0.010360411, -0.00063866416
  -0.14201, 0.010365992, -0.00061100011
  -0.14201, 0.010393894, -0.00061100011
  -0.14201, 0.011274401, -0.00061100011
  -0.14201, 0.010594788, -0.00061100011
  -0.14201, 0.010810431, -0.00061100011
  -0.14201, 0.0104776, -0.00061100011
  -0.14201, 0.011538673, -0.00061100011
  -0.14201, 0.010745459, -0.00061100011
  -0.14201, 0.010403061, -0.00061100011
  -0.14201, 0.010222894, -0.00061100011
  -0.14201, 0.0098677416, -0.00061100011
  -0.14201, 0.011099017, -0.00061100011
  -0.135555, 0.011100213, -0.00058332223
  -0.135555, 0.0086930674, -0.00058332223
  -0.135555, 0.010590802, -0.00058332223
  -0.135555, 0.011900602, -0.00058332223
  -0.135555, 0.011330205, -0.00058332223
  -0.135555, 0.010114874, -0.00058332223
  -0.135555, 0.0098143292, -0.00058332223
  -0.135555, 0.010721543, -0.00058332223
  -0.135555, 0.011461344, -0.00058332223
  -0.135555, 0.010985017, -0.00058332223
  -0.135555, 0.011124926, -0.00058332223
  -0.135555, 0.010889353, -0.00058332223
  -0.135555, 0.010769375, -0.00058332223
  -0.135555, 0.01032374, -0.00058332223
  -0.135555, 0.011528708, -0.00058332223
  -0.135555, 0.010871416, -0.00058332223
  -0.135555, 0.011748735, -0.00058332223
  -0.135555, 0.011476093, -0.00058332223
  -0.135555, 0.0097641056, -0.00058332223
  -0.135555, 0.011024877, -0.00058332223
  -0.1291, 0.011633141, -0.00055563115
  -0.1291, 0.010780137, -0.00055563115
  -0.1291, 0.010965087, -0.00055563115
  -0.1291, 0.010212929, -0.00055563115
  -0.1291, 0.0090725346, -0.00055563115
  -0.1291, 0.0093822468, -0.00055563115
  -0.1291, 0.011464533, -0.00055563115
  -0.1291, 0.01159368, -0.00055563115
  -0.1291, 0.010165097, -0.00055563115
  -0.1291, 0.011138478, -0.00055563115
  -0.1291, 0.010469628, -0.00055563115
  -0.1291, 0.010357222, -0.00055563115
  -0.1291, 0.011144059, -0.00055563115
  -0.1291, 0.010894934, -0.00055563115
  -0.1291, 0.010605949, -0.00055563115
  -0.1291, 0.010920444, -0.00055563115
  -0.1291, 0.010520648, -0.00055563115
  -0.1291, 0.010908088, -0.00055563115
  -0.1291, 0.009464757, -0.00055563115
  -0.1291, 0.010886962, -0.00055563115
  -0.1291, 0.010791696, -0.00055563115
  -0.1291, 0.010854675, -0.00055563115
  -0.1291, 0.011311471, -0.00055563115
  -0.1291, 0.011557806, -0.00055563115
  -0.1291, 0.010253985, -0.00055563115
  -0.1291, 0.010970269, -0.00055563115
  -0.1291, 0.010065447, -0.00055563115
  -0.1291, 0.010380341, -0.00055563115
  -0.1291, 0.0097880216, -0.00055563115
  -0.1291, 0.010531809, -0.00055563115
  -0.1291, 0.01159926, -0.00055563115
  -0.1291, 0.011615603, -0.00055563115
  -0.1291, 0.010926822, -0.00055563115
  -0.1291, 0.01149682, -0.00055563115
  -0.122645, 0.0099757622, -0.00052792749
  -0.122645, 0.011532295, -0.00052792749
  -0.122645, 0.011682966, -0.00052792749
  -0.122645, 0.012465816, -0.00052792749
  -0.122645, 0.011679379, -0.00052792749
  -0.122645, 0.0099921048, -0.00052792749
  -0.122645, 0.011002556, -0.00052792749
  -0.122645, 0.011319841, -0.00052792749
  -0.122645, 0.011322632, -0.00052792749
  -0.122645, 0.010440131, -0.00052792749
  -0.122645, 0.011404345, -0.00052792749
  -0.122645, 0.010631858, -0.00052792749
  -0.122645, 0.010647802, -0.00052792749
  -0.122645, 0.010163503, -0.00052792749
  -0.122645, 0.010009245, -0.00052792749
  -0.122645, 0.010833549, -0.00052792749
  -0.122645, 0.010765787, -0.00052792749
  -0.122645, 0.011069521, -0.00052792749
  -0.122645, 0.010020405, -0.00052792749
  -0.122645, 0.0080549088, -0.00052792749
  -0.122645, 0.010562103, -0.00052792749
  -0.122645, 0.011273604, -0.00052792749
  -0.122645, 0.01050032, -0.00052792749
  -0.122645, 0.010719948, -0.00052792749
  -0.122645, 0.010128426, -0.00052792749
  -0.122645, 0.011715651, -0.00052792749
  -0.122645, 0.011081479, -0.00052792749
  -0.122645, 0.010782529, -0.00052792749
  -0.122645, 0.010314174, -0.00052792749
  -0.122645, 0.011460946, -0.00052792749
  -0.122645, 0.011417498, -0.00052792749
  -0.122645, 0.010391901, -0.00052792749
  -0.122645, 0.011240121, -0.00052792749
  -0.122645, 0.011079486, -0.00052792749
  -0.122645, 0.011244905, -0.00052792749
  -0.122645, 0.010924032, -0.00052792749
  -0.122645, 0.012232635, -0.00052792749
  -0.122645, 0.011318247, -0.00052792749
  -0.122645, 0.010494341, -0.00052792749
  -0.122645, 0.011575344, -0.00052792749
  -0.122645, 0.010655774, -0.00052792749
  -0.122645, 0.010790501, -0.00052792749
  -0.122645, 0.010398677, -0.00052792749
  -0.122645, 0.010277104, -0.00052792749
  -0.122645, 0.011819686, -0.00052792749
  -0.122645, 0.011351331, -0.00052792749
  -0.122645, 0.0093977922, -0.00052792749
  -0.122645, 0.011605638, -0.00052792749
  -0.122645, 0.010464844, -0.00052792749
  -0.122645, 0.011448988, -0.00052792749
  -0.122645, 0.0097740706, -0.00052792749
  -0.122645, 0.011194681, -0.00052792749
  -0.11619, 0.011733588, -0.00050021186
  -0.11619, 0.01003037, -0.00050021186
  -0.11619, 0.011068723, -0.00050021186
  -0.11619, 0.012474187, -0.00050021186
  -0.11619, 0.010811228, -0.00050021186
  -0.11619, 0.010459663, -0.00050021186
  -0.11619, 0.010952332, -0.00050021186
  -0.11619, 0.011663833, -0.00050021186
  -0.11619, 0.010966283, -0.00050021186
  -0.11619, 0.011129311, -0.00050021186
  -0.11619, 0.011865923, -0.00050021186
  -0.11619, 0.0094141348, -0.00050021186
  -0.11619, 0.010395887, -0.00050021186
  -0.11619, 0.011554617, -0.00050021186
  -0.11619, 0.010521047, -0.00050021186
  -0.11619, 0.01052862, -0.00050021186
  -0.11619, 0.011586106, -0.00050021186
  -0.11619, 0.010594788, -0.00050021186
  -0.11619, 0.011035241, -0.00050021186
  -0.11619, 0.012256153, -0.00050021186
  -0.11619, 0.010687263, -0.00050021186
  -0.11619, 0.011387205, -0.00050021186
  -0.11619, 0.011222982, -0.00050021186
  -0.11619, 0.011395974, -0.00050021186
  -0.11619, 0.010566886, -0.00050021186
  -0.11619, 0.01074506, -0.00050021186
  -0.11619, 0.0095253442, -0.00050021186
  -0.11619, 0.01032932, -0.00050021186
  -0.11619, 0.010928815, -0.00050021186
  -0.11619, 0.010656172, -0.00050021186
  -0.11619, 0.01185835, -0.00050021186
  -0.11619, 0.011805336, -0.00050021186
  -0.11619, 0.011456561, -0.00050021186
  -0.11619, 0.011309478, -0.00050021186
  -0.11619, 0.010095741, -0.00050021186
  -0.11619, 0.010525033, -0.00050021186
  -0.11619, 0.010676501, -0.00050021186
  -0.11619, 0.011775441, -0.00050021186
  -0.11619, 0.012046489, -0.00050021186
  -0.11619, 0.01079648, -0.00050021186
  -0.11619, 0.012073195, -0.00050021186
  -0.11619, 0.011021689, -0.00050021186
  -0.11619, 0.010764592, -0.00050021186
  -0.11619, 0.011437827, -0.00050021186
  -0.11619, 0.010355229, -0.00050021186
  -0.11619, 0.011664232, -0.00050021186
  -0.11619, 0.010820396, -0.00050021186
  -0.11619, 0.011329806, -0.00050021186
  -0.11619, 0.011712064, -0.00050021186
  -0.11619, 0.011438624, -0.00050021186
  -0.11619, 0.011478484, -0.00050021186
  -0.11619, 0.0096349592, -0.00050021186
  -0.11619, 0.0098207068, -0.00050021186
  -0.11619, 0.010618704, -0.00050021186
  -0.11619, 0.0098482102, -0.00050021186
  -0.11619, 0.010188216, -0.00050021186
  -0.11619, 0.012038517, -0.00050021186
  -0.11619, 0.011617994, -0.00050021186
  -0.11619, 0.010462054, -0.00050021186
  -0.11619, 0.010304209, -0.00050021186
  -0.11619, 0.010931206, -0.00050021186
  -0.11619, 0.011559001, -0.00050021186
  -0.11619, 0.010503907, -0.00050021186
  -0.11619, 0.011223779, -0.00050021186
  -0.11619, 0.011486456, -0.00050021186
  -0.11619, 0.010274712, -0.00050021186
  -0.11619, 0.011197471, -0.00050021186
  -0.11619, 0.011647092, -0.00050021186
  -0.11619, 0.012370152, -0.00050021186
  -0.11619, 0.010387117, -0.00050021186
  -0.11619, 0.012540753, -0.00050021186
  -0.11619, 0.010994185, -0.00050021186
  -0.109735, 0.011384016, -0.0004724849
  -0.109735, 0.011136884, -0.0004724849
  -0.109735, 0.01009893, -0.0004724849
  -0.109735, 0.010770571, -0.0004724849
  -0.109735, 0.010975052, -0.0004724849
  -0.109735, 0.01126045, -0.0004724849
  -0.109735, 0.011831245, -0.0004724849
  -0.109735, 0.011591288, -0.0004724849
  -0.109735, 0.011430652, -0.0004724849
  -0.109735, 0.01058004, -0.0004724849
  -0.109735, 0.011480876, -0.0004724849
  -0.109735, 0.010249202, -0.0004724849
  -0.109735, 0.010502711, -0.0004724849
  -0.109735, 0.011755113, -0.0004724849
  -0.109735, 0.012025762, -0.0004724849
  -0.109735, 0.011965972, -0.0004724849
  -0.109735, 0.011350534, -0.0004724849
  -0.109735, 0.011715651, -0.0004724849
  -0.109735, 0.012181615, -0.0004724849
  -0.109735, 0.0106199, -0.0004724849
  -0.109735, 0.010942766, -0.0004724849
  -0.109735, 0.010400271, -0.0004724849
  -0.109735, 0.011912161, -0.0004724849
  -0.109735, 0.010293845, -0.0004724849
  -0.109735, 0.010139985, -0.0004724849
  -0.109735, 0.011781022, -0.0004724849
  -0.109735, 0.010971066, -0.0004724849
  -0.109735, 0.011403946, -0.0004724849
  -0.109735, 0.011286359, -0.0004724849
  -0.109735, 0.012571445, -0.0004724849
  -0.109735, 0.01218002, -0.0004724849
  -0.109735, 0.011229758, -0.0004724849
  -0.109735, 0.010603159, -0.0004724849
  -0.109735, 0.011397967, -0.0004724849
  -0.109735, 0.0098968394, -0.0004724849
  -0.109735, 0.011641512, -0.0004724849
  -0.109735, 0.010249999, -0.0004724849
  -0.109735, 0.011461743, -0.0004724849
  -0.109735, 0.010890948, -0.0004724849
  -0.109735, 0.010159915, -0.0004724849
  -0.109735, 0.01149961, -0.0004724849
  -0.109735, 0.011824868, -0.0004724849
  -0.109735, 0.010103314, -0.0004724849
  -0.109735, 0.01110101, -0.0004724849
  -0.109735, 0.011882266, -0.0004724849
  -0.109735, 0.010928018, -0.0004724849
  -0.109735, 0.011064737, -0.0004724849
  -0.109735, 0.011352925, -0.0004724849
  -0.109735, 0.011162394, -0.0004724849
  -0.109735, 0.010780934, -0.0004724849
  -0.109735, 0.010790501, -0.0004724849
  -0.109735, 0.011328611, -0.0004724849
  -0.109735, 0.0109045, -0.0004724849
  -0.109735, 0.012030147, -0.0004724849
  -0.109735, 0.011437827, -0.0004724849
  -0.109735, 0.012506474, -0.0004724849
  -0.109735, 0.011161996, -0.0004724849
  -0.109735, 0.011515155, -0.0004724849
  -0.109735, 0.011726413, -0.0004724849
  -0.109735, 0.012612103, -0.0004724849
  -0.109735, 0.011788595, -0.0004724849
  -0.109735, 0.010611928, -0.0004724849
  -0.109735, 0.012195566, -0.0004724849
  -0.109735, 0.011562987, -0.0004724849
  -0.109735, 0.010744263, -0.0004724849
  -0.109735, 0.010931206, -0.0004724849
  -0.109735, 0.010631858, -0.0004724849
  -0.109735, 0.010468432, -0.0004724849
  -0.109735, 0.0094264914, -0.0004724849
  -0.109735, 0.012036524, -0.0004724849
  -0.109735, 0.012149328, -0.0004724849
  -0.109735, 0.012237419, -0.0004724849
  -0.10328, 0.011437428, -0.00044474723
  -0.10328, 0.0094551906, -0.00044474723
  -0.10328, 0.011581323, -0.00044474723
  -0.10328, 0.012168461, -0.00044474723
  -0.10328, 0.011635931, -0.00044474723
  -0.10328, 0.010136797, -0.00044474723
  -0.10328, 0.010033559, -0.00044474723
  -0.10328, 0.011188303, -0.00044474723
  -0.10328, 0.010666935, -0.00044474723
  -0.10328, 0.01201779, -0.00044474723
  -0.10328, 0.011971154, -0.00044474723
  -0.10328, 0.0095891202, -0.00044474723
  -0.10328, 0.011462939, -0.00044474723
  -0.10328, 0.010595585, -0.00044474723
  -0.10328, 0.010778144, -0.00044474723
  -0.10328, 0.012186796, -0.00044474723
  -0.10328, 0.011612414, -0.00044474723
  -0.10328, 0.011672204, -0.00044474723
  -0.10328, 0.0099024198, -0.00044474723
  -0.10328, 0.010257572, -0.00044474723
  -0.10328, 0.011476093, -0.00044474723
  -0.10328, 0.010761004, -0.00044474723
  -0.10328, 0.010434152, -0.00044474723
  -0.10328, 0.010008049, -0.00044474723
  -0.10328, 0.010214125, -0.00044474723
  -0.10328, 0.00968598, -0.00044474723
  -0.10328, 0.010821591, -0.00044474723
  -0.10328, 0.01188107, -0.00044474723
  -0.10328, 0.012529991, -0.00044474723
  -0.10328, 0.01093599, -0.00044474723
  -0.10328, 0.01108666, -0.00044474723
  -0.10328, 0.0101073, -0.00044474723
  -0.10328, 0.011173555, -0.00044474723
  -0.10328, 0.010946353, -0.00044474723
  -0.10328, 0.011938867, -0.00044474723
  -0.10328, 0.010940374, -0.00044474723
  -0.10328, 0.011466526, -0.00044474723
  -0.10328, 0.010574061, -0.00044474723
  -0.10328, 0.011087458, -0.00044474723
  -0.10328, 0.011882665, -0.00044474723
  -0.10328, 0.01205486, -0.00044474723
  -0.10328, 0.012150524, -0.00044474723
  -0.10328, 0.009965, -0.00044474723
  -0.10328, 0.0099398882, -0.00044474723
  -0.10328, 0.010501516, -0.00044474723
  -0.10328, 0.011660246, -0.00044474723
  -0.10328, 0.011405939, -0.00044474723
  -0.10328, 0.011363289, -0.00044474723
  -0.10328, 0.011211024, -0.00044474723
  -0.10328, 0.011163989, -0.00044474723
  -0.10328, 0.011808924, -0.00044474723
  -0.10328, 0.012062035, -0.00044474723
  -0.10328, 0.0097780566, -0.00044474723
  -0.10328, 0.011878679, -0.00044474723
  -0.10328, 0.011888644, -0.00044474723
  -0.10328, 0.010682081, -0.00044474723
  -0.10328, 0.010638634, -0.00044474723
  -0.10328, 0.010445313, -0.00044474723
  -0.10328, 0.0093336176, -0.00044474723
  -0.10328, 0.011730001, -0.00044474723
  -0.10328, 0.011588896, -0.00044474723
  -0.10328, 0.01005907, -0.00044474723
  -0.10328, 0.0097134834, -0.00044474723
  -0.10328, 0.011150835, -0.00044474723
  -0.10328, 0.012620473, -0.00044474723
  -0.10328, 0.011638721, -0.00044474723
  -0.10328, 0.010220503, -0.00044474723
  -0.10328, 0.010533802, -0.00044474723
  -0.10328, 0.011017703, -0.00044474723
  -0.10328, 0.011246499, -0.00044474723
  -0.10328, 0.011248492, -0.00044474723
  -0.10328, 0.011777036, -0.00044474723
  -0.10328, 0.01219437, -0.00044474723
  -0.10328, 0.011543057, -0.00044474723
  -0.10328, 0.011668616, -0.00044474723
  -0.10328, 0.01191814, -0.00044474723
  -0.10328, 0.011316653, -0.00044474723
  -0.10328, 0.01111536, -0.00044474723
  -0.10328, 0.0092925618, -0.00044474723
  -0.10328, 0.012307971, -0.00044474723
  -0.10328, 0.011708476, -0.00044474723
  -0.10328, 0.011601253, -0.00044474723
  -0.10328, 0.011151632, -0.00044474723
  -0.10328, 0.010916458, -0.00044474723
  -0.10328, 0.011067528, -0.00044474723
  -0.10328, 0.012035727, -0.00044474723
  -0.10328, 0.011791385, -0.00044474723
  -0.096825, 0.010391502, -0.00041699946
  -0.096825, 0.011356513, -0.00041699946
  -0.096825, 0.010698424, -0.00041699946
  -0.096825, 0.011307086, -0.00041699946
  -0.096825, 0.012305181, -0.00041699946
  -0.096825, 0.010091755, -0.00041699946
  -0.096825, 0.012339859, -0.00041699946
  -0.096825, 0.011038828, -0.00041699946
  -0.096825, 0.011967566, -0.00041699946
  -0.096825, 0.011434638, -0.00041699946
  -0.096825, 0.01214016, -0.00041699946
  -0.096825, 0.010077804, -0.00041699946
  -0.096825, 0.011458156, -0.00041699946
  -0.096825, 0.011535484, -0.00041699946
  -0.096825, 0.011236534, -0.00041699946
  -0.096825, 0.010970269, -0.00041699946
  -0.096825, 0.010634648, -0.00041699946
  -0.096825, 0.0094292816, -0.00041699946
  -0.096825, 0.0090350662, -0.00041699946
  -0.096825, 0.011329009, -0.00041699946
  -0.096825, 0.01099857, -0.00041699946
  -0.096825, 0.010611928, -0.00041699946
  -0.096825, 0.010258768, -0.00041699946
  -0.096825, 0.011589694, -0.00041699946
  -0.096825, 0.012394866, -0.00041699946
  -0.096825, 0.011682567, -0.00041699946
  -0.096825, 0.01239925, -0.00041699946
  -0.096825, 0.011683365, -0.00041699946
  -0.096825, 0.0098019726, -0.00041699946
  -0.096825, 0.011407533, -0.00041699946
  -0.096825, 0.010994185, -0.00041699946
  -0.096825, 0.010649396, -0.00041699946
  -0.096825, 0.012119034, -0.00041699946
  -0.096825, 0.012104685, -0.00041699946
  -0.096825, 0.011373254, -0.00041699946
  -0.096825, 0.011576938, -0.00041699946
  -0.096825, 0.010362404, -0.00041699946
  -0.096825, 0.011722427, -0.00041699946
  -0.096825, 0.010857864, -0.00041699946
  -0.096825, 0.011353722, -0.00041699946
  -0.096825, 0.012127006, -0.00041699946
  -0.096825, 0.012161685, -0.00041699946
  -0.096825, 0.01077655, -0.00041699946
  -0.096825, 0.011525519, -0.00041699946
  -0.096825, 0.010532606, -0.00041699946
  -0.096825, 0.010853878, -0.00041699946
  -0.096825, 0.011783413, -0.00041699946
  -0.096825, 0.011564183, -0.00041699946
  -0.096825, 0.0099925034, -0.00041699946
  -0.096825, 0.00990521, -0.00041699946
  -0.096825, 0.011548239, -0.00041699946
  -0.096825, 0.01134575, -0.00041699946
  -0.096825, 0.010860654, -0.00041699946
  -0.096825, 0.011067129, -0.00041699946
  -0.096825, 0.011908972, -0.00041699946
  -0.096825, 0.01075941, -0.00041699946
  -0.096825, 0.010718753, -0.00041699946
  -0.096825, 0.012437516, -0.00041699946
  -0.096825, 0.0099964894, -0.00041699946
  -0.096825, 0.010713969, -0.00041699946
  -0.096825, 0.011831644, -0.00041699946
  -0.096825, 0.011039227, -0.00041699946
  -0.096825, 0.011119744, -0.00041699946
  -0.096825, 0.010357222, -0.00041699946
  -0.096825, 0.0093447784, -0.00041699946
  -0.096825, 0.0095986866, -0.00041699946
  -0.096825, 0.011502002, -0.00041699946
  -0.096825, 0.012386495, -0.00041699946
  -0.096825, 0.0089940104, -0.00041699946
  -0.096825, 0.011991084, -0.00041699946
  -0.096825, 0.0094213096, -0.00041699946
  -0.09037, 0.009972972, -0.00038924224
  -0.09037, 0.010339285, -0.00038924224
  -0.09037, 0.011838819, -0.00038924224
  -0.09037, 0.01163912, -0.00038924224
  -0.09037, 0.010601564, -0.00038924224
  -0.09037, 0.011962783, -0.00038924224
  -0.09037, 0.01120624, -0.00038924224
  -0.09037, 0.012395663, -0.00038924224
  -0.09037, 0.01131466, -0.00038924224
  -0.09037, 0.010274314, -0.00038924224
  -0.09037, 0.012220677, -0.00038924224
  -0.09037, 0.011090248, -0.00038924224
  -0.09037, 0.010774158, -0.00038924224
  -0.09037, 0.011292737, -0.00038924224
  -0.09037, 0.010960703, -0.00038924224
  -0.09037, 0.011583715, -0.00038924224
  -0.09037, 0.012070804, -0.00038924224
  -0.09037, 0.011708875, -0.00038924224
  -0.09037, 0.011745546, -0.00038924224
  -0.09037, 0.011688945, -0.00038924224
  -0.09037, 0.012240209, -0.00038924224
  -0.09037, 0.012081167, -0.00038924224
  -0.09037, 0.011401554, -0.00038924224
  -0.09037, 0.011329009, -0.00038924224
  -0.09037, 0.011165583, -0.00038924224
  -0.09037, 0.010957115, -0.00038924224
  -0.09037, 0.010575257, -0.00038924224
  -0.09037, 0.011559001, -0.00038924224
  -0.09037, 0.012042902, -0.00038924224
  -0.09037, 0.008480215, -0.00038924224
  -0.09037, 0.011282772, -0.00038924224
  -0.09037, 0.011028465, -0.00038924224
  -0.09037, 0.011569764, -0.00038924224
  -0.09037, 0.010997773, -0.00038924224
  -0.09037, 0.011620784, -0.00038924224
  -0.09037, 0.011454967, -0.00038924224
  -0.09037, 0.012221475, -0.00038924224
  -0.09037, 0.011042814, -0.00038924224
  -0.09037, 0.010652186, -0.00038924224
  -0.09037, 0.010416614, -0.00038924224
  -0.09037, 0.011948434, -0.00038924224
  -0.09037, 0.0097704832, -0.00038924224
  -0.09037, 0.011664232, -0.00038924224
  -0.09037, 0.011482072, -0.00038924224
  -0.09037, 0.011078688, -0.00038924224
  -0.09037, 0.011270814, -0.00038924224
  -0.09037, 0.011739966, -0.00038924224
  -0.09037, 0.0104776, -0.00038924224
  -0.09037, 0.011970755, -0.00038924224
  -0.09037, 0.011991482, -0.00038924224
  -0.09037, 0.011750329, -0.00038924224
  -0.09037, 0.012473788, -0.00038924224
  -0.09037, 0.012058049, -0.00038924224
  -0.09037, 0.0089055212, -0.00038924224
  -0.09037, 0.01255032, -0.00038924224
  -0.09037, 0.010726326, -0.00038924224
  -0.09037, 0.011763483, -0.00038924224
  -0.09037, 0.011268821, -0.00038924224
  -0.09037, 0.01132582, -0.00038924224
  -0.09037, 0.011698511, -0.00038924224
  -0.09037, 0.011262044, -0.00038924224
  -0.09037, 0.011264436, -0.00038924224
  -0.09037, 0.012244195, -0.00038924224
  -0.09037, 0.011861539, -0.00038924224
  -0.09037, 0.010345663, -0.00038924224
  -0.09037, 0.01159368, -0.00038924224
  -0.09037, 0.011917741, -0.00038924224
  -0.083915, 0.012003042, -0.00036147619
  -0.083915, 0.012656746, -0.00036147619
  -0.083915, 0.011147248, -0.00036147619
  -0.083915, 0.010890151, -0.00036147619
  -0.083915, 0.010935192, -0.00036147619
  -0.083915, 0.011705288, -0.00036147619
  -0.083915, 0.010443719, -0.00036147619
  -0.083915, 0.011535484, -0.00036147619
  -0.083915, 0.012788284, -0.00036147619
  -0.083915, 0.0098665458, -0.00036147619
  -0.083915, 0.012023769, -0.00036147619
  -0.083915, 0.011349338, -0.00036147619
  -0.083915, 0.010549746, -0.00036147619
  -0.083915, 0.011766672, -0.00036147619
  -0.083915, 0.012243398, -0.00036147619
  -0.083915, 0.011597666, -0.00036147619
  -0.083915, 0.010140384, -0.00036147619
  -0.083915, 0.011864329, -0.00036147619
  -0.083915, 0.011403946, -0.00036147619
  -0.083915, 0.011124527, -0.00036147619
  -0.083915, 0.01165347, -0.00036147619
  -0.083915, 0.010603956, -0.00036147619
  -0.083915, 0.010678494, -0.00036147619
  -0.083915, 0.010809633, -0.00036147619
  -0.083915, 0.010737487, -0.00036147619
  -0.083915, 0.011531498, -0.00036147619
  -0.083915, 0.0092311774, -0.00036147619
  -0.083915, 0.011467722, -0.00036147619
  -0.083915, 0.010193398, -0.00036147619
  -0.083915, 0.0099303218, -0.00036147619
  -0.083915, 0.010871416, -0.00036147619
  -0.083915, 0.010751039, -0.00036147619
  -0.083915, 0.011493631, -0.00036147619
  -0.083915, 0.011234541, -0.00036147619
  -0.083915, 0.010452488, -0.00036147619
  -0.083915, 0.0098757136, -0.00036147619
  -0.083915, 0.011925713, -0.00036147619
  -0.083915, 0.011848385, -0.00036147619
  -0.083915, 0.011665428, -0.00036147619
  -0.083915, 0.011171562, -0.00036147619
  -0.083915, 0.010716361, -0.00036147619
  -0.083915, 0.012079573, -0.00036147619
  -0.083915, 0.011319443, -0.00036147619
  -0.083915, 0.011686553, -0.00036147619
  -0.083915, 0.010527823, -0.00036147619
  -0.083915, 0.010465642, -0.00036147619
  -0.083915, 0.011307086, -0.00036147619
  -0.083915, 0.011991881, -0.00036147619
  -0.083915, 0.011646295, -0.00036147619
  -0.083915, 0.01128317, -0.00036147619
  -0.083915, 0.012267314, -0.00036147619
  -0.083915, 0.011865525, -0.00036147619
  -0.083915, 0.010501117, -0.00036147619
  -0.083915, 0.010053888, -0.00036147619
  -0.083915, 0.011827658, -0.00036147619
  -0.083915, 0.011566575, -0.00036147619
  -0.083915, 0.010946752, -0.00036147619
  -0.083915, 0.0097166722, -0.00036147619
  -0.083915, 0.011053577, -0.00036147619
  -0.083915, 0.011793777, -0.00036147619
  -0.083915, 0.011301107, -0.00036147619
  -0.083915, 0.012003042, -0.00036147619
  -0.083915, 0.0112748, -0.00036147619
  -0.083915, 0.011238128, -0.00036147619
  -0.07746, 0.011297121, -0.00033370192
  -0.07746, 0.0097760636, -0.00033370192
  -0.07746, 0.012470998, -0.00033370192
  -0.07746, 0.0099685874, -0.00033370192
  -0.07746, 0.011851574, -0.00033370192
  -0.07746, 0.011273205, -0.00033370192
  -0.07746, 0.011697714, -0.00033370192
  -0.07746, 0.012760382, -0.00033370192
  -0.07746, 0.010728718, -0.00033370192
  -0.07746, 0.011404743, -0.00033370192
  -0.07746, 0.010271523, -0.00033370192
  -0.07746, 0.010932004, -0.00033370192
  -0.07746, 0.01179856, -0.00033370192
  -0.07746, 0.011944049, -0.00033370192
  -0.07746, 0.01173877, -0.00033370192
  -0.07746, 0.012392474, -0.00033370192
  -0.07746, 0.01018144, -0.00033370192
  -0.07746, 0.011564582, -0.00033370192
  -0.07746, 0.011055171, -0.00033370192
  -0.07746, 0.011437428, -0.00033370192
  -0.07746, 0.0099857272, -0.00033370192
  -0.07746, 0.01172163, -0.00033370192
  -0.07746, 0.010695634, -0.00033370192
  -0.07746, 0.0095094002, -0.00033370192
  -0.07746, 0.01223702, -0.00033370192
  -0.07746, 0.01056848, -0.00033370192
  -0.07746, 0.01139996, -0.00033370192
  -0.07746, 0.011588099, -0.00033370192
  -0.07746, 0.010179447, -0.00033370192
  -0.07746, 0.011737176, -0.00033370192
  -0.07746, 0.011416701, -0.00033370192
  -0.07746, 0.012006629, -0.00033370192
  -0.07746, 0.011621582, -0.00033370192
  -0.07746, 0.011643505, -0.00033370192
  -0.07746, 0.011312268, -0.00033370192
  -0.07746, 0.010214524, -0.00033370192
  -0.07746, 0.011668616, -0.00033370192
  -0.07746, 0.010615117, -0.00033370192
  -0.07746, 0.011145255, -0.00033370192
  -0.07746, 0.011130905, -0.00033370192
  -0.07746, 0.011671407, -0.00033370192
  -0.07746, 0.011495624, -0.00033370192
  -0.07746, 0.011321037, -0.00033370192
  -0.07746, 0.011876686, -0.00033370192
  -0.07746, 0.011940063, -0.00033370192
  -0.07746, 0.012162083, -0.00033370192
  -0.07746, 0.009371086, -0.00033370192
  -0.07746, 0.011280779, -0.00033370192
  -0.07746, 0.010440928, -0.00033370192
  -0.07746, 0.009965, -0.00033370192
  -0.07746, 0.012076384, -0.00033370192
  -0.07746, 0.011930497, -0.00033370192
  -0.07746, 0.011704889, -0.00033370192
  -0.07746, 0.012569054, -0.00033370192
  -0.07746, 0.011408729, -0.00033370192
  -0.07746, 0.011297121, -0.00033370192
  -0.07746, 0.012799445, -0.00033370192
  -0.07746, 0.010945955, -0.00033370192
  -0.07746, 0.011034842, -0.00033370192
  -0.07746, 0.011521134, -0.00033370192
  -0.071005, 0.011524323, -0.00030592008
  -0.071005, 0.00898843, -0.00030592008
  -0.071005, 0.010021601, -0.00030592008
  -0.071005, 0.012028552, -0.00030592008
  -0.071005, 0.010515865, -0.00030592008
  -0.071005, 0.011755113, -0.00030592008
  -0.071005, 0.010384327, -0.00030592008
  -0.071005, 0.011420687, -0.00030592008
  -0.071005, 0.01105836, -0.00030592008
  -0.071005, 0.010282286, -0.00030592008
  -0.071005, 0.011530302, -0.00030592008
  -0.071005, 0.011946839, -0.00030592008
  -0.071005, 0.01066534, -0.00030592008
  -0.071005, 0.01090171, -0.00030592008
  -0.071005, 0.011309478, -0.00030592008
  -0.071005, 0.011507981, -0.00030592008
  -0.071005, 0.010546956, -0.00030592008
  -0.071005, 0.011140073, -0.00030592008
  -0.071005, 0.011329806, -0.00030592008
  -0.071005, 0.011185912, -0.00030592008
  -0.071005, 0.011799357, -0.00030592008
  -0.071005, 0.011914154, -0.00030592008
  -0.071005, 0.011462142, -0.00030592008
  -0.071005, 0.01192093, -0.00030592008
  -0.071005, 0.011638721, -0.00030592008
  -0.071005, 0.010950738, -0.00030592008
  -0.071005, 0.010941969, -0.00030592008
  -0.071005, 0.010814018, -0.00030592008
  -0.071005, 0.011397568, -0.00030592008
  -0.071005, 0.0093507574, -0.00030592008
  -0.071005, 0.010352838, -0.00030592008
  -0.071005, 0.011381624, -0.00030592008
  -0.071005, 0.011963979, -0.00030592008
  -0.071005, 0.010266342, -0.00030592008
  -0.071005, 0.010072622, -0.00030592008
  -0.071005, 0.011446596, -0.00030592008
  -0.071005, 0.011024479, -0.00030592008
  -0.071005, 0.01131466, -0.00030592008
  -0.071005, 0.010358418, -0.00030592008
  -0.071005, 0.01133459, -0.00030592008
  -0.071005, 0.0097266372, -0.00030592008
  -0.071005, 0.010276307, -0.00030592008
  -0.071005, 0.010518257, -0.00030592008
  -0.071005, 0.011520736, -0.00030592008
  -0.071005, 0.010200573, -0.00030592008
  -0.071005, 0.010528222, -0.00030592008
  -0.071005, 0.011131304, -0.00030592008
  -0.071005, 0.012503285, -0.00030592008
  -0.071005, 0.010989402, -0.00030592008
  -0.071005, 0.0092319746, -0.00030592008
  -0.071005, 0.010092951, -0.00030592008
  -0.071005, 0.011568568, -0.00030592008
  -0.071005, 0.011741959, -0.00030592008
  -0.071005, 0.010727522, -0.00030592008
  -0.071005, 0.011792182, -0.00030592008
  -0.071005, 0.011288352, -0.00030592008
  -0.071005, 0.011092639, -0.00030592008
  -0.071005, 0.011193087, -0.00030592008
  -0.071005, 0.011295128, -0.00030592008
  -0.071005, 0.01061711, -0.00030592008
  -0.071005, 0.010315768, -0.00030592008
  -0.071005, 0.011602847, -0.00030592008
  -0.071005, 0.011648686, -0.00030592008
  -0.06455, 0.0097274344, -0.00027813129
  -0.06455, 0.010317761, -0.00027813129
  -0.06455, 0.0095030226, -0.00027813129
  -0.06455, 0.0099374966, -0.00027813129
  -0.06455, 0.0097142806, -0.00027813129
  -0.06455, 0.01109822, -0.00027813129
  -0.06455, 0.011708476, -0.00027813129
  -0.06455, 0.010983024, -0.00027813129
  -0.06455, 0.011446995, -0.00027813129
  -0.06455, 0.011593281, -0.00027813129
  -0.06455, 0.01143703, -0.00027813129
  -0.06455, 0.011992678, -0.00027813129
  -0.06455, 0.01087899, -0.00027813129
  -0.06455, 0.012302789, -0.00027813129
  -0.06455, 0.012502886, -0.00027813129
  -0.06455, 0.011187905, -0.00027813129
  -0.06455, 0.011366478, -0.00027813129
  -0.06455, 0.011481673, -0.00027813129
  -0.06455, 0.010935192, -0.00027813129
  -0.06455, 0.01222267, -0.00027813129
  -0.06455, 0.010573264, -0.00027813129
  -0.06455, 0.0092048698, -0.00027813129
  -0.06455, 0.011608428, -0.00027813129
  -0.06455, 0.010190209, -0.00027813129
  -0.06455, 0.012455851, -0.00027813129
  -0.06455, 0.008807067, -0.00027813129
  -0.06455, 0.010902906, -0.00027813129
  -0.06455, 0.011265632, -0.00027813129
  -0.06455, 0.011185912, -0.00027813129
  -0.06455, 0.010452089, -0.00027813129
  -0.06455, 0.01136568, -0.00027813129
  -0.06455, 0.010665739, -0.00027813129
  -0.06455, 0.012386096, -0.00027813129
  -0.06455, 0.011022486, -0.00027813129
  -0.06455, 0.010774158, -0.00027813129
  -0.06455, 0.012226258, -0.00027813129
  -0.06455, 0.011900602, -0.00027813129
  -0.06455, 0.0098398396, -0.00027813129
  -0.06455, 0.011092639, -0.00027813129
  -0.06455, 0.010625082, -0.00027813129
  -0.06455, 0.011603246, -0.00027813129
  -0.06455, 0.0091606252, -0.00027813129
  -0.06455, 0.011857951, -0.00027813129
  -0.06455, 0.01115801, -0.00027813129
  -0.06455, 0.01102129, -0.00027813129
  -0.06455, 0.011102206, -0.00027813129
  -0.06455, 0.012163678, -0.00027813129
  -0.06455, 0.011925713, -0.00027813129
  -0.06455, 0.011140073, -0.00027813129
  -0.06455, 0.010371173, -0.00027813129
  -0.06455, 0.011934084, -0.00027813129
  -0.06455, 0.011286359, -0.00027813129
  -0.06455, 0.012018587, -0.00027813129
  -0.06455, 0.0099123848, -0.00027813129
  -0.06455, 0.010426579, -0.00027813129
  -0.06455, 0.011959993, -0.00027813129
  -0.058095, 0.012314747, -0.00025033618
  -0.058095, 0.010391502, -0.00025033618
  -0.058095, 0.010530215, -0.00025033618
  -0.058095, 0.011262044, -0.00025033618
  -0.058095, 0.010212132, -0.00025033618
  -0.058095, 0.011137681, -0.00025033618
  -0.058095, 0.012129398, -0.00025033618
  -0.058095, 0.012068014, -0.00025033618
  -0.058095, 0.011855958, -0.00025033618
  -0.058095, 0.012739256, -0.00025033618
  -0.058095, 0.010297432, -0.00025033618
  -0.058095, 0.011600057, -0.00025033618
  -0.058095, 0.010147559, -0.00025033618
  -0.058095, 0.011006542, -0.00025033618
  -0.058095, 0.010881381, -0.00025033618
  -0.058095, 0.011506785, -0.00025033618
  -0.058095, 0.011315457, -0.00025033618
  -0.058095, 0.01097864, -0.00025033618
  -0.058095, 0.010877794, -0.00025033618
  -0.058095, 0.012114251, -0.00025033618
  -0.058095, 0.012191978, -0.00025033618
  -0.058095, 0.012218684, -0.00025033618
  -0.058095, 0.011746742, -0.00025033618
  -0.058095, 0.0097971894, -0.00025033618
  -0.058095, 0.01058004, -0.00025033618
  -0.058095, 0.011210226, -0.00025033618
  -0.058095, 0.010212132, -0.00025033618
  -0.058095, 0.011364883, -0.00025033618
  -0.058095, 0.011376044, -0.00025033618
  -0.058095, 0.012472593, -0.00025033618
  -0.058095, 0.011243709, -0.00025033618
  -0.058095, 0.011162793, -0.00025033618
  -0.058095, 0.011260849, -0.00025033618
  -0.058095, 0.011422282, -0.00025033618
  -0.058095, 0.012075986, -0.00025033618
  -0.058095, 0.01148247, -0.00025033618
  -0.058095, 0.012006629, -0.00025033618
  -0.058095, 0.010733501, -0.00025033618
  -0.058095, 0.01159647, -0.00025033618
  -0.058095, 0.011590092, -0.00025033618
  -0.058095, 0.010819598, -0.00025033618
  -0.058095, 0.010522641, -0.00025033618
  -0.058095, 0.011725616, -0.00025033618
  -0.058095, 0.012201943, -0.00025033618
  -0.05164, 0.011382023, -0.00022253539
  -0.05164, 0.0102213, -0.00022253539
  -0.05164, 0.012137769, -0.00022253539
  -0.05164, 0.012643991, -0.00022253539
  -0.05164, 0.011596868, -0.00022253539
  -0.05164, 0.011212618, -0.00022253539
  -0.05164, 0.012062832, -0.00022253539
  -0.05164, 0.010327726, -0.00022253539
  -0.05164, 0.011975538, -0.00022253539
  -0.05164, 0.012099503, -0.00022253539
  -0.05164, 0.010984619, -0.00022253539
  -0.05164, 0.011426268, -0.00022253539
  -0.05164, 0.012052867, -0.00022253539
  -0.05164, 0.010560508, -0.00022253539
  -0.05164, 0.011550232, -0.00022253539
  -0.05164, 0.011663036, -0.00022253539
  -0.05164, 0.011578931, -0.00022253539
  -0.05164, 0.010686466, -0.00022253539
  -0.05164, 0.011702896, -0.00022253539
  -0.05164, 0.010808438, -0.00022253539
  -0.05164, 0.010432956, -0.00022253539
  -0.05164, 0.011919734, -0.00022253539
  -0.05164, 0.011830847, -0.00022253539
  -0.05164, 0.010028377, -0.00022253539
  -0.05164, 0.011594078, -0.00022253539
  -0.05164, 0.011700903, -0.00022253539
  -0.045185, 0.01207479, -0.00019472953
  -0.045185, 0.010609935, -0.00019472953
  -0.045185, 0.010918451, -0.00019472953
  -0.045185, 0.010868228, -0.00019472953
  -0.045185, 0.0121573, -0.00019472953
  -0.045185, 0.010987808, -0.00019472953
  -0.045185, 0.011794973, -0.00019472953
  -0.045185, 0.011443806, -0.00019472953
  -0.045185, 0.0096528962, -0.00019472953
  -0.045185, 0.010598375, -0.00019472953
  -0.045185, 0.01158212, -0.00019472953
  -0.045185, 0.01214016, -0.00019472953
  -0.045185, 0.011802546, -0.00019472953
  -0.045185, 0.012171251, -0.00019472953
  -0.045185, 0.0089613252, -0.00019472953
  -0.045185, 0.0099825384, -0.00019472953
  -0.045185, 0.012308768, -0.00019472953
  -0.045185, 0.011662239, -0.00019472953
  -0.045185, 0.011269219, -0.00019472953
  -0.045185, 0.010951136, -0.00019472953
  -0.045185, 0.010954325, -0.00019472953
  -0.045185, 0.011363289, -0.00019472953
  -0.045185, 0.012193174, -0.00019472953
  -0.045185, 0.012103489, -0.00019472953
  -0.045185, 0.012423565, -0.00019472953
  -0.045185, 0.012473788, -0.00019472953
  -0.045185, 0.01189542, -0.00019472953
  -0.045185, 0.011378834, -0.00019472953
  -0.045185, 0.012209517, -0.00019472953
  -0.045185, 0.012154111, -0.00019472953
  -0.03873, 0.012525606, -0.00016691925
  -0.03873, 0.009349163, -0.00016691925
  -0.03873, 0.011398764, -0.00016691925
  -0.03873, 0.01143703, -0.00016691925
  -0.03873, 0.010564096, -0.00016691925
  -0.03873, 0.01195242, -0.00016691925
  -0.03873, 0.011811714, -0.00016691925
  -0.03873, 0.011877084, -0.00016691925
  -0.03873, 0.012095118, -0.00016691925
  -0.03873, 0.011065535, -0.00016691925
  -0.03873, 0.011492834, -0.00016691925
  -0.03873, 0.01005907, -0.00016691925
  -0.03873, 0.011075898, -0.00016691925
  -0.03873, 0.011908972, -0.00016691925
  -0.03873, 0.012291628, -0.00016691925
  -0.03873, 0.011348541, -0.00016691925
  -0.03873, 0.0098665458, -0.00016691925
  -0.03873, 0.012842493, -0.00016691925
  -0.03873, 0.0086161376, -0.00016691925
  -0.03873, 0.010954325, -0.00016691925
  -0.03873, 0.012571047, -0.00016691925
  -0.03873, 0.0109615, -0.00016691925
  -0.03873, 0.011964776, -0.00016691925
  -0.03873, 0.0097641056, -0.00016691925
  -0.03873, 0.010996577, -0.00016691925
  -0.03873, 0.0098761122, -0.00016691925
  -0.03873, 0.0094998338, -0.00016691925
  -0.03873, 0.011213814, -0.00016691925
  -0.03873, 0.011622777, -0.00016691925
  -0.03873, 0.012432334, -0.00016691925
  -0.032275, 0.010748249, -0.00013910518
  -0.032275, 0.011937671, -0.00013910518
  -0.032275, 0.011725218, -0.00013910518
  -0.032275, 0.010539383, -0.00013910518
  -0.032275, 0.011907776, -0.00013910518
  -0.032275, 0.011255268, -0.00013910518
  -0.032275, 0.010499921, -0.00013910518
  -0.032275, 0.010110489, -0.00013910518
  -0.032275, 0.01089892, -0.00013910518
  -0.032275, 0.011019696, -0.00013910518
  -0.032275, 0.011179136, -0.00013910518
  -0.032275, 0.0089685, -0.00013910518
  -0.032275, 0.011499211, -0.00013910518
  -0.032275, 0.011152828, -0.00013910518
  -0.032275, 0.011606833, -0.00013910518
  -0.032275, 0.011391589, -0.00013910518
  -0.032275, 0.010851486, -0.00013910518
  -0.032275, 0.011025276, -0.00013910518
  -0.032275, 0.012414796, -0.00013910518
  -0.032275, 0.011909371, -0.00013910518
  -0.032275, 0.012086748, -0.00013910518
  -0.032275, 0.011498016, -0.00013910518
  -0.02582, 0.011771057, -0.00011128794
  -0.02582, 0.011827658, -0.00011128794
  -0.02582, 0.010063853, -0.00011128794
  -0.02582, 0.010775752, -0.00011128794
  -0.02582, 0.012587389, -0.00011128794
  -0.02582, 0.010413824, -0.00011128794
  -0.02582, 0.012127804, -0.00011128794
  -0.02582, 0.012050874, -0.00011128794
  -0.02582, 0.011010528, -0.00011128794
  -0.02582, 0.011451379, -0.00011128794
  -0.02582, 0.011327813, -0.00011128794
  -0.02582, 0.01127759, -0.00011128794
  -0.02582, 0.01063704, -0.00011128794
  -0.02582, 0.011134492, -0.00011128794
  -0.02582, 0.01111815, -0.00011128794
  -0.02582, 0.011151632, -0.00011128794
  -0.02582, 0.010890549, -0.00011128794
  -0.02582, 0.011780623, -0.00011128794
  -0.02582, 0.011560596, -0.00011128794
  -0.02582, 0.011124129, -0.00011128794
  -0.02582, 0.010737885, -0.00011128794
  -0.02582, 0.011724022, -0.00011128794
  -0.019365, 0.0098238956, -8.3468167e-05
  -0.019365, 0.010629068, -8.3468167e-05
  -0.019365, 0.011521533, -8.3468167e-05
  -0.019365, 0.012452663, -8.3468167e-05
  -0.019365, 0.011018898, -8.3468167e-05
  -0.019365, 0.011487253, -8.3468167e-05
  -0.019365, 0.01088178, -8.3468167e-05
  -0.019365, 0.010584026, -8.3468167e-05
  -0.019365, 0.010023993, -8.3468167e-05
  -0.019365, 0.010982227, -8.3468167e-05
  -0.01291, 0.012158097, -5.5646499e-05
  -0.01291, 0.012028154, -5.5646499e-05
  -0.01291, 0.010558515, -5.5646499e-05
  -0.01291, 0.011953217, -5.5646499e-05
  -0.01291, 0.011928504, -5.5646499e-05
  -0.006455, 0.010173866, -2.7823566e-05
  -0.006455, 0.010211733, -2.7823566e-05
  -0.006455, 0.0099255386, -2.7823566e-05
  -0.006455, 0.011467722, -2.7823566e-05
  0, 0.012101496, 0
  0, 0.011369666, 0
  0, 0.009478708, 0
  0.006455, 0.010613522, 2.7823566e-05
  0.01291, 0.011949231, 5.5646499e-05
  0.01291, 0.0099921048, 5.5646499e-05
  0.019365, 0.010818403, 8.3468167e-05
  0.135555, 0.011129709, 0.00058332223
  0.16783, 0.012362579, 0.00072156719
  0.174285, 0.0099064058, 0.00074916976
  0.187195, 0.012361782, 0.00080432359
  0.19365, 0.010836738, 0.00083187361
  0.200105, 0.011037633, 0.0008594049
  0.200105, 0.012444292, 0.0008594049
  0.200105, 0.0116447, 0.0008594049
  0.20656, 0.01195521, 0.00088691684
  0.20656, 0.011932888, 0.00088691684
  0.213015, 0.011531498, 0.00091440883
  0.213015, 0.008621718, 0.00091440883
  0.213015, 0.011710071, 0.00091440883
  0.213015, 0.011925315, 0.00091440883
  0.213015, 0.010929213, 0.00091440883
  0.213015, 0.010666536, 0.00091440883
  0.21947, 0.011959196, 0.00094188026
  0.21947, 0.011344953, 0.00094188026
  0.21947, 0.011195478, 0.00094188026
  0.21947, 0.01125766, 0.00094188026
  0.21947, 0.010893738, 0.00094188026
  0.21947, 0.011277988, 0.00094188026
  0.21947, 0.011480079, 0.00094188026
  0.21947, 0.0091689958, 0.00094188026
  0.21947, 0.011188303, 0.00094188026
  0.225925, 0.011396373, 0.00096933054
  0.225925, 0.012757592, 0.00096933054
  0.225925, 0.010323341, 0.00096933054
  0.225925, 0.010994982, 0.00096933054
  0.225925, 0.0091394994, 0.00096933054
  0.225925, 0.0104206, 0.00096933054
  0.225925, 0.010894137, 0.00096933054
  0.225925, 0.010964689, 0.00096933054
  0.225925, 0.011808525, 0.00096933054
  0.225925, 0.011786203, 0.00096933054
  0.225925, 0.010133209, 0.00096933054
  0.225925, 0.011420289, 0.00096933054
  0.225925, 0.011179136, 0.00096933054
  0.225925, 0.012192775, 0.00096933054
  0.225925, 0.010866633, 0.00096933054
  0.225925, 0.010798473, 0.00096933054
  0.225925, 0.011157213, 0.00096933054
  0.225925, 0.011259653, 0.00096933054
  0.225925, 0.011251681, 0.00096933054
  0.23238, 0.010704802, 0.00099675905
  0.23238, 0.011152031, 0.00099675905
  0.23238, 0.011876287, 0.00099675905
  0.23238, 0.010906095, 0.00099675905
  0.23238, 0.011791784, 0.00099675905
  0.23238, 0.010212132, 0.00099675905
  0.23238, 0.011031654, 0.00099675905
  0.23238, 0.011545449, 0.00099675905
  0.23238, 0.011874693, 0.00099675905
  0.23238, 0.012059643, 0.00099675905
  0.23238, 0.0099801468, 0.00099675905
  0.238835, 0.012638012, 0.0010241652
  0.238835, 0.012547131, 0.0010241652
  0.238835, 0.0099996782, 0.0010241652
  0.238835, 0.010976248, 0.0010241652
  0.238835, 0.011411121, 0.0010241652
  0.238835, 0.011400359, 0.0010241652
  0.238835, 0.010069832, 0.0010241652
  0.238835, 0.010517858, 0.0010241652
  0.238835, 0.012634026, 0.0010241652
  0.238835, 0.011080681, 0.0010241652
  0.238835, 0.011728406, 0.0010241652
  0.238835, 0.011884658, 0.0010241652
  0.238835, 0.011430254, 0.0010241652
  0.238835, 0.010335698, 0.0010241652
  0.238835, 0.01195242, 0.0010241652
  0.24529, 0.011875091, 0.0010515484
  0.24529, 0.012062433, 0.0010515484
  0.24529, 0.011862336, 0.0010515484
  0.24529, 0.010875402, 0.0010515484
  0.24529, 0.011464533, 0.0010515484
  0.24529, 0.009875315, 0.0010515484
  0.24529, 0.011621183, 0.0010515484
  0.24529, 0.010429768, 0.0010515484
  0.24529, 0.01192372, 0.0010515484
  0.24529, 0.012200747, 0.0010515484
  0.24529, 0.011459351, 0.0010515484
  0.24529, 0.011991482, 0.0010515484
  0.24529, 0.011917741, 0.0010515484
  0.24529, 0.011851972, 0.0010515484
  0.24529, 0.011371261, 0.0010515484
  0.24529, 0.011085863, 0.0010515484
  0.251745, 0.0090510102, 0.0010789081
  0.251745, 0.010363201, 0.0010789081
  0.251745, 0.010809235, 0.0010789081
  0.251745, 0.012133384, 0.0010789081
  0.251745, 0.011812511, 0.0010789081
  0.251745, 0.0108475, 0.0010789081
  0.251745, 0.010523439, 0.0010789081
  0.251745, 0.0098745178, 0.0010789081
  0.251745, 0.010489956, 0.0010789081
  0.251745, 0.011517946, 0.0010789081
  0.251745, 0.011065136, 0.0010789081
  0.251745, 0.010922437, 0.0010789081
  0.251745, 0.010621893, 0.0010789081
  0.251745, 0.0095293302, 0.0010789081
  0.251745, 0.01061711, 0.0010789081
  0.251745, 0.0099064058, 0.0010789081
  0.251745, 0.011370065, 0.0010789081
  0.251745, 0.011930098, 0.0010789081
  0.251745, 0.01091606, 0.0010789081
  0.251745, 0.012364173, 0.0010789081
  0.251745, 0.011108982, 0.0010789081
  0.251745, 0.011672204, 0.0010789081
  0.251745, 0.012448278, 0.0010789081
  0.251745, 0.010838333, 0.0010789081
  0.251745, 0.010467635, 0.0010789081
  0.251745, 0.012058846, 0.0010789081
  0.251745, 0.010380341, 0.0010789081
  0.251745, 0.012260936, 0.0010789081
  0.251745, 0.0097110918, 0.0010789081
  0.251745, 0.010567683, 0.0010789081
  0.251745, 0.010953129, 0.0010789081
  0.251745, 0.011736777, 0.0010789081
  0.251745, 0.011788196, 0.0010789081
  0.251745, 0.009839441, 0.0010789081
  0.251745, 0.011099814, 0.0010789081
  0.251745, 0.0086504172, 0.0010789081
  0.251745, 0.01036639, 0.0010789081
  0.251745, 0.011688546, 0.0010789081
  0.251745, 0.010518257, 0.0010789081
  0.2582, 0.011326219, 0.0011062436
  0.2582, 0.011661442, 0.0011062436
  0.2582, 0.011004549, 0.0011062436
  0.2582, 0.010415817, 0.0011062436
  0.2582, 0.0089800594, 0.0011062436
  0.2582, 0.011398764, 0.0011062436
  0.2582, 0.010966283, 0.0011062436
  0.2582, 0.011919734, 0.0011062436
  0.2582, 0.012484152, 0.0011062436
  0.2582, 0.011614805, 0.0011062436
  0.2582, 0.012197957, 0.0011062436
  0.2582, 0.011781022, 0.0011062436
  0.2582, 0.011670609, 0.0011062436
  0.2582, 0.010809235, 0.0011062436
  0.2582, 0.011873497, 0.0011062436
  0.2582, 0.011590889, 0.0011062436
  0.2582, 0.011301506, 0.0011062436
  0.2582, 0.010855472, 0.0011062436
  0.2582, 0.012026958, 0.0011062436
  0.2582, 0.011778231, 0.0011062436
  0.2582, 0.011389596, 0.0011062436
  0.2582, 0.012435124, 0.0011062436
  0.2582, 0.011733987, 0.0011062436
  0.2582, 0.011371261, 0.0011062436
  0.2582, 0.011652672, 0.0011062436
  0.2582, 0.012042105, 0.0011062436
  0.2582, 0.0093419882, 0.0011062436
  0.2582, 0.011479281, 0.0011062436
  0.2582, 0.010438935, 0.0011062436
  0.2582, 0.012064825, 0.0011062436
  0.2582, 0.011561393, 0.0011062436
  0.2582, 0.010750242, 0.0011062436
  0.2582, 0.011236534, 0.0011062436
  0.2582, 0.010590802, 0.0011062436
  0.2582, 0.011563386, 0.0011062436
  0.2582, 0.011875091, 0.0011062436
  0.264655, 0.012262132, 0.0011335544
  0.264655, 0.011433841, 0.0011335544
  0.264655, 0.010261957, 0.0011335544
  0.264655, 0.011212618, 0.0011335544
  0.264655, 0.012180419, 0.0011335544
  0.264655, 0.011708476, 0.0011335544
  0.264655, 0.010982626, 0.0011335544
  0.264655, 0.012608117, 0.0011335544
  0.264655, 0.010289859, 0.0011335544
  0.264655, 0.011642707, 0.0011335544
  0.264655, 0.011144059, 0.0011335544
  0.264655, 0.011232149, 0.0011335544
  0.264655, 0.011500806, 0.0011335544
  0.264655, 0.011894623, 0.0011335544
  0.264655, 0.011305093, 0.0011335544
  0.264655, 0.011098618, 0.0011335544
  0.264655, 0.010335698, 0.0011335544
  0.264655, 0.010375558, 0.0011335544
  0.264655, 0.012081566, 0.0011335544
  0.264655, 0.012410012, 0.0011335544
  0.264655, 0.0097003296, 0.0011335544
  0.264655, 0.011931294, 0.0011335544
  0.264655, 0.011230555, 0.0011335544
  0.264655, 0.011425072, 0.0011335544
  0.264655, 0.011663833, 0.0011335544
  0.264655, 0.0097521476, 0.0011335544
  0.264655, 0.012404033, 0.0011335544
  0.264655, 0.011132898, 0.0011335544
  0.264655, 0.011704092, 0.0011335544
  0.264655, 0.011576938, 0.0011335544
  0.264655, 0.011941259, 0.0011335544
  0.264655, 0.012821368, 0.0011335544
  0.264655, 0.011149639, 0.0011335544
  0.264655, 0.011034444, 0.0011335544
  0.264655, 0.011236933, 0.0011335544
  0.264655, 0.011027269, 0.0011335544
  0.264655, 0.01113808, 0.0011335544
  0.264655, 0.011506785, 0.0011335544
  0.264655, 0.011151234, 0.0011335544
  0.27111, 0.010626277, 0.0011608398
  0.27111, 0.010912472, 0.0011608398
  0.27111, 0.01223423, 0.0011608398
  0.27111, 0.011488051, 0.0011608398
  0.27111, 0.010648599, 0.0011608398
  0.27111, 0.011736378, 0.0011608398
  0.27111, 0.011731994, 0.0011608398
  0.27111, 0.011361694, 0.0011608398
  0.27111, 0.012331887, 0.0011608398
  0.27111, 0.011299513, 0.0011608398
  0.27111, 0.011166779, 0.0011608398
  0.27111, 0.011336184, 0.0011608398
  0.27111, 0.011900602, 0.0011608398
  0.27111, 0.011449785, 0.0011608398
  0.27111, 0.011805336, 0.0011608398
  0.27111, 0.010482383, 0.0011608398
  0.27111, 0.011010528, 0.0011608398
  0.27111, 0.011312667, 0.0011608398
  0.27111, 0.011866721, 0.0011608398
  0.27111, 0.011096625, 0.0011608398
  0.27111, 0.01075662, 0.0011608398
  0.27111, 0.010395089, 0.0011608398
  0.27111, 0.012614096, 0.0011608398
  0.27111, 0.01094715, 0.0011608398
  0.27111, 0.011969559, 0.0011608398
  0.27111, 0.01072792, 0.0011608398
  0.27111, 0.010860654, 0.0011608398
  0.27111, 0.010183433, 0.0011608398
  0.27111, 0.011069919, 0.0011608398
  0.27111, 0.010843913, 0.0011608398
  0.27111, 0.011730001, 0.0011608398
  0.27111, 0.012128601, 0.0011608398
  0.27111, 0.011877084, 0.0011608398
  0.27111, 0.010604753, 0.0011608398
  0.27111, 0.012531585, 0.0011608398
  0.27111, 0.010520648, 0.0011608398
  0.277565, 0.01086743, 0.0011880994
  0.277565, 0.010763794, 0.0011880994
  0.277565, 0.011406338, 0.0011880994
  0.277565, 0.012404033, 0.0011880994
  0.277565, 0.010724732, 0.0011880994
  0.277565, 0.012115048, 0.0011880994
  0.277565, 0.011464135, 0.0011880994
  0.277565, 0.01011886, 0.0011880994
  0.277565, 0.010196587, 0.0011880994
  0.277565, 0.01131466, 0.0011880994
  0.277565, 0.010345264, 0.0011880994
  0.277565, 0.012107874, 0.0011880994
  0.277565, 0.011533092, 0.0011880994
  0.277565, 0.010577648, 0.0011880994
  0.277565, 0.010132013, 0.0011880994
  0.277565, 0.010801263, 0.0011880994
  0.277565, 0.011914553, 0.0011880994
  0.277565, 0.010944759, 0.0011880994
  0.277565, 0.011969161, 0.0011880994
  0.277565, 0.010938381, 0.0011880994
  0.277565, 0.011501204, 0.0011880994
  0.277565, 0.009086087, 0.0011880994
  0.277565, 0.011762686, 0.0011880994
  0.277565, 0.0094623654, 0.0011880994
  0.277565, 0.010761801, 0.0011880994
  0.277565, 0.010351243, 0.0011880994
  0.277565, 0.01050032, 0.0011880994
  0.277565, 0.011117353, 0.0011880994
  0.277565, 0.010579641, 0.0011880994
  0.277565, 0.011433044, 0.0011880994
  0.277565, 0.011172758, 0.0011880994
  0.277565, 0.011193087, 0.0011880994
  0.277565, 0.012089139, 0.0011880994
  0.277565, 0.010619501, 0.0011880994
  0.277565, 0.011480079, 0.0011880994
  0.277565, 0.011578533, 0.0011880994
  0.277565, 0.011695721, 0.0011880994
  0.277565, 0.01190379, 0.0011880994
  0.277565, 0.010332908, 0.0011880994
  0.277565, 0.012072398, 0.0011880994
  0.277565, 0.010786116, 0.0011880994
  0.28402, 0.010799668, 0.0012153324
  0.28402, 0.010096139, 0.0012153324
  0.28402, 0.0099374966, 0.0012153324
  0.28402, 0.010957115, 0.0012153324
  0.28402, 0.011036835, 0.0012153324
  0.28402, 0.012196363, 0.0012153324
  0.28402, 0.01125766, 0.0012153324
  0.28402, 0.01034646, 0.0012153324
  0.28402, 0.011696518, 0.0012153324
  0.28402, 0.010083783, 0.0012153324
  0.28402, 0.012181216, 0.0012153324
  0.28402, 0.011128912, 0.0012153324
  0.28402, 0.011826861, 0.0012153324
  0.28402, 0.011461344, 0.0012153324
  0.28402, 0.009478708, 0.0012153324
  0.28402, 0.011543855, 0.0012153324
  0.28402, 0.010818004, 0.0012153324
  0.28402, 0.0115024, 0.0012153324
  0.28402, 0.010920046, 0.0012153324
  0.28402, 0.012190782, 0.0012153324
  0.28402, 0.010239635, 0.0012153324
  0.28402, 0.011768266, 0.0012153324
  0.28402, 0.0099083988, 0.0012153324
  0.28402, 0.011948832, 0.0012153324
  0.28402, 0.011654267, 0.0012153324
  0.28402, 0.010831955, 0.0012153324
  0.28402, 0.011940063, 0.0012153324
  0.28402, 0.011985902, 0.0012153324
  0.28402, 0.011423876, 0.0012153324
  0.28402, 0.011623575, 0.0012153324
  0.28402, 0.010894934, 0.0012153324
  0.28402, 0.011831245, 0.0012153324
  0.28402, 0.011806931, 0.0012153324
  0.28402, 0.0096010782, 0.0012153324
  0.290475, 0.010902507, 0.0012425384
  0.290475, 0.011237331, 0.0012425384
  0.290475, 0.011888644, 0.0012425384
  0.290475, 0.011770658, 0.0012425384
  0.290475, 0.010945157, 0.0012425384
  0.290475, 0.010853878, 0.0012425384
  0.290475, 0.01132303, 0.0012425384
  0.290475, 0.011655064, 0.0012425384
  0.290475, 0.010526627, 0.0012425384
  0.290475, 0.0093328204, 0.0012425384
  0.290475, 0.010396684, 0.0012425384
  0.290475, 0.0099518462, 0.0012425384
  0.290475, 0.011715651, 0.0012425384
  0.290475, 0.01228246, 0.0012425384
  0.290475, 0.011211024, 0.0012425384
  0.290475, 0.01061711, 0.0012425384
  0.290475, 0.011997063, 0.0012425384
  0.290475, 0.010760606, 0.0012425384
  0.290475, 0.010826773, 0.0012425384
  0.290475, 0.011475295, 0.0012425384
  0.290475, 0.011121339, 0.0012425384
  0.290475, 0.01144261, 0.0012425384
  0.290475, 0.01167898, 0.0012425384
  0.290475, 0.011590491, 0.0012425384
  0.290475, 0.010006454, 0.0012425384
  0.290475, 0.011901399, 0.0012425384
  0.290475, 0.01097864, 0.0012425384
  0.290475, 0.011395575, 0.0012425384
  0.290475, 0.010077007, 0.0012425384
  0.290475, 0.011762686, 0.0012425384
  0.290475, 0.011252079, 0.0012425384
  0.290475, 0.0096983366, 0.0012425384
  0.290475, 0.011747539, 0.0012425384
  0.290475, 0.012548327, 0.0012425384
  0.290475, 0.010456474, 0.0012425384
  0.290475, 0.011975538, 0.0012425384
  0.290475, 0.01033809, 0.0012425384
  0.290475, 0.011751525, 0.0012425384
  0.290475, 0.0087684028, 0.0012425384
  0.290475, 0.010714767, 0.0012425384
  0.290475, 0.011224975, 0.0012425384
  0.290475, 0.012859633, 0.0012425384
  0.29693, 0.010230866, 0.0012697167
  0.29693, 0.0075538686, 0.0012697167
  0.29693, 0.011410324, 0.0012697167
  0.29693, 0.0099482588, 0.0012697167
  0.29693, 0.010826773, 0.0012697167
  0.29693, 0.011425869, 0.0012697167
  0.29693, 0.011550232, 0.0012697167
  0.29693, 0.011062744, 0.0012697167
  0.29693, 0.010504306, 0.0012697167
  0.29693, 0.010194992, 0.0012697167
  0.29693, 0.011908972, 0.0012697167
  0.29693, 0.011045206, 0.0012697167
  0.29693, 0.011960392, 0.0012697167
  0.29693, 0.011580127, 0.0012697167
  0.29693, 0.011422282, 0.0012697167
  0.29693, 0.011648288, 0.0012697167
  0.29693, 0.010875402, 0.0012697167
  0.29693, 0.010375957, 0.0012697167
  0.29693, 0.010864242, 0.0012697167
  0.29693, 0.010774557, 0.0012697167
  0.29693, 0.011508379, 0.0012697167
  0.29693, 0.011098618, 0.0012697167
  0.29693, 0.011134492, 0.0012697167
  0.29693, 0.011695721, 0.0012697167
  0.29693, 0.012594564, 0.0012697167
  0.29693, 0.010400271, 0.0012697167
  0.29693, 0.011989888, 0.0012697167
  0.29693, 0.010584424, 0.0012697167
  0.29693, 0.01094715, 0.0012697167
  0.29693, 0.011934881, 0.0012697167
  0.29693, 0.011488051, 0.0012697167
  0.29693, 0.010968276, 0.0012697167
  0.29693, 0.0098143292, 0.0012697167
  0.29693, 0.010993787, 0.0012697167
  0.29693, 0.011498414, 0.0012697167
  0.29693, 0.009821504, 0.0012697167
  0.29693, 0.012073993, 0.0012697167
  0.29693, 0.010879787, 0.0012697167
  0.29693, 0.011156415, 0.0012697167
  0.29693, 0.010687662, 0.0012697167
  0.29693, 0.012199552, 0.0012697167
  0.29693, 0.011221387, 0.0012697167
  0.303385, 0.010469628, 0.0012968668
  0.303385, 0.011986301, 0.0012968668
  0.303385, 0.01200065, 0.0012968668
  0.303385, 0.011973944, 0.0012968668
  0.303385, 0.011558204, 0.0012968668
  0.303385, 0.0097983852, 0.0012968668
  0.303385, 0.010322943, 0.0012968668
  0.303385, 0.010212531, 0.0012968668
  0.303385, 0.010755025, 0.0012968668
  0.303385, 0.010090559, 0.0012968668
  0.303385, 0.011018898, 0.0012968668
  0.303385, 0.01137724, 0.0012968668
  0.303385, 0.010384327, 0.0012968668
  0.303385, 0.011721232, 0.0012968668
  0.303385, 0.011816497, 0.0012968668
  0.303385, 0.0092283872, 0.0012968668
  0.303385, 0.011585708, 0.0012968668
  0.303385, 0.010865836, 0.0012968668
  0.303385, 0.010967878, 0.0012968668
  0.303385, 0.0093754706, 0.0012968668
  0.303385, 0.011092639, 0.0012968668
  0.303385, 0.011950028, 0.0012968668
  0.303385, 0.011770259, 0.0012968668
  0.303385, 0.011993874, 0.0012968668
  0.303385, 0.011796567, 0.0012968668
  0.303385, 0.010875801, 0.0012968668
  0.303385, 0.010306999, 0.0012968668
  0.303385, 0.011673001, 0.0012968668
  0.303385, 0.010125237, 0.0012968668
  0.303385, 0.010859458, 0.0012968668
  0.303385, 0.012236223, 0.0012968668
  0.303385, 0.010542571, 0.0012968668
  0.303385, 0.010249202, 0.0012968668
  0.303385, 0.010522641, 0.0012968668
  0.303385, 0.011092241, 0.0012968668
  0.303385, 0.010996577, 0.0012968668
  0.303385, 0.010722739, 0.0012968668
  0.303385, 0.009400981, 0.0012968668
  0.303385, 0.011580924, 0.0012968668
  0.303385, 0.011752322, 0.0012968668
  0.303385, 0.010030769, 0.0012968668
  0.303385, 0.011499211, 0.0012968668
  0.30984, 0.0096792038, 0.0013239881
  0.30984, 0.011318646, 0.0013239881
  0.30984, 0.010822787, 0.0013239881
  0.30984, 0.01023844, 0.0013239881
  0.30984, 0.012042503, 0.0013239881
  0.30984, 0.012028154, 0.0013239881
  0.30984, 0.01044053, 0.0013239881
  0.30984, 0.011480876, 0.0013239881
  0.30984, 0.010930808, 0.0013239881
  0.30984, 0.011222583, 0.0013239881
  0.30984, 0.011809721, 0.0013239881
  0.30984, 0.01193249, 0.0013239881
  0.30984, 0.01141431, 0.0013239881
  0.30984, 0.01179856, 0.0013239881
  0.30984, 0.010864242, 0.0013239881
  0.30984, 0.011611218, 0.0013239881
  0.30984, 0.010132811, 0.0013239881
  0.30984, 0.011553022, 0.0013239881
  0.30984, 0.010608739, 0.0013239881
  0.30984, 0.011527512, 0.0013239881
  0.30984, 0.0098350564, 0.0013239881
  0.30984, 0.010565292, 0.0013239881
  0.30984, 0.011438226, 0.0013239881
  0.30984, 0.010082587, 0.0013239881
  0.30984, 0.010649396, 0.0013239881
  0.30984, 0.010692445, 0.0013239881
  0.30984, 0.010743864, 0.0013239881
  0.30984, 0.011046003, 0.0013239881
  0.30984, 0.01066255, 0.0013239881
  0.30984, 0.010808039, 0.0013239881
  0.316295, 0.011389198, 0.00135108
  0.316295, 0.011867916, 0.00135108
  0.316295, 0.01028388, 0.00135108
  0.316295, 0.0090908702, 0.00135108
  0.316295, 0.010554131, 0.00135108
  0.316295, 0.011066332, 0.00135108
  0.316295, 0.011927706, 0.00135108
  0.316295, 0.0099733706, 0.00135108
  0.316295, 0.011165583, 0.00135108
  0.316295, 0.0098103432, 0.00135108
  0.316295, 0.010492348, 0.00135108
  0.316295, 0.011648288, 0.00135108
  0.316295, 0.011417897, 0.00135108
  0.316295, 0.010452089, 0.00135108
  0.316295, 0.011068325, 0.00135108
  0.316295, 0.011438226, 0.00135108
  0.316295, 0.012145342, 0.00135108
  0.316295, 0.012099503, 0.00135108
  0.316295, 0.011914154, 0.00135108
  0.316295, 0.012007028, 0.00135108
  0.316295, 0.011349736, 0.00135108
  0.316295, 0.010596382, 0.00135108
  0.316295, 0.012315544, 0.00135108
  0.316295, 0.011748735, 0.00135108
  0.32275, 0.0088915702, 0.001378142
  0.32275, 0.011306688, 0.001378142
  0.32275, 0.011329408, 0.001378142
  0.32275, 0.0103636, 0.001378142
  0.32275, 0.01240204, 0.001378142
  0.32275, 0.011834833, 0.001378142
  0.32275, 0.010898123, 0.001378142
  0.32275, 0.010760606, 0.001378142
  0.32275, 0.011552624, 0.001378142
  0.32275, 0.010731508, 0.001378142
  0.32275, 0.011720833, 0.001378142
  0.32275, 0.010639431, 0.001378142
  0.32275, 0.010570473, 0.001378142
  0.32275, 0.011033248, 0.001378142
  0.32275, 0.011437428, 0.001378142
  0.32275, 0.0098338606, 0.001378142
  0.32275, 0.011048793, 0.001378142
  0.32275, 0.010244419, 0.001378142
  0.32275, 0.011329009, 0.001378142
  0.32275, 0.011372457, 0.001378142
  0.32275, 0.008906717, 0.001378142
  0.32275, 0.01098701, 0.001378142
  0.329205, 0.0091151848, 0.0014051734
  0.329205, 0.0099980838, 0.0014051734
  0.329205, 0.010860654, 0.0014051734
  0.329205, 0.011193087, 0.0014051734
  0.329205, 0.010979038, 0.0014051734
  0.329205, 0.010833948, 0.0014051734
  0.329205, 0.0085172848, 0.0014051734
  0.329205, 0.010142776, 0.0014051734
  0.329205, 0.012191181, 0.0014051734
  0.329205, 0.010638235, 0.0014051734
  0.329205, 0.011207436, 0.0014051734
  0.329205, 0.011342562, 0.0014051734
  0.329205, 0.010189412, 0.0014051734
  0.329205, 0.010264349, 0.0014051734
  0.329205, 0.012333083, 0.0014051734
  0.329205, 0.01054018, 0.0014051734
  0.329205, 0.010962696, 0.0014051734
  0.329205, 0.011329408, 0.0014051734
  0.329205, 0.011174751, 0.0014051734
  0.329205, 0.010036748, 0.0014051734
  0.329205, 0.011694924, 0.0014051734
  0.329205, 0.010805249, 0.0014051734
  0.329205, 0.010649795, 0.0014051734
  0.33566, 0.011839217, 0.0014321738
  0.33566, 0.0093395966, 0.0014321738
  0.33566, 0.0099745664, 0.0014321738
  0.33566, 0.011730399, 0.0014321738
  0.33566, 0.011095031, 0.0014321738
  0.33566, 0.0096955464, 0.0014321738
  0.33566, 0.011112171, 0.0014321738
  0.33566, 0.010677697, 0.0014321738
  0.33566, 0.010654977, 0.0014321738
  0.33566, 0.010881381, 0.0014321738
  0.33566, 0.011162793, 0.0014321738
  0.33566, 0.010700816, 0.0014321738
  0.33566, 0.01048318, 0.0014321738
  0.33566, 0.012315544, 0.0014321738
  0.33566, 0.010106104, 0.0014321738
  0.33566, 0.011650679, 0.0014321738
  0.33566, 0.010951535, 0.0014321738
  0.33566, 0.011979923, 0.0014321738
  0.33566, 0.011765875, 0.0014321738
  0.342115, 0.009430876, 0.0014591425
  0.342115, 0.010443719, 0.0014591425
  0.342115, 0.011360499, 0.0014591425
  0.342115, 0.011261247, 0.0014591425
  0.342115, 0.010865437, 0.0014591425
  0.342115, 0.01011886, 0.0014591425
  0.342115, 0.011207835, 0.0014591425
  0.342115, 0.011392785, 0.0014591425
  0.342115, 0.010862647, 0.0014591425
  0.342115, 0.011452177, 0.0014591425
  0.34857, 0.011515953, 0.001486079
  0.34857, 0.01117794, 0.001486079
  0.34857, 0.011060751, 0.001486079
  0.34857, 0.009917168, 0.001486079
  0.34857, 0.010754627, 0.001486079
  0.34857, 0.01096708, 0.001486079
  0.34857, 0.011229758, 0.001486079
  0.34857, 0.0095321204, 0.001486079
  0.34857, 0.010970668, 0.001486079
  0.34857, 0.011105793, 0.001486079
  0.34857, 0.011013717, 0.001486079
  0.34857, 0.010942766, 0.001486079
  0.34857, 0.0091562406, 0.001486079
  0.34857, 0.0094870786, 0.001486079
  0.355025, 0.010678095, 0.0015129828
  0.355025, 0.011540267, 0.0015129828
  0.355025, 0.010768976, 0.0015129828
  0.355025, 0.010910081, 0.0015129828
  0.355025, 0.010437341, 0.0015129828
  0.355025, 0.01176149, 0.0015129828
  0.355025, 0.010776151, 0.0015129828
  0.355025, 0.011643903, 0.0015129828
  0.355025, 0.01098701, 0.0015129828
  0.355025, 0.010762997, 0.0015129828
  0.355025, 0.011016905, 0.0015129828
  0.355025, 0.010778543, 0.0015129828
  0.36148, 0.00972584, 0.0015398532
  0.36148, 0.01175591, 0.0015398532
  0.36148, 0.012828144, 0.0015398532
  0.36148, 0.011158807, 0.0015398532
  0.36148, 0.0097860286, 0.0015398532
  0.36148, 0.011695721, 0.0015398532
  0.36148, 0.010385124, 0.0015398532
  0.367935, 0.011069919, 0.0015666897
  0.367935, 0.0095082044, 0.0015666897
  0.367935, 0.010525432, 0.0015666897
  0.367935, 0.010187419, 0.0015666897
  0.37439, 0.010415418, 0.0015934919
  0.37439, 0.011570561, 0.0015934919
  0.37439, 0.01001921, 0.0015934919
  0.380845, 0.0098131334, 0.0016202591
  0.380845, 0.011023682, 0.0016202591
  0.380845, 0.010110888, 0.0016202591
  0.380845, 0.010704403, 0.0016202591
  0.380845, 0.0103066, 0.0016202591
  0.40021, 0.010310985, 0.0017003454
  0.40021, 0.010913269, 0.0017003454
  0.41312, 0.010251593, 0.0017535515
  0.41312, 0.0099259372, 0.0017535515
  0.419575, 0.009410946, 0.0017800976
  0.42603, 0.011582519, 0.001806605
  0.42603, 0.011754714, 0.001806605
  0.42603, 0.010163503, 0.001806605
  0.432485, 0.011247695, 0.0018330731
  0.432485, 0.0077061338, 0.0018330731
  0.445395, 0.010757815, 0.0018858897
  0.46476, 0.011641512, 0.0019648074
  0.49058, 0.010971465, 0.0020694367
  0.50349, 0.010032762, 0.0021214877
  0.509945, 0.009789616, 0.0021474456
  0.574495, 0.011319044, 0.0024044333
  0.574495, 0.011726413, 0.0024044333
  0.58095, 0.011242114, 0.0024298629
  0.58095, 0.011919336, 0.0024298629
  0.587405, 0.012755997, 0.0024552417
  0.59386, 0.011458953, 0.0024805694
  0.59386, 0.011231751, 0.0024805694
  0.59386, 0.011246898, 0.0024805694
  0.600315, 0.010914864, 0.0025058455
  0.600315, 0.011618791, 0.0025058455
  0.600315, 0.010494739, 0.0025058455
  0.60677, 0.010119258, 0.0025310696
  0.60677, 0.011136485, 0.0025310696
  0.60677, 0.012247782, 0.0025310696
  0.613225, 0.01163912, 0.0025562412
  0.613225, 0.011786602, 0.0025562412
  0.613225, 0.011776637, 0.0025562412
  0.613225, 0.011118947, 0.0025562412
  0.613225, 0.011256863, 0.0025562412
  0.613225, 0.011941259, 0.0025562412
  0.613225, 0.011935678, 0.0025562412
  0.61968, 0.011906182, 0.00258136
  0.61968, 0.011594875, 0.00258136
  0.61968, 0.010693641, 0.00258136
  0.61968, 0.01212023, 0.00258136
  0.61968, 0.012429544, 0.00258136
  0.61968, 0.011511169, 0.00258136
  0.61968, 0.011331799, 0.00258136
  0.61968, 0.010421796, 0.00258136
  0.626135, 0.010588809, 0.0026064255
  0.626135, 0.012237419, 0.0026064255
  0.626135, 0.011604442, 0.0026064255
  0.626135, 0.011758301, 0.0026064255
  0.63259, 0.011749931, 0.0026314373
  0.63259, 0.011478484, 0.0026314373
  0.63259, 0.011588498, 0.0026314373
  0.63259, 0.012806221, 0.0026314373
  0.63259, 0.012142552, 0.0026314373
  0.63259, 0.011658253, 0.0026314373
  0.63259, 0.011028863, 0.0026314373
  0.63259, 0.010436544, 0.0026314373
  0.63259, 0.011944448, 0.0026314373
  0.63259, 0.011779029, 0.0026314373
  0.63259, 0.01129473, 0.0026314373
  0.63259, 0.011006542, 0.0026314373
  0.63259, 0.01196079, 0.0026314373
  0.63259, 0.012047685, 0.0026314373
  0.63259, 0.012159692, 0.0026314373
  0.63259, 0.011746742, 0.0026314373
  0.63259, 0.0095440784, 0.0026314373
  0.63259, 0.010249202, 0.0026314373
  0.63259, 0.011737973, 0.0026314373
  0.63259, 0.012437117, 0.0026314373
  0.639045, 0.012213104, 0.0026563951
  0.639045, 0.012497306, 0.0026563951
  0.639045, 0.010303013, 0.0026563951
  0.639045, 0.010383131, 0.0026563951
  0.639045, 0.01223144, 0.0026563951
  0.639045, 0.011004549, 0.0026563951
  0.639045, 0.011530701, 0.0026563951
  0.639045, 0.011105395, 0.0026563951
  0.639045, 0.012817382, 0.0026563951
  0.639045, 0.010381138, 0.0026563951
  0.639045, 0.011839217, 0.0026563951
  0.639045, 0.011158408, 0.0026563951
  0.639045, 0.012313153, 0.0026563951
  0.639045, 0.012288041, 0.0026563951
  0.639045, 0.012565865, 0.0026563951
  0.639045, 0.011332198, 0.0026563951
  0.639045, 0.012337467, 0.0026563951
  0.639045, 0.011909769, 0.0026563951
  0.6455, 0.012983996, 0.0026812983
  0.6455, 0.011051982, 0.0026812983
  0.6455, 0.010655774, 0.0026812983
  0.6455, 0.009277415, 0.0026812983
  0.6455, 0.011185115, 0.0026812983
  0.6455, 0.011759497, 0.0026812983
  0.6455, 0.011786602, 0.0026812983
  0.6455, 0.011215408, 0.0026812983
  0.6455, 0.012581012, 0.0026812983
  0.6455, 0.012234628, 0.0026812983
  0.6455, 0.011117353, 0.0026812983
  0.6455, 0.011998657, 0.0026812983
  0.6455, 0.012148531, 0.0026812983
  0.6455, 0.011340569, 0.0026812983
  0.6455, 0.012539956, 0.0026812983
  0.6455, 0.011909769, 0.0026812983
  0.6455, 0.012278076, 0.0026812983
  0.651955, 0.012651963, 0.0027061467
  0.651955, 0.012018189, 0.0027061467
  0.651955, 0.012084356, 0.0027061467
  0.651955, 0.012721319, 0.0027061467
  0.651955, 0.012733676, 0.0027061467
  0.651955, 0.010402264, 0.0027061467
  0.651955, 0.011436233, 0.0027061467
  0.651955, 0.012844885, 0.0027061467
  0.651955, 0.010797277, 0.0027061467
  0.651955, 0.011507981, 0.0027061467
  0.651955, 0.011682966, 0.0027061467
  0.651955, 0.010635047, 0.0027061467
  0.651955, 0.0102213, 0.0027061467
  0.651955, 0.012189188, 0.0027061467
  0.651955, 0.011612015, 0.0027061467
  0.651955, 0.010692445, 0.0027061467
  0.651955, 0.010990199, 0.0027061467
  0.651955, 0.011892231, 0.0027061467
  0.651955, 0.010512278, 0.0027061467
  0.651955, 0.012448278, 0.0027061467
  0.651955, 0.011429456, 0.0027061467
  0.65841, 0.01160484, 0.0027309398
  0.65841, 0.010530613, 0.0027309398
  0.65841, 0.011798959, 0.0027309398
  0.65841, 0.010095342, 0.0027309398
  0.65841, 0.011920133, 0.0027309398
  0.65841, 0.011952021, 0.0027309398
  0.65841, 0.011409925, 0.0027309398
  0.65841, 0.012266118, 0.0027309398
  0.65841, 0.010479593, 0.0027309398
  0.65841, 0.011333792, 0.0027309398
  0.65841, 0.012716934, 0.0027309398
  0.65841, 0.012649571, 0.0027309398
  0.65841, 0.011836826, 0.0027309398
  0.65841, 0.011264037, 0.0027309398
  0.65841, 0.011948434, 0.0027309398
  0.65841, 0.011985105, 0.0027309398
  0.65841, 0.010701214, 0.0027309398
  0.65841, 0.011402352, 0.0027309398
  0.65841, 0.010955122, 0.0027309398
  0.65841, 0.011972748, 0.0027309398
  0.65841, 0.011531498, 0.0027309398
  0.65841, 0.011827658, 0.0027309398
  0.65841, 0.010523837, 0.0027309398
  0.65841, 0.011322632, 0.0027309398
  0.65841, 0.011897014, 0.0027309398
  0.65841, 0.011355715, 0.0027309398
  0.65841, 0.010943164, 0.0027309398
  0.65841, 0.011654267, 0.0027309398
  0.664865, 0.012266516, 0.0027556772
  0.664865, 0.01173319, 0.0027556772
  0.664865, 0.010775354, 0.0027556772
  0.664865, 0.012894311, 0.0027556772
  0.664865, 0.011840812, 0.0027556772
  0.664865, 0.010044321, 0.0027556772
  0.664865, 0.010767382, 0.0027556772
  0.664865, 0.011011724, 0.0027556772
  0.664865, 0.012411607, 0.0027556772
  0.664865, 0.012805424, 0.0027556772
  0.664865, 0.010546159, 0.0027556772
  0.664865, 0.011832042, 0.0027556772
  0.664865, 0.011003752, 0.0027556772
  0.664865, 0.011783812, 0.0027556772
  0.664865, 0.01216288, 0.0027556772
  0.664865, 0.011089052, 0.0027556772
  0.664865, 0.011283569, 0.0027556772
  0.664865, 0.011895021, 0.0027556772
  0.664865, 0.011301506, 0.0027556772
  0.664865, 0.01164191, 0.0027556772
  0.664865, 0.011731197, 0.0027556772
  0.664865, 0.011710868, 0.0027556772
  0.664865, 0.0098119376, 0.0027556772
  0.664865, 0.011465729, 0.0027556772
  0.664865, 0.011616001, 0.0027556772
  0.664865, 0.010808836, 0.0027556772
  0.664865, 0.012532781, 0.0027556772
  0.664865, 0.011696917, 0.0027556772
  0.664865, 0.012451467, 0.0027556772
  0.664865, 0.011460547, 0.0027556772
  0.67132, 0.011819686, 0.0027803586
  0.67132, 0.010875004, 0.0027803586
  0.67132, 0.012156901, 0.0027803586
  0.67132, 0.012064426, 0.0027803586
  0.67132, 0.011212219, 0.0027803586
  0.67132, 0.011625169, 0.0027803586
  0.67132, 0.011359701, 0.0027803586
  0.67132, 0.011539869, 0.0027803586
  0.67132, 0.011160003, 0.0027803586
  0.67132, 0.010884172, 0.0027803586
  0.67132, 0.012127405, 0.0027803586
  0.67132, 0.012398453, 0.0027803586
  0.67132, 0.012584201, 0.0027803586
  0.67132, 0.011215408, 0.0027803586
  0.67132, 0.011946839, 0.0027803586
  0.67132, 0.01213179, 0.0027803586
  0.67132, 0.010316964, 0.0027803586
  0.67132, 0.01054297, 0.0027803586
  0.67132, 0.009215632, 0.0027803586
  0.67132, 0.011618393, 0.0027803586
  0.67132, 0.010753829, 0.0027803586
  0.67132, 0.011372457, 0.0027803586
  0.67132, 0.012184006, 0.0027803586
  0.67132, 0.011895818, 0.0027803586
  0.67132, 0.011372058, 0.0027803586
  0.67132, 0.012552711, 0.0027803586
  0.67132, 0.012356999, 0.0027803586
  0.67132, 0.011329009, 0.0027803586
  0.67132, 0.012491327, 0.0027803586
  0.67132, 0.012299999, 0.0027803586
  0.67132, 0.011253674, 0.0027803586
  0.67132, 0.011940063, 0.0027803586
  0.67132, 0.011846392, 0.0027803586
  0.67132, 0.011169968, 0.0027803586
  0.67132, 0.012586194, 0.0027803586
  0.67132, 0.012189587, 0.0027803586
  0.67132, 0.01249611, 0.0027803586
  0.67132, 0.011809322, 0.0027803586
  0.677775, 0.01205207, 0.0028049836
  0.677775, 0.011129709, 0.0028049836
  0.677775, 0.011029262, 0.0028049836
  0.677775, 0.01243911, 0.0028049836
  0.677775, 0.0099554336, 0.0028049836
  0.677775, 0.011583715, 0.0028049836
  0.677775, 0.011292737, 0.0028049836
  0.677775, 0.01176149, 0.0028049836
  0.677775, 0.011710071, 0.0028049836
  0.677775, 0.011934483, 0.0028049836
  0.677775, 0.010468033, 0.0028049836
  0.677775, 0.011238926, 0.0028049836
  0.677775, 0.010324139, 0.0028049836
  0.677775, 0.011476093, 0.0028049836
  0.677775, 0.012072398, 0.0028049836
  0.677775, 0.011302303, 0.0028049836
  0.677775, 0.01126603, 0.0028049836
  0.677775, 0.012788682, 0.0028049836
  0.677775, 0.012739256, 0.0028049836
  0.677775, 0.011002556, 0.0028049836
  0.677775, 0.011785008, 0.0028049836
  0.677775, 0.012220677, 0.0028049836
  0.677775, 0.011250086, 0.0028049836
  0.677775, 0.011876686, 0.0028049836
  0.677775, 0.012480166, 0.0028049836
  0.677775, 0.012517634, 0.0028049836
  0.677775, 0.012096314, 0.0028049836
  0.677775, 0.011796168, 0.0028049836
  0.677775, 0.0099183638, 0.0028049836
  0.677775, 0.012728095, 0.0028049836
  0.677775, 0.011061947, 0.0028049836
  0.677775, 0.011220191, 0.0028049836
  0.677775, 0.010256775, 0.0028049836
  0.677775, 0.012250971, 0.0028049836
  0.677775, 0.012223866, 0.0028049836
  0.677775, 0.011329806, 0.0028049836
  0.677775, 0.01246183, 0.0028049836
  0.677775, 0.012047685, 0.0028049836
  0.677775, 0.010466439, 0.0028049836
  0.677775, 0.011777833, 0.0028049836
  0.677775, 0.012170454, 0.0028049836
  0.677775, 0.011451778, 0.0028049836
  0.68423, 0.012115846, 0.0028295517
  0.68423, 0.011781022, 0.0028295517
  0.68423, 0.01165347, 0.0028295517
  0.68423, 0.010898123, 0.0028295517
  0.68423, 0.011299114, 0.0028295517
  0.68423, 0.010944759, 0.0028295517
  0.68423, 0.010269929, 0.0028295517
  0.68423, 0.012608515, 0.0028295517
  0.68423, 0.011942056, 0.0028295517
  0.68423, 0.011400757, 0.0028295517
  0.68423, 0.01077655, 0.0028295517
  0.68423, 0.011987895, 0.0028295517
  0.68423, 0.012284453, 0.0028295517
  0.68423, 0.01139438, 0.0028295517
  0.68423, 0.012028951, 0.0028295517
  0.68423, 0.012769948, 0.0028295517
  0.68423, 0.011406338, 0.0028295517
  0.68423, 0.012436719, 0.0028295517
  0.68423, 0.011666225, 0.0028295517
  0.68423, 0.012315544, 0.0028295517
  0.68423, 0.011094234, 0.0028295517
  0.68423, 0.012198754, 0.0028295517
  0.68423, 0.012229845, 0.0028295517
  0.68423, 0.011035241, 0.0028295517
  0.68423, 0.011901797, 0.0028295517
  0.68423, 0.011866721, 0.0028295517
  0.68423, 0.011695721, 0.0028295517
  0.68423, 0.011539071, 0.0028295517
  0.68423, 0.012210314, 0.0028295517
  0.68423, 0.011060353, 0.0028295517
  0.68423, 0.011718043, 0.0028295517
  0.68423, 0.012006629, 0.0028295517
  0.68423, 0.011193087, 0.0028295517
  0.68423, 0.011609225, 0.0028295517
  0.68423, 0.0088002908, 0.0028295517
  0.68423, 0.011285562, 0.0028295517
  0.68423, 0.012505278, 0.0028295517
  0.68423, 0.011328611, 0.0028295517
  0.690685, 0.010914864, 0.0028540627
  0.690685, 0.012150125, 0.0028540627
  0.690685, 0.012246188, 0.0028540627
  0.690685, 0.011228163, 0.0028540627
  0.690685, 0.011172758, 0.0028540627
  0.690685, 0.012567061, 0.0028540627
  0.690685, 0.0124989, 0.0028540627
  0.690685, 0.012920619, 0.0028540627
  0.690685, 0.011371261, 0.0028540627
  0.690685, 0.012470201, 0.0028540627
  0.690685, 0.011629554, 0.0028540627
  0.690685, 0.01134575, 0.0028540627
  0.690685, 0.012186796, 0.0028540627
  0.690685, 0.01247897, 0.0028540627
  0.690685, 0.010715962, 0.0028540627
  0.690685, 0.012734871, 0.0028540627
  0.690685, 0.011376443, 0.0028540627
  0.690685, 0.011717644, 0.0028540627
  0.690685, 0.010962297, 0.0028540627
  0.690685, 0.011885056, 0.0028540627
  0.690685, 0.01201779, 0.0028540627
  0.690685, 0.011331799, 0.0028540627
  0.690685, 0.011405142, 0.0028540627
  0.690685, 0.011843203, 0.0028540627
  0.690685, 0.0096138334, 0.0028540627
  0.690685, 0.012347432, 0.0028540627
  0.690685, 0.011971154, 0.0028540627
  0.690685, 0.011496023, 0.0028540627
  0.690685, 0.01042339, 0.0028540627
  0.690685, 0.01094715, 0.0028540627
  0.690685, 0.011392785, 0.0028540627
  0.690685, 0.011491638, 0.0028540627
  0.690685, 0.012260936, 0.0028540627
  0.690685, 0.012506474, 0.0028540627
  0.690685, 0.011957203, 0.0028540627
  0.690685, 0.010429369, 0.0028540627
  0.690685, 0.011464533, 0.0028540627
  0.690685, 0.010518655, 0.0028540627
  0.690685, 0.011831644, 0.0028540627
  0.69714, 0.012514047, 0.0028785161
  0.69714, 0.011669812, 0.0028785161
  0.69714, 0.011010528, 0.0028785161
  0.69714, 0.010961899, 0.0028785161
  0.69714, 0.009654092, 0.0028785161
  0.69714, 0.012335873, 0.0028785161
  0.69714, 0.011492435, 0.0028785161
  0.69714, 0.011990685, 0.0028785161
  0.69714, 0.0098940492, 0.0028785161
  0.69714, 0.0097294274, 0.0028785161
  0.69714, 0.01059718, 0.0028785161
  0.69714, 0.012240209, 0.0028785161
  0.69714, 0.011184317, 0.0028785161
  0.69714, 0.011523526, 0.0028785161
  0.69714, 0.012280069, 0.0028785161
  0.69714, 0.010818004, 0.0028785161
  0.69714, 0.011622777, 0.0028785161
  0.69714, 0.011969958, 0.0028785161
  0.69714, 0.012308768, 0.0028785161
  0.69714, 0.011230156, 0.0028785161
  0.69714, 0.011408331, 0.0028785161
  0.69714, 0.0093778622, 0.0028785161
  0.69714, 0.011459351, 0.0028785161
  0.69714, 0.012229845, 0.0028785161
  0.69714, 0.011698113, 0.0028785161
  0.69714, 0.011525918, 0.0028785161
  0.69714, 0.010254782, 0.0028785161
  0.69714, 0.011663435, 0.0028785161
  0.69714, 0.012172845, 0.0028785161
  0.69714, 0.011150835, 0.0028785161
  0.69714, 0.012477774, 0.0028785161
  0.69714, 0.011645896, 0.0028785161
  0.69714, 0.011722029, 0.0028785161
  0.69714, 0.011135688, 0.0028785161
  0.69714, 0.010671319, 0.0028785161
  0.703595, 0.011019297, 0.0029029115
  0.703595, 0.012223468, 0.0029029115
  0.703595, 0.01229402, 0.0029029115
  0.703595, 0.010643417, 0.0029029115
  0.703595, 0.01218002, 0.0029029115
  0.703595, 0.012546732, 0.0029029115
  0.703595, 0.011692931, 0.0029029115
  0.703595, 0.011667819, 0.0029029115
  0.703595, 0.011052381, 0.0029029115
  0.703595, 0.010335698, 0.0029029115
  0.703595, 0.012446684, 0.0029029115
  0.703595, 0.011339373, 0.0029029115
  0.703595, 0.011792581, 0.0029029115
  0.703595, 0.012085153, 0.0029029115
  0.703595, 0.011869511, 0.0029029115
  0.703595, 0.01065976, 0.0029029115
  0.703595, 0.011285163, 0.0029029115
  0.703595, 0.011331799, 0.0029029115
  0.703595, 0.012038119, 0.0029029115
  0.703595, 0.01006744, 0.0029029115
  0.703595, 0.011252478, 0.0029029115
  0.703595, 0.010963094, 0.0029029115
  0.703595, 0.01171326, 0.0029029115
  0.703595, 0.010429369, 0.0029029115
  0.703595, 0.010821591, 0.0029029115
  0.703595, 0.010223691, 0.0029029115
  0.703595, 0.011685756, 0.0029029115
  0.703595, 0.011142863, 0.0029029115
  0.703595, 0.012759186, 0.0029029115
  0.703595, 0.011398764, 0.0029029115
  0.703595, 0.011363687, 0.0029029115
  0.703595, 0.012237817, 0.0029029115
  0.703595, 0.011991084, 0.0029029115
  0.703595, 0.010992192, 0.0029029115
  0.703595, 0.010362006, 0.0029029115
  0.703595, 0.01129473, 0.0029029115
  0.703595, 0.010478397, 0.0029029115
  0.703595, 0.012584599, 0.0029029115
  0.703595, 0.010315369, 0.0029029115
  0.703595, 0.010471621, 0.0029029115
  0.703595, 0.00932724, 0.0029029115
  0.703595, 0.011332995, 0.0029029115
  0.703595, 0.010408642, 0.0029029115
  0.703595, 0.011914951, 0.0029029115
  0.703595, 0.011653868, 0.0029029115
  0.703595, 0.011216604, 0.0029029115
  0.703595, 0.011952021, 0.0029029115
  0.703595, 0.011816497, 0.0029029115
  0.703595, 0.011409128, 0.0029029115
  0.703595, 0.011529106, 0.0029029115
  0.703595, 0.010293446, 0.0029029115
  0.71005, 0.010721543, 0.0029272487
  0.71005, 0.011128115, 0.0029272487
  0.71005, 0.01139717, 0.0029272487
  0.71005, 0.011868714, 0.0029272487
  0.71005, 0.011752322, 0.0029272487
  0.71005, 0.011429855, 0.0029272487
  0.71005, 0.011371659, 0.0029272487
  0.71005, 0.012211111, 0.0029272487
  0.71005, 0.009658078, 0.0029272487
  0.71005, 0.011878679, 0.0029272487
  0.71005, 0.010687263, 0.0029272487
  0.71005, 0.011266429, 0.0029272487
  0.71005, 0.010858263, 0.0029272487
  0.71005, 0.010116867, 0.0029272487
  0.71005, 0.01046046, 0.0029272487
  0.71005, 0.0098948464, 0.0029272487
  0.71005, 0.011243709, 0.0029272487
  0.71005, 0.011663435, 0.0029272487
  0.71005, 0.012770745, 0.0029272487
  0.71005, 0.011144457, 0.0029272487
  0.71005, 0.010712774, 0.0029272487
  0.71005, 0.011809322, 0.0029272487
  0.71005, 0.010911675, 0.0029272487
  0.71005, 0.010385523, 0.0029272487
  0.71005, 0.011987496, 0.0029272487
  0.71005, 0.011643505, 0.0029272487
  0.71005, 0.011876686, 0.0029272487
  0.71005, 0.010507495, 0.0029272487
  0.71005, 0.012189587, 0.0029272487
  0.71005, 0.011231751, 0.0029272487
  0.71005, 0.01104122, 0.0029272487
  0.71005, 0.0099323148, 0.0029272487
  0.71005, 0.010601564, 0.0029272487
  0.71005, 0.008886787, 0.0029272487
  0.716505, 0.010900913, 0.0029515273
  0.716505, 0.012355404, 0.0029515273
  0.716505, 0.011770658, 0.0029515273
  0.716505, 0.0105629, 0.0029515273
  0.716505, 0.01142547, 0.0029515273
  0.716505, 0.010550145, 0.0029515273
  0.716505, 0.011179534, 0.0029515273
  0.716505, 0.011939664, 0.0029515273
  0.716505, 0.012071202, 0.0029515273
  0.716505, 0.011806532, 0.0029515273
  0.716505, 0.012245391, 0.0029515273
  0.716505, 0.011348541, 0.0029515273
  0.716505, 0.011478484, 0.0029515273
  0.716505, 0.011904189, 0.0029515273
  0.716505, 0.010618704, 0.0029515273
  0.716505, 0.011409925, 0.0029515273
  0.716505, 0.009917168, 0.0029515273
  0.716505, 0.012787487, 0.0029515273
  0.716505, 0.011631148, 0.0029515273
  0.716505, 0.011433841, 0.0029515273
  0.716505, 0.010926025, 0.0029515273
  0.716505, 0.011329806, 0.0029515273
  0.716505, 0.011581323, 0.0029515273
  0.716505, 0.011598861, 0.0029515273
  0.716505, 0.010641026, 0.0029515273
  0.716505, 0.0095273372, 0.0029515273
  0.716505, 0.011994671, 0.0029515273
  0.716505, 0.011542659, 0.0029515273
  0.716505, 0.011741959, 0.0029515273
  0.716505, 0.012269307, 0.0029515273
  0.716505, 0.01284927, 0.0029515273
  0.716505, 0.010906095, 0.0029515273
  0.716505, 0.012147734, 0.0029515273
  0.716505, 0.011341764, 0.0029515273
  0.716505, 0.012421572, 0.0029515273
  0.716505, 0.012521222, 0.0029515273
  0.716505, 0.011308282, 0.0029515273
  0.716505, 0.011788994, 0.0029515273
  0.716505, 0.011111772, 0.0029515273
  0.716505, 0.010001671, 0.0029515273
  0.716505, 0.012647179, 0.0029515273
  0.716505, 0.010237642, 0.0029515273
  0.716505, 0.012100699, 0.0029515273
  0.716505, 0.011446198, 0.0029515273
  0.716505, 0.009357135, 0.0029515273
  0.716505, 0.012122622, 0.0029515273
  0.716505, 0.011985902, 0.0029515273
  0.716505, 0.011535484, 0.0029515273
  0.716505, 0.010626676, 0.0029515273
  0.72296, 0.010963094, 0.0029757469
  0.72296, 0.010992591, 0.0029757469
  0.72296, 0.011234142, 0.0029757469
  0.72296, 0.010092153, 0.0029757469
  0.72296, 0.011914951, 0.0029757469
  0.72296, 0.010598375, 0.0029757469
  0.72296, 0.011026073, 0.0029757469
  0.72296, 0.010417411, 0.0029757469
  0.72296, 0.011354918, 0.0029757469
  0.72296, 0.011545449, 0.0029757469
  0.72296, 0.011304296, 0.0029757469
  0.72296, 0.011554218, 0.0029757469
  0.72296, 0.010912472, 0.0029757469
  0.72296, 0.012289237, 0.0029757469
  0.72296, 0.011654665, 0.0029757469
  0.72296, 0.012213503, 0.0029757469
  0.72296, 0.01170449, 0.0029757469
  0.72296, 0.011505988, 0.0029757469
  0.72296, 0.011615204, 0.0029757469
  0.72296, 0.010541774, 0.0029757469
  0.72296, 0.011996266, 0.0029757469
  0.72296, 0.01074227, 0.0029757469
  0.72296, 0.012045692, 0.0029757469
  0.72296, 0.010571271, 0.0029757469
  0.72296, 0.011929699, 0.0029757469
  0.72296, 0.01194086, 0.0029757469
  0.72296, 0.011902595, 0.0029757469
  0.72296, 0.011087458, 0.0029757469
  0.72296, 0.0098490074, 0.0029757469
  0.72296, 0.012197957, 0.0029757469
  0.72296, 0.010186223, 0.0029757469
  0.72296, 0.011863133, 0.0029757469
  0.72296, 0.011262443, 0.0029757469
  0.72296, 0.011612414, 0.0029757469
  0.72296, 0.012223468, 0.0029757469
  0.72296, 0.011689742, 0.0029757469
  0.72296, 0.012213503, 0.0029757469
  0.72296, 0.012252565, 0.0029757469
  0.72296, 0.012153713, 0.0029757469
  0.729415, 0.011944448, 0.0029999072
  0.729415, 0.011842805, 0.0029999072
  0.729415, 0.010563697, 0.0029999072
  0.729415, 0.012397656, 0.0029999072
  0.729415, 0.01130031, 0.0029999072
  0.729415, 0.010733102, 0.0029999072
  0.729415, 0.010830759, 0.0029999072
  0.729415, 0.011261646, 0.0029999072
  0.729415, 0.011639917, 0.0029999072
  0.729415, 0.0096708332, 0.0029999072
  0.729415, 0.011316254, 0.0029999072
  0.729415, 0.0097429798, 0.0029999072
  0.729415, 0.010620697, 0.0029999072
  0.729415, 0.010999367, 0.0029999072
  0.729415, 0.010688858, 0.0029999072
  0.729415, 0.010576054, 0.0029999072
  0.729415, 0.012288041, 0.0029999072
  0.729415, 0.010966682, 0.0029999072
  0.729415, 0.012229845, 0.0029999072
  0.729415, 0.012089538, 0.0029999072
  0.729415, 0.012245391, 0.0029999072
  0.729415, 0.011649484, 0.0029999072
  0.729415, 0.01145975, 0.0029999072
  0.729415, 0.0093487644, 0.0029999072
  0.729415, 0.011351331, 0.0029999072
  0.729415, 0.012333083, 0.0029999072
  0.729415, 0.012327901, 0.0029999072
  0.729415, 0.010227677, 0.0029999072
  0.729415, 0.012306775, 0.0029999072
  0.729415, 0.010714767, 0.0029999072
  0.729415, 0.011705686, 0.0029999072
  0.729415, 0.012069608, 0.0029999072
  0.729415, 0.01193807, 0.0029999072
  0.729415, 0.010433355, 0.0029999072
  0.729415, 0.011527113, 0.0029999072
  0.729415, 0.012187992, 0.0029999072
  0.729415, 0.01032653, 0.0029999072
  0.729415, 0.011599659, 0.0029999072
  0.729415, 0.012148929, 0.0029999072
  0.729415, 0.011376044, 0.0029999072
  0.729415, 0.011289946, 0.0029999072
  0.729415, 0.01105557, 0.0029999072
  0.73587, 0.011227366, 0.0030240077
  0.73587, 0.011711665, 0.0030240077
  0.73587, 0.011085066, 0.0030240077
  0.73587, 0.01032095, 0.0030240077
  0.73587, 0.01119787, 0.0030240077
  0.73587, 0.010745459, 0.0030240077
  0.73587, 0.011857951, 0.0030240077
  0.73587, 0.011859147, 0.0030240077
  0.73587, 0.012081566, 0.0030240077
  0.73587, 0.012252964, 0.0030240077
  0.73587, 0.011504792, 0.0030240077
  0.73587, 0.011211422, 0.0030240077
  0.73587, 0.011736777, 0.0030240077
  0.73587, 0.011960392, 0.0030240077
  0.73587, 0.011971552, 0.0030240077
  0.73587, 0.011901797, 0.0030240077
  0.73587, 0.0100503, 0.0030240077
  0.73587, 0.012028951, 0.0030240077
  0.73587, 0.011665428, 0.0030240077
  0.73587, 0.012087944, 0.0030240077
  0.73587, 0.010634249, 0.0030240077
  0.73587, 0.012060042, 0.0030240077
  0.73587, 0.011119744, 0.0030240077
  0.73587, 0.010498327, 0.0030240077
  0.73587, 0.010688858, 0.0030240077
  0.73587, 0.011833238, 0.0030240077
  0.73587, 0.012176433, 0.0030240077
  0.73587, 0.01147968, 0.0030240077
  0.73587, 0.0088843954, 0.0030240077
  0.73587, 0.01140554, 0.0030240077
  0.73587, 0.012156503, 0.0030240077
  0.73587, 0.010996178, 0.0030240077
  0.73587, 0.011412317, 0.0030240077
  0.73587, 0.01175591, 0.0030240077
  0.73587, 0.011916147, 0.0030240077
  0.742325, 0.011552225, 0.0030480483
  0.742325, 0.01138003, 0.0030480483
  0.742325, 0.011930098, 0.0030480483
  0.742325, 0.011282772, 0.0030480483
  0.742325, 0.010302216, 0.0030480483
  0.742325, 0.01042618, 0.0030480483
  0.742325, 0.010363201, 0.0030480483
  0.742325, 0.011256464, 0.0030480483
  0.742325, 0.010422194, 0.0030480483
  0.742325, 0.010538585, 0.0030480483
  0.742325, 0.012766759, 0.0030480483
  0.742325, 0.011496421, 0.0030480483
  0.742325, 0.011211821, 0.0030480483
  0.742325, 0.010501117, 0.0030480483
  0.742325, 0.011767469, 0.0030480483
  0.742325, 0.0092471214, 0.0030480483
  0.742325, 0.012324313, 0.0030480483
  0.742325, 0.010865836, 0.0030480483
  0.742325, 0.011926909, 0.0030480483
  0.742325, 0.011072709, 0.0030480483
  0.742325, 0.012016594, 0.0030480483
  0.742325, 0.010550942, 0.0030480483
  0.742325, 0.010816808, 0.0030480483
  0.742325, 0.011942056, 0.0030480483
  0.74878, 0.0087883328, 0.0030720285
  0.74878, 0.011059157, 0.0030720285
  0.74878, 0.01071955, 0.0030720285
  0.74878, 0.011383219, 0.0030720285
  0.74878, 0.012283656, 0.0030720285
  0.74878, 0.011002954, 0.0030720285
  0.74878, 0.011690141, 0.0030720285
  0.74878, 0.011685358, 0.0030720285
  0.74878, 0.011137681, 0.0030720285
  0.74878, 0.010471222, 0.0030720285
  0.74878, 0.011008535, 0.0030720285
  0.74878, 0.012526404, 0.0030720285
  0.74878, 0.010909682, 0.0030720285
  0.74878, 0.011324226, 0.0030720285
  0.74878, 0.011512764, 0.0030720285
  0.74878, 0.012512453, 0.0030720285
  0.74878, 0.011104199, 0.0030720285
  0.74878, 0.012081167, 0.0030720285
  0.74878, 0.0091351148, 0.0030720285
  0.74878, 0.010597977, 0.0030720285
  0.74878, 0.011968762, 0.0030720285
  0.74878, 0.010393096, 0.0030720285
  0.74878, 0.012329097, 0.0030720285
  0.74878, 0.011452974, 0.0030720285
  0.74878, 0.010990598, 0.0030720285
  0.74878, 0.0084686556, 0.0030720285
  0.74878, 0.012250971, 0.0030720285
  0.74878, 0.01292899, 0.0030720285
  0.74878, 0.010332111, 0.0030720285
  0.74878, 0.012172845, 0.0030720285
  0.74878, 0.011457358, 0.0030720285
  0.74878, 0.011242513, 0.0030720285
  0.74878, 0.010552536, 0.0030720285
  0.74878, 0.011645896, 0.0030720285
  0.74878, 0.011437428, 0.0030720285
  0.755235, 0.010918053, 0.003095948
  0.755235, 0.010584026, 0.003095948
  0.755235, 0.012435124, 0.003095948
  0.755235, 0.012122223, 0.003095948
  0.755235, 0.0093519532, 0.003095948
  0.755235, 0.011348541, 0.003095948
  0.755235, 0.01136568, 0.003095948
  0.755235, 0.011488051, 0.003095948
  0.755235, 0.011052381, 0.003095948
  0.755235, 0.011173555, 0.003095948
  0.755235, 0.011669414, 0.003095948
  0.755235, 0.0096425326, 0.003095948
  0.755235, 0.01193807, 0.003095948
  0.755235, 0.01178421, 0.003095948
  0.755235, 0.011998259, 0.003095948
  0.755235, 0.011056367, 0.003095948
  0.755235, 0.012054063, 0.003095948
  0.755235, 0.010805647, 0.003095948
  0.755235, 0.011635931, 0.003095948
  0.755235, 0.010315369, 0.003095948
  0.755235, 0.012246985, 0.003095948
  0.755235, 0.011924518, 0.003095948
  0.755235, 0.010675704, 0.003095948
  0.755235, 0.011814903, 0.003095948
  0.755235, 0.011303499, 0.003095948
  0.755235, 0.010717557, 0.003095948
  0.755235, 0.012474187, 0.003095948
  0.755235, 0.011191492, 0.003095948
  0.755235, 0.010615117, 0.003095948
  0.755235, 0.010293446, 0.003095948
  0.755235, 0.011458953, 0.003095948
  0.76169, 0.010895731, 0.0031198065
  0.76169, 0.010526229, 0.0031198065
  0.76169, 0.010095741, 0.0031198065
  0.76169, 0.0091929118, 0.0031198065
  0.76169, 0.011711267, 0.0031198065
  0.76169, 0.011659847, 0.0031198065
  0.76169, 0.011827259, 0.0031198065
  0.76169, 0.011097821, 0.0031198065
  0.76169, 0.011330604, 0.0031198065
  0.76169, 0.010201768, 0.0031198065
  0.76169, 0.011017304, 0.0031198065
  0.76169, 0.01148247, 0.0031198065
  0.76169, 0.011583316, 0.0031198065
  0.76169, 0.011164387, 0.0031198065
  0.76169, 0.011602449, 0.0031198065
  0.76169, 0.011731595, 0.0031198065
  0.76169, 0.011475694, 0.0031198065
  0.76169, 0.011808924, 0.0031198065
  0.76169, 0.011518743, 0.0031198065
  0.76169, 0.011076695, 0.0031198065
  0.76169, 0.011756707, 0.0031198065
  0.76169, 0.011297918, 0.0031198065
  0.76169, 0.011163192, 0.0031198065
  0.76169, 0.0093017296, 0.0031198065
  0.76169, 0.011529505, 0.0031198065
  0.76169, 0.012406824, 0.0031198065
  0.76169, 0.011365282, 0.0031198065
  0.76169, 0.0099526434, 0.0031198065
  0.76169, 0.011630351, 0.0031198065
  0.76169, 0.011020891, 0.0031198065
  0.76169, 0.011548239, 0.0031198065
  0.76169, 0.011370862, 0.0031198065
  0.76169, 0.010055084, 0.0031198065
  0.76169, 0.010882976, 0.0031198065
  0.76169, 0.011578134, 0.0031198065
  0.76169, 0.012343048, 0.0031198065
  0.768145, 0.011334988, 0.0031436037
  0.768145, 0.010198978, 0.0031436037
  0.768145, 0.011057961, 0.0031436037
  0.768145, 0.0111038, 0.0031436037
  0.768145, 0.01089892, 0.0031436037
  0.768145, 0.010107699, 0.0031436037
  0.768145, 0.010302216, 0.0031436037
  0.768145, 0.011651477, 0.0031436037
  0.768145, 0.011679379, 0.0031436037
  0.768145, 0.0096732248, 0.0031436037
  0.768145, 0.010232062, 0.0031436037
  0.768145, 0.011695323, 0.0031436037
  0.768145, 0.011026472, 0.0031436037
  0.768145, 0.011913755, 0.0031436037
  0.768145, 0.011444603, 0.0031436037
  0.768145, 0.011006542, 0.0031436037
  0.768145, 0.010381537, 0.0031436037
  0.768145, 0.011167576, 0.0031436037
  0.768145, 0.010216915, 0.0031436037
  0.768145, 0.01192372, 0.0031436037
  0.768145, 0.01104401, 0.0031436037
  0.768145, 0.011711665, 0.0031436037
  0.768145, 0.010458467, 0.0031436037
  0.768145, 0.011942853, 0.0031436037
  0.768145, 0.011191492, 0.0031436037
  0.768145, 0.012245789, 0.0031436037
  0.768145, 0.01098422, 0.0031436037
  0.768145, 0.011389995, 0.0031436037
  0.768145, 0.011901, 0.0031436037
  0.768145, 0.011426268, 0.0031436037
  0.768145, 0.011471708, 0.0031436037
  0.768145, 0.010611131, 0.0031436037
  0.7746, 0.01054297, 0.0031673392
  0.7746, 0.011361694, 0.0031673392
  0.7746, 0.012152118, 0.0031673392
  0.7746, 0.011725218, 0.0031673392
  0.7746, 0.0120433, 0.0031673392
  0.7746, 0.011379631, 0.0031673392
  0.7746, 0.012116244, 0.0031673392
  0.7746, 0.0097573294, 0.0031673392
  0.7746, 0.011754315, 0.0031673392
  0.7746, 0.012018986, 0.0031673392
  0.7746, 0.0088285914, 0.0031673392
  0.7746, 0.011179136, 0.0031673392
  0.7746, 0.011037234, 0.0031673392
  0.7746, 0.012193971, 0.0031673392
  0.7746, 0.012456649, 0.0031673392
  0.7746, 0.01229123, 0.0031673392
  0.7746, 0.0099175666, 0.0031673392
  0.7746, 0.010799668, 0.0031673392
  0.7746, 0.0098087488, 0.0031673392
  0.7746, 0.010884969, 0.0031673392
  0.7746, 0.011132101, 0.0031673392
  0.7746, 0.012309964, 0.0031673392
  0.7746, 0.0089916188, 0.0031673392
  0.7746, 0.011465729, 0.0031673392
  0.7746, 0.010216517, 0.0031673392
  0.7746, 0.01086185, 0.0031673392
  0.7746, 0.011661043, 0.0031673392
  0.781055, 0.0099785524, 0.0031910127
  0.781055, 0.011111772, 0.0031910127
  0.781055, 0.011510771, 0.0031910127
  0.781055, 0.012060839, 0.0031910127
  0.781055, 0.011148842, 0.0031910127
  0.781055, 0.012185601, 0.0031910127
  0.781055, 0.010133608, 0.0031910127
  0.781055, 0.011427463, 0.0031910127
  0.781055, 0.011205842, 0.0031910127
  0.781055, 0.012303586, 0.0031910127
  0.781055, 0.010841521, 0.0031910127
  0.781055, 0.01140275, 0.0031910127
  0.781055, 0.011231751, 0.0031910127
  0.781055, 0.010845507, 0.0031910127
  0.781055, 0.010779738, 0.0031910127
  0.781055, 0.010643019, 0.0031910127
  0.781055, 0.011368869, 0.0031910127
  0.781055, 0.011672602, 0.0031910127
  0.781055, 0.011528708, 0.0031910127
  0.781055, 0.011049591, 0.0031910127
  0.781055, 0.011007738, 0.0031910127
  0.781055, 0.011880672, 0.0031910127
  0.781055, 0.011205443, 0.0031910127
  0.781055, 0.01086464, 0.0031910127
  0.781055, 0.010780536, 0.0031910127
  0.78751, 0.011421086, 0.003214624
  0.78751, 0.011869909, 0.003214624
  0.78751, 0.01176149, 0.003214624
  0.78751, 0.012394068, 0.003214624
  0.78751, 0.011424673, 0.003214624
  0.78751, 0.011020094, 0.003214624
  0.78751, 0.011082674, 0.003214624
  0.78751, 0.0099566294, 0.003214624
  0.78751, 0.010084979, 0.003214624
  0.78751, 0.010939577, 0.003214624
  0.78751, 0.010421796, 0.003214624
  0.78751, 0.011454967, 0.003214624
  0.78751, 0.010952731, 0.003214624
  0.78751, 0.011592085, 0.003214624
  0.793965, 0.010715165, 0.0032381727
  0.793965, 0.011063542, 0.0032381727
  0.793965, 0.011347743, 0.0032381727
  0.793965, 0.0088704444, 0.0032381727
  0.793965, 0.0099319162, 0.0032381727
  0.793965, 0.010384726, 0.0032381727
  0.793965, 0.011429058, 0.0032381727
  0.793965, 0.009442834, 0.0032381727
  0.793965, 0.012869598, 0.0032381727
  0.793965, 0.012604131, 0.0032381727
  0.793965, 0.011453771, 0.0032381727
  0.80042, 0.010236845, 0.0032616585
  0.80042, 0.01059997, 0.0032616585
  0.80042, 0.01099578, 0.0032616585
  0.80042, 0.012105083, 0.0032616585
  0.80042, 0.011181527, 0.0032616585
  0.80042, 0.011887846, 0.0032616585
  0.80042, 0.010531411, 0.0032616585
  0.80042, 0.012283656, 0.0032616585
  0.80042, 0.011993077, 0.0032616585
  0.80042, 0.0092778136, 0.0032616585
  0.80042, 0.011955608, 0.0032616585
  0.80042, 0.01005907, 0.0032616585
  0.80042, 0.010876997, 0.0032616585
  0.80042, 0.011448589, 0.0032616585
  0.806875, 0.0095169736, 0.0032850811
  0.806875, 0.011051584, 0.0032850811
  0.806875, 0.010886563, 0.0032850811
  0.806875, 0.011273205, 0.0032850811
  0.806875, 0.011872301, 0.0032850811
  0.806875, 0.009353149, 0.0032850811
  0.806875, 0.012669102, 0.0032850811
  0.806875, 0.010190209, 0.0032850811
  0.806875, 0.010851885, 0.0032850811
  0.806875, 0.011069122, 0.0032850811
  0.81333, 0.011199863, 0.0033084402
  0.81333, 0.012009021, 0.0033084402
  0.81333, 0.011071912, 0.0033084402
  0.81333, 0.0092040726, 0.0033084402
  0.81333, 0.011600057, 0.0033084402
  0.81333, 0.01092443, 0.0033084402
  0.81333, 0.012169657, 0.0033084402
  0.81333, 0.008830983, 0.0033084402
  0.81333, 0.010922437, 0.0033084402
  0.81333, 0.012073195, 0.0033084402
  0.81333, 0.01046604, 0.0033084402
  0.81333, 0.010318558, 0.0033084402
  0.81333, 0.010508292, 0.0033084402
  0.81333, 0.010606347, 0.0033084402
  0.81333, 0.011217003, 0.0033084402
  0.81333, 0.011960392, 0.0033084402
  0.819785, 0.01063983, 0.0033317356
  0.819785, 0.011386009, 0.0033317356
  0.819785, 0.0111608, 0.0033317356
  0.819785, 0.0090557934, 0.0033317356
  0.819785, 0.010271125, 0.0033317356
  0.819785, 0.009311296, 0.0033317356
  0.819785, 0.01090729, 0.0033317356
  0.819785, 0.010838333, 0.0033317356
  0.819785, 0.011953615, 0.0033317356
  0.819785, 0.011128513, 0.0033317356
  0.819785, 0.011808525, 0.0033317356
  0.82624, 0.011632742, 0.003354967
  0.82624, 0.010477201, 0.003354967
  0.82624, 0.011441016, 0.003354967
  0.82624, 0.010284279, 0.003354967
  0.82624, 0.01225416, 0.003354967
  0.82624, 0.011710868, 0.003354967
  0.82624, 0.009129933, 0.003354967
  0.82624, 0.011168772, 0.003354967
  0.82624, 0.011388401, 0.003354967
  0.82624, 0.011025276, 0.003354967
  0.832695, 0.01130031, 0.003378134
  0.832695, 0.012061237, 0.003378134
  0.832695, 0.010354432, 0.003378134
  0.832695, 0.011866721, 0.003378134
  0.832695, 0.010020007, 0.003378134
  0.832695, 0.011362093, 0.003378134
  0.832695, 0.010707193, 0.003378134
  0.83915, 0.010071426, 0.0034012364
  0.83915, 0.011270814, 0.0034012364
  0.845605, 0.010523837, 0.0034242739
  0.845605, 0.01083634, 0.0034242739
  0.845605, 0.010816011, 0.0034242739
  0.845605, 0.011749931, 0.0034242739
  0.85206, 0.0095931062, 0.0034472463
  0.85206, 0.011838021, 0.0034472463
  0.85206, 0.011774245, 0.0034472463
  0.858515, 0.010726725, 0.0034701532
  0.858515, 0.011464932, 0.0034701532
  0.858515, 0.011978727, 0.0034701532
  0.86497, 0.010206552, 0.0034929945
  0.86497, 0.011789392, 0.0034929945
  0.86497, 0.010283083, 0.0034929945
  0.86497, 0.012106678, 0.0034929945
  0.86497, 0.011951224, 0.0034929945
  0.871425, 0.011772252, 0.0035157699
  0.87788, 0.011174751, 0.0035384791
  0.87788, 0.011398366, 0.0035384791
  0.87788, 0.0090908702, 0.0035384791
  0.87788, 0.012185999, 0.0035384791
  0.87788, 0.010140783, 0.0035384791
  0.87788, 0.010807242, 0.0035384791
  0.884335, 0.011128513, 0.0035611219
  0.89079, 0.010868228, 0.0035836981
  0.89079, 0.011194282, 0.0035836981
  0.89079, 0.011220989, 0.0035836981
  0.9037, 0.011149639, 0.0036286494
  0.9037, 0.012781508, 0.0036286494
  0.9037, 0.011749134, 0.0036286494
  0.9037, 0.011536281, 0.0036286494
  0.91661, 0.011374848, 0.0036733314
  0.91661, 0.011303897, 0.0036733314
  0.91661, 0.01107829, 0.0036733314
  0.91661, 0.012418383, 0.0036733314
  0.91661, 0.010743864, 0.0036733314
  0.923065, 0.011694525, 0.0036955707
  0.923065, 0.011734784, 0.0036955707
  0.923065, 0.01114366, 0.0036955707
  0.923065, 0.011091842, 0.0036955707
  0.923065, 0.011626365, 0.0036955707
  0.923065, 0.011596868, 0.0036955707
  0.923065, 0.011986699, 0.0036955707
  0.923065, 0.010941969, 0.0036955707
  0.923065, 0.011802945, 0.0036955707
  0.92952, 0.012630837, 0.0037177421
  0.92952, 0.0123566, 0.0037177421
  0.92952, 0.01154226, 0.0037177421
  0.935975, 0.01138003, 0.0037398452
  0.935975, 0.011369268, 0.0037398452
  0.935975, 0.011951622, 0.0037398452
  0.94243, 0.012744039, 0.0037618799
  0.94243, 0.011324226, 0.0037618799
  0.94243, 0.012098706, 0.0037618799
  0.94243, 0.011933287, 0.0037618799
  0.94243, 0.011686952, 0.0037618799
  0.94243, 0.0126699, 0.0037618799
  0.94243, 0.010191405, 0.0037618799
  0.94243, 0.010723137, 0.0037618799
  0.94243, 0.011231352, 0.0037618799
  0.94243, 0.012839703, 0.0037618799
  0.948885, 0.011136087, 0.0037838459
  0.948885, 0.011625169, 0.0037838459
  0.948885, 0.011839217, 0.0037838459
  0.948885, 0.011087856, 0.0037838459
  0.948885, 0.010891346, 0.0037838459
  0.948885, 0.011176345, 0.0037838459
  0.948885, 0.010880983, 0.0037838459
  0.95534, 0.010610732, 0.0038057431
  0.95534, 0.011509974, 0.0038057431
  0.95534, 0.01046325, 0.0038057431
  0.95534, 0.01165347, 0.0038057431
  0.95534, 0.012048482, 0.0038057431
  0.95534, 0.011130506, 0.0038057431
  0.95534, 0.010632256, 0.0038057431
  0.95534, 0.0095978894, 0.0038057431
  0.95534, 0.010367586, 0.0038057431
  0.95534, 0.011789791, 0.0038057431
  0.95534, 0.011092241, 0.0038057431
  0.961795, 0.011031654, 0.0038275712
  0.961795, 0.011438624, 0.0038275712
  0.961795, 0.011134492, 0.0038275712
  0.961795, 0.012796654, 0.0038275712
  0.96825, 0.011323827, 0.0038493301
  0.96825, 0.010023594, 0.0038493301
  0.96825, 0.011760693, 0.0038493301
  0.96825, 0.011577337, 0.0038493301
  0.96825, 0.010687662, 0.0038493301
  0.96825, 0.011651477, 0.0038493301
  0.96825, 0.012474586, 0.0038493301
  0.96825, 0.012302789, 0.0038493301
  0.96825, 0.011904986, 0.0038493301
  0.96825, 0.011200261, 0.0038493301
  0.96825, 0.012706571, 0.0038493301
  0.96825, 0.011470114, 0.0038493301
  0.974705, 0.010832752, 0.0038710196
  0.974705, 0.011859944, 0.0038710196
  0.974705, 0.01243074, 0.0038710196
  0.974705, 0.01235381, 0.0038710196
  0.974705, 0.0085993964, 0.0038710196
  0.974705, 0.01095592, 0.0038710196
  0.974705, 0.011646295, 0.0038710196
  0.974705, 0.011820483, 0.0038710196
  0.974705, 0.012092328, 0.0038710196
  0.974705, 0.011961986, 0.0038710196
  0.974705, 0.011352925, 0.0038710196
  0.974705, 0.011119346, 0.0038710196
  0.974705, 0.011244905, 0.0038710196
  0.974705, 0.010289859, 0.0038710196
  0.974705, 0.012052468, 0.0038710196
  0.974705, 0.010305404, 0.0038710196
  0.974705, 0.012255356, 0.0038710196
  0.974705, 0.010187419, 0.0038710196
  0.974705, 0.011832441, 0.0038710196
  0.974705, 0.010747053, 0.0038710196
  0.974705, 0.011756308, 0.0038710196
  0.974705, 0.011501204, 0.0038710196
  0.974705, 0.011077094, 0.0038710196
  0.974705, 0.012070804, 0.0038710196
  0.974705, 0.011862735, 0.0038710196
  0.974705, 0.01204051, 0.0038710196
  0.974705, 0.011370464, 0.0038710196
  0.974705, 0.010560907, 0.0038710196
  0.974705, 0.012287244, 0.0038710196
  0.98116, 0.011919336, 0.0038926395
  0.98116, 0.011758301, 0.0038926395
  0.98116, 0.011330205, 0.0038926395
  0.98116, 0.012492921, 0.0038926395
  0.98116, 0.011256464, 0.0038926395
  0.98116, 0.011512365, 0.0038926395
  0.98116, 0.010222894, 0.0038926395
  0.98116, 0.010854277, 0.0038926395
  0.98116, 0.012061237, 0.0038926395
  0.98116, 0.0088680528, 0.0038926395
  0.98116, 0.012016594, 0.0038926395
  0.98116, 0.012572243, 0.0038926395
  0.98116, 0.010172671, 0.0038926395
  0.987615, 0.011214611, 0.0039141896
  0.987615, 0.011720036, 0.0039141896
  0.987615, 0.011714057, 0.0039141896
  0.987615, 0.01192093, 0.0039141896
  0.987615, 0.011336583, 0.0039141896
  0.987615, 0.0110468, 0.0039141896
  0.987615, 0.010931605, 0.0039141896
  0.987615, 0.012264523, 0.0039141896
  0.987615, 0.010983822, 0.0039141896
  0.987615, 0.011897014, 0.0039141896
  0.987615, 0.011826861, 0.0039141896
  0.987615, 0.011511169, 0.0039141896
  0.987615, 0.011638323, 0.0039141896
  0.987615, 0.010806445, 0.0039141896
  0.987615, 0.0122713, 0.0039141896
  0.987615, 0.011662637, 0.0039141896
  0.987615, 0.012318733, 0.0039141896
  0.99407, 0.012253761, 0.0039356698
  0.99407, 0.011585309, 0.0039356698
  0.99407, 0.011926112, 0.0039356698
  0.99407, 0.011796567, 0.0039356698
  0.99407, 0.011008136, 0.0039356698
  0.99407, 0.010939976, 0.0039356698
  0.99407, 0.011203849, 0.0039356698
  0.99407, 0.010996577, 0.0039356698
  0.99407, 0.010951934, 0.0039356698
  0.99407, 0.011936077, 0.0039356698
  0.99407, 0.011944846, 0.0039356698
  0.99407, 0.011918539, 0.0039356698
  0.99407, 0.011369666, 0.0039356698
  0.99407, 0.011790987, 0.0039356698
  0.99407, 0.010185426, 0.0039356698
  0.99407, 0.010059867, 0.0039356698
  0.99407, 0.012643592, 0.0039356698
  0.99407, 0.011785805, 0.0039356698
  0.99407, 0.011002556, 0.0039356698
  0.99407, 0.010654179, 0.0039356698
  0.99407, 0.0114454, 0.0039356698
  0.99407, 0.011330604, 0.0039356698
  0.99407, 0.011469715, 0.0039356698
  0.99407, 0.011267625, 0.0039356698
  1.000525, 0.01134017, 0.0039570798
  1.000525, 0.011184716, 0.0039570798
  1.000525, 0.012150524, 0.0039570798
  1.000525, 0.010719151, 0.0039570798
  1.000525, 0.010387117, 0.0039570798
  1.000525, 0.012408817, 0.0039570798
  1.000525, 0.010085776, 0.0039570798
  1.000525, 0.008685494, 0.0039570798
  1.000525, 0.011296324, 0.0039570798
  1.000525, 0.010758214, 0.0039570798
  1.000525, 0.010612725, 0.0039570798
  1.000525, 0.011657854, 0.0039570798
  1.000525, 0.010160713, 0.0039570798
  1.000525, 0.011242114, 0.0039570798
  1.000525, 0.012336271, 0.0039570798
  1.000525, 0.011055968, 0.0039570798
  1.000525, 0.011586106, 0.0039570798
  1.000525, 0.012642795, 0.0039570798
  1.000525, 0.012354208, 0.0039570798
  1.000525, 0.012327901, 0.0039570798
  1.000525, 0.012088342, 0.0039570798
  1.00698, 0.010530215, 0.0039784196
  1.00698, 0.012305978, 0.0039784196
  1.00698, 0.011366876, 0.0039784196
  1.00698, 0.011953615, 0.0039784196
  1.00698, 0.010464446, 0.0039784196
  1.00698, 0.012713347, 0.0039784196
  1.00698, 0.011682169, 0.0039784196
  1.00698, 0.010992591, 0.0039784196
  1.00698, 0.012175237, 0.0039784196
  1.00698, 0.012340656, 0.0039784196
  1.00698, 0.012502488, 0.0039784196
  1.00698, 0.011976336, 0.0039784196
  1.00698, 0.011112569, 0.0039784196
  1.00698, 0.010619103, 0.0039784196
  1.00698, 0.010677298, 0.0039784196
  1.00698, 0.010869822, 0.0039784196
  1.00698, 0.012343845, 0.0039784196
  1.00698, 0.011378834, 0.0039784196
  1.013435, 0.011903392, 0.0039996888
  1.013435, 0.010749046, 0.0039996888
  1.013435, 0.010977843, 0.0039996888
  1.013435, 0.011444603, 0.0039996888
  1.013435, 0.01143424, 0.0039996888
  1.013435, 0.01229681, 0.0039996888
  1.013435, 0.011618791, 0.0039996888
  1.013435, 0.01095871, 0.0039996888
  1.013435, 0.011080283, 0.0039996888
  1.013435, 0.011981916, 0.0039996888
  1.013435, 0.011164387, 0.0039996888
  1.013435, 0.011598861, 0.0039996888
  1.013435, 0.011306289, 0.0039996888
  1.013435, 0.011502002, 0.0039996888
  1.013435, 0.011633938, 0.0039996888
  1.013435, 0.012502886, 0.0039996888
  1.013435, 0.011984308, 0.0039996888
  1.013435, 0.010335698, 0.0039996888
  1.013435, 0.012034133, 0.0039996888
  1.013435, 0.012767158, 0.0039996888
  1.013435, 0.011799756, 0.0039996888
  1.01989, 0.012519229, 0.0040208875
  1.01989, 0.011079087, 0.0040208875
  1.01989, 0.011563785, 0.0040208875
  1.01989, 0.010794885, 0.0040208875
  1.01989, 0.011801749, 0.0040208875
  1.01989, 0.010507495, 0.0040208875
  1.01989, 0.012199153, 0.0040208875
  1.01989, 0.010915262, 0.0040208875
  1.01989, 0.011211422, 0.0040208875
  1.01989, 0.01165905, 0.0040208875
  1.01989, 0.011809322, 0.0040208875
  1.01989, 0.010802459, 0.0040208875
  1.01989, 0.011279981, 0.0040208875
  1.01989, 0.011246898, 0.0040208875
  1.01989, 0.011439023, 0.0040208875
  1.01989, 0.011014115, 0.0040208875
  1.026345, 0.012014601, 0.0040420154
  1.026345, 0.011914553, 0.0040420154
  1.026345, 0.011772651, 0.0040420154
  1.026345, 0.011870308, 0.0040420154
  1.026345, 0.010432159, 0.0040420154
  1.026345, 0.012179223, 0.0040420154
  1.026345, 0.012146538, 0.0040420154
  1.026345, 0.011332995, 0.0040420154
  1.026345, 0.011039626, 0.0040420154
  1.026345, 0.011551029, 0.0040420154
  1.026345, 0.010701613, 0.0040420154
  1.026345, 0.012076384, 0.0040420154
  1.026345, 0.010886165, 0.0040420154
  1.026345, 0.010651389, 0.0040420154
  1.026345, 0.010428572, 0.0040420154
  1.026345, 0.012844486, 0.0040420154
  1.026345, 0.011033647, 0.0040420154
  1.026345, 0.01271255, 0.0040420154
  1.026345, 0.011739966, 0.0040420154
  1.026345, 0.011269618, 0.0040420154
  1.026345, 0.011509575, 0.0040420154
  1.026345, 0.011497218, 0.0040420154
  1.026345, 0.011720833, 0.0040420154
  1.026345, 0.012055258, 0.0040420154
  1.026345, 0.011249289, 0.0040420154
  1.026345, 0.011495624, 0.0040420154
  1.026345, 0.011951224, 0.0040420154
  1.026345, 0.010698424, 0.0040420154
  1.026345, 0.010049105, 0.0040420154
  1.0328, 0.011872301, 0.0040630724
  1.0328, 0.010981829, 0.0040630724
  1.0328, 0.011476491, 0.0040630724
  1.0328, 0.010336097, 0.0040630724
  1.0328, 0.011150436, 0.0040630724
  1.0328, 0.011871902, 0.0040630724
  1.0328, 0.012506872, 0.0040630724
  1.0328, 0.010905297, 0.0040630724
  1.0328, 0.012244992, 0.0040630724
  1.0328, 0.012124615, 0.0040630724
  1.0328, 0.010472816, 0.0040630724
  1.0328, 0.010566089, 0.0040630724
  1.0328, 0.010172671, 0.0040630724
  1.0328, 0.011174751, 0.0040630724
  1.0328, 0.012420775, 0.0040630724
  1.0328, 0.012338663, 0.0040630724
  1.0328, 0.012037321, 0.0040630724
  1.0328, 0.011077094, 0.0040630724
  1.0328, 0.011668616, 0.0040630724
  1.0328, 0.010176258, 0.0040630724
  1.0328, 0.011844399, 0.0040630724
  1.0328, 0.011659847, 0.0040630724
  1.0328, 0.011950825, 0.0040630724
  1.0328, 0.011682567, 0.0040630724
  1.0328, 0.010791696, 0.0040630724
  1.0328, 0.011957203, 0.0040630724
  1.039255, 0.01044332, 0.0040840583
  1.039255, 0.011408331, 0.0040840583
  1.039255, 0.010401467, 0.0040840583
  1.039255, 0.011576141, 0.0040840583
  1.039255, 0.011095031, 0.0040840583
  1.039255, 0.011665428, 0.0040840583
  1.039255, 0.01177305, 0.0040840583
  1.039255, 0.011446995, 0.0040840583
  1.039255, 0.011471309, 0.0040840583
  1.039255, 0.01093599, 0.0040840583
  1.039255, 0.01127759, 0.0040840583
  1.039255, 0.011311869, 0.0040840583
  1.039255, 0.012102293, 0.0040840583
  1.039255, 0.012139762, 0.0040840583
  1.039255, 0.01103843, 0.0040840583
  1.039255, 0.011319044, 0.0040840583
  1.039255, 0.010425383, 0.0040840583
  1.039255, 0.011704889, 0.0040840583
  1.039255, 0.0099000282, 0.0040840583
  1.039255, 0.011808525, 0.0040840583
  1.039255, 0.010873011, 0.0040840583
  1.039255, 0.011960392, 0.0040840583
  1.04571, 0.012663123, 0.004104973
  1.04571, 0.010814018, 0.004104973
  1.04571, 0.012077979, 0.004104973
  1.04571, 0.011277988, 0.004104973
  1.04571, 0.010900116, 0.004104973
  1.04571, 0.011902595, 0.004104973
  1.04571, 0.01116638, 0.004104973
  1.04571, 0.010957115, 0.004104973
  1.04571, 0.010778543, 0.004104973
  1.04571, 0.010179447, 0.004104973
  1.04571, 0.010344069, 0.004104973
  1.04571, 0.010853081, 0.004104973
  1.04571, 0.011811714, 0.004104973
  1.04571, 0.011752721, 0.004104973
  1.04571, 0.011351331, 0.004104973
  1.04571, 0.011870308, 0.004104973
  1.04571, 0.011238128, 0.004104973
  1.04571, 0.011248492, 0.004104973
  1.04571, 0.011272408, 0.004104973
  1.04571, 0.01062548, 0.004104973
  1.04571, 0.01112094, 0.004104973
  1.052165, 0.011798959, 0.0041258164
  1.052165, 0.011156017, 0.0041258164
  1.052165, 0.010740676, 0.0041258164
  1.052165, 0.012072398, 0.0041258164
  1.052165, 0.010678494, 0.0041258164
  1.052165, 0.011532694, 0.0041258164
  1.052165, 0.012406824, 0.0041258164
  1.052165, 0.011211422, 0.0041258164
  1.052165, 0.009658078, 0.0041258164
  1.052165, 0.01082199, 0.0041258164
  1.052165, 0.010446907, 0.0041258164
  1.052165, 0.011366478, 0.0041258164
  1.052165, 0.011076297, 0.0041258164
  1.052165, 0.011865126, 0.0041258164
  1.052165, 0.0095648056, 0.0041258164
  1.052165, 0.010857864, 0.0041258164
  1.052165, 0.011670211, 0.0041258164
  1.052165, 0.010996178, 0.0041258164
  1.052165, 0.010261558, 0.0041258164
  1.052165, 0.011076297, 0.0041258164
  1.052165, 0.011995468, 0.0041258164
  1.052165, 0.012604928, 0.0041258164
  1.052165, 0.011295128, 0.0041258164
  1.052165, 0.008759235, 0.0041258164
  1.052165, 0.010886165, 0.0041258164
  1.05862, 0.012228649, 0.0041465882
  1.05862, 0.0099638042, 0.0041465882
  1.05862, 0.011145653, 0.0041465882
  1.05862, 0.012219482, 0.0041465882
  1.05862, 0.011780224, 0.0041465882
  1.05862, 0.011948434, 0.0041465882
  1.05862, 0.012217887, 0.0041465882
  1.05862, 0.011499211, 0.0041465882
  1.05862, 0.011370065, 0.0041465882
  1.05862, 0.012529194, 0.0041465882
  1.05862, 0.011094632, 0.0041465882
  1.05862, 0.011609624, 0.0041465882
  1.05862, 0.010602361, 0.0041465882
  1.05862, 0.012274488, 0.0041465882
  1.05862, 0.010738683, 0.0041465882
  1.05862, 0.011496023, 0.0041465882
  1.05862, 0.011474897, 0.0041465882
  1.05862, 0.010384327, 0.0041465882
  1.05862, 0.012400446, 0.0041465882
  1.05862, 0.011435037, 0.0041465882
  1.05862, 0.010150349, 0.0041465882
  1.05862, 0.011544652, 0.0041465882
  1.05862, 0.012388488, 0.0041465882
  1.05862, 0.011622777, 0.0041465882
  1.065075, 0.01275241, 0.0041672885
  1.065075, 0.010934395, 0.0041672885
  1.065075, 0.010836738, 0.0041672885
  1.065075, 0.010493544, 0.0041672885
  1.065075, 0.011379631, 0.0041672885
  1.065075, 0.010954724, 0.0041672885
  1.065075, 0.012404033, 0.0041672885
  1.065075, 0.011647092, 0.0041672885
  1.065075, 0.0097290288, 0.0041672885
  1.065075, 0.011106989, 0.0041672885
  1.065075, 0.011430254, 0.0041672885
  1.065075, 0.011880672, 0.0041672885
  1.065075, 0.010033958, 0.0041672885
  1.065075, 0.010704403, 0.0041672885
  1.065075, 0.0111608, 0.0041672885
  1.065075, 0.011900203, 0.0041672885
  1.065075, 0.011523925, 0.0041672885
  1.065075, 0.010300223, 0.0041672885
  1.065075, 0.011929699, 0.0041672885
  1.07153, 0.011114164, 0.004187917
  1.07153, 0.011618791, 0.004187917
  1.07153, 0.011436631, 0.004187917
  1.07153, 0.009857378, 0.004187917
  1.07153, 0.011209031, 0.004187917
  1.07153, 0.011268422, 0.004187917
  1.07153, 0.0094221068, 0.004187917
  1.07153, 0.012316341, 0.004187917
  1.07153, 0.0088397522, 0.004187917
  1.07153, 0.011415505, 0.004187917
  1.07153, 0.011545848, 0.004187917
  1.07153, 0.012142552, 0.004187917
  1.07153, 0.010387117, 0.004187917
  1.07153, 0.011840014, 0.004187917
  1.07153, 0.010857465, 0.004187917
  1.07153, 0.011902595, 0.004187917
  1.07153, 0.010582431, 0.004187917
  1.07153, 0.011289149, 0.004187917
  1.07153, 0.012089139, 0.004187917
  1.07153, 0.0124136, 0.004187917
  1.07153, 0.011552624, 0.004187917
  1.07153, 0.012284453, 0.004187917
  1.07153, 0.0098159236, 0.004187917
  1.07153, 0.011464932, 0.004187917
  1.07153, 0.011376841, 0.004187917
  1.07153, 0.011566973, 0.004187917
  1.077985, 0.01184121, 0.0042084737
  1.077985, 0.010768976, 0.0042084737
  1.077985, 0.011787798, 0.0042084737
  1.077985, 0.011682567, 0.0042084737
  1.077985, 0.01209751, 0.0042084737
  1.077985, 0.011174751, 0.0042084737
  1.077985, 0.010031168, 0.0042084737
  1.077985, 0.011722826, 0.0042084737
  1.077985, 0.010491949, 0.0042084737
  1.077985, 0.011570561, 0.0042084737
  1.077985, 0.011114562, 0.0042084737
  1.077985, 0.011265632, 0.0042084737
  1.077985, 0.011490044, 0.0042084737
  1.08444, 0.011091444, 0.0042289584
  1.08444, 0.011128912, 0.0042289584
  1.08444, 0.010712774, 0.0042289584
  1.08444, 0.011430254, 0.0042289584
  1.08444, 0.01164191, 0.0042289584
  1.08444, 0.010871416, 0.0042289584
  1.08444, 0.010102517, 0.0042289584
  1.08444, 0.0096513018, 0.0042289584
  1.08444, 0.011450184, 0.0042289584
  1.08444, 0.011173555, 0.0042289584
  1.08444, 0.010518655, 0.0042289584
  1.08444, 0.011891434, 0.0042289584
  1.08444, 0.012032937, 0.0042289584
  1.08444, 0.0096018754, 0.0042289584
  1.08444, 0.010532606, 0.0042289584
  1.08444, 0.011453372, 0.0042289584
  1.08444, 0.011507183, 0.0042289584
  1.08444, 0.010892941, 0.0042289584
  1.08444, 0.012128202, 0.0042289584
  1.08444, 0.011946839, 0.0042289584
  1.090895, 0.011600456, 0.004249371
  1.090895, 0.0093188694, 0.004249371
  1.090895, 0.011086262, 0.004249371
  1.090895, 0.012621669, 0.004249371
  1.090895, 0.009877308, 0.004249371
  1.090895, 0.011296324, 0.004249371
  1.090895, 0.012175636, 0.004249371
  1.090895, 0.010884969, 0.004249371
  1.090895, 0.011553022, 0.004249371
  1.090895, 0.011440617, 0.004249371
  1.090895, 0.011270415, 0.004249371
  1.090895, 0.011254471, 0.004249371
  1.090895, 0.010745459, 0.004249371
  1.090895, 0.011036038, 0.004249371
  1.090895, 0.010865836, 0.004249371
  1.090895, 0.011284765, 0.004249371
  1.090895, 0.012181615, 0.004249371
  1.090895, 0.011030856, 0.004249371
  1.090895, 0.011657456, 0.004249371
  1.090895, 0.011968762, 0.004249371
  1.090895, 0.012165272, 0.004249371
  1.09735, 0.011141269, 0.0042697114
  1.09735, 0.010874605, 0.0042697114
  1.09735, 0.010328125, 0.0042697114
  1.09735, 0.011420289, 0.0042697114
  1.09735, 0.011671407, 0.0042697114
  1.09735, 0.011356911, 0.0042697114
  1.09735, 0.012362978, 0.0042697114
  1.09735, 0.0113601, 0.0042697114
  1.09735, 0.011534288, 0.0042697114
  1.09735, 0.010999766, 0.0042697114
  1.09735, 0.012890325, 0.0042697114
  1.09735, 0.0099080002, 0.0042697114
  1.09735, 0.010978241, 0.0042697114
  1.09735, 0.012374138, 0.0042697114
  1.09735, 0.010156328, 0.0042697114
  1.09735, 0.01173877, 0.0042697114
  1.09735, 0.01185835, 0.0042697114
  1.09735, 0.012408019, 0.0042697114
  1.09735, 0.011121737, 0.0042697114
  1.09735, 0.010737088, 0.0042697114
  1.09735, 0.010645809, 0.0042697114
  1.09735, 0.012397257, 0.0042697114
  1.103805, 0.011869112, 0.0042899795
  1.103805, 0.0096668472, 0.0042899795
  1.103805, 0.011106192, 0.0042899795
  1.103805, 0.010075014, 0.0042899795
  1.103805, 0.011560596, 0.0042899795
  1.103805, 0.010684872, 0.0042899795
  1.103805, 0.012267712, 0.0042899795
  1.103805, 0.010122048, 0.0042899795
  1.103805, 0.012579019, 0.0042899795
  1.103805, 0.011885853, 0.0042899795
  1.103805, 0.011813707, 0.0042899795
  1.103805, 0.010603557, 0.0042899795
  1.103805, 0.011010926, 0.0042899795
  1.103805, 0.010373565, 0.0042899795
  1.103805, 0.011705686, 0.0042899795
  1.103805, 0.01077934, 0.0042899795
  1.103805, 0.011336981, 0.0042899795
  1.103805, 0.012140559, 0.0042899795
  1.103805, 0.01207758, 0.0042899795
  1.103805, 0.010848298, 0.0042899795
  1.103805, 0.01113808, 0.0042899795
  1.11026, 0.011695721, 0.0043101752
  1.11026, 0.011986301, 0.0043101752
  1.11026, 0.011725616, 0.0043101752
  1.11026, 0.010245216, 0.0043101752
  1.11026, 0.011124527, 0.0043101752
  1.11026, 0.011926909, 0.0043101752
  1.11026, 0.01217165, 0.0043101752
  1.11026, 0.012549124, 0.0043101752
  1.11026, 0.011197073, 0.0043101752
  1.11026, 0.01144261, 0.0043101752
  1.11026, 0.01188386, 0.0043101752
  1.11026, 0.010829563, 0.0043101752
  1.11026, 0.0095237498, 0.0043101752
  1.11026, 0.010572865, 0.0043101752
  1.11026, 0.011709274, 0.0043101752
  1.11026, 0.011513162, 0.0043101752
  1.116715, 0.011629554, 0.0043302983
  1.116715, 0.010396684, 0.0043302983
  1.116715, 0.0083096142, 0.0043302983
  1.116715, 0.01025837, 0.0043302983
  1.116715, 0.01140554, 0.0043302983
  1.116715, 0.011564183, 0.0043302983
  1.116715, 0.0089138918, 0.0043302983
  1.116715, 0.011752322, 0.0043302983
  1.116715, 0.010980633, 0.0043302983
  1.116715, 0.010833948, 0.0043302983
  1.116715, 0.012325111, 0.0043302983
  1.116715, 0.011583316, 0.0043302983
  1.116715, 0.010945955, 0.0043302983
  1.116715, 0.012309565, 0.0043302983
  1.116715, 0.010080195, 0.0043302983
  1.116715, 0.011997461, 0.0043302983
  1.116715, 0.011901399, 0.0043302983
  1.116715, 0.012039314, 0.0043302983
  1.12317, 0.011566176, 0.0043503489
  1.12317, 0.012770347, 0.0043503489
  1.12317, 0.009841434, 0.0043503489
  1.12317, 0.01037795, 0.0043503489
  1.12317, 0.010215719, 0.0043503489
  1.12317, 0.0095699874, 0.0043503489
  1.12317, 0.010288663, 0.0043503489
  1.12317, 0.011276793, 0.0043503489
  1.12317, 0.011339373, 0.0043503489
  1.12317, 0.012534376, 0.0043503489
  1.12317, 0.012265321, 0.0043503489
  1.12317, 0.009889266, 0.0043503489
  1.12317, 0.010995381, 0.0043503489
  1.12317, 0.011239324, 0.0043503489
  1.12317, 0.011222982, 0.0043503489
  1.12317, 0.010822389, 0.0043503489
  1.12317, 0.011998259, 0.0043503489
  1.12317, 0.011370464, 0.0043503489
  1.12317, 0.009514582, 0.0043503489
  1.12317, 0.012215894, 0.0043503489
  1.12317, 0.011010528, 0.0043503489
  1.12317, 0.012074391, 0.0043503489
  1.12317, 0.012652361, 0.0043503489
  1.129625, 0.012172845, 0.0043703268
  1.129625, 0.010825179, 0.0043703268
  1.129625, 0.011131304, 0.0043703268
  1.129625, 0.010702011, 0.0043703268
  1.129625, 0.010382334, 0.0043703268
  1.129625, 0.0093802538, 0.0043703268
  1.129625, 0.012059244, 0.0043703268
  1.129625, 0.011089451, 0.0043703268
  1.129625, 0.011130905, 0.0043703268
  1.129625, 0.010851088, 0.0043703268
  1.129625, 0.011351729, 0.0043703268
  1.129625, 0.010827969, 0.0043703268
  1.129625, 0.011615204, 0.0043703268
  1.129625, 0.011507183, 0.0043703268
  1.129625, 0.011749931, 0.0043703268
  1.129625, 0.011897811, 0.0043703268
  1.129625, 0.010711578, 0.0043703268
  1.129625, 0.011095828, 0.0043703268
  1.129625, 0.011362492, 0.0043703268
  1.13608, 0.011371659, 0.0043902318
  1.13608, 0.011452575, 0.0043902318
  1.13608, 0.012785892, 0.0043902318
  1.13608, 0.012027356, 0.0043902318
  1.13608, 0.010972262, 0.0043902318
  1.13608, 0.011138877, 0.0043902318
  1.13608, 0.0092977436, 0.0043902318
  1.13608, 0.011111374, 0.0043902318
  1.13608, 0.010655774, 0.0043902318
  1.13608, 0.011356513, 0.0043902318
  1.13608, 0.009135912, 0.0043902318
  1.13608, 0.011762686, 0.0043902318
  1.13608, 0.01231674, 0.0043902318
  1.13608, 0.012419977, 0.0043902318
  1.13608, 0.011008933, 0.0043902318
  1.13608, 0.010611529, 0.0043902318
  1.13608, 0.01203772, 0.0043902318
  1.13608, 0.011321436, 0.0043902318
  1.13608, 0.012009419, 0.0043902318
  1.13608, 0.010546159, 0.0043902318
  1.13608, 0.012284055, 0.0043902318
  1.13608, 0.012665116, 0.0043902318
  1.13608, 0.010203761, 0.0043902318
  1.13608, 0.012201146, 0.0043902318
  1.13608, 0.010959507, 0.0043902318
  1.13608, 0.012761578, 0.0043902318
  1.142535, 0.010412229, 0.004410064
  1.142535, 0.01163912, 0.004410064
  1.142535, 0.011074304, 0.004410064
  1.142535, 0.011415505, 0.004410064
  1.142535, 0.011531099, 0.004410064
  1.142535, 0.010578047, 0.004410064
  1.142535, 0.010661753, 0.004410064
  1.142535, 0.012067216, 0.004410064
  1.142535, 0.012070007, 0.004410064
  1.142535, 0.01156498, 0.004410064
  1.142535, 0.010655774, 0.004410064
  1.142535, 0.011731994, 0.004410064
  1.142535, 0.012252167, 0.004410064
  1.142535, 0.012568655, 0.004410064
  1.142535, 0.0107052, 0.004410064
  1.142535, 0.011583715, 0.004410064
  1.14899, 0.010049902, 0.0044298233
  1.14899, 0.011318247, 0.0044298233
  1.14899, 0.011191891, 0.0044298233
  1.14899, 0.0089059198, 0.0044298233
  1.14899, 0.011863133, 0.0044298233
  1.14899, 0.011527512, 0.0044298233
  1.14899, 0.011999454, 0.0044298233
  1.14899, 0.011833238, 0.0044298233
  1.14899, 0.012005433, 0.0044298233
  1.14899, 0.011732791, 0.0044298233
  1.14899, 0.010735095, 0.0044298233
  1.14899, 0.011973545, 0.0044298233
  1.14899, 0.011914951, 0.0044298233
  1.14899, 0.011085863, 0.0044298233
  1.14899, 0.011452575, 0.0044298233
  1.14899, 0.012019384, 0.0044298233
  1.14899, 0.010487565, 0.0044298233
  1.14899, 0.011042017, 0.0044298233
  1.14899, 0.0118727, 0.0044298233
  1.14899, 0.012275286, 0.0044298233
  1.14899, 0.010840326, 0.0044298233
  1.14899, 0.009823497, 0.0044298233
  1.14899, 0.012128999, 0.0044298233
  1.155445, 0.011283967, 0.0044495095
  1.155445, 0.009980944, 0.0044495095
  1.155445, 0.011551827, 0.0044495095
  1.155445, 0.011902196, 0.0044495095
  1.155445, 0.012110664, 0.0044495095
  1.155445, 0.011539869, 0.0044495095
  1.155445, 0.012153713, 0.0044495095
  1.155445, 0.009317275, 0.0044495095
  1.155445, 0.011071115, 0.0044495095
  1.155445, 0.011260051, 0.0044495095
  1.155445, 0.011900602, 0.0044495095
  1.155445, 0.012135377, 0.0044495095
  1.155445, 0.012674683, 0.0044495095
  1.155445, 0.012694214, 0.0044495095
  1.155445, 0.011504792, 0.0044495095
  1.155445, 0.012631634, 0.0044495095
  1.155445, 0.011327813, 0.0044495095
  1.155445, 0.012158496, 0.0044495095
  1.155445, 0.011870308, 0.0044495095
  1.155445, 0.011599659, 0.0044495095
  1.155445, 0.012963668, 0.0044495095
  1.155445, 0.011482869, 0.0044495095
  1.155445, 0.01059997, 0.0044495095
  1.1619, 0.01163354, 0.0044691226
  1.1619, 0.011449386, 0.0044691226
  1.1619, 0.011512365, 0.0044691226
  1.1619, 0.012694613, 0.0044691226
  1.1619, 0.010881381, 0.0044691226
  1.1619, 0.010826773, 0.0044691226
  1.1619, 0.012156901, 0.0044691226
  1.1619, 0.012278076, 0.0044691226
  1.1619, 0.01109543, 0.0044691226
  1.1619, 0.010996975, 0.0044691226
  1.1619, 0.012155706, 0.0044691226
  1.1619, 0.011663435, 0.0044691226
  1.1619, 0.011075101, 0.0044691226
  1.1619, 0.01189542, 0.0044691226
  1.1619, 0.012406824, 0.0044691226
  1.1619, 0.010458865, 0.0044691226
  1.1619, 0.011785008, 0.0044691226
  1.1619, 0.0122143, 0.0044691226
  1.1619, 0.012344243, 0.0044691226
  1.1619, 0.01145975, 0.0044691226
  1.1619, 0.012045692, 0.0044691226
  1.1619, 0.012446285, 0.0044691226
  1.1619, 0.01207758, 0.0044691226
  1.1619, 0.011452974, 0.0044691226
  1.1619, 0.012172048, 0.0044691226
  1.168355, 0.011542659, 0.0044886626
  1.168355, 0.01143982, 0.0044886626
  1.168355, 0.011249289, 0.0044886626
  1.168355, 0.011504792, 0.0044886626
  1.168355, 0.010621096, 0.0044886626
  1.168355, 0.010474012, 0.0044886626
  1.168355, 0.012723711, 0.0044886626
  1.168355, 0.010398677, 0.0044886626
  1.168355, 0.011301107, 0.0044886626
  1.168355, 0.01114366, 0.0044886626
  1.168355, 0.010587613, 0.0044886626
  1.168355, 0.0094360578, 0.0044886626
  1.168355, 0.012433131, 0.0044886626
  1.168355, 0.010902507, 0.0044886626
  1.168355, 0.010914465, 0.0044886626
  1.168355, 0.01182128, 0.0044886626
  1.168355, 0.010618305, 0.0044886626
  1.17481, 0.01165347, 0.0045081293
  1.17481, 0.01259018, 0.0045081293
  1.17481, 0.012199552, 0.0045081293
  1.17481, 0.011840812, 0.0045081293
  1.17481, 0.010495138, 0.0045081293
  1.17481, 0.011222184, 0.0045081293
  1.17481, 0.012671893, 0.0045081293
  1.17481, 0.010949143, 0.0045081293
  1.17481, 0.012300397, 0.0045081293
  1.17481, 0.011982713, 0.0045081293
  1.17481, 0.012146139, 0.0045081293
  1.17481, 0.01097864, 0.0045081293
  1.17481, 0.011557407, 0.0045081293
  1.17481, 0.012723711, 0.0045081293
  1.17481, 0.012123419, 0.0045081293
  1.17481, 0.012166069, 0.0045081293
  1.17481, 0.011587701, 0.0045081293
  1.17481, 0.01154226, 0.0045081293
  1.17481, 0.011672204, 0.0045081293
  1.17481, 0.011447792, 0.0045081293
  1.17481, 0.011028863, 0.0045081293
  1.17481, 0.010685669, 0.0045081293
  1.17481, 0.012081965, 0.0045081293
  1.17481, 0.011497218, 0.0045081293
  1.17481, 0.011413512, 0.0045081293
  1.17481, 0.01193528, 0.0045081293
  1.17481, 0.012501292, 0.0045081293
  1.17481, 0.010870619, 0.0045081293
  1.17481, 0.011966769, 0.0045081293
  1.17481, 0.012434726, 0.0045081293
  1.17481, 0.011549036, 0.0045081293
  1.17481, 0.011808126, 0.0045081293
  1.181265, 0.011458554, 0.0045275227
  1.181265, 0.010888955, 0.0045275227
  1.181265, 0.009733812, 0.0045275227
  1.181265, 0.011889042, 0.0045275227
  1.181265, 0.011922525, 0.0045275227
  1.181265, 0.012036524, 0.0045275227
  1.181265, 0.01181291, 0.0045275227
  1.181265, 0.010852682, 0.0045275227
  1.181265, 0.010666935, 0.0045275227
  1.181265, 0.011588498, 0.0045275227
  1.181265, 0.012738857, 0.0045275227
  1.181265, 0.0092164292, 0.0045275227
  1.181265, 0.012455453, 0.0045275227
  1.181265, 0.011899007, 0.0045275227
  1.181265, 0.010497131, 0.0045275227
  1.181265, 0.010998171, 0.0045275227
  1.181265, 0.011185115, 0.0045275227
  1.181265, 0.011846392, 0.0045275227
  1.181265, 0.012109867, 0.0045275227
  1.181265, 0.0087042282, 0.0045275227
  1.181265, 0.011820882, 0.0045275227
  1.181265, 0.01209751, 0.0045275227
  1.181265, 0.011550232, 0.0045275227
  1.181265, 0.011928504, 0.0045275227
  1.181265, 0.0097015254, 0.0045275227
  1.181265, 0.01040904, 0.0045275227
  1.18772, 0.010336894, 0.0045468428
  1.18772, 0.011275198, 0.0045468428
  1.18772, 0.012094321, 0.0045468428
  1.18772, 0.010935192, 0.0045468428
  1.18772, 0.011830847, 0.0045468428
  1.18772, 0.010871018, 0.0045468428
  1.18772, 0.011762686, 0.0045468428
  1.18772, 0.010773361, 0.0045468428
  1.18772, 0.011646693, 0.0045468428
  1.18772, 0.011862336, 0.0045468428
  1.18772, 0.011986301, 0.0045468428
  1.18772, 0.011338576, 0.0045468428
  1.18772, 0.011770658, 0.0045468428
  1.18772, 0.011863133, 0.0045468428
  1.18772, 0.010534201, 0.0045468428
  1.18772, 0.01066813, 0.0045468428
  1.18772, 0.011564183, 0.0045468428
  1.18772, 0.011783015, 0.0045468428
  1.18772, 0.012008622, 0.0045468428
  1.18772, 0.011617197, 0.0045468428
  1.18772, 0.011237331, 0.0045468428
  1.18772, 0.010414621, 0.0045468428
  1.18772, 0.011415505, 0.0045468428
  1.18772, 0.011427862, 0.0045468428
  1.18772, 0.010834347, 0.0045468428
  1.18772, 0.010957115, 0.0045468428
  1.18772, 0.010644214, 0.0045468428
  1.18772, 0.011337778, 0.0045468428
  1.18772, 0.011941657, 0.0045468428
  1.18772, 0.01052025, 0.0045468428
  1.18772, 0.011504792, 0.0045468428
  1.194175, 0.012330292, 0.0045660894
  1.194175, 0.012902283, 0.0045660894
  1.194175, 0.011318247, 0.0045660894
  1.194175, 0.010951136, 0.0045660894
  1.194175, 0.0097489588, 0.0045660894
  1.194175, 0.010995381, 0.0045660894
  1.194175, 0.010513474, 0.0045660894
  1.194175, 0.011727609, 0.0045660894
  1.194175, 0.010906892, 0.0045660894
  1.194175, 0.011741959, 0.0045660894
  1.194175, 0.012185601, 0.0045660894
  1.194175, 0.010849493, 0.0045660894
  1.194175, 0.011651078, 0.0045660894
  1.194175, 0.011557008, 0.0045660894
  1.194175, 0.011901, 0.0045660894
  1.194175, 0.011455764, 0.0045660894
  1.194175, 0.012008224, 0.0045660894
  1.194175, 0.010284279, 0.0045660894
  1.194175, 0.011592085, 0.0045660894
  1.194175, 0.011136087, 0.0045660894
  1.194175, 0.012181615, 0.0045660894
  1.194175, 0.011723623, 0.0045660894
  1.194175, 0.011532694, 0.0045660894
  1.194175, 0.010833948, 0.0045660894
  1.194175, 0.012023769, 0.0045660894
  1.194175, 0.011389596, 0.0045660894
  1.194175, 0.012202342, 0.0045660894
  1.194175, 0.010891745, 0.0045660894
  1.20063, 0.012251768, 0.0045852626
  1.20063, 0.012236223, 0.0045852626
  1.20063, 0.01245904, 0.0045852626
  1.20063, 0.012202342, 0.0045852626
  1.20063, 0.012596956, 0.0045852626
  1.20063, 0.011720434, 0.0045852626
  1.20063, 0.010529816, 0.0045852626
  1.20063, 0.011719637, 0.0045852626
  1.20063, 0.010647802, 0.0045852626
  1.20063, 0.010690452, 0.0045852626
  1.20063, 0.011532295, 0.0045852626
  1.20063, 0.011908175, 0.0045852626
  1.20063, 0.01004472, 0.0045852626
  1.20063, 0.012549124, 0.0045852626
  1.20063, 0.011181129, 0.0045852626
  1.20063, 0.012626851, 0.0045852626
  1.20063, 0.011635134, 0.0045852626
  1.20063, 0.01067969, 0.0045852626
  1.20063, 0.012218286, 0.0045852626
  1.20063, 0.010650193, 0.0045852626
  1.20063, 0.011144856, 0.0045852626
  1.20063, 0.010758613, 0.0045852626
  1.20063, 0.011335785, 0.0045852626
  1.20063, 0.010884969, 0.0045852626
  1.20063, 0.012345439, 0.0045852626
  1.20063, 0.011741162, 0.0045852626
  1.20063, 0.01228246, 0.0045852626
  1.20063, 0.010930409, 0.0045852626
  1.20063, 0.012113853, 0.0045852626
  1.20063, 0.012068811, 0.0045852626
  1.20063, 0.012030944, 0.0045852626
  1.20063, 0.010967479, 0.0045852626
  1.20063, 0.012288439, 0.0045852626
  1.20063, 0.011443009, 0.0045852626
  1.20063, 0.011912958, 0.0045852626
  1.20063, 0.01016709, 0.0045852626
  1.20063, 0.008803081, 0.0045852626
  1.20063, 0.011205045, 0.0045852626
  1.20063, 0.011793777, 0.0045852626
  1.20063, 0.0109045, 0.0045852626
  1.20063, 0.011708078, 0.0045852626
  1.20063, 0.012444292, 0.0045852626
  1.20063, 0.010678893, 0.0045852626
  1.207085, 0.011814105, 0.0046043623
  1.207085, 0.010752634, 0.0046043623
  1.207085, 0.011925713, 0.0046043623
  1.207085, 0.010782927, 0.0046043623
  1.207085, 0.012086748, 0.0046043623
  1.207085, 0.010302614, 0.0046043623
  1.207085, 0.01206044, 0.0046043623
  1.207085, 0.01178142, 0.0046043623
  1.207085, 0.011625169, 0.0046043623
  1.207085, 0.012956892, 0.0046043623
  1.207085, 0.01026395, 0.0046043623
  1.207085, 0.011075101, 0.0046043623
  1.207085, 0.011260849, 0.0046043623
  1.207085, 0.012380516, 0.0046043623
  1.207085, 0.0099646014, 0.0046043623
  1.207085, 0.012526802, 0.0046043623
  1.207085, 0.011583715, 0.0046043623
  1.207085, 0.0109615, 0.0046043623
  1.207085, 0.011592882, 0.0046043623
  1.207085, 0.010263153, 0.0046043623
  1.207085, 0.011487253, 0.0046043623
  1.207085, 0.011664232, 0.0046043623
  1.207085, 0.011730001, 0.0046043623
  1.207085, 0.01127759, 0.0046043623
  1.207085, 0.011176345, 0.0046043623
  1.207085, 0.011891832, 0.0046043623
  1.207085, 0.011816098, 0.0046043623
  1.207085, 0.012082762, 0.0046043623
  1.207085, 0.010837934, 0.0046043623
  1.207085, 0.012007028, 0.0046043623
  1.207085, 0.011834035, 0.0046043623
  1.207085, 0.011889441, 0.0046043623
  1.207085, 0.011105395, 0.0046043623
  1.207085, 0.012559886, 0.0046043623
  1.207085, 0.01092164, 0.0046043623
  1.207085, 0.010970668, 0.0046043623
  1.207085, 0.011463337, 0.0046043623
  1.21354, 0.012130594, 0.0046233884
  1.21354, 0.012055657, 0.0046233884
  1.21354, 0.010621494, 0.0046233884
  1.21354, 0.012476579, 0.0046233884
  1.21354, 0.010570473, 0.0046233884
  1.21354, 0.010703606, 0.0046233884
  1.21354, 0.011351331, 0.0046233884
  1.21354, 0.010282684, 0.0046233884
  1.21354, 0.011923322, 0.0046233884
  1.21354, 0.012167664, 0.0046233884
  1.21354, 0.012141755, 0.0046233884
  1.21354, 0.011702099, 0.0046233884
  1.21354, 0.010195391, 0.0046233884
  1.21354, 0.010004063, 0.0046233884
  1.21354, 0.011853965, 0.0046233884
  1.21354, 0.010975451, 0.0046233884
  1.21354, 0.01259855, 0.0046233884
  1.21354, 0.011527113, 0.0046233884
  1.21354, 0.012377726, 0.0046233884
  1.21354, 0.0112178, 0.0046233884
  1.21354, 0.011987895, 0.0046233884
  1.21354, 0.012024965, 0.0046233884
  1.21354, 0.011634735, 0.0046233884
  1.21354, 0.0098956436, 0.0046233884
  1.21354, 0.010791298, 0.0046233884
  1.21354, 0.011732392, 0.0046233884
  1.21354, 0.011423079, 0.0046233884
  1.21354, 0.01157375, 0.0046233884
  1.21354, 0.010979836, 0.0046233884
  1.21354, 0.011352128, 0.0046233884
  1.21354, 0.011268422, 0.0046233884
  1.21354, 0.011454568, 0.0046233884
  1.21354, 0.010874207, 0.0046233884
  1.219995, 0.010739878, 0.0046423409
  1.219995, 0.012598949, 0.0046423409
  1.219995, 0.011183122, 0.0046423409
  1.219995, 0.011448988, 0.0046423409
  1.219995, 0.011069919, 0.0046423409
  1.219995, 0.0096911618, 0.0046423409
  1.219995, 0.012643991, 0.0046423409
  1.219995, 0.01172442, 0.0046423409
  1.219995, 0.011344555, 0.0046423409
  1.219995, 0.010319355, 0.0046423409
  1.219995, 0.011622777, 0.0046423409
  1.219995, 0.012247384, 0.0046423409
  1.219995, 0.011367275, 0.0046423409
  1.219995, 0.0092678486, 0.0046423409
  1.219995, 0.010965087, 0.0046423409
  1.219995, 0.011908972, 0.0046423409
  1.219995, 0.012152915, 0.0046423409
  1.219995, 0.011823672, 0.0046423409
  1.219995, 0.01065976, 0.0046423409
  1.219995, 0.010928018, 0.0046423409
  1.219995, 0.012254558, 0.0046423409
  1.219995, 0.011695323, 0.0046423409
  1.219995, 0.01154505, 0.0046423409
  1.219995, 0.011272009, 0.0046423409
  1.219995, 0.01189263, 0.0046423409
  1.219995, 0.010526627, 0.0046423409
  1.219995, 0.009458778, 0.0046423409
  1.219995, 0.01191256, 0.0046423409
  1.219995, 0.011767469, 0.0046423409
  1.219995, 0.012440705, 0.0046423409
  1.219995, 0.011744749, 0.0046423409
  1.219995, 0.010966682, 0.0046423409
  1.22645, 0.010502711, 0.0046612199
  1.22645, 0.011669414, 0.0046612199
  1.22645, 0.01205765, 0.0046612199
  1.22645, 0.010876997, 0.0046612199
  1.22645, 0.012102692, 0.0046612199
  1.22645, 0.011690141, 0.0046612199
  1.22645, 0.012210712, 0.0046612199
  1.22645, 0.012238216, 0.0046612199
  1.22645, 0.011880273, 0.0046612199
  1.22645, 0.012145342, 0.0046612199
  1.22645, 0.012630438, 0.0046612199
  1.22645, 0.011800553, 0.0046612199
  1.22645, 0.010890151, 0.0046612199
  1.22645, 0.012610508, 0.0046612199
  1.22645, 0.010775354, 0.0046612199
  1.22645, 0.01251046, 0.0046612199
  1.22645, 0.011445799, 0.0046612199
  1.22645, 0.011714057, 0.0046612199
  1.22645, 0.010456872, 0.0046612199
  1.22645, 0.011577736, 0.0046612199
  1.22645, 0.010328125, 0.0046612199
  1.22645, 0.012077979, 0.0046612199
  1.22645, 0.01133738, 0.0046612199
  1.22645, 0.012075188, 0.0046612199
  1.22645, 0.010656571, 0.0046612199
  1.22645, 0.011051584, 0.0046612199
  1.22645, 0.010724732, 0.0046612199
  1.22645, 0.010900514, 0.0046612199
  1.22645, 0.012078377, 0.0046612199
  1.22645, 0.011256464, 0.0046612199
  1.22645, 0.011681372, 0.0046612199
  1.22645, 0.011561792, 0.0046612199
  1.22645, 0.010928815, 0.0046612199
  1.22645, 0.011763882, 0.0046612199
  1.22645, 0.01008458, 0.0046612199
  1.22645, 0.011062744, 0.0046612199
  1.22645, 0.011440219, 0.0046612199
  1.22645, 0.011903392, 0.0046612199
  1.22645, 0.011874693, 0.0046612199
  1.22645, 0.011992678, 0.0046612199
  1.22645, 0.011281576, 0.0046612199
  1.22645, 0.012139363, 0.0046612199
  1.22645, 0.011541862, 0.0046612199
  1.22645, 0.012731284, 0.0046612199
  1.22645, 0.01124331, 0.0046612199
  1.22645, 0.01159647, 0.0046612199
  1.22645, 0.011917343, 0.0046612199
  1.232905, 0.011160003, 0.0046800251
  1.232905, 0.011746343, 0.0046800251
  1.232905, 0.011215807, 0.0046800251
  1.232905, 0.011497617, 0.0046800251
  1.232905, 0.011985503, 0.0046800251
  1.232905, 0.011920532, 0.0046800251
  1.232905, 0.01113529, 0.0046800251
  1.232905, 0.012603333, 0.0046800251
  1.232905, 0.012007825, 0.0046800251
  1.232905, 0.011216205, 0.0046800251
  1.232905, 0.011961189, 0.0046800251
  1.232905, 0.01152512, 0.0046800251
  1.232905, 0.01218002, 0.0046800251
  1.232905, 0.010397481, 0.0046800251
  1.232905, 0.011700903, 0.0046800251
  1.232905, 0.011840413, 0.0046800251
  1.232905, 0.012112657, 0.0046800251
  1.232905, 0.011422282, 0.0046800251
  1.232905, 0.011170765, 0.0046800251
  1.232905, 0.011904986, 0.0046800251
  1.232905, 0.011042416, 0.0046800251
  1.232905, 0.011714057, 0.0046800251
  1.232905, 0.011088653, 0.0046800251
  1.232905, 0.011217003, 0.0046800251
  1.232905, 0.011088255, 0.0046800251
  1.232905, 0.010890549, 0.0046800251
  1.232905, 0.011457757, 0.0046800251
  1.232905, 0.011558603, 0.0046800251
  1.232905, 0.012404432, 0.0046800251
  1.232905, 0.011614008, 0.0046800251
  1.232905, 0.012186398, 0.0046800251
  1.232905, 0.011040423, 0.0046800251
  1.232905, 0.01186393, 0.0046800251
  1.232905, 0.012404831, 0.0046800251
  1.232905, 0.012469005, 0.0046800251
  1.232905, 0.011883063, 0.0046800251
  1.232905, 0.010489956, 0.0046800251
  1.232905, 0.011913755, 0.0046800251
  1.232905, 0.012445886, 0.0046800251
  1.232905, 0.011156814, 0.0046800251
  1.232905, 0.011658253, 0.0046800251
  1.232905, 0.011334191, 0.0046800251
  1.23936, 0.010996975, 0.0046987566
  1.23936, 0.011487652, 0.0046987566
  1.23936, 0.010456474, 0.0046987566
  1.23936, 0.011249289, 0.0046987566
  1.23936, 0.011239324, 0.0046987566
  1.23936, 0.011371261, 0.0046987566
  1.23936, 0.010291453, 0.0046987566
  1.23936, 0.010347257, 0.0046987566
  1.23936, 0.012762375, 0.0046987566
  1.23936, 0.011226968, 0.0046987566
  1.23936, 0.01100694, 0.0046987566
  1.23936, 0.01151396, 0.0046987566
  1.23936, 0.011285163, 0.0046987566
  1.23936, 0.012343446, 0.0046987566
  1.23936, 0.0091749748, 0.0046987566
  1.23936, 0.011525519, 0.0046987566
  1.23936, 0.011683365, 0.0046987566
  1.23936, 0.011458953, 0.0046987566
  1.23936, 0.011192289, 0.0046987566
  1.23936, 0.011719239, 0.0046987566
  1.23936, 0.011493232, 0.0046987566
  1.23936, 0.0096058614, 0.0046987566
  1.23936, 0.011928902, 0.0046987566
  1.23936, 0.012717732, 0.0046987566
  1.23936, 0.011786203, 0.0046987566
  1.23936, 0.010496334, 0.0046987566
  1.23936, 0.010960304, 0.0046987566
  1.23936, 0.010749445, 0.0046987566
  1.23936, 0.011169968, 0.0046987566
  1.23936, 0.012276481, 0.0046987566
  1.23936, 0.012425956, 0.0046987566
  1.23936, 0.011273205, 0.0046987566
  1.23936, 0.011774245, 0.0046987566
  1.23936, 0.012002643, 0.0046987566
  1.23936, 0.012365768, 0.0046987566
  1.23936, 0.011454568, 0.0046987566
  1.23936, 0.012362978, 0.0046987566
  1.23936, 0.010803256, 0.0046987566
  1.23936, 0.010982626, 0.0046987566
  1.23936, 0.011966769, 0.0046987566
  1.23936, 0.012685844, 0.0046987566
  1.245815, 0.011067926, 0.0047174145
  1.245815, 0.012555103, 0.0047174145
  1.245815, 0.010722739, 0.0047174145
  1.245815, 0.010242027, 0.0047174145
  1.245815, 0.01207479, 0.0047174145
  1.245815, 0.012742445, 0.0047174145
  1.245815, 0.011691337, 0.0047174145
  1.245815, 0.012151321, 0.0047174145
  1.245815, 0.0096505046, 0.0047174145
  1.245815, 0.011893427, 0.0047174145
  1.245815, 0.011470512, 0.0047174145
  1.245815, 0.012314348, 0.0047174145
  1.245815, 0.010438537, 0.0047174145
  1.245815, 0.010990598, 0.0047174145
  1.245815, 0.011356513, 0.0047174145
  1.245815, 0.011838021, 0.0047174145
  1.245815, 0.012301593, 0.0047174145
  1.245815, 0.011287156, 0.0047174145
  1.245815, 0.010733102, 0.0047174145
  1.245815, 0.010341278, 0.0047174145
  1.245815, 0.011748336, 0.0047174145
  1.245815, 0.011161597, 0.0047174145
  1.245815, 0.012213503, 0.0047174145
  1.245815, 0.01241918, 0.0047174145
  1.245815, 0.011990287, 0.0047174145
  1.245815, 0.011594875, 0.0047174145
  1.245815, 0.012112657, 0.0047174145
  1.245815, 0.011928504, 0.0047174145
  1.245815, 0.011540267, 0.0047174145
  1.245815, 0.011984706, 0.0047174145
  1.245815, 0.011708078, 0.0047174145
  1.245815, 0.012380516, 0.0047174145
  1.245815, 0.012382908, 0.0047174145
  1.245815, 0.011780224, 0.0047174145
  1.245815, 0.011404345, 0.0047174145
  1.245815, 0.0097166722, 0.0047174145
  1.245815, 0.011524323, 0.0047174145
  1.245815, 0.012160887, 0.0047174145
  1.245815, 0.012023769, 0.0047174145
  1.245815, 0.010571271, 0.0047174145
  1.245815, 0.01117515, 0.0047174145
  1.25227, 0.010584823, 0.0047359986
  1.25227, 0.010032762, 0.0047359986
  1.25227, 0.010866235, 0.0047359986
  1.25227, 0.012623263, 0.0047359986
  1.25227, 0.010736291, 0.0047359986
  1.25227, 0.010753032, 0.0047359986
  1.25227, 0.010909682, 0.0047359986
  1.25227, 0.011826861, 0.0047359986
  1.25227, 0.012011014, 0.0047359986
  1.25227, 0.011372058, 0.0047359986
  1.25227, 0.012699795, 0.0047359986
  1.25227, 0.010284677, 0.0047359986
  1.25227, 0.011862735, 0.0047359986
  1.25227, 0.011450184, 0.0047359986
  1.25227, 0.00988528, 0.0047359986
  1.25227, 0.012795459, 0.0047359986
  1.25227, 0.012559886, 0.0047359986
  1.25227, 0.011136087, 0.0047359986
  1.25227, 0.012285649, 0.0047359986
  1.25227, 0.011974741, 0.0047359986
  1.25227, 0.011915748, 0.0047359986
  1.25227, 0.0094332676, 0.0047359986
  1.25227, 0.01072234, 0.0047359986
  1.25227, 0.01239646, 0.0047359986
  1.25227, 0.011765875, 0.0047359986
  1.25227, 0.012580215, 0.0047359986
  1.25227, 0.012124216, 0.0047359986
  1.25227, 0.011107786, 0.0047359986
  1.25227, 0.011629155, 0.0047359986
  1.25227, 0.01059997, 0.0047359986
  1.25227, 0.012429145, 0.0047359986
  1.25227, 0.012116643, 0.0047359986
  1.25227, 0.010560508, 0.0047359986
  1.25227, 0.011887846, 0.0047359986
  1.25227, 0.012708564, 0.0047359986
  1.25227, 0.010577648, 0.0047359986
  1.25227, 0.011559799, 0.0047359986
  1.25227, 0.011372855, 0.0047359986
  1.25227, 0.011925713, 0.0047359986
  1.25227, 0.011481274, 0.0047359986
  1.25227, 0.011517148, 0.0047359986
  1.25227, 0.010312978, 0.0047359986
  1.258725, 0.010909283, 0.0047545089
  1.258725, 0.01110101, 0.0047545089
  1.258725, 0.0099299232, 0.0047545089
  1.258725, 0.011994273, 0.0047545089
  1.258725, 0.011912958, 0.0047545089
  1.258725, 0.011050388, 0.0047545089
  1.258725, 0.011789791, 0.0047545089
  1.258725, 0.011868714, 0.0047545089
  1.258725, 0.012166468, 0.0047545089
  1.258725, 0.011308681, 0.0047545089
  1.258725, 0.012656746, 0.0047545089
  1.258725, 0.011258457, 0.0047545089
  1.258725, 0.011252877, 0.0047545089
  1.258725, 0.012204733, 0.0047545089
  1.258725, 0.012743242, 0.0047545089
  1.258725, 0.010669326, 0.0047545089
  1.258725, 0.010654578, 0.0047545089
  1.258725, 0.010710382, 0.0047545089
  1.258725, 0.011362093, 0.0047545089
  1.258725, 0.011963979, 0.0047545089
  1.258725, 0.011413911, 0.0047545089
  1.258725, 0.010062657, 0.0047545089
  1.258725, 0.011839217, 0.0047545089
  1.258725, 0.012466614, 0.0047545089
  1.258725, 0.010477998, 0.0047545089
  1.258725, 0.012377726, 0.0047545089
  1.258725, 0.011770658, 0.0047545089
  1.258725, 0.010873808, 0.0047545089
  1.258725, 0.012005832, 0.0047545089
  1.258725, 0.011280779, 0.0047545089
  1.258725, 0.010185027, 0.0047545089
  1.258725, 0.011238926, 0.0047545089
  1.258725, 0.011604442, 0.0047545089
  1.258725, 0.010859857, 0.0047545089
  1.258725, 0.011177143, 0.0047545089
  1.258725, 0.011971154, 0.0047545089
  1.258725, 0.012287244, 0.0047545089
  1.26518, 0.010617907, 0.0047729454
  1.26518, 0.012310761, 0.0047729454
  1.26518, 0.011084667, 0.0047729454
  1.26518, 0.01102687, 0.0047729454
  1.26518, 0.010356425, 0.0047729454
  1.26518, 0.011762287, 0.0047729454
  1.26518, 0.011763085, 0.0047729454
  1.26518, 0.011163989, 0.0047729454
  1.26518, 0.012034531, 0.0047729454
  1.26518, 0.011083073, 0.0047729454
  1.26518, 0.0094691416, 0.0047729454
  1.26518, 0.012081965, 0.0047729454
  1.26518, 0.011705686, 0.0047729454
  1.26518, 0.012011014, 0.0047729454
  1.26518, 0.010868626, 0.0047729454
  1.26518, 0.010821591, 0.0047729454
  1.26518, 0.010232859, 0.0047729454
  1.26518, 0.010485173, 0.0047729454
  1.26518, 0.010575257, 0.0047729454
  1.26518, 0.011376044, 0.0047729454
  1.26518, 0.011525918, 0.0047729454
  1.26518, 0.0116734, 0.0047729454
  1.26518, 0.012228649, 0.0047729454
  1.26518, 0.012309964, 0.0047729454
  1.26518, 0.011876686, 0.0047729454
  1.26518, 0.0097653014, 0.0047729454
  1.26518, 0.012394467, 0.0047729454
  1.26518, 0.011471309, 0.0047729454
  1.271635, 0.011716847, 0.0047913082
  1.271635, 0.011860343, 0.0047913082
  1.271635, 0.011975538, 0.0047913082
  1.271635, 0.010790899, 0.0047913082
  1.271635, 0.012600145, 0.0047913082
  1.271635, 0.010255181, 0.0047913082
  1.271635, 0.010271125, 0.0047913082
  1.271635, 0.011490841, 0.0047913082
  1.271635, 0.011785805, 0.0047913082
  1.271635, 0.010346859, 0.0047913082
  1.271635, 0.011095031, 0.0047913082
  1.271635, 0.011511568, 0.0047913082
  1.271635, 0.010609138, 0.0047913082
  1.271635, 0.011052779, 0.0047913082
  1.271635, 0.01064262, 0.0047913082
  1.271635, 0.0090988422, 0.0047913082
  1.271635, 0.01162477, 0.0047913082
  1.271635, 0.012689431, 0.0047913082
  1.271635, 0.011272807, 0.0047913082
  1.271635, 0.010746655, 0.0047913082
  1.271635, 0.011725218, 0.0047913082
  1.271635, 0.01162477, 0.0047913082
  1.271635, 0.010444516, 0.0047913082
  1.271635, 0.011604043, 0.0047913082
  1.271635, 0.012026559, 0.0047913082
  1.271635, 0.010655375, 0.0047913082
  1.271635, 0.010929612, 0.0047913082
  1.271635, 0.012446285, 0.0047913082
  1.271635, 0.012184405, 0.0047913082
  1.271635, 0.011308681, 0.0047913082
  1.271635, 0.012725704, 0.0047913082
  1.271635, 0.011993475, 0.0047913082
  1.271635, 0.010906892, 0.0047913082
  1.271635, 0.010916857, 0.0047913082
  1.271635, 0.010698424, 0.0047913082
  1.271635, 0.012244593, 0.0047913082
  1.271635, 0.011730399, 0.0047913082
  1.271635, 0.012093923, 0.0047913082
  1.271635, 0.011857951, 0.0047913082
  1.271635, 0.011155618, 0.0047913082
  1.271635, 0.010489159, 0.0047913082
  1.27809, 0.01014158, 0.0048095971
  1.27809, 0.012351418, 0.0048095971
  1.27809, 0.012067615, 0.0048095971
  1.27809, 0.01201221, 0.0048095971
  1.27809, 0.010713969, 0.0048095971
  1.27809, 0.011313464, 0.0048095971
  1.27809, 0.011391191, 0.0048095971
  1.27809, 0.012098706, 0.0048095971
  1.27809, 0.012010615, 0.0048095971
  1.27809, 0.011965175, 0.0048095971
  1.27809, 0.011832042, 0.0048095971
  1.27809, 0.010658963, 0.0048095971
  1.27809, 0.011274002, 0.0048095971
  1.27809, 0.01050869, 0.0048095971
  1.27809, 0.012056853, 0.0048095971
  1.27809, 0.012203139, 0.0048095971
  1.27809, 0.011097024, 0.0048095971
  1.27809, 0.011271212, 0.0048095971
  1.27809, 0.01258141, 0.0048095971
  1.27809, 0.010242426, 0.0048095971
  1.27809, 0.010851088, 0.0048095971
  1.27809, 0.011283967, 0.0048095971
  1.27809, 0.011285562, 0.0048095971
  1.27809, 0.011340569, 0.0048095971
  1.27809, 0.012315943, 0.0048095971
  1.27809, 0.012243796, 0.0048095971
  1.27809, 0.010564893, 0.0048095971
  1.27809, 0.010695634, 0.0048095971
  1.27809, 0.010521446, 0.0048095971
  1.27809, 0.013009507, 0.0048095971
  1.27809, 0.011617994, 0.0048095971
  1.27809, 0.011082276, 0.0048095971
  1.27809, 0.010525033, 0.0048095971
  1.27809, 0.011881469, 0.0048095971
  1.27809, 0.01157933, 0.0048095971
  1.27809, 0.012469802, 0.0048095971
  1.27809, 0.012548725, 0.0048095971
  1.27809, 0.010906892, 0.0048095971
  1.284545, 0.010910878, 0.0048278122
  1.284545, 0.011910168, 0.0048278122
  1.284545, 0.010365992, 0.0048278122
  1.284545, 0.011309478, 0.0048278122
  1.284545, 0.01166463, 0.0048278122
  1.284545, 0.010534201, 0.0048278122
  1.284545, 0.010462054, 0.0048278122
  1.284545, 0.012392075, 0.0048278122
  1.284545, 0.011514757, 0.0048278122
  1.284545, 0.010472418, 0.0048278122
  1.284545, 0.011699707, 0.0048278122
  1.284545, 0.011238527, 0.0048278122
  1.284545, 0.011409925, 0.0048278122
  1.284545, 0.011014115, 0.0048278122
  1.284545, 0.010968675, 0.0048278122
  1.284545, 0.012701788, 0.0048278122
  1.284545, 0.011492435, 0.0048278122
  1.284545, 0.012072797, 0.0048278122
  1.284545, 0.011629554, 0.0048278122
  1.284545, 0.012404033, 0.0048278122
  1.284545, 0.01107829, 0.0048278122
  1.284545, 0.01247897, 0.0048278122
  1.284545, 0.012489732, 0.0048278122
  1.284545, 0.012508865, 0.0048278122
  1.284545, 0.011423477, 0.0048278122
  1.284545, 0.011496023, 0.0048278122
  1.284545, 0.011645498, 0.0048278122
  1.284545, 0.011641113, 0.0048278122
  1.284545, 0.010235649, 0.0048278122
  1.284545, 0.0098625598, 0.0048278122
  1.284545, 0.010421397, 0.0048278122
  1.284545, 0.011485659, 0.0048278122
  1.284545, 0.011219394, 0.0048278122
  1.284545, 0.011560596, 0.0048278122
  1.284545, 0.0115024, 0.0048278122
  1.291, 0.011957601, 0.0048459536
  1.291, 0.011486058, 0.0048459536
  1.291, 0.012381313, 0.0048459536
  1.291, 0.011203052, 0.0048459536
  1.291, 0.010012832, 0.0048459536
  1.291, 0.010700417, 0.0048459536
  1.291, 0.012086748, 0.0048459536
  1.291, 0.011564183, 0.0048459536
  1.291, 0.010725927, 0.0048459536
  1.291, 0.012335873, 0.0048459536
  1.291, 0.012620075, 0.0048459536
  1.291, 0.01132024, 0.0048459536
  1.291, 0.010839927, 0.0048459536
  1.291, 0.010653382, 0.0048459536
  1.291, 0.011272408, 0.0048459536
  1.291, 0.0092240026, 0.0048459536
  1.291, 0.011757903, 0.0048459536
  1.291, 0.012076783, 0.0048459536
  1.291, 0.012017391, 0.0048459536
  1.291, 0.011030856, 0.0048459536
  1.291, 0.010282286, 0.0048459536
  1.291, 0.012839703, 0.0048459536
  1.291, 0.008819025, 0.0048459536
  1.291, 0.011968364, 0.0048459536
  1.291, 0.009953042, 0.0048459536
  1.291, 0.012250572, 0.0048459536
  1.291, 0.0095281344, 0.0048459536
  1.291, 0.011913755, 0.0048459536
  1.291, 0.012102692, 0.0048459536
  1.291, 0.012531984, 0.0048459536
  1.291, 0.010809235, 0.0048459536
  1.291, 0.011446995, 0.0048459536
  1.291, 0.011640714, 0.0048459536
  1.291, 0.011236933, 0.0048459536
  1.291, 0.011717246, 0.0048459536
  1.291, 0.011718043, 0.0048459536
  1.291, 0.01273527, 0.0048459536
  1.291, 0.010238838, 0.0048459536
  1.291, 0.011711267, 0.0048459536
  1.291, 0.010487166, 0.0048459536
  1.297455, 0.010797675, 0.0048640211
  1.297455, 0.011124926, 0.0048640211
  1.297455, 0.011977531, 0.0048640211
  1.297455, 0.010867829, 0.0048640211
  1.297455, 0.009592309, 0.0048640211
  1.297455, 0.011790987, 0.0048640211
  1.297455, 0.0093579322, 0.0048640211
  1.297455, 0.010452886, 0.0048640211
  1.297455, 0.011285562, 0.0048640211
  1.297455, 0.012098706, 0.0048640211
  1.297455, 0.011393981, 0.0048640211
  1.297455, 0.010451691, 0.0048640211
  1.297455, 0.01128038, 0.0048640211
  1.297455, 0.012234628, 0.0048640211
  1.297455, 0.011201059, 0.0048640211
  1.297455, 0.0097688888, 0.0048640211
  1.297455, 0.010253985, 0.0048640211
  1.297455, 0.011853567, 0.0048640211
  1.297455, 0.010561704, 0.0048640211
  1.297455, 0.012162482, 0.0048640211
  1.297455, 0.011356513, 0.0048640211
  1.297455, 0.011849182, 0.0048640211
  1.297455, 0.0092845898, 0.0048640211
  1.297455, 0.010627473, 0.0048640211
  1.297455, 0.010797675, 0.0048640211
  1.297455, 0.011553022, 0.0048640211
  1.297455, 0.010690452, 0.0048640211
  1.297455, 0.012102293, 0.0048640211
  1.297455, 0.010632256, 0.0048640211
  1.297455, 0.010535397, 0.0048640211
  1.297455, 0.012066021, 0.0048640211
  1.297455, 0.011329009, 0.0048640211
  1.297455, 0.011197073, 0.0048640211
  1.297455, 0.010460061, 0.0048640211
  1.297455, 0.010766186, 0.0048640211
  1.297455, 0.010768179, 0.0048640211
  1.297455, 0.011598064, 0.0048640211
  1.30391, 0.01239088, 0.0048820148
  1.30391, 0.011285163, 0.0048820148
  1.30391, 0.011976734, 0.0048820148
  1.30391, 0.01072513, 0.0048820148
  1.30391, 0.012518033, 0.0048820148
  1.30391, 0.01162477, 0.0048820148
  1.30391, 0.012066021, 0.0048820148
  1.30391, 0.011975937, 0.0048820148
  1.30391, 0.01245625, 0.0048820148
  1.30391, 0.011924119, 0.0048820148
  1.30391, 0.010058671, 0.0048820148
  1.30391, 0.011641113, 0.0048820148
  1.30391, 0.010480788, 0.0048820148
  1.30391, 0.012270104, 0.0048820148
  1.30391, 0.010682879, 0.0048820148
  1.30391, 0.011048395, 0.0048820148
  1.30391, 0.010808039, 0.0048820148
  1.30391, 0.012551117, 0.0048820148
  1.30391, 0.011250884, 0.0048820148
  1.30391, 0.011303897, 0.0048820148
  1.30391, 0.0099394896, 0.0048820148
  1.30391, 0.011832042, 0.0048820148
  1.30391, 0.011302303, 0.0048820148
  1.30391, 0.011784609, 0.0048820148
  1.30391, 0.011603645, 0.0048820148
  1.30391, 0.011125325, 0.0048820148
  1.30391, 0.010967878, 0.0048820148
  1.30391, 0.010866235, 0.0048820148
  1.30391, 0.012071202, 0.0048820148
  1.30391, 0.011939266, 0.0048820148
  1.310365, 0.01052583, 0.0048999347
  1.310365, 0.010530613, 0.0048999347
  1.310365, 0.011461344, 0.0048999347
  1.310365, 0.011439421, 0.0048999347
  1.310365, 0.010389908, 0.0048999347
  1.310365, 0.011291939, 0.0048999347
  1.310365, 0.011619589, 0.0048999347
  1.310365, 0.010976647, 0.0048999347
  1.310365, 0.012142552, 0.0048999347
  1.310365, 0.011275198, 0.0048999347
  1.310365, 0.010900913, 0.0048999347
  1.310365, 0.011014912, 0.0048999347
  1.310365, 0.011538274, 0.0048999347
  1.310365, 0.011326618, 0.0048999347
  1.310365, 0.012316341, 0.0048999347
  1.310365, 0.012762773, 0.0048999347
  1.310365, 0.011446198, 0.0048999347
  1.310365, 0.011635134, 0.0048999347
  1.310365, 0.011213017, 0.0048999347
  1.310365, 0.012116643, 0.0048999347
  1.310365, 0.012317537, 0.0048999347
  1.310365, 0.012101895, 0.0048999347
  1.310365, 0.01218281, 0.0048999347
  1.310365, 0.012117839, 0.0048999347
  1.310365, 0.011059157, 0.0048999347
  1.310365, 0.01093878, 0.0048999347
  1.310365, 0.011416303, 0.0048999347
  1.310365, 0.012067216, 0.0048999347
  1.310365, 0.012341852, 0.0048999347
  1.310365, 0.011654267, 0.0048999347
  1.310365, 0.012708165, 0.0048999347
  1.310365, 0.010683676, 0.0048999347
  1.310365, 0.011627959, 0.0048999347
  1.310365, 0.011349338, 0.0048999347
  1.310365, 0.011444205, 0.0048999347
  1.310365, 0.011505988, 0.0048999347
  1.310365, 0.011270016, 0.0048999347
  1.310365, 0.0098119376, 0.0048999347
  1.310365, 0.01135731, 0.0048999347
  1.31682, 0.012173643, 0.0049177807
  1.31682, 0.011409925, 0.0049177807
  1.31682, 0.010053888, 0.0049177807
  1.31682, 0.010300621, 0.0049177807
  1.31682, 0.0098382452, 0.0049177807
  1.31682, 0.012219482, 0.0049177807
  1.31682, 0.011864329, 0.0049177807
  1.31682, 0.010910081, 0.0049177807
  1.31682, 0.010673312, 0.0049177807
  1.31682, 0.011039227, 0.0049177807
  1.31682, 0.012713347, 0.0049177807
  1.31682, 0.012009419, 0.0049177807
  1.31682, 0.011790987, 0.0049177807
  1.31682, 0.011547442, 0.0049177807
  1.31682, 0.010472418, 0.0049177807
  1.31682, 0.01138561, 0.0049177807
  1.31682, 0.011453771, 0.0049177807
  1.31682, 0.012424362, 0.0049177807
  1.31682, 0.010073419, 0.0049177807
  1.31682, 0.012793067, 0.0049177807
  1.31682, 0.012442698, 0.0049177807
  1.31682, 0.01190379, 0.0049177807
  1.31682, 0.010949542, 0.0049177807
  1.31682, 0.012345439, 0.0049177807
  1.31682, 0.011617596, 0.0049177807
  1.31682, 0.012114251, 0.0049177807
  1.31682, 0.011229359, 0.0049177807
  1.31682, 0.011689742, 0.0049177807
  1.31682, 0.011264436, 0.0049177807
  1.31682, 0.01251604, 0.0049177807
  1.31682, 0.011739567, 0.0049177807
  1.31682, 0.011894224, 0.0049177807
  1.31682, 0.012398852, 0.0049177807
  1.31682, 0.012200747, 0.0049177807
  1.31682, 0.011095031, 0.0049177807
  1.31682, 0.011470911, 0.0049177807
  1.31682, 0.011084667, 0.0049177807
  1.31682, 0.010759011, 0.0049177807
  1.31682, 0.012201146, 0.0049177807
  1.31682, 0.01106115, 0.0049177807
  1.31682, 0.0099083988, 0.0049177807
  1.31682, 0.012282859, 0.0049177807
  1.323275, 0.011295527, 0.0049355531
  1.323275, 0.010934794, 0.0049355531
  1.323275, 0.011247695, 0.0049355531
  1.323275, 0.010230468, 0.0049355531
  1.323275, 0.011329408, 0.0049355531
  1.323275, 0.012758389, 0.0049355531
  1.323275, 0.011655463, 0.0049355531
  1.323275, 0.011461344, 0.0049355531
  1.323275, 0.011250884, 0.0049355531
  1.323275, 0.0097083016, 0.0049355531
  1.323275, 0.010190209, 0.0049355531
  1.323275, 0.01086743, 0.0049355531
  1.323275, 0.012160489, 0.0049355531
  1.323275, 0.012329097, 0.0049355531
  1.323275, 0.012649571, 0.0049355531
  1.323275, 0.012465418, 0.0049355531
  1.323275, 0.011522729, 0.0049355531
  1.323275, 0.011067926, 0.0049355531
  1.323275, 0.011042416, 0.0049355531
  1.323275, 0.01157933, 0.0049355531
  1.323275, 0.009877308, 0.0049355531
  1.323275, 0.011987098, 0.0049355531
  1.323275, 0.010538187, 0.0049355531
  1.323275, 0.011260051, 0.0049355531
  1.323275, 0.012582208, 0.0049355531
  1.323275, 0.010367187, 0.0049355531
  1.323275, 0.011978329, 0.0049355531
  1.323275, 0.011694924, 0.0049355531
  1.323275, 0.0096513018, 0.0049355531
  1.323275, 0.010828368, 0.0049355531
  1.323275, 0.011875888, 0.0049355531
  1.323275, 0.011924518, 0.0049355531
  1.323275, 0.012675081, 0.0049355531
  1.323275, 0.012563872, 0.0049355531
  1.323275, 0.012434726, 0.0049355531
  1.32973, 0.012014203, 0.0049532516
  1.32973, 0.011889441, 0.0049532516
  1.32973, 0.011446198, 0.0049532516
  1.32973, 0.010054286, 0.0049532516
  1.32973, 0.010478397, 0.0049532516
  1.32973, 0.012155307, 0.0049532516
  1.32973, 0.012606921, 0.0049532516
  1.32973, 0.012220677, 0.0049532516
  1.32973, 0.010741871, 0.0049532516
  1.32973, 0.011871504, 0.0049532516
  1.32973, 0.010898123, 0.0049532516
  1.32973, 0.012064825, 0.0049532516
  1.32973, 0.012424761, 0.0049532516
  1.32973, 0.01165626, 0.0049532516
  1.32973, 0.010890549, 0.0049532516
  1.32973, 0.011315457, 0.0049532516
  1.32973, 0.011809322, 0.0049532516
  1.32973, 0.011468121, 0.0049532516
  1.32973, 0.010108097, 0.0049532516
  1.32973, 0.011129311, 0.0049532516
  1.32973, 0.011008933, 0.0049532516
  1.32973, 0.010722739, 0.0049532516
  1.32973, 0.010816011, 0.0049532516
  1.32973, 0.011785008, 0.0049532516
  1.32973, 0.012156503, 0.0049532516
  1.32973, 0.011436233, 0.0049532516
  1.32973, 0.012081566, 0.0049532516
  1.32973, 0.012310761, 0.0049532516
  1.32973, 0.013012696, 0.0049532516
  1.32973, 0.011057961, 0.0049532516
  1.32973, 0.011338974, 0.0049532516
  1.32973, 0.011634337, 0.0049532516
  1.32973, 0.011075898, 0.0049532516
  1.32973, 0.010685669, 0.0049532516
  1.32973, 0.012742445, 0.0049532516
  1.32973, 0.011859546, 0.0049532516
  1.32973, 0.01184121, 0.0049532516
  1.32973, 0.011311072, 0.0049532516
  1.32973, 0.01209193, 0.0049532516
  1.32973, 0.012072, 0.0049532516
  1.336185, 0.011705288, 0.0049708764
  1.336185, 0.01247897, 0.0049708764
  1.336185, 0.01225416, 0.0049708764
  1.336185, 0.011293534, 0.0049708764
  1.336185, 0.011698113, 0.0049708764
  1.336185, 0.010053489, 0.0049708764
  1.336185, 0.010950738, 0.0049708764
  1.336185, 0.010011238, 0.0049708764
  1.336185, 0.010933199, 0.0049708764
  1.336185, 0.012465019, 0.0049708764
  1.336185, 0.011922923, 0.0049708764
  1.336185, 0.011626763, 0.0049708764
  1.336185, 0.011886252, 0.0049708764
  1.336185, 0.0099881188, 0.0049708764
  1.336185, 0.012612103, 0.0049708764
  1.336185, 0.01023844, 0.0049708764
  1.336185, 0.012048881, 0.0049708764
  1.336185, 0.010968276, 0.0049708764
  1.336185, 0.012300796, 0.0049708764
  1.336185, 0.010776151, 0.0049708764
  1.336185, 0.010162706, 0.0049708764
  1.336185, 0.011224576, 0.0049708764
  1.336185, 0.012525208, 0.0049708764
  1.336185, 0.011269219, 0.0049708764
  1.336185, 0.0092184222, 0.0049708764
  1.336185, 0.011304695, 0.0049708764
  1.336185, 0.011812112, 0.0049708764
  1.336185, 0.010093748, 0.0049708764
  1.336185, 0.011707679, 0.0049708764
  1.336185, 0.011966371, 0.0049708764
  1.336185, 0.011665029, 0.0049708764
  1.336185, 0.010768578, 0.0049708764
  1.336185, 0.011592085, 0.0049708764
  1.336185, 0.010569676, 0.0049708764
  1.34264, 0.011077094, 0.0049884275
  1.34264, 0.009833462, 0.0049884275
  1.34264, 0.010888556, 0.0049884275
  1.34264, 0.012021776, 0.0049884275
  1.34264, 0.012314348, 0.0049884275
  1.34264, 0.01032932, 0.0049884275
  1.34264, 0.010712375, 0.0049884275
  1.34264, 0.011891434, 0.0049884275
  1.34264, 0.011790588, 0.0049884275
  1.34264, 0.011477288, 0.0049884275
  1.34264, 0.010750242, 0.0049884275
  1.34264, 0.012446285, 0.0049884275
  1.34264, 0.011570959, 0.0049884275
  1.34264, 0.012148929, 0.0049884275
  1.34264, 0.011364485, 0.0049884275
  1.34264, 0.010426977, 0.0049884275
  1.34264, 0.011691735, 0.0049884275
  1.34264, 0.011106989, 0.0049884275
  1.34264, 0.012679865, 0.0049884275
  1.34264, 0.0097947978, 0.0049884275
  1.34264, 0.011934881, 0.0049884275
  1.34264, 0.010982227, 0.0049884275
  1.34264, 0.010376754, 0.0049884275
  1.34264, 0.011856357, 0.0049884275
  1.34264, 0.01080206, 0.0049884275
  1.34264, 0.011743155, 0.0049884275
  1.34264, 0.010971066, 0.0049884275
  1.34264, 0.011104996, 0.0049884275
  1.34264, 0.011941657, 0.0049884275
  1.34264, 0.0093806524, 0.0049884275
  1.349095, 0.011807329, 0.0050059048
  1.349095, 0.011460149, 0.0050059048
  1.349095, 0.011321037, 0.0050059048
  1.349095, 0.011283569, 0.0050059048
  1.349095, 0.011643903, 0.0050059048
  1.349095, 0.012099902, 0.0050059048
  1.349095, 0.011480876, 0.0050059048
  1.349095, 0.012469802, 0.0050059048
  1.349095, 0.011586106, 0.0050059048
  1.349095, 0.010068237, 0.0050059048
  1.349095, 0.012471795, 0.0050059048
  1.349095, 0.012345439, 0.0050059048
  1.349095, 0.012690627, 0.0050059048
  1.349095, 0.010850689, 0.0050059048
  1.349095, 0.012285251, 0.0050059048
  1.349095, 0.012277279, 0.0050059048
  1.349095, 0.0120433, 0.0050059048
  1.349095, 0.011730001, 0.0050059048
  1.349095, 0.012938157, 0.0050059048
  1.349095, 0.01253318, 0.0050059048
  1.349095, 0.012601739, 0.0050059048
  1.349095, 0.010894934, 0.0050059048
  1.349095, 0.010391103, 0.0050059048
  1.349095, 0.012878367, 0.0050059048
  1.349095, 0.01159368, 0.0050059048
  1.349095, 0.012104286, 0.0050059048
  1.349095, 0.012161685, 0.0050059048
  1.349095, 0.011945643, 0.0050059048
  1.349095, 0.011854763, 0.0050059048
  1.349095, 0.010215719, 0.0050059048
  1.349095, 0.012484949, 0.0050059048
  1.349095, 0.0109045, 0.0050059048
  1.349095, 0.0096947492, 0.0050059048
  1.349095, 0.0096058614, 0.0050059048
  1.35555, 0.012183209, 0.0050233085
  1.35555, 0.011938469, 0.0050233085
  1.35555, 0.01050032, 0.0050233085
  1.35555, 0.011763882, 0.0050233085
  1.35555, 0.010517858, 0.0050233085
  1.35555, 0.010500718, 0.0050233085
  1.35555, 0.012400446, 0.0050233085
  1.35555, 0.012049678, 0.0050233085
  1.35555, 0.011574945, 0.0050233085
  1.35555, 0.01208316, 0.0050233085
  1.35555, 0.010902109, 0.0050233085
  1.35555, 0.012135776, 0.0050233085
  1.35555, 0.011268023, 0.0050233085
  1.35555, 0.010942367, 0.0050233085
  1.35555, 0.012221076, 0.0050233085
  1.35555, 0.011267625, 0.0050233085
  1.35555, 0.011767071, 0.0050233085
  1.35555, 0.01102687, 0.0050233085
  1.35555, 0.010749843, 0.0050233085
  1.35555, 0.01104401, 0.0050233085
  1.35555, 0.010709585, 0.0050233085
  1.35555, 0.012078377, 0.0050233085
  1.35555, 0.012278474, 0.0050233085
  1.35555, 0.011725616, 0.0050233085
  1.35555, 0.011990685, 0.0050233085
  1.35555, 0.011304695, 0.0050233085
  1.35555, 0.010364796, 0.0050233085
  1.35555, 0.011317051, 0.0050233085
  1.35555, 0.012198356, 0.0050233085
  1.35555, 0.012545536, 0.0050233085
  1.35555, 0.011539071, 0.0050233085
  1.35555, 0.010477998, 0.0050233085
  1.35555, 0.011336981, 0.0050233085
  1.35555, 0.01112094, 0.0050233085
  1.362005, 0.01082757, 0.0050406386
  1.362005, 0.012487341, 0.0050406386
  1.362005, 0.010829962, 0.0050406386
  1.362005, 0.010499124, 0.0050406386
  1.362005, 0.011886252, 0.0050406386
  1.362005, 0.011346548, 0.0050406386
  1.362005, 0.012302789, 0.0050406386
  1.362005, 0.010717158, 0.0050406386
  1.362005, 0.012067615, 0.0050406386
  1.362005, 0.011745945, 0.0050406386
  1.362005, 0.011471309, 0.0050406386
  1.362005, 0.011789392, 0.0050406386
  1.362005, 0.012643991, 0.0050406386
  1.362005, 0.011720833, 0.0050406386
  1.362005, 0.012119832, 0.0050406386
  1.362005, 0.011371659, 0.0050406386
  1.362005, 0.012170055, 0.0050406386
  1.362005, 0.011832042, 0.0050406386
  1.362005, 0.01073669, 0.0050406386
  1.362005, 0.012412803, 0.0050406386
  1.362005, 0.011592085, 0.0050406386
  1.362005, 0.01096708, 0.0050406386
  1.362005, 0.011741162, 0.0050406386
  1.362005, 0.011976734, 0.0050406386
  1.362005, 0.011669812, 0.0050406386
  1.362005, 0.011661442, 0.0050406386
  1.362005, 0.010613124, 0.0050406386
  1.362005, 0.011391589, 0.0050406386
  1.362005, 0.011531498, 0.0050406386
  1.362005, 0.011637924, 0.0050406386
  1.362005, 0.011914951, 0.0050406386
  1.362005, 0.010761801, 0.0050406386
  1.36846, 0.011722029, 0.005057895
  1.36846, 0.011788994, 0.005057895
  1.36846, 0.011153625, 0.005057895
  1.36846, 0.012588984, 0.005057895
  1.36846, 0.011614407, 0.005057895
  1.36846, 0.012075188, 0.005057895
  1.36846, 0.010475208, 0.005057895
  1.36846, 0.010051895, 0.005057895
  1.36846, 0.012103489, 0.005057895
  1.36846, 0.011924916, 0.005057895
  1.36846, 0.011907776, 0.005057895
  1.36846, 0.012383705, 0.005057895
  1.36846, 0.011088653, 0.005057895
  1.36846, 0.011011724, 0.005057895
  1.36846, 0.01208316, 0.005057895
  1.36846, 0.011630351, 0.005057895
  1.36846, 0.012168062, 0.005057895
  1.36846, 0.012475781, 0.005057895
  1.36846, 0.011288352, 0.005057895
  1.36846, 0.012318733, 0.005057895
  1.36846, 0.012082762, 0.005057895
  1.36846, 0.012426754, 0.005057895
  1.36846, 0.01148526, 0.005057895
  1.36846, 0.012653557, 0.005057895
  1.36846, 0.010415817, 0.005057895
  1.36846, 0.011177541, 0.005057895
  1.36846, 0.011159604, 0.005057895
  1.374915, 0.011730399, 0.0050750779
  1.374915, 0.011008933, 0.0050750779
  1.374915, 0.011248492, 0.0050750779
  1.374915, 0.011958399, 0.0050750779
  1.374915, 0.010632256, 0.0050750779
  1.374915, 0.011794973, 0.0050750779
  1.374915, 0.010481984, 0.0050750779
  1.374915, 0.01171605, 0.0050750779
  1.374915, 0.013046975, 0.0050750779
  1.374915, 0.011794175, 0.0050750779
  1.374915, 0.011130506, 0.0050750779
  1.374915, 0.012799046, 0.0050750779
  1.374915, 0.011217003, 0.0050750779
  1.374915, 0.012656347, 0.0050750779
  1.374915, 0.0096664486, 0.0050750779
  1.374915, 0.011251282, 0.0050750779
  1.374915, 0.012373341, 0.0050750779
  1.374915, 0.012078776, 0.0050750779
  1.374915, 0.012314348, 0.0050750779
  1.374915, 0.011787798, 0.0050750779
  1.374915, 0.011309876, 0.0050750779
  1.374915, 0.011599659, 0.0050750779
  1.374915, 0.01128038, 0.0050750779
  1.374915, 0.011803343, 0.0050750779
  1.374915, 0.012209118, 0.0050750779
  1.374915, 0.01169333, 0.0050750779
  1.38137, 0.011293135, 0.0050921872
  1.38137, 0.011291939, 0.0050921872
  1.38137, 0.0092566878, 0.0050921872
  1.38137, 0.0113031, 0.0050921872
  1.38137, 0.011150038, 0.0050921872
  1.38137, 0.011637526, 0.0050921872
  1.38137, 0.011238128, 0.0050921872
  1.38137, 0.012509662, 0.0050921872
  1.38137, 0.012016196, 0.0050921872
  1.38137, 0.012021776, 0.0050921872
  1.38137, 0.010381138, 0.0050921872
  1.38137, 0.012423565, 0.0050921872
  1.38137, 0.012269705, 0.0050921872
  1.38137, 0.011493631, 0.0050921872
  1.38137, 0.0090195208, 0.0050921872
  1.38137, 0.011199066, 0.0050921872
  1.38137, 0.011461344, 0.0050921872
  1.38137, 0.010743466, 0.0050921872
  1.38137, 0.013000339, 0.0050921872
  1.38137, 0.010581236, 0.0050921872
  1.38137, 0.012062832, 0.0050921872
  1.38137, 0.010505502, 0.0050921872
  1.38137, 0.01145696, 0.0050921872
  1.38137, 0.010305803, 0.0050921872
  1.38137, 0.011517547, 0.0050921872
  1.38137, 0.0099665944, 0.0050921872
  1.38137, 0.011199863, 0.0050921872
  1.38137, 0.010783326, 0.0050921872
  1.38137, 0.012714941, 0.0050921872
  1.38137, 0.010893738, 0.0050921872
  1.387825, 0.012547131, 0.0051092231
  1.387825, 0.0103066, 0.0051092231
  1.387825, 0.011822077, 0.0051092231
  1.387825, 0.012179622, 0.0051092231
  1.387825, 0.010990996, 0.0051092231
  1.387825, 0.010247607, 0.0051092231
  1.387825, 0.011428261, 0.0051092231
  1.387825, 0.010582033, 0.0051092231
  1.387825, 0.01114087, 0.0051092231
  1.387825, 0.011719239, 0.0051092231
  1.387825, 0.010808438, 0.0051092231
  1.387825, 0.011745148, 0.0051092231
  1.387825, 0.010669725, 0.0051092231
  1.387825, 0.012494516, 0.0051092231
  1.387825, 0.011448191, 0.0051092231
  1.387825, 0.010495935, 0.0051092231
  1.387825, 0.012276083, 0.0051092231
  1.387825, 0.010321348, 0.0051092231
  1.387825, 0.010352439, 0.0051092231
  1.387825, 0.010716361, 0.0051092231
  1.387825, 0.01076778, 0.0051092231
  1.387825, 0.009990909, 0.0051092231
  1.387825, 0.011456561, 0.0051092231
  1.387825, 0.012282062, 0.0051092231
  1.387825, 0.012282062, 0.0051092231
  1.387825, 0.012209517, 0.0051092231
  1.387825, 0.012958087, 0.0051092231
  1.387825, 0.011133695, 0.0051092231
  1.387825, 0.010620697, 0.0051092231
  1.387825, 0.012123818, 0.0051092231
  1.387825, 0.011661442, 0.0051092231
  1.387825, 0.011265632, 0.0051092231
  1.39428, 0.011355317, 0.0051261855
  1.39428, 0.010307796, 0.0051261855
  1.39428, 0.012680263, 0.0051261855
  1.39428, 0.010508292, 0.0051261855
  1.39428, 0.011911762, 0.0051261855
  1.39428, 0.010646207, 0.0051261855
  1.39428, 0.011635533, 0.0051261855
  1.39428, 0.010747452, 0.0051261855
  1.39428, 0.010636641, 0.0051261855
  1.39428, 0.012212705, 0.0051261855
  1.39428, 0.011848784, 0.0051261855
  1.39428, 0.011612812, 0.0051261855
  1.39428, 0.011313862, 0.0051261855
  1.39428, 0.01289471, 0.0051261855
  1.39428, 0.010875402, 0.0051261855
  1.39428, 0.010448103, 0.0051261855
  1.39428, 0.01242197, 0.0051261855
  1.39428, 0.010301418, 0.0051261855
  1.39428, 0.011371659, 0.0051261855
  1.39428, 0.011210226, 0.0051261855
  1.39428, 0.011309478, 0.0051261855
  1.39428, 0.011993475, 0.0051261855
  1.39428, 0.010992591, 0.0051261855
  1.39428, 0.012300796, 0.0051261855
  1.39428, 0.010721543, 0.0051261855
  1.39428, 0.011551827, 0.0051261855
  1.39428, 0.010383929, 0.0051261855
  1.39428, 0.01058283, 0.0051261855
  1.39428, 0.012559487, 0.0051261855
  1.39428, 0.011692931, 0.0051261855
  1.39428, 0.01165626, 0.0051261855
  1.39428, 0.010152741, 0.0051261855
  1.39428, 0.011801749, 0.0051261855
  1.39428, 0.012474586, 0.0051261855
  1.39428, 0.01111536, 0.0051261855
  1.39428, 0.010780536, 0.0051261855
  1.39428, 0.012913843, 0.0051261855
  1.39428, 0.012558292, 0.0051261855
  1.39428, 0.011060353, 0.0051261855
  1.39428, 0.011517148, 0.0051261855
  1.39428, 0.010877395, 0.0051261855
  1.400735, 0.012761578, 0.0051430745
  1.400735, 0.010253188, 0.0051430745
  1.400735, 0.010271125, 0.0051430745
  1.400735, 0.011606833, 0.0051430745
  1.400735, 0.010677298, 0.0051430745
  1.400735, 0.012656746, 0.0051430745
  1.400735, 0.012109867, 0.0051430745
  1.400735, 0.011343359, 0.0051430745
  1.400735, 0.011865525, 0.0051430745
  1.400735, 0.011329408, 0.0051430745
  1.400735, 0.011757106, 0.0051430745
  1.400735, 0.01145975, 0.0051430745
  1.400735, 0.010252391, 0.0051430745
  1.400735, 0.011701302, 0.0051430745
  1.400735, 0.012032538, 0.0051430745
  1.400735, 0.01132024, 0.0051430745
  1.400735, 0.011990685, 0.0051430745
  1.400735, 0.012255754, 0.0051430745
  1.400735, 0.010784123, 0.0051430745
  1.400735, 0.01182128, 0.0051430745
  1.400735, 0.0109615, 0.0051430745
  1.400735, 0.011886252, 0.0051430745
  1.400735, 0.010943164, 0.0051430745
  1.400735, 0.011762686, 0.0051430745
  1.400735, 0.011265233, 0.0051430745
  1.400735, 0.01068248, 0.0051430745
  1.400735, 0.011073507, 0.0051430745
  1.400735, 0.012076783, 0.0051430745
  1.400735, 0.011053975, 0.0051430745
  1.400735, 0.011021689, 0.0051430745
  1.40719, 0.012068014, 0.0051598901
  1.40719, 0.010957115, 0.0051598901
  1.40719, 0.011483666, 0.0051598901
  1.40719, 0.01022967, 0.0051598901
  1.40719, 0.010966283, 0.0051598901
  1.40719, 0.011512365, 0.0051598901
  1.40719, 0.011556211, 0.0051598901
  1.40719, 0.009311296, 0.0051598901
  1.40719, 0.010727522, 0.0051598901
  1.40719, 0.011737574, 0.0051598901
  1.40719, 0.010547753, 0.0051598901
  1.40719, 0.01131466, 0.0051598901
  1.40719, 0.011994273, 0.0051598901
  1.40719, 0.012111062, 0.0051598901
  1.40719, 0.010296635, 0.0051598901
  1.40719, 0.012044895, 0.0051598901
  1.40719, 0.011790987, 0.0051598901
  1.40719, 0.011901399, 0.0051598901
  1.40719, 0.012090335, 0.0051598901
  1.40719, 0.012095118, 0.0051598901
  1.40719, 0.011871902, 0.0051598901
  1.40719, 0.010517858, 0.0051598901
  1.40719, 0.011486456, 0.0051598901
  1.40719, 0.011561792, 0.0051598901
  1.40719, 0.01168456, 0.0051598901
  1.40719, 0.011963182, 0.0051598901
  1.40719, 0.012372145, 0.0051598901
  1.40719, 0.01205207, 0.0051598901
  1.40719, 0.011726413, 0.0051598901
  1.40719, 0.011781022, 0.0051598901
  1.40719, 0.010675305, 0.0051598901
  1.40719, 0.010676501, 0.0051598901
  1.40719, 0.010177454, 0.0051598901
  1.40719, 0.011253275, 0.0051598901
  1.40719, 0.011805735, 0.0051598901
  1.40719, 0.010726725, 0.0051598901
  1.40719, 0.011447792, 0.0051598901
  1.40719, 0.01159926, 0.0051598901
  1.40719, 0.011915748, 0.0051598901
  1.40719, 0.011307485, 0.0051598901
  1.40719, 0.011729602, 0.0051598901
  1.40719, 0.011825266, 0.0051598901
  1.40719, 0.011486456, 0.0051598901
  1.40719, 0.01259018, 0.0051598901
  1.40719, 0.011816896, 0.0051598901
  1.413645, 0.012667508, 0.0051766325
  1.413645, 0.011357708, 0.0051766325
  1.413645, 0.010302216, 0.0051766325
  1.413645, 0.012235426, 0.0051766325
  1.413645, 0.010875402, 0.0051766325
  1.413645, 0.0093985894, 0.0051766325
  1.413645, 0.012853654, 0.0051766325
  1.413645, 0.011569365, 0.0051766325
  1.413645, 0.011941657, 0.0051766325
  1.413645, 0.010678494, 0.0051766325
  1.413645, 0.011478484, 0.0051766325
  1.413645, 0.011328212, 0.0051766325
  1.413645, 0.010425383, 0.0051766325
  1.413645, 0.011590889, 0.0051766325
  1.413645, 0.011930895, 0.0051766325
  1.413645, 0.012003042, 0.0051766325
  1.413645, 0.011428659, 0.0051766325
  1.413645, 0.01203214, 0.0051766325
  1.413645, 0.012217489, 0.0051766325
  1.413645, 0.010126433, 0.0051766325
  1.413645, 0.011418296, 0.0051766325
  1.413645, 0.010290258, 0.0051766325
  1.413645, 0.012191181, 0.0051766325
  1.413645, 0.011444205, 0.0051766325
  1.413645, 0.011418296, 0.0051766325
  1.413645, 0.012917829, 0.0051766325
  1.413645, 0.010808039, 0.0051766325
  1.413645, 0.011511967, 0.0051766325
  1.413645, 0.011839616, 0.0051766325
  1.413645, 0.010911276, 0.0051766325
  1.413645, 0.012321125, 0.0051766325
  1.413645, 0.011698113, 0.0051766325
  1.413645, 0.01191535, 0.0051766325
  1.4201, 0.01206044, 0.0051933016
  1.4201, 0.010788906, 0.0051933016
  1.4201, 0.010652186, 0.0051933016
  1.4201, 0.0095871272, 0.0051933016
  1.4201, 0.010907689, 0.0051933016
  1.4201, 0.010155531, 0.0051933016
  1.4201, 0.011533491, 0.0051933016
  1.4201, 0.012634823, 0.0051933016
  1.4201, 0.010491949, 0.0051933016
  1.4201, 0.012890325, 0.0051933016
  1.4201, 0.011070318, 0.0051933016
  1.4201, 0.010354831, 0.0051933016
  1.4201, 0.011654267, 0.0051933016
  1.4201, 0.011647491, 0.0051933016
  1.4201, 0.011812511, 0.0051933016
  1.4201, 0.010696431, 0.0051933016
  1.4201, 0.011608428, 0.0051933016
  1.4201, 0.011332597, 0.0051933016
  1.4201, 0.010925227, 0.0051933016
  1.4201, 0.012620473, 0.0051933016
  1.4201, 0.011601253, 0.0051933016
  1.4201, 0.011186709, 0.0051933016
  1.4201, 0.01175591, 0.0051933016
  1.4201, 0.011241317, 0.0051933016
  1.4201, 0.009986923, 0.0051933016
  1.4201, 0.010838731, 0.0051933016
  1.4201, 0.010908486, 0.0051933016
  1.4201, 0.012093923, 0.0051933016
  1.4201, 0.010633452, 0.0051933016
  1.4201, 0.012655151, 0.0051933016
  1.4201, 0.012087944, 0.0051933016
  1.4201, 0.012208719, 0.0051933016
  1.4201, 0.011037234, 0.0051933016
  1.4201, 0.012457446, 0.0051933016
  1.4201, 0.011303499, 0.0051933016
  1.4201, 0.011024877, 0.0051933016
  1.4201, 0.011002954, 0.0051933016
  1.4201, 0.011616798, 0.0051933016
  1.4201, 0.012087944, 0.0051933016
  1.426555, 0.009600281, 0.0052098976
  1.426555, 0.012042503, 0.0052098976
  1.426555, 0.011408729, 0.0052098976
  1.426555, 0.012309565, 0.0052098976
  1.426555, 0.011719637, 0.0052098976
  1.426555, 0.011168772, 0.0052098976
  1.426555, 0.010578047, 0.0052098976
  1.426555, 0.011587302, 0.0052098976
  1.426555, 0.011631547, 0.0052098976
  1.426555, 0.011020493, 0.0052098976
  1.426555, 0.013021066, 0.0052098976
  1.426555, 0.011154024, 0.0052098976
  1.426555, 0.011779029, 0.0052098976
  1.426555, 0.01135731, 0.0052098976
  1.426555, 0.011861539, 0.0052098976
  1.426555, 0.0114741, 0.0052098976
  1.426555, 0.012037321, 0.0052098976
  1.426555, 0.011946839, 0.0052098976
  1.426555, 0.011642309, 0.0052098976
  1.426555, 0.012298006, 0.0052098976
  1.426555, 0.0116734, 0.0052098976
  1.426555, 0.0094898688, 0.0052098976
  1.426555, 0.010384327, 0.0052098976
  1.426555, 0.011773448, 0.0052098976
  1.426555, 0.009086087, 0.0052098976
  1.426555, 0.012358992, 0.0052098976
  1.426555, 0.011760693, 0.0052098976
  1.426555, 0.01044332, 0.0052098976
  1.43301, 0.011036038, 0.0052264204
  1.43301, 0.012635221, 0.0052264204
  1.43301, 0.010669326, 0.0052264204
  1.43301, 0.011110178, 0.0052264204
  1.43301, 0.011816896, 0.0052264204
  1.43301, 0.01173319, 0.0052264204
  1.43301, 0.01148526, 0.0052264204
  1.43301, 0.011900203, 0.0052264204
  1.43301, 0.011358904, 0.0052264204
  1.43301, 0.010141978, 0.0052264204
  1.43301, 0.011425072, 0.0052264204
  1.43301, 0.012433131, 0.0052264204
  1.43301, 0.012512054, 0.0052264204
  1.43301, 0.012039713, 0.0052264204
  1.43301, 0.010920046, 0.0052264204
  1.43301, 0.010898123, 0.0052264204
  1.43301, 0.011790588, 0.0052264204
  1.43301, 0.011058758, 0.0052264204
  1.43301, 0.011706483, 0.0052264204
  1.43301, 0.011977133, 0.0052264204
  1.43301, 0.011570561, 0.0052264204
  1.43301, 0.011517547, 0.0052264204
  1.43301, 0.012844486, 0.0052264204
  1.43301, 0.012249377, 0.0052264204
  1.43301, 0.011916546, 0.0052264204
  1.43301, 0.0099705804, 0.0052264204
  1.43301, 0.010698823, 0.0052264204
  1.43301, 0.011950028, 0.0052264204
  1.43301, 0.011753917, 0.0052264204
  1.43301, 0.011766672, 0.0052264204
  1.43301, 0.009831469, 0.0052264204
  1.43301, 0.011506785, 0.0052264204
  1.43301, 0.011612015, 0.0052264204
  1.43301, 0.010314174, 0.0052264204
  1.43301, 0.010843913, 0.0052264204
  1.43301, 0.012359789, 0.0052264204
  1.439465, 0.012056454, 0.0052428702
  1.439465, 0.012367761, 0.0052428702
  1.439465, 0.01135452, 0.0052428702
  1.439465, 0.011230555, 0.0052428702
  1.439465, 0.011415505, 0.0052428702
  1.439465, 0.009963007, 0.0052428702
  1.439465, 0.011686553, 0.0052428702
  1.439465, 0.010580438, 0.0052428702
  1.439465, 0.012116643, 0.0052428702
  1.439465, 0.011537477, 0.0052428702
  1.439465, 0.010757018, 0.0052428702
  1.439465, 0.011998657, 0.0052428702
  1.439465, 0.011910965, 0.0052428702
  1.439465, 0.011478484, 0.0052428702
  1.439465, 0.012346635, 0.0052428702
  1.439465, 0.0093706874, 0.0052428702
  1.439465, 0.011475694, 0.0052428702
  1.439465, 0.012159293, 0.0052428702
  1.439465, 0.012705375, 0.0052428702
  1.439465, 0.010606746, 0.0052428702
  1.439465, 0.011720434, 0.0052428702
  1.439465, 0.012526005, 0.0052428702
  1.439465, 0.0115024, 0.0052428702
  1.439465, 0.012415991, 0.0052428702
  1.439465, 0.012962472, 0.0052428702
  1.439465, 0.010910479, 0.0052428702
  1.439465, 0.011934483, 0.0052428702
  1.439465, 0.010453285, 0.0052428702
  1.439465, 0.010732704, 0.0052428702
  1.44592, 0.011347743, 0.005259247
  1.44592, 0.011295925, 0.005259247
  1.44592, 0.012166468, 0.005259247
  1.44592, 0.010019608, 0.005259247
  1.44592, 0.012683851, 0.005259247
  1.44592, 0.011873497, 0.005259247
  1.44592, 0.012728494, 0.005259247
  1.44592, 0.012763969, 0.005259247
  1.44592, 0.010292649, 0.005259247
  1.44592, 0.011256065, 0.005259247
  1.44592, 0.011226968, 0.005259247
  1.44592, 0.0122426, 0.005259247
  1.44592, 0.010658165, 0.005259247
  1.44592, 0.0096277844, 0.005259247
  1.44592, 0.012958087, 0.005259247
  1.44592, 0.011820084, 0.005259247
  1.44592, 0.011257261, 0.005259247
  1.44592, 0.011017703, 0.005259247
  1.44592, 0.011889042, 0.005259247
  1.44592, 0.011567372, 0.005259247
  1.44592, 0.01215172, 0.005259247
  1.44592, 0.011826063, 0.005259247
  1.44592, 0.01216009, 0.005259247
  1.44592, 0.012489732, 0.005259247
  1.44592, 0.012640802, 0.005259247
  1.44592, 0.012085153, 0.005259247
  1.44592, 0.011694127, 0.005259247
  1.44592, 0.012587788, 0.005259247
  1.44592, 0.011546645, 0.005259247
  1.44592, 0.01216009, 0.005259247
  1.44592, 0.011754714, 0.005259247
  1.44592, 0.01133738, 0.005259247
  1.44592, 0.012081566, 0.005259247
  1.44592, 0.012347432, 0.005259247
  1.44592, 0.011201457, 0.005259247
  1.44592, 0.01121501, 0.005259247
  1.452375, 0.011404345, 0.0052755508
  1.452375, 0.01046046, 0.0052755508
  1.452375, 0.011049591, 0.0052755508
  1.452375, 0.012708165, 0.0052755508
  1.452375, 0.012061237, 0.0052755508
  1.452375, 0.011625966, 0.0052755508
  1.452375, 0.012858836, 0.0052755508
  1.452375, 0.011155618, 0.0052755508
  1.452375, 0.011307883, 0.0052755508
  1.452375, 0.010633054, 0.0052755508
  1.452375, 0.0099705804, 0.0052755508
  1.452375, 0.012543543, 0.0052755508
  1.452375, 0.011896616, 0.0052755508
  1.452375, 0.010890549, 0.0052755508
  1.452375, 0.012427152, 0.0052755508
  1.452375, 0.011209828, 0.0052755508
  1.452375, 0.010931605, 0.0052755508
  1.452375, 0.010342873, 0.0052755508
  1.452375, 0.012383306, 0.0052755508
  1.452375, 0.010821591, 0.0052755508
  1.452375, 0.010402663, 0.0052755508
  1.452375, 0.012300397, 0.0052755508
  1.452375, 0.011928504, 0.0052755508
  1.452375, 0.012317139, 0.0052755508
  1.452375, 0.011651078, 0.0052755508
  1.452375, 0.011737176, 0.0052755508
  1.452375, 0.012057251, 0.0052755508
  1.452375, 0.012674683, 0.0052755508
  1.452375, 0.010747452, 0.0052755508
  1.452375, 0.012294418, 0.0052755508
  1.452375, 0.010521446, 0.0052755508
  1.452375, 0.012394467, 0.0052755508
  1.452375, 0.0097170708, 0.0052755508
  1.452375, 0.010670522, 0.0052755508
  1.452375, 0.011471708, 0.0052755508
  1.452375, 0.011889839, 0.0052755508
  1.452375, 0.012082363, 0.0052755508
  1.452375, 0.011484862, 0.0052755508
  1.452375, 0.012385299, 0.0052755508
  1.452375, 0.011439421, 0.0052755508
  1.452375, 0.01193528, 0.0052755508
  1.452375, 0.011558603, 0.0052755508
  1.452375, 0.01225974, 0.0052755508
  1.452375, 0.011741162, 0.0052755508
  1.452375, 0.011922126, 0.0052755508
  1.452375, 0.010426579, 0.0052755508
  1.45883, 0.011427463, 0.0052917819
  1.45883, 0.011688148, 0.0052917819
  1.45883, 0.011643903, 0.0052917819
  1.45883, 0.011579729, 0.0052917819
  1.45883, 0.010384327, 0.0052917819
  1.45883, 0.010414621, 0.0052917819
  1.45883, 0.012742445, 0.0052917819
  1.45883, 0.010888158, 0.0052917819
  1.45883, 0.010492746, 0.0052917819
  1.45883, 0.010917654, 0.0052917819
  1.45883, 0.011189101, 0.0052917819
  1.45883, 0.012215894, 0.0052917819
  1.45883, 0.011924916, 0.0052917819
  1.45883, 0.0097971894, 0.0052917819
  1.45883, 0.010797675, 0.0052917819
  1.45883, 0.01040625, 0.0052917819
  1.45883, 0.011082276, 0.0052917819
  1.45883, 0.01156219, 0.0052917819
  1.45883, 0.011472904, 0.0052917819
  1.45883, 0.011456561, 0.0052917819
  1.45883, 0.011967566, 0.0052917819
  1.45883, 0.011531498, 0.0052917819
  1.45883, 0.0098382452, 0.0052917819
  1.45883, 0.012056056, 0.0052917819
  1.45883, 0.011574547, 0.0052917819
  1.45883, 0.010790102, 0.0052917819
  1.45883, 0.011363687, 0.0052917819
  1.45883, 0.01114087, 0.0052917819
  1.45883, 0.01096708, 0.0052917819
  1.45883, 0.010730312, 0.0052917819
  1.45883, 0.011592882, 0.0052917819
  1.45883, 0.011018898, 0.0052917819
  1.45883, 0.011685358, 0.0052917819
  1.45883, 0.011547442, 0.0052917819
  1.45883, 0.011481673, 0.0052917819
  1.45883, 0.0090944576, 0.0052917819
  1.45883, 0.011466925, 0.0052917819
  1.45883, 0.011916944, 0.0052917819
  1.45883, 0.011709672, 0.0052917819
  1.45883, 0.011414708, 0.0052917819
  1.45883, 0.011492435, 0.0052917819
  1.45883, 0.011450981, 0.0052917819
  1.45883, 0.010514669, 0.0052917819
  1.45883, 0.011767868, 0.0052917819
  1.45883, 0.011682567, 0.0052917819
  1.45883, 0.011558603, 0.0052917819
  1.45883, 0.0123566, 0.0052917819
  1.45883, 0.010052293, 0.0052917819
  1.465285, 0.011671805, 0.0053079401
  1.465285, 0.01063704, 0.0053079401
  1.465285, 0.011406736, 0.0053079401
  1.465285, 0.011838819, 0.0053079401
  1.465285, 0.010446509, 0.0053079401
  1.465285, 0.012348229, 0.0053079401
  1.465285, 0.011633938, 0.0053079401
  1.465285, 0.010159915, 0.0053079401
  1.465285, 0.010222097, 0.0053079401
  1.465285, 0.011464135, 0.0053079401
  1.465285, 0.011804938, 0.0053079401
  1.465285, 0.012338264, 0.0053079401
  1.465285, 0.011635931, 0.0053079401
  1.465285, 0.012569054, 0.0053079401
  1.465285, 0.012406026, 0.0053079401
  1.465285, 0.010959108, 0.0053079401
  1.465285, 0.012576229, 0.0053079401
  1.465285, 0.010990996, 0.0053079401
  1.465285, 0.011884658, 0.0053079401
  1.465285, 0.0099972866, 0.0053079401
  1.465285, 0.012396859, 0.0053079401
  1.465285, 0.011519939, 0.0053079401
  1.465285, 0.010322544, 0.0053079401
  1.465285, 0.01092164, 0.0053079401
  1.465285, 0.011926112, 0.0053079401
  1.465285, 0.012588187, 0.0053079401
  1.465285, 0.011791784, 0.0053079401
  1.465285, 0.011077493, 0.0053079401
  1.465285, 0.011182324, 0.0053079401
  1.465285, 0.010566089, 0.0053079401
  1.465285, 0.011964776, 0.0053079401
  1.465285, 0.010314572, 0.0053079401
  1.465285, 0.011041619, 0.0053079401
  1.465285, 0.011899406, 0.0053079401
  1.465285, 0.010850689, 0.0053079401
  1.465285, 0.01176149, 0.0053079401
  1.465285, 0.011067926, 0.0053079401
  1.465285, 0.011500407, 0.0053079401
  1.465285, 0.012206328, 0.0053079401
  1.465285, 0.010166692, 0.0053079401
  1.47174, 0.011832441, 0.0053240257
  1.47174, 0.01212023, 0.0053240257
  1.47174, 0.012389684, 0.0053240257
  1.47174, 0.01195521, 0.0053240257
  1.47174, 0.011762686, 0.0053240257
  1.47174, 0.010703207, 0.0053240257
  1.47174, 0.010885766, 0.0053240257
  1.47174, 0.011692532, 0.0053240257
  1.47174, 0.010911276, 0.0053240257
  1.47174, 0.012577026, 0.0053240257
  1.47174, 0.011959594, 0.0053240257
  1.47174, 0.011873497, 0.0053240257
  1.47174, 0.010394691, 0.0053240257
  1.47174, 0.010835542, 0.0053240257
  1.47174, 0.011743155, 0.0053240257
  1.47174, 0.011245303, 0.0053240257
  1.47174, 0.011550232, 0.0053240257
  1.47174, 0.012193573, 0.0053240257
  1.47174, 0.012127006, 0.0053240257
  1.47174, 0.009500631, 0.0053240257
  1.47174, 0.011510372, 0.0053240257
  1.47174, 0.012152915, 0.0053240257
  1.47174, 0.012413201, 0.0053240257
  1.47174, 0.011732791, 0.0053240257
  1.47174, 0.011366079, 0.0053240257
  1.47174, 0.011013318, 0.0053240257
  1.47174, 0.011287953, 0.0053240257
  1.47174, 0.012592571, 0.0053240257
  1.47174, 0.010579641, 0.0053240257
  1.47174, 0.011027269, 0.0053240257
  1.47174, 0.010553334, 0.0053240257
  1.47174, 0.011319044, 0.0053240257
  1.47174, 0.012164873, 0.0053240257
  1.47174, 0.011236534, 0.0053240257
  1.47174, 0.011819287, 0.0053240257
  1.47174, 0.010035951, 0.0053240257
  1.47174, 0.010955122, 0.0053240257
  1.47174, 0.012486942, 0.0053240257
  1.47174, 0.011362093, 0.0053240257
  1.47174, 0.01146254, 0.0053240257
  1.47174, 0.012431935, 0.0053240257
  1.47174, 0.011840812, 0.0053240257
  1.47174, 0.011987895, 0.0053240257
  1.47174, 0.011732791, 0.0053240257
  1.478195, 0.012180419, 0.0053400387
  1.478195, 0.01052304, 0.0053400387
  1.478195, 0.012262132, 0.0053400387
  1.478195, 0.01210309, 0.0053400387
  1.478195, 0.011498016, 0.0053400387
  1.478195, 0.012411208, 0.0053400387
  1.478195, 0.010625879, 0.0053400387
  1.478195, 0.012070007, 0.0053400387
  1.478195, 0.011438624, 0.0053400387
  1.478195, 0.010972661, 0.0053400387
  1.478195, 0.010698025, 0.0053400387
  1.478195, 0.011511169, 0.0053400387
  1.478195, 0.011026073, 0.0053400387
  1.478195, 0.010174265, 0.0053400387
  1.478195, 0.011130506, 0.0053400387
  1.478195, 0.011770259, 0.0053400387
  1.478195, 0.012936164, 0.0053400387
  1.478195, 0.012130992, 0.0053400387
  1.478195, 0.011516351, 0.0053400387
  1.478195, 0.011261646, 0.0053400387
  1.478195, 0.01159926, 0.0053400387
  1.478195, 0.010782529, 0.0053400387
  1.478195, 0.011956007, 0.0053400387
  1.478195, 0.012320726, 0.0053400387
  1.478195, 0.011804539, 0.0053400387
  1.478195, 0.0094659528, 0.0053400387
  1.478195, 0.010941969, 0.0053400387
  1.478195, 0.010987808, 0.0053400387
  1.478195, 0.012483355, 0.0053400387
  1.478195, 0.010979437, 0.0053400387
  1.478195, 0.011290345, 0.0053400387
  1.478195, 0.012326705, 0.0053400387
  1.478195, 0.011502002, 0.0053400387
  1.478195, 0.011307086, 0.0053400387
  1.478195, 0.011295527, 0.0053400387
  1.478195, 0.012019783, 0.0053400387
  1.478195, 0.0099418812, 0.0053400387
  1.478195, 0.011093835, 0.0053400387
  1.478195, 0.01127759, 0.0053400387
  1.478195, 0.012190384, 0.0053400387
  1.478195, 0.011926511, 0.0053400387
  1.478195, 0.011285163, 0.0053400387
  1.478195, 0.011500009, 0.0053400387
  1.478195, 0.012186796, 0.0053400387
  1.48465, 0.01038353, 0.0053559791
  1.48465, 0.012612501, 0.0053559791
  1.48465, 0.012218286, 0.0053559791
  1.48465, 0.011818889, 0.0053559791
  1.48465, 0.010681683, 0.0053559791
  1.48465, 0.011973147, 0.0053559791
  1.48465, 0.011256065, 0.0053559791
  1.48465, 0.010469628, 0.0053559791
  1.48465, 0.013050961, 0.0053559791
  1.48465, 0.011680176, 0.0053559791
  1.48465, 0.011720833, 0.0053559791
  1.48465, 0.011184317, 0.0053559791
  1.48465, 0.011100611, 0.0053559791
  1.48465, 0.012826151, 0.0053559791
  1.48465, 0.012059244, 0.0053559791
  1.48465, 0.012051671, 0.0053559791
  1.48465, 0.011923322, 0.0053559791
  1.48465, 0.012125811, 0.0053559791
  1.48465, 0.011023682, 0.0053559791
  1.48465, 0.012502089, 0.0053559791
  1.48465, 0.01043774, 0.0053559791
  1.48465, 0.010522641, 0.0053559791
  1.48465, 0.012458243, 0.0053559791
  1.48465, 0.010760606, 0.0053559791
  1.48465, 0.010559313, 0.0053559791
  1.48465, 0.010702809, 0.0053559791
  1.48465, 0.011727609, 0.0053559791
  1.48465, 0.011826063, 0.0053559791
  1.48465, 0.0114741, 0.0053559791
  1.48465, 0.011779427, 0.0053559791
  1.48465, 0.011944846, 0.0053559791
  1.48465, 0.011282772, 0.0053559791
  1.48465, 0.011857553, 0.0053559791
  1.48465, 0.012184405, 0.0053559791
  1.48465, 0.011720036, 0.0053559791
  1.48465, 0.011824868, 0.0053559791
  1.48465, 0.012679865, 0.0053559791
  1.48465, 0.010817605, 0.0053559791
  1.491105, 0.012128601, 0.0053718471
  1.491105, 0.012324712, 0.0053718471
  1.491105, 0.012126209, 0.0053718471
  1.491105, 0.011694127, 0.0053718471
  1.491105, 0.011276394, 0.0053718471
  1.491105, 0.011808126, 0.0053718471
  1.491105, 0.011335387, 0.0053718471
  1.491105, 0.012118636, 0.0053718471
  1.491105, 0.012341852, 0.0053718471
  1.491105, 0.012738857, 0.0053718471
  1.491105, 0.012352215, 0.0053718471
  1.491105, 0.011495225, 0.0053718471
  1.491105, 0.011693728, 0.0053718471
  1.491105, 0.012304782, 0.0053718471
  1.491105, 0.010513872, 0.0053718471
  1.491105, 0.012359789, 0.0053718471
  1.491105, 0.012009021, 0.0053718471
  1.491105, 0.0099586224, 0.0053718471
  1.491105, 0.010977444, 0.0053718471
  1.491105, 0.011308681, 0.0053718471
  1.491105, 0.011592484, 0.0053718471
  1.491105, 0.012396859, 0.0053718471
  1.491105, 0.0098131334, 0.0053718471
  1.491105, 0.0098310704, 0.0053718471
  1.491105, 0.011484065, 0.0053718471
  1.491105, 0.011827658, 0.0053718471
  1.491105, 0.012164475, 0.0053718471
  1.491105, 0.01109543, 0.0053718471
  1.491105, 0.011866721, 0.0053718471
  1.491105, 0.012216691, 0.0053718471
  1.491105, 0.012799046, 0.0053718471
  1.491105, 0.010660557, 0.0053718471
  1.491105, 0.012145342, 0.0053718471
  1.491105, 0.011456163, 0.0053718471
  1.491105, 0.01165905, 0.0053718471
  1.491105, 0.011578533, 0.0053718471
  1.491105, 0.010281488, 0.0053718471
  1.491105, 0.011633938, 0.0053718471
  1.491105, 0.010943563, 0.0053718471
  1.491105, 0.011158807, 0.0053718471
  1.49756, 0.011415107, 0.0053876428
  1.49756, 0.012498103, 0.0053876428
  1.49756, 0.010619501, 0.0053876428
  1.49756, 0.012563075, 0.0053876428
  1.49756, 0.0101073, 0.0053876428
  1.49756, 0.010385922, 0.0053876428
  1.49756, 0.011726015, 0.0053876428
  1.49756, 0.010704403, 0.0053876428
  1.49756, 0.01178421, 0.0053876428
  1.49756, 0.011667819, 0.0053876428
  1.49756, 0.011193884, 0.0053876428
  1.49756, 0.012021776, 0.0053876428
  1.49756, 0.012098307, 0.0053876428
  1.49756, 0.011421086, 0.0053876428
  1.49756, 0.012235426, 0.0053876428
  1.49756, 0.011732392, 0.0053876428
  1.49756, 0.012048482, 0.0053876428
  1.49756, 0.012547131, 0.0053876428
  1.49756, 0.011295128, 0.0053876428
  1.49756, 0.011803742, 0.0053876428
  1.49756, 0.011356513, 0.0053876428
  1.49756, 0.012390481, 0.0053876428
  1.49756, 0.012015797, 0.0053876428
  1.49756, 0.011661442, 0.0053876428
  1.49756, 0.012572243, 0.0053876428
  1.49756, 0.010904102, 0.0053876428
  1.49756, 0.012531585, 0.0053876428
  1.49756, 0.010841123, 0.0053876428
  1.49756, 0.01139438, 0.0053876428
  1.49756, 0.011505589, 0.0053876428
  1.49756, 0.011336184, 0.0053876428
  1.49756, 0.01110101, 0.0053876428
  1.49756, 0.012767557, 0.0053876428
  1.49756, 0.010342076, 0.0053876428
  1.49756, 0.011156415, 0.0053876428
  1.49756, 0.0099817412, 0.0053876428
  1.49756, 0.011260051, 0.0053876428
  1.49756, 0.011127318, 0.0053876428
  1.49756, 0.011642309, 0.0053876428
  1.49756, 0.01250169, 0.0053876428
  1.49756, 0.012334278, 0.0053876428
  1.49756, 0.011383219, 0.0053876428
  1.49756, 0.012117839, 0.0053876428
  1.49756, 0.011649882, 0.0053876428
  1.49756, 0.011934881, 0.0053876428
  1.49756, 0.010825976, 0.0053876428
  1.49756, 0.012062035, 0.0053876428
  1.49756, 0.012083958, 0.0053876428
  1.49756, 0.012125811, 0.0053876428
  1.49756, 0.011010528, 0.0053876428
  1.49756, 0.011720833, 0.0053876428
  1.49756, 0.012423166, 0.0053876428
  1.504015, 0.010953927, 0.0054033661
  1.504015, 0.011562987, 0.0054033661
  1.504015, 0.011743952, 0.0054033661
  1.504015, 0.011871902, 0.0054033661
  1.504015, 0.011082276, 0.0054033661
  1.504015, 0.012342649, 0.0054033661
  1.504015, 0.011113765, 0.0054033661
  1.504015, 0.011593281, 0.0054033661
  1.504015, 0.011292338, 0.0054033661
  1.504015, 0.010033958, 0.0054033661
  1.504015, 0.011686952, 0.0054033661
  1.504015, 0.011105395, 0.0054033661
  1.504015, 0.010937185, 0.0054033661
  1.504015, 0.0098302732, 0.0054033661
  1.504015, 0.010546956, 0.0054033661
  1.504015, 0.011397967, 0.0054033661
  1.504015, 0.012024168, 0.0054033661
  1.504015, 0.011773847, 0.0054033661
  1.504015, 0.011476093, 0.0054033661
  1.504015, 0.011909371, 0.0054033661
  1.504015, 0.011254471, 0.0054033661
  1.504015, 0.011574148, 0.0054033661
  1.504015, 0.010446509, 0.0054033661
  1.504015, 0.010816808, 0.0054033661
  1.504015, 0.011582917, 0.0054033661
  1.504015, 0.010847102, 0.0054033661
  1.504015, 0.012009021, 0.0054033661
  1.504015, 0.012335474, 0.0054033661
  1.504015, 0.011674994, 0.0054033661
  1.504015, 0.012027356, 0.0054033661
  1.504015, 0.011776637, 0.0054033661
  1.504015, 0.011998259, 0.0054033661
  1.504015, 0.01205207, 0.0054033661
  1.504015, 0.011400359, 0.0054033661
  1.504015, 0.012257349, 0.0054033661
  1.504015, 0.010251992, 0.0054033661
  1.504015, 0.010319355, 0.0054033661
  1.504015, 0.011985902, 0.0054033661
  1.504015, 0.01179298, 0.0054033661
  1.51047, 0.011330205, 0.0054190173
  1.51047, 0.010542571, 0.0054190173
  1.51047, 0.010709585, 0.0054190173
  1.51047, 0.010763396, 0.0054190173
  1.51047, 0.010519851, 0.0054190173
  1.51047, 0.011438226, 0.0054190173
  1.51047, 0.011870308, 0.0054190173
  1.51047, 0.010871416, 0.0054190173
  1.51047, 0.011270814, 0.0054190173
  1.51047, 0.011557806, 0.0054190173
  1.51047, 0.012487341, 0.0054190173
  1.51047, 0.011204646, 0.0054190173
  1.51047, 0.010966283, 0.0054190173
  1.51047, 0.011167975, 0.0054190173
  1.51047, 0.012577026, 0.0054190173
  1.51047, 0.011747938, 0.0054190173
  1.51047, 0.011242912, 0.0054190173
  1.51047, 0.011969958, 0.0054190173
  1.51047, 0.010013231, 0.0054190173
  1.51047, 0.011670211, 0.0054190173
  1.51047, 0.012381712, 0.0054190173
  1.51047, 0.012827347, 0.0054190173
  1.51047, 0.011395177, 0.0054190173
  1.51047, 0.012158894, 0.0054190173
  1.51047, 0.010730312, 0.0054190173
  1.51047, 0.011865126, 0.0054190173
  1.51047, 0.012850067, 0.0054190173
  1.51047, 0.011046402, 0.0054190173
  1.51047, 0.0092650584, 0.0054190173
  1.51047, 0.011796168, 0.0054190173
  1.51047, 0.011922923, 0.0054190173
  1.51047, 0.011600854, 0.0054190173
  1.516925, 0.01026395, 0.0054345965
  1.516925, 0.012401642, 0.0054345965
  1.516925, 0.0099239442, 0.0054345965
  1.516925, 0.012605725, 0.0054345965
  1.516925, 0.01112094, 0.0054345965
  1.516925, 0.012109867, 0.0054345965
  1.516925, 0.011022486, 0.0054345965
  1.516925, 0.011470512, 0.0054345965
  1.516925, 0.012748822, 0.0054345965
  1.516925, 0.011963182, 0.0054345965
  1.516925, 0.012687438, 0.0054345965
  1.516925, 0.0097230498, 0.0054345965
  1.516925, 0.012823361, 0.0054345965
  1.516925, 0.010687662, 0.0054345965
  1.516925, 0.011490442, 0.0054345965
  1.516925, 0.011472505, 0.0054345965
  1.516925, 0.011047199, 0.0054345965
  1.516925, 0.012650368, 0.0054345965
  1.516925, 0.011974741, 0.0054345965
  1.516925, 0.010990598, 0.0054345965
  1.516925, 0.011747539, 0.0054345965
  1.516925, 0.011087059, 0.0054345965
  1.516925, 0.012132188, 0.0054345965
  1.516925, 0.011518344, 0.0054345965
  1.52338, 0.011950427, 0.0054501036
  1.52338, 0.010680886, 0.0054501036
  1.52338, 0.011848784, 0.0054501036
  1.52338, 0.01205765, 0.0054501036
  1.52338, 0.011154821, 0.0054501036
  1.52338, 0.01082478, 0.0054501036
  1.52338, 0.012203936, 0.0054501036
  1.52338, 0.011398366, 0.0054501036
  1.52338, 0.010936388, 0.0054501036
  1.52338, 0.012455054, 0.0054501036
  1.52338, 0.011608826, 0.0054501036
  1.52338, 0.012545935, 0.0054501036
  1.52338, 0.011882266, 0.0054501036
  1.52338, 0.011810119, 0.0054501036
  1.52338, 0.012531984, 0.0054501036
  1.52338, 0.010757018, 0.0054501036
  1.52338, 0.010878193, 0.0054501036
  1.52338, 0.011315855, 0.0054501036
  1.52338, 0.011431848, 0.0054501036
  1.52338, 0.0097461686, 0.0054501036
  1.52338, 0.011824469, 0.0054501036
  1.52338, 0.01225137, 0.0054501036
  1.52338, 0.010865836, 0.0054501036
  1.52338, 0.011782217, 0.0054501036
  1.52338, 0.012138167, 0.0054501036
  1.52338, 0.011108982, 0.0054501036
  1.52338, 0.011464135, 0.0054501036
  1.529835, 0.010663347, 0.0054655389
  1.529835, 0.012335873, 0.0054655389
  1.529835, 0.011727609, 0.0054655389
  1.529835, 0.012136573, 0.0054655389
  1.529835, 0.012001846, 0.0054655389
  1.529835, 0.010230866, 0.0054655389
  1.529835, 0.011040024, 0.0054655389
  1.529835, 0.010296237, 0.0054655389
  1.529835, 0.010299027, 0.0054655389
  1.529835, 0.01098701, 0.0054655389
  1.529835, 0.011362093, 0.0054655389
  1.529835, 0.011355715, 0.0054655389
  1.529835, 0.011882266, 0.0054655389
  1.529835, 0.011009332, 0.0054655389
  1.529835, 0.01279227, 0.0054655389
  1.529835, 0.01171884, 0.0054655389
  1.529835, 0.010483579, 0.0054655389
  1.529835, 0.010933598, 0.0054655389
  1.529835, 0.012476579, 0.0054655389
  1.529835, 0.011696518, 0.0054655389
  1.529835, 0.012741648, 0.0054655389
  1.529835, 0.012034531, 0.0054655389
  1.529835, 0.012245789, 0.0054655389
  1.529835, 0.011756308, 0.0054655389
  1.529835, 0.011509176, 0.0054655389
  1.529835, 0.0117587, 0.0054655389
  1.529835, 0.011558603, 0.0054655389
  1.529835, 0.011819287, 0.0054655389
  1.529835, 0.011699309, 0.0054655389
  1.529835, 0.010892144, 0.0054655389
  1.529835, 0.011566973, 0.0054655389
  1.529835, 0.012315544, 0.0054655389
  1.529835, 0.011739966, 0.0054655389
  1.529835, 0.011400359, 0.0054655389
  1.529835, 0.012164475, 0.0054655389
  1.529835, 0.012356201, 0.0054655389
  1.529835, 0.011853168, 0.0054655389
  1.529835, 0.010549348, 0.0054655389
  1.529835, 0.012223069, 0.0054655389
  1.529835, 0.011107786, 0.0054655389
  1.529835, 0.012260139, 0.0054655389
  1.53629, 0.012303985, 0.0054809023
  1.53629, 0.011196674, 0.0054809023
  1.53629, 0.011466128, 0.0054809023
  1.53629, 0.011565379, 0.0054809023
  1.53629, 0.011607631, 0.0054809023
  1.53629, 0.01207479, 0.0054809023
  1.53629, 0.012404432, 0.0054809023
  1.53629, 0.011560994, 0.0054809023
  1.53629, 0.011731994, 0.0054809023
  1.53629, 0.010682081, 0.0054809023
  1.53629, 0.011208632, 0.0054809023
  1.53629, 0.0099865244, 0.0054809023
  1.53629, 0.010757815, 0.0054809023
  1.53629, 0.012927395, 0.0054809023
  1.53629, 0.01157654, 0.0054809023
  1.53629, 0.011188702, 0.0054809023
  1.53629, 0.01044332, 0.0054809023
  1.53629, 0.010915661, 0.0054809023
  1.53629, 0.01180414, 0.0054809023
  1.53629, 0.010461257, 0.0054809023
  1.53629, 0.011787399, 0.0054809023
  1.53629, 0.012394866, 0.0054809023
  1.53629, 0.01235939, 0.0054809023
  1.53629, 0.012402838, 0.0054809023
  1.53629, 0.011404345, 0.0054809023
  1.53629, 0.010146762, 0.0054809023
  1.53629, 0.01011009, 0.0054809023
  1.53629, 0.011687749, 0.0054809023
  1.53629, 0.009410946, 0.0054809023
  1.53629, 0.011737574, 0.0054809023
  1.53629, 0.011476491, 0.0054809023
  1.53629, 0.011637526, 0.0054809023
  1.53629, 0.011305093, 0.0054809023
  1.53629, 0.012176433, 0.0054809023
  1.53629, 0.01086464, 0.0054809023
  1.53629, 0.011857951, 0.0054809023
  1.53629, 0.011305492, 0.0054809023
  1.53629, 0.01250169, 0.0054809023
  1.542745, 0.011931294, 0.0054961941
  1.542745, 0.011441016, 0.0054961941
  1.542745, 0.011843602, 0.0054961941
  1.542745, 0.012428348, 0.0054961941
  1.542745, 0.011413911, 0.0054961941
  1.542745, 0.01126324, 0.0054961941
  1.542745, 0.0096098474, 0.0054961941
  1.542745, 0.011760693, 0.0054961941
  1.542745, 0.011202653, 0.0054961941
  1.542745, 0.012351418, 0.0054961941
  1.542745, 0.010888158, 0.0054961941
  1.542745, 0.01106115, 0.0054961941
  1.542745, 0.010644214, 0.0054961941
  1.542745, 0.012138167, 0.0054961941
  1.542745, 0.010914465, 0.0054961941
  1.542745, 0.010670123, 0.0054961941
  1.542745, 0.011670211, 0.0054961941
  1.542745, 0.011922525, 0.0054961941
  1.542745, 0.010953129, 0.0054961941
  1.542745, 0.011179933, 0.0054961941
  1.542745, 0.010711976, 0.0054961941
  1.542745, 0.010858263, 0.0054961941
  1.542745, 0.010949143, 0.0054961941
  1.542745, 0.011760294, 0.0054961941
  1.542745, 0.011776637, 0.0054961941
  1.542745, 0.011355317, 0.0054961941
  1.542745, 0.011647889, 0.0054961941
  1.542745, 0.012420775, 0.0054961941
  1.542745, 0.010475208, 0.0054961941
  1.542745, 0.010203761, 0.0054961941
  1.542745, 0.011884259, 0.0054961941
  1.542745, 0.0098641542, 0.0054961941
  1.542745, 0.011610022, 0.0054961941
  1.542745, 0.012466614, 0.0054961941
  1.542745, 0.0095636098, 0.0054961941
  1.542745, 0.010793689, 0.0054961941
  1.542745, 0.0118157, 0.0054961941
  1.5492, 0.011922525, 0.0055114143
  1.5492, 0.011830847, 0.0055114143
  1.5492, 0.011711267, 0.0055114143
  1.5492, 0.01223981, 0.0055114143
  1.5492, 0.012611305, 0.0055114143
  1.5492, 0.012730885, 0.0055114143
  1.5492, 0.011145653, 0.0055114143
  1.5492, 0.012089139, 0.0055114143
  1.5492, 0.009179758, 0.0055114143
  1.5492, 0.011211024, 0.0055114143
  1.5492, 0.010481984, 0.0055114143
  1.5492, 0.012754403, 0.0055114143
  1.5492, 0.011477687, 0.0055114143
  1.5492, 0.011809721, 0.0055114143
  1.5492, 0.011863532, 0.0055114143
  1.5492, 0.010950339, 0.0055114143
  1.5492, 0.010682879, 0.0055114143
  1.5492, 0.010726326, 0.0055114143
  1.5492, 0.011382023, 0.0055114143
  1.5492, 0.010069433, 0.0055114143
  1.5492, 0.011654665, 0.0055114143
  1.5492, 0.010105307, 0.0055114143
  1.5492, 0.011950427, 0.0055114143
  1.5492, 0.011826861, 0.0055114143
  1.5492, 0.010747452, 0.0055114143
  1.5492, 0.011022087, 0.0055114143
  1.5492, 0.012062832, 0.0055114143
  1.5492, 0.012533578, 0.0055114143
  1.5492, 0.012059244, 0.0055114143
  1.5492, 0.011820882, 0.0055114143
  1.555655, 0.0090577864, 0.0055265631
  1.555655, 0.012206726, 0.0055265631
  1.555655, 0.010013629, 0.0055265631
  1.555655, 0.011763483, 0.0055265631
  1.555655, 0.010478397, 0.0055265631
  1.555655, 0.011875091, 0.0055265631
  1.555655, 0.0093364078, 0.0055265631
  1.555655, 0.012250971, 0.0055265631
  1.555655, 0.011601253, 0.0055265631
  1.555655, 0.011096227, 0.0055265631
  1.555655, 0.011790189, 0.0055265631
  1.555655, 0.010915661, 0.0055265631
  1.555655, 0.011205842, 0.0055265631
  1.555655, 0.010710382, 0.0055265631
  1.555655, 0.01209751, 0.0055265631
  1.555655, 0.011467722, 0.0055265631
  1.555655, 0.01227688, 0.0055265631
  1.555655, 0.011850777, 0.0055265631
  1.555655, 0.012408019, 0.0055265631
  1.555655, 0.010690851, 0.0055265631
  1.555655, 0.012542348, 0.0055265631
  1.555655, 0.011865923, 0.0055265631
  1.555655, 0.012343845, 0.0055265631
  1.555655, 0.012634424, 0.0055265631
  1.56211, 0.011569365, 0.0055416405
  1.56211, 0.010680886, 0.0055416405
  1.56211, 0.011451778, 0.0055416405
  1.56211, 0.012119034, 0.0055416405
  1.56211, 0.012444292, 0.0055416405
  1.56211, 0.011922923, 0.0055416405
  1.56211, 0.011721232, 0.0055416405
  1.56211, 0.010674508, 0.0055416405
  1.56211, 0.012395663, 0.0055416405
  1.56211, 0.010926822, 0.0055416405
  1.56211, 0.010968276, 0.0055416405
  1.56211, 0.011097024, 0.0055416405
  1.56211, 0.011634735, 0.0055416405
  1.56211, 0.011229359, 0.0055416405
  1.56211, 0.01134296, 0.0055416405
  1.56211, 0.009313289, 0.0055416405
  1.56211, 0.01156219, 0.0055416405
  1.56211, 0.011670609, 0.0055416405
  1.56211, 0.010863046, 0.0055416405
  1.56211, 0.011435435, 0.0055416405
  1.56211, 0.012051671, 0.0055416405
  1.56211, 0.012470998, 0.0055416405
  1.56211, 0.011963182, 0.0055416405
  1.568565, 0.010730711, 0.0055566466
  1.568565, 0.011109381, 0.0055566466
  1.568565, 0.010307796, 0.0055566466
  1.568565, 0.012431138, 0.0055566466
  1.568565, 0.010740277, 0.0055566466
  1.568565, 0.011474897, 0.0055566466
  1.568565, 0.011235737, 0.0055566466
  1.568565, 0.011487652, 0.0055566466
  1.568565, 0.012007426, 0.0055566466
  1.568565, 0.011139276, 0.0055566466
  1.568565, 0.011481274, 0.0055566466
  1.568565, 0.011712064, 0.0055566466
  1.568565, 0.011632742, 0.0055566466
  1.568565, 0.011185912, 0.0055566466
  1.568565, 0.012017391, 0.0055566466
  1.568565, 0.011782217, 0.0055566466
  1.568565, 0.01160205, 0.0055566466
  1.568565, 0.011183919, 0.0055566466
  1.568565, 0.010929612, 0.0055566466
  1.568565, 0.012277279, 0.0055566466
  1.568565, 0.011659847, 0.0055566466
  1.568565, 0.012797053, 0.0055566466
  1.568565, 0.011724819, 0.0055566466
  1.568565, 0.011918539, 0.0055566466
  1.568565, 0.012478572, 0.0055566466
  1.568565, 0.011775441, 0.0055566466
  1.568565, 0.010457271, 0.0055566466
  1.568565, 0.011316653, 0.0055566466
  1.568565, 0.011488848, 0.0055566466
  1.568565, 0.012075986, 0.0055566466
  1.568565, 0.011561393, 0.0055566466
  1.568565, 0.011886651, 0.0055566466
  1.568565, 0.01139717, 0.0055566466
  1.568565, 0.011454568, 0.0055566466
  1.568565, 0.012399649, 0.0055566466
  1.57502, 0.011147248, 0.0055715817
  1.57502, 0.012753207, 0.0055715817
  1.57502, 0.01121501, 0.0055715817
  1.57502, 0.012459837, 0.0055715817
  1.57502, 0.010228076, 0.0055715817
  1.57502, 0.011969958, 0.0055715817
  1.57502, 0.010875402, 0.0055715817
  1.57502, 0.010620697, 0.0055715817
  1.57502, 0.012002245, 0.0055715817
  1.57502, 0.010624284, 0.0055715817
  1.57502, 0.010131216, 0.0055715817
  1.57502, 0.012289635, 0.0055715817
  1.57502, 0.010969472, 0.0055715817
  1.57502, 0.011113367, 0.0055715817
  1.57502, 0.011737973, 0.0055715817
  1.57502, 0.011031255, 0.0055715817
  1.57502, 0.011360897, 0.0055715817
  1.57502, 0.011841609, 0.0055715817
  1.57502, 0.010683676, 0.0055715817
  1.57502, 0.010715165, 0.0055715817
  1.57502, 0.012042105, 0.0055715817
  1.57502, 0.01203493, 0.0055715817
  1.57502, 0.01001044, 0.0055715817
  1.57502, 0.011728406, 0.0055715817
  1.57502, 0.011132499, 0.0055715817
  1.57502, 0.012377726, 0.0055715817
  1.57502, 0.012052867, 0.0055715817
  1.581475, 0.01153668, 0.0055864457
  1.581475, 0.011335785, 0.0055864457
  1.581475, 0.01023844, 0.0055864457
  1.581475, 0.01264997, 0.0055864457
  1.581475, 0.011620784, 0.0055864457
  1.581475, 0.0078866996, 0.0055864457
  1.581475, 0.011819686, 0.0055864457
  1.581475, 0.010715564, 0.0055864457
  1.581475, 0.012156503, 0.0055864457
  1.581475, 0.012535571, 0.0055864457
  1.581475, 0.011064737, 0.0055864457
  1.581475, 0.01271255, 0.0055864457
  1.581475, 0.011400757, 0.0055864457
  1.581475, 0.0099024198, 0.0055864457
  1.581475, 0.01106673, 0.0055864457
  1.581475, 0.012026161, 0.0055864457
  1.581475, 0.011838819, 0.0055864457
  1.581475, 0.011353324, 0.0055864457
  1.581475, 0.012611704, 0.0055864457
  1.581475, 0.010769773, 0.0055864457
  1.581475, 0.012289635, 0.0055864457
  1.581475, 0.012293621, 0.0055864457
  1.581475, 0.010388712, 0.0055864457
  1.58793, 0.012423565, 0.0056012388
  1.58793, 0.011737176, 0.0056012388
  1.58793, 0.011597267, 0.0056012388
  1.58793, 0.011358107, 0.0056012388
  1.58793, 0.010390705, 0.0056012388
  1.58793, 0.011737973, 0.0056012388
  1.58793, 0.011725218, 0.0056012388
  1.58793, 0.011396373, 0.0056012388
  1.58793, 0.011281974, 0.0056012388
  1.58793, 0.01074785, 0.0056012388
  1.58793, 0.011994273, 0.0056012388
  1.58793, 0.011720833, 0.0056012388
  1.58793, 0.0099502518, 0.0056012388
  1.58793, 0.011979923, 0.0056012388
  1.58793, 0.011638721, 0.0056012388
  1.58793, 0.011302303, 0.0056012388
  1.58793, 0.009937098, 0.0056012388
  1.58793, 0.012504082, 0.0056012388
  1.58793, 0.012516837, 0.0056012388
  1.58793, 0.011121737, 0.0056012388
  1.58793, 0.012034531, 0.0056012388
  1.58793, 0.01091885, 0.0056012388
  1.58793, 0.012077979, 0.0056012388
  1.594385, 0.011373652, 0.0056159611
  1.594385, 0.012185202, 0.0056159611
  1.594385, 0.011350534, 0.0056159611
  1.594385, 0.011582917, 0.0056159611
  1.594385, 0.012904276, 0.0056159611
  1.594385, 0.012204335, 0.0056159611
  1.594385, 0.012329894, 0.0056159611
  1.594385, 0.010834745, 0.0056159611
  1.594385, 0.010473215, 0.0056159611
  1.594385, 0.011299513, 0.0056159611
  1.594385, 0.011082674, 0.0056159611
  1.594385, 0.012138566, 0.0056159611
  1.594385, 0.010438935, 0.0056159611
  1.594385, 0.012209118, 0.0056159611
  1.594385, 0.012036524, 0.0056159611
  1.594385, 0.0096449242, 0.0056159611
  1.594385, 0.011611218, 0.0056159611
  1.594385, 0.010528222, 0.0056159611
  1.594385, 0.012915836, 0.0056159611
  1.594385, 0.011151234, 0.0056159611
  1.594385, 0.012360985, 0.0056159611
  1.594385, 0.012063629, 0.0056159611
  1.594385, 0.011315457, 0.0056159611
  1.594385, 0.01149961, 0.0056159611
  1.594385, 0.011868315, 0.0056159611
  1.60084, 0.01098422, 0.0056306128
  1.60084, 0.011682966, 0.0056306128
  1.60084, 0.010335299, 0.0056306128
  1.60084, 0.010282684, 0.0056306128
  1.60084, 0.01176428, 0.0056306128
  1.60084, 0.01255869, 0.0056306128
  1.60084, 0.010405054, 0.0056306128
  1.60084, 0.011275597, 0.0056306128
  1.60084, 0.010807242, 0.0056306128
  1.60084, 0.011737574, 0.0056306128
  1.60084, 0.011211024, 0.0056306128
  1.60084, 0.012608914, 0.0056306128
  1.60084, 0.010897724, 0.0056306128
  1.60084, 0.01225416, 0.0056306128
  1.60084, 0.010578445, 0.0056306128
  1.60084, 0.011321037, 0.0056306128
  1.60084, 0.010487565, 0.0056306128
  1.607295, 0.010107699, 0.005645194
  1.607295, 0.012240209, 0.005645194
  1.607295, 0.01216288, 0.005645194
  1.607295, 0.012001846, 0.005645194
  1.607295, 0.011506386, 0.005645194
  1.607295, 0.012328299, 0.005645194
  1.607295, 0.012128202, 0.005645194
  1.607295, 0.011981517, 0.005645194
  1.607295, 0.011149639, 0.005645194
  1.607295, 0.011222583, 0.005645194
  1.607295, 0.012175636, 0.005645194
  1.607295, 0.01253039, 0.005645194
  1.607295, 0.010935192, 0.005645194
  1.607295, 0.012166069, 0.005645194
  1.607295, 0.011008933, 0.005645194
  1.607295, 0.012148132, 0.005645194
  1.607295, 0.011838819, 0.005645194
  1.607295, 0.01026674, 0.005645194
  1.61375, 0.010987409, 0.0056597047
  1.61375, 0.011774644, 0.0056597047
  1.61375, 0.012199552, 0.0056597047
  1.61375, 0.01231674, 0.0056597047
  1.61375, 0.012461432, 0.0056597047
  1.61375, 0.011931692, 0.0056597047
  1.61375, 0.01050869, 0.0056597047
  1.61375, 0.011571358, 0.0056597047
  1.61375, 0.011130506, 0.0056597047
  1.61375, 0.01071955, 0.0056597047
  1.61375, 0.011352527, 0.0056597047
  1.61375, 0.011089052, 0.0056597047
  1.61375, 0.011379233, 0.0056597047
  1.61375, 0.010971066, 0.0056597047
  1.61375, 0.011259254, 0.0056597047
  1.61375, 0.01119508, 0.0056597047
  1.61375, 0.01112094, 0.0056597047
  1.61375, 0.012051272, 0.0056597047
  1.61375, 0.010092153, 0.0056597047
  1.61375, 0.011299911, 0.0056597047
  1.61375, 0.010439334, 0.0056597047
  1.61375, 0.0099566294, 0.0056597047
  1.61375, 0.010727522, 0.0056597047
  1.61375, 0.010380341, 0.0056597047
  1.620205, 0.010997374, 0.0056741452
  1.620205, 0.010653382, 0.0056741452
  1.620205, 0.012764368, 0.0056741452
  1.620205, 0.010108097, 0.0056741452
  1.620205, 0.011031255, 0.0056741452
  1.620205, 0.0098191124, 0.0056741452
  1.620205, 0.012466614, 0.0056741452
  1.620205, 0.012016594, 0.0056741452
  1.620205, 0.01124052, 0.0056741452
  1.620205, 0.011369666, 0.0056741452
  1.620205, 0.010876598, 0.0056741452
  1.620205, 0.011260849, 0.0056741452
  1.620205, 0.011970755, 0.0056741452
  1.620205, 0.011795371, 0.0056741452
  1.620205, 0.011737176, 0.0056741452
  1.620205, 0.011229758, 0.0056741452
  1.620205, 0.010788906, 0.0056741452
  1.620205, 0.011486058, 0.0056741452
  1.620205, 0.011987496, 0.0056741452
  1.620205, 0.012041307, 0.0056741452
  1.620205, 0.011988294, 0.0056741452
  1.62666, 0.0098147278, 0.0056885156
  1.62666, 0.010126433, 0.0056885156
  1.62666, 0.012212705, 0.0056885156
  1.62666, 0.011810119, 0.0056885156
  1.62666, 0.011030458, 0.0056885156
  1.62666, 0.010125237, 0.0056885156
  1.62666, 0.011879476, 0.0056885156
  1.62666, 0.012170852, 0.0056885156
  1.62666, 0.011374051, 0.0056885156
  1.62666, 0.011914553, 0.0056885156
  1.62666, 0.012311957, 0.0056885156
  1.62666, 0.010696032, 0.0056885156
  1.62666, 0.011961587, 0.0056885156
  1.62666, 0.011702896, 0.0056885156
  1.633115, 0.012191978, 0.0057028159
  1.633115, 0.010595984, 0.0057028159
  1.633115, 0.011344156, 0.0057028159
  1.633115, 0.011594477, 0.0057028159
  1.633115, 0.011136485, 0.0057028159
  1.633115, 0.012659137, 0.0057028159
  1.633115, 0.010871815, 0.0057028159
  1.633115, 0.010005259, 0.0057028159
  1.633115, 0.011927308, 0.0057028159
  1.633115, 0.012609312, 0.0057028159
  1.633115, 0.012434327, 0.0057028159
  1.633115, 0.01229681, 0.0057028159
  1.633115, 0.0118727, 0.0057028159
  1.633115, 0.011752322, 0.0057028159
  1.633115, 0.009775665, 0.0057028159
  1.633115, 0.011818091, 0.0057028159
  1.633115, 0.011260849, 0.0057028159
  1.633115, 0.012278873, 0.0057028159
  1.633115, 0.012221873, 0.0057028159
  1.633115, 0.01165347, 0.0057028159
  1.633115, 0.011429855, 0.0057028159
  1.633115, 0.011550232, 0.0057028159
  1.633115, 0.012867605, 0.0057028159
  1.633115, 0.012620473, 0.0057028159
  1.633115, 0.011472505, 0.0057028159
  1.633115, 0.012121027, 0.0057028159
  1.633115, 0.011021689, 0.0057028159
  1.633115, 0.011417498, 0.0057028159
  1.63957, 0.012562278, 0.0057170464
  1.63957, 0.011264436, 0.0057170464
  1.63957, 0.011165185, 0.0057170464
  1.63957, 0.011876686, 0.0057170464
  1.63957, 0.01218002, 0.0057170464
  1.63957, 0.0092746248, 0.0057170464
  1.63957, 0.011161597, 0.0057170464
  1.63957, 0.011196275, 0.0057170464
  1.63957, 0.012456649, 0.0057170464
  1.63957, 0.012235027, 0.0057170464
  1.63957, 0.011721232, 0.0057170464
  1.63957, 0.011010129, 0.0057170464
  1.63957, 0.012756794, 0.0057170464
  1.63957, 0.010649396, 0.0057170464
  1.63957, 0.012286845, 0.0057170464
  1.63957, 0.011842406, 0.0057170464
  1.63957, 0.012500893, 0.0057170464
  1.646025, 0.011904189, 0.0057312071
  1.646025, 0.011072311, 0.0057312071
  1.646025, 0.011241716, 0.0057312071
  1.646025, 0.011902993, 0.0057312071
  1.646025, 0.011332198, 0.0057312071
  1.646025, 0.010702809, 0.0057312071
  1.646025, 0.012063629, 0.0057312071
  1.646025, 0.012329894, 0.0057312071
  1.646025, 0.010963094, 0.0057312071
  1.646025, 0.01202058, 0.0057312071
  1.646025, 0.010773361, 0.0057312071
  1.646025, 0.01213737, 0.0057312071
  1.646025, 0.01142547, 0.0057312071
  1.646025, 0.0099793496, 0.0057312071
  1.646025, 0.010541774, 0.0057312071
  1.646025, 0.011102206, 0.0057312071
  1.646025, 0.01142268, 0.0057312071
  1.65248, 0.012134978, 0.0057452982
  1.65248, 0.01217723, 0.0057452982
  1.65248, 0.010605152, 0.0057452982
  1.65248, 0.010850689, 0.0057452982
  1.65248, 0.010902906, 0.0057452982
  1.65248, 0.011022087, 0.0057452982
  1.65248, 0.010491551, 0.0057452982
  1.65248, 0.012228251, 0.0057452982
  1.65248, 0.011768266, 0.0057452982
  1.65248, 0.012469404, 0.0057452982
  1.65248, 0.011681372, 0.0057452982
  1.65248, 0.012462628, 0.0057452982
  1.65248, 0.01263841, 0.0057452982
  1.65248, 0.011591288, 0.0057452982
  1.65248, 0.010089363, 0.0057452982
  1.65248, 0.011856756, 0.0057452982
  1.65248, 0.010837137, 0.0057452982
  1.65248, 0.011167975, 0.0057452982
  1.65248, 0.011009332, 0.0057452982
  1.658935, 0.010930011, 0.0057593199
  1.658935, 0.012365369, 0.0057593199
  1.658935, 0.011145653, 0.0057593199
  1.658935, 0.0114454, 0.0057593199
  1.658935, 0.011987496, 0.0057593199
  1.658935, 0.011927308, 0.0057593199
  1.658935, 0.011509974, 0.0057593199
  1.658935, 0.012487341, 0.0057593199
  1.658935, 0.010728718, 0.0057593199
  1.658935, 0.01082478, 0.0057593199
  1.658935, 0.012891123, 0.0057593199
  1.658935, 0.011198667, 0.0057593199
  1.658935, 0.011204247, 0.0057593199
  1.658935, 0.012187992, 0.0057593199
  1.658935, 0.011980322, 0.0057593199
  1.658935, 0.012116244, 0.0057593199
  1.658935, 0.011258856, 0.0057593199
  1.658935, 0.0099733706, 0.0057593199
  1.658935, 0.010577648, 0.0057593199
  1.658935, 0.010566089, 0.0057593199
  1.658935, 0.011948035, 0.0057593199
  1.658935, 0.011223779, 0.0057593199
  1.658935, 0.011043612, 0.0057593199
  1.658935, 0.011620386, 0.0057593199
  1.658935, 0.010750242, 0.0057593199
  1.658935, 0.012470998, 0.0057593199
  1.658935, 0.010375957, 0.0057593199
  1.658935, 0.01189542, 0.0057593199
  1.658935, 0.012102293, 0.0057593199
  1.658935, 0.012539956, 0.0057593199
  1.658935, 0.012135776, 0.0057593199
  1.66539, 0.011331799, 0.0057732723
  1.66539, 0.012297209, 0.0057732723
  1.66539, 0.011702896, 0.0057732723
  1.66539, 0.011150436, 0.0057732723
  1.66539, 0.012160489, 0.0057732723
  1.66539, 0.011367275, 0.0057732723
  1.66539, 0.011810518, 0.0057732723
  1.66539, 0.011993475, 0.0057732723
  1.66539, 0.0094081558, 0.0057732723
  1.66539, 0.010926423, 0.0057732723
  1.66539, 0.011994671, 0.0057732723
  1.66539, 0.01087899, 0.0057732723
  1.66539, 0.012116244, 0.0057732723
  1.66539, 0.011093038, 0.0057732723
  1.66539, 0.011889441, 0.0057732723
  1.66539, 0.012753606, 0.0057732723
  1.66539, 0.011243709, 0.0057732723
  1.66539, 0.012270502, 0.0057732723
  1.66539, 0.012200349, 0.0057732723
  1.66539, 0.0098290774, 0.0057732723
  1.671845, 0.011598861, 0.0057871554
  1.671845, 0.012742843, 0.0057871554
  1.671845, 0.011517148, 0.0057871554
  1.671845, 0.011145653, 0.0057871554
  1.671845, 0.012013804, 0.0057871554
  1.671845, 0.012056056, 0.0057871554
  1.671845, 0.011743155, 0.0057871554
  1.671845, 0.010196188, 0.0057871554
  1.671845, 0.011389995, 0.0057871554
  1.671845, 0.012354607, 0.0057871554
  1.671845, 0.011517148, 0.0057871554
  1.671845, 0.01179856, 0.0057871554
  1.671845, 0.011920532, 0.0057871554
  1.671845, 0.01116359, 0.0057871554
  1.671845, 0.011667421, 0.0057871554
  1.671845, 0.01051746, 0.0057871554
  1.671845, 0.011420687, 0.0057871554
  1.671845, 0.010292649, 0.0057871554
  1.671845, 0.012183209, 0.0057871554
  1.671845, 0.012575431, 0.0057871554
  1.671845, 0.010670921, 0.0057871554
  1.671845, 0.011897811, 0.0057871554
  1.671845, 0.011974343, 0.0057871554
  1.671845, 0.011940462, 0.0057871554
  1.671845, 0.011728406, 0.0057871554
  1.6783, 0.01253318, 0.0058009695
  1.6783, 0.012131391, 0.0058009695
  1.6783, 0.011658651, 0.0058009695
  1.6783, 0.011421086, 0.0058009695
  1.6783, 0.012174838, 0.0058009695
  1.6783, 0.011209031, 0.0058009695
  1.6783, 0.010702011, 0.0058009695
  1.6783, 0.012286845, 0.0058009695
  1.6783, 0.011958797, 0.0058009695
  1.6783, 0.01115801, 0.0058009695
  1.6783, 0.01173319, 0.0058009695
  1.6783, 0.012239412, 0.0058009695
  1.6783, 0.010988206, 0.0058009695
  1.6783, 0.011814105, 0.0058009695
  1.6783, 0.011996664, 0.0058009695
  1.6783, 0.012708564, 0.0058009695
  1.684755, 0.011059556, 0.0058147148
  1.684755, 0.01098422, 0.0058147148
  1.684755, 0.011289149, 0.0058147148
  1.684755, 0.01173877, 0.0058147148
  1.684755, 0.011232149, 0.0058147148
  1.684755, 0.011507183, 0.0058147148
  1.684755, 0.010071825, 0.0058147148
  1.684755, 0.01109822, 0.0058147148
  1.684755, 0.010575257, 0.0058147148
  1.684755, 0.01215172, 0.0058147148
  1.684755, 0.011552624, 0.0058147148
  1.684755, 0.012441502, 0.0058147148
  1.684755, 0.01196358, 0.0058147148
  1.684755, 0.010527425, 0.0058147148
  1.684755, 0.011800154, 0.0058147148
  1.69121, 0.011359701, 0.0058283913
  1.69121, 0.010493544, 0.0058283913
  1.69121, 0.011913357, 0.0058283913
  1.69121, 0.011113367, 0.0058283913
  1.69121, 0.011326618, 0.0058283913
  1.69121, 0.011340569, 0.0058283913
  1.69121, 0.012016993, 0.0058283913
  1.69121, 0.011843203, 0.0058283913
  1.69121, 0.012015398, 0.0058283913
  1.69121, 0.011759896, 0.0058283913
  1.69121, 0.011364485, 0.0058283913
  1.69121, 0.010633851, 0.0058283913
  1.697665, 0.011393981, 0.0058419992
  1.697665, 0.011020094, 0.0058419992
  1.697665, 0.011199066, 0.0058419992
  1.697665, 0.012275286, 0.0058419992
  1.697665, 0.012158496, 0.0058419992
  1.697665, 0.010379943, 0.0058419992
  1.697665, 0.010910081, 0.0058419992
  1.697665, 0.011406736, 0.0058419992
  1.697665, 0.012116643, 0.0058419992
  1.697665, 0.011709672, 0.0058419992
  1.697665, 0.010965486, 0.0058419992
  1.697665, 0.012277279, 0.0058419992
  1.697665, 0.010211335, 0.0058419992
  1.697665, 0.011002556, 0.0058419992
  1.697665, 0.01138003, 0.0058419992
  1.697665, 0.011632344, 0.0058419992
  1.697665, 0.011732791, 0.0058419992
  1.697665, 0.01091606, 0.0058419992
  1.697665, 0.012166069, 0.0058419992
  1.697665, 0.011483666, 0.0058419992
  1.697665, 0.011122933, 0.0058419992
  1.697665, 0.011973545, 0.0058419992
  1.697665, 0.010244817, 0.0058419992
  1.697665, 0.012162083, 0.0058419992
  1.697665, 0.011951622, 0.0058419992
  1.70412, 0.011036038, 0.0058555387
  1.70412, 0.011989888, 0.0058555387
  1.70412, 0.0093387994, 0.0058555387
  1.70412, 0.011491638, 0.0058555387
  1.70412, 0.01277513, 0.0058555387
  1.70412, 0.011637127, 0.0058555387
  1.70412, 0.011325023, 0.0058555387
  1.70412, 0.0092104502, 0.0058555387
  1.70412, 0.01231116, 0.0058555387
  1.70412, 0.01157933, 0.0058555387
  1.70412, 0.011012521, 0.0058555387
  1.70412, 0.0099494546, 0.0058555387
  1.70412, 0.012172845, 0.0058555387
  1.70412, 0.009628183, 0.0058555387
  1.70412, 0.012013804, 0.0058555387
  1.70412, 0.011309079, 0.0058555387
  1.70412, 0.01132582, 0.0058555387
  1.70412, 0.010129223, 0.0058555387
  1.70412, 0.012290831, 0.0058555387
  1.70412, 0.01118352, 0.0058555387
  1.70412, 0.012585396, 0.0058555387
  1.70412, 0.012119034, 0.0058555387
  1.70412, 0.011519939, 0.0058555387
  1.710575, 0.009939091, 0.0058690099
  1.710575, 0.012156104, 0.0058690099
  1.710575, 0.012435124, 0.0058690099
  1.710575, 0.01188386, 0.0058690099
  1.710575, 0.0098904618, 0.0058690099
  1.710575, 0.011732791, 0.0058690099
  1.710575, 0.012020182, 0.0058690099
  1.710575, 0.012171251, 0.0058690099
  1.710575, 0.010370775, 0.0058690099
  1.710575, 0.010546159, 0.0058690099
  1.710575, 0.010882577, 0.0058690099
  1.710575, 0.012118237, 0.0058690099
  1.710575, 0.012194768, 0.0058690099
  1.710575, 0.01146254, 0.0058690099
  1.710575, 0.011551029, 0.0058690099
  1.710575, 0.0096803996, 0.0058690099
  1.710575, 0.011521533, 0.0058690099
  1.71703, 0.012055657, 0.0058824129
  1.71703, 0.011114562, 0.0058824129
  1.71703, 0.010933997, 0.0058824129
  1.71703, 0.011600456, 0.0058824129
  1.71703, 0.011778231, 0.0058824129
  1.71703, 0.01239925, 0.0058824129
  1.71703, 0.012254558, 0.0058824129
  1.71703, 0.011104199, 0.0058824129
  1.71703, 0.012107475, 0.0058824129
  1.71703, 0.012271698, 0.0058824129
  1.71703, 0.012229048, 0.0058824129
  1.71703, 0.012217887, 0.0058824129
  1.71703, 0.012407621, 0.0058824129
  1.71703, 0.012583403, 0.0058824129
  1.71703, 0.011290744, 0.0058824129
  1.71703, 0.012229048, 0.0058824129
  1.71703, 0.012280069, 0.0058824129
  1.71703, 0.012108671, 0.0058824129
  1.71703, 0.011982315, 0.0058824129
  1.71703, 0.011543057, 0.0058824129
  1.71703, 0.011517547, 0.0058824129
  1.71703, 0.012581809, 0.0058824129
  1.71703, 0.011614805, 0.0058824129
  1.71703, 0.011577337, 0.0058824129
  1.71703, 0.0110468, 0.0058824129
  1.71703, 0.012442299, 0.0058824129
  1.71703, 0.011539869, 0.0058824129
  1.71703, 0.011698511, 0.0058824129
  1.723485, 0.01263283, 0.005895748
  1.723485, 0.012201943, 0.005895748
  1.723485, 0.011819686, 0.005895748
  1.723485, 0.01243911, 0.005895748
  1.723485, 0.010843116, 0.005895748
  1.723485, 0.012496907, 0.005895748
  1.723485, 0.010711179, 0.005895748
  1.723485, 0.012217887, 0.005895748
  1.723485, 0.011599659, 0.005895748
  1.723485, 0.011887846, 0.005895748
  1.723485, 0.01131745, 0.005895748
  1.723485, 0.0102213, 0.005895748
  1.723485, 0.01099578, 0.005895748
  1.723485, 0.012145342, 0.005895748
  1.723485, 0.010806445, 0.005895748
  1.723485, 0.011745945, 0.005895748
  1.723485, 0.011069919, 0.005895748
  1.723485, 0.011649882, 0.005895748
  1.723485, 0.010577648, 0.005895748
  1.723485, 0.011395177, 0.005895748
  1.723485, 0.012726501, 0.005895748
  1.723485, 0.011692931, 0.005895748
  1.723485, 0.011848385, 0.005895748
  1.723485, 0.01068806, 0.005895748
  1.723485, 0.010931605, 0.005895748
  1.72994, 0.011244506, 0.0059090152
  1.72994, 0.011512365, 0.0059090152
  1.72994, 0.012338663, 0.0059090152
  1.72994, 0.010626676, 0.0059090152
  1.72994, 0.011765078, 0.0059090152
  1.72994, 0.011407135, 0.0059090152
  1.72994, 0.012249775, 0.0059090152
  1.72994, 0.012088741, 0.0059090152
  1.72994, 0.011880672, 0.0059090152
  1.72994, 0.010100125, 0.0059090152
  1.72994, 0.012425159, 0.0059090152
  1.72994, 0.011020891, 0.0059090152
  1.72994, 0.011225373, 0.0059090152
  1.72994, 0.0099267344, 0.0059090152
  1.72994, 0.011412317, 0.0059090152
  1.72994, 0.011226569, 0.0059090152
  1.72994, 0.012212307, 0.0059090152
  1.72994, 0.011579729, 0.0059090152
  1.72994, 0.012004238, 0.0059090152
  1.72994, 0.0099538392, 0.0059090152
  1.72994, 0.011162394, 0.0059090152
  1.72994, 0.011638721, 0.0059090152
  1.72994, 0.011266429, 0.0059090152
  1.72994, 0.011896616, 0.0059090152
  1.736395, 0.0077025464, 0.0059222148
  1.736395, 0.011415904, 0.0059222148
  1.736395, 0.012101097, 0.0059222148
  1.736395, 0.012034531, 0.0059222148
  1.736395, 0.011539869, 0.0059222148
  1.736395, 0.010683277, 0.0059222148
  1.736395, 0.011495624, 0.0059222148
  1.736395, 0.011158408, 0.0059222148
  1.736395, 0.011855161, 0.0059222148
  1.736395, 0.012252964, 0.0059222148
  1.736395, 0.011647092, 0.0059222148
  1.736395, 0.011112968, 0.0059222148
  1.736395, 0.012159692, 0.0059222148
  1.736395, 0.01133459, 0.0059222148
  1.736395, 0.010924032, 0.0059222148
  1.736395, 0.010911675, 0.0059222148
  1.736395, 0.011275995, 0.0059222148
  1.736395, 0.011719637, 0.0059222148
  1.736395, 0.0095819454, 0.0059222148
  1.736395, 0.011462142, 0.0059222148
  1.736395, 0.011348142, 0.0059222148
  1.736395, 0.010243223, 0.0059222148
  1.736395, 0.011607631, 0.0059222148
  1.736395, 0.012068811, 0.0059222148
  1.74285, 0.01070799, 0.0059353469
  1.74285, 0.011401953, 0.0059353469
  1.74285, 0.010872612, 0.0059353469
  1.74285, 0.012187195, 0.0059353469
  1.74285, 0.012345041, 0.0059353469
  1.74285, 0.011783812, 0.0059353469
  1.74285, 0.010178251, 0.0059353469
  1.74285, 0.011420289, 0.0059353469
  1.74285, 0.011101409, 0.0059353469
  1.74285, 0.011174352, 0.0059353469
  1.74285, 0.012423565, 0.0059353469
  1.74285, 0.012779116, 0.0059353469
  1.74285, 0.0126982, 0.0059353469
  1.74285, 0.011867119, 0.0059353469
  1.74285, 0.011592484, 0.0059353469
  1.74285, 0.011547841, 0.0059353469
  1.74285, 0.011474498, 0.0059353469
  1.749305, 0.011912161, 0.0059484117
  1.749305, 0.0099036156, 0.0059484117
  1.749305, 0.011620784, 0.0059484117
  1.749305, 0.012520823, 0.0059484117
  1.749305, 0.011342562, 0.0059484117
  1.749305, 0.012136174, 0.0059484117
  1.749305, 0.011973147, 0.0059484117
  1.749305, 0.011269618, 0.0059484117
  1.749305, 0.012047286, 0.0059484117
  1.749305, 0.012173643, 0.0059484117
  1.749305, 0.01032653, 0.0059484117
  1.749305, 0.010974255, 0.0059484117
  1.749305, 0.010990598, 0.0059484117
  1.749305, 0.011555813, 0.0059484117
  1.749305, 0.011491638, 0.0059484117
  1.749305, 0.012114251, 0.0059484117
  1.749305, 0.012286048, 0.0059484117
  1.749305, 0.011054374, 0.0059484117
  1.749305, 0.010828766, 0.0059484117
  1.749305, 0.012413201, 0.0059484117
  1.75576, 0.011642309, 0.0059614093
  1.75576, 0.01231116, 0.0059614093
  1.75576, 0.010998171, 0.0059614093
  1.75576, 0.01030102, 0.0059614093
  1.75576, 0.011687749, 0.0059614093
  1.75576, 0.012697004, 0.0059614093
  1.75576, 0.012111062, 0.0059614093
  1.75576, 0.011199066, 0.0059614093
  1.75576, 0.011657854, 0.0059614093
  1.75576, 0.011831644, 0.0059614093
  1.75576, 0.01229123, 0.0059614093
  1.75576, 0.012124216, 0.0059614093
  1.75576, 0.010275111, 0.0059614093
  1.75576, 0.012663123, 0.0059614093
  1.75576, 0.011008136, 0.0059614093
  1.75576, 0.011639519, 0.0059614093
  1.75576, 0.011210226, 0.0059614093
  1.75576, 0.010559711, 0.0059614093
  1.75576, 0.012215097, 0.0059614093
  1.75576, 0.012106678, 0.0059614093
  1.762215, 0.011307883, 0.0059743399
  1.762215, 0.010890549, 0.0059743399
  1.762215, 0.011730798, 0.0059743399
  1.762215, 0.011850378, 0.0059743399
  1.762215, 0.012317139, 0.0059743399
  1.762215, 0.0095600224, 0.0059743399
  1.762215, 0.012073195, 0.0059743399
  1.762215, 0.010869423, 0.0059743399
  1.762215, 0.010936388, 0.0059743399
  1.762215, 0.011382422, 0.0059743399
  1.762215, 0.010672914, 0.0059743399
  1.762215, 0.011005346, 0.0059743399
  1.762215, 0.012067216, 0.0059743399
  1.762215, 0.012093125, 0.0059743399
  1.762215, 0.012565068, 0.0059743399
  1.76867, 0.011222982, 0.0059872036
  1.76867, 0.010938381, 0.0059872036
  1.76867, 0.011763483, 0.0059872036
  1.76867, 0.011914553, 0.0059872036
  1.76867, 0.010888158, 0.0059872036
  1.76867, 0.010957115, 0.0059872036
  1.76867, 0.01188107, 0.0059872036
  1.76867, 0.011773448, 0.0059872036
  1.76867, 0.011997461, 0.0059872036
  1.76867, 0.01094715, 0.0059872036
  1.76867, 0.011008136, 0.0059872036
  1.76867, 0.012640005, 0.0059872036
  1.76867, 0.011659449, 0.0059872036
  1.76867, 0.011176345, 0.0059872036
  1.76867, 0.012027356, 0.0059872036
  1.76867, 0.011058758, 0.0059872036
  1.775125, 0.011376044, 0.0060000006
  1.775125, 0.011680973, 0.0060000006
  1.775125, 0.010585222, 0.0060000006
  1.775125, 0.011990287, 0.0060000006
  1.775125, 0.011175947, 0.0060000006
  1.775125, 0.011914553, 0.0060000006
  1.775125, 0.012590578, 0.0060000006
  1.775125, 0.010682879, 0.0060000006
  1.775125, 0.012111062, 0.0060000006
  1.775125, 0.011768266, 0.0060000006
  1.775125, 0.012356201, 0.0060000006
  1.775125, 0.012024168, 0.0060000006
  1.775125, 0.0096198124, 0.0060000006
  1.775125, 0.011093038, 0.0060000006
  1.775125, 0.01074785, 0.0060000006
  1.78158, 0.0091391008, 0.0060127312
  1.78158, 0.011291939, 0.0060127312
  1.78158, 0.011770658, 0.0060127312
  1.78158, 0.011513561, 0.0060127312
  1.78158, 0.011023682, 0.0060127312
  1.78158, 0.011673798, 0.0060127312
  1.78158, 0.011073905, 0.0060127312
  1.78158, 0.011415107, 0.0060127312
  1.78158, 0.012753606, 0.0060127312
  1.78158, 0.011621582, 0.0060127312
  1.78158, 0.01209472, 0.0060127312
  1.78158, 0.012072, 0.0060127312
  1.78158, 0.01110659, 0.0060127312
  1.78158, 0.011296324, 0.0060127312
  1.788035, 0.011925713, 0.0060253954
  1.788035, 0.010306999, 0.0060253954
  1.788035, 0.011771455, 0.0060253954
  1.788035, 0.010449299, 0.0060253954
  1.788035, 0.011092241, 0.0060253954
  1.788035, 0.011650679, 0.0060253954
  1.788035, 0.012220677, 0.0060253954
  1.788035, 0.011779826, 0.0060253954
  1.788035, 0.012156901, 0.0060253954
  1.788035, 0.011648288, 0.0060253954
  1.788035, 0.011124926, 0.0060253954
  1.788035, 0.012016594, 0.0060253954
  1.788035, 0.010934794, 0.0060253954
  1.788035, 0.011947636, 0.0060253954
  1.788035, 0.011190695, 0.0060253954
  1.788035, 0.012277677, 0.0060253954
  1.788035, 0.01212302, 0.0060253954
  1.788035, 0.012803032, 0.0060253954
  1.79449, 0.011184317, 0.0060379934
  1.79449, 0.012257747, 0.0060379934
  1.79449, 0.011899804, 0.0060379934
  1.79449, 0.01139438, 0.0060379934
  1.79449, 0.010796878, 0.0060379934
  1.79449, 0.012520823, 0.0060379934
  1.800945, 0.01048876, 0.0060505255
  1.800945, 0.012242202, 0.0060505255
  1.800945, 0.0095939034, 0.0060505255
  1.800945, 0.012413201, 0.0060505255
  1.800945, 0.011321436, 0.0060505255
  1.800945, 0.010857067, 0.0060505255
  1.800945, 0.010517061, 0.0060505255
  1.800945, 0.011648288, 0.0060505255
  1.800945, 0.010931605, 0.0060505255
  1.800945, 0.011991881, 0.0060505255
  1.800945, 0.011119346, 0.0060505255
  1.800945, 0.011792581, 0.0060505255
  1.800945, 0.010830759, 0.0060505255
  1.800945, 0.011293135, 0.0060505255
  1.800945, 0.010991395, 0.0060505255
  1.800945, 0.01114366, 0.0060505255
  1.800945, 0.010312978, 0.0060505255
  1.8074, 0.012486544, 0.0060629917
  1.8074, 0.011735581, 0.0060629917
  1.8074, 0.012470201, 0.0060629917
  1.8074, 0.011278786, 0.0060629917
  1.8074, 0.011472904, 0.0060629917
  1.8074, 0.012643193, 0.0060629917
  1.8074, 0.011213017, 0.0060629917
  1.8074, 0.012600145, 0.0060629917
  1.8074, 0.012208321, 0.0060629917
  1.8074, 0.011508778, 0.0060629917
  1.8074, 0.012689032, 0.0060629917
  1.8074, 0.012345041, 0.0060629917
  1.8074, 0.011506386, 0.0060629917
  1.8074, 0.011899804, 0.0060629917
  1.8074, 0.011694127, 0.0060629917
  1.8074, 0.011399561, 0.0060629917
  1.8074, 0.010823983, 0.0060629917
  1.8074, 0.01209751, 0.0060629917
  1.813855, 0.011598463, 0.0060753922
  1.813855, 0.012001049, 0.0060753922
  1.813855, 0.010672914, 0.0060753922
  1.813855, 0.011238527, 0.0060753922
  1.813855, 0.01058562, 0.0060753922
  1.813855, 0.012125811, 0.0060753922
  1.813855, 0.011189101, 0.0060753922
  1.813855, 0.011897811, 0.0060753922
  1.813855, 0.011902595, 0.0060753922
  1.813855, 0.010881381, 0.0060753922
  1.813855, 0.012083958, 0.0060753922
  1.813855, 0.011577337, 0.0060753922
  1.813855, 0.011035241, 0.0060753922
  1.813855, 0.011548638, 0.0060753922
  1.813855, 0.012333083, 0.0060753922
  1.82031, 0.01257862, 0.0060877273
  1.82031, 0.010411033, 0.0060877273
  1.82031, 0.012305579, 0.0060877273
  1.82031, 0.011381624, 0.0060877273
  1.82031, 0.011225772, 0.0060877273
  1.82031, 0.012139762, 0.0060877273
  1.82031, 0.011360897, 0.0060877273
  1.82031, 0.011182723, 0.0060877273
  1.82031, 0.012798249, 0.0060877273
  1.82031, 0.011497617, 0.0060877273
  1.82031, 0.010634648, 0.0060877273
  1.826765, 0.011678581, 0.0060999971
  1.826765, 0.012476579, 0.0060999971
  1.826765, 0.011008933, 0.0060999971
  1.826765, 0.0108475, 0.0060999971
  1.826765, 0.012026958, 0.0060999971
  1.826765, 0.0096636584, 0.0060999971
  1.83322, 0.011431051, 0.0061122018
  1.83322, 0.011388002, 0.0061122018
  1.83322, 0.010308195, 0.0061122018
  1.83322, 0.01080764, 0.0061122018
  1.83322, 0.011827259, 0.0061122018
  1.83322, 0.011670609, 0.0061122018
  1.83322, 0.011977531, 0.0061122018
  1.83322, 0.012169258, 0.0061122018
  1.83322, 0.011125325, 0.0061122018
  1.839675, 0.011073905, 0.0061243416
  1.839675, 0.012092328, 0.0061243416
  1.839675, 0.010930808, 0.0061243416
  1.839675, 0.011493631, 0.0061243416
  1.839675, 0.011193087, 0.0061243416
  1.839675, 0.011276793, 0.0061243416
  1.839675, 0.010571271, 0.0061243416
  1.839675, 0.0099753636, 0.0061243416
  1.839675, 0.011455764, 0.0061243416
  1.84613, 0.010065447, 0.0061364166
  1.84613, 0.0098350564, 0.0061364166
  1.84613, 0.01245346, 0.0061364166
  1.84613, 0.010486369, 0.0061364166
  1.84613, 0.011824868, 0.0061364166
  1.84613, 0.011933287, 0.0061364166
  1.84613, 0.011486855, 0.0061364166
  1.84613, 0.011645896, 0.0061364166
  1.84613, 0.012394866, 0.0061364166
  1.84613, 0.011050388, 0.0061364166
  1.84613, 0.011808126, 0.0061364166
  1.84613, 0.011436631, 0.0061364166
  1.84613, 0.01235939, 0.0061364166
  1.852585, 0.012268908, 0.006148427
  1.852585, 0.012347831, 0.006148427
  1.852585, 0.012249377, 0.006148427
  1.852585, 0.011471708, 0.006148427
  1.852585, 0.010796081, 0.006148427
  1.852585, 0.012933773, 0.006148427
  1.852585, 0.011578533, 0.006148427
  1.852585, 0.0112748, 0.006148427
  1.852585, 0.010526627, 0.006148427
  1.852585, 0.010132013, 0.006148427
  1.852585, 0.012634026, 0.006148427
  1.852585, 0.011929301, 0.006148427
  1.852585, 0.010626676, 0.006148427
  1.85904, 0.010099727, 0.006160373
  1.85904, 0.011274002, 0.006160373
  1.85904, 0.012364971, 0.006160373
  1.85904, 0.011817693, 0.006160373
  1.85904, 0.011615204, 0.006160373
  1.85904, 0.01108666, 0.006160373
  1.85904, 0.011718441, 0.006160373
  1.85904, 0.010888158, 0.006160373
  1.85904, 0.011854364, 0.006160373
  1.85904, 0.010323341, 0.006160373
  1.85904, 0.010703606, 0.006160373
  1.865495, 0.010994185, 0.0061722548
  1.865495, 0.011268023, 0.0061722548
  1.865495, 0.011478883, 0.0061722548
  1.865495, 0.010407845, 0.0061722548
  1.865495, 0.011761092, 0.0061722548
  1.865495, 0.01126045, 0.0061722548
  1.865495, 0.011676987, 0.0061722548
  1.865495, 0.01142547, 0.0061722548
  1.865495, 0.012288041, 0.0061722548
  1.865495, 0.0098525948, 0.0061722548
  1.87195, 0.010880186, 0.0061840726
  1.87195, 0.011980322, 0.0061840726
  1.87195, 0.011589694, 0.0061840726
  1.87195, 0.0096429312, 0.0061840726
  1.87195, 0.011125723, 0.0061840726
  1.87195, 0.0097732734, 0.0061840726
  1.878405, 0.011369666, 0.0061958265
  1.878405, 0.012045293, 0.0061958265
  1.878405, 0.011010926, 0.0061958265
  1.878405, 0.011673798, 0.0061958265
  1.878405, 0.011856756, 0.0061958265
  1.878405, 0.012653557, 0.0061958265
  1.878405, 0.012842095, 0.0061958265
  1.878405, 0.01091885, 0.0061958265
  1.878405, 0.012301992, 0.0061958265
  1.878405, 0.012314348, 0.0061958265
  1.878405, 0.011201059, 0.0061958265
  1.878405, 0.012061636, 0.0061958265
  1.88486, 0.012789878, 0.0062075168
  1.88486, 0.010988605, 0.0062075168
  1.88486, 0.012127405, 0.0062075168
  1.88486, 0.012925004, 0.0062075168
  1.88486, 0.011219394, 0.0062075168
  1.88486, 0.011806931, 0.0062075168
  1.88486, 0.012209915, 0.0062075168
  1.88486, 0.012448677, 0.0062075168
  1.88486, 0.011448589, 0.0062075168
  1.891315, 0.01138282, 0.0062191437
  1.891315, 0.012517236, 0.0062191437
  1.891315, 0.011917343, 0.0062191437
  1.891315, 0.012826948, 0.0062191437
  1.891315, 0.01133459, 0.0062191437
  1.891315, 0.012318733, 0.0062191437
  1.891315, 0.012258544, 0.0062191437
  1.891315, 0.010391901, 0.0062191437
  1.891315, 0.010946752, 0.0062191437
  1.891315, 0.011395575, 0.0062191437
  1.891315, 0.012123419, 0.0062191437
  1.891315, 0.011208632, 0.0062191437
  1.891315, 0.010821591, 0.0062191437
  1.891315, 0.011592882, 0.0062191437
  1.891315, 0.010560508, 0.0062191437
  1.891315, 0.012623263, 0.0062191437
  1.891315, 0.01292899, 0.0062191437
  1.891315, 0.01231674, 0.0062191437
  1.891315, 0.011521134, 0.0062191437
  1.891315, 0.012058049, 0.0062191437
  1.891315, 0.011224975, 0.0062191437
  1.89777, 0.0098238956, 0.0062307072
  1.89777, 0.012747228, 0.0062307072
  1.89777, 0.011655463, 0.0062307072
  1.89777, 0.012110265, 0.0062307072
  1.89777, 0.011562987, 0.0062307072
  1.89777, 0.012386894, 0.0062307072
  1.89777, 0.01261848, 0.0062307072
  1.89777, 0.011138877, 0.0062307072
  1.89777, 0.012258146, 0.0062307072
  1.89777, 0.011921329, 0.0062307072
  1.89777, 0.012417984, 0.0062307072
  1.89777, 0.012920619, 0.0062307072
  1.89777, 0.012088741, 0.0062307072
  1.89777, 0.010791696, 0.0062307072
  1.89777, 0.010737487, 0.0062307072
  1.89777, 0.01065976, 0.0062307072
  1.904225, 0.01291464, 0.0062422077
  1.904225, 0.011993077, 0.0062422077
  1.904225, 0.012014203, 0.0062422077
  1.904225, 0.012188391, 0.0062422077
  1.904225, 0.011248093, 0.0062422077
  1.904225, 0.011126919, 0.0062422077
  1.904225, 0.011586106, 0.0062422077
  1.904225, 0.011218996, 0.0062422077
  1.904225, 0.011817294, 0.0062422077
  1.904225, 0.012396859, 0.0062422077
  1.904225, 0.012753606, 0.0062422077
  1.91068, 0.01108108, 0.0062536452
  1.91068, 0.011231751, 0.0062536452
  1.91068, 0.011138478, 0.0062536452
  1.91068, 0.012568257, 0.0062536452
  1.91068, 0.010254782, 0.0062536452
  1.91068, 0.012255754, 0.0062536452
  1.91068, 0.011684162, 0.0062536452
  1.91068, 0.011715253, 0.0062536452
  1.91068, 0.011521134, 0.0062536452
  1.91068, 0.010956318, 0.0062536452
  1.91068, 0.011673798, 0.0062536452
  1.917135, 0.011537876, 0.0062650201
  1.917135, 0.010869423, 0.0062650201
  1.917135, 0.011319044, 0.0062650201
  1.917135, 0.011841609, 0.0062650201
  1.917135, 0.011648686, 0.0062650201
  1.917135, 0.011251681, 0.0062650201
  1.917135, 0.010049503, 0.0062650201
  1.917135, 0.012192377, 0.0062650201
  1.917135, 0.011765078, 0.0062650201
  1.917135, 0.012807417, 0.0062650201
  1.917135, 0.012261733, 0.0062650201
  1.92359, 0.011438624, 0.0062763324
  1.92359, 0.012164873, 0.0062763324
  1.92359, 0.011583715, 0.0062763324
  1.92359, 0.012002643, 0.0062763324
  1.92359, 0.010875402, 0.0062763324
  1.92359, 0.011917741, 0.0062763324
  1.92359, 0.011377638, 0.0062763324
  1.92359, 0.010949542, 0.0062763324
  1.92359, 0.012819773, 0.0062763324
  1.92359, 0.012272894, 0.0062763324
  1.92359, 0.010965486, 0.0062763324
  1.92359, 0.012165671, 0.0062763324
  1.92359, 0.011440219, 0.0062763324
  1.92359, 0.012858039, 0.0062763324
  1.92359, 0.011341764, 0.0062763324
  1.930045, 0.011733987, 0.0062875824
  1.930045, 0.0096911618, 0.0062875824
  1.930045, 0.011758301, 0.0062875824
  1.930045, 0.011830847, 0.0062875824
  1.930045, 0.012089937, 0.0062875824
  1.930045, 0.011778231, 0.0062875824
  1.930045, 0.012395264, 0.0062875824
  1.930045, 0.011683763, 0.0062875824
  1.930045, 0.010750242, 0.0062875824
  1.930045, 0.011175548, 0.0062875824
  1.930045, 0.011361296, 0.0062875824
  1.930045, 0.011269618, 0.0062875824
  1.930045, 0.01278071, 0.0062875824
  1.930045, 0.012584599, 0.0062875824
  1.930045, 0.011966371, 0.0062875824
  1.9365, 0.011736378, 0.0062987703
  1.9365, 0.010140783, 0.0062987703
  1.9365, 0.010834745, 0.0062987703
  1.9365, 0.011488449, 0.0062987703
  1.9365, 0.011619987, 0.0062987703
  1.9365, 0.012563872, 0.0062987703
  1.9365, 0.01205486, 0.0062987703
  1.9365, 0.0097162736, 0.0062987703
  1.9365, 0.012045293, 0.0062987703
  1.9365, 0.012268908, 0.0062987703
  1.9365, 0.011720833, 0.0062987703
  1.9365, 0.010961899, 0.0062987703
  1.9365, 0.011405939, 0.0062987703
  1.942955, 0.012372943, 0.0063098962
  1.942955, 0.010594389, 0.0063098962
  1.942955, 0.011833637, 0.0063098962
  1.942955, 0.010632655, 0.0063098962
  1.942955, 0.011308681, 0.0063098962
  1.942955, 0.01192372, 0.0063098962
  1.942955, 0.012600942, 0.0063098962
  1.942955, 0.010103314, 0.0063098962
  1.942955, 0.011215807, 0.0063098962
  1.942955, 0.012027356, 0.0063098962
  1.942955, 0.011715651, 0.0063098962
  1.942955, 0.012455851, 0.0063098962
  1.942955, 0.011809322, 0.0063098962
  1.942955, 0.01069683, 0.0063098962
  1.942955, 0.011821679, 0.0063098962
  1.94941, 0.012889528, 0.0063209604
  1.94941, 0.012042902, 0.0063209604
  1.94941, 0.012565068, 0.0063209604
  1.94941, 0.012662725, 0.0063209604
  1.94941, 0.010244419, 0.0063209604
  1.94941, 0.011309876, 0.0063209604
  1.94941, 0.011461743, 0.0063209604
  1.94941, 0.011619589, 0.0063209604
  1.94941, 0.01117794, 0.0063209604
  1.94941, 0.012595361, 0.0063209604
  1.955865, 0.011338974, 0.0063319631
  1.955865, 0.011490841, 0.0063319631
  1.955865, 0.011128115, 0.0063319631
  1.955865, 0.011562589, 0.0063319631
  1.955865, 0.010061063, 0.0063319631
  1.955865, 0.011331401, 0.0063319631
  1.955865, 0.012393271, 0.0063319631
  1.955865, 0.012835319, 0.0063319631
  1.955865, 0.012510061, 0.0063319631
  1.955865, 0.011820483, 0.0063319631
  1.955865, 0.011653868, 0.0063319631
  1.955865, 0.011472505, 0.0063319631
  1.955865, 0.011067926, 0.0063319631
  1.955865, 0.012626054, 0.0063319631
  1.955865, 0.011926112, 0.0063319631
  1.96232, 0.011480876, 0.0063429044
  1.96232, 0.011523127, 0.0063429044
  1.96232, 0.011777036, 0.0063429044
  1.96232, 0.010712375, 0.0063429044
  1.96232, 0.012475781, 0.0063429044
  1.96232, 0.010837137, 0.0063429044
  1.96232, 0.012268111, 0.0063429044
  1.96232, 0.011452974, 0.0063429044
  1.96232, 0.011163989, 0.0063429044
  1.96232, 0.012452264, 0.0063429044
  1.96232, 0.010748648, 0.0063429044
  1.96232, 0.012344243, 0.0063429044
  1.96232, 0.011896217, 0.0063429044
  1.968775, 0.010300621, 0.0063537846
  1.968775, 0.011506386, 0.0063537846
  1.968775, 0.010474809, 0.0063537846
  1.968775, 0.011924119, 0.0063537846
  1.968775, 0.01160484, 0.0063537846
  1.968775, 0.010675704, 0.0063537846
  1.968775, 0.012236621, 0.0063537846
  1.968775, 0.012199552, 0.0063537846
  1.968775, 0.011949231, 0.0063537846
  1.968775, 0.01229402, 0.0063537846
  1.968775, 0.011382422, 0.0063537846
  1.968775, 0.010301817, 0.0063537846
  1.968775, 0.011353722, 0.0063537846
  1.968775, 0.011946839, 0.0063537846
  1.968775, 0.012087146, 0.0063537846
  1.968775, 0.011326618, 0.0063537846
  1.968775, 0.012015, 0.0063537846
  1.968775, 0.011986699, 0.0063537846
  1.97523, 0.010485173, 0.0063646038
  1.97523, 0.012189188, 0.0063646038
  1.97523, 0.011028465, 0.0063646038
  1.97523, 0.011434638, 0.0063646038
  1.97523, 0.011617596, 0.0063646038
  1.97523, 0.010752235, 0.0063646038
  1.97523, 0.012461033, 0.0063646038
  1.97523, 0.012377327, 0.0063646038
  1.97523, 0.010933598, 0.0063646038
  1.97523, 0.010399075, 0.0063646038
  1.97523, 0.010630662, 0.0063646038
  1.97523, 0.012253363, 0.0063646038
  1.97523, 0.011101807, 0.0063646038
  1.97523, 0.011653868, 0.0063646038
  1.97523, 0.011501603, 0.0063646038
  1.97523, 0.012666312, 0.0063646038
  1.97523, 0.010605152, 0.0063646038
  1.981685, 0.012526802, 0.0063753622
  1.981685, 0.011837224, 0.0063753622
  1.981685, 0.011231751, 0.0063753622
  1.981685, 0.011590092, 0.0063753622
  1.981685, 0.012133384, 0.0063753622
  1.981685, 0.01183563, 0.0063753622
  1.981685, 0.012340656, 0.0063753622
  1.981685, 0.010915661, 0.0063753622
  1.981685, 0.011911762, 0.0063753622
  1.981685, 0.010748249, 0.0063753622
  1.981685, 0.0096843856, 0.0063753622
  1.981685, 0.011723623, 0.0063753622
  1.981685, 0.011545449, 0.0063753622
  1.981685, 0.010731906, 0.0063753622
  1.981685, 0.012096314, 0.0063753622
  1.981685, 0.01173877, 0.0063753622
  1.981685, 0.01111815, 0.0063753622
  1.98814, 0.011128115, 0.0063860601
  1.98814, 0.01201779, 0.0063860601
  1.98814, 0.011993874, 0.0063860601
  1.98814, 0.012107475, 0.0063860601
  1.98814, 0.0098338606, 0.0063860601
  1.98814, 0.012579417, 0.0063860601
  1.98814, 0.011720036, 0.0063860601
  1.98814, 0.011082276, 0.0063860601
  1.98814, 0.010786515, 0.0063860601
  1.98814, 0.012163678, 0.0063860601
  1.98814, 0.012095916, 0.0063860601
  1.98814, 0.011650679, 0.0063860601
  1.98814, 0.012192775, 0.0063860601
  1.98814, 0.011277191, 0.0063860601
  1.98814, 0.011990287, 0.0063860601
  1.994595, 0.010436544, 0.0063966976
  1.994595, 0.012616886, 0.0063966976
  1.994595, 0.011319443, 0.0063966976
  1.994595, 0.012315943, 0.0063966976
  1.994595, 0.011776637, 0.0063966976
  1.994595, 0.011508379, 0.0063966976
  1.994595, 0.011280779, 0.0063966976
  1.994595, 0.01203493, 0.0063966976
  1.994595, 0.011669812, 0.0063966976
  1.994595, 0.011396771, 0.0063966976
  1.994595, 0.011643106, 0.0063966976
  1.994595, 0.010754627, 0.0063966976
  2.00105, 0.011069122, 0.006407275
  2.00105, 0.012230244, 0.006407275
  2.00105, 0.011686155, 0.006407275
  2.00105, 0.011857951, 0.006407275
  2.00105, 0.012712151, 0.006407275
  2.00105, 0.011740763, 0.006407275
  2.00105, 0.011509974, 0.006407275
  2.00105, 0.011993077, 0.006407275
  2.00105, 0.011441813, 0.006407275
  2.00105, 0.012497704, 0.006407275
  2.00105, 0.010109692, 0.006407275
  2.00105, 0.01112373, 0.006407275
  2.00105, 0.011523925, 0.006407275
  2.007505, 0.011268023, 0.0064177924
  2.007505, 0.012342649, 0.0064177924
  2.007505, 0.010940773, 0.0064177924
  2.007505, 0.011115758, 0.0064177924
  2.007505, 0.011790189, 0.0064177924
  2.007505, 0.011656658, 0.0064177924
  2.007505, 0.011625966, 0.0064177924
  2.007505, 0.0089756748, 0.0064177924
  2.007505, 0.011532295, 0.0064177924
  2.007505, 0.012278076, 0.0064177924
  2.007505, 0.012622466, 0.0064177924
  2.007505, 0.011897413, 0.0064177924
  2.007505, 0.010772962, 0.0064177924
  2.007505, 0.011751127, 0.0064177924
  2.007505, 0.011054374, 0.0064177924
  2.007505, 0.012461033, 0.0064177924
  2.007505, 0.012634424, 0.0064177924
  2.01396, 0.011547043, 0.00642825
  2.01396, 0.011159206, 0.00642825
  2.01396, 0.012032538, 0.00642825
  2.01396, 0.012586991, 0.00642825
  2.01396, 0.011957601, 0.00642825
  2.01396, 0.012016196, 0.00642825
  2.01396, 0.012031342, 0.00642825
  2.01396, 0.012405229, 0.00642825
  2.020415, 0.012814193, 0.0064386481
  2.020415, 0.011956804, 0.0064386481
  2.020415, 0.012290034, 0.0064386481
  2.020415, 0.011177541, 0.0064386481
  2.020415, 0.010899717, 0.0064386481
  2.020415, 0.011684959, 0.0064386481
  2.020415, 0.010907689, 0.0064386481
  2.020415, 0.01152512, 0.0064386481
  2.020415, 0.011321436, 0.0064386481
  2.020415, 0.012258544, 0.0064386481
  2.020415, 0.011858749, 0.0064386481
  2.020415, 0.011356911, 0.0064386481
  2.02687, 0.012377726, 0.0064489869
  2.02687, 0.011259653, 0.0064489869
  2.02687, 0.012460635, 0.0064489869
  2.02687, 0.012261335, 0.0064489869
  2.02687, 0.011952021, 0.0064489869
  2.02687, 0.012238216, 0.0064489869
  2.02687, 0.012227852, 0.0064489869
  2.02687, 0.01104122, 0.0064489869
  2.02687, 0.012871591, 0.0064489869
  2.02687, 0.011669015, 0.0064489869
  2.02687, 0.010880584, 0.0064489869
  2.02687, 0.0094173236, 0.0064489869
  2.02687, 0.012847675, 0.0064489869
  2.02687, 0.011325422, 0.0064489869
  2.02687, 0.011057164, 0.0064489869
  2.02687, 0.012241405, 0.0064489869
  2.033325, 0.01139717, 0.0064592665
  2.033325, 0.012139762, 0.0064592665
  2.033325, 0.011446995, 0.0064592665
  2.033325, 0.011584512, 0.0064592665
  2.033325, 0.012506075, 0.0064592665
  2.033325, 0.010060265, 0.0064592665
  2.033325, 0.011059954, 0.0064592665
  2.033325, 0.011896217, 0.0064592665
  2.033325, 0.011469715, 0.0064592665
  2.033325, 0.012703382, 0.0064592665
  2.03978, 0.011961986, 0.0064694872
  2.03978, 0.011160003, 0.0064694872
  2.03978, 0.011964378, 0.0064694872
  2.03978, 0.012253363, 0.0064694872
  2.03978, 0.011603645, 0.0064694872
  2.03978, 0.010335698, 0.0064694872
  2.03978, 0.012093923, 0.0064694872
  2.03978, 0.011986301, 0.0064694872
  2.03978, 0.011498813, 0.0064694872
  2.03978, 0.0099618112, 0.0064694872
  2.046235, 0.012437117, 0.0064796491
  2.046235, 0.012261733, 0.0064796491
  2.046235, 0.012056853, 0.0064796491
  2.046235, 0.010466439, 0.0064796491
  2.046235, 0.010949941, 0.0064796491
  2.046235, 0.01138003, 0.0064796491
  2.05269, 0.011999056, 0.0064897524
  2.05269, 0.010695634, 0.0064897524
  2.05269, 0.012357796, 0.0064897524
  2.05269, 0.011584113, 0.0064897524
  2.05269, 0.012386096, 0.0064897524
  2.05269, 0.010644613, 0.0064897524
  2.05269, 0.011948434, 0.0064897524
  2.059145, 0.0099398882, 0.0064997975
  2.059145, 0.01206323, 0.0064997975
  2.059145, 0.011904189, 0.0064997975
  2.059145, 0.011510372, 0.0064997975
  2.059145, 0.011430652, 0.0064997975
  2.059145, 0.011256863, 0.0064997975
  2.059145, 0.0097720776, 0.0064997975
  2.0656, 0.012047685, 0.0065097844
  2.0656, 0.011602449, 0.0065097844
  2.0656, 0.011244107, 0.0065097844
  2.0656, 0.012678669, 0.0065097844
  2.0656, 0.01139438, 0.0065097844
  2.072055, 0.011728805, 0.0065197134
  2.072055, 0.011633938, 0.0065197134
  2.072055, 0.011183919, 0.0065197134
  2.072055, 0.011032451, 0.0065197134
  2.072055, 0.010996975, 0.0065197134
  2.072055, 0.012212307, 0.0065197134
  2.072055, 0.012453061, 0.0065197134
  2.07851, 0.011305093, 0.0065295847
  2.07851, 0.012069209, 0.0065295847
  2.07851, 0.011629554, 0.0065295847
  2.084965, 0.010906493, 0.0065393985
  2.084965, 0.012392474, 0.0065393985
  2.084965, 0.011484463, 0.0065393985
  2.084965, 0.0098725248, 0.0065393985
  2.084965, 0.011002954, 0.0065393985
  2.084965, 0.01166184, 0.0065393985
  2.09142, 0.011369666, 0.0065491549
  2.09142, 0.010512676, 0.0065491549
  2.09142, 0.010775354, 0.0065491549
  2.09142, 0.010253586, 0.0065491549
  2.097875, 0.012195566, 0.0065588543
  2.097875, 0.012270901, 0.0065588543
  2.097875, 0.011271212, 0.0065588543
  2.097875, 0.011289946, 0.0065588543
  2.10433, 0.0092283872, 0.0065684968
  2.10433, 0.011743952, 0.0065684968
  2.10433, 0.01218281, 0.0065684968
  2.10433, 0.011722427, 0.0065684968
  2.110785, 0.011538274, 0.0065780826
  2.110785, 0.011558204, 0.0065780826
  2.110785, 0.010941171, 0.0065780826
  2.11724, 0.010951535, 0.006587612
  2.11724, 0.010911276, 0.006587612
  2.11724, 0.012665116, 0.006587612
  2.11724, 0.012167664, 0.006587612
  2.123695, 0.011705288, 0.006597085
  2.123695, 0.012333481, 0.006597085
  2.123695, 0.010991395, 0.006597085
  2.13015, 0.010778941, 0.006606502
  2.13015, 0.010415817, 0.006606502
  2.136605, 0.012345439, 0.0066158632
  2.136605, 0.010637438, 0.0066158632
  2.14306, 0.0098709304, 0.0066251688
  2.14306, 0.010939178, 0.0066251688
  2.15597, 0.010747452, 0.0066436138
  2.15597, 0.011650281, 0.0066436138
  2.162425, 0.011097821, 0.0066527536
  2.162425, 0.011693728, 0.0066527536
  2.162425, 0.011644302, 0.0066527536
  2.16888, 0.012501292, 0.0066618387
  2.175335, 0.010878193, 0.0066708692
  2.175335, 0.011973545, 0.0066708692
  2.188245, 0.010808438, 0.0066887673
  2.188245, 0.0089549476, 0.0066887673
  2.188245, 0.010806445, 0.0066887673
  2.201155, 0.010558117, 0.0067064495
  2.20761, 0.011203052, 0.0067152102
  2.3238, 0.011370464, 0.0068639886
  2.42708, 0.010703207, 0.006982724
  2.94348, 0.011491239, 0.0074152284
  3.608345, 0.012532781, 0.0076863861
  4.344215, 0.012984395, 0.0077699967
  5.13818, 0.013040199, 0.0077314424
  5.415745, 0.010970269, 0.0077008775
  5.83532, 0.012821766, 0.0076446204
  6.44209, 0.012531984, 0.0075492966
  7.119865, 0.012449075, 0.0074317042
  7.81055, 0.012017391, 0.0073056695
  8.45605, 0.012459837, 0.0071850312
  9.10155, 0.01206044, 0.0070629946
  9.792235, 0.012244593, 0.006931625
  10.502285, 0.012663522, 0.0067961464
  11.33498, 0.012710557, 0.0066370077
  12.43233, 0.013011898, 0.0064271112
  13.549045, 0.012992766, 0.0062134348
  14.79486, 0.012981206, 0.0059750277

Analysis metadata
  Created at:              2026-06-12T11:21:06
  Probe configuration:     double
  Fit procedure:           Three-parameter DLP tanh fit
