Single Langmuir probe analysis: 2026_06_10_SLP_ACQ18
====================================================
Samples available:         22578
Samples fitted:            22466
Voltage range:             -63.04 to -0.4777 V
Current range:             -2.8123e-04 to 5.4059e-03 A

Fit model
  I = Is * (1 + R * (V - Vf)) * (exp((V - Vf) / Te) - 1)

Plasma parameters
  Electron temperature Te: 44.0571 eV
  Electron density n:      -1.648737e+17 m^-3
  Ion saturation Is:       -8.630026e-04 A
  Floating potential Vf:   -78.558 V
  Plasma potential Vp:     99.0648 V
  R correction:            -0.0367391

Derived quantities
  Probe area:              2.010000e-06 m^2
  Ion mass:                4 amu
  Sound speed:             3.250707e+04 m/s
  Alpha:                   4.03165

Fit quality
  R-squared:               0.917010

Fit data
  voltage_V, current_A, fitted_current_A
  -63.03953, -0.000230454, -0.00015664181
  -63.033075, -0.000203112, -0.00015663266
  -63.02662, -0.000160146, -0.00015662343
  -63.02662, -0.000167958, -0.00015662343
  -63.02662, -0.000207018, -0.00015662343
  -63.020165, -0.000191394, -0.00015661414
  -63.020165, -9.765e-05, -0.00015661414
  -63.020165, -0.000207018, -0.00015661414
  -63.020165, -0.000183582, -0.00015661414
  -63.020165, -0.000148428, -0.00015661414
  -63.020165, -0.000144522, -0.00015661414
  -63.020165, -0.000191394, -0.00015661414
  -63.020165, -0.000124992, -0.00015661414
  -63.020165, -0.000152334, -0.00015661414
  -63.01371, -0.000203112, -0.00015660476
  -63.01371, -0.00015624, -0.00015660476
  -63.01371, -0.000167958, -0.00015660476
  -63.01371, -0.000132804, -0.00015660476
  -63.01371, -0.000207018, -0.00015660476
  -63.01371, -0.000226548, -0.00015660476
  -63.01371, -0.000218736, -0.00015660476
  -63.01371, -0.000124992, -0.00015660476
  -63.007255, -0.000210924, -0.00015659532
  -63.007255, -0.000148428, -0.00015659532
  -63.007255, -0.000171864, -0.00015659532
  -63.007255, -0.000191394, -0.00015659532
  -63.007255, -9.3744e-05, -0.00015659532
  -63.007255, -0.000242172, -0.00015659532
  -63.007255, -0.000144522, -0.00015659532
  -63.0008, -0.000218736, -0.0001565858
  -63.0008, -0.00011718, -0.0001565858
  -63.0008, -0.000207018, -0.0001565858
  -63.0008, -0.000171864, -0.0001565858
  -63.0008, -0.00017577, -0.0001565858
  -63.0008, -5.859e-05, -0.0001565858
  -63.0008, -0.00015624, -0.0001565858
  -63.0008, -0.000148428, -0.0001565858
  -63.0008, -0.000238266, -0.0001565858
  -63.0008, -0.000183582, -0.0001565858
  -63.0008, -0.000191394, -0.0001565858
  -63.0008, -0.000124992, -0.0001565858
  -63.0008, -0.000179676, -0.0001565858
  -63.0008, -0.000148428, -0.0001565858
  -63.0008, -0.000218736, -0.0001565858
  -63.0008, -7.4214e-05, -0.0001565858
  -63.0008, -0.000199206, -0.0001565858
  -62.994345, -0.000148428, -0.0001565762
  -62.994345, -0.00013671, -0.0001565762
  -62.994345, -0.000105462, -0.0001565762
  -62.994345, -0.00013671, -0.0001565762
  -62.994345, -0.000281232, -0.0001565762
  -62.994345, -9.3744e-05, -0.0001565762
  -62.994345, -0.000171864, -0.0001565762
  -62.994345, -0.00017577, -0.0001565762
  -62.994345, -0.00017577, -0.0001565762
  -62.994345, -0.000124992, -0.0001565762
  -62.994345, -0.000152334, -0.0001565762
  -62.994345, -3.906e-06, -0.0001565762
  -62.994345, -0.0001953, -0.0001565762
  -62.994345, -0.000187488, -0.0001565762
  -62.994345, -0.000132804, -0.0001565762
  -62.994345, -0.000249984, -0.0001565762
  -62.98789, -0.000171864, -0.00015656653
  -62.98789, -0.000148428, -0.00015656653
  -62.98789, -0.000140616, -0.00015656653
  -62.98789, -0.000124992, -0.00015656653
  -62.98789, -0.00015624, -0.00015656653
  -62.98789, -0.000257796, -0.00015656653
  -62.98789, -0.000124992, -0.00015656653
  -62.98789, -0.000121086, -0.00015656653
  -62.98789, -0.00013671, -0.00015656653
  -62.98789, -0.000199206, -0.00015656653
  -62.98789, -0.00015624, -0.00015656653
  -62.98789, -0.000183582, -0.00015656653
  -62.98789, -0.0001953, -0.00015656653
  -62.98789, -0.00023436, -0.00015656653
  -62.981435, -0.000222642, -0.00015655679
  -62.981435, -5.859e-05, -0.00015655679
  -62.981435, -8.9838e-05, -0.00015655679
  -62.981435, -0.000183582, -0.00015655679
  -62.981435, -0.000160146, -0.00015655679
  -62.981435, -0.000187488, -0.00015655679
  -62.981435, -0.00013671, -0.00015655679
  -62.981435, -0.00017577, -0.00015655679
  -62.981435, -0.000207018, -0.00015655679
  -62.97498, -0.00021483, -0.00015654697
  -62.97498, -0.000148428, -0.00015654697
  -62.97498, -0.00017577, -0.00015654697
  -62.97498, -0.000207018, -0.00015654697
  -62.97498, -0.00023436, -0.00015654697
  -62.97498, -0.000246078, -0.00015654697
  -62.968525, -0.00017577, -0.00015653708
  -62.968525, -0.000132804, -0.00015653708
  -62.968525, -0.000199206, -0.00015653708
  -62.968525, -0.000218736, -0.00015653708
  -62.968525, -0.000191394, -0.00015653708
  -62.968525, -0.000148428, -0.00015653708
  -62.968525, -0.000152334, -0.00015653708
  -62.968525, -7.0308e-05, -0.00015653708
  -62.968525, -0.0001953, -0.00015653708
  -62.968525, -0.000167958, -0.00015653708
  -62.96207, -0.000179676, -0.00015652711
  -62.96207, -0.000144522, -0.00015652711
  -62.96207, -0.000191394, -0.00015652711
  -62.96207, -0.000218736, -0.00015652711
  -62.96207, -0.000152334, -0.00015652711
  -62.96207, -0.00021483, -0.00015652711
  -62.96207, -0.000222642, -0.00015652711
  -62.96207, -0.000171864, -0.00015652711
  -62.96207, -0.000207018, -0.00015652711
  -62.955615, -0.00021483, -0.00015651707
  -62.955615, -0.000242172, -0.00015651707
  -62.94916, -0.00025389, -0.00015650696
  -62.94916, -0.000152334, -0.00015650696
  -62.94916, -0.000246078, -0.00015650696
  -62.94916, -0.000140616, -0.00015650696
  -62.94916, -0.00017577, -0.00015650696
  -62.942705, -0.00025389, -0.00015649677
  -62.942705, -0.000207018, -0.00015649677
  -62.93625, -0.00011718, -0.00015648651
  -62.93625, -0.000132804, -0.00015648651
  -62.93625, -0.000179676, -0.00015648651
  -62.93625, -0.000128898, -0.00015648651
  -62.929795, -0.000203112, -0.00015647617
  -62.92334, -0.00021483, -0.00015646576
  -62.92334, -0.000148428, -0.00015646576
  -62.916885, -0.000140616, -0.00015645528
  -62.91043, -0.000191394, -0.00015644472
  -62.91043, -0.00021483, -0.00015644472
  -62.903975, -0.000164052, -0.00015643409
  -62.89752, -0.000187488, -0.00015642338
  -62.89752, -0.000183582, -0.00015642338
  -62.89752, -0.00021483, -0.00015642338
  -62.891065, -0.000164052, -0.00015641259
  -62.878155, -0.000171864, -0.00015639081
  -62.8717, -0.000128898, -0.0001563798
  -62.865245, -0.000191394, -0.00015636872
  -62.865245, -0.000148428, -0.00015636872
  -62.852335, -0.000246078, -0.00015634634
  -62.84588, -0.000207018, -0.00015633504
  -62.839425, -0.00015624, -0.00015632366
  -62.83297, -0.000222642, -0.00015631221
  -62.82006, -0.000226548, -0.00015628908
  -62.82006, -0.000183582, -0.00015628908
  -62.80715, -0.000203112, -0.00015626565
  -62.79424, -0.00015624, -0.00015624193
  -62.79424, -0.000167958, -0.00015624193
  -62.76842, -0.000222642, -0.00015619358
  -62.749055, -0.000226548, -0.00015615654
  -62.7426, -0.000179676, -0.00015614404
  -62.71678, -0.000148428, -0.00015609331
  -62.697415, -0.000226548, -0.00015605447
  -62.69096, -0.000152334, -0.00015604137
  -62.67805, -0.000121086, -0.00015601496
  -62.67805, -0.000148428, -0.00015601496
  -62.66514, -0.000113274, -0.00015598824
  -62.658685, -0.000160146, -0.00015597477
  -62.645775, -0.000191394, -0.00015594761
  -62.607045, -0.000207018, -0.00015586431
  -62.607045, -0.000203112, -0.00015586431
  -62.607045, -0.000238266, -0.00015586431
  -62.555405, -0.00023436, -0.00015574904
  -62.54895, -0.00015624, -0.00015573429
  -62.542495, -0.000222642, -0.00015571947
  -62.51022, -0.000265608, -0.00015564423
  -62.49731, -0.000199206, -0.0001556136
  -62.490855, -0.000171864, -0.00015559818
  -62.47149, -0.00023436, -0.00015555145
  -62.452125, -0.000230454, -0.00015550404
  -62.43276, -0.000199206, -0.00015545595
  -62.40694, -0.000199206, -0.00015539078
  -62.40694, -0.000210924, -0.00015539078
  -62.36821, -0.000167958, -0.00015529074
  -62.36821, -0.000183582, -0.00015529074
  -62.348845, -0.000179676, -0.0001552397
  -62.323025, -0.000128898, -0.00015517059
  -62.323025, -8.2026e-05, -0.00015517059
  -62.30366, -8.5932e-05, -0.00015511796
  -62.29075, -3.5154e-05, -0.00015508249
  -62.29075, -0.00013671, -0.00015508249
  -62.284295, -0.00015624, -0.00015506464
  -62.27784, -0.000187488, -0.00015504672
  -62.23911, -0.000167958, -0.00015493758
  -62.23911, -0.000164052, -0.00015493758
  -62.20038, -0.000199206, -0.0001548257
  -62.20038, -0.000187488, -0.0001548257
  -62.193925, -0.000113274, -0.00015480678
  -62.17456, -0.000121086, -0.00015474959
  -62.168105, -0.000109368, -0.00015473037
  -62.16165, -0.000128898, -0.00015471107
  -62.155195, -5.4684e-05, -0.0001546917
  -62.14874, -0.000160146, -0.00015467226
  -62.142285, -0.00013671, -0.00015465273
  -62.116465, -0.00015624, -0.00015457387
  -62.11001, -0.000183582, -0.00015455397
  -62.103555, -0.000140616, -0.00015453399
  -62.0971, -0.000199206, -0.00015451393
  -62.090645, -0.000191394, -0.00015449379
  -62.08419, -0.000183582, -0.00015447358
  -62.08419, -0.000164052, -0.00015447358
  -62.064825, -8.2026e-05, -0.00015441248
  -62.051915, -0.000167958, -0.00015437137
  -62.051915, -0.000144522, -0.00015437137
  -62.051915, -0.000191394, -0.00015437137
  -62.04546, -0.000257796, -0.0001543507
  -62.03255, -0.000230454, -0.00015430913
  -62.01964, -0.000167958, -0.00015426725
  -62.00673, -0.00017577, -0.00015422506
  -62.00673, -0.000183582, -0.00015422506
  -62.000275, -0.000183582, -0.00015420386
  -61.99382, -0.000179676, -0.00015418257
  -61.987365, -0.000109368, -0.00015416121
  -61.987365, -0.000218736, -0.00015416121
  -61.987365, -0.000203112, -0.00015416121
  -61.98091, -4.2966e-05, -0.00015413977
  -61.974455, -0.00013671, -0.00015411826
  -61.974455, -0.000171864, -0.00015411826
  -61.974455, -0.000101556, -0.00015411826
  -61.974455, -0.000230454, -0.00015411826
  -61.974455, -0.000191394, -0.00015411826
  -61.968, -5.859e-05, -0.00015409666
  -61.961545, -0.000148428, -0.00015407499
  -61.961545, -0.000132804, -0.00015407499
  -61.961545, -0.000179676, -0.00015407499
  -61.95509, -0.000242172, -0.00015405325
  -61.948635, -0.000101556, -0.00015403143
  -61.948635, -0.000230454, -0.00015403143
  -61.94218, -0.00021483, -0.00015400953
  -61.94218, -0.000199206, -0.00015400953
  -61.94218, -0.000144522, -0.00015400953
  -61.94218, -0.000121086, -0.00015400953
  -61.935725, -0.000121086, -0.00015398755
  -61.935725, -0.00025389, -0.00015398755
  -61.935725, -0.000101556, -0.00015398755
  -61.935725, -0.000148428, -0.00015398755
  -61.935725, -0.000164052, -0.00015398755
  -61.935725, -0.000242172, -0.00015398755
  -61.935725, -0.000191394, -0.00015398755
  -61.92927, -0.000152334, -0.0001539655
  -61.92927, -8.5932e-05, -0.0001539655
  -61.92927, -0.0001953, -0.0001539655
  -61.92927, -0.000249984, -0.0001539655
  -61.92927, -0.000191394, -0.0001539655
  -61.92927, -0.000167958, -0.0001539655
  -61.92927, -0.0001953, -0.0001539655
  -61.92927, -0.000222642, -0.0001539655
  -61.92927, -0.000187488, -0.0001539655
  -61.922815, -0.000101556, -0.00015394337
  -61.922815, -0.000144522, -0.00015394337
  -61.922815, -0.000144522, -0.00015394337
  -61.922815, -0.000132804, -0.00015394337
  -61.922815, -0.000167958, -0.00015394337
  -61.922815, -0.000183582, -0.00015394337
  -61.91636, -0.000152334, -0.00015392116
  -61.91636, -0.000187488, -0.00015392116
  -61.91636, -0.00017577, -0.00015392116
  -61.91636, -0.000160146, -0.00015392116
  -61.91636, -9.765e-05, -0.00015392116
  -61.91636, -0.000167958, -0.00015392116
  -61.91636, -0.000148428, -0.00015392116
  -61.91636, -0.000207018, -0.00015392116
  -61.91636, -0.000218736, -0.00015392116
  -61.91636, -0.000179676, -0.00015392116
  -61.91636, -0.000160146, -0.00015392116
  -61.91636, -0.000128898, -0.00015392116
  -61.91636, -0.000269514, -0.00015392116
  -61.91636, -0.000183582, -0.00015392116
  -61.91636, -0.00017577, -0.00015392116
  -61.91636, -8.5932e-05, -0.00015392116
  -61.91636, -6.6402e-05, -0.00015392116
  -61.91636, -0.000121086, -0.00015392116
  -61.91636, -8.2026e-05, -0.00015392116
  -61.909905, -0.000210924, -0.00015389887
  -61.909905, -0.000179676, -0.00015389887
  -61.909905, -0.000105462, -0.00015389887
  -61.909905, -0.000160146, -0.00015389887
  -61.909905, -0.000164052, -0.00015389887
  -61.909905, -8.9838e-05, -0.00015389887
  -61.909905, -0.000105462, -0.00015389887
  -61.909905, -0.00023436, -0.00015389887
  -61.909905, -0.000171864, -0.00015389887
  -61.909905, -0.00017577, -0.00015389887
  -61.909905, -0.000101556, -0.00015389887
  -61.909905, -0.00011718, -0.00015389887
  -61.90345, -0.00013671, -0.00015387651
  -61.90345, -0.000183582, -0.00015387651
  -61.90345, -0.000105462, -0.00015387651
  -61.90345, -0.000222642, -0.00015387651
  -61.90345, -7.4214e-05, -0.00015387651
  -61.90345, -0.000109368, -0.00015387651
  -61.90345, -0.000187488, -0.00015387651
  -61.90345, -0.000164052, -0.00015387651
  -61.90345, -0.000128898, -0.00015387651
  -61.90345, -9.3744e-05, -0.00015387651
  -61.90345, -0.000191394, -0.00015387651
  -61.896995, -0.000203112, -0.00015385407
  -61.896995, -0.00015624, -0.00015385407
  -61.896995, -0.00021483, -0.00015385407
  -61.896995, -0.000164052, -0.00015385407
  -61.896995, -0.000183582, -0.00015385407
  -61.896995, -0.000144522, -0.00015385407
  -61.896995, -0.000207018, -0.00015385407
  -61.896995, -0.000148428, -0.00015385407
  -61.896995, -0.000191394, -0.00015385407
  -61.89054, -0.000246078, -0.00015383156
  -61.89054, -0.00023436, -0.00015383156
  -61.884085, -0.000203112, -0.00015380897
  -61.884085, -0.000238266, -0.00015380897
  -61.87763, -0.000164052, -0.0001537863
  -61.87763, -0.000210924, -0.0001537863
  -61.86472, -0.00013671, -0.00015374073
  -61.86472, -0.000210924, -0.00015374073
  -61.8389, -0.000144522, -0.00015364866
  -61.832445, -0.000187488, -0.00015362545
  -61.819535, -0.000203112, -0.0001535788
  -61.793715, -0.000187488, -0.00015348457
  -61.78726, -0.000207018, -0.00015346082
  -61.729165, -0.000257796, -0.00015324358
  -61.72271, -0.000226548, -0.00015321905
  -61.69689, -0.000152334, -0.00015312018
  -61.68398, -0.000183582, -0.00015307028
  -61.65816, -9.3744e-05, -0.00015296954
  -61.65816, -9.765e-05, -0.00015296954
  -61.65816, -0.000167958, -0.00015296954
  -61.612975, -3.5154e-05, -0.00015279025
  -61.612975, -0.000187488, -0.00015279025
  -61.5807, -0.000257796, -0.00015265986
  -61.574245, -0.000148428, -0.00015263355
  -61.574245, -0.000128898, -0.00015263355
  -61.561335, -0.000105462, -0.00015258069
  -61.548425, -9.765e-05, -0.00015252752
  -61.54197, -0.000124992, -0.00015250082
  -61.52906, -0.00013671, -0.00015244718
  -61.509695, -0.000171864, -0.00015236613
  -61.49033, -0.000210924, -0.00015228439
  -61.47742, -0.000179676, -0.0001522295
  -61.470965, -0.00015624, -0.00015220194
  -61.432235, -0.000144522, -0.00015203492
  -61.419325, -0.000210924, -0.00015197863
  -61.406415, -0.000160146, -0.00015192201
  -61.39996, -0.000207018, -0.00015189359
  -61.393505, -0.000218736, -0.00015186509
  -61.367685, -0.000164052, -0.0001517503
  -61.354775, -0.00021483, -0.00015169243
  -61.354775, 3.906e-06, -0.00015169243
  -61.34832, -0.000113274, -0.00015166338
  -61.34832, -0.000121086, -0.00015166338
  -61.341865, -4.2966e-05, -0.00015163425
  -61.3225, -0.000265608, -0.00015154639
  -61.3225, -0.000242172, -0.00015154639
  -61.30959, -0.000124992, -0.00015148743
  -61.30959, -0.000179676, -0.00015148743
  -61.277315, -0.0001953, -0.00015133863
  -61.277315, -0.00023436, -0.00015133863
  -61.27086, -0.000167958, -0.00015130864
  -61.264405, -0.000160146, -0.00015127856
  -61.25795, -8.9838e-05, -0.00015124841
  -61.25795, -0.000183582, -0.00015124841
  -61.24504, -0.000148428, -0.00015118787
  -61.24504, -9.765e-05, -0.00015118787
  -61.24504, -0.000171864, -0.00015118787
  -61.225675, -0.000191394, -0.00015109647
  -61.225675, -7.0308e-05, -0.00015109647
  -61.21922, -0.000238266, -0.00015106584
  -61.212765, -0.000160146, -0.00015103514
  -61.212765, -3.1248e-05, -0.00015103514
  -61.212765, -0.000124992, -0.00015103514
  -61.212765, -0.000144522, -0.00015103514
  -61.212765, -0.00011718, -0.00015103514
  -61.212765, -2.7342e-05, -0.00015103514
  -61.20631, -7.4214e-05, -0.00015100435
  -61.20631, -0.000222642, -0.00015100435
  -61.20631, -0.000160146, -0.00015100435
  -61.20631, -0.000187488, -0.00015100435
  -61.199855, -0.000218736, -0.00015097349
  -61.199855, -0.000124992, -0.00015097349
  -61.199855, -8.5932e-05, -0.00015097349
  -61.199855, -9.3744e-05, -0.00015097349
  -61.199855, -0.000140616, -0.00015097349
  -61.1934, -0.000191394, -0.00015094255
  -61.1934, -0.000113274, -0.00015094255
  -61.1934, -0.00021483, -0.00015094255
  -61.1934, -0.000164052, -0.00015094255
  -61.1934, -0.000148428, -0.00015094255
  -61.1934, -0.0001953, -0.00015094255
  -61.1934, -0.00013671, -0.00015094255
  -61.1934, -0.000183582, -0.00015094255
  -61.186945, -0.000121086, -0.00015091153
  -61.186945, -0.000210924, -0.00015091153
  -61.186945, -0.000207018, -0.00015091153
  -61.186945, -0.000203112, -0.00015091153
  -61.186945, -0.000187488, -0.00015091153
  -61.186945, -0.000183582, -0.00015091153
  -61.186945, -0.000132804, -0.00015091153
  -61.186945, -0.000160146, -0.00015091153
  -61.18049, -0.000191394, -0.00015088043
  -61.18049, -0.000171864, -0.00015088043
  -61.18049, -0.000132804, -0.00015088043
  -61.18049, -0.000160146, -0.00015088043
  -61.18049, -0.00017577, -0.00015088043
  -61.18049, -0.000105462, -0.00015088043
  -61.18049, -0.000167958, -0.00015088043
  -61.18049, -0.000203112, -0.00015088043
  -61.174035, -0.000171864, -0.00015084925
  -61.174035, -0.000218736, -0.00015084925
  -61.174035, -0.000226548, -0.00015084925
  -61.174035, -0.00015624, -0.00015084925
  -61.174035, -0.000183582, -0.00015084925
  -61.174035, -0.000160146, -0.00015084925
  -61.174035, -0.00021483, -0.00015084925
  -61.174035, -0.000187488, -0.00015084925
  -61.174035, -8.9838e-05, -0.00015084925
  -61.174035, -0.000179676, -0.00015084925
  -61.174035, -0.000183582, -0.00015084925
  -61.174035, -0.000152334, -0.00015084925
  -61.174035, -0.00015624, -0.00015084925
  -61.174035, -0.000124992, -0.00015084925
  -61.16758, -0.000257796, -0.00015081799
  -61.16758, -0.00021483, -0.00015081799
  -61.16758, -0.000140616, -0.00015081799
  -61.16758, -0.00021483, -0.00015081799
  -61.16758, -3.1248e-05, -0.00015081799
  -61.16758, -0.000148428, -0.00015081799
  -61.16758, -6.2496e-05, -0.00015081799
  -61.16758, -9.765e-05, -0.00015081799
  -61.16758, -0.000179676, -0.00015081799
  -61.16758, -0.000203112, -0.00015081799
  -61.16758, -0.000124992, -0.00015081799
  -61.16758, -0.000183582, -0.00015081799
  -61.16758, -3.5154e-05, -0.00015081799
  -61.16758, -0.00013671, -0.00015081799
  -61.16758, -0.000238266, -0.00015081799
  -61.16758, -0.000203112, -0.00015081799
  -61.16758, -0.000171864, -0.00015081799
  -61.16758, -0.000140616, -0.00015081799
  -61.161125, -0.000179676, -0.00015078665
  -61.161125, -0.0001953, -0.00015078665
  -61.161125, -0.000269514, -0.00015078665
  -61.161125, -0.00017577, -0.00015078665
  -61.161125, -9.3744e-05, -0.00015078665
  -61.161125, -8.2026e-05, -0.00015078665
  -61.161125, -0.000191394, -0.00015078665
  -61.161125, -0.00011718, -0.00015078665
  -61.161125, -0.0001953, -0.00015078665
  -61.161125, -0.000183582, -0.00015078665
  -61.161125, -0.000167958, -0.00015078665
  -61.161125, -0.000128898, -0.00015078665
  -61.161125, -0.00015624, -0.00015078665
  -61.161125, -0.000121086, -0.00015078665
  -61.161125, -0.000128898, -0.00015078665
  -61.161125, -0.000167958, -0.00015078665
  -61.161125, -0.000164052, -0.00015078665
  -61.161125, -0.000191394, -0.00015078665
  -61.161125, -0.000230454, -0.00015078665
  -61.161125, -0.000160146, -0.00015078665
  -61.161125, -0.000121086, -0.00015078665
  -61.15467, -9.3744e-05, -0.00015075524
  -61.15467, -0.000128898, -0.00015075524
  -61.15467, -0.000179676, -0.00015075524
  -61.15467, -0.000261702, -0.00015075524
  -61.15467, -0.000222642, -0.00015075524
  -61.15467, -0.00017577, -0.00015075524
  -61.15467, -0.000105462, -0.00015075524
  -61.15467, -0.000226548, -0.00015075524
  -61.15467, -0.000246078, -0.00015075524
  -61.15467, -0.000277326, -0.00015075524
  -61.15467, -0.0001953, -0.00015075524
  -61.15467, -0.000199206, -0.00015075524
  -61.15467, -0.000164052, -0.00015075524
  -61.15467, -0.000101556, -0.00015075524
  -61.15467, -8.5932e-05, -0.00015075524
  -61.148215, -0.000183582, -0.00015072374
  -61.148215, -0.00023436, -0.00015072374
  -61.148215, -0.000140616, -0.00015072374
  -61.148215, -0.000152334, -0.00015072374
  -61.148215, -0.000164052, -0.00015072374
  -61.148215, -0.000207018, -0.00015072374
  -61.148215, -0.000152334, -0.00015072374
  -61.148215, -0.000164052, -0.00015072374
  -61.148215, -0.000109368, -0.00015072374
  -61.148215, -8.9838e-05, -0.00015072374
  -61.148215, -0.000222642, -0.00015072374
  -61.148215, -0.000167958, -0.00015072374
  -61.14176, -0.000183582, -0.00015069217
  -61.14176, -0.00013671, -0.00015069217
  -61.14176, -0.000191394, -0.00015069217
  -61.14176, -0.000203112, -0.00015069217
  -61.14176, -0.000160146, -0.00015069217
  -61.14176, -0.000187488, -0.00015069217
  -61.14176, -0.0001953, -0.00015069217
  -61.14176, -5.859e-05, -0.00015069217
  -61.14176, -0.00017577, -0.00015069217
  -61.14176, -0.000187488, -0.00015069217
  -61.14176, -0.0001953, -0.00015069217
  -61.14176, -0.000199206, -0.00015069217
  -61.14176, -0.000238266, -0.00015069217
  -61.14176, -0.00013671, -0.00015069217
  -61.14176, -0.000121086, -0.00015069217
  -61.14176, -0.000210924, -0.00015069217
  -61.14176, -0.00017577, -0.00015069217
  -61.14176, -0.000171864, -0.00015069217
  -61.14176, -0.00013671, -0.00015069217
  -61.14176, -0.000171864, -0.00015069217
  -61.14176, -0.000152334, -0.00015069217
  -61.14176, -0.000152334, -0.00015069217
  -61.14176, -0.000187488, -0.00015069217
  -61.14176, -9.3744e-05, -0.00015069217
  -61.135305, -0.000109368, -0.00015066052
  -61.135305, -0.000187488, -0.00015066052
  -61.135305, -0.000249984, -0.00015066052
  -61.135305, -9.765e-05, -0.00015066052
  -61.135305, -0.000179676, -0.00015066052
  -61.135305, -0.000121086, -0.00015066052
  -61.135305, -0.00015624, -0.00015066052
  -61.135305, -0.000148428, -0.00015066052
  -61.135305, -0.000222642, -0.00015066052
  -61.135305, -0.000148428, -0.00015066052
  -61.135305, -0.000167958, -0.00015066052
  -61.135305, -0.000187488, -0.00015066052
  -61.135305, -0.000179676, -0.00015066052
  -61.135305, -0.000249984, -0.00015066052
  -61.135305, -0.000101556, -0.00015066052
  -61.135305, -0.000179676, -0.00015066052
  -61.135305, -0.000261702, -0.00015066052
  -61.135305, -0.000187488, -0.00015066052
  -61.135305, -0.000210924, -0.00015066052
  -61.135305, -0.00013671, -0.00015066052
  -61.135305, -0.000226548, -0.00015066052
  -61.135305, -0.000238266, -0.00015066052
  -61.135305, -0.0001953, -0.00015066052
  -61.135305, -0.000164052, -0.00015066052
  -61.135305, -0.000277326, -0.00015066052
  -61.12885, -0.000203112, -0.00015062878
  -61.12885, -0.000210924, -0.00015062878
  -61.12885, -0.000144522, -0.00015062878
  -61.12885, -0.000191394, -0.00015062878
  -61.12885, -0.000203112, -0.00015062878
  -61.12885, -0.0001953, -0.00015062878
  -61.12885, -0.000171864, -0.00015062878
  -61.12885, -0.000203112, -0.00015062878
  -61.12885, -0.000191394, -0.00015062878
  -61.12885, -0.000191394, -0.00015062878
  -61.12885, -0.000164052, -0.00015062878
  -61.12885, -0.000179676, -0.00015062878
  -61.12885, -0.000203112, -0.00015062878
  -61.12885, -0.000167958, -0.00015062878
  -61.12885, -0.000128898, -0.00015062878
  -61.12885, -0.000167958, -0.00015062878
  -61.12885, -0.00025389, -0.00015062878
  -61.12885, -0.000167958, -0.00015062878
  -61.12885, -0.00017577, -0.00015062878
  -61.122395, -0.00015624, -0.00015059697
  -61.122395, -0.000164052, -0.00015059697
  -61.122395, -0.000140616, -0.00015059697
  -61.122395, -7.812e-05, -0.00015059697
  -61.122395, -0.000132804, -0.00015059697
  -61.122395, -0.00023436, -0.00015059697
  -61.122395, -0.000191394, -0.00015059697
  -61.122395, -0.000226548, -0.00015059697
  -61.122395, -0.00023436, -0.00015059697
  -61.11594, -0.000218736, -0.00015056508
  -61.11594, -0.000144522, -0.00015056508
  -61.11594, -0.000230454, -0.00015056508
  -61.11594, -0.000121086, -0.00015056508
  -61.11594, -0.000148428, -0.00015056508
  -61.11594, -0.000140616, -0.00015056508
  -61.11594, -0.000183582, -0.00015056508
  -61.11594, -0.000203112, -0.00015056508
  -61.11594, -0.000191394, -0.00015056508
  -61.11594, -8.9838e-05, -0.00015056508
  -61.109485, -0.000199206, -0.00015053311
  -61.109485, -0.000183582, -0.00015053311
  -61.109485, -0.000148428, -0.00015053311
  -61.109485, -0.000124992, -0.00015053311
  -61.109485, -0.000160146, -0.00015053311
  -61.109485, -0.000144522, -0.00015053311
  -61.109485, -0.000152334, -0.00015053311
  -61.10303, -0.000171864, -0.00015050106
  -61.10303, -0.000199206, -0.00015050106
  -61.10303, -3.1248e-05, -0.00015050106
  -61.10303, -0.000148428, -0.00015050106
  -61.10303, -0.000160146, -0.00015050106
  -61.10303, -0.000203112, -0.00015050106
  -61.096575, -0.00013671, -0.00015046894
  -61.09012, -0.000207018, -0.00015043673
  -61.09012, -0.000183582, -0.00015043673
  -61.09012, -0.000152334, -0.00015043673
  -61.09012, -0.000183582, -0.00015043673
  -61.083665, -9.3744e-05, -0.00015040444
  -61.083665, -0.000148428, -0.00015040444
  -61.07721, -0.000187488, -0.00015037207
  -61.070755, -0.000191394, -0.00015033963
  -61.070755, -6.6402e-05, -0.00015033963
  -61.0643, -0.000218736, -0.0001503071
  -61.0643, -0.000179676, -0.0001503071
  -61.057845, -0.00017577, -0.0001502745
  -61.05139, -0.000164052, -0.00015024182
  -61.05139, -0.000171864, -0.00015024182
  -61.044935, -0.000144522, -0.00015020905
  -61.03848, -0.00013671, -0.00015017621
  -61.032025, -0.0001953, -0.00015014329
  -61.032025, -0.000167958, -0.00015014329
  -61.02557, -0.000132804, -0.00015011029
  -61.01266, -0.000164052, -0.00015004405
  -60.99975, -0.000167958, -0.00014997749
  -60.99975, -0.000179676, -0.00014997749
  -60.97393, -0.000132804, -0.00014984341
  -60.967475, -0.000230454, -0.0001498097
  -60.967475, -0.00011718, -0.0001498097
  -60.96102, -0.00015624, -0.0001497759
  -60.954565, -0.000199206, -0.00014974202
  -60.954565, -0.000140616, -0.00014974202
  -60.94811, -0.000132804, -0.00014970807
  -60.941655, -0.00017577, -0.00014967403
  -60.9352, -0.000132804, -0.00014963992
  -60.915835, -0.000140616, -0.00014953709
  -60.90938, -0.000187488, -0.00014950266
  -60.902925, -0.0001953, -0.00014946814
  -60.89647, -0.000179676, -0.00014943355
  -60.88356, -5.4684e-05, -0.00014936412
  -60.87065, -5.859e-05, -0.00014929437
  -60.851285, -7.4214e-05, -0.00014918915
  -60.84483, -5.0778e-05, -0.00014915392
  -60.83192, -0.000171864, -0.00014908321
  -60.799645, -0.000160146, -0.00014890505
  -60.78028, -0.000152334, -0.00014879718
  -60.773825, -0.000199206, -0.00014876107
  -60.76737, -0.000187488, -0.00014872488
  -60.75446, -0.000171864, -0.00014865225
  -60.735095, -0.000152334, -0.0001485427
  -60.72864, -0.000121086, -0.00014850603
  -60.71573, -0.000140616, -0.00014843243
  -60.696365, -0.000179676, -0.00014832144
  -60.677, -0.000226548, -0.00014820973
  -60.66409, -0.000191394, -0.00014813485
  -60.644725, -0.000140616, -0.00014802193
  -60.631815, -0.000101556, -0.00014794624
  -60.62536, -0.00015624, -0.00014790828
  -60.618905, -0.00013671, -0.00014787024
  -60.593085, -0.000148428, -0.00014771725
  -60.580175, -0.000101556, -0.00014764028
  -60.56081, -6.2496e-05, -0.00014752421
  -60.554355, -0.000210924, -0.00014748536
  -60.5479, -5.859e-05, -0.00014744643
  -60.541445, -7.0308e-05, -0.00014740742
  -60.528535, -0.000160146, -0.00014732915
  -60.502715, -0.000246078, -0.00014717165
  -60.49626, -0.000187488, -0.00014713207
  -60.489805, -0.000171864, -0.00014709241
  -60.476895, -0.00013671, -0.00014701285
  -60.476895, -6.6402e-05, -0.00014701285
  -60.44462, -0.000144522, -0.00014681252
  -60.44462, -0.0001953, -0.00014681252
  -60.43171, -0.000183582, -0.00014673183
  -60.425255, -0.000105462, -0.00014669136
  -60.4188, -0.00013671, -0.00014665081
  -60.40589, -9.3744e-05, -0.00014656946
  -60.38007, -0.000121086, -0.00014640579
  -60.373615, -0.000179676, -0.00014636467
  -60.360705, -0.000152334, -0.00014628219
  -60.35425, -0.000160146, -0.00014624082
  -60.347795, -0.000160146, -0.00014619938
  -60.347795, -0.00015624, -0.00014619938
  -60.34134, -0.000148428, -0.00014615785
  -60.334885, -0.000191394, -0.00014611624
  -60.31552, -0.000210924, -0.00014599093
  -60.296155, -0.000109368, -0.00014586488
  -60.2897, -0.000179676, -0.0001458227
  -60.283245, -0.000105462, -0.00014578044
  -60.26388, -0.00015624, -0.00014565317
  -60.26388, -0.000121086, -0.00014565317
  -60.25097, -0.00013671, -0.00014556792
  -60.25097, -0.000109368, -0.00014556792
  -60.23806, -0.00011718, -0.00014548233
  -60.23806, -0.00011718, -0.00014548233
  -60.23806, -0.000109368, -0.00014548233
  -60.231605, -0.000171864, -0.00014543942
  -60.22515, 2.3436e-05, -0.00014539643
  -60.22515, -0.000128898, -0.00014539643
  -60.22515, -0.000121086, -0.00014539643
  -60.218695, -0.000152334, -0.00014535335
  -60.205785, -0.000167958, -0.00014526695
  -60.205785, -0.00017577, -0.00014526695
  -60.19933, -8.2026e-05, -0.00014522363
  -60.19933, -0.00013671, -0.00014522363
  -60.19933, -2.7342e-05, -0.00014522363
  -60.192875, -8.5932e-05, -0.00014518022
  -60.192875, -0.000164052, -0.00014518022
  -60.18642, -9.765e-05, -0.00014513674
  -60.18642, -3.5154e-05, -0.00014513674
  -60.18642, -8.2026e-05, -0.00014513674
  -60.17351, -7.0308e-05, -0.00014504952
  -60.17351, -7.4214e-05, -0.00014504952
  -60.17351, -0.000124992, -0.00014504952
  -60.167055, -0.00021483, -0.00014500579
  -60.167055, -7.4214e-05, -0.00014500579
  -60.167055, -0.000152334, -0.00014500579
  -60.1606, -5.0778e-05, -0.00014496197
  -60.1606, -7.812e-06, -0.00014496197
  -60.1606, -0.000207018, -0.00014496197
  -60.1606, -0.000144522, -0.00014496197
  -60.1606, -0.000160146, -0.00014496197
  -60.1606, -0.000140616, -0.00014496197
  -60.154145, -0.000152334, -0.00014491808
  -60.14769, -0.000152334, -0.0001448741
  -60.141235, -0.000164052, -0.00014483004
  -60.141235, -0.000199206, -0.00014483004
  -60.141235, -0.000191394, -0.00014483004
  -60.13478, -0.000121086, -0.0001447859
  -60.13478, -0.00021483, -0.0001447859
  -60.128325, -5.0778e-05, -0.00014474168
  -60.128325, -8.9838e-05, -0.00014474168
  -60.128325, -0.000160146, -0.00014474168
  -60.128325, -0.00023436, -0.00014474168
  -60.128325, -0.00011718, -0.00014474168
  -60.12187, -0.000171864, -0.00014469737
  -60.12187, -5.859e-05, -0.00014469737
  -60.12187, -0.000179676, -0.00014469737
  -60.12187, -0.00021483, -0.00014469737
  -60.115415, -5.4684e-05, -0.00014465298
  -60.115415, -8.9838e-05, -0.00014465298
  -60.115415, -0.000140616, -0.00014465298
  -60.115415, -0.000144522, -0.00014465298
  -60.115415, -0.000222642, -0.00014465298
  -60.115415, -0.000230454, -0.00014465298
  -60.115415, -0.000124992, -0.00014465298
  -60.115415, -0.000113274, -0.00014465298
  -60.115415, -0.000113274, -0.00014465298
  -60.115415, -0.000187488, -0.00014465298
  -60.115415, -0.000101556, -0.00014465298
  -60.10896, -0.000128898, -0.00014460851
  -60.10896, -7.812e-05, -0.00014460851
  -60.10896, -0.000121086, -0.00014460851
  -60.10896, -0.000222642, -0.00014460851
  -60.10896, -0.000109368, -0.00014460851
  -60.10896, -6.2496e-05, -0.00014460851
  -60.10896, -9.3744e-05, -0.00014460851
  -60.10896, -0.000124992, -0.00014460851
  -60.10896, -8.2026e-05, -0.00014460851
  -60.10896, -0.000187488, -0.00014460851
  -60.10896, -0.000171864, -0.00014460851
  -60.10896, -3.5154e-05, -0.00014460851
  -60.10896, -0.00017577, -0.00014460851
  -60.102505, -0.000160146, -0.00014456396
  -60.102505, -0.000132804, -0.00014456396
  -60.102505, -6.2496e-05, -0.00014456396
  -60.102505, -0.000207018, -0.00014456396
  -60.102505, -0.000226548, -0.00014456396
  -60.102505, -0.000183582, -0.00014456396
  -60.102505, -0.000210924, -0.00014456396
  -60.102505, -1.5624e-05, -0.00014456396
  -60.102505, -9.3744e-05, -0.00014456396
  -60.102505, -2.7342e-05, -0.00014456396
  -60.102505, -0.00015624, -0.00014456396
  -60.102505, -8.9838e-05, -0.00014456396
  -60.09605, -0.000187488, -0.00014451933
  -60.09605, -0.000132804, -0.00014451933
  -60.09605, -0.000179676, -0.00014451933
  -60.09605, -0.00015624, -0.00014451933
  -60.09605, -0.000152334, -0.00014451933
  -60.09605, -0.00017577, -0.00014451933
  -60.09605, -0.000152334, -0.00014451933
  -60.09605, -0.000164052, -0.00014451933
  -60.09605, -0.00011718, -0.00014451933
  -60.09605, -0.000187488, -0.00014451933
  -60.089595, -7.812e-05, -0.00014447461
  -60.089595, -8.9838e-05, -0.00014447461
  -60.089595, -0.000109368, -0.00014447461
  -60.089595, -0.000265608, -0.00014447461
  -60.089595, -0.000210924, -0.00014447461
  -60.089595, -0.000207018, -0.00014447461
  -60.08314, -0.00011718, -0.00014442981
  -60.08314, -0.00011718, -0.00014442981
  -60.08314, -7.0308e-05, -0.00014442981
  -60.076685, -0.000140616, -0.00014438493
  -60.076685, -8.5932e-05, -0.00014438493
  -60.07023, -0.000167958, -0.00014433997
  -60.05732, -8.2026e-05, -0.0001442498
  -60.050865, -0.000179676, -0.00014420459
  -60.04441, -7.812e-05, -0.0001441593
  -60.037955, 3.906e-06, -0.00014411392
  -60.025045, -5.859e-05, -0.00014402293
  -60.00568, -5.4684e-05, -0.00014388582
  -59.999225, 7.0308e-05, -0.00014383995
  -59.97986, -0.000109368, -0.00014370186
  -59.96695, -0.00013671, -0.00014360938
  -59.960495, -1.1718e-05, -0.00014356302
  -59.921765, -0.000167958, -0.00014328311
  -59.921765, -0.000132804, -0.00014328311
  -59.908855, -0.00011718, -0.00014318914
  -59.9024, -0.000148428, -0.00014314204
  -59.87658, -0.000191394, -0.00014295279
  -59.870125, -0.0001953, -0.00014290527
  -59.844305, -0.00015624, -0.00014271436
  -59.83785, -0.000128898, -0.00014266643
  -59.81203, -0.000160146, -0.00014247387
  -59.78621, -0.000148428, -0.00014227998
  -59.779755, -0.000183582, -0.0001422313
  -59.7733, -0.000167958, -0.00014218253
  -59.741025, -0.000171864, -0.00014193747
  -59.728115, -0.000183582, -0.00014183886
  -59.715205, -0.000179676, -0.00014173992
  -59.702295, -0.000164052, -0.00014164065
  -59.69584, -0.00015624, -0.00014159089
  -59.68293, -0.00013671, -0.00014149112
  -59.663565, -0.00011718, -0.00014134083
  -59.65711, -0.000160146, -0.00014129057
  -59.6442, -3.906e-05, -0.0001411898
  -59.6442, -3.906e-06, -0.0001411898
  -59.61838, -0.000164052, -0.00014098725
  -59.611925, -0.000121086, -0.00014093641
  -59.60547, -0.000148428, -0.00014088548
  -59.59256, -0.000152334, -0.00014078337
  -59.57965, -6.2496e-05, -0.00014068093
  -59.57965, -0.000132804, -0.00014068093
  -59.573195, -0.000183582, -0.00014062958
  -59.55383, -1.1718e-05, -0.00014047504
  -59.55383, -0.000167958, -0.00014047504
  -59.547375, -0.000171864, -0.00014042336
  -59.54092, -4.6872e-05, -0.00014037159
  -59.54092, -0.000152334, -0.00014037159
  -59.534465, -0.000191394, -0.00014031974
  -59.534465, 7.812e-05, -0.00014031974
  -59.5151, -3.5154e-05, -0.00014016369
  -59.508645, -1.1718e-05, -0.00014011151
  -59.50219, -9.3744e-05, -0.00014005924
  -59.50219, -0.000238266, -0.00014005924
  -59.495735, -0.000140616, -0.00014000689
  -59.48928, -0.000144522, -0.00013995445
  -59.47637, -0.000113274, -0.00013984933
  -59.47637, -0.000203112, -0.00013984933
  -59.47637, -0.000109368, -0.00013984933
  -59.47637, -0.000199206, -0.00013984933
  -59.469915, -0.00013671, -0.00013979664
  -59.457005, -0.000152334, -0.00013969101
  -59.444095, -0.000152334, -0.00013958505
  -59.43764, -0.000167958, -0.00013953194
  -59.43764, -9.3744e-05, -0.00013953194
  -59.431185, -6.6402e-05, -0.00013947875
  -59.431185, -0.000167958, -0.00013947875
  -59.431185, -0.0001953, -0.00013947875
  -59.42473, -0.000187488, -0.00013942547
  -59.42473, -0.000179676, -0.00013942547
  -59.418275, -0.000140616, -0.00013937211
  -59.41182, -0.000148428, -0.00013931867
  -59.41182, -0.000167958, -0.00013931867
  -59.405365, -0.000109368, -0.00013926514
  -59.405365, -5.859e-05, -0.00013926514
  -59.405365, -0.000187488, -0.00013926514
  -59.392455, -0.000242172, -0.00013915783
  -59.392455, -0.000167958, -0.00013915783
  -59.392455, -8.2026e-05, -0.00013915783
  -59.386, -0.000164052, -0.00013910405
  -59.386, -0.000164052, -0.00013910405
  -59.386, -0.000210924, -0.00013910405
  -59.386, -0.00017577, -0.00013910405
  -59.379545, -0.000109368, -0.00013905019
  -59.379545, -0.000101556, -0.00013905019
  -59.379545, -0.000199206, -0.00013905019
  -59.379545, -0.00017577, -0.00013905019
  -59.379545, -0.000167958, -0.00013905019
  -59.379545, -0.000109368, -0.00013905019
  -59.379545, -9.765e-05, -0.00013905019
  -59.37309, -9.3744e-05, -0.00013899624
  -59.37309, -0.000160146, -0.00013899624
  -59.37309, -9.765e-05, -0.00013899624
  -59.37309, -2.3436e-05, -0.00013899624
  -59.37309, 3.906e-06, -0.00013899624
  -59.37309, -0.000171864, -0.00013899624
  -59.37309, -0.000124992, -0.00013899624
  -59.37309, -0.00013671, -0.00013899624
  -59.37309, -0.000152334, -0.00013899624
  -59.366635, -0.00017577, -0.0001389422
  -59.366635, -0.00013671, -0.0001389422
  -59.366635, -6.6402e-05, -0.0001389422
  -59.366635, -0.000164052, -0.0001389422
  -59.366635, -0.00011718, -0.0001389422
  -59.366635, -0.000113274, -0.0001389422
  -59.366635, -0.00013671, -0.0001389422
  -59.366635, -0.00021483, -0.0001389422
  -59.366635, -0.000183582, -0.0001389422
  -59.366635, -0.000121086, -0.0001389422
  -59.36018, -0.00011718, -0.00013888809
  -59.36018, -7.812e-05, -0.00013888809
  -59.36018, -0.000167958, -0.00013888809
  -59.36018, -0.000152334, -0.00013888809
  -59.36018, -0.000160146, -0.00013888809
  -59.36018, -5.4684e-05, -0.00013888809
  -59.36018, -0.000179676, -0.00013888809
  -59.36018, -0.000160146, -0.00013888809
  -59.36018, -0.000187488, -0.00013888809
  -59.36018, -0.000187488, -0.00013888809
  -59.36018, -0.000203112, -0.00013888809
  -59.36018, -8.5932e-05, -0.00013888809
  -59.36018, -0.000101556, -0.00013888809
  -59.36018, -0.000144522, -0.00013888809
  -59.353725, -0.000160146, -0.00013883388
  -59.353725, -0.000124992, -0.00013883388
  -59.353725, -0.000167958, -0.00013883388
  -59.353725, -0.000152334, -0.00013883388
  -59.353725, -0.000167958, -0.00013883388
  -59.353725, -0.000152334, -0.00013883388
  -59.353725, -0.000128898, -0.00013883388
  -59.353725, -0.000113274, -0.00013883388
  -59.353725, -4.6872e-05, -0.00013883388
  -59.353725, -0.000210924, -0.00013883388
  -59.34727, -0.000101556, -0.0001387796
  -59.34727, -9.3744e-05, -0.0001387796
  -59.34727, -9.3744e-05, -0.0001387796
  -59.34727, -0.000187488, -0.0001387796
  -59.34727, -0.000121086, -0.0001387796
  -59.34727, -5.0778e-05, -0.0001387796
  -59.34727, -0.000140616, -0.0001387796
  -59.34727, -0.000124992, -0.0001387796
  -59.34727, -0.000167958, -0.0001387796
  -59.34727, -0.00013671, -0.0001387796
  -59.34727, -0.000203112, -0.0001387796
  -59.34727, -0.000183582, -0.0001387796
  -59.34727, -0.000160146, -0.0001387796
  -59.34727, -6.6402e-05, -0.0001387796
  -59.34727, -0.00013671, -0.0001387796
  -59.34727, -9.765e-05, -0.0001387796
  -59.34727, -8.2026e-05, -0.0001387796
  -59.340815, -0.000105462, -0.00013872523
  -59.340815, -0.000113274, -0.00013872523
  -59.340815, -0.00015624, -0.00013872523
  -59.340815, -0.00011718, -0.00013872523
  -59.340815, -0.000171864, -0.00013872523
  -59.340815, -0.000191394, -0.00013872523
  -59.340815, -7.812e-06, -0.00013872523
  -59.340815, -0.000171864, -0.00013872523
  -59.340815, -0.00011718, -0.00013872523
  -59.340815, -0.000105462, -0.00013872523
  -59.340815, -0.000144522, -0.00013872523
  -59.340815, -8.5932e-05, -0.00013872523
  -59.340815, -9.3744e-05, -0.00013872523
  -59.33436, -0.00017577, -0.00013867077
  -59.33436, -0.000207018, -0.00013867077
  -59.33436, -0.000152334, -0.00013867077
  -59.33436, -8.9838e-05, -0.00013867077
  -59.33436, -0.0001953, -0.00013867077
  -59.33436, -0.000191394, -0.00013867077
  -59.33436, -0.000179676, -0.00013867077
  -59.33436, -0.000179676, -0.00013867077
  -59.33436, -0.00013671, -0.00013867077
  -59.33436, -0.00013671, -0.00013867077
  -59.33436, -0.000105462, -0.00013867077
  -59.33436, -0.00011718, -0.00013867077
  -59.327905, -0.000105462, -0.00013861623
  -59.327905, -0.000140616, -0.00013861623
  -59.327905, -0.00013671, -0.00013861623
  -59.327905, -0.000132804, -0.00013861623
  -59.327905, -0.000109368, -0.00013861623
  -59.327905, -0.000148428, -0.00013861623
  -59.327905, -0.00017577, -0.00013861623
  -59.327905, -0.000128898, -0.00013861623
  -59.327905, -0.000132804, -0.00013861623
  -59.32145, -0.0001953, -0.00013856161
  -59.32145, -0.000167958, -0.00013856161
  -59.32145, -7.0308e-05, -0.00013856161
  -59.32145, -0.00015624, -0.00013856161
  -59.32145, -0.000210924, -0.00013856161
  -59.32145, -6.2496e-05, -0.00013856161
  -59.32145, -0.000171864, -0.00013856161
  -59.32145, -0.00011718, -0.00013856161
  -59.32145, -0.000191394, -0.00013856161
  -59.314995, -0.000160146, -0.0001385069
  -59.314995, -0.000148428, -0.0001385069
  -59.314995, -0.000121086, -0.0001385069
  -59.314995, -0.000207018, -0.0001385069
  -59.314995, -6.2496e-05, -0.0001385069
  -59.314995, -0.000121086, -0.0001385069
  -59.314995, -7.0308e-05, -0.0001385069
  -59.314995, -0.000183582, -0.0001385069
  -59.314995, -9.3744e-05, -0.0001385069
  -59.314995, -0.0001953, -0.0001385069
  -59.314995, -0.000160146, -0.0001385069
  -59.314995, -0.00017577, -0.0001385069
  -59.314995, -0.000140616, -0.0001385069
  -59.314995, -0.000191394, -0.0001385069
  -59.314995, -0.000171864, -0.0001385069
  -59.314995, -0.00013671, -0.0001385069
  -59.314995, -0.00015624, -0.0001385069
  -59.314995, -1.5624e-05, -0.0001385069
  -59.314995, -0.000109368, -0.0001385069
  -59.314995, -0.000167958, -0.0001385069
  -59.314995, -0.00011718, -0.0001385069
  -59.30854, -0.000128898, -0.00013845211
  -59.30854, -0.000179676, -0.00013845211
  -59.30854, -0.000148428, -0.00013845211
  -59.30854, -0.00011718, -0.00013845211
  -59.30854, -0.00017577, -0.00013845211
  -59.30854, -0.0001953, -0.00013845211
  -59.30854, -0.000160146, -0.00013845211
  -59.30854, -0.000105462, -0.00013845211
  -59.30854, -0.000164052, -0.00013845211
  -59.30854, -0.000101556, -0.00013845211
  -59.30854, -0.000160146, -0.00013845211
  -59.30854, -0.000179676, -0.00013845211
  -59.30854, -0.00013671, -0.00013845211
  -59.30854, -6.2496e-05, -0.00013845211
  -59.30854, -0.000203112, -0.00013845211
  -59.30854, -0.000203112, -0.00013845211
  -59.302085, -0.000199206, -0.00013839723
  -59.302085, -9.3744e-05, -0.00013839723
  -59.302085, -0.00021483, -0.00013839723
  -59.302085, -0.000171864, -0.00013839723
  -59.302085, -0.000203112, -0.00013839723
  -59.302085, -0.000121086, -0.00013839723
  -59.302085, -7.4214e-05, -0.00013839723
  -59.302085, -0.000152334, -0.00013839723
  -59.302085, -0.000179676, -0.00013839723
  -59.302085, -0.000132804, -0.00013839723
  -59.302085, -8.9838e-05, -0.00013839723
  -59.302085, -1.953e-05, -0.00013839723
  -59.302085, -0.000101556, -0.00013839723
  -59.302085, -0.000187488, -0.00013839723
  -59.302085, -0.000164052, -0.00013839723
  -59.302085, -0.000124992, -0.00013839723
  -59.302085, -0.000152334, -0.00013839723
  -59.302085, -0.000191394, -0.00013839723
  -59.302085, -0.00017577, -0.00013839723
  -59.302085, 0, -0.00013839723
  -59.302085, -0.000160146, -0.00013839723
  -59.29563, -0.00017577, -0.00013834227
  -59.29563, -9.3744e-05, -0.00013834227
  -59.29563, -0.0001953, -0.00013834227
  -59.29563, -0.000164052, -0.00013834227
  -59.29563, -0.000148428, -0.00013834227
  -59.29563, -0.000148428, -0.00013834227
  -59.29563, -0.000128898, -0.00013834227
  -59.29563, -0.000144522, -0.00013834227
  -59.29563, -0.000226548, -0.00013834227
  -59.29563, -0.000179676, -0.00013834227
  -59.29563, -0.00023436, -0.00013834227
  -59.289175, -0.000140616, -0.00013828723
  -59.289175, -0.000171864, -0.00013828723
  -59.289175, -0.00013671, -0.00013828723
  -59.289175, -0.000132804, -0.00013828723
  -59.28272, -0.0001953, -0.0001382321
  -59.28272, -0.00021483, -0.0001382321
  -59.28272, -0.00011718, -0.0001382321
  -59.28272, -8.2026e-05, -0.0001382321
  -59.28272, -0.000171864, -0.0001382321
  -59.28272, -0.00011718, -0.0001382321
  -59.28272, -0.000199206, -0.0001382321
  -59.28272, -0.000171864, -0.0001382321
  -59.276265, -0.000109368, -0.00013817688
  -59.276265, -0.000164052, -0.00013817688
  -59.276265, -0.000148428, -0.00013817688
  -59.276265, -0.000105462, -0.00013817688
  -59.276265, -0.000187488, -0.00013817688
  -59.276265, -4.6872e-05, -0.00013817688
  -59.26981, -7.0308e-05, -0.00013812158
  -59.26981, -0.000167958, -0.00013812158
  -59.26981, -0.000124992, -0.00013812158
  -59.26981, -9.3744e-05, -0.00013812158
  -59.263355, 3.906e-06, -0.0001380662
  -59.2569, -0.000203112, -0.00013801073
  -59.2569, 4.6872e-05, -0.00013801073
  -59.250445, -0.000105462, -0.00013795518
  -59.24399, -0.000160146, -0.00013789954
  -59.24399, -0.000203112, -0.00013789954
  -59.24399, -6.2496e-05, -0.00013789954
  -59.237535, -0.000128898, -0.00013784382
  -59.237535, -0.000191394, -0.00013784382
  -59.23108, -0.000109368, -0.00013778801
  -59.211715, -0.000128898, -0.00013762008
  -59.20526, -0.000124992, -0.00013756393
  -59.20526, -9.3744e-05, -0.00013756393
  -59.20526, -7.0308e-05, -0.00013756393
  -59.198805, -3.906e-05, -0.0001375077
  -59.19235, 4.6872e-05, -0.00013745139
  -59.17944, -0.000160146, -0.0001373385
  -59.17944, -0.000121086, -0.0001373385
  -59.17944, -0.000113274, -0.0001373385
  -59.172985, -0.000128898, -0.00013728193
  -59.172985, -0.000171864, -0.00013728193
  -59.16653, -3.906e-05, -0.00013722528
  -59.16653, -0.000210924, -0.00013722528
  -59.160075, -0.00017577, -0.00013716854
  -59.147165, -0.000187488, -0.00013705481
  -59.134255, -0.000179676, -0.00013694073
  -59.1278, -0.000109368, -0.00013688357
  -59.1278, -0.000121086, -0.00013688357
  -59.10198, -0.000171864, -0.00013665407
  -59.095525, -0.000144522, -0.00013659648
  -59.08907, -7.0308e-05, -0.0001365388
  -59.082615, -8.9838e-05, -0.00013648104
  -59.069705, -0.000218736, -0.00013636527
  -59.05034, -5.0778e-05, -0.00013619097
  -59.030975, -0.000191394, -0.0001360159
  -59.02452, -8.9838e-05, -0.00013595738
  -59.02452, -0.000210924, -0.00013595738
  -59.01161, -1.1718e-05, -0.00013584007
  -59.01161, -0.000179676, -0.00013584007
  -58.992245, -0.00017577, -0.00013566347
  -58.979335, -5.0778e-05, -0.00013554531
  -58.966425, -0.000105462, -0.00013542681
  -58.94706, -0.000179676, -0.00013524841
  -58.940605, -0.000210924, -0.00013518878
  -58.90833, -0.00013671, -0.00013488931
  -58.89542, -7.812e-05, -0.00013476893
  -58.89542, -0.000187488, -0.00013476893
  -58.888965, -7.4214e-05, -0.00013470861
  -58.863145, -0.000101556, -0.00013446647
  -58.863145, -0.000183582, -0.00013446647
  -58.83087, -0.000105462, -0.00013416186
  -58.824415, -0.00013671, -0.00013410068
  -58.824415, -1.1718e-05, -0.00013410068
  -58.79214, -0.000140616, -0.0001337935
  -58.79214, -0.00015624, -0.0001337935
  -58.759865, -0.000109368, -0.00013348417
  -58.759865, -0.000101556, -0.00013348417
  -58.7405, -0.000132804, -0.00013329754
  -58.72759, -0.00011718, -0.00013317269
  -58.721135, -0.000144522, -0.00013311013
  -58.68886, -0.000124992, -0.00013279606
  -58.68886, -0.000140616, -0.00013279606
  -58.682405, -0.00015624, -0.00013273299
  -58.682405, -0.000167958, -0.00013273299
  -58.67595, -0.00011718, -0.00013266983
  -58.66304, -0.00013671, -0.00013254325
  -58.65013, -0.000160146, -0.00013241633
  -58.643675, -0.000121086, -0.00013235274
  -58.630765, -0.000152334, -0.0001322253
  -58.617855, -0.000140616, -0.00013209751
  -58.6114, -6.2496e-05, -0.00013203349
  -58.59849, -0.000152334, -0.00013190518
  -58.579125, -0.000152334, -0.00013171208
  -58.579125, -0.000105462, -0.00013171208
  -58.566215, -0.00017577, -0.0001315829
  -58.55976, -0.000105462, -0.00013151819
  -58.54685, -0.00013671, -0.0001313885
  -58.53394, -0.000124992, -0.00013125846
  -58.52103, -0.000191394, -0.00013112807
  -58.514575, -0.000140616, -0.00013106275
  -58.514575, -0.000164052, -0.00013106275
  -58.475845, -7.4214e-05, -0.00013066899
  -58.475845, -0.000191394, -0.00013066899
  -58.475845, -9.3744e-05, -0.00013066899
  -58.475845, -6.6402e-05, -0.00013066899
  -58.475845, -0.000113274, -0.00013066899
  -58.45648, -0.000144522, -0.00013047093
  -58.450025, -0.0001953, -0.00013040474
  -58.450025, -0.000113274, -0.00013040474
  -58.44357, -0.000179676, -0.00013033846
  -58.437115, -0.000105462, -0.00013027209
  -58.43066, -0.000152334, -0.00013020564
  -58.424205, -9.3744e-05, -0.0001301391
  -58.411295, -0.00011718, -0.00013000576
  -58.411295, -0.000105462, -0.00013000576
  -58.411295, -0.00013671, -0.00013000576
  -58.40484, -0.00011718, -0.00012993896
  -58.40484, -0.000160146, -0.00012993896
  -58.385475, -0.000132804, -0.00012973803
  -58.385475, -0.00011718, -0.00012973803
  -58.37902, -0.00013671, -0.00012967088
  -58.37902, -0.000124992, -0.00012967088
  -58.372565, -0.00017577, -0.00012960364
  -58.36611, -0.000101556, -0.00012953632
  -58.3532, -0.000164052, -0.0001294014
  -58.346745, -0.0001953, -0.00012933382
  -58.346745, -0.000121086, -0.00012933382
  -58.32738, -0.000187488, -0.00012913053
  -58.32738, -0.000128898, -0.00012913053
  -58.320925, -0.00021483, -0.0001290626
  -58.31447, -0.000160146, -0.00012899457
  -58.31447, -5.859e-05, -0.00012899457
  -58.31447, -0.00017577, -0.00012899457
  -58.308015, -0.00017577, -0.00012892646
  -58.308015, -0.000164052, -0.00012892646
  -58.308015, -0.000113274, -0.00012892646
  -58.308015, 0, -0.00012892646
  -58.308015, 4.6872e-05, -0.00012892646
  -58.30156, -5.859e-05, -0.00012885826
  -58.30156, -0.00023436, -0.00012885826
  -58.30156, -0.000148428, -0.00012885826
  -58.30156, -0.000128898, -0.00012885826
  -58.30156, -0.000140616, -0.00012885826
  -58.30156, -7.812e-05, -0.00012885826
  -58.30156, -9.765e-05, -0.00012885826
  -58.30156, -1.1718e-05, -0.00012885826
  -58.30156, -0.000183582, -0.00012885826
  -58.30156, -0.000113274, -0.00012885826
  -58.295105, -9.765e-05, -0.00012878998
  -58.295105, -2.3436e-05, -0.00012878998
  -58.295105, -0.000124992, -0.00012878998
  -58.295105, -0.000187488, -0.00012878998
  -58.295105, 9.3744e-05, -0.00012878998
  -58.295105, -0.000121086, -0.00012878998
  -58.295105, -0.000105462, -0.00012878998
  -58.295105, -1.953e-05, -0.00012878998
  -58.295105, -0.00013671, -0.00012878998
  -58.295105, -0.000109368, -0.00012878998
  -58.28865, -0.000171864, -0.0001287216
  -58.28865, 5.859e-05, -0.0001287216
  -58.28865, -0.00013671, -0.0001287216
  -58.28865, -0.000128898, -0.0001287216
  -58.28865, -0.000148428, -0.0001287216
  -58.28865, -0.00015624, -0.0001287216
  -58.28865, -0.000109368, -0.0001287216
  -58.28865, -3.906e-05, -0.0001287216
  -58.282195, -8.2026e-05, -0.00012865314
  -58.282195, -0.000109368, -0.00012865314
  -58.282195, -0.000132804, -0.00012865314
  -58.282195, -9.765e-05, -0.00012865314
  -58.282195, -0.000179676, -0.00012865314
  -58.282195, -0.000128898, -0.00012865314
  -58.282195, -0.000218736, -0.00012865314
  -58.282195, -0.000164052, -0.00012865314
  -58.282195, -0.000164052, -0.00012865314
  -58.282195, -2.7342e-05, -0.00012865314
  -58.282195, 1.5624e-05, -0.00012865314
  -58.282195, -0.000191394, -0.00012865314
  -58.27574, -9.765e-05, -0.00012858459
  -58.27574, -0.0001953, -0.00012858459
  -58.27574, -0.0001953, -0.00012858459
  -58.27574, -0.000160146, -0.00012858459
  -58.27574, -8.5932e-05, -0.00012858459
  -58.27574, -8.2026e-05, -0.00012858459
  -58.27574, -0.000113274, -0.00012858459
  -58.27574, -0.000183582, -0.00012858459
  -58.27574, -0.000113274, -0.00012858459
  -58.27574, -1.1718e-05, -0.00012858459
  -58.27574, -1.1718e-05, -0.00012858459
  -58.269285, -0.000132804, -0.00012851596
  -58.269285, -0.000164052, -0.00012851596
  -58.269285, -0.00011718, -0.00012851596
  -58.269285, -0.00017577, -0.00012851596
  -58.269285, -6.2496e-05, -0.00012851596
  -58.26283, -0.000222642, -0.00012844723
  -58.26283, -0.000121086, -0.00012844723
  -58.26283, -0.000140616, -0.00012844723
  -58.26283, -0.000152334, -0.00012844723
  -58.26283, -0.00017577, -0.00012844723
  -58.26283, -0.000113274, -0.00012844723
  -58.26283, -8.2026e-05, -0.00012844723
  -58.26283, -0.000152334, -0.00012844723
  -58.26283, -0.000179676, -0.00012844723
  -58.256375, -0.000199206, -0.00012837842
  -58.256375, -0.000164052, -0.00012837842
  -58.256375, -7.812e-05, -0.00012837842
  -58.24992, -5.0778e-05, -0.00012830952
  -58.24992, -3.1248e-05, -0.00012830952
  -58.243465, -3.5154e-05, -0.00012824053
  -58.23701, -0.000167958, -0.00012817146
  -58.2241, -0.000132804, -0.00012803305
  -58.217645, -0.000210924, -0.00012796371
  -58.191825, -0.00015624, -0.00012768548
  -58.18537, -0.000183582, -0.00012761571
  -58.178915, -9.765e-05, -0.00012754584
  -58.140185, -0.000105462, -0.00012712481
  -58.13373, -0.000148428, -0.00012705433
  -58.114365, -0.000164052, -0.00012684237
  -58.10791, -0.000109368, -0.00012677154
  -58.095, -0.000148428, -0.00012662961
  -58.095, -0.000113274, -0.00012662961
  -58.08209, -0.000148428, -0.00012648733
  -58.049815, -0.000140616, -0.00012613009
  -58.03045, -0.000179676, -0.00012591468
  -58.023995, -0.000160146, -0.00012584271
  -58.01754, -5.859e-05, -0.00012577064
  -58.011085, -0.000140616, -0.00012569849
  -58.00463, -8.5932e-05, -0.00012562624
  -57.998175, -3.1248e-05, -0.00012555391
  -57.972355, -0.000132804, -0.0001252637
  -57.972355, -0.000148428, -0.0001252637
  -57.95299, -0.000132804, -0.00012504511
  -57.95299, -0.00015624, -0.00012504511
  -57.94008, -0.000179676, -0.00012489895
  -57.92717, -0.000187488, -0.00012475243
  -57.881985, -0.000113274, -0.00012423681
  -57.881985, -0.000144522, -0.00012423681
  -57.87553, -0.000222642, -0.00012416279
  -57.869075, -0.000144522, -0.00012408869
  -57.86262, -0.000203112, -0.0001240145
  -57.8368, -0.000203112, -0.00012371684
  -57.830345, -0.000144522, -0.00012364221
  -57.830345, -0.000171864, -0.00012364221
  -57.82389, -0.000128898, -0.00012356748
  -57.82389, -0.000152334, -0.00012356748
  -57.817435, 7.812e-06, -0.00012349267
  -57.81098, -0.000101556, -0.00012341776
  -57.804525, 3.5154e-05, -0.00012334277
  -57.79807, -0.0001953, -0.00012326769
  -57.791615, -0.000132804, -0.00012319252
  -57.778705, -0.00011718, -0.00012304191
  -57.77225, -0.000105462, -0.00012296647
  -57.765795, -8.5932e-05, -0.00012289095
  -57.752885, -0.000140616, -0.00012273963
  -57.752885, -0.000171864, -0.00012273963
  -57.752885, -0.000140616, -0.00012273963
  -57.74643, -0.000124992, -0.00012266383
  -57.73352, -9.3744e-05, -0.00012251198
  -57.73352, -6.2496e-05, -0.00012251198
  -57.72061, -0.000124992, -0.00012235976
  -57.72061, -0.000164052, -0.00012235976
  -57.72061, -0.000140616, -0.00012235976
  -57.714155, -8.9838e-05, -0.00012228352
  -57.714155, -0.000160146, -0.00012228352
  -57.7077, 3.906e-05, -0.00012220719
  -57.7077, 0, -0.00012220719
  -57.7077, -0.000242172, -0.00012220719
  -57.7077, 1.1718e-05, -0.00012220719
  -57.701245, -0.00015624, -0.00012213077
  -57.701245, -8.5932e-05, -0.00012213077
  -57.701245, -9.3744e-05, -0.00012213077
  -57.688335, -9.765e-05, -0.00012197767
  -57.688335, -0.000148428, -0.00012197767
  -57.688335, -3.5154e-05, -0.00012197767
  -57.675425, -0.000207018, -0.00012182421
  -57.66897, -9.3744e-05, -0.00012174734
  -57.66897, -0.000128898, -0.00012174734
  -57.662515, -0.000179676, -0.00012167038
  -57.662515, -6.2496e-05, -0.00012167038
  -57.662515, -0.000105462, -0.00012167038
  -57.65606, -0.000121086, -0.00012159334
  -57.65606, -0.000109368, -0.00012159334
  -57.649605, -0.000124992, -0.00012151621
  -57.649605, -0.000203112, -0.00012151621
  -57.64315, -0.000144522, -0.00012143898
  -57.64315, -0.00017577, -0.00012143898
  -57.64315, -0.000113274, -0.00012143898
  -57.64315, -0.000113274, -0.00012143898
  -57.636695, -0.00011718, -0.00012136167
  -57.63024, -4.2966e-05, -0.00012128427
  -57.63024, -0.000140616, -0.00012128427
  -57.63024, -7.0308e-05, -0.00012128427
  -57.623785, -0.000101556, -0.00012120677
  -57.623785, -0.000113274, -0.00012120677
  -57.623785, -7.4214e-05, -0.00012120677
  -57.623785, -0.000203112, -0.00012120677
  -57.623785, -0.000164052, -0.00012120677
  -57.61733, -0.000144522, -0.00012112919
  -57.61733, -5.859e-05, -0.00012112919
  -57.61733, -0.000148428, -0.00012112919
  -57.61733, -8.2026e-05, -0.00012112919
  -57.61733, -0.00013671, -0.00012112919
  -57.61733, -7.0308e-05, -0.00012112919
  -57.61733, -0.00011718, -0.00012112919
  -57.610875, -0.000113274, -0.00012105152
  -57.610875, -0.000124992, -0.00012105152
  -57.610875, -0.00017577, -0.00012105152
  -57.610875, -0.000160146, -0.00012105152
  -57.610875, -0.000128898, -0.00012105152
  -57.610875, -4.6872e-05, -0.00012105152
  -57.610875, -0.000160146, -0.00012105152
  -57.610875, -0.000183582, -0.00012105152
  -57.610875, -0.000183582, -0.00012105152
  -57.610875, -0.000132804, -0.00012105152
  -57.610875, -0.000101556, -0.00012105152
  -57.610875, -0.000124992, -0.00012105152
  -57.610875, 3.1248e-05, -0.00012105152
  -57.610875, -9.3744e-05, -0.00012105152
  -57.60442, -7.0308e-05, -0.00012097376
  -57.60442, -0.000144522, -0.00012097376
  -57.60442, -0.000152334, -0.00012097376
  -57.60442, -0.000179676, -0.00012097376
  -57.60442, -0.00013671, -0.00012097376
  -57.60442, -9.765e-05, -0.00012097376
  -57.597965, -0.000113274, -0.00012089591
  -57.597965, -8.5932e-05, -0.00012089591
  -57.597965, 1.5624e-05, -0.00012089591
  -57.597965, -0.000191394, -0.00012089591
  -57.597965, -0.00015624, -0.00012089591
  -57.597965, -0.000144522, -0.00012089591
  -57.597965, -9.3744e-05, -0.00012089591
  -57.597965, -8.9838e-05, -0.00012089591
  -57.597965, -0.000160146, -0.00012089591
  -57.597965, -0.00021483, -0.00012089591
  -57.597965, -0.000105462, -0.00012089591
  -57.597965, -0.000124992, -0.00012089591
  -57.59151, -0.00011718, -0.00012081797
  -57.59151, -0.0001953, -0.00012081797
  -57.59151, -8.2026e-05, -0.00012081797
  -57.59151, -0.000171864, -0.00012081797
  -57.59151, 3.906e-06, -0.00012081797
  -57.59151, -0.000128898, -0.00012081797
  -57.59151, -0.000105462, -0.00012081797
  -57.59151, -2.7342e-05, -0.00012081797
  -57.59151, -0.000105462, -0.00012081797
  -57.59151, -0.000109368, -0.00012081797
  -57.59151, -9.765e-05, -0.00012081797
  -57.59151, -0.000148428, -0.00012081797
  -57.585055, -9.765e-05, -0.00012073994
  -57.585055, -0.000140616, -0.00012073994
  -57.585055, -0.000128898, -0.00012073994
  -57.585055, 8.2026e-05, -0.00012073994
  -57.585055, -0.000160146, -0.00012073994
  -57.585055, -0.000207018, -0.00012073994
  -57.585055, -0.000148428, -0.00012073994
  -57.585055, -0.00011718, -0.00012073994
  -57.585055, -9.3744e-05, -0.00012073994
  -57.5786, -0.000179676, -0.00012066182
  -57.5786, 7.812e-06, -0.00012066182
  -57.5786, -0.000152334, -0.00012066182
  -57.5786, -5.0778e-05, -0.00012066182
  -57.5786, -0.000121086, -0.00012066182
  -57.572145, -0.000128898, -0.00012058361
  -57.56569, -7.4214e-05, -0.00012050531
  -57.56569, -4.2966e-05, -0.00012050531
  -57.56569, -0.000128898, -0.00012050531
  -57.56569, -0.000160146, -0.00012050531
  -57.559235, -0.000128898, -0.00012042692
  -57.55278, -8.9838e-05, -0.00012034845
  -57.55278, -0.00013671, -0.00012034845
  -57.546325, -0.000121086, -0.00012026988
  -57.533415, -0.000140616, -0.00012011247
  -57.52696, -7.0308e-05, -0.00012003363
  -57.507595, 3.906e-05, -0.00011979658
  -57.507595, 3.5154e-05, -0.00011979658
  -57.50114, 0, -0.00011971738
  -57.50114, -0.00015624, -0.00011971738
  -57.50114, -0.000183582, -0.00011971738
  -57.50114, -5.4684e-05, -0.00011971738
  -57.50114, -6.2496e-05, -0.00011971738
  -57.50114, -4.6872e-05, -0.00011971738
  -57.494685, -0.00011718, -0.0001196381
  -57.48823, -6.2496e-05, -0.00011955872
  -57.48823, -8.5932e-05, -0.00011955872
  -57.48823, -6.2496e-05, -0.00011955872
  -57.48823, -0.000128898, -0.00011955872
  -57.48823, -0.000160146, -0.00011955872
  -57.48823, -0.000113274, -0.00011955872
  -57.48823, -0.000226548, -0.00011955872
  -57.48823, -0.00013671, -0.00011955872
  -57.48823, -9.3744e-05, -0.00011955872
  -57.48823, -0.000152334, -0.00011955872
  -57.48823, -0.000105462, -0.00011955872
  -57.48823, -0.000113274, -0.00011955872
  -57.481775, -7.0308e-05, -0.00011947925
  -57.481775, -8.2026e-05, -0.00011947925
  -57.481775, -5.0778e-05, -0.00011947925
  -57.481775, -0.00013671, -0.00011947925
  -57.481775, -3.906e-06, -0.00011947925
  -57.481775, -8.2026e-05, -0.00011947925
  -57.481775, -7.812e-05, -0.00011947925
  -57.481775, -0.000148428, -0.00011947925
  -57.481775, -0.000105462, -0.00011947925
  -57.481775, -0.000199206, -0.00011947925
  -57.481775, -2.7342e-05, -0.00011947925
  -57.481775, -0.000124992, -0.00011947925
  -57.481775, -5.859e-05, -0.00011947925
  -57.481775, -8.5932e-05, -0.00011947925
  -57.481775, -0.000144522, -0.00011947925
  -57.481775, -9.3744e-05, -0.00011947925
  -57.481775, -0.000152334, -0.00011947925
  -57.47532, -0.000148428, -0.00011939969
  -57.47532, -0.000132804, -0.00011939969
  -57.47532, -0.000128898, -0.00011939969
  -57.47532, -8.9838e-05, -0.00011939969
  -57.47532, -0.000124992, -0.00011939969
  -57.47532, -0.000101556, -0.00011939969
  -57.47532, -1.953e-05, -0.00011939969
  -57.47532, -0.000109368, -0.00011939969
  -57.47532, -0.000140616, -0.00011939969
  -57.47532, -0.000132804, -0.00011939969
  -57.47532, -3.906e-06, -0.00011939969
  -57.47532, -0.000109368, -0.00011939969
  -57.468865, -0.000203112, -0.00011932005
  -57.468865, -6.6402e-05, -0.00011932005
  -57.468865, -8.5932e-05, -0.00011932005
  -57.468865, -0.00013671, -0.00011932005
  -57.468865, -9.765e-05, -0.00011932005
  -57.468865, 4.6872e-05, -0.00011932005
  -57.468865, -8.5932e-05, -0.00011932005
  -57.468865, -0.000167958, -0.00011932005
  -57.468865, -1.1718e-05, -0.00011932005
  -57.468865, -0.000203112, -0.00011932005
  -57.468865, -0.00011718, -0.00011932005
  -57.468865, -0.000152334, -0.00011932005
  -57.46241, -0.000124992, -0.00011924031
  -57.46241, -0.000124992, -0.00011924031
  -57.46241, -7.812e-05, -0.00011924031
  -57.46241, -5.0778e-05, -0.00011924031
  -57.46241, -6.2496e-05, -0.00011924031
  -57.46241, -0.000152334, -0.00011924031
  -57.46241, -8.5932e-05, -0.00011924031
  -57.455955, -0.000113274, -0.00011916048
  -57.455955, -8.5932e-05, -0.00011916048
  -57.455955, 4.2966e-05, -0.00011916048
  -57.455955, -0.000124992, -0.00011916048
  -57.455955, -0.000105462, -0.00011916048
  -57.455955, -6.2496e-05, -0.00011916048
  -57.455955, -2.7342e-05, -0.00011916048
  -57.455955, -0.000109368, -0.00011916048
  -57.455955, -7.4214e-05, -0.00011916048
  -57.455955, -0.000113274, -0.00011916048
  -57.4495, -2.7342e-05, -0.00011908056
  -57.4495, -0.000191394, -0.00011908056
  -57.4495, 1.1718e-05, -0.00011908056
  -57.4495, -7.0308e-05, -0.00011908056
  -57.4495, -0.00015624, -0.00011908056
  -57.4495, -8.9838e-05, -0.00011908056
  -57.4495, -0.000101556, -0.00011908056
  -57.4495, -0.000128898, -0.00011908056
  -57.443045, -8.5932e-05, -0.00011900055
  -57.443045, -0.000187488, -0.00011900055
  -57.43659, -0.000152334, -0.00011892046
  -57.43659, -0.000183582, -0.00011892046
  -57.43659, -1.953e-05, -0.00011892046
  -57.43659, -0.000160146, -0.00011892046
  -57.43659, -0.000128898, -0.00011892046
  -57.43659, -0.000179676, -0.00011892046
  -57.430135, -0.000124992, -0.00011884027
  -57.430135, -0.000183582, -0.00011884027
  -57.430135, -0.00015624, -0.00011884027
  -57.430135, -0.000171864, -0.00011884027
  -57.430135, -0.00011718, -0.00011884027
  -57.430135, -0.000101556, -0.00011884027
  -57.430135, -0.000121086, -0.00011884027
  -57.42368, -1.5624e-05, -0.00011875999
  -57.42368, -5.0778e-05, -0.00011875999
  -57.42368, -0.000179676, -0.00011875999
  -57.42368, -8.2026e-05, -0.00011875999
  -57.42368, -0.000105462, -0.00011875999
  -57.42368, -3.1248e-05, -0.00011875999
  -57.417225, -5.0778e-05, -0.00011867962
  -57.417225, -0.000140616, -0.00011867962
  -57.417225, -4.2966e-05, -0.00011867962
  -57.417225, -0.000148428, -0.00011867962
  -57.417225, -3.906e-05, -0.00011867962
  -57.417225, -0.000128898, -0.00011867962
  -57.41077, -0.000121086, -0.00011859916
  -57.41077, -0.000121086, -0.00011859916
  -57.404315, -8.2026e-05, -0.00011851861
  -57.39786, -0.000152334, -0.00011843798
  -57.39786, -6.2496e-05, -0.00011843798
  -57.39786, -6.2496e-05, -0.00011843798
  -57.39786, -3.906e-06, -0.00011843798
  -57.391405, 1.1718e-05, -0.00011835725
  -57.391405, -3.1248e-05, -0.00011835725
  -57.391405, -0.00017577, -0.00011835725
  -57.38495, -8.2026e-05, -0.00011827643
  -57.37204, -9.765e-05, -0.00011811452
  -57.37204, -0.000109368, -0.00011811452
  -57.365585, -0.000144522, -0.00011803342
  -57.365585, -0.000132804, -0.00011803342
  -57.35913, -0.000144522, -0.00011795224
  -57.34622, -9.3744e-05, -0.00011778961
  -57.34622, 3.906e-05, -0.00011778961
  -57.339765, -5.859e-05, -0.00011770816
  -57.339765, -4.2966e-05, -0.00011770816
  -57.326855, -3.906e-06, -0.00011754498
  -57.3204, -0.000226548, -0.00011746326
  -57.3204, -5.0778e-05, -0.00011746326
  -57.313945, -8.2026e-05, -0.00011738144
  -57.30749, -0.00013671, -0.00011729954
  -57.30749, -6.2496e-05, -0.00011729954
  -57.301035, 1.953e-05, -0.00011721754
  -57.29458, -8.5932e-05, -0.00011713546
  -57.288125, -8.9838e-05, -0.00011705328
  -57.26876, 7.812e-06, -0.00011680621
  -57.26876, -7.812e-05, -0.00011680621
  -57.26876, -0.000113274, -0.00011680621
  -57.249395, 3.1248e-05, -0.00011655832
  -57.23003, -0.000101556, -0.00011630961
  -57.23003, -1.1718e-05, -0.00011630961
  -57.210665, 1.1718e-05, -0.00011606008
  -57.20421, -0.000132804, -0.00011597673
  -57.197755, -0.000113274, -0.00011589328
  -57.197755, 4.6872e-05, -0.00011589328
  -57.1913, -6.2496e-05, -0.00011580974
  -57.184845, -0.000199206, -0.00011572611
  -57.159025, -0.00017577, -0.00011539069
  -57.159025, -0.000191394, -0.00011539069
  -57.13966, -0.00013671, -0.00011513816
  -57.12675, -8.9838e-05, -0.00011496935
  -57.120295, -0.0001953, -0.00011488481
  -57.11384, -6.6402e-05, -0.00011480018
  -57.094475, -0.000222642, -0.00011454574
  -57.07511, -9.3744e-05, -0.00011429048
  -57.07511, -0.00013671, -0.00011429048
  -57.068655, -0.00011718, -0.00011420521
  -57.04929, -5.859e-05, -0.00011394886
  -57.029925, -0.000132804, -0.00011369168
  -57.017015, 4.6872e-05, -0.00011351977
  -57.017015, -0.00011718, -0.00011351977
  -57.004105, -7.812e-05, -0.00011334749
  -56.99765, -0.000121086, -0.00011326122
  -56.98474, -3.906e-05, -0.00011308839
  -56.978285, -8.9838e-05, -0.00011300184
  -56.97183, -0.000124992, -0.0001129152
  -56.965375, -0.000105462, -0.00011282847
  -56.94601, -0.000144522, -0.00011256772
  -56.939555, -0.00011718, -0.00011248062
  -56.926645, -0.000167958, -0.00011230614
  -56.926645, -0.000128898, -0.00011230614
  -56.90728, -0.000105462, -0.00011204374
  -56.875005, -6.6402e-05, -0.00011160457
  -56.875005, -0.00015624, -0.00011160457
  -56.86855, -0.000144522, -0.00011151646
  -56.85564, -0.00013671, -0.00011133996
  -56.849185, 0, -0.00011125158
  -56.84273, 0, -0.0001111631
  -56.84273, -0.000140616, -0.0001111631
  -56.82982, -9.765e-05, -0.00011098587
  -56.823365, -8.5932e-05, -0.00011089711
  -56.823365, -0.000160146, -0.00011089711
  -56.81691, -5.4684e-05, -0.00011080827
  -56.804, -0.000109368, -0.0001106303
  -56.79109, -8.5932e-05, -0.00011045196
  -56.77818, -0.000144522, -0.00011027325
  -56.76527, -0.000105462, -0.00011009418
  -56.75236, -0.000140616, -0.00010991473
  -56.745905, -0.000179676, -0.00010982487
  -56.745905, -6.2496e-05, -0.00010982487
  -56.732995, -3.5154e-05, -0.00010964487
  -56.732995, -0.000109368, -0.00010964487
  -56.72654, -0.000128898, -0.00010955473
  -56.71363, -0.000121086, -0.00010937418
  -56.707175, -0.000152334, -0.00010928377
  -56.70072, -7.812e-05, -0.00010919326
  -56.681355, -0.000101556, -0.00010892118
  -56.681355, -8.2026e-05, -0.00010892118
  -56.6749, -0.000109368, -0.0001088303
  -56.6749, -0.000144522, -0.0001088303
  -56.6749, -5.859e-05, -0.0001088303
  -56.668445, -5.4684e-05, -0.00010873933
  -56.655535, -0.000121086, -0.00010855711
  -56.642625, -9.3744e-05, -0.00010837452
  -56.642625, -0.000187488, -0.00010837452
  -56.616805, -7.812e-06, -0.00010800823
  -56.616805, -0.000171864, -0.00010800823
  -56.616805, -0.000101556, -0.00010800823
  -56.603895, -0.000132804, -0.00010782453
  -56.603895, -0.000148428, -0.00010782453
  -56.59744, -0.000144522, -0.00010773254
  -56.59744, -8.9838e-05, -0.00010773254
  -56.590985, -0.000144522, -0.00010764046
  -56.590985, -9.765e-05, -0.00010764046
  -56.58453, -0.000160146, -0.00010754828
  -56.58453, -0.000121086, -0.00010754828
  -56.578075, -0.000144522, -0.00010745601
  -56.578075, 0.000140616, -0.00010745601
  -56.578075, -1.1718e-05, -0.00010745601
  -56.57162, -0.000128898, -0.00010736365
  -56.565165, -8.9838e-05, -0.00010727119
  -56.565165, -9.3744e-05, -0.00010727119
  -56.565165, 3.906e-06, -0.00010727119
  -56.565165, -8.9838e-05, -0.00010727119
  -56.565165, -0.000132804, -0.00010727119
  -56.565165, -0.000148428, -0.00010727119
  -56.55871, -0.00013671, -0.00010717865
  -56.55871, -7.812e-06, -0.00010717865
  -56.55871, 5.0778e-05, -0.00010717865
  -56.552255, -0.00015624, -0.00010708601
  -56.552255, -0.000101556, -0.00010708601
  -56.552255, -3.5154e-05, -0.00010708601
  -56.552255, 1.953e-05, -0.00010708601
  -56.552255, -0.000105462, -0.00010708601
  -56.5458, -0.000128898, -0.00010699327
  -56.5458, -7.4214e-05, -0.00010699327
  -56.5458, 0, -0.00010699327
  -56.5458, -7.812e-05, -0.00010699327
  -56.539345, -6.2496e-05, -0.00010690045
  -56.539345, -3.906e-05, -0.00010690045
  -56.539345, -8.9838e-05, -0.00010690045
  -56.53289, -8.9838e-05, -0.00010680753
  -56.53289, -0.000152334, -0.00010680753
  -56.53289, -0.000128898, -0.00010680753
  -56.526435, 3.1248e-05, -0.00010671451
  -56.526435, -0.000105462, -0.00010671451
  -56.526435, -0.000121086, -0.00010671451
  -56.526435, 2.3436e-05, -0.00010671451
  -56.526435, -0.000187488, -0.00010671451
  -56.526435, -0.00011718, -0.00010671451
  -56.526435, -7.812e-06, -0.00010671451
  -56.51998, -0.000164052, -0.00010662141
  -56.51998, -8.9838e-05, -0.00010662141
  -56.51998, -3.5154e-05, -0.00010662141
  -56.51998, -8.2026e-05, -0.00010662141
  -56.51998, -0.000113274, -0.00010662141
  -56.513525, 7.0308e-05, -0.00010652821
  -56.513525, -0.000109368, -0.00010652821
  -56.513525, -7.4214e-05, -0.00010652821
  -56.513525, -5.4684e-05, -0.00010652821
  -56.513525, -0.00017577, -0.00010652821
  -56.513525, -0.00013671, -0.00010652821
  -56.513525, -0.000160146, -0.00010652821
  -56.513525, -0.000101556, -0.00010652821
  -56.50707, -0.000160146, -0.00010643492
  -56.50707, -8.2026e-05, -0.00010643492
  -56.50707, -7.4214e-05, -0.00010643492
  -56.50707, -0.000124992, -0.00010643492
  -56.50707, -5.4684e-05, -0.00010643492
  -56.50707, -0.000171864, -0.00010643492
  -56.50707, -4.6872e-05, -0.00010643492
  -56.500615, -0.00011718, -0.00010634153
  -56.500615, -0.000101556, -0.00010634153
  -56.49416, -8.2026e-05, -0.00010624805
  -56.49416, -0.000230454, -0.00010624805
  -56.49416, -0.0001953, -0.00010624805
  -56.49416, -0.000179676, -0.00010624805
  -56.487705, -3.906e-06, -0.00010615448
  -56.487705, -0.00013671, -0.00010615448
  -56.487705, -3.1248e-05, -0.00010615448
  -56.487705, -9.765e-05, -0.00010615448
  -56.487705, -0.000171864, -0.00010615448
  -56.487705, -0.000132804, -0.00010615448
  -56.487705, -8.9838e-05, -0.00010615448
  -56.48125, -9.3744e-05, -0.00010606082
  -56.48125, 7.812e-05, -0.00010606082
  -56.48125, -7.0308e-05, -0.00010606082
  -56.48125, -4.2966e-05, -0.00010606082
  -56.474795, -3.906e-06, -0.00010596706
  -56.474795, -4.6872e-05, -0.00010596706
  -56.46834, -0.000109368, -0.00010587321
  -56.46834, -0.000109368, -0.00010587321
  -56.46834, -0.000132804, -0.00010587321
  -56.46834, -0.000144522, -0.00010587321
  -56.46834, -0.000167958, -0.00010587321
  -56.46834, -0.000121086, -0.00010587321
  -56.461885, -0.000167958, -0.00010577927
  -56.44252, -0.00013671, -0.00010549687
  -56.436065, -5.0778e-05, -0.00010540256
  -56.436065, -2.3436e-05, -0.00010540256
  -56.436065, -5.859e-05, -0.00010540256
  -56.423155, -0.000128898, -0.00010521364
  -56.4167, -9.765e-05, -0.00010511904
  -56.397335, -9.3744e-05, -0.00010483469
  -56.39088, -0.00011718, -0.00010473972
  -56.36506, 1.1718e-05, -0.0001043589
  -56.36506, -2.3436e-05, -0.0001043589
  -56.33924, -3.906e-05, -0.00010397658
  -56.332785, -0.000105462, -0.00010388077
  -56.332785, -0.000132804, -0.00010388077
  -56.332785, -0.000152334, -0.00010388077
  -56.31342, -0.000160146, -0.00010359276
  -56.30051, 1.1718e-05, -0.00010340029
  -56.281145, -8.9838e-05, -0.00010311088
  -56.27469, -0.000101556, -0.00010301423
  -56.27469, 2.3436e-05, -0.00010301423
  -56.27469, -4.2966e-05, -0.00010301423
  -56.255325, -3.906e-05, -0.00010272369
  -56.24887, -2.7342e-05, -0.00010262666
  -56.242415, -3.1248e-05, -0.00010252953
  -56.23596, -0.000132804, -0.00010243231
  -56.216595, -0.000167958, -0.00010214008
  -56.21014, 1.1718e-05, -0.00010204248
  -56.19723, -0.000164052, -0.00010184701
  -56.190775, -0.000124992, -0.00010174913
  -56.18432, -5.4684e-05, -0.00010165115
  -56.177865, -5.0778e-05, -0.00010155308
  -56.1585, -0.000164052, -0.00010125832
  -56.152045, -0.00011718, -0.00010115987
  -56.139135, -6.2496e-05, -0.0001009627
  -56.13268, -0.000121086, -0.00010086397
  -56.13268, -0.000148428, -0.00010086397
  -56.13268, -7.4214e-05, -0.00010086397
  -56.126225, -1.1718e-05, -0.00010076515
  -56.126225, -2.3436e-05, -0.00010076515
  -56.113315, -5.4684e-05, -0.00010056722
  -56.113315, -1.953e-05, -0.00010056722
  -56.100405, -7.0308e-05, -0.00010036892
  -56.087495, -0.00013671, -0.00010017023
  -56.074585, -0.00017577, -9.9971172e-05
  -56.06813, -0.000187488, -9.9871499e-05
  -56.048765, -0.0001953, -9.9571915e-05
  -56.04231, -1.5624e-05, -9.9471865e-05
  -56.04231, -0.000113274, -9.9471865e-05
  -56.035855, -0.000128898, -9.937172e-05
  -56.035855, -0.000128898, -9.937172e-05
  -56.035855, 3.1248e-05, -9.937172e-05
  -56.0294, -5.4684e-05, -9.927148e-05
  -56.0294, -7.812e-05, -9.927148e-05
  -56.01649, -7.812e-05, -9.9070716e-05
  -56.01649, -7.812e-06, -9.9070716e-05
  -56.01649, -0.000101556, -9.9070716e-05
  -56.01649, -0.000132804, -9.9070716e-05
  -56.00358, -0.00013671, -9.8869573e-05
  -56.00358, -5.859e-05, -9.8869573e-05
  -56.00358, -1.1718e-05, -9.8869573e-05
  -56.00358, -0.000164052, -9.8869573e-05
  -55.97776, -0.000171864, -9.8466151e-05
  -55.971305, -6.6402e-05, -9.8365058e-05
  -55.96485, -2.7342e-05, -9.826387e-05
  -55.96485, -0.000187488, -9.826387e-05
  -55.958395, -0.000218736, -9.8162588e-05
  -55.95194, -3.1248e-05, -9.806121e-05
  -55.95194, -9.3744e-05, -9.806121e-05
  -55.945485, -9.3744e-05, -9.7959738e-05
  -55.93903, -0.000124992, -9.7858171e-05
  -55.932575, -0.000191394, -9.7756508e-05
  -55.92612, -7.0308e-05, -9.7654751e-05
  -55.92612, -0.000148428, -9.7654751e-05
  -55.92612, -0.00015624, -9.7654751e-05
  -55.906755, -8.5932e-05, -9.7348909e-05
  -55.906755, -0.000148428, -9.7348909e-05
  -55.906755, -8.2026e-05, -9.7348909e-05
  -55.9003, -0.00015624, -9.7246771e-05
  -55.9003, -5.859e-05, -9.7246771e-05
  -55.9003, -0.000124992, -9.7246771e-05
  -55.893845, -3.5154e-05, -9.7144539e-05
  -55.893845, -3.906e-06, -9.7144539e-05
  -55.893845, -0.000105462, -9.7144539e-05
  -55.893845, 0, -9.7144539e-05
  -55.893845, -6.6402e-05, -9.7144539e-05
  -55.893845, -0.000101556, -9.7144539e-05
  -55.893845, -7.812e-05, -9.7144539e-05
  -55.88739, -0.000171864, -9.7042211e-05
  -55.88739, -0.000144522, -9.7042211e-05
  -55.88739, -8.2026e-05, -9.7042211e-05
  -55.88739, -9.765e-05, -9.7042211e-05
  -55.88739, -0.00011718, -9.7042211e-05
  -55.880935, -0.000124992, -9.6939788e-05
  -55.880935, -9.765e-05, -9.6939788e-05
  -55.880935, -0.000113274, -9.6939788e-05
  -55.880935, -2.7342e-05, -9.6939788e-05
  -55.880935, -0.000124992, -9.6939788e-05
  -55.880935, -0.000101556, -9.6939788e-05
  -55.880935, -5.0778e-05, -9.6939788e-05
  -55.880935, -7.812e-05, -9.6939788e-05
  -55.880935, -0.000124992, -9.6939788e-05
  -55.880935, -0.000144522, -9.6939788e-05
  -55.880935, -5.0778e-05, -9.6939788e-05
  -55.87448, -0.000144522, -9.683727e-05
  -55.87448, -0.000164052, -9.683727e-05
  -55.87448, -3.906e-05, -9.683727e-05
  -55.87448, -8.9838e-05, -9.683727e-05
  -55.87448, -3.5154e-05, -9.683727e-05
  -55.868025, -4.2966e-05, -9.6734657e-05
  -55.868025, -5.0778e-05, -9.6734657e-05
  -55.868025, 2.7342e-05, -9.6734657e-05
  -55.868025, -0.000132804, -9.6734657e-05
  -55.868025, -0.000101556, -9.6734657e-05
  -55.868025, -2.3436e-05, -9.6734657e-05
  -55.868025, 4.6872e-05, -9.6734657e-05
  -55.86157, -8.9838e-05, -9.6631948e-05
  -55.86157, 7.812e-06, -9.6631948e-05
  -55.86157, -4.6872e-05, -9.6631948e-05
  -55.86157, -0.000101556, -9.6631948e-05
  -55.86157, -6.2496e-05, -9.6631948e-05
  -55.86157, -0.00011718, -9.6631948e-05
  -55.86157, -4.6872e-05, -9.6631948e-05
  -55.86157, -0.000187488, -9.6631948e-05
  -55.86157, -0.000121086, -9.6631948e-05
  -55.86157, -0.000144522, -9.6631948e-05
  -55.855115, -0.00011718, -9.6529145e-05
  -55.855115, -5.859e-05, -9.6529145e-05
  -55.855115, -0.00017577, -9.6529145e-05
  -55.855115, -0.000121086, -9.6529145e-05
  -55.855115, -6.6402e-05, -9.6529145e-05
  -55.855115, -0.00011718, -9.6529145e-05
  -55.855115, -3.1248e-05, -9.6529145e-05
  -55.855115, -8.5932e-05, -9.6529145e-05
  -55.855115, -0.00011718, -9.6529145e-05
  -55.855115, 3.906e-06, -9.6529145e-05
  -55.855115, -5.859e-05, -9.6529145e-05
  -55.855115, -0.000171864, -9.6529145e-05
  -55.855115, -0.000140616, -9.6529145e-05
  -55.855115, -0.000179676, -9.6529145e-05
  -55.84866, -0.000109368, -9.6426246e-05
  -55.84866, 4.2966e-05, -9.6426246e-05
  -55.84866, -0.000132804, -9.6426246e-05
  -55.84866, -8.9838e-05, -9.6426246e-05
  -55.84866, -0.000109368, -9.6426246e-05
  -55.84866, 0, -9.6426246e-05
  -55.84866, -0.000132804, -9.6426246e-05
  -55.84866, -0.000144522, -9.6426246e-05
  -55.84866, 2.7342e-05, -9.6426246e-05
  -55.842205, -7.4214e-05, -9.6323251e-05
  -55.842205, -8.9838e-05, -9.6323251e-05
  -55.842205, -0.000152334, -9.6323251e-05
  -55.842205, -0.000164052, -9.6323251e-05
  -55.842205, 7.0308e-05, -9.6323251e-05
  -55.842205, -0.000101556, -9.6323251e-05
  -55.842205, -0.000140616, -9.6323251e-05
  -55.842205, -7.0308e-05, -9.6323251e-05
  -55.842205, 1.953e-05, -9.6323251e-05
  -55.83575, -0.000101556, -9.6220162e-05
  -55.829295, -7.812e-05, -9.6116977e-05
  -55.82284, -4.2966e-05, -9.6013697e-05
  -55.816385, -2.7342e-05, -9.5910321e-05
  -55.816385, -0.000148428, -9.5910321e-05
  -55.80993, -7.812e-05, -9.580685e-05
  -55.803475, 2.3436e-05, -9.5703284e-05
  -55.79702, -7.4214e-05, -9.5599622e-05
  -55.7712, -9.765e-05, -9.518402e-05
  -55.74538, -1.1718e-05, -9.476689e-05
  -55.738925, -0.000105462, -9.4662368e-05
  -55.738925, -7.812e-05, -9.4662368e-05
  -55.713105, -9.765e-05, -9.4243325e-05
  -55.70665, -0.000148428, -9.4138325e-05
  -55.68083, -0.000199206, -9.3717368e-05
  -55.66792, -0.000128898, -9.3506314e-05
  -55.661465, -0.0001953, -9.3400643e-05
  -55.65501, -0.000148428, -9.3294877e-05
  -55.648555, 0.000101556, -9.3189014e-05
  -55.648555, -0.000191394, -9.3189014e-05
  -55.648555, -0.000128898, -9.3189014e-05
  -55.648555, -4.2966e-05, -9.3189014e-05
  -55.648555, -5.0778e-05, -9.3189014e-05
  -55.648555, -0.000128898, -9.3189014e-05
  -55.648555, 2.3436e-05, -9.3189014e-05
  -55.6421, -6.2496e-05, -9.3083056e-05
  -55.6421, -8.2026e-05, -9.3083056e-05
  -55.6421, -3.1248e-05, -9.3083056e-05
  -55.6421, -0.000144522, -9.3083056e-05
  -55.635645, -2.3436e-05, -9.2977001e-05
  -55.635645, -8.9838e-05, -9.2977001e-05
  -55.635645, -0.000128898, -9.2977001e-05
  -55.635645, -0.000179676, -9.2977001e-05
  -55.635645, -6.2496e-05, -9.2977001e-05
  -55.635645, -7.812e-05, -9.2977001e-05
  -55.635645, -0.000121086, -9.2977001e-05
  -55.635645, -0.000101556, -9.2977001e-05
  -55.635645, -0.000210924, -9.2977001e-05
  -55.635645, -4.2966e-05, -9.2977001e-05
  -55.635645, -0.000140616, -9.2977001e-05
  -55.635645, -9.765e-05, -9.2977001e-05
  -55.62919, -8.2026e-05, -9.2870851e-05
  -55.62919, -0.000113274, -9.2870851e-05
  -55.62919, -0.000140616, -9.2870851e-05
  -55.62919, -0.000171864, -9.2870851e-05
  -55.62919, -0.000128898, -9.2870851e-05
  -55.62919, -0.000171864, -9.2870851e-05
  -55.62919, -0.000140616, -9.2870851e-05
  -55.62919, -0.000105462, -9.2870851e-05
  -55.62919, 5.0778e-05, -9.2870851e-05
  -55.62919, -5.859e-05, -9.2870851e-05
  -55.62919, -9.765e-05, -9.2870851e-05
  -55.62919, -0.00013671, -9.2870851e-05
  -55.62919, -0.000148428, -9.2870851e-05
  -55.622735, -0.000167958, -9.2764604e-05
  -55.622735, -7.0308e-05, -9.2764604e-05
  -55.622735, -0.000128898, -9.2764604e-05
  -55.622735, -0.000144522, -9.2764604e-05
  -55.622735, -0.000121086, -9.2764604e-05
  -55.622735, -0.000124992, -9.2764604e-05
  -55.622735, -7.0308e-05, -9.2764604e-05
  -55.622735, -8.5932e-05, -9.2764604e-05
  -55.622735, -0.000164052, -9.2764604e-05
  -55.622735, -0.000101556, -9.2764604e-05
  -55.622735, -6.2496e-05, -9.2764604e-05
  -55.622735, -9.3744e-05, -9.2764604e-05
  -55.622735, 3.5154e-05, -9.2764604e-05
  -55.61628, -7.812e-05, -9.2658262e-05
  -55.61628, -5.0778e-05, -9.2658262e-05
  -55.61628, -4.6872e-05, -9.2658262e-05
  -55.61628, -8.5932e-05, -9.2658262e-05
  -55.61628, -0.000226548, -9.2658262e-05
  -55.61628, -8.5932e-05, -9.2658262e-05
  -55.61628, -0.00023436, -9.2658262e-05
  -55.61628, 2.7342e-05, -9.2658262e-05
  -55.61628, -0.000144522, -9.2658262e-05
  -55.61628, -1.953e-05, -9.2658262e-05
  -55.61628, -0.000148428, -9.2658262e-05
  -55.61628, -0.000164052, -9.2658262e-05
  -55.61628, -2.7342e-05, -9.2658262e-05
  -55.609825, 3.906e-05, -9.2551823e-05
  -55.609825, -0.00011718, -9.2551823e-05
  -55.609825, -2.3436e-05, -9.2551823e-05
  -55.609825, -0.00013671, -9.2551823e-05
  -55.609825, -0.000152334, -9.2551823e-05
  -55.609825, -8.2026e-05, -9.2551823e-05
  -55.609825, -5.4684e-05, -9.2551823e-05
  -55.609825, -0.000121086, -9.2551823e-05
  -55.609825, -8.9838e-05, -9.2551823e-05
  -55.609825, 1.953e-05, -9.2551823e-05
  -55.609825, -0.000128898, -9.2551823e-05
  -55.60337, -7.812e-06, -9.2445289e-05
  -55.60337, 5.4684e-05, -9.2445289e-05
  -55.60337, 2.7342e-05, -9.2445289e-05
  -55.596915, -0.000160146, -9.2338658e-05
  -55.596915, -0.000152334, -9.2338658e-05
  -55.596915, -7.0308e-05, -9.2338658e-05
  -55.596915, -0.00013671, -9.2338658e-05
  -55.596915, -8.9838e-05, -9.2338658e-05
  -55.596915, -6.2496e-05, -9.2338658e-05
  -55.59046, -0.000164052, -9.2231932e-05
  -55.59046, -0.000164052, -9.2231932e-05
  -55.59046, -8.5932e-05, -9.2231932e-05
  -55.59046, -9.765e-05, -9.2231932e-05
  -55.59046, -0.000124992, -9.2231932e-05
  -55.584005, -0.000109368, -9.2125109e-05
  -55.584005, -0.000160146, -9.2125109e-05
  -55.57755, -2.3436e-05, -9.201819e-05
  -55.57755, -0.000128898, -9.201819e-05
  -55.571095, -6.2496e-05, -9.1911174e-05
  -55.571095, -8.5932e-05, -9.1911174e-05
  -55.571095, -0.000144522, -9.1911174e-05
  -55.571095, -3.1248e-05, -9.1911174e-05
  -55.571095, -8.2026e-05, -9.1911174e-05
  -55.56464, -2.3436e-05, -9.1804063e-05
  -55.56464, -0.000164052, -9.1804063e-05
  -55.56464, 1.953e-05, -9.1804063e-05
  -55.56464, -0.000101556, -9.1804063e-05
  -55.558185, -4.6872e-05, -9.1696855e-05
  -55.558185, -8.5932e-05, -9.1696855e-05
  -55.55173, -7.4214e-05, -9.1589552e-05
  -55.545275, -3.906e-05, -9.1482151e-05
  -55.545275, -3.906e-06, -9.1482151e-05
  -55.545275, -5.859e-05, -9.1482151e-05
  -55.545275, -0.000113274, -9.1482151e-05
  -55.545275, -0.000144522, -9.1482151e-05
  -55.545275, -0.000144522, -9.1482151e-05
  -55.545275, -0.000101556, -9.1482151e-05
  -55.545275, -0.000124992, -9.1482151e-05
  -55.53882, -6.6402e-05, -9.1374655e-05
  -55.53882, -7.812e-05, -9.1374655e-05
  -55.532365, -8.2026e-05, -9.1267062e-05
  -55.532365, -0.00015624, -9.1267062e-05
  -55.532365, -6.6402e-05, -9.1267062e-05
  -55.52591, -5.4684e-05, -9.1159373e-05
  -55.519455, -0.00011718, -9.1051588e-05
  -55.519455, -0.000140616, -9.1051588e-05
  -55.506545, -4.2966e-05, -9.0835728e-05
  -55.50009, -9.765e-05, -9.0727653e-05
  -55.50009, -9.3744e-05, -9.0727653e-05
  -55.50009, -0.000140616, -9.0727653e-05
  -55.50009, -5.0778e-05, -9.0727653e-05
  -55.50009, -0.000132804, -9.0727653e-05
  -55.48718, -0.00015624, -9.0511215e-05
  -55.47427, -0.000113274, -9.0294391e-05
  -55.47427, -8.9838e-05, -9.0294391e-05
  -55.47427, -0.000124992, -9.0294391e-05
  -55.467815, -3.906e-05, -9.0185834e-05
  -55.467815, -1.5624e-05, -9.0185834e-05
  -55.454905, -3.906e-06, -8.996843e-05
  -55.44845, -9.765e-05, -8.9859583e-05
  -55.441995, -7.812e-06, -8.975064e-05
  -55.43554, 1.953e-05, -8.96416e-05
  -55.429085, -8.5932e-05, -8.9532464e-05
  -55.429085, -0.000105462, -8.9532464e-05
  -55.416175, -0.000152334, -8.9313901e-05
  -55.40972, -0.00011718, -8.9204474e-05
  -55.403265, -7.0308e-05, -8.9094951e-05
  -55.377445, -1.5624e-05, -8.8655889e-05
  -55.364535, 3.906e-06, -8.8435778e-05
  -55.35808, -7.0308e-05, -8.8325577e-05
  -55.351625, 0, -8.8215279e-05
  -55.351625, -9.3744e-05, -8.8215279e-05
  -55.351625, -7.812e-05, -8.8215279e-05
  -55.351625, -7.812e-05, -8.8215279e-05
  -55.338715, -7.0308e-05, -8.7994392e-05
  -55.338715, -0.00013671, -8.7994392e-05
  -55.33226, -8.2026e-05, -8.7883803e-05
  -55.299985, -5.0778e-05, -8.7329403e-05
  -55.29353, -0.000128898, -8.7218232e-05
  -55.29353, -2.3436e-05, -8.7218232e-05
  -55.287075, 6.6402e-05, -8.7106964e-05
  -55.28062, 0.00011718, -8.6995598e-05
  -55.274165, 5.0778e-05, -8.6884136e-05
  -55.274165, 3.906e-06, -8.6884136e-05
  -55.274165, -8.5932e-05, -8.6884136e-05
  -55.2548, -2.3436e-05, -8.6549164e-05
  -55.235435, -7.812e-05, -8.6213318e-05
  -55.235435, -3.906e-05, -8.6213318e-05
  -55.222525, -0.000140616, -8.5988934e-05
  -55.222525, -0.000164052, -8.5988934e-05
  -55.21607, -0.000144522, -8.5876596e-05
  -55.19025, -0.00013671, -8.5426269e-05
  -55.17734, -0.000132804, -8.5200521e-05
  -55.170885, -7.4214e-05, -8.5087501e-05
  -55.170885, 2.3436e-05, -8.5087501e-05
  -55.170885, -3.906e-05, -8.5087501e-05
  -55.15152, -3.906e-06, -8.4747854e-05
  -55.132155, -0.00015624, -8.440733e-05
  -55.119245, -3.906e-05, -8.4179825e-05
  -55.106335, -7.812e-05, -8.3951929e-05
  -55.09988, -0.000124992, -8.3837835e-05
  -55.093425, -0.000187488, -8.3723643e-05
  -55.08697, -0.000140616, -8.3609353e-05
  -55.07406, -0.000207018, -8.3380479e-05
  -55.06115, -0.000152334, -8.3151214e-05
  -55.04824, -0.000121086, -8.2921558e-05
  -55.04824, -0.000148428, -8.2921558e-05
  -55.03533, -0.000148428, -8.2691509e-05
  -55.028875, -4.2966e-05, -8.2576338e-05
  -55.02242, -6.6402e-05, -8.2461069e-05
  -55.00951, -0.000109368, -8.2230236e-05
  -55.003055, -1.953e-05, -8.2114673e-05
  -55.003055, 1.5624e-05, -8.2114673e-05
  -55.003055, -1.1718e-05, -8.2114673e-05
  -54.9966, -5.859e-05, -8.1999012e-05
  -54.9966, -9.765e-05, -8.1999012e-05
  -54.990145, -0.000105462, -8.1883252e-05
  -54.990145, -2.3436e-05, -8.1883252e-05
  -54.951415, -8.2026e-05, -8.1186632e-05
  -54.951415, -8.2026e-05, -8.1186632e-05
  -54.94496, -0.000105462, -8.1070185e-05
  -54.938505, -7.0308e-05, -8.095364e-05
  -54.93205, -3.5154e-05, -8.0836996e-05
  -54.91914, -7.812e-05, -8.0603413e-05
  -54.912685, -0.000121086, -8.0486474e-05
  -54.912685, -8.2026e-05, -8.0486474e-05
  -54.912685, -7.812e-05, -8.0486474e-05
  -54.912685, -0.000152334, -8.0486474e-05
  -54.899775, -5.0778e-05, -8.0252301e-05
  -54.899775, -0.000132804, -8.0252301e-05
  -54.89332, -7.4214e-05, -8.0135067e-05
  -54.886865, -0.000101556, -8.0017735e-05
  -54.886865, -6.6402e-05, -8.0017735e-05
  -54.88041, -0.000121086, -7.9900303e-05
  -54.88041, -5.859e-05, -7.9900303e-05
  -54.873955, -5.4684e-05, -7.9782774e-05
  -54.873955, -0.00011718, -7.9782774e-05
  -54.8675, -5.0778e-05, -7.9665146e-05
  -54.861045, -0.000167958, -7.9547419e-05
  -54.861045, -0.000132804, -7.9547419e-05
  -54.848135, -8.5932e-05, -7.9311669e-05
  -54.84168, -8.9838e-05, -7.9193647e-05
  -54.835225, -0.000167958, -7.9075525e-05
  -54.835225, -0.000109368, -7.9075525e-05
  -54.835225, -7.0308e-05, -7.9075525e-05
  -54.82877, -0.000121086, -7.8957306e-05
  -54.82877, -7.0308e-05, -7.8957306e-05
  -54.82877, -4.6872e-05, -7.8957306e-05
  -54.822315, -5.0778e-05, -7.8838987e-05
  -54.81586, -7.0308e-05, -7.8720569e-05
  -54.81586, 2.3436e-05, -7.8720569e-05
  -54.81586, 4.6872e-05, -7.8720569e-05
  -54.81586, -0.00017577, -7.8720569e-05
  -54.809405, -0.000128898, -7.8602053e-05
  -54.80295, -8.2026e-05, -7.8483438e-05
  -54.80295, -0.000105462, -7.8483438e-05
  -54.80295, -0.000191394, -7.8483438e-05
  -54.80295, 0.000109368, -7.8483438e-05
  -54.80295, -8.5932e-05, -7.8483438e-05
  -54.80295, -0.00011718, -7.8483438e-05
  -54.796495, -6.2496e-05, -7.8364725e-05
  -54.79004, -8.9838e-05, -7.8245912e-05
  -54.79004, -9.765e-05, -7.8245912e-05
  -54.79004, -2.7342e-05, -7.8245912e-05
  -54.79004, 6.6402e-05, -7.8245912e-05
  -54.783585, -2.7342e-05, -7.8127001e-05
  -54.77713, -3.5154e-05, -7.8007991e-05
  -54.77713, -0.00013671, -7.8007991e-05
  -54.77713, -2.7342e-05, -7.8007991e-05
  -54.77713, -4.6872e-05, -7.8007991e-05
  -54.770675, -0.000144522, -7.7888882e-05
  -54.770675, -8.2026e-05, -7.7888882e-05
  -54.770675, -0.000179676, -7.7888882e-05
  -54.770675, -0.000121086, -7.7888882e-05
  -54.76422, 7.812e-06, -7.7769674e-05
  -54.76422, -0.000152334, -7.7769674e-05
  -54.76422, 0.000144522, -7.7769674e-05
  -54.76422, -3.1248e-05, -7.7769674e-05
  -54.757765, -0.00011718, -7.7650367e-05
  -54.757765, 7.812e-06, -7.7650367e-05
  -54.757765, -7.4214e-05, -7.7650367e-05
  -54.757765, -7.812e-05, -7.7650367e-05
  -54.757765, -0.000105462, -7.7650367e-05
  -54.757765, -0.000105462, -7.7650367e-05
  -54.757765, -0.000207018, -7.7650367e-05
  -54.757765, -0.000179676, -7.7650367e-05
  -54.757765, -1.953e-05, -7.7650367e-05
  -54.757765, -0.000152334, -7.7650367e-05
  -54.757765, -6.6402e-05, -7.7650367e-05
  -54.757765, -0.000113274, -7.7650367e-05
  -54.75131, -0.000121086, -7.7530961e-05
  -54.75131, -3.5154e-05, -7.7530961e-05
  -54.75131, 5.0778e-05, -7.7530961e-05
  -54.75131, -9.3744e-05, -7.7530961e-05
  -54.75131, 0, -7.7530961e-05
  -54.75131, 0.00017577, -7.7530961e-05
  -54.75131, 3.5154e-05, -7.7530961e-05
  -54.75131, -0.000113274, -7.7530961e-05
  -54.75131, 8.5932e-05, -7.7530961e-05
  -54.75131, -0.000128898, -7.7530961e-05
  -54.75131, -7.0308e-05, -7.7530961e-05
  -54.744855, -5.0778e-05, -7.7411457e-05
  -54.744855, -0.000167958, -7.7411457e-05
  -54.744855, -0.00011718, -7.7411457e-05
  -54.744855, -4.6872e-05, -7.7411457e-05
  -54.744855, -0.000124992, -7.7411457e-05
  -54.7384, -7.812e-05, -7.7291853e-05
  -54.7384, -1.953e-05, -7.7291853e-05
  -54.7384, -6.6402e-05, -7.7291853e-05
  -54.7384, -0.000101556, -7.7291853e-05
  -54.7384, -0.000105462, -7.7291853e-05
  -54.731945, 7.812e-06, -7.717215e-05
  -54.731945, 2.7342e-05, -7.717215e-05
  -54.731945, -0.000144522, -7.717215e-05
  -54.731945, -3.5154e-05, -7.717215e-05
  -54.731945, 1.953e-05, -7.717215e-05
  -54.72549, -0.000101556, -7.7052348e-05
  -54.72549, -7.812e-05, -7.7052348e-05
  -54.719035, -8.9838e-05, -7.6932447e-05
  -54.719035, -7.4214e-05, -7.6932447e-05
  -54.693215, -0.000101556, -7.6451853e-05
  -54.680305, -3.906e-05, -7.6210961e-05
  -54.67385, -6.6402e-05, -7.6090366e-05
  -54.66094, -6.2496e-05, -7.5848879e-05
  -54.654485, -8.2026e-05, -7.5727987e-05
  -54.654485, 1.953e-05, -7.5727987e-05
  -54.64803, 0.000124992, -7.5606995e-05
  -54.628665, -9.765e-05, -7.5243423e-05
  -54.6093, -5.0778e-05, -7.4878957e-05
  -54.58348, -7.812e-05, -7.439161e-05
  -54.57057, -6.6402e-05, -7.414734e-05
  -54.564115, -1.1718e-05, -7.4025055e-05
  -54.551205, -0.000113274, -7.3780187e-05
  -54.551205, -0.000218736, -7.3780187e-05
  -54.525385, -0.000128898, -7.3289255e-05
  -54.525385, -0.00011718, -7.3289255e-05
  -54.499565, -8.5932e-05, -7.2796727e-05
  -54.4802, -7.4214e-05, -7.2426283e-05
  -54.447925, -3.5154e-05, -7.1806878e-05
  -54.44147, -7.0308e-05, -7.1682697e-05
  -54.44147, -5.4684e-05, -7.1682697e-05
  -54.435015, -4.2966e-05, -7.1558416e-05
  -54.422105, -9.3744e-05, -7.1309554e-05
  -54.409195, -0.000105462, -7.1060291e-05
  -54.38983, -8.5932e-05, -7.0685646e-05
  -54.37692, -8.9838e-05, -7.0435382e-05
  -54.357555, -0.000105462, -7.0059234e-05
  -54.3511, -0.000132804, -6.9933651e-05
  -54.33819, -9.3744e-05, -6.9682183e-05
  -54.331735, -9.765e-05, -6.9556299e-05
  -54.318825, -0.00011718, -6.9304229e-05
  -54.318825, -5.859e-05, -6.9304229e-05
  -54.305915, -5.4684e-05, -6.9051757e-05
  -54.280095, -0.000105462, -6.8545607e-05
  -54.267185, -0.000124992, -6.8291929e-05
  -54.254275, -7.4214e-05, -6.8037848e-05
  -54.23491, -0.000113274, -6.7655972e-05
  -54.23491, -7.4214e-05, -6.7655972e-05
  -54.23491, 7.0308e-05, -6.7655972e-05
  -54.23491, -0.000105462, -6.7655972e-05
  -54.228455, 1.953e-05, -6.7528478e-05
  -54.215545, -6.6402e-05, -6.7273189e-05
  -54.202635, -3.906e-06, -6.7017496e-05
  -54.18327, -9.765e-05, -6.6633201e-05
  -54.176815, -8.2026e-05, -6.6504901e-05
  -54.17036, -0.000179676, -6.6376499e-05
  -54.163905, -0.000167958, -6.6247997e-05
  -54.15745, -0.000121086, -6.6119394e-05
  -54.150995, -9.765e-05, -6.599069e-05
  -54.138085, -0.000128898, -6.5732979e-05
  -54.125175, -0.000101556, -6.5474863e-05
  -54.11872, -0.000124992, -6.5345653e-05
  -54.112265, 3.906e-06, -6.5216343e-05
  -54.0929, -0.000109368, -6.4827803e-05
  -54.086445, -7.812e-06, -6.4698088e-05
  -54.073535, -0.000171864, -6.4438353e-05
  -54.06708, -0.000144522, -6.4308334e-05
  -54.060625, -1.953e-05, -6.4178213e-05
  -54.05417, -0.000132804, -6.4047991e-05
  -54.047715, 5.859e-05, -6.3917668e-05
  -54.047715, -6.6402e-05, -6.3917668e-05
  -54.047715, 3.906e-05, -6.3917668e-05
  -54.04126, 7.812e-06, -6.3787243e-05
  -54.04126, -0.000124992, -6.3787243e-05
  -54.02835, 4.2966e-05, -6.3526089e-05
  -54.021895, -0.000160146, -6.339536e-05
  -54.008985, 1.1718e-05, -6.3133598e-05
  -54.008985, -9.3744e-05, -6.3133598e-05
  -53.996075, -0.000101556, -6.2871429e-05
  -53.996075, -4.6872e-05, -6.2871429e-05
  -53.996075, -4.6872e-05, -6.2871429e-05
  -53.98962, -0.000101556, -6.2740192e-05
  -53.98962, 1.953e-05, -6.2740192e-05
  -53.97671, -5.0778e-05, -6.2477414e-05
  -53.970255, 3.5154e-05, -6.2345872e-05
  -53.9638, -0.000124992, -6.2214229e-05
  -53.957345, 3.1248e-05, -6.2082484e-05
  -53.95089, -5.859e-05, -6.1950638e-05
  -53.944435, -0.000101556, -6.1818689e-05
  -53.93798, -0.000152334, -6.1686639e-05
  -53.92507, -3.1248e-05, -6.1422234e-05
  -53.92507, -0.000101556, -6.1422234e-05
  -53.918615, -0.000140616, -6.1289878e-05
  -53.91216, -9.3744e-05, -6.1157421e-05
  -53.91216, -0.000105462, -6.1157421e-05
  -53.91216, -0.00015624, -6.1157421e-05
  -53.91216, -7.0308e-05, -6.1157421e-05
  -53.905705, -4.6872e-05, -6.1024862e-05
  -53.905705, -0.000148428, -6.1024862e-05
  -53.905705, -7.4214e-05, -6.1024862e-05
  -53.89925, 3.906e-06, -6.0892201e-05
  -53.892795, -3.906e-06, -6.0759438e-05
  -53.88634, -0.000109368, -6.0626573e-05
  -53.879885, -4.2966e-05, -6.0493606e-05
  -53.87343, -5.4684e-05, -6.0360537e-05
  -53.866975, -5.859e-05, -6.0227366e-05
  -53.866975, -7.812e-05, -6.0227366e-05
  -53.866975, -8.5932e-05, -6.0227366e-05
  -53.866975, 5.0778e-05, -6.0227366e-05
  -53.866975, -8.2026e-05, -6.0227366e-05
  -53.86052, 7.812e-06, -6.0094094e-05
  -53.86052, -2.7342e-05, -6.0094094e-05
  -53.854065, -7.4214e-05, -5.9960719e-05
  -53.854065, -3.5154e-05, -5.9960719e-05
  -53.854065, -0.000113274, -5.9960719e-05
  -53.854065, -0.000124992, -5.9960719e-05
  -53.854065, -7.4214e-05, -5.9960719e-05
  -53.854065, -0.000109368, -5.9960719e-05
  -53.84761, 3.906e-06, -5.9827242e-05
  -53.841155, -5.4684e-05, -5.9693663e-05
  -53.841155, -0.000124992, -5.9693663e-05
  -53.841155, -9.3744e-05, -5.9693663e-05
  -53.841155, -4.6872e-05, -5.9693663e-05
  -53.8347, -7.4214e-05, -5.9559981e-05
  -53.8347, -0.000128898, -5.9559981e-05
  -53.8347, -3.1248e-05, -5.9559981e-05
  -53.828245, -3.5154e-05, -5.9426198e-05
  -53.828245, -3.1248e-05, -5.9426198e-05
  -53.82179, -1.5624e-05, -5.9292313e-05
  -53.82179, -5.4684e-05, -5.9292313e-05
  -53.815335, -0.000113274, -5.9158325e-05
  -53.815335, -0.000132804, -5.9158325e-05
  -53.815335, -8.2026e-05, -5.9158325e-05
  -53.80888, -9.3744e-05, -5.9024235e-05
  -53.80888, -7.812e-05, -5.9024235e-05
  -53.80888, 4.2966e-05, -5.9024235e-05
  -53.802425, -2.7342e-05, -5.8890043e-05
  -53.802425, -4.6872e-05, -5.8890043e-05
  -53.802425, -8.9838e-05, -5.8890043e-05
  -53.79597, -8.2026e-05, -5.8755749e-05
  -53.79597, -7.812e-05, -5.8755749e-05
  -53.789515, -0.000121086, -5.8621352e-05
  -53.789515, -1.1718e-05, -5.8621352e-05
  -53.789515, 7.812e-06, -5.8621352e-05
  -53.789515, -5.0778e-05, -5.8621352e-05
  -53.789515, -0.000148428, -5.8621352e-05
  -53.789515, -0.000113274, -5.8621352e-05
  -53.78306, 1.953e-05, -5.8486853e-05
  -53.78306, -7.4214e-05, -5.8486853e-05
  -53.78306, -8.9838e-05, -5.8486853e-05
  -53.78306, -1.1718e-05, -5.8486853e-05
  -53.776605, -5.4684e-05, -5.8352252e-05
  -53.776605, -0.000128898, -5.8352252e-05
  -53.776605, -0.000152334, -5.8352252e-05
  -53.77015, -3.906e-06, -5.8217548e-05
  -53.77015, -0.000101556, -5.8217548e-05
  -53.77015, 3.5154e-05, -5.8217548e-05
  -53.77015, -1.1718e-05, -5.8217548e-05
  -53.77015, -9.3744e-05, -5.8217548e-05
  -53.77015, -9.3744e-05, -5.8217548e-05
  -53.763695, -0.000199206, -5.8082743e-05
  -53.763695, -0.00017577, -5.8082743e-05
  -53.763695, -8.5932e-05, -5.8082743e-05
  -53.763695, -7.4214e-05, -5.8082743e-05
  -53.75724, -0.00013671, -5.7947834e-05
  -53.75724, -0.000105462, -5.7947834e-05
  -53.75724, -4.6872e-05, -5.7947834e-05
  -53.75724, -0.000101556, -5.7947834e-05
  -53.737875, -0.000113274, -5.7542495e-05
  -53.737875, -0.000128898, -5.7542495e-05
  -53.737875, -5.859e-05, -5.7542495e-05
  -53.73142, 1.5624e-05, -5.7407177e-05
  -53.724965, -0.000109368, -5.7271756e-05
  -53.71851, -4.2966e-05, -5.7136233e-05
  -53.71851, -9.765e-05, -5.7136233e-05
  -53.712055, -0.000171864, -5.7000607e-05
  -53.699145, -0.00011718, -5.6729048e-05
  -53.69269, -4.6872e-05, -5.6593115e-05
  -53.67978, -8.5932e-05, -5.632094e-05
  -53.660415, -2.3436e-05, -5.5911908e-05
  -53.660415, -5.4684e-05, -5.5911908e-05
  -53.647505, 5.859e-05, -5.5638706e-05
  -53.64105, -6.2496e-05, -5.5501951e-05
  -53.64105, -2.3436e-05, -5.5501951e-05
  -53.64105, -9.3744e-05, -5.5501951e-05
  -53.62814, 0, -5.5228132e-05
  -53.62814, 1.1718e-05, -5.5228132e-05
  -53.621685, -1.953e-05, -5.5091068e-05
  -53.595865, -0.000179676, -5.4541784e-05
  -53.5765, -0.000101556, -5.412874e-05
  -53.5765, -5.0778e-05, -5.412874e-05
  -53.570045, -1.5624e-05, -5.3990853e-05
  -53.570045, 1.5624e-05, -5.3990853e-05
  -53.570045, -5.4684e-05, -5.3990853e-05
  -53.56359, -8.5932e-05, -5.3852862e-05
  -53.557135, 7.812e-06, -5.3714769e-05
  -53.557135, -0.00013671, -5.3714769e-05
  -53.557135, -7.0308e-05, -5.3714769e-05
  -53.55068, -3.906e-05, -5.3576572e-05
  -53.544225, -8.5932e-05, -5.3438272e-05
  -53.544225, -4.6872e-05, -5.3438272e-05
  -53.544225, 4.2966e-05, -5.3438272e-05
  -53.52486, 2.7342e-05, -5.3022754e-05
  -53.51195, -0.000199206, -5.2745225e-05
  -53.51195, -0.000187488, -5.2745225e-05
  -53.48613, -0.000183582, -5.2188929e-05
  -53.479675, 4.6872e-05, -5.2049596e-05
  -53.479675, -0.000148428, -5.2049596e-05
  -53.466765, -0.000132804, -5.1770621e-05
  -53.466765, -7.0308e-05, -5.1770621e-05
  -53.466765, -3.1248e-05, -5.1770621e-05
  -53.46031, -2.3436e-05, -5.1630979e-05
  -53.46031, 3.1248e-05, -5.1630979e-05
  -53.46031, 0.000109368, -5.1630979e-05
  -53.46031, -1.953e-05, -5.1630979e-05
  -53.46031, -1.5624e-05, -5.1630979e-05
  -53.453855, -3.5154e-05, -5.1491232e-05
  -53.453855, -0.00011718, -5.1491232e-05
  -53.453855, 0.000128898, -5.1491232e-05
  -53.453855, -3.5154e-05, -5.1491232e-05
  -53.453855, -3.906e-06, -5.1491232e-05
  -53.453855, -7.812e-06, -5.1491232e-05
  -53.453855, -3.5154e-05, -5.1491232e-05
  -53.4474, -7.0308e-05, -5.1351383e-05
  -53.4474, -5.4684e-05, -5.1351383e-05
  -53.4474, -7.4214e-05, -5.1351383e-05
  -53.4474, 0.000109368, -5.1351383e-05
  -53.4474, 0, -5.1351383e-05
  -53.4474, 7.4214e-05, -5.1351383e-05
  -53.4474, -5.4684e-05, -5.1351383e-05
  -53.4474, -1.1718e-05, -5.1351383e-05
  -53.4474, -8.5932e-05, -5.1351383e-05
  -53.440945, 9.3744e-05, -5.121143e-05
  -53.440945, -7.0308e-05, -5.121143e-05
  -53.440945, -7.4214e-05, -5.121143e-05
  -53.440945, -4.2966e-05, -5.121143e-05
  -53.440945, -4.2966e-05, -5.121143e-05
  -53.440945, -8.5932e-05, -5.121143e-05
  -53.440945, -6.6402e-05, -5.121143e-05
  -53.440945, -8.2026e-05, -5.121143e-05
  -53.440945, -4.2966e-05, -5.121143e-05
  -53.440945, -0.000109368, -5.121143e-05
  -53.440945, -1.1718e-05, -5.121143e-05
  -53.440945, -9.3744e-05, -5.121143e-05
  -53.43449, -0.000113274, -5.1071373e-05
  -53.43449, -6.2496e-05, -5.1071373e-05
  -53.43449, -0.000160146, -5.1071373e-05
  -53.43449, 1.953e-05, -5.1071373e-05
  -53.43449, -5.0778e-05, -5.1071373e-05
  -53.43449, -7.4214e-05, -5.1071373e-05
  -53.43449, -0.000109368, -5.1071373e-05
  -53.428035, -1.1718e-05, -5.0931213e-05
  -53.428035, 0.000218736, -5.0931213e-05
  -53.428035, 7.812e-05, -5.0931213e-05
  -53.428035, 3.906e-06, -5.0931213e-05
  -53.428035, 2.7342e-05, -5.0931213e-05
  -53.428035, -9.765e-05, -5.0931213e-05
  -53.428035, -0.000109368, -5.0931213e-05
  -53.428035, -8.9838e-05, -5.0931213e-05
  -53.428035, -0.000144522, -5.0931213e-05
  -53.428035, -7.4214e-05, -5.0931213e-05
  -53.42158, 7.0308e-05, -5.0790949e-05
  -53.42158, -3.906e-06, -5.0790949e-05
  -53.42158, -6.6402e-05, -5.0790949e-05
  -53.42158, 0, -5.0790949e-05
  -53.42158, -0.00011718, -5.0790949e-05
  -53.42158, -5.859e-05, -5.0790949e-05
  -53.42158, -4.2966e-05, -5.0790949e-05
  -53.42158, -7.4214e-05, -5.0790949e-05
  -53.42158, 2.3436e-05, -5.0790949e-05
  -53.42158, 2.3436e-05, -5.0790949e-05
  -53.42158, -3.5154e-05, -5.0790949e-05
  -53.42158, 6.2496e-05, -5.0790949e-05
  -53.42158, -0.000140616, -5.0790949e-05
  -53.42158, 7.4214e-05, -5.0790949e-05
  -53.42158, -0.000148428, -5.0790949e-05
  -53.42158, 6.2496e-05, -5.0790949e-05
  -53.415125, -0.000101556, -5.0650582e-05
  -53.415125, -3.906e-05, -5.0650582e-05
  -53.415125, -8.9838e-05, -5.0650582e-05
  -53.415125, -8.5932e-05, -5.0650582e-05
  -53.415125, -5.0778e-05, -5.0650582e-05
  -53.415125, 3.906e-05, -5.0650582e-05
  -53.415125, -8.5932e-05, -5.0650582e-05
  -53.415125, -8.5932e-05, -5.0650582e-05
  -53.40867, 7.812e-05, -5.0510111e-05
  -53.40867, -7.812e-06, -5.0510111e-05
  -53.40867, -0.000105462, -5.0510111e-05
  -53.40867, -8.2026e-05, -5.0510111e-05
  -53.40867, -0.000132804, -5.0510111e-05
  -53.40867, -1.953e-05, -5.0510111e-05
  -53.40867, -2.7342e-05, -5.0510111e-05
  -53.40867, -8.2026e-05, -5.0510111e-05
  -53.40867, -0.000132804, -5.0510111e-05
  -53.40867, 2.7342e-05, -5.0510111e-05
  -53.40867, -5.859e-05, -5.0510111e-05
  -53.40867, -7.0308e-05, -5.0510111e-05
  -53.402215, -3.5154e-05, -5.0369536e-05
  -53.402215, -0.00013671, -5.0369536e-05
  -53.402215, 5.859e-05, -5.0369536e-05
  -53.402215, -7.812e-05, -5.0369536e-05
  -53.402215, -0.000171864, -5.0369536e-05
  -53.402215, 7.0308e-05, -5.0369536e-05
  -53.402215, 1.953e-05, -5.0369536e-05
  -53.402215, -3.1248e-05, -5.0369536e-05
  -53.402215, -5.4684e-05, -5.0369536e-05
  -53.402215, -5.859e-05, -5.0369536e-05
  -53.402215, -8.2026e-05, -5.0369536e-05
  -53.39576, -6.2496e-05, -5.0228858e-05
  -53.39576, -3.906e-06, -5.0228858e-05
  -53.39576, -3.5154e-05, -5.0228858e-05
  -53.39576, -0.000167958, -5.0228858e-05
  -53.39576, -0.000132804, -5.0228858e-05
  -53.39576, -0.000109368, -5.0228858e-05
  -53.39576, -1.5624e-05, -5.0228858e-05
  -53.39576, -0.000203112, -5.0228858e-05
  -53.39576, -0.000113274, -5.0228858e-05
  -53.39576, -7.0308e-05, -5.0228858e-05
  -53.39576, -9.765e-05, -5.0228858e-05
  -53.389305, -2.7342e-05, -5.0088076e-05
  -53.389305, -6.6402e-05, -5.0088076e-05
  -53.389305, 2.7342e-05, -5.0088076e-05
  -53.389305, -0.000167958, -5.0088076e-05
  -53.389305, -1.1718e-05, -5.0088076e-05
  -53.389305, -1.1718e-05, -5.0088076e-05
  -53.389305, -6.6402e-05, -5.0088076e-05
  -53.389305, -0.000124992, -5.0088076e-05
  -53.389305, -0.00015624, -5.0088076e-05
  -53.389305, -7.812e-05, -5.0088076e-05
  -53.389305, -2.7342e-05, -5.0088076e-05
  -53.38285, -5.859e-05, -4.994719e-05
  -53.38285, -7.4214e-05, -4.994719e-05
  -53.38285, 2.3436e-05, -4.994719e-05
  -53.38285, -0.000105462, -4.994719e-05
  -53.38285, -0.000105462, -4.994719e-05
  -53.376395, -8.2026e-05, -4.98062e-05
  -53.376395, -9.3744e-05, -4.98062e-05
  -53.36994, 6.6402e-05, -4.9665107e-05
  -53.36994, -0.000140616, -4.9665107e-05
  -53.36994, -0.000105462, -4.9665107e-05
  -53.36994, 0.000101556, -4.9665107e-05
  -53.36994, -0.00017577, -4.9665107e-05
  -53.36994, -7.4214e-05, -4.9665107e-05
  -53.36994, -0.000121086, -4.9665107e-05
  -53.36994, -7.812e-05, -4.9665107e-05
  -53.36994, -0.00015624, -4.9665107e-05
  -53.36994, -5.859e-05, -4.9665107e-05
  -53.363485, -0.000152334, -4.952391e-05
  -53.363485, 9.765e-05, -4.952391e-05
  -53.363485, -6.2496e-05, -4.952391e-05
  -53.363485, -0.000140616, -4.952391e-05
  -53.363485, 0, -4.952391e-05
  -53.363485, -0.000187488, -4.952391e-05
  -53.363485, 8.9838e-05, -4.952391e-05
  -53.35703, -3.5154e-05, -4.9382609e-05
  -53.35703, -3.906e-06, -4.9382609e-05
  -53.35703, -0.000152334, -4.9382609e-05
  -53.35703, -8.2026e-05, -4.9382609e-05
  -53.35703, -5.0778e-05, -4.9382609e-05
  -53.35703, -5.859e-05, -4.9382609e-05
  -53.35703, 0, -4.9382609e-05
  -53.35703, -0.000105462, -4.9382609e-05
  -53.35703, 7.812e-05, -4.9382609e-05
  -53.350575, -9.765e-05, -4.9241205e-05
  -53.350575, -0.000148428, -4.9241205e-05
  -53.350575, -3.1248e-05, -4.9241205e-05
  -53.350575, 0.000109368, -4.9241205e-05
  -53.350575, 2.3436e-05, -4.9241205e-05
  -53.350575, -8.2026e-05, -4.9241205e-05
  -53.34412, -3.1248e-05, -4.9099696e-05
  -53.34412, -0.000160146, -4.9099696e-05
  -53.34412, 4.2966e-05, -4.9099696e-05
  -53.34412, -4.2966e-05, -4.9099696e-05
  -53.337665, 6.2496e-05, -4.8958084e-05
  -53.337665, 1.5624e-05, -4.8958084e-05
  -53.337665, 8.2026e-05, -4.8958084e-05
  -53.337665, -0.000144522, -4.8958084e-05
  -53.337665, -2.7342e-05, -4.8958084e-05
  -53.337665, -1.953e-05, -4.8958084e-05
  -53.337665, -3.906e-05, -4.8958084e-05
  -53.337665, 5.0778e-05, -4.8958084e-05
  -53.337665, -5.0778e-05, -4.8958084e-05
  -53.33121, -1.953e-05, -4.8816368e-05
  -53.33121, -7.812e-06, -4.8816368e-05
  -53.324755, -7.4214e-05, -4.8674548e-05
  -53.324755, -8.9838e-05, -4.8674548e-05
  -53.324755, -3.906e-06, -4.8674548e-05
  -53.324755, -3.5154e-05, -4.8674548e-05
  -53.324755, -8.5932e-05, -4.8674548e-05
  -53.324755, -6.2496e-05, -4.8674548e-05
  -53.324755, -0.000183582, -4.8674548e-05
  -53.3183, -4.2966e-05, -4.8532624e-05
  -53.3183, -3.906e-05, -4.8532624e-05
  -53.3183, -0.000132804, -4.8532624e-05
  -53.3183, -5.0778e-05, -4.8532624e-05
  -53.3183, -1.5624e-05, -4.8532624e-05
  -53.3183, -5.4684e-05, -4.8532624e-05
  -53.311845, -7.0308e-05, -4.8390596e-05
  -53.311845, -8.5932e-05, -4.8390596e-05
  -53.311845, -2.7342e-05, -4.8390596e-05
  -53.30539, 1.1718e-05, -4.8248463e-05
  -53.30539, 3.906e-05, -4.8248463e-05
  -53.30539, -0.00013671, -4.8248463e-05
  -53.30539, -8.9838e-05, -4.8248463e-05
  -53.30539, -0.000113274, -4.8248463e-05
  -53.298935, -8.5932e-05, -4.8106227e-05
  -53.298935, -0.00017577, -4.8106227e-05
  -53.298935, -0.000109368, -4.8106227e-05
  -53.298935, -7.0308e-05, -4.8106227e-05
  -53.29248, -5.859e-05, -4.7963887e-05
  -53.29248, -6.2496e-05, -4.7963887e-05
  -53.286025, 1.5624e-05, -4.7821443e-05
  -53.286025, -0.000101556, -4.7821443e-05
  -53.286025, -6.6402e-05, -4.7821443e-05
  -53.286025, -3.906e-06, -4.7821443e-05
  -53.27957, -5.859e-05, -4.7678895e-05
  -53.27957, -4.6872e-05, -4.7678895e-05
  -53.27957, -1.5624e-05, -4.7678895e-05
  -53.27957, -2.3436e-05, -4.7678895e-05
  -53.27957, -9.3744e-05, -4.7678895e-05
  -53.273115, 4.2966e-05, -4.7536243e-05
  -53.273115, -3.5154e-05, -4.7536243e-05
  -53.273115, -5.4684e-05, -4.7536243e-05
  -53.273115, -4.2966e-05, -4.7536243e-05
  -53.273115, 3.906e-06, -4.7536243e-05
  -53.273115, -1.1718e-05, -4.7536243e-05
  -53.273115, -9.3744e-05, -4.7536243e-05
  -53.273115, 3.906e-06, -4.7536243e-05
  -53.273115, -5.0778e-05, -4.7536243e-05
  -53.273115, -7.812e-05, -4.7536243e-05
  -53.26666, -6.2496e-05, -4.7393486e-05
  -53.26666, -3.5154e-05, -4.7393486e-05
  -53.26666, 7.0308e-05, -4.7393486e-05
  -53.26666, -7.4214e-05, -4.7393486e-05
  -53.26666, -0.000144522, -4.7393486e-05
  -53.26666, -6.6402e-05, -4.7393486e-05
  -53.26666, -3.5154e-05, -4.7393486e-05
  -53.26666, -0.000101556, -4.7393486e-05
  -53.26666, -5.4684e-05, -4.7393486e-05
  -53.26666, -7.812e-05, -4.7393486e-05
  -53.260205, -9.3744e-05, -4.7250626e-05
  -53.260205, -5.4684e-05, -4.7250626e-05
  -53.260205, -5.859e-05, -4.7250626e-05
  -53.260205, 3.906e-05, -4.7250626e-05
  -53.260205, -7.812e-05, -4.7250626e-05
  -53.260205, 0, -4.7250626e-05
  -53.25375, -0.000124992, -4.7107661e-05
  -53.25375, -7.4214e-05, -4.7107661e-05
  -53.25375, -1.1718e-05, -4.7107661e-05
  -53.247295, -6.2496e-05, -4.6964592e-05
  -53.247295, -4.2966e-05, -4.6964592e-05
  -53.247295, -7.812e-06, -4.6964592e-05
  -53.247295, -0.000140616, -4.6964592e-05
  -53.247295, -9.3744e-05, -4.6964592e-05
  -53.24084, -9.765e-05, -4.6821419e-05
  -53.24084, -0.000144522, -4.6821419e-05
  -53.24084, -0.000101556, -4.6821419e-05
  -53.22793, -1.953e-05, -4.653476e-05
  -53.22793, -7.812e-05, -4.653476e-05
  -53.221475, -3.1248e-05, -4.6391274e-05
  -53.221475, -5.859e-05, -4.6391274e-05
  -53.21502, -2.7342e-05, -4.6247683e-05
  -53.208565, 0.000140616, -4.6103989e-05
  -53.208565, 7.812e-05, -4.6103989e-05
  -53.20211, -8.9838e-05, -4.596019e-05
  -53.20211, 3.5154e-05, -4.596019e-05
  -53.195655, 0.000113274, -4.5816286e-05
  -53.1892, 4.2966e-05, -4.5672279e-05
  -53.17629, 3.906e-06, -4.538395e-05
  -53.156925, -0.00015624, -4.4950673e-05
  -53.156925, -3.906e-05, -4.4950673e-05
  -53.15047, -9.3744e-05, -4.4806038e-05
  -53.15047, 7.812e-05, -4.4806038e-05
  -53.13756, 6.2496e-05, -4.4516455e-05
  -53.13756, -4.6872e-05, -4.4516455e-05
  -53.13756, -4.2966e-05, -4.4516455e-05
  -53.131105, 7.812e-06, -4.4371507e-05
  -53.118195, -9.765e-05, -4.4081296e-05
  -53.118195, -8.5932e-05, -4.4081296e-05
  -53.105285, 3.906e-06, -4.3790667e-05
  -53.079465, -7.4214e-05, -4.3208151e-05
  -53.0601, -1.953e-05, -4.2770164e-05
  -53.053645, -0.000105462, -4.2623958e-05
  -53.053645, -0.000128898, -4.2623958e-05
  -53.04719, -0.000105462, -4.2477648e-05
  -53.040735, -7.4214e-05, -4.2331232e-05
  -53.040735, -3.1248e-05, -4.2331232e-05
  -53.03428, -6.2496e-05, -4.2184712e-05
  -53.02137, -1.5624e-05, -4.1891356e-05
  -53.00846, 3.1248e-05, -4.159758e-05
  -53.002005, 5.859e-05, -4.1450535e-05
  -52.99555, -0.000121086, -4.1303384e-05
  -52.98264, -0.00013671, -4.1008768e-05
  -52.98264, 1.1718e-05, -4.1008768e-05
  -52.976185, -8.5932e-05, -4.0861302e-05
  -52.95682, -0.000113274, -4.0418272e-05
  -52.94391, -0.000152334, -4.0122393e-05
  -52.911635, -7.0308e-05, -3.9380852e-05
  -52.911635, -0.000101556, -3.9380852e-05
  -52.90518, 5.4684e-05, -3.9232228e-05
  -52.898725, -1.953e-05, -3.9083498e-05
  -52.87936, 4.6872e-05, -3.8636676e-05
  -52.872905, -2.7342e-05, -3.8487524e-05
  -52.86645, -1.1718e-05, -3.8338266e-05
  -52.859995, 7.812e-06, -3.8188903e-05
  -52.84063, -0.000148428, -3.774018e-05
  -52.82772, -6.6402e-05, -3.7440504e-05
  -52.808355, -7.4214e-05, -3.6990195e-05
  -52.8019, -5.4684e-05, -3.6839881e-05
  -52.78899, -6.6402e-05, -3.6538935e-05
  -52.782535, 8.2026e-05, -3.6388303e-05
  -52.77608, -0.000101556, -3.6237565e-05
  -52.76317, -1.5624e-05, -3.5935772e-05
  -52.756715, 4.2966e-05, -3.5784716e-05
  -52.756715, -6.2496e-05, -3.5784716e-05
  -52.756715, 7.0308e-05, -3.5784716e-05
  -52.75026, -8.9838e-05, -3.5633555e-05
  -52.730895, 3.906e-06, -3.5179434e-05
  -52.730895, 3.5154e-05, -3.5179434e-05
  -52.717985, -4.6872e-05, -3.4876156e-05
  -52.717985, 5.859e-05, -3.4876156e-05
  -52.692165, -8.2026e-05, -3.4268327e-05
  -52.692165, -5.0778e-05, -3.4268327e-05
  -52.68571, 0.000109368, -3.4116105e-05
  -52.68571, 0.000148428, -3.4116105e-05
  -52.68571, -0.000113274, -3.4116105e-05
  -52.679255, -8.9838e-05, -3.3963776e-05
  -52.666345, -3.906e-06, -3.3658799e-05
  -52.666345, 7.812e-06, -3.3658799e-05
  -52.64698, 0.000164052, -3.3200537e-05
  -52.627615, 0.000144522, -3.2741317e-05
  -52.627615, -5.859e-05, -3.2741317e-05
  -52.62116, -9.3744e-05, -3.2588031e-05
  -52.62116, -0.000144522, -3.2588031e-05
  -52.62116, -3.5154e-05, -3.2588031e-05
  -52.601795, -0.00013671, -3.2127533e-05
  -52.601795, -3.906e-06, -3.2127533e-05
  -52.575975, -8.9838e-05, -3.1512045e-05
  -52.56952, -7.0308e-05, -3.1357906e-05
  -52.55661, -6.6402e-05, -3.1049309e-05
  -52.550155, -4.6872e-05, -3.089485e-05
  -52.550155, -4.2966e-05, -3.089485e-05
  -52.550155, -4.6872e-05, -3.089485e-05
  -52.537245, -5.859e-05, -3.0585613e-05
  -52.53079, -7.4214e-05, -3.0430834e-05
  -52.524335, -4.2966e-05, -3.0275948e-05
  -52.524335, -1.1718e-05, -3.0275948e-05
  -52.511425, 6.6402e-05, -2.9965856e-05
  -52.50497, -5.0778e-05, -2.9810649e-05
  -52.498515, 0.000124992, -2.9655336e-05
  -52.49206, 7.812e-06, -2.9499916e-05
  -52.49206, 0.00013671, -2.9499916e-05
  -52.485605, -7.4214e-05, -2.9344389e-05
  -52.47915, -3.906e-06, -2.9188755e-05
  -52.472695, 1.5624e-05, -2.9033014e-05
  -52.472695, 0.000140616, -2.9033014e-05
  -52.46624, -0.000109368, -2.8877165e-05
  -52.46624, -0.000183582, -2.8877165e-05
  -52.46624, 3.906e-05, -2.8877165e-05
  -52.459785, -0.000101556, -2.872121e-05
  -52.446875, 7.812e-06, -2.8408979e-05
  -52.433965, -0.000124992, -2.8096319e-05
  -52.42751, -9.3744e-05, -2.7939828e-05
  -52.421055, -0.000101556, -2.778323e-05
  -52.421055, -3.1248e-05, -2.778323e-05
  -52.421055, 4.2966e-05, -2.778323e-05
  -52.4146, -0.000109368, -2.7626525e-05
  -52.408145, -5.0778e-05, -2.7469713e-05
  -52.408145, -9.3744e-05, -2.7469713e-05
  -52.395235, 4.2966e-05, -2.7155766e-05
  -52.382325, -9.3744e-05, -2.684139e-05
  -52.382325, 7.812e-05, -2.684139e-05
  -52.37587, -3.906e-05, -2.6684042e-05
  -52.37587, -3.906e-06, -2.6684042e-05
  -52.37587, -4.6872e-05, -2.6684042e-05
  -52.37587, 3.906e-06, -2.6684042e-05
  -52.369415, 2.3436e-05, -2.6526585e-05
  -52.369415, -7.812e-06, -2.6526585e-05
  -52.369415, -3.906e-06, -2.6526585e-05
  -52.36296, 1.1718e-05, -2.6369022e-05
  -52.343595, -4.6872e-05, -2.5895686e-05
  -52.343595, 3.5154e-05, -2.5895686e-05
  -52.343595, 8.5932e-05, -2.5895686e-05
  -52.33714, -3.1248e-05, -2.5737693e-05
  -52.33714, -5.0778e-05, -2.5737693e-05
  -52.330685, -6.6402e-05, -2.5579592e-05
  -52.330685, 1.5624e-05, -2.5579592e-05
  -52.32423, -5.4684e-05, -2.5421383e-05
  -52.32423, -5.0778e-05, -2.5421383e-05
  -52.317775, -4.6872e-05, -2.5263067e-05
  -52.317775, -8.2026e-05, -2.5263067e-05
  -52.317775, -0.000124992, -2.5263067e-05
  -52.31132, -4.2966e-05, -2.5104643e-05
  -52.31132, -0.000140616, -2.5104643e-05
  -52.304865, 1.5624e-05, -2.4946112e-05
  -52.304865, -5.859e-05, -2.4946112e-05
  -52.304865, -7.812e-06, -2.4946112e-05
  -52.304865, 3.906e-05, -2.4946112e-05
  -52.304865, 3.906e-06, -2.4946112e-05
  -52.29841, 1.5624e-05, -2.4787473e-05
  -52.29841, 0.000101556, -2.4787473e-05
  -52.291955, 7.4214e-05, -2.4628727e-05
  -52.291955, -1.5624e-05, -2.4628727e-05
  -52.291955, 0.000109368, -2.4628727e-05
  -52.291955, -6.2496e-05, -2.4628727e-05
  -52.291955, 4.2966e-05, -2.4628727e-05
  -52.2855, 2.3436e-05, -2.4469872e-05
  -52.2855, -0.000109368, -2.4469872e-05
  -52.2855, -1.1718e-05, -2.4469872e-05
  -52.279045, -8.2026e-05, -2.431091e-05
  -52.279045, -1.953e-05, -2.431091e-05
  -52.27259, -3.5154e-05, -2.4151841e-05
  -52.27259, 2.3436e-05, -2.4151841e-05
  -52.27259, -1.953e-05, -2.4151841e-05
  -52.27259, 5.0778e-05, -2.4151841e-05
  -52.27259, -0.000109368, -2.4151841e-05
  -52.266135, 4.2966e-05, -2.3992663e-05
  -52.266135, -3.5154e-05, -2.3992663e-05
  -52.266135, 5.859e-05, -2.3992663e-05
  -52.266135, 6.2496e-05, -2.3992663e-05
  -52.266135, 7.812e-06, -2.3992663e-05
  -52.266135, 1.5624e-05, -2.3992663e-05
  -52.25968, 7.812e-06, -2.3833378e-05
  -52.25968, -1.953e-05, -2.3833378e-05
  -52.25968, -6.2496e-05, -2.3833378e-05
  -52.25968, -0.000101556, -2.3833378e-05
  -52.25968, 5.0778e-05, -2.3833378e-05
  -52.25968, -3.906e-05, -2.3833378e-05
  -52.253225, -3.906e-05, -2.3673985e-05
  -52.253225, 0.0001953, -2.3673985e-05
  -52.253225, 0.000105462, -2.3673985e-05
  -52.253225, 4.6872e-05, -2.3673985e-05
  -52.253225, -9.765e-05, -2.3673985e-05
  -52.24677, -1.953e-05, -2.3514484e-05
  -52.24677, 4.2966e-05, -2.3514484e-05
  -52.24677, 0.000179676, -2.3514484e-05
  -52.240315, -7.812e-06, -2.3354875e-05
  -52.23386, 2.7342e-05, -2.3195159e-05
  -52.227405, -3.1248e-05, -2.3035334e-05
  -52.227405, -0.000105462, -2.3035334e-05
  -52.227405, 0.000164052, -2.3035334e-05
  -52.214495, -4.6872e-05, -2.2715362e-05
  -52.20804, -4.2966e-05, -2.2555213e-05
  -52.20804, -6.2496e-05, -2.2555213e-05
  -52.20804, 8.9838e-05, -2.2555213e-05
  -52.20804, 5.0778e-05, -2.2555213e-05
  -52.19513, -4.2966e-05, -2.2234593e-05
  -52.18222, -9.3744e-05, -2.191354e-05
  -52.18222, 3.1248e-05, -2.191354e-05
  -52.175765, -1.5624e-05, -2.1752852e-05
  -52.149945, -7.812e-06, -2.1109016e-05
  -52.14349, 3.906e-05, -2.0947787e-05
  -52.137035, -0.000132804, -2.0786449e-05
  -52.124125, -5.0778e-05, -2.046345e-05
  -52.11767, 0.000199206, -2.0301787e-05
  -52.11767, 0.000109368, -2.0301787e-05
  -52.111215, 7.812e-06, -2.0140017e-05
  -52.10476, -4.2966e-05, -1.9978138e-05
  -52.10476, -0.000101556, -1.9978138e-05
  -52.09185, -6.6402e-05, -1.9654054e-05
  -52.085395, -0.000109368, -1.949185e-05
  -52.085395, -7.0308e-05, -1.949185e-05
  -52.072485, -7.4214e-05, -1.9167116e-05
  -52.04021, -5.4684e-05, -1.8353383e-05
  -52.0273, -7.812e-06, -1.8027129e-05
  -52.0273, -8.5932e-05, -1.8027129e-05
  -52.0273, 3.5154e-05, -1.8027129e-05
  -52.020845, -0.000113274, -1.786384e-05
  -52.01439, -7.4214e-05, -1.7700441e-05
  -52.01439, 7.0308e-05, -1.7700441e-05
  -52.007935, -8.5932e-05, -1.7536934e-05
  -51.995025, -6.6402e-05, -1.7209594e-05
  -51.982115, -3.1248e-05, -1.6881818e-05
  -51.969205, -1.953e-05, -1.6553607e-05
  -51.969205, -5.4684e-05, -1.6553607e-05
  -51.94984, -3.906e-05, -1.6060474e-05
  -51.943385, -6.2496e-05, -1.5895879e-05
  -51.930475, -0.000132804, -1.5566361e-05
  -51.92402, -4.6872e-05, -1.5401438e-05
  -51.92402, -0.000148428, -1.5401438e-05
  -51.917565, 7.812e-06, -1.5236406e-05
  -51.91111, -0.000113274, -1.5071266e-05
  -51.904655, 8.5932e-05, -1.4906016e-05
  -51.904655, -1.5624e-05, -1.4906016e-05
  -51.8982, -4.6872e-05, -1.4740657e-05
  -51.8982, 1.5624e-05, -1.4740657e-05
  -51.8982, 6.2496e-05, -1.4740657e-05
  -51.891745, 2.7342e-05, -1.4575189e-05
  -51.88529, 1.953e-05, -1.4409612e-05
  -51.878835, -3.1248e-05, -1.4243926e-05
  -51.865925, 0, -1.3912226e-05
  -51.865925, -6.2496e-05, -1.3912226e-05
  -51.85947, 0.000105462, -1.3746212e-05
  -51.84656, 4.2966e-05, -1.3413856e-05
  -51.84656, -6.2496e-05, -1.3413856e-05
  -51.84656, 9.3744e-05, -1.3413856e-05
  -51.84656, 7.0308e-05, -1.3413856e-05
  -51.840105, -0.00013671, -1.3247514e-05
  -51.840105, -3.5154e-05, -1.3247514e-05
  -51.83365, 9.3744e-05, -1.3081062e-05
  -51.83365, -4.6872e-05, -1.3081062e-05
  -51.83365, 1.1718e-05, -1.3081062e-05
  -51.83365, 3.1248e-05, -1.3081062e-05
  -51.827195, 1.1718e-05, -1.2914502e-05
  -51.82074, 0.000179676, -1.2747832e-05
  -51.82074, 1.1718e-05, -1.2747832e-05
  -51.814285, -7.4214e-05, -1.2581052e-05
  -51.814285, 7.0308e-05, -1.2581052e-05
  -51.814285, -8.5932e-05, -1.2581052e-05
  -51.814285, 0.000140616, -1.2581052e-05
  -51.80783, -7.0308e-05, -1.2414163e-05
  -51.80783, 2.3436e-05, -1.2414163e-05
  -51.80783, -3.906e-05, -1.2414163e-05
  -51.80783, 7.0308e-05, -1.2414163e-05
  -51.80783, -3.906e-06, -1.2414163e-05
  -51.80783, 7.4214e-05, -1.2414163e-05
  -51.80783, 7.812e-05, -1.2414163e-05
  -51.80783, 0, -1.2414163e-05
  -51.80783, -0.000144522, -1.2414163e-05
  -51.801375, -5.0778e-05, -1.2247165e-05
  -51.801375, 4.6872e-05, -1.2247165e-05
  -51.801375, -5.0778e-05, -1.2247165e-05
  -51.79492, 7.812e-06, -1.2080057e-05
  -51.79492, 5.0778e-05, -1.2080057e-05
  -51.79492, -0.000113274, -1.2080057e-05
  -51.79492, -2.7342e-05, -1.2080057e-05
  -51.788465, -1.5624e-05, -1.1912839e-05
  -51.788465, -7.812e-05, -1.1912839e-05
  -51.788465, 6.2496e-05, -1.1912839e-05
  -51.788465, 0.000105462, -1.1912839e-05
  -51.78201, 0.000164052, -1.1745512e-05
  -51.78201, -1.1718e-05, -1.1745512e-05
  -51.78201, 1.5624e-05, -1.1745512e-05
  -51.78201, -2.7342e-05, -1.1745512e-05
  -51.775555, 0.000121086, -1.1578075e-05
  -51.7691, 0.000128898, -1.1410529e-05
  -51.7691, 5.859e-05, -1.1410529e-05
  -51.762645, -6.2496e-05, -1.1242873e-05
  -51.762645, 3.5154e-05, -1.1242873e-05
  -51.762645, 0, -1.1242873e-05
  -51.762645, -8.9838e-05, -1.1242873e-05
  -51.75619, 5.859e-05, -1.1075108e-05
  -51.75619, -1.5624e-05, -1.1075108e-05
  -51.749735, -1.953e-05, -1.0907233e-05
  -51.749735, 3.906e-06, -1.0907233e-05
  -51.749735, 3.1248e-05, -1.0907233e-05
  -51.74328, 1.953e-05, -1.0739248e-05
  -51.736825, -1.1718e-05, -1.0571153e-05
  -51.736825, -1.953e-05, -1.0571153e-05
  -51.736825, 5.0778e-05, -1.0571153e-05
  -51.736825, -5.0778e-05, -1.0571153e-05
  -51.736825, -4.2966e-05, -1.0571153e-05
  -51.736825, 1.5624e-05, -1.0571153e-05
  -51.736825, -3.5154e-05, -1.0571153e-05
  -51.73037, -1.953e-05, -1.0402949e-05
  -51.73037, 3.5154e-05, -1.0402949e-05
  -51.73037, -8.9838e-05, -1.0402949e-05
  -51.73037, 0, -1.0402949e-05
  -51.73037, -0.000101556, -1.0402949e-05
  -51.723915, 3.1248e-05, -1.0234635e-05
  -51.723915, 5.0778e-05, -1.0234635e-05
  -51.723915, 7.812e-05, -1.0234635e-05
  -51.723915, -4.2966e-05, -1.0234635e-05
  -51.723915, -6.2496e-05, -1.0234635e-05
  -51.723915, 0.000113274, -1.0234635e-05
  -51.723915, -0.000121086, -1.0234635e-05
  -51.71746, -9.3744e-05, -1.0066211e-05
  -51.71746, 6.6402e-05, -1.0066211e-05
  -51.71746, 7.4214e-05, -1.0066211e-05
  -51.71746, -2.3436e-05, -1.0066211e-05
  -51.71746, 0.000109368, -1.0066211e-05
  -51.71746, 4.6872e-05, -1.0066211e-05
  -51.71746, -5.0778e-05, -1.0066211e-05
  -51.711005, 4.6872e-05, -9.8976775e-06
  -51.711005, 7.0308e-05, -9.8976775e-06
  -51.711005, 1.5624e-05, -9.8976775e-06
  -51.711005, -7.812e-05, -9.8976775e-06
  -51.711005, 3.906e-06, -9.8976775e-06
  -51.711005, 5.859e-05, -9.8976775e-06
  -51.711005, 8.5932e-05, -9.8976775e-06
  -51.711005, -3.906e-05, -9.8976775e-06
  -51.711005, -2.3436e-05, -9.8976775e-06
  -51.70455, -7.0308e-05, -9.729034e-06
  -51.70455, -7.812e-06, -9.729034e-06
  -51.70455, -3.5154e-05, -9.729034e-06
  -51.70455, 5.859e-05, -9.729034e-06
  -51.70455, 0.000210924, -9.729034e-06
  -51.698095, -0.000105462, -9.5602807e-06
  -51.698095, 6.6402e-05, -9.5602807e-06
  -51.698095, -5.4684e-05, -9.5602807e-06
  -51.698095, -7.4214e-05, -9.5602807e-06
  -51.698095, -7.0308e-05, -9.5602807e-06
  -51.698095, -7.812e-05, -9.5602807e-06
  -51.69164, -5.859e-05, -9.3914174e-06
  -51.69164, -0.000124992, -9.3914174e-06
  -51.69164, 1.1718e-05, -9.3914174e-06
  -51.69164, -3.1248e-05, -9.3914174e-06
  -51.69164, 0, -9.3914174e-06
  -51.69164, -8.5932e-05, -9.3914174e-06
  -51.69164, -5.4684e-05, -9.3914174e-06
  -51.69164, -1.5624e-05, -9.3914174e-06
  -51.69164, -3.5154e-05, -9.3914174e-06
  -51.69164, -2.3436e-05, -9.3914174e-06
  -51.69164, -8.9838e-05, -9.3914174e-06
  -51.685185, 3.906e-06, -9.2224443e-06
  -51.685185, -1.953e-05, -9.2224443e-06
  -51.685185, 3.1248e-05, -9.2224443e-06
  -51.685185, -1.1718e-05, -9.2224443e-06
  -51.685185, -5.0778e-05, -9.2224443e-06
  -51.685185, -5.0778e-05, -9.2224443e-06
  -51.685185, -1.1718e-05, -9.2224443e-06
  -51.685185, -4.6872e-05, -9.2224443e-06
  -51.67873, -6.2496e-05, -9.0533611e-06
  -51.67873, 3.5154e-05, -9.0533611e-06
  -51.67873, -5.4684e-05, -9.0533611e-06
  -51.67873, 0.000113274, -9.0533611e-06
  -51.67873, 3.906e-06, -9.0533611e-06
  -51.67873, 4.2966e-05, -9.0533611e-06
  -51.672275, -3.1248e-05, -8.8841681e-06
  -51.672275, -2.3436e-05, -8.8841681e-06
  -51.672275, -2.3436e-05, -8.8841681e-06
  -51.672275, -9.3744e-05, -8.8841681e-06
  -51.672275, 6.2496e-05, -8.8841681e-06
  -51.672275, -0.000113274, -8.8841681e-06
  -51.672275, 9.765e-05, -8.8841681e-06
  -51.672275, 0.000128898, -8.8841681e-06
  -51.672275, -4.2966e-05, -8.8841681e-06
  -51.672275, -2.3436e-05, -8.8841681e-06
  -51.66582, 8.9838e-05, -8.714865e-06
  -51.66582, -8.5932e-05, -8.714865e-06
  -51.66582, 8.5932e-05, -8.714865e-06
  -51.66582, -5.0778e-05, -8.714865e-06
  -51.66582, 3.5154e-05, -8.714865e-06
  -51.66582, -3.906e-05, -8.714865e-06
  -51.66582, -3.5154e-05, -8.714865e-06
  -51.66582, -5.859e-05, -8.714865e-06
  -51.659365, -5.0778e-05, -8.545452e-06
  -51.659365, -7.812e-05, -8.545452e-06
  -51.659365, -8.9838e-05, -8.545452e-06
  -51.659365, -4.2966e-05, -8.545452e-06
  -51.659365, -5.4684e-05, -8.545452e-06
  -51.65291, -3.5154e-05, -8.3759289e-06
  -51.65291, -3.906e-05, -8.3759289e-06
  -51.65291, -2.3436e-05, -8.3759289e-06
  -51.65291, -0.000109368, -8.3759289e-06
  -51.646455, 9.3744e-05, -8.2062958e-06
  -51.646455, -4.6872e-05, -8.2062958e-06
  -51.646455, -9.765e-05, -8.2062958e-06
  -51.646455, 0.0001953, -8.2062958e-06
  -51.646455, 6.2496e-05, -8.2062958e-06
  -51.646455, -2.3436e-05, -8.2062958e-06
  -51.646455, -8.9838e-05, -8.2062958e-06
  -51.646455, 1.1718e-05, -8.2062958e-06
  -51.64, 0.000144522, -8.0365525e-06
  -51.64, 0.00011718, -8.0365525e-06
  -51.64, -4.2966e-05, -8.0365525e-06
  -51.64, -8.5932e-05, -8.0365525e-06
  -51.64, -0.000140616, -8.0365525e-06
  -51.64, 1.1718e-05, -8.0365525e-06
  -51.64, 5.0778e-05, -8.0365525e-06
  -51.64, -6.2496e-05, -8.0365525e-06
  -51.633545, 8.5932e-05, -7.8666992e-06
  -51.633545, -1.953e-05, -7.8666992e-06
  -51.633545, -7.812e-05, -7.8666992e-06
  -51.633545, 5.4684e-05, -7.8666992e-06
  -51.62709, 2.7342e-05, -7.6967357e-06
  -51.62709, 4.2966e-05, -7.6967357e-06
  -51.62709, -3.1248e-05, -7.6967357e-06
  -51.62709, -5.859e-05, -7.6967357e-06
  -51.62709, -0.000109368, -7.6967357e-06
  -51.620635, 8.9838e-05, -7.5266621e-06
  -51.620635, 7.812e-06, -7.5266621e-06
  -51.620635, -0.00011718, -7.5266621e-06
  -51.61418, -0.000187488, -7.3564783e-06
  -51.607725, -3.1248e-05, -7.1861843e-06
  -51.607725, 1.5624e-05, -7.1861843e-06
  -51.607725, -7.812e-06, -7.1861843e-06
  -51.60127, 2.3436e-05, -7.0157801e-06
  -51.60127, -0.000140616, -7.0157801e-06
  -51.60127, -3.5154e-05, -7.0157801e-06
  -51.60127, -7.812e-05, -7.0157801e-06
  -51.60127, -0.00015624, -7.0157801e-06
  -51.594815, -0.000113274, -6.8452657e-06
  -51.58836, -5.4684e-05, -6.6746409e-06
  -51.58836, 5.859e-05, -6.6746409e-06
  -51.58836, -7.0308e-05, -6.6746409e-06
  -51.581905, -2.3436e-05, -6.5039059e-06
  -51.57545, 2.3436e-05, -6.3330605e-06
  -51.57545, -0.000101556, -6.3330605e-06
  -51.57545, -3.906e-06, -6.3330605e-06
  -51.57545, 5.4684e-05, -6.3330605e-06
  -51.568995, 1.1718e-05, -6.1621048e-06
  -51.568995, -3.906e-05, -6.1621048e-06
  -51.56254, 0.000144522, -5.9910387e-06
  -51.56254, -6.6402e-05, -5.9910387e-06
  -51.56254, -6.6402e-05, -5.9910387e-06
  -51.56254, -0.00011718, -5.9910387e-06
  -51.56254, 5.0778e-05, -5.9910387e-06
  -51.556085, -3.5154e-05, -5.8198622e-06
  -51.54963, -2.7342e-05, -5.6485753e-06
  -51.54963, -7.812e-06, -5.6485753e-06
  -51.54963, -1.1718e-05, -5.6485753e-06
  -51.543175, 2.7342e-05, -5.477178e-06
  -51.543175, -1.5624e-05, -5.477178e-06
  -51.543175, -0.000109368, -5.477178e-06
  -51.53672, -8.5932e-05, -5.3056701e-06
  -51.53672, -3.906e-05, -5.3056701e-06
  -51.530265, -0.000124992, -5.1340518e-06
  -51.530265, 2.3436e-05, -5.1340518e-06
  -51.52381, -5.4684e-05, -4.962323e-06
  -51.52381, -2.3436e-05, -4.962323e-06
  -51.52381, 0, -4.962323e-06
  -51.52381, -7.812e-06, -4.962323e-06
  -51.517355, -4.6872e-05, -4.7904836e-06
  -51.517355, -2.7342e-05, -4.7904836e-06
  -51.517355, 6.6402e-05, -4.7904836e-06
  -51.517355, 7.812e-05, -4.7904836e-06
  -51.5109, -6.2496e-05, -4.6185337e-06
  -51.5109, -5.859e-05, -4.6185337e-06
  -51.49799, 4.6872e-05, -4.274302e-06
  -51.49799, -0.00011718, -4.274302e-06
  -51.49799, 1.953e-05, -4.274302e-06
  -51.49799, -6.2496e-05, -4.274302e-06
  -51.491535, 0.000109368, -4.1020203e-06
  -51.478625, 6.2496e-05, -3.7571247e-06
  -51.478625, 7.812e-06, -3.7571247e-06
  -51.47217, 1.953e-05, -3.5845108e-06
  -51.465715, -4.2966e-05, -3.4117863e-06
  -51.465715, 6.2496e-05, -3.4117863e-06
  -51.465715, 4.2966e-05, -3.4117863e-06
  -51.45926, -6.2496e-05, -3.2389509e-06
  -51.45926, -1.953e-05, -3.2389509e-06
  -51.452805, 5.859e-05, -3.0660048e-06
  -51.44635, 0, -2.8929479e-06
  -51.439895, -3.5154e-05, -2.7197801e-06
  -51.439895, 1.953e-05, -2.7197801e-06
  -51.43344, 6.2496e-05, -2.5465015e-06
  -51.426985, -8.5932e-05, -2.3731119e-06
  -51.426985, 9.3744e-05, -2.3731119e-06
  -51.426985, 3.906e-06, -2.3731119e-06
  -51.42053, -0.000105462, -2.1996115e-06
  -51.414075, 7.812e-05, -2.0260002e-06
  -51.414075, -4.6872e-05, -2.0260002e-06
  -51.414075, -3.906e-06, -2.0260002e-06
  -51.40762, 0.00011718, -1.8522779e-06
  -51.388255, 8.5932e-05, -1.330445e-06
  -51.375345, 0.000257796, -9.8200115e-07
  -51.36889, -9.765e-05, -8.0761259e-07
  -51.362435, -8.9838e-05, -6.3311291e-07
  -51.349525, 0.000183582, -2.8378008e-07
  -51.349525, -1.1718e-05, -2.8378008e-07
  -51.34307, -2.3436e-05, -1.0894687e-07
  -51.34307, 0.000113274, -1.0894687e-07
  -51.336615, 0.000203112, 6.5997563e-08
  -51.31725, 4.6872e-05, 5.9149845e-07
  -51.310795, 3.5154e-05, 7.6688802e-07
  -51.310795, 7.812e-06, 7.6688802e-07
  -51.310795, 0.000140616, 7.6688802e-07
  -51.30434, 4.2966e-05, 9.4238894e-07
  -51.30434, -3.5154e-05, 9.4238894e-07
  -51.30434, 9.765e-05, 9.4238894e-07
  -51.284975, 0.000160146, 1.46956e-06
  -51.284975, 4.2966e-05, 1.46956e-06
  -51.27852, -3.5154e-05, 1.6455066e-06
  -51.272065, 0.000105462, 1.8215646e-06
  -51.272065, 7.812e-06, 1.8215646e-06
  -51.26561, -0.000121086, 1.9977341e-06
  -51.2527, 0.000144522, 2.3504077e-06
  -51.2527, 3.906e-05, 2.3504077e-06
  -51.233335, -8.9838e-05, 2.880255e-06
  -51.22688, -0.000109368, 3.057094e-06
  -51.22688, -5.4684e-05, 3.057094e-06
  -51.220425, -1.5624e-05, 3.2340446e-06
  -51.220425, -0.000160146, 3.2340446e-06
  -51.21397, -3.5154e-05, 3.411107e-06
  -51.207515, -9.765e-05, 3.588281e-06
  -51.194605, 1.5624e-05, 3.9429644e-06
  -51.18815, 0.000105462, 4.1204737e-06
  -51.181695, 3.906e-06, 4.2980949e-06
  -51.17524, -7.812e-06, 4.4758279e-06
  -51.17524, -2.7342e-05, 4.4758279e-06
  -51.155875, -3.906e-06, 5.0096982e-06
  -51.155875, -7.812e-05, 5.0096982e-06
  -51.13651, 0.00013671, 5.5445759e-06
  -51.1236, 5.4684e-05, 5.901721e-06
  -51.117145, -1.5624e-05, 6.0804616e-06
  -51.117145, 9.3744e-05, 6.0804616e-06
  -51.117145, 2.3436e-05, 6.0804616e-06
  -51.104235, 2.7342e-05, 6.4382792e-06
  -51.091325, -5.4684e-05, 6.7965453e-06
  -51.08487, -6.2496e-05, 6.9758466e-06
  -51.08487, -4.6872e-05, 6.9758466e-06
  -51.078415, -5.859e-05, 7.1552601e-06
  -51.052595, 6.6402e-05, 7.8740367e-06
  -51.04614, 1.1718e-05, 8.0540116e-06
  -51.039685, -3.906e-06, 8.2340989e-06
  -51.039685, -7.0308e-05, 8.2340989e-06
  -51.03323, 7.4214e-05, 8.4142985e-06
  -51.013865, 8.9838e-05, 8.9555719e-06
  -51.00741, 5.0778e-05, 9.1362213e-06
  -51.000955, -8.2026e-05, 9.3169832e-06
  -51.000955, -2.7342e-05, 9.3169832e-06
  -50.9945, -1.5624e-05, 9.4978577e-06
  -50.988045, 0.000113274, 9.6788447e-06
  -50.988045, -5.859e-05, 9.6788447e-06
  -50.98159, 0.000183582, 9.8599442e-06
  -50.96868, 0, 1.0222481e-05
  -50.96868, 5.859e-05, 1.0222481e-05
  -50.95577, 0.000121086, 1.0585469e-05
  -50.949315, -7.812e-06, 1.0767132e-05
  -50.949315, 4.6872e-05, 1.0767132e-05
  -50.949315, 3.906e-05, 1.0767132e-05
  -50.949315, -0.00011718, 1.0767132e-05
  -50.94286, 0.000128898, 1.0948907e-05
  -50.936405, -2.3436e-05, 1.1130795e-05
  -50.936405, 9.3744e-05, 1.1130795e-05
  -50.936405, 0.000191394, 1.1130795e-05
  -50.936405, -4.6872e-05, 1.1130795e-05
  -50.92995, 2.3436e-05, 1.1312796e-05
  -50.92995, 0.000113274, 1.1312796e-05
  -50.92995, 5.859e-05, 1.1312796e-05
  -50.923495, 8.9838e-05, 1.149491e-05
  -50.923495, -5.4684e-05, 1.149491e-05
  -50.91704, 0.000105462, 1.1677137e-05
  -50.91704, 3.1248e-05, 1.1677137e-05
  -50.89122, 1.1718e-05, 1.2407172e-05
  -50.87831, 1.953e-05, 1.2772868e-05
  -50.8654, -4.2966e-05, 1.3139015e-05
  -50.858945, -7.812e-06, 1.3322258e-05
  -50.85249, -1.1718e-05, 1.3505615e-05
  -50.85249, 3.906e-05, 1.3505615e-05
  -50.85249, 9.3744e-05, 1.3505615e-05
  -50.85249, 1.1718e-05, 1.3505615e-05
  -50.85249, -3.5154e-05, 1.3505615e-05
  -50.85249, 4.2966e-05, 1.3505615e-05
  -50.83958, -5.4684e-05, 1.3872666e-05
  -50.82667, -1.953e-05, 1.4240171e-05
  -50.82667, -0.000113274, 1.4240171e-05
  -50.82667, 0.000124992, 1.4240171e-05
  -50.82667, 3.906e-06, 1.4240171e-05
  -50.82667, -7.4214e-05, 1.4240171e-05
  -50.820215, 0.000109368, 1.4424093e-05
  -50.81376, 3.906e-05, 1.4608128e-05
  -50.807305, 3.1248e-05, 1.4792277e-05
  -50.807305, -4.6872e-05, 1.4792277e-05
  -50.80085, -2.3436e-05, 1.4976538e-05
  -50.80085, -1.1718e-05, 1.4976538e-05
  -50.80085, 1.5624e-05, 1.4976538e-05
  -50.794395, 0.000128898, 1.5160913e-05
  -50.78794, 0.000109368, 1.5345402e-05
  -50.78794, 5.0778e-05, 1.5345402e-05
  -50.781485, 0.000121086, 1.5530003e-05
  -50.781485, 0, 1.5530003e-05
  -50.77503, -1.953e-05, 1.5714718e-05
  -50.77503, 0, 1.5714718e-05
  -50.768575, 4.6872e-05, 1.5899547e-05
  -50.768575, -1.1718e-05, 1.5899547e-05
  -50.76212, 0.000132804, 1.6084489e-05
  -50.755665, -5.0778e-05, 1.6269544e-05
  -50.74921, -0.000101556, 1.6454713e-05
  -50.742755, 5.0778e-05, 1.6639995e-05
  -50.7363, -1.5624e-05, 1.6825391e-05
  -50.7363, -1.1718e-05, 1.6825391e-05
  -50.729845, -2.7342e-05, 1.70109e-05
  -50.72339, 1.1718e-05, 1.7196523e-05
  -50.716935, 0.000109368, 1.738226e-05
  -50.716935, -6.6402e-05, 1.738226e-05
  -50.71048, 7.0308e-05, 1.756811e-05
  -50.704025, 7.812e-06, 1.7754074e-05
  -50.704025, -4.2966e-05, 1.7754074e-05
  -50.704025, 0.000160146, 1.7754074e-05
  -50.704025, -1.1718e-05, 1.7754074e-05
  -50.704025, -7.4214e-05, 1.7754074e-05
  -50.69757, 2.3436e-05, 1.7940151e-05
  -50.691115, 0, 1.8126342e-05
  -50.691115, -9.3744e-05, 1.8126342e-05
  -50.691115, 0.000121086, 1.8126342e-05
  -50.68466, 5.859e-05, 1.8312647e-05
  -50.68466, 0.000152334, 1.8312647e-05
  -50.678205, -6.6402e-05, 1.8499066e-05
  -50.678205, -2.3436e-05, 1.8499066e-05
  -50.678205, 0.000113274, 1.8499066e-05
  -50.678205, 0.000132804, 1.8499066e-05
  -50.67175, -7.4214e-05, 1.8685598e-05
  -50.67175, -3.906e-06, 1.8685598e-05
  -50.67175, 8.2026e-05, 1.8685598e-05
  -50.665295, -7.812e-06, 1.8872244e-05
  -50.665295, -1.1718e-05, 1.8872244e-05
  -50.665295, -3.906e-06, 1.8872244e-05
  -50.65884, 3.906e-06, 1.9059004e-05
  -50.65884, 8.2026e-05, 1.9059004e-05
  -50.65884, -7.812e-06, 1.9059004e-05
  -50.652385, 3.5154e-05, 1.9245878e-05
  -50.652385, -1.5624e-05, 1.9245878e-05
  -50.652385, 6.2496e-05, 1.9245878e-05
  -50.64593, 4.2966e-05, 1.9432866e-05
  -50.64593, 5.0778e-05, 1.9432866e-05
  -50.64593, 0.000210924, 1.9432866e-05
  -50.639475, 5.859e-05, 1.9619967e-05
  -50.639475, -2.7342e-05, 1.9619967e-05
  -50.626565, -7.812e-06, 1.9994512e-05
  -50.626565, 5.4684e-05, 1.9994512e-05
  -50.613655, 4.2966e-05, 2.0369513e-05
  -50.613655, -3.906e-05, 2.0369513e-05
  -50.6072, 3.906e-05, 2.0557184e-05
  -50.587835, -0.00011718, 2.1120883e-05
  -50.574925, 2.7342e-05, 2.1497253e-05
  -50.56847, -7.812e-06, 2.1685609e-05
  -50.56847, 2.3436e-05, 2.1685609e-05
  -50.562015, 4.6872e-05, 2.1874079e-05
  -50.55556, 0.000113274, 2.2062663e-05
  -50.55556, 1.1718e-05, 2.2062663e-05
  -50.549105, 1.1718e-05, 2.2251362e-05
  -50.536195, 0.000140616, 2.2629102e-05
  -50.523285, 8.5932e-05, 2.30073e-05
  -50.523285, 0.000101556, 2.30073e-05
  -50.523285, -3.906e-06, 2.30073e-05
  -50.51683, -1.953e-05, 2.319657e-05
  -50.510375, 0.000148428, 2.3385955e-05
  -50.50392, -6.2496e-05, 2.3575454e-05
  -50.50392, -0.000109368, 2.3575454e-05
  -50.4781, 7.4214e-05, 2.4334595e-05
  -50.471645, -2.7342e-05, 2.4524667e-05
  -50.471645, -3.5154e-05, 2.4524667e-05
  -50.471645, -8.2026e-05, 2.4524667e-05
  -50.45228, 7.812e-06, 2.5095569e-05
  -50.432915, -0.000128898, 2.5667503e-05
  -50.42646, -2.3436e-05, 2.5858377e-05
  -50.420005, 0.000121086, 2.6049366e-05
  -50.420005, 1.5624e-05, 2.6049366e-05
  -50.407095, 3.906e-05, 2.6431688e-05
  -50.407095, -5.859e-05, 2.6431688e-05
  -50.381275, 3.906e-05, 2.7197709e-05
  -50.381275, 0.000249984, 2.7197709e-05
  -50.368365, 3.1248e-05, 2.758141e-05
  -50.368365, 4.6872e-05, 2.758141e-05
  -50.368365, 0.000289044, 2.758141e-05
  -50.368365, 0.00021483, 2.758141e-05
  -50.36191, -1.953e-05, 2.7773433e-05
  -50.36191, 2.3436e-05, 2.7773433e-05
  -50.355455, 7.0308e-05, 2.796557e-05
  -50.349, -8.2026e-05, 2.8157823e-05
  -50.342545, -5.0778e-05, 2.8350191e-05
  -50.33609, 0.000179676, 2.8542673e-05
  -50.329635, 2.3436e-05, 2.8735271e-05
  -50.329635, -3.1248e-05, 2.8735271e-05
  -50.32318, -6.2496e-05, 2.8927984e-05
  -50.316725, -7.812e-06, 2.9120812e-05
  -50.316725, 1.953e-05, 2.9120812e-05
  -50.303815, -0.000109368, 2.9506814e-05
  -50.290905, -1.953e-05, 2.9893277e-05
  -50.28445, 5.0778e-05, 3.0086681e-05
  -50.28445, -7.812e-06, 3.0086681e-05
  -50.28445, 6.2496e-05, 3.0086681e-05
  -50.277995, -5.859e-05, 3.0280201e-05
  -50.277995, 3.5154e-05, 3.0280201e-05
  -50.27154, 0.00021483, 3.0473835e-05
  -50.265085, 0.000230454, 3.0667586e-05
  -50.25863, 8.2026e-05, 3.0861451e-05
  -50.252175, 0.000203112, 3.1055432e-05
  -50.252175, 7.812e-06, 3.1055432e-05
  -50.252175, -5.0778e-05, 3.1055432e-05
  -50.252175, 7.812e-06, 3.1055432e-05
  -50.252175, -9.765e-05, 3.1055432e-05
  -50.24572, 0.000101556, 3.1249529e-05
  -50.226355, -7.812e-06, 3.1832511e-05
  -50.226355, -2.3436e-05, 3.1832511e-05
  -50.2199, 2.3436e-05, 3.2027069e-05
  -50.2199, -3.5154e-05, 3.2027069e-05
  -50.213445, -2.3436e-05, 3.2221743e-05
  -50.20699, -5.4684e-05, 3.2416533e-05
  -50.200535, -9.765e-05, 3.2611438e-05
  -50.19408, 0, 3.2806458e-05
  -50.18117, 5.0778e-05, 3.3196847e-05
  -50.18117, 4.6872e-05, 3.3196847e-05
  -50.18117, 3.5154e-05, 3.3196847e-05
  -50.174715, -1.953e-05, 3.3392215e-05
  -50.16826, 0.000128898, 3.3587698e-05
  -50.16826, 2.7342e-05, 3.3587698e-05
  -50.16826, 0.000191394, 3.3587698e-05
  -50.161805, -3.5154e-05, 3.3783297e-05
  -50.161805, -3.906e-05, 3.3783297e-05
  -50.15535, 8.5932e-05, 3.3979012e-05
  -50.15535, 3.906e-06, 3.3979012e-05
  -50.148895, 0.000144522, 3.4174843e-05
  -50.135985, 8.2026e-05, 3.4566852e-05
  -50.12953, -1.1718e-05, 3.4763031e-05
  -50.12953, 7.4214e-05, 3.4763031e-05
  -50.123075, 7.812e-06, 3.4959325e-05
  -50.123075, 3.906e-05, 3.4959325e-05
  -50.11662, 1.953e-05, 3.5155735e-05
  -50.11662, -2.7342e-05, 3.5155735e-05
  -50.11662, -3.906e-06, 3.5155735e-05
  -50.110165, 7.812e-05, 3.5352261e-05
  -50.110165, 6.6402e-05, 3.5352261e-05
  -50.097255, 3.906e-06, 3.5745662e-05
  -50.0908, 0.00013671, 3.5942536e-05
  -50.084345, -3.1248e-05, 3.6139526e-05
  -50.084345, -8.9838e-05, 3.6139526e-05
  -50.07789, 5.0778e-05, 3.6336633e-05
  -50.07789, 7.0308e-05, 3.6336633e-05
  -50.07789, -2.7342e-05, 3.6336633e-05
  -50.07789, 8.2026e-05, 3.6336633e-05
  -50.071435, 3.1248e-05, 3.6533855e-05
  -50.071435, 1.953e-05, 3.6533855e-05
  -50.071435, -1.5624e-05, 3.6533855e-05
  -50.071435, 6.2496e-05, 3.6533855e-05
  -50.06498, -1.5624e-05, 3.6731194e-05
  -50.058525, 6.2496e-05, 3.6928648e-05
  -50.058525, 1.5624e-05, 3.6928648e-05
  -50.058525, -1.953e-05, 3.6928648e-05
  -50.05207, 6.6402e-05, 3.7126219e-05
  -50.045615, -3.5154e-05, 3.7323906e-05
  -50.045615, -3.906e-06, 3.7323906e-05
  -50.03916, 8.9838e-05, 3.752171e-05
  -50.03916, -0.000109368, 3.752171e-05
  -50.03916, 1.1718e-05, 3.752171e-05
  -50.032705, 2.7342e-05, 3.7719629e-05
  -50.032705, 2.7342e-05, 3.7719629e-05
  -50.02625, 2.7342e-05, 3.7917665e-05
  -50.02625, 0.000101556, 3.7917665e-05
  -50.02625, -2.7342e-05, 3.7917665e-05
  -50.02625, 8.2026e-05, 3.7917665e-05
  -50.02625, 7.0308e-05, 3.7917665e-05
  -50.019795, 6.2496e-05, 3.8115818e-05
  -50.019795, 5.0778e-05, 3.8115818e-05
  -50.019795, -1.5624e-05, 3.8115818e-05
  -50.019795, 0.000113274, 3.8115818e-05
  -50.019795, 2.3436e-05, 3.8115818e-05
  -50.019795, 1.1718e-05, 3.8115818e-05
  -50.019795, 8.5932e-05, 3.8115818e-05
  -50.019795, 4.2966e-05, 3.8115818e-05
  -50.019795, 0.000160146, 3.8115818e-05
  -50.019795, -4.2966e-05, 3.8115818e-05
  -50.01334, 8.2026e-05, 3.8314086e-05
  -50.01334, 7.812e-05, 3.8314086e-05
  -50.01334, 0.00017577, 3.8314086e-05
  -50.01334, 5.859e-05, 3.8314086e-05
  -50.01334, 7.812e-06, 3.8314086e-05
  -50.01334, 9.765e-05, 3.8314086e-05
  -50.01334, 3.906e-06, 3.8314086e-05
  -50.01334, -2.7342e-05, 3.8314086e-05
  -50.01334, 8.2026e-05, 3.8314086e-05
  -50.01334, -3.906e-06, 3.8314086e-05
  -50.01334, 3.906e-05, 3.8314086e-05
  -50.006885, 8.9838e-05, 3.8512471e-05
  -50.006885, -2.3436e-05, 3.8512471e-05
  -50.006885, 8.9838e-05, 3.8512471e-05
  -50.006885, 6.2496e-05, 3.8512471e-05
  -50.006885, 0.000101556, 3.8512471e-05
  -50.006885, -2.7342e-05, 3.8512471e-05
  -50.006885, 5.859e-05, 3.8512471e-05
  -50.00043, -1.953e-05, 3.8710972e-05
  -50.00043, 1.1718e-05, 3.8710972e-05
  -50.00043, 6.6402e-05, 3.8710972e-05
  -50.00043, 7.812e-05, 3.8710972e-05
  -50.00043, 0.000179676, 3.8710972e-05
  -50.00043, -0.000121086, 3.8710972e-05
  -50.00043, -2.3436e-05, 3.8710972e-05
  -50.00043, -8.5932e-05, 3.8710972e-05
  -50.00043, 0.000105462, 3.8710972e-05
  -50.00043, 1.953e-05, 3.8710972e-05
  -50.00043, 0.00017577, 3.8710972e-05
  -50.00043, -8.2026e-05, 3.8710972e-05
  -50.00043, -3.906e-06, 3.8710972e-05
  -50.00043, 0.000128898, 3.8710972e-05
  -50.00043, -1.5624e-05, 3.8710972e-05
  -50.00043, -1.1718e-05, 3.8710972e-05
  -50.00043, -4.6872e-05, 3.8710972e-05
  -49.993975, -4.6872e-05, 3.890959e-05
  -49.993975, 0.00029295, 3.890959e-05
  -49.993975, -7.812e-06, 3.890959e-05
  -49.993975, -1.1718e-05, 3.890959e-05
  -49.993975, 7.4214e-05, 3.890959e-05
  -49.993975, 0.000199206, 3.890959e-05
  -49.993975, 1.5624e-05, 3.890959e-05
  -49.993975, -3.1248e-05, 3.890959e-05
  -49.993975, 3.906e-06, 3.890959e-05
  -49.993975, 6.6402e-05, 3.890959e-05
  -49.993975, 3.1248e-05, 3.890959e-05
  -49.993975, 3.906e-05, 3.890959e-05
  -49.98752, 2.3436e-05, 3.9108324e-05
  -49.98752, -1.953e-05, 3.9108324e-05
  -49.98752, 0.000300762, 3.9108324e-05
  -49.98752, 6.2496e-05, 3.9108324e-05
  -49.98752, 0.000105462, 3.9108324e-05
  -49.98752, 0.000109368, 3.9108324e-05
  -49.98752, -1.5624e-05, 3.9108324e-05
  -49.98752, 5.0778e-05, 3.9108324e-05
  -49.98752, -9.765e-05, 3.9108324e-05
  -49.98752, 0.000140616, 3.9108324e-05
  -49.98752, 7.4214e-05, 3.9108324e-05
  -49.98752, 7.812e-06, 3.9108324e-05
  -49.981065, 3.906e-06, 3.9307175e-05
  -49.981065, -1.5624e-05, 3.9307175e-05
  -49.981065, 8.9838e-05, 3.9307175e-05
  -49.981065, -0.000121086, 3.9307175e-05
  -49.981065, 0.00011718, 3.9307175e-05
  -49.981065, -3.5154e-05, 3.9307175e-05
  -49.981065, 1.1718e-05, 3.9307175e-05
  -49.981065, 2.3436e-05, 3.9307175e-05
  -49.97461, -6.2496e-05, 3.9506142e-05
  -49.97461, 0.000101556, 3.9506142e-05
  -49.97461, 3.1248e-05, 3.9506142e-05
  -49.97461, 8.5932e-05, 3.9506142e-05
  -49.968155, -5.859e-05, 3.9705226e-05
  -49.968155, 9.3744e-05, 3.9705226e-05
  -49.968155, 3.906e-06, 3.9705226e-05
  -49.968155, 8.5932e-05, 3.9705226e-05
  -49.968155, -7.812e-06, 3.9705226e-05
  -49.9617, 3.906e-06, 3.9904426e-05
  -49.9617, -7.0308e-05, 3.9904426e-05
  -49.9617, 8.9838e-05, 3.9904426e-05
  -49.9617, 0.000203112, 3.9904426e-05
  -49.955245, -7.4214e-05, 4.0103743e-05
  -49.955245, 4.2966e-05, 4.0103743e-05
  -49.94879, -6.2496e-05, 4.0303176e-05
  -49.94879, -7.812e-05, 4.0303176e-05
  -49.94879, 7.812e-05, 4.0303176e-05
  -49.942335, 5.0778e-05, 4.0502726e-05
  -49.942335, 0.000402318, 4.0502726e-05
  -49.942335, 8.9838e-05, 4.0502726e-05
  -49.93588, -1.5624e-05, 4.0702392e-05
  -49.93588, 7.812e-06, 4.0702392e-05
  -49.929425, 7.4214e-05, 4.0902176e-05
  -49.929425, -0.000144522, 4.0902176e-05
  -49.92297, 6.2496e-05, 4.1102076e-05
  -49.92297, 1.5624e-05, 4.1102076e-05
  -49.92297, 0.00011718, 4.1102076e-05
  -49.916515, 1.953e-05, 4.1302092e-05
  -49.916515, 0.000160146, 4.1302092e-05
  -49.916515, -3.906e-06, 4.1302092e-05
  -49.916515, -6.6402e-05, 4.1302092e-05
  -49.916515, 7.4214e-05, 4.1302092e-05
  -49.916515, -1.1718e-05, 4.1302092e-05
  -49.91006, -2.7342e-05, 4.1502226e-05
  -49.91006, 4.6872e-05, 4.1502226e-05
  -49.91006, 6.2496e-05, 4.1502226e-05
  -49.91006, 0.000242172, 4.1502226e-05
  -49.903605, 0.000191394, 4.1702476e-05
  -49.89715, -7.0308e-05, 4.1902843e-05
  -49.89715, 0.000101556, 4.1902843e-05
  -49.89715, -3.5154e-05, 4.1902843e-05
  -49.890695, 6.6402e-05, 4.2103327e-05
  -49.890695, 0.000105462, 4.2103327e-05
  -49.890695, 0, 4.2103327e-05
  -49.890695, 0.000105462, 4.2103327e-05
  -49.88424, 1.953e-05, 4.2303927e-05
  -49.87133, 0.00017577, 4.2705479e-05
  -49.87133, 0.000203112, 4.2705479e-05
  -49.87133, 6.2496e-05, 4.2705479e-05
  -49.87133, 0.000109368, 4.2705479e-05
  -49.864875, 3.906e-06, 4.2906431e-05
  -49.864875, -3.906e-06, 4.2906431e-05
  -49.85842, 0.00013671, 4.3107499e-05
  -49.85842, 0.000105462, 4.3107499e-05
  -49.851965, 0.00015624, 4.3308684e-05
  -49.84551, 8.5932e-05, 4.3509987e-05
  -49.84551, 5.4684e-05, 4.3509987e-05
  -49.84551, -7.812e-06, 4.3509987e-05
  -49.84551, 0.000109368, 4.3509987e-05
  -49.839055, 0.000128898, 4.3711406e-05
  -49.8326, 0.00011718, 4.3912942e-05
  -49.8326, 0.00015624, 4.3912942e-05
  -49.8326, -7.812e-06, 4.3912942e-05
  -49.826145, 0.000144522, 4.4114596e-05
  -49.81969, 0.000179676, 4.4316366e-05
  -49.81969, 0.000105462, 4.4316366e-05
  -49.813235, 8.2026e-05, 4.4518254e-05
  -49.80678, 3.5154e-05, 4.4720259e-05
  -49.80678, -3.1248e-05, 4.4720259e-05
  -49.80678, -1.1718e-05, 4.4720259e-05
  -49.80678, 9.765e-05, 4.4720259e-05
  -49.80678, -1.5624e-05, 4.4720259e-05
  -49.80678, 6.2496e-05, 4.4720259e-05
  -49.800325, -3.1248e-05, 4.4922381e-05
  -49.800325, -3.1248e-05, 4.4922381e-05
  -49.79387, -5.0778e-05, 4.512462e-05
  -49.79387, 8.2026e-05, 4.512462e-05
  -49.78096, 0.000101556, 4.552945e-05
  -49.78096, 8.2026e-05, 4.552945e-05
  -49.78096, -3.1248e-05, 4.552945e-05
  -49.774505, -8.2026e-05, 4.5732041e-05
  -49.76805, 6.6402e-05, 4.5934749e-05
  -49.76805, 8.9838e-05, 4.5934749e-05
  -49.761595, 2.3436e-05, 4.6137575e-05
  -49.75514, 7.812e-05, 4.6340518e-05
  -49.748685, 3.906e-06, 4.6543578e-05
  -49.748685, -8.2026e-05, 4.6543578e-05
  -49.735775, 0.000152334, 4.6950051e-05
  -49.72932, 6.6402e-05, 4.7153464e-05
  -49.72932, 8.5932e-05, 4.7153464e-05
  -49.722865, 0.000101556, 4.7356994e-05
  -49.722865, 8.5932e-05, 4.7356994e-05
  -49.71641, 3.906e-05, 4.7560642e-05
  -49.709955, 6.6402e-05, 4.7764407e-05
  -49.709955, -1.1718e-05, 4.7764407e-05
  -49.7035, 8.2026e-05, 4.796829e-05
  -49.7035, 7.0308e-05, 4.796829e-05
  -49.7035, 7.812e-06, 4.796829e-05
  -49.697045, 0.00017577, 4.817229e-05
  -49.697045, -3.1248e-05, 4.817229e-05
  -49.697045, -2.3436e-05, 4.817229e-05
  -49.697045, 8.5932e-05, 4.817229e-05
  -49.697045, 6.2496e-05, 4.817229e-05
  -49.697045, -1.5624e-05, 4.817229e-05
  -49.69059, 0.000128898, 4.8376408e-05
  -49.69059, -1.953e-05, 4.8376408e-05
  -49.69059, 0.00013671, 4.8376408e-05
  -49.69059, 0.00011718, 4.8376408e-05
  -49.684135, -1.5624e-05, 4.8580644e-05
  -49.67768, 3.906e-05, 4.8784997e-05
  -49.67768, 8.2026e-05, 4.8784997e-05
  -49.671225, -2.7342e-05, 4.8989468e-05
  -49.66477, -1.5624e-05, 4.9194057e-05
  -49.66477, -8.9838e-05, 4.9194057e-05
  -49.658315, -1.1718e-05, 4.9398763e-05
  -49.645405, 0.000179676, 4.9808529e-05
  -49.63895, 3.5154e-05, 5.0013589e-05
  -49.632495, 5.4684e-05, 5.0218767e-05
  -49.632495, 0.000140616, 5.0218767e-05
  -49.62604, 0.000101556, 5.0424062e-05
  -49.619585, 5.0778e-05, 5.0629476e-05
  -49.619585, 0.00013671, 5.0629476e-05
  -49.61313, 7.4214e-05, 5.0835007e-05
  -49.58731, 1.5624e-05, 5.1658312e-05
  -49.58731, 1.1718e-05, 5.1658312e-05
  -49.580855, 3.5154e-05, 5.1864434e-05
  -49.580855, 8.2026e-05, 5.1864434e-05
  -49.5744, 3.906e-06, 5.2070673e-05
  -49.5744, -1.5624e-05, 5.2070673e-05
  -49.5744, 0.000152334, 5.2070673e-05
  -49.567945, 0.000164052, 5.2277031e-05
  -49.567945, 0.000105462, 5.2277031e-05
  -49.56149, -3.1248e-05, 5.2483506e-05
  -49.555035, 3.906e-06, 5.26901e-05
  -49.555035, 9.765e-05, 5.26901e-05
  -49.555035, 0.000140616, 5.26901e-05
  -49.555035, 4.2966e-05, 5.26901e-05
  -49.54858, 3.5154e-05, 5.2896812e-05
  -49.542125, 8.2026e-05, 5.3103642e-05
  -49.542125, 2.7342e-05, 5.3103642e-05
  -49.529215, 0.000203112, 5.3517658e-05
  -49.52276, 4.6872e-05, 5.3724843e-05
  -49.52276, -1.5624e-05, 5.3724843e-05
  -49.516305, 3.906e-05, 5.3932146e-05
  -49.516305, -3.5154e-05, 5.3932146e-05
  -49.503395, 2.3436e-05, 5.4347108e-05
  -49.490485, -8.5932e-05, 5.4762543e-05
  -49.48403, 3.5154e-05, 5.4970438e-05
  -49.477575, -4.2966e-05, 5.5178452e-05
  -49.47112, 5.4684e-05, 5.5386584e-05
  -49.464665, -3.1248e-05, 5.5594835e-05
  -49.464665, -0.000113274, 5.5594835e-05
  -49.438845, -8.9838e-05, 5.6429024e-05
  -49.438845, -3.906e-06, 5.6429024e-05
  -49.43239, 0.000226548, 5.6637867e-05
  -49.425935, -3.906e-05, 5.684683e-05
  -49.41948, -6.2496e-05, 5.7055911e-05
  -49.40657, -7.812e-06, 5.7474429e-05
  -49.40657, 0.000148428, 5.7474429e-05
  -49.387205, 3.906e-06, 5.8103098e-05
  -49.38075, 0.00015624, 5.8312891e-05
  -49.374295, 0.000101556, 5.8522804e-05
  -49.36784, 0.00011718, 5.8732836e-05
  -49.361385, -9.765e-05, 5.8942986e-05
  -49.361385, 0.000160146, 5.8942986e-05
  -49.35493, 0.00017577, 5.9153256e-05
  -49.34202, 8.5932e-05, 5.9574152e-05
  -49.34202, 0.000105462, 5.9574152e-05
  -49.34202, 5.0778e-05, 5.9574152e-05
  -49.34202, 7.0308e-05, 5.9574152e-05
  -49.34202, 5.859e-05, 5.9574152e-05
  -49.34202, 5.0778e-05, 5.9574152e-05
  -49.32911, 6.6402e-05, 5.9995524e-05
  -49.32911, -2.3436e-05, 5.9995524e-05
  -49.322655, 0.000179676, 6.0206389e-05
  -49.322655, 8.2026e-05, 6.0206389e-05
  -49.322655, 0.000113274, 6.0206389e-05
  -49.322655, 0.000164052, 6.0206389e-05
  -49.3162, 9.3744e-05, 6.0417372e-05
  -49.3162, 0.000101556, 6.0417372e-05
  -49.309745, -1.1718e-05, 6.0628475e-05
  -49.309745, 0.000140616, 6.0628475e-05
  -49.30329, 1.1718e-05, 6.0839697e-05
  -49.29038, 0.000160146, 6.1262499e-05
  -49.283925, 3.906e-06, 6.1474079e-05
  -49.27747, 5.0778e-05, 6.1685778e-05
  -49.271015, 0.00015624, 6.1897596e-05
  -49.271015, 6.6402e-05, 6.1897596e-05
  -49.271015, -4.6872e-05, 6.1897596e-05
  -49.271015, 4.2966e-05, 6.1897596e-05
  -49.271015, 8.2026e-05, 6.1897596e-05
  -49.26456, 0.00027342, 6.2109534e-05
  -49.26456, 4.2966e-05, 6.2109534e-05
  -49.26456, -2.7342e-05, 6.2109534e-05
  -49.258105, 0.00011718, 6.2321591e-05
  -49.25165, 0.000140616, 6.2533767e-05
  -49.245195, 0.000277326, 6.2746063e-05
  -49.23874, -4.6872e-05, 6.2958478e-05
  -49.23874, 0.000261702, 6.2958478e-05
  -49.23874, 1.953e-05, 6.2958478e-05
  -49.23874, 7.4214e-05, 6.2958478e-05
  -49.23874, 0.000105462, 6.2958478e-05
  -49.232285, 7.812e-06, 6.3171013e-05
  -49.22583, 0.000105462, 6.3383667e-05
  -49.22583, 9.3744e-05, 6.3383667e-05
  -49.22583, 0.00013671, 6.3383667e-05
  -49.219375, 8.5932e-05, 6.3596441e-05
  -49.219375, -7.812e-06, 6.3596441e-05
  -49.21292, 0.000203112, 6.3809334e-05
  -49.20001, 5.0778e-05, 6.4235479e-05
  -49.1871, 0.000121086, 6.4662102e-05
  -49.1871, 0.000152334, 6.4662102e-05
  -49.1871, 4.2966e-05, 6.4662102e-05
  -49.1871, 3.5154e-05, 6.4662102e-05
  -49.180645, -2.7342e-05, 6.4875593e-05
  -49.180645, 0.000148428, 6.4875593e-05
  -49.17419, 0.000101556, 6.5089204e-05
  -49.167735, 3.5154e-05, 6.5302935e-05
  -49.167735, 0.000140616, 6.5302935e-05
  -49.16128, 1.5624e-05, 6.5516785e-05
  -49.16128, 0.000183582, 6.5516785e-05
  -49.16128, -0.000109368, 6.5516785e-05
  -49.154825, 0.000128898, 6.5730755e-05
  -49.154825, 3.906e-06, 6.5730755e-05
  -49.14837, -3.1248e-05, 6.5944845e-05
  -49.141915, 0.00013671, 6.6159055e-05
  -49.13546, 0, 6.6373385e-05
  -49.129005, -7.812e-06, 6.6587834e-05
  -49.116095, 0.000171864, 6.7017093e-05
  -49.116095, 8.5932e-05, 6.7017093e-05
  -49.116095, 0.000128898, 6.7017093e-05
  -49.10964, 6.2496e-05, 6.7231902e-05
  -49.10964, 0.000124992, 6.7231902e-05
  -49.10964, 8.2026e-05, 6.7231902e-05
  -49.09673, -7.812e-06, 6.766188e-05
  -49.09673, 7.812e-05, 6.766188e-05
  -49.09673, 6.2496e-05, 6.766188e-05
  -49.090275, -3.906e-06, 6.7877049e-05
  -49.090275, 0.00013671, 6.7877049e-05
  -49.08382, 0.000160146, 6.8092339e-05
  -49.08382, -7.812e-06, 6.8092339e-05
  -49.08382, 4.2966e-05, 6.8092339e-05
  -49.08382, 0.000179676, 6.8092339e-05
  -49.077365, 0.000109368, 6.8307748e-05
  -49.077365, -5.0778e-05, 6.8307748e-05
  -49.07091, 9.765e-05, 6.8523277e-05
  -49.07091, -5.4684e-05, 6.8523277e-05
  -49.064455, 3.906e-06, 6.8738927e-05
  -49.064455, 0, 6.8738927e-05
  -49.064455, 0.000109368, 6.8738927e-05
  -49.058, 0.000246078, 6.8954697e-05
  -49.051545, 9.765e-05, 6.9170587e-05
  -49.051545, 3.906e-05, 6.9170587e-05
  -49.051545, 5.0778e-05, 6.9170587e-05
  -49.04509, 0.00023436, 6.9386597e-05
  -49.04509, 0.000160146, 6.9386597e-05
  -49.04509, 7.812e-06, 6.9386597e-05
  -49.038635, -1.1718e-05, 6.9602727e-05
  -49.038635, 0.000316386, 6.9602727e-05
  -49.025725, 7.0308e-05, 7.0035348e-05
  -49.025725, -3.5154e-05, 7.0035348e-05
  -49.025725, -7.812e-06, 7.0035348e-05
  -49.012815, 0.000144522, 7.0468451e-05
  -49.00636, -3.906e-05, 7.0685183e-05
  -49.00636, 0.000152334, 7.0685183e-05
  -48.999905, 4.6872e-05, 7.0902035e-05
  -48.999905, 1.5624e-05, 7.0902035e-05
  -48.999905, 6.6402e-05, 7.0902035e-05
  -48.986995, 8.2026e-05, 7.1336101e-05
  -48.986995, 0.000269514, 7.1336101e-05
  -48.98054, 0.000105462, 7.1553315e-05
  -48.974085, 0.000226548, 7.1770649e-05
  -48.974085, 0.000269514, 7.1770649e-05
  -48.948265, 4.2966e-05, 7.2641191e-05
  -48.948265, 5.4684e-05, 7.2641191e-05
  -48.948265, -5.0778e-05, 7.2641191e-05
  -48.935355, -3.1248e-05, 7.3077186e-05
  -48.91599, 0.000109368, 7.3732083e-05
  -48.91599, 0.000121086, 7.3732083e-05
  -48.90308, 9.3744e-05, 7.4169285e-05
  -48.90308, 8.9838e-05, 7.4169285e-05
  -48.896625, 6.6402e-05, 7.4388067e-05
  -48.89017, 0.000242172, 7.460697e-05
  -48.883715, 0.000109368, 7.4825994e-05
  -48.883715, 9.3744e-05, 7.4825994e-05
  -48.883715, 0.00017577, 7.4825994e-05
  -48.870805, -2.3436e-05, 7.5264405e-05
  -48.857895, 0.000101556, 7.5703299e-05
  -48.857895, 0.000335916, 7.5703299e-05
  -48.85144, 0.000109368, 7.5922928e-05
  -48.85144, 0.000140616, 7.5922928e-05
  -48.844985, 0.000144522, 7.6142677e-05
  -48.844985, 0.000128898, 7.6142677e-05
  -48.844985, 0.000121086, 7.6142677e-05
  -48.83853, 0.000335916, 7.6362548e-05
  -48.83853, 7.4214e-05, 7.6362548e-05
  -48.83853, 0.000101556, 7.6362548e-05
  -48.81271, 7.0308e-05, 7.7243242e-05
  -48.81271, 8.9838e-05, 7.7243242e-05
  -48.81271, 0.000171864, 7.7243242e-05
  -48.81271, 0.000226548, 7.7243242e-05
  -48.806255, 5.0778e-05, 7.7463718e-05
  -48.793345, 7.812e-06, 7.7905034e-05
  -48.780435, 0.000128898, 7.8346836e-05
  -48.780435, 0.000105462, 7.8346836e-05
  -48.780435, 4.6872e-05, 7.8346836e-05
  -48.767525, 0.000144522, 7.8789122e-05
  -48.76107, 3.906e-05, 7.9010448e-05
  -48.728795, 4.6872e-05, 8.0118896e-05
  -48.728795, 0.000167958, 8.0118896e-05
  -48.72234, -1.5624e-05, 8.034095e-05
  -48.72234, 9.3744e-05, 8.034095e-05
  -48.72234, 3.1248e-05, 8.034095e-05
  -48.677155, -5.0778e-05, 8.1898734e-05
  -48.6707, 0.000183582, 8.2121761e-05
  -48.664245, 4.2966e-05, 8.234491e-05
  -48.664245, -1.953e-05, 8.234491e-05
  -48.64488, 0.000246078, 8.3015088e-05
  -48.64488, 0.000167958, 8.3015088e-05
  -48.638425, -1.1718e-05, 8.3238724e-05
  -48.63197, 3.906e-05, 8.3462483e-05
  -48.625515, 0.00017577, 8.3686363e-05
  -48.61906, 8.5932e-05, 8.3910365e-05
  -48.612605, 0.000121086, 8.4134489e-05
  -48.59324, 1.953e-05, 8.4807594e-05
  -48.586785, 7.812e-06, 8.5032206e-05
  -48.586785, -1.953e-05, 8.5032206e-05
  -48.58033, 0.000203112, 8.525694e-05
  -48.58033, 0.000269514, 8.525694e-05
  -48.58033, 2.7342e-05, 8.525694e-05
  -48.573875, 5.859e-05, 8.5481797e-05
  -48.56742, 0.000187488, 8.5706775e-05
  -48.56742, 0.00011718, 8.5706775e-05
  -48.55451, 0.000179676, 8.6157099e-05
  -48.548055, -4.6872e-05, 8.6382445e-05
  -48.535145, 0.00013671, 8.6833502e-05
  -48.535145, 0.00021483, 8.6833502e-05
  -48.535145, -5.4684e-05, 8.6833502e-05
  -48.52869, 0.000124992, 8.7059214e-05
  -48.50287, 5.859e-05, 8.7963287e-05
  -48.496415, 8.9838e-05, 8.8189611e-05
  -48.48996, 4.2966e-05, 8.8416058e-05
  -48.48996, 8.9838e-05, 8.8416058e-05
  -48.48996, 0.000140616, 8.8416058e-05
  -48.483505, 0.00013671, 8.8642627e-05
  -48.470595, -2.3436e-05, 8.9096133e-05
  -48.46414, 3.906e-06, 8.932307e-05
  -48.444775, 0.00011718, 9.0004617e-05
  -48.43832, 1.5624e-05, 9.0232044e-05
  -48.42541, 1.1718e-05, 9.0687267e-05
  -48.42541, 2.7342e-05, 9.0687267e-05
  -48.418955, 5.0778e-05, 9.0915063e-05
  -48.418955, 0.000242172, 9.0915063e-05
  -48.418955, 7.0308e-05, 9.0915063e-05
  -48.4125, -3.5154e-05, 9.1142982e-05
  -48.39959, 5.4684e-05, 9.1599187e-05
  -48.39959, 0.000105462, 9.1599187e-05
  -48.39959, 0.000246078, 9.1599187e-05
  -48.393135, 1.5624e-05, 9.1827474e-05
  -48.38668, 2.3436e-05, 9.2055885e-05
  -48.367315, -1.1718e-05, 9.2741852e-05
  -48.36086, 3.906e-06, 9.2970754e-05
  -48.354405, 7.0308e-05, 9.3199779e-05
  -48.33504, 0.000140616, 9.3887593e-05
  -48.33504, 0.000132804, 9.3887593e-05
  -48.33504, -2.3436e-05, 9.3887593e-05
  -48.30922, 5.0778e-05, 9.4806402e-05
  -48.302765, 0.000148428, 9.5036412e-05
  -48.302765, 0.000128898, 9.5036412e-05
  -48.302765, 8.2026e-05, 9.5036412e-05
  -48.302765, -7.812e-06, 9.5036412e-05
  -48.302765, -2.7342e-05, 9.5036412e-05
  -48.302765, 0.000167958, 9.5036412e-05
  -48.29631, 0, 9.5266545e-05
  -48.29631, 0.000203112, 9.5266545e-05
  -48.29631, 0.000179676, 9.5266545e-05
  -48.29631, -5.4684e-05, 9.5266545e-05
  -48.27049, 0.000285138, 9.6188313e-05
  -48.27049, 0.000152334, 9.6188313e-05
  -48.27049, 7.812e-05, 9.6188313e-05
  -48.264035, 2.3436e-05, 9.6419063e-05
  -48.264035, 0.000179676, 9.6419063e-05
  -48.264035, 0.000113274, 9.6419063e-05
  -48.264035, 3.5154e-05, 9.6419063e-05
  -48.264035, 3.1248e-05, 9.6419063e-05
  -48.264035, 0.00021483, 9.6419063e-05
  -48.264035, 5.4684e-05, 9.6419063e-05
  -48.25758, 6.6402e-05, 9.6649937e-05
  -48.25758, 0.00013671, 9.6649937e-05
  -48.25758, 0.000230454, 9.6649937e-05
  -48.251125, 4.2966e-05, 9.6880935e-05
  -48.251125, 0.0001953, 9.6880935e-05
  -48.251125, 5.859e-05, 9.6880935e-05
  -48.251125, 4.2966e-05, 9.6880935e-05
  -48.251125, 0.000249984, 9.6880935e-05
  -48.24467, 7.4214e-05, 9.7112055e-05
  -48.24467, 6.2496e-05, 9.7112055e-05
  -48.24467, 2.7342e-05, 9.7112055e-05
  -48.24467, 7.4214e-05, 9.7112055e-05
  -48.24467, 0.000167958, 9.7112055e-05
  -48.238215, 0.000164052, 9.73433e-05
  -48.238215, 9.765e-05, 9.73433e-05
  -48.23176, 0.00013671, 9.7574667e-05
  -48.23176, -3.906e-05, 9.7574667e-05
  -48.23176, 5.859e-05, 9.7574667e-05
  -48.23176, 3.5154e-05, 9.7574667e-05
  -48.225305, 0.000144522, 9.7806159e-05
  -48.225305, 0.000222642, 9.7806159e-05
  -48.225305, 7.812e-05, 9.7806159e-05
  -48.225305, 0.000167958, 9.7806159e-05
  -48.225305, 0.000121086, 9.7806159e-05
  -48.225305, 0.000222642, 9.7806159e-05
  -48.225305, 0.000374976, 9.7806159e-05
  -48.225305, 0.000187488, 9.7806159e-05
  -48.21885, 0.000226548, 9.8037774e-05
  -48.21885, 0.000191394, 9.8037774e-05
  -48.21885, -8.9838e-05, 9.8037774e-05
  -48.212395, 5.4684e-05, 9.8269513e-05
  -48.212395, 0.000187488, 9.8269513e-05
  -48.20594, 0.000179676, 9.8501375e-05
  -48.20594, 0.000140616, 9.8501375e-05
  -48.20594, 8.5932e-05, 9.8501375e-05
  -48.20594, 9.3744e-05, 9.8501375e-05
  -48.20594, -3.1248e-05, 9.8501375e-05
  -48.199485, 0.000187488, 9.8733361e-05
  -48.199485, 0.000140616, 9.8733361e-05
  -48.199485, 3.1248e-05, 9.8733361e-05
  -48.199485, 2.3436e-05, 9.8733361e-05
  -48.199485, 0.000109368, 9.8733361e-05
  -48.199485, 8.2026e-05, 9.8733361e-05
  -48.19303, 0.000105462, 9.8965471e-05
  -48.186575, 3.5154e-05, 9.9197704e-05
  -48.186575, 8.2026e-05, 9.9197704e-05
  -48.186575, 5.4684e-05, 9.9197704e-05
  -48.186575, 0.000105462, 9.9197704e-05
  -48.186575, 0.000171864, 9.9197704e-05
  -48.186575, 7.812e-05, 9.9197704e-05
  -48.18012, 8.5932e-05, 9.9430062e-05
  -48.18012, 0.000265608, 9.9430062e-05
  -48.18012, -1.953e-05, 9.9430062e-05
  -48.173665, 4.2966e-05, 9.9662543e-05
  -48.173665, 0.000199206, 9.9662543e-05
  -48.16721, 0.000144522, 9.9895147e-05
  -48.16721, 6.2496e-05, 9.9895147e-05
  -48.16721, 0.000101556, 9.9895147e-05
  -48.16721, 5.0778e-05, 9.9895147e-05
  -48.16721, 0.000101556, 9.9895147e-05
  -48.16721, 0.000148428, 9.9895147e-05
  -48.16721, 0.000144522, 9.9895147e-05
  -48.160755, 0.000328104, 0.00010012788
  -48.160755, 0.000203112, 0.00010012788
  -48.1543, 7.812e-05, 0.00010036073
  -48.1543, 1.5624e-05, 0.00010036073
  -48.147845, 6.2496e-05, 0.00010059371
  -48.147845, 0.000140616, 0.00010059371
  -48.147845, -1.953e-05, 0.00010059371
  -48.134935, 0.00017577, 0.00010106003
  -48.134935, 7.4214e-05, 0.00010106003
  -48.134935, 0.0001953, 0.00010106003
  -48.134935, 6.6402e-05, 0.00010106003
  -48.134935, 0.000140616, 0.00010106003
  -48.134935, -0.000113274, 0.00010106003
  -48.134935, 8.9838e-05, 0.00010106003
  -48.134935, 0.000191394, 0.00010106003
  -48.134935, 7.0308e-05, 0.00010106003
  -48.12848, 0.00025389, 0.00010129338
  -48.12848, 0.000242172, 0.00010129338
  -48.12848, 0.000218736, 0.00010129338
  -48.12848, 0.00023436, 0.00010129338
  -48.12848, 8.2026e-05, 0.00010129338
  -48.12848, 0.000105462, 0.00010129338
  -48.12848, 8.9838e-05, 0.00010129338
  -48.12848, 0.000257796, 0.00010129338
  -48.122025, 0.000179676, 0.00010152685
  -48.122025, 0.000128898, 0.00010152685
  -48.122025, 0.000226548, 0.00010152685
  -48.122025, 0.000289044, 0.00010152685
  -48.122025, 0.000199206, 0.00010152685
  -48.122025, 0.000167958, 0.00010152685
  -48.11557, 9.3744e-05, 0.00010176045
  -48.11557, 0.000183582, 0.00010176045
  -48.11557, 0.00011718, 0.00010176045
  -48.11557, 5.4684e-05, 0.00010176045
  -48.109115, 0.000105462, 0.00010199417
  -48.109115, 0.0001953, 0.00010199417
  -48.109115, 5.4684e-05, 0.00010199417
  -48.10266, 0.000242172, 0.00010222801
  -48.10266, -7.812e-06, 0.00010222801
  -48.10266, 4.2966e-05, 0.00010222801
  -48.096205, 0.000308574, 0.00010246198
  -48.096205, 9.3744e-05, 0.00010246198
  -48.096205, 0.000164052, 0.00010246198
  -48.096205, 0.00017577, 0.00010246198
  -48.096205, 0.000164052, 0.00010246198
  -48.08975, 0.000101556, 0.00010269607
  -48.083295, 0.000167958, 0.00010293029
  -48.07684, 9.3744e-05, 0.00010316463
  -48.07684, 0.000124992, 0.00010316463
  -48.07684, 3.1248e-05, 0.00010316463
  -48.07684, -5.0778e-05, 0.00010316463
  -48.070385, -5.859e-05, 0.0001033991
  -48.070385, 8.5932e-05, 0.0001033991
  -48.070385, 0.000148428, 0.0001033991
  -48.070385, 3.5154e-05, 0.0001033991
  -48.06393, 0.00017577, 0.00010363369
  -48.06393, 0.000148428, 0.00010363369
  -48.057475, -5.0778e-05, 0.0001038684
  -48.057475, 0.000207018, 0.0001038684
  -48.05102, 0.000109368, 0.00010410324
  -48.044565, 0.000167958, 0.0001043382
  -48.044565, 0.000132804, 0.0001043382
  -48.044565, 7.4214e-05, 0.0001043382
  -48.044565, 0.000183582, 0.0001043382
  -48.03811, 0.00025389, 0.00010457329
  -48.03811, 6.6402e-05, 0.00010457329
  -48.03811, 0.000121086, 0.00010457329
  -48.031655, 0.000109368, 0.0001048085
  -48.031655, 8.5932e-05, 0.0001048085
  -48.031655, 7.4214e-05, 0.0001048085
  -48.031655, 8.5932e-05, 0.0001048085
  -48.0252, 0.000187488, 0.00010504384
  -48.018745, 8.2026e-05, 0.0001052793
  -48.005835, 3.906e-05, 0.00010575059
  -48.005835, 0.0001953, 0.00010575059
  -48.005835, 5.859e-05, 0.00010575059
  -48.005835, 6.6402e-05, 0.00010575059
  -47.992925, 0.00017577, 0.00010622238
  -47.98647, 0.000124992, 0.00010645846
  -47.98647, 0.000140616, 0.00010645846
  -47.980015, 0.000257796, 0.00010669467
  -47.980015, 7.812e-05, 0.00010669467
  -47.980015, 0.000152334, 0.00010669467
  -47.980015, 5.0778e-05, 0.00010669467
  -47.980015, 0.000222642, 0.00010669467
  -47.980015, 0.000164052, 0.00010669467
  -47.97356, 1.1718e-05, 0.000106931
  -47.967105, 4.2966e-05, 0.00010716746
  -47.967105, 0.000148428, 0.00010716746
  -47.967105, 3.906e-05, 0.00010716746
  -47.967105, 5.859e-05, 0.00010716746
  -47.967105, 0.000265608, 0.00010716746
  -47.96065, 2.3436e-05, 0.00010740404
  -47.96065, 6.6402e-05, 0.00010740404
  -47.96065, 8.5932e-05, 0.00010740404
  -47.954195, 8.2026e-05, 0.00010764075
  -47.954195, 7.812e-05, 0.00010764075
  -47.94774, 3.906e-05, 0.00010787758
  -47.941285, 3.1248e-05, 0.00010811453
  -47.93483, 0.00017577, 0.00010835161
  -47.93483, -7.812e-06, 0.00010835161
  -47.93483, 3.906e-06, 0.00010835161
  -47.928375, 5.859e-05, 0.00010858882
  -47.92192, 0.000191394, 0.00010882615
  -47.92192, 3.906e-06, 0.00010882615
  -47.90901, 0.000226548, 0.00010930118
  -47.90901, 0.000335916, 0.00010930118
  -47.902555, 5.859e-05, 0.00010953889
  -47.8961, 0.00013671, 0.00010977672
  -47.889645, 7.4214e-05, 0.00011001467
  -47.889645, 3.906e-06, 0.00011001467
  -47.876735, 0.000199206, 0.00011049096
  -47.87028, 0.000105462, 0.00011072929
  -47.87028, 3.1248e-05, 0.00011072929
  -47.87028, 2.3436e-05, 0.00011072929
  -47.863825, 9.3744e-05, 0.00011096774
  -47.863825, 0.00015624, 0.00011096774
  -47.85737, 4.2966e-05, 0.00011120632
  -47.85737, 0.000105462, 0.00011120632
  -47.85737, 3.5154e-05, 0.00011120632
  -47.85737, 5.4684e-05, 0.00011120632
  -47.85737, 3.1248e-05, 0.00011120632
  -47.850915, 0.000171864, 0.00011144503
  -47.84446, 0.000320292, 0.00011168386
  -47.84446, 0.00015624, 0.00011168386
  -47.838005, 0.000199206, 0.00011192281
  -47.838005, 0.000101556, 0.00011192281
  -47.838005, 7.0308e-05, 0.00011192281
  -47.838005, 0.000191394, 0.00011192281
  -47.83155, 8.9838e-05, 0.00011216189
  -47.83155, 7.812e-05, 0.00011216189
  -47.825095, 0.000167958, 0.0001124011
  -47.81864, 0.000121086, 0.00011264043
  -47.812185, 0.000113274, 0.00011287989
  -47.812185, 7.0308e-05, 0.00011287989
  -47.812185, 0.000207018, 0.00011287989
  -47.812185, 0.000144522, 0.00011287989
  -47.80573, 0.000148428, 0.00011311947
  -47.799275, 0.000210924, 0.00011335918
  -47.79282, 5.4684e-05, 0.00011359901
  -47.786365, 0.0001953, 0.00011383897
  -47.786365, 1.953e-05, 0.00011383897
  -47.786365, 0.000187488, 0.00011383897
  -47.77991, 0.000249984, 0.00011407905
  -47.77991, 0.000144522, 0.00011407905
  -47.77991, 0.000109368, 0.00011407905
  -47.773455, 0.000113274, 0.00011431926
  -47.773455, 0.000144522, 0.00011431926
  -47.773455, 0.000121086, 0.00011431926
  -47.773455, 3.906e-05, 0.00011431926
  -47.773455, 1.953e-05, 0.00011431926
  -47.767, 0.00025389, 0.00011455959
  -47.767, 0.00011718, 0.00011455959
  -47.760545, 3.906e-05, 0.00011480005
  -47.760545, 0.000226548, 0.00011480005
  -47.760545, 0.000140616, 0.00011480005
  -47.760545, 4.2966e-05, 0.00011480005
  -47.760545, 0.000179676, 0.00011480005
  -47.75409, 0.00013671, 0.00011504064
  -47.747635, 0.000164052, 0.00011528135
  -47.74118, 6.6402e-05, 0.00011552219
  -47.734725, 0.000238266, 0.00011576315
  -47.734725, 0.000179676, 0.00011576315
  -47.72827, 4.2966e-05, 0.00011600424
  -47.72827, 0.000105462, 0.00011600424
  -47.721815, -3.906e-06, 0.00011624545
  -47.721815, 0.000218736, 0.00011624545
  -47.71536, 0.00011718, 0.00011648679
  -47.70245, 0.00015624, 0.00011696985
  -47.70245, 0.000316386, 0.00011696985
  -47.70245, -1.5624e-05, 0.00011696985
  -47.70245, 0.00013671, 0.00011696985
  -47.68954, 8.5932e-05, 0.0001174534
  -47.68954, 0.000218736, 0.0001174534
  -47.68954, 0.000281232, 0.0001174534
  -47.683085, 9.765e-05, 0.00011769537
  -47.683085, 0.000191394, 0.00011769537
  -47.683085, 0.000222642, 0.00011769537
  -47.67663, 0.00017577, 0.00011793747
  -47.670175, 0.000171864, 0.00011817969
  -47.670175, 8.2026e-05, 0.00011817969
  -47.670175, 7.0308e-05, 0.00011817969
  -47.670175, 0.000249984, 0.00011817969
  -47.66372, 0.000160146, 0.00011842203
  -47.66372, 6.6402e-05, 0.00011842203
  -47.66372, 0.00011718, 0.00011842203
  -47.65081, 0.000121086, 0.0001189071
  -47.65081, -8.5932e-05, 0.0001189071
  -47.65081, 7.812e-05, 0.0001189071
  -47.65081, 8.5932e-05, 0.0001189071
  -47.644355, -6.6402e-05, 0.00011914983
  -47.644355, 0.00013671, 0.00011914983
  -47.644355, -3.1248e-05, 0.00011914983
  -47.644355, 0.000328104, 0.00011914983
  -47.6379, 0.000265608, 0.00011939268
  -47.6379, 0.000261702, 0.00011939268
  -47.6379, 0.000210924, 0.00011939268
  -47.6379, 1.953e-05, 0.00011939268
  -47.631445, 0.00013671, 0.00011963565
  -47.631445, 0.000191394, 0.00011963565
  -47.62499, 0.000140616, 0.00011987876
  -47.62499, 0.000183582, 0.00011987876
  -47.618535, 0.000238266, 0.00012012199
  -47.618535, 8.9838e-05, 0.00012012199
  -47.618535, 0.000269514, 0.00012012199
  -47.618535, 0.000121086, 0.00012012199
  -47.618535, 0.000101556, 0.00012012199
  -47.618535, 0.000171864, 0.00012012199
  -47.618535, 0.000160146, 0.00012012199
  -47.618535, 0.000199206, 0.00012012199
  -47.61208, 0.000269514, 0.00012036534
  -47.61208, 0.000160146, 0.00012036534
  -47.61208, 0.00011718, 0.00012036534
  -47.605625, 8.2026e-05, 0.00012060882
  -47.605625, 0.000171864, 0.00012060882
  -47.605625, 4.6872e-05, 0.00012060882
  -47.605625, 0.00021483, 0.00012060882
  -47.605625, 0.000203112, 0.00012060882
  -47.605625, 6.2496e-05, 0.00012060882
  -47.59917, 0.000144522, 0.00012085243
  -47.59917, 0.000242172, 0.00012085243
  -47.59917, 9.765e-05, 0.00012085243
  -47.59917, 0.000398412, 0.00012085243
  -47.59917, 0.0001953, 0.00012085243
  -47.592715, 0.00011718, 0.00012109616
  -47.592715, 0.000207018, 0.00012109616
  -47.58626, 0.000238266, 0.00012134002
  -47.58626, 0.00015624, 0.00012134002
  -47.58626, 9.765e-05, 0.00012134002
  -47.579805, 0.000246078, 0.00012158401
  -47.57335, 0.000335916, 0.00012182812
  -47.57335, 2.7342e-05, 0.00012182812
  -47.57335, 6.6402e-05, 0.00012182812
  -47.57335, 0.000140616, 0.00012182812
  -47.566895, -3.906e-06, 0.00012207236
  -47.56044, 0.000105462, 0.00012231672
  -47.56044, -7.0308e-05, 0.00012231672
  -47.56044, 0.00021483, 0.00012231672
  -47.553985, 5.0778e-05, 0.00012256121
  -47.54753, 0.000113274, 0.00012280583
  -47.54753, 0.00013671, 0.00012280583
  -47.54753, 8.9838e-05, 0.00012280583
  -47.541075, 0.00011718, 0.00012305057
  -47.53462, 0.000132804, 0.00012329544
  -47.528165, 9.765e-05, 0.00012354044
  -47.528165, 1.5624e-05, 0.00012354044
  -47.515255, 0.000218736, 0.00012403082
  -47.5088, 0.000187488, 0.00012427619
  -47.502345, 0.000113274, 0.0001245217
  -47.502345, 0.000124992, 0.0001245217
  -47.502345, 5.859e-05, 0.0001245217
  -47.49589, 0.000171864, 0.00012476733
  -47.49589, 3.906e-06, 0.00012476733
  -47.489435, 1.953e-05, 0.00012501308
  -47.476525, 1.953e-05, 0.00012550498
  -47.47007, 5.0778e-05, 0.00012575111
  -47.45716, -2.7342e-05, 0.00012624377
  -47.450705, 7.812e-05, 0.00012649028
  -47.44425, 9.765e-05, 0.00012673693
  -47.44425, 3.906e-06, 0.00012673693
  -47.44425, 7.812e-06, 0.00012673693
  -47.424885, 6.2496e-05, 0.00012747762
  -47.41843, -1.5624e-05, 0.00012772477
  -47.411975, 0.000148428, 0.00012797205
  -47.411975, 2.3436e-05, 0.00012797205
  -47.40552, 7.0308e-05, 0.00012821946
  -47.399065, 0.00013671, 0.00012846699
  -47.399065, -2.3436e-05, 0.00012846699
  -47.399065, 4.6872e-05, 0.00012846699
  -47.39261, 0.000144522, 0.00012871465
  -47.386155, 5.4684e-05, 0.00012896244
  -47.386155, 9.3744e-05, 0.00012896244
  -47.3797, 0.000128898, 0.00012921035
  -47.3797, 0.000160146, 0.00012921035
  -47.373245, 0.000121086, 0.00012945839
  -47.36679, 0.000183582, 0.00012970656
  -47.36679, 0.000164052, 0.00012970656
  -47.36679, 0.000179676, 0.00012970656
  -47.35388, -6.2496e-05, 0.00013020328
  -47.347425, 4.2966e-05, 0.00013045183
  -47.347425, 3.906e-06, 0.00013045183
  -47.34097, 5.859e-05, 0.00013070051
  -47.334515, 0.000124992, 0.00013094932
  -47.32806, 0.000152334, 0.00013119825
  -47.321605, 0.000124992, 0.00013144731
  -47.321605, 0.000171864, 0.00013144731
  -47.31515, 0.000105462, 0.00013169649
  -47.308695, 0.000105462, 0.00013194581
  -47.308695, 0.000265608, 0.00013194581
  -47.308695, 0.000113274, 0.00013194581
  -47.30224, 0.000160146, 0.00013219525
  -47.30224, 0.00029295, 0.00013219525
  -47.30224, 2.3436e-05, 0.00013219525
  -47.30224, 5.4684e-05, 0.00013219525
  -47.295785, 0.000109368, 0.00013244482
  -47.295785, 0.000140616, 0.00013244482
  -47.295785, 8.9838e-05, 0.00013244482
  -47.28933, 0.000300762, 0.00013269452
  -47.28933, 0.000128898, 0.00013269452
  -47.257055, 1.953e-05, 0.00013394492
  -47.2506, -1.1718e-05, 0.00013419538
  -47.244145, 9.765e-05, 0.00013444597
  -47.23769, 0.000160146, 0.00013469669
  -47.23769, 0.00021483, 0.00013469669
  -47.231235, -1.5624e-05, 0.00013494754
  -47.218325, 0.000152334, 0.00013544961
  -47.205415, 0.000105462, 0.0001359522
  -47.192505, 8.2026e-05, 0.0001364553
  -47.18605, 5.4684e-05, 0.00013670704
  -47.18605, 0.000124992, 0.00013670704
  -47.18605, 1.5624e-05, 0.00013670704
  -47.166685, 0.000246078, 0.00013746303
  -47.16023, -2.7342e-05, 0.00013771528
  -47.153775, -5.859e-05, 0.00013796767
  -47.153775, 0.000132804, 0.00013796767
  -47.14732, 0.000187488, 0.00013822018
  -47.127955, 0.000128898, 0.00013897847
  -47.127955, 0.00011718, 0.00013897847
  -47.1215, 0.000316386, 0.0001392315
  -47.1215, 7.812e-05, 0.0001392315
  -47.115045, 0.00013671, 0.00013948465
  -47.115045, 0.00021483, 0.00013948465
  -47.102135, 7.812e-06, 0.00013999133
  -47.089225, 7.812e-06, 0.00014049853
  -47.089225, 7.0308e-05, 0.00014049853
  -47.08277, 1.5624e-05, 0.00014075233
  -47.08277, 0.000160146, 0.00014075233
  -47.05695, 0.00011718, 0.00014176878
  -47.04404, 4.6872e-05, 0.00014227778
  -47.037585, 0.000167958, 0.00014253247
  -47.037585, 0.000140616, 0.00014253247
  -47.03113, 0.000304668, 0.00014278729
  -47.024675, 7.0308e-05, 0.00014304224
  -47.01822, 3.906e-06, 0.00014329732
  -47.01822, 4.2966e-05, 0.00014329732
  -47.01822, 7.812e-05, 0.00014329732
  -47.01822, 0.00031248, 0.00014329732
  -47.00531, 0.00021483, 0.00014380787
  -47.00531, 0.000218736, 0.00014380787
  -46.998855, 0.000124992, 0.00014406333
  -46.998855, 0.00025389, 0.00014406333
  -46.998855, 0.000160146, 0.00014406333
  -46.9924, 0.00044919, 0.00014431892
  -46.9924, -3.906e-06, 0.00014431892
  -46.985945, 0.00027342, 0.00014457465
  -46.985945, 7.812e-05, 0.00014457465
  -46.97949, 0.000207018, 0.0001448305
  -46.97949, 8.5932e-05, 0.0001448305
  -46.97949, 0.000335916, 0.0001448305
  -46.973035, 0.000218736, 0.00014508648
  -46.95367, -1.5624e-05, 0.00014585519
  -46.947215, 5.0778e-05, 0.00014611169
  -46.934305, 0.00017577, 0.00014662506
  -46.934305, 4.6872e-05, 0.00014662506
  -46.92785, 0.000144522, 0.00014688195
  -46.921395, 0.000140616, 0.00014713896
  -46.921395, 0.000140616, 0.00014713896
  -46.921395, 4.2966e-05, 0.00014713896
  -46.921395, 0.000269514, 0.00014713896
  -46.91494, 0.000378882, 0.0001473961
  -46.908485, 0.000179676, 0.00014765337
  -46.908485, 0.000328104, 0.00014765337
  -46.908485, 0.000140616, 0.00014765337
  -46.895575, 0.00029295, 0.0001481683
  -46.895575, 0.000207018, 0.0001481683
  -46.88912, 0, 0.00014842596
  -46.87621, 0.00021483, 0.00014894166
  -46.869755, -6.6402e-05, 0.00014919971
  -46.8633, 2.7342e-05, 0.00014945788
  -46.8633, 0.000179676, 0.00014945788
  -46.856845, 0.000277326, 0.00014971619
  -46.85039, 0.000144522, 0.00014997462
  -46.85039, 0.000164052, 0.00014997462
  -46.843935, 0.000124992, 0.00015023318
  -46.83748, 0.000148428, 0.00015049188
  -46.831025, 5.0778e-05, 0.0001507507
  -46.82457, 1.953e-05, 0.00015100965
  -46.81166, 5.4684e-05, 0.00015152794
  -46.81166, 0.00011718, 0.00015152794
  -46.805205, 8.2026e-05, 0.00015178729
  -46.79875, 0.000160146, 0.00015204676
  -46.79875, 7.0308e-05, 0.00015204676
  -46.792295, 5.859e-05, 0.00015230636
  -46.78584, 0.000148428, 0.00015256609
  -46.779385, 0.000128898, 0.00015282594
  -46.779385, 0.000183582, 0.00015282594
  -46.77293, 0.000183582, 0.00015308593
  -46.76002, 0.000199206, 0.0001536063
  -46.753565, 0.000249984, 0.00015386668
  -46.753565, 9.3744e-05, 0.00015386668
  -46.74711, 0.000152334, 0.00015412719
  -46.74711, 8.9838e-05, 0.00015412719
  -46.740655, 0.000167958, 0.00015438783
  -46.7342, 0.000238266, 0.0001546486
  -46.7342, 0.000203112, 0.0001546486
  -46.727745, 0.000199206, 0.00015490949
  -46.72129, 8.9838e-05, 0.00015517052
  -46.70838, 0.000124992, 0.00015569297
  -46.70838, 3.906e-05, 0.00015569297
  -46.701925, 0.000101556, 0.00015595439
  -46.701925, 0.000218736, 0.00015595439
  -46.701925, 0.000167958, 0.00015595439
  -46.701925, 0.000152334, 0.00015595439
  -46.69547, 0.000222642, 0.00015621594
  -46.69547, 0.000249984, 0.00015621594
  -46.69547, 0.000199206, 0.00015621594
  -46.69547, 0.000210924, 0.00015621594
  -46.689015, 0.000121086, 0.00015647761
  -46.676105, 0.000121086, 0.00015700136
  -46.66965, 0.000113274, 0.00015726343
  -46.663195, 0.000210924, 0.00015752563
  -46.663195, 3.906e-05, 0.00015752563
  -46.650285, 0.00017577, 0.00015805042
  -46.650285, 7.0308e-05, 0.00015805042
  -46.64383, 3.5154e-05, 0.00015831301
  -46.64383, 0.000296856, 0.00015831301
  -46.64383, 3.5154e-05, 0.00015831301
  -46.64383, 0.000171864, 0.00015831301
  -46.637375, 0.00033201, 0.00015857573
  -46.637375, 0.00021483, 0.00015857573
  -46.63092, 0.000109368, 0.00015883858
  -46.63092, -5.859e-05, 0.00015883858
  -46.63092, 9.765e-05, 0.00015883858
  -46.63092, 0.000308574, 0.00015883858
  -46.63092, 0.000347634, 0.00015883858
  -46.624465, 0.000113274, 0.00015910156
  -46.624465, 8.5932e-05, 0.00015910156
  -46.624465, 0.00021483, 0.00015910156
  -46.61801, 0.00013671, 0.00015936468
  -46.61801, 0.000191394, 0.00015936468
  -46.61801, 0.000210924, 0.00015936468
  -46.611555, 9.765e-05, 0.00015962792
  -46.611555, 0.000218736, 0.00015962792
  -46.611555, 0.000171864, 0.00015962792
  -46.611555, 0.000105462, 0.00015962792
  -46.611555, 0.00023436, 0.00015962792
  -46.611555, 8.2026e-05, 0.00015962792
  -46.6051, 0.000179676, 0.00015989129
  -46.6051, 1.953e-05, 0.00015989129
  -46.6051, 0.000105462, 0.00015989129
  -46.598645, 0.000187488, 0.00016015479
  -46.598645, 0.00017577, 0.00016015479
  -46.59219, 0.000249984, 0.00016041843
  -46.59219, 5.4684e-05, 0.00016041843
  -46.59219, 0.00011718, 0.00016041843
  -46.59219, 7.0308e-05, 0.00016041843
  -46.59219, 0.000242172, 0.00016041843
  -46.59219, 3.5154e-05, 0.00016041843
  -46.585735, 8.5932e-05, 0.00016068219
  -46.57928, 0.000140616, 0.00016094609
  -46.57928, 0.000238266, 0.00016094609
  -46.57928, 0.000128898, 0.00016094609
  -46.57928, 0.000121086, 0.00016094609
  -46.572825, 0.000167958, 0.00016121011
  -46.572825, 0.00027342, 0.00016121011
  -46.572825, 0.000164052, 0.00016121011
  -46.572825, -5.859e-05, 0.00016121011
  -46.572825, 0.000144522, 0.00016121011
  -46.56637, 0.000179676, 0.00016147427
  -46.559915, 0.0001953, 0.00016173856
  -46.559915, 0.000308574, 0.00016173856
  -46.55346, 0.000113274, 0.00016200297
  -46.547005, 0.00015624, 0.00016226752
  -46.547005, -5.859e-05, 0.00016226752
  -46.547005, 5.0778e-05, 0.00016226752
  -46.547005, 0.00031248, 0.00016226752
  -46.54055, 0.00015624, 0.0001625322
  -46.54055, 0.000347634, 0.0001625322
  -46.54055, 0.000105462, 0.0001625322
  -46.534095, 0.000109368, 0.00016279701
  -46.534095, 0.000132804, 0.00016279701
  -46.534095, 0.000171864, 0.00016279701
  -46.52764, 7.812e-05, 0.00016306195
  -46.521185, 0.000113274, 0.00016332702
  -46.521185, 0.000242172, 0.00016332702
  -46.521185, 0.000140616, 0.00016332702
  -46.521185, 0.00015624, 0.00016332702
  -46.521185, 0.000367164, 0.00016332702
  -46.51473, 0.00015624, 0.00016359222
  -46.51473, 8.5932e-05, 0.00016359222
  -46.51473, 0.000289044, 0.00016359222
  -46.508275, 0.000113274, 0.00016385756
  -46.508275, 7.812e-05, 0.00016385756
  -46.508275, 8.9838e-05, 0.00016385756
  -46.508275, -7.812e-06, 0.00016385756
  -46.508275, 0.000128898, 0.00016385756
  -46.508275, 0.000113274, 0.00016385756
  -46.508275, 0.000304668, 0.00016385756
  -46.508275, 8.9838e-05, 0.00016385756
  -46.50182, 0.000132804, 0.00016412302
  -46.50182, 0.000300762, 0.00016412302
  -46.495365, 0.000128898, 0.00016438862
  -46.48891, 1.953e-05, 0.00016465434
  -46.48891, 0.000124992, 0.00016465434
  -46.482455, 0.000144522, 0.0001649202
  -46.482455, 0.000246078, 0.0001649202
  -46.482455, 2.7342e-05, 0.0001649202
  -46.482455, 0.00033201, 0.0001649202
  -46.482455, 0.000203112, 0.0001649202
  -46.476, 0.00023436, 0.00016518619
  -46.476, 0.000109368, 0.00016518619
  -46.469545, 0.000144522, 0.00016545231
  -46.469545, 7.4214e-05, 0.00016545231
  -46.469545, 0.000199206, 0.00016545231
  -46.46309, 0.000191394, 0.00016571856
  -46.46309, 0.000230454, 0.00016571856
  -46.46309, 7.812e-05, 0.00016571856
  -46.46309, 9.3744e-05, 0.00016571856
  -46.46309, 0.000222642, 0.00016571856
  -46.46309, 0.000257796, 0.00016571856
  -46.456635, 0.00025389, 0.00016598494
  -46.456635, -3.906e-05, 0.00016598494
  -46.456635, 0.00023436, 0.00016598494
  -46.456635, 7.4214e-05, 0.00016598494
  -46.456635, 1.953e-05, 0.00016598494
  -46.456635, 0.00013671, 0.00016598494
  -46.456635, 0.000281232, 0.00016598494
  -46.45018, 5.0778e-05, 0.00016625145
  -46.45018, 0.00015624, 0.00016625145
  -46.45018, 0.000148428, 0.00016625145
  -46.443725, 0.000121086, 0.0001665181
  -46.43727, -1.1718e-05, 0.00016678487
  -46.43727, 0.000249984, 0.00016678487
  -46.43727, 0.000148428, 0.00016678487
  -46.43727, 5.859e-05, 0.00016678487
  -46.43727, 0.000191394, 0.00016678487
  -46.430815, 0.000207018, 0.00016705178
  -46.42436, 8.9838e-05, 0.00016731882
  -46.42436, 0.000152334, 0.00016731882
  -46.42436, 0.000171864, 0.00016731882
  -46.417905, 0.000140616, 0.00016758599
  -46.41145, 0.00015624, 0.00016785329
  -46.41145, 0.000140616, 0.00016785329
  -46.41145, 0.000199206, 0.00016785329
  -46.41145, 0.000199206, 0.00016785329
  -46.41145, 0.000249984, 0.00016785329
  -46.404995, 1.1718e-05, 0.00016812072
  -46.404995, 0.000121086, 0.00016812072
  -46.39854, 0.000417942, 0.00016838828
  -46.39854, 0.00029295, 0.00016838828
  -46.39854, 0.000160146, 0.00016838828
  -46.38563, 0.000265608, 0.0001689238
  -46.379175, 0.000257796, 0.00016919176
  -46.379175, 0.000226548, 0.00016919176
  -46.37272, 0.000218736, 0.00016945985
  -46.37272, 0.000132804, 0.00016945985
  -46.35981, 0.000101556, 0.00016999642
  -46.35981, 0.000191394, 0.00016999642
  -46.353355, 6.2496e-05, 0.0001702649
  -46.353355, 6.6402e-05, 0.0001702649
  -46.353355, 0.00021483, 0.0001702649
  -46.353355, 9.3744e-05, 0.0001702649
  -46.3469, 7.0308e-05, 0.00017053352
  -46.3469, 0.000121086, 0.00017053352
  -46.3469, 0.00011718, 0.00017053352
  -46.340445, 0.000164052, 0.00017080227
  -46.33399, 6.2496e-05, 0.00017107115
  -46.33399, 2.7342e-05, 0.00017107115
  -46.33399, 0.000222642, 0.00017107115
  -46.327535, 9.3744e-05, 0.00017134016
  -46.327535, 8.9838e-05, 0.00017134016
  -46.327535, 0.000191394, 0.00017134016
  -46.327535, 0.000148428, 0.00017134016
  -46.32108, 0.000167958, 0.0001716093
  -46.32108, -7.812e-06, 0.0001716093
  -46.32108, 0.000328104, 0.0001716093
  -46.314625, 0.000144522, 0.00017187857
  -46.314625, 8.5932e-05, 0.00017187857
  -46.30817, 0.000277326, 0.00017214798
  -46.301715, 1.953e-05, 0.00017241751
  -46.301715, 0.000203112, 0.00017241751
  -46.301715, 0.00015624, 0.00017241751
  -46.29526, 0.000226548, 0.00017268718
  -46.29526, 4.2966e-05, 0.00017268718
  -46.288805, 9.3744e-05, 0.00017295698
  -46.288805, 0.000109368, 0.00017295698
  -46.288805, 0.000167958, 0.00017295698
  -46.275895, 0.000226548, 0.00017349698
  -46.26944, 0.000128898, 0.00017376718
  -46.26944, 0.000140616, 0.00017376718
  -46.26944, 0.000191394, 0.00017376718
  -46.26944, 0.000183582, 0.00017376718
  -46.26944, 0.000320292, 0.00017376718
  -46.262985, 3.906e-05, 0.00017403751
  -46.262985, 9.3744e-05, 0.00017403751
  -46.262985, 0.000128898, 0.00017403751
  -46.25653, 0.000160146, 0.00017430797
  -46.250075, 0.000191394, 0.00017457856
  -46.250075, 0.000124992, 0.00017457856
  -46.237165, 0.000257796, 0.00017512014
  -46.237165, 6.2496e-05, 0.00017512014
  -46.224255, 1.5624e-05, 0.00017566225
  -46.224255, 0.000238266, 0.00017566225
  -46.224255, 0.00021483, 0.00017566225
  -46.211345, 0.000124992, 0.00017620489
  -46.211345, 0.000183582, 0.00017620489
  -46.211345, 9.765e-05, 0.00017620489
  -46.211345, 0.000171864, 0.00017620489
  -46.211345, 6.6402e-05, 0.00017620489
  -46.211345, 3.5154e-05, 0.00017620489
  -46.20489, 0.000265608, 0.00017647641
  -46.20489, 0.000148428, 0.00017647641
  -46.198435, -7.812e-06, 0.00017674806
  -46.185525, 0.00023436, 0.00017729176
  -46.185525, 0.000218736, 0.00017729176
  -46.17907, 9.3744e-05, 0.00017756381
  -46.17907, 0.000222642, 0.00017756381
  -46.172615, 7.4214e-05, 0.00017783599
  -46.172615, 0.000109368, 0.00017783599
  -46.172615, 8.5932e-05, 0.00017783599
  -46.16616, 0.000238266, 0.0001781083
  -46.16616, 0.00017577, 0.0001781083
  -46.16616, 7.4214e-05, 0.0001781083
  -46.159705, 0.000296856, 0.00017838074
  -46.159705, 0.00011718, 0.00017838074
  -46.159705, 0.000113274, 0.00017838074
  -46.159705, 0.000167958, 0.00017838074
  -46.15325, 0.000109368, 0.00017865332
  -46.15325, 0.000289044, 0.00017865332
  -46.15325, 9.765e-05, 0.00017865332
  -46.15325, 4.2966e-05, 0.00017865332
  -46.146795, 0.000289044, 0.00017892603
  -46.146795, 0.00033201, 0.00017892603
  -46.146795, 0.000187488, 0.00017892603
  -46.146795, 9.765e-05, 0.00017892603
  -46.14034, 5.859e-05, 0.00017919887
  -46.14034, 0.000210924, 0.00017919887
  -46.133885, 0.00046872, 0.00017947185
  -46.12743, 0.000300762, 0.00017974495
  -46.120975, 0.00017577, 0.00018001819
  -46.108065, 0.000226548, 0.00018056507
  -46.108065, 0.000199206, 0.00018056507
  -46.108065, 7.4214e-05, 0.00018056507
  -46.108065, 7.812e-05, 0.00018056507
  -46.10161, -6.2496e-05, 0.00018083871
  -46.10161, 0.000132804, 0.00018083871
  -46.095155, 0.000320292, 0.00018111248
  -46.095155, 9.3744e-05, 0.00018111248
  -46.0887, 0.000238266, 0.00018138638
  -46.07579, 0.000124992, 0.00018193459
  -46.07579, 0.000105462, 0.00018193459
  -46.069335, 0.000242172, 0.00018220889
  -46.069335, 0.000222642, 0.00018220889
  -46.06288, 0.000109368, 0.00018248332
  -46.06288, 0.00025389, 0.00018248332
  -46.06288, 0.000238266, 0.00018248332
  -46.056425, 6.2496e-05, 0.00018275789
  -46.04997, -2.7342e-05, 0.00018303259
  -46.04997, 0.000320292, 0.00018303259
  -46.043515, 0.000265608, 0.00018330742
  -46.03706, 1.1718e-05, 0.00018358239
  -46.03706, 0.000128898, 0.00018358239
  -46.030605, 0.000230454, 0.00018385749
  -46.017695, 3.906e-06, 0.00018440809
  -46.017695, 1.5624e-05, 0.00018440809
  -46.017695, 5.4684e-05, 0.00018440809
  -46.004785, 0.00037107, 0.00018495922
  -46.004785, 0.000335916, 0.00018495922
  -46.004785, 0.000246078, 0.00018495922
  -45.99833, 0.000347634, 0.00018523498
  -45.99833, 0.000152334, 0.00018523498
  -45.991875, 0.00021483, 0.00018551088
  -45.991875, 0.000171864, 0.00018551088
  -45.98542, 0.00021483, 0.00018578691
  -45.98542, 0.000132804, 0.00018578691
  -45.978965, 0.000269514, 0.00018606308
  -45.978965, 0.00013671, 0.00018606308
  -45.978965, 0.000285138, 0.00018606308
  -45.97251, 0.000183582, 0.00018633938
  -45.97251, 0.000285138, 0.00018633938
  -45.97251, 6.2496e-05, 0.00018633938
  -45.97251, 0.000171864, 0.00018633938
  -45.966055, 0.000171864, 0.00018661581
  -45.966055, 0.000140616, 0.00018661581
  -45.966055, 0.000226548, 0.00018661581
  -45.966055, 0.000246078, 0.00018661581
  -45.966055, 7.812e-06, 0.00018661581
  -45.966055, 0.000242172, 0.00018661581
  -45.9596, 0.000359352, 0.00018689237
  -45.9596, 0.00031248, 0.00018689237
  -45.9596, 0.000152334, 0.00018689237
  -45.94669, 0.000113274, 0.0001874459
  -45.94669, 0.00029295, 0.0001874459
  -45.94669, 0.00015624, 0.0001874459
  -45.94669, 0.000164052, 0.0001874459
  -45.940235, 0.000183582, 0.00018772286
  -45.940235, 0.00021483, 0.00018772286
  -45.940235, 0.000457002, 0.00018772286
  -45.93378, 0.000265608, 0.00018799996
  -45.93378, 0.00013671, 0.00018799996
  -45.93378, 0.000230454, 0.00018799996
  -45.93378, 0.000187488, 0.00018799996
  -45.927325, 0.000113274, 0.00018827719
  -45.927325, 3.1248e-05, 0.00018827719
  -45.927325, 0.0001953, 0.00018827719
  -45.927325, 0.000109368, 0.00018827719
  -45.92087, 0.000441378, 0.00018855456
  -45.92087, 0.000132804, 0.00018855456
  -45.92087, 0.000277326, 0.00018855456
  -45.92087, 0.000199206, 0.00018855456
  -45.914415, 0.0001953, 0.00018883206
  -45.914415, 0.00035154, 0.00018883206
  -45.914415, 0.00041013, 0.00018883206
  -45.914415, 0.000308574, 0.00018883206
  -45.914415, 0.000230454, 0.00018883206
  -45.914415, 0.000238266, 0.00018883206
  -45.914415, 0.000218736, 0.00018883206
  -45.90796, 0.000347634, 0.00018910969
  -45.90796, 6.6402e-05, 0.00018910969
  -45.90796, 0.0001953, 0.00018910969
  -45.90796, 1.953e-05, 0.00018910969
  -45.90796, 0.000183582, 0.00018910969
  -45.90796, 0.00041013, 0.00018910969
  -45.901505, 0.00013671, 0.00018938746
  -45.901505, 0.00025389, 0.00018938746
  -45.89505, 0.000207018, 0.00018966535
  -45.89505, 0.000160146, 0.00018966535
  -45.89505, 8.2026e-05, 0.00018966535
  -45.89505, 0.000132804, 0.00018966535
  -45.888595, 0.000183582, 0.00018994339
  -45.888595, 5.4684e-05, 0.00018994339
  -45.888595, 0.000171864, 0.00018994339
  -45.88214, 0.00023436, 0.00019022155
  -45.88214, 0.000238266, 0.00019022155
  -45.88214, 3.906e-05, 0.00019022155
  -45.875685, 0.000257796, 0.00019049985
  -45.875685, -3.906e-05, 0.00019049985
  -45.86923, 0.000203112, 0.00019077829
  -45.86923, 0.000374976, 0.00019077829
  -45.862775, 0.000164052, 0.00019105686
  -45.862775, 0.000132804, 0.00019105686
  -45.85632, 0.000132804, 0.00019133556
  -45.85632, 0.000203112, 0.00019133556
  -45.85632, 0.000187488, 0.00019133556
  -45.85632, 0.00025389, 0.00019133556
  -45.849865, 0.000249984, 0.00019161439
  -45.849865, 0.00023436, 0.00019161439
  -45.849865, 0.000144522, 0.00019161439
  -45.849865, 0.000183582, 0.00019161439
  -45.84341, 0.000171864, 0.00019189336
  -45.84341, 0.000226548, 0.00019189336
  -45.84341, 9.765e-05, 0.00019189336
  -45.84341, 0.000109368, 0.00019189336
  -45.836955, 0.000164052, 0.00019217247
  -45.836955, 0.000101556, 0.00019217247
  -45.836955, 0.000132804, 0.00019217247
  -45.8305, 0.00011718, 0.0001924517
  -45.8305, 0.00023436, 0.0001924517
  -45.824045, 8.9838e-05, 0.00019273107
  -45.81759, 3.906e-05, 0.00019301058
  -45.81759, 0.000226548, 0.00019301058
  -45.81759, 0.000105462, 0.00019301058
  -45.81759, 0.00025389, 0.00019301058
  -45.80468, 0.000187488, 0.00019356999
  -45.80468, 0.000226548, 0.00019356999
  -45.798225, 0.000171864, 0.0001938499
  -45.79177, 0.000171864, 0.00019412994
  -45.77886, 0.000203112, 0.00019469042
  -45.77886, 0.00021483, 0.00019469042
  -45.772405, 0.000304668, 0.00019497087
  -45.772405, 0.000281232, 0.00019497087
  -45.772405, 0.00023436, 0.00019497087
  -45.76595, 0.000257796, 0.00019525145
  -45.759495, 8.9838e-05, 0.00019553216
  -45.759495, 0.000277326, 0.00019553216
  -45.759495, 0.000238266, 0.00019553216
  -45.75304, 0.000246078, 0.000195813
  -45.746585, 0.00027342, 0.00019609398
  -45.746585, 0.000257796, 0.00019609398
  -45.746585, 0.000132804, 0.00019609398
  -45.72722, 2.3436e-05, 0.00019693773
  -45.72722, 9.765e-05, 0.00019693773
  -45.72722, 0.000277326, 0.00019693773
  -45.720765, 0.00015624, 0.00019721925
  -45.720765, 3.906e-05, 0.00019721925
  -45.707855, 0.00025389, 0.00019778269
  -45.707855, 0.00029295, 0.00019778269
  -45.707855, 0.0001953, 0.00019778269
  -45.707855, 0.000210924, 0.00019778269
  -45.707855, 0.0001953, 0.00019778269
  -45.7014, 0.00023436, 0.00019806461
  -45.68849, 0.000179676, 0.00019862886
  -45.68849, 0.000210924, 0.00019862886
  -45.682035, 7.4214e-05, 0.00019891118
  -45.682035, 0.00027342, 0.00019891118
  -45.67558, 0.000124992, 0.00019919364
  -45.67558, 4.6872e-05, 0.00019919364
  -45.66267, 0.000257796, 0.00019975896
  -45.66267, 0.000277326, 0.00019975896
  -45.66267, 0.000316386, 0.00019975896
  -45.656215, 0.000246078, 0.00020004183
  -45.64976, 8.5932e-05, 0.00020032483
  -45.643305, 0.000335916, 0.00020060796
  -45.63685, 0.000402318, 0.00020089123
  -45.63685, 0.000113274, 0.00020089123
  -45.63685, 0.000105462, 0.00020089123
  -45.630395, 0.000261702, 0.00020117463
  -45.630395, 0.000199206, 0.00020117463
  -45.62394, 0.000179676, 0.00020145817
  -45.617485, 0.000207018, 0.00020174184
  -45.604575, 0.000113274, 0.00020230959
  -45.591665, 0.000160146, 0.00020287788
  -45.578755, 0.000203112, 0.00020344671
  -45.578755, 0.000164052, 0.00020344671
  -45.578755, 6.2496e-05, 0.00020344671
  -45.55939, 0.000183582, 0.00020430096
  -45.540025, 8.2026e-05, 0.00020515644
  -45.540025, 6.2496e-05, 0.00020515644
  -45.540025, 3.5154e-05, 0.00020515644
  -45.527115, 0.000210924, 0.00020572743
  -45.52066, 0.000226548, 0.00020601313
  -45.514205, 0.000246078, 0.00020629896
  -45.50775, 0.000249984, 0.00020658493
  -45.50775, 0.000269514, 0.00020658493
  -45.501295, 0.000179676, 0.00020687103
  -45.501295, 0.000269514, 0.00020687103
  -45.49484, 0.000246078, 0.00020715727
  -45.49484, 0.000289044, 0.00020715727
  -45.48193, 0.000164052, 0.00020773016
  -45.475475, 0.000249984, 0.00020801681
  -45.46902, 0.000179676, 0.00020830359
  -45.46902, 0.000230454, 0.00020830359
  -45.46902, 0.000343728, 0.00020830359
  -45.462565, 5.4684e-05, 0.00020859051
  -45.462565, 5.0778e-05, 0.00020859051
  -45.45611, 0.000171864, 0.00020887756
  -45.45611, 0.000105462, 0.00020887756
  -45.449655, 0.000199206, 0.00020916475
  -45.449655, 0.00015624, 0.00020916475
  -45.4432, 0.000121086, 0.00020945207
  -45.4432, 0.000218736, 0.00020945207
  -45.436745, 0.000511686, 0.00020973953
  -45.436745, 0.000339822, 0.00020973953
  -45.436745, 0.000453096, 0.00020973953
  -45.436745, 0.0001953, 0.00020973953
  -45.436745, 0.000207018, 0.00020973953
  -45.423835, 0.000140616, 0.00021031486
  -45.41738, 0.000339822, 0.00021060273
  -45.41738, 0.000109368, 0.00021060273
  -45.410925, 0.000187488, 0.00021089073
  -45.410925, 0.00021483, 0.00021089073
  -45.40447, 0.00015624, 0.00021117887
  -45.39156, 0.000199206, 0.00021175556
  -45.37865, 0.000164052, 0.00021233278
  -45.372195, 0.000300762, 0.0002126216
  -45.372195, 0.000144522, 0.0002126216
  -45.36574, 0.000113274, 0.00021291056
  -45.359285, 0.00031248, 0.00021319965
  -45.35283, 0.000199206, 0.00021348888
  -45.35283, 0.000113274, 0.00021348888
  -45.35283, 0.000249984, 0.00021348888
  -45.35283, 0.000296856, 0.00021348888
  -45.33992, 0.000230454, 0.00021406774
  -45.33992, 0.000222642, 0.00021406774
  -45.333465, 0.000238266, 0.00021435737
  -45.32701, 8.5932e-05, 0.00021464714
  -45.32701, 0.00027342, 0.00021464714
  -45.32701, 0.000316386, 0.00021464714
  -45.32701, 3.906e-05, 0.00021464714
  -45.320555, 0.000199206, 0.00021493705
  -45.3141, 9.3744e-05, 0.00021522709
  -45.3141, 0.000394506, 0.00021522709
  -45.30119, 3.1248e-05, 0.00021580759
  -45.281825, 0.000171864, 0.00021667936
  -45.281825, 0.000113274, 0.00021667936
  -45.27537, 0.000289044, 0.00021697022
  -45.268915, 0.000308574, 0.00021726122
  -45.268915, 0.000140616, 0.00021726122
  -45.268915, 9.765e-05, 0.00021726122
  -45.26246, 8.5932e-05, 0.00021755235
  -45.26246, 0.000320292, 0.00021755235
  -45.26246, 0.000105462, 0.00021755235
  -45.256005, 0.000187488, 0.00021784362
  -45.256005, 0.000257796, 0.00021784362
  -45.256005, 0.000203112, 0.00021784362
  -45.256005, 0.000160146, 0.00021784362
  -45.256005, 0.0003906, 0.00021784362
  -45.256005, 0.00035154, 0.00021784362
  -45.24955, 0.000183582, 0.00021813503
  -45.243095, 0.000238266, 0.00021842657
  -45.23664, 0.000457002, 0.00021871825
  -45.230185, 0.00023436, 0.00021901007
  -45.22373, 1.953e-05, 0.00021930203
  -45.22373, -3.1248e-05, 0.00021930203
  -45.217275, 0.000289044, 0.00021959412
  -45.217275, 0.000160146, 0.00021959412
  -45.217275, 0.000374976, 0.00021959412
  -45.204365, 8.5932e-05, 0.00022017871
  -45.204365, 0.000378882, 0.00022017871
  -45.204365, 0.000187488, 0.00022017871
  -45.19791, 0.000210924, 0.00022047121
  -45.19791, 0.000335916, 0.00022047121
  -45.19791, 0.00025389, 0.00022047121
  -45.19791, 0.000347634, 0.00022047121
  -45.19791, 1.953e-05, 0.00022047121
  -45.191455, 0.00031248, 0.00022076385
  -45.191455, 0.000152334, 0.00022076385
  -45.185, 0.00023436, 0.00022105662
  -45.185, 0.000285138, 0.00022105662
  -45.185, 0.000226548, 0.00022105662
  -45.185, 0.000328104, 0.00022105662
  -45.185, 0.000277326, 0.00022105662
  -45.185, 0.000183582, 0.00022105662
  -45.178545, 0.000203112, 0.00022134953
  -45.17209, 0.00035154, 0.00022164258
  -45.17209, 0.000152334, 0.00022164258
  -45.165635, 0.000144522, 0.00022193576
  -45.15918, 0.000374976, 0.00022222909
  -45.15918, 0.000128898, 0.00022222909
  -45.15918, 0.000199206, 0.00022222909
  -45.152725, 0.000101556, 0.00022252255
  -45.152725, 0.000128898, 0.00022252255
  -45.14627, 0.000285138, 0.00022281614
  -45.139815, 0.000121086, 0.00022310987
  -45.139815, 0.000414036, 0.00022310987
  -45.139815, 0.000285138, 0.00022310987
  -45.139815, 0.000191394, 0.00022310987
  -45.139815, 0.0001953, 0.00022310987
  -45.13336, 0.00033201, 0.00022340374
  -45.13336, 0.000269514, 0.00022340374
  -45.13336, 0.00029295, 0.00022340374
  -45.13336, 0.000394506, 0.00022340374
  -45.126905, 0.000304668, 0.00022369775
  -45.12045, 0.000257796, 0.0002239919
  -45.113995, 0.000261702, 0.00022428618
  -45.113995, 0.000226548, 0.00022428618
  -45.113995, 0.000289044, 0.00022428618
  -45.113995, 0.000210924, 0.00022428618
  -45.113995, 0.000347634, 0.00022428618
  -45.10754, 0.000179676, 0.0002245806
  -45.10754, 0.000230454, 0.0002245806
  -45.10754, 0.000191394, 0.0002245806
  -45.101085, 0.000207018, 0.00022487515
  -45.09463, 0.000417942, 0.00022516984
  -45.09463, 8.2026e-05, 0.00022516984
  -45.088175, 0.00033201, 0.00022546468
  -45.088175, 0.000328104, 0.00022546468
  -45.08172, 0.00011718, 0.00022575964
  -45.08172, 0.000355446, 0.00022575964
  -45.075265, 0.000503874, 0.00022605475
  -45.06881, 8.9838e-05, 0.00022634999
  -45.06881, 8.5932e-05, 0.00022634999
  -45.062355, 0.000437472, 0.00022664537
  -45.062355, 0.000148428, 0.00022664537
  -45.049445, 0.000304668, 0.00022723654
  -45.049445, 0.000230454, 0.00022723654
  -45.049445, 0.000246078, 0.00022723654
  -45.049445, 0.000289044, 0.00022723654
  -45.04299, 0.000296856, 0.00022753233
  -45.036535, 0.00017577, 0.00022782826
  -45.036535, 0.000246078, 0.00022782826
  -45.036535, 0.000285138, 0.00022782826
  -45.036535, 0.000183582, 0.00022782826
  -45.036535, 0.00013671, 0.00022782826
  -45.036535, 0.000296856, 0.00022782826
  -45.036535, 0.000179676, 0.00022782826
  -45.03008, 0.000308574, 0.00022812433
  -45.03008, 0.000109368, 0.00022812433
  -45.03008, 0.000140616, 0.00022812433
  -45.03008, 0.000171864, 0.00022812433
  -45.023625, 0.000226548, 0.00022842053
  -45.023625, 0.0001953, 0.00022842053
  -45.023625, 0.000347634, 0.00022842053
  -45.023625, 0.000296856, 0.00022842053
  -45.01717, 0.000199206, 0.00022871688
  -45.01717, 0.000285138, 0.00022871688
  -45.010715, 2.3436e-05, 0.00022901336
  -45.010715, 0.000285138, 0.00022901336
  -45.00426, 8.5932e-05, 0.00022930997
  -45.00426, 0.000183582, 0.00022930997
  -45.00426, 0.000144522, 0.00022930997
  -45.00426, 0.000207018, 0.00022930997
  -45.00426, 0.000335916, 0.00022930997
  -45.00426, 4.2966e-05, 0.00022930997
  -44.997805, 0.000445284, 0.00022960673
  -44.997805, 0.000226548, 0.00022960673
  -44.997805, 0.000183582, 0.00022960673
  -44.997805, 0.000363258, 0.00022960673
  -44.997805, 0.000105462, 0.00022960673
  -44.997805, 0.000109368, 0.00022960673
  -44.997805, 0.000230454, 0.00022960673
  -44.997805, 7.812e-06, 0.00022960673
  -44.997805, 7.812e-05, 0.00022960673
  -44.99135, 0.000109368, 0.00022990362
  -44.99135, 0.00015624, 0.00022990362
  -44.99135, 9.3744e-05, 0.00022990362
  -44.99135, 0.000164052, 0.00022990362
  -44.99135, 0.00027342, 0.00022990362
  -44.99135, 0.0001953, 0.00022990362
  -44.99135, 0.000289044, 0.00022990362
  -44.984895, 0.00037107, 0.00023020065
  -44.984895, 0.00033201, 0.00023020065
  -44.984895, 0.000187488, 0.00023020065
  -44.984895, 0.000148428, 0.00023020065
  -44.97844, 0.000183582, 0.00023049782
  -44.97844, 0.000203112, 0.00023049782
  -44.971985, 0.000183582, 0.00023079513
  -44.971985, 0.000191394, 0.00023079513
  -44.971985, 0.000324198, 0.00023079513
  -44.971985, 0.000164052, 0.00023079513
  -44.96553, 0.000335916, 0.00023109257
  -44.96553, 0.000304668, 0.00023109257
  -44.959075, 0.000246078, 0.00023139015
  -44.959075, 0.000148428, 0.00023139015
  -44.959075, 0.000183582, 0.00023139015
  -44.959075, 0.000218736, 0.00023139015
  -44.959075, 0.000226548, 0.00023139015
  -44.95262, 0.000257796, 0.00023168787
  -44.95262, 0.000308574, 0.00023168787
  -44.946165, 0.00033201, 0.00023198573
  -44.946165, 0.000281232, 0.00023198573
  -44.93971, -5.4684e-05, 0.00023228372
  -44.933255, 0.00042966, 0.00023258186
  -44.933255, 0.000261702, 0.00023258186
  -44.933255, 0.000226548, 0.00023258186
  -44.9268, 0.000285138, 0.00023288013
  -44.9268, 0.000257796, 0.00023288013
  -44.920345, 0.000289044, 0.00023317854
  -44.920345, 4.6872e-05, 0.00023317854
  -44.920345, 0.00017577, 0.00023317854
  -44.91389, 0.00029295, 0.00023347709
  -44.91389, 0.000144522, 0.00023347709
  -44.91389, 0.000246078, 0.00023347709
  -44.907435, 0.000269514, 0.00023377577
  -44.907435, 0.000355446, 0.00023377577
  -44.907435, 0.000421848, 0.00023377577
  -44.90098, 0.000441378, 0.00023407459
  -44.894525, 0.000160146, 0.00023437356
  -44.894525, 8.9838e-05, 0.00023437356
  -44.894525, 0.000347634, 0.00023437356
  -44.894525, 0.000226548, 0.00023437356
  -44.894525, 0.00017577, 0.00023437356
  -44.88807, 0.00011718, 0.00023467266
  -44.88807, 0.000249984, 0.00023467266
  -44.88807, 0.000324198, 0.00023467266
  -44.88807, 0.000144522, 0.00023467266
  -44.88807, 0.00013671, 0.00023467266
  -44.881615, 6.2496e-05, 0.00023497189
  -44.881615, 0.000269514, 0.00023497189
  -44.881615, 7.812e-05, 0.00023497189
  -44.881615, 0.00035154, 0.00023497189
  -44.87516, 0.000257796, 0.00023527127
  -44.87516, 0.000417942, 0.00023527127
  -44.868705, 0.000503874, 0.00023557079
  -44.86225, 0.000105462, 0.00023587044
  -44.84934, 0.000132804, 0.00023647016
  -44.84934, 0.000246078, 0.00023647016
  -44.84934, 0.000207018, 0.00023647016
  -44.842885, 0.000339822, 0.00023677023
  -44.842885, 0.00023436, 0.00023677023
  -44.842885, 5.859e-05, 0.00023677023
  -44.842885, 0.000113274, 0.00023677023
  -44.83643, 0.000101556, 0.00023707043
  -44.83643, 0.00013671, 0.00023707043
  -44.829975, 0.000417942, 0.00023737078
  -44.829975, 0.000148428, 0.00023737078
  -44.82352, 0.000308574, 0.00023767126
  -44.817065, 0.000480438, 0.00023797189
  -44.817065, 0.000308574, 0.00023797189
  -44.817065, 0.000324198, 0.00023797189
  -44.817065, 0.000300762, 0.00023797189
  -44.817065, 0.000374976, 0.00023797189
  -44.817065, 0.00041013, 0.00023797189
  -44.817065, 0.000203112, 0.00023797189
  -44.817065, 0.00017577, 0.00023797189
  -44.81061, 0.000335916, 0.00023827265
  -44.81061, 0.00023436, 0.00023827265
  -44.81061, 0.000285138, 0.00023827265
  -44.81061, 0.0003906, 0.00023827265
  -44.81061, 0.000347634, 0.00023827265
  -44.81061, 0.000222642, 0.00023827265
  -44.81061, 0.000304668, 0.00023827265
  -44.81061, 0.000363258, 0.00023827265
  -44.81061, 0.000363258, 0.00023827265
  -44.804155, 0.00025389, 0.00023857354
  -44.804155, 0.000261702, 0.00023857354
  -44.804155, 0.000238266, 0.00023857354
  -44.7977, 0.000242172, 0.00023887458
  -44.7977, 0.000386694, 0.00023887458
  -44.791245, 8.9838e-05, 0.00023917576
  -44.791245, 6.2496e-05, 0.00023917576
  -44.791245, 0.000132804, 0.00023917576
  -44.78479, 0.0001953, 0.00023947707
  -44.78479, 0.00027342, 0.00023947707
  -44.778335, 0.000265608, 0.00023977853
  -44.77188, 0.000101556, 0.00024008012
  -44.77188, 0.000218736, 0.00024008012
  -44.77188, 0.000207018, 0.00024008012
  -44.765425, 3.906e-06, 0.00024038185
  -44.765425, 0.000144522, 0.00024038185
  -44.765425, 0.000207018, 0.00024038185
  -44.765425, 0.000132804, 0.00024038185
  -44.75897, 0.000183582, 0.00024068372
  -44.75897, 0.000265608, 0.00024068372
  -44.75897, 0.000124992, 0.00024068372
  -44.75897, 0.000285138, 0.00024068372
  -44.752515, 0.000210924, 0.00024098573
  -44.752515, 0.000374976, 0.00024098573
  -44.752515, 5.859e-05, 0.00024098573
  -44.74606, 0.000246078, 0.00024128788
  -44.74606, 0.000144522, 0.00024128788
  -44.74606, 0.00017577, 0.00024128788
  -44.739605, 0.000437472, 0.00024159016
  -44.739605, 0.000382788, 0.00024159016
  -44.739605, 0.000328104, 0.00024159016
  -44.739605, 0.000191394, 0.00024159016
  -44.739605, 0.000238266, 0.00024159016
  -44.739605, 0.00029295, 0.00024159016
  -44.73315, 0.000230454, 0.00024189259
  -44.73315, 0.000105462, 0.00024189259
  -44.73315, 0.00042966, 0.00024189259
  -44.73315, 0.000285138, 0.00024189259
  -44.73315, 8.5932e-05, 0.00024189259
  -44.726695, 0.00025389, 0.00024219515
  -44.726695, 0.000457002, 0.00024219515
  -44.72024, 0.000128898, 0.00024249786
  -44.72024, 0.000167958, 0.00024249786
  -44.72024, 0.000281232, 0.00024249786
  -44.713785, 0.000460908, 0.0002428007
  -44.713785, 0.000101556, 0.0002428007
  -44.713785, 0.000160146, 0.0002428007
  -44.713785, 0.000261702, 0.0002428007
  -44.70733, 3.1248e-05, 0.00024310368
  -44.70733, 0.00044919, 0.00024310368
  -44.70733, 0.000171864, 0.00024310368
  -44.70733, 0.000382788, 0.00024310368
  -44.700875, 0.000265608, 0.0002434068
  -44.700875, 0.000511686, 0.0002434068
  -44.700875, 0.000335916, 0.0002434068
  -44.700875, 0.000308574, 0.0002434068
  -44.69442, 0.000152334, 0.00024371006
  -44.69442, 0.000179676, 0.00024371006
  -44.69442, 0.000109368, 0.00024371006
  -44.69442, 0.000335916, 0.00024371006
  -44.687965, 0.000132804, 0.00024401346
  -44.687965, 0.00048825, 0.00024401346
  -44.687965, 0.000402318, 0.00024401346
  -44.68151, 0.0001953, 0.00024431699
  -44.68151, 0.00027342, 0.00024431699
  -44.675055, 0.000437472, 0.00024462067
  -44.675055, 0.000320292, 0.00024462067
  -44.675055, 0.000148428, 0.00024462067
  -44.675055, 0.000203112, 0.00024462067
  -44.675055, 0.000281232, 0.00024462067
  -44.675055, 0.000246078, 0.00024462067
  -44.675055, 0.000238266, 0.00024462067
  -44.675055, 0.00041013, 0.00024462067
  -44.6686, 0.00021483, 0.00024492449
  -44.6686, 0.000269514, 0.00024492449
  -44.6686, 0.00027342, 0.00024492449
  -44.662145, 0.000406224, 0.00024522844
  -44.662145, 0.000269514, 0.00024522844
  -44.662145, 0.00041013, 0.00024522844
  -44.662145, 0.000394506, 0.00024522844
  -44.662145, 0.000316386, 0.00024522844
  -44.662145, 0.000261702, 0.00024522844
  -44.65569, 0.000285138, 0.00024553254
  -44.65569, 0.000124992, 0.00024553254
  -44.649235, 0.0001953, 0.00024583677
  -44.649235, 0.00017577, 0.00024583677
  -44.649235, 0.000281232, 0.00024583677
  -44.649235, 0.000109368, 0.00024583677
  -44.649235, 0.00031248, 0.00024583677
  -44.649235, 0.000277326, 0.00024583677
  -44.64278, 0.000257796, 0.00024614114
  -44.64278, 0.000320292, 0.00024614114
  -44.64278, 0.0001953, 0.00024614114
  -44.636325, 0.000320292, 0.00024644565
  -44.636325, 0.000261702, 0.00024644565
  -44.623415, 0.00027342, 0.0002470551
  -44.61696, 0.000304668, 0.00024736003
  -44.61696, 0.0003906, 0.00024736003
  -44.610505, 0.000246078, 0.0002476651
  -44.60405, 0.000187488, 0.00024797031
  -44.597595, 0.000132804, 0.00024827566
  -44.597595, 0.000437472, 0.00024827566
  -44.597595, 0.000203112, 0.00024827566
  -44.597595, 0.0001953, 0.00024827566
  -44.59114, 0.00013671, 0.00024858114
  -44.584685, 0.000167958, 0.00024888677
  -44.57823, 0.00015624, 0.00024919254
  -44.57823, 0.00023436, 0.00024919254
  -44.57823, 0.000246078, 0.00024919254
  -44.571775, 0.000128898, 0.00024949845
  -44.571775, 0.000378882, 0.00024949845
  -44.571775, 0.000203112, 0.00024949845
  -44.571775, 0.000121086, 0.00024949845
  -44.56532, 0.000199206, 0.00024980449
  -44.56532, 0.00031248, 0.00024980449
  -44.558865, 8.2026e-05, 0.00025011068
  -44.558865, 0.000148428, 0.00025011068
  -44.55241, 0.000265608, 0.00025041701
  -44.533045, 0.000324198, 0.00025133683
  -44.533045, 0.000203112, 0.00025133683
  -44.533045, 0.000148428, 0.00025133683
  -44.52659, 0.000187488, 0.00025164371
  -44.52659, 5.0778e-05, 0.00025164371
  -44.520135, 9.765e-05, 0.00025195074
  -44.520135, 0.000164052, 0.00025195074
  -44.520135, 0.000261702, 0.00025195074
  -44.520135, 0.000281232, 0.00025195074
  -44.51368, 0.000199206, 0.0002522579
  -44.50077, 0.000132804, 0.00025287265
  -44.50077, 4.6872e-05, 0.00025287265
  -44.494315, 0.000269514, 0.00025318024
  -44.48786, 0.000398412, 0.00025348796
  -44.48786, 0.00021483, 0.00025348796
  -44.48786, 0.000167958, 0.00025348796
  -44.48786, 0.000261702, 0.00025348796
  -44.481405, 5.4684e-05, 0.00025379583
  -44.481405, 0.000343728, 0.00025379583
  -44.481405, 0.000347634, 0.00025379583
  -44.47495, 0.000226548, 0.00025410383
  -44.468495, 0.000320292, 0.00025441198
  -44.46204, 0.000296856, 0.00025472027
  -44.46204, 0.000363258, 0.00025472027
  -44.46204, 0.000187488, 0.00025472027
  -44.455585, 0.000277326, 0.00025502869
  -44.44913, 0.000238266, 0.00025533726
  -44.44913, 0.000335916, 0.00025533726
  -44.44913, 0.000261702, 0.00025533726
  -44.442675, 0.000328104, 0.00025564596
  -44.442675, 0.000374976, 0.00025564596
  -44.43622, 0.000167958, 0.00025595481
  -44.429765, 0.000246078, 0.0002562638
  -44.429765, 0.00027342, 0.0002562638
  -44.42331, 0.000128898, 0.00025657293
  -44.416855, 0.000316386, 0.00025688219
  -44.4104, 0.00035154, 0.0002571916
  -44.4104, 0.000203112, 0.0002571916
  -44.4104, 0.00011718, 0.0002571916
  -44.4104, 0.000367164, 0.0002571916
  -44.403945, 0.000246078, 0.00025750115
  -44.39749, 0.000191394, 0.00025781084
  -44.39749, 0.000140616, 0.00025781084
  -44.39749, 0.000316386, 0.00025781084
  -44.391035, 0.00035154, 0.00025812067
  -44.38458, 0.000300762, 0.00025843064
  -44.365215, 0.000249984, 0.00025936139
  -44.365215, 0.000281232, 0.00025936139
  -44.365215, 0.000374976, 0.00025936139
  -44.352305, 0.000183582, 0.0002599826
  -44.34585, 0.00011718, 0.00026029341
  -44.34585, 0.000246078, 0.00026029341
  -44.339395, 0.000183582, 0.00026060436
  -44.339395, 0.000183582, 0.00026060436
  -44.339395, 0.000257796, 0.00026060436
  -44.33294, 0.000324198, 0.00026091546
  -44.326485, 0.000328104, 0.00026122669
  -44.326485, 8.9838e-05, 0.00026122669
  -44.326485, 0.000257796, 0.00026122669
  -44.326485, 0.000191394, 0.00026122669
  -44.326485, 0.000304668, 0.00026122669
  -44.32003, 0.000238266, 0.00026153807
  -44.32003, 0.00023436, 0.00026153807
  -44.32003, 0.000367164, 0.00026153807
  -44.32003, 0.00041013, 0.00026153807
  -44.32003, 0.00042966, 0.00026153807
  -44.313575, 0.000316386, 0.00026184959
  -44.313575, 0.000160146, 0.00026184959
  -44.313575, 0.000249984, 0.00026184959
  -44.30712, 0.000343728, 0.00026216125
  -44.300665, 0.000210924, 0.00026247305
  -44.29421, 0.000281232, 0.00026278499
  -44.287755, 0.000406224, 0.00026309707
  -44.287755, 0.0001953, 0.00026309707
  -44.2813, 0.000343728, 0.00026340929
  -44.2813, 0.000249984, 0.00026340929
  -44.274845, 0.000296856, 0.00026372165
  -44.274845, 0.000183582, 0.00026372165
  -44.26839, 0.000277326, 0.00026403416
  -44.26839, 0.000113274, 0.00026403416
  -44.261935, 0.00025389, 0.0002643468
  -44.25548, 0.000164052, 0.00026465959
  -44.249025, 0.000144522, 0.00026497252
  -44.249025, 0.000257796, 0.00026497252
  -44.236115, 9.3744e-05, 0.0002655988
  -44.22966, 0.000249984, 0.00026591215
  -44.22966, 0.000355446, 0.00026591215
  -44.223205, 0.000277326, 0.00026622564
  -44.21675, 0.00023436, 0.00026653927
  -44.20384, 0.000335916, 0.00026716697
  -44.20384, 4.2966e-05, 0.00026716697
  -44.197385, 0.000226548, 0.00026748102
  -44.197385, 0.000269514, 0.00026748102
  -44.19093, 0.000374976, 0.00026779522
  -44.19093, 0.000203112, 0.00026779522
  -44.19093, 0.000417942, 0.00026779522
  -44.19093, 0.000355446, 0.00026779522
  -44.184475, 0.000347634, 0.00026810956
  -44.184475, 0.000402318, 0.00026810956
  -44.17802, 0.000343728, 0.00026842405
  -44.17802, 0.00013671, 0.00026842405
  -44.17802, 0.000121086, 0.00026842405
  -44.171565, 0.000324198, 0.00026873867
  -44.171565, 0.000281232, 0.00026873867
  -44.171565, 0.000453096, 0.00026873867
  -44.16511, 0.00029295, 0.00026905343
  -44.158655, 0.00037107, 0.00026936834
  -44.158655, 0.000187488, 0.00026936834
  -44.1522, 0.00029295, 0.00026968339
  -44.1522, 0.000355446, 0.00026968339
  -44.145745, 0.00025389, 0.00026999858
  -44.145745, 0.000363258, 0.00026999858
  -44.145745, 3.906e-05, 0.00026999858
  -44.145745, 0.000257796, 0.00026999858
  -44.13929, 0.00031248, 0.00027031391
  -44.132835, 0.000226548, 0.00027062939
  -44.132835, 0.000335916, 0.00027062939
  -44.132835, 0.000394506, 0.00027062939
  -44.119925, 0.000179676, 0.00027126076
  -44.11347, 0.000394506, 0.00027157666
  -44.107015, 0.000183582, 0.0002718927
  -44.107015, 0.000281232, 0.0002718927
  -44.107015, 0.000199206, 0.0002718927
  -44.10056, 0.000257796, 0.00027220888
  -44.08765, 0.00046872, 0.00027284167
  -44.081195, 5.859e-05, 0.00027315828
  -44.055375, 5.859e-05, 0.00027442613
  -44.04892, 0.000140616, 0.00027474345
  -44.042465, 0.00033201, 0.00027506091
  -44.029555, 2.7342e-05, 0.00027569626
  -44.0231, 8.5932e-05, 0.00027601414
  -44.016645, 0.000207018, 0.00027633217
  -44.016645, 0.000269514, 0.00027633217
  -44.003735, 0.000140616, 0.00027696866
  -44.003735, 0.000109368, 0.00027696866
  -43.99728, 0.000238266, 0.00027728711
  -43.99728, 0.000320292, 0.00027728711
  -43.990825, 0.00027342, 0.00027760571
  -43.990825, 0.00027342, 0.00027760571
  -43.98437, 0.000296856, 0.00027792445
  -43.98437, 0.000218736, 0.00027792445
  -43.98437, 0.000203112, 0.00027792445
  -43.977915, 0.0003906, 0.00027824333
  -43.977915, 0.0001953, 0.00027824333
  -43.977915, 0.000398412, 0.00027824333
  -43.977915, 0.000164052, 0.00027824333
  -43.97146, 0.000300762, 0.00027856236
  -43.965005, 0.000382788, 0.00027888153
  -43.965005, 0.000289044, 0.00027888153
  -43.95855, 0.000378882, 0.00027920084
  -43.95855, 0.000199206, 0.00027920084
  -43.952095, 0.00027342, 0.00027952029
  -43.94564, 0.00031248, 0.00027983989
  -43.94564, 0.000261702, 0.00027983989
  -43.94564, 0.000300762, 0.00027983989
  -43.93273, 0.000249984, 0.00028047951
  -43.93273, 0.000316386, 0.00028047951
  -43.93273, 0.000414036, 0.00028047951
  -43.93273, 0.000210924, 0.00028047951
  -43.93273, 0.000281232, 0.00028047951
  -43.926275, 0.000242172, 0.00028079953
  -43.926275, 0.000382788, 0.00028079953
  -43.91982, 0.000437472, 0.0002811197
  -43.91982, 0.000230454, 0.0002811197
  -43.913365, 0.000171864, 0.00028144001
  -43.913365, 0.000183582, 0.00028144001
  -43.913365, 0.000285138, 0.00028144001
  -43.900455, 3.1248e-05, 0.00028208105
  -43.887545, 0.00011718, 0.00028272267
  -43.887545, 0.000343728, 0.00028272267
  -43.88109, 2.3436e-05, 0.00028304369
  -43.874635, 0.000363258, 0.00028336486
  -43.874635, 0.000277326, 0.00028336486
  -43.86818, 3.5154e-05, 0.00028368617
  -43.86818, 0.000199206, 0.00028368617
  -43.861725, 0.000347634, 0.00028400762
  -43.861725, 0.000140616, 0.00028400762
  -43.861725, 0.000230454, 0.00028400762
  -43.861725, 0.000187488, 0.00028400762
  -43.85527, 0.000394506, 0.00028432921
  -43.85527, 0.000347634, 0.00028432921
  -43.848815, 0.000222642, 0.00028465095
  -43.848815, 0.000187488, 0.00028465095
  -43.848815, 0.000222642, 0.00028465095
  -43.848815, 0.000339822, 0.00028465095
  -43.848815, 0.000406224, 0.00028465095
  -43.84236, 0.00041013, 0.00028497283
  -43.84236, 0.000550746, 0.00028497283
  -43.835905, 0.00025389, 0.00028529486
  -43.835905, 0.000226548, 0.00028529486
  -43.835905, 0.000562464, 0.00028529486
  -43.822995, 0.000359352, 0.00028593934
  -43.822995, 0.00042966, 0.00028593934
  -43.822995, 0.000210924, 0.00028593934
  -43.81654, 0.000246078, 0.00028626179
  -43.81654, 0.000476532, 0.00028626179
  -43.81654, 0.000386694, 0.00028626179
  -43.810085, 0.000277326, 0.00028658439
  -43.810085, 0.000406224, 0.00028658439
  -43.797175, 0.000363258, 0.00028723001
  -43.797175, 0.00023436, 0.00028723001
  -43.797175, 0.000210924, 0.00028723001
  -43.77781, 7.4214e-05, 0.00028819952
  -43.758445, 0.000320292, 0.00028917032
  -43.758445, 7.812e-06, 0.00028917032
  -43.75199, 0.000367164, 0.00028949421
  -43.75199, 0.000164052, 0.00028949421
  -43.745535, 0.000226548, 0.00028981824
  -43.73908, 0.00015624, 0.00029014241
  -43.73908, 0.00015624, 0.00029014241
  -43.732625, 0.000316386, 0.00029046673
  -43.71326, 0.000257796, 0.00029144055
  -43.693895, 0.000199206, 0.00029241565
  -43.68744, 0.000187488, 0.00029274098
  -43.67453, 0.00023436, 0.00029339206
  -43.668075, 0.000296856, 0.00029371781
  -43.668075, 0.000316386, 0.00029371781
  -43.668075, 0.000152334, 0.00029371781
  -43.655165, 0.000499968, 0.00029436975
  -43.64871, 9.3744e-05, 0.00029469594
  -43.64871, 0.000425754, 0.00029469594
  -43.642255, 0.000347634, 0.00029502227
  -43.642255, 0.000550746, 0.00029502227
  -43.642255, 0.000269514, 0.00029502227
  -43.642255, 0.00025389, 0.00029502227
  -43.642255, 0.000316386, 0.00029502227
  -43.6358, 0.000203112, 0.00029534875
  -43.62289, 0.000187488, 0.00029600213
  -43.616435, 0.000304668, 0.00029632904
  -43.616435, 0.000417942, 0.00029632904
  -43.616435, 8.2026e-05, 0.00029632904
  -43.60998, 0.000320292, 0.00029665609
  -43.60998, 0.00033201, 0.00029665609
  -43.603525, 0.000132804, 0.00029698329
  -43.603525, 0.000187488, 0.00029698329
  -43.603525, 0.000191394, 0.00029698329
  -43.603525, 0.000499968, 0.00029698329
  -43.603525, 0.0003906, 0.00029698329
  -43.59707, 0.000171864, 0.00029731063
  -43.590615, 0.000386694, 0.00029763811
  -43.590615, 0.000242172, 0.00029763811
  -43.590615, 0.000355446, 0.00029763811
  -43.58416, 0.000367164, 0.00029796574
  -43.58416, 0.00037107, 0.00029796574
  -43.577705, 0.000414036, 0.00029829351
  -43.57125, 7.4214e-05, 0.00029862143
  -43.564795, 0.000398412, 0.00029894949
  -43.564795, 0.000398412, 0.00029894949
  -43.564795, 0.000382788, 0.00029894949
  -43.55834, 0.000421848, 0.0002992777
  -43.55834, 0.000335916, 0.0002992777
  -43.551885, 8.9838e-05, 0.00029960605
  -43.551885, 0.00017577, 0.00029960605
  -43.54543, 0.000320292, 0.00029993454
  -43.538975, 0.000339822, 0.00030026318
  -43.53252, 0.0003906, 0.00030059197
  -43.53252, 0.000179676, 0.00030059197
  -43.526065, 0.000562464, 0.0003009209
  -43.526065, 0.000246078, 0.0003009209
  -43.526065, 0.000613242, 0.0003009209
  -43.51961, 3.1248e-05, 0.00030124997
  -43.51961, 0.000210924, 0.00030124997
  -43.51961, 0.00023436, 0.00030124997
  -43.51961, 7.4214e-05, 0.00030124997
  -43.51961, 8.2026e-05, 0.00030124997
  -43.513155, 0.000550746, 0.00030157919
  -43.513155, 9.765e-05, 0.00030157919
  -43.513155, 0.000316386, 0.00030157919
  -43.513155, 0.000269514, 0.00030157919
  -43.513155, 0.000285138, 0.00030157919
  -43.5067, 0.00033201, 0.00030190855
  -43.5067, 0.000402318, 0.00030190855
  -43.5067, 0.000445284, 0.00030190855
  -43.5067, 0.000320292, 0.00030190855
  -43.5067, 0.0003906, 0.00030190855
  -43.5067, 0.000203112, 0.00030190855
  -43.5067, 0.000328104, 0.00030190855
  -43.500245, 0.000335916, 0.00030223806
  -43.500245, 0.000207018, 0.00030223806
  -43.500245, 0.000191394, 0.00030223806
  -43.49379, 0.000300762, 0.00030256771
  -43.49379, 0.000187488, 0.00030256771
  -43.49379, 0.000164052, 0.00030256771
  -43.49379, 0.000246078, 0.00030256771
  -43.49379, 0.000335916, 0.00030256771
  -43.49379, 0.000164052, 0.00030256771
  -43.487335, 0.000167958, 0.00030289751
  -43.48088, 0.000417942, 0.00030322745
  -43.48088, 0.000210924, 0.00030322745
  -43.48088, 0.000210924, 0.00030322745
  -43.48088, 0.00017577, 0.00030322745
  -43.48088, 7.812e-05, 0.00030322745
  -43.474425, 0.000187488, 0.00030355754
  -43.474425, 0.000386694, 0.00030355754
  -43.46797, 0.000191394, 0.00030388777
  -43.46797, 0.000167958, 0.00030388777
  -43.461515, 0.000277326, 0.00030421814
  -43.461515, 0.000320292, 0.00030421814
  -43.461515, 0.000148428, 0.00030421814
  -43.461515, 0.000109368, 0.00030421814
  -43.45506, 0.000261702, 0.00030454866
  -43.45506, 0.000160146, 0.00030454866
  -43.45506, 0.00027342, 0.00030454866
  -43.45506, 0.000109368, 0.00030454866
  -43.45506, 8.5932e-05, 0.00030454866
  -43.45506, 0.000320292, 0.00030454866
  -43.45506, 0.000359352, 0.00030454866
  -43.45506, 0.00048825, 0.00030454866
  -43.45506, 0.000289044, 0.00030454866
  -43.45506, 0.000277326, 0.00030454866
  -43.45506, 0.000238266, 0.00030454866
  -43.448605, 0.000363258, 0.00030487933
  -43.448605, 0.000347634, 0.00030487933
  -43.448605, 0.000339822, 0.00030487933
  -43.448605, 0.000183582, 0.00030487933
  -43.448605, 0.000265608, 0.00030487933
  -43.448605, 0.00013671, 0.00030487933
  -43.448605, 0.000328104, 0.00030487933
  -43.44215, 0.000132804, 0.00030521014
  -43.44215, 0.000164052, 0.00030521014
  -43.44215, 0.00023436, 0.00030521014
  -43.44215, 0.00023436, 0.00030521014
  -43.44215, 0.000339822, 0.00030521014
  -43.44215, 0.000300762, 0.00030521014
  -43.435695, 0.000382788, 0.0003055411
  -43.435695, 8.9838e-05, 0.0003055411
  -43.435695, 0.0003906, 0.0003055411
  -43.42924, 0.000246078, 0.0003058722
  -43.42924, 0.00031248, 0.0003058722
  -43.42924, 0.000164052, 0.0003058722
  -43.422785, 0.000164052, 0.00030620344
  -43.422785, 0.000320292, 0.00030620344
  -43.422785, 0.000367164, 0.00030620344
  -43.422785, 0.000324198, 0.00030620344
  -43.422785, 0.000249984, 0.00030620344
  -43.41633, 0.000281232, 0.00030653483
  -43.41633, 0.000496062, 0.00030653483
  -43.41633, 0.000417942, 0.00030653483
  -43.41633, 0.000242172, 0.00030653483
  -43.41633, 0.00035154, 0.00030653483
  -43.409875, 0.00037107, 0.00030686637
  -43.409875, 0.000300762, 0.00030686637
  -43.40342, 0.00021483, 0.00030719805
  -43.40342, 0.000328104, 0.00030719805
  -43.40342, 0.00015624, 0.00030719805
  -43.40342, 0.000191394, 0.00030719805
  -43.40342, 0.000191394, 0.00030719805
  -43.396965, 0.000261702, 0.00030752988
  -43.39051, 0.00031248, 0.00030786185
  -43.39051, 0.000503874, 0.00030786185
  -43.384055, 0.000281232, 0.00030819397
  -43.384055, 0.000246078, 0.00030819397
  -43.384055, 0.000394506, 0.00030819397
  -43.3776, 0.000203112, 0.00030852623
  -43.371145, 0.000300762, 0.00030885864
  -43.371145, 0.000226548, 0.00030885864
  -43.36469, 0.00031248, 0.00030919119
  -43.358235, 0.000343728, 0.00030952389
  -43.358235, 0.000265608, 0.00030952389
  -43.35178, 0.00021483, 0.00030985673
  -43.35178, 0.000414036, 0.00030985673
  -43.35178, 0.0001953, 0.00030985673
  -43.345325, 0.000222642, 0.00031018972
  -43.345325, 0.000222642, 0.00031018972
  -43.345325, 0.000296856, 0.00031018972
  -43.345325, 0.000289044, 0.00031018972
  -43.345325, 0.000308574, 0.00031018972
  -43.345325, 0.000257796, 0.00031018972
  -43.345325, 0.00025389, 0.00031018972
  -43.33887, 0.000261702, 0.00031052286
  -43.33887, 0.000226548, 0.00031052286
  -43.33887, 0.000343728, 0.00031052286
  -43.33887, 0.000304668, 0.00031052286
  -43.33887, 0.000363258, 0.00031052286
  -43.332415, 0.00037107, 0.00031085614
  -43.332415, 0.000289044, 0.00031085614
  -43.332415, 0.00037107, 0.00031085614
  -43.332415, 0.000503874, 0.00031085614
  -43.332415, 0.000398412, 0.00031085614
  -43.332415, 0.000386694, 0.00031085614
  -43.32596, 0.000289044, 0.00031118956
  -43.32596, 0.000394506, 0.00031118956
  -43.32596, 0.000226548, 0.00031118956
  -43.32596, 0.00031248, 0.00031118956
  -43.32596, 0.000382788, 0.00031118956
  -43.32596, 0.000320292, 0.00031118956
  -43.32596, 0.000480438, 0.00031118956
  -43.319505, 0.000347634, 0.00031152314
  -43.319505, 0.00025389, 0.00031152314
  -43.319505, 0.000363258, 0.00031152314
  -43.31305, 0.000425754, 0.00031185685
  -43.31305, 0.000347634, 0.00031185685
  -43.306595, 0.00027342, 0.00031219072
  -43.306595, 0.000335916, 0.00031219072
  -43.306595, 0.000394506, 0.00031219072
  -43.306595, 0.000249984, 0.00031219072
  -43.306595, 0.000460908, 0.00031219072
  -43.30014, 0.000414036, 0.00031252472
  -43.293685, 0.00021483, 0.00031285888
  -43.293685, 0.000441378, 0.00031285888
  -43.293685, 0.00033201, 0.00031285888
  -43.28723, 0.00042966, 0.00031319318
  -43.28723, 0.000218736, 0.00031319318
  -43.28723, 0.000308574, 0.00031319318
  -43.28723, 0.000335916, 0.00031319318
  -43.28723, 0.000230454, 0.00031319318
  -43.28723, 0.000226548, 0.00031319318
  -43.280775, 0.000363258, 0.00031352762
  -43.27432, 0.000210924, 0.00031386221
  -43.27432, 0.000187488, 0.00031386221
  -43.27432, 0.000257796, 0.00031386221
  -43.27432, 0.000218736, 0.00031386221
  -43.27432, 0.000249984, 0.00031386221
  -43.27432, 0.000511686, 0.00031386221
  -43.27432, 0.000308574, 0.00031386221
  -43.267865, 0.00031248, 0.00031419695
  -43.267865, 0.000476532, 0.00031419695
  -43.267865, 0.000421848, 0.00031419695
  -43.267865, 0.00027342, 0.00031419695
  -43.26141, 0.000285138, 0.00031453183
  -43.26141, 0.00037107, 0.00031453183
  -43.26141, 0.000386694, 0.00031453183
  -43.26141, 0.00041013, 0.00031453183
  -43.26141, 0.00035154, 0.00031453183
  -43.26141, 0.000183582, 0.00031453183
  -43.254955, 0.000328104, 0.00031486686
  -43.254955, 0.000289044, 0.00031486686
  -43.2485, 0.000187488, 0.00031520204
  -43.2485, 0.00037107, 0.00031520204
  -43.2485, 0.000374976, 0.00031520204
  -43.2485, 0.000453096, 0.00031520204
  -43.2485, 0.000386694, 0.00031520204
  -43.2485, 0.00048825, 0.00031520204
  -43.242045, 0.000347634, 0.00031553736
  -43.242045, 0.000343728, 0.00031553736
  -43.242045, 0.000417942, 0.00031553736
  -43.242045, 0.00035154, 0.00031553736
  -43.242045, 0.000421848, 0.00031553736
  -43.23559, 0.000179676, 0.00031587282
  -43.23559, 0.000304668, 0.00031587282
  -43.23559, 0.000199206, 0.00031587282
  -43.23559, 0.000308574, 0.00031587282
  -43.229135, 0.000222642, 0.00031620844
  -43.229135, 0.000347634, 0.00031620844
  -43.22268, 0.000191394, 0.0003165442
  -43.22268, 0.00035154, 0.0003165442
  -43.216225, 0.000558558, 0.0003168801
  -43.216225, 0.000249984, 0.0003168801
  -43.20977, 0.000210924, 0.00031721615
  -43.20977, 0.000496062, 0.00031721615
  -43.20977, 0.000421848, 0.00031721615
  -43.20977, 0.000308574, 0.00031721615
  -43.203315, 0.000281232, 0.00031755235
  -43.190405, 0.000355446, 0.00031822518
  -43.190405, 0.000207018, 0.00031822518
  -43.18395, 0.000191394, 0.00031856181
  -43.18395, 0.000238266, 0.00031856181
  -43.18395, 0.000246078, 0.00031856181
  -43.177495, 0.000492156, 0.0003188986
  -43.177495, 0.000308574, 0.0003188986
  -43.151675, 0.000433566, 0.00032024719
  -43.151675, 0.000289044, 0.00032024719
  -43.14522, 0.00054684, 0.0003205847
  -43.138765, 0.000187488, 0.00032092236
  -43.138765, 0.000343728, 0.00032092236
  -43.138765, 0.000230454, 0.00032092236
  -43.13231, 0.000132804, 0.00032126017
  -43.13231, 0.00033201, 0.00032126017
  -43.125855, 0.000343728, 0.00032159812
  -43.1194, 0.000402318, 0.00032193622
  -43.100035, 0.000394506, 0.00032295139
  -43.100035, 0.000355446, 0.00032295139
  -43.100035, 0.000386694, 0.00032295139
  -43.100035, 0.000222642, 0.00032295139
  -43.09358, 0.000359352, 0.00032329008
  -43.09358, 0.000363258, 0.00032329008
  -43.087125, 0.00027342, 0.00032362891
  -43.087125, 0.000476532, 0.00032362891
  -43.08067, 0.00027342, 0.00032396789
  -43.08067, 0.000445284, 0.00032396789
  -43.08067, 0.000343728, 0.00032396789
  -43.08067, 0.000359352, 0.00032396789
  -43.074215, 0.000339822, 0.00032430702
  -43.074215, 0.000425754, 0.00032430702
  -43.06776, 0.000183582, 0.00032464629
  -43.061305, 0.000398412, 0.00032498571
  -43.061305, 0.000128898, 0.00032498571
  -43.05485, 0.000406224, 0.00032532528
  -43.048395, 0.000457002, 0.00032566499
  -43.048395, 0.000183582, 0.00032566499
  -43.04194, 0.000437472, 0.00032600485
  -43.04194, 0.000339822, 0.00032600485
  -43.04194, 0.000386694, 0.00032600485
  -43.035485, 0.000652302, 0.00032634486
  -43.035485, 0.000386694, 0.00032634486
  -43.035485, 0.000519498, 0.00032634486
  -43.02903, 0.000238266, 0.00032668501
  -43.02903, 0.000402318, 0.00032668501
  -43.02903, 0.000238266, 0.00032668501
  -43.02903, 0.000503874, 0.00032668501
  -43.02903, 0.00044919, 0.00032668501
  -43.022575, 0.000261702, 0.00032702531
  -43.022575, 0.000308574, 0.00032702531
  -43.022575, 0.000199206, 0.00032702531
  -43.009665, 0.000374976, 0.00032770635
  -43.009665, 0.000249984, 0.00032770635
  -43.009665, 0.000281232, 0.00032770635
  -43.009665, 0.000398412, 0.00032770635
  -43.00321, 0.00029295, 0.0003280471
  -42.9903, 0.000394506, 0.00032872902
  -42.9903, 0.000519498, 0.00032872902
  -42.983845, 0.00027342, 0.00032907021
  -42.97739, 0.000281232, 0.00032941154
  -42.97739, 0.000238266, 0.00032941154
  -42.97739, 0.000425754, 0.00032941154
  -42.97739, 0.00044919, 0.00032941154
  -42.97739, 0.000335916, 0.00032941154
  -42.97739, 0.000441378, 0.00032941154
  -42.97739, 0.000335916, 0.00032941154
  -42.970935, 0.000160146, 0.00032975302
  -42.970935, 0.000367164, 0.00032975302
  -42.96448, 0.000328104, 0.00033009464
  -42.96448, 0.00048825, 0.00033009464
  -42.958025, 0.00031248, 0.00033043641
  -42.95157, 0.000187488, 0.00033077833
  -42.95157, 0.000128898, 0.00033077833
  -42.945115, 0.000335916, 0.0003311204
  -42.945115, 0.000441378, 0.0003311204
  -42.945115, 0.000316386, 0.0003311204
  -42.945115, 0.00035154, 0.0003311204
  -42.93866, 0.000652302, 0.00033146262
  -42.93866, 0.000386694, 0.00033146262
  -42.932205, 0.000363258, 0.00033180498
  -42.932205, 0.000281232, 0.00033180498
  -42.932205, 0.000281232, 0.00033180498
  -42.92575, 0.000441378, 0.00033214749
  -42.919295, 0.000437472, 0.00033249014
  -42.919295, 0.000355446, 0.00033249014
  -42.91284, 0.00033201, 0.00033283295
  -42.906385, 0.000269514, 0.0003331759
  -42.906385, 0.000171864, 0.0003331759
  -42.906385, 0.000265608, 0.0003331759
  -42.89993, 5.0778e-05, 0.000333519
  -42.89993, 0.000296856, 0.000333519
  -42.89993, 0.000316386, 0.000333519
  -42.893475, 0.000335916, 0.00033386225
  -42.880565, 0.000320292, 0.00033454919
  -42.880565, 0.000132804, 0.00033454919
  -42.87411, 0.000324198, 0.00033489288
  -42.87411, 0.000343728, 0.00033489288
  -42.867655, 0.000367164, 0.00033523672
  -42.8612, 0.000414036, 0.0003355807
  -42.8612, 0.000378882, 0.0003355807
  -42.854745, 0.000347634, 0.00033592484
  -42.854745, 0.000499968, 0.00033592484
  -42.854745, 0.000374976, 0.00033592484
  -42.84829, 0.000246078, 0.00033626912
  -42.83538, 0.000421848, 0.00033695813
  -42.83538, 0.000210924, 0.00033695813
  -42.83538, 0.00021483, 0.00033695813
  -42.828925, 0.000363258, 0.00033730285
  -42.82247, 0.000261702, 0.00033764773
  -42.82247, 0.000249984, 0.00033764773
  -42.82247, 0.000406224, 0.00033764773
  -42.82247, 0.000328104, 0.00033764773
  -42.816015, 0.000199206, 0.00033799275
  -42.80956, 0.00046872, 0.00033833792
  -42.803105, 0.000324198, 0.00033868323
  -42.803105, 0.000328104, 0.00033868323
  -42.803105, 0.00023436, 0.00033868323
  -42.79665, 0.000320292, 0.0003390287
  -42.790195, 0.00042966, 0.00033937431
  -42.790195, 0.000257796, 0.00033937431
  -42.777285, 7.4214e-05, 0.00034006599
  -42.777285, 0.000511686, 0.00034006599
  -42.77083, 0.000355446, 0.00034041204
  -42.77083, 0.000218736, 0.00034041204
  -42.764375, 0.000187488, 0.00034075825
  -42.764375, 0.000281232, 0.00034075825
  -42.75792, 0.000207018, 0.00034110461
  -42.751465, 0.000179676, 0.00034145111
  -42.74501, 0.000210924, 0.00034179776
  -42.738555, 0.000414036, 0.00034214456
  -42.7321, 0.00035154, 0.00034249151
  -42.7321, 0.000355446, 0.00034249151
  -42.7321, 0.000394506, 0.00034249151
  -42.7321, 0.000542934, 0.00034249151
  -42.725645, 0.000441378, 0.00034283861
  -42.725645, 0.000261702, 0.00034283861
  -42.725645, 0.0003906, 0.00034283861
  -42.725645, 0.000472626, 0.00034283861
  -42.725645, 0.000242172, 0.00034283861
  -42.70628, 0.000367164, 0.00034388079
  -42.70628, 0.0003906, 0.00034388079
  -42.70628, 0.000550746, 0.00034388079
  -42.699825, 0.00027342, 0.00034422848
  -42.699825, 0.000124992, 0.00034422848
  -42.69337, 0.000394506, 0.00034457632
  -42.69337, 0.000289044, 0.00034457632
  -42.686915, 0.000402318, 0.00034492431
  -42.686915, 0.000417942, 0.00034492431
  -42.686915, 0.00033201, 0.00034492431
  -42.686915, 0.000542934, 0.00034492431
  -42.686915, 0.000374976, 0.00034492431
  -42.686915, 0.00029295, 0.00034492431
  -42.68046, 0.000257796, 0.00034527245
  -42.68046, 0.000316386, 0.00034527245
  -42.674005, 0.000472626, 0.00034562073
  -42.674005, 0.000496062, 0.00034562073
  -42.674005, 0.000535122, 0.00034562073
  -42.66755, 5.0778e-05, 0.00034596917
  -42.66755, 0.000374976, 0.00034596917
  -42.661095, 0.000289044, 0.00034631775
  -42.661095, 0.000378882, 0.00034631775
  -42.65464, 0.000421848, 0.00034666648
  -42.648185, 0.000148428, 0.00034701536
  -42.64173, 0.00041013, 0.00034736439
  -42.635275, 0.000222642, 0.00034771357
  -42.635275, 0.000417942, 0.00034771357
  -42.635275, 0.000414036, 0.00034771357
  -42.62882, 0.00027342, 0.0003480629
  -42.62882, 0.000324198, 0.0003480629
  -42.62882, 0.00037107, 0.0003480629
  -42.622365, 0.000394506, 0.00034841237
  -42.622365, 0.000261702, 0.00034841237
  -42.61591, 0.000199206, 0.000348762
  -42.609455, 0.000199206, 0.00034911177
  -42.609455, 0.000437472, 0.00034911177
  -42.603, 0.000374976, 0.0003494617
  -42.603, 0.0001953, 0.0003494617
  -42.596545, 0.000285138, 0.00034981177
  -42.59009, 0.00041013, 0.00035016199
  -42.59009, 0.000320292, 0.00035016199
  -42.583635, 0.000308574, 0.00035051236
  -42.57718, 0.000269514, 0.00035086288
  -42.57718, 0.00035154, 0.00035086288
  -42.570725, 0.000613242, 0.00035121355
  -42.570725, 9.3744e-05, 0.00035121355
  -42.570725, 0.000441378, 0.00035121355
  -42.570725, 0.000179676, 0.00035121355
  -42.56427, 0.00050778, 0.00035156437
  -42.56427, 0.000359352, 0.00035156437
  -42.56427, 0.000121086, 0.00035156437
  -42.557815, 0.00011718, 0.00035191534
  -42.557815, 0.000308574, 0.00035191534
  -42.55136, 0.000460908, 0.00035226646
  -42.55136, 0.00042966, 0.00035226646
  -42.55136, 0.000425754, 0.00035226646
  -42.55136, 0.000531216, 0.00035226646
  -42.55136, 0.000578088, 0.00035226646
  -42.55136, 0.000421848, 0.00035226646
  -42.544905, 0.000347634, 0.00035261772
  -42.544905, 0.000218736, 0.00035261772
  -42.544905, 0.000328104, 0.00035261772
  -42.53845, 0.000347634, 0.00035296914
  -42.53845, 0.000238266, 0.00035296914
  -42.531995, 0.000402318, 0.0003533207
  -42.531995, 0.000480438, 0.0003533207
  -42.531995, 0.000300762, 0.0003533207
  -42.531995, 0.000343728, 0.0003533207
  -42.531995, 0.000437472, 0.0003533207
  -42.52554, 0.000562464, 0.00035367242
  -42.52554, 0.000406224, 0.00035367242
  -42.519085, 0.000339822, 0.00035402428
  -42.519085, 0.000183582, 0.00035402428
  -42.519085, 0.000519498, 0.00035402428
  -42.506175, 0.000386694, 0.00035472846
  -42.49972, 0.000511686, 0.00035508077
  -42.48681, 0.000187488, 0.00035578585
  -42.480355, 0.000367164, 0.00035613861
  -42.480355, 0.000398412, 0.00035613861
  -42.480355, 0.000121086, 0.00035613861
  -42.4739, 0.00017577, 0.00035649152
  -42.467445, 0.000355446, 0.00035684458
  -42.46099, 0.00029295, 0.00035719779
  -42.44808, 0.000480438, 0.00035790466
  -42.44808, 0.000554652, 0.00035790466
  -42.44808, 0.000386694, 0.00035790466
  -42.44808, 0.000257796, 0.00035790466
  -42.441625, 0.000433566, 0.00035825832
  -42.441625, 0.000269514, 0.00035825832
  -42.43517, 0.000148428, 0.00035861213
  -42.43517, 0.000433566, 0.00035861213
  -42.43517, 0.000246078, 0.00035861213
  -42.415805, 0.0001953, 0.00035967446
  -42.402895, 0.000124992, 0.00036038343
  -42.389985, 0.000320292, 0.000361093
  -42.377075, 0.000476532, 0.00036180317
  -42.37062, 0.000406224, 0.00036215848
  -42.35771, 0.000300762, 0.00036286955
  -42.35771, 0.000421848, 0.00036286955
  -42.35771, 0.000324198, 0.00036286955
  -42.3448, 0.000335916, 0.00036358123
  -42.338345, 0.000226548, 0.00036393729
  -42.33189, 0.00044919, 0.0003642935
  -42.33189, 0.000457002, 0.0003642935
  -42.325435, 0.000441378, 0.00036464987
  -42.325435, 0.000300762, 0.00036464987
  -42.325435, 0.000300762, 0.00036464987
  -42.325435, 0.000222642, 0.00036464987
  -42.31898, 0.000394506, 0.00036500638
  -42.30607, 0.00054684, 0.00036571986
  -42.299615, 0.000242172, 0.00036607682
  -42.29316, 0.000355446, 0.00036643394
  -42.286705, 0.000363258, 0.0003667912
  -42.286705, 0.00041013, 0.0003667912
  -42.286705, 0.000281232, 0.0003667912
  -42.286705, 0.000355446, 0.0003667912
  -42.28025, 0.000226548, 0.00036714862
  -42.273795, 0.000277326, 0.00036750619
  -42.26734, 0.000160146, 0.00036786391
  -42.260885, 0.000511686, 0.00036822178
  -42.25443, 0.000269514, 0.0003685798
  -42.24152, 0.000597618, 0.00036929629
  -42.24152, 0.000406224, 0.00036929629
  -42.24152, 0.000347634, 0.00036929629
  -42.235065, 0.000539028, 0.00036965476
  -42.22861, 0.000160146, 0.00037001338
  -42.22861, 0.000257796, 0.00037001338
  -42.22861, 0.000515592, 0.00037001338
  -42.22861, 0.000457002, 0.00037001338
  -42.222155, 0.000207018, 0.00037037216
  -42.222155, 0.000261702, 0.00037037216
  -42.222155, 0.000210924, 0.00037037216
  -42.222155, 0.000203112, 0.00037037216
  -42.2157, 0.000402318, 0.00037073108
  -42.2157, 0.000347634, 0.00037073108
  -42.209245, 0.000343728, 0.00037109016
  -42.209245, 0.000355446, 0.00037109016
  -42.209245, 0.000359352, 0.00037109016
  -42.209245, 0.000265608, 0.00037109016
  -42.20279, 0.000503874, 0.00037144938
  -42.20279, 0.000320292, 0.00037144938
  -42.20279, 0.000316386, 0.00037144938
  -42.196335, 0.00046872, 0.00037180876
  -42.18988, 0.000203112, 0.00037216829
  -42.18988, 0.000355446, 0.00037216829
  -42.18988, 0.00052731, 0.00037216829
  -42.183425, 0.000414036, 0.00037252797
  -42.183425, 0.000347634, 0.00037252797
  -42.17697, 0.000445284, 0.0003728878
  -42.17697, 0.000492156, 0.0003728878
  -42.17697, 0.000191394, 0.0003728878
  -42.17697, 0.000335916, 0.0003728878
  -42.170515, 0.000398412, 0.00037324779
  -42.170515, 0.000445284, 0.00037324779
  -42.170515, 0.000499968, 0.00037324779
  -42.170515, 0.00042966, 0.00037324779
  -42.16406, 0.00021483, 0.00037360792
  -42.16406, 0.000230454, 0.00037360792
  -42.157605, 0.000457002, 0.00037396821
  -42.15115, 0.000386694, 0.00037432864
  -42.144695, 0.000621054, 0.00037468923
  -42.144695, 0.00062496, 0.00037468923
  -42.144695, 0.00037107, 0.00037468923
  -42.144695, 0.000339822, 0.00037468923
  -42.13824, 0.000359352, 0.00037504997
  -42.13824, 0.000261702, 0.00037504997
  -42.13824, 0.000249984, 0.00037504997
  -42.13824, 0.000496062, 0.00037504997
  -42.131785, 0.00048825, 0.00037541086
  -42.131785, 0.000363258, 0.00037541086
  -42.131785, 0.000246078, 0.00037541086
  -42.12533, 0.000242172, 0.0003757719
  -42.12533, 0.00031248, 0.0003757719
  -42.12533, 0.00041013, 0.0003757719
  -42.12533, 0.00029295, 0.0003757719
  -42.118875, 0.000441378, 0.0003761331
  -42.118875, 0.000445284, 0.0003761331
  -42.11242, 0.00046872, 0.00037649444
  -42.11242, 0.000121086, 0.00037649444
  -42.105965, 0.000339822, 0.00037685594
  -42.105965, 0.00041013, 0.00037685594
  -42.105965, 0.000460908, 0.00037685594
  -42.09951, 0.000445284, 0.00037721759
  -42.093055, 0.000160146, 0.00037757938
  -42.093055, 0.000457002, 0.00037757938
  -42.0866, 0.00052731, 0.00037794134
  -42.080145, 0.000374976, 0.00037830344
  -42.080145, 0.00027342, 0.00037830344
  -42.080145, 0.000406224, 0.00037830344
  -42.07369, 0.000398412, 0.00037866569
  -42.07369, 0.000308574, 0.00037866569
  -42.07369, 0.000203112, 0.00037866569
  -42.067235, 0.000171864, 0.0003790281
  -42.06078, 0.000398412, 0.00037939066
  -42.06078, 0.000335916, 0.00037939066
  -42.054325, 0.00044919, 0.00037975337
  -42.054325, 0.000335916, 0.00037975337
  -42.054325, 0.000593712, 0.00037975337
  -42.054325, 0.000339822, 0.00037975337
  -42.054325, 0.000464814, 0.00037975337
  -42.054325, 0.000414036, 0.00037975337
  -42.04787, 0.000320292, 0.00038011623
  -42.041415, 0.000121086, 0.00038047924
  -42.041415, 0.000402318, 0.00038047924
  -42.041415, 0.000249984, 0.00038047924
  -42.041415, 0.000476532, 0.00038047924
  -42.03496, 0.000374976, 0.00038084241
  -42.03496, 0.000457002, 0.00038084241
  -42.03496, 0.000347634, 0.00038084241
  -42.03496, 0.000324198, 0.00038084241
  -42.028505, 0.000550746, 0.00038120572
  -42.028505, 0.00033201, 0.00038120572
  -42.028505, 0.000480438, 0.00038120572
  -42.028505, 0.000285138, 0.00038120572
  -42.02205, 0.000285138, 0.00038156919
  -42.02205, 0.000480438, 0.00038156919
  -42.015595, 0.000374976, 0.00038193281
  -42.015595, 0.00031248, 0.00038193281
  -42.00914, 0.000457002, 0.00038229659
  -42.00914, 0.00035154, 0.00038229659
  -42.002685, 0.000386694, 0.00038266051
  -42.002685, 0.000398412, 0.00038266051
  -42.002685, 0.0003906, 0.00038266051
  -42.002685, 0.00037107, 0.00038266051
  -41.99623, 0.000367164, 0.00038302459
  -41.99623, 0.000367164, 0.00038302459
  -41.98332, 0.00033201, 0.0003837532
  -41.98332, 0.000218736, 0.0003837532
  -41.98332, 0.000238266, 0.0003837532
  -41.976865, 0.00041013, 0.00038411773
  -41.97041, 0.000406224, 0.00038448242
  -41.97041, 0.000335916, 0.00038448242
  -41.97041, 0.000300762, 0.00038448242
  -41.97041, 0.000578088, 0.00038448242
  -41.963955, 0.000414036, 0.00038484726
  -41.9575, 0.000355446, 0.00038521225
  -41.951045, 0.00062496, 0.00038557739
  -41.951045, 0.000378882, 0.00038557739
  -41.951045, 0.000304668, 0.00038557739
  -41.94459, 0.000374976, 0.00038594269
  -41.94459, 0.000210924, 0.00038594269
  -41.94459, 0.000523404, 0.00038594269
  -41.938135, 0.0003906, 0.00038630813
  -41.938135, 0.00013671, 0.00038630813
  -41.93168, 0.000316386, 0.00038667373
  -41.93168, 0.000578088, 0.00038667373
  -41.93168, 0.00042966, 0.00038667373
  -41.93168, 0.000492156, 0.00038667373
  -41.93168, 0.000277326, 0.00038667373
  -41.925225, 0.00029295, 0.00038703948
  -41.925225, 0.000406224, 0.00038703948
  -41.925225, 0.000289044, 0.00038703948
  -41.91877, 0.000437472, 0.00038740539
  -41.912315, 0.000386694, 0.00038777145
  -41.912315, 0.000347634, 0.00038777145
  -41.912315, 0.000460908, 0.00038777145
  -41.912315, 0.00042966, 0.00038777145
  -41.90586, 0.000363258, 0.00038813766
  -41.90586, 0.000378882, 0.00038813766
  -41.90586, 0.000453096, 0.00038813766
  -41.899405, 0.000550746, 0.00038850402
  -41.899405, 0.000402318, 0.00038850402
  -41.899405, 0.00033201, 0.00038850402
  -41.899405, 0.00037107, 0.00038850402
  -41.899405, 0.000460908, 0.00038850402
  -41.89295, 0.000347634, 0.00038887053
  -41.89295, 0.00046872, 0.00038887053
  -41.886495, 0.000226548, 0.0003892372
  -41.886495, 0.00033201, 0.0003892372
  -41.886495, 0.000472626, 0.0003892372
  -41.88004, 0.000249984, 0.00038960402
  -41.88004, 0.000531216, 0.00038960402
  -41.88004, 0.000519498, 0.00038960402
  -41.88004, 0.000320292, 0.00038960402
  -41.873585, 0.000476532, 0.00038997099
  -41.873585, 0.000421848, 0.00038997099
  -41.873585, 0.00048825, 0.00038997099
  -41.873585, 0.000414036, 0.00038997099
  -41.873585, 0.000480438, 0.00038997099
  -41.873585, 0.000382788, 0.00038997099
  -41.873585, 0.000519498, 0.00038997099
  -41.873585, 0.000581994, 0.00038997099
  -41.873585, 0.000386694, 0.00038997099
  -41.86713, 0.000531216, 0.00039033812
  -41.86713, 0.000347634, 0.00039033812
  -41.86713, 0.000339822, 0.00039033812
  -41.86713, 0.0003906, 0.00039033812
  -41.86713, 0.000515592, 0.00039033812
  -41.860675, 0.000285138, 0.0003907054
  -41.860675, 0.000523404, 0.0003907054
  -41.860675, 0.0003906, 0.0003907054
  -41.860675, 0.00029295, 0.0003907054
  -41.860675, 0.00060543, 0.0003907054
  -41.860675, 0.000441378, 0.0003907054
  -41.860675, 0.000581994, 0.0003907054
  -41.860675, 0.000453096, 0.0003907054
  -41.85422, 0.000460908, 0.00039107283
  -41.85422, 0.00025389, 0.00039107283
  -41.85422, 0.000558558, 0.00039107283
  -41.85422, 0.000425754, 0.00039107283
  -41.85422, 0.000414036, 0.00039107283
  -41.85422, 0.000472626, 0.00039107283
  -41.85422, 0.000339822, 0.00039107283
  -41.85422, 0.000460908, 0.00039107283
  -41.847765, 0.00046872, 0.00039144041
  -41.847765, 0.000425754, 0.00039144041
  -41.847765, 0.00033201, 0.00039144041
  -41.847765, 0.000554652, 0.00039144041
  -41.847765, 0.000531216, 0.00039144041
  -41.847765, 0.000191394, 0.00039144041
  -41.84131, 0.000445284, 0.00039180815
  -41.84131, 0.000457002, 0.00039180815
  -41.84131, 0.000304668, 0.00039180815
  -41.834855, 0.000398412, 0.00039217604
  -41.8284, 0.000324198, 0.00039254408
  -41.8284, 0.00037107, 0.00039254408
  -41.8284, 0.000246078, 0.00039254408
  -41.8284, 0.00035154, 0.00039254408
  -41.8284, 0.000261702, 0.00039254408
  -41.821945, 0.000355446, 0.00039291227
  -41.81549, 0.00042966, 0.00039328062
  -41.81549, 0.0003906, 0.00039328062
  -41.81549, 0.0005859, 0.00039328062
  -41.809035, 0.000296856, 0.00039364912
  -41.80258, 0.000238266, 0.00039401778
  -41.796125, 0.000558558, 0.00039438658
  -41.796125, 0.000261702, 0.00039438658
  -41.78967, 0.00023436, 0.00039475554
  -41.78967, 0.00041013, 0.00039475554
  -41.78967, 0.000414036, 0.00039475554
  -41.770305, 0.00044919, 0.00039586335
  -41.76385, 0.000464814, 0.00039623292
  -41.76385, 0.000441378, 0.00039623292
  -41.757395, 0.000316386, 0.00039660264
  -41.757395, 0.000339822, 0.00039660264
  -41.75094, 0.000406224, 0.00039697252
  -41.75094, 0.000523404, 0.00039697252
  -41.744485, 0.00035154, 0.00039734256
  -41.744485, 0.000613242, 0.00039734256
  -41.73803, 0.00035154, 0.00039771274
  -41.73803, 0.000230454, 0.00039771274
  -41.731575, 0.000539028, 0.00039808308
  -41.72512, 0.000460908, 0.00039845358
  -41.72512, 0.000539028, 0.00039845358
  -41.72512, 0.000464814, 0.00039845358
  -41.718665, 0.000394506, 0.00039882422
  -41.718665, 0.000441378, 0.00039882422
  -41.718665, 0.000199206, 0.00039882422
  -41.71221, 0.000249984, 0.00039919502
  -41.71221, 0.00015624, 0.00039919502
  -41.705755, 0.000347634, 0.00039956598
  -41.705755, 0.000308574, 0.00039956598
  -41.705755, 0.000499968, 0.00039956598
  -41.6993, 0.000316386, 0.00039993709
  -41.6993, 0.000414036, 0.00039993709
  -41.6993, 0.000249984, 0.00039993709
  -41.6993, 0.00062496, 0.00039993709
  -41.6993, 0.000601524, 0.00039993709
  -41.692845, 0.00031248, 0.00040030835
  -41.692845, 0.000464814, 0.00040030835
  -41.692845, 0.00041013, 0.00040030835
  -41.68639, 0.00048825, 0.00040067976
  -41.68639, 0.00031248, 0.00040067976
  -41.679935, 0.000464814, 0.00040105133
  -41.679935, 0.000386694, 0.00040105133
  -41.67348, 0.0001953, 0.00040142305
  -41.67348, 0.000503874, 0.00040142305
  -41.66057, 0.0003906, 0.00040216696
  -41.654115, 0.000285138, 0.00040253914
  -41.654115, 0.000558558, 0.00040253914
  -41.64766, 0.000406224, 0.00040291148
  -41.641205, 0.000539028, 0.00040328397
  -41.641205, 0.000445284, 0.00040328397
  -41.63475, 0.000378882, 0.00040365661
  -41.63475, 0.00015624, 0.00040365661
  -41.62184, 0.000394506, 0.00040440236
  -41.62184, 0.000414036, 0.00040440236
  -41.615385, 0.000503874, 0.00040477547
  -41.60893, 0.000484344, 0.00040514873
  -41.60893, 0.000359352, 0.00040514873
  -41.60893, 0.000386694, 0.00040514873
  -41.60893, 0.000464814, 0.00040514873
  -41.602475, 0.000554652, 0.00040552214
  -41.602475, 0.000406224, 0.00040552214
  -41.602475, 0.000230454, 0.00040552214
  -41.59602, 0.000289044, 0.00040589571
  -41.59602, 0.000382788, 0.00040589571
  -41.59602, 0.000289044, 0.00040589571
  -41.59602, 0.000464814, 0.00040589571
  -41.59602, 0.000457002, 0.00040589571
  -41.59602, 0.000281232, 0.00040589571
  -41.589565, 0.000433566, 0.00040626944
  -41.58311, 0.000464814, 0.00040664331
  -41.58311, 0.000335916, 0.00040664331
  -41.58311, 0.00033201, 0.00040664331
  -41.576655, 0.000484344, 0.00040701734
  -41.576655, 0.00052731, 0.00040701734
  -41.5702, 0.000316386, 0.00040739153
  -41.563745, 0.000343728, 0.00040776587
  -41.563745, 0.000554652, 0.00040776587
  -41.55729, 0.000359352, 0.00040814036
  -41.55729, 0.000386694, 0.00040814036
  -41.55729, 0.000355446, 0.00040814036
  -41.55729, 0.000257796, 0.00040814036
  -41.55729, 0.000519498, 0.00040814036
  -41.550835, 0.000542934, 0.00040851501
  -41.54438, 0.000445284, 0.00040888981
  -41.54438, 0.00048825, 0.00040888981
  -41.54438, 0.000421848, 0.00040888981
  -41.537925, 0.00033201, 0.00040926477
  -41.537925, 0.000285138, 0.00040926477
  -41.53147, 0.000335916, 0.00040963988
  -41.525015, 0.000542934, 0.00041001515
  -41.525015, 0.000460908, 0.00041001515
  -41.51856, 0.000374976, 0.00041039057
  -41.51856, 0.000300762, 0.00041039057
  -41.51856, 0.000289044, 0.00041039057
  -41.512105, 0.000628866, 0.00041076614
  -41.512105, 0.00046872, 0.00041076614
  -41.512105, 0.000367164, 0.00041076614
  -41.512105, 0.000523404, 0.00041076614
  -41.50565, 0.00041013, 0.00041114187
  -41.499195, 0.000484344, 0.00041151776
  -41.49274, 0.000406224, 0.00041189379
  -41.49274, 0.000261702, 0.00041189379
  -41.486285, 0.000425754, 0.00041226999
  -41.486285, 0.000128898, 0.00041226999
  -41.486285, 0.000421848, 0.00041226999
  -41.486285, 0.000343728, 0.00041226999
  -41.486285, 0.000249984, 0.00041226999
  -41.47983, 0.000476532, 0.00041264634
  -41.47983, 0.000132804, 0.00041264634
  -41.473375, 0.00033201, 0.00041302284
  -41.473375, 0.000339822, 0.00041302284
  -41.473375, 0.000363258, 0.00041302284
  -41.46692, 0.000300762, 0.0004133995
  -41.46692, 0.000499968, 0.0004133995
  -41.46692, 0.0005859, 0.0004133995
  -41.460465, 0.00035154, 0.00041377631
  -41.460465, 0.00060543, 0.00041377631
  -41.45401, 0.000386694, 0.00041415327
  -41.45401, 0.000347634, 0.00041415327
  -41.45401, 0.0003906, 0.00041415327
  -41.447555, 0.000339822, 0.0004145304
  -41.447555, 0.000363258, 0.0004145304
  -41.4411, 0.000554652, 0.00041490767
  -41.4411, 0.000437472, 0.00041490767
  -41.4411, 0.000445284, 0.00041490767
  -41.434645, 0.000558558, 0.0004152851
  -41.434645, 0.000515592, 0.0004152851
  -41.434645, 0.000246078, 0.0004152851
  -41.434645, 0.000457002, 0.0004152851
  -41.421735, 0.000242172, 0.00041604043
  -41.421735, 0.000562464, 0.00041604043
  -41.41528, 0.000433566, 0.00041641833
  -41.41528, 0.000441378, 0.00041641833
  -41.41528, 0.000339822, 0.00041641833
  -41.41528, 0.000425754, 0.00041641833
  -41.41528, 0.00042966, 0.00041641833
  -41.41528, 0.000281232, 0.00041641833
  -41.41528, 0.000535122, 0.00041641833
  -41.408825, 0.000277326, 0.00041679638
  -41.408825, 0.000437472, 0.00041679638
  -41.408825, 0.000492156, 0.00041679638
  -41.408825, 0.00044919, 0.00041679638
  -41.408825, 0.000519498, 0.00041679638
  -41.40237, 0.000656208, 0.00041717459
  -41.40237, 0.000398412, 0.00041717459
  -41.40237, 0.000316386, 0.00041717459
  -41.40237, 0.000421848, 0.00041717459
  -41.40237, 0.000445284, 0.00041717459
  -41.40237, 0.000261702, 0.00041717459
  -41.395915, 0.000433566, 0.00041755295
  -41.395915, 0.000402318, 0.00041755295
  -41.395915, 0.000476532, 0.00041755295
  -41.395915, 0.00041013, 0.00041755295
  -41.395915, 0.00035154, 0.00041755295
  -41.38946, 0.000460908, 0.00041793146
  -41.38946, 0.00021483, 0.00041793146
  -41.383005, 0.000406224, 0.00041831014
  -41.383005, 0.000472626, 0.00041831014
  -41.37655, 0.00033201, 0.00041868896
  -41.370095, 0.000374976, 0.00041906795
  -41.370095, 0.000402318, 0.00041906795
  -41.370095, 0.000257796, 0.00041906795
  -41.370095, 0.000289044, 0.00041906795
  -41.370095, 0.000457002, 0.00041906795
  -41.36364, 0.000378882, 0.00041944708
  -41.357185, 0.000425754, 0.00041982638
  -41.35073, 0.00042966, 0.00042020582
  -41.35073, 0.000398412, 0.00042020582
  -41.35073, 0.000300762, 0.00042020582
  -41.344275, 0.000328104, 0.00042058543
  -41.344275, 0.000464814, 0.00042058543
  -41.344275, 0.000343728, 0.00042058543
  -41.33782, 0.000499968, 0.00042096519
  -41.32491, 0.000417942, 0.00042172517
  -41.32491, 7.0308e-05, 0.00042172517
  -41.318455, 0.00037107, 0.0004221054
  -41.318455, 0.000574182, 0.0004221054
  -41.312, 0.00050778, 0.00042248578
  -41.305545, 0.000523404, 0.00042286631
  -41.305545, 0.00033201, 0.00042286631
  -41.305545, 0.000511686, 0.00042286631
  -41.305545, 0.00025389, 0.00042286631
  -41.305545, 0.000414036, 0.00042286631
  -41.305545, 0.000398412, 0.00042286631
  -41.29909, 0.000679644, 0.00042324701
  -41.29909, 0.00037107, 0.00042324701
  -41.29909, 0.000457002, 0.00042324701
  -41.29909, 0.000355446, 0.00042324701
  -41.292635, 0.0003906, 0.00042362785
  -41.292635, 0.000539028, 0.00042362785
  -41.292635, 0.000285138, 0.00042362785
  -41.292635, 0.00048825, 0.00042362785
  -41.28618, 0.000382788, 0.00042400886
  -41.28618, 0.000183582, 0.00042400886
  -41.28618, 0.00042966, 0.00042400886
  -41.28618, 0.000406224, 0.00042400886
  -41.28618, 0.000335916, 0.00042400886
  -41.28618, 0.000402318, 0.00042400886
  -41.279725, 0.000464814, 0.00042439002
  -41.279725, 0.000433566, 0.00042439002
  -41.279725, 0.000484344, 0.00042439002
  -41.279725, 0.000328104, 0.00042439002
  -41.27327, 0.00050778, 0.00042477133
  -41.27327, 0.000542934, 0.00042477133
  -41.27327, 0.000578088, 0.00042477133
  -41.27327, 0.000414036, 0.00042477133
  -41.27327, 0.00056637, 0.00042477133
  -41.27327, 0.000378882, 0.00042477133
  -41.27327, 0.000472626, 0.00042477133
  -41.266815, 0.00044919, 0.0004251528
  -41.266815, 0.000496062, 0.0004251528
  -41.266815, 0.000343728, 0.0004251528
  -41.266815, 0.00029295, 0.0004251528
  -41.266815, 0.00046872, 0.0004251528
  -41.266815, 0.000433566, 0.0004251528
  -41.26036, 0.000535122, 0.00042553443
  -41.26036, 0.000539028, 0.00042553443
  -41.26036, 0.00021483, 0.00042553443
  -41.26036, 0.000359352, 0.00042553443
  -41.26036, 0.000433566, 0.00042553443
  -41.253905, 0.000425754, 0.00042591621
  -41.24745, 0.000457002, 0.00042629815
  -41.240995, 0.0003906, 0.00042668024
  -41.240995, 0.000113274, 0.00042668024
  -41.240995, 0.000480438, 0.00042668024
  -41.23454, 0.000464814, 0.00042706249
  -41.23454, 0.00033201, 0.00042706249
  -41.23454, 0.000343728, 0.00042706249
  -41.228085, 0.000367164, 0.0004274449
  -41.22163, 0.000382788, 0.00042782746
  -41.22163, 0.00041013, 0.00042782746
  -41.22163, 0.000304668, 0.00042782746
  -41.215175, 0.000417942, 0.00042821018
  -41.20872, 0.000289044, 0.00042859305
  -41.202265, 0.000355446, 0.00042897608
  -41.202265, 0.000335916, 0.00042897608
  -41.189355, 0.000367164, 0.00042974261
  -41.189355, 0.000496062, 0.00042974261
  -41.189355, 0.000402318, 0.00042974261
  -41.189355, 0.000421848, 0.00042974261
  -41.1829, 0.000296856, 0.00043012611
  -41.1829, 0.000503874, 0.00043012611
  -41.176445, 0.000519498, 0.00043050976
  -41.16999, 0.000558558, 0.00043089357
  -41.16999, 0.000398412, 0.00043089357
  -41.163535, 0.000242172, 0.00043127754
  -41.150625, 0.000300762, 0.00043204594
  -41.150625, 0.00031248, 0.00043204594
  -41.14417, 0.000515592, 0.00043243038
  -41.14417, 0.000503874, 0.00043243038
  -41.137715, 0.000515592, 0.00043281497
  -41.137715, 0.000343728, 0.00043281497
  -41.137715, 0.000503874, 0.00043281497
  -41.137715, 0.000328104, 0.00043281497
  -41.13126, 0.000367164, 0.00043319972
  -41.13126, 0.00054684, 0.00043319972
  -41.124805, 0.000480438, 0.00043358463
  -41.124805, 0.000558558, 0.00043358463
  -41.124805, 0.000378882, 0.00043358463
  -41.124805, 0.000484344, 0.00043358463
  -41.124805, 0.000210924, 0.00043358463
  -41.124805, 0.00062496, 0.00043358463
  -41.124805, 0.000359352, 0.00043358463
  -41.124805, 0.000609336, 0.00043358463
  -41.11835, 0.000499968, 0.00043396969
  -41.11835, 0.000613242, 0.00043396969
  -41.11835, 0.000453096, 0.00043396969
  -41.11835, 0.000437472, 0.00043396969
  -41.111895, 0.000433566, 0.00043435491
  -41.111895, 0.000496062, 0.00043435491
  -41.111895, 0.00029295, 0.00043435491
  -41.111895, 0.000441378, 0.00043435491
  -41.111895, 0.000554652, 0.00043435491
  -41.111895, 0.00042966, 0.00043435491
  -41.111895, 0.00072261, 0.00043435491
  -41.111895, 0.000484344, 0.00043435491
  -41.10544, 0.000581994, 0.00043474028
  -41.10544, 0.000425754, 0.00043474028
  -41.10544, 0.00042966, 0.00043474028
  -41.098985, 0.00060543, 0.00043512582
  -41.098985, 0.00031248, 0.00043512582
  -41.098985, 0.000359352, 0.00043512582
  -41.098985, 0.000421848, 0.00043512582
  -41.09253, 0.00025389, 0.0004355115
  -41.09253, 0.000386694, 0.0004355115
  -41.09253, 0.000535122, 0.0004355115
  -41.09253, 0.000496062, 0.0004355115
  -41.09253, 0.000581994, 0.0004355115
  -41.086075, 0.000421848, 0.00043589735
  -41.07962, 0.000355446, 0.00043628335
  -41.07962, 0.000550746, 0.00043628335
  -41.073165, 0.000542934, 0.00043666951
  -41.073165, 0.000570276, 0.00043666951
  -41.073165, 0.000457002, 0.00043666951
  -41.073165, 0.00027342, 0.00043666951
  -41.06671, 0.000406224, 0.00043705583
  -41.06671, 0.000226548, 0.00043705583
  -41.060255, 0.000574182, 0.0004374423
  -41.0538, 0.000257796, 0.00043782893
  -41.047345, 0.00035154, 0.00043821571
  -41.034435, 0.00041013, 0.00043898976
  -41.034435, 0.000421848, 0.00043898976
  -41.02798, 0.000464814, 0.00043937701
  -41.021525, 0.00052731, 0.00043976443
  -41.021525, 0.000320292, 0.00043976443
  -41.01507, 0.000335916, 0.000440152
  -41.008615, 0.000355446, 0.00044053973
  -41.00216, 0.000132804, 0.00044092761
  -41.00216, 0.000199206, 0.00044092761
  -40.98925, 0.000425754, 0.00044170386
  -40.982795, 0.00025389, 0.00044209221
  -40.982795, 0.000140616, 0.00044209221
  -40.97634, 0.000328104, 0.00044248073
  -40.97634, 0.000242172, 0.00044248073
  -40.969885, 0.00056637, 0.0004428694
  -40.969885, 0.000515592, 0.0004428694
  -40.96343, 0.000613242, 0.00044325823
  -40.96343, 0.000347634, 0.00044325823
  -40.956975, 0.000460908, 0.00044364721
  -40.956975, 0.000433566, 0.00044364721
  -40.956975, 0.000574182, 0.00044364721
  -40.956975, 0.000386694, 0.00044364721
  -40.956975, 0.000191394, 0.00044364721
  -40.956975, 0.00046872, 0.00044364721
  -40.95052, 0.000542934, 0.00044403636
  -40.95052, 0.000496062, 0.00044403636
  -40.95052, 0.000492156, 0.00044403636
  -40.944065, 0.000226548, 0.00044442566
  -40.944065, 0.00052731, 0.00044442566
  -40.944065, 0.000363258, 0.00044442566
  -40.93761, 0.00060543, 0.00044481512
  -40.93761, 0.00064449, 0.00044481512
  -40.93761, 0.000328104, 0.00044481512
  -40.93761, 0.000472626, 0.00044481512
  -40.931155, 0.000523404, 0.00044520473
  -40.931155, 0.00042966, 0.00044520473
  -40.931155, 0.000499968, 0.00044520473
  -40.931155, 0.000578088, 0.00044520473
  -40.9247, 0.000308574, 0.0004455945
  -40.9247, 0.000636678, 0.0004455945
  -40.9247, 0.000414036, 0.0004455945
  -40.918245, 0.00046872, 0.00044598444
  -40.918245, 0.00023436, 0.00044598444
  -40.918245, 0.000367164, 0.00044598444
  -40.918245, 0.000562464, 0.00044598444
  -40.91179, 0.00060543, 0.00044637452
  -40.91179, 0.000304668, 0.00044637452
  -40.91179, 0.00037107, 0.00044637452
  -40.91179, 0.000417942, 0.00044637452
  -40.91179, 0.00056637, 0.00044637452
  -40.91179, 0.000636678, 0.00044637452
  -40.91179, 0.000539028, 0.00044637452
  -40.91179, 0.000296856, 0.00044637452
  -40.905335, 0.000496062, 0.00044676477
  -40.89888, 0.000492156, 0.00044715517
  -40.89888, 0.000687456, 0.00044715517
  -40.89888, 0.0003906, 0.00044715517
  -40.89888, 0.000414036, 0.00044715517
  -40.892425, 0.000386694, 0.00044754574
  -40.892425, 0.000539028, 0.00044754574
  -40.892425, 0.000246078, 0.00044754574
  -40.88597, 0.000277326, 0.00044793646
  -40.88597, 0.000304668, 0.00044793646
  -40.88597, 0.000515592, 0.00044793646
  -40.879515, 0.00072261, 0.00044832733
  -40.879515, 0.0001953, 0.00044832733
  -40.879515, 0.00042966, 0.00044832733
  -40.879515, 0.000464814, 0.00044832733
  -40.879515, 0.00041013, 0.00044832733
  -40.87306, 0.000374976, 0.00044871837
  -40.86015, 0.000511686, 0.00044950091
  -40.86015, 0.00041013, 0.00044950091
  -40.86015, 0.000480438, 0.00044950091
  -40.86015, 0.000417942, 0.00044950091
  -40.86015, 0.000296856, 0.00044950091
  -40.86015, 0.000183582, 0.00044950091
  -40.86015, 0.00050778, 0.00044950091
  -40.853695, 0.00031248, 0.00044989242
  -40.853695, 0.000593712, 0.00044989242
  -40.84724, 0.00037107, 0.00045028408
  -40.84724, 0.000621054, 0.00045028408
  -40.84724, 0.00046872, 0.00045028408
  -40.84724, 0.000406224, 0.00045028408
  -40.84724, 0.000472626, 0.00045028408
  -40.84724, 0.000460908, 0.00045028408
  -40.84724, 0.000160146, 0.00045028408
  -40.84724, 0.000453096, 0.00045028408
  -40.840785, 0.000277326, 0.00045067591
  -40.83433, 0.000406224, 0.00045106789
  -40.83433, 0.000621054, 0.00045106789
  -40.83433, 0.000453096, 0.00045106789
  -40.83433, 0.00041013, 0.00045106789
  -40.83433, 0.000499968, 0.00045106789
  -40.827875, 0.000402318, 0.00045146003
  -40.82142, 0.00033201, 0.00045185233
  -40.82142, 0.000124992, 0.00045185233
  -40.82142, 0.000492156, 0.00045185233
  -40.82142, 0.000558558, 0.00045185233
  -40.82142, 0.000249984, 0.00045185233
  -40.814965, 0.000398412, 0.00045224479
  -40.814965, 0.000464814, 0.00045224479
  -40.814965, 0.000609336, 0.00045224479
  -40.80851, 0.000484344, 0.0004526374
  -40.80851, 0.000363258, 0.0004526374
  -40.802055, 0.000167958, 0.00045303017
  -40.802055, 0.000617148, 0.00045303017
  -40.802055, 0.000578088, 0.00045303017
  -40.7956, 0.000531216, 0.0004534231
  -40.7956, 0.000539028, 0.0004534231
  -40.7956, 0.000417942, 0.0004534231
  -40.7956, 0.0001953, 0.0004534231
  -40.789145, 0.000597618, 0.00045381619
  -40.789145, 0.000464814, 0.00045381619
  -40.789145, 0.00052731, 0.00045381619
  -40.78269, 0.000289044, 0.00045420944
  -40.78269, 0.00062496, 0.00045420944
  -40.78269, 0.000542934, 0.00045420944
  -40.78269, 0.000472626, 0.00045420944
  -40.776235, 0.00052731, 0.00045460285
  -40.776235, 0.00054684, 0.00045460285
  -40.776235, 0.000343728, 0.00045460285
  -40.776235, 0.00046872, 0.00045460285
  -40.776235, 0.000542934, 0.00045460285
  -40.776235, 0.000503874, 0.00045460285
  -40.776235, 0.000484344, 0.00045460285
  -40.76978, 0.000617148, 0.00045499641
  -40.76978, 0.000421848, 0.00045499641
  -40.76978, 0.000414036, 0.00045499641
  -40.76978, 0.000667926, 0.00045499641
  -40.76978, 0.000558558, 0.00045499641
  -40.76978, 0.000523404, 0.00045499641
  -40.76978, 0.000421848, 0.00045499641
  -40.76978, 0.000531216, 0.00045499641
  -40.76978, 0.000480438, 0.00045499641
  -40.763325, 0.000628866, 0.00045539013
  -40.763325, 0.000457002, 0.00045539013
  -40.763325, 0.00068355, 0.00045539013
  -40.763325, 0.000437472, 0.00045539013
  -40.763325, 0.000445284, 0.00045539013
  -40.763325, 0.0005859, 0.00045539013
  -40.75687, 0.000617148, 0.00045578401
  -40.75687, 0.000562464, 0.00045578401
  -40.75687, 0.000476532, 0.00045578401
  -40.75687, 0.000414036, 0.00045578401
  -40.75687, 0.000367164, 0.00045578401
  -40.750415, 0.000578088, 0.00045617805
  -40.750415, 0.000499968, 0.00045617805
  -40.750415, 0.000558558, 0.00045617805
  -40.74396, 0.000417942, 0.00045657225
  -40.74396, 0.000445284, 0.00045657225
  -40.737505, 0.000339822, 0.00045696661
  -40.737505, 0.000539028, 0.00045696661
  -40.737505, 0.000476532, 0.00045696661
  -40.737505, 0.00050778, 0.00045696661
  -40.737505, 0.00048825, 0.00045696661
  -40.737505, 0.000496062, 0.00045696661
  -40.73105, 0.00044919, 0.00045736112
  -40.724595, 0.000457002, 0.00045775579
  -40.724595, 0.000382788, 0.00045775579
  -40.724595, 0.000667926, 0.00045775579
  -40.724595, 0.00035154, 0.00045775579
  -40.724595, 0.000699174, 0.00045775579
  -40.71814, 0.000464814, 0.00045815063
  -40.711685, 0.000406224, 0.00045854562
  -40.70523, 0.000355446, 0.00045894077
  -40.698775, 0.000226548, 0.00045933607
  -40.698775, 0.00023436, 0.00045933607
  -40.698775, 0.00042966, 0.00045933607
  -40.69232, 0.000414036, 0.00045973154
  -40.69232, 0.000531216, 0.00045973154
  -40.69232, 0.000472626, 0.00045973154
  -40.69232, 0.000519498, 0.00045973154
  -40.69232, 0.000257796, 0.00045973154
  -40.685865, 0.00033201, 0.00046012716
  -40.685865, 0.000269514, 0.00046012716
  -40.685865, 0.000480438, 0.00046012716
  -40.685865, 0.000355446, 0.00046012716
  -40.67941, 0.000367164, 0.00046052295
  -40.67941, 0.0003906, 0.00046052295
  -40.67941, 0.00037107, 0.00046052295
  -40.67941, 0.000503874, 0.00046052295
  -40.67941, 0.000437472, 0.00046052295
  -40.67941, 0.000581994, 0.00046052295
  -40.672955, 0.000445284, 0.00046091889
  -40.672955, 0.000511686, 0.00046091889
  -40.672955, 0.000378882, 0.00046091889
  -40.6665, 0.00041013, 0.00046131499
  -40.6665, 0.000550746, 0.00046131499
  -40.6665, 0.000464814, 0.00046131499
  -40.660045, 0.000402318, 0.00046171125
  -40.660045, 0.000296856, 0.00046171125
  -40.660045, 0.000597618, 0.00046171125
  -40.65359, 0.000402318, 0.00046210767
  -40.65359, 0.00044919, 0.00046210767
  -40.647135, 0.000472626, 0.00046250425
  -40.647135, 0.000343728, 0.00046250425
  -40.647135, 0.000269514, 0.00046250425
  -40.64068, 0.000632772, 0.00046290099
  -40.64068, 0.000394506, 0.00046290099
  -40.64068, 0.000414036, 0.00046290099
  -40.64068, 0.000679644, 0.00046290099
  -40.634225, 0.000773388, 0.00046329789
  -40.621315, 0.00054684, 0.00046409216
  -40.621315, 0.00031248, 0.00046409216
  -40.608405, 0.000378882, 0.00046488706
  -40.608405, 0.000320292, 0.00046488706
  -40.60195, 0.000304668, 0.00046528476
  -40.60195, 0.0005859, 0.00046528476
  -40.595495, 0.000269514, 0.00046568261
  -40.58904, 0.000460908, 0.00046608062
  -40.58904, 0.000593712, 0.00046608062
  -40.58904, 0.000433566, 0.00046608062
  -40.582585, 0.000597618, 0.00046647879
  -40.569675, 0.000238266, 0.00046727561
  -40.569675, 0.000304668, 0.00046727561
  -40.569675, 0.000265608, 0.00046727561
  -40.56322, 0.000718704, 0.00046767426
  -40.56322, 0.000515592, 0.00046767426
  -40.56322, 0.000406224, 0.00046767426
  -40.556765, 0.00042966, 0.00046807306
  -40.556765, 0.00041013, 0.00046807306
  -40.556765, 0.000570276, 0.00046807306
  -40.556765, 0.000539028, 0.00046807306
  -40.55031, 0.000285138, 0.00046847203
  -40.543855, 0.00025389, 0.00046887116
  -40.5374, 0.000484344, 0.00046927044
  -40.5374, 0.00023436, 0.00046927044
  -40.530945, 0.000378882, 0.00046966989
  -40.52449, 0.000417942, 0.00047006949
  -40.52449, 0.00046872, 0.00047006949
  -40.518035, 0.000328104, 0.00047046926
  -40.518035, 0.000554652, 0.00047046926
  -40.51158, 0.000406224, 0.00047086918
  -40.505125, 0.000417942, 0.00047126927
  -40.49867, 0.000496062, 0.00047166951
  -40.49867, 0.000492156, 0.00047166951
  -40.49867, 0.000499968, 0.00047166951
  -40.49867, 0.000378882, 0.00047166951
  -40.492215, 0.000472626, 0.00047206992
  -40.492215, 0.000230454, 0.00047206992
  -40.492215, 0.000492156, 0.00047206992
  -40.492215, 0.000480438, 0.00047206992
  -40.492215, 0.000320292, 0.00047206992
  -40.492215, 0.000394506, 0.00047206992
  -40.492215, 0.000492156, 0.00047206992
  -40.492215, 0.000179676, 0.00047206992
  -40.48576, 0.000414036, 0.00047247048
  -40.48576, 0.00035154, 0.00047247048
  -40.48576, 0.000578088, 0.00047247048
  -40.48576, 0.000453096, 0.00047247048
  -40.479305, 0.000535122, 0.0004728712
  -40.479305, 0.000187488, 0.0004728712
  -40.47285, 0.000406224, 0.00047327209
  -40.466395, 0.000417942, 0.00047367313
  -40.45994, 0.000550746, 0.00047407433
  -40.45994, 0.000347634, 0.00047407433
  -40.45994, 0.00050778, 0.00047407433
  -40.45994, 0.00046872, 0.00047407433
  -40.45994, 0.00031248, 0.00047407433
  -40.453485, 0.00035154, 0.0004744757
  -40.453485, 0.000562464, 0.0004744757
  -40.453485, 0.000328104, 0.0004744757
  -40.453485, 0.000656208, 0.0004744757
  -40.44703, 0.000472626, 0.00047487722
  -40.44703, 0.000316386, 0.00047487722
  -40.440575, 0.00035154, 0.0004752789
  -40.43412, 0.00056637, 0.00047568075
  -40.43412, 0.000542934, 0.00047568075
  -40.427665, 0.000531216, 0.00047608275
  -40.427665, 0.00060543, 0.00047608275
  -40.427665, 0.000316386, 0.00047608275
  -40.427665, 0.000593712, 0.00047608275
  -40.427665, 0.000324198, 0.00047608275
  -40.42121, 0.000363258, 0.00047648491
  -40.42121, 0.000480438, 0.00047648491
  -40.414755, 0.000562464, 0.00047688724
  -40.414755, 0.000554652, 0.00047688724
  -40.414755, 0.000374976, 0.00047688724
  -40.414755, 0.000363258, 0.00047688724
  -40.414755, 0.000386694, 0.00047688724
  -40.4083, 0.000425754, 0.00047728972
  -40.4083, 0.000226548, 0.00047728972
  -40.401845, 0.00041013, 0.00047769236
  -40.401845, 0.000613242, 0.00047769236
  -40.401845, 0.00042966, 0.00047769236
  -40.401845, 0.00031248, 0.00047769236
  -40.401845, 0.00056637, 0.00047769236
  -40.39539, 0.00048825, 0.00047809517
  -40.39539, 0.000843696, 0.00047809517
  -40.39539, 0.000367164, 0.00047809517
  -40.39539, 0.00048825, 0.00047809517
  -40.39539, 0.000421848, 0.00047809517
  -40.39539, 0.000457002, 0.00047809517
  -40.39539, 0.000542934, 0.00047809517
  -40.39539, 0.00070308, 0.00047809517
  -40.39539, 0.000706986, 0.00047809517
  -40.388935, 0.00052731, 0.00047849813
  -40.388935, 0.000636678, 0.00047849813
  -40.388935, 0.000414036, 0.00047849813
  -40.38248, 0.000433566, 0.00047890126
  -40.38248, 0.0005859, 0.00047890126
  -40.38248, 0.000667926, 0.00047890126
  -40.38248, 0.000511686, 0.00047890126
  -40.376025, 0.000417942, 0.00047930454
  -40.376025, 0.000285138, 0.00047930454
  -40.376025, 0.000398412, 0.00047930454
  -40.376025, 0.000554652, 0.00047930454
  -40.376025, 0.00044919, 0.00047930454
  -40.376025, 0.00052731, 0.00047930454
  -40.36957, 0.000347634, 0.00047970799
  -40.36957, 0.000457002, 0.00047970799
  -40.36957, 0.00042966, 0.00047970799
  -40.36957, 0.000374976, 0.00047970799
  -40.363115, 0.000320292, 0.0004801116
  -40.363115, 0.0003906, 0.0004801116
  -40.363115, 0.00031248, 0.0004801116
  -40.363115, 0.00062496, 0.0004801116
  -40.363115, 0.0003906, 0.0004801116
  -40.363115, 0.000523404, 0.0004801116
  -40.363115, 0.000503874, 0.0004801116
  -40.35666, 0.000480438, 0.00048051536
  -40.350205, 0.000363258, 0.00048091929
  -40.34375, 0.000613242, 0.00048132338
  -40.34375, 0.0005859, 0.00048132338
  -40.34375, 0.000386694, 0.00048132338
  -40.337295, 0.00060543, 0.00048172763
  -40.337295, 0.000285138, 0.00048172763
  -40.337295, 0.000367164, 0.00048172763
  -40.337295, 0.000406224, 0.00048172763
  -40.337295, 0.000296856, 0.00048172763
  -40.33084, 0.000472626, 0.00048213204
  -40.33084, 0.00035154, 0.00048213204
  -40.33084, 0.000562464, 0.00048213204
  -40.33084, 0.00044919, 0.00048213204
  -40.33084, 0.000617148, 0.00048213204
  -40.33084, 0.000609336, 0.00048213204
  -40.324385, 0.00050778, 0.00048253661
  -40.324385, 0.000503874, 0.00048253661
  -40.324385, 0.000378882, 0.00048253661
  -40.324385, 0.000363258, 0.00048253661
  -40.31793, 0.000382788, 0.00048294134
  -40.31793, 0.000460908, 0.00048294134
  -40.31793, 0.00050778, 0.00048294134
  -40.31793, 0.000613242, 0.00048294134
  -40.311475, 0.000472626, 0.00048334623
  -40.311475, 0.000531216, 0.00048334623
  -40.311475, 0.000347634, 0.00048334623
  -40.30502, 0.00042966, 0.00048375128
  -40.298565, 0.000472626, 0.00048415649
  -40.298565, 0.000374976, 0.00048415649
  -40.298565, 0.000581994, 0.00048415649
  -40.298565, 0.000374976, 0.00048415649
  -40.29211, 0.000570276, 0.00048456187
  -40.285655, 0.000367164, 0.0004849674
  -40.285655, 0.00050778, 0.0004849674
  -40.2792, 0.000445284, 0.0004853731
  -40.2792, 0.00031248, 0.0004853731
  -40.272745, 0.000425754, 0.00048577895
  -40.272745, 0.000394506, 0.00048577895
  -40.26629, 0.000355446, 0.00048618497
  -40.259835, 0.000601524, 0.00048659115
  -40.25338, 0.000453096, 0.00048699749
  -40.246925, 0.00035154, 0.00048740399
  -40.246925, 0.000550746, 0.00048740399
  -40.24047, 0.000437472, 0.00048781065
  -40.24047, 0.000515592, 0.00048781065
  -40.24047, 0.000453096, 0.00048781065
  -40.234015, 0.000304668, 0.00048821747
  -40.22756, 0.000550746, 0.00048862446
  -40.22756, 0.000621054, 0.00048862446
  -40.21465, 0.000437472, 0.00048943891
  -40.208195, 0.000296856, 0.00048984638
  -40.208195, 0.00027342, 0.00048984638
  -40.208195, 0.000523404, 0.00048984638
  -40.208195, 0.000531216, 0.00048984638
  -40.18883, 0.000609336, 0.00049106975
  -40.182375, 0.000414036, 0.00049147786
  -40.182375, 0.000433566, 0.00049147786
  -40.182375, 0.000453096, 0.00049147786
  -40.17592, 0.000589806, 0.00049188613
  -40.17592, 0.000269514, 0.00049188613
  -40.16301, 0.000453096, 0.00049270317
  -40.16301, 0.000531216, 0.00049270317
  -40.156555, 0.000398412, 0.00049311193
  -40.156555, 0.000359352, 0.00049311193
  -40.156555, 0.000285138, 0.00049311193
  -40.1501, 0.000453096, 0.00049352085
  -40.13719, 0.00062496, 0.00049433917
  -40.13719, 0.000355446, 0.00049433917
  -40.130735, 0.000441378, 0.00049474858
  -40.12428, 0.0005859, 0.00049515815
  -40.12428, 0.000386694, 0.00049515815
  -40.12428, 0.000773388, 0.00049515815
  -40.117825, 0.000304668, 0.00049556788
  -40.117825, 0.000281232, 0.00049556788
  -40.117825, 0.000414036, 0.00049556788
  -40.11137, 0.000328104, 0.00049597777
  -40.11137, 0.00062496, 0.00049597777
  -40.104915, 0.000320292, 0.00049638782
  -40.104915, 0.000531216, 0.00049638782
  -40.104915, 0.000492156, 0.00049638782
  -40.09846, 0.00048825, 0.00049679803
  -40.09846, 0.000714798, 0.00049679803
  -40.079095, 0.000308574, 0.00049802965
  -40.066185, 0.000515592, 0.00049885153
  -40.053275, 0.000453096, 0.00049967407
  -40.053275, 0.000499968, 0.00049967407
  -40.04682, 0.000492156, 0.00050008558
  -40.04682, 0.000316386, 0.00050008558
  -40.03391, 0.000519498, 0.00050090909
  -40.03391, 0.000523404, 0.00050090909
  -40.027455, 0.000398412, 0.00050132108
  -40.027455, 0.000472626, 0.00050132108
  -40.027455, 0.000476532, 0.00050132108
  -40.021, 0.000574182, 0.00050173324
  -40.021, 0.000515592, 0.00050173324
  -40.021, 0.000300762, 0.00050173324
  -40.014545, 0.000359352, 0.00050214556
  -40.00809, 0.000343728, 0.00050255805
  -40.00809, 0.000773388, 0.00050255805
  -40.00809, 0.000589806, 0.00050255805
  -39.99518, 0.00060543, 0.0005033835
  -39.99518, 0.000550746, 0.0005033835
  -39.99518, 0.000523404, 0.0005033835
  -39.98227, 0.000300762, 0.00050420961
  -39.98227, 0.000421848, 0.00050420961
  -39.98227, 0.000652302, 0.00050420961
  -39.98227, 0.000550746, 0.00050420961
  -39.975815, 0.000249984, 0.0005046229
  -39.975815, 0.00041013, 0.0005046229
  -39.96936, 0.000398412, 0.00050503636
  -39.96936, 0.00037107, 0.00050503636
  -39.96936, 0.000382788, 0.00050503636
  -39.96936, 0.000285138, 0.00050503636
  -39.962905, 0.000249984, 0.00050544998
  -39.95645, 0.000730422, 0.00050586377
  -39.949995, 0.000558558, 0.00050627771
  -39.949995, 0.000609336, 0.00050627771
  -39.949995, 0.000453096, 0.00050627771
  -39.94354, 0.000542934, 0.00050669182
  -39.94354, 0.000597618, 0.00050669182
  -39.94354, 0.000476532, 0.00050669182
  -39.94354, 0.00048825, 0.00050669182
  -39.94354, 0.00060543, 0.00050669182
  -39.937085, 0.000535122, 0.00050710609
  -39.93063, 0.000421848, 0.00050752053
  -39.93063, 0.00064449, 0.00050752053
  -39.93063, 0.000531216, 0.00050752053
  -39.924175, 0.000249984, 0.00050793513
  -39.91772, 0.000343728, 0.00050834989
  -39.911265, 0.000328104, 0.00050876481
  -39.90481, 0.000335916, 0.00050917989
  -39.90481, 0.000597618, 0.00050917989
  -39.898355, 0.000640584, 0.00050959514
  -39.898355, 0.000453096, 0.00050959514
  -39.8919, 0.000515592, 0.00051001055
  -39.8919, 0.000542934, 0.00051001055
  -39.8919, 0.000570276, 0.00051001055
  -39.8919, 0.000433566, 0.00051001055
  -39.885445, 0.000289044, 0.00051042613
  -39.885445, 0.000374976, 0.00051042613
  -39.885445, 0.000593712, 0.00051042613
  -39.885445, 0.000515592, 0.00051042613
  -39.885445, 0.000453096, 0.00051042613
  -39.885445, 0.000476532, 0.00051042613
  -39.87899, 0.000648396, 0.00051084187
  -39.87899, 0.000503874, 0.00051084187
  -39.87899, 0.000457002, 0.00051084187
  -39.872535, 0.000597618, 0.00051125777
  -39.872535, 0.000574182, 0.00051125777
  -39.872535, 0.000464814, 0.00051125777
  -39.872535, 0.000539028, 0.00051125777
  -39.872535, 0.000578088, 0.00051125777
  -39.86608, 0.00050778, 0.00051167383
  -39.86608, 0.000632772, 0.00051167383
  -39.859625, 0.000492156, 0.00051209006
  -39.859625, 0.000554652, 0.00051209006
  -39.859625, 0.000539028, 0.00051209006
  -39.85317, 0.000640584, 0.00051250645
  -39.85317, 0.000558558, 0.00051250645
  -39.846715, 0.000578088, 0.000512923
  -39.846715, 0.00056637, 0.000512923
  -39.846715, 0.000425754, 0.000512923
  -39.84026, 0.00070308, 0.00051333972
  -39.833805, 0.000621054, 0.0005137566
  -39.833805, 0.000281232, 0.0005137566
  -39.82735, 0.0003906, 0.00051417364
  -39.82735, 0.0001953, 0.00051417364
  -39.82735, 0.000460908, 0.00051417364
  -39.820895, 0.00056637, 0.00051459085
  -39.820895, 0.00025389, 0.00051459085
  -39.820895, 0.000460908, 0.00051459085
  -39.820895, 0.000531216, 0.00051459085
  -39.81444, 0.00056637, 0.00051500822
  -39.81444, 0.000558558, 0.00051500822
  -39.81444, 0.000464814, 0.00051500822
  -39.81444, 0.000570276, 0.00051500822
  -39.81444, 0.000718704, 0.00051500822
  -39.81444, 0.000597618, 0.00051500822
  -39.81444, 0.000671832, 0.00051500822
  -39.807985, 0.000550746, 0.00051542575
  -39.807985, 0.000718704, 0.00051542575
  -39.807985, 0.0001953, 0.00051542575
  -39.807985, 0.00031248, 0.00051542575
  -39.807985, 0.00046872, 0.00051542575
  -39.80153, 0.000445284, 0.00051584345
  -39.80153, 0.000285138, 0.00051584345
  -39.80153, 0.000414036, 0.00051584345
  -39.80153, 0.000503874, 0.00051584345
  -39.80153, 0.000632772, 0.00051584345
  -39.80153, 0.000597618, 0.00051584345
  -39.80153, 0.000562464, 0.00051584345
  -39.80153, 0.00046872, 0.00051584345
  -39.80153, 0.000453096, 0.00051584345
  -39.80153, 0.000691362, 0.00051584345
  -39.80153, 0.000617148, 0.00051584345
  -39.80153, 0.000523404, 0.00051584345
  -39.795075, 0.000417942, 0.00051626131
  -39.795075, 0.000628866, 0.00051626131
  -39.795075, 0.000394506, 0.00051626131
  -39.795075, 0.000374976, 0.00051626131
  -39.78862, 0.00056637, 0.00051667933
  -39.78862, 0.000347634, 0.00051667933
  -39.78862, 0.000402318, 0.00051667933
  -39.78862, 0.000542934, 0.00051667933
  -39.78862, 0.000535122, 0.00051667933
  -39.78862, 0.000601524, 0.00051667933
  -39.782165, 0.000472626, 0.00051709752
  -39.782165, 0.00054684, 0.00051709752
  -39.77571, 0.000570276, 0.00051751587
  -39.77571, 0.000714798, 0.00051751587
  -39.77571, 0.000343728, 0.00051751587
  -39.77571, 0.000222642, 0.00051751587
  -39.769255, 0.000472626, 0.00051793438
  -39.7628, 0.000476532, 0.00051835306
  -39.7628, 0.000441378, 0.00051835306
  -39.7628, 0.000515592, 0.00051835306
  -39.756345, 0.000515592, 0.0005187719
  -39.756345, 0.000581994, 0.0005187719
  -39.73698, 0.000570276, 0.00052002941
  -39.73698, 0.00046872, 0.00052002941
  -39.73698, 0.000535122, 0.00052002941
  -39.730525, 0.000581994, 0.00052044891
  -39.730525, 0.000699174, 0.00052044891
  -39.730525, 0.00050778, 0.00052044891
  -39.730525, 0.000171864, 0.00052044891
  -39.730525, 0.000710892, 0.00052044891
  -39.730525, 0.000863226, 0.00052044891
  -39.730525, 0.00042966, 0.00052044891
  -39.72407, 0.00044919, 0.00052086857
  -39.72407, 0.0005859, 0.00052086857
  -39.72407, 0.000496062, 0.00052086857
  -39.717615, 0.00046872, 0.00052128839
  -39.717615, 0.00056637, 0.00052128839
  -39.717615, 0.000539028, 0.00052128839
  -39.71116, 0.000503874, 0.00052170838
  -39.71116, 0.000484344, 0.00052170838
  -39.704705, 0.000503874, 0.00052212853
  -39.704705, 0.000437472, 0.00052212853
  -39.704705, 0.00046872, 0.00052212853
  -39.704705, 0.000581994, 0.00052212853
  -39.704705, 0.000691362, 0.00052212853
  -39.704705, 0.000593712, 0.00052212853
  -39.691795, 0.000499968, 0.00052296933
  -39.691795, 0.000382788, 0.00052296933
  -39.691795, 0.000535122, 0.00052296933
  -39.691795, 0.000457002, 0.00052296933
  -39.691795, 0.000730422, 0.00052296933
  -39.68534, 0.000558558, 0.00052338997
  -39.68534, 0.000359352, 0.00052338997
  -39.68534, 0.000628866, 0.00052338997
  -39.678885, 0.00042966, 0.00052381078
  -39.678885, 0.000472626, 0.00052381078
  -39.67243, 0.000499968, 0.00052423175
  -39.67243, 0.000324198, 0.00052423175
  -39.67243, 0.000374976, 0.00052423175
  -39.67243, 0.000398412, 0.00052423175
  -39.67243, 0.00037107, 0.00052423175
  -39.67243, 0.000730422, 0.00052423175
  -39.67243, 0.000484344, 0.00052423175
  -39.665975, 0.00042966, 0.00052465289
  -39.665975, 0.000359352, 0.00052465289
  -39.665975, 0.000476532, 0.00052465289
  -39.65952, 0.000496062, 0.00052507419
  -39.65952, 0.000425754, 0.00052507419
  -39.65952, 0.0003906, 0.00052507419
  -39.65952, 0.000417942, 0.00052507419
  -39.65952, 0.000562464, 0.00052507419
  -39.65952, 0.000581994, 0.00052507419
  -39.653065, 0.000394506, 0.00052549566
  -39.653065, 0.000406224, 0.00052549566
  -39.653065, 0.000601524, 0.00052549566
  -39.653065, 0.00050778, 0.00052549566
  -39.653065, 0.000296856, 0.00052549566
  -39.653065, 0.000382788, 0.00052549566
  -39.64661, 0.000425754, 0.00052591729
  -39.64661, 0.000589806, 0.00052591729
  -39.640155, 0.000472626, 0.00052633908
  -39.640155, 0.000609336, 0.00052633908
  -39.640155, 0.00046872, 0.00052633908
  -39.640155, 0.00064449, 0.00052633908
  -39.6337, 0.000367164, 0.00052676104
  -39.6337, 0.000679644, 0.00052676104
  -39.6337, 0.000531216, 0.00052676104
  -39.627245, 0.00042966, 0.00052718316
  -39.627245, 0.000433566, 0.00052718316
  -39.62079, 0.000320292, 0.00052760545
  -39.62079, 0.000511686, 0.00052760545
  -39.614335, 0.00048825, 0.0005280279
  -39.614335, 0.000316386, 0.0005280279
  -39.614335, 0.000710892, 0.0005280279
  -39.60788, 0.000550746, 0.00052845051
  -39.60788, 0.000601524, 0.00052845051
  -39.60788, 0.000542934, 0.00052845051
  -39.601425, 0.000718704, 0.00052887329
  -39.59497, 0.000492156, 0.00052929624
  -39.59497, 0.000398412, 0.00052929624
  -39.59497, 0.00035154, 0.00052929624
  -39.59497, 0.000511686, 0.00052929624
  -39.588515, 0.00054684, 0.00052971935
  -39.588515, 0.000515592, 0.00052971935
  -39.588515, 0.000601524, 0.00052971935
  -39.588515, 0.00066402, 0.00052971935
  -39.588515, 0.00033201, 0.00052971935
  -39.588515, 0.000402318, 0.00052971935
  -39.588515, 0.000499968, 0.00052971935
  -39.588515, 0.000414036, 0.00052971935
  -39.588515, 0.0007812, 0.00052971935
  -39.588515, 0.000421848, 0.00052971935
  -39.58206, 0.000613242, 0.00053014262
  -39.58206, 0.000437472, 0.00053014262
  -39.58206, 0.000374976, 0.00053014262
  -39.58206, 0.000601524, 0.00053014262
  -39.575605, 0.000679644, 0.00053056606
  -39.575605, 0.000558558, 0.00053056606
  -39.575605, 0.00041013, 0.00053056606
  -39.575605, 0.000359352, 0.00053056606
  -39.575605, 0.000300762, 0.00053056606
  -39.575605, 0.000796824, 0.00053056606
  -39.575605, 0.000542934, 0.00053056606
  -39.549785, 0.000359352, 0.00053226146
  -39.549785, 0.000816354, 0.00053226146
  -39.54333, 0.000636678, 0.00053268573
  -39.54333, 0.000578088, 0.00053268573
  -39.54333, 0.00035154, 0.00053268573
  -39.54333, 0.000617148, 0.00053268573
  -39.536875, 0.000640584, 0.00053311015
  -39.536875, 0.000523404, 0.00053311015
  -39.53042, 0.000499968, 0.00053353474
  -39.53042, 0.00066402, 0.00053353474
  -39.53042, 0.0005859, 0.00053353474
  -39.523965, 0.000695268, 0.0005339595
  -39.51751, 0.000457002, 0.00053438442
  -39.511055, 0.000667926, 0.00053480951
  -39.5046, 0.000593712, 0.00053523476
  -39.498145, 0.000300762, 0.00053566018
  -39.49169, 0.000640584, 0.00053608576
  -39.49169, 0.000480438, 0.00053608576
  -39.485235, 0.00060543, 0.00053651151
  -39.485235, 0.000316386, 0.00053651151
  -39.472325, 0.000581994, 0.0005373635
  -39.472325, 0.000421848, 0.0005373635
  -39.472325, 0.000597618, 0.0005373635
  -39.46587, 0.000394506, 0.00053778974
  -39.46587, 0.00050778, 0.00053778974
  -39.459415, 0.00070308, 0.00053821615
  -39.459415, 0.000441378, 0.00053821615
  -39.446505, 0.00076167, 0.00053906946
  -39.44005, 0.000648396, 0.00053949637
  -39.433595, 0.000550746, 0.00053992344
  -39.42714, 0.00068355, 0.00054035067
  -39.42714, 0.000554652, 0.00054035067
  -39.42714, 0.000574182, 0.00054035067
  -39.420685, 0.000890568, 0.00054077807
  -39.420685, 0.000445284, 0.00054077807
  -39.420685, 0.000160146, 0.00054077807
  -39.41423, 0.000433566, 0.00054120564
  -39.41423, 0.00029295, 0.00054120564
  -39.407775, 0.000554652, 0.00054163337
  -39.407775, 0.000320292, 0.00054163337
  -39.40132, 0.000433566, 0.00054206127
  -39.40132, 0.000581994, 0.00054206127
  -39.38841, 0.00037107, 0.00054291756
  -39.38841, 0.0005859, 0.00054291756
  -39.381955, 0.000476532, 0.00054334595
  -39.381955, 0.000601524, 0.00054334595
  -39.381955, 0.000554652, 0.00054334595
  -39.3755, 0.000492156, 0.00054377451
  -39.3755, 0.000398412, 0.00054377451
  -39.3755, 0.00054684, 0.00054377451
  -39.369045, 0.00062496, 0.00054420324
  -39.369045, 0.000558558, 0.00054420324
  -39.36259, 0.00080073, 0.00054463213
  -39.36259, 0.000710892, 0.00054463213
  -39.36259, 0.000570276, 0.00054463213
  -39.36259, 0.000640584, 0.00054463213
  -39.36259, 0.000460908, 0.00054463213
  -39.36259, 0.00035154, 0.00054463213
  -39.36259, 0.00042966, 0.00054463213
  -39.356135, 0.000667926, 0.00054506119
  -39.356135, 0.000515592, 0.00054506119
  -39.34968, 0.000578088, 0.00054549041
  -39.34968, 0.000535122, 0.00054549041
  -39.34968, 0.000554652, 0.00054549041
  -39.34968, 0.000542934, 0.00054549041
  -39.34968, 0.000578088, 0.00054549041
  -39.34968, 0.000632772, 0.00054549041
  -39.343225, 0.000531216, 0.0005459198
  -39.343225, 0.000718704, 0.0005459198
  -39.343225, 0.000574182, 0.0005459198
  -39.343225, 0.0003906, 0.0005459198
  -39.343225, 0.000613242, 0.0005459198
  -39.343225, 0.000515592, 0.0005459198
  -39.343225, 0.00042966, 0.0005459198
  -39.33677, 0.00041013, 0.00054634935
  -39.33677, 0.000550746, 0.00054634935
  -39.330315, 0.000656208, 0.00054677907
  -39.330315, 0.000437472, 0.00054677907
  -39.32386, 0.000738234, 0.00054720896
  -39.32386, 0.000499968, 0.00054720896
  -39.32386, 0.000738234, 0.00054720896
  -39.32386, 0.000484344, 0.00054720896
  -39.317405, 0.000648396, 0.00054763901
  -39.317405, 0.00050778, 0.00054763901
  -39.31095, 0.000511686, 0.00054806923
  -39.304495, 0.000496062, 0.00054849962
  -39.304495, 0.000550746, 0.00054849962
  -39.29804, 0.000539028, 0.00054893017
  -39.29804, 0.000398412, 0.00054893017
  -39.28513, 0.000718704, 0.00054979177
  -39.278675, 0.000523404, 0.00055022282
  -39.27222, 0.000531216, 0.00055065404
  -39.27222, 0.00052731, 0.00055065404
  -39.27222, 0.000601524, 0.00055065404
  -39.27222, 0.000496062, 0.00055065404
  -39.265765, 0.000574182, 0.00055108542
  -39.265765, 0.000675738, 0.00055108542
  -39.25931, 0.000554652, 0.00055151697
  -39.25931, 0.000480438, 0.00055151697
  -39.252855, 0.000542934, 0.00055194868
  -39.2464, 0.000613242, 0.00055238056
  -39.2464, 0.000496062, 0.00055238056
  -39.2464, 0.000300762, 0.00055238056
  -39.227035, 0.000687456, 0.00055367721
  -39.227035, 0.000542934, 0.00055367721
  -39.22058, 0.00029295, 0.00055410976
  -39.20767, 0.00050778, 0.00055497535
  -39.20767, 0.00046872, 0.00055497535
  -39.20767, 0.000535122, 0.00055497535
  -39.20767, 0.000581994, 0.00055497535
  -39.20767, 0.000539028, 0.00055497535
  -39.201215, 0.000441378, 0.0005554084
  -39.188305, 0.000539028, 0.000556275
  -39.188305, 0.00050778, 0.000556275
  -39.188305, 0.000499968, 0.000556275
  -39.188305, 0.000207018, 0.000556275
  -39.18185, 0.000675738, 0.00055670854
  -39.18185, 0.000574182, 0.00055670854
  -39.175395, 0.000437472, 0.00055714226
  -39.175395, 0.00048825, 0.00055714226
  -39.16894, 0.000706986, 0.00055757614
  -39.16894, 0.000679644, 0.00055757614
  -39.16894, 0.0007812, 0.00055757614
  -39.16894, 0.000480438, 0.00055757614
  -39.16894, 0.000695268, 0.00055757614
  -39.16894, 0.000621054, 0.00055757614
  -39.162485, 0.000660114, 0.00055801019
  -39.162485, 0.000562464, 0.00055801019
  -39.15603, 0.000562464, 0.0005584444
  -39.15603, 0.000460908, 0.0005584444
  -39.15603, 0.000601524, 0.0005584444
  -39.15603, 0.000460908, 0.0005584444
  -39.15603, 0.00068355, 0.0005584444
  -39.149575, 0.000796824, 0.00055887879
  -39.149575, 0.0005859, 0.00055887879
  -39.149575, 0.000394506, 0.00055887879
  -39.149575, 0.000660114, 0.00055887879
  -39.149575, 0.00066402, 0.00055887879
  -39.149575, 0.000343728, 0.00055887879
  -39.149575, 0.000691362, 0.00055887879
  -39.14312, 0.000789012, 0.00055931334
  -39.14312, 0.000539028, 0.00055931334
  -39.136665, 0.000706986, 0.00055974805
  -39.136665, 0.000562464, 0.00055974805
  -39.136665, 0.000402318, 0.00055974805
  -39.136665, 0.000578088, 0.00055974805
  -39.13021, 0.0005859, 0.00056018294
  -39.13021, 0.000632772, 0.00056018294
  -39.123755, 0.0007812, 0.00056061799
  -39.123755, 0.000601524, 0.00056061799
  -39.123755, 0.000769482, 0.00056061799
  -39.123755, 0.000421848, 0.00056061799
  -39.123755, 0.00056637, 0.00056061799
  -39.1173, 0.000562464, 0.0005610532
  -39.1173, 0.0005859, 0.0005610532
  -39.1173, 0.00064449, 0.0005610532
  -39.110845, 0.000539028, 0.00056148859
  -39.110845, 0.000414036, 0.00056148859
  -39.110845, 0.000421848, 0.00056148859
  -39.110845, 0.00050778, 0.00056148859
  -39.110845, 0.000601524, 0.00056148859
  -39.10439, 0.000562464, 0.00056192414
  -39.10439, 0.00054684, 0.00056192414
  -39.10439, 0.000710892, 0.00056192414
  -39.10439, 0.000699174, 0.00056192414
  -39.10439, 0.00029295, 0.00056192414
  -39.10439, 0.00050778, 0.00056192414
  -39.09148, 0.000578088, 0.00056279575
  -39.09148, 0.000406224, 0.00056279575
  -39.085025, 0.000706986, 0.0005632318
  -39.085025, 0.000636678, 0.0005632318
  -39.085025, 0.000652302, 0.0005632318
  -39.07857, 0.000460908, 0.00056366802
  -39.07857, 0.000679644, 0.00056366802
  -39.07857, 0.000660114, 0.00056366802
  -39.072115, 0.000675738, 0.00056410441
  -39.072115, 0.000499968, 0.00056410441
  -39.072115, 0.000425754, 0.00056410441
  -39.072115, 0.000542934, 0.00056410441
  -39.072115, 0.000464814, 0.00056410441
  -39.072115, 0.00060543, 0.00056410441
  -39.06566, 0.000828072, 0.00056454097
  -39.06566, 0.0005859, 0.00056454097
  -39.059205, 0.00037107, 0.00056497769
  -39.059205, 0.00052731, 0.00056497769
  -39.05275, 0.000706986, 0.00056541458
  -39.05275, 0.000628866, 0.00056541458
  -39.05275, 0.000632772, 0.00056541458
  -39.046295, 0.000652302, 0.00056585164
  -39.046295, 0.000378882, 0.00056585164
  -39.046295, 0.0003906, 0.00056585164
  -39.046295, 0.00054684, 0.00056585164
  -39.046295, 0.000523404, 0.00056585164
  -39.03984, 0.0005859, 0.00056628886
  -39.03984, 0.000746046, 0.00056628886
  -39.03984, 0.000433566, 0.00056628886
  -39.03984, 0.000433566, 0.00056628886
  -39.03984, 0.000757764, 0.00056628886
  -39.033385, 0.000578088, 0.00056672626
  -39.033385, 0.000562464, 0.00056672626
  -39.033385, 0.00064449, 0.00056672626
  -39.033385, 0.000437472, 0.00056672626
  -39.02693, 0.000628866, 0.00056716382
  -39.02693, 0.000441378, 0.00056716382
  -39.02693, 0.000609336, 0.00056716382
  -39.007565, 0.000484344, 0.00056847751
  -39.007565, 0.00064449, 0.00056847751
  -39.007565, 0.000531216, 0.00056847751
  -39.007565, 0.000609336, 0.00056847751
  -39.007565, 0.000593712, 0.00056847751
  -38.994655, 0.000749952, 0.00056935414
  -38.9882, 0.000496062, 0.00056979271
  -38.9882, 0.00068355, 0.00056979271
  -38.981745, 0.000492156, 0.00057023144
  -38.981745, 0.000492156, 0.00057023144
  -38.97529, 0.000515592, 0.00057067035
  -38.97529, 0.000277326, 0.00057067035
  -38.96238, 0.00029295, 0.00057154866
  -38.955925, 0.000617148, 0.00057198807
  -38.955925, 0.000531216, 0.00057198807
  -38.955925, 0.000714798, 0.00057198807
  -38.94947, 0.00052731, 0.00057242764
  -38.943015, 0.000324198, 0.00057286738
  -38.930105, 0.000675738, 0.00057374738
  -38.930105, 0.000597618, 0.00057374738
  -38.92365, 0.000535122, 0.00057418762
  -38.92365, 0.000660114, 0.00057418762
  -38.92365, 0.000535122, 0.00057418762
  -38.92365, 0.000632772, 0.00057418762
  -38.91074, 0.000382788, 0.00057506862
  -38.91074, 0.000593712, 0.00057506862
  -38.904285, 0.00046872, 0.00057550938
  -38.89783, 0.000609336, 0.0005759503
  -38.891375, 0.000570276, 0.00057639139
  -38.88492, 0.000531216, 0.00057683265
  -38.878465, 0.000402318, 0.00057727407
  -38.878465, 0.00060543, 0.00057727407
  -38.878465, 0.000374976, 0.00057727407
  -38.878465, 0.000609336, 0.00057727407
  -38.87201, 0.000398412, 0.00057771567
  -38.87201, 0.000632772, 0.00057771567
  -38.87201, 0.000398412, 0.00057771567
  -38.865555, 0.0005859, 0.00057815743
  -38.865555, 0.000499968, 0.00057815743
  -38.865555, 0.000539028, 0.00057815743
  -38.865555, 0.000511686, 0.00057815743
  -38.8591, 0.000660114, 0.00057859936
  -38.8591, 0.000718704, 0.00057859936
  -38.8591, 0.000574182, 0.00057859936
  -38.8591, 0.00052731, 0.00057859936
  -38.8591, 0.00050778, 0.00057859936
  -38.852645, 0.000316386, 0.00057904146
  -38.852645, 0.000617148, 0.00057904146
  -38.852645, 0.000550746, 0.00057904146
  -38.852645, 0.000562464, 0.00057904146
  -38.852645, 0.000378882, 0.00057904146
  -38.852645, 0.00046872, 0.00057904146
  -38.852645, 0.00062496, 0.00057904146
  -38.84619, 0.000609336, 0.00057948373
  -38.84619, 0.00070308, 0.00057948373
  -38.84619, 0.00048825, 0.00057948373
  -38.84619, 0.00072261, 0.00057948373
  -38.84619, 0.000484344, 0.00057948373
  -38.839735, 0.000769482, 0.00057992617
  -38.839735, 0.000519498, 0.00057992617
  -38.839735, 0.00041013, 0.00057992617
  -38.839735, 0.000367164, 0.00057992617
  -38.839735, 0.00070308, 0.00057992617
  -38.839735, 0.000562464, 0.00057992617
  -38.839735, 0.000542934, 0.00057992617
  -38.83328, 0.000519498, 0.00058036878
  -38.83328, 0.000574182, 0.00058036878
  -38.83328, 0.000679644, 0.00058036878
  -38.83328, 0.0005859, 0.00058036878
  -38.826825, 0.00046872, 0.00058081155
  -38.813915, 0.00046872, 0.00058169761
  -38.813915, 0.000601524, 0.00058169761
  -38.813915, 0.00046872, 0.00058169761
  -38.813915, 0.000499968, 0.00058169761
  -38.80746, 0.00080073, 0.00058214089
  -38.80746, 0.000628866, 0.00058214089
  -38.80746, 0.000578088, 0.00058214089
  -38.80746, 0.00062496, 0.00058214089
  -38.801005, 0.000789012, 0.00058258434
  -38.801005, 0.0005859, 0.00058258434
  -38.801005, 0.0005859, 0.00058258434
  -38.801005, 0.000355446, 0.00058258434
  -38.79455, 0.00062496, 0.00058302796
  -38.79455, 0.0005859, 0.00058302796
  -38.79455, 0.000554652, 0.00058302796
  -38.788095, 0.000335916, 0.00058347175
  -38.788095, 0.000597618, 0.00058347175
  -38.78164, 0.000628866, 0.0005839157
  -38.78164, 0.000574182, 0.0005839157
  -38.78164, 0.000320292, 0.0005839157
  -38.775185, 0.000542934, 0.00058435983
  -38.76873, 0.00068355, 0.00058480412
  -38.76873, 0.000484344, 0.00058480412
  -38.76873, 0.000445284, 0.00058480412
  -38.76873, 0.000484344, 0.00058480412
  -38.76873, 0.000769482, 0.00058480412
  -38.75582, 0.000554652, 0.00058569322
  -38.75582, 0.00082026, 0.00058569322
  -38.749365, 0.000718704, 0.00058613802
  -38.749365, 0.000706986, 0.00058613802
  -38.749365, 0.000617148, 0.00058613802
  -38.74291, 0.000355446, 0.000586583
  -38.74291, 0.00083979, 0.000586583
  -38.74291, 0.000695268, 0.000586583
  -38.74291, 0.00060543, 0.000586583
  -38.736455, 0.000746046, 0.00058702814
  -38.736455, 0.000593712, 0.00058702814
  -38.73, 0.000499968, 0.00058747345
  -38.723545, 0.000562464, 0.00058791893
  -38.723545, 0.000542934, 0.00058791893
  -38.723545, 0.000738234, 0.00058791893
  -38.71709, 0.000581994, 0.00058836458
  -38.710635, 0.00062496, 0.00058881039
  -38.710635, 0.000492156, 0.00058881039
  -38.70418, 0.000656208, 0.00058925638
  -38.70418, 0.000570276, 0.00058925638
  -38.70418, 0.000679644, 0.00058925638
  -38.697725, 0.00066402, 0.00058970254
  -38.697725, 0.000660114, 0.00058970254
  -38.69127, 0.0005859, 0.00059014887
  -38.69127, 0.00037107, 0.00059014887
  -38.684815, 0.000460908, 0.00059059536
  -38.67836, 0.000316386, 0.00059104203
  -38.67836, 0.0005859, 0.00059104203
  -38.67836, 0.00041013, 0.00059104203
  -38.671905, 0.00050778, 0.00059148886
  -38.671905, 0.000636678, 0.00059148886
  -38.671905, 0.000628866, 0.00059148886
  -38.671905, 0.000472626, 0.00059148886
  -38.66545, 0.000718704, 0.00059193587
  -38.66545, 0.000457002, 0.00059193587
  -38.66545, 0.000749952, 0.00059193587
  -38.65254, 0.000667926, 0.00059283039
  -38.65254, 0.0007812, 0.00059283039
  -38.646085, 0.00062496, 0.0005932779
  -38.63963, 0.000753858, 0.00059372558
  -38.63963, 0.00068355, 0.00059372558
  -38.63963, 0.000511686, 0.00059372558
  -38.63963, 0.000581994, 0.00059372558
  -38.63963, 0.000496062, 0.00059372558
  -38.63963, 0.000699174, 0.00059372558
  -38.63963, 0.000617148, 0.00059372558
  -38.633175, 0.000621054, 0.00059417344
  -38.633175, 0.000511686, 0.00059417344
  -38.633175, 0.000773388, 0.00059417344
  -38.62672, 0.000589806, 0.00059462146
  -38.62672, 0.00062496, 0.00059462146
  -38.62672, 0.000539028, 0.00059462146
  -38.62672, 0.00074214, 0.00059462146
  -38.620265, 0.000660114, 0.00059506965
  -38.620265, 0.00062496, 0.00059506965
  -38.620265, 0.000687456, 0.00059506965
  -38.620265, 0.00074214, 0.00059506965
  -38.620265, 0.000425754, 0.00059506965
  -38.61381, 0.00056637, 0.00059551802
  -38.61381, 0.00046872, 0.00059551802
  -38.61381, 0.000617148, 0.00059551802
  -38.61381, 0.00056637, 0.00059551802
  -38.61381, 0.000617148, 0.00059551802
  -38.61381, 0.00041013, 0.00059551802
  -38.607355, 0.00056637, 0.00059596655
  -38.607355, 0.000632772, 0.00059596655
  -38.607355, 0.00054684, 0.00059596655
  -38.607355, 0.00044919, 0.00059596655
  -38.607355, 0.0005859, 0.00059596655
  -38.607355, 0.000660114, 0.00059596655
  -38.607355, 0.000652302, 0.00059596655
  -38.607355, 0.000593712, 0.00059596655
  -38.607355, 0.000374976, 0.00059596655
  -38.607355, 0.000562464, 0.00059596655
  -38.6009, 0.000687456, 0.00059641525
  -38.6009, 0.000558558, 0.00059641525
  -38.6009, 0.000550746, 0.00059641525
  -38.594445, 0.00060543, 0.00059686412
  -38.594445, 0.000710892, 0.00059686412
  -38.594445, 0.000515592, 0.00059686412
  -38.594445, 0.00056637, 0.00059686412
  -38.58799, 0.000515592, 0.00059731317
  -38.58799, 0.000539028, 0.00059731317
  -38.58799, 0.000339822, 0.00059731317
  -38.58799, 0.00082026, 0.00059731317
  -38.581535, 0.000746046, 0.00059776238
  -38.568625, 0.000343728, 0.00059866132
  -38.568625, 0.000675738, 0.00059866132
  -38.56217, 0.000511686, 0.00059911104
  -38.56217, 0.000757764, 0.00059911104
  -38.56217, 0.000570276, 0.00059911104
  -38.555715, 0.000597618, 0.00059956093
  -38.555715, 0.000339822, 0.00059956093
  -38.555715, 0.000636678, 0.00059956093
  -38.555715, 0.000593712, 0.00059956093
  -38.54926, 0.000617148, 0.000600011
  -38.54926, 0.000640584, 0.000600011
  -38.542805, 0.000730422, 0.00060046123
  -38.53635, 0.000660114, 0.00060091164
  -38.53635, 0.000679644, 0.00060091164
  -38.53635, 0.000535122, 0.00060091164
  -38.53635, 0.000714798, 0.00060091164
  -38.53635, 0.000433566, 0.00060091164
  -38.529895, 0.000667926, 0.00060136221
  -38.529895, 0.000640584, 0.00060136221
  -38.529895, 0.000699174, 0.00060136221
  -38.529895, 0.000636678, 0.00060136221
  -38.52344, 0.000675738, 0.00060181296
  -38.52344, 0.000394506, 0.00060181296
  -38.52344, 0.000691362, 0.00060181296
  -38.516985, 0.00048825, 0.00060226387
  -38.51053, 0.000679644, 0.00060271496
  -38.51053, 0.000679644, 0.00060271496
  -38.51053, 0.000453096, 0.00060271496
  -38.504075, 0.000374976, 0.00060316621
  -38.504075, 0.000746046, 0.00060316621
  -38.504075, 0.00068355, 0.00060316621
  -38.504075, 0.000726516, 0.00060316621
  -38.504075, 0.00054684, 0.00060316621
  -38.504075, 0.00054684, 0.00060316621
  -38.49762, 0.000339822, 0.00060361764
  -38.491165, 0.000730422, 0.00060406924
  -38.491165, 0.000777294, 0.00060406924
  -38.491165, 0.000562464, 0.00060406924
  -38.48471, 0.00050778, 0.00060452101
  -38.48471, 0.000593712, 0.00060452101
  -38.48471, 0.000562464, 0.00060452101
  -38.478255, 0.000394506, 0.00060497295
  -38.478255, 0.00064449, 0.00060497295
  -38.478255, 0.000581994, 0.00060497295
  -38.4718, 0.000656208, 0.00060542506
  -38.4718, 0.000613242, 0.00060542506
  -38.465345, 0.000589806, 0.00060587734
  -38.465345, 0.00062496, 0.00060587734
  -38.465345, 0.000593712, 0.00060587734
  -38.465345, 0.000542934, 0.00060587734
  -38.45889, 0.00054684, 0.00060632979
  -38.45889, 0.000792918, 0.00060632979
  -38.452435, 0.000554652, 0.00060678241
  -38.452435, 0.000570276, 0.00060678241
  -38.452435, 0.000706986, 0.00060678241
  -38.452435, 0.00064449, 0.00060678241
  -38.452435, 0.000640584, 0.00060678241
  -38.452435, 0.000425754, 0.00060678241
  -38.452435, 0.000593712, 0.00060678241
  -38.452435, 0.000542934, 0.00060678241
  -38.452435, 0.000503874, 0.00060678241
  -38.452435, 0.000558558, 0.00060678241
  -38.44598, 0.000746046, 0.0006072352
  -38.44598, 0.000515592, 0.0006072352
  -38.44598, 0.00060543, 0.0006072352
  -38.44598, 0.000757764, 0.0006072352
  -38.44598, 0.000746046, 0.0006072352
  -38.44598, 0.00037107, 0.0006072352
  -38.439525, 0.000777294, 0.00060768817
  -38.439525, 0.000746046, 0.00060768817
  -38.43307, 0.000746046, 0.0006081413
  -38.43307, 0.000695268, 0.0006081413
  -38.43307, 0.000589806, 0.0006081413
  -38.426615, 0.000519498, 0.00060859461
  -38.426615, 0.000804636, 0.00060859461
  -38.426615, 0.000730422, 0.00060859461
  -38.426615, 0.000648396, 0.00060859461
  -38.426615, 0.000765576, 0.00060859461
  -38.42016, 0.000691362, 0.00060904808
  -38.42016, 0.000558558, 0.00060904808
  -38.42016, 0.000374976, 0.00060904808
  -38.413705, 0.000738234, 0.00060950173
  -38.40725, 0.000519498, 0.00060995555
  -38.40725, 0.000570276, 0.00060995555
  -38.40725, 0.000593712, 0.00060995555
  -38.400795, 0.00068355, 0.00061040954
  -38.39434, 0.000445284, 0.0006108637
  -38.39434, 0.000597618, 0.0006108637
  -38.387885, 0.000851508, 0.00061131803
  -38.38143, 0.000597618, 0.00061177254
  -38.38143, 0.000667926, 0.00061177254
  -38.38143, 0.000812448, 0.00061177254
  -38.374975, 0.000578088, 0.00061222721
  -38.374975, 0.000277326, 0.00061222721
  -38.362065, 0.000542934, 0.00061313707
  -38.35561, 0.000480438, 0.00061359226
  -38.349155, 0.000687456, 0.00061404762
  -38.349155, 0.000441378, 0.00061404762
  -38.3427, 0.00046872, 0.00061450315
  -38.32979, 0.000671832, 0.00061541473
  -38.32979, 0.000789012, 0.00061541473
  -38.32979, 0.00046872, 0.00061541473
  -38.32979, 0.000660114, 0.00061541473
  -38.323335, 0.00062496, 0.00061587078
  -38.31688, 0.00062496, 0.00061632699
  -38.31688, 0.000578088, 0.00061632699
  -38.31688, 0.000378882, 0.00061632699
  -38.31688, 0.000593712, 0.00061632699
  -38.310425, 0.000714798, 0.00061678338
  -38.310425, 0.000589806, 0.00061678338
  -38.30397, 0.000554652, 0.00061723994
  -38.30397, 0.000539028, 0.00061723994
  -38.297515, 0.000835884, 0.00061769667
  -38.29106, 0.000667926, 0.00061815358
  -38.284605, 0.000613242, 0.00061861065
  -38.284605, 0.000406224, 0.00061861065
  -38.284605, 0.000554652, 0.00061861065
  -38.284605, 0.000480438, 0.00061861065
  -38.284605, 0.000660114, 0.00061861065
  -38.27815, 0.000382788, 0.0006190679
  -38.27815, 0.00044919, 0.0006190679
  -38.271695, 0.000378882, 0.00061952532
  -38.26524, 0.000574182, 0.00061998291
  -38.26524, 0.00046872, 0.00061998291
  -38.26524, 0.000558558, 0.00061998291
  -38.26524, 0.000535122, 0.00061998291
  -38.26524, 0.000667926, 0.00061998291
  -38.26524, 0.000398412, 0.00061998291
  -38.258785, 0.000597618, 0.00062044067
  -38.258785, 0.00060543, 0.00062044067
  -38.258785, 0.000738234, 0.00062044067
  -38.258785, 0.000593712, 0.00062044067
  -38.23942, 0.00042966, 0.00062181499
  -38.232965, 0.000746046, 0.00062227344
  -38.232965, 0.000652302, 0.00062227344
  -38.22651, 0.000609336, 0.00062273207
  -38.220055, 0.000589806, 0.00062319086
  -38.220055, 0.0005859, 0.00062319086
  -38.2136, 0.00064449, 0.00062364983
  -38.2136, 0.000710892, 0.00062364983
  -38.207145, 0.000632772, 0.00062410897
  -38.20069, 0.00044919, 0.00062456828
  -38.194235, 0.000570276, 0.00062502776
  -38.194235, 0.00066402, 0.00062502776
  -38.18778, 0.000539028, 0.00062548742
  -38.18778, 0.000457002, 0.00062548742
  -38.181325, 0.000535122, 0.00062594724
  -38.181325, 0.000464814, 0.00062594724
  -38.181325, 0.000718704, 0.00062594724
  -38.181325, 0.000812448, 0.00062594724
  -38.181325, 0.000578088, 0.00062594724
  -38.17487, 0.000457002, 0.00062640725
  -38.17487, 0.000300762, 0.00062640725
  -38.17487, 0.00064449, 0.00062640725
  -38.17487, 0.000542934, 0.00062640725
  -38.168415, 0.0005859, 0.00062686742
  -38.155505, 0.000812448, 0.00062778828
  -38.155505, 0.000457002, 0.00062778828
  -38.155505, 0.000816354, 0.00062778828
  -38.155505, 0.000601524, 0.00062778828
  -38.14905, 0.000339822, 0.00062824897
  -38.14905, 0.000777294, 0.00062824897
  -38.142595, 0.00068355, 0.00062870983
  -38.142595, 0.00068355, 0.00062870983
  -38.13614, 0.000738234, 0.00062917087
  -38.13614, 0.000386694, 0.00062917087
  -38.13614, 0.000628866, 0.00062917087
  -38.13614, 0.000749952, 0.00062917087
  -38.13614, 0.000308574, 0.00062917087
  -38.129685, 0.000617148, 0.00062963208
  -38.129685, 0.000554652, 0.00062963208
  -38.129685, 0.000632772, 0.00062963208
  -38.12323, 0.000480438, 0.00063009346
  -38.12323, 0.000609336, 0.00063009346
  -38.12323, 0.000457002, 0.00063009346
  -38.12323, 0.000632772, 0.00063009346
  -38.12323, 0.00060543, 0.00063009346
  -38.116775, 0.000581994, 0.00063055501
  -38.116775, 0.000851508, 0.00063055501
  -38.116775, 0.000730422, 0.00063055501
  -38.11032, 0.000417942, 0.00063101674
  -38.11032, 0.00064449, 0.00063101674
  -38.11032, 0.00060543, 0.00063101674
  -38.11032, 0.000874944, 0.00063101674
  -38.09741, 0.000851508, 0.00063194071
  -38.09741, 0.000609336, 0.00063194071
  -38.09741, 0.000523404, 0.00063194071
  -38.09741, 0.000652302, 0.00063194071
  -38.090955, 0.000492156, 0.00063240295
  -38.090955, 0.000480438, 0.00063240295
  -38.090955, 0.000581994, 0.00063240295
  -38.0845, 0.00066402, 0.00063286537
  -38.0845, 0.000347634, 0.00063286537
  -38.0845, 0.00066402, 0.00063286537
  -38.07159, 0.000476532, 0.00063379072
  -38.065135, 0.00068355, 0.00063425366
  -38.05868, 0.00031248, 0.00063471677
  -38.05868, 0.000621054, 0.00063471677
  -38.05868, 0.000804636, 0.00063471677
  -38.052225, 0.000792918, 0.00063518005
  -38.052225, 0.000570276, 0.00063518005
  -38.04577, 0.000492156, 0.0006356435
  -38.04577, 0.000656208, 0.0006356435
  -38.04577, 0.000535122, 0.0006356435
  -38.04577, 0.000718704, 0.0006356435
  -38.039315, 0.00056637, 0.00063610713
  -38.039315, 0.000746046, 0.00063610713
  -38.039315, 0.000492156, 0.00063610713
  -38.039315, 0.000734328, 0.00063610713
  -38.039315, 0.000675738, 0.00063610713
  -38.03286, 0.000417942, 0.00063657093
  -38.03286, 0.000597618, 0.00063657093
  -38.03286, 0.00062496, 0.00063657093
  -38.026405, 0.000796824, 0.00063703491
  -38.026405, 0.000554652, 0.00063703491
  -38.026405, 0.000847602, 0.00063703491
  -38.026405, 0.000691362, 0.00063703491
  -38.01995, 0.000808542, 0.00063749905
  -38.01995, 0.000706986, 0.00063749905
  -38.01995, 0.000554652, 0.00063749905
  -38.01995, 0.000753858, 0.00063749905
  -38.01995, 0.000734328, 0.00063749905
  -38.01995, 0.000523404, 0.00063749905
  -38.013495, 0.000706986, 0.00063796337
  -38.013495, 0.000671832, 0.00063796337
  -38.013495, 0.000593712, 0.00063796337
  -38.00704, 0.000831978, 0.00063842787
  -38.00704, 0.000777294, 0.00063842787
  -38.00704, 0.000972594, 0.00063842787
  -38.00704, 0.000523404, 0.00063842787
  -38.00704, 0.000503874, 0.00063842787
  -38.000585, 0.000425754, 0.00063889254
  -38.000585, 0.000667926, 0.00063889254
  -38.000585, 0.00062496, 0.00063889254
  -38.000585, 0.000445284, 0.00063889254
  -38.000585, 0.000874944, 0.00063889254
  -38.000585, 0.0005859, 0.00063889254
  -37.99413, 0.000597618, 0.00063935738
  -37.99413, 0.000671832, 0.00063935738
  -37.99413, 0.000921816, 0.00063935738
  -37.99413, 0.000515592, 0.00063935738
  -37.99413, 0.000652302, 0.00063935738
  -37.99413, 0.000769482, 0.00063935738
  -37.99413, 0.000691362, 0.00063935738
  -37.987675, 0.000660114, 0.00063982239
  -37.987675, 0.00056637, 0.00063982239
  -37.987675, 0.000773388, 0.00063982239
  -37.987675, 0.00029295, 0.00063982239
  -37.987675, 0.000531216, 0.00063982239
  -37.987675, 0.000394506, 0.00063982239
  -37.987675, 0.00064449, 0.00063982239
  -37.987675, 0.000457002, 0.00063982239
  -37.98122, 0.000812448, 0.00064028758
  -37.98122, 0.000589806, 0.00064028758
  -37.98122, 0.00064449, 0.00064028758
  -37.98122, 0.000554652, 0.00064028758
  -37.974765, 0.000785106, 0.00064075294
  -37.974765, 0.000718704, 0.00064075294
  -37.974765, 0.000679644, 0.00064075294
  -37.974765, 0.000539028, 0.00064075294
  -37.96831, 0.000570276, 0.00064121848
  -37.96831, 0.000773388, 0.00064121848
  -37.96831, 0.000695268, 0.00064121848
  -37.96831, 0.000421848, 0.00064121848
  -37.961855, 0.00046872, 0.00064168418
  -37.961855, 0.000785106, 0.00064168418
  -37.961855, 0.00054684, 0.00064168418
  -37.961855, 0.000746046, 0.00064168418
  -37.9554, 0.00060543, 0.00064215007
  -37.9554, 0.000558558, 0.00064215007
  -37.9554, 0.000574182, 0.00064215007
  -37.9554, 0.00060543, 0.00064215007
  -37.948945, 0.000457002, 0.00064261612
  -37.948945, 0.000476532, 0.00064261612
  -37.948945, 0.000667926, 0.00064261612
  -37.948945, 0.000519498, 0.00064261612
  -37.948945, 0.000675738, 0.00064261612
  -37.94249, 0.000515592, 0.00064308235
  -37.94249, 0.00056637, 0.00064308235
  -37.94249, 0.00072261, 0.00064308235
  -37.936035, 0.00062496, 0.00064354875
  -37.936035, 0.000382788, 0.00064354875
  -37.936035, 0.00062496, 0.00064354875
  -37.92958, 0.000671832, 0.00064401533
  -37.92958, 0.000660114, 0.00064401533
  -37.92958, 0.000613242, 0.00064401533
  -37.92958, 0.000589806, 0.00064401533
  -37.923125, 0.000671832, 0.00064448208
  -37.923125, 0.000773388, 0.00064448208
  -37.923125, 0.000613242, 0.00064448208
  -37.923125, 0.000695268, 0.00064448208
  -37.923125, 0.000831978, 0.00064448208
  -37.91667, 0.00074214, 0.000644949
  -37.91667, 0.000753858, 0.000644949
  -37.91667, 0.000828072, 0.000644949
  -37.91667, 0.000816354, 0.000644949
  -37.91667, 0.000695268, 0.000644949
  -37.910215, 0.000792918, 0.0006454161
  -37.910215, 0.00072261, 0.0006454161
  -37.910215, 0.000746046, 0.0006454161
  -37.910215, 0.000726516, 0.0006454161
  -37.90376, 0.000343728, 0.00064588337
  -37.90376, 0.000535122, 0.00064588337
  -37.90376, 0.00068355, 0.00064588337
  -37.90376, 0.00054684, 0.00064588337
  -37.90376, 0.000464814, 0.00064588337
  -37.90376, 0.000601524, 0.00064588337
  -37.897305, 0.000640584, 0.00064635082
  -37.897305, 0.000652302, 0.00064635082
  -37.897305, 0.000542934, 0.00064635082
  -37.89085, 0.00044919, 0.00064681844
  -37.89085, 0.000472626, 0.00064681844
  -37.89085, 0.00048825, 0.00064681844
  -37.89085, 0.000726516, 0.00064681844
  -37.89085, 0.000648396, 0.00064681844
  -37.89085, 0.00056637, 0.00064681844
  -37.87794, 0.000558558, 0.0006477542
  -37.87794, 0.000492156, 0.0006477542
  -37.87794, 0.000906192, 0.0006477542
  -37.87794, 0.000804636, 0.0006477542
  -37.87794, 0.00041013, 0.0006477542
  -37.871485, 0.000617148, 0.00064822234
  -37.871485, 0.000710892, 0.00064822234
  -37.871485, 0.000593712, 0.00064822234
  -37.86503, 0.000660114, 0.00064869066
  -37.86503, 0.000789012, 0.00064869066
  -37.86503, 0.000808542, 0.00064869066
  -37.86503, 0.000539028, 0.00064869066
  -37.858575, 0.000539028, 0.00064915915
  -37.858575, 0.00068355, 0.00064915915
  -37.858575, 0.00027342, 0.00064915915
  -37.85212, 0.000824166, 0.00064962781
  -37.85212, 0.000749952, 0.00064962781
  -37.85212, 0.000746046, 0.00064962781
  -37.85212, 0.00048825, 0.00064962781
  -37.85212, 0.000570276, 0.00064962781
  -37.83921, 0.000492156, 0.00065056566
  -37.83921, 0.00074214, 0.00065056566
  -37.83921, 0.000765576, 0.00065056566
  -37.832755, 0.000749952, 0.00065103485
  -37.832755, 0.00082026, 0.00065103485
  -37.832755, 0.000831978, 0.00065103485
  -37.8263, 0.000425754, 0.00065150421
  -37.8263, 0.000374976, 0.00065150421
  -37.8263, 0.00054684, 0.00065150421
  -37.819845, 0.000609336, 0.00065197375
  -37.819845, 0.00068355, 0.00065197375
  -37.819845, 0.000910098, 0.00065197375
  -37.819845, 0.00072261, 0.00065197375
  -37.819845, 0.0009765, 0.00065197375
  -37.81339, 0.00052731, 0.00065244346
  -37.806935, 0.000445284, 0.00065291334
  -37.806935, 0.000652302, 0.00065291334
  -37.806935, 0.00052731, 0.00065291334
  -37.806935, 0.000706986, 0.00065291334
  -37.80048, 0.000425754, 0.0006533834
  -37.80048, 0.000613242, 0.0006533834
  -37.80048, 0.000828072, 0.0006533834
  -37.794025, 0.00072261, 0.00065385363
  -37.794025, 0.000492156, 0.00065385363
  -37.794025, 0.000492156, 0.00065385363
  -37.794025, 0.000617148, 0.00065385363
  -37.78757, 0.000652302, 0.00065432404
  -37.781115, 0.00068355, 0.00065479462
  -37.781115, 0.000613242, 0.00065479462
  -37.781115, 0.000675738, 0.00065479462
  -37.781115, 0.000589806, 0.00065479462
  -37.781115, 0.000789012, 0.00065479462
  -37.77466, 0.000539028, 0.00065526538
  -37.77466, 0.00074214, 0.00065526538
  -37.77466, 0.00064449, 0.00065526538
  -37.77466, 0.000613242, 0.00065526538
  -37.768205, 0.000652302, 0.00065573631
  -37.768205, 0.000710892, 0.00065573631
  -37.768205, 0.000757764, 0.00065573631
  -37.768205, 0.000581994, 0.00065573631
  -37.768205, 0.000746046, 0.00065573631
  -37.768205, 0.000601524, 0.00065573631
  -37.76175, 0.000894474, 0.00065620742
  -37.76175, 0.000746046, 0.00065620742
  -37.76175, 0.00054684, 0.00065620742
  -37.76175, 0.000581994, 0.00065620742
  -37.76175, 0.000679644, 0.00065620742
  -37.755295, 0.0005859, 0.0006566787
  -37.755295, 0.00080073, 0.0006566787
  -37.755295, 0.000558558, 0.0006566787
  -37.755295, 0.000628866, 0.0006566787
  -37.74884, 0.000550746, 0.00065715016
  -37.74884, 0.00082026, 0.00065715016
  -37.742385, 0.000589806, 0.00065762179
  -37.742385, 0.000578088, 0.00065762179
  -37.742385, 0.000804636, 0.00065762179
  -37.73593, 0.000597618, 0.00065809359
  -37.73593, 0.000699174, 0.00065809359
  -37.73593, 0.000589806, 0.00065809359
  -37.73593, 0.00072261, 0.00065809359
  -37.73593, 0.0007812, 0.00065809359
  -37.73593, 0.000597618, 0.00065809359
  -37.729475, 0.000359352, 0.00065856557
  -37.729475, 0.000706986, 0.00065856557
  -37.729475, 0.00072261, 0.00065856557
  -37.72302, 0.000496062, 0.00065903773
  -37.716565, 0.000746046, 0.00065951006
  -37.71011, 0.00064449, 0.00065998256
  -37.71011, 0.000687456, 0.00065998256
  -37.703655, 0.0007812, 0.00066045524
  -37.6972, 0.000691362, 0.0006609281
  -37.690745, 0.000523404, 0.00066140113
  -37.68429, 0.00056637, 0.00066187433
  -37.68429, 0.00068355, 0.00066187433
  -37.68429, 0.000503874, 0.00066187433
  -37.677835, 0.000656208, 0.00066234771
  -37.677835, 0.000542934, 0.00066234771
  -37.67138, 0.000609336, 0.00066282127
  -37.67138, 0.000757764, 0.00066282127
  -37.67138, 0.00052731, 0.00066282127
  -37.664925, 0.000609336, 0.000663295
  -37.65847, 0.000718704, 0.00066376891
  -37.652015, 0.000706986, 0.00066424299
  -37.64556, 0.000523404, 0.00066471725
  -37.64556, 0.0005859, 0.00066471725
  -37.64556, 0.00052731, 0.00066471725
  -37.64556, 0.000828072, 0.00066471725
  -37.639105, 0.000714798, 0.00066519168
  -37.639105, 0.000589806, 0.00066519168
  -37.639105, 0.000675738, 0.00066519168
  -37.639105, 0.000621054, 0.00066519168
  -37.63265, 0.000792918, 0.00066566629
  -37.63265, 0.000613242, 0.00066566629
  -37.63265, 0.00066402, 0.00066566629
  -37.63265, 0.000562464, 0.00066566629
  -37.61974, 0.000730422, 0.00066661603
  -37.61974, 0.000687456, 0.00066661603
  -37.61974, 0.000597618, 0.00066661603
  -37.613285, 0.000660114, 0.00066709116
  -37.613285, 0.000609336, 0.00066709116
  -37.613285, 0.00060543, 0.00066709116
  -37.60683, 0.000531216, 0.00066756647
  -37.60683, 0.00068355, 0.00066756647
  -37.60683, 0.00056637, 0.00066756647
  -37.600375, 0.000796824, 0.00066804196
  -37.600375, 0.000757764, 0.00066804196
  -37.600375, 0.000652302, 0.00066804196
  -37.59392, 0.000597618, 0.00066851762
  -37.587465, 0.000523404, 0.00066899345
  -37.58101, 0.000734328, 0.00066946947
  -37.58101, 0.000601524, 0.00066946947
  -37.58101, 0.000687456, 0.00066946947
  -37.574555, 0.000589806, 0.00066994565
  -37.574555, 0.000609336, 0.00066994565
  -37.5681, 0.000472626, 0.00067042202
  -37.561645, 0.00066402, 0.00067089856
  -37.561645, 0.00068355, 0.00067089856
  -37.55519, 0.000738234, 0.00067137527
  -37.55519, 0.000730422, 0.00067137527
  -37.55519, 0.000753858, 0.00067137527
  -37.55519, 0.00080073, 0.00067137527
  -37.548735, 0.000730422, 0.00067185216
  -37.548735, 0.000621054, 0.00067185216
  -37.54228, 0.000847602, 0.00067232923
  -37.54228, 0.000679644, 0.00067232923
  -37.54228, 0.000609336, 0.00067232923
  -37.54228, 0.000554652, 0.00067232923
  -37.535825, 0.000617148, 0.00067280648
  -37.535825, 0.000621054, 0.00067280648
  -37.535825, 0.000593712, 0.00067280648
  -37.535825, 0.000636678, 0.00067280648
  -37.52937, 0.000613242, 0.0006732839
  -37.51646, 0.000574182, 0.00067423926
  -37.51646, 0.000472626, 0.00067423926
  -37.510005, 0.000578088, 0.00067471721
  -37.510005, 0.000609336, 0.00067471721
  -37.50355, 0.000726516, 0.00067519533
  -37.50355, 0.000753858, 0.00067519533
  -37.497095, 0.000554652, 0.00067567363
  -37.484185, 0.000578088, 0.00067663076
  -37.484185, 0.000753858, 0.00067663076
  -37.484185, 0.000621054, 0.00067663076
  -37.47773, 0.000808542, 0.00067710959
  -37.47773, 0.000769482, 0.00067710959
  -37.471275, 0.00074214, 0.0006775886
  -37.471275, 0.00060543, 0.0006775886
  -37.471275, 0.000792918, 0.0006775886
  -37.471275, 0.000519498, 0.0006775886
  -37.471275, 0.000691362, 0.0006775886
  -37.471275, 0.000453096, 0.0006775886
  -37.46482, 0.00066402, 0.00067806778
  -37.46482, 0.000652302, 0.00067806778
  -37.46482, 0.000601524, 0.00067806778
  -37.46482, 0.00060543, 0.00067806778
  -37.46482, 0.000425754, 0.00067806778
  -37.458365, 0.000648396, 0.00067854714
  -37.458365, 0.00072261, 0.00067854714
  -37.458365, 0.000648396, 0.00067854714
  -37.45191, 0.000496062, 0.00067902667
  -37.45191, 0.000617148, 0.00067902667
  -37.45191, 0.000640584, 0.00067902667
  -37.445455, 0.000539028, 0.00067950638
  -37.445455, 0.000550746, 0.00067950638
  -37.445455, 0.000765576, 0.00067950638
  -37.439, 0.000554652, 0.00067998627
  -37.439, 0.000640584, 0.00067998627
  -37.439, 0.000472626, 0.00067998627
  -37.439, 0.000835884, 0.00067998627
  -37.439, 0.000636678, 0.00067998627
  -37.439, 0.000726516, 0.00067998627
  -37.432545, 0.000730422, 0.00068046633
  -37.432545, 0.00064449, 0.00068046633
  -37.432545, 0.000726516, 0.00068046633
  -37.419635, 0.000773388, 0.00068142699
  -37.419635, 0.000730422, 0.00068142699
  -37.419635, 0.000480438, 0.00068142699
  -37.419635, 0.000581994, 0.00068142699
  -37.419635, 0.00066402, 0.00068142699
  -37.41318, 0.00050778, 0.00068190758
  -37.40027, 0.000511686, 0.0006828693
  -37.40027, 0.000558558, 0.0006828693
  -37.393815, 0.000753858, 0.00068335042
  -37.393815, 0.000679644, 0.00068335042
  -37.393815, 0.000699174, 0.00068335042
  -37.38736, 0.000636678, 0.00068383173
  -37.38736, 0.000718704, 0.00068383173
  -37.38736, 0.000632772, 0.00068383173
  -37.37445, 0.000843696, 0.00068479486
  -37.367995, 0.000656208, 0.00068527669
  -37.367995, 0.000667926, 0.00068527669
  -37.367995, 0.000828072, 0.00068527669
  -37.36154, 0.000613242, 0.0006857587
  -37.36154, 0.00054684, 0.0006857587
  -37.36154, 0.000628866, 0.0006857587
  -37.36154, 0.000499968, 0.0006857587
  -37.36154, 0.000574182, 0.0006857587
  -37.36154, 0.000667926, 0.0006857587
  -37.355085, 0.000679644, 0.00068624088
  -37.355085, 0.000757764, 0.00068624088
  -37.355085, 0.000706986, 0.00068624088
  -37.34863, 0.00060543, 0.00068672325
  -37.342175, 0.00054684, 0.00068720579
  -37.342175, 0.00085932, 0.00068720579
  -37.342175, 0.00070308, 0.00068720579
  -37.33572, 0.000691362, 0.0006876885
  -37.33572, 0.00056637, 0.0006876885
  -37.32281, 0.000554652, 0.00068865447
  -37.32281, 0.000542934, 0.00068865447
  -37.316355, 0.000718704, 0.00068913772
  -37.316355, 0.00054684, 0.00068913772
  -37.316355, 0.00037107, 0.00068913772
  -37.3099, 0.000777294, 0.00068962114
  -37.3099, 0.00076167, 0.00068962114
  -37.3099, 0.000691362, 0.00068962114
  -37.3099, 0.000570276, 0.00068962114
  -37.3099, 0.000695268, 0.00068962114
  -37.3099, 0.000581994, 0.00068962114
  -37.303445, 0.000550746, 0.00069010474
  -37.303445, 0.000785106, 0.00069010474
  -37.303445, 0.000531216, 0.00069010474
  -37.303445, 0.00060543, 0.00069010474
  -37.303445, 0.000828072, 0.00069010474
  -37.29699, 0.00066402, 0.00069058852
  -37.290535, 0.000714798, 0.00069107248
  -37.290535, 0.000734328, 0.00069107248
  -37.290535, 0.000613242, 0.00069107248
  -37.290535, 0.000613242, 0.00069107248
  -37.290535, 0.000652302, 0.00069107248
  -37.290535, 0.000632772, 0.00069107248
  -37.290535, 0.000953064, 0.00069107248
  -37.290535, 0.00054684, 0.00069107248
  -37.290535, 0.000706986, 0.00069107248
  -37.290535, 0.000589806, 0.00069107248
  -37.290535, 0.000609336, 0.00069107248
  -37.290535, 0.000542934, 0.00069107248
  -37.28408, 0.000769482, 0.00069155662
  -37.28408, 0.000621054, 0.00069155662
  -37.28408, 0.000789012, 0.00069155662
  -37.277625, 0.000652302, 0.00069204093
  -37.277625, 0.000519498, 0.00069204093
  -37.27117, 0.000558558, 0.00069252542
  -37.264715, 0.000718704, 0.00069301009
  -37.264715, 0.000632772, 0.00069301009
  -37.25826, 0.000710892, 0.00069349493
  -37.25826, 0.00074214, 0.00069349493
  -37.25826, 0.00062496, 0.00069349493
  -37.251805, 0.0007812, 0.00069397996
  -37.251805, 0.00082026, 0.00069397996
  -37.251805, 0.000871038, 0.00069397996
  -37.251805, 0.00070308, 0.00069397996
  -37.251805, 0.000718704, 0.00069397996
  -37.251805, 0.000726516, 0.00069397996
  -37.24535, 0.00074214, 0.00069446516
  -37.24535, 0.000734328, 0.00069446516
  -37.24535, 0.000831978, 0.00069446516
  -37.24535, 0.000753858, 0.00069446516
  -37.24535, 0.000667926, 0.00069446516
  -37.238895, 0.000675738, 0.00069495053
  -37.238895, 0.000671832, 0.00069495053
  -37.238895, 0.000539028, 0.00069495053
  -37.238895, 0.000593712, 0.00069495053
  -37.238895, 0.000906192, 0.00069495053
  -37.238895, 0.000679644, 0.00069495053
  -37.238895, 0.000738234, 0.00069495053
  -37.238895, 0.00052731, 0.00069495053
  -37.23244, 0.000667926, 0.00069543609
  -37.23244, 0.000667926, 0.00069543609
  -37.23244, 0.000730422, 0.00069543609
  -37.23244, 0.000738234, 0.00069543609
  -37.23244, 0.0007812, 0.00069543609
  -37.23244, 0.000632772, 0.00069543609
  -37.23244, 0.000691362, 0.00069543609
  -37.23244, 0.00076167, 0.00069543609
  -37.23244, 0.00070308, 0.00069543609
  -37.23244, 0.001027278, 0.00069543609
  -37.225985, 0.000609336, 0.00069592182
  -37.225985, 0.00062496, 0.00069592182
  -37.225985, 0.000652302, 0.00069592182
  -37.21953, 0.000640584, 0.00069640773
  -37.21953, 0.000656208, 0.00069640773
  -37.21953, 0.000734328, 0.00069640773
  -37.21953, 0.000671832, 0.00069640773
  -37.21953, 0.00070308, 0.00069640773
  -37.21953, 0.000699174, 0.00069640773
  -37.21953, 0.000613242, 0.00069640773
  -37.213075, 0.000574182, 0.00069689382
  -37.213075, 0.000792918, 0.00069689382
  -37.213075, 0.000914004, 0.00069689382
  -37.20662, 0.00066402, 0.00069738009
  -37.200165, 0.000460908, 0.00069786653
  -37.200165, 0.000960876, 0.00069786653
  -37.19371, 0.000691362, 0.00069835316
  -37.1808, 0.000574182, 0.00069932694
  -37.174345, 0.00072261, 0.00069981409
  -37.161435, 0.000890568, 0.00070078894
  -37.161435, 0.00050778, 0.00070078894
  -37.161435, 0.000347634, 0.00070078894
  -37.15498, 0.00052731, 0.00070127663
  -37.15498, 0.000687456, 0.00070127663
  -37.15498, 0.00052731, 0.00070127663
  -37.15498, 0.00060543, 0.00070127663
  -37.15498, 0.000519498, 0.00070127663
  -37.148525, 0.000648396, 0.0007017645
  -37.148525, 0.000656208, 0.0007017645
  -37.14207, 0.000609336, 0.00070225255
  -37.14207, 0.000816354, 0.00070225255
  -37.135615, 0.000769482, 0.00070274078
  -37.12916, 0.000523404, 0.00070322918
  -37.12916, 0.000523404, 0.00070322918
  -37.12916, 0.000749952, 0.00070322918
  -37.12916, 0.000628866, 0.00070322918
  -37.122705, 0.000628866, 0.00070371776
  -37.122705, 0.000558558, 0.00070371776
  -37.11625, 0.00085932, 0.00070420652
  -37.11625, 0.000738234, 0.00070420652
  -37.10334, 0.000441378, 0.00070518458
  -37.096885, 0.000550746, 0.00070567388
  -37.083975, 0.000675738, 0.00070665301
  -37.071065, 0.000765576, 0.00070763285
  -37.06461, 0.000671832, 0.00070812304
  -37.058155, 0.000749952, 0.00070861341
  -37.058155, 0.000609336, 0.00070861341
  -37.058155, 0.000640584, 0.00070861341
  -37.058155, 0.000636678, 0.00070861341
  -37.0517, 0.000609336, 0.00070910395
  -37.0517, 0.000589806, 0.00070910395
  -37.0517, 0.000660114, 0.00070910395
  -37.0517, 0.000773388, 0.00070910395
  -37.0517, 0.00064449, 0.00070910395
  -37.045245, 0.000640584, 0.00070959468
  -37.045245, 0.000738234, 0.00070959468
  -37.045245, 0.000765576, 0.00070959468
  -37.045245, 0.00060543, 0.00070959468
  -37.03879, 0.000843696, 0.00071008558
  -37.03879, 0.000718704, 0.00071008558
  -37.03879, 0.000706986, 0.00071008558
  -37.032335, 0.000706986, 0.00071057667
  -37.032335, 0.000816354, 0.00071057667
  -37.032335, 0.000769482, 0.00071057667
  -37.032335, 0.000738234, 0.00071057667
  -37.032335, 0.00083979, 0.00071057667
  -37.032335, 0.000581994, 0.00071057667
  -37.032335, 0.000671832, 0.00071057667
  -37.032335, 0.000695268, 0.00071057667
  -37.032335, 0.00076167, 0.00071057667
  -37.02588, 0.000792918, 0.00071106793
  -37.02588, 0.00070308, 0.00071106793
  -37.02588, 0.000679644, 0.00071106793
  -37.019425, 0.000640584, 0.00071155937
  -37.019425, 0.00082026, 0.00071155937
  -37.019425, 0.00068355, 0.00071155937
  -37.019425, 0.000648396, 0.00071155937
  -37.019425, 0.000671832, 0.00071155937
  -37.019425, 0.000874944, 0.00071155937
  -37.01297, 0.000718704, 0.00071205099
  -37.01297, 0.000925722, 0.00071205099
  -37.01297, 0.000789012, 0.00071205099
  -37.01297, 0.000671832, 0.00071205099
  -37.006515, 0.000789012, 0.00071254279
  -37.006515, 0.000609336, 0.00071254279
  -37.006515, 0.000660114, 0.00071254279
  -37.006515, 0.000851508, 0.00071254279
  -37.006515, 0.000648396, 0.00071254279
  -37.006515, 0.00083979, 0.00071254279
  -37.006515, 0.00085932, 0.00071254279
  -37.00006, 0.000847602, 0.00071303477
  -37.00006, 0.000699174, 0.00071303477
  -37.00006, 0.000738234, 0.00071303477
  -37.00006, 0.000613242, 0.00071303477
  -37.00006, 0.00074214, 0.00071303477
  -37.00006, 0.000660114, 0.00071303477
  -37.00006, 0.000769482, 0.00071303477
  -36.993605, 0.000691362, 0.00071352692
  -36.993605, 0.000726516, 0.00071352692
  -36.993605, 0.000738234, 0.00071352692
  -36.993605, 0.000738234, 0.00071352692
  -36.993605, 0.000843696, 0.00071352692
  -36.993605, 0.000691362, 0.00071352692
  -36.993605, 0.000710892, 0.00071352692
  -36.993605, 0.000628866, 0.00071352692
  -36.993605, 0.000714798, 0.00071352692
  -36.98715, 0.000613242, 0.00071401926
  -36.98715, 0.000652302, 0.00071401926
  -36.98715, 0.0007812, 0.00071401926
  -36.98715, 0.000617148, 0.00071401926
  -36.980695, 0.0007812, 0.00071451178
  -36.980695, 0.000941346, 0.00071451178
  -36.980695, 0.00048825, 0.00071451178
  -36.980695, 0.000863226, 0.00071451178
  -36.980695, 0.000523404, 0.00071451178
  -36.980695, 0.00087885, 0.00071451178
  -36.97424, 0.00064449, 0.00071500447
  -36.967785, 0.000574182, 0.00071549734
  -36.967785, 0.000445284, 0.00071549734
  -36.967785, 0.000671832, 0.00071549734
  -36.967785, 0.000746046, 0.00071549734
  -36.967785, 0.000539028, 0.00071549734
  -36.967785, 0.000695268, 0.00071549734
  -36.967785, 0.000753858, 0.00071549734
  -36.967785, 0.000695268, 0.00071549734
  -36.96133, 0.00050778, 0.0007159904
  -36.96133, 0.000570276, 0.0007159904
  -36.96133, 0.000777294, 0.0007159904
  -36.96133, 0.000699174, 0.0007159904
  -36.96133, 0.000886662, 0.0007159904
  -36.954875, 0.000632772, 0.00071648363
  -36.954875, 0.000882756, 0.00071648363
  -36.954875, 0.000785106, 0.00071648363
  -36.954875, 0.00080073, 0.00071648363
  -36.954875, 0.000667926, 0.00071648363
  -36.954875, 0.000769482, 0.00071648363
  -36.94842, 0.000656208, 0.00071697704
  -36.94842, 0.000749952, 0.00071697704
  -36.94842, 0.000640584, 0.00071697704
  -36.94842, 0.000785106, 0.00071697704
  -36.941965, 0.000847602, 0.00071747063
  -36.941965, 0.000589806, 0.00071747063
  -36.93551, 0.00070308, 0.00071796441
  -36.93551, 0.000804636, 0.00071796441
  -36.93551, 0.000714798, 0.00071796441
  -36.929055, 0.0007812, 0.00071845836
  -36.929055, 0.00074214, 0.00071845836
  -36.929055, 0.000808542, 0.00071845836
  -36.929055, 0.000757764, 0.00071845836
  -36.929055, 0.000581994, 0.00071845836
  -36.929055, 0.000804636, 0.00071845836
  -36.929055, 0.000812448, 0.00071845836
  -36.9226, 0.000734328, 0.00071895249
  -36.9226, 0.00064449, 0.00071895249
  -36.9226, 0.000457002, 0.00071895249
  -36.9226, 0.000777294, 0.00071895249
  -36.9226, 0.000656208, 0.00071895249
  -36.9226, 0.000476532, 0.00071895249
  -36.916145, 0.000613242, 0.0007194468
  -36.916145, 0.000749952, 0.0007194468
  -36.916145, 0.000675738, 0.0007194468
  -36.916145, 0.00080073, 0.0007194468
  -36.90969, 0.00083979, 0.00071994128
  -36.90969, 0.000749952, 0.00071994128
  -36.90969, 0.000824166, 0.00071994128
  -36.90969, 0.000714798, 0.00071994128
  -36.90969, 0.000421848, 0.00071994128
  -36.90969, 0.00085932, 0.00071994128
  -36.90969, 0.00068355, 0.00071994128
  -36.90969, 0.00085932, 0.00071994128
  -36.903235, 0.000804636, 0.00072043595
  -36.903235, 0.000773388, 0.00072043595
  -36.903235, 0.00101556, 0.00072043595
  -36.903235, 0.000753858, 0.00072043595
  -36.903235, 0.000734328, 0.00072043595
  -36.903235, 0.000804636, 0.00072043595
  -36.903235, 0.00064449, 0.00072043595
  -36.903235, 0.000628866, 0.00072043595
  -36.903235, 0.00080073, 0.00072043595
  -36.89678, 0.000773388, 0.0007209308
  -36.89678, 0.000734328, 0.0007209308
  -36.89678, 0.000648396, 0.0007209308
  -36.89678, 0.000835884, 0.0007209308
  -36.89678, 0.000730422, 0.0007209308
  -36.890325, 0.000789012, 0.00072142583
  -36.890325, 0.000777294, 0.00072142583
  -36.890325, 0.000691362, 0.00072142583
  -36.890325, 0.00093744, 0.00072142583
  -36.890325, 0.000636678, 0.00072142583
  -36.890325, 0.000738234, 0.00072142583
  -36.88387, 0.000730422, 0.00072192104
  -36.88387, 0.000652302, 0.00072192104
  -36.88387, 0.000773388, 0.00072192104
  -36.88387, 0.000621054, 0.00072192104
  -36.88387, 0.000929628, 0.00072192104
  -36.877415, 0.000734328, 0.00072241642
  -36.877415, 0.000785106, 0.00072241642
  -36.877415, 0.000593712, 0.00072241642
  -36.877415, 0.000847602, 0.00072241642
  -36.877415, 0.000601524, 0.00072241642
  -36.877415, 0.000445284, 0.00072241642
  -36.877415, 0.000691362, 0.00072241642
  -36.864505, 0.000851508, 0.00072340774
  -36.864505, 0.000902286, 0.00072340774
  -36.864505, 0.000632772, 0.00072340774
  -36.864505, 0.000660114, 0.00072340774
  -36.85805, 0.000757764, 0.00072390367
  -36.85805, 0.000628866, 0.00072390367
  -36.85805, 0.000753858, 0.00072390367
  -36.85805, 0.000910098, 0.00072390367
  -36.85805, 0.00068355, 0.00072390367
  -36.85805, 0.000640584, 0.00072390367
  -36.851595, 0.000726516, 0.00072439977
  -36.851595, 0.000726516, 0.00072439977
  -36.851595, 0.000984312, 0.00072439977
  -36.851595, 0.000726516, 0.00072439977
  -36.851595, 0.000640584, 0.00072439977
  -36.851595, 0.00050778, 0.00072439977
  -36.851595, 0.00068355, 0.00072439977
  -36.851595, 0.000835884, 0.00072439977
  -36.84514, 0.0007812, 0.00072489606
  -36.84514, 0.000816354, 0.00072489606
  -36.84514, 0.00062496, 0.00072489606
  -36.84514, 0.000867132, 0.00072489606
  -36.84514, 0.000613242, 0.00072489606
  -36.84514, 0.000636678, 0.00072489606
  -36.84514, 0.000890568, 0.00072489606
  -36.838685, 0.000574182, 0.00072539253
  -36.838685, 0.000929628, 0.00072539253
  -36.838685, 0.00062496, 0.00072539253
  -36.838685, 0.000640584, 0.00072539253
  -36.838685, 0.000785106, 0.00072539253
  -36.83223, 0.000921816, 0.00072588917
  -36.83223, 0.000667926, 0.00072588917
  -36.83223, 0.000789012, 0.00072588917
  -36.83223, 0.000558558, 0.00072588917
  -36.83223, 0.0009765, 0.00072588917
  -36.83223, 0.000855414, 0.00072588917
  -36.825775, 0.000843696, 0.000726386
  -36.825775, 0.000542934, 0.000726386
  -36.825775, 0.000831978, 0.000726386
  -36.825775, 0.000925722, 0.000726386
  -36.81932, 0.00068355, 0.00072688301
  -36.81932, 0.000636678, 0.00072688301
  -36.81932, 0.000851508, 0.00072688301
  -36.81932, 0.000808542, 0.00072688301
  -36.81932, 0.000843696, 0.00072688301
  -36.81932, 0.000550746, 0.00072688301
  -36.81932, 0.000835884, 0.00072688301
  -36.81932, 0.000574182, 0.00072688301
  -36.812865, 0.001062432, 0.0007273802
  -36.812865, 0.000695268, 0.0007273802
  -36.812865, 0.000710892, 0.0007273802
  -36.812865, 0.000812448, 0.0007273802
  -36.812865, 0.000753858, 0.0007273802
  -36.812865, 0.000789012, 0.0007273802
  -36.80641, 0.000757764, 0.00072787756
  -36.80641, 0.000871038, 0.00072787756
  -36.80641, 0.000671832, 0.00072787756
  -36.80641, 0.00072261, 0.00072787756
  -36.80641, 0.000667926, 0.00072787756
  -36.80641, 0.00080073, 0.00072787756
  -36.80641, 0.000863226, 0.00072787756
  -36.80641, 0.000949158, 0.00072787756
  -36.80641, 0.001007748, 0.00072787756
  -36.80641, 0.000816354, 0.00072787756
  -36.80641, 0.00093744, 0.00072787756
  -36.799955, 0.00105462, 0.00072837511
  -36.799955, 0.00064449, 0.00072837511
  -36.799955, 0.00054684, 0.00072837511
  -36.799955, 0.000796824, 0.00072837511
  -36.7935, 0.000765576, 0.00072887284
  -36.7935, 0.000695268, 0.00072887284
  -36.7935, 0.000933534, 0.00072887284
  -36.7935, 0.000640584, 0.00072887284
  -36.787045, 0.00070308, 0.00072937075
  -36.787045, 0.000671832, 0.00072937075
  -36.787045, 0.000710892, 0.00072937075
  -36.787045, 0.000484344, 0.00072937075
  -36.787045, 0.00066402, 0.00072937075
  -36.787045, 0.001050714, 0.00072937075
  -36.787045, 0.001097586, 0.00072937075
  -36.787045, 0.000578088, 0.00072937075
  -36.787045, 0.000687456, 0.00072937075
  -36.787045, 0.00062496, 0.00072937075
  -36.78059, 0.001023372, 0.00072986884
  -36.78059, 0.000746046, 0.00072986884
  -36.78059, 0.000699174, 0.00072986884
  -36.78059, 0.00082026, 0.00072986884
  -36.78059, 0.000753858, 0.00072986884
  -36.78059, 0.000847602, 0.00072986884
  -36.78059, 0.000734328, 0.00072986884
  -36.78059, 0.000816354, 0.00072986884
  -36.78059, 0.000773388, 0.00072986884
  -36.78059, 0.000812448, 0.00072986884
  -36.774135, 0.000660114, 0.0007303671
  -36.774135, 0.000484344, 0.0007303671
  -36.774135, 0.000867132, 0.0007303671
  -36.774135, 0.000816354, 0.0007303671
  -36.774135, 0.000515592, 0.0007303671
  -36.76768, 0.000695268, 0.00073086555
  -36.76768, 0.000796824, 0.00073086555
  -36.76768, 0.001031184, 0.00073086555
  -36.76768, 0.000789012, 0.00073086555
  -36.76768, 0.000988218, 0.00073086555
  -36.76768, 0.000863226, 0.00073086555
  -36.76768, 0.000730422, 0.00073086555
  -36.76768, 0.00072261, 0.00073086555
  -36.761225, 0.000695268, 0.00073136418
  -36.761225, 0.000539028, 0.00073136418
  -36.761225, 0.000792918, 0.00073136418
  -36.761225, 0.001273356, 0.00073136418
  -36.761225, 0.000699174, 0.00073136418
  -36.761225, 0.000738234, 0.00073136418
  -36.761225, 0.000738234, 0.00073136418
  -36.75477, 0.000746046, 0.00073186299
  -36.75477, 0.000730422, 0.00073186299
  -36.75477, 0.000695268, 0.00073186299
  -36.75477, 0.0007812, 0.00073186299
  -36.75477, 0.000718704, 0.00073186299
  -36.75477, 0.000636678, 0.00073186299
  -36.75477, 0.000632772, 0.00073186299
  -36.75477, 0.001124928, 0.00073186299
  -36.748315, 0.0007812, 0.00073236198
  -36.748315, 0.000539028, 0.00073236198
  -36.748315, 0.000738234, 0.00073236198
  -36.748315, 0.000773388, 0.00073236198
  -36.748315, 0.000843696, 0.00073236198
  -36.748315, 0.000628866, 0.00073236198
  -36.74186, 0.000691362, 0.00073286116
  -36.74186, 0.00062496, 0.00073286116
  -36.74186, 0.00056637, 0.00073286116
  -36.74186, 0.000636678, 0.00073286116
  -36.74186, 0.000960876, 0.00073286116
  -36.74186, 0.000675738, 0.00073286116
  -36.74186, 0.000886662, 0.00073286116
  -36.74186, 0.00070308, 0.00073286116
  -36.735405, 0.000812448, 0.00073336051
  -36.735405, 0.00070308, 0.00073336051
  -36.72895, 0.00082026, 0.00073386004
  -36.72895, 0.001046808, 0.00073386004
  -36.72895, 0.000574182, 0.00073386004
  -36.72895, 0.001011654, 0.00073386004
  -36.72895, 0.000578088, 0.00073386004
  -36.72895, 0.000648396, 0.00073386004
  -36.72895, 0.00074214, 0.00073386004
  -36.72895, 0.000706986, 0.00073386004
  -36.722495, 0.000710892, 0.00073435975
  -36.722495, 0.000882756, 0.00073435975
  -36.722495, 0.00074214, 0.00073435975
  -36.722495, 0.000706986, 0.00073435975
  -36.722495, 0.000648396, 0.00073435975
  -36.71604, 0.00082026, 0.00073485965
  -36.71604, 0.000882756, 0.00073485965
  -36.71604, 0.000499968, 0.00073485965
  -36.71604, 0.00101556, 0.00073485965
  -36.71604, 0.000730422, 0.00073485965
  -36.71604, 0.00089838, 0.00073485965
  -36.709585, 0.00050778, 0.00073535972
  -36.709585, 0.000828072, 0.00073535972
  -36.709585, 0.0009765, 0.00073535972
  -36.709585, 0.000773388, 0.00073535972
  -36.709585, 0.00068355, 0.00073535972
  -36.709585, 0.000714798, 0.00073535972
  -36.70313, 0.000796824, 0.00073585998
  -36.70313, 0.00070308, 0.00073585998
  -36.70313, 0.000890568, 0.00073585998
  -36.70313, 0.000851508, 0.00073585998
  -36.70313, 0.000746046, 0.00073585998
  -36.70313, 0.000949158, 0.00073585998
  -36.696675, 0.000515592, 0.00073636042
  -36.696675, 0.000828072, 0.00073636042
  -36.696675, 0.000499968, 0.00073636042
  -36.696675, 0.000706986, 0.00073636042
  -36.696675, 0.000601524, 0.00073636042
  -36.696675, 0.000675738, 0.00073636042
  -36.696675, 0.000746046, 0.00073636042
  -36.69022, 0.000695268, 0.00073686103
  -36.69022, 0.00064449, 0.00073686103
  -36.69022, 0.000749952, 0.00073686103
  -36.69022, 0.00056637, 0.00073686103
  -36.69022, 0.000679644, 0.00073686103
  -36.683765, 0.00093744, 0.00073736183
  -36.683765, 0.000671832, 0.00073736183
  -36.67731, 0.000675738, 0.00073786281
  -36.67731, 0.00060543, 0.00073786281
  -36.670855, 0.000789012, 0.00073836397
  -36.670855, 0.000812448, 0.00073836397
  -36.670855, 0.000578088, 0.00073836397
  -36.6644, 0.000671832, 0.00073886531
  -36.657945, 0.0009765, 0.00073936683
  -36.657945, 0.00089838, 0.00073936683
  -36.657945, 0.000542934, 0.00073936683
  -36.657945, 0.000851508, 0.00073936683
  -36.657945, 0.000886662, 0.00073936683
  -36.657945, 0.000730422, 0.00073936683
  -36.657945, 0.000890568, 0.00073936683
  -36.657945, 0.000765576, 0.00073936683
  -36.65149, 0.00083979, 0.00073986854
  -36.65149, 0.000804636, 0.00073986854
  -36.65149, 0.00082026, 0.00073986854
  -36.645035, 0.000581994, 0.00074037042
  -36.645035, 0.000667926, 0.00074037042
  -36.63858, 0.000578088, 0.00074087249
  -36.632125, 0.000519498, 0.00074137473
  -36.632125, 0.000851508, 0.00074137473
  -36.632125, 0.00052731, 0.00074137473
  -36.62567, 0.000843696, 0.00074187716
  -36.62567, 0.000714798, 0.00074187716
  -36.62567, 0.000519498, 0.00074187716
  -36.619215, 0.000816354, 0.00074237977
  -36.619215, 0.000738234, 0.00074237977
  -36.61276, 0.00070308, 0.00074288256
  -36.606305, 0.000808542, 0.00074338553
  -36.606305, 0.0005859, 0.00074338553
  -36.606305, 0.000523404, 0.00074338553
  -36.606305, 0.00085932, 0.00074338553
  -36.59985, 0.000710892, 0.00074388869
  -36.593395, 0.000808542, 0.00074439202
  -36.593395, 0.000531216, 0.00074439202
  -36.593395, 0.00072261, 0.00074439202
  -36.58694, 0.000593712, 0.00074489554
  -36.580485, 0.00089838, 0.00074539924
  -36.580485, 0.000613242, 0.00074539924
  -36.580485, 0.000734328, 0.00074539924
  -36.580485, 0.000386694, 0.00074539924
  -36.567575, 0.000687456, 0.00074640718
  -36.56112, 0.00046872, 0.00074691142
  -36.554665, 0.000773388, 0.00074741584
  -36.554665, 0.000730422, 0.00074741584
  -36.554665, 0.00083979, 0.00074741584
  -36.54821, 0.000558558, 0.00074792045
  -36.54821, 0.000757764, 0.00074792045
  -36.54821, 0.000718704, 0.00074792045
  -36.541755, 0.000503874, 0.00074842524
  -36.5353, 0.000824166, 0.00074893021
  -36.5353, 0.000757764, 0.00074893021
  -36.5353, 0.000695268, 0.00074893021
  -36.5353, 0.00064449, 0.00074893021
  -36.528845, 0.000730422, 0.00074943536
  -36.528845, 0.000808542, 0.00074943536
  -36.528845, 0.000679644, 0.00074943536
  -36.528845, 0.000980406, 0.00074943536
  -36.52239, 0.00085932, 0.00074994069
  -36.52239, 0.000789012, 0.00074994069
  -36.52239, 0.000679644, 0.00074994069
  -36.52239, 0.000785106, 0.00074994069
  -36.52239, 0.000914004, 0.00074994069
  -36.52239, 0.000499968, 0.00074994069
  -36.52239, 0.00082026, 0.00074994069
  -36.52239, 0.0007812, 0.00074994069
  -36.515935, 0.000691362, 0.00075044621
  -36.515935, 0.000726516, 0.00075044621
  -36.515935, 0.00093744, 0.00075044621
  -36.515935, 0.0009765, 0.00075044621
  -36.50948, 0.001046808, 0.0007509519
  -36.50948, 0.00068355, 0.0007509519
  -36.50948, 0.000972594, 0.0007509519
  -36.503025, 0.000785106, 0.00075145778
  -36.503025, 0.000882756, 0.00075145778
  -36.503025, 0.000777294, 0.00075145778
  -36.49657, 0.000667926, 0.00075196384
  -36.49657, 0.000581994, 0.00075196384
  -36.490115, 0.000824166, 0.00075247009
  -36.490115, 0.000824166, 0.00075247009
  -36.48366, 0.000710892, 0.00075297651
  -36.48366, 0.00064449, 0.00075297651
  -36.48366, 0.000835884, 0.00075297651
  -36.48366, 0.000636678, 0.00075297651
  -36.48366, 0.000632772, 0.00075297651
  -36.48366, 0.0005859, 0.00075297651
  -36.477205, 0.00056637, 0.00075348312
  -36.477205, 0.000765576, 0.00075348312
  -36.477205, 0.000808542, 0.00075348312
  -36.477205, 0.000871038, 0.00075348312
  -36.477205, 0.000746046, 0.00075348312
  -36.47075, 0.000785106, 0.00075398991
  -36.47075, 0.000753858, 0.00075398991
  -36.47075, 0.000640584, 0.00075398991
  -36.464295, 0.000699174, 0.00075449688
  -36.464295, 0.0005859, 0.00075449688
  -36.464295, 0.000562464, 0.00075449688
  -36.45784, 0.00076167, 0.00075500403
  -36.45784, 0.00082026, 0.00075500403
  -36.45784, 0.000706986, 0.00075500403
  -36.451385, 0.000492156, 0.00075551137
  -36.44493, 0.00095697, 0.00075601889
  -36.44493, 0.000621054, 0.00075601889
  -36.438475, 0.00054684, 0.00075652659
  -36.438475, 0.000804636, 0.00075652659
  -36.43202, 0.000777294, 0.00075703447
  -36.43202, 0.000851508, 0.00075703447
  -36.425565, 0.000710892, 0.00075754254
  -36.425565, 0.000558558, 0.00075754254
  -36.425565, 0.000785106, 0.00075754254
  -36.425565, 0.000960876, 0.00075754254
  -36.412655, 0.000718704, 0.00075855922
  -36.412655, 0.000835884, 0.00075855922
  -36.412655, 0.000804636, 0.00075855922
  -36.4062, 0.0007812, 0.00075906783
  -36.4062, 0.000621054, 0.00075906783
  -36.4062, 0.00080073, 0.00075906783
  -36.4062, 0.000777294, 0.00075906783
  -36.4062, 0.000902286, 0.00075906783
  -36.399745, 0.000816354, 0.00075957663
  -36.399745, 0.00101556, 0.00075957663
  -36.399745, 0.000738234, 0.00075957663
  -36.39329, 0.000757764, 0.0007600856
  -36.39329, 0.000706986, 0.0007600856
  -36.39329, 0.000726516, 0.0007600856
  -36.386835, 0.000675738, 0.00076059477
  -36.386835, 0.000601524, 0.00076059477
  -36.38038, 0.000999936, 0.00076110411
  -36.38038, 0.000765576, 0.00076110411
  -36.361015, 0.000511686, 0.00076263324
  -36.361015, 0.000765576, 0.00076263324
  -36.35456, 0.000831978, 0.00076314331
  -36.35456, 0.000621054, 0.00076314331
  -36.348105, 0.000855414, 0.00076365357
  -36.348105, 0.000652302, 0.00076365357
  -36.348105, 0.00072261, 0.00076365357
  -36.348105, 0.000628866, 0.00076365357
  -36.34165, 0.000734328, 0.00076416401
  -36.34165, 0.000796824, 0.00076416401
  -36.34165, 0.000589806, 0.00076416401
  -36.335195, 0.00064449, 0.00076467463
  -36.335195, 0.000773388, 0.00076467463
  -36.335195, 0.000925722, 0.00076467463
  -36.335195, 0.00083979, 0.00076467463
  -36.32874, 0.000777294, 0.00076518544
  -36.32874, 0.00076167, 0.00076518544
  -36.322285, 0.000824166, 0.00076569643
  -36.322285, 0.00070308, 0.00076569643
  -36.322285, 0.000785106, 0.00076569643
  -36.309375, 0.000574182, 0.00076671896
  -36.30292, 0.00068355, 0.0007672305
  -36.296465, 0.00080073, 0.00076774222
  -36.296465, 0.000687456, 0.00076774222
  -36.296465, 0.00062496, 0.00076774222
  -36.296465, 0.000632772, 0.00076774222
  -36.296465, 0.000734328, 0.00076774222
  -36.29001, 0.00072261, 0.00076825412
  -36.283555, 0.000597618, 0.00076876621
  -36.283555, 0.00074214, 0.00076876621
  -36.283555, 0.000484344, 0.00076876621
  -36.270645, 0.000874944, 0.00076979094
  -36.270645, 0.000894474, 0.00076979094
  -36.26419, 0.0007812, 0.00077030358
  -36.26419, 0.000812448, 0.00077030358
  -36.26419, 0.00064449, 0.00077030358
  -36.257735, 0.000628866, 0.0007708164
  -36.257735, 0.000824166, 0.0007708164
  -36.257735, 0.000773388, 0.0007708164
  -36.257735, 0.00060543, 0.0007708164
  -36.25128, 0.000714798, 0.00077132941
  -36.25128, 0.000773388, 0.00077132941
  -36.25128, 0.00074214, 0.00077132941
  -36.25128, 0.001027278, 0.00077132941
  -36.25128, 0.00083979, 0.00077132941
  -36.25128, 0.000871038, 0.00077132941
  -36.25128, 0.000769482, 0.00077132941
  -36.244825, 0.000726516, 0.0007718426
  -36.244825, 0.0005859, 0.0007718426
  -36.244825, 0.000792918, 0.0007718426
  -36.244825, 0.000753858, 0.0007718426
  -36.23837, 0.0007812, 0.00077235597
  -36.23837, 0.000792918, 0.00077235597
  -36.23837, 0.000843696, 0.00077235597
  -36.23837, 0.000765576, 0.00077235597
  -36.231915, 0.000906192, 0.00077286952
  -36.231915, 0.001011654, 0.00077286952
  -36.231915, 0.000785106, 0.00077286952
  -36.231915, 0.001199142, 0.00077286952
  -36.231915, 0.00074214, 0.00077286952
  -36.231915, 0.001007748, 0.00077286952
  -36.231915, 0.000671832, 0.00077286952
  -36.22546, 0.000765576, 0.00077338326
  -36.219005, 0.000628866, 0.00077389719
  -36.219005, 0.000843696, 0.00077389719
  -36.219005, 0.001089774, 0.00077389719
  -36.21255, 0.000660114, 0.00077441129
  -36.206095, 0.000695268, 0.00077492559
  -36.19964, 0.00074214, 0.00077544006
  -36.19964, 0.000574182, 0.00077544006
  -36.18673, 0.001023372, 0.00077646956
  -36.18673, 0.000699174, 0.00077646956
  -36.167365, 0.00062496, 0.00077801519
  -36.167365, 0.00060543, 0.00077801519
  -36.16091, 0.000632772, 0.00077853077
  -36.154455, 0.00095697, 0.00077904653
  -36.154455, 0.000777294, 0.00077904653
  -36.154455, 0.000808542, 0.00077904653
  -36.154455, 0.000812448, 0.00077904653
  -36.154455, 0.00089838, 0.00077904653
  -36.141545, 0.000914004, 0.00078007861
  -36.141545, 0.000949158, 0.00078007861
  -36.141545, 0.000738234, 0.00078007861
  -36.141545, 0.00083979, 0.00078007861
  -36.141545, 0.000691362, 0.00078007861
  -36.141545, 0.000808542, 0.00078007861
  -36.141545, 0.00082026, 0.00078007861
  -36.141545, 0.000867132, 0.00078007861
  -36.141545, 0.000656208, 0.00078007861
  -36.13509, 0.0007812, 0.00078059492
  -36.13509, 0.000714798, 0.00078059492
  -36.128635, 0.00089838, 0.00078111142
  -36.128635, 0.000671832, 0.00078111142
  -36.128635, 0.000687456, 0.00078111142
  -36.128635, 0.000570276, 0.00078111142
  -36.128635, 0.000792918, 0.00078111142
  -36.12218, 0.000695268, 0.0007816281
  -36.12218, 0.000824166, 0.0007816281
  -36.12218, 0.000734328, 0.0007816281
  -36.12218, 0.000613242, 0.0007816281
  -36.12218, 0.00066402, 0.0007816281
  -36.115725, 0.000695268, 0.00078214497
  -36.115725, 0.000617148, 0.00078214497
  -36.115725, 0.000578088, 0.00078214497
  -36.115725, 0.000906192, 0.00078214497
  -36.115725, 0.000945252, 0.00078214497
  -36.115725, 0.00066402, 0.00078214497
  -36.115725, 0.000812448, 0.00078214497
  -36.115725, 0.00083979, 0.00078214497
  -36.115725, 0.000749952, 0.00078214497
  -36.10927, 0.001042902, 0.00078266202
  -36.10927, 0.000765576, 0.00078266202
  -36.10927, 0.001031184, 0.00078266202
  -36.10927, 0.000871038, 0.00078266202
  -36.10927, 0.00056637, 0.00078266202
  -36.10927, 0.000671832, 0.00078266202
  -36.102815, 0.000617148, 0.00078317926
  -36.09636, 0.00082026, 0.00078369668
  -36.09636, 0.000777294, 0.00078369668
  -36.09636, 0.000804636, 0.00078369668
  -36.09636, 0.000675738, 0.00078369668
  -36.089905, 0.000960876, 0.00078421428
  -36.08345, 0.000777294, 0.00078473207
  -36.08345, 0.000792918, 0.00078473207
  -36.08345, 0.000964782, 0.00078473207
  -36.076995, 0.000734328, 0.00078525004
  -36.076995, 0.000812448, 0.00078525004
  -36.076995, 0.000749952, 0.00078525004
  -36.076995, 0.000792918, 0.00078525004
  -36.076995, 0.000535122, 0.00078525004
  -36.076995, 0.000726516, 0.00078525004
  -36.07054, 0.000691362, 0.0007857682
  -36.07054, 0.000847602, 0.0007857682
  -36.07054, 0.000960876, 0.0007857682
  -36.07054, 0.00076167, 0.0007857682
  -36.064085, 0.001011654, 0.00078628655
  -36.064085, 0.00072261, 0.00078628655
  -36.05763, 0.000960876, 0.00078680507
  -36.05763, 0.000890568, 0.00078680507
  -36.05763, 0.00080073, 0.00078680507
  -36.05763, 0.00083979, 0.00078680507
  -36.05763, 0.00082026, 0.00078680507
  -36.05763, 0.000828072, 0.00078680507
  -36.05763, 0.000652302, 0.00078680507
  -36.05763, 0.000765576, 0.00078680507
  -36.05763, 0.000402318, 0.00078680507
  -36.051175, 0.001081962, 0.00078732378
  -36.051175, 0.000902286, 0.00078732378
  -36.051175, 0.00074214, 0.00078732378
  -36.051175, 0.000855414, 0.00078732378
  -36.04472, 0.000667926, 0.00078784268
  -36.04472, 0.000574182, 0.00078784268
  -36.04472, 0.000550746, 0.00078784268
  -36.038265, 0.000777294, 0.00078836176
  -36.038265, 0.000941346, 0.00078836176
  -36.038265, 0.00062496, 0.00078836176
  -36.038265, 0.000554652, 0.00078836176
  -36.038265, 0.000871038, 0.00078836176
  -36.03181, 0.000964782, 0.00078888103
  -36.03181, 0.000812448, 0.00078888103
  -36.03181, 0.000828072, 0.00078888103
  -36.03181, 0.000531216, 0.00078888103
  -36.03181, 0.000953064, 0.00078888103
  -36.03181, 0.00089838, 0.00078888103
  -36.03181, 0.000855414, 0.00078888103
  -36.025355, 0.000902286, 0.00078940048
  -36.025355, 0.00048825, 0.00078940048
  -36.025355, 0.000785106, 0.00078940048
  -36.025355, 0.000542934, 0.00078940048
  -36.0189, 0.000539028, 0.00078992011
  -36.0189, 0.000675738, 0.00078992011
  -36.0189, 0.000687456, 0.00078992011
  -36.0189, 0.000714798, 0.00078992011
  -36.0189, 0.000710892, 0.00078992011
  -36.0189, 0.000757764, 0.00078992011
  -36.0189, 0.000558558, 0.00078992011
  -36.012445, 0.000851508, 0.00079043994
  -36.012445, 0.000808542, 0.00079043994
  -36.012445, 0.000675738, 0.00079043994
  -36.012445, 0.000804636, 0.00079043994
  -36.012445, 0.000718704, 0.00079043994
  -36.012445, 0.000738234, 0.00079043994
  -36.012445, 0.000843696, 0.00079043994
  -36.012445, 0.000621054, 0.00079043994
  -36.012445, 0.000617148, 0.00079043994
  -36.00599, 0.000882756, 0.00079095994
  -36.00599, 0.00054684, 0.00079095994
  -36.00599, 0.000597618, 0.00079095994
  -36.00599, 0.000773388, 0.00079095994
  -35.999535, 0.00074214, 0.00079148013
  -35.999535, 0.000718704, 0.00079148013
  -35.99308, 0.000523404, 0.00079200051
  -35.99308, 0.000757764, 0.00079200051
  -35.99308, 0.001156176, 0.00079200051
  -35.99308, 0.00064449, 0.00079200051
  -35.99308, 0.000945252, 0.00079200051
  -35.986625, 0.000687456, 0.00079252107
  -35.986625, 0.000777294, 0.00079252107
  -35.986625, 0.000601524, 0.00079252107
  -35.986625, 0.000757764, 0.00079252107
  -35.986625, 0.000640584, 0.00079252107
  -35.986625, 0.000851508, 0.00079252107
  -35.98017, 0.001128834, 0.00079304181
  -35.98017, 0.000933534, 0.00079304181
  -35.98017, 0.000831978, 0.00079304181
  -35.98017, 0.001031184, 0.00079304181
  -35.973715, 0.000714798, 0.00079356274
  -35.973715, 0.000828072, 0.00079356274
  -35.973715, 0.001038996, 0.00079356274
  -35.973715, 0.000570276, 0.00079356274
  -35.973715, 0.000667926, 0.00079356274
  -35.96726, 0.000632772, 0.00079408386
  -35.96726, 0.000914004, 0.00079408386
  -35.96726, 0.000648396, 0.00079408386
  -35.960805, 0.00087885, 0.00079460516
  -35.960805, 0.000831978, 0.00079460516
  -35.960805, 0.000914004, 0.00079460516
  -35.960805, 0.001023372, 0.00079460516
  -35.95435, 0.001101492, 0.00079512665
  -35.95435, 0.000511686, 0.00079512665
  -35.95435, 0.00060543, 0.00079512665
  -35.95435, 0.00087885, 0.00079512665
  -35.95435, 0.000804636, 0.00079512665
  -35.95435, 0.000746046, 0.00079512665
  -35.947895, 0.000949158, 0.00079564832
  -35.947895, 0.000785106, 0.00079564832
  -35.947895, 0.000675738, 0.00079564832
  -35.94144, 0.000687456, 0.00079617017
  -35.94144, 0.000812448, 0.00079617017
  -35.94144, 0.00082026, 0.00079617017
  -35.94144, 0.000628866, 0.00079617017
  -35.94144, 0.000753858, 0.00079617017
  -35.94144, 0.000769482, 0.00079617017
  -35.934985, 0.00074214, 0.00079669222
  -35.934985, 0.00089838, 0.00079669222
  -35.934985, 0.000515592, 0.00079669222
  -35.92853, 0.00082026, 0.00079721444
  -35.92853, 0.001011654, 0.00079721444
  -35.922075, 0.00107415, 0.00079773686
  -35.922075, 0.000929628, 0.00079773686
  -35.909165, 0.000769482, 0.00079878224
  -35.909165, 0.000792918, 0.00079878224
  -35.90271, 0.000867132, 0.00079930521
  -35.90271, 0.000874944, 0.00079930521
  -35.90271, 0.000792918, 0.00079930521
  -35.896255, 0.000871038, 0.00079982836
  -35.896255, 0.00076167, 0.00079982836
  -35.896255, 0.001089774, 0.00079982836
  -35.896255, 0.000871038, 0.00079982836
  -35.896255, 0.0007812, 0.00079982836
  -35.896255, 0.000816354, 0.00079982836
  -35.8898, 0.001058526, 0.00080035171
  -35.8898, 0.000738234, 0.00080035171
  -35.8898, 0.001097586, 0.00080035171
  -35.8898, 0.000730422, 0.00080035171
  -35.8898, 0.000714798, 0.00080035171
  -35.8898, 0.000828072, 0.00080035171
  -35.8898, 0.000902286, 0.00080035171
  -35.883345, 0.000851508, 0.00080087523
  -35.883345, 0.000953064, 0.00080087523
  -35.883345, 0.000597618, 0.00080087523
  -35.883345, 0.000718704, 0.00080087523
  -35.883345, 0.00085932, 0.00080087523
  -35.883345, 0.000816354, 0.00080087523
  -35.883345, 0.00093744, 0.00080087523
  -35.883345, 0.00064449, 0.00080087523
  -35.883345, 0.000675738, 0.00080087523
  -35.87689, 0.000687456, 0.00080139894
  -35.87689, 0.000652302, 0.00080139894
  -35.87689, 0.00087885, 0.00080139894
  -35.87689, 0.000578088, 0.00080139894
  -35.87689, 0.000890568, 0.00080139894
  -35.870435, 0.000562464, 0.00080192284
  -35.870435, 0.00068355, 0.00080192284
  -35.870435, 0.000777294, 0.00080192284
  -35.870435, 0.000835884, 0.00080192284
  -35.870435, 0.000886662, 0.00080192284
  -35.86398, 0.000636678, 0.00080244693
  -35.86398, 0.000706986, 0.00080244693
  -35.86398, 0.000734328, 0.00080244693
  -35.86398, 0.00074214, 0.00080244693
  -35.86398, 0.000765576, 0.00080244693
  -35.86398, 0.00085932, 0.00080244693
  -35.86398, 0.000675738, 0.00080244693
  -35.86398, 0.00050778, 0.00080244693
  -35.86398, 0.000910098, 0.00080244693
  -35.857525, 0.000871038, 0.00080297119
  -35.857525, 0.000812448, 0.00080297119
  -35.857525, 0.00068355, 0.00080297119
  -35.857525, 0.00060543, 0.00080297119
  -35.857525, 0.000628866, 0.00080297119
  -35.857525, 0.00109368, 0.00080297119
  -35.857525, 0.000609336, 0.00080297119
  -35.857525, 0.00064449, 0.00080297119
  -35.857525, 0.000773388, 0.00080297119
  -35.857525, 0.000718704, 0.00080297119
  -35.857525, 0.000726516, 0.00080297119
  -35.857525, 0.000695268, 0.00080297119
  -35.857525, 0.000632772, 0.00080297119
  -35.85107, 0.000910098, 0.00080349565
  -35.85107, 0.000472626, 0.00080349565
  -35.85107, 0.00070308, 0.00080349565
  -35.85107, 0.000851508, 0.00080349565
  -35.85107, 0.000851508, 0.00080349565
  -35.85107, 0.000777294, 0.00080349565
  -35.85107, 0.001038996, 0.00080349565
  -35.85107, 0.000867132, 0.00080349565
  -35.85107, 0.000749952, 0.00080349565
  -35.85107, 0.001066338, 0.00080349565
  -35.85107, 0.000632772, 0.00080349565
  -35.844615, 0.000960876, 0.00080402029
  -35.844615, 0.000667926, 0.00080402029
  -35.844615, 0.000734328, 0.00080402029
  -35.844615, 0.000894474, 0.00080402029
  -35.844615, 0.001097586, 0.00080402029
  -35.844615, 0.000871038, 0.00080402029
  -35.844615, 0.00080073, 0.00080402029
  -35.844615, 0.000706986, 0.00080402029
  -35.844615, 0.000726516, 0.00080402029
  -35.83816, 0.000867132, 0.00080454512
  -35.83816, 0.000843696, 0.00080454512
  -35.83816, 0.00076167, 0.00080454512
  -35.83816, 0.000660114, 0.00080454512
  -35.831705, 0.0007812, 0.00080507013
  -35.831705, 0.000675738, 0.00080507013
  -35.831705, 0.000765576, 0.00080507013
  -35.831705, 0.000581994, 0.00080507013
  -35.82525, 0.0007812, 0.00080559533
  -35.818795, 0.000726516, 0.00080612072
  -35.818795, 0.000570276, 0.00080612072
  -35.818795, 0.00095697, 0.00080612072
  -35.818795, 0.00076167, 0.00080612072
  -35.81234, 0.00072261, 0.00080664629
  -35.81234, 0.000730422, 0.00080664629
  -35.81234, 0.00080073, 0.00080664629
  -35.81234, 0.000753858, 0.00080664629
  -35.81234, 0.000929628, 0.00080664629
  -35.81234, 0.000691362, 0.00080664629
  -35.805885, 0.000867132, 0.00080717204
  -35.805885, 0.000757764, 0.00080717204
  -35.805885, 0.000621054, 0.00080717204
  -35.805885, 0.000785106, 0.00080717204
  -35.805885, 0.000847602, 0.00080717204
  -35.79943, 0.000867132, 0.00080769799
  -35.79943, 0.000652302, 0.00080769799
  -35.79943, 0.000671832, 0.00080769799
  -35.79943, 0.000960876, 0.00080769799
  -35.79943, 0.000792918, 0.00080769799
  -35.79943, 0.000914004, 0.00080769799
  -35.792975, 0.00066402, 0.00080822412
  -35.792975, 0.000847602, 0.00080822412
  -35.792975, 0.000792918, 0.00080822412
  -35.792975, 0.000999936, 0.00080822412
  -35.792975, 0.000867132, 0.00080822412
  -35.792975, 0.000914004, 0.00080822412
  -35.792975, 0.000882756, 0.00080822412
  -35.78652, 0.000706986, 0.00080875043
  -35.78652, 0.000554652, 0.00080875043
  -35.78652, 0.000894474, 0.00080875043
  -35.78652, 0.000855414, 0.00080875043
  -35.78652, 0.000925722, 0.00080875043
  -35.78652, 0.000882756, 0.00080875043
  -35.78652, 0.000789012, 0.00080875043
  -35.78652, 0.000929628, 0.00080875043
  -35.78652, 0.00044919, 0.00080875043
  -35.78652, 0.000628866, 0.00080875043
  -35.78652, 0.000613242, 0.00080875043
  -35.78652, 0.000874944, 0.00080875043
  -35.78652, 0.00095697, 0.00080875043
  -35.78652, 0.000640584, 0.00080875043
  -35.78652, 0.000831978, 0.00080875043
  -35.78652, 0.000765576, 0.00080875043
  -35.78652, 0.000855414, 0.00080875043
  -35.78652, 0.00068355, 0.00080875043
  -35.78652, 0.000921816, 0.00080875043
  -35.780065, 0.000749952, 0.00080927693
  -35.780065, 0.001148364, 0.00080927693
  -35.780065, 0.001031184, 0.00080927693
  -35.780065, 0.000929628, 0.00080927693
  -35.780065, 0.001070244, 0.00080927693
  -35.780065, 0.000921816, 0.00080927693
  -35.780065, 0.000652302, 0.00080927693
  -35.77361, 0.000925722, 0.00080980362
  -35.77361, 0.00101556, 0.00080980362
  -35.77361, 0.00099603, 0.00080980362
  -35.77361, 0.000730422, 0.00080980362
  -35.77361, 0.000726516, 0.00080980362
  -35.77361, 0.000746046, 0.00080980362
  -35.77361, 0.001042902, 0.00080980362
  -35.77361, 0.000929628, 0.00080980362
  -35.77361, 0.000874944, 0.00080980362
  -35.77361, 0.000617148, 0.00080980362
  -35.77361, 0.000972594, 0.00080980362
  -35.77361, 0.00099603, 0.00080980362
  -35.77361, 0.000738234, 0.00080980362
  -35.767155, 0.001187424, 0.0008103305
  -35.767155, 0.00062496, 0.0008103305
  -35.767155, 0.000867132, 0.0008103305
  -35.767155, 0.000984312, 0.0008103305
  -35.7607, 0.000949158, 0.00081085756
  -35.7607, 0.000925722, 0.00081085756
  -35.7607, 0.00095697, 0.00081085756
  -35.7607, 0.000796824, 0.00081085756
  -35.7607, 0.000902286, 0.00081085756
  -35.7607, 0.000679644, 0.00081085756
  -35.7607, 0.000867132, 0.00081085756
  -35.754245, 0.000847602, 0.00081138481
  -35.754245, 0.000769482, 0.00081138481
  -35.754245, 0.000695268, 0.00081138481
  -35.754245, 0.000910098, 0.00081138481
  -35.754245, 0.000808542, 0.00081138481
  -35.754245, 0.000792918, 0.00081138481
  -35.754245, 0.000656208, 0.00081138481
  -35.754245, 0.000808542, 0.00081138481
  -35.754245, 0.000816354, 0.00081138481
  -35.74779, 0.000902286, 0.00081191224
  -35.74779, 0.000867132, 0.00081191224
  -35.74779, 0.00085932, 0.00081191224
  -35.74779, 0.000851508, 0.00081191224
  -35.74779, 0.00074214, 0.00081191224
  -35.74779, 0.000906192, 0.00081191224
  -35.741335, 0.000738234, 0.00081243986
  -35.741335, 0.000867132, 0.00081243986
  -35.741335, 0.000804636, 0.00081243986
  -35.741335, 0.000648396, 0.00081243986
  -35.741335, 0.000992124, 0.00081243986
  -35.741335, 0.000792918, 0.00081243986
  -35.741335, 0.000730422, 0.00081243986
  -35.741335, 0.000749952, 0.00081243986
  -35.741335, 0.000699174, 0.00081243986
  -35.73488, 0.000984312, 0.00081296767
  -35.73488, 0.000882756, 0.00081296767
  -35.73488, 0.00093744, 0.00081296767
  -35.73488, 0.000792918, 0.00081296767
  -35.728425, 0.000523404, 0.00081349566
  -35.728425, 0.000882756, 0.00081349566
  -35.728425, 0.00087885, 0.00081349566
  -35.728425, 0.001003842, 0.00081349566
  -35.728425, 0.001027278, 0.00081349566
  -35.728425, 0.000785106, 0.00081349566
  -35.72197, 0.000992124, 0.00081402384
  -35.72197, 0.000921816, 0.00081402384
  -35.715515, 0.000675738, 0.00081455221
  -35.702605, 0.00066402, 0.0008156095
  -35.702605, 0.0005859, 0.0008156095
  -35.702605, 0.001023372, 0.0008156095
  -35.689695, 0.000785106, 0.00081666755
  -35.689695, 0.000687456, 0.00081666755
  -35.689695, 0.000890568, 0.00081666755
  -35.68324, 0.000613242, 0.00081719685
  -35.68324, 0.000710892, 0.00081719685
  -35.676785, 0.000699174, 0.00081772633
  -35.663875, 0.000753858, 0.00081878587
  -35.663875, 0.000812448, 0.00081878587
  -35.663875, 0.000753858, 0.00081878587
  -35.650965, 0.000882756, 0.00081984616
  -35.64451, 0.000972594, 0.00082037658
  -35.638055, 0.000773388, 0.00082090719
  -35.638055, 0.00070308, 0.00082090719
  -35.638055, 0.000894474, 0.00082090719
  -35.638055, 0.000460908, 0.00082090719
  -35.638055, 0.000757764, 0.00082090719
  -35.6316, 0.000714798, 0.00082143799
  -35.6316, 0.00080073, 0.00082143799
  -35.6316, 0.000874944, 0.00082143799
  -35.6316, 0.000695268, 0.00082143799
  -35.6316, 0.000816354, 0.00082143799
  -35.6316, 0.000640584, 0.00082143799
  -35.625145, 0.000531216, 0.00082196897
  -35.625145, 0.000687456, 0.00082196897
  -35.625145, 0.000890568, 0.00082196897
  -35.625145, 0.000992124, 0.00082196897
  -35.61869, 0.000851508, 0.00082250014
  -35.612235, 0.00068355, 0.0008230315
  -35.60578, 0.00070308, 0.00082356305
  -35.60578, 0.000706986, 0.00082356305
  -35.60578, 0.000734328, 0.00082356305
  -35.599325, 0.000656208, 0.00082409478
  -35.59287, 0.000824166, 0.0008246267
  -35.59287, 0.000863226, 0.0008246267
  -35.586415, 0.000714798, 0.00082515881
  -35.586415, 0.000906192, 0.00082515881
  -35.57996, 0.000886662, 0.00082569111
  -35.57996, 0.000855414, 0.00082569111
  -35.57996, 0.00068355, 0.00082569111
  -35.573505, 0.00060543, 0.00082622359
  -35.56705, 0.00095697, 0.00082675626
  -35.56705, 0.000531216, 0.00082675626
  -35.560595, 0.00064449, 0.00082728912
  -35.55414, 0.000906192, 0.00082782217
  -35.547685, 0.000835884, 0.0008283554
  -35.54123, 0.000992124, 0.00082888882
  -35.54123, 0.000714798, 0.00082888882
  -35.54123, 0.000808542, 0.00082888882
  -35.54123, 0.000914004, 0.00082888882
  -35.54123, 0.000726516, 0.00082888882
  -35.54123, 0.000792918, 0.00082888882
  -35.534775, 0.000691362, 0.00082942243
  -35.534775, 0.000890568, 0.00082942243
  -35.52832, 0.000691362, 0.00082995623
  -35.52832, 0.000968688, 0.00082995623
  -35.52832, 0.00074214, 0.00082995623
  -35.52832, 0.00068355, 0.00082995623
  -35.52832, 0.000863226, 0.00082995623
  -35.52832, 0.00072261, 0.00082995623
  -35.521865, 0.00083979, 0.00083049022
  -35.521865, 0.000910098, 0.00083049022
  -35.521865, 0.000765576, 0.00083049022
  -35.521865, 0.00082026, 0.00083049022
  -35.51541, 0.00091791, 0.00083102439
  -35.51541, 0.000902286, 0.00083102439
  -35.51541, 0.000929628, 0.00083102439
  -35.51541, 0.000945252, 0.00083102439
  -35.508955, 0.000902286, 0.00083155875
  -35.508955, 0.000601524, 0.00083155875
  -35.508955, 0.000706986, 0.00083155875
  -35.508955, 0.00085932, 0.00083155875
  -35.5025, 0.000980406, 0.0008320933
  -35.5025, 0.000660114, 0.0008320933
  -35.5025, 0.001011654, 0.0008320933
  -35.5025, 0.00076167, 0.0008320933
  -35.5025, 0.000890568, 0.0008320933
  -35.5025, 0.000621054, 0.0008320933
  -35.5025, 0.001007748, 0.0008320933
  -35.496045, 0.000831978, 0.00083262804
  -35.496045, 0.000828072, 0.00083262804
  -35.496045, 0.000640584, 0.00083262804
  -35.496045, 0.000718704, 0.00083262804
  -35.496045, 0.000828072, 0.00083262804
  -35.496045, 0.000847602, 0.00083262804
  -35.496045, 0.000765576, 0.00083262804
  -35.48959, 0.00064449, 0.00083316296
  -35.48959, 0.000874944, 0.00083316296
  -35.48959, 0.000890568, 0.00083316296
  -35.48959, 0.000984312, 0.00083316296
  -35.48959, 0.000863226, 0.00083316296
  -35.48959, 0.000882756, 0.00083316296
  -35.48959, 0.001031184, 0.00083316296
  -35.483135, 0.00076167, 0.00083369808
  -35.483135, 0.00091791, 0.00083369808
  -35.483135, 0.000831978, 0.00083369808
  -35.483135, 0.000960876, 0.00083369808
  -35.483135, 0.00072261, 0.00083369808
  -35.483135, 0.000968688, 0.00083369808
  -35.483135, 0.000753858, 0.00083369808
  -35.47668, 0.000730422, 0.00083423338
  -35.47668, 0.000831978, 0.00083423338
  -35.47668, 0.000632772, 0.00083423338
  -35.47668, 0.00083979, 0.00083423338
  -35.47668, 0.000964782, 0.00083423338
  -35.47668, 0.00113274, 0.00083423338
  -35.47668, 0.000871038, 0.00083423338
  -35.47668, 0.000695268, 0.00083423338
  -35.47668, 0.00068355, 0.00083423338
  -35.470225, 0.000988218, 0.00083476887
  -35.470225, 0.000843696, 0.00083476887
  -35.470225, 0.000894474, 0.00083476887
  -35.470225, 0.00066402, 0.00083476887
  -35.470225, 0.00072261, 0.00083476887
  -35.470225, 0.000914004, 0.00083476887
  -35.46377, 0.000843696, 0.00083530454
  -35.46377, 0.000871038, 0.00083530454
  -35.457315, 0.000972594, 0.00083584041
  -35.457315, 0.000589806, 0.00083584041
  -35.457315, 0.000539028, 0.00083584041
  -35.457315, 0.000953064, 0.00083584041
  -35.45086, 0.00083979, 0.00083637646
  -35.45086, 0.000910098, 0.00083637646
  -35.444405, 0.000968688, 0.00083691271
  -35.42504, 0.000816354, 0.00083852256
  -35.42504, 0.000706986, 0.00083852256
  -35.418585, 0.000828072, 0.00083905956
  -35.418585, 0.000863226, 0.00083905956
  -35.418585, 0.000847602, 0.00083905956
  -35.418585, 0.000828072, 0.00083905956
  -35.405675, 0.000925722, 0.00084013412
  -35.405675, 0.000652302, 0.00084013412
  -35.405675, 0.000621054, 0.00084013412
  -35.405675, 0.00091791, 0.00084013412
  -35.39922, 0.000804636, 0.00084067168
  -35.39922, 0.000816354, 0.00084067168
  -35.392765, 0.000980406, 0.00084120943
  -35.392765, 0.000726516, 0.00084120943
  -35.392765, 0.000886662, 0.00084120943
  -35.38631, 0.00082026, 0.00084174737
  -35.38631, 0.000660114, 0.00084174737
  -35.38631, 0.000757764, 0.00084174737
  -35.38631, 0.000746046, 0.00084174737
  -35.38631, 0.000831978, 0.00084174737
  -35.38631, 0.000972594, 0.00084174737
  -35.38631, 0.00093744, 0.00084174737
  -35.379855, 0.000929628, 0.0008422855
  -35.379855, 0.001058526, 0.0008422855
  -35.379855, 0.000738234, 0.0008422855
  -35.379855, 0.001019466, 0.0008422855
  -35.379855, 0.000749952, 0.0008422855
  -35.379855, 0.000894474, 0.0008422855
  -35.379855, 0.000777294, 0.0008422855
  -35.379855, 0.000890568, 0.0008422855
  -35.379855, 0.000874944, 0.0008422855
  -35.3734, 0.000769482, 0.00084282381
  -35.3734, 0.000855414, 0.00084282381
  -35.3734, 0.00076167, 0.00084282381
  -35.3734, 0.001144458, 0.00084282381
  -35.3734, 0.000949158, 0.00084282381
  -35.3734, 0.000921816, 0.00084282381
  -35.3734, 0.000597618, 0.00084282381
  -35.3734, 0.000933534, 0.00084282381
  -35.3734, 0.00099603, 0.00084282381
  -35.3734, 0.000812448, 0.00084282381
  -35.3734, 0.000906192, 0.00084282381
  -35.3734, 0.000929628, 0.00084282381
  -35.3734, 0.000656208, 0.00084282381
  -35.3734, 0.000777294, 0.00084282381
  -35.3734, 0.000874944, 0.00084282381
  -35.366945, 0.000851508, 0.00084336232
  -35.366945, 0.000874944, 0.00084336232
  -35.366945, 0.001140552, 0.00084336232
  -35.366945, 0.000765576, 0.00084336232
  -35.366945, 0.000792918, 0.00084336232
  -35.366945, 0.000765576, 0.00084336232
  -35.366945, 0.000636678, 0.00084336232
  -35.366945, 0.001003842, 0.00084336232
  -35.366945, 0.000691362, 0.00084336232
  -35.366945, 0.000808542, 0.00084336232
  -35.36049, 0.000706986, 0.00084390101
  -35.36049, 0.000874944, 0.00084390101
  -35.36049, 0.00103509, 0.00084390101
  -35.36049, 0.000867132, 0.00084390101
  -35.36049, 0.001097586, 0.00084390101
  -35.36049, 0.000921816, 0.00084390101
  -35.36049, 0.000874944, 0.00084390101
  -35.354035, 0.000906192, 0.0008444399
  -35.354035, 0.000796824, 0.0008444399
  -35.354035, 0.00082026, 0.0008444399
  -35.354035, 0.000953064, 0.0008444399
  -35.354035, 0.000941346, 0.0008444399
  -35.354035, 0.00072261, 0.0008444399
  -35.354035, 0.000902286, 0.0008444399
  -35.354035, 0.000785106, 0.0008444399
  -35.354035, 0.000824166, 0.0008444399
  -35.354035, 0.000699174, 0.0008444399
  -35.354035, 0.000855414, 0.0008444399
  -35.354035, 0.000816354, 0.0008444399
  -35.354035, 0.000691362, 0.0008444399
  -35.354035, 0.000980406, 0.0008444399
  -35.34758, 0.000769482, 0.00084497897
  -35.34758, 0.000812448, 0.00084497897
  -35.34758, 0.000894474, 0.00084497897
  -35.34758, 0.000706986, 0.00084497897
  -35.34758, 0.000773388, 0.00084497897
  -35.34758, 0.00103509, 0.00084497897
  -35.34758, 0.000933534, 0.00084497897
  -35.34758, 0.000980406, 0.00084497897
  -35.34758, 0.000831978, 0.00084497897
  -35.341125, 0.000851508, 0.00084551823
  -35.341125, 0.001062432, 0.00084551823
  -35.341125, 0.000906192, 0.00084551823
  -35.33467, 0.000847602, 0.00084605768
  -35.33467, 0.000753858, 0.00084605768
  -35.33467, 0.00107415, 0.00084605768
  -35.33467, 0.000765576, 0.00084605768
  -35.328215, 0.000656208, 0.00084659732
  -35.328215, 0.00091791, 0.00084659732
  -35.328215, 0.000851508, 0.00084659732
  -35.328215, 0.000699174, 0.00084659732
  -35.328215, 0.000980406, 0.00084659732
  -35.32176, 0.000988218, 0.00084713714
  -35.32176, 0.000828072, 0.00084713714
  -35.315305, 0.000847602, 0.00084767716
  -35.315305, 0.000542934, 0.00084767716
  -35.315305, 0.000980406, 0.00084767716
  -35.315305, 0.000808542, 0.00084767716
  -35.315305, 0.000796824, 0.00084767716
  -35.315305, 0.000863226, 0.00084767716
  -35.315305, 0.000675738, 0.00084767716
  -35.30885, 0.00080073, 0.00084821737
  -35.30885, 0.000835884, 0.00084821737
  -35.30885, 0.000640584, 0.00084821737
  -35.30885, 0.000921816, 0.00084821737
  -35.30885, 0.000699174, 0.00084821737
  -35.30885, 0.001078056, 0.00084821737
  -35.30885, 0.00099603, 0.00084821737
  -35.302395, 0.000617148, 0.00084875776
  -35.302395, 0.000706986, 0.00084875776
  -35.302395, 0.000730422, 0.00084875776
  -35.302395, 0.000734328, 0.00084875776
  -35.29594, 0.000710892, 0.00084929835
  -35.29594, 0.000749952, 0.00084929835
  -35.29594, 0.00089838, 0.00084929835
  -35.289485, 0.000785106, 0.00084983912
  -35.289485, 0.000964782, 0.00084983912
  -35.289485, 0.001179612, 0.00084983912
  -35.28303, 0.000730422, 0.00085038008
  -35.28303, 0.00087885, 0.00085038008
  -35.276575, 0.00087885, 0.00085092124
  -35.276575, 0.00072261, 0.00085092124
  -35.276575, 0.000999936, 0.00085092124
  -35.276575, 0.000871038, 0.00085092124
  -35.27012, 0.000925722, 0.00085146258
  -35.27012, 0.000968688, 0.00085146258
  -35.27012, 0.00085932, 0.00085146258
  -35.27012, 0.000656208, 0.00085146258
  -35.27012, 0.000726516, 0.00085146258
  -35.27012, 0.000828072, 0.00085146258
  -35.27012, 0.000816354, 0.00085146258
  -35.263665, 0.000921816, 0.00085200411
  -35.263665, 0.000871038, 0.00085200411
  -35.263665, 0.00076167, 0.00085200411
  -35.263665, 0.00093744, 0.00085200411
  -35.263665, 0.000773388, 0.00085200411
  -35.263665, 0.000695268, 0.00085200411
  -35.263665, 0.00070308, 0.00085200411
  -35.25721, 0.000816354, 0.00085254583
  -35.25721, 0.00082026, 0.00085254583
  -35.25721, 0.00074214, 0.00085254583
  -35.25721, 0.000808542, 0.00085254583
  -35.25721, 0.000749952, 0.00085254583
  -35.25721, 0.000656208, 0.00085254583
  -35.25721, 0.000687456, 0.00085254583
  -35.25721, 0.000749952, 0.00085254583
  -35.250755, 0.001167894, 0.00085308774
  -35.250755, 0.00089838, 0.00085308774
  -35.250755, 0.000542934, 0.00085308774
  -35.250755, 0.000710892, 0.00085308774
  -35.2443, 0.000531216, 0.00085362984
  -35.2443, 0.000886662, 0.00085362984
  -35.2443, 0.001019466, 0.00085362984
  -35.2443, 0.000710892, 0.00085362984
  -35.237845, 0.000730422, 0.00085417213
  -35.237845, 0.001007748, 0.00085417213
  -35.237845, 0.000687456, 0.00085417213
  -35.237845, 0.001019466, 0.00085417213
  -35.237845, 0.000968688, 0.00085417213
  -35.237845, 0.00082026, 0.00085417213
  -35.237845, 0.0007812, 0.00085417213
  -35.237845, 0.00072261, 0.00085417213
  -35.237845, 0.001046808, 0.00085417213
  -35.237845, 0.000792918, 0.00085417213
  -35.237845, 0.000874944, 0.00085417213
  -35.23139, 0.000812448, 0.00085471461
  -35.23139, 0.000785106, 0.00085471461
  -35.23139, 0.001128834, 0.00085471461
  -35.23139, 0.000863226, 0.00085471461
  -35.23139, 0.000882756, 0.00085471461
  -35.23139, 0.00085932, 0.00085471461
  -35.23139, 0.000831978, 0.00085471461
  -35.23139, 0.00089838, 0.00085471461
  -35.23139, 0.000812448, 0.00085471461
  -35.23139, 0.00111321, 0.00085471461
  -35.224935, 0.00111321, 0.00085525727
  -35.224935, 0.00087885, 0.00085525727
  -35.224935, 0.000792918, 0.00085525727
  -35.224935, 0.000671832, 0.00085525727
  -35.224935, 0.000621054, 0.00085525727
  -35.224935, 0.000777294, 0.00085525727
  -35.224935, 0.00082026, 0.00085525727
  -35.224935, 0.000910098, 0.00085525727
  -35.224935, 0.000749952, 0.00085525727
  -35.224935, 0.001007748, 0.00085525727
  -35.21848, 0.000660114, 0.00085580013
  -35.21848, 0.00072261, 0.00085580013
  -35.21848, 0.0007812, 0.00085580013
  -35.21848, 0.001019466, 0.00085580013
  -35.21848, 0.000734328, 0.00085580013
  -35.21848, 0.000796824, 0.00085580013
  -35.21848, 0.000675738, 0.00085580013
  -35.21848, 0.000593712, 0.00085580013
  -35.21848, 0.000789012, 0.00085580013
  -35.212025, 0.000792918, 0.00085634318
  -35.212025, 0.000601524, 0.00085634318
  -35.212025, 0.000902286, 0.00085634318
  -35.212025, 0.00064449, 0.00085634318
  -35.212025, 0.00087885, 0.00085634318
  -35.212025, 0.00095697, 0.00085634318
  -35.212025, 0.00093744, 0.00085634318
  -35.212025, 0.000792918, 0.00085634318
  -35.212025, 0.001038996, 0.00085634318
  -35.212025, 0.000671832, 0.00085634318
  -35.212025, 0.000765576, 0.00085634318
  -35.212025, 0.000656208, 0.00085634318
  -35.212025, 0.0009765, 0.00085634318
  -35.212025, 0.000910098, 0.00085634318
  -35.212025, 0.001078056, 0.00085634318
  -35.20557, 0.000687456, 0.00085688642
  -35.20557, 0.000949158, 0.00085688642
  -35.20557, 0.001101492, 0.00085688642
  -35.20557, 0.00095697, 0.00085688642
  -35.20557, 0.000453096, 0.00085688642
  -35.20557, 0.000964782, 0.00085688642
  -35.20557, 0.000886662, 0.00085688642
  -35.20557, 0.000968688, 0.00085688642
  -35.20557, 0.00095697, 0.00085688642
  -35.20557, 0.000710892, 0.00085688642
  -35.20557, 0.000843696, 0.00085688642
  -35.199115, 0.00095697, 0.00085742985
  -35.199115, 0.000929628, 0.00085742985
  -35.199115, 0.000968688, 0.00085742985
  -35.199115, 0.0005859, 0.00085742985
  -35.199115, 0.000835884, 0.00085742985
  -35.199115, 0.000777294, 0.00085742985
  -35.199115, 0.000675738, 0.00085742985
  -35.199115, 0.001042902, 0.00085742985
  -35.199115, 0.000914004, 0.00085742985
  -35.199115, 0.000628866, 0.00085742985
  -35.19266, 0.000886662, 0.00085797346
  -35.19266, 0.000816354, 0.00085797346
  -35.19266, 0.00070308, 0.00085797346
  -35.19266, 0.000945252, 0.00085797346
  -35.19266, 0.00080073, 0.00085797346
  -35.19266, 0.000804636, 0.00085797346
  -35.19266, 0.00087885, 0.00085797346
  -35.19266, 0.000636678, 0.00085797346
  -35.186205, 0.00095697, 0.00085851727
  -35.186205, 0.00083979, 0.00085851727
  -35.186205, 0.000753858, 0.00085851727
  -35.186205, 0.001121022, 0.00085851727
  -35.186205, 0.000706986, 0.00085851727
  -35.17975, 0.000882756, 0.00085906127
  -35.17975, 0.000730422, 0.00085906127
  -35.17975, 0.001062432, 0.00085906127
  -35.17975, 0.000812448, 0.00085906127
  -35.173295, 0.000613242, 0.00085960545
  -35.173295, 0.000574182, 0.00085960545
  -35.173295, 0.000945252, 0.00085960545
  -35.16684, 0.000871038, 0.00086014983
  -35.160385, 0.001050714, 0.0008606944
  -35.160385, 0.000816354, 0.0008606944
  -35.160385, 0.000949158, 0.0008606944
  -35.160385, 0.000968688, 0.0008606944
  -35.160385, 0.000804636, 0.0008606944
  -35.15393, 0.000656208, 0.00086123916
  -35.15393, 0.000687456, 0.00086123916
  -35.15393, 0.000640584, 0.00086123916
  -35.15393, 0.001011654, 0.00086123916
  -35.147475, 0.000867132, 0.0008617841
  -35.147475, 0.000554652, 0.0008617841
  -35.147475, 0.000796824, 0.0008617841
  -35.147475, 0.00072261, 0.0008617841
  -35.14102, 0.00083979, 0.00086232924
  -35.14102, 0.001007748, 0.00086232924
  -35.14102, 0.000699174, 0.00086232924
  -35.14102, 0.000941346, 0.00086232924
  -35.14102, 0.000785106, 0.00086232924
  -35.14102, 0.000687456, 0.00086232924
  -35.134565, 0.000574182, 0.00086287457
  -35.134565, 0.00091791, 0.00086287457
  -35.134565, 0.001011654, 0.00086287457
  -35.134565, 0.000925722, 0.00086287457
  -35.12811, 0.000773388, 0.00086342009
  -35.12811, 0.00101556, 0.00086342009
  -35.12811, 0.000828072, 0.00086342009
  -35.12811, 0.00089838, 0.00086342009
  -35.12811, 0.000874944, 0.00086342009
  -35.12811, 0.000718704, 0.00086342009
  -35.12811, 0.000851508, 0.00086342009
  -35.121655, 0.000632772, 0.00086396579
  -35.121655, 0.001050714, 0.00086396579
  -35.1152, 0.000964782, 0.00086451169
  -35.1152, 0.000847602, 0.00086451169
  -35.1152, 0.001148364, 0.00086451169
  -35.1152, 0.000796824, 0.00086451169
  -35.108745, 0.000933534, 0.00086505778
  -35.108745, 0.000863226, 0.00086505778
  -35.108745, 0.000769482, 0.00086505778
  -35.108745, 0.001109304, 0.00086505778
  -35.108745, 0.000964782, 0.00086505778
  -35.108745, 0.000890568, 0.00086505778
  -35.108745, 0.000476532, 0.00086505778
  -35.108745, 0.00099603, 0.00086505778
  -35.10229, 0.000746046, 0.00086560406
  -35.10229, 0.000843696, 0.00086560406
  -35.10229, 0.000777294, 0.00086560406
  -35.10229, 0.000749952, 0.00086560406
  -35.10229, 0.000945252, 0.00086560406
  -35.095835, 0.000562464, 0.00086615053
  -35.095835, 0.000773388, 0.00086615053
  -35.095835, 0.000925722, 0.00086615053
  -35.08938, 0.000738234, 0.00086669719
  -35.08938, 0.001070244, 0.00086669719
  -35.08938, 0.000949158, 0.00086669719
  -35.082925, 0.000773388, 0.00086724404
  -35.082925, 0.001097586, 0.00086724404
  -35.082925, 0.000667926, 0.00086724404
  -35.082925, 0.000757764, 0.00086724404
  -35.082925, 0.000964782, 0.00086724404
  -35.082925, 0.001089774, 0.00086724404
  -35.082925, 0.000792918, 0.00086724404
  -35.082925, 0.000730422, 0.00086724404
  -35.07647, 0.000777294, 0.00086779108
  -35.07647, 0.001050714, 0.00086779108
  -35.070015, 0.000714798, 0.00086833832
  -35.070015, 0.000847602, 0.00086833832
  -35.070015, 0.000890568, 0.00086833832
  -35.070015, 0.000890568, 0.00086833832
  -35.070015, 0.00089838, 0.00086833832
  -35.070015, 0.000843696, 0.00086833832
  -35.070015, 0.000789012, 0.00086833832
  -35.06356, 0.00087885, 0.00086888574
  -35.06356, 0.000734328, 0.00086888574
  -35.06356, 0.000808542, 0.00086888574
  -35.06356, 0.000945252, 0.00086888574
  -35.06356, 0.00093744, 0.00086888574
  -35.06356, 0.0009765, 0.00086888574
  -35.06356, 0.0011718, 0.00086888574
  -35.06356, 0.00066402, 0.00086888574
  -35.06356, 0.001042902, 0.00086888574
  -35.06356, 0.000847602, 0.00086888574
  -35.06356, 0.001007748, 0.00086888574
  -35.06356, 0.000789012, 0.00086888574
  -35.06356, 0.000964782, 0.00086888574
  -35.06356, 0.000949158, 0.00086888574
  -35.06356, 0.001081962, 0.00086888574
  -35.06356, 0.001140552, 0.00086888574
  -35.06356, 0.00085932, 0.00086888574
  -35.057105, 0.000831978, 0.00086943335
  -35.057105, 0.000671832, 0.00086943335
  -35.057105, 0.000953064, 0.00086943335
  -35.057105, 0.000816354, 0.00086943335
  -35.057105, 0.00074214, 0.00086943335
  -35.057105, 0.000929628, 0.00086943335
  -35.057105, 0.00068355, 0.00086943335
  -35.057105, 0.000816354, 0.00086943335
  -35.057105, 0.0005859, 0.00086943335
  -35.057105, 0.0009765, 0.00086943335
  -35.057105, 0.00082026, 0.00086943335
  -35.057105, 0.000890568, 0.00086943335
  -35.057105, 0.000824166, 0.00086943335
  -35.05065, 0.000910098, 0.00086998116
  -35.05065, 0.000945252, 0.00086998116
  -35.05065, 0.000816354, 0.00086998116
  -35.05065, 0.001023372, 0.00086998116
  -35.05065, 0.000894474, 0.00086998116
  -35.05065, 0.001003842, 0.00086998116
  -35.05065, 0.00076167, 0.00086998116
  -35.05065, 0.000999936, 0.00086998116
  -35.05065, 0.0009765, 0.00086998116
  -35.05065, 0.000796824, 0.00086998116
  -35.05065, 0.000847602, 0.00086998116
  -35.05065, 0.00072261, 0.00086998116
  -35.05065, 0.00085932, 0.00086998116
  -35.05065, 0.000851508, 0.00086998116
  -35.05065, 0.000796824, 0.00086998116
  -35.05065, 0.0011718, 0.00086998116
  -35.05065, 0.000738234, 0.00086998116
  -35.05065, 0.000953064, 0.00086998116
  -35.05065, 0.00066402, 0.00086998116
  -35.05065, 0.000796824, 0.00086998116
  -35.05065, 0.000812448, 0.00086998116
  -35.05065, 0.000882756, 0.00086998116
  -35.05065, 0.000808542, 0.00086998116
  -35.05065, 0.00093744, 0.00086998116
  -35.05065, 0.001128834, 0.00086998116
  -35.05065, 0.000902286, 0.00086998116
  -35.05065, 0.000804636, 0.00086998116
  -35.05065, 0.001136646, 0.00086998116
  -35.044195, 0.000773388, 0.00087052915
  -35.044195, 0.000949158, 0.00087052915
  -35.044195, 0.000933534, 0.00087052915
  -35.044195, 0.000980406, 0.00087052915
  -35.044195, 0.001027278, 0.00087052915
  -35.044195, 0.001011654, 0.00087052915
  -35.044195, 0.000769482, 0.00087052915
  -35.044195, 0.000695268, 0.00087052915
  -35.044195, 0.000695268, 0.00087052915
  -35.044195, 0.000980406, 0.00087052915
  -35.044195, 0.000874944, 0.00087052915
  -35.044195, 0.00099603, 0.00087052915
  -35.044195, 0.00062496, 0.00087052915
  -35.044195, 0.000753858, 0.00087052915
  -35.044195, 0.000953064, 0.00087052915
  -35.044195, 0.000874944, 0.00087052915
  -35.044195, 0.000968688, 0.00087052915
  -35.044195, 0.000753858, 0.00087052915
  -35.044195, 0.000824166, 0.00087052915
  -35.044195, 0.001019466, 0.00087052915
  -35.044195, 0.000882756, 0.00087052915
  -35.044195, 0.000863226, 0.00087052915
  -35.044195, 0.000941346, 0.00087052915
  -35.044195, 0.000562464, 0.00087052915
  -35.044195, 0.000816354, 0.00087052915
  -35.044195, 0.000753858, 0.00087052915
  -35.044195, 0.00087885, 0.00087052915
  -35.03774, 0.000831978, 0.00087107734
  -35.03774, 0.000691362, 0.00087107734
  -35.03774, 0.000921816, 0.00087107734
  -35.03774, 0.000843696, 0.00087107734
  -35.03774, 0.000945252, 0.00087107734
  -35.03774, 0.001070244, 0.00087107734
  -35.03774, 0.000945252, 0.00087107734
  -35.03774, 0.000929628, 0.00087107734
  -35.03774, 0.000835884, 0.00087107734
  -35.03774, 0.00095697, 0.00087107734
  -35.03774, 0.000953064, 0.00087107734
  -35.03774, 0.00080073, 0.00087107734
  -35.03774, 0.001124928, 0.00087107734
  -35.03774, 0.000835884, 0.00087107734
  -35.03774, 0.000773388, 0.00087107734
  -35.03774, 0.00087885, 0.00087107734
  -35.03774, 0.00095697, 0.00087107734
  -35.03774, 0.001019466, 0.00087107734
  -35.03774, 0.000867132, 0.00087107734
  -35.03774, 0.000894474, 0.00087107734
  -35.031285, 0.001007748, 0.00087162571
  -35.031285, 0.00091791, 0.00087162571
  -35.031285, 0.001187424, 0.00087162571
  -35.031285, 0.00074214, 0.00087162571
  -35.031285, 0.00091791, 0.00087162571
  -35.031285, 0.000992124, 0.00087162571
  -35.031285, 0.000648396, 0.00087162571
  -35.031285, 0.000871038, 0.00087162571
  -35.031285, 0.000718704, 0.00087162571
  -35.031285, 0.000972594, 0.00087162571
  -35.031285, 0.000843696, 0.00087162571
  -35.031285, 0.000769482, 0.00087162571
  -35.031285, 0.000738234, 0.00087162571
  -35.031285, 0.000941346, 0.00087162571
  -35.02483, 0.000835884, 0.00087217428
  -35.02483, 0.000789012, 0.00087217428
  -35.02483, 0.001124928, 0.00087217428
  -35.02483, 0.000734328, 0.00087217428
  -35.02483, 0.000906192, 0.00087217428
  -35.02483, 0.000921816, 0.00087217428
  -35.02483, 0.001089774, 0.00087217428
  -35.02483, 0.00101556, 0.00087217428
  -35.02483, 0.00087885, 0.00087217428
  -35.02483, 0.00060543, 0.00087217428
  -35.02483, 0.000945252, 0.00087217428
  -35.02483, 0.000757764, 0.00087217428
  -35.02483, 0.000886662, 0.00087217428
  -35.02483, 0.000906192, 0.00087217428
  -35.02483, 0.000792918, 0.00087217428
  -35.02483, 0.000945252, 0.00087217428
  -35.02483, 0.00091791, 0.00087217428
  -35.02483, 0.001105398, 0.00087217428
  -35.02483, 0.000882756, 0.00087217428
  -35.02483, 0.000867132, 0.00087217428
  -35.02483, 0.000851508, 0.00087217428
  -35.02483, 0.000730422, 0.00087217428
  -35.02483, 0.00056637, 0.00087217428
  -35.018375, 0.000824166, 0.00087272304
  -35.018375, 0.000824166, 0.00087272304
  -35.018375, 0.00089838, 0.00087272304
  -35.018375, 0.000671832, 0.00087272304
  -35.018375, 0.000769482, 0.00087272304
  -35.018375, 0.00085932, 0.00087272304
  -35.01192, 0.000855414, 0.00087327199
  -35.01192, 0.001062432, 0.00087327199
  -35.01192, 0.000882756, 0.00087327199
  -35.01192, 0.001144458, 0.00087327199
  -35.01192, 0.000660114, 0.00087327199
  -35.01192, 0.000874944, 0.00087327199
  -35.01192, 0.00076167, 0.00087327199
  -35.01192, 0.000968688, 0.00087327199
  -35.01192, 0.00074214, 0.00087327199
  -35.005465, 0.001027278, 0.00087382113
  -35.005465, 0.000882756, 0.00087382113
  -34.99901, 0.00105462, 0.00087437046
  -34.99901, 0.000871038, 0.00087437046
  -34.99901, 0.001050714, 0.00087437046
  -34.99901, 0.000824166, 0.00087437046
  -34.992555, 0.000656208, 0.00087491998
  -34.9861, 0.000773388, 0.00087546969
  -34.9861, 0.00076167, 0.00087546969
  -34.9861, 0.00091791, 0.00087546969
  -34.979645, 0.001195236, 0.0008760196
  -34.979645, 0.000851508, 0.0008760196
  -34.979645, 0.00089838, 0.0008760196
  -34.979645, 0.00111321, 0.0008760196
  -34.979645, 0.000964782, 0.0008760196
  -34.97319, 0.0009765, 0.00087656969
  -34.97319, 0.000792918, 0.00087656969
  -34.97319, 0.00087885, 0.00087656969
  -34.97319, 0.000792918, 0.00087656969
  -34.97319, 0.00101556, 0.00087656969
  -34.97319, 0.000855414, 0.00087656969
  -34.97319, 0.000789012, 0.00087656969
  -34.97319, 0.000648396, 0.00087656969
  -34.966735, 0.000828072, 0.00087711998
  -34.966735, 0.000796824, 0.00087711998
  -34.966735, 0.000769482, 0.00087711998
  -34.966735, 0.000949158, 0.00087711998
  -34.966735, 0.000816354, 0.00087711998
  -34.966735, 0.001019466, 0.00087711998
  -34.966735, 0.000886662, 0.00087711998
  -34.966735, 0.000988218, 0.00087711998
  -34.966735, 0.00091791, 0.00087711998
  -34.966735, 0.000980406, 0.00087711998
  -34.96028, 0.000988218, 0.00087767046
  -34.96028, 0.000960876, 0.00087767046
  -34.96028, 0.001101492, 0.00087767046
  -34.96028, 0.000785106, 0.00087767046
  -34.96028, 0.000949158, 0.00087767046
  -34.96028, 0.000835884, 0.00087767046
  -34.96028, 0.000785106, 0.00087767046
  -34.96028, 0.000867132, 0.00087767046
  -34.96028, 0.00074214, 0.00087767046
  -34.96028, 0.000699174, 0.00087767046
  -34.96028, 0.000769482, 0.00087767046
  -34.953825, 0.000941346, 0.00087822113
  -34.953825, 0.000910098, 0.00087822113
  -34.953825, 0.00105462, 0.00087822113
  -34.953825, 0.000621054, 0.00087822113
  -34.953825, 0.001081962, 0.00087822113
  -34.953825, 0.0007812, 0.00087822113
  -34.94737, 0.000960876, 0.00087877199
  -34.94737, 0.000874944, 0.00087877199
  -34.94737, 0.0007812, 0.00087877199
  -34.94737, 0.000964782, 0.00087877199
  -34.94737, 0.00089838, 0.00087877199
  -34.94737, 0.000929628, 0.00087877199
  -34.940915, 0.00070308, 0.00087932304
  -34.93446, 0.000757764, 0.00087987429
  -34.93446, 0.000796824, 0.00087987429
  -34.928005, 0.00095697, 0.00088042572
  -34.928005, 0.000933534, 0.00088042572
  -34.928005, 0.000796824, 0.00088042572
  -34.92155, 0.000789012, 0.00088097735
  -34.92155, 0.000632772, 0.00088097735
  -34.92155, 0.000960876, 0.00088097735
  -34.92155, 0.000890568, 0.00088097735
  -34.92155, 0.000792918, 0.00088097735
  -34.92155, 0.000816354, 0.00088097735
  -34.915095, 0.000843696, 0.00088152917
  -34.915095, 0.000984312, 0.00088152917
  -34.915095, 0.000890568, 0.00088152917
  -34.915095, 0.00099603, 0.00088152917
  -34.915095, 0.000675738, 0.00088152917
  -34.90864, 0.001003842, 0.00088208118
  -34.90864, 0.000925722, 0.00088208118
  -34.90864, 0.000843696, 0.00088208118
  -34.90864, 0.000773388, 0.00088208118
  -34.902185, 0.000902286, 0.00088263338
  -34.902185, 0.000769482, 0.00088263338
  -34.902185, 0.001070244, 0.00088263338
  -34.902185, 0.000792918, 0.00088263338
  -34.902185, 0.000617148, 0.00088263338
  -34.902185, 0.001101492, 0.00088263338
  -34.889275, 0.000851508, 0.00088373836
  -34.889275, 0.000992124, 0.00088373836
  -34.889275, 0.000871038, 0.00088373836
  -34.889275, 0.00101556, 0.00088373836
  -34.88282, 0.000871038, 0.00088429113
  -34.88282, 0.00099603, 0.00088429113
  -34.88282, 0.000863226, 0.00088429113
  -34.88282, 0.000882756, 0.00088429113
  -34.876365, 0.000871038, 0.0008848441
  -34.876365, 0.000894474, 0.0008848441
  -34.876365, 0.00068355, 0.0008848441
  -34.86991, 0.000812448, 0.00088539726
  -34.86991, 0.000570276, 0.00088539726
  -34.86991, 0.000890568, 0.00088539726
  -34.863455, 0.001179612, 0.00088595061
  -34.863455, 0.000652302, 0.00088595061
  -34.863455, 0.000632772, 0.00088595061
  -34.857, 0.000789012, 0.00088650416
  -34.837635, 0.001066338, 0.00088816594
  -34.824725, 0.00101556, 0.00088927476
  -34.824725, 0.000847602, 0.00088927476
  -34.81827, 0.000667926, 0.00088982945
  -34.81827, 0.000984312, 0.00088982945
  -34.811815, 0.000835884, 0.00089038434
  -34.811815, 0.000749952, 0.00089038434
  -34.811815, 0.000972594, 0.00089038434
  -34.811815, 0.000691362, 0.00089038434
  -34.80536, 0.00083979, 0.00089093942
  -34.80536, 0.000906192, 0.00089093942
  -34.80536, 0.000949158, 0.00089093942
  -34.80536, 0.000964782, 0.00089093942
  -34.80536, 0.000835884, 0.00089093942
  -34.80536, 0.000816354, 0.00089093942
  -34.80536, 0.000968688, 0.00089093942
  -34.798905, 0.000867132, 0.0008914947
  -34.798905, 0.000933534, 0.0008914947
  -34.798905, 0.00072261, 0.0008914947
  -34.798905, 0.000863226, 0.0008914947
  -34.798905, 0.000867132, 0.0008914947
  -34.798905, 0.001042902, 0.0008914947
  -34.79245, 0.000773388, 0.00089205016
  -34.79245, 0.001156176, 0.00089205016
  -34.79245, 0.00070308, 0.00089205016
  -34.79245, 0.001042902, 0.00089205016
  -34.79245, 0.001038996, 0.00089205016
  -34.79245, 0.000648396, 0.00089205016
  -34.785995, 0.000988218, 0.00089260582
  -34.785995, 0.000792918, 0.00089260582
  -34.77954, 0.00095697, 0.00089316167
  -34.77954, 0.000749952, 0.00089316167
  -34.77954, 0.000847602, 0.00089316167
  -34.77954, 0.000921816, 0.00089316167
  -34.77954, 0.001089774, 0.00089316167
  -34.773085, 0.000757764, 0.00089371771
  -34.773085, 0.000835884, 0.00089371771
  -34.773085, 0.000921816, 0.00089371771
  -34.773085, 0.001148364, 0.00089371771
  -34.773085, 0.000843696, 0.00089371771
  -34.773085, 0.000816354, 0.00089371771
  -34.773085, 0.000871038, 0.00089371771
  -34.773085, 0.000999936, 0.00089371771
  -34.773085, 0.0009765, 0.00089371771
  -34.773085, 0.000714798, 0.00089371771
  -34.773085, 0.000953064, 0.00089371771
  -34.76663, 0.00076167, 0.00089427395
  -34.760175, 0.000968688, 0.00089483038
  -34.760175, 0.000902286, 0.00089483038
  -34.760175, 0.000706986, 0.00089483038
  -34.760175, 0.000906192, 0.00089483038
  -34.75372, 0.00089838, 0.000895387
  -34.75372, 0.000734328, 0.000895387
  -34.75372, 0.00083979, 0.000895387
  -34.747265, 0.001050714, 0.00089594381
  -34.747265, 0.000757764, 0.00089594381
  -34.74081, 0.000988218, 0.00089650081
  -34.74081, 0.000656208, 0.00089650081
  -34.74081, 0.000730422, 0.00089650081
  -34.74081, 0.000769482, 0.00089650081
  -34.734355, 0.000542934, 0.00089705801
  -34.734355, 0.000738234, 0.00089705801
  -34.734355, 0.00087885, 0.00089705801
  -34.734355, 0.000695268, 0.00089705801
  -34.734355, 0.001007748, 0.00089705801
  -34.7279, 0.001121022, 0.0008976154
  -34.7279, 0.000882756, 0.0008976154
  -34.7279, 0.000871038, 0.0008976154
  -34.7279, 0.00095697, 0.0008976154
  -34.7279, 0.000890568, 0.0008976154
  -34.7279, 0.000796824, 0.0008976154
  -34.7279, 0.00083979, 0.0008976154
  -34.721445, 0.000746046, 0.00089817299
  -34.721445, 0.000808542, 0.00089817299
  -34.721445, 0.000914004, 0.00089817299
  -34.721445, 0.000777294, 0.00089817299
  -34.721445, 0.001027278, 0.00089817299
  -34.721445, 0.001066338, 0.00089817299
  -34.71499, 0.0005859, 0.00089873076
  -34.71499, 0.000710892, 0.00089873076
  -34.71499, 0.001089774, 0.00089873076
  -34.71499, 0.000929628, 0.00089873076
  -34.71499, 0.000929628, 0.00089873076
  -34.71499, 0.00121086, 0.00089873076
  -34.71499, 0.001101492, 0.00089873076
  -34.71499, 0.000808542, 0.00089873076
  -34.71499, 0.001070244, 0.00089873076
  -34.708535, 0.00089838, 0.00089928873
  -34.708535, 0.001023372, 0.00089928873
  -34.708535, 0.000706986, 0.00089928873
  -34.708535, 0.000953064, 0.00089928873
  -34.708535, 0.000738234, 0.00089928873
  -34.70208, 0.000984312, 0.00089984689
  -34.70208, 0.000906192, 0.00089984689
  -34.70208, 0.000710892, 0.00089984689
  -34.70208, 0.00095697, 0.00089984689
  -34.70208, 0.00074214, 0.00089984689
  -34.70208, 0.000886662, 0.00089984689
  -34.70208, 0.0007812, 0.00089984689
  -34.70208, 0.001101492, 0.00089984689
  -34.695625, 0.001089774, 0.00090040525
  -34.695625, 0.000831978, 0.00090040525
  -34.695625, 0.000789012, 0.00090040525
  -34.695625, 0.000769482, 0.00090040525
  -34.68917, 0.000851508, 0.0009009638
  -34.68917, 0.000960876, 0.0009009638
  -34.68917, 0.000953064, 0.0009009638
  -34.68917, 0.001117116, 0.0009009638
  -34.682715, 0.001292886, 0.00090152254
  -34.682715, 0.000777294, 0.00090152254
  -34.682715, 0.0007812, 0.00090152254
  -34.682715, 0.000785106, 0.00090152254
  -34.682715, 0.000847602, 0.00090152254
  -34.682715, 0.000867132, 0.00090152254
  -34.682715, 0.00072261, 0.00090152254
  -34.67626, 0.00089838, 0.00090208147
  -34.67626, 0.000999936, 0.00090208147
  -34.67626, 0.001019466, 0.00090208147
  -34.67626, 0.000925722, 0.00090208147
  -34.67626, 0.000792918, 0.00090208147
  -34.67626, 0.001265544, 0.00090208147
  -34.67626, 0.000843696, 0.00090208147
  -34.67626, 0.000984312, 0.00090208147
  -34.67626, 0.000753858, 0.00090208147
  -34.67626, 0.00109368, 0.00090208147
  -34.67626, 0.0009765, 0.00090208147
  -34.67626, 0.001121022, 0.00090208147
  -34.67626, 0.00095697, 0.00090208147
  -34.67626, 0.001007748, 0.00090208147
  -34.669805, 0.000960876, 0.0009026406
  -34.669805, 0.000988218, 0.0009026406
  -34.669805, 0.001038996, 0.0009026406
  -34.669805, 0.00082026, 0.0009026406
  -34.669805, 0.000968688, 0.0009026406
  -34.669805, 0.00101556, 0.0009026406
  -34.669805, 0.000699174, 0.0009026406
  -34.669805, 0.000718704, 0.0009026406
  -34.669805, 0.001011654, 0.0009026406
  -34.669805, 0.00099603, 0.0009026406
  -34.669805, 0.001167894, 0.0009026406
  -34.669805, 0.001023372, 0.0009026406
  -34.669805, 0.00091791, 0.0009026406
  -34.66335, 0.00105462, 0.00090319992
  -34.66335, 0.001023372, 0.00090319992
  -34.66335, 0.000914004, 0.00090319992
  -34.66335, 0.000835884, 0.00090319992
  -34.66335, 0.000695268, 0.00090319992
  -34.66335, 0.000601524, 0.00090319992
  -34.66335, 0.000601524, 0.00090319992
  -34.66335, 0.00083979, 0.00090319992
  -34.66335, 0.000851508, 0.00090319992
  -34.66335, 0.001140552, 0.00090319992
  -34.66335, 0.001011654, 0.00090319992
  -34.66335, 0.00083979, 0.00090319992
  -34.66335, 0.000874944, 0.00090319992
  -34.656895, 0.000874944, 0.00090375943
  -34.656895, 0.000730422, 0.00090375943
  -34.656895, 0.001046808, 0.00090375943
  -34.656895, 0.000749952, 0.00090375943
  -34.656895, 0.001257732, 0.00090375943
  -34.656895, 0.001105398, 0.00090375943
  -34.656895, 0.000796824, 0.00090375943
  -34.656895, 0.00111321, 0.00090375943
  -34.656895, 0.000843696, 0.00090375943
  -34.656895, 0.00082026, 0.00090375943
  -34.656895, 0.00109368, 0.00090375943
  -34.656895, 0.000835884, 0.00090375943
  -34.656895, 0.001062432, 0.00090375943
  -34.656895, 0.001019466, 0.00090375943
  -34.656895, 0.000929628, 0.00090375943
  -34.656895, 0.001031184, 0.00090375943
  -34.656895, 0.000949158, 0.00090375943
  -34.656895, 0.00082026, 0.00090375943
  -34.656895, 0.001062432, 0.00090375943
  -34.656895, 0.000863226, 0.00090375943
  -34.656895, 0.000808542, 0.00090375943
  -34.65044, 0.000949158, 0.00090431914
  -34.65044, 0.001038996, 0.00090431914
  -34.65044, 0.000871038, 0.00090431914
  -34.65044, 0.001066338, 0.00090431914
  -34.65044, 0.000831978, 0.00090431914
  -34.65044, 0.001187424, 0.00090431914
  -34.65044, 0.00066402, 0.00090431914
  -34.65044, 0.001109304, 0.00090431914
  -34.65044, 0.000792918, 0.00090431914
  -34.65044, 0.00093744, 0.00090431914
  -34.65044, 0.000824166, 0.00090431914
  -34.65044, 0.001011654, 0.00090431914
  -34.65044, 0.000945252, 0.00090431914
  -34.65044, 0.001175706, 0.00090431914
  -34.65044, 0.000757764, 0.00090431914
  -34.65044, 0.001316322, 0.00090431914
  -34.65044, 0.000874944, 0.00090431914
  -34.65044, 0.001038996, 0.00090431914
  -34.65044, 0.000812448, 0.00090431914
  -34.65044, 0.000945252, 0.00090431914
  -34.65044, 0.00091791, 0.00090431914
  -34.65044, 0.000855414, 0.00090431914
  -34.65044, 0.000718704, 0.00090431914
  -34.65044, 0.00068355, 0.00090431914
  -34.643985, 0.001046808, 0.00090487904
  -34.643985, 0.000914004, 0.00090487904
  -34.643985, 0.000796824, 0.00090487904
  -34.643985, 0.000734328, 0.00090487904
  -34.643985, 0.000835884, 0.00090487904
  -34.643985, 0.00076167, 0.00090487904
  -34.643985, 0.00101556, 0.00090487904
  -34.643985, 0.000984312, 0.00090487904
  -34.643985, 0.00121086, 0.00090487904
  -34.643985, 0.000843696, 0.00090487904
  -34.643985, 0.000792918, 0.00090487904
  -34.643985, 0.001097586, 0.00090487904
  -34.643985, 0.0009765, 0.00090487904
  -34.643985, 0.000792918, 0.00090487904
  -34.643985, 0.001011654, 0.00090487904
  -34.643985, 0.000632772, 0.00090487904
  -34.643985, 0.000945252, 0.00090487904
  -34.643985, 0.001144458, 0.00090487904
  -34.643985, 0.000953064, 0.00090487904
  -34.643985, 0.001144458, 0.00090487904
  -34.643985, 0.000609336, 0.00090487904
  -34.643985, 0.00109368, 0.00090487904
  -34.643985, 0.001238202, 0.00090487904
  -34.643985, 0.000769482, 0.00090487904
  -34.643985, 0.000648396, 0.00090487904
  -34.63753, 0.001011654, 0.00090543913
  -34.63753, 0.001081962, 0.00090543913
  -34.63753, 0.0009765, 0.00090543913
  -34.63753, 0.000910098, 0.00090543913
  -34.63753, 0.00080073, 0.00090543913
  -34.63753, 0.000863226, 0.00090543913
  -34.63753, 0.001019466, 0.00090543913
  -34.63753, 0.000960876, 0.00090543913
  -34.63753, 0.00101556, 0.00090543913
  -34.63753, 0.000941346, 0.00090543913
  -34.63753, 0.000960876, 0.00090543913
  -34.63753, 0.00087885, 0.00090543913
  -34.63753, 0.001085868, 0.00090543913
  -34.63753, 0.000910098, 0.00090543913
  -34.63753, 0.001038996, 0.00090543913
  -34.63753, 0.000960876, 0.00090543913
  -34.63753, 0.000812448, 0.00090543913
  -34.63753, 0.00082026, 0.00090543913
  -34.63753, 0.000902286, 0.00090543913
  -34.63753, 0.00091791, 0.00090543913
  -34.63753, 0.000746046, 0.00090543913
  -34.63753, 0.00101556, 0.00090543913
  -34.631075, 0.000730422, 0.00090599942
  -34.631075, 0.001007748, 0.00090599942
  -34.631075, 0.000886662, 0.00090599942
  -34.631075, 0.0009765, 0.00090599942
  -34.631075, 0.001007748, 0.00090599942
  -34.631075, 0.001007748, 0.00090599942
  -34.631075, 0.000929628, 0.00090599942
  -34.631075, 0.000929628, 0.00090599942
  -34.631075, 0.000988218, 0.00090599942
  -34.631075, 0.000921816, 0.00090599942
  -34.631075, 0.001085868, 0.00090599942
  -34.631075, 0.000921816, 0.00090599942
  -34.631075, 0.000964782, 0.00090599942
  -34.631075, 0.000863226, 0.00090599942
  -34.631075, 0.001031184, 0.00090599942
  -34.631075, 0.001140552, 0.00090599942
  -34.631075, 0.000894474, 0.00090599942
  -34.631075, 0.001003842, 0.00090599942
  -34.631075, 0.000874944, 0.00090599942
  -34.631075, 0.000972594, 0.00090599942
  -34.631075, 0.000746046, 0.00090599942
  -34.631075, 0.001031184, 0.00090599942
  -34.631075, 0.000925722, 0.00090599942
  -34.631075, 0.000921816, 0.00090599942
  -34.631075, 0.000855414, 0.00090599942
  -34.631075, 0.0007812, 0.00090599942
  -34.631075, 0.000710892, 0.00090599942
  -34.62462, 0.001160082, 0.0009065599
  -34.62462, 0.000910098, 0.0009065599
  -34.62462, 0.000960876, 0.0009065599
  -34.62462, 0.00076167, 0.0009065599
  -34.62462, 0.000699174, 0.0009065599
  -34.62462, 0.00091791, 0.0009065599
  -34.62462, 0.00093744, 0.0009065599
  -34.62462, 0.000929628, 0.0009065599
  -34.62462, 0.000773388, 0.0009065599
  -34.62462, 0.001058526, 0.0009065599
  -34.62462, 0.001027278, 0.0009065599
  -34.62462, 0.000902286, 0.0009065599
  -34.62462, 0.001070244, 0.0009065599
  -34.62462, 0.00089838, 0.0009065599
  -34.62462, 0.000777294, 0.0009065599
  -34.62462, 0.000988218, 0.0009065599
  -34.62462, 0.000796824, 0.0009065599
  -34.62462, 0.000925722, 0.0009065599
  -34.62462, 0.000828072, 0.0009065599
  -34.62462, 0.001023372, 0.0009065599
  -34.62462, 0.000999936, 0.0009065599
  -34.62462, 0.00105462, 0.0009065599
  -34.62462, 0.000906192, 0.0009065599
  -34.62462, 0.000699174, 0.0009065599
  -34.62462, 0.000968688, 0.0009065599
  -34.62462, 0.000679644, 0.0009065599
  -34.62462, 0.000863226, 0.0009065599
  -34.62462, 0.001019466, 0.0009065599
  -34.62462, 0.001078056, 0.0009065599
  -34.62462, 0.001038996, 0.0009065599
  -34.62462, 0.00099603, 0.0009065599
  -34.62462, 0.001081962, 0.0009065599
  -34.62462, 0.001042902, 0.0009065599
  -34.62462, 0.000929628, 0.0009065599
  -34.62462, 0.000968688, 0.0009065599
  -34.618165, 0.000757764, 0.00090712057
  -34.618165, 0.00068355, 0.00090712057
  -34.618165, 0.000999936, 0.00090712057
  -34.618165, 0.000960876, 0.00090712057
  -34.618165, 0.00085932, 0.00090712057
  -34.618165, 0.000886662, 0.00090712057
  -34.618165, 0.00089838, 0.00090712057
  -34.618165, 0.000457002, 0.00090712057
  -34.618165, 0.000945252, 0.00090712057
  -34.618165, 0.001011654, 0.00090712057
  -34.618165, 0.001050714, 0.00090712057
  -34.618165, 0.001031184, 0.00090712057
  -34.618165, 0.000855414, 0.00090712057
  -34.618165, 0.000777294, 0.00090712057
  -34.618165, 0.000816354, 0.00090712057
  -34.618165, 0.001081962, 0.00090712057
  -34.618165, 0.000914004, 0.00090712057
  -34.618165, 0.001136646, 0.00090712057
  -34.618165, 0.001062432, 0.00090712057
  -34.618165, 0.001050714, 0.00090712057
  -34.618165, 0.00105462, 0.00090712057
  -34.618165, 0.000933534, 0.00090712057
  -34.618165, 0.001058526, 0.00090712057
  -34.618165, 0.00109368, 0.00090712057
  -34.618165, 0.000988218, 0.00090712057
  -34.618165, 0.001085868, 0.00090712057
  -34.618165, 0.000769482, 0.00090712057
  -34.618165, 0.001019466, 0.00090712057
  -34.618165, 0.000941346, 0.00090712057
  -34.618165, 0.00087885, 0.00090712057
  -34.618165, 0.001070244, 0.00090712057
  -34.618165, 0.000894474, 0.00090712057
  -34.618165, 0.000804636, 0.00090712057
  -34.618165, 0.000929628, 0.00090712057
  -34.618165, 0.00095697, 0.00090712057
  -34.618165, 0.000914004, 0.00090712057
  -34.618165, 0.000855414, 0.00090712057
  -34.61171, 0.000789012, 0.00090768144
  -34.61171, 0.0009765, 0.00090768144
  -34.61171, 0.001031184, 0.00090768144
  -34.61171, 0.000960876, 0.00090768144
  -34.61171, 0.00082026, 0.00090768144
  -34.61171, 0.000851508, 0.00090768144
  -34.61171, 0.001066338, 0.00090768144
  -34.61171, 0.001246014, 0.00090768144
  -34.61171, 0.000831978, 0.00090768144
  -34.61171, 0.000851508, 0.00090768144
  -34.61171, 0.000921816, 0.00090768144
  -34.61171, 0.00113274, 0.00090768144
  -34.61171, 0.001023372, 0.00090768144
  -34.61171, 0.001007748, 0.00090768144
  -34.61171, 0.000886662, 0.00090768144
  -34.61171, 0.00099603, 0.00090768144
  -34.61171, 0.000718704, 0.00090768144
  -34.61171, 0.000871038, 0.00090768144
  -34.61171, 0.000734328, 0.00090768144
  -34.61171, 0.000949158, 0.00090768144
  -34.61171, 0.001007748, 0.00090768144
  -34.61171, 0.000769482, 0.00090768144
  -34.61171, 0.001101492, 0.00090768144
  -34.61171, 0.000968688, 0.00090768144
  -34.61171, 0.000968688, 0.00090768144
  -34.61171, 0.001163988, 0.00090768144
  -34.61171, 0.000925722, 0.00090768144
  -34.61171, 0.000777294, 0.00090768144
  -34.61171, 0.000921816, 0.00090768144
  -34.61171, 0.00085932, 0.00090768144
  -34.61171, 0.00095697, 0.00090768144
  -34.61171, 0.001046808, 0.00090768144
  -34.61171, 0.00103509, 0.00090768144
  -34.61171, 0.00089838, 0.00090768144
  -34.61171, 0.000910098, 0.00090768144
  -34.61171, 0.000843696, 0.00090768144
  -34.61171, 0.000718704, 0.00090768144
  -34.61171, 0.000960876, 0.00090768144
  -34.61171, 0.000671832, 0.00090768144
  -34.61171, 0.000855414, 0.00090768144
  -34.61171, 0.000925722, 0.00090768144
  -34.61171, 0.000824166, 0.00090768144
  -34.61171, 0.000968688, 0.00090768144
  -34.61171, 0.000890568, 0.00090768144
  -34.61171, 0.000851508, 0.00090768144
  -34.605255, 0.0009765, 0.0009082425
  -34.605255, 0.00101556, 0.0009082425
  -34.605255, 0.000949158, 0.0009082425
  -34.605255, 0.000816354, 0.0009082425
  -34.605255, 0.00093744, 0.0009082425
  -34.605255, 0.000843696, 0.0009082425
  -34.605255, 0.000816354, 0.0009082425
  -34.605255, 0.000843696, 0.0009082425
  -34.605255, 0.001175706, 0.0009082425
  -34.605255, 0.0007812, 0.0009082425
  -34.605255, 0.001050714, 0.0009082425
  -34.605255, 0.001066338, 0.0009082425
  -34.605255, 0.001058526, 0.0009082425
  -34.605255, 0.001081962, 0.0009082425
  -34.605255, 0.00091791, 0.0009082425
  -34.605255, 0.000980406, 0.0009082425
  -34.605255, 0.001124928, 0.0009082425
  -34.605255, 0.001199142, 0.0009082425
  -34.605255, 0.000706986, 0.0009082425
  -34.605255, 0.000988218, 0.0009082425
  -34.605255, 0.001246014, 0.0009082425
  -34.605255, 0.000906192, 0.0009082425
  -34.605255, 0.001163988, 0.0009082425
  -34.605255, 0.000949158, 0.0009082425
  -34.605255, 0.001101492, 0.0009082425
  -34.605255, 0.00085932, 0.0009082425
  -34.605255, 0.000933534, 0.0009082425
  -34.605255, 0.00064449, 0.0009082425
  -34.605255, 0.000835884, 0.0009082425
  -34.605255, 0.000941346, 0.0009082425
  -34.605255, 0.000886662, 0.0009082425
  -34.605255, 0.001023372, 0.0009082425
  -34.605255, 0.00093744, 0.0009082425
  -34.605255, 0.000855414, 0.0009082425
  -34.605255, 0.001117116, 0.0009082425
  -34.605255, 0.001156176, 0.0009082425
  -34.605255, 0.000921816, 0.0009082425
  -34.605255, 0.000953064, 0.0009082425
  -34.605255, 0.00070308, 0.0009082425
  -34.605255, 0.000792918, 0.0009082425
  -34.605255, 0.000929628, 0.0009082425
  -34.605255, 0.001011654, 0.0009082425
  -34.605255, 0.001121022, 0.0009082425
  -34.605255, 0.000851508, 0.0009082425
  -34.605255, 0.000890568, 0.0009082425
  -34.605255, 0.001070244, 0.0009082425
  -34.605255, 0.000890568, 0.0009082425
  -34.605255, 0.000890568, 0.0009082425
  -34.605255, 0.001101492, 0.0009082425
  -34.605255, 0.000765576, 0.0009082425
  -34.605255, 0.001156176, 0.0009082425
  -34.605255, 0.001046808, 0.0009082425
  -34.605255, 0.00089838, 0.0009082425
  -34.605255, 0.000816354, 0.0009082425
  -34.605255, 0.001085868, 0.0009082425
  -34.605255, 0.000980406, 0.0009082425
  -34.605255, 0.000871038, 0.0009082425
  -34.605255, 0.000964782, 0.0009082425
  -34.605255, 0.000921816, 0.0009082425
  -34.605255, 0.000847602, 0.0009082425
  -34.605255, 0.00074214, 0.0009082425
  -34.605255, 0.00093744, 0.0009082425
  -34.605255, 0.0011718, 0.0009082425
  -34.605255, 0.000941346, 0.0009082425
  -34.605255, 0.000914004, 0.0009082425
  -34.5988, 0.000796824, 0.00090880375
  -34.5988, 0.00101556, 0.00090880375
  -34.5988, 0.000882756, 0.00090880375
  -34.5988, 0.000945252, 0.00090880375
  -34.5988, 0.000812448, 0.00090880375
  -34.5988, 0.001046808, 0.00090880375
  -34.5988, 0.000855414, 0.00090880375
  -34.5988, 0.000902286, 0.00090880375
  -34.5988, 0.000953064, 0.00090880375
  -34.5988, 0.000964782, 0.00090880375
  -34.5988, 0.001042902, 0.00090880375
  -34.5988, 0.00091791, 0.00090880375
  -34.5988, 0.001007748, 0.00090880375
  -34.5988, 0.001140552, 0.00090880375
  -34.5988, 0.000902286, 0.00090880375
  -34.5988, 0.001140552, 0.00090880375
  -34.5988, 0.000691362, 0.00090880375
  -34.5988, 0.00091791, 0.00090880375
  -34.5988, 0.000988218, 0.00090880375
  -34.5988, 0.001038996, 0.00090880375
  -34.5988, 0.000773388, 0.00090880375
  -34.5988, 0.000804636, 0.00090880375
  -34.5988, 0.001007748, 0.00090880375
  -34.5988, 0.0009765, 0.00090880375
  -34.5988, 0.0009765, 0.00090880375
  -34.5988, 0.000628866, 0.00090880375
  -34.5988, 0.000660114, 0.00090880375
  -34.5988, 0.001081962, 0.00090880375
  -34.5988, 0.000929628, 0.00090880375
  -34.5988, 0.000855414, 0.00090880375
  -34.5988, 0.000710892, 0.00090880375
  -34.5988, 0.000773388, 0.00090880375
  -34.5988, 0.001101492, 0.00090880375
  -34.5988, 0.00080073, 0.00090880375
  -34.5988, 0.000914004, 0.00090880375
  -34.5988, 0.000777294, 0.00090880375
  -34.5988, 0.000921816, 0.00090880375
  -34.5988, 0.001027278, 0.00090880375
  -34.5988, 0.001066338, 0.00090880375
  -34.5988, 0.000914004, 0.00090880375
  -34.5988, 0.000964782, 0.00090880375
  -34.5988, 0.001070244, 0.00090880375
  -34.5988, 0.000706986, 0.00090880375
  -34.5988, 0.001023372, 0.00090880375
  -34.5988, 0.001117116, 0.00090880375
  -34.5988, 0.00087885, 0.00090880375
  -34.5988, 0.000671832, 0.00090880375
  -34.5988, 0.000906192, 0.00090880375
  -34.5988, 0.000710892, 0.00090880375
  -34.5988, 0.000874944, 0.00090880375
  -34.5988, 0.001070244, 0.00090880375
  -34.5988, 0.000789012, 0.00090880375
  -34.5988, 0.000933534, 0.00090880375
  -34.592345, 0.000906192, 0.0009093652
  -34.592345, 0.000933534, 0.0009093652
  -34.592345, 0.001179612, 0.0009093652
  -34.592345, 0.000863226, 0.0009093652
  -34.592345, 0.000992124, 0.0009093652
  -34.592345, 0.001023372, 0.0009093652
  -34.592345, 0.000632772, 0.0009093652
  -34.592345, 0.000777294, 0.0009093652
  -34.592345, 0.000949158, 0.0009093652
  -34.592345, 0.001121022, 0.0009093652
  -34.592345, 0.000984312, 0.0009093652
  -34.592345, 0.001066338, 0.0009093652
  -34.592345, 0.00101556, 0.0009093652
  -34.592345, 0.001117116, 0.0009093652
  -34.592345, 0.00083979, 0.0009093652
  -34.592345, 0.001121022, 0.0009093652
  -34.592345, 0.000949158, 0.0009093652
  -34.592345, 0.000890568, 0.0009093652
  -34.592345, 0.000847602, 0.0009093652
  -34.592345, 0.000734328, 0.0009093652
  -34.592345, 0.001019466, 0.0009093652
  -34.592345, 0.000789012, 0.0009093652
  -34.592345, 0.00107415, 0.0009093652
  -34.592345, 0.00089838, 0.0009093652
  -34.592345, 0.000972594, 0.0009093652
  -34.592345, 0.000929628, 0.0009093652
  -34.592345, 0.000804636, 0.0009093652
  -34.592345, 0.000953064, 0.0009093652
  -34.592345, 0.000964782, 0.0009093652
  -34.592345, 0.000894474, 0.0009093652
  -34.592345, 0.000843696, 0.0009093652
  -34.592345, 0.000824166, 0.0009093652
  -34.592345, 0.000796824, 0.0009093652
  -34.592345, 0.001238202, 0.0009093652
  -34.592345, 0.00103509, 0.0009093652
  -34.592345, 0.000867132, 0.0009093652
  -34.592345, 0.001038996, 0.0009093652
  -34.592345, 0.001003842, 0.0009093652
  -34.592345, 0.000910098, 0.0009093652
  -34.592345, 0.001148364, 0.0009093652
  -34.592345, 0.000746046, 0.0009093652
  -34.592345, 0.001050714, 0.0009093652
  -34.592345, 0.001089774, 0.0009093652
  -34.592345, 0.000808542, 0.0009093652
  -34.592345, 0.001046808, 0.0009093652
  -34.592345, 0.000980406, 0.0009093652
  -34.592345, 0.001226484, 0.0009093652
  -34.592345, 0.000925722, 0.0009093652
  -34.592345, 0.000980406, 0.0009093652
  -34.592345, 0.000953064, 0.0009093652
  -34.592345, 0.000949158, 0.0009093652
  -34.592345, 0.00089838, 0.0009093652
  -34.592345, 0.000906192, 0.0009093652
  -34.592345, 0.001023372, 0.0009093652
  -34.592345, 0.000835884, 0.0009093652
  -34.592345, 0.00089838, 0.0009093652
  -34.592345, 0.00091791, 0.0009093652
  -34.592345, 0.000851508, 0.0009093652
  -34.592345, 0.000847602, 0.0009093652
  -34.592345, 0.000816354, 0.0009093652
  -34.592345, 0.000972594, 0.0009093652
  -34.592345, 0.000593712, 0.0009093652
  -34.58589, 0.000949158, 0.00090992684
  -34.58589, 0.00099603, 0.00090992684
  -34.58589, 0.000867132, 0.00090992684
  -34.58589, 0.00095697, 0.00090992684
  -34.58589, 0.000960876, 0.00090992684
  -34.58589, 0.000812448, 0.00090992684
  -34.58589, 0.000851508, 0.00090992684
  -34.58589, 0.000910098, 0.00090992684
  -34.58589, 0.001148364, 0.00090992684
  -34.58589, 0.001050714, 0.00090992684
  -34.58589, 0.001007748, 0.00090992684
  -34.58589, 0.00083979, 0.00090992684
  -34.58589, 0.000757764, 0.00090992684
  -34.58589, 0.00083979, 0.00090992684
  -34.58589, 0.000531216, 0.00090992684
  -34.58589, 0.001101492, 0.00090992684
  -34.58589, 0.000894474, 0.00090992684
  -34.58589, 0.0009765, 0.00090992684
  -34.58589, 0.000757764, 0.00090992684
  -34.58589, 0.000792918, 0.00090992684
  -34.58589, 0.00083979, 0.00090992684
  -34.58589, 0.000871038, 0.00090992684
  -34.58589, 0.001085868, 0.00090992684
  -34.58589, 0.001031184, 0.00090992684
  -34.58589, 0.001031184, 0.00090992684
  -34.58589, 0.00083979, 0.00090992684
  -34.58589, 0.001124928, 0.00090992684
  -34.58589, 0.001038996, 0.00090992684
  -34.58589, 0.000999936, 0.00090992684
  -34.58589, 0.000773388, 0.00090992684
  -34.58589, 0.000968688, 0.00090992684
  -34.58589, 0.00111321, 0.00090992684
  -34.58589, 0.000941346, 0.00090992684
  -34.58589, 0.00082026, 0.00090992684
  -34.58589, 0.000992124, 0.00090992684
  -34.58589, 0.001007748, 0.00090992684
  -34.58589, 0.001128834, 0.00090992684
  -34.58589, 0.000863226, 0.00090992684
  -34.58589, 0.00111321, 0.00090992684
  -34.58589, 0.00070308, 0.00090992684
  -34.58589, 0.000777294, 0.00090992684
  -34.58589, 0.000785106, 0.00090992684
  -34.58589, 0.000929628, 0.00090992684
  -34.58589, 0.000972594, 0.00090992684
  -34.58589, 0.000910098, 0.00090992684
  -34.58589, 0.000738234, 0.00090992684
  -34.58589, 0.000902286, 0.00090992684
  -34.58589, 0.000769482, 0.00090992684
  -34.58589, 0.000824166, 0.00090992684
  -34.58589, 0.000929628, 0.00090992684
  -34.58589, 0.000726516, 0.00090992684
  -34.58589, 0.000757764, 0.00090992684
  -34.58589, 0.000851508, 0.00090992684
  -34.58589, 0.001050714, 0.00090992684
  -34.58589, 0.00076167, 0.00090992684
  -34.58589, 0.000710892, 0.00090992684
  -34.58589, 0.000828072, 0.00090992684
  -34.58589, 0.000714798, 0.00090992684
  -34.58589, 0.000925722, 0.00090992684
  -34.58589, 0.00099603, 0.00090992684
  -34.58589, 0.001105398, 0.00090992684
  -34.58589, 0.001078056, 0.00090992684
  -34.58589, 0.000972594, 0.00090992684
  -34.58589, 0.000972594, 0.00090992684
  -34.58589, 0.000652302, 0.00090992684
  -34.58589, 0.00083979, 0.00090992684
  -34.58589, 0.00099603, 0.00090992684
  -34.58589, 0.00072261, 0.00090992684
  -34.58589, 0.00107415, 0.00090992684
  -34.579435, 0.000945252, 0.00091048868
  -34.579435, 0.00107415, 0.00091048868
  -34.579435, 0.000831978, 0.00091048868
  -34.579435, 0.001148364, 0.00091048868
  -34.579435, 0.000968688, 0.00091048868
  -34.579435, 0.00103509, 0.00091048868
  -34.579435, 0.000968688, 0.00091048868
  -34.579435, 0.000804636, 0.00091048868
  -34.579435, 0.00076167, 0.00091048868
  -34.579435, 0.00068355, 0.00091048868
  -34.579435, 0.000753858, 0.00091048868
  -34.579435, 0.0007812, 0.00091048868
  -34.579435, 0.000851508, 0.00091048868
  -34.579435, 0.000933534, 0.00091048868
  -34.579435, 0.0007812, 0.00091048868
  -34.579435, 0.000902286, 0.00091048868
  -34.579435, 0.001089774, 0.00091048868
  -34.579435, 0.00111321, 0.00091048868
  -34.579435, 0.001195236, 0.00091048868
  -34.579435, 0.000824166, 0.00091048868
  -34.579435, 0.000960876, 0.00091048868
  -34.579435, 0.001140552, 0.00091048868
  -34.579435, 0.001175706, 0.00091048868
  -34.579435, 0.000921816, 0.00091048868
  -34.579435, 0.001031184, 0.00091048868
  -34.579435, 0.000894474, 0.00091048868
  -34.579435, 0.00074214, 0.00091048868
  -34.579435, 0.00080073, 0.00091048868
  -34.579435, 0.001038996, 0.00091048868
  -34.579435, 0.000890568, 0.00091048868
  -34.579435, 0.001128834, 0.00091048868
  -34.579435, 0.000863226, 0.00091048868
  -34.579435, 0.00095697, 0.00091048868
  -34.579435, 0.000746046, 0.00091048868
  -34.579435, 0.00099603, 0.00091048868
  -34.579435, 0.001109304, 0.00091048868
  -34.579435, 0.00115227, 0.00091048868
  -34.579435, 0.000980406, 0.00091048868
  -34.579435, 0.00113274, 0.00091048868
  -34.579435, 0.00107415, 0.00091048868
  -34.579435, 0.000988218, 0.00091048868
  -34.579435, 0.000831978, 0.00091048868
  -34.579435, 0.000851508, 0.00091048868
  -34.579435, 0.000933534, 0.00091048868
  -34.579435, 0.001097586, 0.00091048868
  -34.579435, 0.001027278, 0.00091048868
  -34.579435, 0.000792918, 0.00091048868
  -34.579435, 0.000765576, 0.00091048868
  -34.579435, 0.000789012, 0.00091048868
  -34.579435, 0.001050714, 0.00091048868
  -34.579435, 0.001023372, 0.00091048868
  -34.579435, 0.001019466, 0.00091048868
  -34.579435, 0.000640584, 0.00091048868
  -34.579435, 0.001046808, 0.00091048868
  -34.579435, 0.000968688, 0.00091048868
  -34.579435, 0.00080073, 0.00091048868
  -34.579435, 0.0009765, 0.00091048868
  -34.579435, 0.000882756, 0.00091048868
  -34.579435, 0.001136646, 0.00091048868
  -34.57298, 0.001117116, 0.0009110507
  -34.57298, 0.000855414, 0.0009110507
  -34.57298, 0.001089774, 0.0009110507
  -34.57298, 0.000804636, 0.0009110507
  -34.57298, 0.001003842, 0.0009110507
  -34.57298, 0.000945252, 0.0009110507
  -34.57298, 0.000843696, 0.0009110507
  -34.57298, 0.001042902, 0.0009110507
  -34.57298, 0.000945252, 0.0009110507
  -34.57298, 0.000925722, 0.0009110507
  -34.57298, 0.000808542, 0.0009110507
  -34.57298, 0.001011654, 0.0009110507
  -34.57298, 0.000847602, 0.0009110507
  -34.57298, 0.001027278, 0.0009110507
  -34.57298, 0.000738234, 0.0009110507
  -34.57298, 0.001023372, 0.0009110507
  -34.57298, 0.000960876, 0.0009110507
  -34.57298, 0.000874944, 0.0009110507
  -34.57298, 0.001085868, 0.0009110507
  -34.57298, 0.000960876, 0.0009110507
  -34.57298, 0.001214766, 0.0009110507
  -34.57298, 0.001101492, 0.0009110507
  -34.57298, 0.001163988, 0.0009110507
  -34.57298, 0.000929628, 0.0009110507
  -34.57298, 0.000726516, 0.0009110507
  -34.57298, 0.000980406, 0.0009110507
  -34.57298, 0.001027278, 0.0009110507
  -34.57298, 0.001105398, 0.0009110507
  -34.57298, 0.00121086, 0.0009110507
  -34.57298, 0.001078056, 0.0009110507
  -34.57298, 0.001038996, 0.0009110507
  -34.57298, 0.001003842, 0.0009110507
  -34.57298, 0.001234296, 0.0009110507
  -34.57298, 0.001027278, 0.0009110507
  -34.57298, 0.00068355, 0.0009110507
  -34.57298, 0.00093744, 0.0009110507
  -34.57298, 0.000855414, 0.0009110507
  -34.57298, 0.00121086, 0.0009110507
  -34.57298, 0.001046808, 0.0009110507
  -34.57298, 0.001050714, 0.0009110507
  -34.57298, 0.000710892, 0.0009110507
  -34.57298, 0.00082026, 0.0009110507
  -34.57298, 0.001089774, 0.0009110507
  -34.57298, 0.001007748, 0.0009110507
  -34.57298, 0.000949158, 0.0009110507
  -34.57298, 0.000874944, 0.0009110507
  -34.57298, 0.001046808, 0.0009110507
  -34.57298, 0.000867132, 0.0009110507
  -34.57298, 0.000945252, 0.0009110507
  -34.57298, 0.000863226, 0.0009110507
  -34.57298, 0.000874944, 0.0009110507
  -34.57298, 0.000831978, 0.0009110507
  -34.57298, 0.001007748, 0.0009110507
  -34.57298, 0.00087885, 0.0009110507
  -34.57298, 0.001011654, 0.0009110507
  -34.57298, 0.00103509, 0.0009110507
  -34.57298, 0.000765576, 0.0009110507
  -34.57298, 0.000706986, 0.0009110507
  -34.57298, 0.000964782, 0.0009110507
  -34.57298, 0.00109368, 0.0009110507
  -34.566525, 0.000679644, 0.00091161293
  -34.566525, 0.001101492, 0.00091161293
  -34.566525, 0.000863226, 0.00091161293
  -34.566525, 0.00101556, 0.00091161293
  -34.566525, 0.001062432, 0.00091161293
  -34.566525, 0.001124928, 0.00091161293
  -34.566525, 0.001046808, 0.00091161293
  -34.566525, 0.001011654, 0.00091161293
  -34.566525, 0.000660114, 0.00091161293
  -34.566525, 0.001058526, 0.00091161293
  -34.566525, 0.00101556, 0.00091161293
  -34.566525, 0.000984312, 0.00091161293
  -34.566525, 0.000831978, 0.00091161293
  -34.566525, 0.000749952, 0.00091161293
  -34.566525, 0.00095697, 0.00091161293
  -34.566525, 0.000671832, 0.00091161293
  -34.566525, 0.00089838, 0.00091161293
  -34.566525, 0.000999936, 0.00091161293
  -34.566525, 0.000812448, 0.00091161293
  -34.566525, 0.000968688, 0.00091161293
  -34.566525, 0.000949158, 0.00091161293
  -34.566525, 0.001031184, 0.00091161293
  -34.566525, 0.000613242, 0.00091161293
  -34.566525, 0.000738234, 0.00091161293
  -34.566525, 0.000738234, 0.00091161293
  -34.566525, 0.000871038, 0.00091161293
  -34.566525, 0.001070244, 0.00091161293
  -34.566525, 0.001124928, 0.00091161293
  -34.566525, 0.000886662, 0.00091161293
  -34.566525, 0.000851508, 0.00091161293
  -34.566525, 0.000656208, 0.00091161293
  -34.566525, 0.001214766, 0.00091161293
  -34.566525, 0.001105398, 0.00091161293
  -34.566525, 0.001183518, 0.00091161293
  -34.566525, 0.001019466, 0.00091161293
  -34.566525, 0.000882756, 0.00091161293
  -34.566525, 0.00085932, 0.00091161293
  -34.566525, 0.000863226, 0.00091161293
  -34.566525, 0.000988218, 0.00091161293
  -34.566525, 0.000863226, 0.00091161293
  -34.566525, 0.000949158, 0.00091161293
  -34.566525, 0.00113274, 0.00091161293
  -34.566525, 0.00080073, 0.00091161293
  -34.566525, 0.00111321, 0.00091161293
  -34.566525, 0.000792918, 0.00091161293
  -34.566525, 0.001038996, 0.00091161293
  -34.566525, 0.001124928, 0.00091161293
  -34.566525, 0.001058526, 0.00091161293
  -34.566525, 0.000925722, 0.00091161293
  -34.566525, 0.001148364, 0.00091161293
  -34.566525, 0.00076167, 0.00091161293
  -34.566525, 0.001011654, 0.00091161293
  -34.566525, 0.001011654, 0.00091161293
  -34.566525, 0.000847602, 0.00091161293
  -34.566525, 0.000757764, 0.00091161293
  -34.566525, 0.000812448, 0.00091161293
  -34.566525, 0.001019466, 0.00091161293
  -34.566525, 0.00109368, 0.00091161293
  -34.566525, 0.000960876, 0.00091161293
  -34.566525, 0.000789012, 0.00091161293
  -34.566525, 0.00089838, 0.00091161293
  -34.566525, 0.000949158, 0.00091161293
  -34.566525, 0.001031184, 0.00091161293
  -34.566525, 0.001038996, 0.00091161293
  -34.566525, 0.00093744, 0.00091161293
  -34.566525, 0.000734328, 0.00091161293
  -34.566525, 0.001031184, 0.00091161293
  -34.566525, 0.00091791, 0.00091161293
  -34.566525, 0.001195236, 0.00091161293
  -34.56007, 0.000597618, 0.00091217534
  -34.56007, 0.001070244, 0.00091217534
  -34.56007, 0.001261638, 0.00091217534
  -34.56007, 0.000941346, 0.00091217534
  -34.56007, 0.000980406, 0.00091217534
  -34.56007, 0.0007812, 0.00091217534
  -34.56007, 0.000792918, 0.00091217534
  -34.56007, 0.0007812, 0.00091217534
  -34.56007, 0.000617148, 0.00091217534
  -34.56007, 0.001089774, 0.00091217534
  -34.56007, 0.00091791, 0.00091217534
  -34.56007, 0.000945252, 0.00091217534
  -34.56007, 0.000757764, 0.00091217534
  -34.56007, 0.000890568, 0.00091217534
  -34.56007, 0.001078056, 0.00091217534
  -34.56007, 0.00103509, 0.00091217534
  -34.56007, 0.001046808, 0.00091217534
  -34.56007, 0.000757764, 0.00091217534
  -34.56007, 0.00109368, 0.00091217534
  -34.56007, 0.00091791, 0.00091217534
  -34.56007, 0.000890568, 0.00091217534
  -34.56007, 0.000984312, 0.00091217534
  -34.56007, 0.00080073, 0.00091217534
  -34.56007, 0.0007812, 0.00091217534
  -34.56007, 0.00087885, 0.00091217534
  -34.56007, 0.000929628, 0.00091217534
  -34.56007, 0.001109304, 0.00091217534
  -34.56007, 0.000882756, 0.00091217534
  -34.56007, 0.000843696, 0.00091217534
  -34.56007, 0.001160082, 0.00091217534
  -34.56007, 0.00093744, 0.00091217534
  -34.56007, 0.000714798, 0.00091217534
  -34.56007, 0.001066338, 0.00091217534
  -34.56007, 0.000902286, 0.00091217534
  -34.56007, 0.00103509, 0.00091217534
  -34.56007, 0.000953064, 0.00091217534
  -34.56007, 0.000949158, 0.00091217534
  -34.56007, 0.000968688, 0.00091217534
  -34.56007, 0.001089774, 0.00091217534
  -34.56007, 0.00064449, 0.00091217534
  -34.56007, 0.000843696, 0.00091217534
  -34.56007, 0.000925722, 0.00091217534
  -34.56007, 0.00103509, 0.00091217534
  -34.56007, 0.000710892, 0.00091217534
  -34.56007, 0.001050714, 0.00091217534
  -34.56007, 0.000812448, 0.00091217534
  -34.56007, 0.001031184, 0.00091217534
  -34.56007, 0.000718704, 0.00091217534
  -34.56007, 0.000652302, 0.00091217534
  -34.56007, 0.000691362, 0.00091217534
  -34.56007, 0.000691362, 0.00091217534
  -34.56007, 0.000941346, 0.00091217534
  -34.56007, 0.001156176, 0.00091217534
  -34.56007, 0.000789012, 0.00091217534
  -34.56007, 0.000734328, 0.00091217534
  -34.56007, 0.001144458, 0.00091217534
  -34.56007, 0.000890568, 0.00091217534
  -34.56007, 0.00103509, 0.00091217534
  -34.56007, 0.001066338, 0.00091217534
  -34.56007, 0.000894474, 0.00091217534
  -34.56007, 0.001038996, 0.00091217534
  -34.56007, 0.000847602, 0.00091217534
  -34.56007, 0.000855414, 0.00091217534
  -34.56007, 0.001148364, 0.00091217534
  -34.56007, 0.001062432, 0.00091217534
  -34.56007, 0.000933534, 0.00091217534
  -34.56007, 0.00109368, 0.00091217534
  -34.56007, 0.000667926, 0.00091217534
  -34.56007, 0.000679644, 0.00091217534
  -34.553615, 0.000675738, 0.00091273795
  -34.553615, 0.000812448, 0.00091273795
  -34.553615, 0.000812448, 0.00091273795
  -34.553615, 0.000828072, 0.00091273795
  -34.553615, 0.00103509, 0.00091273795
  -34.553615, 0.00101556, 0.00091273795
  -34.553615, 0.001011654, 0.00091273795
  -34.553615, 0.001156176, 0.00091273795
  -34.553615, 0.000812448, 0.00091273795
  -34.553615, 0.000867132, 0.00091273795
  -34.553615, 0.000984312, 0.00091273795
  -34.553615, 0.000906192, 0.00091273795
  -34.553615, 0.000789012, 0.00091273795
  -34.553615, 0.00095697, 0.00091273795
  -34.553615, 0.000855414, 0.00091273795
  -34.553615, 0.000765576, 0.00091273795
  -34.553615, 0.000964782, 0.00091273795
  -34.553615, 0.000988218, 0.00091273795
  -34.553615, 0.000792918, 0.00091273795
  -34.553615, 0.001214766, 0.00091273795
  -34.553615, 0.000988218, 0.00091273795
  -34.553615, 0.001136646, 0.00091273795
  -34.553615, 0.001121022, 0.00091273795
  -34.553615, 0.000882756, 0.00091273795
  -34.553615, 0.001089774, 0.00091273795
  -34.553615, 0.001183518, 0.00091273795
  -34.553615, 0.000796824, 0.00091273795
  -34.553615, 0.000804636, 0.00091273795
  -34.553615, 0.001109304, 0.00091273795
  -34.553615, 0.001160082, 0.00091273795
  -34.553615, 0.001062432, 0.00091273795
  -34.553615, 0.000867132, 0.00091273795
  -34.553615, 0.000921816, 0.00091273795
  -34.553615, 0.000964782, 0.00091273795
  -34.553615, 0.001089774, 0.00091273795
  -34.553615, 0.00091791, 0.00091273795
  -34.553615, 0.00101556, 0.00091273795
  -34.553615, 0.000886662, 0.00091273795
  -34.553615, 0.000808542, 0.00091273795
  -34.553615, 0.001081962, 0.00091273795
  -34.553615, 0.001183518, 0.00091273795
  -34.553615, 0.000749952, 0.00091273795
  -34.553615, 0.00105462, 0.00091273795
  -34.553615, 0.0009765, 0.00091273795
  -34.553615, 0.000855414, 0.00091273795
  -34.553615, 0.000929628, 0.00091273795
  -34.553615, 0.000925722, 0.00091273795
  -34.553615, 0.00101556, 0.00091273795
  -34.553615, 0.000894474, 0.00091273795
  -34.553615, 0.000921816, 0.00091273795
  -34.553615, 0.000835884, 0.00091273795
  -34.553615, 0.000988218, 0.00091273795
  -34.553615, 0.000894474, 0.00091273795
  -34.553615, 0.000867132, 0.00091273795
  -34.553615, 0.00089838, 0.00091273795
  -34.553615, 0.000835884, 0.00091273795
  -34.553615, 0.001038996, 0.00091273795
  -34.553615, 0.000855414, 0.00091273795
  -34.553615, 0.00132804, 0.00091273795
  -34.553615, 0.000730422, 0.00091273795
  -34.553615, 0.000921816, 0.00091273795
  -34.553615, 0.000992124, 0.00091273795
  -34.553615, 0.000824166, 0.00091273795
  -34.553615, 0.000964782, 0.00091273795
  -34.553615, 0.000828072, 0.00091273795
  -34.553615, 0.000769482, 0.00091273795
  -34.553615, 0.001070244, 0.00091273795
  -34.54716, 0.000925722, 0.00091330075
  -34.54716, 0.001160082, 0.00091330075
  -34.54716, 0.000824166, 0.00091330075
  -34.54716, 0.000855414, 0.00091330075
  -34.54716, 0.001089774, 0.00091330075
  -34.54716, 0.001042902, 0.00091330075
  -34.54716, 0.001109304, 0.00091330075
  -34.54716, 0.000804636, 0.00091330075
  -34.54716, 0.000988218, 0.00091330075
  -34.54716, 0.000960876, 0.00091330075
  -34.54716, 0.001105398, 0.00091330075
  -34.54716, 0.001246014, 0.00091330075
  -34.54716, 0.001109304, 0.00091330075
  -34.54716, 0.00080073, 0.00091330075
  -34.54716, 0.000894474, 0.00091330075
  -34.54716, 0.000867132, 0.00091330075
  -34.54716, 0.00082026, 0.00091330075
  -34.54716, 0.001128834, 0.00091330075
  -34.54716, 0.000925722, 0.00091330075
  -34.54716, 0.00103509, 0.00091330075
  -34.54716, 0.001007748, 0.00091330075
  -34.54716, 0.001081962, 0.00091330075
  -34.54716, 0.000953064, 0.00091330075
  -34.54716, 0.001179612, 0.00091330075
  -34.54716, 0.000843696, 0.00091330075
  -34.54716, 0.00083979, 0.00091330075
  -34.54716, 0.000863226, 0.00091330075
  -34.54716, 0.000882756, 0.00091330075
  -34.54716, 0.001085868, 0.00091330075
  -34.54716, 0.000867132, 0.00091330075
  -34.54716, 0.000699174, 0.00091330075
  -34.54716, 0.001085868, 0.00091330075
  -34.54716, 0.000695268, 0.00091330075
  -34.54716, 0.000648396, 0.00091330075
  -34.54716, 0.000765576, 0.00091330075
  -34.54716, 0.000890568, 0.00091330075
  -34.54716, 0.000808542, 0.00091330075
  -34.54716, 0.000773388, 0.00091330075
  -34.54716, 0.000980406, 0.00091330075
  -34.54716, 0.000804636, 0.00091330075
  -34.54716, 0.00095697, 0.00091330075
  -34.54716, 0.000972594, 0.00091330075
  -34.54716, 0.000632772, 0.00091330075
  -34.54716, 0.000874944, 0.00091330075
  -34.54716, 0.000808542, 0.00091330075
  -34.54716, 0.000769482, 0.00091330075
  -34.54716, 0.001144458, 0.00091330075
  -34.54716, 0.000953064, 0.00091330075
  -34.54716, 0.001027278, 0.00091330075
  -34.54716, 0.001070244, 0.00091330075
  -34.54716, 0.000929628, 0.00091330075
  -34.54716, 0.000734328, 0.00091330075
  -34.54716, 0.000843696, 0.00091330075
  -34.54716, 0.000992124, 0.00091330075
  -34.54716, 0.000855414, 0.00091330075
  -34.54716, 0.000906192, 0.00091330075
  -34.54716, 0.000789012, 0.00091330075
  -34.54716, 0.001066338, 0.00091330075
  -34.54716, 0.000757764, 0.00091330075
  -34.54716, 0.000855414, 0.00091330075
  -34.54716, 0.000570276, 0.00091330075
  -34.54716, 0.00107415, 0.00091330075
  -34.54716, 0.000960876, 0.00091330075
  -34.54716, 0.00076167, 0.00091330075
  -34.540705, 0.000851508, 0.00091386375
  -34.540705, 0.000929628, 0.00091386375
  -34.540705, 0.000921816, 0.00091386375
  -34.540705, 0.00066402, 0.00091386375
  -34.540705, 0.000808542, 0.00091386375
  -34.540705, 0.001136646, 0.00091386375
  -34.540705, 0.000933534, 0.00091386375
  -34.540705, 0.001038996, 0.00091386375
  -34.540705, 0.000773388, 0.00091386375
  -34.540705, 0.000808542, 0.00091386375
  -34.540705, 0.000714798, 0.00091386375
  -34.540705, 0.001027278, 0.00091386375
  -34.540705, 0.000726516, 0.00091386375
  -34.540705, 0.001281168, 0.00091386375
  -34.540705, 0.00060543, 0.00091386375
  -34.540705, 0.000824166, 0.00091386375
  -34.540705, 0.00080073, 0.00091386375
  -34.540705, 0.000925722, 0.00091386375
  -34.540705, 0.00101556, 0.00091386375
  -34.540705, 0.000988218, 0.00091386375
  -34.540705, 0.000886662, 0.00091386375
  -34.540705, 0.00103509, 0.00091386375
  -34.540705, 0.000894474, 0.00091386375
  -34.540705, 0.001081962, 0.00091386375
  -34.540705, 0.00095697, 0.00091386375
  -34.540705, 0.000601524, 0.00091386375
  -34.540705, 0.000851508, 0.00091386375
  -34.540705, 0.001195236, 0.00091386375
  -34.540705, 0.000980406, 0.00091386375
  -34.540705, 0.00091791, 0.00091386375
  -34.540705, 0.000675738, 0.00091386375
  -34.540705, 0.000949158, 0.00091386375
  -34.540705, 0.00093744, 0.00091386375
  -34.540705, 0.000886662, 0.00091386375
  -34.540705, 0.00089838, 0.00091386375
  -34.540705, 0.000890568, 0.00091386375
  -34.540705, 0.000796824, 0.00091386375
  -34.540705, 0.000796824, 0.00091386375
  -34.540705, 0.000753858, 0.00091386375
  -34.540705, 0.000910098, 0.00091386375
  -34.540705, 0.000933534, 0.00091386375
  -34.540705, 0.00082026, 0.00091386375
  -34.540705, 0.00083979, 0.00091386375
  -34.540705, 0.00109368, 0.00091386375
  -34.540705, 0.000960876, 0.00091386375
  -34.540705, 0.000691362, 0.00091386375
  -34.540705, 0.001281168, 0.00091386375
  -34.540705, 0.000796824, 0.00091386375
  -34.540705, 0.000992124, 0.00091386375
  -34.540705, 0.000812448, 0.00091386375
  -34.540705, 0.001163988, 0.00091386375
  -34.540705, 0.000710892, 0.00091386375
  -34.540705, 0.001066338, 0.00091386375
  -34.540705, 0.000828072, 0.00091386375
  -34.540705, 0.00054684, 0.00091386375
  -34.540705, 0.000871038, 0.00091386375
  -34.540705, 0.001175706, 0.00091386375
  -34.540705, 0.001117116, 0.00091386375
  -34.540705, 0.000929628, 0.00091386375
  -34.540705, 0.000886662, 0.00091386375
  -34.540705, 0.000984312, 0.00091386375
  -34.540705, 0.000984312, 0.00091386375
  -34.540705, 0.000785106, 0.00091386375
  -34.540705, 0.000902286, 0.00091386375
  -34.540705, 0.000851508, 0.00091386375
  -34.540705, 0.000906192, 0.00091386375
  -34.540705, 0.001085868, 0.00091386375
  -34.540705, 0.0009765, 0.00091386375
  -34.540705, 0.001046808, 0.00091386375
  -34.540705, 0.000941346, 0.00091386375
  -34.540705, 0.001046808, 0.00091386375
  -34.540705, 0.000847602, 0.00091386375
  -34.540705, 0.000831978, 0.00091386375
  -34.540705, 0.000953064, 0.00091386375
  -34.540705, 0.00085932, 0.00091386375
  -34.540705, 0.000824166, 0.00091386375
  -34.540705, 0.00087885, 0.00091386375
  -34.540705, 0.000949158, 0.00091386375
  -34.540705, 0.000691362, 0.00091386375
  -34.540705, 0.000777294, 0.00091386375
  -34.540705, 0.00105462, 0.00091386375
  -34.540705, 0.001121022, 0.00091386375
  -34.540705, 0.000734328, 0.00091386375
  -34.53425, 0.001031184, 0.00091442694
  -34.53425, 0.001070244, 0.00091442694
  -34.53425, 0.000906192, 0.00091442694
  -34.53425, 0.00062496, 0.00091442694
  -34.53425, 0.00082026, 0.00091442694
  -34.53425, 0.000847602, 0.00091442694
  -34.53425, 0.000941346, 0.00091442694
  -34.53425, 0.000812448, 0.00091442694
  -34.53425, 0.000695268, 0.00091442694
  -34.53425, 0.001160082, 0.00091442694
  -34.53425, 0.000984312, 0.00091442694
  -34.53425, 0.000746046, 0.00091442694
  -34.53425, 0.000925722, 0.00091442694
  -34.53425, 0.001066338, 0.00091442694
  -34.53425, 0.0009765, 0.00091442694
  -34.53425, 0.001124928, 0.00091442694
  -34.53425, 0.001156176, 0.00091442694
  -34.53425, 0.00087885, 0.00091442694
  -34.53425, 0.000953064, 0.00091442694
  -34.53425, 0.00070308, 0.00091442694
  -34.53425, 0.00103509, 0.00091442694
  -34.53425, 0.00064449, 0.00091442694
  -34.53425, 0.000902286, 0.00091442694
  -34.53425, 0.001046808, 0.00091442694
  -34.53425, 0.001031184, 0.00091442694
  -34.53425, 0.000921816, 0.00091442694
  -34.53425, 0.000929628, 0.00091442694
  -34.53425, 0.001023372, 0.00091442694
  -34.53425, 0.001003842, 0.00091442694
  -34.53425, 0.001081962, 0.00091442694
  -34.53425, 0.001246014, 0.00091442694
  -34.53425, 0.001066338, 0.00091442694
  -34.53425, 0.000945252, 0.00091442694
  -34.53425, 0.000953064, 0.00091442694
  -34.53425, 0.00107415, 0.00091442694
  -34.53425, 0.001019466, 0.00091442694
  -34.53425, 0.001019466, 0.00091442694
  -34.53425, 0.00089838, 0.00091442694
  -34.53425, 0.00103509, 0.00091442694
  -34.53425, 0.000789012, 0.00091442694
  -34.53425, 0.00072261, 0.00091442694
  -34.53425, 0.000874944, 0.00091442694
  -34.53425, 0.000863226, 0.00091442694
  -34.53425, 0.00076167, 0.00091442694
  -34.53425, 0.000789012, 0.00091442694
  -34.53425, 0.001128834, 0.00091442694
  -34.53425, 0.000980406, 0.00091442694
  -34.53425, 0.00093744, 0.00091442694
  -34.53425, 0.000792918, 0.00091442694
  -34.53425, 0.000734328, 0.00091442694
  -34.53425, 0.000992124, 0.00091442694
  -34.53425, 0.00083979, 0.00091442694
  -34.53425, 0.001023372, 0.00091442694
  -34.53425, 0.000855414, 0.00091442694
  -34.53425, 0.001046808, 0.00091442694
  -34.53425, 0.00080073, 0.00091442694
  -34.53425, 0.001058526, 0.00091442694
  -34.53425, 0.000929628, 0.00091442694
  -34.53425, 0.001097586, 0.00091442694
  -34.53425, 0.001089774, 0.00091442694
  -34.53425, 0.001085868, 0.00091442694
  -34.53425, 0.000984312, 0.00091442694
  -34.53425, 0.001140552, 0.00091442694
  -34.53425, 0.000988218, 0.00091442694
  -34.53425, 0.001027278, 0.00091442694
  -34.53425, 0.00103509, 0.00091442694
  -34.53425, 0.001011654, 0.00091442694
  -34.53425, 0.000660114, 0.00091442694
  -34.53425, 0.000906192, 0.00091442694
  -34.53425, 0.000632772, 0.00091442694
  -34.53425, 0.001203048, 0.00091442694
  -34.53425, 0.000738234, 0.00091442694
  -34.53425, 0.0009765, 0.00091442694
  -34.53425, 0.000933534, 0.00091442694
  -34.53425, 0.000828072, 0.00091442694
  -34.53425, 0.001011654, 0.00091442694
  -34.53425, 0.00095697, 0.00091442694
  -34.53425, 0.001163988, 0.00091442694
  -34.53425, 0.000804636, 0.00091442694
  -34.53425, 0.001160082, 0.00091442694
  -34.53425, 0.00089838, 0.00091442694
  -34.53425, 0.001023372, 0.00091442694
  -34.53425, 0.001058526, 0.00091442694
  -34.53425, 0.000757764, 0.00091442694
  -34.53425, 0.001011654, 0.00091442694
  -34.53425, 0.000843696, 0.00091442694
  -34.53425, 0.000757764, 0.00091442694
  -34.53425, 0.000960876, 0.00091442694
  -34.53425, 0.000941346, 0.00091442694
  -34.53425, 0.001023372, 0.00091442694
  -34.53425, 0.000738234, 0.00091442694
  -34.53425, 0.001070244, 0.00091442694
  -34.53425, 0.000730422, 0.00091442694
  -34.53425, 0.000808542, 0.00091442694
  -34.53425, 0.001140552, 0.00091442694
  -34.53425, 0.00076167, 0.00091442694
  -34.53425, 0.001027278, 0.00091442694
  -34.53425, 0.001023372, 0.00091442694
  -34.53425, 0.000609336, 0.00091442694
  -34.527795, 0.000824166, 0.00091499033
  -34.527795, 0.001167894, 0.00091499033
  -34.527795, 0.000769482, 0.00091499033
  -34.527795, 0.000831978, 0.00091499033
  -34.527795, 0.00099603, 0.00091499033
  -34.527795, 0.001109304, 0.00091499033
  -34.527795, 0.001101492, 0.00091499033
  -34.527795, 0.000835884, 0.00091499033
  -34.527795, 0.000945252, 0.00091499033
  -34.527795, 0.00093744, 0.00091499033
  -34.527795, 0.000812448, 0.00091499033
  -34.527795, 0.000886662, 0.00091499033
  -34.527795, 0.000828072, 0.00091499033
  -34.527795, 0.000730422, 0.00091499033
  -34.527795, 0.000812448, 0.00091499033
  -34.527795, 0.00113274, 0.00091499033
  -34.527795, 0.00103509, 0.00091499033
  -34.527795, 0.000843696, 0.00091499033
  -34.527795, 0.001105398, 0.00091499033
  -34.527795, 0.000929628, 0.00091499033
  -34.527795, 0.000523404, 0.00091499033
  -34.527795, 0.001175706, 0.00091499033
  -34.527795, 0.000874944, 0.00091499033
  -34.527795, 0.000785106, 0.00091499033
  -34.527795, 0.000824166, 0.00091499033
  -34.527795, 0.000558558, 0.00091499033
  -34.527795, 0.001214766, 0.00091499033
  -34.527795, 0.00082026, 0.00091499033
  -34.527795, 0.001234296, 0.00091499033
  -34.527795, 0.000960876, 0.00091499033
  -34.527795, 0.001042902, 0.00091499033
  -34.527795, 0.000628866, 0.00091499033
  -34.527795, 0.000691362, 0.00091499033
  -34.527795, 0.001007748, 0.00091499033
  -34.527795, 0.000941346, 0.00091499033
  -34.527795, 0.000855414, 0.00091499033
  -34.527795, 0.000902286, 0.00091499033
  -34.527795, 0.00140616, 0.00091499033
  -34.527795, 0.000968688, 0.00091499033
  -34.527795, 0.001085868, 0.00091499033
  -34.527795, 0.000945252, 0.00091499033
  -34.527795, 0.000980406, 0.00091499033
  -34.527795, 0.000929628, 0.00091499033
  -34.527795, 0.001042902, 0.00091499033
  -34.527795, 0.001148364, 0.00091499033
  -34.527795, 0.001050714, 0.00091499033
  -34.527795, 0.001003842, 0.00091499033
  -34.527795, 0.001050714, 0.00091499033
  -34.527795, 0.00095697, 0.00091499033
  -34.527795, 0.000902286, 0.00091499033
  -34.527795, 0.000867132, 0.00091499033
  -34.527795, 0.0009765, 0.00091499033
  -34.527795, 0.000902286, 0.00091499033
  -34.527795, 0.001042902, 0.00091499033
  -34.527795, 0.000960876, 0.00091499033
  -34.527795, 0.001281168, 0.00091499033
  -34.527795, 0.000749952, 0.00091499033
  -34.527795, 0.000914004, 0.00091499033
  -34.527795, 0.00085932, 0.00091499033
  -34.527795, 0.001031184, 0.00091499033
  -34.527795, 0.001117116, 0.00091499033
  -34.527795, 0.001038996, 0.00091499033
  -34.527795, 0.00099603, 0.00091499033
  -34.527795, 0.000988218, 0.00091499033
  -34.527795, 0.001261638, 0.00091499033
  -34.527795, 0.001023372, 0.00091499033
  -34.527795, 0.000628866, 0.00091499033
  -34.527795, 0.000988218, 0.00091499033
  -34.527795, 0.000964782, 0.00091499033
  -34.527795, 0.001167894, 0.00091499033
  -34.527795, 0.001144458, 0.00091499033
  -34.527795, 0.000953064, 0.00091499033
  -34.527795, 0.000730422, 0.00091499033
  -34.527795, 0.00109368, 0.00091499033
  -34.527795, 0.001031184, 0.00091499033
  -34.527795, 0.000988218, 0.00091499033
  -34.527795, 0.00095697, 0.00091499033
  -34.527795, 0.000960876, 0.00091499033
  -34.527795, 0.000882756, 0.00091499033
  -34.527795, 0.001003842, 0.00091499033
  -34.527795, 0.001140552, 0.00091499033
  -34.527795, 0.000789012, 0.00091499033
  -34.527795, 0.000929628, 0.00091499033
  -34.527795, 0.000804636, 0.00091499033
  -34.527795, 0.001062432, 0.00091499033
  -34.527795, 0.00085932, 0.00091499033
  -34.527795, 0.0009765, 0.00091499033
  -34.527795, 0.0009765, 0.00091499033
  -34.527795, 0.00101556, 0.00091499033
  -34.527795, 0.000789012, 0.00091499033
  -34.527795, 0.000749952, 0.00091499033
  -34.527795, 0.001019466, 0.00091499033
  -34.527795, 0.00083979, 0.00091499033
  -34.527795, 0.000726516, 0.00091499033
  -34.527795, 0.000812448, 0.00091499033
  -34.527795, 0.00113274, 0.00091499033
  -34.527795, 0.000906192, 0.00091499033
  -34.527795, 0.000828072, 0.00091499033
  -34.527795, 0.000949158, 0.00091499033
  -34.527795, 0.000874944, 0.00091499033
  -34.527795, 0.00091791, 0.00091499033
  -34.527795, 0.000964782, 0.00091499033
  -34.527795, 0.000945252, 0.00091499033
  -34.527795, 0.001070244, 0.00091499033
  -34.527795, 0.000863226, 0.00091499033
  -34.527795, 0.000734328, 0.00091499033
  -34.527795, 0.0005859, 0.00091499033
  -34.527795, 0.00085932, 0.00091499033
  -34.527795, 0.00093744, 0.00091499033
  -34.527795, 0.001144458, 0.00091499033
  -34.527795, 0.000906192, 0.00091499033
  -34.527795, 0.001124928, 0.00091499033
  -34.527795, 0.000906192, 0.00091499033
  -34.527795, 0.000960876, 0.00091499033
  -34.527795, 0.000988218, 0.00091499033
  -34.527795, 0.001050714, 0.00091499033
  -34.527795, 0.000749952, 0.00091499033
  -34.527795, 0.00124992, 0.00091499033
  -34.527795, 0.000925722, 0.00091499033
  -34.52134, 0.000710892, 0.00091555391
  -34.52134, 0.000894474, 0.00091555391
  -34.52134, 0.000706986, 0.00091555391
  -34.52134, 0.001081962, 0.00091555391
  -34.52134, 0.000929628, 0.00091555391
  -34.52134, 0.001019466, 0.00091555391
  -34.52134, 0.000749952, 0.00091555391
  -34.52134, 0.0005859, 0.00091555391
  -34.52134, 0.000777294, 0.00091555391
  -34.52134, 0.00080073, 0.00091555391
  -34.52134, 0.001179612, 0.00091555391
  -34.52134, 0.000640584, 0.00091555391
  -34.52134, 0.000855414, 0.00091555391
  -34.52134, 0.000972594, 0.00091555391
  -34.52134, 0.000906192, 0.00091555391
  -34.52134, 0.000847602, 0.00091555391
  -34.52134, 0.001011654, 0.00091555391
  -34.52134, 0.000621054, 0.00091555391
  -34.52134, 0.000988218, 0.00091555391
  -34.52134, 0.000941346, 0.00091555391
  -34.52134, 0.001019466, 0.00091555391
  -34.52134, 0.001046808, 0.00091555391
  -34.52134, 0.00082026, 0.00091555391
  -34.52134, 0.000874944, 0.00091555391
  -34.52134, 0.000796824, 0.00091555391
  -34.52134, 0.000921816, 0.00091555391
  -34.52134, 0.000914004, 0.00091555391
  -34.52134, 0.001085868, 0.00091555391
  -34.52134, 0.000835884, 0.00091555391
  -34.52134, 0.000808542, 0.00091555391
  -34.52134, 0.000749952, 0.00091555391
  -34.52134, 0.000886662, 0.00091555391
  -34.52134, 0.000804636, 0.00091555391
  -34.52134, 0.000796824, 0.00091555391
  -34.52134, 0.000882756, 0.00091555391
  -34.52134, 0.000910098, 0.00091555391
  -34.52134, 0.000714798, 0.00091555391
  -34.52134, 0.000890568, 0.00091555391
  -34.52134, 0.000632772, 0.00091555391
  -34.52134, 0.000847602, 0.00091555391
  -34.52134, 0.001175706, 0.00091555391
  -34.52134, 0.000796824, 0.00091555391
  -34.52134, 0.000964782, 0.00091555391
  -34.52134, 0.001124928, 0.00091555391
  -34.52134, 0.000941346, 0.00091555391
  -34.52134, 0.00068355, 0.00091555391
  -34.52134, 0.000972594, 0.00091555391
  -34.52134, 0.00062496, 0.00091555391
  -34.52134, 0.001160082, 0.00091555391
  -34.52134, 0.00072261, 0.00091555391
  -34.52134, 0.001019466, 0.00091555391
  -34.52134, 0.001050714, 0.00091555391
  -34.52134, 0.000843696, 0.00091555391
  -34.52134, 0.00101556, 0.00091555391
  -34.52134, 0.00064449, 0.00091555391
  -34.52134, 0.0009765, 0.00091555391
  -34.52134, 0.00091791, 0.00091555391
  -34.52134, 0.001058526, 0.00091555391
  -34.52134, 0.00109368, 0.00091555391
  -34.52134, 0.000863226, 0.00091555391
  -34.52134, 0.001011654, 0.00091555391
  -34.52134, 0.00099603, 0.00091555391
  -34.52134, 0.001081962, 0.00091555391
  -34.52134, 0.001027278, 0.00091555391
  -34.52134, 0.000812448, 0.00091555391
  -34.52134, 0.000894474, 0.00091555391
  -34.52134, 0.000804636, 0.00091555391
  -34.52134, 0.001011654, 0.00091555391
  -34.52134, 0.000812448, 0.00091555391
  -34.52134, 0.000871038, 0.00091555391
  -34.52134, 0.001121022, 0.00091555391
  -34.52134, 0.0007812, 0.00091555391
  -34.52134, 0.000808542, 0.00091555391
  -34.52134, 0.000824166, 0.00091555391
  -34.52134, 0.000867132, 0.00091555391
  -34.52134, 0.000972594, 0.00091555391
  -34.52134, 0.00095697, 0.00091555391
  -34.52134, 0.000730422, 0.00091555391
  -34.52134, 0.00087885, 0.00091555391
  -34.52134, 0.00076167, 0.00091555391
  -34.52134, 0.00068355, 0.00091555391
  -34.52134, 0.001046808, 0.00091555391
  -34.52134, 0.001136646, 0.00091555391
  -34.52134, 0.000906192, 0.00091555391
  -34.52134, 0.000816354, 0.00091555391
  -34.52134, 0.000863226, 0.00091555391
  -34.52134, 0.000796824, 0.00091555391
  -34.52134, 0.000843696, 0.00091555391
  -34.52134, 0.000929628, 0.00091555391
  -34.52134, 0.000906192, 0.00091555391
  -34.52134, 0.000960876, 0.00091555391
  -34.52134, 0.001292886, 0.00091555391
  -34.52134, 0.001316322, 0.00091555391
  -34.52134, 0.001042902, 0.00091555391
  -34.52134, 0.001019466, 0.00091555391
  -34.52134, 0.001019466, 0.00091555391
  -34.52134, 0.00115227, 0.00091555391
  -34.52134, 0.000910098, 0.00091555391
  -34.52134, 0.000785106, 0.00091555391
  -34.52134, 0.001296792, 0.00091555391
  -34.52134, 0.000835884, 0.00091555391
  -34.52134, 0.001148364, 0.00091555391
  -34.514885, 0.001042902, 0.00091611768
  -34.514885, 0.00093744, 0.00091611768
  -34.514885, 0.001023372, 0.00091611768
  -34.514885, 0.001031184, 0.00091611768
  -34.514885, 0.00103509, 0.00091611768
  -34.514885, 0.000851508, 0.00091611768
  -34.514885, 0.00101556, 0.00091611768
  -34.514885, 0.000796824, 0.00091611768
  -34.514885, 0.001031184, 0.00091611768
  -34.514885, 0.000691362, 0.00091611768
  -34.514885, 0.000921816, 0.00091611768
  -34.514885, 0.000648396, 0.00091611768
  -34.514885, 0.000980406, 0.00091611768
  -34.514885, 0.001175706, 0.00091611768
  -34.514885, 0.001105398, 0.00091611768
  -34.514885, 0.001148364, 0.00091611768
  -34.514885, 0.00085932, 0.00091611768
  -34.514885, 0.000828072, 0.00091611768
  -34.514885, 0.000960876, 0.00091611768
  -34.514885, 0.00082026, 0.00091611768
  -34.514885, 0.00068355, 0.00091611768
  -34.514885, 0.001070244, 0.00091611768
  -34.514885, 0.0009765, 0.00091611768
  -34.514885, 0.0007812, 0.00091611768
  -34.514885, 0.001031184, 0.00091611768
  -34.514885, 0.001124928, 0.00091611768
  -34.514885, 0.00101556, 0.00091611768
  -34.514885, 0.000792918, 0.00091611768
  -34.514885, 0.000699174, 0.00091611768
  -34.514885, 0.000863226, 0.00091611768
  -34.514885, 0.001081962, 0.00091611768
  -34.514885, 0.00089838, 0.00091611768
  -34.514885, 0.001101492, 0.00091611768
  -34.514885, 0.00105462, 0.00091611768
  -34.514885, 0.00099603, 0.00091611768
  -34.514885, 0.000999936, 0.00091611768
  -34.514885, 0.000874944, 0.00091611768
  -34.514885, 0.000789012, 0.00091611768
  -34.514885, 0.001089774, 0.00091611768
  -34.514885, 0.000851508, 0.00091611768
  -34.514885, 0.000910098, 0.00091611768
  -34.514885, 0.001019466, 0.00091611768
  -34.514885, 0.001187424, 0.00091611768
  -34.514885, 0.001117116, 0.00091611768
  -34.514885, 0.000785106, 0.00091611768
  -34.514885, 0.001019466, 0.00091611768
  -34.514885, 0.001027278, 0.00091611768
  -34.514885, 0.001011654, 0.00091611768
  -34.514885, 0.00087885, 0.00091611768
  -34.514885, 0.001246014, 0.00091611768
  -34.514885, 0.000796824, 0.00091611768
  -34.514885, 0.000652302, 0.00091611768
  -34.514885, 0.000808542, 0.00091611768
  -34.514885, 0.000804636, 0.00091611768
  -34.514885, 0.001214766, 0.00091611768
  -34.514885, 0.000941346, 0.00091611768
  -34.514885, 0.001050714, 0.00091611768
  -34.514885, 0.000628866, 0.00091611768
  -34.514885, 0.000949158, 0.00091611768
  -34.514885, 0.001163988, 0.00091611768
  -34.514885, 0.00085932, 0.00091611768
  -34.514885, 0.0009765, 0.00091611768
  -34.514885, 0.001167894, 0.00091611768
  -34.514885, 0.000902286, 0.00091611768
  -34.514885, 0.00101556, 0.00091611768
  -34.514885, 0.000789012, 0.00091611768
  -34.514885, 0.00107415, 0.00091611768
  -34.514885, 0.00085932, 0.00091611768
  -34.514885, 0.00083979, 0.00091611768
  -34.514885, 0.000738234, 0.00091611768
  -34.514885, 0.000964782, 0.00091611768
  -34.514885, 0.000851508, 0.00091611768
  -34.514885, 0.000769482, 0.00091611768
  -34.514885, 0.000738234, 0.00091611768
  -34.514885, 0.00089838, 0.00091611768
  -34.514885, 0.000855414, 0.00091611768
  -34.514885, 0.001128834, 0.00091611768
  -34.514885, 0.00105462, 0.00091611768
  -34.514885, 0.000929628, 0.00091611768
  -34.514885, 0.00087885, 0.00091611768
  -34.514885, 0.001038996, 0.00091611768
  -34.514885, 0.001078056, 0.00091611768
  -34.514885, 0.000824166, 0.00091611768
  -34.514885, 0.000871038, 0.00091611768
  -34.514885, 0.00113274, 0.00091611768
  -34.514885, 0.000960876, 0.00091611768
  -34.514885, 0.00080073, 0.00091611768
  -34.514885, 0.001089774, 0.00091611768
  -34.514885, 0.000933534, 0.00091611768
  -34.514885, 0.000945252, 0.00091611768
  -34.514885, 0.000964782, 0.00091611768
  -34.514885, 0.00113274, 0.00091611768
  -34.514885, 0.0007812, 0.00091611768
  -34.514885, 0.000812448, 0.00091611768
  -34.514885, 0.001203048, 0.00091611768
  -34.514885, 0.000816354, 0.00091611768
  -34.514885, 0.000941346, 0.00091611768
  -34.514885, 0.000738234, 0.00091611768
  -34.514885, 0.001070244, 0.00091611768
  -34.514885, 0.000863226, 0.00091611768
  -34.514885, 0.000910098, 0.00091611768
  -34.514885, 0.000925722, 0.00091611768
  -34.514885, 0.001179612, 0.00091611768
  -34.514885, 0.000640584, 0.00091611768
  -34.514885, 0.001058526, 0.00091611768
  -34.514885, 0.000882756, 0.00091611768
  -34.514885, 0.00087885, 0.00091611768
  -34.514885, 0.001121022, 0.00091611768
  -34.514885, 0.001187424, 0.00091611768
  -34.514885, 0.000964782, 0.00091611768
  -34.514885, 0.000953064, 0.00091611768
  -34.514885, 0.000925722, 0.00091611768
  -34.514885, 0.000933534, 0.00091611768
  -34.514885, 0.000831978, 0.00091611768
  -34.514885, 0.001066338, 0.00091611768
  -34.514885, 0.000851508, 0.00091611768
  -34.514885, 0.001078056, 0.00091611768
  -34.514885, 0.001167894, 0.00091611768
  -34.514885, 0.000988218, 0.00091611768
  -34.514885, 0.000984312, 0.00091611768
  -34.50843, 0.000804636, 0.00091668165
  -34.50843, 0.000796824, 0.00091668165
  -34.50843, 0.000855414, 0.00091668165
  -34.50843, 0.000695268, 0.00091668165
  -34.50843, 0.000804636, 0.00091668165
  -34.50843, 0.00093744, 0.00091668165
  -34.50843, 0.000789012, 0.00091668165
  -34.50843, 0.000960876, 0.00091668165
  -34.50843, 0.001003842, 0.00091668165
  -34.50843, 0.000749952, 0.00091668165
  -34.50843, 0.001023372, 0.00091668165
  -34.50843, 0.000933534, 0.00091668165
  -34.50843, 0.000847602, 0.00091668165
  -34.50843, 0.00093744, 0.00091668165
  -34.50843, 0.001078056, 0.00091668165
  -34.50843, 0.000902286, 0.00091668165
  -34.50843, 0.000855414, 0.00091668165
  -34.50843, 0.001167894, 0.00091668165
  -34.50843, 0.000812448, 0.00091668165
  -34.50843, 0.000757764, 0.00091668165
  -34.50843, 0.000941346, 0.00091668165
  -34.50843, 0.000718704, 0.00091668165
  -34.50843, 0.000843696, 0.00091668165
  -34.50843, 0.000746046, 0.00091668165
  -34.50843, 0.001148364, 0.00091668165
  -34.50843, 0.00091791, 0.00091668165
  -34.50843, 0.001038996, 0.00091668165
  -34.50843, 0.000910098, 0.00091668165
  -34.50843, 0.00095697, 0.00091668165
  -34.50843, 0.000718704, 0.00091668165
  -34.50843, 0.00093744, 0.00091668165
  -34.50843, 0.001058526, 0.00091668165
  -34.50843, 0.000941346, 0.00091668165
  -34.50843, 0.000828072, 0.00091668165
  -34.50843, 0.001007748, 0.00091668165
  -34.50843, 0.001089774, 0.00091668165
  -34.50843, 0.00093744, 0.00091668165
  -34.50843, 0.00095697, 0.00091668165
  -34.50843, 0.000949158, 0.00091668165
  -34.50843, 0.001007748, 0.00091668165
  -34.50843, 0.00068355, 0.00091668165
  -34.50843, 0.000835884, 0.00091668165
  -34.50843, 0.001163988, 0.00091668165
  -34.50843, 0.000734328, 0.00091668165
  -34.50843, 0.001081962, 0.00091668165
  -34.50843, 0.00107415, 0.00091668165
  -34.50843, 0.001042902, 0.00091668165
  -34.50843, 0.001007748, 0.00091668165
  -34.50843, 0.00082026, 0.00091668165
  -34.50843, 0.000773388, 0.00091668165
  -34.50843, 0.001066338, 0.00091668165
  -34.50843, 0.00109368, 0.00091668165
  -34.50843, 0.000792918, 0.00091668165
  -34.50843, 0.000886662, 0.00091668165
  -34.50843, 0.00093744, 0.00091668165
  -34.50843, 0.000863226, 0.00091668165
  -34.50843, 0.000847602, 0.00091668165
  -34.50843, 0.00107415, 0.00091668165
  -34.50843, 0.00085932, 0.00091668165
  -34.50843, 0.00074214, 0.00091668165
  -34.50843, 0.00093744, 0.00091668165
  -34.50843, 0.00076167, 0.00091668165
  -34.50843, 0.000843696, 0.00091668165
  -34.50843, 0.000945252, 0.00091668165
  -34.50843, 0.000796824, 0.00091668165
  -34.50843, 0.00087885, 0.00091668165
  -34.50843, 0.000671832, 0.00091668165
  -34.50843, 0.000847602, 0.00091668165
  -34.50843, 0.00082026, 0.00091668165
  -34.50843, 0.000964782, 0.00091668165
  -34.50843, 0.000960876, 0.00091668165
  -34.50843, 0.000886662, 0.00091668165
  -34.50843, 0.00105462, 0.00091668165
  -34.50843, 0.000769482, 0.00091668165
  -34.50843, 0.001078056, 0.00091668165
  -34.50843, 0.000804636, 0.00091668165
  -34.50843, 0.000675738, 0.00091668165
  -34.50843, 0.000867132, 0.00091668165
  -34.50843, 0.000785106, 0.00091668165
  -34.50843, 0.000757764, 0.00091668165
  -34.50843, 0.000816354, 0.00091668165
  -34.50843, 0.000785106, 0.00091668165
  -34.50843, 0.000757764, 0.00091668165
  -34.50843, 0.000726516, 0.00091668165
  -34.50843, 0.001214766, 0.00091668165
  -34.50843, 0.001320228, 0.00091668165
  -34.50843, 0.000988218, 0.00091668165
  -34.50843, 0.000871038, 0.00091668165
  -34.50843, 0.00089838, 0.00091668165
  -34.50843, 0.001023372, 0.00091668165
  -34.50843, 0.00085932, 0.00091668165
  -34.50843, 0.00093744, 0.00091668165
  -34.50843, 0.000890568, 0.00091668165
  -34.50843, 0.001042902, 0.00091668165
  -34.50843, 0.000882756, 0.00091668165
  -34.50843, 0.000964782, 0.00091668165
  -34.50843, 0.00115227, 0.00091668165
  -34.50843, 0.000972594, 0.00091668165
  -34.50843, 0.000808542, 0.00091668165
  -34.50843, 0.001163988, 0.00091668165
  -34.50843, 0.00124992, 0.00091668165
  -34.50843, 0.001023372, 0.00091668165
  -34.50843, 0.001214766, 0.00091668165
  -34.50843, 0.000964782, 0.00091668165
  -34.50843, 0.000718704, 0.00091668165
  -34.50843, 0.001058526, 0.00091668165
  -34.50843, 0.000874944, 0.00091668165
  -34.50843, 0.000953064, 0.00091668165
  -34.50843, 0.001027278, 0.00091668165
  -34.50843, 0.000921816, 0.00091668165
  -34.50843, 0.000726516, 0.00091668165
  -34.50843, 0.000941346, 0.00091668165
  -34.50843, 0.000851508, 0.00091668165
  -34.50843, 0.000785106, 0.00091668165
  -34.50843, 0.000980406, 0.00091668165
  -34.50843, 0.00074214, 0.00091668165
  -34.50843, 0.001007748, 0.00091668165
  -34.50843, 0.000640584, 0.00091668165
  -34.50843, 0.000968688, 0.00091668165
  -34.50843, 0.001089774, 0.00091668165
  -34.501975, 0.0009765, 0.00091724581
  -34.501975, 0.000789012, 0.00091724581
  -34.501975, 0.000734328, 0.00091724581
  -34.501975, 0.000855414, 0.00091724581
  -34.501975, 0.000777294, 0.00091724581
  -34.501975, 0.000695268, 0.00091724581
  -34.501975, 0.000886662, 0.00091724581
  -34.501975, 0.001042902, 0.00091724581
  -34.501975, 0.000734328, 0.00091724581
  -34.501975, 0.001175706, 0.00091724581
  -34.501975, 0.000921816, 0.00091724581
  -34.501975, 0.000968688, 0.00091724581
  -34.501975, 0.000945252, 0.00091724581
  -34.501975, 0.000863226, 0.00091724581
  -34.501975, 0.000867132, 0.00091724581
  -34.501975, 0.000777294, 0.00091724581
  -34.501975, 0.000933534, 0.00091724581
  -34.501975, 0.001140552, 0.00091724581
  -34.501975, 0.000964782, 0.00091724581
  -34.501975, 0.00115227, 0.00091724581
  -34.501975, 0.000753858, 0.00091724581
  -34.501975, 0.000933534, 0.00091724581
  -34.501975, 0.000812448, 0.00091724581
  -34.501975, 0.00099603, 0.00091724581
  -34.501975, 0.00093744, 0.00091724581
  -34.501975, 0.00082026, 0.00091724581
  -34.501975, 0.000886662, 0.00091724581
  -34.501975, 0.00076167, 0.00091724581
  -34.501975, 0.000925722, 0.00091724581
  -34.501975, 0.00105462, 0.00091724581
  -34.501975, 0.000921816, 0.00091724581
  -34.501975, 0.00119133, 0.00091724581
  -34.501975, 0.001148364, 0.00091724581
  -34.501975, 0.001156176, 0.00091724581
  -34.501975, 0.000914004, 0.00091724581
  -34.501975, 0.000695268, 0.00091724581
  -34.501975, 0.00103509, 0.00091724581
  -34.501975, 0.00115227, 0.00091724581
  -34.501975, 0.000851508, 0.00091724581
  -34.501975, 0.00103509, 0.00091724581
  -34.501975, 0.000999936, 0.00091724581
  -34.501975, 0.00105462, 0.00091724581
  -34.501975, 0.000914004, 0.00091724581
  -34.501975, 0.001124928, 0.00091724581
  -34.501975, 0.000964782, 0.00091724581
  -34.501975, 0.000894474, 0.00091724581
  -34.501975, 0.000636678, 0.00091724581
  -34.501975, 0.000718704, 0.00091724581
  -34.501975, 0.001105398, 0.00091724581
  -34.501975, 0.000933534, 0.00091724581
  -34.501975, 0.001027278, 0.00091724581
  -34.501975, 0.001187424, 0.00091724581
  -34.501975, 0.000824166, 0.00091724581
  -34.501975, 0.001046808, 0.00091724581
  -34.501975, 0.001101492, 0.00091724581
  -34.501975, 0.000910098, 0.00091724581
  -34.501975, 0.000945252, 0.00091724581
  -34.501975, 0.000960876, 0.00091724581
  -34.501975, 0.001078056, 0.00091724581
  -34.501975, 0.000968688, 0.00091724581
  -34.501975, 0.001070244, 0.00091724581
  -34.501975, 0.000980406, 0.00091724581
  -34.501975, 0.001003842, 0.00091724581
  -34.501975, 0.001066338, 0.00091724581
  -34.501975, 0.001038996, 0.00091724581
  -34.501975, 0.00109368, 0.00091724581
  -34.501975, 0.001085868, 0.00091724581
  -34.501975, 0.00111321, 0.00091724581
  -34.501975, 0.001070244, 0.00091724581
  -34.501975, 0.000804636, 0.00091724581
  -34.501975, 0.001105398, 0.00091724581
  -34.501975, 0.001109304, 0.00091724581
  -34.501975, 0.00082026, 0.00091724581
  -34.501975, 0.000785106, 0.00091724581
  -34.501975, 0.000851508, 0.00091724581
  -34.501975, 0.00095697, 0.00091724581
  -34.501975, 0.000984312, 0.00091724581
  -34.501975, 0.00105462, 0.00091724581
  -34.501975, 0.000789012, 0.00091724581
  -34.501975, 0.000886662, 0.00091724581
  -34.501975, 0.00093744, 0.00091724581
  -34.501975, 0.0007812, 0.00091724581
  -34.501975, 0.000914004, 0.00091724581
  -34.501975, 0.000902286, 0.00091724581
  -34.501975, 0.000804636, 0.00091724581
  -34.501975, 0.0007812, 0.00091724581
  -34.501975, 0.0011718, 0.00091724581
  -34.501975, 0.001179612, 0.00091724581
  -34.501975, 0.000945252, 0.00091724581
  -34.501975, 0.000851508, 0.00091724581
  -34.501975, 0.00068355, 0.00091724581
  -34.501975, 0.001242108, 0.00091724581
  -34.501975, 0.000902286, 0.00091724581
  -34.501975, 0.000851508, 0.00091724581
  -34.501975, 0.000843696, 0.00091724581
  -34.501975, 0.001070244, 0.00091724581
  -34.501975, 0.001136646, 0.00091724581
  -34.501975, 0.00080073, 0.00091724581
  -34.501975, 0.000796824, 0.00091724581
  -34.501975, 0.00089838, 0.00091724581
  -34.501975, 0.00109368, 0.00091724581
  -34.501975, 0.000921816, 0.00091724581
  -34.501975, 0.00103509, 0.00091724581
  -34.501975, 0.000988218, 0.00091724581
  -34.501975, 0.001097586, 0.00091724581
  -34.501975, 0.001031184, 0.00091724581
  -34.501975, 0.000886662, 0.00091724581
  -34.501975, 0.000777294, 0.00091724581
  -34.501975, 0.000855414, 0.00091724581
  -34.501975, 0.001042902, 0.00091724581
  -34.501975, 0.001121022, 0.00091724581
  -34.501975, 0.000671832, 0.00091724581
  -34.501975, 0.000972594, 0.00091724581
  -34.501975, 0.001160082, 0.00091724581
  -34.501975, 0.00083979, 0.00091724581
  -34.501975, 0.000921816, 0.00091724581
  -34.501975, 0.000831978, 0.00091724581
  -34.501975, 0.00093744, 0.00091724581
  -34.501975, 0.001081962, 0.00091724581
  -34.501975, 0.000835884, 0.00091724581
  -34.501975, 0.000894474, 0.00091724581
  -34.501975, 0.0009765, 0.00091724581
  -34.501975, 0.001246014, 0.00091724581
  -34.501975, 0.000679644, 0.00091724581
  -34.501975, 0.001121022, 0.00091724581
  -34.501975, 0.000749952, 0.00091724581
  -34.501975, 0.00072261, 0.00091724581
  -34.501975, 0.001187424, 0.00091724581
  -34.501975, 0.000828072, 0.00091724581
  -34.501975, 0.00087885, 0.00091724581
  -34.501975, 0.000945252, 0.00091724581
  -34.501975, 0.000789012, 0.00091724581
  -34.49552, 0.000867132, 0.00091781016
  -34.49552, 0.000988218, 0.00091781016
  -34.49552, 0.000910098, 0.00091781016
  -34.49552, 0.000824166, 0.00091781016
  -34.49552, 0.00070308, 0.00091781016
  -34.49552, 0.0009765, 0.00091781016
  -34.49552, 0.000980406, 0.00091781016
  -34.49552, 0.001085868, 0.00091781016
  -34.49552, 0.000757764, 0.00091781016
  -34.49552, 0.001109304, 0.00091781016
  -34.49552, 0.001027278, 0.00091781016
  -34.49552, 0.001124928, 0.00091781016
  -34.49552, 0.001007748, 0.00091781016
  -34.49552, 0.001160082, 0.00091781016
  -34.49552, 0.001031184, 0.00091781016
  -34.49552, 0.000785106, 0.00091781016
  -34.49552, 0.000706986, 0.00091781016
  -34.49552, 0.001070244, 0.00091781016
  -34.49552, 0.001136646, 0.00091781016
  -34.49552, 0.000968688, 0.00091781016
  -34.49552, 0.000906192, 0.00091781016
  -34.49552, 0.001050714, 0.00091781016
  -34.49552, 0.001058526, 0.00091781016
  -34.49552, 0.0007812, 0.00091781016
  -34.49552, 0.00124992, 0.00091781016
  -34.49552, 0.00087885, 0.00091781016
  -34.49552, 0.001003842, 0.00091781016
  -34.49552, 0.000867132, 0.00091781016
  -34.49552, 0.000855414, 0.00091781016
  -34.49552, 0.001105398, 0.00091781016
  -34.49552, 0.000863226, 0.00091781016
  -34.49552, 0.00087885, 0.00091781016
  -34.49552, 0.001175706, 0.00091781016
  -34.49552, 0.001031184, 0.00091781016
  -34.49552, 0.000941346, 0.00091781016
  -34.49552, 0.000738234, 0.00091781016
  -34.49552, 0.000753858, 0.00091781016
  -34.49552, 0.001078056, 0.00091781016
  -34.49552, 0.000808542, 0.00091781016
  -34.49552, 0.000835884, 0.00091781016
  -34.49552, 0.00082026, 0.00091781016
  -34.49552, 0.000886662, 0.00091781016
  -34.49552, 0.000999936, 0.00091781016
  -34.49552, 0.000890568, 0.00091781016
  -34.49552, 0.000640584, 0.00091781016
  -34.49552, 0.001031184, 0.00091781016
  -34.49552, 0.001058526, 0.00091781016
  -34.49552, 0.00091791, 0.00091781016
  -34.49552, 0.00103509, 0.00091781016
  -34.49552, 0.001128834, 0.00091781016
  -34.49552, 0.000816354, 0.00091781016
  -34.49552, 0.0009765, 0.00091781016
  -34.49552, 0.000894474, 0.00091781016
  -34.49552, 0.00072261, 0.00091781016
  -34.49552, 0.000949158, 0.00091781016
  -34.49552, 0.000863226, 0.00091781016
  -34.49552, 0.00091791, 0.00091781016
  -34.49552, 0.000984312, 0.00091781016
  -34.49552, 0.00082026, 0.00091781016
  -34.49552, 0.000828072, 0.00091781016
  -34.49552, 0.001101492, 0.00091781016
  -34.49552, 0.000855414, 0.00091781016
  -34.49552, 0.000855414, 0.00091781016
  -34.49552, 0.000757764, 0.00091781016
  -34.49552, 0.001062432, 0.00091781016
  -34.49552, 0.001136646, 0.00091781016
  -34.49552, 0.000964782, 0.00091781016
  -34.49552, 0.000945252, 0.00091781016
  -34.49552, 0.000867132, 0.00091781016
  -34.49552, 0.001136646, 0.00091781016
  -34.49552, 0.00095697, 0.00091781016
  -34.49552, 0.000921816, 0.00091781016
  -34.49552, 0.000816354, 0.00091781016
  -34.49552, 0.00103509, 0.00091781016
  -34.49552, 0.00091791, 0.00091781016
  -34.49552, 0.001101492, 0.00091781016
  -34.49552, 0.000874944, 0.00091781016
  -34.49552, 0.001124928, 0.00091781016
  -34.49552, 0.000902286, 0.00091781016
  -34.49552, 0.000941346, 0.00091781016
  -34.49552, 0.000867132, 0.00091781016
  -34.49552, 0.001089774, 0.00091781016
  -34.49552, 0.00082026, 0.00091781016
  -34.49552, 0.000871038, 0.00091781016
  -34.49552, 0.00093744, 0.00091781016
  -34.49552, 0.000945252, 0.00091781016
  -34.49552, 0.001031184, 0.00091781016
  -34.49552, 0.001203048, 0.00091781016
  -34.49552, 0.00119133, 0.00091781016
  -34.49552, 0.00093744, 0.00091781016
  -34.49552, 0.000984312, 0.00091781016
  -34.49552, 0.001058526, 0.00091781016
  -34.49552, 0.00076167, 0.00091781016
  -34.49552, 0.00093744, 0.00091781016
  -34.49552, 0.0009765, 0.00091781016
  -34.49552, 0.001003842, 0.00091781016
  -34.49552, 0.00083979, 0.00091781016
  -34.49552, 0.000999936, 0.00091781016
  -34.49552, 0.000949158, 0.00091781016
  -34.49552, 0.000726516, 0.00091781016
  -34.49552, 0.00113274, 0.00091781016
  -34.49552, 0.000949158, 0.00091781016
  -34.49552, 0.000941346, 0.00091781016
  -34.49552, 0.000929628, 0.00091781016
  -34.49552, 0.00091791, 0.00091781016
  -34.49552, 0.001027278, 0.00091781016
  -34.49552, 0.000949158, 0.00091781016
  -34.49552, 0.00066402, 0.00091781016
  -34.49552, 0.00121086, 0.00091781016
  -34.49552, 0.001019466, 0.00091781016
  -34.49552, 0.00076167, 0.00091781016
  -34.49552, 0.00072261, 0.00091781016
  -34.49552, 0.001038996, 0.00091781016
  -34.49552, 0.00095697, 0.00091781016
  -34.49552, 0.00093744, 0.00091781016
  -34.49552, 0.001011654, 0.00091781016
  -34.49552, 0.001007748, 0.00091781016
  -34.49552, 0.001031184, 0.00091781016
  -34.49552, 0.000992124, 0.00091781016
  -34.49552, 0.000863226, 0.00091781016
  -34.49552, 0.000851508, 0.00091781016
  -34.49552, 0.000749952, 0.00091781016
  -34.49552, 0.00089838, 0.00091781016
  -34.49552, 0.000874944, 0.00091781016
  -34.49552, 0.001109304, 0.00091781016
  -34.49552, 0.000914004, 0.00091781016
  -34.49552, 0.000972594, 0.00091781016
  -34.49552, 0.000843696, 0.00091781016
  -34.49552, 0.00109368, 0.00091781016
  -34.49552, 0.000874944, 0.00091781016
  -34.49552, 0.001078056, 0.00091781016
  -34.49552, 0.000749952, 0.00091781016
  -34.49552, 0.001007748, 0.00091781016
  -34.49552, 0.000945252, 0.00091781016
  -34.49552, 0.000601524, 0.00091781016
  -34.49552, 0.000796824, 0.00091781016
  -34.49552, 0.000999936, 0.00091781016
  -34.49552, 0.000789012, 0.00091781016
  -34.49552, 0.000999936, 0.00091781016
  -34.49552, 0.001140552, 0.00091781016
  -34.49552, 0.000960876, 0.00091781016
  -34.49552, 0.000831978, 0.00091781016
  -34.49552, 0.000980406, 0.00091781016
  -34.49552, 0.001038996, 0.00091781016
  -34.49552, 0.000640584, 0.00091781016
  -34.49552, 0.000874944, 0.00091781016
  -34.49552, 0.00101556, 0.00091781016
  -34.49552, 0.001070244, 0.00091781016
  -34.49552, 0.00070308, 0.00091781016
  -34.489065, 0.000831978, 0.00091837471
  -34.489065, 0.001058526, 0.00091837471
  -34.489065, 0.001085868, 0.00091837471
  -34.489065, 0.000914004, 0.00091837471
  -34.489065, 0.00101556, 0.00091837471
  -34.489065, 0.000609336, 0.00091837471
  -34.489065, 0.00085932, 0.00091837471
  -34.489065, 0.00119133, 0.00091837471
  -34.489065, 0.000945252, 0.00091837471
  -34.489065, 0.000984312, 0.00091837471
  -34.489065, 0.000968688, 0.00091837471
  -34.489065, 0.000824166, 0.00091837471
  -34.489065, 0.000910098, 0.00091837471
  -34.489065, 0.001109304, 0.00091837471
  -34.489065, 0.00107415, 0.00091837471
  -34.489065, 0.001007748, 0.00091837471
  -34.489065, 0.000906192, 0.00091837471
  -34.489065, 0.000906192, 0.00091837471
  -34.489065, 0.000953064, 0.00091837471
  -34.489065, 0.000738234, 0.00091837471
  -34.489065, 0.00082026, 0.00091837471
  -34.489065, 0.00105462, 0.00091837471
  -34.489065, 0.001070244, 0.00091837471
  -34.489065, 0.001070244, 0.00091837471
  -34.489065, 0.001062432, 0.00091837471
  -34.489065, 0.001140552, 0.00091837471
  -34.489065, 0.000796824, 0.00091837471
  -34.489065, 0.0009765, 0.00091837471
  -34.489065, 0.0009765, 0.00091837471
  -34.489065, 0.000999936, 0.00091837471
  -34.489065, 0.000964782, 0.00091837471
  -34.489065, 0.000894474, 0.00091837471
  -34.489065, 0.00095697, 0.00091837471
  -34.489065, 0.000964782, 0.00091837471
  -34.489065, 0.001058526, 0.00091837471
  -34.489065, 0.000851508, 0.00091837471
  -34.489065, 0.000855414, 0.00091837471
  -34.489065, 0.00085932, 0.00091837471
  -34.489065, 0.000886662, 0.00091837471
  -34.489065, 0.00068355, 0.00091837471
  -34.489065, 0.001292886, 0.00091837471
  -34.489065, 0.00068355, 0.00091837471
  -34.489065, 0.00082026, 0.00091837471
  -34.489065, 0.00101556, 0.00091837471
  -34.489065, 0.001101492, 0.00091837471
  -34.489065, 0.000785106, 0.00091837471
  -34.489065, 0.000824166, 0.00091837471
  -34.489065, 0.001042902, 0.00091837471
  -34.489065, 0.00072261, 0.00091837471
  -34.489065, 0.00083979, 0.00091837471
  -34.489065, 0.00066402, 0.00091837471
  -34.489065, 0.000734328, 0.00091837471
  -34.489065, 0.00099603, 0.00091837471
  -34.489065, 0.001081962, 0.00091837471
  -34.489065, 0.001089774, 0.00091837471
  -34.489065, 0.00062496, 0.00091837471
  -34.489065, 0.000785106, 0.00091837471
  -34.489065, 0.000999936, 0.00091837471
  -34.489065, 0.001058526, 0.00091837471
  -34.489065, 0.000855414, 0.00091837471
  -34.489065, 0.001097586, 0.00091837471
  -34.489065, 0.000789012, 0.00091837471
  -34.489065, 0.00076167, 0.00091837471
  -34.489065, 0.00111321, 0.00091837471
  -34.489065, 0.0007812, 0.00091837471
  -34.489065, 0.001031184, 0.00091837471
  -34.489065, 0.000746046, 0.00091837471
  -34.489065, 0.000925722, 0.00091837471
  -34.489065, 0.000894474, 0.00091837471
  -34.489065, 0.00082026, 0.00091837471
  -34.489065, 0.00076167, 0.00091837471
  -34.489065, 0.001144458, 0.00091837471
  -34.489065, 0.000921816, 0.00091837471
  -34.489065, 0.000808542, 0.00091837471
  -34.489065, 0.000816354, 0.00091837471
  -34.489065, 0.001097586, 0.00091837471
  -34.489065, 0.0009765, 0.00091837471
  -34.489065, 0.00095697, 0.00091837471
  -34.489065, 0.0007812, 0.00091837471
  -34.489065, 0.000902286, 0.00091837471
  -34.489065, 0.00087885, 0.00091837471
  -34.489065, 0.000953064, 0.00091837471
  -34.489065, 0.000812448, 0.00091837471
  -34.489065, 0.00099603, 0.00091837471
  -34.489065, 0.00105462, 0.00091837471
  -34.489065, 0.000914004, 0.00091837471
  -34.489065, 0.000968688, 0.00091837471
  -34.489065, 0.001042902, 0.00091837471
  -34.489065, 0.001148364, 0.00091837471
  -34.489065, 0.000914004, 0.00091837471
  -34.489065, 0.00089838, 0.00091837471
  -34.489065, 0.000964782, 0.00091837471
  -34.489065, 0.000882756, 0.00091837471
  -34.489065, 0.00091791, 0.00091837471
  -34.489065, 0.000999936, 0.00091837471
  -34.489065, 0.000808542, 0.00091837471
  -34.489065, 0.000871038, 0.00091837471
  -34.489065, 0.001167894, 0.00091837471
  -34.489065, 0.000851508, 0.00091837471
  -34.489065, 0.00082026, 0.00091837471
  -34.489065, 0.000871038, 0.00091837471
  -34.489065, 0.001050714, 0.00091837471
  -34.489065, 0.000890568, 0.00091837471
  -34.489065, 0.000980406, 0.00091837471
  -34.489065, 0.001238202, 0.00091837471
  -34.489065, 0.000679644, 0.00091837471
  -34.489065, 0.001109304, 0.00091837471
  -34.489065, 0.001078056, 0.00091837471
  -34.489065, 0.00080073, 0.00091837471
  -34.489065, 0.001042902, 0.00091837471
  -34.489065, 0.000804636, 0.00091837471
  -34.489065, 0.000929628, 0.00091837471
  -34.489065, 0.000953064, 0.00091837471
  -34.489065, 0.001144458, 0.00091837471
  -34.489065, 0.000816354, 0.00091837471
  -34.489065, 0.000925722, 0.00091837471
  -34.489065, 0.000988218, 0.00091837471
  -34.489065, 0.001007748, 0.00091837471
  -34.489065, 0.000843696, 0.00091837471
  -34.489065, 0.00091791, 0.00091837471
  -34.489065, 0.000835884, 0.00091837471
  -34.489065, 0.000863226, 0.00091837471
  -34.489065, 0.0009765, 0.00091837471
  -34.489065, 0.000824166, 0.00091837471
  -34.489065, 0.000960876, 0.00091837471
  -34.489065, 0.000984312, 0.00091837471
  -34.489065, 0.001058526, 0.00091837471
  -34.489065, 0.000843696, 0.00091837471
  -34.489065, 0.000902286, 0.00091837471
  -34.489065, 0.000695268, 0.00091837471
  -34.489065, 0.000773388, 0.00091837471
  -34.489065, 0.001156176, 0.00091837471
  -34.489065, 0.000902286, 0.00091837471
  -34.489065, 0.000964782, 0.00091837471
  -34.489065, 0.00093744, 0.00091837471
  -34.489065, 0.000925722, 0.00091837471
  -34.489065, 0.000730422, 0.00091837471
  -34.489065, 0.000792918, 0.00091837471
  -34.489065, 0.000988218, 0.00091837471
  -34.489065, 0.000941346, 0.00091837471
  -34.489065, 0.000812448, 0.00091837471
  -34.489065, 0.000929628, 0.00091837471
  -34.489065, 0.000874944, 0.00091837471
  -34.489065, 0.001109304, 0.00091837471
  -34.489065, 0.00111321, 0.00091837471
  -34.489065, 0.00080073, 0.00091837471
  -34.489065, 0.001097586, 0.00091837471
  -34.48261, 0.000960876, 0.00091893946
  -34.48261, 0.000882756, 0.00091893946
  -34.48261, 0.000953064, 0.00091893946
  -34.48261, 0.000992124, 0.00091893946
  -34.48261, 0.000648396, 0.00091893946
  -34.48261, 0.000855414, 0.00091893946
  -34.48261, 0.000894474, 0.00091893946
  -34.48261, 0.00083979, 0.00091893946
  -34.48261, 0.000749952, 0.00091893946
  -34.48261, 0.000910098, 0.00091893946
  -34.48261, 0.001050714, 0.00091893946
  -34.48261, 0.001218672, 0.00091893946
  -34.48261, 0.000851508, 0.00091893946
  -34.48261, 0.000695268, 0.00091893946
  -34.48261, 0.000812448, 0.00091893946
  -34.48261, 0.000773388, 0.00091893946
  -34.48261, 0.000789012, 0.00091893946
  -34.48261, 0.000640584, 0.00091893946
  -34.48261, 0.000843696, 0.00091893946
  -34.48261, 0.000960876, 0.00091893946
  -34.48261, 0.001140552, 0.00091893946
  -34.48261, 0.000792918, 0.00091893946
  -34.48261, 0.000964782, 0.00091893946
  -34.48261, 0.000886662, 0.00091893946
  -34.48261, 0.000765576, 0.00091893946
  -34.48261, 0.000992124, 0.00091893946
  -34.48261, 0.000882756, 0.00091893946
  -34.48261, 0.001011654, 0.00091893946
  -34.48261, 0.000921816, 0.00091893946
  -34.48261, 0.00085932, 0.00091893946
  -34.48261, 0.00083979, 0.00091893946
  -34.48261, 0.0007812, 0.00091893946
  -34.48261, 0.000992124, 0.00091893946
  -34.48261, 0.00099603, 0.00091893946
  -34.48261, 0.00085932, 0.00091893946
  -34.48261, 0.00091791, 0.00091893946
  -34.48261, 0.000855414, 0.00091893946
  -34.48261, 0.00087885, 0.00091893946
  -34.48261, 0.001085868, 0.00091893946
  -34.48261, 0.000999936, 0.00091893946
  -34.48261, 0.000535122, 0.00091893946
  -34.48261, 0.000949158, 0.00091893946
  -34.48261, 0.001140552, 0.00091893946
  -34.48261, 0.000851508, 0.00091893946
  -34.48261, 0.001011654, 0.00091893946
  -34.48261, 0.00099603, 0.00091893946
  -34.48261, 0.001011654, 0.00091893946
  -34.48261, 0.000687456, 0.00091893946
  -34.48261, 0.000886662, 0.00091893946
  -34.48261, 0.000921816, 0.00091893946
  -34.48261, 0.000964782, 0.00091893946
  -34.48261, 0.001007748, 0.00091893946
  -34.48261, 0.001097586, 0.00091893946
  -34.48261, 0.001226484, 0.00091893946
  -34.48261, 0.000968688, 0.00091893946
  -34.48261, 0.000921816, 0.00091893946
  -34.48261, 0.000914004, 0.00091893946
  -34.48261, 0.00080073, 0.00091893946
  -34.48261, 0.001246014, 0.00091893946
  -34.48261, 0.001121022, 0.00091893946
  -34.48261, 0.00101556, 0.00091893946
  -34.48261, 0.000988218, 0.00091893946
  -34.48261, 0.000816354, 0.00091893946
  -34.48261, 0.001011654, 0.00091893946
  -34.48261, 0.000968688, 0.00091893946
  -34.48261, 0.00093744, 0.00091893946
  -34.48261, 0.00093744, 0.00091893946
  -34.48261, 0.000769482, 0.00091893946
  -34.48261, 0.00105462, 0.00091893946
  -34.48261, 0.000863226, 0.00091893946
  -34.48261, 0.000992124, 0.00091893946
  -34.48261, 0.000831978, 0.00091893946
  -34.48261, 0.000796824, 0.00091893946
  -34.48261, 0.000964782, 0.00091893946
  -34.48261, 0.000765576, 0.00091893946
  -34.48261, 0.000847602, 0.00091893946
  -34.48261, 0.00107415, 0.00091893946
  -34.48261, 0.00111321, 0.00091893946
  -34.48261, 0.00074214, 0.00091893946
  -34.48261, 0.000945252, 0.00091893946
  -34.48261, 0.000914004, 0.00091893946
  -34.48261, 0.000902286, 0.00091893946
  -34.48261, 0.001089774, 0.00091893946
  -34.48261, 0.00109368, 0.00091893946
  -34.48261, 0.001062432, 0.00091893946
  -34.48261, 0.000656208, 0.00091893946
  -34.48261, 0.000871038, 0.00091893946
  -34.48261, 0.000890568, 0.00091893946
  -34.48261, 0.001214766, 0.00091893946
  -34.48261, 0.001031184, 0.00091893946
  -34.48261, 0.001046808, 0.00091893946
  -34.48261, 0.000929628, 0.00091893946
  -34.48261, 0.000988218, 0.00091893946
  -34.48261, 0.00085932, 0.00091893946
  -34.48261, 0.001023372, 0.00091893946
  -34.48261, 0.000914004, 0.00091893946
  -34.48261, 0.001046808, 0.00091893946
  -34.48261, 0.000831978, 0.00091893946
  -34.48261, 0.001242108, 0.00091893946
  -34.48261, 0.001046808, 0.00091893946
  -34.48261, 0.000855414, 0.00091893946
  -34.48261, 0.001007748, 0.00091893946
  -34.48261, 0.00093744, 0.00091893946
  -34.48261, 0.000929628, 0.00091893946
  -34.48261, 0.000847602, 0.00091893946
  -34.48261, 0.00066402, 0.00091893946
  -34.48261, 0.00085932, 0.00091893946
  -34.48261, 0.00076167, 0.00091893946
  -34.48261, 0.001234296, 0.00091893946
  -34.48261, 0.000671832, 0.00091893946
  -34.48261, 0.000792918, 0.00091893946
  -34.48261, 0.000789012, 0.00091893946
  -34.48261, 0.000949158, 0.00091893946
  -34.48261, 0.000886662, 0.00091893946
  -34.48261, 0.000964782, 0.00091893946
  -34.48261, 0.001058526, 0.00091893946
  -34.48261, 0.000749952, 0.00091893946
  -34.48261, 0.000824166, 0.00091893946
  -34.48261, 0.001062432, 0.00091893946
  -34.48261, 0.00109368, 0.00091893946
  -34.48261, 0.00066402, 0.00091893946
  -34.48261, 0.000660114, 0.00091893946
  -34.48261, 0.000863226, 0.00091893946
  -34.48261, 0.001007748, 0.00091893946
  -34.48261, 0.00093744, 0.00091893946
  -34.48261, 0.00082026, 0.00091893946
  -34.48261, 0.001081962, 0.00091893946
  -34.48261, 0.00093744, 0.00091893946
  -34.48261, 0.00103509, 0.00091893946
  -34.48261, 0.000847602, 0.00091893946
  -34.48261, 0.001117116, 0.00091893946
  -34.48261, 0.000863226, 0.00091893946
  -34.48261, 0.000882756, 0.00091893946
  -34.48261, 0.000953064, 0.00091893946
  -34.48261, 0.000890568, 0.00091893946
  -34.48261, 0.001101492, 0.00091893946
  -34.48261, 0.000816354, 0.00091893946
  -34.48261, 0.000945252, 0.00091893946
  -34.48261, 0.001007748, 0.00091893946
  -34.48261, 0.0009765, 0.00091893946
  -34.48261, 0.001218672, 0.00091893946
  -34.48261, 0.000980406, 0.00091893946
  -34.48261, 0.000757764, 0.00091893946
  -34.48261, 0.000746046, 0.00091893946
  -34.48261, 0.000929628, 0.00091893946
  -34.48261, 0.000914004, 0.00091893946
  -34.48261, 0.001078056, 0.00091893946
  -34.48261, 0.00099603, 0.00091893946
  -34.48261, 0.000921816, 0.00091893946
  -34.48261, 0.000796824, 0.00091893946
  -34.48261, 0.000964782, 0.00091893946
  -34.48261, 0.000945252, 0.00091893946
  -34.48261, 0.000726516, 0.00091893946
  -34.48261, 0.000910098, 0.00091893946
  -34.48261, 0.001058526, 0.00091893946
  -34.48261, 0.00082026, 0.00091893946
  -34.48261, 0.000706986, 0.00091893946
  -34.48261, 0.000933534, 0.00091893946
  -34.48261, 0.000835884, 0.00091893946
  -34.48261, 0.000949158, 0.00091893946
  -34.48261, 0.000902286, 0.00091893946
  -34.48261, 0.000867132, 0.00091893946
  -34.48261, 0.000964782, 0.00091893946
  -34.48261, 0.000726516, 0.00091893946
  -34.48261, 0.001097586, 0.00091893946
  -34.48261, 0.000984312, 0.00091893946
  -34.48261, 0.000914004, 0.00091893946
  -34.48261, 0.000964782, 0.00091893946
  -34.48261, 0.000660114, 0.00091893946
  -34.48261, 0.000769482, 0.00091893946
  -34.48261, 0.000964782, 0.00091893946
  -34.48261, 0.000914004, 0.00091893946
  -34.48261, 0.0009765, 0.00091893946
  -34.48261, 0.000863226, 0.00091893946
  -34.48261, 0.000863226, 0.00091893946
  -34.48261, 0.001081962, 0.00091893946
  -34.48261, 0.00121086, 0.00091893946
  -34.476155, 0.00111321, 0.00091950439
  -34.476155, 0.000914004, 0.00091950439
  -34.476155, 0.000999936, 0.00091950439
  -34.476155, 0.001218672, 0.00091950439
  -34.476155, 0.00091791, 0.00091950439
  -34.476155, 0.000886662, 0.00091950439
  -34.476155, 0.000984312, 0.00091950439
  -34.476155, 0.001066338, 0.00091950439
  -34.476155, 0.000945252, 0.00091950439
  -34.476155, 0.001011654, 0.00091950439
  -34.476155, 0.001042902, 0.00091950439
  -34.476155, 0.000968688, 0.00091950439
  -34.476155, 0.000718704, 0.00091950439
  -34.476155, 0.001101492, 0.00091950439
  -34.476155, 0.00115227, 0.00091950439
  -34.476155, 0.00123039, 0.00091950439
  -34.476155, 0.000949158, 0.00091950439
  -34.476155, 0.000738234, 0.00091950439
  -34.476155, 0.000894474, 0.00091950439
  -34.476155, 0.000499968, 0.00091950439
  -34.476155, 0.000785106, 0.00091950439
  -34.476155, 0.001097586, 0.00091950439
  -34.476155, 0.000980406, 0.00091950439
  -34.476155, 0.000808542, 0.00091950439
  -34.476155, 0.000984312, 0.00091950439
  -34.476155, 0.000765576, 0.00091950439
  -34.476155, 0.000925722, 0.00091950439
  -34.476155, 0.001179612, 0.00091950439
  -34.476155, 0.001203048, 0.00091950439
  -34.476155, 0.00093744, 0.00091950439
  -34.476155, 0.000757764, 0.00091950439
  -34.476155, 0.000941346, 0.00091950439
  -34.476155, 0.000960876, 0.00091950439
  -34.476155, 0.001027278, 0.00091950439
  -34.476155, 0.000874944, 0.00091950439
  -34.476155, 0.000749952, 0.00091950439
  -34.476155, 0.000847602, 0.00091950439
  -34.476155, 0.00091791, 0.00091950439
  -34.476155, 0.000511686, 0.00091950439
  -34.476155, 0.000964782, 0.00091950439
  -34.476155, 0.00113274, 0.00091950439
  -34.476155, 0.000675738, 0.00091950439
  -34.476155, 0.00072261, 0.00091950439
  -34.476155, 0.001042902, 0.00091950439
  -34.476155, 0.000874944, 0.00091950439
  -34.476155, 0.001085868, 0.00091950439
  -34.476155, 0.00085932, 0.00091950439
  -34.476155, 0.00072261, 0.00091950439
  -34.476155, 0.000949158, 0.00091950439
  -34.476155, 0.000808542, 0.00091950439
  -34.476155, 0.001163988, 0.00091950439
  -34.476155, 0.000785106, 0.00091950439
  -34.476155, 0.000867132, 0.00091950439
  -34.476155, 0.00119133, 0.00091950439
  -34.476155, 0.00111321, 0.00091950439
  -34.476155, 0.001085868, 0.00091950439
  -34.476155, 0.000906192, 0.00091950439
  -34.476155, 0.000929628, 0.00091950439
  -34.476155, 0.001042902, 0.00091950439
  -34.476155, 0.001070244, 0.00091950439
  -34.476155, 0.001046808, 0.00091950439
  -34.476155, 0.000804636, 0.00091950439
  -34.476155, 0.000964782, 0.00091950439
  -34.476155, 0.000831978, 0.00091950439
  -34.476155, 0.000785106, 0.00091950439
  -34.476155, 0.000714798, 0.00091950439
  -34.476155, 0.001007748, 0.00091950439
  -34.476155, 0.001222578, 0.00091950439
  -34.476155, 0.00085932, 0.00091950439
  -34.476155, 0.000671832, 0.00091950439
  -34.476155, 0.00083979, 0.00091950439
  -34.476155, 0.000953064, 0.00091950439
  -34.476155, 0.000925722, 0.00091950439
  -34.476155, 0.00099603, 0.00091950439
  -34.476155, 0.001062432, 0.00091950439
  -34.476155, 0.000925722, 0.00091950439
  -34.476155, 0.000855414, 0.00091950439
  -34.476155, 0.001019466, 0.00091950439
  -34.476155, 0.000921816, 0.00091950439
  -34.476155, 0.000816354, 0.00091950439
  -34.476155, 0.00101556, 0.00091950439
  -34.476155, 0.001011654, 0.00091950439
  -34.476155, 0.001027278, 0.00091950439
  -34.476155, 0.000796824, 0.00091950439
  -34.476155, 0.000874944, 0.00091950439
  -34.476155, 0.001031184, 0.00091950439
  -34.476155, 0.000921816, 0.00091950439
  -34.476155, 0.000941346, 0.00091950439
  -34.476155, 0.000835884, 0.00091950439
  -34.476155, 0.000706986, 0.00091950439
  -34.476155, 0.000949158, 0.00091950439
  -34.476155, 0.001085868, 0.00091950439
  -34.476155, 0.000757764, 0.00091950439
  -34.476155, 0.00093744, 0.00091950439
  -34.476155, 0.000921816, 0.00091950439
  -34.476155, 0.001121022, 0.00091950439
  -34.476155, 0.00080073, 0.00091950439
  -34.476155, 0.000941346, 0.00091950439
  -34.476155, 0.000925722, 0.00091950439
  -34.476155, 0.000910098, 0.00091950439
  -34.476155, 0.000925722, 0.00091950439
  -34.476155, 0.001031184, 0.00091950439
  -34.476155, 0.001101492, 0.00091950439
  -34.476155, 0.000933534, 0.00091950439
  -34.476155, 0.000933534, 0.00091950439
  -34.476155, 0.000929628, 0.00091950439
  -34.476155, 0.000695268, 0.00091950439
  -34.476155, 0.001253826, 0.00091950439
  -34.476155, 0.000851508, 0.00091950439
  -34.476155, 0.001101492, 0.00091950439
  -34.476155, 0.000578088, 0.00091950439
  -34.476155, 0.000824166, 0.00091950439
  -34.476155, 0.000847602, 0.00091950439
  -34.476155, 0.000941346, 0.00091950439
  -34.476155, 0.001081962, 0.00091950439
  -34.476155, 0.000847602, 0.00091950439
  -34.476155, 0.000933534, 0.00091950439
  -34.476155, 0.000886662, 0.00091950439
  -34.476155, 0.000863226, 0.00091950439
  -34.476155, 0.001031184, 0.00091950439
  -34.476155, 0.000835884, 0.00091950439
  -34.476155, 0.000902286, 0.00091950439
  -34.476155, 0.000874944, 0.00091950439
  -34.476155, 0.001148364, 0.00091950439
  -34.476155, 0.001011654, 0.00091950439
  -34.476155, 0.001070244, 0.00091950439
  -34.476155, 0.000953064, 0.00091950439
  -34.476155, 0.000988218, 0.00091950439
  -34.476155, 0.000867132, 0.00091950439
  -34.476155, 0.001003842, 0.00091950439
  -34.476155, 0.000769482, 0.00091950439
  -34.476155, 0.000968688, 0.00091950439
  -34.476155, 0.000933534, 0.00091950439
  -34.476155, 0.001003842, 0.00091950439
  -34.476155, 0.001019466, 0.00091950439
  -34.476155, 0.001070244, 0.00091950439
  -34.476155, 0.00087885, 0.00091950439
  -34.476155, 0.001003842, 0.00091950439
  -34.476155, 0.000980406, 0.00091950439
  -34.476155, 0.000874944, 0.00091950439
  -34.476155, 0.000972594, 0.00091950439
  -34.476155, 0.000933534, 0.00091950439
  -34.476155, 0.000734328, 0.00091950439
  -34.476155, 0.001156176, 0.00091950439
  -34.476155, 0.000929628, 0.00091950439
  -34.476155, 0.000730422, 0.00091950439
  -34.476155, 0.00082026, 0.00091950439
  -34.476155, 0.000789012, 0.00091950439
  -34.476155, 0.000847602, 0.00091950439
  -34.476155, 0.001140552, 0.00091950439
  -34.476155, 0.0009765, 0.00091950439
  -34.476155, 0.00085932, 0.00091950439
  -34.476155, 0.000613242, 0.00091950439
  -34.476155, 0.00093744, 0.00091950439
  -34.476155, 0.001050714, 0.00091950439
  -34.476155, 0.001019466, 0.00091950439
  -34.476155, 0.000726516, 0.00091950439
  -34.476155, 0.000765576, 0.00091950439
  -34.476155, 0.000910098, 0.00091950439
  -34.476155, 0.000960876, 0.00091950439
  -34.476155, 0.000726516, 0.00091950439
  -34.476155, 0.000749952, 0.00091950439
  -34.476155, 0.001160082, 0.00091950439
  -34.476155, 0.000796824, 0.00091950439
  -34.476155, 0.001101492, 0.00091950439
  -34.476155, 0.001089774, 0.00091950439
  -34.476155, 0.001003842, 0.00091950439
  -34.476155, 0.000871038, 0.00091950439
  -34.476155, 0.001218672, 0.00091950439
  -34.476155, 0.0007812, 0.00091950439
  -34.476155, 0.000941346, 0.00091950439
  -34.476155, 0.000906192, 0.00091950439
  -34.476155, 0.000906192, 0.00091950439
  -34.476155, 0.001222578, 0.00091950439
  -34.476155, 0.000906192, 0.00091950439
  -34.476155, 0.000941346, 0.00091950439
  -34.476155, 0.00093744, 0.00091950439
  -34.476155, 0.00091791, 0.00091950439
  -34.476155, 0.001234296, 0.00091950439
  -34.476155, 0.00111321, 0.00091950439
  -34.476155, 0.000972594, 0.00091950439
  -34.476155, 0.000874944, 0.00091950439
  -34.476155, 0.000984312, 0.00091950439
  -34.476155, 0.000972594, 0.00091950439
  -34.476155, 0.000925722, 0.00091950439
  -34.476155, 0.000890568, 0.00091950439
  -34.4697, 0.000734328, 0.00092006953
  -34.4697, 0.001003842, 0.00092006953
  -34.4697, 0.001007748, 0.00092006953
  -34.4697, 0.000753858, 0.00092006953
  -34.4697, 0.001156176, 0.00092006953
  -34.4697, 0.00101556, 0.00092006953
  -34.4697, 0.000980406, 0.00092006953
  -34.4697, 0.00091791, 0.00092006953
  -34.4697, 0.000886662, 0.00092006953
  -34.4697, 0.001089774, 0.00092006953
  -34.4697, 0.000824166, 0.00092006953
  -34.4697, 0.000835884, 0.00092006953
  -34.4697, 0.0011718, 0.00092006953
  -34.4697, 0.001011654, 0.00092006953
  -34.4697, 0.00111321, 0.00092006953
  -34.4697, 0.000914004, 0.00092006953
  -34.4697, 0.000855414, 0.00092006953
  -34.4697, 0.00085932, 0.00092006953
  -34.4697, 0.000632772, 0.00092006953
  -34.4697, 0.000757764, 0.00092006953
  -34.4697, 0.000933534, 0.00092006953
  -34.4697, 0.00083979, 0.00092006953
  -34.4697, 0.00113274, 0.00092006953
  -34.4697, 0.001007748, 0.00092006953
  -34.4697, 0.000949158, 0.00092006953
  -34.4697, 0.000867132, 0.00092006953
  -34.4697, 0.00085932, 0.00092006953
  -34.4697, 0.001003842, 0.00092006953
  -34.4697, 0.00101556, 0.00092006953
  -34.4697, 0.000777294, 0.00092006953
  -34.4697, 0.0007812, 0.00092006953
  -34.4697, 0.000777294, 0.00092006953
  -34.4697, 0.00091791, 0.00092006953
  -34.4697, 0.000933534, 0.00092006953
  -34.4697, 0.000902286, 0.00092006953
  -34.4697, 0.000980406, 0.00092006953
  -34.4697, 0.001011654, 0.00092006953
  -34.4697, 0.001062432, 0.00092006953
  -34.4697, 0.000925722, 0.00092006953
  -34.4697, 0.001148364, 0.00092006953
  -34.4697, 0.0007812, 0.00092006953
  -34.4697, 0.000968688, 0.00092006953
  -34.4697, 0.001156176, 0.00092006953
  -34.4697, 0.001042902, 0.00092006953
  -34.4697, 0.000804636, 0.00092006953
  -34.4697, 0.00083979, 0.00092006953
  -34.4697, 0.000835884, 0.00092006953
  -34.4697, 0.001062432, 0.00092006953
  -34.4697, 0.000734328, 0.00092006953
  -34.4697, 0.000886662, 0.00092006953
  -34.4697, 0.000855414, 0.00092006953
  -34.4697, 0.000792918, 0.00092006953
  -34.4697, 0.0007812, 0.00092006953
  -34.4697, 0.001066338, 0.00092006953
  -34.4697, 0.000785106, 0.00092006953
  -34.4697, 0.001027278, 0.00092006953
  -34.4697, 0.000796824, 0.00092006953
  -34.4697, 0.001222578, 0.00092006953
  -34.4697, 0.000542934, 0.00092006953
  -34.4697, 0.000960876, 0.00092006953
  -34.4697, 0.000835884, 0.00092006953
  -34.4697, 0.00109368, 0.00092006953
  -34.4697, 0.00119133, 0.00092006953
  -34.4697, 0.00107415, 0.00092006953
  -34.4697, 0.000921816, 0.00092006953
  -34.4697, 0.000933534, 0.00092006953
  -34.4697, 0.000816354, 0.00092006953
  -34.4697, 0.000808542, 0.00092006953
  -34.4697, 0.001027278, 0.00092006953
  -34.4697, 0.00074214, 0.00092006953
  -34.4697, 0.000874944, 0.00092006953
  -34.4697, 0.001019466, 0.00092006953
  -34.4697, 0.001144458, 0.00092006953
  -34.4697, 0.001105398, 0.00092006953
  -34.4697, 0.001078056, 0.00092006953
  -34.4697, 0.000777294, 0.00092006953
  -34.4697, 0.000871038, 0.00092006953
  -34.4697, 0.000679644, 0.00092006953
  -34.4697, 0.001085868, 0.00092006953
  -34.4697, 0.000773388, 0.00092006953
  -34.4697, 0.000808542, 0.00092006953
  -34.4697, 0.000964782, 0.00092006953
  -34.4697, 0.000968688, 0.00092006953
  -34.4697, 0.000824166, 0.00092006953
  -34.4697, 0.000902286, 0.00092006953
  -34.4697, 0.00109368, 0.00092006953
  -34.4697, 0.001121022, 0.00092006953
  -34.4697, 0.001199142, 0.00092006953
  -34.4697, 0.000808542, 0.00092006953
  -34.4697, 0.000992124, 0.00092006953
  -34.4697, 0.001097586, 0.00092006953
  -34.4697, 0.000730422, 0.00092006953
  -34.4697, 0.000835884, 0.00092006953
  -34.4697, 0.000851508, 0.00092006953
  -34.4697, 0.000609336, 0.00092006953
  -34.4697, 0.000968688, 0.00092006953
  -34.4697, 0.001148364, 0.00092006953
  -34.4697, 0.000589806, 0.00092006953
  -34.4697, 0.000808542, 0.00092006953
  -34.4697, 0.00089838, 0.00092006953
  -34.4697, 0.000831978, 0.00092006953
  -34.4697, 0.00093744, 0.00092006953
  -34.4697, 0.00085932, 0.00092006953
  -34.4697, 0.000894474, 0.00092006953
  -34.4697, 0.00105462, 0.00092006953
  -34.4697, 0.001167894, 0.00092006953
  -34.4697, 0.000874944, 0.00092006953
  -34.4697, 0.001140552, 0.00092006953
  -34.4697, 0.000886662, 0.00092006953
  -34.4697, 0.000824166, 0.00092006953
  -34.4697, 0.000960876, 0.00092006953
  -34.4697, 0.001038996, 0.00092006953
  -34.4697, 0.000789012, 0.00092006953
  -34.4697, 0.000699174, 0.00092006953
  -34.4697, 0.00093744, 0.00092006953
  -34.4697, 0.001097586, 0.00092006953
  -34.4697, 0.000964782, 0.00092006953
  -34.4697, 0.000890568, 0.00092006953
  -34.4697, 0.001058526, 0.00092006953
  -34.4697, 0.001027278, 0.00092006953
  -34.4697, 0.000699174, 0.00092006953
  -34.4697, 0.001046808, 0.00092006953
  -34.4697, 0.001085868, 0.00092006953
  -34.4697, 0.000890568, 0.00092006953
  -34.4697, 0.000882756, 0.00092006953
  -34.4697, 0.000894474, 0.00092006953
  -34.4697, 0.00107415, 0.00092006953
  -34.4697, 0.000828072, 0.00092006953
  -34.4697, 0.001163988, 0.00092006953
  -34.4697, 0.000921816, 0.00092006953
  -34.4697, 0.001027278, 0.00092006953
  -34.4697, 0.000906192, 0.00092006953
  -34.4697, 0.000890568, 0.00092006953
  -34.4697, 0.000652302, 0.00092006953
  -34.4697, 0.000933534, 0.00092006953
  -34.4697, 0.000882756, 0.00092006953
  -34.4697, 0.000890568, 0.00092006953
  -34.4697, 0.000941346, 0.00092006953
  -34.4697, 0.001105398, 0.00092006953
  -34.4697, 0.000999936, 0.00092006953
  -34.4697, 0.00105462, 0.00092006953
  -34.4697, 0.000894474, 0.00092006953
  -34.4697, 0.000949158, 0.00092006953
  -34.4697, 0.00082026, 0.00092006953
  -34.4697, 0.000910098, 0.00092006953
  -34.4697, 0.001007748, 0.00092006953
  -34.4697, 0.000574182, 0.00092006953
  -34.4697, 0.00068355, 0.00092006953
  -34.4697, 0.000574182, 0.00092006953
  -34.4697, 0.000816354, 0.00092006953
  -34.4697, 0.000925722, 0.00092006953
  -34.4697, 0.00083979, 0.00092006953
  -34.4697, 0.000929628, 0.00092006953
  -34.4697, 0.000902286, 0.00092006953
  -34.4697, 0.000835884, 0.00092006953
  -34.4697, 0.000921816, 0.00092006953
  -34.4697, 0.001156176, 0.00092006953
  -34.4697, 0.0009765, 0.00092006953
  -34.4697, 0.000632772, 0.00092006953
  -34.4697, 0.000738234, 0.00092006953
  -34.4697, 0.000808542, 0.00092006953
  -34.4697, 0.00066402, 0.00092006953
  -34.4697, 0.00082026, 0.00092006953
  -34.4697, 0.00087885, 0.00092006953
  -34.4697, 0.000554652, 0.00092006953
  -34.4697, 0.000785106, 0.00092006953
  -34.4697, 0.001265544, 0.00092006953
  -34.4697, 0.001105398, 0.00092006953
  -34.4697, 0.00072261, 0.00092006953
  -34.4697, 0.000910098, 0.00092006953
  -34.4697, 0.001050714, 0.00092006953
  -34.4697, 0.000910098, 0.00092006953
  -34.4697, 0.000738234, 0.00092006953
  -34.4697, 0.000890568, 0.00092006953
  -34.4697, 0.001027278, 0.00092006953
  -34.4697, 0.001003842, 0.00092006953
  -34.4697, 0.000914004, 0.00092006953
  -34.4697, 0.000863226, 0.00092006953
  -34.4697, 0.001003842, 0.00092006953
  -34.4697, 0.000921816, 0.00092006953
  -34.4697, 0.0009765, 0.00092006953
  -34.4697, 0.001101492, 0.00092006953
  -34.4697, 0.00068355, 0.00092006953
  -34.4697, 0.000828072, 0.00092006953
  -34.4697, 0.001124928, 0.00092006953
  -34.4697, 0.001167894, 0.00092006953
  -34.4697, 0.00083979, 0.00092006953
  -34.4697, 0.000804636, 0.00092006953
  -34.4697, 0.000867132, 0.00092006953
  -34.4697, 0.001105398, 0.00092006953
  -34.4697, 0.001019466, 0.00092006953
  -34.4697, 0.000910098, 0.00092006953
  -34.4697, 0.00074214, 0.00092006953
  -34.4697, 0.000706986, 0.00092006953
  -34.4697, 0.00107415, 0.00092006953
  -34.4697, 0.00082026, 0.00092006953
  -34.4697, 0.001027278, 0.00092006953
  -34.4697, 0.0007812, 0.00092006953
  -34.4697, 0.001078056, 0.00092006953
  -34.4697, 0.00111321, 0.00092006953
  -34.4697, 0.001058526, 0.00092006953
  -34.4697, 0.001042902, 0.00092006953
  -34.4697, 0.001070244, 0.00092006953
  -34.4697, 0.000734328, 0.00092006953
  -34.4697, 0.000828072, 0.00092006953
  -34.4697, 0.001136646, 0.00092006953
  -34.4697, 0.001070244, 0.00092006953
  -34.4697, 0.000886662, 0.00092006953
  -34.4697, 0.000835884, 0.00092006953
  -34.4697, 0.00099603, 0.00092006953
  -34.4697, 0.00091791, 0.00092006953
  -34.4697, 0.000980406, 0.00092006953
  -34.4697, 0.001046808, 0.00092006953
  -34.4697, 0.000816354, 0.00092006953
  -34.463245, 0.000785106, 0.00092063485
  -34.463245, 0.000894474, 0.00092063485
  -34.463245, 0.001081962, 0.00092063485
  -34.463245, 0.000906192, 0.00092063485
  -34.463245, 0.000691362, 0.00092063485
  -34.463245, 0.000863226, 0.00092063485
  -34.463245, 0.001097586, 0.00092063485
  -34.463245, 0.001003842, 0.00092063485
  -34.463245, 0.000765576, 0.00092063485
  -34.463245, 0.000968688, 0.00092063485
  -34.463245, 0.000953064, 0.00092063485
  -34.463245, 0.000988218, 0.00092063485
  -34.463245, 0.000726516, 0.00092063485
  -34.463245, 0.000871038, 0.00092063485
  -34.463245, 0.000949158, 0.00092063485
  -34.463245, 0.00107415, 0.00092063485
  -34.463245, 0.000945252, 0.00092063485
  -34.463245, 0.000613242, 0.00092063485
  -34.463245, 0.00101556, 0.00092063485
  -34.463245, 0.001042902, 0.00092063485
  -34.463245, 0.00066402, 0.00092063485
  -34.463245, 0.001206954, 0.00092063485
  -34.463245, 0.000933534, 0.00092063485
  -34.463245, 0.000882756, 0.00092063485
  -34.463245, 0.000589806, 0.00092063485
  -34.463245, 0.001206954, 0.00092063485
  -34.463245, 0.000785106, 0.00092063485
  -34.463245, 0.000968688, 0.00092063485
  -34.463245, 0.001038996, 0.00092063485
  -34.463245, 0.000968688, 0.00092063485
  -34.463245, 0.001078056, 0.00092063485
  -34.463245, 0.001078056, 0.00092063485
  -34.463245, 0.0009765, 0.00092063485
  -34.463245, 0.000777294, 0.00092063485
  -34.463245, 0.00089838, 0.00092063485
  -34.463245, 0.001019466, 0.00092063485
  -34.463245, 0.001058526, 0.00092063485
  -34.463245, 0.000964782, 0.00092063485
  -34.463245, 0.000851508, 0.00092063485
  -34.463245, 0.00080073, 0.00092063485
  -34.463245, 0.001226484, 0.00092063485
  -34.463245, 0.000871038, 0.00092063485
  -34.463245, 0.000984312, 0.00092063485
  -34.463245, 0.00076167, 0.00092063485
  -34.463245, 0.000933534, 0.00092063485
  -34.463245, 0.000886662, 0.00092063485
  -34.463245, 0.000734328, 0.00092063485
  -34.463245, 0.001078056, 0.00092063485
  -34.463245, 0.000921816, 0.00092063485
  -34.463245, 0.001019466, 0.00092063485
  -34.463245, 0.000636678, 0.00092063485
  -34.463245, 0.001046808, 0.00092063485
  -34.463245, 0.000871038, 0.00092063485
  -34.463245, 0.001089774, 0.00092063485
  -34.463245, 0.000980406, 0.00092063485
  -34.463245, 0.000894474, 0.00092063485
  -34.463245, 0.000769482, 0.00092063485
  -34.463245, 0.000753858, 0.00092063485
  -34.463245, 0.000941346, 0.00092063485
  -34.463245, 0.000906192, 0.00092063485
  -34.463245, 0.00091791, 0.00092063485
  -34.463245, 0.001097586, 0.00092063485
  -34.463245, 0.000980406, 0.00092063485
  -34.463245, 0.001136646, 0.00092063485
  -34.463245, 0.001117116, 0.00092063485
  -34.463245, 0.000933534, 0.00092063485
  -34.463245, 0.000874944, 0.00092063485
  -34.463245, 0.000714798, 0.00092063485
  -34.463245, 0.000968688, 0.00092063485
  -34.463245, 0.001066338, 0.00092063485
  -34.463245, 0.000988218, 0.00092063485
  -34.463245, 0.000890568, 0.00092063485
  -34.463245, 0.000999936, 0.00092063485
  -34.463245, 0.000953064, 0.00092063485
  -34.463245, 0.000867132, 0.00092063485
  -34.463245, 0.001050714, 0.00092063485
  -34.463245, 0.001003842, 0.00092063485
  -34.463245, 0.000992124, 0.00092063485
  -34.463245, 0.001011654, 0.00092063485
  -34.463245, 0.001136646, 0.00092063485
  -34.463245, 0.000843696, 0.00092063485
  -34.463245, 0.001007748, 0.00092063485
  -34.463245, 0.000925722, 0.00092063485
  -34.463245, 0.000999936, 0.00092063485
  -34.463245, 0.00083979, 0.00092063485
  -34.463245, 0.000831978, 0.00092063485
  -34.463245, 0.001066338, 0.00092063485
  -34.463245, 0.001124928, 0.00092063485
  -34.463245, 0.000847602, 0.00092063485
  -34.463245, 0.000882756, 0.00092063485
  -34.463245, 0.000949158, 0.00092063485
  -34.463245, 0.001144458, 0.00092063485
  -34.463245, 0.001062432, 0.00092063485
  -34.463245, 0.001136646, 0.00092063485
  -34.463245, 0.00087885, 0.00092063485
  -34.463245, 0.001203048, 0.00092063485
  -34.463245, 0.001007748, 0.00092063485
  -34.463245, 0.000890568, 0.00092063485
  -34.463245, 0.000988218, 0.00092063485
  -34.463245, 0.001019466, 0.00092063485
  -34.463245, 0.000980406, 0.00092063485
  -34.463245, 0.00105462, 0.00092063485
  -34.463245, 0.00121086, 0.00092063485
  -34.463245, 0.001078056, 0.00092063485
  -34.463245, 0.000968688, 0.00092063485
  -34.463245, 0.000871038, 0.00092063485
  -34.463245, 0.000789012, 0.00092063485
  -34.463245, 0.001097586, 0.00092063485
  -34.463245, 0.001031184, 0.00092063485
  -34.463245, 0.000843696, 0.00092063485
  -34.463245, 0.001246014, 0.00092063485
  -34.463245, 0.000992124, 0.00092063485
  -34.463245, 0.00085932, 0.00092063485
  -34.463245, 0.00082026, 0.00092063485
  -34.463245, 0.000902286, 0.00092063485
  -34.463245, 0.00087885, 0.00092063485
  -34.463245, 0.00091791, 0.00092063485
  -34.463245, 0.001066338, 0.00092063485
  -34.463245, 0.000874944, 0.00092063485
  -34.463245, 0.000816354, 0.00092063485
  -34.463245, 0.000960876, 0.00092063485
  -34.463245, 0.000874944, 0.00092063485
  -34.463245, 0.000949158, 0.00092063485
  -34.463245, 0.001101492, 0.00092063485
  -34.463245, 0.00072261, 0.00092063485
  -34.463245, 0.00093744, 0.00092063485
  -34.463245, 0.000980406, 0.00092063485
  -34.463245, 0.001183518, 0.00092063485
  -34.463245, 0.001163988, 0.00092063485
  -34.463245, 0.000949158, 0.00092063485
  -34.463245, 0.0009765, 0.00092063485
  -34.463245, 0.001066338, 0.00092063485
  -34.463245, 0.000945252, 0.00092063485
  -34.463245, 0.000960876, 0.00092063485
  -34.463245, 0.001238202, 0.00092063485
  -34.463245, 0.00074214, 0.00092063485
  -34.463245, 0.000960876, 0.00092063485
  -34.463245, 0.001144458, 0.00092063485
  -34.463245, 0.000949158, 0.00092063485
  -34.463245, 0.000812448, 0.00092063485
  -34.463245, 0.001246014, 0.00092063485
  -34.463245, 0.00093744, 0.00092063485
  -34.463245, 0.0007812, 0.00092063485
  -34.463245, 0.001027278, 0.00092063485
  -34.463245, 0.000953064, 0.00092063485
  -34.463245, 0.000886662, 0.00092063485
  -34.463245, 0.000785106, 0.00092063485
  -34.463245, 0.00066402, 0.00092063485
  -34.463245, 0.000714798, 0.00092063485
  -34.463245, 0.000792918, 0.00092063485
  -34.463245, 0.00103509, 0.00092063485
  -34.463245, 0.000831978, 0.00092063485
  -34.463245, 0.00085932, 0.00092063485
  -34.463245, 0.00080073, 0.00092063485
  -34.463245, 0.00070308, 0.00092063485
  -34.463245, 0.000730422, 0.00092063485
  -34.463245, 0.000765576, 0.00092063485
  -34.463245, 0.000749952, 0.00092063485
  -34.463245, 0.000867132, 0.00092063485
  -34.463245, 0.00109368, 0.00092063485
  -34.463245, 0.000855414, 0.00092063485
  -34.463245, 0.001078056, 0.00092063485
  -34.463245, 0.001038996, 0.00092063485
  -34.463245, 0.001101492, 0.00092063485
  -34.463245, 0.000867132, 0.00092063485
  -34.463245, 0.00091791, 0.00092063485
  -34.463245, 0.000960876, 0.00092063485
  -34.463245, 0.000855414, 0.00092063485
  -34.463245, 0.001027278, 0.00092063485
  -34.463245, 0.00076167, 0.00092063485
  -34.463245, 0.000933534, 0.00092063485
  -34.463245, 0.001183518, 0.00092063485
  -34.463245, 0.00089838, 0.00092063485
  -34.463245, 0.00083979, 0.00092063485
  -34.463245, 0.001175706, 0.00092063485
  -34.463245, 0.000609336, 0.00092063485
  -34.463245, 0.000972594, 0.00092063485
  -34.463245, 0.000906192, 0.00092063485
  -34.463245, 0.000831978, 0.00092063485
  -34.463245, 0.00089838, 0.00092063485
  -34.463245, 0.000667926, 0.00092063485
  -34.463245, 0.000558558, 0.00092063485
  -34.463245, 0.000804636, 0.00092063485
  -34.463245, 0.001050714, 0.00092063485
  -34.463245, 0.00113274, 0.00092063485
  -34.463245, 0.000929628, 0.00092063485
  -34.463245, 0.000558558, 0.00092063485
  -34.463245, 0.00068355, 0.00092063485
  -34.463245, 0.001019466, 0.00092063485
  -34.463245, 0.000835884, 0.00092063485
  -34.463245, 0.00082026, 0.00092063485
  -34.463245, 0.000910098, 0.00092063485
  -34.463245, 0.000964782, 0.00092063485
  -34.463245, 0.000921816, 0.00092063485
  -34.463245, 0.001218672, 0.00092063485
  -34.463245, 0.000972594, 0.00092063485
  -34.463245, 0.001062432, 0.00092063485
  -34.463245, 0.001058526, 0.00092063485
  -34.463245, 0.00089838, 0.00092063485
  -34.463245, 0.001038996, 0.00092063485
  -34.463245, 0.000871038, 0.00092063485
  -34.463245, 0.000636678, 0.00092063485
  -34.463245, 0.000890568, 0.00092063485
  -34.463245, 0.00105462, 0.00092063485
  -34.463245, 0.000714798, 0.00092063485
  -34.463245, 0.001066338, 0.00092063485
  -34.463245, 0.000902286, 0.00092063485
  -34.463245, 0.00093744, 0.00092063485
  -34.463245, 0.000847602, 0.00092063485
  -34.463245, 0.00093744, 0.00092063485
  -34.463245, 0.001121022, 0.00092063485
  -34.463245, 0.000902286, 0.00092063485
  -34.463245, 0.00076167, 0.00092063485
  -34.463245, 0.000890568, 0.00092063485
  -34.463245, 0.000921816, 0.00092063485
  -34.463245, 0.001078056, 0.00092063485
  -34.45679, 0.00072261, 0.00092120038
  -34.45679, 0.001128834, 0.00092120038
  -34.45679, 0.00103509, 0.00092120038
  -34.45679, 0.000933534, 0.00092120038
  -34.45679, 0.000933534, 0.00092120038
  -34.45679, 0.001050714, 0.00092120038
  -34.45679, 0.000972594, 0.00092120038
  -34.45679, 0.001023372, 0.00092120038
  -34.45679, 0.000992124, 0.00092120038
  -34.45679, 0.000910098, 0.00092120038
  -34.45679, 0.000910098, 0.00092120038
  -34.45679, 0.000691362, 0.00092120038
  -34.45679, 0.000925722, 0.00092120038
  -34.45679, 0.000914004, 0.00092120038
  -34.45679, 0.000757764, 0.00092120038
  -34.45679, 0.001355382, 0.00092120038
  -34.45679, 0.000730422, 0.00092120038
  -34.45679, 0.000914004, 0.00092120038
  -34.45679, 0.000906192, 0.00092120038
  -34.45679, 0.00082026, 0.00092120038
  -34.45679, 0.000972594, 0.00092120038
  -34.45679, 0.000808542, 0.00092120038
  -34.45679, 0.00087885, 0.00092120038
  -34.45679, 0.000953064, 0.00092120038
  -34.45679, 0.000914004, 0.00092120038
  -34.45679, 0.000925722, 0.00092120038
  -34.45679, 0.00070308, 0.00092120038
  -34.45679, 0.000992124, 0.00092120038
  -34.45679, 0.00091791, 0.00092120038
  -34.45679, 0.000972594, 0.00092120038
  -34.45679, 0.000968688, 0.00092120038
  -34.45679, 0.00074214, 0.00092120038
  -34.45679, 0.000906192, 0.00092120038
  -34.45679, 0.00101556, 0.00092120038
  -34.45679, 0.000945252, 0.00092120038
  -34.45679, 0.001121022, 0.00092120038
  -34.45679, 0.00060543, 0.00092120038
  -34.45679, 0.001234296, 0.00092120038
  -34.45679, 0.000921816, 0.00092120038
  -34.45679, 0.00103509, 0.00092120038
  -34.45679, 0.00091791, 0.00092120038
  -34.45679, 0.000960876, 0.00092120038
  -34.45679, 0.000941346, 0.00092120038
  -34.45679, 0.000835884, 0.00092120038
  -34.45679, 0.000960876, 0.00092120038
  -34.45679, 0.000851508, 0.00092120038
  -34.45679, 0.000687456, 0.00092120038
  -34.45679, 0.000960876, 0.00092120038
  -34.45679, 0.00095697, 0.00092120038
  -34.45679, 0.001148364, 0.00092120038
  -34.45679, 0.00080073, 0.00092120038
  -34.45679, 0.00087885, 0.00092120038
  -34.45679, 0.00093744, 0.00092120038
  -34.45679, 0.001070244, 0.00092120038
  -34.45679, 0.000863226, 0.00092120038
  -34.45679, 0.001003842, 0.00092120038
  -34.45679, 0.000921816, 0.00092120038
  -34.45679, 0.001019466, 0.00092120038
  -34.45679, 0.00103509, 0.00092120038
  -34.45679, 0.001105398, 0.00092120038
  -34.45679, 0.001027278, 0.00092120038
  -34.45679, 0.00093744, 0.00092120038
  -34.45679, 0.000812448, 0.00092120038
  -34.45679, 0.001058526, 0.00092120038
  -34.45679, 0.00093744, 0.00092120038
  -34.45679, 0.000843696, 0.00092120038
  -34.45679, 0.000968688, 0.00092120038
  -34.45679, 0.000855414, 0.00092120038
  -34.45679, 0.000999936, 0.00092120038
  -34.45679, 0.0009765, 0.00092120038
  -34.45679, 0.00068355, 0.00092120038
  -34.45679, 0.00115227, 0.00092120038
  -34.45679, 0.001281168, 0.00092120038
  -34.45679, 0.001246014, 0.00092120038
  -34.45679, 0.000757764, 0.00092120038
  -34.45679, 0.00080073, 0.00092120038
  -34.45679, 0.000894474, 0.00092120038
  -34.45679, 0.000914004, 0.00092120038
  -34.45679, 0.000835884, 0.00092120038
  -34.45679, 0.001222578, 0.00092120038
  -34.45679, 0.000867132, 0.00092120038
  -34.45679, 0.00124992, 0.00092120038
  -34.45679, 0.001121022, 0.00092120038
  -34.45679, 0.000906192, 0.00092120038
  -34.45679, 0.000656208, 0.00092120038
  -34.45679, 0.001156176, 0.00092120038
  -34.45679, 0.001050714, 0.00092120038
  -34.45679, 0.00089838, 0.00092120038
  -34.45679, 0.000953064, 0.00092120038
  -34.45679, 0.000972594, 0.00092120038
  -34.45679, 0.000828072, 0.00092120038
  -34.45679, 0.000941346, 0.00092120038
  -34.45679, 0.000921816, 0.00092120038
  -34.45679, 0.000679644, 0.00092120038
  -34.45679, 0.001042902, 0.00092120038
  -34.45679, 0.000902286, 0.00092120038
  -34.45679, 0.000953064, 0.00092120038
  -34.45679, 0.000632772, 0.00092120038
  -34.45679, 0.001019466, 0.00092120038
  -34.45679, 0.001058526, 0.00092120038
  -34.45679, 0.000785106, 0.00092120038
  -34.45679, 0.00074214, 0.00092120038
  -34.45679, 0.000953064, 0.00092120038
  -34.45679, 0.000968688, 0.00092120038
  -34.45679, 0.000984312, 0.00092120038
  -34.45679, 0.00101556, 0.00092120038
  -34.45679, 0.000734328, 0.00092120038
  -34.45679, 0.000796824, 0.00092120038
  -34.45679, 0.000902286, 0.00092120038
  -34.45679, 0.000734328, 0.00092120038
  -34.45679, 0.001089774, 0.00092120038
  -34.45679, 0.0009765, 0.00092120038
  -34.45679, 0.000972594, 0.00092120038
  -34.45679, 0.000933534, 0.00092120038
  -34.45679, 0.000847602, 0.00092120038
  -34.45679, 0.001046808, 0.00092120038
  -34.45679, 0.00082026, 0.00092120038
  -34.45679, 0.000874944, 0.00092120038
  -34.45679, 0.000906192, 0.00092120038
  -34.45679, 0.00082026, 0.00092120038
  -34.45679, 0.000730422, 0.00092120038
  -34.45679, 0.000777294, 0.00092120038
  -34.45679, 0.000980406, 0.00092120038
  -34.45679, 0.000792918, 0.00092120038
  -34.45679, 0.000882756, 0.00092120038
  -34.45679, 0.000824166, 0.00092120038
  -34.45679, 0.000757764, 0.00092120038
  -34.45679, 0.001062432, 0.00092120038
  -34.45679, 0.000867132, 0.00092120038
  -34.45679, 0.000902286, 0.00092120038
  -34.45679, 0.00082026, 0.00092120038
  -34.45679, 0.001007748, 0.00092120038
  -34.45679, 0.000812448, 0.00092120038
  -34.45679, 0.000984312, 0.00092120038
  -34.45679, 0.000933534, 0.00092120038
  -34.45679, 0.00101556, 0.00092120038
  -34.45679, 0.00076167, 0.00092120038
  -34.45679, 0.000960876, 0.00092120038
  -34.45679, 0.000648396, 0.00092120038
  -34.45679, 0.00083979, 0.00092120038
  -34.45679, 0.00082026, 0.00092120038
  -34.45679, 0.001214766, 0.00092120038
  -34.45679, 0.000792918, 0.00092120038
  -34.45679, 0.00091791, 0.00092120038
  -34.45679, 0.001003842, 0.00092120038
  -34.45679, 0.00105462, 0.00092120038
  -34.45679, 0.000847602, 0.00092120038
  -34.45679, 0.00101556, 0.00092120038
  -34.45679, 0.000933534, 0.00092120038
  -34.45679, 0.000949158, 0.00092120038
  -34.45679, 0.000851508, 0.00092120038
  -34.45679, 0.00101556, 0.00092120038
  -34.45679, 0.00101556, 0.00092120038
  -34.45679, 0.00109368, 0.00092120038
  -34.45679, 0.0009765, 0.00092120038
  -34.45679, 0.000910098, 0.00092120038
  -34.45679, 0.001007748, 0.00092120038
  -34.45679, 0.000765576, 0.00092120038
  -34.45679, 0.000671832, 0.00092120038
  -34.45679, 0.001187424, 0.00092120038
  -34.45679, 0.00089838, 0.00092120038
  -34.45679, 0.000835884, 0.00092120038
  -34.45679, 0.00087885, 0.00092120038
  -34.45679, 0.00085932, 0.00092120038
  -34.45679, 0.00095697, 0.00092120038
  -34.45679, 0.000816354, 0.00092120038
  -34.45679, 0.001097586, 0.00092120038
  -34.45679, 0.000999936, 0.00092120038
  -34.45679, 0.00085932, 0.00092120038
  -34.45679, 0.00083979, 0.00092120038
  -34.45679, 0.000874944, 0.00092120038
  -34.45679, 0.000902286, 0.00092120038
  -34.45679, 0.000906192, 0.00092120038
  -34.45679, 0.001124928, 0.00092120038
  -34.45679, 0.00111321, 0.00092120038
  -34.45679, 0.001078056, 0.00092120038
  -34.45679, 0.001105398, 0.00092120038
  -34.45679, 0.001046808, 0.00092120038
  -34.45679, 0.000953064, 0.00092120038
  -34.45679, 0.000964782, 0.00092120038
  -34.45679, 0.000831978, 0.00092120038
  -34.45679, 0.000984312, 0.00092120038
  -34.45679, 0.00083979, 0.00092120038
  -34.45679, 0.00105462, 0.00092120038
  -34.45679, 0.000796824, 0.00092120038
  -34.45679, 0.000757764, 0.00092120038
  -34.45679, 0.000847602, 0.00092120038
  -34.45679, 0.000949158, 0.00092120038
  -34.45679, 0.000949158, 0.00092120038
  -34.45679, 0.000914004, 0.00092120038
  -34.45679, 0.000636678, 0.00092120038
  -34.45679, 0.000949158, 0.00092120038
  -34.45679, 0.000730422, 0.00092120038
  -34.45679, 0.000863226, 0.00092120038
  -34.45679, 0.000925722, 0.00092120038
  -34.45679, 0.000789012, 0.00092120038
  -34.45679, 0.000886662, 0.00092120038
  -34.45679, 0.000964782, 0.00092120038
  -34.45679, 0.000617148, 0.00092120038
  -34.45679, 0.000667926, 0.00092120038
  -34.45679, 0.000980406, 0.00092120038
  -34.45679, 0.000992124, 0.00092120038
  -34.45679, 0.00105462, 0.00092120038
  -34.45679, 0.000921816, 0.00092120038
  -34.45679, 0.000835884, 0.00092120038
  -34.45679, 0.00083979, 0.00092120038
  -34.45679, 0.001109304, 0.00092120038
  -34.45679, 0.001351476, 0.00092120038
  -34.45679, 0.000925722, 0.00092120038
  -34.45679, 0.00095697, 0.00092120038
  -34.45679, 0.001046808, 0.00092120038
  -34.45679, 0.000910098, 0.00092120038
  -34.45679, 0.001085868, 0.00092120038
  -34.45679, 0.00095697, 0.00092120038
  -34.45679, 0.000871038, 0.00092120038
  -34.45679, 0.001081962, 0.00092120038
  -34.45679, 0.001179612, 0.00092120038
  -34.45679, 0.00101556, 0.00092120038
  -34.45679, 0.000863226, 0.00092120038
  -34.45679, 0.001038996, 0.00092120038
  -34.45679, 0.001062432, 0.00092120038
  -34.45679, 0.000953064, 0.00092120038
  -34.45679, 0.00109368, 0.00092120038
  -34.45679, 0.000964782, 0.00092120038
  -34.45679, 0.000835884, 0.00092120038
  -34.45679, 0.000949158, 0.00092120038
  -34.45679, 0.000746046, 0.00092120038
  -34.45679, 0.001019466, 0.00092120038
  -34.45679, 0.000831978, 0.00092120038
  -34.45679, 0.00103509, 0.00092120038
  -34.45679, 0.000914004, 0.00092120038
  -34.45679, 0.00083979, 0.00092120038
  -34.45679, 0.000874944, 0.00092120038
  -34.45679, 0.000831978, 0.00092120038
  -34.45679, 0.000749952, 0.00092120038
  -34.45679, 0.00068355, 0.00092120038
  -34.45679, 0.000890568, 0.00092120038
  -34.45679, 0.000992124, 0.00092120038
  -34.45679, 0.00093744, 0.00092120038
  -34.45679, 0.00087885, 0.00092120038
  -34.45679, 0.000953064, 0.00092120038
  -34.45679, 0.000906192, 0.00092120038
  -34.45679, 0.001140552, 0.00092120038
  -34.45679, 0.00095697, 0.00092120038
  -34.45679, 0.00115227, 0.00092120038
  -34.45679, 0.000769482, 0.00092120038
  -34.45679, 0.000824166, 0.00092120038
  -34.45679, 0.000691362, 0.00092120038
  -34.45679, 0.001038996, 0.00092120038
  -34.450335, 0.000953064, 0.00092176609
  -34.450335, 0.000949158, 0.00092176609
  -34.450335, 0.001066338, 0.00092176609
  -34.450335, 0.000835884, 0.00092176609
  -34.450335, 0.001281168, 0.00092176609
  -34.450335, 0.000831978, 0.00092176609
  -34.450335, 0.001277262, 0.00092176609
  -34.450335, 0.000847602, 0.00092176609
  -34.450335, 0.001163988, 0.00092176609
  -34.450335, 0.001003842, 0.00092176609
  -34.450335, 0.000874944, 0.00092176609
  -34.450335, 0.001007748, 0.00092176609
  -34.450335, 0.000863226, 0.00092176609
  -34.450335, 0.001183518, 0.00092176609
  -34.450335, 0.001097586, 0.00092176609
  -34.450335, 0.00085932, 0.00092176609
  -34.450335, 0.000843696, 0.00092176609
  -34.450335, 0.000851508, 0.00092176609
  -34.450335, 0.001058526, 0.00092176609
  -34.450335, 0.000789012, 0.00092176609
  -34.450335, 0.001206954, 0.00092176609
  -34.450335, 0.000828072, 0.00092176609
  -34.450335, 0.000960876, 0.00092176609
  -34.450335, 0.001163988, 0.00092176609
  -34.450335, 0.001081962, 0.00092176609
  -34.450335, 0.001023372, 0.00092176609
  -34.450335, 0.001163988, 0.00092176609
  -34.450335, 0.00111321, 0.00092176609
  -34.450335, 0.00085932, 0.00092176609
  -34.450335, 0.001156176, 0.00092176609
  -34.450335, 0.000863226, 0.00092176609
  -34.450335, 0.000558558, 0.00092176609
  -34.450335, 0.00091791, 0.00092176609
  -34.450335, 0.001085868, 0.00092176609
  -34.450335, 0.000906192, 0.00092176609
  -34.450335, 0.000867132, 0.00092176609
  -34.450335, 0.000851508, 0.00092176609
  -34.450335, 0.000851508, 0.00092176609
  -34.450335, 0.000874944, 0.00092176609
  -34.450335, 0.0009765, 0.00092176609
  -34.450335, 0.001203048, 0.00092176609
  -34.450335, 0.000867132, 0.00092176609
  -34.450335, 0.000816354, 0.00092176609
  -34.450335, 0.001203048, 0.00092176609
  -34.450335, 0.000738234, 0.00092176609
  -34.450335, 0.00093744, 0.00092176609
  -34.450335, 0.001163988, 0.00092176609
  -34.450335, 0.00111321, 0.00092176609
  -34.450335, 0.000617148, 0.00092176609
  -34.450335, 0.000734328, 0.00092176609
  -34.450335, 0.000890568, 0.00092176609
  -34.450335, 0.001124928, 0.00092176609
  -34.450335, 0.000882756, 0.00092176609
  -34.450335, 0.000882756, 0.00092176609
  -34.450335, 0.000964782, 0.00092176609
  -34.450335, 0.000921816, 0.00092176609
  -34.450335, 0.000851508, 0.00092176609
  -34.450335, 0.000914004, 0.00092176609
  -34.450335, 0.001316322, 0.00092176609
  -34.450335, 0.001124928, 0.00092176609
  -34.450335, 0.000914004, 0.00092176609
  -34.450335, 0.00068355, 0.00092176609
  -34.450335, 0.000812448, 0.00092176609
  -34.450335, 0.000671832, 0.00092176609
  -34.450335, 0.00101556, 0.00092176609
  -34.450335, 0.00085932, 0.00092176609
  -34.450335, 0.000910098, 0.00092176609
  -34.450335, 0.00083979, 0.00092176609
  -34.450335, 0.000882756, 0.00092176609
  -34.450335, 0.000984312, 0.00092176609
  -34.450335, 0.001062432, 0.00092176609
  -34.450335, 0.00083979, 0.00092176609
  -34.450335, 0.001101492, 0.00092176609
  -34.450335, 0.000929628, 0.00092176609
  -34.450335, 0.001097586, 0.00092176609
  -34.450335, 0.000968688, 0.00092176609
  -34.450335, 0.000988218, 0.00092176609
  -34.450335, 0.000933534, 0.00092176609
  -34.450335, 0.001003842, 0.00092176609
  -34.450335, 0.000886662, 0.00092176609
  -34.450335, 0.001023372, 0.00092176609
  -34.450335, 0.0007812, 0.00092176609
  -34.450335, 0.0009765, 0.00092176609
  -34.450335, 0.001038996, 0.00092176609
  -34.450335, 0.00103509, 0.00092176609
  -34.450335, 0.000960876, 0.00092176609
  -34.450335, 0.00085932, 0.00092176609
  -34.450335, 0.00105462, 0.00092176609
  -34.450335, 0.000855414, 0.00092176609
  -34.450335, 0.000890568, 0.00092176609
  -34.450335, 0.000746046, 0.00092176609
  -34.450335, 0.000851508, 0.00092176609
  -34.450335, 0.00101556, 0.00092176609
  -34.450335, 0.001070244, 0.00092176609
  -34.450335, 0.00087885, 0.00092176609
  -34.450335, 0.001222578, 0.00092176609
  -34.450335, 0.000941346, 0.00092176609
  -34.450335, 0.001023372, 0.00092176609
  -34.450335, 0.000972594, 0.00092176609
  -34.450335, 0.000949158, 0.00092176609
  -34.450335, 0.000929628, 0.00092176609
  -34.450335, 0.001148364, 0.00092176609
  -34.450335, 0.001019466, 0.00092176609
  -34.450335, 0.000945252, 0.00092176609
  -34.450335, 0.00091791, 0.00092176609
  -34.450335, 0.001070244, 0.00092176609
  -34.450335, 0.000855414, 0.00092176609
  -34.450335, 0.000999936, 0.00092176609
  -34.450335, 0.000855414, 0.00092176609
  -34.450335, 0.001019466, 0.00092176609
  -34.450335, 0.001081962, 0.00092176609
  -34.450335, 0.001097586, 0.00092176609
  -34.450335, 0.000999936, 0.00092176609
  -34.450335, 0.00093744, 0.00092176609
  -34.450335, 0.001007748, 0.00092176609
  -34.450335, 0.000953064, 0.00092176609
  -34.450335, 0.001042902, 0.00092176609
  -34.450335, 0.001246014, 0.00092176609
  -34.450335, 0.00066402, 0.00092176609
  -34.450335, 0.00113274, 0.00092176609
  -34.450335, 0.000960876, 0.00092176609
  -34.450335, 0.000902286, 0.00092176609
  -34.450335, 0.00089838, 0.00092176609
  -34.450335, 0.000851508, 0.00092176609
  -34.450335, 0.00093744, 0.00092176609
  -34.450335, 0.000960876, 0.00092176609
  -34.450335, 0.000851508, 0.00092176609
  -34.450335, 0.00085932, 0.00092176609
  -34.450335, 0.000851508, 0.00092176609
  -34.450335, 0.001343664, 0.00092176609
  -34.450335, 0.00095697, 0.00092176609
  -34.450335, 0.00093744, 0.00092176609
  -34.450335, 0.000999936, 0.00092176609
  -34.450335, 0.00103509, 0.00092176609
  -34.450335, 0.000933534, 0.00092176609
  -34.450335, 0.001031184, 0.00092176609
  -34.450335, 0.000710892, 0.00092176609
  -34.450335, 0.000808542, 0.00092176609
  -34.450335, 0.00115227, 0.00092176609
  -34.450335, 0.001144458, 0.00092176609
  -34.450335, 0.000828072, 0.00092176609
  -34.450335, 0.000953064, 0.00092176609
  -34.450335, 0.00121086, 0.00092176609
  -34.450335, 0.000933534, 0.00092176609
  -34.450335, 0.001121022, 0.00092176609
  -34.450335, 0.001023372, 0.00092176609
  -34.450335, 0.001050714, 0.00092176609
  -34.450335, 0.000992124, 0.00092176609
  -34.450335, 0.000828072, 0.00092176609
  -34.450335, 0.00085932, 0.00092176609
  -34.450335, 0.00113274, 0.00092176609
  -34.450335, 0.000675738, 0.00092176609
  -34.450335, 0.001078056, 0.00092176609
  -34.450335, 0.000785106, 0.00092176609
  -34.450335, 0.000910098, 0.00092176609
  -34.450335, 0.000992124, 0.00092176609
  -34.450335, 0.00105462, 0.00092176609
  -34.450335, 0.00109368, 0.00092176609
  -34.450335, 0.001156176, 0.00092176609
  -34.450335, 0.000867132, 0.00092176609
  -34.450335, 0.000933534, 0.00092176609
  -34.450335, 0.000906192, 0.00092176609
  -34.450335, 0.000972594, 0.00092176609
  -34.450335, 0.001089774, 0.00092176609
  -34.450335, 0.00083979, 0.00092176609
  -34.450335, 0.000867132, 0.00092176609
  -34.450335, 0.000847602, 0.00092176609
  -34.450335, 0.0009765, 0.00092176609
  -34.450335, 0.001038996, 0.00092176609
  -34.450335, 0.0009765, 0.00092176609
  -34.450335, 0.00095697, 0.00092176609
  -34.450335, 0.000554652, 0.00092176609
  -34.450335, 0.001187424, 0.00092176609
  -34.450335, 0.00083979, 0.00092176609
  -34.450335, 0.000539028, 0.00092176609
  -34.450335, 0.001124928, 0.00092176609
  -34.450335, 0.00109368, 0.00092176609
  -34.450335, 0.001078056, 0.00092176609
  -34.450335, 0.00095697, 0.00092176609
  -34.450335, 0.000960876, 0.00092176609
  -34.450335, 0.000816354, 0.00092176609
  -34.450335, 0.001050714, 0.00092176609
  -34.450335, 0.00076167, 0.00092176609
  -34.450335, 0.000886662, 0.00092176609
  -34.450335, 0.001046808, 0.00092176609
  -34.450335, 0.000910098, 0.00092176609
  -34.450335, 0.000988218, 0.00092176609
  -34.450335, 0.000867132, 0.00092176609
  -34.450335, 0.000863226, 0.00092176609
  -34.450335, 0.000851508, 0.00092176609
  -34.450335, 0.000695268, 0.00092176609
  -34.450335, 0.001109304, 0.00092176609
  -34.450335, 0.000804636, 0.00092176609
  -34.450335, 0.000691362, 0.00092176609
  -34.450335, 0.000632772, 0.00092176609
  -34.450335, 0.001097586, 0.00092176609
  -34.450335, 0.001050714, 0.00092176609
  -34.450335, 0.000992124, 0.00092176609
  -34.450335, 0.000812448, 0.00092176609
  -34.450335, 0.000921816, 0.00092176609
  -34.450335, 0.000953064, 0.00092176609
  -34.450335, 0.001253826, 0.00092176609
  -34.450335, 0.000785106, 0.00092176609
  -34.450335, 0.000796824, 0.00092176609
  -34.450335, 0.001042902, 0.00092176609
  -34.450335, 0.001031184, 0.00092176609
  -34.450335, 0.00093744, 0.00092176609
  -34.450335, 0.00099603, 0.00092176609
  -34.450335, 0.001023372, 0.00092176609
  -34.450335, 0.000906192, 0.00092176609
  -34.450335, 0.001124928, 0.00092176609
  -34.450335, 0.001187424, 0.00092176609
  -34.450335, 0.000746046, 0.00092176609
  -34.450335, 0.001003842, 0.00092176609
  -34.450335, 0.000949158, 0.00092176609
  -34.450335, 0.001007748, 0.00092176609
  -34.450335, 0.000757764, 0.00092176609
  -34.450335, 0.001046808, 0.00092176609
  -34.450335, 0.000773388, 0.00092176609
  -34.450335, 0.000960876, 0.00092176609
  -34.450335, 0.001085868, 0.00092176609
  -34.450335, 0.000988218, 0.00092176609
  -34.450335, 0.001066338, 0.00092176609
  -34.450335, 0.000808542, 0.00092176609
  -34.450335, 0.000785106, 0.00092176609
  -34.450335, 0.00083979, 0.00092176609
  -34.450335, 0.00089838, 0.00092176609
  -34.450335, 0.00072261, 0.00092176609
  -34.450335, 0.000929628, 0.00092176609
  -34.450335, 0.001078056, 0.00092176609
  -34.450335, 0.001089774, 0.00092176609
  -34.450335, 0.00093744, 0.00092176609
  -34.450335, 0.001023372, 0.00092176609
  -34.450335, 0.00080073, 0.00092176609
  -34.450335, 0.000984312, 0.00092176609
  -34.450335, 0.001046808, 0.00092176609
  -34.450335, 0.00083979, 0.00092176609
  -34.450335, 0.000867132, 0.00092176609
  -34.450335, 0.000980406, 0.00092176609
  -34.450335, 0.000773388, 0.00092176609
  -34.450335, 0.000769482, 0.00092176609
  -34.450335, 0.00089838, 0.00092176609
  -34.450335, 0.000906192, 0.00092176609
  -34.450335, 0.000894474, 0.00092176609
  -34.44388, 0.000945252, 0.000922332
  -34.44388, 0.000941346, 0.000922332
  -34.44388, 0.001027278, 0.000922332
  -34.44388, 0.000890568, 0.000922332
  -34.44388, 0.000867132, 0.000922332
  -34.44388, 0.000851508, 0.000922332
  -34.44388, 0.000988218, 0.000922332
  -34.44388, 0.00109368, 0.000922332
  -34.44388, 0.000945252, 0.000922332
  -34.44388, 0.001175706, 0.000922332
  -34.44388, 0.001031184, 0.000922332
  -34.44388, 0.000874944, 0.000922332
  -34.44388, 0.00082026, 0.000922332
  -34.44388, 0.000886662, 0.000922332
  -34.44388, 0.001081962, 0.000922332
  -34.44388, 0.001081962, 0.000922332
  -34.44388, 0.001066338, 0.000922332
  -34.44388, 0.000796824, 0.000922332
  -34.44388, 0.00089838, 0.000922332
  -34.44388, 0.00105462, 0.000922332
  -34.44388, 0.000753858, 0.000922332
  -34.44388, 0.000894474, 0.000922332
  -34.44388, 0.001007748, 0.000922332
  -34.44388, 0.000902286, 0.000922332
  -34.44388, 0.000867132, 0.000922332
  -34.44388, 0.001031184, 0.000922332
  -34.44388, 0.000660114, 0.000922332
  -34.44388, 0.000984312, 0.000922332
  -34.44388, 0.000949158, 0.000922332
  -34.44388, 0.000953064, 0.000922332
  -34.44388, 0.000804636, 0.000922332
  -34.44388, 0.001007748, 0.000922332
  -34.44388, 0.000871038, 0.000922332
  -34.44388, 0.000714798, 0.000922332
  -34.44388, 0.0011718, 0.000922332
  -34.44388, 0.000789012, 0.000922332
  -34.44388, 0.000953064, 0.000922332
  -34.44388, 0.000867132, 0.000922332
  -34.44388, 0.0007812, 0.000922332
  -34.44388, 0.00123039, 0.000922332
  -34.44388, 0.000812448, 0.000922332
  -34.44388, 0.000941346, 0.000922332
  -34.44388, 0.001085868, 0.000922332
  -34.44388, 0.000757764, 0.000922332
  -34.44388, 0.001058526, 0.000922332
  -34.44388, 0.00123039, 0.000922332
  -34.44388, 0.000828072, 0.000922332
  -34.44388, 0.00074214, 0.000922332
  -34.44388, 0.001101492, 0.000922332
  -34.44388, 0.00093744, 0.000922332
  -34.44388, 0.000824166, 0.000922332
  -34.44388, 0.000792918, 0.000922332
  -34.44388, 0.000753858, 0.000922332
  -34.44388, 0.000874944, 0.000922332
  -34.44388, 0.001160082, 0.000922332
  -34.44388, 0.000886662, 0.000922332
  -34.44388, 0.000445284, 0.000922332
  -34.44388, 0.000933534, 0.000922332
  -34.44388, 0.000812448, 0.000922332
  -34.44388, 0.000769482, 0.000922332
  -34.44388, 0.001027278, 0.000922332
  -34.44388, 0.000929628, 0.000922332
  -34.44388, 0.000949158, 0.000922332
  -34.44388, 0.001003842, 0.000922332
  -34.44388, 0.000874944, 0.000922332
  -34.44388, 0.000980406, 0.000922332
  -34.44388, 0.00091791, 0.000922332
  -34.44388, 0.00082026, 0.000922332
  -34.44388, 0.00091791, 0.000922332
  -34.44388, 0.000808542, 0.000922332
  -34.44388, 0.000867132, 0.000922332
  -34.44388, 0.001160082, 0.000922332
  -34.44388, 0.00062496, 0.000922332
  -34.44388, 0.00091791, 0.000922332
  -34.44388, 0.00123039, 0.000922332
  -34.44388, 0.000999936, 0.000922332
  -34.44388, 0.001042902, 0.000922332
  -34.44388, 0.000765576, 0.000922332
  -34.44388, 0.000824166, 0.000922332
  -34.44388, 0.000734328, 0.000922332
  -34.44388, 0.000906192, 0.000922332
  -34.44388, 0.000894474, 0.000922332
  -34.44388, 0.001062432, 0.000922332
  -34.44388, 0.000960876, 0.000922332
  -34.44388, 0.000831978, 0.000922332
  -34.44388, 0.000738234, 0.000922332
  -34.44388, 0.000988218, 0.000922332
  -34.44388, 0.000999936, 0.000922332
  -34.44388, 0.000960876, 0.000922332
  -34.44388, 0.001089774, 0.000922332
  -34.44388, 0.000882756, 0.000922332
  -34.44388, 0.001070244, 0.000922332
  -34.44388, 0.00103509, 0.000922332
  -34.44388, 0.000945252, 0.000922332
  -34.44388, 0.000706986, 0.000922332
  -34.44388, 0.000640584, 0.000922332
  -34.44388, 0.000843696, 0.000922332
  -34.44388, 0.000726516, 0.000922332
  -34.44388, 0.001007748, 0.000922332
  -34.44388, 0.001175706, 0.000922332
  -34.44388, 0.001355382, 0.000922332
  -34.44388, 0.000960876, 0.000922332
  -34.44388, 0.000628866, 0.000922332
  -34.44388, 0.000828072, 0.000922332
  -34.44388, 0.001031184, 0.000922332
  -34.44388, 0.00093744, 0.000922332
  -34.44388, 0.000968688, 0.000922332
  -34.44388, 0.000902286, 0.000922332
  -34.44388, 0.000874944, 0.000922332
  -34.44388, 0.00093744, 0.000922332
  -34.44388, 0.000968688, 0.000922332
  -34.44388, 0.00095697, 0.000922332
  -34.44388, 0.000867132, 0.000922332
  -34.44388, 0.000835884, 0.000922332
  -34.44388, 0.00066402, 0.000922332
  -34.44388, 0.000921816, 0.000922332
  -34.44388, 0.000902286, 0.000922332
  -34.44388, 0.000960876, 0.000922332
  -34.44388, 0.000906192, 0.000922332
  -34.44388, 0.001296792, 0.000922332
  -34.44388, 0.000941346, 0.000922332
  -34.44388, 0.001101492, 0.000922332
  -34.44388, 0.00085932, 0.000922332
  -34.44388, 0.000824166, 0.000922332
  -34.44388, 0.000964782, 0.000922332
  -34.44388, 0.00099603, 0.000922332
  -34.44388, 0.000867132, 0.000922332
  -34.44388, 0.00101556, 0.000922332
  -34.44388, 0.001038996, 0.000922332
  -34.44388, 0.000992124, 0.000922332
  -34.44388, 0.000992124, 0.000922332
  -34.44388, 0.000785106, 0.000922332
  -34.44388, 0.000874944, 0.000922332
  -34.44388, 0.000914004, 0.000922332
  -34.44388, 0.001023372, 0.000922332
  -34.44388, 0.000796824, 0.000922332
  -34.44388, 0.00107415, 0.000922332
  -34.44388, 0.000882756, 0.000922332
  -34.44388, 0.001175706, 0.000922332
  -34.44388, 0.001027278, 0.000922332
  -34.44388, 0.000855414, 0.000922332
  -34.44388, 0.000792918, 0.000922332
  -34.44388, 0.001097586, 0.000922332
  -34.44388, 0.000792918, 0.000922332
  -34.44388, 0.00083979, 0.000922332
  -34.44388, 0.000980406, 0.000922332
  -34.44388, 0.000785106, 0.000922332
  -34.44388, 0.000949158, 0.000922332
  -34.44388, 0.001218672, 0.000922332
  -34.44388, 0.000785106, 0.000922332
  -34.44388, 0.000718704, 0.000922332
  -34.44388, 0.000929628, 0.000922332
  -34.44388, 0.000968688, 0.000922332
  -34.44388, 0.001101492, 0.000922332
  -34.44388, 0.00101556, 0.000922332
  -34.44388, 0.000867132, 0.000922332
  -34.44388, 0.000980406, 0.000922332
  -34.44388, 0.000863226, 0.000922332
  -34.44388, 0.000906192, 0.000922332
  -34.44388, 0.001046808, 0.000922332
  -34.44388, 0.0009765, 0.000922332
  -34.44388, 0.00093744, 0.000922332
  -34.44388, 0.000890568, 0.000922332
  -34.44388, 0.000871038, 0.000922332
  -34.44388, 0.000675738, 0.000922332
  -34.44388, 0.000808542, 0.000922332
  -34.44388, 0.00107415, 0.000922332
  -34.44388, 0.000984312, 0.000922332
  -34.44388, 0.000718704, 0.000922332
  -34.44388, 0.000863226, 0.000922332
  -34.44388, 0.000718704, 0.000922332
  -34.44388, 0.000964782, 0.000922332
  -34.44388, 0.00107415, 0.000922332
  -34.44388, 0.000785106, 0.000922332
  -34.44388, 0.000988218, 0.000922332
  -34.44388, 0.000914004, 0.000922332
  -34.44388, 0.000773388, 0.000922332
  -34.44388, 0.001214766, 0.000922332
  -34.44388, 0.000910098, 0.000922332
  -34.44388, 0.00087885, 0.000922332
  -34.44388, 0.00103509, 0.000922332
  -34.44388, 0.001003842, 0.000922332
  -34.44388, 0.001183518, 0.000922332
  -34.44388, 0.000660114, 0.000922332
  -34.44388, 0.000921816, 0.000922332
  -34.44388, 0.00080073, 0.000922332
  -34.44388, 0.000953064, 0.000922332
  -34.44388, 0.000828072, 0.000922332
  -34.44388, 0.000953064, 0.000922332
  -34.44388, 0.000812448, 0.000922332
  -34.44388, 0.001144458, 0.000922332
  -34.44388, 0.001105398, 0.000922332
  -34.44388, 0.000929628, 0.000922332
  -34.44388, 0.000914004, 0.000922332
  -34.44388, 0.000902286, 0.000922332
  -34.44388, 0.000894474, 0.000922332
  -34.44388, 0.000992124, 0.000922332
  -34.44388, 0.001019466, 0.000922332
  -34.44388, 0.00093744, 0.000922332
  -34.44388, 0.00093744, 0.000922332
  -34.44388, 0.000980406, 0.000922332
  -34.44388, 0.000843696, 0.000922332
  -34.44388, 0.001089774, 0.000922332
  -34.44388, 0.00064449, 0.000922332
  -34.44388, 0.000964782, 0.000922332
  -34.44388, 0.000886662, 0.000922332
  -34.44388, 0.00072261, 0.000922332
  -34.44388, 0.00064449, 0.000922332
  -34.44388, 0.000808542, 0.000922332
  -34.44388, 0.000874944, 0.000922332
  -34.44388, 0.00082026, 0.000922332
  -34.44388, 0.001085868, 0.000922332
  -34.44388, 0.000949158, 0.000922332
  -34.44388, 0.000851508, 0.000922332
  -34.44388, 0.001199142, 0.000922332
  -34.44388, 0.000812448, 0.000922332
  -34.44388, 0.000831978, 0.000922332
  -34.44388, 0.000867132, 0.000922332
  -34.44388, 0.000523404, 0.000922332
  -34.44388, 0.000738234, 0.000922332
  -34.44388, 0.00103509, 0.000922332
  -34.44388, 0.000933534, 0.000922332
  -34.44388, 0.001038996, 0.000922332
  -34.44388, 0.000867132, 0.000922332
  -34.44388, 0.00074214, 0.000922332
  -34.44388, 0.001038996, 0.000922332
  -34.44388, 0.000902286, 0.000922332
  -34.44388, 0.000882756, 0.000922332
  -34.44388, 0.000765576, 0.000922332
  -34.44388, 0.00093744, 0.000922332
  -34.44388, 0.000749952, 0.000922332
  -34.44388, 0.00107415, 0.000922332
  -34.44388, 0.001179612, 0.000922332
  -34.44388, 0.000710892, 0.000922332
  -34.44388, 0.000851508, 0.000922332
  -34.44388, 0.000999936, 0.000922332
  -34.44388, 0.000972594, 0.000922332
  -34.44388, 0.00076167, 0.000922332
  -34.44388, 0.000851508, 0.000922332
  -34.44388, 0.000824166, 0.000922332
  -34.44388, 0.000828072, 0.000922332
  -34.44388, 0.000828072, 0.000922332
  -34.44388, 0.000933534, 0.000922332
  -34.44388, 0.000863226, 0.000922332
  -34.44388, 0.000773388, 0.000922332
  -34.44388, 0.000847602, 0.000922332
  -34.44388, 0.000851508, 0.000922332
  -34.44388, 0.00103509, 0.000922332
  -34.44388, 0.000843696, 0.000922332
  -34.44388, 0.000902286, 0.000922332
  -34.44388, 0.00105462, 0.000922332
  -34.44388, 0.000687456, 0.000922332
  -34.44388, 0.001066338, 0.000922332
  -34.44388, 0.001199142, 0.000922332
  -34.44388, 0.000972594, 0.000922332
  -34.44388, 0.001038996, 0.000922332
  -34.44388, 0.001163988, 0.000922332
  -34.44388, 0.00103509, 0.000922332
  -34.44388, 0.000863226, 0.000922332
  -34.44388, 0.000890568, 0.000922332
  -34.44388, 0.001023372, 0.000922332
  -34.44388, 0.00074214, 0.000922332
  -34.44388, 0.000984312, 0.000922332
  -34.44388, 0.000882756, 0.000922332
  -34.44388, 0.001163988, 0.000922332
  -34.44388, 0.001160082, 0.000922332
  -34.44388, 0.00103509, 0.000922332
  -34.44388, 0.00123039, 0.000922332
  -34.44388, 0.001128834, 0.000922332
  -34.44388, 0.001046808, 0.000922332
  -34.44388, 0.001019466, 0.000922332
  -34.44388, 0.000871038, 0.000922332
  -34.44388, 0.001019466, 0.000922332
  -34.44388, 0.000992124, 0.000922332
  -34.44388, 0.00089838, 0.000922332
  -34.44388, 0.001105398, 0.000922332
  -34.44388, 0.000929628, 0.000922332
  -34.44388, 0.000972594, 0.000922332
  -34.44388, 0.000874944, 0.000922332
  -34.44388, 0.001019466, 0.000922332
  -34.437425, 0.001156176, 0.00092289811
  -34.437425, 0.000890568, 0.00092289811
  -34.437425, 0.001046808, 0.00092289811
  -34.437425, 0.000933534, 0.00092289811
  -34.437425, 0.000999936, 0.00092289811
  -34.437425, 0.00087885, 0.00092289811
  -34.437425, 0.00105462, 0.00092289811
  -34.437425, 0.000863226, 0.00092289811
  -34.437425, 0.000945252, 0.00092289811
  -34.437425, 0.000941346, 0.00092289811
  -34.437425, 0.00121086, 0.00092289811
  -34.437425, 0.000980406, 0.00092289811
  -34.437425, 0.000789012, 0.00092289811
  -34.437425, 0.00093744, 0.00092289811
  -34.437425, 0.000792918, 0.00092289811
  -34.437425, 0.00083979, 0.00092289811
  -34.437425, 0.001081962, 0.00092289811
  -34.437425, 0.000863226, 0.00092289811
  -34.437425, 0.00083979, 0.00092289811
  -34.437425, 0.000847602, 0.00092289811
  -34.437425, 0.00095697, 0.00092289811
  -34.437425, 0.001179612, 0.00092289811
  -34.437425, 0.000890568, 0.00092289811
  -34.437425, 0.000925722, 0.00092289811
  -34.437425, 0.000941346, 0.00092289811
  -34.437425, 0.000894474, 0.00092289811
  -34.437425, 0.000894474, 0.00092289811
  -34.437425, 0.000734328, 0.00092289811
  -34.437425, 0.000906192, 0.00092289811
  -34.437425, 0.001003842, 0.00092289811
  -34.437425, 0.000871038, 0.00092289811
  -34.437425, 0.000925722, 0.00092289811
  -34.437425, 0.000816354, 0.00092289811
  -34.437425, 0.001163988, 0.00092289811
  -34.437425, 0.000831978, 0.00092289811
  -34.437425, 0.00056637, 0.00092289811
  -34.437425, 0.000831978, 0.00092289811
  -34.437425, 0.000792918, 0.00092289811
  -34.437425, 0.000851508, 0.00092289811
  -34.437425, 0.000972594, 0.00092289811
  -34.437425, 0.001042902, 0.00092289811
  -34.437425, 0.000699174, 0.00092289811
  -34.437425, 0.001081962, 0.00092289811
  -34.437425, 0.001238202, 0.00092289811
  -34.437425, 0.000882756, 0.00092289811
  -34.437425, 0.001234296, 0.00092289811
  -34.437425, 0.00103509, 0.00092289811
  -34.437425, 0.001121022, 0.00092289811
  -34.437425, 0.001070244, 0.00092289811
  -34.437425, 0.00085932, 0.00092289811
  -34.437425, 0.000945252, 0.00092289811
  -34.437425, 0.001187424, 0.00092289811
  -34.437425, 0.001070244, 0.00092289811
  -34.437425, 0.000968688, 0.00092289811
  -34.437425, 0.000933534, 0.00092289811
  -34.437425, 0.00082026, 0.00092289811
  -34.437425, 0.000769482, 0.00092289811
  -34.437425, 0.000980406, 0.00092289811
  -34.437425, 0.001003842, 0.00092289811
  -34.437425, 0.001038996, 0.00092289811
  -34.437425, 0.001023372, 0.00092289811
  -34.437425, 0.000851508, 0.00092289811
  -34.437425, 0.00085932, 0.00092289811
  -34.437425, 0.000960876, 0.00092289811
  -34.437425, 0.000773388, 0.00092289811
  -34.437425, 0.0009765, 0.00092289811
  -34.437425, 0.00095697, 0.00092289811
  -34.437425, 0.000765576, 0.00092289811
  -34.437425, 0.000706986, 0.00092289811
  -34.437425, 0.001163988, 0.00092289811
  -34.437425, 0.001195236, 0.00092289811
  -34.437425, 0.000964782, 0.00092289811
  -34.437425, 0.000855414, 0.00092289811
  -34.437425, 0.00095697, 0.00092289811
  -34.437425, 0.000941346, 0.00092289811
  -34.437425, 0.000988218, 0.00092289811
  -34.437425, 0.001117116, 0.00092289811
  -34.437425, 0.00083979, 0.00092289811
  -34.437425, 0.001101492, 0.00092289811
  -34.437425, 0.001136646, 0.00092289811
  -34.437425, 0.000660114, 0.00092289811
  -34.437425, 0.001199142, 0.00092289811
  -34.437425, 0.000718704, 0.00092289811
  -34.437425, 0.000851508, 0.00092289811
  -34.437425, 0.001140552, 0.00092289811
  -34.437425, 0.00105462, 0.00092289811
  -34.437425, 0.000691362, 0.00092289811
  -34.437425, 0.001031184, 0.00092289811
  -34.437425, 0.000886662, 0.00092289811
  -34.437425, 0.000843696, 0.00092289811
  -34.437425, 0.001242108, 0.00092289811
  -34.437425, 0.001136646, 0.00092289811
  -34.437425, 0.00091791, 0.00092289811
  -34.437425, 0.00068355, 0.00092289811
  -34.437425, 0.000925722, 0.00092289811
  -34.437425, 0.001312416, 0.00092289811
  -34.437425, 0.000902286, 0.00092289811
  -34.437425, 0.00083979, 0.00092289811
  -34.437425, 0.000808542, 0.00092289811
  -34.437425, 0.001179612, 0.00092289811
  -34.437425, 0.00091791, 0.00092289811
  -34.437425, 0.001050714, 0.00092289811
  -34.437425, 0.00101556, 0.00092289811
  -34.437425, 0.00085932, 0.00092289811
  -34.437425, 0.000871038, 0.00092289811
  -34.437425, 0.00082026, 0.00092289811
  -34.437425, 0.000925722, 0.00092289811
  -34.437425, 0.00083979, 0.00092289811
  -34.437425, 0.000992124, 0.00092289811
  -34.437425, 0.00082026, 0.00092289811
  -34.437425, 0.000746046, 0.00092289811
  -34.437425, 0.00091791, 0.00092289811
  -34.437425, 0.001019466, 0.00092289811
  -34.437425, 0.001257732, 0.00092289811
  -34.437425, 0.00070308, 0.00092289811
  -34.437425, 0.000921816, 0.00092289811
  -34.437425, 0.000749952, 0.00092289811
  -34.437425, 0.001296792, 0.00092289811
  -34.437425, 0.000808542, 0.00092289811
  -34.437425, 0.000749952, 0.00092289811
  -34.437425, 0.000980406, 0.00092289811
  -34.437425, 0.00115227, 0.00092289811
  -34.437425, 0.00121086, 0.00092289811
  -34.437425, 0.001007748, 0.00092289811
  -34.437425, 0.001187424, 0.00092289811
  -34.437425, 0.00099603, 0.00092289811
  -34.437425, 0.000953064, 0.00092289811
  -34.437425, 0.000851508, 0.00092289811
  -34.437425, 0.000710892, 0.00092289811
  -34.437425, 0.000999936, 0.00092289811
  -34.437425, 0.00083979, 0.00092289811
  -34.437425, 0.000699174, 0.00092289811
  -34.437425, 0.00124992, 0.00092289811
  -34.437425, 0.000941346, 0.00092289811
  -34.437425, 0.001019466, 0.00092289811
  -34.437425, 0.000921816, 0.00092289811
  -34.437425, 0.001124928, 0.00092289811
  -34.437425, 0.000831978, 0.00092289811
  -34.437425, 0.000992124, 0.00092289811
  -34.437425, 0.000894474, 0.00092289811
  -34.437425, 0.001070244, 0.00092289811
  -34.437425, 0.000933534, 0.00092289811
  -34.437425, 0.000964782, 0.00092289811
  -34.437425, 0.000906192, 0.00092289811
  -34.437425, 0.000789012, 0.00092289811
  -34.437425, 0.000968688, 0.00092289811
  -34.437425, 0.00093744, 0.00092289811
  -34.437425, 0.000988218, 0.00092289811
  -34.437425, 0.00091791, 0.00092289811
  -34.437425, 0.001117116, 0.00092289811
  -34.437425, 0.001117116, 0.00092289811
  -34.437425, 0.000921816, 0.00092289811
  -34.437425, 0.000734328, 0.00092289811
  -34.437425, 0.001089774, 0.00092289811
  -34.437425, 0.000824166, 0.00092289811
  -34.437425, 0.001085868, 0.00092289811
  -34.437425, 0.000753858, 0.00092289811
  -34.437425, 0.000988218, 0.00092289811
  -34.437425, 0.001101492, 0.00092289811
  -34.437425, 0.00103509, 0.00092289811
  -34.437425, 0.001089774, 0.00092289811
  -34.437425, 0.000988218, 0.00092289811
  -34.437425, 0.001019466, 0.00092289811
  -34.437425, 0.001148364, 0.00092289811
  -34.437425, 0.00093744, 0.00092289811
  -34.437425, 0.000792918, 0.00092289811
  -34.437425, 0.001050714, 0.00092289811
  -34.437425, 0.0007812, 0.00092289811
  -34.437425, 0.00093744, 0.00092289811
  -34.437425, 0.0009765, 0.00092289811
  -34.437425, 0.000964782, 0.00092289811
  -34.437425, 0.000929628, 0.00092289811
  -34.437425, 0.000871038, 0.00092289811
  -34.437425, 0.00091791, 0.00092289811
  -34.437425, 0.000835884, 0.00092289811
  -34.437425, 0.000882756, 0.00092289811
  -34.437425, 0.00093744, 0.00092289811
  -34.437425, 0.000855414, 0.00092289811
  -34.437425, 0.00111321, 0.00092289811
  -34.437425, 0.001085868, 0.00092289811
  -34.437425, 0.000851508, 0.00092289811
  -34.437425, 0.000999936, 0.00092289811
  -34.437425, 0.001195236, 0.00092289811
  -34.437425, 0.00074214, 0.00092289811
  -34.437425, 0.000988218, 0.00092289811
  -34.437425, 0.000902286, 0.00092289811
  -34.437425, 0.000777294, 0.00092289811
  -34.437425, 0.001011654, 0.00092289811
  -34.437425, 0.001038996, 0.00092289811
  -34.437425, 0.00093744, 0.00092289811
  -34.437425, 0.000984312, 0.00092289811
  -34.437425, 0.000863226, 0.00092289811
  -34.437425, 0.001144458, 0.00092289811
  -34.437425, 0.000894474, 0.00092289811
  -34.437425, 0.001042902, 0.00092289811
  -34.437425, 0.000874944, 0.00092289811
  -34.437425, 0.001062432, 0.00092289811
  -34.437425, 0.000933534, 0.00092289811
  -34.437425, 0.001097586, 0.00092289811
  -34.437425, 0.000999936, 0.00092289811
  -34.437425, 0.000992124, 0.00092289811
  -34.437425, 0.000964782, 0.00092289811
  -34.437425, 0.000941346, 0.00092289811
  -34.437425, 0.00099603, 0.00092289811
  -34.437425, 0.000746046, 0.00092289811
  -34.437425, 0.000964782, 0.00092289811
  -34.437425, 0.000933534, 0.00092289811
  -34.437425, 0.001066338, 0.00092289811
  -34.437425, 0.000984312, 0.00092289811
  -34.437425, 0.00089838, 0.00092289811
  -34.437425, 0.000894474, 0.00092289811
  -34.437425, 0.001042902, 0.00092289811
  -34.437425, 0.000789012, 0.00092289811
  -34.437425, 0.000988218, 0.00092289811
  -34.437425, 0.000933534, 0.00092289811
  -34.437425, 0.000792918, 0.00092289811
  -34.437425, 0.000773388, 0.00092289811
  -34.437425, 0.00109368, 0.00092289811
  -34.437425, 0.000749952, 0.00092289811
  -34.437425, 0.000773388, 0.00092289811
  -34.437425, 0.000960876, 0.00092289811
  -34.437425, 0.000593712, 0.00092289811
  -34.437425, 0.001281168, 0.00092289811
  -34.437425, 0.000855414, 0.00092289811
  -34.437425, 0.000960876, 0.00092289811
  -34.437425, 0.001011654, 0.00092289811
  -34.437425, 0.00082026, 0.00092289811
  -34.437425, 0.000753858, 0.00092289811
  -34.437425, 0.000871038, 0.00092289811
  -34.437425, 0.001085868, 0.00092289811
  -34.437425, 0.00113274, 0.00092289811
  -34.437425, 0.001128834, 0.00092289811
  -34.437425, 0.001081962, 0.00092289811
  -34.437425, 0.00074214, 0.00092289811
  -34.437425, 0.000847602, 0.00092289811
  -34.437425, 0.00091791, 0.00092289811
  -34.437425, 0.000828072, 0.00092289811
  -34.437425, 0.000972594, 0.00092289811
  -34.437425, 0.00101556, 0.00092289811
  -34.437425, 0.001124928, 0.00092289811
  -34.437425, 0.001011654, 0.00092289811
  -34.437425, 0.000914004, 0.00092289811
  -34.437425, 0.000691362, 0.00092289811
  -34.437425, 0.000894474, 0.00092289811
  -34.437425, 0.00109368, 0.00092289811
  -34.437425, 0.001081962, 0.00092289811
  -34.437425, 0.000816354, 0.00092289811
  -34.437425, 0.000831978, 0.00092289811
  -34.437425, 0.001101492, 0.00092289811
  -34.437425, 0.000812448, 0.00092289811
  -34.437425, 0.000929628, 0.00092289811
  -34.437425, 0.00093744, 0.00092289811
  -34.437425, 0.001222578, 0.00092289811
  -34.437425, 0.000949158, 0.00092289811
  -34.437425, 0.00107415, 0.00092289811
  -34.437425, 0.000953064, 0.00092289811
  -34.437425, 0.00107415, 0.00092289811
  -34.437425, 0.000738234, 0.00092289811
  -34.437425, 0.001234296, 0.00092289811
  -34.437425, 0.0009765, 0.00092289811
  -34.437425, 0.001058526, 0.00092289811
  -34.437425, 0.001148364, 0.00092289811
  -34.437425, 0.000808542, 0.00092289811
  -34.437425, 0.000726516, 0.00092289811
  -34.437425, 0.000882756, 0.00092289811
  -34.437425, 0.000718704, 0.00092289811
  -34.437425, 0.000949158, 0.00092289811
  -34.437425, 0.000816354, 0.00092289811
  -34.437425, 0.000636678, 0.00092289811
  -34.437425, 0.001101492, 0.00092289811
  -34.437425, 0.001031184, 0.00092289811
  -34.437425, 0.000980406, 0.00092289811
  -34.437425, 0.000933534, 0.00092289811
  -34.437425, 0.00091791, 0.00092289811
  -34.437425, 0.001246014, 0.00092289811
  -34.437425, 0.000953064, 0.00092289811
  -34.437425, 0.00091791, 0.00092289811
  -34.437425, 0.000863226, 0.00092289811
  -34.437425, 0.00083979, 0.00092289811
  -34.437425, 0.001089774, 0.00092289811
  -34.437425, 0.000773388, 0.00092289811
  -34.437425, 0.000964782, 0.00092289811
  -34.437425, 0.001038996, 0.00092289811
  -34.437425, 0.000925722, 0.00092289811
  -34.437425, 0.000679644, 0.00092289811
  -34.437425, 0.000945252, 0.00092289811
  -34.437425, 0.000988218, 0.00092289811
  -34.437425, 0.00091791, 0.00092289811
  -34.437425, 0.001195236, 0.00092289811
  -34.437425, 0.001296792, 0.00092289811
  -34.437425, 0.001410066, 0.00092289811
  -34.437425, 0.00087885, 0.00092289811
  -34.437425, 0.000906192, 0.00092289811
  -34.437425, 0.00082026, 0.00092289811
  -34.437425, 0.0009765, 0.00092289811
  -34.437425, 0.000960876, 0.00092289811
  -34.437425, 0.001097586, 0.00092289811
  -34.437425, 0.000792918, 0.00092289811
  -34.437425, 0.00060543, 0.00092289811
  -34.437425, 0.000749952, 0.00092289811
  -34.437425, 0.000831978, 0.00092289811
  -34.437425, 0.000734328, 0.00092289811
  -34.437425, 0.000894474, 0.00092289811
  -34.437425, 0.000999936, 0.00092289811
  -34.437425, 0.00080073, 0.00092289811
  -34.43097, 0.000765576, 0.00092346441
  -34.43097, 0.000828072, 0.00092346441
  -34.43097, 0.000945252, 0.00092346441
  -34.43097, 0.001038996, 0.00092346441
  -34.43097, 0.001031184, 0.00092346441
  -34.43097, 0.001117116, 0.00092346441
  -34.43097, 0.000960876, 0.00092346441
  -34.43097, 0.000910098, 0.00092346441
  -34.43097, 0.00066402, 0.00092346441
  -34.43097, 0.000988218, 0.00092346441
  -34.43097, 0.001081962, 0.00092346441
  -34.43097, 0.000785106, 0.00092346441
  -34.43097, 0.000601524, 0.00092346441
  -34.43097, 0.001206954, 0.00092346441
  -34.43097, 0.00103509, 0.00092346441
  -34.43097, 0.00080073, 0.00092346441
  -34.43097, 0.000925722, 0.00092346441
  -34.43097, 0.000843696, 0.00092346441
  -34.43097, 0.00083979, 0.00092346441
  -34.43097, 0.000914004, 0.00092346441
  -34.43097, 0.000792918, 0.00092346441
  -34.43097, 0.00113274, 0.00092346441
  -34.43097, 0.000874944, 0.00092346441
  -34.43097, 0.000960876, 0.00092346441
  -34.43097, 0.001038996, 0.00092346441
  -34.43097, 0.000886662, 0.00092346441
  -34.43097, 0.000968688, 0.00092346441
  -34.43097, 0.00099603, 0.00092346441
  -34.43097, 0.000914004, 0.00092346441
  -34.43097, 0.000933534, 0.00092346441
  -34.43097, 0.00095697, 0.00092346441
  -34.43097, 0.000968688, 0.00092346441
  -34.43097, 0.001109304, 0.00092346441
  -34.43097, 0.000910098, 0.00092346441
  -34.43097, 0.000882756, 0.00092346441
  -34.43097, 0.001070244, 0.00092346441
  -34.43097, 0.000953064, 0.00092346441
  -34.43097, 0.000941346, 0.00092346441
  -34.43097, 0.000847602, 0.00092346441
  -34.43097, 0.000746046, 0.00092346441
  -34.43097, 0.00111321, 0.00092346441
  -34.43097, 0.001222578, 0.00092346441
  -34.43097, 0.000757764, 0.00092346441
  -34.43097, 0.001046808, 0.00092346441
  -34.43097, 0.001140552, 0.00092346441
  -34.43097, 0.000609336, 0.00092346441
  -34.43097, 0.000835884, 0.00092346441
  -34.43097, 0.000796824, 0.00092346441
  -34.43097, 0.000831978, 0.00092346441
  -34.43097, 0.001105398, 0.00092346441
  -34.43097, 0.000738234, 0.00092346441
  -34.43097, 0.00126945, 0.00092346441
  -34.43097, 0.00099603, 0.00092346441
  -34.43097, 0.000886662, 0.00092346441
  -34.43097, 0.001156176, 0.00092346441
  -34.43097, 0.0007812, 0.00092346441
  -34.43097, 0.00083979, 0.00092346441
  -34.43097, 0.000910098, 0.00092346441
  -34.43097, 0.000999936, 0.00092346441
  -34.43097, 0.000984312, 0.00092346441
  -34.43097, 0.00113274, 0.00092346441
  -34.43097, 0.000984312, 0.00092346441
  -34.43097, 0.000988218, 0.00092346441
  -34.43097, 0.000769482, 0.00092346441
  -34.43097, 0.000980406, 0.00092346441
  -34.43097, 0.000753858, 0.00092346441
  -34.43097, 0.000953064, 0.00092346441
  -34.43097, 0.000988218, 0.00092346441
  -34.43097, 0.00099603, 0.00092346441
  -34.43097, 0.001003842, 0.00092346441
  -34.43097, 0.00080073, 0.00092346441
  -34.43097, 0.000753858, 0.00092346441
  -34.43097, 0.001124928, 0.00092346441
  -34.43097, 0.001046808, 0.00092346441
  -34.43097, 0.00095697, 0.00092346441
  -34.43097, 0.000796824, 0.00092346441
  -34.43097, 0.00082026, 0.00092346441
  -34.43097, 0.00082026, 0.00092346441
  -34.43097, 0.001046808, 0.00092346441
  -34.43097, 0.000949158, 0.00092346441
  -34.43097, 0.000804636, 0.00092346441
  -34.43097, 0.000570276, 0.00092346441
  -34.43097, 0.001070244, 0.00092346441
  -34.43097, 0.000710892, 0.00092346441
  -34.43097, 0.001011654, 0.00092346441
  -34.43097, 0.000789012, 0.00092346441
  -34.43097, 0.000773388, 0.00092346441
  -34.43097, 0.000874944, 0.00092346441
  -34.43097, 0.001179612, 0.00092346441
  -34.43097, 0.000792918, 0.00092346441
  -34.43097, 0.000988218, 0.00092346441
  -34.43097, 0.00072261, 0.00092346441
  -34.43097, 0.000906192, 0.00092346441
  -34.43097, 0.001070244, 0.00092346441
  -34.43097, 0.000855414, 0.00092346441
  -34.43097, 0.001027278, 0.00092346441
  -34.43097, 0.00091791, 0.00092346441
  -34.43097, 0.000828072, 0.00092346441
  -34.43097, 0.000773388, 0.00092346441
  -34.43097, 0.000808542, 0.00092346441
  -34.43097, 0.000769482, 0.00092346441
  -34.43097, 0.000980406, 0.00092346441
  -34.43097, 0.001058526, 0.00092346441
  -34.43097, 0.000738234, 0.00092346441
  -34.43097, 0.001160082, 0.00092346441
  -34.43097, 0.000730422, 0.00092346441
  -34.43097, 0.001062432, 0.00092346441
  -34.43097, 0.00089838, 0.00092346441
  -34.43097, 0.00093744, 0.00092346441
  -34.43097, 0.000843696, 0.00092346441
  -34.43097, 0.000542934, 0.00092346441
  -34.43097, 0.001117116, 0.00092346441
  -34.43097, 0.000886662, 0.00092346441
  -34.43097, 0.000746046, 0.00092346441
  -34.43097, 0.0007812, 0.00092346441
  -34.43097, 0.000847602, 0.00092346441
  -34.43097, 0.001285074, 0.00092346441
  -34.43097, 0.001128834, 0.00092346441
  -34.43097, 0.000636678, 0.00092346441
  -34.43097, 0.000831978, 0.00092346441
  -34.43097, 0.000894474, 0.00092346441
  -34.43097, 0.000667926, 0.00092346441
  -34.43097, 0.001027278, 0.00092346441
  -34.43097, 0.00095697, 0.00092346441
  -34.43097, 0.000964782, 0.00092346441
  -34.43097, 0.000999936, 0.00092346441
  -34.43097, 0.000949158, 0.00092346441
  -34.43097, 0.000964782, 0.00092346441
  -34.43097, 0.00070308, 0.00092346441
  -34.43097, 0.00095697, 0.00092346441
  -34.43097, 0.001234296, 0.00092346441
  -34.43097, 0.000796824, 0.00092346441
  -34.43097, 0.001128834, 0.00092346441
  -34.43097, 0.001117116, 0.00092346441
  -34.43097, 0.000816354, 0.00092346441
  -34.43097, 0.001136646, 0.00092346441
  -34.43097, 0.000710892, 0.00092346441
  -34.43097, 0.000929628, 0.00092346441
  -34.43097, 0.001050714, 0.00092346441
  -34.43097, 0.000863226, 0.00092346441
  -34.43097, 0.00115227, 0.00092346441
  -34.43097, 0.000953064, 0.00092346441
  -34.43097, 0.00111321, 0.00092346441
  -34.43097, 0.000992124, 0.00092346441
  -34.43097, 0.000953064, 0.00092346441
  -34.43097, 0.001124928, 0.00092346441
  -34.43097, 0.001003842, 0.00092346441
  -34.43097, 0.000757764, 0.00092346441
  -34.43097, 0.000749952, 0.00092346441
  -34.43097, 0.000972594, 0.00092346441
  -34.43097, 0.001003842, 0.00092346441
  -34.43097, 0.000902286, 0.00092346441
  -34.43097, 0.000999936, 0.00092346441
  -34.43097, 0.001109304, 0.00092346441
  -34.43097, 0.001027278, 0.00092346441
  -34.43097, 0.000988218, 0.00092346441
  -34.43097, 0.001335852, 0.00092346441
  -34.43097, 0.000914004, 0.00092346441
  -34.43097, 0.000824166, 0.00092346441
  -34.43097, 0.00093744, 0.00092346441
  -34.43097, 0.001105398, 0.00092346441
  -34.43097, 0.000835884, 0.00092346441
  -34.43097, 0.000765576, 0.00092346441
  -34.43097, 0.00070308, 0.00092346441
  -34.43097, 0.000835884, 0.00092346441
  -34.43097, 0.000863226, 0.00092346441
  -34.43097, 0.000718704, 0.00092346441
  -34.43097, 0.000902286, 0.00092346441
  -34.43097, 0.00101556, 0.00092346441
  -34.43097, 0.000874944, 0.00092346441
  -34.43097, 0.000933534, 0.00092346441
  -34.43097, 0.000831978, 0.00092346441
  -34.43097, 0.000874944, 0.00092346441
  -34.43097, 0.000902286, 0.00092346441
  -34.43097, 0.00087885, 0.00092346441
  -34.43097, 0.00099603, 0.00092346441
  -34.43097, 0.000882756, 0.00092346441
  -34.43097, 0.001101492, 0.00092346441
  -34.43097, 0.001124928, 0.00092346441
  -34.43097, 0.000910098, 0.00092346441
  -34.43097, 0.000851508, 0.00092346441
  -34.43097, 0.000843696, 0.00092346441
  -34.43097, 0.000699174, 0.00092346441
  -34.43097, 0.000882756, 0.00092346441
  -34.43097, 0.001097586, 0.00092346441
  -34.43097, 0.000949158, 0.00092346441
  -34.43097, 0.000738234, 0.00092346441
  -34.43097, 0.000894474, 0.00092346441
  -34.43097, 0.000949158, 0.00092346441
  -34.43097, 0.000855414, 0.00092346441
  -34.43097, 0.000542934, 0.00092346441
  -34.43097, 0.001042902, 0.00092346441
  -34.43097, 0.00083979, 0.00092346441
  -34.43097, 0.000855414, 0.00092346441
  -34.43097, 0.000945252, 0.00092346441
  -34.43097, 0.001007748, 0.00092346441
  -34.43097, 0.000871038, 0.00092346441
  -34.43097, 0.001140552, 0.00092346441
  -34.43097, 0.000992124, 0.00092346441
  -34.43097, 0.000652302, 0.00092346441
  -34.43097, 0.001156176, 0.00092346441
  -34.43097, 0.000929628, 0.00092346441
  -34.43097, 0.001066338, 0.00092346441
  -34.43097, 0.000925722, 0.00092346441
  -34.43097, 0.00095697, 0.00092346441
  -34.43097, 0.00064449, 0.00092346441
  -34.43097, 0.000769482, 0.00092346441
  -34.43097, 0.00115227, 0.00092346441
  -34.43097, 0.000992124, 0.00092346441
  -34.43097, 0.000953064, 0.00092346441
  -34.43097, 0.000773388, 0.00092346441
  -34.43097, 0.000843696, 0.00092346441
  -34.43097, 0.00085932, 0.00092346441
  -34.43097, 0.000843696, 0.00092346441
  -34.43097, 0.000964782, 0.00092346441
  -34.43097, 0.000882756, 0.00092346441
  -34.43097, 0.000945252, 0.00092346441
  -34.43097, 0.001007748, 0.00092346441
  -34.43097, 0.00074214, 0.00092346441
  -34.43097, 0.000749952, 0.00092346441
  -34.43097, 0.000734328, 0.00092346441
  -34.43097, 0.00074214, 0.00092346441
  -34.43097, 0.001050714, 0.00092346441
  -34.43097, 0.000968688, 0.00092346441
  -34.43097, 0.00089838, 0.00092346441
  -34.43097, 0.001007748, 0.00092346441
  -34.43097, 0.000828072, 0.00092346441
  -34.43097, 0.000789012, 0.00092346441
  -34.43097, 0.000777294, 0.00092346441
  -34.43097, 0.00103509, 0.00092346441
  -34.43097, 0.001105398, 0.00092346441
  -34.43097, 0.001027278, 0.00092346441
  -34.43097, 0.000738234, 0.00092346441
  -34.43097, 0.000835884, 0.00092346441
  -34.43097, 0.000941346, 0.00092346441
  -34.43097, 0.000667926, 0.00092346441
  -34.43097, 0.001234296, 0.00092346441
  -34.43097, 0.000890568, 0.00092346441
  -34.43097, 0.001058526, 0.00092346441
  -34.43097, 0.000796824, 0.00092346441
  -34.43097, 0.00105462, 0.00092346441
  -34.43097, 0.001042902, 0.00092346441
  -34.43097, 0.001058526, 0.00092346441
  -34.43097, 0.000941346, 0.00092346441
  -34.43097, 0.000718704, 0.00092346441
  -34.43097, 0.000855414, 0.00092346441
  -34.43097, 0.001023372, 0.00092346441
  -34.43097, 0.001222578, 0.00092346441
  -34.43097, 0.00076167, 0.00092346441
  -34.43097, 0.000890568, 0.00092346441
  -34.43097, 0.00083979, 0.00092346441
  -34.43097, 0.000906192, 0.00092346441
  -34.43097, 0.000660114, 0.00092346441
  -34.43097, 0.001136646, 0.00092346441
  -34.43097, 0.00105462, 0.00092346441
  -34.43097, 0.000925722, 0.00092346441
  -34.43097, 0.000835884, 0.00092346441
  -34.43097, 0.000828072, 0.00092346441
  -34.43097, 0.000874944, 0.00092346441
  -34.43097, 0.000929628, 0.00092346441
  -34.43097, 0.001148364, 0.00092346441
  -34.43097, 0.000949158, 0.00092346441
  -34.43097, 0.000726516, 0.00092346441
  -34.43097, 0.001117116, 0.00092346441
  -34.43097, 0.001316322, 0.00092346441
  -34.43097, 0.00113274, 0.00092346441
  -34.43097, 0.000792918, 0.00092346441
  -34.43097, 0.000980406, 0.00092346441
  -34.43097, 0.001140552, 0.00092346441
  -34.43097, 0.000867132, 0.00092346441
  -34.43097, 0.00099603, 0.00092346441
  -34.43097, 0.000921816, 0.00092346441
  -34.43097, 0.001038996, 0.00092346441
  -34.43097, 0.000980406, 0.00092346441
  -34.43097, 0.000953064, 0.00092346441
  -34.43097, 0.001078056, 0.00092346441
  -34.43097, 0.001027278, 0.00092346441
  -34.43097, 0.000980406, 0.00092346441
  -34.43097, 0.001031184, 0.00092346441
  -34.43097, 0.001003842, 0.00092346441
  -34.43097, 0.000886662, 0.00092346441
  -34.43097, 0.00085932, 0.00092346441
  -34.43097, 0.000816354, 0.00092346441
  -34.43097, 0.00085932, 0.00092346441
  -34.43097, 0.00089838, 0.00092346441
  -34.43097, 0.001160082, 0.00092346441
  -34.43097, 0.001027278, 0.00092346441
  -34.43097, 0.000613242, 0.00092346441
  -34.43097, 0.001038996, 0.00092346441
  -34.43097, 0.000968688, 0.00092346441
  -34.43097, 0.000949158, 0.00092346441
  -34.43097, 0.00085932, 0.00092346441
  -34.43097, 0.000773388, 0.00092346441
  -34.43097, 0.00080073, 0.00092346441
  -34.43097, 0.000921816, 0.00092346441
  -34.43097, 0.001081962, 0.00092346441
  -34.43097, 0.001078056, 0.00092346441
  -34.43097, 0.000789012, 0.00092346441
  -34.43097, 0.00101556, 0.00092346441
  -34.43097, 0.000831978, 0.00092346441
  -34.43097, 0.000613242, 0.00092346441
  -34.43097, 0.0007812, 0.00092346441
  -34.43097, 0.00115227, 0.00092346441
  -34.43097, 0.001058526, 0.00092346441
  -34.43097, 0.000980406, 0.00092346441
  -34.43097, 0.001085868, 0.00092346441
  -34.43097, 0.001038996, 0.00092346441
  -34.43097, 0.000773388, 0.00092346441
  -34.43097, 0.000835884, 0.00092346441
  -34.43097, 0.000843696, 0.00092346441
  -34.43097, 0.00076167, 0.00092346441
  -34.43097, 0.000687456, 0.00092346441
  -34.43097, 0.000964782, 0.00092346441
  -34.43097, 0.00105462, 0.00092346441
  -34.43097, 0.001124928, 0.00092346441
  -34.43097, 0.001148364, 0.00092346441
  -34.43097, 0.000882756, 0.00092346441
  -34.43097, 0.001226484, 0.00092346441
  -34.43097, 0.001089774, 0.00092346441
  -34.43097, 0.00074214, 0.00092346441
  -34.43097, 0.00121086, 0.00092346441
  -34.43097, 0.000847602, 0.00092346441
  -34.43097, 0.0011718, 0.00092346441
  -34.43097, 0.00095697, 0.00092346441
  -34.43097, 0.00082026, 0.00092346441
  -34.43097, 0.000777294, 0.00092346441
  -34.43097, 0.001019466, 0.00092346441
  -34.43097, 0.00060543, 0.00092346441
  -34.43097, 0.0007812, 0.00092346441
  -34.43097, 0.000906192, 0.00092346441
  -34.43097, 0.000964782, 0.00092346441
  -34.43097, 0.00087885, 0.00092346441
  -34.43097, 0.000667926, 0.00092346441
  -34.43097, 0.000863226, 0.00092346441
  -34.43097, 0.000882756, 0.00092346441
  -34.43097, 0.000988218, 0.00092346441
  -34.43097, 0.001046808, 0.00092346441
  -34.43097, 0.00083979, 0.00092346441
  -34.43097, 0.0007812, 0.00092346441
  -34.43097, 0.00068355, 0.00092346441
  -34.43097, 0.00130851, 0.00092346441
  -34.43097, 0.001007748, 0.00092346441
  -34.43097, 0.000933534, 0.00092346441
  -34.43097, 0.00076167, 0.00092346441
  -34.424515, 0.000890568, 0.0009240309
  -34.424515, 0.001281168, 0.0009240309
  -34.424515, 0.000945252, 0.0009240309
  -34.424515, 0.001038996, 0.0009240309
  -34.424515, 0.0007812, 0.0009240309
  -34.424515, 0.000738234, 0.0009240309
  -34.424515, 0.000984312, 0.0009240309
  -34.424515, 0.000835884, 0.0009240309
  -34.424515, 0.000914004, 0.0009240309
  -34.424515, 0.000929628, 0.0009240309
  -34.424515, 0.00082026, 0.0009240309
  -34.424515, 0.000921816, 0.0009240309
  -34.424515, 0.000921816, 0.0009240309
  -34.424515, 0.001081962, 0.0009240309
  -34.424515, 0.00062496, 0.0009240309
  -34.424515, 0.00105462, 0.0009240309
  -34.424515, 0.000960876, 0.0009240309
  -34.424515, 0.000968688, 0.0009240309
  -34.424515, 0.000851508, 0.0009240309
  -34.424515, 0.000796824, 0.0009240309
  -34.424515, 0.000933534, 0.0009240309
  -34.424515, 0.00107415, 0.0009240309
  -34.424515, 0.000999936, 0.0009240309
  -34.424515, 0.000992124, 0.0009240309
  -34.424515, 0.00103509, 0.0009240309
  -34.424515, 0.0009765, 0.0009240309
  -34.424515, 0.000921816, 0.0009240309
  -34.424515, 0.000831978, 0.0009240309
  -34.424515, 0.000679644, 0.0009240309
  -34.424515, 0.000945252, 0.0009240309
  -34.424515, 0.000847602, 0.0009240309
  -34.424515, 0.000804636, 0.0009240309
  -34.424515, 0.000980406, 0.0009240309
  -34.424515, 0.000855414, 0.0009240309
  -34.424515, 0.000726516, 0.0009240309
  -34.424515, 0.000894474, 0.0009240309
  -34.424515, 0.000933534, 0.0009240309
  -34.424515, 0.000777294, 0.0009240309
  -34.424515, 0.000890568, 0.0009240309
  -34.424515, 0.001027278, 0.0009240309
  -34.424515, 0.001007748, 0.0009240309
  -34.424515, 0.00082026, 0.0009240309
  -34.424515, 0.000792918, 0.0009240309
  -34.424515, 0.000843696, 0.0009240309
  -34.424515, 0.000617148, 0.0009240309
  -34.424515, 0.001124928, 0.0009240309
  -34.424515, 0.00121086, 0.0009240309
  -34.424515, 0.000718704, 0.0009240309
  -34.424515, 0.00105462, 0.0009240309
  -34.424515, 0.000925722, 0.0009240309
  -34.424515, 0.001070244, 0.0009240309
  -34.424515, 0.000945252, 0.0009240309
  -34.424515, 0.001222578, 0.0009240309
  -34.424515, 0.000843696, 0.0009240309
  -34.424515, 0.001066338, 0.0009240309
  -34.424515, 0.001140552, 0.0009240309
  -34.424515, 0.000886662, 0.0009240309
  -34.424515, 0.00095697, 0.0009240309
  -34.424515, 0.00099603, 0.0009240309
  -34.424515, 0.00080073, 0.0009240309
  -34.424515, 0.001003842, 0.0009240309
  -34.424515, 0.00107415, 0.0009240309
  -34.424515, 0.000968688, 0.0009240309
  -34.424515, 0.001042902, 0.0009240309
  -34.424515, 0.000925722, 0.0009240309
  -34.424515, 0.000871038, 0.0009240309
  -34.424515, 0.001066338, 0.0009240309
  -34.424515, 0.00103509, 0.0009240309
  -34.424515, 0.00113274, 0.0009240309
  -34.424515, 0.00099603, 0.0009240309
  -34.424515, 0.00076167, 0.0009240309
  -34.424515, 0.00093744, 0.0009240309
  -34.424515, 0.00083979, 0.0009240309
  -34.424515, 0.000828072, 0.0009240309
  -34.424515, 0.000816354, 0.0009240309
  -34.424515, 0.000906192, 0.0009240309
  -34.424515, 0.000949158, 0.0009240309
  -34.424515, 0.001378818, 0.0009240309
  -34.424515, 0.000691362, 0.0009240309
  -34.424515, 0.000886662, 0.0009240309
  -34.424515, 0.000921816, 0.0009240309
  -34.424515, 0.000992124, 0.0009240309
  -34.424515, 0.001046808, 0.0009240309
  -34.424515, 0.000874944, 0.0009240309
  -34.424515, 0.000894474, 0.0009240309
  -34.424515, 0.000777294, 0.0009240309
  -34.424515, 0.000902286, 0.0009240309
  -34.424515, 0.000746046, 0.0009240309
  -34.424515, 0.00085932, 0.0009240309
  -34.424515, 0.00121086, 0.0009240309
  -34.424515, 0.00082026, 0.0009240309
  -34.424515, 0.000949158, 0.0009240309
  -34.424515, 0.000871038, 0.0009240309
  -34.424515, 0.000921816, 0.0009240309
  -34.424515, 0.000945252, 0.0009240309
  -34.424515, 0.000831978, 0.0009240309
  -34.424515, 0.000984312, 0.0009240309
  -34.424515, 0.001027278, 0.0009240309
  -34.424515, 0.00076167, 0.0009240309
  -34.424515, 0.000949158, 0.0009240309
  -34.424515, 0.000648396, 0.0009240309
  -34.424515, 0.001140552, 0.0009240309
  -34.424515, 0.000871038, 0.0009240309
  -34.424515, 0.001062432, 0.0009240309
  -34.424515, 0.000851508, 0.0009240309
  -34.424515, 0.001117116, 0.0009240309
  -34.424515, 0.001031184, 0.0009240309
  -34.424515, 0.000988218, 0.0009240309
  -34.424515, 0.000718704, 0.0009240309
  -34.424515, 0.00080073, 0.0009240309
  -34.424515, 0.00083979, 0.0009240309
  -34.424515, 0.000929628, 0.0009240309
  -34.424515, 0.001238202, 0.0009240309
  -34.424515, 0.000902286, 0.0009240309
  -34.424515, 0.000777294, 0.0009240309
  -34.424515, 0.000992124, 0.0009240309
  -34.424515, 0.000847602, 0.0009240309
  -34.424515, 0.000765576, 0.0009240309
  -34.424515, 0.000769482, 0.0009240309
  -34.424515, 0.000882756, 0.0009240309
  -34.424515, 0.000777294, 0.0009240309
  -34.424515, 0.00095697, 0.0009240309
  -34.424515, 0.000804636, 0.0009240309
  -34.424515, 0.000831978, 0.0009240309
  -34.424515, 0.001128834, 0.0009240309
  -34.424515, 0.001078056, 0.0009240309
  -34.424515, 0.00072261, 0.0009240309
  -34.424515, 0.000890568, 0.0009240309
  -34.424515, 0.000914004, 0.0009240309
  -34.424515, 0.000769482, 0.0009240309
  -34.424515, 0.001050714, 0.0009240309
  -34.424515, 0.00095697, 0.0009240309
  -34.424515, 0.001070244, 0.0009240309
  -34.424515, 0.00103509, 0.0009240309
  -34.424515, 0.001167894, 0.0009240309
  -34.424515, 0.001081962, 0.0009240309
  -34.424515, 0.000980406, 0.0009240309
  -34.424515, 0.00107415, 0.0009240309
  -34.424515, 0.000734328, 0.0009240309
  -34.424515, 0.00087885, 0.0009240309
  -34.424515, 0.000796824, 0.0009240309
  -34.424515, 0.000847602, 0.0009240309
  -34.424515, 0.000570276, 0.0009240309
  -34.424515, 0.001163988, 0.0009240309
  -34.424515, 0.00113274, 0.0009240309
  -34.424515, 0.00082026, 0.0009240309
  -34.424515, 0.000855414, 0.0009240309
  -34.424515, 0.000734328, 0.0009240309
  -34.424515, 0.000867132, 0.0009240309
  -34.424515, 0.00089838, 0.0009240309
  -34.424515, 0.0009765, 0.0009240309
  -34.424515, 0.000929628, 0.0009240309
  -34.424515, 0.000902286, 0.0009240309
  -34.424515, 0.000746046, 0.0009240309
  -34.424515, 0.00093744, 0.0009240309
  -34.424515, 0.001066338, 0.0009240309
  -34.424515, 0.000941346, 0.0009240309
  -34.424515, 0.001019466, 0.0009240309
  -34.424515, 0.001234296, 0.0009240309
  -34.424515, 0.0009765, 0.0009240309
  -34.424515, 0.001031184, 0.0009240309
  -34.424515, 0.000992124, 0.0009240309
  -34.424515, 0.000941346, 0.0009240309
  -34.424515, 0.000914004, 0.0009240309
  -34.424515, 0.001101492, 0.0009240309
  -34.424515, 0.001019466, 0.0009240309
  -34.424515, 0.000988218, 0.0009240309
  -34.424515, 0.0009765, 0.0009240309
  -34.424515, 0.000828072, 0.0009240309
  -34.424515, 0.000894474, 0.0009240309
  -34.424515, 0.000691362, 0.0009240309
  -34.424515, 0.001003842, 0.0009240309
  -34.424515, 0.000749952, 0.0009240309
  -34.424515, 0.000933534, 0.0009240309
  -34.424515, 0.000812448, 0.0009240309
  -34.424515, 0.000921816, 0.0009240309
  -34.424515, 0.000628866, 0.0009240309
  -34.424515, 0.000726516, 0.0009240309
  -34.424515, 0.000855414, 0.0009240309
  -34.424515, 0.000796824, 0.0009240309
  -34.424515, 0.000914004, 0.0009240309
  -34.424515, 0.000706986, 0.0009240309
  -34.424515, 0.00093744, 0.0009240309
  -34.424515, 0.001042902, 0.0009240309
  -34.424515, 0.000972594, 0.0009240309
  -34.424515, 0.000714798, 0.0009240309
  -34.424515, 0.001105398, 0.0009240309
  -34.424515, 0.000843696, 0.0009240309
  -34.424515, 0.000824166, 0.0009240309
  -34.424515, 0.000847602, 0.0009240309
  -34.424515, 0.001160082, 0.0009240309
  -34.424515, 0.001019466, 0.0009240309
  -34.424515, 0.001160082, 0.0009240309
  -34.424515, 0.00095697, 0.0009240309
  -34.424515, 0.001050714, 0.0009240309
  -34.424515, 0.000882756, 0.0009240309
  -34.424515, 0.000867132, 0.0009240309
  -34.424515, 0.000992124, 0.0009240309
  -34.424515, 0.001027278, 0.0009240309
  -34.424515, 0.00082026, 0.0009240309
  -34.424515, 0.00099603, 0.0009240309
  -34.424515, 0.000855414, 0.0009240309
  -34.424515, 0.0009765, 0.0009240309
  -34.424515, 0.001156176, 0.0009240309
  -34.424515, 0.0011718, 0.0009240309
  -34.424515, 0.000929628, 0.0009240309
  -34.424515, 0.00083979, 0.0009240309
  -34.424515, 0.000972594, 0.0009240309
  -34.424515, 0.00101556, 0.0009240309
  -34.424515, 0.001050714, 0.0009240309
  -34.424515, 0.0009765, 0.0009240309
  -34.424515, 0.000964782, 0.0009240309
  -34.424515, 0.000953064, 0.0009240309
  -34.424515, 0.000871038, 0.0009240309
  -34.424515, 0.000617148, 0.0009240309
  -34.424515, 0.001179612, 0.0009240309
  -34.424515, 0.001117116, 0.0009240309
  -34.424515, 0.000773388, 0.0009240309
  -34.424515, 0.00099603, 0.0009240309
  -34.424515, 0.00107415, 0.0009240309
  -34.424515, 0.001023372, 0.0009240309
  -34.424515, 0.000949158, 0.0009240309
  -34.424515, 0.000910098, 0.0009240309
  -34.424515, 0.000753858, 0.0009240309
  -34.424515, 0.000921816, 0.0009240309
  -34.424515, 0.000988218, 0.0009240309
  -34.424515, 0.000988218, 0.0009240309
  -34.424515, 0.000824166, 0.0009240309
  -34.424515, 0.000960876, 0.0009240309
  -34.424515, 0.000796824, 0.0009240309
  -34.424515, 0.00083979, 0.0009240309
  -34.424515, 0.000757764, 0.0009240309
  -34.424515, 0.00076167, 0.0009240309
  -34.424515, 0.000925722, 0.0009240309
  -34.424515, 0.001214766, 0.0009240309
  -34.424515, 0.001144458, 0.0009240309
  -34.424515, 0.001140552, 0.0009240309
  -34.424515, 0.000886662, 0.0009240309
  -34.424515, 0.001042902, 0.0009240309
  -34.424515, 0.000792918, 0.0009240309
  -34.424515, 0.001062432, 0.0009240309
  -34.424515, 0.000769482, 0.0009240309
  -34.424515, 0.000925722, 0.0009240309
  -34.424515, 0.000894474, 0.0009240309
  -34.424515, 0.000706986, 0.0009240309
  -34.424515, 0.00080073, 0.0009240309
  -34.424515, 0.000714798, 0.0009240309
  -34.424515, 0.001046808, 0.0009240309
  -34.424515, 0.001101492, 0.0009240309
  -34.424515, 0.001078056, 0.0009240309
  -34.424515, 0.001011654, 0.0009240309
  -34.424515, 0.000789012, 0.0009240309
  -34.424515, 0.00083979, 0.0009240309
  -34.424515, 0.000914004, 0.0009240309
  -34.424515, 0.001124928, 0.0009240309
  -34.424515, 0.000671832, 0.0009240309
  -34.424515, 0.001027278, 0.0009240309
  -34.424515, 0.000867132, 0.0009240309
  -34.424515, 0.00089838, 0.0009240309
  -34.424515, 0.000906192, 0.0009240309
  -34.424515, 0.000726516, 0.0009240309
  -34.424515, 0.000769482, 0.0009240309
  -34.424515, 0.000835884, 0.0009240309
  -34.424515, 0.000835884, 0.0009240309
  -34.424515, 0.000835884, 0.0009240309
  -34.424515, 0.000792918, 0.0009240309
  -34.424515, 0.000968688, 0.0009240309
  -34.424515, 0.00085932, 0.0009240309
  -34.424515, 0.000906192, 0.0009240309
  -34.424515, 0.000609336, 0.0009240309
  -34.424515, 0.000972594, 0.0009240309
  -34.424515, 0.001156176, 0.0009240309
  -34.424515, 0.000804636, 0.0009240309
  -34.424515, 0.001027278, 0.0009240309
  -34.424515, 0.001070244, 0.0009240309
  -34.424515, 0.000746046, 0.0009240309
  -34.424515, 0.000980406, 0.0009240309
  -34.424515, 0.001027278, 0.0009240309
  -34.424515, 0.000730422, 0.0009240309
  -34.424515, 0.000910098, 0.0009240309
  -34.424515, 0.000984312, 0.0009240309
  -34.424515, 0.00087885, 0.0009240309
  -34.424515, 0.0007812, 0.0009240309
  -34.424515, 0.000910098, 0.0009240309
  -34.424515, 0.000855414, 0.0009240309
  -34.424515, 0.000828072, 0.0009240309
  -34.424515, 0.000746046, 0.0009240309
  -34.424515, 0.000882756, 0.0009240309
  -34.424515, 0.001007748, 0.0009240309
  -34.424515, 0.000953064, 0.0009240309
  -34.424515, 0.000949158, 0.0009240309
  -34.424515, 0.000812448, 0.0009240309
  -34.424515, 0.000691362, 0.0009240309
  -34.424515, 0.00083979, 0.0009240309
  -34.424515, 0.000886662, 0.0009240309
  -34.424515, 0.000988218, 0.0009240309
  -34.424515, 0.000691362, 0.0009240309
  -34.424515, 0.000777294, 0.0009240309
  -34.424515, 0.001050714, 0.0009240309
  -34.424515, 0.001058526, 0.0009240309
  -34.424515, 0.000792918, 0.0009240309
  -34.424515, 0.000667926, 0.0009240309
  -34.424515, 0.0007812, 0.0009240309
  -34.424515, 0.000808542, 0.0009240309
  -34.424515, 0.001081962, 0.0009240309
  -34.424515, 0.000902286, 0.0009240309
  -34.424515, 0.000953064, 0.0009240309
  -34.424515, 0.001042902, 0.0009240309
  -34.424515, 0.000710892, 0.0009240309
  -34.424515, 0.00087885, 0.0009240309
  -34.424515, 0.000738234, 0.0009240309
  -34.424515, 0.000863226, 0.0009240309
  -34.424515, 0.000941346, 0.0009240309
  -34.424515, 0.000835884, 0.0009240309
  -34.424515, 0.000867132, 0.0009240309
  -34.424515, 0.000964782, 0.0009240309
  -34.424515, 0.001007748, 0.0009240309
  -34.424515, 0.000773388, 0.0009240309
  -34.424515, 0.001148364, 0.0009240309
  -34.424515, 0.00111321, 0.0009240309
  -34.424515, 0.001097586, 0.0009240309
  -34.424515, 0.001066338, 0.0009240309
  -34.424515, 0.000777294, 0.0009240309
  -34.424515, 0.00093744, 0.0009240309
  -34.424515, 0.000730422, 0.0009240309
  -34.424515, 0.000855414, 0.0009240309
  -34.424515, 0.001081962, 0.0009240309
  -34.424515, 0.000960876, 0.0009240309
  -34.424515, 0.0011718, 0.0009240309
  -34.424515, 0.001003842, 0.0009240309
  -34.424515, 0.00087885, 0.0009240309
  -34.424515, 0.001046808, 0.0009240309
  -34.424515, 0.000851508, 0.0009240309
  -34.424515, 0.000675738, 0.0009240309
  -34.41806, 0.000734328, 0.00092459759
  -34.41806, 0.001019466, 0.00092459759
  -34.41806, 0.000714798, 0.00092459759
  -34.41806, 0.000535122, 0.00092459759
  -34.41806, 0.000769482, 0.00092459759
  -34.41806, 0.001019466, 0.00092459759
  -34.41806, 0.000984312, 0.00092459759
  -34.41806, 0.00095697, 0.00092459759
  -34.41806, 0.001027278, 0.00092459759
  -34.41806, 0.00093744, 0.00092459759
  -34.41806, 0.000699174, 0.00092459759
  -34.41806, 0.000968688, 0.00092459759
  -34.41806, 0.000765576, 0.00092459759
  -34.41806, 0.001156176, 0.00092459759
  -34.41806, 0.001003842, 0.00092459759
  -34.41806, 0.000921816, 0.00092459759
  -34.41806, 0.000894474, 0.00092459759
  -34.41806, 0.000789012, 0.00092459759
  -34.41806, 0.000773388, 0.00092459759
  -34.41806, 0.000933534, 0.00092459759
  -34.41806, 0.00093744, 0.00092459759
  -34.41806, 0.0011718, 0.00092459759
  -34.41806, 0.00107415, 0.00092459759
  -34.41806, 0.001011654, 0.00092459759
  -34.41806, 0.001078056, 0.00092459759
  -34.41806, 0.001046808, 0.00092459759
  -34.41806, 0.001156176, 0.00092459759
  -34.41806, 0.000695268, 0.00092459759
  -34.41806, 0.001140552, 0.00092459759
  -34.41806, 0.000914004, 0.00092459759
  -34.41806, 0.000816354, 0.00092459759
  -34.41806, 0.000929628, 0.00092459759
  -34.41806, 0.000855414, 0.00092459759
  -34.41806, 0.001081962, 0.00092459759
  -34.41806, 0.001078056, 0.00092459759
  -34.41806, 0.000851508, 0.00092459759
  -34.41806, 0.001011654, 0.00092459759
  -34.41806, 0.000769482, 0.00092459759
  -34.41806, 0.000941346, 0.00092459759
  -34.41806, 0.000831978, 0.00092459759
  -34.41806, 0.000812448, 0.00092459759
  -34.41806, 0.000980406, 0.00092459759
  -34.41806, 0.000777294, 0.00092459759
  -34.41806, 0.001160082, 0.00092459759
  -34.41806, 0.000886662, 0.00092459759
  -34.41806, 0.000945252, 0.00092459759
  -34.41806, 0.000831978, 0.00092459759
  -34.41806, 0.000863226, 0.00092459759
  -34.41806, 0.000558558, 0.00092459759
  -34.41806, 0.000667926, 0.00092459759
  -34.41806, 0.000886662, 0.00092459759
  -34.41806, 0.000785106, 0.00092459759
  -34.41806, 0.001089774, 0.00092459759
  -34.41806, 0.0009765, 0.00092459759
  -34.41806, 0.00095697, 0.00092459759
  -34.41806, 0.000687456, 0.00092459759
  -34.41806, 0.000894474, 0.00092459759
  -34.41806, 0.000999936, 0.00092459759
  -34.41806, 0.00074214, 0.00092459759
  -34.41806, 0.000992124, 0.00092459759
  -34.41806, 0.000906192, 0.00092459759
  -34.41806, 0.000914004, 0.00092459759
  -34.41806, 0.000894474, 0.00092459759
  -34.41806, 0.000980406, 0.00092459759
  -34.41806, 0.000679644, 0.00092459759
  -34.41806, 0.00103509, 0.00092459759
  -34.41806, 0.001023372, 0.00092459759
  -34.41806, 0.001042902, 0.00092459759
  -34.41806, 0.001085868, 0.00092459759
  -34.41806, 0.00103509, 0.00092459759
  -34.41806, 0.000906192, 0.00092459759
  -34.41806, 0.001058526, 0.00092459759
  -34.41806, 0.00080073, 0.00092459759
  -34.41806, 0.000730422, 0.00092459759
  -34.41806, 0.000933534, 0.00092459759
  -34.41806, 0.000777294, 0.00092459759
  -34.41806, 0.001199142, 0.00092459759
  -34.41806, 0.001140552, 0.00092459759
  -34.41806, 0.000999936, 0.00092459759
  -34.41806, 0.000847602, 0.00092459759
  -34.41806, 0.000871038, 0.00092459759
  -34.41806, 0.000980406, 0.00092459759
  -34.41806, 0.000902286, 0.00092459759
  -34.41806, 0.000785106, 0.00092459759
  -34.41806, 0.00083979, 0.00092459759
  -34.41806, 0.001050714, 0.00092459759
  -34.41806, 0.000886662, 0.00092459759
  -34.41806, 0.000843696, 0.00092459759
  -34.41806, 0.000816354, 0.00092459759
  -34.41806, 0.00130851, 0.00092459759
  -34.41806, 0.000886662, 0.00092459759
  -34.41806, 0.000874944, 0.00092459759
  -34.41806, 0.001007748, 0.00092459759
  -34.41806, 0.00103509, 0.00092459759
  -34.41806, 0.000925722, 0.00092459759
  -34.41806, 0.001109304, 0.00092459759
  -34.41806, 0.000738234, 0.00092459759
  -34.41806, 0.000933534, 0.00092459759
  -34.41806, 0.000824166, 0.00092459759
  -34.41806, 0.0007812, 0.00092459759
  -34.41806, 0.000906192, 0.00092459759
  -34.41806, 0.000906192, 0.00092459759
  -34.41806, 0.000757764, 0.00092459759
  -34.41806, 0.000851508, 0.00092459759
  -34.41806, 0.000945252, 0.00092459759
  -34.41806, 0.001156176, 0.00092459759
  -34.41806, 0.000863226, 0.00092459759
  -34.41806, 0.001105398, 0.00092459759
  -34.41806, 0.000695268, 0.00092459759
  -34.41806, 0.000753858, 0.00092459759
  -34.41806, 0.000785106, 0.00092459759
  -34.41806, 0.000831978, 0.00092459759
  -34.41806, 0.001242108, 0.00092459759
  -34.41806, 0.000636678, 0.00092459759
  -34.41806, 0.000871038, 0.00092459759
  -34.41806, 0.000730422, 0.00092459759
  -34.41806, 0.000867132, 0.00092459759
  -34.41806, 0.001242108, 0.00092459759
  -34.41806, 0.001124928, 0.00092459759
  -34.41806, 0.000929628, 0.00092459759
  -34.41806, 0.00095697, 0.00092459759
  -34.41806, 0.000867132, 0.00092459759
  -34.41806, 0.00082026, 0.00092459759
  -34.41806, 0.000863226, 0.00092459759
  -34.41806, 0.001163988, 0.00092459759
  -34.41806, 0.001078056, 0.00092459759
  -34.41806, 0.001019466, 0.00092459759
  -34.41806, 0.00103509, 0.00092459759
  -34.41806, 0.001175706, 0.00092459759
  -34.41806, 0.000953064, 0.00092459759
  -34.41806, 0.001007748, 0.00092459759
  -34.41806, 0.000914004, 0.00092459759
  -34.41806, 0.00109368, 0.00092459759
  -34.41806, 0.00115227, 0.00092459759
  -34.41806, 0.00126945, 0.00092459759
  -34.41806, 0.000933534, 0.00092459759
  -34.41806, 0.000714798, 0.00092459759
  -34.41806, 0.000648396, 0.00092459759
  -34.41806, 0.000773388, 0.00092459759
  -34.41806, 0.001081962, 0.00092459759
  -34.41806, 0.000980406, 0.00092459759
  -34.41806, 0.000906192, 0.00092459759
  -34.41806, 0.00080073, 0.00092459759
  -34.41806, 0.00099603, 0.00092459759
  -34.41806, 0.000867132, 0.00092459759
  -34.41806, 0.000894474, 0.00092459759
  -34.41806, 0.001019466, 0.00092459759
  -34.41806, 0.000824166, 0.00092459759
  -34.41806, 0.001097586, 0.00092459759
  -34.41806, 0.001003842, 0.00092459759
  -34.41806, 0.000749952, 0.00092459759
  -34.41806, 0.0007812, 0.00092459759
  -34.41806, 0.00093744, 0.00092459759
  -34.41806, 0.000710892, 0.00092459759
  -34.41806, 0.00101556, 0.00092459759
  -34.41806, 0.000933534, 0.00092459759
  -34.41806, 0.001058526, 0.00092459759
  -34.41806, 0.001167894, 0.00092459759
  -34.41806, 0.00076167, 0.00092459759
  -34.41806, 0.001070244, 0.00092459759
  -34.41806, 0.000867132, 0.00092459759
  -34.41806, 0.00093744, 0.00092459759
  -34.41806, 0.00095697, 0.00092459759
  -34.41806, 0.00082026, 0.00092459759
  -34.41806, 0.001003842, 0.00092459759
  -34.41806, 0.001058526, 0.00092459759
  -34.41806, 0.001136646, 0.00092459759
  -34.41806, 0.001085868, 0.00092459759
  -34.41806, 0.000710892, 0.00092459759
  -34.41806, 0.001105398, 0.00092459759
  -34.41806, 0.00095697, 0.00092459759
  -34.41806, 0.00093744, 0.00092459759
  -34.41806, 0.001402254, 0.00092459759
  -34.41806, 0.001058526, 0.00092459759
  -34.41806, 0.00113274, 0.00092459759
  -34.41806, 0.000988218, 0.00092459759
  -34.41806, 0.001183518, 0.00092459759
  -34.41806, 0.000882756, 0.00092459759
  -34.41806, 0.001062432, 0.00092459759
  -34.41806, 0.000902286, 0.00092459759
  -34.41806, 0.000886662, 0.00092459759
  -34.41806, 0.001160082, 0.00092459759
  -34.41806, 0.00083979, 0.00092459759
  -34.41806, 0.001078056, 0.00092459759
  -34.41806, 0.000831978, 0.00092459759
  -34.41806, 0.001105398, 0.00092459759
  -34.41806, 0.00089838, 0.00092459759
  -34.41806, 0.001156176, 0.00092459759
  -34.41806, 0.000789012, 0.00092459759
  -34.41806, 0.000921816, 0.00092459759
  -34.41806, 0.000671832, 0.00092459759
  -34.41806, 0.000691362, 0.00092459759
  -34.41806, 0.000753858, 0.00092459759
  -34.41806, 0.00072261, 0.00092459759
  -34.41806, 0.00091791, 0.00092459759
  -34.41806, 0.001335852, 0.00092459759
  -34.41806, 0.000777294, 0.00092459759
  -34.41806, 0.000726516, 0.00092459759
  -34.41806, 0.000812448, 0.00092459759
  -34.41806, 0.000789012, 0.00092459759
  -34.41806, 0.00099603, 0.00092459759
  -34.41806, 0.000953064, 0.00092459759
  -34.41806, 0.001128834, 0.00092459759
  -34.41806, 0.001066338, 0.00092459759
  -34.41806, 0.000785106, 0.00092459759
  -34.41806, 0.00089838, 0.00092459759
  -34.41806, 0.00101556, 0.00092459759
  -34.41806, 0.000968688, 0.00092459759
  -34.41806, 0.000886662, 0.00092459759
  -34.41806, 0.000886662, 0.00092459759
  -34.41806, 0.000921816, 0.00092459759
  -34.41806, 0.000847602, 0.00092459759
  -34.41806, 0.000910098, 0.00092459759
  -34.41806, 0.000980406, 0.00092459759
  -34.41806, 0.001042902, 0.00092459759
  -34.41806, 0.001085868, 0.00092459759
  -34.41806, 0.000867132, 0.00092459759
  -34.41806, 0.001007748, 0.00092459759
  -34.41806, 0.00103509, 0.00092459759
  -34.41806, 0.00076167, 0.00092459759
  -34.41806, 0.000855414, 0.00092459759
  -34.41806, 0.001238202, 0.00092459759
  -34.41806, 0.000929628, 0.00092459759
  -34.41806, 0.000999936, 0.00092459759
  -34.41806, 0.000855414, 0.00092459759
  -34.41806, 0.000910098, 0.00092459759
  -34.41806, 0.000757764, 0.00092459759
  -34.41806, 0.001050714, 0.00092459759
  -34.41806, 0.001089774, 0.00092459759
  -34.41806, 0.001066338, 0.00092459759
  -34.41806, 0.000988218, 0.00092459759
  -34.41806, 0.00099603, 0.00092459759
  -34.41806, 0.001003842, 0.00092459759
  -34.41806, 0.001199142, 0.00092459759
  -34.41806, 0.000964782, 0.00092459759
  -34.41806, 0.000863226, 0.00092459759
  -34.41806, 0.001058526, 0.00092459759
  -34.41806, 0.00085932, 0.00092459759
  -34.41806, 0.00074214, 0.00092459759
  -34.41806, 0.000933534, 0.00092459759
  -34.41806, 0.001066338, 0.00092459759
  -34.41806, 0.001109304, 0.00092459759
  -34.41806, 0.00062496, 0.00092459759
  -34.41806, 0.001042902, 0.00092459759
  -34.41806, 0.00080073, 0.00092459759
  -34.41806, 0.000792918, 0.00092459759
  -34.41806, 0.000992124, 0.00092459759
  -34.41806, 0.00054684, 0.00092459759
  -34.41806, 0.001011654, 0.00092459759
  -34.41806, 0.000953064, 0.00092459759
  -34.41806, 0.000933534, 0.00092459759
  -34.41806, 0.000789012, 0.00092459759
  -34.41806, 0.000804636, 0.00092459759
  -34.41806, 0.000890568, 0.00092459759
  -34.41806, 0.000945252, 0.00092459759
  -34.41806, 0.001031184, 0.00092459759
  -34.41806, 0.00080073, 0.00092459759
  -34.41806, 0.000992124, 0.00092459759
  -34.41806, 0.000734328, 0.00092459759
  -34.41806, 0.00119133, 0.00092459759
  -34.41806, 0.001007748, 0.00092459759
  -34.41806, 0.000765576, 0.00092459759
  -34.41806, 0.000757764, 0.00092459759
  -34.41806, 0.00095697, 0.00092459759
  -34.41806, 0.001085868, 0.00092459759
  -34.41806, 0.000980406, 0.00092459759
  -34.41806, 0.000874944, 0.00092459759
  -34.41806, 0.0007812, 0.00092459759
  -34.41806, 0.0007812, 0.00092459759
  -34.41806, 0.001124928, 0.00092459759
  -34.41806, 0.001081962, 0.00092459759
  -34.41806, 0.000968688, 0.00092459759
  -34.41806, 0.00101556, 0.00092459759
  -34.41806, 0.000914004, 0.00092459759
  -34.41806, 0.000953064, 0.00092459759
  -34.41806, 0.001218672, 0.00092459759
  -34.41806, 0.00103509, 0.00092459759
  -34.41806, 0.000660114, 0.00092459759
  -34.41806, 0.00113274, 0.00092459759
  -34.41806, 0.001214766, 0.00092459759
  -34.41806, 0.000562464, 0.00092459759
  -34.41806, 0.000984312, 0.00092459759
  -34.41806, 0.000874944, 0.00092459759
  -34.41806, 0.000843696, 0.00092459759
  -34.41806, 0.001136646, 0.00092459759
  -34.41806, 0.000706986, 0.00092459759
  -34.41806, 0.00103509, 0.00092459759
  -34.41806, 0.00103509, 0.00092459759
  -34.41806, 0.000796824, 0.00092459759
  -34.41806, 0.000831978, 0.00092459759
  -34.41806, 0.00080073, 0.00092459759
  -34.41806, 0.000992124, 0.00092459759
  -34.41806, 0.000843696, 0.00092459759
  -34.41806, 0.000972594, 0.00092459759
  -34.41806, 0.000714798, 0.00092459759
  -34.41806, 0.000816354, 0.00092459759
  -34.41806, 0.000796824, 0.00092459759
  -34.41806, 0.00105462, 0.00092459759
  -34.41806, 0.00082026, 0.00092459759
  -34.41806, 0.000855414, 0.00092459759
  -34.41806, 0.000902286, 0.00092459759
  -34.41806, 0.000980406, 0.00092459759
  -34.41806, 0.00107415, 0.00092459759
  -34.41806, 0.001023372, 0.00092459759
  -34.41806, 0.001156176, 0.00092459759
  -34.41806, 0.000769482, 0.00092459759
  -34.41806, 0.001296792, 0.00092459759
  -34.41806, 0.001023372, 0.00092459759
  -34.41806, 0.001257732, 0.00092459759
  -34.41806, 0.001128834, 0.00092459759
  -34.41806, 0.000906192, 0.00092459759
  -34.41806, 0.001285074, 0.00092459759
  -34.41806, 0.000988218, 0.00092459759
  -34.41806, 0.000941346, 0.00092459759
  -34.41806, 0.000789012, 0.00092459759
  -34.41806, 0.000992124, 0.00092459759
  -34.41806, 0.00105462, 0.00092459759
  -34.41806, 0.000695268, 0.00092459759
  -34.41806, 0.001136646, 0.00092459759
  -34.41806, 0.000660114, 0.00092459759
  -34.41806, 0.00113274, 0.00092459759
  -34.41806, 0.000808542, 0.00092459759
  -34.41806, 0.000796824, 0.00092459759
  -34.41806, 0.0005859, 0.00092459759
  -34.41806, 0.000871038, 0.00092459759
  -34.41806, 0.00101556, 0.00092459759
  -34.41806, 0.00089838, 0.00092459759
  -34.41806, 0.000679644, 0.00092459759
  -34.41806, 0.000792918, 0.00092459759
  -34.41806, 0.000828072, 0.00092459759
  -34.41806, 0.001246014, 0.00092459759
  -34.41806, 0.000953064, 0.00092459759
  -34.41806, 0.000855414, 0.00092459759
  -34.41806, 0.001038996, 0.00092459759
  -34.41806, 0.000964782, 0.00092459759
  -34.41806, 0.00082026, 0.00092459759
  -34.41806, 0.000929628, 0.00092459759
  -34.41806, 0.00107415, 0.00092459759
  -34.41806, 0.000980406, 0.00092459759
  -34.41806, 0.000660114, 0.00092459759
  -34.41806, 0.000933534, 0.00092459759
  -34.41806, 0.000863226, 0.00092459759
  -34.41806, 0.000765576, 0.00092459759
  -34.41806, 0.000691362, 0.00092459759
  -34.41806, 0.000851508, 0.00092459759
  -34.41806, 0.001031184, 0.00092459759
  -34.41806, 0.000890568, 0.00092459759
  -34.41806, 0.000824166, 0.00092459759
  -34.41806, 0.00109368, 0.00092459759
  -34.41806, 0.0013671, 0.00092459759
  -34.41806, 0.000636678, 0.00092459759
  -34.41806, 0.000988218, 0.00092459759
  -34.41806, 0.00095697, 0.00092459759
  -34.41806, 0.000874944, 0.00092459759
  -34.41806, 0.001121022, 0.00092459759
  -34.41806, 0.001144458, 0.00092459759
  -34.41806, 0.001027278, 0.00092459759
  -34.41806, 0.000980406, 0.00092459759
  -34.41806, 0.000925722, 0.00092459759
  -34.41806, 0.000929628, 0.00092459759
  -34.41806, 0.000847602, 0.00092459759
  -34.41806, 0.000984312, 0.00092459759
  -34.41806, 0.000914004, 0.00092459759
  -34.41806, 0.001011654, 0.00092459759
  -34.41806, 0.001179612, 0.00092459759
  -34.41806, 0.000777294, 0.00092459759
  -34.41806, 0.001070244, 0.00092459759
  -34.41806, 0.001003842, 0.00092459759
  -34.41806, 0.001195236, 0.00092459759
  -34.41806, 0.00103509, 0.00092459759
  -34.41806, 0.000847602, 0.00092459759
  -34.41806, 0.000964782, 0.00092459759
  -34.41806, 0.001070244, 0.00092459759
  -34.41806, 0.000890568, 0.00092459759
  -34.411605, 0.00085932, 0.00092516447
  -34.411605, 0.000988218, 0.00092516447
  -34.411605, 0.0009765, 0.00092516447
  -34.411605, 0.000847602, 0.00092516447
  -34.411605, 0.00107415, 0.00092516447
  -34.411605, 0.000953064, 0.00092516447
  -34.411605, 0.000964782, 0.00092516447
  -34.411605, 0.000769482, 0.00092516447
  -34.411605, 0.001019466, 0.00092516447
  -34.411605, 0.000824166, 0.00092516447
  -34.411605, 0.000863226, 0.00092516447
  -34.411605, 0.000929628, 0.00092516447
  -34.411605, 0.000851508, 0.00092516447
  -34.411605, 0.000863226, 0.00092516447
  -34.411605, 0.001085868, 0.00092516447
  -34.411605, 0.001124928, 0.00092516447
  -34.411605, 0.001046808, 0.00092516447
  -34.411605, 0.001011654, 0.00092516447
  -34.411605, 0.000863226, 0.00092516447
  -34.411605, 0.001226484, 0.00092516447
  -34.411605, 0.00099603, 0.00092516447
  -34.411605, 0.000902286, 0.00092516447
  -34.411605, 0.000765576, 0.00092516447
  -34.411605, 0.00087885, 0.00092516447
  -34.411605, 0.000757764, 0.00092516447
  -34.411605, 0.000812448, 0.00092516447
  -34.411605, 0.000843696, 0.00092516447
  -34.411605, 0.000796824, 0.00092516447
  -34.411605, 0.000843696, 0.00092516447
  -34.411605, 0.001078056, 0.00092516447
  -34.411605, 0.000910098, 0.00092516447
  -34.411605, 0.000968688, 0.00092516447
  -34.411605, 0.00074214, 0.00092516447
  -34.411605, 0.00089838, 0.00092516447
  -34.411605, 0.000863226, 0.00092516447
  -34.411605, 0.000886662, 0.00092516447
  -34.411605, 0.000902286, 0.00092516447
  -34.411605, 0.0007812, 0.00092516447
  -34.411605, 0.001121022, 0.00092516447
  -34.411605, 0.000738234, 0.00092516447
  -34.411605, 0.000882756, 0.00092516447
  -34.411605, 0.000999936, 0.00092516447
  -34.411605, 0.000929628, 0.00092516447
  -34.411605, 0.000960876, 0.00092516447
  -34.411605, 0.00089838, 0.00092516447
  -34.411605, 0.001277262, 0.00092516447
  -34.411605, 0.00087885, 0.00092516447
  -34.411605, 0.001027278, 0.00092516447
  -34.411605, 0.000933534, 0.00092516447
  -34.411605, 0.00060543, 0.00092516447
  -34.411605, 0.000835884, 0.00092516447
  -34.411605, 0.000831978, 0.00092516447
  -34.411605, 0.001070244, 0.00092516447
  -34.411605, 0.000796824, 0.00092516447
  -34.411605, 0.000914004, 0.00092516447
  -34.411605, 0.000999936, 0.00092516447
  -34.411605, 0.001128834, 0.00092516447
  -34.411605, 0.000941346, 0.00092516447
  -34.411605, 0.00087885, 0.00092516447
  -34.411605, 0.00103509, 0.00092516447
  -34.411605, 0.000777294, 0.00092516447
  -34.411605, 0.001179612, 0.00092516447
  -34.411605, 0.000726516, 0.00092516447
  -34.411605, 0.000902286, 0.00092516447
  -34.411605, 0.000933534, 0.00092516447
  -34.411605, 0.0007812, 0.00092516447
  -34.411605, 0.000671832, 0.00092516447
  -34.411605, 0.000890568, 0.00092516447
  -34.411605, 0.000867132, 0.00092516447
  -34.411605, 0.000593712, 0.00092516447
  -34.411605, 0.001117116, 0.00092516447
  -34.411605, 0.001050714, 0.00092516447
  -34.411605, 0.001175706, 0.00092516447
  -34.411605, 0.000835884, 0.00092516447
  -34.411605, 0.000796824, 0.00092516447
  -34.411605, 0.00083979, 0.00092516447
  -34.411605, 0.000828072, 0.00092516447
  -34.411605, 0.000457002, 0.00092516447
  -34.411605, 0.000804636, 0.00092516447
  -34.411605, 0.000921816, 0.00092516447
  -34.411605, 0.001242108, 0.00092516447
  -34.411605, 0.000777294, 0.00092516447
  -34.411605, 0.000953064, 0.00092516447
  -34.411605, 0.000886662, 0.00092516447
  -34.411605, 0.001050714, 0.00092516447
  -34.411605, 0.000941346, 0.00092516447
  -34.411605, 0.000941346, 0.00092516447
  -34.411605, 0.000999936, 0.00092516447
  -34.411605, 0.001007748, 0.00092516447
  -34.411605, 0.000972594, 0.00092516447
  -34.411605, 0.000949158, 0.00092516447
  -34.411605, 0.000925722, 0.00092516447
  -34.411605, 0.001312416, 0.00092516447
  -34.411605, 0.001007748, 0.00092516447
  -34.411605, 0.000831978, 0.00092516447
  -34.411605, 0.000910098, 0.00092516447
  -34.411605, 0.000874944, 0.00092516447
  -34.411605, 0.000706986, 0.00092516447
  -34.411605, 0.001046808, 0.00092516447
  -34.411605, 0.000953064, 0.00092516447
  -34.411605, 0.00128898, 0.00092516447
  -34.411605, 0.000960876, 0.00092516447
  -34.411605, 0.00113274, 0.00092516447
  -34.411605, 0.001078056, 0.00092516447
  -34.411605, 0.00068355, 0.00092516447
  -34.411605, 0.00101556, 0.00092516447
  -34.411605, 0.00103509, 0.00092516447
  -34.411605, 0.000890568, 0.00092516447
  -34.411605, 0.000871038, 0.00092516447
  -34.411605, 0.000699174, 0.00092516447
  -34.411605, 0.001203048, 0.00092516447
  -34.411605, 0.000945252, 0.00092516447
  -34.411605, 0.001203048, 0.00092516447
  -34.411605, 0.000738234, 0.00092516447
  -34.411605, 0.00072261, 0.00092516447
  -34.411605, 0.001031184, 0.00092516447
  -34.411605, 0.000953064, 0.00092516447
  -34.411605, 0.000757764, 0.00092516447
  -34.411605, 0.001011654, 0.00092516447
  -34.411605, 0.00082026, 0.00092516447
  -34.411605, 0.00103509, 0.00092516447
  -34.411605, 0.000843696, 0.00092516447
  -34.411605, 0.000921816, 0.00092516447
  -34.411605, 0.000746046, 0.00092516447
  -34.411605, 0.001011654, 0.00092516447
  -34.411605, 0.000886662, 0.00092516447
  -34.411605, 0.000804636, 0.00092516447
  -34.411605, 0.000695268, 0.00092516447
  -34.411605, 0.000726516, 0.00092516447
  -34.411605, 0.000769482, 0.00092516447
  -34.411605, 0.00085932, 0.00092516447
  -34.411605, 0.001124928, 0.00092516447
  -34.411605, 0.000999936, 0.00092516447
  -34.411605, 0.00072261, 0.00092516447
  -34.411605, 0.0007812, 0.00092516447
  -34.411605, 0.00082026, 0.00092516447
  -34.411605, 0.000749952, 0.00092516447
  -34.411605, 0.00107415, 0.00092516447
  -34.411605, 0.001003842, 0.00092516447
  -34.411605, 0.000796824, 0.00092516447
  -34.411605, 0.001121022, 0.00092516447
  -34.411605, 0.00091791, 0.00092516447
  -34.411605, 0.00095697, 0.00092516447
  -34.411605, 0.000964782, 0.00092516447
  -34.411605, 0.000906192, 0.00092516447
  -34.411605, 0.000828072, 0.00092516447
  -34.411605, 0.001070244, 0.00092516447
  -34.411605, 0.000871038, 0.00092516447
  -34.411605, 0.00105462, 0.00092516447
  -34.411605, 0.001027278, 0.00092516447
  -34.411605, 0.00121086, 0.00092516447
  -34.411605, 0.001046808, 0.00092516447
  -34.411605, 0.001105398, 0.00092516447
  -34.411605, 0.000816354, 0.00092516447
  -34.411605, 0.001160082, 0.00092516447
  -34.411605, 0.000843696, 0.00092516447
  -34.411605, 0.000906192, 0.00092516447
  -34.411605, 0.000906192, 0.00092516447
  -34.411605, 0.000789012, 0.00092516447
  -34.411605, 0.000695268, 0.00092516447
  -34.411605, 0.000843696, 0.00092516447
  -34.411605, 0.000835884, 0.00092516447
  -34.411605, 0.000691362, 0.00092516447
  -34.411605, 0.00091791, 0.00092516447
  -34.411605, 0.001058526, 0.00092516447
  -34.411605, 0.000660114, 0.00092516447
  -34.411605, 0.000945252, 0.00092516447
  -34.411605, 0.00089838, 0.00092516447
  -34.411605, 0.000871038, 0.00092516447
  -34.411605, 0.000804636, 0.00092516447
  -34.411605, 0.001144458, 0.00092516447
  -34.411605, 0.001163988, 0.00092516447
  -34.411605, 0.000941346, 0.00092516447
  -34.411605, 0.000894474, 0.00092516447
  -34.411605, 0.001121022, 0.00092516447
  -34.411605, 0.00064449, 0.00092516447
  -34.411605, 0.000910098, 0.00092516447
  -34.411605, 0.000964782, 0.00092516447
  -34.411605, 0.000824166, 0.00092516447
  -34.411605, 0.000628866, 0.00092516447
  -34.411605, 0.00091791, 0.00092516447
  -34.411605, 0.001007748, 0.00092516447
  -34.411605, 0.000964782, 0.00092516447
  -34.411605, 0.00113274, 0.00092516447
  -34.411605, 0.00085932, 0.00092516447
  -34.411605, 0.001007748, 0.00092516447
  -34.411605, 0.000667926, 0.00092516447
  -34.411605, 0.000824166, 0.00092516447
  -34.411605, 0.001195236, 0.00092516447
  -34.411605, 0.000972594, 0.00092516447
  -34.411605, 0.000695268, 0.00092516447
  -34.411605, 0.000988218, 0.00092516447
  -34.411605, 0.0009765, 0.00092516447
  -34.411605, 0.001089774, 0.00092516447
  -34.411605, 0.001156176, 0.00092516447
  -34.411605, 0.00089838, 0.00092516447
  -34.411605, 0.001046808, 0.00092516447
  -34.411605, 0.001199142, 0.00092516447
  -34.411605, 0.000746046, 0.00092516447
  -34.411605, 0.001042902, 0.00092516447
  -34.411605, 0.000921816, 0.00092516447
  -34.411605, 0.000831978, 0.00092516447
  -34.411605, 0.00080073, 0.00092516447
  -34.411605, 0.000796824, 0.00092516447
  -34.411605, 0.001156176, 0.00092516447
  -34.411605, 0.0009765, 0.00092516447
  -34.411605, 0.001023372, 0.00092516447
  -34.411605, 0.000617148, 0.00092516447
  -34.411605, 0.00070308, 0.00092516447
  -34.411605, 0.001027278, 0.00092516447
  -34.411605, 0.001058526, 0.00092516447
  -34.411605, 0.000949158, 0.00092516447
  -34.411605, 0.000746046, 0.00092516447
  -34.411605, 0.000765576, 0.00092516447
  -34.411605, 0.000812448, 0.00092516447
  -34.411605, 0.000851508, 0.00092516447
  -34.411605, 0.000902286, 0.00092516447
  -34.411605, 0.001031184, 0.00092516447
  -34.411605, 0.000972594, 0.00092516447
  -34.411605, 0.000980406, 0.00092516447
  -34.411605, 0.000675738, 0.00092516447
  -34.411605, 0.00085932, 0.00092516447
  -34.411605, 0.000757764, 0.00092516447
  -34.411605, 0.00080073, 0.00092516447
  -34.411605, 0.000621054, 0.00092516447
  -34.411605, 0.00080073, 0.00092516447
  -34.411605, 0.00089838, 0.00092516447
  -34.411605, 0.001031184, 0.00092516447
  -34.411605, 0.000886662, 0.00092516447
  -34.411605, 0.000890568, 0.00092516447
  -34.411605, 0.000828072, 0.00092516447
  -34.411605, 0.000808542, 0.00092516447
  -34.411605, 0.000828072, 0.00092516447
  -34.411605, 0.000843696, 0.00092516447
  -34.411605, 0.001066338, 0.00092516447
  -34.411605, 0.001089774, 0.00092516447
  -34.411605, 0.00107415, 0.00092516447
  -34.411605, 0.000906192, 0.00092516447
  -34.411605, 0.000906192, 0.00092516447
  -34.411605, 0.000831978, 0.00092516447
  -34.411605, 0.00099603, 0.00092516447
  -34.411605, 0.00076167, 0.00092516447
  -34.411605, 0.001187424, 0.00092516447
  -34.411605, 0.000921816, 0.00092516447
  -34.411605, 0.001078056, 0.00092516447
  -34.411605, 0.00103509, 0.00092516447
  -34.411605, 0.001011654, 0.00092516447
  -34.411605, 0.000953064, 0.00092516447
  -34.411605, 0.000906192, 0.00092516447
  -34.411605, 0.00111321, 0.00092516447
  -34.411605, 0.00109368, 0.00092516447
  -34.411605, 0.000914004, 0.00092516447
  -34.411605, 0.000796824, 0.00092516447
  -34.411605, 0.001011654, 0.00092516447
  -34.411605, 0.001453032, 0.00092516447
  -34.411605, 0.00093744, 0.00092516447
  -34.411605, 0.000921816, 0.00092516447
  -34.411605, 0.000886662, 0.00092516447
  -34.411605, 0.001003842, 0.00092516447
  -34.411605, 0.000855414, 0.00092516447
  -34.411605, 0.000757764, 0.00092516447
  -34.411605, 0.00099603, 0.00092516447
  -34.411605, 0.001195236, 0.00092516447
  -34.411605, 0.001003842, 0.00092516447
  -34.411605, 0.00087885, 0.00092516447
  -34.411605, 0.000902286, 0.00092516447
  -34.411605, 0.000851508, 0.00092516447
  -34.411605, 0.00089838, 0.00092516447
  -34.411605, 0.000906192, 0.00092516447
  -34.411605, 0.000597618, 0.00092516447
  -34.411605, 0.000999936, 0.00092516447
  -34.411605, 0.001136646, 0.00092516447
  -34.411605, 0.000968688, 0.00092516447
  -34.411605, 0.000636678, 0.00092516447
  -34.411605, 0.00072261, 0.00092516447
  -34.411605, 0.000945252, 0.00092516447
  -34.411605, 0.000828072, 0.00092516447
  -34.411605, 0.001140552, 0.00092516447
  -34.411605, 0.00095697, 0.00092516447
  -34.411605, 0.001042902, 0.00092516447
  -34.411605, 0.001222578, 0.00092516447
  -34.411605, 0.000992124, 0.00092516447
  -34.411605, 0.001089774, 0.00092516447
  -34.411605, 0.00095697, 0.00092516447
  -34.411605, 0.001117116, 0.00092516447
  -34.411605, 0.000992124, 0.00092516447
  -34.411605, 0.000999936, 0.00092516447
  -34.411605, 0.000613242, 0.00092516447
  -34.411605, 0.000894474, 0.00092516447
  -34.411605, 0.001187424, 0.00092516447
  -34.411605, 0.00093744, 0.00092516447
  -34.411605, 0.00050778, 0.00092516447
  -34.411605, 0.000972594, 0.00092516447
  -34.411605, 0.001085868, 0.00092516447
  -34.411605, 0.00101556, 0.00092516447
  -34.411605, 0.000871038, 0.00092516447
  -34.411605, 0.000925722, 0.00092516447
  -34.411605, 0.00111321, 0.00092516447
  -34.411605, 0.000984312, 0.00092516447
  -34.411605, 0.000949158, 0.00092516447
  -34.411605, 0.001124928, 0.00092516447
  -34.411605, 0.001042902, 0.00092516447
  -34.411605, 0.001019466, 0.00092516447
  -34.411605, 0.000714798, 0.00092516447
  -34.411605, 0.00074214, 0.00092516447
  -34.411605, 0.00103509, 0.00092516447
  -34.411605, 0.00076167, 0.00092516447
  -34.411605, 0.001187424, 0.00092516447
  -34.411605, 0.00101556, 0.00092516447
  -34.411605, 0.00087885, 0.00092516447
  -34.411605, 0.001175706, 0.00092516447
  -34.411605, 0.001136646, 0.00092516447
  -34.411605, 0.000914004, 0.00092516447
  -34.411605, 0.00109368, 0.00092516447
  -34.411605, 0.000871038, 0.00092516447
  -34.411605, 0.001320228, 0.00092516447
  -34.411605, 0.001050714, 0.00092516447
  -34.411605, 0.000941346, 0.00092516447
  -34.411605, 0.000831978, 0.00092516447
  -34.411605, 0.000882756, 0.00092516447
  -34.411605, 0.00076167, 0.00092516447
  -34.411605, 0.00070308, 0.00092516447
  -34.411605, 0.000894474, 0.00092516447
  -34.411605, 0.000910098, 0.00092516447
  -34.411605, 0.000941346, 0.00092516447
  -34.411605, 0.00087885, 0.00092516447
  -34.411605, 0.00085932, 0.00092516447
  -34.411605, 0.001042902, 0.00092516447
  -34.411605, 0.000789012, 0.00092516447
  -34.411605, 0.000999936, 0.00092516447
  -34.411605, 0.00089838, 0.00092516447
  -34.411605, 0.001070244, 0.00092516447
  -34.411605, 0.000953064, 0.00092516447
  -34.411605, 0.000910098, 0.00092516447
  -34.411605, 0.000851508, 0.00092516447
  -34.411605, 0.000777294, 0.00092516447
  -34.411605, 0.000777294, 0.00092516447
  -34.411605, 0.0009765, 0.00092516447
  -34.411605, 0.001050714, 0.00092516447
  -34.40515, 0.000945252, 0.00092573155
  -34.40515, 0.00091791, 0.00092573155
  -34.40515, 0.000882756, 0.00092573155
  -34.40515, 0.000656208, 0.00092573155
  -34.40515, 0.001324134, 0.00092573155
  -34.40515, 0.00091791, 0.00092573155
  -34.40515, 0.000921816, 0.00092573155
  -34.40515, 0.000831978, 0.00092573155
  -34.40515, 0.000769482, 0.00092573155
  -34.40515, 0.001124928, 0.00092573155
  -34.40515, 0.001167894, 0.00092573155
  -34.40515, 0.000890568, 0.00092573155
  -34.40515, 0.000824166, 0.00092573155
  -34.40515, 0.0007812, 0.00092573155
  -34.40515, 0.000886662, 0.00092573155
  -34.40515, 0.001078056, 0.00092573155
  -34.40515, 0.000789012, 0.00092573155
  -34.40515, 0.000999936, 0.00092573155
  -34.40515, 0.000925722, 0.00092573155
  -34.40515, 0.001121022, 0.00092573155
  -34.40515, 0.000968688, 0.00092573155
  -34.40515, 0.000667926, 0.00092573155
  -34.40515, 0.000914004, 0.00092573155
  -34.40515, 0.000843696, 0.00092573155
  -34.40515, 0.000988218, 0.00092573155
  -34.40515, 0.000882756, 0.00092573155
  -34.40515, 0.00101556, 0.00092573155
  -34.40515, 0.001167894, 0.00092573155
  -34.40515, 0.001066338, 0.00092573155
  -34.40515, 0.001058526, 0.00092573155
  -34.40515, 0.00101556, 0.00092573155
  -34.40515, 0.001050714, 0.00092573155
  -34.40515, 0.001101492, 0.00092573155
  -34.40515, 0.00101556, 0.00092573155
  -34.40515, 0.000855414, 0.00092573155
  -34.40515, 0.00099603, 0.00092573155
  -34.40515, 0.001023372, 0.00092573155
  -34.40515, 0.001109304, 0.00092573155
  -34.40515, 0.000816354, 0.00092573155
  -34.40515, 0.000953064, 0.00092573155
  -34.40515, 0.00099603, 0.00092573155
  -34.40515, 0.000972594, 0.00092573155
  -34.40515, 0.000894474, 0.00092573155
  -34.40515, 0.000871038, 0.00092573155
  -34.40515, 0.00068355, 0.00092573155
  -34.40515, 0.000902286, 0.00092573155
  -34.40515, 0.000679644, 0.00092573155
  -34.40515, 0.000882756, 0.00092573155
  -34.40515, 0.000726516, 0.00092573155
  -34.40515, 0.000960876, 0.00092573155
  -34.40515, 0.000855414, 0.00092573155
  -34.40515, 0.001101492, 0.00092573155
  -34.40515, 0.001027278, 0.00092573155
  -34.40515, 0.00082026, 0.00092573155
  -34.40515, 0.000789012, 0.00092573155
  -34.40515, 0.00080073, 0.00092573155
  -34.40515, 0.000816354, 0.00092573155
  -34.40515, 0.000824166, 0.00092573155
  -34.40515, 0.000863226, 0.00092573155
  -34.40515, 0.000949158, 0.00092573155
  -34.40515, 0.00113274, 0.00092573155
  -34.40515, 0.000718704, 0.00092573155
  -34.40515, 0.000847602, 0.00092573155
  -34.40515, 0.000871038, 0.00092573155
  -34.40515, 0.001031184, 0.00092573155
  -34.40515, 0.000988218, 0.00092573155
  -34.40515, 0.000734328, 0.00092573155
  -34.40515, 0.00095697, 0.00092573155
  -34.40515, 0.001019466, 0.00092573155
  -34.40515, 0.001027278, 0.00092573155
  -34.40515, 0.000581994, 0.00092573155
  -34.40515, 0.00074214, 0.00092573155
  -34.40515, 0.00070308, 0.00092573155
  -34.40515, 0.001011654, 0.00092573155
  -34.40515, 0.000863226, 0.00092573155
  -34.40515, 0.001089774, 0.00092573155
  -34.40515, 0.000914004, 0.00092573155
  -34.40515, 0.000902286, 0.00092573155
  -34.40515, 0.001023372, 0.00092573155
  -34.40515, 0.000914004, 0.00092573155
  -34.40515, 0.001003842, 0.00092573155
  -34.40515, 0.001066338, 0.00092573155
  -34.40515, 0.000792918, 0.00092573155
  -34.40515, 0.001105398, 0.00092573155
  -34.40515, 0.000765576, 0.00092573155
  -34.40515, 0.000808542, 0.00092573155
  -34.40515, 0.001027278, 0.00092573155
  -34.40515, 0.00076167, 0.00092573155
  -34.40515, 0.000906192, 0.00092573155
  -34.40515, 0.000910098, 0.00092573155
  -34.40515, 0.000855414, 0.00092573155
  -34.40515, 0.000835884, 0.00092573155
  -34.40515, 0.000804636, 0.00092573155
  -34.40515, 0.00107415, 0.00092573155
  -34.40515, 0.00121086, 0.00092573155
  -34.40515, 0.00089838, 0.00092573155
  -34.40515, 0.000730422, 0.00092573155
  -34.40515, 0.00089838, 0.00092573155
  -34.40515, 0.00109368, 0.00092573155
  -34.40515, 0.00080073, 0.00092573155
  -34.40515, 0.000910098, 0.00092573155
  -34.40515, 0.000960876, 0.00092573155
  -34.40515, 0.000929628, 0.00092573155
  -34.40515, 0.000851508, 0.00092573155
  -34.40515, 0.001011654, 0.00092573155
  -34.40515, 0.000925722, 0.00092573155
  -34.40515, 0.000906192, 0.00092573155
  -34.40515, 0.00068355, 0.00092573155
  -34.40515, 0.00068355, 0.00092573155
  -34.40515, 0.00109368, 0.00092573155
  -34.40515, 0.000902286, 0.00092573155
  -34.40515, 0.000984312, 0.00092573155
  -34.40515, 0.001179612, 0.00092573155
  -34.40515, 0.000851508, 0.00092573155
  -34.40515, 0.000714798, 0.00092573155
  -34.40515, 0.000914004, 0.00092573155
  -34.40515, 0.00109368, 0.00092573155
  -34.40515, 0.000773388, 0.00092573155
  -34.40515, 0.001124928, 0.00092573155
  -34.40515, 0.000999936, 0.00092573155
  -34.40515, 0.00093744, 0.00092573155
  -34.40515, 0.001140552, 0.00092573155
  -34.40515, 0.000929628, 0.00092573155
  -34.40515, 0.0009765, 0.00092573155
  -34.40515, 0.000847602, 0.00092573155
  -34.40515, 0.0009765, 0.00092573155
  -34.40515, 0.000945252, 0.00092573155
  -34.40515, 0.000968688, 0.00092573155
  -34.40515, 0.000964782, 0.00092573155
  -34.40515, 0.00105462, 0.00092573155
  -34.40515, 0.001187424, 0.00092573155
  -34.40515, 0.001042902, 0.00092573155
  -34.40515, 0.00101556, 0.00092573155
  -34.40515, 0.0011718, 0.00092573155
  -34.40515, 0.001031184, 0.00092573155
  -34.40515, 0.000746046, 0.00092573155
  -34.40515, 0.000968688, 0.00092573155
  -34.40515, 0.00091791, 0.00092573155
  -34.40515, 0.000953064, 0.00092573155
  -34.40515, 0.001187424, 0.00092573155
  -34.40515, 0.000980406, 0.00092573155
  -34.40515, 0.001019466, 0.00092573155
  -34.40515, 0.000757764, 0.00092573155
  -34.40515, 0.000960876, 0.00092573155
  -34.40515, 0.000757764, 0.00092573155
  -34.40515, 0.000855414, 0.00092573155
  -34.40515, 0.000828072, 0.00092573155
  -34.40515, 0.001136646, 0.00092573155
  -34.40515, 0.000539028, 0.00092573155
  -34.40515, 0.000734328, 0.00092573155
  -34.40515, 0.000796824, 0.00092573155
  -34.40515, 0.000941346, 0.00092573155
  -34.40515, 0.001003842, 0.00092573155
  -34.40515, 0.000738234, 0.00092573155
  -34.40515, 0.00111321, 0.00092573155
  -34.40515, 0.000847602, 0.00092573155
  -34.40515, 0.00080073, 0.00092573155
  -34.40515, 0.00105462, 0.00092573155
  -34.40515, 0.0007812, 0.00092573155
  -34.40515, 0.00093744, 0.00092573155
  -34.40515, 0.000867132, 0.00092573155
  -34.40515, 0.001062432, 0.00092573155
  -34.40515, 0.00105462, 0.00092573155
  -34.40515, 0.000902286, 0.00092573155
  -34.40515, 0.000871038, 0.00092573155
  -34.40515, 0.000999936, 0.00092573155
  -34.40515, 0.000933534, 0.00092573155
  -34.40515, 0.000960876, 0.00092573155
  -34.40515, 0.00087885, 0.00092573155
  -34.40515, 0.000914004, 0.00092573155
  -34.40515, 0.000910098, 0.00092573155
  -34.40515, 0.000968688, 0.00092573155
  -34.40515, 0.00109368, 0.00092573155
  -34.40515, 0.000851508, 0.00092573155
  -34.40515, 0.000914004, 0.00092573155
  -34.40515, 0.001007748, 0.00092573155
  -34.40515, 0.000648396, 0.00092573155
  -34.40515, 0.00089838, 0.00092573155
  -34.40515, 0.001081962, 0.00092573155
  -34.40515, 0.000929628, 0.00092573155
  -34.40515, 0.000914004, 0.00092573155
  -34.40515, 0.00111321, 0.00092573155
  -34.40515, 0.001136646, 0.00092573155
  -34.40515, 0.000925722, 0.00092573155
  -34.40515, 0.000855414, 0.00092573155
  -34.40515, 0.000960876, 0.00092573155
  -34.40515, 0.00107415, 0.00092573155
  -34.40515, 0.000804636, 0.00092573155
  -34.40515, 0.000906192, 0.00092573155
  -34.40515, 0.000964782, 0.00092573155
  -34.40515, 0.000847602, 0.00092573155
  -34.40515, 0.000960876, 0.00092573155
  -34.40515, 0.00095697, 0.00092573155
  -34.40515, 0.001019466, 0.00092573155
  -34.40515, 0.000789012, 0.00092573155
  -34.40515, 0.000777294, 0.00092573155
  -34.40515, 0.00087885, 0.00092573155
  -34.40515, 0.000925722, 0.00092573155
  -34.40515, 0.000988218, 0.00092573155
  -34.40515, 0.000773388, 0.00092573155
  -34.40515, 0.000531216, 0.00092573155
  -34.40515, 0.000886662, 0.00092573155
  -34.40515, 0.000988218, 0.00092573155
  -34.40515, 0.00109368, 0.00092573155
  -34.40515, 0.000949158, 0.00092573155
  -34.40515, 0.000999936, 0.00092573155
  -34.40515, 0.00093744, 0.00092573155
  -34.40515, 0.000835884, 0.00092573155
  -34.40515, 0.000601524, 0.00092573155
  -34.40515, 0.000789012, 0.00092573155
  -34.40515, 0.00093744, 0.00092573155
  -34.40515, 0.000910098, 0.00092573155
  -34.40515, 0.000992124, 0.00092573155
  -34.40515, 0.000894474, 0.00092573155
  -34.40515, 0.001128834, 0.00092573155
  -34.40515, 0.00074214, 0.00092573155
  -34.40515, 0.000890568, 0.00092573155
  -34.40515, 0.000972594, 0.00092573155
  -34.40515, 0.000777294, 0.00092573155
  -34.40515, 0.000675738, 0.00092573155
  -34.40515, 0.000972594, 0.00092573155
  -34.40515, 0.0009765, 0.00092573155
  -34.40515, 0.001078056, 0.00092573155
  -34.40515, 0.000808542, 0.00092573155
  -34.40515, 0.00076167, 0.00092573155
  -34.40515, 0.00080073, 0.00092573155
  -34.40515, 0.000808542, 0.00092573155
  -34.40515, 0.00103509, 0.00092573155
  -34.40515, 0.00082026, 0.00092573155
  -34.40515, 0.00087885, 0.00092573155
  -34.40515, 0.001195236, 0.00092573155
  -34.40515, 0.000796824, 0.00092573155
  -34.40515, 0.001195236, 0.00092573155
  -34.40515, 0.000921816, 0.00092573155
  -34.40515, 0.000749952, 0.00092573155
  -34.40515, 0.001027278, 0.00092573155
  -34.40515, 0.000843696, 0.00092573155
  -34.40515, 0.001117116, 0.00092573155
  -34.40515, 0.000617148, 0.00092573155
  -34.40515, 0.00062496, 0.00092573155
  -34.40515, 0.000910098, 0.00092573155
  -34.40515, 0.000558558, 0.00092573155
  -34.40515, 0.000851508, 0.00092573155
  -34.40515, 0.000894474, 0.00092573155
  -34.40515, 0.000831978, 0.00092573155
  -34.40515, 0.001124928, 0.00092573155
  -34.40515, 0.00076167, 0.00092573155
  -34.40515, 0.001156176, 0.00092573155
  -34.40515, 0.000749952, 0.00092573155
  -34.40515, 0.000914004, 0.00092573155
  -34.40515, 0.001042902, 0.00092573155
  -34.40515, 0.000847602, 0.00092573155
  -34.40515, 0.000890568, 0.00092573155
  -34.40515, 0.000949158, 0.00092573155
  -34.40515, 0.000921816, 0.00092573155
  -34.40515, 0.000773388, 0.00092573155
  -34.40515, 0.000886662, 0.00092573155
  -34.40515, 0.00103509, 0.00092573155
  -34.40515, 0.000863226, 0.00092573155
  -34.40515, 0.000968688, 0.00092573155
  -34.40515, 0.000730422, 0.00092573155
  -34.40515, 0.000835884, 0.00092573155
  -34.40515, 0.00095697, 0.00092573155
  -34.40515, 0.001234296, 0.00092573155
  -34.40515, 0.000785106, 0.00092573155
  -34.40515, 0.000882756, 0.00092573155
  -34.40515, 0.001163988, 0.00092573155
  -34.40515, 0.000816354, 0.00092573155
  -34.40515, 0.000777294, 0.00092573155
  -34.40515, 0.000843696, 0.00092573155
  -34.40515, 0.000886662, 0.00092573155
  -34.40515, 0.000777294, 0.00092573155
  -34.40515, 0.000792918, 0.00092573155
  -34.40515, 0.000843696, 0.00092573155
  -34.40515, 0.00089838, 0.00092573155
  -34.40515, 0.000804636, 0.00092573155
  -34.40515, 0.000867132, 0.00092573155
  -34.40515, 0.001101492, 0.00092573155
  -34.40515, 0.001081962, 0.00092573155
  -34.40515, 0.001085868, 0.00092573155
  -34.40515, 0.00105462, 0.00092573155
  -34.40515, 0.000886662, 0.00092573155
  -34.40515, 0.000863226, 0.00092573155
  -34.40515, 0.000831978, 0.00092573155
  -34.40515, 0.000906192, 0.00092573155
  -34.40515, 0.001089774, 0.00092573155
  -34.40515, 0.000960876, 0.00092573155
  -34.40515, 0.001046808, 0.00092573155
  -34.40515, 0.000945252, 0.00092573155
  -34.40515, 0.000921816, 0.00092573155
  -34.40515, 0.00093744, 0.00092573155
  -34.40515, 0.000792918, 0.00092573155
  -34.40515, 0.000890568, 0.00092573155
  -34.40515, 0.001187424, 0.00092573155
  -34.40515, 0.001128834, 0.00092573155
  -34.40515, 0.000796824, 0.00092573155
  -34.40515, 0.000855414, 0.00092573155
  -34.40515, 0.000890568, 0.00092573155
  -34.40515, 0.00103509, 0.00092573155
  -34.40515, 0.001078056, 0.00092573155
  -34.40515, 0.000925722, 0.00092573155
  -34.40515, 0.000816354, 0.00092573155
  -34.40515, 0.000941346, 0.00092573155
  -34.40515, 0.000718704, 0.00092573155
  -34.40515, 0.000972594, 0.00092573155
  -34.40515, 0.000988218, 0.00092573155
  -34.40515, 0.000882756, 0.00092573155
  -34.40515, 0.001081962, 0.00092573155
  -34.40515, 0.000988218, 0.00092573155
  -34.40515, 0.00083979, 0.00092573155
  -34.40515, 0.000906192, 0.00092573155
  -34.40515, 0.000902286, 0.00092573155
  -34.40515, 0.000980406, 0.00092573155
  -34.40515, 0.000843696, 0.00092573155
  -34.40515, 0.000753858, 0.00092573155
  -34.40515, 0.00083979, 0.00092573155
  -34.40515, 0.000984312, 0.00092573155
  -34.40515, 0.000906192, 0.00092573155
  -34.40515, 0.000945252, 0.00092573155
  -34.40515, 0.000914004, 0.00092573155
  -34.40515, 0.000718704, 0.00092573155
  -34.40515, 0.0009765, 0.00092573155
  -34.40515, 0.000988218, 0.00092573155
  -34.40515, 0.000874944, 0.00092573155
  -34.40515, 0.000812448, 0.00092573155
  -34.40515, 0.000925722, 0.00092573155
  -34.40515, 0.000984312, 0.00092573155
  -34.40515, 0.000968688, 0.00092573155
  -34.40515, 0.000757764, 0.00092573155
  -34.40515, 0.000988218, 0.00092573155
  -34.40515, 0.000968688, 0.00092573155
  -34.40515, 0.000953064, 0.00092573155
  -34.40515, 0.000902286, 0.00092573155
  -34.40515, 0.001046808, 0.00092573155
  -34.40515, 0.000894474, 0.00092573155
  -34.40515, 0.001117116, 0.00092573155
  -34.40515, 0.000855414, 0.00092573155
  -34.40515, 0.001058526, 0.00092573155
  -34.40515, 0.00095697, 0.00092573155
  -34.40515, 0.000949158, 0.00092573155
  -34.40515, 0.000941346, 0.00092573155
  -34.40515, 0.000914004, 0.00092573155
  -34.40515, 0.00091791, 0.00092573155
  -34.40515, 0.00087885, 0.00092573155
  -34.40515, 0.000847602, 0.00092573155
  -34.40515, 0.000777294, 0.00092573155
  -34.40515, 0.000687456, 0.00092573155
  -34.398695, 0.001050714, 0.00092629882
  -34.398695, 0.000999936, 0.00092629882
  -34.398695, 0.000933534, 0.00092629882
  -34.398695, 0.000824166, 0.00092629882
  -34.398695, 0.00093744, 0.00092629882
  -34.398695, 0.000914004, 0.00092629882
  -34.398695, 0.001320228, 0.00092629882
  -34.398695, 0.000933534, 0.00092629882
  -34.398695, 0.000816354, 0.00092629882
  -34.398695, 0.000695268, 0.00092629882
  -34.398695, 0.000831978, 0.00092629882
  -34.398695, 0.000999936, 0.00092629882
  -34.398695, 0.00119133, 0.00092629882
  -34.398695, 0.000953064, 0.00092629882
  -34.398695, 0.000894474, 0.00092629882
  -34.398695, 0.000671832, 0.00092629882
  -34.398695, 0.00076167, 0.00092629882
  -34.398695, 0.000882756, 0.00092629882
  -34.398695, 0.001281168, 0.00092629882
  -34.398695, 0.00080073, 0.00092629882
  -34.398695, 0.000910098, 0.00092629882
  -34.398695, 0.001160082, 0.00092629882
  -34.398695, 0.000882756, 0.00092629882
  -34.398695, 0.001144458, 0.00092629882
  -34.398695, 0.001160082, 0.00092629882
  -34.398695, 0.000621054, 0.00092629882
  -34.398695, 0.001007748, 0.00092629882
  -34.398695, 0.001019466, 0.00092629882
  -34.398695, 0.000863226, 0.00092629882
  -34.398695, 0.000812448, 0.00092629882
  -34.398695, 0.000874944, 0.00092629882
  -34.398695, 0.001019466, 0.00092629882
  -34.398695, 0.000863226, 0.00092629882
  -34.398695, 0.000988218, 0.00092629882
  -34.398695, 0.000964782, 0.00092629882
  -34.398695, 0.00105462, 0.00092629882
  -34.398695, 0.00080073, 0.00092629882
  -34.398695, 0.001179612, 0.00092629882
  -34.398695, 0.001265544, 0.00092629882
  -34.398695, 0.00074214, 0.00092629882
  -34.398695, 0.000863226, 0.00092629882
  -34.398695, 0.000753858, 0.00092629882
  -34.398695, 0.000972594, 0.00092629882
  -34.398695, 0.000933534, 0.00092629882
  -34.398695, 0.00111321, 0.00092629882
  -34.398695, 0.001085868, 0.00092629882
  -34.398695, 0.001027278, 0.00092629882
  -34.398695, 0.000960876, 0.00092629882
  -34.398695, 0.001183518, 0.00092629882
  -34.398695, 0.001179612, 0.00092629882
  -34.398695, 0.00089838, 0.00092629882
  -34.398695, 0.001140552, 0.00092629882
  -34.398695, 0.001105398, 0.00092629882
  -34.398695, 0.0009765, 0.00092629882
  -34.398695, 0.000941346, 0.00092629882
  -34.398695, 0.00083979, 0.00092629882
  -34.398695, 0.00109368, 0.00092629882
  -34.398695, 0.000831978, 0.00092629882
  -34.398695, 0.00082026, 0.00092629882
  -34.398695, 0.000632772, 0.00092629882
  -34.398695, 0.000667926, 0.00092629882
  -34.398695, 0.001019466, 0.00092629882
  -34.398695, 0.000843696, 0.00092629882
  -34.398695, 0.001011654, 0.00092629882
  -34.398695, 0.00072261, 0.00092629882
  -34.398695, 0.000988218, 0.00092629882
  -34.398695, 0.000945252, 0.00092629882
  -34.398695, 0.000835884, 0.00092629882
  -34.398695, 0.00085932, 0.00092629882
  -34.398695, 0.000738234, 0.00092629882
  -34.398695, 0.001121022, 0.00092629882
  -34.398695, 0.001011654, 0.00092629882
  -34.398695, 0.001058526, 0.00092629882
  -34.398695, 0.000660114, 0.00092629882
  -34.398695, 0.000726516, 0.00092629882
  -34.398695, 0.000980406, 0.00092629882
  -34.398695, 0.000867132, 0.00092629882
  -34.398695, 0.000789012, 0.00092629882
  -34.398695, 0.001206954, 0.00092629882
  -34.398695, 0.000984312, 0.00092629882
  -34.398695, 0.000968688, 0.00092629882
  -34.398695, 0.000910098, 0.00092629882
  -34.398695, 0.00087885, 0.00092629882
  -34.398695, 0.00076167, 0.00092629882
  -34.398695, 0.000699174, 0.00092629882
  -34.398695, 0.001117116, 0.00092629882
  -34.398695, 0.001109304, 0.00092629882
  -34.398695, 0.000867132, 0.00092629882
  -34.398695, 0.000910098, 0.00092629882
  -34.398695, 0.000863226, 0.00092629882
  -34.398695, 0.000972594, 0.00092629882
  -34.398695, 0.000933534, 0.00092629882
  -34.398695, 0.000949158, 0.00092629882
  -34.398695, 0.000945252, 0.00092629882
  -34.398695, 0.000972594, 0.00092629882
  -34.398695, 0.0007812, 0.00092629882
  -34.398695, 0.000945252, 0.00092629882
  -34.398695, 0.000808542, 0.00092629882
  -34.398695, 0.00107415, 0.00092629882
  -34.398695, 0.001011654, 0.00092629882
  -34.398695, 0.001046808, 0.00092629882
  -34.398695, 0.000765576, 0.00092629882
  -34.398695, 0.000960876, 0.00092629882
  -34.398695, 0.000843696, 0.00092629882
  -34.398695, 0.00083979, 0.00092629882
  -34.398695, 0.000867132, 0.00092629882
  -34.398695, 0.001167894, 0.00092629882
  -34.398695, 0.000964782, 0.00092629882
  -34.398695, 0.001023372, 0.00092629882
  -34.398695, 0.000949158, 0.00092629882
  -34.398695, 0.000960876, 0.00092629882
  -34.398695, 0.000851508, 0.00092629882
  -34.398695, 0.000660114, 0.00092629882
  -34.398695, 0.001124928, 0.00092629882
  -34.398695, 0.00087885, 0.00092629882
  -34.398695, 0.00103509, 0.00092629882
  -34.398695, 0.001081962, 0.00092629882
  -34.398695, 0.001089774, 0.00092629882
  -34.398695, 0.000968688, 0.00092629882
  -34.398695, 0.000894474, 0.00092629882
  -34.398695, 0.00093744, 0.00092629882
  -34.398695, 0.000581994, 0.00092629882
  -34.398695, 0.000953064, 0.00092629882
  -34.398695, 0.000984312, 0.00092629882
  -34.398695, 0.000933534, 0.00092629882
  -34.398695, 0.00099603, 0.00092629882
  -34.398695, 0.000851508, 0.00092629882
  -34.398695, 0.000871038, 0.00092629882
  -34.398695, 0.000753858, 0.00092629882
  -34.398695, 0.00103509, 0.00092629882
  -34.398695, 0.000882756, 0.00092629882
  -34.398695, 0.001078056, 0.00092629882
  -34.398695, 0.001078056, 0.00092629882
  -34.398695, 0.000847602, 0.00092629882
  -34.398695, 0.0011718, 0.00092629882
  -34.398695, 0.000960876, 0.00092629882
  -34.398695, 0.000925722, 0.00092629882
  -34.398695, 0.001109304, 0.00092629882
  -34.398695, 0.000964782, 0.00092629882
  -34.398695, 0.000867132, 0.00092629882
  -34.398695, 0.001144458, 0.00092629882
  -34.398695, 0.001140552, 0.00092629882
  -34.398695, 0.00113274, 0.00092629882
  -34.398695, 0.000941346, 0.00092629882
  -34.398695, 0.001023372, 0.00092629882
  -34.398695, 0.001109304, 0.00092629882
  -34.398695, 0.00095697, 0.00092629882
  -34.398695, 0.000933534, 0.00092629882
  -34.398695, 0.000804636, 0.00092629882
  -34.398695, 0.000796824, 0.00092629882
  -34.398695, 0.00076167, 0.00092629882
  -34.398695, 0.001097586, 0.00092629882
  -34.398695, 0.001019466, 0.00092629882
  -34.398695, 0.000824166, 0.00092629882
  -34.398695, 0.000921816, 0.00092629882
  -34.398695, 0.001121022, 0.00092629882
  -34.398695, 0.000710892, 0.00092629882
  -34.398695, 0.000828072, 0.00092629882
  -34.398695, 0.000640584, 0.00092629882
  -34.398695, 0.000914004, 0.00092629882
  -34.398695, 0.00093744, 0.00092629882
  -34.398695, 0.000945252, 0.00092629882
  -34.398695, 0.001199142, 0.00092629882
  -34.398695, 0.0005859, 0.00092629882
  -34.398695, 0.000785106, 0.00092629882
  -34.398695, 0.001027278, 0.00092629882
  -34.398695, 0.001203048, 0.00092629882
  -34.398695, 0.000882756, 0.00092629882
  -34.398695, 0.000941346, 0.00092629882
  -34.398695, 0.001078056, 0.00092629882
  -34.398695, 0.000699174, 0.00092629882
  -34.398695, 0.001058526, 0.00092629882
  -34.398695, 0.000945252, 0.00092629882
  -34.398695, 0.000675738, 0.00092629882
  -34.398695, 0.000734328, 0.00092629882
  -34.398695, 0.000992124, 0.00092629882
  -34.398695, 0.000980406, 0.00092629882
  -34.398695, 0.000718704, 0.00092629882
  -34.398695, 0.001011654, 0.00092629882
  -34.398695, 0.000921816, 0.00092629882
  -34.398695, 0.000812448, 0.00092629882
  -34.398695, 0.000964782, 0.00092629882
  -34.398695, 0.00089838, 0.00092629882
  -34.398695, 0.00103509, 0.00092629882
  -34.398695, 0.001097586, 0.00092629882
  -34.398695, 0.000785106, 0.00092629882
  -34.398695, 0.001214766, 0.00092629882
  -34.398695, 0.000890568, 0.00092629882
  -34.398695, 0.000851508, 0.00092629882
  -34.398695, 0.001050714, 0.00092629882
  -34.398695, 0.000999936, 0.00092629882
  -34.398695, 0.001109304, 0.00092629882
  -34.398695, 0.00070308, 0.00092629882
  -34.398695, 0.001011654, 0.00092629882
  -34.398695, 0.000855414, 0.00092629882
  -34.398695, 0.001078056, 0.00092629882
  -34.398695, 0.000910098, 0.00092629882
  -34.398695, 0.000949158, 0.00092629882
  -34.398695, 0.001027278, 0.00092629882
  -34.398695, 0.000746046, 0.00092629882
  -34.398695, 0.0007812, 0.00092629882
  -34.398695, 0.0011718, 0.00092629882
  -34.398695, 0.000984312, 0.00092629882
  -34.398695, 0.001066338, 0.00092629882
  -34.398695, 0.001042902, 0.00092629882
  -34.398695, 0.001058526, 0.00092629882
  -34.398695, 0.00074214, 0.00092629882
  -34.398695, 0.00091791, 0.00092629882
  -34.398695, 0.001050714, 0.00092629882
  -34.398695, 0.000816354, 0.00092629882
  -34.398695, 0.000906192, 0.00092629882
  -34.398695, 0.000828072, 0.00092629882
  -34.398695, 0.000738234, 0.00092629882
  -34.398695, 0.000874944, 0.00092629882
  -34.398695, 0.000921816, 0.00092629882
  -34.398695, 0.001070244, 0.00092629882
  -34.398695, 0.000933534, 0.00092629882
  -34.398695, 0.001277262, 0.00092629882
  -34.398695, 0.000910098, 0.00092629882
  -34.398695, 0.000851508, 0.00092629882
  -34.398695, 0.00121086, 0.00092629882
  -34.398695, 0.00080073, 0.00092629882
  -34.398695, 0.00082026, 0.00092629882
  -34.398695, 0.00095697, 0.00092629882
  -34.398695, 0.001003842, 0.00092629882
  -34.398695, 0.001117116, 0.00092629882
  -34.398695, 0.000960876, 0.00092629882
  -34.398695, 0.000867132, 0.00092629882
  -34.398695, 0.001097586, 0.00092629882
  -34.398695, 0.000929628, 0.00092629882
  -34.398695, 0.000921816, 0.00092629882
  -34.398695, 0.000706986, 0.00092629882
  -34.398695, 0.00076167, 0.00092629882
  -34.398695, 0.00093744, 0.00092629882
  -34.398695, 0.000749952, 0.00092629882
  -34.398695, 0.000953064, 0.00092629882
  -34.398695, 0.001038996, 0.00092629882
  -34.398695, 0.001144458, 0.00092629882
  -34.398695, 0.000828072, 0.00092629882
  -34.398695, 0.00095697, 0.00092629882
  -34.398695, 0.000851508, 0.00092629882
  -34.398695, 0.000914004, 0.00092629882
  -34.398695, 0.000867132, 0.00092629882
  -34.398695, 0.000738234, 0.00092629882
  -34.398695, 0.000914004, 0.00092629882
  -34.398695, 0.000914004, 0.00092629882
  -34.398695, 0.00093744, 0.00092629882
  -34.398695, 0.000968688, 0.00092629882
  -34.398695, 0.00101556, 0.00092629882
  -34.398695, 0.001023372, 0.00092629882
  -34.398695, 0.000773388, 0.00092629882
  -34.398695, 0.000828072, 0.00092629882
  -34.398695, 0.001226484, 0.00092629882
  -34.398695, 0.000894474, 0.00092629882
  -34.398695, 0.000945252, 0.00092629882
  -34.398695, 0.000941346, 0.00092629882
  -34.398695, 0.000871038, 0.00092629882
  -34.398695, 0.00103509, 0.00092629882
  -34.398695, 0.000906192, 0.00092629882
  -34.398695, 0.000874944, 0.00092629882
  -34.398695, 0.000863226, 0.00092629882
  -34.398695, 0.001081962, 0.00092629882
  -34.398695, 0.000734328, 0.00092629882
  -34.398695, 0.001089774, 0.00092629882
  -34.398695, 0.00119133, 0.00092629882
  -34.398695, 0.000808542, 0.00092629882
  -34.398695, 0.001097586, 0.00092629882
  -34.398695, 0.000988218, 0.00092629882
  -34.398695, 0.000765576, 0.00092629882
  -34.398695, 0.000804636, 0.00092629882
  -34.398695, 0.000972594, 0.00092629882
  -34.398695, 0.001042902, 0.00092629882
  -34.398695, 0.00089838, 0.00092629882
  -34.398695, 0.000796824, 0.00092629882
  -34.398695, 0.000910098, 0.00092629882
  -34.398695, 0.000863226, 0.00092629882
  -34.398695, 0.001109304, 0.00092629882
  -34.398695, 0.000929628, 0.00092629882
  -34.398695, 0.001023372, 0.00092629882
  -34.398695, 0.000804636, 0.00092629882
  -34.398695, 0.00089838, 0.00092629882
  -34.398695, 0.000874944, 0.00092629882
  -34.398695, 0.001070244, 0.00092629882
  -34.398695, 0.000925722, 0.00092629882
  -34.398695, 0.000851508, 0.00092629882
  -34.398695, 0.000699174, 0.00092629882
  -34.398695, 0.000874944, 0.00092629882
  -34.398695, 0.000808542, 0.00092629882
  -34.398695, 0.000992124, 0.00092629882
  -34.398695, 0.000902286, 0.00092629882
  -34.398695, 0.000777294, 0.00092629882
  -34.398695, 0.000835884, 0.00092629882
  -34.398695, 0.000667926, 0.00092629882
  -34.398695, 0.000843696, 0.00092629882
  -34.398695, 0.000828072, 0.00092629882
  -34.398695, 0.000796824, 0.00092629882
  -34.398695, 0.000808542, 0.00092629882
  -34.398695, 0.001070244, 0.00092629882
  -34.398695, 0.000691362, 0.00092629882
  -34.398695, 0.001121022, 0.00092629882
  -34.398695, 0.001121022, 0.00092629882
  -34.398695, 0.001050714, 0.00092629882
  -34.398695, 0.001038996, 0.00092629882
  -34.398695, 0.001027278, 0.00092629882
  -34.398695, 0.00101556, 0.00092629882
  -34.398695, 0.000972594, 0.00092629882
  -34.398695, 0.000941346, 0.00092629882
  -34.398695, 0.001058526, 0.00092629882
  -34.398695, 0.001246014, 0.00092629882
  -34.398695, 0.001273356, 0.00092629882
  -34.398695, 0.000984312, 0.00092629882
  -34.398695, 0.001027278, 0.00092629882
  -34.398695, 0.000796824, 0.00092629882
  -34.398695, 0.00128898, 0.00092629882
  -34.398695, 0.00101556, 0.00092629882
  -34.398695, 0.000632772, 0.00092629882
  -34.398695, 0.00101556, 0.00092629882
  -34.398695, 0.00103509, 0.00092629882
  -34.398695, 0.000886662, 0.00092629882
  -34.398695, 0.000941346, 0.00092629882
  -34.398695, 0.000831978, 0.00092629882
  -34.398695, 0.001109304, 0.00092629882
  -34.398695, 0.00113274, 0.00092629882
  -34.398695, 0.00095697, 0.00092629882
  -34.398695, 0.00109368, 0.00092629882
  -34.398695, 0.000773388, 0.00092629882
  -34.398695, 0.000828072, 0.00092629882
  -34.398695, 0.00103509, 0.00092629882
  -34.398695, 0.001128834, 0.00092629882
  -34.398695, 0.000988218, 0.00092629882
  -34.398695, 0.000980406, 0.00092629882
  -34.398695, 0.000746046, 0.00092629882
  -34.398695, 0.001027278, 0.00092629882
  -34.398695, 0.001128834, 0.00092629882
  -34.398695, 0.000988218, 0.00092629882
  -34.398695, 0.0009765, 0.00092629882
  -34.398695, 0.000589806, 0.00092629882
  -34.398695, 0.000726516, 0.00092629882
  -34.398695, 0.000941346, 0.00092629882
  -34.398695, 0.00080073, 0.00092629882
  -34.398695, 0.000824166, 0.00092629882
  -34.398695, 0.00105462, 0.00092629882
  -34.398695, 0.000933534, 0.00092629882
  -34.398695, 0.001027278, 0.00092629882
  -34.398695, 0.00076167, 0.00092629882
  -34.398695, 0.001339758, 0.00092629882
  -34.398695, 0.000640584, 0.00092629882
  -34.398695, 0.001121022, 0.00092629882
  -34.398695, 0.001042902, 0.00092629882
  -34.398695, 0.000960876, 0.00092629882
  -34.398695, 0.001078056, 0.00092629882
  -34.398695, 0.001265544, 0.00092629882
  -34.398695, 0.001011654, 0.00092629882
  -34.398695, 0.001167894, 0.00092629882
  -34.398695, 0.00113274, 0.00092629882
  -34.398695, 0.000812448, 0.00092629882
  -34.39224, 0.001156176, 0.00092686629
  -34.39224, 0.000914004, 0.00092686629
  -34.39224, 0.000953064, 0.00092686629
  -34.39224, 0.000675738, 0.00092686629
  -34.39224, 0.001027278, 0.00092686629
  -34.39224, 0.0009765, 0.00092686629
  -34.39224, 0.000929628, 0.00092686629
  -34.39224, 0.000882756, 0.00092686629
  -34.39224, 0.001109304, 0.00092686629
  -34.39224, 0.000910098, 0.00092686629
  -34.39224, 0.000949158, 0.00092686629
  -34.39224, 0.000921816, 0.00092686629
  -34.39224, 0.001089774, 0.00092686629
  -34.39224, 0.000964782, 0.00092686629
  -34.39224, 0.001058526, 0.00092686629
  -34.39224, 0.000785106, 0.00092686629
  -34.39224, 0.001101492, 0.00092686629
  -34.39224, 0.00095697, 0.00092686629
  -34.39224, 0.001038996, 0.00092686629
  -34.39224, 0.001042902, 0.00092686629
  -34.39224, 0.000914004, 0.00092686629
  -34.39224, 0.000914004, 0.00092686629
  -34.39224, 0.001007748, 0.00092686629
  -34.39224, 0.000777294, 0.00092686629
  -34.39224, 0.00095697, 0.00092686629
  -34.39224, 0.000851508, 0.00092686629
  -34.39224, 0.001027278, 0.00092686629
  -34.39224, 0.000906192, 0.00092686629
  -34.39224, 0.000964782, 0.00092686629
  -34.39224, 0.000890568, 0.00092686629
  -34.39224, 0.000933534, 0.00092686629
  -34.39224, 0.000953064, 0.00092686629
  -34.39224, 0.001140552, 0.00092686629
  -34.39224, 0.001066338, 0.00092686629
  -34.39224, 0.001050714, 0.00092686629
  -34.39224, 0.000847602, 0.00092686629
  -34.39224, 0.001007748, 0.00092686629
  -34.39224, 0.00083979, 0.00092686629
  -34.39224, 0.000871038, 0.00092686629
  -34.39224, 0.000656208, 0.00092686629
  -34.39224, 0.000757764, 0.00092686629
  -34.39224, 0.00091791, 0.00092686629
  -34.39224, 0.001058526, 0.00092686629
  -34.39224, 0.000769482, 0.00092686629
  -34.39224, 0.00070308, 0.00092686629
  -34.39224, 0.00103509, 0.00092686629
  -34.39224, 0.000890568, 0.00092686629
  -34.39224, 0.000902286, 0.00092686629
  -34.39224, 0.001062432, 0.00092686629
  -34.39224, 0.001124928, 0.00092686629
  -34.39224, 0.001023372, 0.00092686629
  -34.39224, 0.00095697, 0.00092686629
  -34.39224, 0.001226484, 0.00092686629
  -34.39224, 0.000890568, 0.00092686629
  -34.39224, 0.000843696, 0.00092686629
  -34.39224, 0.000999936, 0.00092686629
  -34.39224, 0.000894474, 0.00092686629
  -34.39224, 0.000796824, 0.00092686629
  -34.39224, 0.000945252, 0.00092686629
  -34.39224, 0.001124928, 0.00092686629
  -34.39224, 0.000992124, 0.00092686629
  -34.39224, 0.001031184, 0.00092686629
  -34.39224, 0.000847602, 0.00092686629
  -34.39224, 0.000988218, 0.00092686629
  -34.39224, 0.000812448, 0.00092686629
  -34.39224, 0.000999936, 0.00092686629
  -34.39224, 0.000695268, 0.00092686629
  -34.39224, 0.00068355, 0.00092686629
  -34.39224, 0.000867132, 0.00092686629
  -34.39224, 0.000972594, 0.00092686629
  -34.39224, 0.000921816, 0.00092686629
  -34.39224, 0.001003842, 0.00092686629
  -34.39224, 0.000945252, 0.00092686629
  -34.39224, 0.000941346, 0.00092686629
  -34.39224, 0.000746046, 0.00092686629
  -34.39224, 0.000851508, 0.00092686629
  -34.39224, 0.0007812, 0.00092686629
  -34.39224, 0.000968688, 0.00092686629
  -34.39224, 0.000718704, 0.00092686629
  -34.39224, 0.000914004, 0.00092686629
  -34.39224, 0.000812448, 0.00092686629
  -34.39224, 0.00085932, 0.00092686629
  -34.39224, 0.000886662, 0.00092686629
  -34.39224, 0.000816354, 0.00092686629
  -34.39224, 0.001078056, 0.00092686629
  -34.39224, 0.000960876, 0.00092686629
  -34.39224, 0.000804636, 0.00092686629
  -34.39224, 0.000730422, 0.00092686629
  -34.39224, 0.000816354, 0.00092686629
  -34.39224, 0.000874944, 0.00092686629
  -34.39224, 0.000921816, 0.00092686629
  -34.39224, 0.00095697, 0.00092686629
  -34.39224, 0.001042902, 0.00092686629
  -34.39224, 0.000988218, 0.00092686629
  -34.39224, 0.000843696, 0.00092686629
  -34.39224, 0.000816354, 0.00092686629
  -34.39224, 0.000914004, 0.00092686629
  -34.39224, 0.000796824, 0.00092686629
  -34.39224, 0.000753858, 0.00092686629
  -34.39224, 0.000632772, 0.00092686629
  -34.39224, 0.00089838, 0.00092686629
  -34.39224, 0.001031184, 0.00092686629
  -34.39224, 0.001058526, 0.00092686629
  -34.39224, 0.000988218, 0.00092686629
  -34.39224, 0.000769482, 0.00092686629
  -34.39224, 0.00101556, 0.00092686629
  -34.39224, 0.000851508, 0.00092686629
  -34.39224, 0.00093744, 0.00092686629
  -34.39224, 0.000835884, 0.00092686629
  -34.39224, 0.000706986, 0.00092686629
  -34.39224, 0.000914004, 0.00092686629
  -34.39224, 0.00095697, 0.00092686629
  -34.39224, 0.00099603, 0.00092686629
  -34.39224, 0.000953064, 0.00092686629
  -34.39224, 0.000789012, 0.00092686629
  -34.39224, 0.000941346, 0.00092686629
  -34.39224, 0.000679644, 0.00092686629
  -34.39224, 0.00091791, 0.00092686629
  -34.39224, 0.000949158, 0.00092686629
  -34.39224, 0.000964782, 0.00092686629
  -34.39224, 0.001019466, 0.00092686629
  -34.39224, 0.000890568, 0.00092686629
  -34.39224, 0.000933534, 0.00092686629
  -34.39224, 0.001019466, 0.00092686629
  -34.39224, 0.001007748, 0.00092686629
  -34.39224, 0.00080073, 0.00092686629
  -34.39224, 0.000718704, 0.00092686629
  -34.39224, 0.00091791, 0.00092686629
  -34.39224, 0.001148364, 0.00092686629
  -34.39224, 0.000792918, 0.00092686629
  -34.39224, 0.00085932, 0.00092686629
  -34.39224, 0.000863226, 0.00092686629
  -34.39224, 0.000984312, 0.00092686629
  -34.39224, 0.00087885, 0.00092686629
  -34.39224, 0.00087885, 0.00092686629
  -34.39224, 0.000843696, 0.00092686629
  -34.39224, 0.001121022, 0.00092686629
  -34.39224, 0.001257732, 0.00092686629
  -34.39224, 0.001058526, 0.00092686629
  -34.39224, 0.001007748, 0.00092686629
  -34.39224, 0.000902286, 0.00092686629
  -34.39224, 0.000789012, 0.00092686629
  -34.39224, 0.001046808, 0.00092686629
  -34.39224, 0.00064449, 0.00092686629
  -34.39224, 0.000812448, 0.00092686629
  -34.39224, 0.000906192, 0.00092686629
  -34.39224, 0.00103509, 0.00092686629
  -34.39224, 0.000730422, 0.00092686629
  -34.39224, 0.000804636, 0.00092686629
  -34.39224, 0.000972594, 0.00092686629
  -34.39224, 0.000789012, 0.00092686629
  -34.39224, 0.000984312, 0.00092686629
  -34.39224, 0.000914004, 0.00092686629
  -34.39224, 0.000894474, 0.00092686629
  -34.39224, 0.000695268, 0.00092686629
  -34.39224, 0.001019466, 0.00092686629
  -34.39224, 0.000828072, 0.00092686629
  -34.39224, 0.000773388, 0.00092686629
  -34.39224, 0.001023372, 0.00092686629
  -34.39224, 0.000949158, 0.00092686629
  -34.39224, 0.000808542, 0.00092686629
  -34.39224, 0.001027278, 0.00092686629
  -34.39224, 0.000851508, 0.00092686629
  -34.39224, 0.000929628, 0.00092686629
  -34.39224, 0.00099603, 0.00092686629
  -34.39224, 0.001023372, 0.00092686629
  -34.39224, 0.001046808, 0.00092686629
  -34.39224, 0.000925722, 0.00092686629
  -34.39224, 0.00072261, 0.00092686629
  -34.39224, 0.000617148, 0.00092686629
  -34.39224, 0.001124928, 0.00092686629
  -34.39224, 0.000660114, 0.00092686629
  -34.39224, 0.000777294, 0.00092686629
  -34.39224, 0.00103509, 0.00092686629
  -34.39224, 0.000874944, 0.00092686629
  -34.39224, 0.00089838, 0.00092686629
  -34.39224, 0.000910098, 0.00092686629
  -34.39224, 0.001046808, 0.00092686629
  -34.39224, 0.000867132, 0.00092686629
  -34.39224, 0.00076167, 0.00092686629
  -34.39224, 0.000902286, 0.00092686629
  -34.39224, 0.001078056, 0.00092686629
  -34.39224, 0.000964782, 0.00092686629
  -34.39224, 0.000843696, 0.00092686629
  -34.39224, 0.001183518, 0.00092686629
  -34.39224, 0.000710892, 0.00092686629
  -34.39224, 0.000746046, 0.00092686629
  -34.39224, 0.000902286, 0.00092686629
  -34.39224, 0.000851508, 0.00092686629
  -34.39224, 0.000910098, 0.00092686629
  -34.39224, 0.001105398, 0.00092686629
  -34.39224, 0.001062432, 0.00092686629
  -34.39224, 0.001003842, 0.00092686629
  -34.39224, 0.00113274, 0.00092686629
  -34.39224, 0.000964782, 0.00092686629
  -34.39224, 0.001027278, 0.00092686629
  -34.39224, 0.000945252, 0.00092686629
  -34.39224, 0.000765576, 0.00092686629
  -34.39224, 0.001042902, 0.00092686629
  -34.39224, 0.000988218, 0.00092686629
  -34.39224, 0.001050714, 0.00092686629
  -34.39224, 0.000890568, 0.00092686629
  -34.39224, 0.000808542, 0.00092686629
  -34.39224, 0.00107415, 0.00092686629
  -34.39224, 0.000960876, 0.00092686629
  -34.39224, 0.001085868, 0.00092686629
  -34.39224, 0.00103509, 0.00092686629
  -34.39224, 0.000828072, 0.00092686629
  -34.39224, 0.000734328, 0.00092686629
  -34.39224, 0.001097586, 0.00092686629
  -34.39224, 0.00103509, 0.00092686629
  -34.39224, 0.001117116, 0.00092686629
  -34.39224, 0.001085868, 0.00092686629
  -34.39224, 0.000796824, 0.00092686629
  -34.39224, 0.000867132, 0.00092686629
  -34.39224, 0.001019466, 0.00092686629
  -34.39224, 0.000789012, 0.00092686629
  -34.39224, 0.000914004, 0.00092686629
  -34.39224, 0.001078056, 0.00092686629
  -34.39224, 0.000921816, 0.00092686629
  -34.39224, 0.000812448, 0.00092686629
  -34.39224, 0.000671832, 0.00092686629
  -34.39224, 0.001078056, 0.00092686629
  -34.39224, 0.00089838, 0.00092686629
  -34.39224, 0.000824166, 0.00092686629
  -34.39224, 0.000757764, 0.00092686629
  -34.39224, 0.000914004, 0.00092686629
  -34.39224, 0.000984312, 0.00092686629
  -34.39224, 0.000929628, 0.00092686629
  -34.39224, 0.000730422, 0.00092686629
  -34.39224, 0.000831978, 0.00092686629
  -34.39224, 0.000953064, 0.00092686629
  -34.39224, 0.000796824, 0.00092686629
  -34.39224, 0.000949158, 0.00092686629
  -34.39224, 0.000855414, 0.00092686629
  -34.39224, 0.00085932, 0.00092686629
  -34.39224, 0.001081962, 0.00092686629
  -34.39224, 0.00091791, 0.00092686629
  -34.39224, 0.00091791, 0.00092686629
  -34.39224, 0.000988218, 0.00092686629
  -34.39224, 0.000914004, 0.00092686629
  -34.39224, 0.00095697, 0.00092686629
  -34.39224, 0.000792918, 0.00092686629
  -34.39224, 0.000726516, 0.00092686629
  -34.39224, 0.000874944, 0.00092686629
  -34.39224, 0.000968688, 0.00092686629
  -34.39224, 0.001011654, 0.00092686629
  -34.39224, 0.00103509, 0.00092686629
  -34.39224, 0.001078056, 0.00092686629
  -34.39224, 0.00072261, 0.00092686629
  -34.39224, 0.00101556, 0.00092686629
  -34.39224, 0.00109368, 0.00092686629
  -34.39224, 0.001238202, 0.00092686629
  -34.39224, 0.000792918, 0.00092686629
  -34.39224, 0.000871038, 0.00092686629
  -34.39224, 0.000667926, 0.00092686629
  -34.39224, 0.00076167, 0.00092686629
  -34.39224, 0.001070244, 0.00092686629
  -34.39224, 0.001097586, 0.00092686629
  -34.39224, 0.00093744, 0.00092686629
  -34.39224, 0.000691362, 0.00092686629
  -34.39224, 0.000929628, 0.00092686629
  -34.39224, 0.000718704, 0.00092686629
  -34.39224, 0.000882756, 0.00092686629
  -34.39224, 0.00076167, 0.00092686629
  -34.39224, 0.001027278, 0.00092686629
  -34.39224, 0.00093744, 0.00092686629
  -34.39224, 0.000863226, 0.00092686629
  -34.39224, 0.000769482, 0.00092686629
  -34.39224, 0.000812448, 0.00092686629
  -34.39224, 0.000773388, 0.00092686629
  -34.39224, 0.00082026, 0.00092686629
  -34.39224, 0.000953064, 0.00092686629
  -34.39224, 0.00101556, 0.00092686629
  -34.39224, 0.000792918, 0.00092686629
  -34.39224, 0.00109368, 0.00092686629
  -34.39224, 0.000906192, 0.00092686629
  -34.39224, 0.00083979, 0.00092686629
  -34.39224, 0.001124928, 0.00092686629
  -34.39224, 0.001062432, 0.00092686629
  -34.39224, 0.000718704, 0.00092686629
  -34.39224, 0.000765576, 0.00092686629
  -34.39224, 0.000695268, 0.00092686629
  -34.39224, 0.00109368, 0.00092686629
  -34.39224, 0.000769482, 0.00092686629
  -34.39224, 0.00087885, 0.00092686629
  -34.39224, 0.00109368, 0.00092686629
  -34.39224, 0.000789012, 0.00092686629
  -34.39224, 0.000882756, 0.00092686629
  -34.39224, 0.000886662, 0.00092686629
  -34.39224, 0.000574182, 0.00092686629
  -34.39224, 0.000765576, 0.00092686629
  -34.39224, 0.00093744, 0.00092686629
  -34.39224, 0.001089774, 0.00092686629
  -34.39224, 0.00066402, 0.00092686629
  -34.39224, 0.000988218, 0.00092686629
  -34.39224, 0.000894474, 0.00092686629
  -34.39224, 0.00109368, 0.00092686629
  -34.39224, 0.001066338, 0.00092686629
  -34.39224, 0.000714798, 0.00092686629
  -34.39224, 0.000863226, 0.00092686629
  -34.39224, 0.000773388, 0.00092686629
  -34.39224, 0.000851508, 0.00092686629
  -34.39224, 0.00095697, 0.00092686629
  -34.39224, 0.001050714, 0.00092686629
  -34.39224, 0.001089774, 0.00092686629
  -34.39224, 0.000902286, 0.00092686629
  -34.39224, 0.000890568, 0.00092686629
  -34.39224, 0.00093744, 0.00092686629
  -34.39224, 0.001003842, 0.00092686629
  -34.39224, 0.000890568, 0.00092686629
  -34.39224, 0.000906192, 0.00092686629
  -34.39224, 0.00083979, 0.00092686629
  -34.39224, 0.000855414, 0.00092686629
  -34.39224, 0.001050714, 0.00092686629
  -34.39224, 0.000734328, 0.00092686629
  -34.39224, 0.00091791, 0.00092686629
  -34.39224, 0.000902286, 0.00092686629
  -34.39224, 0.000706986, 0.00092686629
  -34.39224, 0.00091791, 0.00092686629
  -34.39224, 0.001105398, 0.00092686629
  -34.39224, 0.00093744, 0.00092686629
  -34.39224, 0.00080073, 0.00092686629
  -34.39224, 0.000804636, 0.00092686629
  -34.39224, 0.001038996, 0.00092686629
  -34.39224, 0.000706986, 0.00092686629
  -34.39224, 0.00085932, 0.00092686629
  -34.39224, 0.000960876, 0.00092686629
  -34.39224, 0.000660114, 0.00092686629
  -34.39224, 0.000835884, 0.00092686629
  -34.39224, 0.000855414, 0.00092686629
  -34.39224, 0.001007748, 0.00092686629
  -34.39224, 0.000992124, 0.00092686629
  -34.39224, 0.001023372, 0.00092686629
  -34.39224, 0.00103509, 0.00092686629
  -34.39224, 0.000953064, 0.00092686629
  -34.39224, 0.000855414, 0.00092686629
  -34.39224, 0.001124928, 0.00092686629
  -34.39224, 0.001261638, 0.00092686629
  -34.39224, 0.000871038, 0.00092686629
  -34.39224, 0.00093744, 0.00092686629
  -34.39224, 0.001050714, 0.00092686629
  -34.39224, 0.000769482, 0.00092686629
  -34.39224, 0.00083979, 0.00092686629
  -34.39224, 0.000667926, 0.00092686629
  -34.39224, 0.000730422, 0.00092686629
  -34.39224, 0.001124928, 0.00092686629
  -34.39224, 0.001050714, 0.00092686629
  -34.39224, 0.000910098, 0.00092686629
  -34.39224, 0.000968688, 0.00092686629
  -34.39224, 0.001023372, 0.00092686629
  -34.39224, 0.000968688, 0.00092686629
  -34.39224, 0.000906192, 0.00092686629
  -34.39224, 0.000984312, 0.00092686629
  -34.39224, 0.001062432, 0.00092686629
  -34.39224, 0.00095697, 0.00092686629
  -34.39224, 0.001121022, 0.00092686629
  -34.39224, 0.000964782, 0.00092686629
  -34.39224, 0.00095697, 0.00092686629
  -34.39224, 0.000656208, 0.00092686629
  -34.39224, 0.001156176, 0.00092686629
  -34.39224, 0.000777294, 0.00092686629
  -34.39224, 0.001066338, 0.00092686629
  -34.39224, 0.001101492, 0.00092686629
  -34.39224, 0.00124992, 0.00092686629
  -34.39224, 0.000933534, 0.00092686629
  -34.385785, 0.001031184, 0.00092743395
  -34.385785, 0.000699174, 0.00092743395
  -34.385785, 0.001136646, 0.00092743395
  -34.385785, 0.00083979, 0.00092743395
  -34.385785, 0.00119133, 0.00092743395
  -34.385785, 0.00105462, 0.00092743395
  -34.385785, 0.001011654, 0.00092743395
  -34.385785, 0.000796824, 0.00092743395
  -34.385785, 0.000746046, 0.00092743395
  -34.385785, 0.000925722, 0.00092743395
  -34.385785, 0.001257732, 0.00092743395
  -34.385785, 0.000910098, 0.00092743395
  -34.385785, 0.000972594, 0.00092743395
  -34.385785, 0.000710892, 0.00092743395
  -34.385785, 0.001031184, 0.00092743395
  -34.385785, 0.001023372, 0.00092743395
  -34.385785, 0.001085868, 0.00092743395
  -34.385785, 0.000999936, 0.00092743395
  -34.385785, 0.000847602, 0.00092743395
  -34.385785, 0.000988218, 0.00092743395
  -34.385785, 0.000886662, 0.00092743395
  -34.385785, 0.000886662, 0.00092743395
  -34.385785, 0.000871038, 0.00092743395
  -34.385785, 0.00093744, 0.00092743395
  -34.385785, 0.0007812, 0.00092743395
  -34.385785, 0.000843696, 0.00092743395
  -34.385785, 0.000968688, 0.00092743395
  -34.385785, 0.001062432, 0.00092743395
  -34.385785, 0.000945252, 0.00092743395
  -34.385785, 0.001066338, 0.00092743395
  -34.385785, 0.0009765, 0.00092743395
  -34.385785, 0.001050714, 0.00092743395
  -34.385785, 0.000933534, 0.00092743395
  -34.385785, 0.000945252, 0.00092743395
  -34.385785, 0.000960876, 0.00092743395
  -34.385785, 0.000910098, 0.00092743395
  -34.385785, 0.000855414, 0.00092743395
  -34.385785, 0.000785106, 0.00092743395
  -34.385785, 0.000906192, 0.00092743395
  -34.385785, 0.001121022, 0.00092743395
  -34.385785, 0.00109368, 0.00092743395
  -34.385785, 0.000910098, 0.00092743395
  -34.385785, 0.000960876, 0.00092743395
  -34.385785, 0.000910098, 0.00092743395
  -34.385785, 0.000910098, 0.00092743395
  -34.385785, 0.000902286, 0.00092743395
  -34.385785, 0.000636678, 0.00092743395
  -34.385785, 0.000843696, 0.00092743395
  -34.385785, 0.000894474, 0.00092743395
  -34.385785, 0.0009765, 0.00092743395
  -34.385785, 0.001038996, 0.00092743395
  -34.385785, 0.000726516, 0.00092743395
  -34.385785, 0.00099603, 0.00092743395
  -34.385785, 0.000910098, 0.00092743395
  -34.385785, 0.000867132, 0.00092743395
  -34.385785, 0.001058526, 0.00092743395
  -34.385785, 0.00101556, 0.00092743395
  -34.385785, 0.000933534, 0.00092743395
  -34.385785, 0.00087885, 0.00092743395
  -34.385785, 0.000925722, 0.00092743395
  -34.385785, 0.000960876, 0.00092743395
  -34.385785, 0.000847602, 0.00092743395
  -34.385785, 0.001027278, 0.00092743395
  -34.385785, 0.000933534, 0.00092743395
  -34.385785, 0.000851508, 0.00092743395
  -34.385785, 0.000843696, 0.00092743395
  -34.385785, 0.000718704, 0.00092743395
  -34.385785, 0.001003842, 0.00092743395
  -34.385785, 0.000933534, 0.00092743395
  -34.385785, 0.000929628, 0.00092743395
  -34.385785, 0.001300698, 0.00092743395
  -34.385785, 0.000769482, 0.00092743395
  -34.385785, 0.00093744, 0.00092743395
  -34.385785, 0.00091791, 0.00092743395
  -34.385785, 0.00107415, 0.00092743395
  -34.385785, 0.000874944, 0.00092743395
  -34.385785, 0.001089774, 0.00092743395
  -34.385785, 0.000831978, 0.00092743395
  -34.385785, 0.000757764, 0.00092743395
  -34.385785, 0.001046808, 0.00092743395
  -34.385785, 0.00070308, 0.00092743395
  -34.385785, 0.000687456, 0.00092743395
  -34.385785, 0.000964782, 0.00092743395
  -34.385785, 0.001163988, 0.00092743395
  -34.385785, 0.001011654, 0.00092743395
  -34.385785, 0.000785106, 0.00092743395
  -34.385785, 0.001038996, 0.00092743395
  -34.385785, 0.000906192, 0.00092743395
  -34.385785, 0.000992124, 0.00092743395
  -34.385785, 0.000941346, 0.00092743395
  -34.385785, 0.001031184, 0.00092743395
  -34.385785, 0.00105462, 0.00092743395
  -34.385785, 0.001031184, 0.00092743395
  -34.385785, 0.000855414, 0.00092743395
  -34.385785, 0.000648396, 0.00092743395
  -34.385785, 0.000886662, 0.00092743395
  -34.385785, 0.000964782, 0.00092743395
  -34.385785, 0.000914004, 0.00092743395
  -34.385785, 0.000738234, 0.00092743395
  -34.385785, 0.000945252, 0.00092743395
  -34.385785, 0.000835884, 0.00092743395
  -34.385785, 0.001027278, 0.00092743395
  -34.385785, 0.000828072, 0.00092743395
  -34.385785, 0.001238202, 0.00092743395
  -34.385785, 0.000964782, 0.00092743395
  -34.385785, 0.000777294, 0.00092743395
  -34.385785, 0.000824166, 0.00092743395
  -34.385785, 0.00103509, 0.00092743395
  -34.385785, 0.000847602, 0.00092743395
  -34.385785, 0.000960876, 0.00092743395
  -34.385785, 0.000835884, 0.00092743395
  -34.385785, 0.001023372, 0.00092743395
  -34.385785, 0.00048825, 0.00092743395
  -34.385785, 0.00087885, 0.00092743395
  -34.385785, 0.001003842, 0.00092743395
  -34.385785, 0.000804636, 0.00092743395
  -34.385785, 0.0011718, 0.00092743395
  -34.385785, 0.000871038, 0.00092743395
  -34.385785, 0.000921816, 0.00092743395
  -34.385785, 0.00080073, 0.00092743395
  -34.385785, 0.001085868, 0.00092743395
  -34.385785, 0.00080073, 0.00092743395
  -34.385785, 0.00089838, 0.00092743395
  -34.385785, 0.000816354, 0.00092743395
  -34.385785, 0.001206954, 0.00092743395
  -34.385785, 0.00089838, 0.00092743395
  -34.385785, 0.001007748, 0.00092743395
  -34.385785, 0.000921816, 0.00092743395
  -34.385785, 0.001179612, 0.00092743395
  -34.385785, 0.00101556, 0.00092743395
  -34.385785, 0.001027278, 0.00092743395
  -34.385785, 0.00105462, 0.00092743395
  -34.385785, 0.001031184, 0.00092743395
  -34.385785, 0.000769482, 0.00092743395
  -34.385785, 0.00093744, 0.00092743395
  -34.385785, 0.00109368, 0.00092743395
  -34.385785, 0.000886662, 0.00092743395
  -34.385785, 0.000906192, 0.00092743395
  -34.385785, 0.000851508, 0.00092743395
  -34.385785, 0.000804636, 0.00092743395
  -34.385785, 0.000773388, 0.00092743395
  -34.385785, 0.000984312, 0.00092743395
  -34.385785, 0.000835884, 0.00092743395
  -34.385785, 0.000804636, 0.00092743395
  -34.385785, 0.00083979, 0.00092743395
  -34.385785, 0.000925722, 0.00092743395
  -34.385785, 0.001023372, 0.00092743395
  -34.385785, 0.001121022, 0.00092743395
  -34.385785, 0.000785106, 0.00092743395
  -34.385785, 0.000871038, 0.00092743395
  -34.385785, 0.001031184, 0.00092743395
  -34.385785, 0.000847602, 0.00092743395
  -34.385785, 0.000710892, 0.00092743395
  -34.385785, 0.00076167, 0.00092743395
  -34.385785, 0.000906192, 0.00092743395
  -34.385785, 0.000695268, 0.00092743395
  -34.385785, 0.000847602, 0.00092743395
  -34.385785, 0.00070308, 0.00092743395
  -34.385785, 0.000984312, 0.00092743395
  -34.385785, 0.000914004, 0.00092743395
  -34.385785, 0.001101492, 0.00092743395
  -34.385785, 0.000949158, 0.00092743395
  -34.385785, 0.001117116, 0.00092743395
  -34.385785, 0.00101556, 0.00092743395
  -34.385785, 0.000902286, 0.00092743395
  -34.385785, 0.00091791, 0.00092743395
  -34.385785, 0.0009765, 0.00092743395
  -34.385785, 0.000953064, 0.00092743395
  -34.385785, 0.000980406, 0.00092743395
  -34.385785, 0.00076167, 0.00092743395
  -34.385785, 0.00107415, 0.00092743395
  -34.385785, 0.000828072, 0.00092743395
  -34.385785, 0.000992124, 0.00092743395
  -34.385785, 0.00080073, 0.00092743395
  -34.385785, 0.001007748, 0.00092743395
  -34.385785, 0.000960876, 0.00092743395
  -34.385785, 0.00087885, 0.00092743395
  -34.385785, 0.000953064, 0.00092743395
  -34.385785, 0.000999936, 0.00092743395
  -34.385785, 0.00083979, 0.00092743395
  -34.385785, 0.000843696, 0.00092743395
  -34.385785, 0.000718704, 0.00092743395
  -34.385785, 0.001007748, 0.00092743395
  -34.385785, 0.00091791, 0.00092743395
  -34.385785, 0.001124928, 0.00092743395
  -34.385785, 0.000945252, 0.00092743395
  -34.385785, 0.000874944, 0.00092743395
  -34.385785, 0.00107415, 0.00092743395
  -34.385785, 0.00093744, 0.00092743395
  -34.385785, 0.000925722, 0.00092743395
  -34.385785, 0.000824166, 0.00092743395
  -34.385785, 0.001148364, 0.00092743395
  -34.385785, 0.000882756, 0.00092743395
  -34.385785, 0.000902286, 0.00092743395
  -34.385785, 0.001027278, 0.00092743395
  -34.385785, 0.000816354, 0.00092743395
  -34.385785, 0.000992124, 0.00092743395
  -34.385785, 0.000890568, 0.00092743395
  -34.385785, 0.000769482, 0.00092743395
  -34.385785, 0.000863226, 0.00092743395
  -34.385785, 0.001062432, 0.00092743395
  -34.385785, 0.001062432, 0.00092743395
  -34.385785, 0.000980406, 0.00092743395
  -34.385785, 0.000910098, 0.00092743395
  -34.385785, 0.00113274, 0.00092743395
  -34.385785, 0.000960876, 0.00092743395
  -34.385785, 0.000863226, 0.00092743395
  -34.385785, 0.000706986, 0.00092743395
  -34.385785, 0.000656208, 0.00092743395
  -34.385785, 0.001011654, 0.00092743395
  -34.385785, 0.000921816, 0.00092743395
  -34.385785, 0.000831978, 0.00092743395
  -34.385785, 0.0007812, 0.00092743395
  -34.385785, 0.00087885, 0.00092743395
  -34.385785, 0.000999936, 0.00092743395
  -34.385785, 0.001007748, 0.00092743395
  -34.385785, 0.000730422, 0.00092743395
  -34.385785, 0.00099603, 0.00092743395
  -34.385785, 0.000828072, 0.00092743395
  -34.385785, 0.001156176, 0.00092743395
  -34.385785, 0.001042902, 0.00092743395
  -34.385785, 0.000894474, 0.00092743395
  -34.385785, 0.00107415, 0.00092743395
  -34.385785, 0.001042902, 0.00092743395
  -34.385785, 0.000828072, 0.00092743395
  -34.385785, 0.000835884, 0.00092743395
  -34.385785, 0.000972594, 0.00092743395
  -34.385785, 0.000929628, 0.00092743395
  -34.385785, 0.00087885, 0.00092743395
  -34.385785, 0.00076167, 0.00092743395
  -34.385785, 0.001085868, 0.00092743395
  -34.385785, 0.000874944, 0.00092743395
  -34.385785, 0.000679644, 0.00092743395
  -34.385785, 0.000718704, 0.00092743395
  -34.385785, 0.001097586, 0.00092743395
  -34.385785, 0.001046808, 0.00092743395
  -34.385785, 0.000792918, 0.00092743395
  -34.385785, 0.00082026, 0.00092743395
  -34.385785, 0.001105398, 0.00092743395
  -34.385785, 0.000941346, 0.00092743395
  -34.385785, 0.000949158, 0.00092743395
  -34.385785, 0.000699174, 0.00092743395
  -34.385785, 0.001031184, 0.00092743395
  -34.385785, 0.0009765, 0.00092743395
  -34.385785, 0.00103509, 0.00092743395
  -34.385785, 0.000949158, 0.00092743395
  -34.385785, 0.000964782, 0.00092743395
  -34.385785, 0.000894474, 0.00092743395
  -34.385785, 0.001097586, 0.00092743395
  -34.385785, 0.00107415, 0.00092743395
  -34.385785, 0.000925722, 0.00092743395
  -34.385785, 0.001019466, 0.00092743395
  -34.385785, 0.00101556, 0.00092743395
  -34.385785, 0.000964782, 0.00092743395
  -34.385785, 0.0009765, 0.00092743395
  -34.385785, 0.00087885, 0.00092743395
  -34.385785, 0.00080073, 0.00092743395
  -34.385785, 0.000933534, 0.00092743395
  -34.385785, 0.000984312, 0.00092743395
  -34.385785, 0.001042902, 0.00092743395
  -34.385785, 0.000695268, 0.00092743395
  -34.385785, 0.00076167, 0.00092743395
  -34.385785, 0.00091791, 0.00092743395
  -34.385785, 0.000874944, 0.00092743395
  -34.385785, 0.00107415, 0.00092743395
  -34.385785, 0.000964782, 0.00092743395
  -34.385785, 0.000906192, 0.00092743395
  -34.385785, 0.000753858, 0.00092743395
  -34.385785, 0.001109304, 0.00092743395
  -34.385785, 0.000953064, 0.00092743395
  -34.385785, 0.000871038, 0.00092743395
  -34.385785, 0.000906192, 0.00092743395
  -34.385785, 0.001070244, 0.00092743395
  -34.385785, 0.001058526, 0.00092743395
  -34.385785, 0.001011654, 0.00092743395
  -34.385785, 0.000882756, 0.00092743395
  -34.385785, 0.001058526, 0.00092743395
  -34.385785, 0.00105462, 0.00092743395
  -34.385785, 0.001031184, 0.00092743395
  -34.385785, 0.000706986, 0.00092743395
  -34.385785, 0.000847602, 0.00092743395
  -34.385785, 0.001070244, 0.00092743395
  -34.385785, 0.001062432, 0.00092743395
  -34.385785, 0.000851508, 0.00092743395
  -34.385785, 0.000824166, 0.00092743395
  -34.385785, 0.001003842, 0.00092743395
  -34.385785, 0.000746046, 0.00092743395
  -34.385785, 0.001078056, 0.00092743395
  -34.385785, 0.000804636, 0.00092743395
  -34.385785, 0.00109368, 0.00092743395
  -34.385785, 0.001070244, 0.00092743395
  -34.385785, 0.000902286, 0.00092743395
  -34.385785, 0.000863226, 0.00092743395
  -34.385785, 0.000949158, 0.00092743395
  -34.385785, 0.000910098, 0.00092743395
  -34.385785, 0.00095697, 0.00092743395
  -34.385785, 0.001081962, 0.00092743395
  -34.385785, 0.000867132, 0.00092743395
  -34.385785, 0.000699174, 0.00092743395
  -34.385785, 0.000808542, 0.00092743395
  -34.385785, 0.000925722, 0.00092743395
  -34.385785, 0.001058526, 0.00092743395
  -34.385785, 0.001109304, 0.00092743395
  -34.385785, 0.001117116, 0.00092743395
  -34.385785, 0.000960876, 0.00092743395
  -34.385785, 0.000855414, 0.00092743395
  -34.385785, 0.000796824, 0.00092743395
  -34.385785, 0.001277262, 0.00092743395
  -34.385785, 0.000972594, 0.00092743395
  -34.385785, 0.0009765, 0.00092743395
  -34.385785, 0.001136646, 0.00092743395
  -34.385785, 0.001124928, 0.00092743395
  -34.385785, 0.0007812, 0.00092743395
  -34.385785, 0.001124928, 0.00092743395
  -34.385785, 0.000824166, 0.00092743395
  -34.385785, 0.000769482, 0.00092743395
  -34.385785, 0.000824166, 0.00092743395
  -34.385785, 0.000890568, 0.00092743395
  -34.385785, 0.000980406, 0.00092743395
  -34.385785, 0.000753858, 0.00092743395
  -34.385785, 0.00099603, 0.00092743395
  -34.385785, 0.001359288, 0.00092743395
  -34.385785, 0.000964782, 0.00092743395
  -34.385785, 0.000824166, 0.00092743395
  -34.385785, 0.001066338, 0.00092743395
  -34.385785, 0.001007748, 0.00092743395
  -34.385785, 0.00115227, 0.00092743395
  -34.385785, 0.001038996, 0.00092743395
  -34.385785, 0.000679644, 0.00092743395
  -34.37933, 0.001011654, 0.00092800181
  -34.37933, 0.0009765, 0.00092800181
  -34.37933, 0.000890568, 0.00092800181
  -34.37933, 0.000894474, 0.00092800181
  -34.37933, 0.000789012, 0.00092800181
  -34.37933, 0.001156176, 0.00092800181
  -34.37933, 0.000906192, 0.00092800181
  -34.37933, 0.001261638, 0.00092800181
  -34.37933, 0.001078056, 0.00092800181
  -34.37933, 0.000988218, 0.00092800181
  -34.37933, 0.00091791, 0.00092800181
  -34.37933, 0.00101556, 0.00092800181
  -34.37933, 0.000929628, 0.00092800181
  -34.37933, 0.001031184, 0.00092800181
  -34.37933, 0.000734328, 0.00092800181
  -34.37933, 0.000824166, 0.00092800181
  -34.37933, 0.000792918, 0.00092800181
  -34.37933, 0.000831978, 0.00092800181
  -34.37933, 0.000871038, 0.00092800181
  -34.37933, 0.000687456, 0.00092800181
  -34.37933, 0.000972594, 0.00092800181
  -34.37933, 0.00089838, 0.00092800181
  -34.37933, 0.000882756, 0.00092800181
  -34.37933, 0.001019466, 0.00092800181
  -34.37933, 0.000843696, 0.00092800181
  -34.37933, 0.000902286, 0.00092800181
  -34.37933, 0.000789012, 0.00092800181
  -34.37933, 0.001121022, 0.00092800181
  -34.37933, 0.001066338, 0.00092800181
  -34.37933, 0.000980406, 0.00092800181
  -34.37933, 0.000718704, 0.00092800181
  -34.37933, 0.001003842, 0.00092800181
  -34.37933, 0.000894474, 0.00092800181
  -34.37933, 0.001027278, 0.00092800181
  -34.37933, 0.000980406, 0.00092800181
  -34.37933, 0.00083979, 0.00092800181
  -34.37933, 0.00091791, 0.00092800181
  -34.37933, 0.000941346, 0.00092800181
  -34.37933, 0.001097586, 0.00092800181
  -34.37933, 0.000714798, 0.00092800181
  -34.37933, 0.00082026, 0.00092800181
  -34.37933, 0.000706986, 0.00092800181
  -34.37933, 0.000953064, 0.00092800181
  -34.37933, 0.000769482, 0.00092800181
  -34.37933, 0.000675738, 0.00092800181
  -34.37933, 0.000847602, 0.00092800181
  -34.37933, 0.000914004, 0.00092800181
  -34.37933, 0.000824166, 0.00092800181
  -34.37933, 0.00091791, 0.00092800181
  -34.37933, 0.001066338, 0.00092800181
  -34.37933, 0.000824166, 0.00092800181
  -34.37933, 0.000730422, 0.00092800181
  -34.37933, 0.000960876, 0.00092800181
  -34.37933, 0.000988218, 0.00092800181
  -34.37933, 0.000953064, 0.00092800181
  -34.37933, 0.00099603, 0.00092800181
  -34.37933, 0.000855414, 0.00092800181
  -34.37933, 0.000902286, 0.00092800181
  -34.37933, 0.000886662, 0.00092800181
  -34.37933, 0.000777294, 0.00092800181
  -34.37933, 0.000867132, 0.00092800181
  -34.37933, 0.000843696, 0.00092800181
  -34.37933, 0.000882756, 0.00092800181
  -34.37933, 0.001023372, 0.00092800181
  -34.37933, 0.000777294, 0.00092800181
  -34.37933, 0.00082026, 0.00092800181
  -34.37933, 0.00089838, 0.00092800181
  -34.37933, 0.001031184, 0.00092800181
  -34.37933, 0.000773388, 0.00092800181
  -34.37933, 0.001144458, 0.00092800181
  -34.37933, 0.0011718, 0.00092800181
  -34.37933, 0.001031184, 0.00092800181
  -34.37933, 0.001038996, 0.00092800181
  -34.37933, 0.00074214, 0.00092800181
  -34.37933, 0.000999936, 0.00092800181
  -34.37933, 0.000847602, 0.00092800181
  -34.37933, 0.00093744, 0.00092800181
  -34.37933, 0.000960876, 0.00092800181
  -34.37933, 0.001038996, 0.00092800181
  -34.37933, 0.000550746, 0.00092800181
  -34.37933, 0.001199142, 0.00092800181
  -34.37933, 0.001078056, 0.00092800181
  -34.37933, 0.000972594, 0.00092800181
  -34.37933, 0.000902286, 0.00092800181
  -34.37933, 0.000710892, 0.00092800181
  -34.37933, 0.001109304, 0.00092800181
  -34.37933, 0.000886662, 0.00092800181
  -34.37933, 0.001046808, 0.00092800181
  -34.37933, 0.000945252, 0.00092800181
  -34.37933, 0.00072261, 0.00092800181
  -34.37933, 0.000894474, 0.00092800181
  -34.37933, 0.001007748, 0.00092800181
  -34.37933, 0.001066338, 0.00092800181
  -34.37933, 0.000749952, 0.00092800181
  -34.37933, 0.000980406, 0.00092800181
  -34.37933, 0.001109304, 0.00092800181
  -34.37933, 0.000726516, 0.00092800181
  -34.37933, 0.00060543, 0.00092800181
  -34.37933, 0.001261638, 0.00092800181
  -34.37933, 0.000949158, 0.00092800181
  -34.37933, 0.000925722, 0.00092800181
  -34.37933, 0.000945252, 0.00092800181
  -34.37933, 0.000831978, 0.00092800181
  -34.37933, 0.000816354, 0.00092800181
  -34.37933, 0.001046808, 0.00092800181
  -34.37933, 0.000871038, 0.00092800181
  -34.37933, 0.000933534, 0.00092800181
  -34.37933, 0.000902286, 0.00092800181
  -34.37933, 0.0007812, 0.00092800181
  -34.37933, 0.000785106, 0.00092800181
  -34.37933, 0.000757764, 0.00092800181
  -34.37933, 0.000964782, 0.00092800181
  -34.37933, 0.00083979, 0.00092800181
  -34.37933, 0.000988218, 0.00092800181
  -34.37933, 0.000640584, 0.00092800181
  -34.37933, 0.000863226, 0.00092800181
  -34.37933, 0.000871038, 0.00092800181
  -34.37933, 0.000953064, 0.00092800181
  -34.37933, 0.000925722, 0.00092800181
  -34.37933, 0.000765576, 0.00092800181
  -34.37933, 0.00076167, 0.00092800181
  -34.37933, 0.001253826, 0.00092800181
  -34.37933, 0.000933534, 0.00092800181
  -34.37933, 0.00082026, 0.00092800181
  -34.37933, 0.000968688, 0.00092800181
  -34.37933, 0.000796824, 0.00092800181
  -34.37933, 0.001046808, 0.00092800181
  -34.37933, 0.00113274, 0.00092800181
  -34.37933, 0.001097586, 0.00092800181
  -34.37933, 0.001042902, 0.00092800181
  -34.37933, 0.001324134, 0.00092800181
  -34.37933, 0.000964782, 0.00092800181
  -34.37933, 0.000968688, 0.00092800181
  -34.37933, 0.00107415, 0.00092800181
  -34.37933, 0.0009765, 0.00092800181
  -34.37933, 0.00080073, 0.00092800181
  -34.37933, 0.00089838, 0.00092800181
  -34.37933, 0.000992124, 0.00092800181
  -34.37933, 0.00083979, 0.00092800181
  -34.37933, 0.000925722, 0.00092800181
  -34.37933, 0.000785106, 0.00092800181
  -34.37933, 0.001078056, 0.00092800181
  -34.37933, 0.000972594, 0.00092800181
  -34.37933, 0.00105462, 0.00092800181
  -34.37933, 0.000999936, 0.00092800181
  -34.37933, 0.000945252, 0.00092800181
  -34.37933, 0.000910098, 0.00092800181
  -34.37933, 0.000835884, 0.00092800181
  -34.37933, 0.0011718, 0.00092800181
  -34.37933, 0.000738234, 0.00092800181
  -34.37933, 0.000863226, 0.00092800181
  -34.37933, 0.001046808, 0.00092800181
  -34.37933, 0.000656208, 0.00092800181
  -34.37933, 0.001085868, 0.00092800181
  -34.37933, 0.001144458, 0.00092800181
  -34.37933, 0.000789012, 0.00092800181
  -34.37933, 0.000734328, 0.00092800181
  -34.37933, 0.000749952, 0.00092800181
  -34.37933, 0.00070308, 0.00092800181
  -34.37933, 0.0009765, 0.00092800181
  -34.37933, 0.000785106, 0.00092800181
  -34.37933, 0.000831978, 0.00092800181
  -34.37933, 0.001140552, 0.00092800181
  -34.37933, 0.001183518, 0.00092800181
  -34.37933, 0.001124928, 0.00092800181
  -34.37933, 0.000910098, 0.00092800181
  -34.37933, 0.001027278, 0.00092800181
  -34.37933, 0.000953064, 0.00092800181
  -34.37933, 0.000914004, 0.00092800181
  -34.37933, 0.000808542, 0.00092800181
  -34.37933, 0.000871038, 0.00092800181
  -34.37933, 0.000949158, 0.00092800181
  -34.37933, 0.000992124, 0.00092800181
  -34.37933, 0.001046808, 0.00092800181
  -34.37933, 0.0007812, 0.00092800181
  -34.37933, 0.001046808, 0.00092800181
  -34.37933, 0.000796824, 0.00092800181
  -34.37933, 0.000972594, 0.00092800181
  -34.37933, 0.00068355, 0.00092800181
  -34.37933, 0.00068355, 0.00092800181
  -34.37933, 0.000949158, 0.00092800181
  -34.37933, 0.000941346, 0.00092800181
  -34.37933, 0.001070244, 0.00092800181
  -34.37933, 0.000941346, 0.00092800181
  -34.37933, 0.000777294, 0.00092800181
  -34.37933, 0.000941346, 0.00092800181
  -34.37933, 0.000863226, 0.00092800181
  -34.37933, 0.001031184, 0.00092800181
  -34.37933, 0.00093744, 0.00092800181
  -34.37933, 0.000949158, 0.00092800181
  -34.37933, 0.000914004, 0.00092800181
  -34.37933, 0.000960876, 0.00092800181
  -34.37933, 0.0005859, 0.00092800181
  -34.37933, 0.000984312, 0.00092800181
  -34.37933, 0.00111321, 0.00092800181
  -34.37933, 0.000886662, 0.00092800181
  -34.37933, 0.000792918, 0.00092800181
  -34.37933, 0.001128834, 0.00092800181
  -34.37933, 0.000886662, 0.00092800181
  -34.37933, 0.001081962, 0.00092800181
  -34.37933, 0.001121022, 0.00092800181
  -34.37933, 0.000824166, 0.00092800181
  -34.37933, 0.001226484, 0.00092800181
  -34.37933, 0.001050714, 0.00092800181
  -34.37933, 0.000746046, 0.00092800181
  -34.37933, 0.00130851, 0.00092800181
  -34.37933, 0.001121022, 0.00092800181
  -34.37933, 0.000831978, 0.00092800181
  -34.37933, 0.000816354, 0.00092800181
  -34.37933, 0.000753858, 0.00092800181
  -34.37933, 0.000867132, 0.00092800181
  -34.37933, 0.000828072, 0.00092800181
  -34.37933, 0.001148364, 0.00092800181
  -34.37933, 0.000980406, 0.00092800181
  -34.37933, 0.000925722, 0.00092800181
  -34.37933, 0.000992124, 0.00092800181
  -34.37933, 0.000785106, 0.00092800181
  -34.37933, 0.000910098, 0.00092800181
  -34.37933, 0.00111321, 0.00092800181
  -34.37933, 0.001070244, 0.00092800181
  -34.37933, 0.00085932, 0.00092800181
  -34.37933, 0.000874944, 0.00092800181
  -34.37933, 0.000765576, 0.00092800181
  -34.37933, 0.000968688, 0.00092800181
  -34.37933, 0.000929628, 0.00092800181
  -34.37933, 0.000667926, 0.00092800181
  -34.37933, 0.000874944, 0.00092800181
  -34.37933, 0.00083979, 0.00092800181
  -34.37933, 0.00068355, 0.00092800181
  -34.37933, 0.000671832, 0.00092800181
  -34.37933, 0.00093744, 0.00092800181
  -34.37933, 0.001081962, 0.00092800181
  -34.37933, 0.001058526, 0.00092800181
  -34.37933, 0.000941346, 0.00092800181
  -34.37933, 0.000914004, 0.00092800181
  -34.37933, 0.000882756, 0.00092800181
  -34.37933, 0.000890568, 0.00092800181
  -34.37933, 0.000632772, 0.00092800181
  -34.37933, 0.000992124, 0.00092800181
  -34.37933, 0.001101492, 0.00092800181
  -34.37933, 0.000953064, 0.00092800181
  -34.37933, 0.000968688, 0.00092800181
  -34.37933, 0.000831978, 0.00092800181
  -34.37933, 0.00093744, 0.00092800181
  -34.37933, 0.000785106, 0.00092800181
  -34.37933, 0.001062432, 0.00092800181
  -34.37933, 0.000621054, 0.00092800181
  -34.37933, 0.001117116, 0.00092800181
  -34.37933, 0.001121022, 0.00092800181
  -34.37933, 0.001023372, 0.00092800181
  -34.37933, 0.000746046, 0.00092800181
  -34.37933, 0.00062496, 0.00092800181
  -34.37933, 0.000867132, 0.00092800181
  -34.37933, 0.000910098, 0.00092800181
  -34.37933, 0.000921816, 0.00092800181
  -34.37933, 0.000972594, 0.00092800181
  -34.37933, 0.000847602, 0.00092800181
  -34.37933, 0.000874944, 0.00092800181
  -34.37933, 0.001136646, 0.00092800181
  -34.37933, 0.000843696, 0.00092800181
  -34.37933, 0.00095697, 0.00092800181
  -34.37933, 0.001351476, 0.00092800181
  -34.37933, 0.000910098, 0.00092800181
  -34.37933, 0.0009765, 0.00092800181
  -34.37933, 0.001160082, 0.00092800181
  -34.37933, 0.000746046, 0.00092800181
  -34.37933, 0.000925722, 0.00092800181
  -34.37933, 0.000894474, 0.00092800181
  -34.37933, 0.000710892, 0.00092800181
  -34.37933, 0.001121022, 0.00092800181
  -34.37933, 0.000831978, 0.00092800181
  -34.37933, 0.00095697, 0.00092800181
  -34.37933, 0.00074214, 0.00092800181
  -34.37933, 0.000871038, 0.00092800181
  -34.37933, 0.000882756, 0.00092800181
  -34.37933, 0.00083979, 0.00092800181
  -34.37933, 0.001124928, 0.00092800181
  -34.37933, 0.000980406, 0.00092800181
  -34.37933, 0.000828072, 0.00092800181
  -34.37933, 0.00091791, 0.00092800181
  -34.37933, 0.000972594, 0.00092800181
  -34.37933, 0.00089838, 0.00092800181
  -34.37933, 0.001027278, 0.00092800181
  -34.37933, 0.000824166, 0.00092800181
  -34.37933, 0.000953064, 0.00092800181
  -34.37933, 0.000816354, 0.00092800181
  -34.37933, 0.000789012, 0.00092800181
  -34.37933, 0.001003842, 0.00092800181
  -34.37933, 0.001007748, 0.00092800181
  -34.37933, 0.00085932, 0.00092800181
  -34.37933, 0.00126945, 0.00092800181
  -34.37933, 0.001105398, 0.00092800181
  -34.37933, 0.001140552, 0.00092800181
  -34.37933, 0.000921816, 0.00092800181
  -34.37933, 0.000874944, 0.00092800181
  -34.37933, 0.001167894, 0.00092800181
  -34.37933, 0.001081962, 0.00092800181
  -34.37933, 0.000855414, 0.00092800181
  -34.37933, 0.001203048, 0.00092800181
  -34.37933, 0.000921816, 0.00092800181
  -34.37933, 0.000804636, 0.00092800181
  -34.37933, 0.001160082, 0.00092800181
  -34.37933, 0.001019466, 0.00092800181
  -34.37933, 0.000757764, 0.00092800181
  -34.37933, 0.000769482, 0.00092800181
  -34.37933, 0.00093744, 0.00092800181
  -34.37933, 0.000710892, 0.00092800181
  -34.37933, 0.000796824, 0.00092800181
  -34.37933, 0.001031184, 0.00092800181
  -34.37933, 0.000921816, 0.00092800181
  -34.37933, 0.000851508, 0.00092800181
  -34.37933, 0.001031184, 0.00092800181
  -34.37933, 0.0009765, 0.00092800181
  -34.37933, 0.000828072, 0.00092800181
  -34.37933, 0.000765576, 0.00092800181
  -34.37933, 0.000828072, 0.00092800181
  -34.37933, 0.001163988, 0.00092800181
  -34.37933, 0.000738234, 0.00092800181
  -34.37933, 0.00089838, 0.00092800181
  -34.37933, 0.000757764, 0.00092800181
  -34.37933, 0.000769482, 0.00092800181
  -34.37933, 0.000835884, 0.00092800181
  -34.37933, 0.00062496, 0.00092800181
  -34.37933, 0.000902286, 0.00092800181
  -34.37933, 0.00087885, 0.00092800181
  -34.37933, 0.001003842, 0.00092800181
  -34.37933, 0.001101492, 0.00092800181
  -34.37933, 0.000789012, 0.00092800181
  -34.37933, 0.000925722, 0.00092800181
  -34.37933, 0.001156176, 0.00092800181
  -34.37933, 0.001214766, 0.00092800181
  -34.37933, 0.000953064, 0.00092800181
  -34.37933, 0.001042902, 0.00092800181
  -34.37933, 0.000789012, 0.00092800181
  -34.37933, 0.001179612, 0.00092800181
  -34.37933, 0.001023372, 0.00092800181
  -34.37933, 0.000706986, 0.00092800181
  -34.37933, 0.000706986, 0.00092800181
  -34.37933, 0.000921816, 0.00092800181
  -34.37933, 0.00080073, 0.00092800181
  -34.37933, 0.000949158, 0.00092800181
  -34.37933, 0.00091791, 0.00092800181
  -34.37933, 0.00113274, 0.00092800181
  -34.37933, 0.000953064, 0.00092800181
  -34.37933, 0.000874944, 0.00092800181
  -34.37933, 0.000851508, 0.00092800181
  -34.37933, 0.001046808, 0.00092800181
  -34.37933, 0.001023372, 0.00092800181
  -34.37933, 0.000765576, 0.00092800181
  -34.37933, 0.00076167, 0.00092800181
  -34.37933, 0.000941346, 0.00092800181
  -34.37933, 0.000695268, 0.00092800181
  -34.37933, 0.000925722, 0.00092800181
  -34.37933, 0.000902286, 0.00092800181
  -34.37933, 0.000871038, 0.00092800181
  -34.37933, 0.000648396, 0.00092800181
  -34.37933, 0.000941346, 0.00092800181
  -34.37933, 0.001085868, 0.00092800181
  -34.37933, 0.000964782, 0.00092800181
  -34.37933, 0.000835884, 0.00092800181
  -34.37933, 0.000933534, 0.00092800181
  -34.37933, 0.001003842, 0.00092800181
  -34.37933, 0.000816354, 0.00092800181
  -34.37933, 0.001019466, 0.00092800181
  -34.37933, 0.001101492, 0.00092800181
  -34.37933, 0.000847602, 0.00092800181
  -34.37933, 0.000785106, 0.00092800181
  -34.37933, 0.001101492, 0.00092800181
  -34.37933, 0.00089838, 0.00092800181
  -34.37933, 0.0007812, 0.00092800181
  -34.37933, 0.000808542, 0.00092800181
  -34.37933, 0.001003842, 0.00092800181
  -34.37933, 0.001027278, 0.00092800181
  -34.37933, 0.000804636, 0.00092800181
  -34.37933, 0.000921816, 0.00092800181
  -34.37933, 0.001101492, 0.00092800181
  -34.37933, 0.001148364, 0.00092800181
  -34.37933, 0.001038996, 0.00092800181
  -34.37933, 0.000847602, 0.00092800181
  -34.37933, 0.000945252, 0.00092800181
  -34.37933, 0.001019466, 0.00092800181
  -34.37933, 0.000992124, 0.00092800181
  -34.37933, 0.001050714, 0.00092800181
  -34.37933, 0.000964782, 0.00092800181
  -34.37933, 0.000792918, 0.00092800181
  -34.37933, 0.000835884, 0.00092800181
  -34.37933, 0.000831978, 0.00092800181
  -34.37933, 0.000988218, 0.00092800181
  -34.37933, 0.000941346, 0.00092800181
  -34.372875, 0.00091791, 0.00092856986
  -34.372875, 0.000636678, 0.00092856986
  -34.372875, 0.000804636, 0.00092856986
  -34.372875, 0.000847602, 0.00092856986
  -34.372875, 0.000855414, 0.00092856986
  -34.372875, 0.00085932, 0.00092856986
  -34.372875, 0.000925722, 0.00092856986
  -34.372875, 0.00072261, 0.00092856986
  -34.372875, 0.00076167, 0.00092856986
  -34.372875, 0.001085868, 0.00092856986
  -34.372875, 0.000984312, 0.00092856986
  -34.372875, 0.000843696, 0.00092856986
  -34.372875, 0.000640584, 0.00092856986
  -34.372875, 0.001121022, 0.00092856986
  -34.372875, 0.000886662, 0.00092856986
  -34.372875, 0.000628866, 0.00092856986
  -34.372875, 0.000933534, 0.00092856986
  -34.372875, 0.000824166, 0.00092856986
  -34.372875, 0.000906192, 0.00092856986
  -34.372875, 0.00095697, 0.00092856986
  -34.372875, 0.000867132, 0.00092856986
  -34.372875, 0.000808542, 0.00092856986
  -34.372875, 0.001246014, 0.00092856986
  -34.372875, 0.000867132, 0.00092856986
  -34.372875, 0.000945252, 0.00092856986
  -34.372875, 0.000984312, 0.00092856986
  -34.372875, 0.000925722, 0.00092856986
  -34.372875, 0.001011654, 0.00092856986
  -34.372875, 0.0009765, 0.00092856986
  -34.372875, 0.000675738, 0.00092856986
  -34.372875, 0.000777294, 0.00092856986
  -34.372875, 0.00103509, 0.00092856986
  -34.372875, 0.000835884, 0.00092856986
  -34.372875, 0.000953064, 0.00092856986
  -34.372875, 0.001105398, 0.00092856986
  -34.372875, 0.000804636, 0.00092856986
  -34.372875, 0.001007748, 0.00092856986
  -34.372875, 0.00072261, 0.00092856986
  -34.372875, 0.000789012, 0.00092856986
  -34.372875, 0.000890568, 0.00092856986
  -34.372875, 0.001081962, 0.00092856986
  -34.372875, 0.000816354, 0.00092856986
  -34.372875, 0.001109304, 0.00092856986
  -34.372875, 0.0007812, 0.00092856986
  -34.372875, 0.000847602, 0.00092856986
  -34.372875, 0.000964782, 0.00092856986
  -34.372875, 0.000910098, 0.00092856986
  -34.372875, 0.001136646, 0.00092856986
  -34.372875, 0.000980406, 0.00092856986
  -34.372875, 0.00076167, 0.00092856986
  -34.372875, 0.000804636, 0.00092856986
  -34.372875, 0.000968688, 0.00092856986
  -34.372875, 0.000906192, 0.00092856986
  -34.372875, 0.001023372, 0.00092856986
  -34.372875, 0.000984312, 0.00092856986
  -34.372875, 0.001128834, 0.00092856986
  -34.372875, 0.000863226, 0.00092856986
  -34.372875, 0.000906192, 0.00092856986
  -34.372875, 0.000710892, 0.00092856986
  -34.372875, 0.000660114, 0.00092856986
  -34.372875, 0.000855414, 0.00092856986
  -34.372875, 0.000902286, 0.00092856986
  -34.372875, 0.001007748, 0.00092856986
  -34.372875, 0.000734328, 0.00092856986
  -34.372875, 0.001050714, 0.00092856986
  -34.372875, 0.000980406, 0.00092856986
  -34.372875, 0.00085932, 0.00092856986
  -34.372875, 0.001218672, 0.00092856986
  -34.372875, 0.00103509, 0.00092856986
  -34.372875, 0.001128834, 0.00092856986
  -34.372875, 0.000749952, 0.00092856986
  -34.372875, 0.000886662, 0.00092856986
  -34.372875, 0.000765576, 0.00092856986
  -34.372875, 0.000933534, 0.00092856986
  -34.372875, 0.000992124, 0.00092856986
  -34.372875, 0.000894474, 0.00092856986
  -34.372875, 0.000945252, 0.00092856986
  -34.372875, 0.000871038, 0.00092856986
  -34.372875, 0.000777294, 0.00092856986
  -34.372875, 0.000769482, 0.00092856986
  -34.372875, 0.00072261, 0.00092856986
  -34.372875, 0.001140552, 0.00092856986
  -34.372875, 0.000992124, 0.00092856986
  -34.372875, 0.000796824, 0.00092856986
  -34.372875, 0.000851508, 0.00092856986
  -34.372875, 0.0009765, 0.00092856986
  -34.372875, 0.000789012, 0.00092856986
  -34.372875, 0.000945252, 0.00092856986
  -34.372875, 0.000941346, 0.00092856986
  -34.372875, 0.000640584, 0.00092856986
  -34.372875, 0.000945252, 0.00092856986
  -34.372875, 0.000906192, 0.00092856986
  -34.372875, 0.00091791, 0.00092856986
  -34.372875, 0.001144458, 0.00092856986
  -34.372875, 0.000933534, 0.00092856986
  -34.372875, 0.00085932, 0.00092856986
  -34.372875, 0.001261638, 0.00092856986
  -34.372875, 0.000929628, 0.00092856986
  -34.372875, 0.0009765, 0.00092856986
  -34.372875, 0.000867132, 0.00092856986
  -34.372875, 0.000808542, 0.00092856986
  -34.372875, 0.00121086, 0.00092856986
  -34.372875, 0.000828072, 0.00092856986
  -34.372875, 0.00101556, 0.00092856986
  -34.372875, 0.00083979, 0.00092856986
  -34.372875, 0.000968688, 0.00092856986
  -34.372875, 0.000812448, 0.00092856986
  -34.372875, 0.001128834, 0.00092856986
  -34.372875, 0.00101556, 0.00092856986
  -34.372875, 0.000667926, 0.00092856986
  -34.372875, 0.001023372, 0.00092856986
  -34.372875, 0.001121022, 0.00092856986
  -34.372875, 0.000765576, 0.00092856986
  -34.372875, 0.00083979, 0.00092856986
  -34.372875, 0.000792918, 0.00092856986
  -34.372875, 0.001046808, 0.00092856986
  -34.372875, 0.000746046, 0.00092856986
  -34.372875, 0.001019466, 0.00092856986
  -34.372875, 0.000773388, 0.00092856986
  -34.372875, 0.00095697, 0.00092856986
  -34.372875, 0.000906192, 0.00092856986
  -34.372875, 0.00121086, 0.00092856986
  -34.372875, 0.000902286, 0.00092856986
  -34.372875, 0.001078056, 0.00092856986
  -34.372875, 0.00085932, 0.00092856986
  -34.372875, 0.001042902, 0.00092856986
  -34.372875, 0.000828072, 0.00092856986
  -34.372875, 0.00091791, 0.00092856986
  -34.372875, 0.001003842, 0.00092856986
  -34.372875, 0.001027278, 0.00092856986
  -34.372875, 0.000933534, 0.00092856986
  -34.372875, 0.000769482, 0.00092856986
  -34.372875, 0.000945252, 0.00092856986
  -34.372875, 0.00095697, 0.00092856986
  -34.372875, 0.001007748, 0.00092856986
  -34.372875, 0.000886662, 0.00092856986
  -34.372875, 0.001101492, 0.00092856986
  -34.372875, 0.000925722, 0.00092856986
  -34.372875, 0.000945252, 0.00092856986
  -34.372875, 0.00101556, 0.00092856986
  -34.372875, 0.000960876, 0.00092856986
  -34.372875, 0.000929628, 0.00092856986
  -34.372875, 0.000648396, 0.00092856986
  -34.372875, 0.001070244, 0.00092856986
  -34.372875, 0.001261638, 0.00092856986
  -34.372875, 0.000890568, 0.00092856986
  -34.372875, 0.000738234, 0.00092856986
  -34.372875, 0.000835884, 0.00092856986
  -34.372875, 0.001261638, 0.00092856986
  -34.372875, 0.000847602, 0.00092856986
  -34.372875, 0.000874944, 0.00092856986
  -34.372875, 0.001246014, 0.00092856986
  -34.372875, 0.001050714, 0.00092856986
  -34.372875, 0.000933534, 0.00092856986
  -34.372875, 0.000828072, 0.00092856986
  -34.372875, 0.000714798, 0.00092856986
  -34.372875, 0.00072261, 0.00092856986
  -34.372875, 0.000855414, 0.00092856986
  -34.372875, 0.000902286, 0.00092856986
  -34.372875, 0.00095697, 0.00092856986
  -34.372875, 0.00089838, 0.00092856986
  -34.372875, 0.000855414, 0.00092856986
  -34.372875, 0.000785106, 0.00092856986
  -34.372875, 0.000831978, 0.00092856986
  -34.372875, 0.00087885, 0.00092856986
  -34.372875, 0.001124928, 0.00092856986
  -34.372875, 0.000906192, 0.00092856986
  -34.372875, 0.001019466, 0.00092856986
  -34.372875, 0.00085932, 0.00092856986
  -34.372875, 0.001038996, 0.00092856986
  -34.372875, 0.00103509, 0.00092856986
  -34.372875, 0.000765576, 0.00092856986
  -34.372875, 0.0011718, 0.00092856986
  -34.372875, 0.00087885, 0.00092856986
  -34.372875, 0.001042902, 0.00092856986
  -34.372875, 0.000656208, 0.00092856986
  -34.372875, 0.001031184, 0.00092856986
  -34.372875, 0.001167894, 0.00092856986
  -34.372875, 0.000968688, 0.00092856986
  -34.372875, 0.000777294, 0.00092856986
  -34.372875, 0.001066338, 0.00092856986
  -34.372875, 0.00089838, 0.00092856986
  -34.372875, 0.000914004, 0.00092856986
  -34.372875, 0.001265544, 0.00092856986
  -34.372875, 0.000882756, 0.00092856986
  -34.372875, 0.000945252, 0.00092856986
  -34.372875, 0.00087885, 0.00092856986
  -34.372875, 0.001124928, 0.00092856986
  -34.372875, 0.000964782, 0.00092856986
  -34.372875, 0.001027278, 0.00092856986
  -34.372875, 0.000863226, 0.00092856986
  -34.372875, 0.000867132, 0.00092856986
  -34.372875, 0.000871038, 0.00092856986
  -34.372875, 0.00080073, 0.00092856986
  -34.372875, 0.000890568, 0.00092856986
  -34.372875, 0.000906192, 0.00092856986
  -34.372875, 0.000656208, 0.00092856986
  -34.372875, 0.000949158, 0.00092856986
  -34.372875, 0.000808542, 0.00092856986
  -34.372875, 0.000886662, 0.00092856986
  -34.372875, 0.001070244, 0.00092856986
  -34.372875, 0.000925722, 0.00092856986
  -34.372875, 0.00085932, 0.00092856986
  -34.372875, 0.00082026, 0.00092856986
  -34.372875, 0.001324134, 0.00092856986
  -34.372875, 0.000835884, 0.00092856986
  -34.372875, 0.000706986, 0.00092856986
  -34.372875, 0.000765576, 0.00092856986
  -34.372875, 0.000679644, 0.00092856986
  -34.372875, 0.000726516, 0.00092856986
  -34.372875, 0.000660114, 0.00092856986
  -34.372875, 0.000949158, 0.00092856986
  -34.372875, 0.001027278, 0.00092856986
  -34.372875, 0.001163988, 0.00092856986
  -34.372875, 0.001027278, 0.00092856986
  -34.372875, 0.00101556, 0.00092856986
  -34.372875, 0.000773388, 0.00092856986
  -34.372875, 0.001058526, 0.00092856986
  -34.372875, 0.000746046, 0.00092856986
  -34.372875, 0.000921816, 0.00092856986
  -34.372875, 0.000831978, 0.00092856986
  -34.372875, 0.00113274, 0.00092856986
  -34.372875, 0.00089838, 0.00092856986
  -34.372875, 0.00089838, 0.00092856986
  -34.372875, 0.000906192, 0.00092856986
  -34.372875, 0.000804636, 0.00092856986
  -34.372875, 0.000999936, 0.00092856986
  -34.372875, 0.00068355, 0.00092856986
  -34.372875, 0.000910098, 0.00092856986
  -34.372875, 0.00080073, 0.00092856986
  -34.372875, 0.001003842, 0.00092856986
  -34.372875, 0.00101556, 0.00092856986
  -34.372875, 0.00109368, 0.00092856986
  -34.372875, 0.001027278, 0.00092856986
  -34.372875, 0.000914004, 0.00092856986
  -34.372875, 0.000617148, 0.00092856986
  -34.372875, 0.00113274, 0.00092856986
  -34.372875, 0.00074214, 0.00092856986
  -34.372875, 0.00095697, 0.00092856986
  -34.372875, 0.00107415, 0.00092856986
  -34.372875, 0.001031184, 0.00092856986
  -34.372875, 0.000871038, 0.00092856986
  -34.372875, 0.000968688, 0.00092856986
  -34.372875, 0.001003842, 0.00092856986
  -34.372875, 0.001046808, 0.00092856986
  -34.372875, 0.001070244, 0.00092856986
  -34.372875, 0.00109368, 0.00092856986
  -34.372875, 0.000785106, 0.00092856986
  -34.372875, 0.001167894, 0.00092856986
  -34.372875, 0.000972594, 0.00092856986
  -34.372875, 0.0009765, 0.00092856986
  -34.372875, 0.000773388, 0.00092856986
  -34.372875, 0.000753858, 0.00092856986
  -34.372875, 0.001109304, 0.00092856986
  -34.372875, 0.001089774, 0.00092856986
  -34.372875, 0.000734328, 0.00092856986
  -34.372875, 0.000894474, 0.00092856986
  -34.372875, 0.00093744, 0.00092856986
  -34.372875, 0.000648396, 0.00092856986
  -34.372875, 0.000847602, 0.00092856986
  -34.372875, 0.001117116, 0.00092856986
  -34.372875, 0.00082026, 0.00092856986
  -34.372875, 0.001027278, 0.00092856986
  -34.372875, 0.000769482, 0.00092856986
  -34.372875, 0.00105462, 0.00092856986
  -34.372875, 0.000902286, 0.00092856986
  -34.372875, 0.000773388, 0.00092856986
  -34.372875, 0.000871038, 0.00092856986
  -34.372875, 0.00076167, 0.00092856986
  -34.372875, 0.00107415, 0.00092856986
  -34.372875, 0.000867132, 0.00092856986
  -34.372875, 0.000824166, 0.00092856986
  -34.372875, 0.000828072, 0.00092856986
  -34.372875, 0.000855414, 0.00092856986
  -34.372875, 0.000941346, 0.00092856986
  -34.372875, 0.001089774, 0.00092856986
  -34.372875, 0.001011654, 0.00092856986
  -34.372875, 0.001124928, 0.00092856986
  -34.372875, 0.000949158, 0.00092856986
  -34.372875, 0.00076167, 0.00092856986
  -34.372875, 0.000835884, 0.00092856986
  -34.372875, 0.001101492, 0.00092856986
  -34.372875, 0.0009765, 0.00092856986
  -34.372875, 0.001011654, 0.00092856986
  -34.372875, 0.000871038, 0.00092856986
  -34.372875, 0.001163988, 0.00092856986
  -34.372875, 0.00091791, 0.00092856986
  -34.372875, 0.000777294, 0.00092856986
  -34.372875, 0.000777294, 0.00092856986
  -34.372875, 0.001078056, 0.00092856986
  -34.372875, 0.000695268, 0.00092856986
  -34.372875, 0.000886662, 0.00092856986
  -34.372875, 0.00087885, 0.00092856986
  -34.372875, 0.000988218, 0.00092856986
  -34.372875, 0.001085868, 0.00092856986
  -34.372875, 0.001007748, 0.00092856986
  -34.372875, 0.000792918, 0.00092856986
  -34.372875, 0.001128834, 0.00092856986
  -34.372875, 0.00109368, 0.00092856986
  -34.372875, 0.00109368, 0.00092856986
  -34.372875, 0.00083979, 0.00092856986
  -34.372875, 0.00070308, 0.00092856986
  -34.372875, 0.000980406, 0.00092856986
  -34.372875, 0.000933534, 0.00092856986
  -34.372875, 0.001117116, 0.00092856986
  -34.372875, 0.000785106, 0.00092856986
  -34.372875, 0.000949158, 0.00092856986
  -34.372875, 0.000851508, 0.00092856986
  -34.372875, 0.001070244, 0.00092856986
  -34.372875, 0.00091791, 0.00092856986
  -34.372875, 0.000999936, 0.00092856986
  -34.372875, 0.001078056, 0.00092856986
  -34.372875, 0.001003842, 0.00092856986
  -34.372875, 0.00085932, 0.00092856986
  -34.372875, 0.000660114, 0.00092856986
  -34.372875, 0.000718704, 0.00092856986
  -34.372875, 0.000921816, 0.00092856986
  -34.372875, 0.001027278, 0.00092856986
  -34.372875, 0.000734328, 0.00092856986
  -34.372875, 0.00089838, 0.00092856986
  -34.372875, 0.001011654, 0.00092856986
  -34.372875, 0.000726516, 0.00092856986
  -34.36642, 0.001019466, 0.00092913811
  -34.36642, 0.00093744, 0.00092913811
  -34.36642, 0.00087885, 0.00092913811
  -34.36642, 0.000882756, 0.00092913811
  -34.36642, 0.000812448, 0.00092913811
  -34.36642, 0.00080073, 0.00092913811
  -34.36642, 0.000835884, 0.00092913811
  -34.36642, 0.0009765, 0.00092913811
  -34.36642, 0.00111321, 0.00092913811
  -34.36642, 0.00099603, 0.00092913811
  -34.36642, 0.000679644, 0.00092913811
  -34.36642, 0.000890568, 0.00092913811
  -34.36642, 0.001058526, 0.00092913811
  -34.36642, 0.000972594, 0.00092913811
  -34.36642, 0.00080073, 0.00092913811
  -34.36642, 0.001011654, 0.00092913811
  -34.36642, 0.001050714, 0.00092913811
  -34.36642, 0.00089838, 0.00092913811
  -34.36642, 0.001117116, 0.00092913811
  -34.36642, 0.00095697, 0.00092913811
  -34.36642, 0.00115227, 0.00092913811
  -34.36642, 0.00087885, 0.00092913811
  -34.36642, 0.00091791, 0.00092913811
  -34.36642, 0.001101492, 0.00092913811
  -34.36642, 0.000824166, 0.00092913811
  -34.36642, 0.000910098, 0.00092913811
  -34.36642, 0.000984312, 0.00092913811
  -34.36642, 0.000945252, 0.00092913811
  -34.36642, 0.000558558, 0.00092913811
  -34.36642, 0.000746046, 0.00092913811
  -34.36642, 0.000906192, 0.00092913811
  -34.36642, 0.001222578, 0.00092913811
  -34.36642, 0.001046808, 0.00092913811
  -34.36642, 0.001242108, 0.00092913811
  -34.36642, 0.000933534, 0.00092913811
  -34.36642, 0.00103509, 0.00092913811
  -34.36642, 0.000929628, 0.00092913811
  -34.36642, 0.00109368, 0.00092913811
  -34.36642, 0.000695268, 0.00092913811
  -34.36642, 0.00070308, 0.00092913811
  -34.36642, 0.00101556, 0.00092913811
  -34.36642, 0.000925722, 0.00092913811
  -34.36642, 0.000824166, 0.00092913811
  -34.36642, 0.001109304, 0.00092913811
  -34.36642, 0.000949158, 0.00092913811
  -34.36642, 0.000910098, 0.00092913811
  -34.36642, 0.00103509, 0.00092913811
  -34.36642, 0.000902286, 0.00092913811
  -34.36642, 0.001062432, 0.00092913811
  -34.36642, 0.001023372, 0.00092913811
  -34.36642, 0.000921816, 0.00092913811
  -34.36642, 0.00087885, 0.00092913811
  -34.36642, 0.000730422, 0.00092913811
  -34.36642, 0.00070308, 0.00092913811
  -34.36642, 0.000964782, 0.00092913811
  -34.36642, 0.000773388, 0.00092913811
  -34.36642, 0.001148364, 0.00092913811
  -34.36642, 0.000730422, 0.00092913811
  -34.36642, 0.00101556, 0.00092913811
  -34.36642, 0.00076167, 0.00092913811
  -34.36642, 0.00113274, 0.00092913811
  -34.36642, 0.00093744, 0.00092913811
  -34.36642, 0.001023372, 0.00092913811
  -34.36642, 0.00076167, 0.00092913811
  -34.36642, 0.001109304, 0.00092913811
  -34.36642, 0.001085868, 0.00092913811
  -34.36642, 0.000863226, 0.00092913811
  -34.36642, 0.000980406, 0.00092913811
  -34.36642, 0.000953064, 0.00092913811
  -34.36642, 0.001175706, 0.00092913811
  -34.36642, 0.00099603, 0.00092913811
  -34.36642, 0.001019466, 0.00092913811
  -34.36642, 0.000738234, 0.00092913811
  -34.36642, 0.001081962, 0.00092913811
  -34.36642, 0.000804636, 0.00092913811
  -34.36642, 0.000972594, 0.00092913811
  -34.36642, 0.000777294, 0.00092913811
  -34.36642, 0.000921816, 0.00092913811
  -34.36642, 0.000847602, 0.00092913811
  -34.36642, 0.000960876, 0.00092913811
  -34.36642, 0.000914004, 0.00092913811
  -34.36642, 0.000816354, 0.00092913811
  -34.36642, 0.000945252, 0.00092913811
  -34.36642, 0.000699174, 0.00092913811
  -34.36642, 0.000804636, 0.00092913811
  -34.36642, 0.001234296, 0.00092913811
  -34.36642, 0.000843696, 0.00092913811
  -34.36642, 0.001097586, 0.00092913811
  -34.36642, 0.000941346, 0.00092913811
  -34.36642, 0.000867132, 0.00092913811
  -34.36642, 0.000828072, 0.00092913811
  -34.36642, 0.000847602, 0.00092913811
  -34.36642, 0.000773388, 0.00092913811
  -34.36642, 0.000894474, 0.00092913811
  -34.36642, 0.000890568, 0.00092913811
  -34.36642, 0.000804636, 0.00092913811
  -34.36642, 0.000890568, 0.00092913811
  -34.36642, 0.000980406, 0.00092913811
  -34.36642, 0.001175706, 0.00092913811
  -34.36642, 0.000812448, 0.00092913811
  -34.36642, 0.001023372, 0.00092913811
  -34.36642, 0.000984312, 0.00092913811
  -34.36642, 0.00076167, 0.00092913811
  -34.36642, 0.000886662, 0.00092913811
  -34.36642, 0.001175706, 0.00092913811
  -34.36642, 0.00091791, 0.00092913811
  -34.36642, 0.000921816, 0.00092913811
  -34.36642, 0.00093744, 0.00092913811
  -34.36642, 0.000941346, 0.00092913811
  -34.36642, 0.000804636, 0.00092913811
  -34.36642, 0.000777294, 0.00092913811
  -34.36642, 0.000874944, 0.00092913811
  -34.36642, 0.0009765, 0.00092913811
  -34.36642, 0.00101556, 0.00092913811
  -34.36642, 0.000843696, 0.00092913811
  -34.36642, 0.000718704, 0.00092913811
  -34.36642, 0.000933534, 0.00092913811
  -34.36642, 0.001242108, 0.00092913811
  -34.36642, 0.000828072, 0.00092913811
  -34.36642, 0.000984312, 0.00092913811
  -34.36642, 0.00093744, 0.00092913811
  -34.36642, 0.000992124, 0.00092913811
  -34.36642, 0.000843696, 0.00092913811
  -34.36642, 0.000843696, 0.00092913811
  -34.36642, 0.001089774, 0.00092913811
  -34.36642, 0.00105462, 0.00092913811
  -34.36642, 0.000914004, 0.00092913811
  -34.36642, 0.000882756, 0.00092913811
  -34.36642, 0.00087885, 0.00092913811
  -34.36642, 0.000882756, 0.00092913811
  -34.36642, 0.000816354, 0.00092913811
  -34.36642, 0.00111321, 0.00092913811
  -34.36642, 0.00087885, 0.00092913811
  -34.36642, 0.001124928, 0.00092913811
  -34.36642, 0.00087885, 0.00092913811
  -34.36642, 0.001027278, 0.00092913811
  -34.36642, 0.000785106, 0.00092913811
  -34.36642, 0.000804636, 0.00092913811
  -34.36642, 0.00087885, 0.00092913811
  -34.36642, 0.00091791, 0.00092913811
  -34.36642, 0.001038996, 0.00092913811
  -34.36642, 0.000949158, 0.00092913811
  -34.36642, 0.001058526, 0.00092913811
  -34.36642, 0.001007748, 0.00092913811
  -34.36642, 0.000933534, 0.00092913811
  -34.36642, 0.000855414, 0.00092913811
  -34.36642, 0.00070308, 0.00092913811
  -34.36642, 0.000636678, 0.00092913811
  -34.36642, 0.00089838, 0.00092913811
  -34.36642, 0.00089838, 0.00092913811
  -34.36642, 0.000660114, 0.00092913811
  -34.36642, 0.000808542, 0.00092913811
  -34.36642, 0.000960876, 0.00092913811
  -34.36642, 0.001117116, 0.00092913811
  -34.36642, 0.000960876, 0.00092913811
  -34.36642, 0.000706986, 0.00092913811
  -34.36642, 0.0009765, 0.00092913811
  -34.36642, 0.00091791, 0.00092913811
  -34.36642, 0.000984312, 0.00092913811
  -34.36642, 0.000808542, 0.00092913811
  -34.36642, 0.001136646, 0.00092913811
  -34.36642, 0.00089838, 0.00092913811
  -34.36642, 0.000851508, 0.00092913811
  -34.36642, 0.00089838, 0.00092913811
  -34.36642, 0.000855414, 0.00092913811
  -34.36642, 0.001136646, 0.00092913811
  -34.36642, 0.00085932, 0.00092913811
  -34.36642, 0.001038996, 0.00092913811
  -34.36642, 0.000882756, 0.00092913811
  -34.36642, 0.000980406, 0.00092913811
  -34.36642, 0.00099603, 0.00092913811
  -34.36642, 0.000785106, 0.00092913811
  -34.36642, 0.000863226, 0.00092913811
  -34.36642, 0.00087885, 0.00092913811
  -34.36642, 0.001027278, 0.00092913811
  -34.36642, 0.001042902, 0.00092913811
  -34.36642, 0.000695268, 0.00092913811
  -34.36642, 0.000968688, 0.00092913811
  -34.36642, 0.001089774, 0.00092913811
  -34.36642, 0.000792918, 0.00092913811
  -34.36642, 0.00080073, 0.00092913811
  -34.36642, 0.00115227, 0.00092913811
  -34.36642, 0.001050714, 0.00092913811
  -34.36642, 0.001128834, 0.00092913811
  -34.36642, 0.000824166, 0.00092913811
  -34.36642, 0.001046808, 0.00092913811
  -34.36642, 0.000921816, 0.00092913811
  -34.36642, 0.000749952, 0.00092913811
  -34.36642, 0.000843696, 0.00092913811
  -34.36642, 0.000933534, 0.00092913811
  -34.36642, 0.001007748, 0.00092913811
  -34.36642, 0.000593712, 0.00092913811
  -34.36642, 0.000792918, 0.00092913811
  -34.36642, 0.000843696, 0.00092913811
  -34.36642, 0.00111321, 0.00092913811
  -34.36642, 0.000734328, 0.00092913811
  -34.36642, 0.000929628, 0.00092913811
  -34.36642, 0.00064449, 0.00092913811
  -34.36642, 0.001140552, 0.00092913811
  -34.36642, 0.000882756, 0.00092913811
  -34.36642, 0.000863226, 0.00092913811
  -34.36642, 0.00095697, 0.00092913811
  -34.36642, 0.001050714, 0.00092913811
  -34.36642, 0.000792918, 0.00092913811
  -34.36642, 0.000949158, 0.00092913811
  -34.36642, 0.000785106, 0.00092913811
  -34.36642, 0.001046808, 0.00092913811
  -34.36642, 0.000906192, 0.00092913811
  -34.36642, 0.00099603, 0.00092913811
  -34.36642, 0.000980406, 0.00092913811
  -34.36642, 0.001085868, 0.00092913811
  -34.36642, 0.000945252, 0.00092913811
  -34.36642, 0.000831978, 0.00092913811
  -34.36642, 0.00105462, 0.00092913811
  -34.36642, 0.001070244, 0.00092913811
  -34.36642, 0.001238202, 0.00092913811
  -34.36642, 0.00091791, 0.00092913811
  -34.36642, 0.000851508, 0.00092913811
  -34.36642, 0.000773388, 0.00092913811
  -34.36642, 0.00087885, 0.00092913811
  -34.36642, 0.00119133, 0.00092913811
  -34.36642, 0.001038996, 0.00092913811
  -34.36642, 0.000984312, 0.00092913811
  -34.36642, 0.001081962, 0.00092913811
  -34.36642, 0.000945252, 0.00092913811
  -34.36642, 0.00099603, 0.00092913811
  -34.36642, 0.00103509, 0.00092913811
  -34.36642, 0.00109368, 0.00092913811
  -34.36642, 0.0011718, 0.00092913811
  -34.36642, 0.001101492, 0.00092913811
  -34.36642, 0.001121022, 0.00092913811
  -34.36642, 0.00091791, 0.00092913811
  -34.36642, 0.00111321, 0.00092913811
  -34.36642, 0.00105462, 0.00092913811
  -34.36642, 0.000831978, 0.00092913811
  -34.36642, 0.000855414, 0.00092913811
  -34.36642, 0.000941346, 0.00092913811
  -34.36642, 0.001097586, 0.00092913811
  -34.36642, 0.0009765, 0.00092913811
  -34.36642, 0.001011654, 0.00092913811
  -34.36642, 0.000914004, 0.00092913811
  -34.36642, 0.001031184, 0.00092913811
  -34.36642, 0.00109368, 0.00092913811
  -34.36642, 0.00105462, 0.00092913811
  -34.36642, 0.000902286, 0.00092913811
  -34.36642, 0.000925722, 0.00092913811
  -34.36642, 0.0011718, 0.00092913811
  -34.36642, 0.000789012, 0.00092913811
  -34.36642, 0.000941346, 0.00092913811
  -34.36642, 0.00089838, 0.00092913811
  -34.36642, 0.000949158, 0.00092913811
  -34.36642, 0.001128834, 0.00092913811
  -34.36642, 0.000972594, 0.00092913811
  -34.36642, 0.000675738, 0.00092913811
  -34.36642, 0.000851508, 0.00092913811
  -34.36642, 0.001109304, 0.00092913811
  -34.36642, 0.000851508, 0.00092913811
  -34.36642, 0.00087885, 0.00092913811
  -34.36642, 0.001042902, 0.00092913811
  -34.36642, 0.001081962, 0.00092913811
  -34.36642, 0.001007748, 0.00092913811
  -34.36642, 0.00080073, 0.00092913811
  -34.36642, 0.001031184, 0.00092913811
  -34.36642, 0.000886662, 0.00092913811
  -34.36642, 0.000925722, 0.00092913811
  -34.36642, 0.00091791, 0.00092913811
  -34.36642, 0.000581994, 0.00092913811
  -34.36642, 0.000953064, 0.00092913811
  -34.36642, 0.00087885, 0.00092913811
  -34.36642, 0.00124992, 0.00092913811
  -34.36642, 0.001144458, 0.00092913811
  -34.36642, 0.000831978, 0.00092913811
  -34.36642, 0.001058526, 0.00092913811
  -34.36642, 0.000792918, 0.00092913811
  -34.36642, 0.000929628, 0.00092913811
  -34.36642, 0.000835884, 0.00092913811
  -34.36642, 0.000953064, 0.00092913811
  -34.36642, 0.000992124, 0.00092913811
  -34.36642, 0.00099603, 0.00092913811
  -34.36642, 0.000945252, 0.00092913811
  -34.36642, 0.000773388, 0.00092913811
  -34.36642, 0.00107415, 0.00092913811
  -34.36642, 0.000941346, 0.00092913811
  -34.36642, 0.00074214, 0.00092913811
  -34.36642, 0.0011718, 0.00092913811
  -34.36642, 0.000855414, 0.00092913811
  -34.36642, 0.000835884, 0.00092913811
  -34.36642, 0.000874944, 0.00092913811
  -34.36642, 0.000949158, 0.00092913811
  -34.36642, 0.000992124, 0.00092913811
  -34.36642, 0.00124992, 0.00092913811
  -34.36642, 0.000992124, 0.00092913811
  -34.36642, 0.000808542, 0.00092913811
  -34.36642, 0.001140552, 0.00092913811
  -34.36642, 0.001148364, 0.00092913811
  -34.36642, 0.000949158, 0.00092913811
  -34.36642, 0.001078056, 0.00092913811
  -34.36642, 0.000886662, 0.00092913811
  -34.36642, 0.000910098, 0.00092913811
  -34.36642, 0.001027278, 0.00092913811
  -34.36642, 0.001097586, 0.00092913811
  -34.36642, 0.001007748, 0.00092913811
  -34.36642, 0.000679644, 0.00092913811
  -34.36642, 0.000921816, 0.00092913811
  -34.36642, 0.00091791, 0.00092913811
  -34.36642, 0.000890568, 0.00092913811
  -34.36642, 0.000886662, 0.00092913811
  -34.36642, 0.000988218, 0.00092913811
  -34.36642, 0.000890568, 0.00092913811
  -34.36642, 0.00093744, 0.00092913811
  -34.36642, 0.000886662, 0.00092913811
  -34.36642, 0.001062432, 0.00092913811
  -34.36642, 0.000636678, 0.00092913811
  -34.36642, 0.000906192, 0.00092913811
  -34.36642, 0.000921816, 0.00092913811
  -34.36642, 0.000812448, 0.00092913811
  -34.36642, 0.001042902, 0.00092913811
  -34.36642, 0.000679644, 0.00092913811
  -34.36642, 0.000785106, 0.00092913811
  -34.36642, 0.001023372, 0.00092913811
  -34.36642, 0.000980406, 0.00092913811
  -34.36642, 0.001031184, 0.00092913811
  -34.36642, 0.001046808, 0.00092913811
  -34.36642, 0.00076167, 0.00092913811
  -34.36642, 0.001023372, 0.00092913811
  -34.36642, 0.001019466, 0.00092913811
  -34.36642, 0.00099603, 0.00092913811
  -34.36642, 0.000910098, 0.00092913811
  -34.36642, 0.000945252, 0.00092913811
  -34.36642, 0.000984312, 0.00092913811
  -34.36642, 0.000871038, 0.00092913811
  -34.36642, 0.000933534, 0.00092913811
  -34.359965, 0.000824166, 0.00092970655
  -34.359965, 0.001050714, 0.00092970655
  -34.359965, 0.000550746, 0.00092970655
  -34.359965, 0.001163988, 0.00092970655
  -34.359965, 0.001140552, 0.00092970655
  -34.359965, 0.000933534, 0.00092970655
  -34.359965, 0.000960876, 0.00092970655
  -34.359965, 0.000773388, 0.00092970655
  -34.359965, 0.000999936, 0.00092970655
  -34.359965, 0.000980406, 0.00092970655
  -34.359965, 0.000929628, 0.00092970655
  -34.359965, 0.000847602, 0.00092970655
  -34.359965, 0.000863226, 0.00092970655
  -34.359965, 0.00093744, 0.00092970655
  -34.359965, 0.00091791, 0.00092970655
  -34.359965, 0.000894474, 0.00092970655
  -34.359965, 0.0007812, 0.00092970655
  -34.359965, 0.001011654, 0.00092970655
  -34.359965, 0.000874944, 0.00092970655
  -34.359965, 0.000921816, 0.00092970655
  -34.359965, 0.000949158, 0.00092970655
  -34.359965, 0.000960876, 0.00092970655
  -34.359965, 0.000894474, 0.00092970655
  -34.359965, 0.000804636, 0.00092970655
  -34.359965, 0.001046808, 0.00092970655
  -34.359965, 0.000984312, 0.00092970655
  -34.359965, 0.000828072, 0.00092970655
  -34.359965, 0.000824166, 0.00092970655
  -34.359965, 0.001109304, 0.00092970655
  -34.359965, 0.000671832, 0.00092970655
  -34.359965, 0.000812448, 0.00092970655
  -34.359965, 0.000999936, 0.00092970655
  -34.359965, 0.000933534, 0.00092970655
  -34.359965, 0.000796824, 0.00092970655
  -34.359965, 0.000914004, 0.00092970655
  -34.359965, 0.001234296, 0.00092970655
  -34.359965, 0.001042902, 0.00092970655
  -34.359965, 0.001050714, 0.00092970655
  -34.359965, 0.000804636, 0.00092970655
  -34.359965, 0.001078056, 0.00092970655
  -34.359965, 0.00101556, 0.00092970655
  -34.359965, 0.000984312, 0.00092970655
  -34.359965, 0.001050714, 0.00092970655
  -34.359965, 0.001023372, 0.00092970655
  -34.359965, 0.001175706, 0.00092970655
  -34.359965, 0.001031184, 0.00092970655
  -34.359965, 0.000910098, 0.00092970655
  -34.359965, 0.000796824, 0.00092970655
  -34.359965, 0.000988218, 0.00092970655
  -34.359965, 0.00103509, 0.00092970655
  -34.359965, 0.001097586, 0.00092970655
  -34.359965, 0.000945252, 0.00092970655
  -34.359965, 0.000949158, 0.00092970655
  -34.359965, 0.00085932, 0.00092970655
  -34.359965, 0.000851508, 0.00092970655
  -34.359965, 0.001003842, 0.00092970655
  -34.359965, 0.001281168, 0.00092970655
  -34.359965, 0.000531216, 0.00092970655
  -34.359965, 0.000874944, 0.00092970655
  -34.359965, 0.001179612, 0.00092970655
  -34.359965, 0.000906192, 0.00092970655
  -34.359965, 0.001117116, 0.00092970655
  -34.359965, 0.001203048, 0.00092970655
  -34.359965, 0.000871038, 0.00092970655
  -34.359965, 0.001050714, 0.00092970655
  -34.359965, 0.000804636, 0.00092970655
  -34.359965, 0.000933534, 0.00092970655
  -34.359965, 0.001042902, 0.00092970655
  -34.359965, 0.0009765, 0.00092970655
  -34.359965, 0.00095697, 0.00092970655
  -34.359965, 0.000988218, 0.00092970655
  -34.359965, 0.000984312, 0.00092970655
  -34.359965, 0.000972594, 0.00092970655
  -34.359965, 0.000695268, 0.00092970655
  -34.359965, 0.000914004, 0.00092970655
  -34.359965, 0.001038996, 0.00092970655
  -34.359965, 0.0005859, 0.00092970655
  -34.359965, 0.00080073, 0.00092970655
  -34.359965, 0.001031184, 0.00092970655
  -34.359965, 0.0005859, 0.00092970655
  -34.359965, 0.000863226, 0.00092970655
  -34.359965, 0.00080073, 0.00092970655
  -34.359965, 0.000925722, 0.00092970655
  -34.359965, 0.00083979, 0.00092970655
  -34.359965, 0.000726516, 0.00092970655
  -34.359965, 0.000855414, 0.00092970655
  -34.359965, 0.001285074, 0.00092970655
  -34.359965, 0.001023372, 0.00092970655
  -34.359965, 0.001085868, 0.00092970655
  -34.359965, 0.000890568, 0.00092970655
  -34.359965, 0.000988218, 0.00092970655
  -34.359965, 0.000831978, 0.00092970655
  -34.359965, 0.0009765, 0.00092970655
  -34.359965, 0.000914004, 0.00092970655
  -34.359965, 0.000871038, 0.00092970655
  -34.359965, 0.000910098, 0.00092970655
  -34.359965, 0.001124928, 0.00092970655
  -34.359965, 0.000765576, 0.00092970655
  -34.359965, 0.000886662, 0.00092970655
  -34.359965, 0.000925722, 0.00092970655
  -34.359965, 0.000906192, 0.00092970655
  -34.359965, 0.001085868, 0.00092970655
  -34.359965, 0.000984312, 0.00092970655
  -34.359965, 0.00087885, 0.00092970655
  -34.359965, 0.000699174, 0.00092970655
  -34.359965, 0.000824166, 0.00092970655
  -34.359965, 0.000933534, 0.00092970655
  -34.359965, 0.000831978, 0.00092970655
  -34.359965, 0.00087885, 0.00092970655
  -34.359965, 0.000757764, 0.00092970655
  -34.359965, 0.00087885, 0.00092970655
  -34.359965, 0.000929628, 0.00092970655
  -34.359965, 0.000867132, 0.00092970655
  -34.359965, 0.000871038, 0.00092970655
  -34.359965, 0.00087885, 0.00092970655
  -34.359965, 0.001070244, 0.00092970655
  -34.359965, 0.000789012, 0.00092970655
  -34.359965, 0.000882756, 0.00092970655
  -34.359965, 0.000980406, 0.00092970655
  -34.359965, 0.000789012, 0.00092970655
  -34.359965, 0.000882756, 0.00092970655
  -34.359965, 0.001066338, 0.00092970655
  -34.359965, 0.000706986, 0.00092970655
  -34.359965, 0.00091791, 0.00092970655
  -34.359965, 0.00113274, 0.00092970655
  -34.359965, 0.000886662, 0.00092970655
  -34.359965, 0.00093744, 0.00092970655
  -34.359965, 0.000738234, 0.00092970655
  -34.359965, 0.000972594, 0.00092970655
  -34.359965, 0.0009765, 0.00092970655
  -34.359965, 0.00087885, 0.00092970655
  -34.359965, 0.000757764, 0.00092970655
  -34.359965, 0.001085868, 0.00092970655
  -34.359965, 0.001187424, 0.00092970655
  -34.359965, 0.00076167, 0.00092970655
  -34.359965, 0.000914004, 0.00092970655
  -34.359965, 0.000835884, 0.00092970655
  -34.359965, 0.000992124, 0.00092970655
  -34.359965, 0.000636678, 0.00092970655
  -34.359965, 0.00095697, 0.00092970655
  -34.359965, 0.000964782, 0.00092970655
  -34.359965, 0.000968688, 0.00092970655
  -34.359965, 0.000855414, 0.00092970655
  -34.359965, 0.001187424, 0.00092970655
  -34.359965, 0.000929628, 0.00092970655
  -34.359965, 0.000753858, 0.00092970655
  -34.359965, 0.000988218, 0.00092970655
  -34.359965, 0.000941346, 0.00092970655
  -34.359965, 0.000999936, 0.00092970655
  -34.359965, 0.000726516, 0.00092970655
  -34.359965, 0.001042902, 0.00092970655
  -34.359965, 0.001031184, 0.00092970655
  -34.359965, 0.001031184, 0.00092970655
  -34.359965, 0.001066338, 0.00092970655
  -34.359965, 0.000831978, 0.00092970655
  -34.359965, 0.000933534, 0.00092970655
  -34.359965, 0.000749952, 0.00092970655
  -34.359965, 0.000910098, 0.00092970655
  -34.359965, 0.000773388, 0.00092970655
  -34.359965, 0.001109304, 0.00092970655
  -34.359965, 0.00113274, 0.00092970655
  -34.359965, 0.000785106, 0.00092970655
  -34.359965, 0.000734328, 0.00092970655
  -34.359965, 0.000757764, 0.00092970655
  -34.359965, 0.00072261, 0.00092970655
  -34.359965, 0.00107415, 0.00092970655
  -34.359965, 0.001031184, 0.00092970655
  -34.359965, 0.000773388, 0.00092970655
  -34.359965, 0.000749952, 0.00092970655
  -34.359965, 0.000890568, 0.00092970655
  -34.359965, 0.001042902, 0.00092970655
  -34.359965, 0.00074214, 0.00092970655
  -34.359965, 0.00099603, 0.00092970655
  -34.359965, 0.001031184, 0.00092970655
  -34.359965, 0.00080073, 0.00092970655
  -34.359965, 0.000886662, 0.00092970655
  -34.359965, 0.00091791, 0.00092970655
  -34.359965, 0.001121022, 0.00092970655
  -34.359965, 0.000726516, 0.00092970655
  -34.359965, 0.000749952, 0.00092970655
  -34.359965, 0.001097586, 0.00092970655
  -34.359965, 0.001019466, 0.00092970655
  -34.359965, 0.000921816, 0.00092970655
  -34.359965, 0.000910098, 0.00092970655
  -34.359965, 0.000925722, 0.00092970655
  -34.359965, 0.000902286, 0.00092970655
  -34.359965, 0.000894474, 0.00092970655
  -34.359965, 0.000972594, 0.00092970655
  -34.359965, 0.00082026, 0.00092970655
  -34.359965, 0.001023372, 0.00092970655
  -34.359965, 0.001058526, 0.00092970655
  -34.359965, 0.000964782, 0.00092970655
  -34.359965, 0.001179612, 0.00092970655
  -34.359965, 0.000718704, 0.00092970655
  -34.359965, 0.000980406, 0.00092970655
  -34.359965, 0.000890568, 0.00092970655
  -34.359965, 0.00089838, 0.00092970655
  -34.359965, 0.000941346, 0.00092970655
  -34.359965, 0.001019466, 0.00092970655
  -34.359965, 0.001066338, 0.00092970655
  -34.359965, 0.001101492, 0.00092970655
  -34.359965, 0.000949158, 0.00092970655
  -34.359965, 0.001019466, 0.00092970655
  -34.359965, 0.001078056, 0.00092970655
  -34.359965, 0.00091791, 0.00092970655
  -34.359965, 0.000855414, 0.00092970655
  -34.359965, 0.000882756, 0.00092970655
  -34.359965, 0.000902286, 0.00092970655
  -34.359965, 0.000843696, 0.00092970655
  -34.359965, 0.00083979, 0.00092970655
  -34.359965, 0.00111321, 0.00092970655
  -34.359965, 0.000804636, 0.00092970655
  -34.359965, 0.000871038, 0.00092970655
  -34.359965, 0.00113274, 0.00092970655
  -34.359965, 0.000843696, 0.00092970655
  -34.359965, 0.000925722, 0.00092970655
  -34.359965, 0.000863226, 0.00092970655
  -34.359965, 0.001105398, 0.00092970655
  -34.359965, 0.001085868, 0.00092970655
  -34.359965, 0.001218672, 0.00092970655
  -34.359965, 0.000906192, 0.00092970655
  -34.359965, 0.001062432, 0.00092970655
  -34.359965, 0.000831978, 0.00092970655
  -34.359965, 0.000519498, 0.00092970655
  -34.359965, 0.001046808, 0.00092970655
  -34.359965, 0.000925722, 0.00092970655
  -34.359965, 0.00087885, 0.00092970655
  -34.359965, 0.00085932, 0.00092970655
  -34.359965, 0.00074214, 0.00092970655
  -34.359965, 0.000992124, 0.00092970655
  -34.359965, 0.00083979, 0.00092970655
  -34.359965, 0.00089838, 0.00092970655
  -34.359965, 0.001117116, 0.00092970655
  -34.359965, 0.001046808, 0.00092970655
  -34.359965, 0.001023372, 0.00092970655
  -34.359965, 0.000984312, 0.00092970655
  -34.359965, 0.001031184, 0.00092970655
  -34.359965, 0.00082026, 0.00092970655
  -34.359965, 0.001156176, 0.00092970655
  -34.359965, 0.000941346, 0.00092970655
  -34.359965, 0.000968688, 0.00092970655
  -34.359965, 0.001156176, 0.00092970655
  -34.359965, 0.000945252, 0.00092970655
  -34.359965, 0.000953064, 0.00092970655
  -34.359965, 0.001062432, 0.00092970655
  -34.359965, 0.001163988, 0.00092970655
  -34.359965, 0.000941346, 0.00092970655
  -34.359965, 0.000933534, 0.00092970655
  -34.359965, 0.000828072, 0.00092970655
  -34.359965, 0.00082026, 0.00092970655
  -34.359965, 0.000929628, 0.00092970655
  -34.359965, 0.000945252, 0.00092970655
  -34.359965, 0.000949158, 0.00092970655
  -34.359965, 0.000871038, 0.00092970655
  -34.359965, 0.000972594, 0.00092970655
  -34.359965, 0.001183518, 0.00092970655
  -34.359965, 0.001038996, 0.00092970655
  -34.359965, 0.00111321, 0.00092970655
  -34.359965, 0.000933534, 0.00092970655
  -34.359965, 0.00068355, 0.00092970655
  -34.359965, 0.000945252, 0.00092970655
  -34.359965, 0.000855414, 0.00092970655
  -34.359965, 0.00085932, 0.00092970655
  -34.359965, 0.001007748, 0.00092970655
  -34.359965, 0.000679644, 0.00092970655
  -34.359965, 0.00074214, 0.00092970655
  -34.359965, 0.000835884, 0.00092970655
  -34.359965, 0.000933534, 0.00092970655
  -34.359965, 0.000902286, 0.00092970655
  -34.359965, 0.001046808, 0.00092970655
  -34.359965, 0.000882756, 0.00092970655
  -34.359965, 0.001085868, 0.00092970655
  -34.359965, 0.00089838, 0.00092970655
  -34.359965, 0.001058526, 0.00092970655
  -34.359965, 0.000894474, 0.00092970655
  -34.359965, 0.001124928, 0.00092970655
  -34.359965, 0.000601524, 0.00092970655
  -34.359965, 0.001124928, 0.00092970655
  -34.359965, 0.00072261, 0.00092970655
  -34.359965, 0.001097586, 0.00092970655
  -34.359965, 0.000941346, 0.00092970655
  -34.359965, 0.000984312, 0.00092970655
  -34.359965, 0.001128834, 0.00092970655
  -34.359965, 0.000863226, 0.00092970655
  -34.359965, 0.000953064, 0.00092970655
  -34.359965, 0.000972594, 0.00092970655
  -34.359965, 0.00082026, 0.00092970655
  -34.359965, 0.001238202, 0.00092970655
  -34.359965, 0.000667926, 0.00092970655
  -34.359965, 0.001206954, 0.00092970655
  -34.359965, 0.00085932, 0.00092970655
  -34.359965, 0.000999936, 0.00092970655
  -34.359965, 0.000964782, 0.00092970655
  -34.359965, 0.00111321, 0.00092970655
  -34.359965, 0.000953064, 0.00092970655
  -34.359965, 0.00119133, 0.00092970655
  -34.359965, 0.000824166, 0.00092970655
  -34.359965, 0.00091791, 0.00092970655
  -34.359965, 0.0007812, 0.00092970655
  -34.359965, 0.000910098, 0.00092970655
  -34.359965, 0.000992124, 0.00092970655
  -34.359965, 0.000660114, 0.00092970655
  -34.359965, 0.00089838, 0.00092970655
  -34.359965, 0.000785106, 0.00092970655
  -34.359965, 0.00107415, 0.00092970655
  -34.359965, 0.00095697, 0.00092970655
  -34.359965, 0.000906192, 0.00092970655
  -34.359965, 0.000773388, 0.00092970655
  -34.359965, 0.000949158, 0.00092970655
  -34.359965, 0.000843696, 0.00092970655
  -34.359965, 0.001050714, 0.00092970655
  -34.359965, 0.000941346, 0.00092970655
  -34.359965, 0.001081962, 0.00092970655
  -34.359965, 0.000789012, 0.00092970655
  -34.35351, 0.000804636, 0.00093027519
  -34.35351, 0.000894474, 0.00093027519
  -34.35351, 0.000871038, 0.00093027519
  -34.35351, 0.000925722, 0.00093027519
  -34.35351, 0.000816354, 0.00093027519
  -34.35351, 0.000648396, 0.00093027519
  -34.35351, 0.000984312, 0.00093027519
  -34.35351, 0.000824166, 0.00093027519
  -34.35351, 0.00076167, 0.00093027519
  -34.35351, 0.000777294, 0.00093027519
  -34.35351, 0.000999936, 0.00093027519
  -34.35351, 0.000929628, 0.00093027519
  -34.35351, 0.00080073, 0.00093027519
  -34.35351, 0.000910098, 0.00093027519
  -34.35351, 0.001062432, 0.00093027519
  -34.35351, 0.000890568, 0.00093027519
  -34.35351, 0.001374912, 0.00093027519
  -34.35351, 0.000816354, 0.00093027519
  -34.35351, 0.0009765, 0.00093027519
  -34.35351, 0.000804636, 0.00093027519
  -34.35351, 0.000699174, 0.00093027519
  -34.35351, 0.000964782, 0.00093027519
  -34.35351, 0.001031184, 0.00093027519
  -34.35351, 0.000808542, 0.00093027519
  -34.35351, 0.00103509, 0.00093027519
  -34.35351, 0.00068355, 0.00093027519
  -34.35351, 0.001218672, 0.00093027519
  -34.35351, 0.0009765, 0.00093027519
  -34.35351, 0.0009765, 0.00093027519
  -34.35351, 0.00111321, 0.00093027519
  -34.35351, 0.001003842, 0.00093027519
  -34.35351, 0.000773388, 0.00093027519
  -34.35351, 0.001081962, 0.00093027519
  -34.35351, 0.000988218, 0.00093027519
  -34.35351, 0.001031184, 0.00093027519
  -34.35351, 0.000874944, 0.00093027519
  -34.35351, 0.000867132, 0.00093027519
  -34.35351, 0.000953064, 0.00093027519
  -34.35351, 0.000804636, 0.00093027519
  -34.35351, 0.000855414, 0.00093027519
  -34.35351, 0.00119133, 0.00093027519
  -34.35351, 0.001343664, 0.00093027519
  -34.35351, 0.00083979, 0.00093027519
  -34.35351, 0.000960876, 0.00093027519
  -34.35351, 0.000999936, 0.00093027519
  -34.35351, 0.000886662, 0.00093027519
  -34.35351, 0.00109368, 0.00093027519
  -34.35351, 0.000831978, 0.00093027519
  -34.35351, 0.00076167, 0.00093027519
  -34.35351, 0.000960876, 0.00093027519
  -34.35351, 0.000769482, 0.00093027519
  -34.35351, 0.000808542, 0.00093027519
  -34.35351, 0.000621054, 0.00093027519
  -34.35351, 0.000902286, 0.00093027519
  -34.35351, 0.000675738, 0.00093027519
  -34.35351, 0.001066338, 0.00093027519
  -34.35351, 0.00083979, 0.00093027519
  -34.35351, 0.000902286, 0.00093027519
  -34.35351, 0.00070308, 0.00093027519
  -34.35351, 0.001156176, 0.00093027519
  -34.35351, 0.00076167, 0.00093027519
  -34.35351, 0.00087885, 0.00093027519
  -34.35351, 0.000785106, 0.00093027519
  -34.35351, 0.000824166, 0.00093027519
  -34.35351, 0.000706986, 0.00093027519
  -34.35351, 0.000726516, 0.00093027519
  -34.35351, 0.000949158, 0.00093027519
  -34.35351, 0.000945252, 0.00093027519
  -34.35351, 0.000999936, 0.00093027519
  -34.35351, 0.000984312, 0.00093027519
  -34.35351, 0.00091791, 0.00093027519
  -34.35351, 0.0011718, 0.00093027519
  -34.35351, 0.001265544, 0.00093027519
  -34.35351, 0.000921816, 0.00093027519
  -34.35351, 0.00095697, 0.00093027519
  -34.35351, 0.001140552, 0.00093027519
  -34.35351, 0.000960876, 0.00093027519
  -34.35351, 0.000808542, 0.00093027519
  -34.35351, 0.000804636, 0.00093027519
  -34.35351, 0.001062432, 0.00093027519
  -34.35351, 0.001136646, 0.00093027519
  -34.35351, 0.000902286, 0.00093027519
  -34.35351, 0.001199142, 0.00093027519
  -34.35351, 0.001081962, 0.00093027519
  -34.35351, 0.000828072, 0.00093027519
  -34.35351, 0.000882756, 0.00093027519
  -34.35351, 0.000925722, 0.00093027519
  -34.35351, 0.00113274, 0.00093027519
  -34.35351, 0.001124928, 0.00093027519
  -34.35351, 0.001046808, 0.00093027519
  -34.35351, 0.000910098, 0.00093027519
  -34.35351, 0.001105398, 0.00093027519
  -34.35351, 0.000945252, 0.00093027519
  -34.35351, 0.001117116, 0.00093027519
  -34.35351, 0.001187424, 0.00093027519
  -34.35351, 0.00074214, 0.00093027519
  -34.35351, 0.000871038, 0.00093027519
  -34.35351, 0.001038996, 0.00093027519
  -34.35351, 0.000886662, 0.00093027519
  -34.35351, 0.000863226, 0.00093027519
  -34.35351, 0.000921816, 0.00093027519
  -34.35351, 0.000984312, 0.00093027519
  -34.35351, 0.000789012, 0.00093027519
  -34.35351, 0.001218672, 0.00093027519
  -34.35351, 0.000749952, 0.00093027519
  -34.35351, 0.000999936, 0.00093027519
  -34.35351, 0.000882756, 0.00093027519
  -34.35351, 0.000874944, 0.00093027519
  -34.35351, 0.001070244, 0.00093027519
  -34.35351, 0.0009765, 0.00093027519
  -34.35351, 0.0009765, 0.00093027519
  -34.35351, 0.000789012, 0.00093027519
  -34.35351, 0.001167894, 0.00093027519
  -34.35351, 0.00095697, 0.00093027519
  -34.35351, 0.001062432, 0.00093027519
  -34.35351, 0.0009765, 0.00093027519
  -34.35351, 0.001136646, 0.00093027519
  -34.35351, 0.000785106, 0.00093027519
  -34.35351, 0.001124928, 0.00093027519
  -34.35351, 0.001058526, 0.00093027519
  -34.35351, 0.00074214, 0.00093027519
  -34.35351, 0.000824166, 0.00093027519
  -34.35351, 0.000992124, 0.00093027519
  -34.35351, 0.000968688, 0.00093027519
  -34.35351, 0.000992124, 0.00093027519
  -34.35351, 0.001066338, 0.00093027519
  -34.35351, 0.000972594, 0.00093027519
  -34.35351, 0.000941346, 0.00093027519
  -34.35351, 0.001031184, 0.00093027519
  -34.35351, 0.001011654, 0.00093027519
  -34.35351, 0.000706986, 0.00093027519
  -34.35351, 0.00083979, 0.00093027519
  -34.35351, 0.000749952, 0.00093027519
  -34.35351, 0.000746046, 0.00093027519
  -34.35351, 0.001046808, 0.00093027519
  -34.35351, 0.000972594, 0.00093027519
  -34.35351, 0.000910098, 0.00093027519
  -34.35351, 0.00082026, 0.00093027519
  -34.35351, 0.001117116, 0.00093027519
  -34.35351, 0.001046808, 0.00093027519
  -34.35351, 0.000933534, 0.00093027519
  -34.35351, 0.001078056, 0.00093027519
  -34.35351, 0.000929628, 0.00093027519
  -34.35351, 0.000785106, 0.00093027519
  -34.35351, 0.000921816, 0.00093027519
  -34.35351, 0.000964782, 0.00093027519
  -34.35351, 0.001066338, 0.00093027519
  -34.35351, 0.001011654, 0.00093027519
  -34.35351, 0.000808542, 0.00093027519
  -34.35351, 0.000804636, 0.00093027519
  -34.35351, 0.001050714, 0.00093027519
  -34.35351, 0.000988218, 0.00093027519
  -34.35351, 0.0009765, 0.00093027519
  -34.35351, 0.000831978, 0.00093027519
  -34.35351, 0.00093744, 0.00093027519
  -34.35351, 0.000929628, 0.00093027519
  -34.35351, 0.000999936, 0.00093027519
  -34.35351, 0.00109368, 0.00093027519
  -34.35351, 0.000964782, 0.00093027519
  -34.35351, 0.001011654, 0.00093027519
  -34.35351, 0.000921816, 0.00093027519
  -34.35351, 0.000714798, 0.00093027519
  -34.35351, 0.000785106, 0.00093027519
  -34.35351, 0.000882756, 0.00093027519
  -34.35351, 0.000890568, 0.00093027519
  -34.35351, 0.00076167, 0.00093027519
  -34.35351, 0.000941346, 0.00093027519
  -34.35351, 0.000871038, 0.00093027519
  -34.35351, 0.000921816, 0.00093027519
  -34.35351, 0.00093744, 0.00093027519
  -34.35351, 0.000777294, 0.00093027519
  -34.35351, 0.00101556, 0.00093027519
  -34.35351, 0.000824166, 0.00093027519
  -34.35351, 0.000824166, 0.00093027519
  -34.35351, 0.000972594, 0.00093027519
  -34.35351, 0.00076167, 0.00093027519
  -34.35351, 0.00087885, 0.00093027519
  -34.35351, 0.000949158, 0.00093027519
  -34.35351, 0.00113274, 0.00093027519
  -34.35351, 0.000902286, 0.00093027519
  -34.35351, 0.000945252, 0.00093027519
  -34.35351, 0.000988218, 0.00093027519
  -34.35351, 0.000753858, 0.00093027519
  -34.35351, 0.000769482, 0.00093027519
  -34.35351, 0.000972594, 0.00093027519
  -34.35351, 0.001226484, 0.00093027519
  -34.35351, 0.000835884, 0.00093027519
  -34.35351, 0.000984312, 0.00093027519
  -34.35351, 0.001097586, 0.00093027519
  -34.35351, 0.00087885, 0.00093027519
  -34.35351, 0.000999936, 0.00093027519
  -34.35351, 0.000953064, 0.00093027519
  -34.35351, 0.001058526, 0.00093027519
  -34.35351, 0.001042902, 0.00093027519
  -34.35351, 0.001019466, 0.00093027519
  -34.35351, 0.000953064, 0.00093027519
  -34.35351, 0.00089838, 0.00093027519
  -34.35351, 0.000925722, 0.00093027519
  -34.35351, 0.00103509, 0.00093027519
  -34.35351, 0.000816354, 0.00093027519
  -34.35351, 0.001160082, 0.00093027519
  -34.35351, 0.00126945, 0.00093027519
  -34.35351, 0.00093744, 0.00093027519
  -34.35351, 0.000999936, 0.00093027519
  -34.35351, 0.000890568, 0.00093027519
  -34.35351, 0.001195236, 0.00093027519
  -34.35351, 0.000718704, 0.00093027519
  -34.35351, 0.001117116, 0.00093027519
  -34.35351, 0.000972594, 0.00093027519
  -34.35351, 0.000988218, 0.00093027519
  -34.35351, 0.001038996, 0.00093027519
  -34.35351, 0.000847602, 0.00093027519
  -34.35351, 0.000992124, 0.00093027519
  -34.35351, 0.000992124, 0.00093027519
  -34.35351, 0.001011654, 0.00093027519
  -34.35351, 0.000835884, 0.00093027519
  -34.35351, 0.000988218, 0.00093027519
  -34.35351, 0.000847602, 0.00093027519
  -34.35351, 0.000894474, 0.00093027519
  -34.35351, 0.000851508, 0.00093027519
  -34.35351, 0.000964782, 0.00093027519
  -34.35351, 0.001078056, 0.00093027519
  -34.35351, 0.000910098, 0.00093027519
  -34.35351, 0.0011718, 0.00093027519
  -34.35351, 0.00121086, 0.00093027519
  -34.35351, 0.00103509, 0.00093027519
  -34.35351, 0.000828072, 0.00093027519
  -34.35351, 0.000816354, 0.00093027519
  -34.35351, 0.000753858, 0.00093027519
  -34.35351, 0.00082026, 0.00093027519
  -34.35351, 0.000874944, 0.00093027519
  -34.35351, 0.001050714, 0.00093027519
  -34.35351, 0.001046808, 0.00093027519
  -34.35351, 0.000796824, 0.00093027519
  -34.35351, 0.00095697, 0.00093027519
  -34.35351, 0.001163988, 0.00093027519
  -34.35351, 0.001078056, 0.00093027519
  -34.35351, 0.000835884, 0.00093027519
  -34.35351, 0.000964782, 0.00093027519
  -34.35351, 0.000933534, 0.00093027519
  -34.35351, 0.000890568, 0.00093027519
  -34.35351, 0.000964782, 0.00093027519
  -34.35351, 0.000824166, 0.00093027519
  -34.35351, 0.000894474, 0.00093027519
  -34.35351, 0.000925722, 0.00093027519
  -34.35351, 0.000914004, 0.00093027519
  -34.35351, 0.001011654, 0.00093027519
  -34.35351, 0.000808542, 0.00093027519
  -34.35351, 0.001273356, 0.00093027519
  -34.35351, 0.0007812, 0.00093027519
  -34.35351, 0.000734328, 0.00093027519
  -34.35351, 0.000988218, 0.00093027519
  -34.35351, 0.000828072, 0.00093027519
  -34.35351, 0.000902286, 0.00093027519
  -34.35351, 0.000972594, 0.00093027519
  -34.35351, 0.000929628, 0.00093027519
  -34.35351, 0.000867132, 0.00093027519
  -34.35351, 0.000613242, 0.00093027519
  -34.35351, 0.000558558, 0.00093027519
  -34.35351, 0.000972594, 0.00093027519
  -34.35351, 0.00128898, 0.00093027519
  -34.35351, 0.000621054, 0.00093027519
  -34.35351, 0.001062432, 0.00093027519
  -34.35351, 0.00093744, 0.00093027519
  -34.35351, 0.000945252, 0.00093027519
  -34.35351, 0.00070308, 0.00093027519
  -34.35351, 0.00087885, 0.00093027519
  -34.35351, 0.001027278, 0.00093027519
  -34.35351, 0.000679644, 0.00093027519
  -34.35351, 0.000789012, 0.00093027519
  -34.35351, 0.000921816, 0.00093027519
  -34.35351, 0.00091791, 0.00093027519
  -34.35351, 0.000831978, 0.00093027519
  -34.35351, 0.000785106, 0.00093027519
  -34.35351, 0.000964782, 0.00093027519
  -34.35351, 0.000792918, 0.00093027519
  -34.35351, 0.001136646, 0.00093027519
  -34.35351, 0.001078056, 0.00093027519
  -34.35351, 0.000867132, 0.00093027519
  -34.35351, 0.00093744, 0.00093027519
  -34.35351, 0.000871038, 0.00093027519
  -34.35351, 0.000882756, 0.00093027519
  -34.35351, 0.000769482, 0.00093027519
  -34.35351, 0.001031184, 0.00093027519
  -34.35351, 0.000831978, 0.00093027519
  -34.35351, 0.00109368, 0.00093027519
  -34.35351, 0.000691362, 0.00093027519
  -34.35351, 0.00103509, 0.00093027519
  -34.35351, 0.001105398, 0.00093027519
  -34.35351, 0.001003842, 0.00093027519
  -34.35351, 0.00068355, 0.00093027519
  -34.35351, 0.000984312, 0.00093027519
  -34.35351, 0.000734328, 0.00093027519
  -34.35351, 0.001273356, 0.00093027519
  -34.35351, 0.000886662, 0.00093027519
  -34.35351, 0.000964782, 0.00093027519
  -34.35351, 0.001007748, 0.00093027519
  -34.35351, 0.000894474, 0.00093027519
  -34.35351, 0.001027278, 0.00093027519
  -34.35351, 0.000671832, 0.00093027519
  -34.35351, 0.001019466, 0.00093027519
  -34.35351, 0.000925722, 0.00093027519
  -34.347055, 0.00068355, 0.00093084402
  -34.347055, 0.000632772, 0.00093084402
  -34.347055, 0.000710892, 0.00093084402
  -34.347055, 0.0009765, 0.00093084402
  -34.347055, 0.000831978, 0.00093084402
  -34.347055, 0.000835884, 0.00093084402
  -34.347055, 0.000749952, 0.00093084402
  -34.347055, 0.001097586, 0.00093084402
  -34.347055, 0.00076167, 0.00093084402
  -34.347055, 0.00105462, 0.00093084402
  -34.347055, 0.000867132, 0.00093084402
  -34.347055, 0.000777294, 0.00093084402
  -34.347055, 0.001066338, 0.00093084402
  -34.347055, 0.000828072, 0.00093084402
  -34.347055, 0.001038996, 0.00093084402
  -34.347055, 0.000886662, 0.00093084402
  -34.347055, 0.00093744, 0.00093084402
  -34.347055, 0.000949158, 0.00093084402
  -34.347055, 0.000914004, 0.00093084402
  -34.347055, 0.000753858, 0.00093084402
  -34.347055, 0.000910098, 0.00093084402
  -34.347055, 0.00101556, 0.00093084402
  -34.347055, 0.00113274, 0.00093084402
  -34.347055, 0.000902286, 0.00093084402
  -34.347055, 0.000914004, 0.00093084402
  -34.347055, 0.000972594, 0.00093084402
  -34.347055, 0.000902286, 0.00093084402
  -34.347055, 0.000863226, 0.00093084402
  -34.347055, 0.001058526, 0.00093084402
  -34.347055, 0.001167894, 0.00093084402
  -34.347055, 0.00080073, 0.00093084402
  -34.347055, 0.000757764, 0.00093084402
  -34.347055, 0.001109304, 0.00093084402
  -34.347055, 0.0007812, 0.00093084402
  -34.347055, 0.000789012, 0.00093084402
  -34.347055, 0.000890568, 0.00093084402
  -34.347055, 0.000890568, 0.00093084402
  -34.347055, 0.000734328, 0.00093084402
  -34.347055, 0.000949158, 0.00093084402
  -34.347055, 0.00076167, 0.00093084402
  -34.347055, 0.001019466, 0.00093084402
  -34.347055, 0.001066338, 0.00093084402
  -34.347055, 0.00107415, 0.00093084402
  -34.347055, 0.000714798, 0.00093084402
  -34.347055, 0.000640584, 0.00093084402
  -34.347055, 0.000992124, 0.00093084402
  -34.347055, 0.000831978, 0.00093084402
  -34.347055, 0.000871038, 0.00093084402
  -34.347055, 0.000992124, 0.00093084402
  -34.347055, 0.00074214, 0.00093084402
  -34.347055, 0.001128834, 0.00093084402
  -34.347055, 0.000871038, 0.00093084402
  -34.347055, 0.001109304, 0.00093084402
  -34.347055, 0.00083979, 0.00093084402
  -34.347055, 0.000695268, 0.00093084402
  -34.347055, 0.000914004, 0.00093084402
  -34.347055, 0.000730422, 0.00093084402
  -34.347055, 0.000941346, 0.00093084402
  -34.347055, 0.001070244, 0.00093084402
  -34.347055, 0.001038996, 0.00093084402
  -34.347055, 0.001226484, 0.00093084402
  -34.347055, 0.000831978, 0.00093084402
  -34.347055, 0.001046808, 0.00093084402
  -34.347055, 0.000867132, 0.00093084402
  -34.347055, 0.000980406, 0.00093084402
  -34.347055, 0.00080073, 0.00093084402
  -34.347055, 0.000886662, 0.00093084402
  -34.347055, 0.000652302, 0.00093084402
  -34.347055, 0.000667926, 0.00093084402
  -34.347055, 0.00105462, 0.00093084402
  -34.347055, 0.000785106, 0.00093084402
  -34.347055, 0.000914004, 0.00093084402
  -34.347055, 0.000847602, 0.00093084402
  -34.347055, 0.000890568, 0.00093084402
  -34.347055, 0.000738234, 0.00093084402
  -34.347055, 0.000808542, 0.00093084402
  -34.347055, 0.000828072, 0.00093084402
  -34.347055, 0.000968688, 0.00093084402
  -34.347055, 0.000999936, 0.00093084402
  -34.347055, 0.00087885, 0.00093084402
  -34.347055, 0.000851508, 0.00093084402
  -34.347055, 0.000882756, 0.00093084402
  -34.347055, 0.001144458, 0.00093084402
  -34.347055, 0.001050714, 0.00093084402
  -34.347055, 0.00101556, 0.00093084402
  -34.347055, 0.000949158, 0.00093084402
  -34.347055, 0.00101556, 0.00093084402
  -34.347055, 0.0007812, 0.00093084402
  -34.347055, 0.00072261, 0.00093084402
  -34.347055, 0.000855414, 0.00093084402
  -34.347055, 0.000816354, 0.00093084402
  -34.347055, 0.00091791, 0.00093084402
  -34.347055, 0.001175706, 0.00093084402
  -34.347055, 0.00093744, 0.00093084402
  -34.347055, 0.000925722, 0.00093084402
  -34.347055, 0.00076167, 0.00093084402
  -34.347055, 0.000964782, 0.00093084402
  -34.347055, 0.00113274, 0.00093084402
  -34.347055, 0.000871038, 0.00093084402
  -34.347055, 0.001097586, 0.00093084402
  -34.347055, 0.000890568, 0.00093084402
  -34.347055, 0.000699174, 0.00093084402
  -34.347055, 0.000953064, 0.00093084402
  -34.347055, 0.001199142, 0.00093084402
  -34.347055, 0.000890568, 0.00093084402
  -34.347055, 0.000824166, 0.00093084402
  -34.347055, 0.001038996, 0.00093084402
  -34.347055, 0.000636678, 0.00093084402
  -34.347055, 0.0009765, 0.00093084402
  -34.347055, 0.001019466, 0.00093084402
  -34.347055, 0.000796824, 0.00093084402
  -34.347055, 0.001003842, 0.00093084402
  -34.347055, 0.000925722, 0.00093084402
  -34.347055, 0.001003842, 0.00093084402
  -34.347055, 0.000843696, 0.00093084402
  -34.347055, 0.000894474, 0.00093084402
  -34.347055, 0.000929628, 0.00093084402
  -34.347055, 0.000933534, 0.00093084402
  -34.347055, 0.000855414, 0.00093084402
  -34.347055, 0.00091791, 0.00093084402
  -34.347055, 0.00105462, 0.00093084402
  -34.347055, 0.00103509, 0.00093084402
  -34.347055, 0.00083979, 0.00093084402
  -34.347055, 0.000968688, 0.00093084402
  -34.347055, 0.001031184, 0.00093084402
  -34.347055, 0.000949158, 0.00093084402
  -34.347055, 0.000910098, 0.00093084402
  -34.347055, 0.000894474, 0.00093084402
  -34.347055, 0.000886662, 0.00093084402
  -34.347055, 0.000749952, 0.00093084402
  -34.347055, 0.000999936, 0.00093084402
  -34.347055, 0.001070244, 0.00093084402
  -34.347055, 0.000808542, 0.00093084402
  -34.347055, 0.001160082, 0.00093084402
  -34.347055, 0.001023372, 0.00093084402
  -34.347055, 0.000906192, 0.00093084402
  -34.347055, 0.00101556, 0.00093084402
  -34.347055, 0.000746046, 0.00093084402
  -34.347055, 0.000667926, 0.00093084402
  -34.347055, 0.000906192, 0.00093084402
  -34.347055, 0.000941346, 0.00093084402
  -34.347055, 0.000648396, 0.00093084402
  -34.347055, 0.000953064, 0.00093084402
  -34.347055, 0.001058526, 0.00093084402
  -34.347055, 0.001050714, 0.00093084402
  -34.347055, 0.000925722, 0.00093084402
  -34.347055, 0.001121022, 0.00093084402
  -34.347055, 0.000964782, 0.00093084402
  -34.347055, 0.000749952, 0.00093084402
  -34.347055, 0.000906192, 0.00093084402
  -34.347055, 0.000945252, 0.00093084402
  -34.347055, 0.001050714, 0.00093084402
  -34.347055, 0.000945252, 0.00093084402
  -34.347055, 0.001081962, 0.00093084402
  -34.347055, 0.00087885, 0.00093084402
  -34.347055, 0.000914004, 0.00093084402
  -34.347055, 0.000886662, 0.00093084402
  -34.347055, 0.000757764, 0.00093084402
  -34.347055, 0.000964782, 0.00093084402
  -34.347055, 0.00105462, 0.00093084402
  -34.347055, 0.00066402, 0.00093084402
  -34.347055, 0.000812448, 0.00093084402
  -34.347055, 0.000902286, 0.00093084402
  -34.347055, 0.000929628, 0.00093084402
  -34.347055, 0.000667926, 0.00093084402
  -34.347055, 0.000757764, 0.00093084402
  -34.347055, 0.00082026, 0.00093084402
  -34.347055, 0.000894474, 0.00093084402
  -34.347055, 0.000890568, 0.00093084402
  -34.347055, 0.000796824, 0.00093084402
  -34.347055, 0.000773388, 0.00093084402
  -34.347055, 0.000921816, 0.00093084402
  -34.347055, 0.000925722, 0.00093084402
  -34.347055, 0.00085932, 0.00093084402
  -34.347055, 0.001081962, 0.00093084402
  -34.347055, 0.001136646, 0.00093084402
  -34.347055, 0.001066338, 0.00093084402
  -34.347055, 0.000972594, 0.00093084402
  -34.347055, 0.000851508, 0.00093084402
  -34.347055, 0.000988218, 0.00093084402
  -34.347055, 0.001163988, 0.00093084402
  -34.347055, 0.000968688, 0.00093084402
  -34.347055, 0.001038996, 0.00093084402
  -34.347055, 0.000933534, 0.00093084402
  -34.347055, 0.000921816, 0.00093084402
  -34.347055, 0.000945252, 0.00093084402
  -34.347055, 0.001160082, 0.00093084402
  -34.347055, 0.00095697, 0.00093084402
  -34.347055, 0.00093744, 0.00093084402
  -34.347055, 0.000831978, 0.00093084402
  -34.347055, 0.000945252, 0.00093084402
  -34.347055, 0.001109304, 0.00093084402
  -34.347055, 0.001156176, 0.00093084402
  -34.347055, 0.001097586, 0.00093084402
  -34.347055, 0.001031184, 0.00093084402
  -34.347055, 0.001187424, 0.00093084402
  -34.347055, 0.000933534, 0.00093084402
  -34.347055, 0.001140552, 0.00093084402
  -34.347055, 0.000847602, 0.00093084402
  -34.347055, 0.000835884, 0.00093084402
  -34.347055, 0.000921816, 0.00093084402
  -34.347055, 0.000894474, 0.00093084402
  -34.347055, 0.001070244, 0.00093084402
  -34.347055, 0.000789012, 0.00093084402
  -34.347055, 0.000816354, 0.00093084402
  -34.347055, 0.000929628, 0.00093084402
  -34.347055, 0.00074214, 0.00093084402
  -34.347055, 0.000929628, 0.00093084402
  -34.347055, 0.001019466, 0.00093084402
  -34.347055, 0.000851508, 0.00093084402
  -34.347055, 0.000929628, 0.00093084402
  -34.347055, 0.001203048, 0.00093084402
  -34.347055, 0.001140552, 0.00093084402
  -34.347055, 0.000871038, 0.00093084402
  -34.347055, 0.000804636, 0.00093084402
  -34.347055, 0.00099603, 0.00093084402
  -34.347055, 0.000941346, 0.00093084402
  -34.347055, 0.000773388, 0.00093084402
  -34.347055, 0.000972594, 0.00093084402
  -34.347055, 0.000941346, 0.00093084402
  -34.347055, 0.000851508, 0.00093084402
  -34.347055, 0.000953064, 0.00093084402
  -34.347055, 0.001144458, 0.00093084402
  -34.347055, 0.001179612, 0.00093084402
  -34.347055, 0.000765576, 0.00093084402
  -34.347055, 0.00082026, 0.00093084402
  -34.347055, 0.000941346, 0.00093084402
  -34.347055, 0.001140552, 0.00093084402
  -34.347055, 0.000773388, 0.00093084402
  -34.347055, 0.000925722, 0.00093084402
  -34.347055, 0.00109368, 0.00093084402
  -34.347055, 0.000789012, 0.00093084402
  -34.347055, 0.000851508, 0.00093084402
  -34.347055, 0.000789012, 0.00093084402
  -34.347055, 0.001070244, 0.00093084402
  -34.347055, 0.000796824, 0.00093084402
  -34.347055, 0.00087885, 0.00093084402
  -34.347055, 0.001007748, 0.00093084402
  -34.347055, 0.001042902, 0.00093084402
  -34.347055, 0.00085932, 0.00093084402
  -34.347055, 0.001027278, 0.00093084402
  -34.347055, 0.001050714, 0.00093084402
  -34.347055, 0.000777294, 0.00093084402
  -34.347055, 0.000882756, 0.00093084402
  -34.347055, 0.00099603, 0.00093084402
  -34.347055, 0.000960876, 0.00093084402
  -34.347055, 0.001121022, 0.00093084402
  -34.347055, 0.000914004, 0.00093084402
  -34.347055, 0.00095697, 0.00093084402
  -34.347055, 0.000902286, 0.00093084402
  -34.347055, 0.000687456, 0.00093084402
  -34.347055, 0.000984312, 0.00093084402
  -34.347055, 0.000816354, 0.00093084402
  -34.347055, 0.000980406, 0.00093084402
  -34.347055, 0.00089838, 0.00093084402
  -34.347055, 0.00111321, 0.00093084402
  -34.347055, 0.000906192, 0.00093084402
  -34.347055, 0.001027278, 0.00093084402
  -34.347055, 0.001124928, 0.00093084402
  -34.347055, 0.000949158, 0.00093084402
  -34.347055, 0.000972594, 0.00093084402
  -34.347055, 0.000925722, 0.00093084402
  -34.347055, 0.000874944, 0.00093084402
  -34.347055, 0.000753858, 0.00093084402
  -34.347055, 0.001038996, 0.00093084402
  -34.347055, 0.00064449, 0.00093084402
  -34.347055, 0.00103509, 0.00093084402
  -34.347055, 0.000816354, 0.00093084402
  -34.347055, 0.000851508, 0.00093084402
  -34.347055, 0.000777294, 0.00093084402
  -34.347055, 0.001156176, 0.00093084402
  -34.347055, 0.000949158, 0.00093084402
  -34.347055, 0.00068355, 0.00093084402
  -34.347055, 0.000746046, 0.00093084402
  -34.347055, 0.001066338, 0.00093084402
  -34.347055, 0.000988218, 0.00093084402
  -34.347055, 0.000960876, 0.00093084402
  -34.3406, 0.000890568, 0.00093141305
  -34.3406, 0.000675738, 0.00093141305
  -34.3406, 0.000980406, 0.00093141305
  -34.3406, 0.000808542, 0.00093141305
  -34.3406, 0.00085932, 0.00093141305
  -34.3406, 0.0007812, 0.00093141305
  -34.3406, 0.000964782, 0.00093141305
  -34.3406, 0.001023372, 0.00093141305
  -34.3406, 0.000769482, 0.00093141305
  -34.3406, 0.000753858, 0.00093141305
  -34.3406, 0.001019466, 0.00093141305
  -34.3406, 0.001199142, 0.00093141305
  -34.3406, 0.001066338, 0.00093141305
  -34.3406, 0.00113274, 0.00093141305
  -34.3406, 0.001050714, 0.00093141305
  -34.3406, 0.000910098, 0.00093141305
  -34.3406, 0.001031184, 0.00093141305
  -34.3406, 0.000906192, 0.00093141305
  -34.3406, 0.000906192, 0.00093141305
  -34.3406, 0.000851508, 0.00093141305
  -34.3406, 0.001105398, 0.00093141305
  -34.3406, 0.000757764, 0.00093141305
  -34.3406, 0.000886662, 0.00093141305
  -34.3406, 0.0007812, 0.00093141305
  -34.3406, 0.00095697, 0.00093141305
  -34.3406, 0.000738234, 0.00093141305
  -34.3406, 0.000718704, 0.00093141305
  -34.3406, 0.000960876, 0.00093141305
  -34.3406, 0.000886662, 0.00093141305
  -34.3406, 0.000980406, 0.00093141305
  -34.3406, 0.000789012, 0.00093141305
  -34.3406, 0.000855414, 0.00093141305
  -34.3406, 0.00068355, 0.00093141305
  -34.3406, 0.001382724, 0.00093141305
  -34.3406, 0.001031184, 0.00093141305
  -34.3406, 0.000867132, 0.00093141305
  -34.3406, 0.000812448, 0.00093141305
  -34.3406, 0.00068355, 0.00093141305
  -34.3406, 0.000925722, 0.00093141305
  -34.3406, 0.000863226, 0.00093141305
  -34.3406, 0.00101556, 0.00093141305
  -34.3406, 0.00080073, 0.00093141305
  -34.3406, 0.00091791, 0.00093141305
  -34.3406, 0.000921816, 0.00093141305
  -34.3406, 0.000808542, 0.00093141305
  -34.3406, 0.000945252, 0.00093141305
  -34.3406, 0.000660114, 0.00093141305
  -34.3406, 0.000808542, 0.00093141305
  -34.3406, 0.001070244, 0.00093141305
  -34.3406, 0.000812448, 0.00093141305
  -34.3406, 0.000835884, 0.00093141305
  -34.3406, 0.001097586, 0.00093141305
  -34.3406, 0.000816354, 0.00093141305
  -34.3406, 0.000882756, 0.00093141305
  -34.3406, 0.000886662, 0.00093141305
  -34.3406, 0.000679644, 0.00093141305
  -34.3406, 0.000695268, 0.00093141305
  -34.3406, 0.000773388, 0.00093141305
  -34.3406, 0.000988218, 0.00093141305
  -34.3406, 0.000890568, 0.00093141305
  -34.3406, 0.000804636, 0.00093141305
  -34.3406, 0.000863226, 0.00093141305
  -34.3406, 0.000992124, 0.00093141305
  -34.3406, 0.00101556, 0.00093141305
  -34.3406, 0.00095697, 0.00093141305
  -34.3406, 0.000640584, 0.00093141305
  -34.3406, 0.00099603, 0.00093141305
  -34.3406, 0.000831978, 0.00093141305
  -34.3406, 0.000656208, 0.00093141305
  -34.3406, 0.000699174, 0.00093141305
  -34.3406, 0.000906192, 0.00093141305
  -34.3406, 0.001089774, 0.00093141305
  -34.3406, 0.00089838, 0.00093141305
  -34.3406, 0.00103509, 0.00093141305
  -34.3406, 0.00101556, 0.00093141305
  -34.3406, 0.000792918, 0.00093141305
  -34.3406, 0.000953064, 0.00093141305
  -34.3406, 0.001140552, 0.00093141305
  -34.3406, 0.000812448, 0.00093141305
  -34.3406, 0.000773388, 0.00093141305
  -34.3406, 0.001121022, 0.00093141305
  -34.3406, 0.000828072, 0.00093141305
  -34.3406, 0.00119133, 0.00093141305
  -34.3406, 0.000992124, 0.00093141305
  -34.3406, 0.001027278, 0.00093141305
  -34.3406, 0.001105398, 0.00093141305
  -34.3406, 0.001031184, 0.00093141305
  -34.3406, 0.001046808, 0.00093141305
  -34.3406, 0.000999936, 0.00093141305
  -34.3406, 0.001081962, 0.00093141305
  -34.3406, 0.0009765, 0.00093141305
  -34.3406, 0.000890568, 0.00093141305
  -34.3406, 0.001085868, 0.00093141305
  -34.3406, 0.000925722, 0.00093141305
  -34.3406, 0.000984312, 0.00093141305
  -34.3406, 0.000953064, 0.00093141305
  -34.3406, 0.001011654, 0.00093141305
  -34.3406, 0.000855414, 0.00093141305
  -34.3406, 0.001246014, 0.00093141305
  -34.3406, 0.000753858, 0.00093141305
  -34.3406, 0.001203048, 0.00093141305
  -34.3406, 0.001066338, 0.00093141305
  -34.3406, 0.000812448, 0.00093141305
  -34.3406, 0.00119133, 0.00093141305
  -34.3406, 0.000984312, 0.00093141305
  -34.3406, 0.001085868, 0.00093141305
  -34.3406, 0.000964782, 0.00093141305
  -34.3406, 0.000746046, 0.00093141305
  -34.3406, 0.000874944, 0.00093141305
  -34.3406, 0.000925722, 0.00093141305
  -34.3406, 0.000871038, 0.00093141305
  -34.3406, 0.001007748, 0.00093141305
  -34.3406, 0.00072261, 0.00093141305
  -34.3406, 0.00085932, 0.00093141305
  -34.3406, 0.000871038, 0.00093141305
  -34.3406, 0.001038996, 0.00093141305
  -34.3406, 0.001050714, 0.00093141305
  -34.3406, 0.001206954, 0.00093141305
  -34.3406, 0.000796824, 0.00093141305
  -34.3406, 0.000851508, 0.00093141305
  -34.3406, 0.001023372, 0.00093141305
  -34.3406, 0.000890568, 0.00093141305
  -34.3406, 0.000828072, 0.00093141305
  -34.3406, 0.001007748, 0.00093141305
  -34.3406, 0.001105398, 0.00093141305
  -34.3406, 0.00076167, 0.00093141305
  -34.3406, 0.00076167, 0.00093141305
  -34.3406, 0.000824166, 0.00093141305
  -34.3406, 0.00074214, 0.00093141305
  -34.3406, 0.000902286, 0.00093141305
  -34.3406, 0.000699174, 0.00093141305
  -34.3406, 0.000988218, 0.00093141305
  -34.3406, 0.000863226, 0.00093141305
  -34.3406, 0.0007812, 0.00093141305
  -34.3406, 0.000984312, 0.00093141305
  -34.3406, 0.000824166, 0.00093141305
  -34.3406, 0.000984312, 0.00093141305
  -34.3406, 0.001011654, 0.00093141305
  -34.3406, 0.000671832, 0.00093141305
  -34.3406, 0.000992124, 0.00093141305
  -34.3406, 0.000960876, 0.00093141305
  -34.3406, 0.000988218, 0.00093141305
  -34.3406, 0.000902286, 0.00093141305
  -34.3406, 0.000824166, 0.00093141305
  -34.3406, 0.00101556, 0.00093141305
  -34.3406, 0.000921816, 0.00093141305
  -34.3406, 0.000960876, 0.00093141305
  -34.3406, 0.00080073, 0.00093141305
  -34.3406, 0.000902286, 0.00093141305
  -34.3406, 0.000910098, 0.00093141305
  -34.3406, 0.000855414, 0.00093141305
  -34.3406, 0.000824166, 0.00093141305
  -34.3406, 0.00064449, 0.00093141305
  -34.3406, 0.001058526, 0.00093141305
  -34.3406, 0.000816354, 0.00093141305
  -34.3406, 0.001066338, 0.00093141305
  -34.3406, 0.000863226, 0.00093141305
  -34.3406, 0.00083979, 0.00093141305
  -34.3406, 0.000789012, 0.00093141305
  -34.3406, 0.000831978, 0.00093141305
  -34.3406, 0.000773388, 0.00093141305
  -34.3406, 0.000847602, 0.00093141305
  -34.3406, 0.001183518, 0.00093141305
  -34.3406, 0.000789012, 0.00093141305
  -34.3406, 0.000949158, 0.00093141305
  -34.3406, 0.001117116, 0.00093141305
  -34.3406, 0.00083979, 0.00093141305
  -34.3406, 0.00091791, 0.00093141305
  -34.3406, 0.000902286, 0.00093141305
  -34.3406, 0.00089838, 0.00093141305
  -34.3406, 0.00085932, 0.00093141305
  -34.3406, 0.001218672, 0.00093141305
  -34.3406, 0.000914004, 0.00093141305
  -34.3406, 0.000628866, 0.00093141305
  -34.3406, 0.000968688, 0.00093141305
  -34.3406, 0.001081962, 0.00093141305
  -34.3406, 0.001167894, 0.00093141305
  -34.3406, 0.000914004, 0.00093141305
  -34.3406, 0.000929628, 0.00093141305
  -34.3406, 0.000910098, 0.00093141305
  -34.3406, 0.001027278, 0.00093141305
  -34.3406, 0.000933534, 0.00093141305
  -34.3406, 0.001109304, 0.00093141305
  -34.3406, 0.00099603, 0.00093141305
  -34.3406, 0.001081962, 0.00093141305
  -34.3406, 0.00099603, 0.00093141305
  -34.3406, 0.000984312, 0.00093141305
  -34.3406, 0.000699174, 0.00093141305
  -34.3406, 0.001003842, 0.00093141305
  -34.3406, 0.000667926, 0.00093141305
  -34.3406, 0.000886662, 0.00093141305
  -34.3406, 0.00119133, 0.00093141305
  -34.3406, 0.000910098, 0.00093141305
  -34.3406, 0.000886662, 0.00093141305
  -34.3406, 0.00099603, 0.00093141305
  -34.3406, 0.0009765, 0.00093141305
  -34.3406, 0.000812448, 0.00093141305
  -34.3406, 0.000906192, 0.00093141305
  -34.3406, 0.00068355, 0.00093141305
  -34.3406, 0.00107415, 0.00093141305
  -34.3406, 0.001058526, 0.00093141305
  -34.3406, 0.000792918, 0.00093141305
  -34.3406, 0.001199142, 0.00093141305
  -34.3406, 0.001156176, 0.00093141305
  -34.3406, 0.000785106, 0.00093141305
  -34.3406, 0.000867132, 0.00093141305
  -34.3406, 0.001163988, 0.00093141305
  -34.3406, 0.00082026, 0.00093141305
  -34.3406, 0.000597618, 0.00093141305
  -34.3406, 0.00082026, 0.00093141305
  -34.3406, 0.00099603, 0.00093141305
  -34.3406, 0.00089838, 0.00093141305
  -34.3406, 0.001105398, 0.00093141305
  -34.3406, 0.000949158, 0.00093141305
  -34.3406, 0.001062432, 0.00093141305
  -34.3406, 0.00095697, 0.00093141305
  -34.3406, 0.000949158, 0.00093141305
  -34.3406, 0.000851508, 0.00093141305
  -34.3406, 0.001042902, 0.00093141305
  -34.3406, 0.000792918, 0.00093141305
  -34.3406, 0.00101556, 0.00093141305
  -34.3406, 0.001027278, 0.00093141305
  -34.3406, 0.000847602, 0.00093141305
  -34.3406, 0.000984312, 0.00093141305
  -34.3406, 0.000835884, 0.00093141305
  -34.3406, 0.00093744, 0.00093141305
  -34.3406, 0.000910098, 0.00093141305
  -34.3406, 0.000960876, 0.00093141305
  -34.3406, 0.000816354, 0.00093141305
  -34.3406, 0.000871038, 0.00093141305
  -34.3406, 0.001109304, 0.00093141305
  -34.3406, 0.000867132, 0.00093141305
  -34.3406, 0.000933534, 0.00093141305
  -34.3406, 0.001011654, 0.00093141305
  -34.3406, 0.000992124, 0.00093141305
  -34.3406, 0.000789012, 0.00093141305
  -34.3406, 0.000843696, 0.00093141305
  -34.3406, 0.001066338, 0.00093141305
  -34.3406, 0.00068355, 0.00093141305
  -34.3406, 0.000847602, 0.00093141305
  -34.3406, 0.000789012, 0.00093141305
  -34.3406, 0.00107415, 0.00093141305
  -34.3406, 0.001007748, 0.00093141305
  -34.3406, 0.00083979, 0.00093141305
  -34.3406, 0.001097586, 0.00093141305
  -34.3406, 0.000984312, 0.00093141305
  -34.3406, 0.000753858, 0.00093141305
  -34.3406, 0.000992124, 0.00093141305
  -34.3406, 0.00119133, 0.00093141305
  -34.3406, 0.000953064, 0.00093141305
  -34.3406, 0.000914004, 0.00093141305
  -34.3406, 0.000925722, 0.00093141305
  -34.3406, 0.001097586, 0.00093141305
  -34.3406, 0.00107415, 0.00093141305
  -34.3406, 0.001066338, 0.00093141305
  -34.3406, 0.000980406, 0.00093141305
  -34.3406, 0.000914004, 0.00093141305
  -34.3406, 0.000581994, 0.00093141305
  -34.334145, 0.000992124, 0.00093198227
  -34.334145, 0.000863226, 0.00093198227
  -34.334145, 0.001136646, 0.00093198227
  -34.334145, 0.000964782, 0.00093198227
  -34.334145, 0.000949158, 0.00093198227
  -34.334145, 0.000980406, 0.00093198227
  -34.334145, 0.000835884, 0.00093198227
  -34.334145, 0.001042902, 0.00093198227
  -34.334145, 0.000906192, 0.00093198227
  -34.334145, 0.00095697, 0.00093198227
  -34.334145, 0.001046808, 0.00093198227
  -34.334145, 0.000542934, 0.00093198227
  -34.334145, 0.000929628, 0.00093198227
  -34.334145, 0.000863226, 0.00093198227
  -34.334145, 0.000882756, 0.00093198227
  -34.334145, 0.000730422, 0.00093198227
  -34.334145, 0.000925722, 0.00093198227
  -34.334145, 0.000886662, 0.00093198227
  -34.334145, 0.00089838, 0.00093198227
  -34.334145, 0.000964782, 0.00093198227
  -34.334145, 0.00113274, 0.00093198227
  -34.334145, 0.00093744, 0.00093198227
  -34.334145, 0.00107415, 0.00093198227
  -34.334145, 0.00095697, 0.00093198227
  -34.334145, 0.000945252, 0.00093198227
  -34.334145, 0.000886662, 0.00093198227
  -34.334145, 0.000929628, 0.00093198227
  -34.334145, 0.00080073, 0.00093198227
  -34.334145, 0.000675738, 0.00093198227
  -34.334145, 0.000843696, 0.00093198227
  -34.334145, 0.001066338, 0.00093198227
  -34.334145, 0.000851508, 0.00093198227
  -34.334145, 0.00095697, 0.00093198227
  -34.334145, 0.001042902, 0.00093198227
  -34.334145, 0.000710892, 0.00093198227
  -34.334145, 0.000847602, 0.00093198227
  -34.334145, 0.001031184, 0.00093198227
  -34.334145, 0.000851508, 0.00093198227
  -34.334145, 0.000886662, 0.00093198227
  -34.334145, 0.00074214, 0.00093198227
  -34.334145, 0.000804636, 0.00093198227
  -34.334145, 0.001050714, 0.00093198227
  -34.334145, 0.000867132, 0.00093198227
  -34.334145, 0.000992124, 0.00093198227
  -34.334145, 0.00103509, 0.00093198227
  -34.334145, 0.00087885, 0.00093198227
  -34.334145, 0.00080073, 0.00093198227
  -34.334145, 0.000808542, 0.00093198227
  -34.334145, 0.000906192, 0.00093198227
  -34.334145, 0.000929628, 0.00093198227
  -34.334145, 0.00056637, 0.00093198227
  -34.334145, 0.001085868, 0.00093198227
  -34.334145, 0.0009765, 0.00093198227
  -34.334145, 0.000828072, 0.00093198227
  -34.334145, 0.000874944, 0.00093198227
  -34.334145, 0.000769482, 0.00093198227
  -34.334145, 0.00093744, 0.00093198227
  -34.334145, 0.000874944, 0.00093198227
  -34.334145, 0.0009765, 0.00093198227
  -34.334145, 0.001257732, 0.00093198227
  -34.334145, 0.0009765, 0.00093198227
  -34.334145, 0.00089838, 0.00093198227
  -34.334145, 0.00062496, 0.00093198227
  -34.334145, 0.000671832, 0.00093198227
  -34.334145, 0.000988218, 0.00093198227
  -34.334145, 0.000738234, 0.00093198227
  -34.334145, 0.000914004, 0.00093198227
  -34.334145, 0.000984312, 0.00093198227
  -34.334145, 0.000746046, 0.00093198227
  -34.334145, 0.000968688, 0.00093198227
  -34.334145, 0.000999936, 0.00093198227
  -34.334145, 0.001046808, 0.00093198227
  -34.334145, 0.000921816, 0.00093198227
  -34.334145, 0.00062496, 0.00093198227
  -34.334145, 0.000749952, 0.00093198227
  -34.334145, 0.000871038, 0.00093198227
  -34.334145, 0.000992124, 0.00093198227
  -34.334145, 0.000812448, 0.00093198227
  -34.334145, 0.000718704, 0.00093198227
  -34.334145, 0.001261638, 0.00093198227
  -34.334145, 0.000867132, 0.00093198227
  -34.334145, 0.000914004, 0.00093198227
  -34.334145, 0.000831978, 0.00093198227
  -34.334145, 0.000617148, 0.00093198227
  -34.334145, 0.001058526, 0.00093198227
  -34.334145, 0.000773388, 0.00093198227
  -34.334145, 0.000882756, 0.00093198227
  -34.334145, 0.001101492, 0.00093198227
  -34.334145, 0.00085932, 0.00093198227
  -34.334145, 0.00082026, 0.00093198227
  -34.334145, 0.000785106, 0.00093198227
  -34.334145, 0.001199142, 0.00093198227
  -34.334145, 0.00095697, 0.00093198227
  -34.334145, 0.001179612, 0.00093198227
  -34.334145, 0.000941346, 0.00093198227
  -34.334145, 0.000804636, 0.00093198227
  -34.334145, 0.0009765, 0.00093198227
  -34.334145, 0.00070308, 0.00093198227
  -34.334145, 0.000796824, 0.00093198227
  -34.334145, 0.00121086, 0.00093198227
  -34.334145, 0.000972594, 0.00093198227
  -34.334145, 0.0009765, 0.00093198227
  -34.334145, 0.001003842, 0.00093198227
  -34.334145, 0.000933534, 0.00093198227
  -34.334145, 0.00111321, 0.00093198227
  -34.334145, 0.001156176, 0.00093198227
  -34.334145, 0.000949158, 0.00093198227
  -34.334145, 0.000812448, 0.00093198227
  -34.334145, 0.000992124, 0.00093198227
  -34.334145, 0.001058526, 0.00093198227
  -34.334145, 0.000812448, 0.00093198227
  -34.334145, 0.001105398, 0.00093198227
  -34.334145, 0.00087885, 0.00093198227
  -34.334145, 0.0009765, 0.00093198227
  -34.334145, 0.001003842, 0.00093198227
  -34.334145, 0.001023372, 0.00093198227
  -34.334145, 0.00072261, 0.00093198227
  -34.334145, 0.001062432, 0.00093198227
  -34.334145, 0.001050714, 0.00093198227
  -34.334145, 0.001148364, 0.00093198227
  -34.334145, 0.00091791, 0.00093198227
  -34.334145, 0.001163988, 0.00093198227
  -34.334145, 0.000972594, 0.00093198227
  -34.334145, 0.001050714, 0.00093198227
  -34.334145, 0.001167894, 0.00093198227
  -34.334145, 0.000874944, 0.00093198227
  -34.334145, 0.00087885, 0.00093198227
  -34.334145, 0.000874944, 0.00093198227
  -34.334145, 0.000855414, 0.00093198227
  -34.334145, 0.001195236, 0.00093198227
  -34.334145, 0.001105398, 0.00093198227
  -34.334145, 0.000726516, 0.00093198227
  -34.334145, 0.0009765, 0.00093198227
  -34.334145, 0.00099603, 0.00093198227
  -34.334145, 0.000757764, 0.00093198227
  -34.334145, 0.000757764, 0.00093198227
  -34.334145, 0.000886662, 0.00093198227
  -34.334145, 0.000925722, 0.00093198227
  -34.334145, 0.001081962, 0.00093198227
  -34.334145, 0.00105462, 0.00093198227
  -34.334145, 0.00060543, 0.00093198227
  -34.334145, 0.00082026, 0.00093198227
  -34.334145, 0.00115227, 0.00093198227
  -34.334145, 0.000656208, 0.00093198227
  -34.334145, 0.000749952, 0.00093198227
  -34.334145, 0.001097586, 0.00093198227
  -34.334145, 0.000933534, 0.00093198227
  -34.334145, 0.000953064, 0.00093198227
  -34.334145, 0.001261638, 0.00093198227
  -34.334145, 0.000890568, 0.00093198227
  -34.334145, 0.000738234, 0.00093198227
  -34.334145, 0.000835884, 0.00093198227
  -34.334145, 0.00091791, 0.00093198227
  -34.334145, 0.000964782, 0.00093198227
  -34.334145, 0.000910098, 0.00093198227
  -34.334145, 0.000804636, 0.00093198227
  -34.334145, 0.000835884, 0.00093198227
  -34.334145, 0.001226484, 0.00093198227
  -34.334145, 0.000980406, 0.00093198227
  -34.334145, 0.000980406, 0.00093198227
  -34.334145, 0.000890568, 0.00093198227
  -34.334145, 0.000949158, 0.00093198227
  -34.334145, 0.000796824, 0.00093198227
  -34.334145, 0.000949158, 0.00093198227
  -34.334145, 0.00089838, 0.00093198227
  -34.334145, 0.00099603, 0.00093198227
  -34.334145, 0.000773388, 0.00093198227
  -34.334145, 0.000945252, 0.00093198227
  -34.334145, 0.000835884, 0.00093198227
  -34.334145, 0.000726516, 0.00093198227
  -34.334145, 0.001148364, 0.00093198227
  -34.334145, 0.00082026, 0.00093198227
  -34.334145, 0.000871038, 0.00093198227
  -34.334145, 0.00093744, 0.00093198227
  -34.334145, 0.000941346, 0.00093198227
  -34.334145, 0.001183518, 0.00093198227
  -34.334145, 0.000980406, 0.00093198227
  -34.334145, 0.000831978, 0.00093198227
  -34.334145, 0.000808542, 0.00093198227
  -34.334145, 0.000843696, 0.00093198227
  -34.334145, 0.000882756, 0.00093198227
  -34.334145, 0.000929628, 0.00093198227
  -34.334145, 0.000890568, 0.00093198227
  -34.334145, 0.000910098, 0.00093198227
  -34.334145, 0.000847602, 0.00093198227
  -34.334145, 0.0011718, 0.00093198227
  -34.334145, 0.000746046, 0.00093198227
  -34.334145, 0.001253826, 0.00093198227
  -34.334145, 0.000906192, 0.00093198227
  -34.334145, 0.00080073, 0.00093198227
  -34.334145, 0.000757764, 0.00093198227
  -34.334145, 0.000941346, 0.00093198227
  -34.334145, 0.000964782, 0.00093198227
  -34.334145, 0.001140552, 0.00093198227
  -34.334145, 0.000999936, 0.00093198227
  -34.334145, 0.00070308, 0.00093198227
  -34.334145, 0.000972594, 0.00093198227
  -34.334145, 0.000964782, 0.00093198227
  -34.334145, 0.001140552, 0.00093198227
  -34.334145, 0.00087885, 0.00093198227
  -34.334145, 0.000812448, 0.00093198227
  -34.334145, 0.000831978, 0.00093198227
  -34.334145, 0.00074214, 0.00093198227
  -34.334145, 0.000988218, 0.00093198227
  -34.334145, 0.000851508, 0.00093198227
  -34.334145, 0.001038996, 0.00093198227
  -34.334145, 0.000910098, 0.00093198227
  -34.334145, 0.000910098, 0.00093198227
  -34.334145, 0.001011654, 0.00093198227
  -34.334145, 0.00080073, 0.00093198227
  -34.334145, 0.000894474, 0.00093198227
  -34.334145, 0.000824166, 0.00093198227
  -34.334145, 0.000921816, 0.00093198227
  -34.334145, 0.001046808, 0.00093198227
  -34.334145, 0.000886662, 0.00093198227
  -34.334145, 0.000812448, 0.00093198227
  -34.334145, 0.000734328, 0.00093198227
  -34.334145, 0.000972594, 0.00093198227
  -34.334145, 0.000769482, 0.00093198227
  -34.334145, 0.001078056, 0.00093198227
  -34.334145, 0.000972594, 0.00093198227
  -34.334145, 0.00113274, 0.00093198227
  -34.334145, 0.001179612, 0.00093198227
  -34.334145, 0.0009765, 0.00093198227
  -34.334145, 0.001042902, 0.00093198227
  -34.334145, 0.000792918, 0.00093198227
  -34.334145, 0.000933534, 0.00093198227
  -34.334145, 0.000855414, 0.00093198227
  -34.334145, 0.00091791, 0.00093198227
  -34.334145, 0.000972594, 0.00093198227
  -34.334145, 0.001011654, 0.00093198227
  -34.334145, 0.001003842, 0.00093198227
  -34.334145, 0.000835884, 0.00093198227
  -34.334145, 0.00087885, 0.00093198227
  -34.334145, 0.00115227, 0.00093198227
  -34.334145, 0.001066338, 0.00093198227
  -34.334145, 0.00093744, 0.00093198227
  -34.334145, 0.000960876, 0.00093198227
  -34.334145, 0.000933534, 0.00093198227
  -34.334145, 0.000890568, 0.00093198227
  -34.334145, 0.001046808, 0.00093198227
  -34.334145, 0.00093744, 0.00093198227
  -34.334145, 0.000914004, 0.00093198227
  -34.334145, 0.000808542, 0.00093198227
  -34.334145, 0.001085868, 0.00093198227
  -34.334145, 0.000894474, 0.00093198227
  -34.334145, 0.00070308, 0.00093198227
  -34.334145, 0.000660114, 0.00093198227
  -34.334145, 0.000824166, 0.00093198227
  -34.334145, 0.001163988, 0.00093198227
  -34.334145, 0.001089774, 0.00093198227
  -34.334145, 0.00099603, 0.00093198227
  -34.334145, 0.000925722, 0.00093198227
  -34.334145, 0.00068355, 0.00093198227
  -34.334145, 0.000949158, 0.00093198227
  -34.334145, 0.00083979, 0.00093198227
  -34.334145, 0.000968688, 0.00093198227
  -34.334145, 0.001117116, 0.00093198227
  -34.334145, 0.00109368, 0.00093198227
  -34.334145, 0.000773388, 0.00093198227
  -34.334145, 0.000792918, 0.00093198227
  -34.334145, 0.001050714, 0.00093198227
  -34.334145, 0.0009765, 0.00093198227
  -34.334145, 0.001031184, 0.00093198227
  -34.334145, 0.001081962, 0.00093198227
  -34.334145, 0.000675738, 0.00093198227
  -34.334145, 0.001089774, 0.00093198227
  -34.334145, 0.00103509, 0.00093198227
  -34.334145, 0.001023372, 0.00093198227
  -34.334145, 0.00103509, 0.00093198227
  -34.334145, 0.001003842, 0.00093198227
  -34.334145, 0.001038996, 0.00093198227
  -34.334145, 0.001070244, 0.00093198227
  -34.334145, 0.000581994, 0.00093198227
  -34.334145, 0.000804636, 0.00093198227
  -34.334145, 0.000882756, 0.00093198227
  -34.334145, 0.001011654, 0.00093198227
  -34.334145, 0.000796824, 0.00093198227
  -34.334145, 0.001011654, 0.00093198227
  -34.334145, 0.0009765, 0.00093198227
  -34.32769, 0.000847602, 0.00093255169
  -34.32769, 0.00070308, 0.00093255169
  -34.32769, 0.001042902, 0.00093255169
  -34.32769, 0.001124928, 0.00093255169
  -34.32769, 0.000949158, 0.00093255169
  -34.32769, 0.001109304, 0.00093255169
  -34.32769, 0.000777294, 0.00093255169
  -34.32769, 0.000855414, 0.00093255169
  -34.32769, 0.000679644, 0.00093255169
  -34.32769, 0.000902286, 0.00093255169
  -34.32769, 0.001140552, 0.00093255169
  -34.32769, 0.001148364, 0.00093255169
  -34.32769, 0.000933534, 0.00093255169
  -34.32769, 0.000863226, 0.00093255169
  -34.32769, 0.000886662, 0.00093255169
  -34.32769, 0.000921816, 0.00093255169
  -34.32769, 0.000796824, 0.00093255169
  -34.32769, 0.000886662, 0.00093255169
  -34.32769, 0.000808542, 0.00093255169
  -34.32769, 0.000933534, 0.00093255169
  -34.32769, 0.001156176, 0.00093255169
  -34.32769, 0.000765576, 0.00093255169
  -34.32769, 0.000972594, 0.00093255169
  -34.32769, 0.001050714, 0.00093255169
  -34.32769, 0.000847602, 0.00093255169
  -34.32769, 0.000941346, 0.00093255169
  -34.32769, 0.000941346, 0.00093255169
  -34.32769, 0.0009765, 0.00093255169
  -34.32769, 0.001101492, 0.00093255169
  -34.32769, 0.001027278, 0.00093255169
  -34.32769, 0.000765576, 0.00093255169
  -34.32769, 0.001023372, 0.00093255169
  -34.32769, 0.001179612, 0.00093255169
  -34.32769, 0.000746046, 0.00093255169
  -34.32769, 0.00111321, 0.00093255169
  -34.32769, 0.00099603, 0.00093255169
  -34.32769, 0.00101556, 0.00093255169
  -34.32769, 0.000999936, 0.00093255169
  -34.32769, 0.001085868, 0.00093255169
  -34.32769, 0.000906192, 0.00093255169
  -34.32769, 0.000910098, 0.00093255169
  -34.32769, 0.00076167, 0.00093255169
  -34.32769, 0.000847602, 0.00093255169
  -34.32769, 0.000867132, 0.00093255169
  -34.32769, 0.000968688, 0.00093255169
  -34.32769, 0.0007812, 0.00093255169
  -34.32769, 0.000972594, 0.00093255169
  -34.32769, 0.00091791, 0.00093255169
  -34.32769, 0.000960876, 0.00093255169
  -34.32769, 0.000632772, 0.00093255169
  -34.32769, 0.000941346, 0.00093255169
  -34.32769, 0.001136646, 0.00093255169
  -34.32769, 0.0009765, 0.00093255169
  -34.32769, 0.0007812, 0.00093255169
  -34.32769, 0.000871038, 0.00093255169
  -34.32769, 0.000746046, 0.00093255169
  -34.32769, 0.000835884, 0.00093255169
  -34.32769, 0.001027278, 0.00093255169
  -34.32769, 0.001144458, 0.00093255169
  -34.32769, 0.00101556, 0.00093255169
  -34.32769, 0.00093744, 0.00093255169
  -34.32769, 0.001038996, 0.00093255169
  -34.32769, 0.00091791, 0.00093255169
  -34.32769, 0.000617148, 0.00093255169
  -34.32769, 0.000808542, 0.00093255169
  -34.32769, 0.000886662, 0.00093255169
  -34.32769, 0.00093744, 0.00093255169
  -34.32769, 0.000941346, 0.00093255169
  -34.32769, 0.000847602, 0.00093255169
  -34.32769, 0.001027278, 0.00093255169
  -34.32769, 0.000988218, 0.00093255169
  -34.32769, 0.000949158, 0.00093255169
  -34.32769, 0.00068355, 0.00093255169
  -34.32769, 0.001031184, 0.00093255169
  -34.32769, 0.000804636, 0.00093255169
  -34.32769, 0.000964782, 0.00093255169
  -34.32769, 0.000867132, 0.00093255169
  -34.32769, 0.001121022, 0.00093255169
  -34.32769, 0.000867132, 0.00093255169
  -34.32769, 0.000773388, 0.00093255169
  -34.32769, 0.001085868, 0.00093255169
  -34.32769, 0.000894474, 0.00093255169
  -34.32769, 0.000769482, 0.00093255169
  -34.32769, 0.000753858, 0.00093255169
  -34.32769, 0.000871038, 0.00093255169
  -34.32769, 0.000777294, 0.00093255169
  -34.32769, 0.001058526, 0.00093255169
  -34.32769, 0.00080073, 0.00093255169
  -34.32769, 0.000816354, 0.00093255169
  -34.32769, 0.001023372, 0.00093255169
  -34.32769, 0.000960876, 0.00093255169
  -34.32769, 0.000738234, 0.00093255169
  -34.32769, 0.000890568, 0.00093255169
  -34.32769, 0.001070244, 0.00093255169
  -34.32769, 0.00087885, 0.00093255169
  -34.32769, 0.001117116, 0.00093255169
  -34.32769, 0.001066338, 0.00093255169
  -34.32769, 0.000734328, 0.00093255169
  -34.32769, 0.000855414, 0.00093255169
  -34.32769, 0.00082026, 0.00093255169
  -34.32769, 0.000902286, 0.00093255169
  -34.32769, 0.000628866, 0.00093255169
  -34.32769, 0.000874944, 0.00093255169
  -34.32769, 0.00087885, 0.00093255169
  -34.32769, 0.000999936, 0.00093255169
  -34.32769, 0.00109368, 0.00093255169
  -34.32769, 0.000812448, 0.00093255169
  -34.32769, 0.001105398, 0.00093255169
  -34.32769, 0.000921816, 0.00093255169
  -34.32769, 0.000941346, 0.00093255169
  -34.32769, 0.000949158, 0.00093255169
  -34.32769, 0.000972594, 0.00093255169
  -34.32769, 0.001023372, 0.00093255169
  -34.32769, 0.000824166, 0.00093255169
  -34.32769, 0.000843696, 0.00093255169
  -34.32769, 0.00095697, 0.00093255169
  -34.32769, 0.001136646, 0.00093255169
  -34.32769, 0.001066338, 0.00093255169
  -34.32769, 0.000921816, 0.00093255169
  -34.32769, 0.000941346, 0.00093255169
  -34.32769, 0.000656208, 0.00093255169
  -34.32769, 0.000921816, 0.00093255169
  -34.32769, 0.001109304, 0.00093255169
  -34.32769, 0.00070308, 0.00093255169
  -34.32769, 0.001027278, 0.00093255169
  -34.32769, 0.000601524, 0.00093255169
  -34.32769, 0.000816354, 0.00093255169
  -34.32769, 0.000714798, 0.00093255169
  -34.32769, 0.000789012, 0.00093255169
  -34.32769, 0.000894474, 0.00093255169
  -34.32769, 0.000753858, 0.00093255169
  -34.32769, 0.000925722, 0.00093255169
  -34.32769, 0.00074214, 0.00093255169
  -34.32769, 0.000699174, 0.00093255169
  -34.32769, 0.000835884, 0.00093255169
  -34.32769, 0.00115227, 0.00093255169
  -34.32769, 0.0009765, 0.00093255169
  -34.32769, 0.001144458, 0.00093255169
  -34.32769, 0.001042902, 0.00093255169
  -34.32769, 0.000886662, 0.00093255169
  -34.32769, 0.000984312, 0.00093255169
  -34.32769, 0.000925722, 0.00093255169
  -34.32769, 0.00111321, 0.00093255169
  -34.32769, 0.001109304, 0.00093255169
  -34.32769, 0.00095697, 0.00093255169
  -34.32769, 0.001203048, 0.00093255169
  -34.32769, 0.000964782, 0.00093255169
  -34.32769, 0.000949158, 0.00093255169
  -34.32769, 0.001027278, 0.00093255169
  -34.32769, 0.001046808, 0.00093255169
  -34.32769, 0.001081962, 0.00093255169
  -34.32769, 0.000933534, 0.00093255169
  -34.32769, 0.000894474, 0.00093255169
  -34.32769, 0.000835884, 0.00093255169
  -34.32769, 0.000945252, 0.00093255169
  -34.32769, 0.000953064, 0.00093255169
  -34.32769, 0.00076167, 0.00093255169
  -34.32769, 0.000980406, 0.00093255169
  -34.32769, 0.000714798, 0.00093255169
  -34.32769, 0.00103509, 0.00093255169
  -34.32769, 0.000796824, 0.00093255169
  -34.32769, 0.000871038, 0.00093255169
  -34.32769, 0.001070244, 0.00093255169
  -34.32769, 0.000714798, 0.00093255169
  -34.32769, 0.000933534, 0.00093255169
  -34.32769, 0.000847602, 0.00093255169
  -34.32769, 0.000894474, 0.00093255169
  -34.32769, 0.001136646, 0.00093255169
  -34.32769, 0.001242108, 0.00093255169
  -34.32769, 0.001144458, 0.00093255169
  -34.32769, 0.00113274, 0.00093255169
  -34.32769, 0.000730422, 0.00093255169
  -34.32769, 0.00113274, 0.00093255169
  -34.32769, 0.000835884, 0.00093255169
  -34.32769, 0.00091791, 0.00093255169
  -34.32769, 0.001003842, 0.00093255169
  -34.32769, 0.001062432, 0.00093255169
  -34.32769, 0.000902286, 0.00093255169
  -34.32769, 0.001062432, 0.00093255169
  -34.32769, 0.00101556, 0.00093255169
  -34.32769, 0.000777294, 0.00093255169
  -34.32769, 0.00089838, 0.00093255169
  -34.32769, 0.00107415, 0.00093255169
  -34.32769, 0.0009765, 0.00093255169
  -34.32769, 0.000992124, 0.00093255169
  -34.32769, 0.000949158, 0.00093255169
  -34.32769, 0.000726516, 0.00093255169
  -34.32769, 0.00087885, 0.00093255169
  -34.32769, 0.001058526, 0.00093255169
  -34.32769, 0.000667926, 0.00093255169
  -34.32769, 0.000706986, 0.00093255169
  -34.32769, 0.001163988, 0.00093255169
  -34.32769, 0.000988218, 0.00093255169
  -34.32769, 0.000792918, 0.00093255169
  -34.32769, 0.00111321, 0.00093255169
  -34.32769, 0.000601524, 0.00093255169
  -34.32769, 0.000753858, 0.00093255169
  -34.32769, 0.000777294, 0.00093255169
  -34.32769, 0.000687456, 0.00093255169
  -34.32769, 0.00101556, 0.00093255169
  -34.32769, 0.001081962, 0.00093255169
  -34.32769, 0.000828072, 0.00093255169
  -34.32769, 0.000734328, 0.00093255169
  -34.32769, 0.000570276, 0.00093255169
  -34.32769, 0.000902286, 0.00093255169
  -34.32769, 0.000964782, 0.00093255169
  -34.32769, 0.001062432, 0.00093255169
  -34.32769, 0.001023372, 0.00093255169
  -34.32769, 0.00123039, 0.00093255169
  -34.32769, 0.001050714, 0.00093255169
  -34.32769, 0.00107415, 0.00093255169
  -34.32769, 0.001081962, 0.00093255169
  -34.32769, 0.00091791, 0.00093255169
  -34.32769, 0.000808542, 0.00093255169
  -34.32769, 0.00105462, 0.00093255169
  -34.32769, 0.000968688, 0.00093255169
  -34.32769, 0.000980406, 0.00093255169
  -34.32769, 0.00101556, 0.00093255169
  -34.32769, 0.001089774, 0.00093255169
  -34.32769, 0.000867132, 0.00093255169
  -34.32769, 0.000894474, 0.00093255169
  -34.32769, 0.001023372, 0.00093255169
  -34.32769, 0.001066338, 0.00093255169
  -34.32769, 0.00099603, 0.00093255169
  -34.32769, 0.000925722, 0.00093255169
  -34.32769, 0.00095697, 0.00093255169
  -34.32769, 0.00099603, 0.00093255169
  -34.32769, 0.001062432, 0.00093255169
  -34.32769, 0.000773388, 0.00093255169
  -34.32769, 0.00107415, 0.00093255169
  -34.32769, 0.000972594, 0.00093255169
  -34.32769, 0.000984312, 0.00093255169
  -34.32769, 0.001140552, 0.00093255169
  -34.32769, 0.00103509, 0.00093255169
  -34.32769, 0.00093744, 0.00093255169
  -34.32769, 0.00105462, 0.00093255169
  -34.32769, 0.00085932, 0.00093255169
  -34.32769, 0.000886662, 0.00093255169
  -34.32769, 0.000980406, 0.00093255169
  -34.32769, 0.00107415, 0.00093255169
  -34.32769, 0.000886662, 0.00093255169
  -34.32769, 0.000874944, 0.00093255169
  -34.32769, 0.00105462, 0.00093255169
  -34.32769, 0.001023372, 0.00093255169
  -34.32769, 0.001038996, 0.00093255169
  -34.32769, 0.0009765, 0.00093255169
  -34.32769, 0.00070308, 0.00093255169
  -34.32769, 0.000933534, 0.00093255169
  -34.32769, 0.000831978, 0.00093255169
  -34.32769, 0.000816354, 0.00093255169
  -34.32769, 0.000695268, 0.00093255169
  -34.32769, 0.000824166, 0.00093255169
  -34.32769, 0.001027278, 0.00093255169
  -34.32769, 0.000874944, 0.00093255169
  -34.32769, 0.000773388, 0.00093255169
  -34.32769, 0.000945252, 0.00093255169
  -34.32769, 0.001007748, 0.00093255169
  -34.32769, 0.000925722, 0.00093255169
  -34.32769, 0.00091791, 0.00093255169
  -34.32769, 0.001050714, 0.00093255169
  -34.32769, 0.000999936, 0.00093255169
  -34.32769, 0.000812448, 0.00093255169
  -34.32769, 0.001046808, 0.00093255169
  -34.32769, 0.001027278, 0.00093255169
  -34.32769, 0.000882756, 0.00093255169
  -34.32769, 0.000921816, 0.00093255169
  -34.32769, 0.000796824, 0.00093255169
  -34.32769, 0.00066402, 0.00093255169
  -34.32769, 0.0007812, 0.00093255169
  -34.32769, 0.000953064, 0.00093255169
  -34.32769, 0.00085932, 0.00093255169
  -34.32769, 0.00113274, 0.00093255169
  -34.321235, 0.000972594, 0.0009331213
  -34.321235, 0.001011654, 0.0009331213
  -34.321235, 0.000960876, 0.0009331213
  -34.321235, 0.000945252, 0.0009331213
  -34.321235, 0.000808542, 0.0009331213
  -34.321235, 0.000863226, 0.0009331213
  -34.321235, 0.001027278, 0.0009331213
  -34.321235, 0.000941346, 0.0009331213
  -34.321235, 0.000792918, 0.0009331213
  -34.321235, 0.000746046, 0.0009331213
  -34.321235, 0.000796824, 0.0009331213
  -34.321235, 0.001031184, 0.0009331213
  -34.321235, 0.000972594, 0.0009331213
  -34.321235, 0.00074214, 0.0009331213
  -34.321235, 0.000945252, 0.0009331213
  -34.321235, 0.000984312, 0.0009331213
  -34.321235, 0.0005859, 0.0009331213
  -34.321235, 0.000851508, 0.0009331213
  -34.321235, 0.000980406, 0.0009331213
  -34.321235, 0.001023372, 0.0009331213
  -34.321235, 0.000757764, 0.0009331213
  -34.321235, 0.000972594, 0.0009331213
  -34.321235, 0.00087885, 0.0009331213
  -34.321235, 0.00101556, 0.0009331213
  -34.321235, 0.000874944, 0.0009331213
  -34.321235, 0.000831978, 0.0009331213
  -34.321235, 0.000863226, 0.0009331213
  -34.321235, 0.0009765, 0.0009331213
  -34.321235, 0.001078056, 0.0009331213
  -34.321235, 0.000980406, 0.0009331213
  -34.321235, 0.000714798, 0.0009331213
  -34.321235, 0.000808542, 0.0009331213
  -34.321235, 0.00091791, 0.0009331213
  -34.321235, 0.001128834, 0.0009331213
  -34.321235, 0.00101556, 0.0009331213
  -34.321235, 0.00093744, 0.0009331213
  -34.321235, 0.00083979, 0.0009331213
  -34.321235, 0.000667926, 0.0009331213
  -34.321235, 0.001081962, 0.0009331213
  -34.321235, 0.001070244, 0.0009331213
  -34.321235, 0.000902286, 0.0009331213
  -34.321235, 0.00076167, 0.0009331213
  -34.321235, 0.001456938, 0.0009331213
  -34.321235, 0.000910098, 0.0009331213
  -34.321235, 0.000902286, 0.0009331213
  -34.321235, 0.000929628, 0.0009331213
  -34.321235, 0.000804636, 0.0009331213
  -34.321235, 0.000835884, 0.0009331213
  -34.321235, 0.000953064, 0.0009331213
  -34.321235, 0.000960876, 0.0009331213
  -34.321235, 0.000824166, 0.0009331213
  -34.321235, 0.000988218, 0.0009331213
  -34.321235, 0.000855414, 0.0009331213
  -34.321235, 0.0009765, 0.0009331213
  -34.321235, 0.00082026, 0.0009331213
  -34.321235, 0.000734328, 0.0009331213
  -34.321235, 0.001105398, 0.0009331213
  -34.321235, 0.001023372, 0.0009331213
  -34.321235, 0.000999936, 0.0009331213
  -34.321235, 0.001019466, 0.0009331213
  -34.321235, 0.001140552, 0.0009331213
  -34.321235, 0.000972594, 0.0009331213
  -34.321235, 0.000777294, 0.0009331213
  -34.321235, 0.00048825, 0.0009331213
  -34.321235, 0.001050714, 0.0009331213
  -34.321235, 0.000738234, 0.0009331213
  -34.321235, 0.000992124, 0.0009331213
  -34.321235, 0.000914004, 0.0009331213
  -34.321235, 0.000714798, 0.0009331213
  -34.321235, 0.00093744, 0.0009331213
  -34.321235, 0.000882756, 0.0009331213
  -34.321235, 0.000988218, 0.0009331213
  -34.321235, 0.000871038, 0.0009331213
  -34.321235, 0.000941346, 0.0009331213
  -34.321235, 0.000910098, 0.0009331213
  -34.321235, 0.000992124, 0.0009331213
  -34.321235, 0.001144458, 0.0009331213
  -34.321235, 0.000628866, 0.0009331213
  -34.321235, 0.0007812, 0.0009331213
  -34.321235, 0.000988218, 0.0009331213
  -34.321235, 0.000894474, 0.0009331213
  -34.321235, 0.000906192, 0.0009331213
  -34.321235, 0.000902286, 0.0009331213
  -34.321235, 0.000808542, 0.0009331213
  -34.321235, 0.000964782, 0.0009331213
  -34.321235, 0.000835884, 0.0009331213
  -34.321235, 0.000945252, 0.0009331213
  -34.321235, 0.00062496, 0.0009331213
  -34.321235, 0.00080073, 0.0009331213
  -34.321235, 0.000910098, 0.0009331213
  -34.321235, 0.00068355, 0.0009331213
  -34.321235, 0.000710892, 0.0009331213
  -34.321235, 0.000933534, 0.0009331213
  -34.321235, 0.000964782, 0.0009331213
  -34.321235, 0.00093744, 0.0009331213
  -34.321235, 0.000824166, 0.0009331213
  -34.321235, 0.000765576, 0.0009331213
  -34.321235, 0.001214766, 0.0009331213
  -34.321235, 0.000902286, 0.0009331213
  -34.321235, 0.00099603, 0.0009331213
  -34.321235, 0.001038996, 0.0009331213
  -34.321235, 0.00080073, 0.0009331213
  -34.321235, 0.000847602, 0.0009331213
  -34.321235, 0.001066338, 0.0009331213
  -34.321235, 0.000871038, 0.0009331213
  -34.321235, 0.001078056, 0.0009331213
  -34.321235, 0.001046808, 0.0009331213
  -34.321235, 0.001078056, 0.0009331213
  -34.321235, 0.000593712, 0.0009331213
  -34.321235, 0.00080073, 0.0009331213
  -34.321235, 0.000871038, 0.0009331213
  -34.321235, 0.001167894, 0.0009331213
  -34.321235, 0.000749952, 0.0009331213
  -34.321235, 0.000999936, 0.0009331213
  -34.321235, 0.001109304, 0.0009331213
  -34.321235, 0.000601524, 0.0009331213
  -34.321235, 0.001011654, 0.0009331213
  -34.321235, 0.001265544, 0.0009331213
  -34.321235, 0.000847602, 0.0009331213
  -34.321235, 0.001038996, 0.0009331213
  -34.321235, 0.000777294, 0.0009331213
  -34.321235, 0.000812448, 0.0009331213
  -34.321235, 0.001144458, 0.0009331213
  -34.321235, 0.000777294, 0.0009331213
  -34.321235, 0.001144458, 0.0009331213
  -34.321235, 0.00126945, 0.0009331213
  -34.321235, 0.001046808, 0.0009331213
  -34.321235, 0.000894474, 0.0009331213
  -34.321235, 0.000882756, 0.0009331213
  -34.321235, 0.000765576, 0.0009331213
  -34.321235, 0.000988218, 0.0009331213
  -34.321235, 0.000894474, 0.0009331213
  -34.321235, 0.001031184, 0.0009331213
  -34.321235, 0.000925722, 0.0009331213
  -34.321235, 0.00093744, 0.0009331213
  -34.321235, 0.000687456, 0.0009331213
  -34.321235, 0.001117116, 0.0009331213
  -34.321235, 0.001050714, 0.0009331213
  -34.321235, 0.000894474, 0.0009331213
  -34.321235, 0.000789012, 0.0009331213
  -34.321235, 0.000968688, 0.0009331213
  -34.321235, 0.000867132, 0.0009331213
  -34.321235, 0.001050714, 0.0009331213
  -34.321235, 0.000945252, 0.0009331213
  -34.321235, 0.000757764, 0.0009331213
  -34.321235, 0.001007748, 0.0009331213
  -34.321235, 0.000992124, 0.0009331213
  -34.321235, 0.000867132, 0.0009331213
  -34.321235, 0.000968688, 0.0009331213
  -34.321235, 0.000691362, 0.0009331213
  -34.321235, 0.00093744, 0.0009331213
  -34.321235, 0.00082026, 0.0009331213
  -34.321235, 0.00080073, 0.0009331213
  -34.321235, 0.0011718, 0.0009331213
  -34.321235, 0.001019466, 0.0009331213
  -34.321235, 0.000769482, 0.0009331213
  -34.321235, 0.00070308, 0.0009331213
  -34.321235, 0.001003842, 0.0009331213
  -34.321235, 0.000941346, 0.0009331213
  -34.321235, 0.000988218, 0.0009331213
  -34.321235, 0.000921816, 0.0009331213
  -34.321235, 0.001109304, 0.0009331213
  -34.321235, 0.00101556, 0.0009331213
  -34.321235, 0.00089838, 0.0009331213
  -34.321235, 0.000812448, 0.0009331213
  -34.321235, 0.00113274, 0.0009331213
  -34.321235, 0.000941346, 0.0009331213
  -34.321235, 0.001019466, 0.0009331213
  -34.321235, 0.000863226, 0.0009331213
  -34.321235, 0.000808542, 0.0009331213
  -34.321235, 0.000925722, 0.0009331213
  -34.321235, 0.00087885, 0.0009331213
  -34.321235, 0.001121022, 0.0009331213
  -34.321235, 0.000984312, 0.0009331213
  -34.321235, 0.000792918, 0.0009331213
  -34.321235, 0.000816354, 0.0009331213
  -34.321235, 0.00087885, 0.0009331213
  -34.321235, 0.000968688, 0.0009331213
  -34.321235, 0.000886662, 0.0009331213
  -34.321235, 0.001105398, 0.0009331213
  -34.321235, 0.000824166, 0.0009331213
  -34.321235, 0.001050714, 0.0009331213
  -34.321235, 0.000972594, 0.0009331213
  -34.321235, 0.001257732, 0.0009331213
  -34.321235, 0.000675738, 0.0009331213
  -34.321235, 0.001097586, 0.0009331213
  -34.321235, 0.000972594, 0.0009331213
  -34.321235, 0.000867132, 0.0009331213
  -34.321235, 0.001031184, 0.0009331213
  -34.321235, 0.000796824, 0.0009331213
  -34.321235, 0.001042902, 0.0009331213
  -34.321235, 0.001007748, 0.0009331213
  -34.321235, 0.000847602, 0.0009331213
  -34.321235, 0.000902286, 0.0009331213
  -34.321235, 0.00082026, 0.0009331213
  -34.321235, 0.001085868, 0.0009331213
  -34.321235, 0.00103509, 0.0009331213
  -34.321235, 0.00093744, 0.0009331213
  -34.321235, 0.000890568, 0.0009331213
  -34.321235, 0.000964782, 0.0009331213
  -34.321235, 0.000964782, 0.0009331213
  -34.321235, 0.00085932, 0.0009331213
  -34.321235, 0.000726516, 0.0009331213
  -34.321235, 0.000769482, 0.0009331213
  -34.321235, 0.000863226, 0.0009331213
  -34.321235, 0.001128834, 0.0009331213
  -34.321235, 0.000746046, 0.0009331213
  -34.321235, 0.001038996, 0.0009331213
  -34.321235, 0.000894474, 0.0009331213
  -34.321235, 0.000871038, 0.0009331213
  -34.321235, 0.000992124, 0.0009331213
  -34.321235, 0.000831978, 0.0009331213
  -34.321235, 0.001163988, 0.0009331213
  -34.321235, 0.000679644, 0.0009331213
  -34.321235, 0.001089774, 0.0009331213
  -34.321235, 0.000972594, 0.0009331213
  -34.321235, 0.00103509, 0.0009331213
  -34.321235, 0.00109368, 0.0009331213
  -34.321235, 0.000749952, 0.0009331213
  -34.321235, 0.000753858, 0.0009331213
  -34.321235, 0.0007812, 0.0009331213
  -34.321235, 0.000773388, 0.0009331213
  -34.321235, 0.0007812, 0.0009331213
  -34.321235, 0.00087885, 0.0009331213
  -34.321235, 0.001085868, 0.0009331213
  -34.321235, 0.00082026, 0.0009331213
  -34.321235, 0.000964782, 0.0009331213
  -34.321235, 0.000882756, 0.0009331213
  -34.321235, 0.001031184, 0.0009331213
  -34.321235, 0.001124928, 0.0009331213
  -34.321235, 0.000749952, 0.0009331213
  -34.321235, 0.000999936, 0.0009331213
  -34.321235, 0.00087885, 0.0009331213
  -34.321235, 0.00093744, 0.0009331213
  -34.321235, 0.000628866, 0.0009331213
  -34.321235, 0.001003842, 0.0009331213
  -34.321235, 0.000945252, 0.0009331213
  -34.321235, 0.000706986, 0.0009331213
  -34.321235, 0.000906192, 0.0009331213
  -34.321235, 0.00085932, 0.0009331213
  -34.321235, 0.001031184, 0.0009331213
  -34.321235, 0.001042902, 0.0009331213
  -34.321235, 0.000999936, 0.0009331213
  -34.321235, 0.00089838, 0.0009331213
  -34.321235, 0.000773388, 0.0009331213
  -34.321235, 0.000792918, 0.0009331213
  -34.321235, 0.001144458, 0.0009331213
  -34.321235, 0.00091791, 0.0009331213
  -34.321235, 0.000749952, 0.0009331213
  -34.321235, 0.001121022, 0.0009331213
  -34.321235, 0.000847602, 0.0009331213
  -34.321235, 0.000902286, 0.0009331213
  -34.321235, 0.000890568, 0.0009331213
  -34.321235, 0.000675738, 0.0009331213
  -34.321235, 0.001038996, 0.0009331213
  -34.321235, 0.00080073, 0.0009331213
  -34.321235, 0.001003842, 0.0009331213
  -34.31478, 0.00103509, 0.00093369111
  -34.31478, 0.000640584, 0.00093369111
  -34.31478, 0.000753858, 0.00093369111
  -34.31478, 0.000777294, 0.00093369111
  -34.31478, 0.000890568, 0.00093369111
  -34.31478, 0.000824166, 0.00093369111
  -34.31478, 0.00074214, 0.00093369111
  -34.31478, 0.000941346, 0.00093369111
  -34.31478, 0.000699174, 0.00093369111
  -34.31478, 0.000792918, 0.00093369111
  -34.31478, 0.000874944, 0.00093369111
  -34.31478, 0.000882756, 0.00093369111
  -34.31478, 0.000933534, 0.00093369111
  -34.31478, 0.000988218, 0.00093369111
  -34.31478, 0.001003842, 0.00093369111
  -34.31478, 0.001300698, 0.00093369111
  -34.31478, 0.001117116, 0.00093369111
  -34.31478, 0.000949158, 0.00093369111
  -34.31478, 0.000785106, 0.00093369111
  -34.31478, 0.000988218, 0.00093369111
  -34.31478, 0.000789012, 0.00093369111
  -34.31478, 0.000933534, 0.00093369111
  -34.31478, 0.000882756, 0.00093369111
  -34.31478, 0.00099603, 0.00093369111
  -34.31478, 0.000910098, 0.00093369111
  -34.31478, 0.001003842, 0.00093369111
  -34.31478, 0.000984312, 0.00093369111
  -34.31478, 0.000933534, 0.00093369111
  -34.31478, 0.000964782, 0.00093369111
  -34.31478, 0.000675738, 0.00093369111
  -34.31478, 0.001027278, 0.00093369111
  -34.31478, 0.00076167, 0.00093369111
  -34.31478, 0.001058526, 0.00093369111
  -34.31478, 0.001078056, 0.00093369111
  -34.31478, 0.000933534, 0.00093369111
  -34.31478, 0.001085868, 0.00093369111
  -34.31478, 0.001042902, 0.00093369111
  -34.31478, 0.00087885, 0.00093369111
  -34.31478, 0.000882756, 0.00093369111
  -34.31478, 0.000882756, 0.00093369111
  -34.31478, 0.00103509, 0.00093369111
  -34.31478, 0.00080073, 0.00093369111
  -34.31478, 0.001136646, 0.00093369111
  -34.31478, 0.001390536, 0.00093369111
  -34.31478, 0.000589806, 0.00093369111
  -34.31478, 0.000910098, 0.00093369111
  -34.31478, 0.00105462, 0.00093369111
  -34.31478, 0.00099603, 0.00093369111
  -34.31478, 0.000855414, 0.00093369111
  -34.31478, 0.001222578, 0.00093369111
  -34.31478, 0.000902286, 0.00093369111
  -34.31478, 0.00095697, 0.00093369111
  -34.31478, 0.001011654, 0.00093369111
  -34.31478, 0.000914004, 0.00093369111
  -34.31478, 0.001246014, 0.00093369111
  -34.31478, 0.000808542, 0.00093369111
  -34.31478, 0.000882756, 0.00093369111
  -34.31478, 0.001304604, 0.00093369111
  -34.31478, 0.00101556, 0.00093369111
  -34.31478, 0.0009765, 0.00093369111
  -34.31478, 0.000906192, 0.00093369111
  -34.31478, 0.000992124, 0.00093369111
  -34.31478, 0.000863226, 0.00093369111
  -34.31478, 0.001066338, 0.00093369111
  -34.31478, 0.001140552, 0.00093369111
  -34.31478, 0.001085868, 0.00093369111
  -34.31478, 0.00109368, 0.00093369111
  -34.31478, 0.000972594, 0.00093369111
  -34.31478, 0.000843696, 0.00093369111
  -34.31478, 0.00101556, 0.00093369111
  -34.31478, 0.000988218, 0.00093369111
  -34.31478, 0.000992124, 0.00093369111
  -34.31478, 0.000929628, 0.00093369111
  -34.31478, 0.00132804, 0.00093369111
  -34.31478, 0.0011718, 0.00093369111
  -34.31478, 0.00080073, 0.00093369111
  -34.31478, 0.000910098, 0.00093369111
  -34.31478, 0.000667926, 0.00093369111
  -34.31478, 0.000871038, 0.00093369111
  -34.31478, 0.000789012, 0.00093369111
  -34.31478, 0.000968688, 0.00093369111
  -34.31478, 0.000656208, 0.00093369111
  -34.31478, 0.000660114, 0.00093369111
  -34.31478, 0.001062432, 0.00093369111
  -34.31478, 0.00074214, 0.00093369111
  -34.31478, 0.001214766, 0.00093369111
  -34.31478, 0.000933534, 0.00093369111
  -34.31478, 0.00074214, 0.00093369111
  -34.31478, 0.000964782, 0.00093369111
  -34.31478, 0.000945252, 0.00093369111
  -34.31478, 0.001085868, 0.00093369111
  -34.31478, 0.000816354, 0.00093369111
  -34.31478, 0.000953064, 0.00093369111
  -34.31478, 0.000871038, 0.00093369111
  -34.31478, 0.00105462, 0.00093369111
  -34.31478, 0.000992124, 0.00093369111
  -34.31478, 0.00101556, 0.00093369111
  -34.31478, 0.000941346, 0.00093369111
  -34.31478, 0.001062432, 0.00093369111
  -34.31478, 0.000851508, 0.00093369111
  -34.31478, 0.001238202, 0.00093369111
  -34.31478, 0.000921816, 0.00093369111
  -34.31478, 0.000851508, 0.00093369111
  -34.31478, 0.001019466, 0.00093369111
  -34.31478, 0.0009765, 0.00093369111
  -34.31478, 0.00111321, 0.00093369111
  -34.31478, 0.000980406, 0.00093369111
  -34.31478, 0.000718704, 0.00093369111
  -34.31478, 0.000765576, 0.00093369111
  -34.31478, 0.000886662, 0.00093369111
  -34.31478, 0.000988218, 0.00093369111
  -34.31478, 0.0007812, 0.00093369111
  -34.31478, 0.000906192, 0.00093369111
  -34.31478, 0.000906192, 0.00093369111
  -34.31478, 0.000968688, 0.00093369111
  -34.31478, 0.000894474, 0.00093369111
  -34.31478, 0.00076167, 0.00093369111
  -34.31478, 0.0009765, 0.00093369111
  -34.31478, 0.000855414, 0.00093369111
  -34.31478, 0.001136646, 0.00093369111
  -34.31478, 0.000804636, 0.00093369111
  -34.31478, 0.000855414, 0.00093369111
  -34.31478, 0.000894474, 0.00093369111
  -34.31478, 0.001003842, 0.00093369111
  -34.31478, 0.001031184, 0.00093369111
  -34.31478, 0.000960876, 0.00093369111
  -34.31478, 0.001019466, 0.00093369111
  -34.31478, 0.000960876, 0.00093369111
  -34.31478, 0.00095697, 0.00093369111
  -34.31478, 0.00072261, 0.00093369111
  -34.31478, 0.00093744, 0.00093369111
  -34.31478, 0.001097586, 0.00093369111
  -34.31478, 0.001140552, 0.00093369111
  -34.31478, 0.001058526, 0.00093369111
  -34.31478, 0.000941346, 0.00093369111
  -34.31478, 0.00093744, 0.00093369111
  -34.31478, 0.001156176, 0.00093369111
  -34.31478, 0.000824166, 0.00093369111
  -34.31478, 0.000906192, 0.00093369111
  -34.31478, 0.000886662, 0.00093369111
  -34.31478, 0.00105462, 0.00093369111
  -34.31478, 0.000835884, 0.00093369111
  -34.31478, 0.00085932, 0.00093369111
  -34.31478, 0.00105462, 0.00093369111
  -34.31478, 0.001085868, 0.00093369111
  -34.31478, 0.000871038, 0.00093369111
  -34.31478, 0.000949158, 0.00093369111
  -34.31478, 0.000925722, 0.00093369111
  -34.31478, 0.000964782, 0.00093369111
  -34.31478, 0.000882756, 0.00093369111
  -34.31478, 0.000890568, 0.00093369111
  -34.31478, 0.000964782, 0.00093369111
  -34.31478, 0.000867132, 0.00093369111
  -34.31478, 0.000874944, 0.00093369111
  -34.31478, 0.000824166, 0.00093369111
  -34.31478, 0.000706986, 0.00093369111
  -34.31478, 0.000988218, 0.00093369111
  -34.31478, 0.000828072, 0.00093369111
  -34.31478, 0.000999936, 0.00093369111
  -34.31478, 0.001003842, 0.00093369111
  -34.31478, 0.000851508, 0.00093369111
  -34.31478, 0.001042902, 0.00093369111
  -34.31478, 0.001011654, 0.00093369111
  -34.31478, 0.000773388, 0.00093369111
  -34.31478, 0.000910098, 0.00093369111
  -34.31478, 0.000757764, 0.00093369111
  -34.31478, 0.000812448, 0.00093369111
  -34.31478, 0.00095697, 0.00093369111
  -34.31478, 0.000808542, 0.00093369111
  -34.31478, 0.000960876, 0.00093369111
  -34.31478, 0.000765576, 0.00093369111
  -34.31478, 0.001038996, 0.00093369111
  -34.31478, 0.000914004, 0.00093369111
  -34.31478, 0.000960876, 0.00093369111
  -34.31478, 0.000890568, 0.00093369111
  -34.31478, 0.000890568, 0.00093369111
  -34.31478, 0.000785106, 0.00093369111
  -34.31478, 0.001206954, 0.00093369111
  -34.31478, 0.000777294, 0.00093369111
  -34.31478, 0.000699174, 0.00093369111
  -34.31478, 0.000816354, 0.00093369111
  -34.31478, 0.001062432, 0.00093369111
  -34.31478, 0.000960876, 0.00093369111
  -34.31478, 0.000785106, 0.00093369111
  -34.31478, 0.00089838, 0.00093369111
  -34.31478, 0.000796824, 0.00093369111
  -34.31478, 0.000906192, 0.00093369111
  -34.31478, 0.00070308, 0.00093369111
  -34.31478, 0.000999936, 0.00093369111
  -34.31478, 0.000914004, 0.00093369111
  -34.31478, 0.000808542, 0.00093369111
  -34.31478, 0.000999936, 0.00093369111
  -34.31478, 0.001163988, 0.00093369111
  -34.31478, 0.00095697, 0.00093369111
  -34.31478, 0.000835884, 0.00093369111
  -34.31478, 0.00107415, 0.00093369111
  -34.31478, 0.00083979, 0.00093369111
  -34.31478, 0.000652302, 0.00093369111
  -34.31478, 0.000882756, 0.00093369111
  -34.31478, 0.000902286, 0.00093369111
  -34.31478, 0.001038996, 0.00093369111
  -34.31478, 0.000874944, 0.00093369111
  -34.31478, 0.000730422, 0.00093369111
  -34.31478, 0.000968688, 0.00093369111
  -34.31478, 0.001078056, 0.00093369111
  -34.31478, 0.000886662, 0.00093369111
  -34.31478, 0.00111321, 0.00093369111
  -34.31478, 0.001097586, 0.00093369111
  -34.31478, 0.0009765, 0.00093369111
  -34.31478, 0.000980406, 0.00093369111
  -34.31478, 0.000941346, 0.00093369111
  -34.31478, 0.000964782, 0.00093369111
  -34.31478, 0.000999936, 0.00093369111
  -34.31478, 0.001121022, 0.00093369111
  -34.31478, 0.001066338, 0.00093369111
  -34.31478, 0.000902286, 0.00093369111
  -34.31478, 0.000941346, 0.00093369111
  -34.31478, 0.000999936, 0.00093369111
  -34.31478, 0.001023372, 0.00093369111
  -34.31478, 0.00109368, 0.00093369111
  -34.31478, 0.000984312, 0.00093369111
  -34.31478, 0.000894474, 0.00093369111
  -34.31478, 0.000871038, 0.00093369111
  -34.31478, 0.000871038, 0.00093369111
  -34.31478, 0.000964782, 0.00093369111
  -34.31478, 0.00089838, 0.00093369111
  -34.31478, 0.00080073, 0.00093369111
  -34.31478, 0.000734328, 0.00093369111
  -34.31478, 0.000941346, 0.00093369111
  -34.31478, 0.000867132, 0.00093369111
  -34.31478, 0.000831978, 0.00093369111
  -34.31478, 0.001097586, 0.00093369111
  -34.31478, 0.00080073, 0.00093369111
  -34.31478, 0.000972594, 0.00093369111
  -34.31478, 0.000749952, 0.00093369111
  -34.31478, 0.00091791, 0.00093369111
  -34.31478, 0.001019466, 0.00093369111
  -34.31478, 0.000886662, 0.00093369111
  -34.31478, 0.001097586, 0.00093369111
  -34.31478, 0.00123039, 0.00093369111
  -34.31478, 0.00085932, 0.00093369111
  -34.31478, 0.000843696, 0.00093369111
  -34.31478, 0.00074214, 0.00093369111
  -34.31478, 0.00111321, 0.00093369111
  -34.31478, 0.000949158, 0.00093369111
  -34.31478, 0.000699174, 0.00093369111
  -34.31478, 0.001109304, 0.00093369111
  -34.31478, 0.0007812, 0.00093369111
  -34.31478, 0.000890568, 0.00093369111
  -34.31478, 0.001027278, 0.00093369111
  -34.31478, 0.000964782, 0.00093369111
  -34.31478, 0.001066338, 0.00093369111
  -34.31478, 0.000746046, 0.00093369111
  -34.31478, 0.00109368, 0.00093369111
  -34.31478, 0.000789012, 0.00093369111
  -34.31478, 0.000953064, 0.00093369111
  -34.31478, 0.001011654, 0.00093369111
  -34.31478, 0.000972594, 0.00093369111
  -34.31478, 0.000660114, 0.00093369111
  -34.31478, 0.001062432, 0.00093369111
  -34.31478, 0.00089838, 0.00093369111
  -34.31478, 0.000851508, 0.00093369111
  -34.31478, 0.000574182, 0.00093369111
  -34.31478, 0.00105462, 0.00093369111
  -34.31478, 0.000972594, 0.00093369111
  -34.31478, 0.00074214, 0.00093369111
  -34.31478, 0.000999936, 0.00093369111
  -34.31478, 0.001046808, 0.00093369111
  -34.31478, 0.000874944, 0.00093369111
  -34.31478, 0.000992124, 0.00093369111
  -34.31478, 0.000824166, 0.00093369111
  -34.308325, 0.000749952, 0.00093426111
  -34.308325, 0.001007748, 0.00093426111
  -34.308325, 0.001187424, 0.00093426111
  -34.308325, 0.000933534, 0.00093426111
  -34.308325, 0.00103509, 0.00093426111
  -34.308325, 0.000816354, 0.00093426111
  -34.308325, 0.000718704, 0.00093426111
  -34.308325, 0.001046808, 0.00093426111
  -34.308325, 0.000914004, 0.00093426111
  -34.308325, 0.000992124, 0.00093426111
  -34.308325, 0.00089838, 0.00093426111
  -34.308325, 0.000906192, 0.00093426111
  -34.308325, 0.000890568, 0.00093426111
  -34.308325, 0.000949158, 0.00093426111
  -34.308325, 0.00128898, 0.00093426111
  -34.308325, 0.000675738, 0.00093426111
  -34.308325, 0.000656208, 0.00093426111
  -34.308325, 0.00085932, 0.00093426111
  -34.308325, 0.000796824, 0.00093426111
  -34.308325, 0.0007812, 0.00093426111
  -34.308325, 0.000714798, 0.00093426111
  -34.308325, 0.0009765, 0.00093426111
  -34.308325, 0.000476532, 0.00093426111
  -34.308325, 0.000785106, 0.00093426111
  -34.308325, 0.001011654, 0.00093426111
  -34.308325, 0.001058526, 0.00093426111
  -34.308325, 0.00101556, 0.00093426111
  -34.308325, 0.00083979, 0.00093426111
  -34.308325, 0.000816354, 0.00093426111
  -34.308325, 0.001042902, 0.00093426111
  -34.308325, 0.000757764, 0.00093426111
  -34.308325, 0.000999936, 0.00093426111
  -34.308325, 0.000757764, 0.00093426111
  -34.308325, 0.001031184, 0.00093426111
  -34.308325, 0.001078056, 0.00093426111
  -34.308325, 0.001050714, 0.00093426111
  -34.308325, 0.000652302, 0.00093426111
  -34.308325, 0.001163988, 0.00093426111
  -34.308325, 0.001089774, 0.00093426111
  -34.308325, 0.000734328, 0.00093426111
  -34.308325, 0.001019466, 0.00093426111
  -34.308325, 0.000648396, 0.00093426111
  -34.308325, 0.000699174, 0.00093426111
  -34.308325, 0.001156176, 0.00093426111
  -34.308325, 0.000726516, 0.00093426111
  -34.308325, 0.000984312, 0.00093426111
  -34.308325, 0.000941346, 0.00093426111
  -34.308325, 0.000855414, 0.00093426111
  -34.308325, 0.001042902, 0.00093426111
  -34.308325, 0.000914004, 0.00093426111
  -34.308325, 0.000777294, 0.00093426111
  -34.308325, 0.000863226, 0.00093426111
  -34.308325, 0.001046808, 0.00093426111
  -34.308325, 0.000886662, 0.00093426111
  -34.308325, 0.00107415, 0.00093426111
  -34.308325, 0.000785106, 0.00093426111
  -34.308325, 0.001187424, 0.00093426111
  -34.308325, 0.000984312, 0.00093426111
  -34.308325, 0.00076167, 0.00093426111
  -34.308325, 0.001156176, 0.00093426111
  -34.308325, 0.000964782, 0.00093426111
  -34.308325, 0.00083979, 0.00093426111
  -34.308325, 0.001136646, 0.00093426111
  -34.308325, 0.000886662, 0.00093426111
  -34.308325, 0.000933534, 0.00093426111
  -34.308325, 0.001070244, 0.00093426111
  -34.308325, 0.000933534, 0.00093426111
  -34.308325, 0.000757764, 0.00093426111
  -34.308325, 0.00111321, 0.00093426111
  -34.308325, 0.000902286, 0.00093426111
  -34.308325, 0.000914004, 0.00093426111
  -34.308325, 0.000921816, 0.00093426111
  -34.308325, 0.001038996, 0.00093426111
  -34.308325, 0.00085932, 0.00093426111
  -34.308325, 0.000855414, 0.00093426111
  -34.308325, 0.0009765, 0.00093426111
  -34.308325, 0.001109304, 0.00093426111
  -34.308325, 0.000999936, 0.00093426111
  -34.308325, 0.001046808, 0.00093426111
  -34.308325, 0.000757764, 0.00093426111
  -34.308325, 0.001019466, 0.00093426111
  -34.308325, 0.000988218, 0.00093426111
  -34.308325, 0.000765576, 0.00093426111
  -34.308325, 0.0005859, 0.00093426111
  -34.308325, 0.000886662, 0.00093426111
  -34.308325, 0.00105462, 0.00093426111
  -34.308325, 0.001062432, 0.00093426111
  -34.308325, 0.000718704, 0.00093426111
  -34.308325, 0.000941346, 0.00093426111
  -34.308325, 0.001038996, 0.00093426111
  -34.308325, 0.000867132, 0.00093426111
  -34.308325, 0.000851508, 0.00093426111
  -34.308325, 0.00066402, 0.00093426111
  -34.308325, 0.000921816, 0.00093426111
  -34.308325, 0.000867132, 0.00093426111
  -34.308325, 0.001066338, 0.00093426111
  -34.308325, 0.000992124, 0.00093426111
  -34.308325, 0.001214766, 0.00093426111
  -34.308325, 0.000691362, 0.00093426111
  -34.308325, 0.000843696, 0.00093426111
  -34.308325, 0.000812448, 0.00093426111
  -34.308325, 0.000894474, 0.00093426111
  -34.308325, 0.000941346, 0.00093426111
  -34.308325, 0.000851508, 0.00093426111
  -34.308325, 0.001163988, 0.00093426111
  -34.308325, 0.00091791, 0.00093426111
  -34.308325, 0.001156176, 0.00093426111
  -34.308325, 0.001121022, 0.00093426111
  -34.308325, 0.000847602, 0.00093426111
  -34.308325, 0.00105462, 0.00093426111
  -34.308325, 0.000867132, 0.00093426111
  -34.308325, 0.00085932, 0.00093426111
  -34.308325, 0.000804636, 0.00093426111
  -34.308325, 0.00080073, 0.00093426111
  -34.308325, 0.000843696, 0.00093426111
  -34.308325, 0.00103509, 0.00093426111
  -34.308325, 0.000992124, 0.00093426111
  -34.308325, 0.000757764, 0.00093426111
  -34.308325, 0.000773388, 0.00093426111
  -34.308325, 0.000894474, 0.00093426111
  -34.308325, 0.000894474, 0.00093426111
  -34.308325, 0.001066338, 0.00093426111
  -34.308325, 0.000941346, 0.00093426111
  -34.308325, 0.000980406, 0.00093426111
  -34.308325, 0.001160082, 0.00093426111
  -34.308325, 0.000886662, 0.00093426111
  -34.308325, 0.000843696, 0.00093426111
  -34.308325, 0.00085932, 0.00093426111
  -34.308325, 0.001042902, 0.00093426111
  -34.308325, 0.001136646, 0.00093426111
  -34.308325, 0.000710892, 0.00093426111
  -34.308325, 0.00119133, 0.00093426111
  -34.308325, 0.000972594, 0.00093426111
  -34.308325, 0.000773388, 0.00093426111
  -34.308325, 0.001179612, 0.00093426111
  -34.308325, 0.00085932, 0.00093426111
  -34.308325, 0.001038996, 0.00093426111
  -34.308325, 0.000910098, 0.00093426111
  -34.308325, 0.001156176, 0.00093426111
  -34.308325, 0.001031184, 0.00093426111
  -34.308325, 0.000999936, 0.00093426111
  -34.308325, 0.000867132, 0.00093426111
  -34.308325, 0.000886662, 0.00093426111
  -34.308325, 0.00064449, 0.00093426111
  -34.308325, 0.000773388, 0.00093426111
  -34.308325, 0.00082026, 0.00093426111
  -34.308325, 0.000945252, 0.00093426111
  -34.308325, 0.000941346, 0.00093426111
  -34.308325, 0.000902286, 0.00093426111
  -34.308325, 0.001003842, 0.00093426111
  -34.308325, 0.00072261, 0.00093426111
  -34.308325, 0.000749952, 0.00093426111
  -34.308325, 0.001109304, 0.00093426111
  -34.308325, 0.000855414, 0.00093426111
  -34.308325, 0.000988218, 0.00093426111
  -34.308325, 0.001121022, 0.00093426111
  -34.308325, 0.001179612, 0.00093426111
  -34.308325, 0.000906192, 0.00093426111
  -34.308325, 0.000804636, 0.00093426111
  -34.308325, 0.000953064, 0.00093426111
  -34.308325, 0.001042902, 0.00093426111
  -34.308325, 0.001081962, 0.00093426111
  -34.308325, 0.000777294, 0.00093426111
  -34.308325, 0.000886662, 0.00093426111
  -34.308325, 0.000921816, 0.00093426111
  -34.308325, 0.00085932, 0.00093426111
  -34.308325, 0.001121022, 0.00093426111
  -34.308325, 0.000753858, 0.00093426111
  -34.308325, 0.001066338, 0.00093426111
  -34.308325, 0.000792918, 0.00093426111
  -34.308325, 0.000925722, 0.00093426111
  -34.308325, 0.001038996, 0.00093426111
  -34.308325, 0.000769482, 0.00093426111
  -34.308325, 0.001007748, 0.00093426111
  -34.308325, 0.00103509, 0.00093426111
  -34.308325, 0.000949158, 0.00093426111
  -34.308325, 0.000765576, 0.00093426111
  -34.308325, 0.000812448, 0.00093426111
  -34.308325, 0.00072261, 0.00093426111
  -34.308325, 0.001081962, 0.00093426111
  -34.308325, 0.000851508, 0.00093426111
  -34.308325, 0.001066338, 0.00093426111
  -34.308325, 0.000980406, 0.00093426111
  -34.308325, 0.00076167, 0.00093426111
  -34.308325, 0.000945252, 0.00093426111
  -34.308325, 0.000757764, 0.00093426111
  -34.308325, 0.001156176, 0.00093426111
  -34.308325, 0.000843696, 0.00093426111
  -34.308325, 0.000847602, 0.00093426111
  -34.308325, 0.00109368, 0.00093426111
  -34.308325, 0.000921816, 0.00093426111
  -34.308325, 0.000808542, 0.00093426111
  -34.308325, 0.00124992, 0.00093426111
  -34.308325, 0.000882756, 0.00093426111
  -34.308325, 0.001097586, 0.00093426111
  -34.308325, 0.000921816, 0.00093426111
  -34.308325, 0.00103509, 0.00093426111
  -34.308325, 0.000886662, 0.00093426111
  -34.308325, 0.00101556, 0.00093426111
  -34.308325, 0.00091791, 0.00093426111
  -34.308325, 0.00080073, 0.00093426111
  -34.308325, 0.000933534, 0.00093426111
  -34.308325, 0.001042902, 0.00093426111
  -34.308325, 0.000843696, 0.00093426111
  -34.308325, 0.000980406, 0.00093426111
  -34.308325, 0.001023372, 0.00093426111
  -34.308325, 0.001199142, 0.00093426111
  -34.308325, 0.001023372, 0.00093426111
  -34.308325, 0.000749952, 0.00093426111
  -34.308325, 0.00074214, 0.00093426111
  -34.308325, 0.00101556, 0.00093426111
  -34.308325, 0.00083979, 0.00093426111
  -34.308325, 0.001199142, 0.00093426111
  -34.308325, 0.00101556, 0.00093426111
  -34.308325, 0.000773388, 0.00093426111
  -34.308325, 0.000843696, 0.00093426111
  -34.308325, 0.00107415, 0.00093426111
  -34.308325, 0.000886662, 0.00093426111
  -34.308325, 0.000921816, 0.00093426111
  -34.308325, 0.000882756, 0.00093426111
  -34.308325, 0.000949158, 0.00093426111
  -34.308325, 0.001078056, 0.00093426111
  -34.308325, 0.000964782, 0.00093426111
  -34.308325, 0.000835884, 0.00093426111
  -34.308325, 0.00074214, 0.00093426111
  -34.30187, 0.001019466, 0.00093483131
  -34.30187, 0.000796824, 0.00093483131
  -34.30187, 0.001156176, 0.00093483131
  -34.30187, 0.000999936, 0.00093483131
  -34.30187, 0.000847602, 0.00093483131
  -34.30187, 0.000945252, 0.00093483131
  -34.30187, 0.00123039, 0.00093483131
  -34.30187, 0.000828072, 0.00093483131
  -34.30187, 0.00087885, 0.00093483131
  -34.30187, 0.000808542, 0.00093483131
  -34.30187, 0.001023372, 0.00093483131
  -34.30187, 0.00099603, 0.00093483131
  -34.30187, 0.000863226, 0.00093483131
  -34.30187, 0.0009765, 0.00093483131
  -34.30187, 0.000890568, 0.00093483131
  -34.30187, 0.000921816, 0.00093483131
  -34.30187, 0.001085868, 0.00093483131
  -34.30187, 0.001038996, 0.00093483131
  -34.30187, 0.00091791, 0.00093483131
  -34.30187, 0.001156176, 0.00093483131
  -34.30187, 0.001042902, 0.00093483131
  -34.30187, 0.001058526, 0.00093483131
  -34.30187, 0.001007748, 0.00093483131
  -34.30187, 0.0007812, 0.00093483131
  -34.30187, 0.000988218, 0.00093483131
  -34.30187, 0.001027278, 0.00093483131
  -34.30187, 0.000921816, 0.00093483131
  -34.30187, 0.000968688, 0.00093483131
  -34.30187, 0.000765576, 0.00093483131
  -34.30187, 0.000929628, 0.00093483131
  -34.30187, 0.000785106, 0.00093483131
  -34.30187, 0.000851508, 0.00093483131
  -34.30187, 0.000992124, 0.00093483131
  -34.30187, 0.000910098, 0.00093483131
  -34.30187, 0.00101556, 0.00093483131
  -34.30187, 0.000769482, 0.00093483131
  -34.30187, 0.000871038, 0.00093483131
  -34.30187, 0.000988218, 0.00093483131
  -34.30187, 0.000667926, 0.00093483131
  -34.30187, 0.000753858, 0.00093483131
  -34.30187, 0.000886662, 0.00093483131
  -34.30187, 0.000988218, 0.00093483131
  -34.30187, 0.00072261, 0.00093483131
  -34.30187, 0.000734328, 0.00093483131
  -34.30187, 0.000710892, 0.00093483131
  -34.30187, 0.000929628, 0.00093483131
  -34.30187, 0.00087885, 0.00093483131
  -34.30187, 0.001078056, 0.00093483131
  -34.30187, 0.000828072, 0.00093483131
  -34.30187, 0.001011654, 0.00093483131
  -34.30187, 0.000902286, 0.00093483131
  -34.30187, 0.000984312, 0.00093483131
  -34.30187, 0.000953064, 0.00093483131
  -34.30187, 0.000953064, 0.00093483131
  -34.30187, 0.001101492, 0.00093483131
  -34.30187, 0.00074214, 0.00093483131
  -34.30187, 0.00115227, 0.00093483131
  -34.30187, 0.001144458, 0.00093483131
  -34.30187, 0.001042902, 0.00093483131
  -34.30187, 0.00093744, 0.00093483131
  -34.30187, 0.000699174, 0.00093483131
  -34.30187, 0.000777294, 0.00093483131
  -34.30187, 0.000941346, 0.00093483131
  -34.30187, 0.000765576, 0.00093483131
  -34.30187, 0.00080073, 0.00093483131
  -34.30187, 0.001187424, 0.00093483131
  -34.30187, 0.000933534, 0.00093483131
  -34.30187, 0.000828072, 0.00093483131
  -34.30187, 0.0007812, 0.00093483131
  -34.30187, 0.000863226, 0.00093483131
  -34.30187, 0.00113274, 0.00093483131
  -34.30187, 0.001023372, 0.00093483131
  -34.30187, 0.000773388, 0.00093483131
  -34.30187, 0.001038996, 0.00093483131
  -34.30187, 0.001019466, 0.00093483131
  -34.30187, 0.000773388, 0.00093483131
  -34.30187, 0.000902286, 0.00093483131
  -34.30187, 0.000929628, 0.00093483131
  -34.30187, 0.001183518, 0.00093483131
  -34.30187, 0.001011654, 0.00093483131
  -34.30187, 0.000816354, 0.00093483131
  -34.30187, 0.000812448, 0.00093483131
  -34.30187, 0.000843696, 0.00093483131
  -34.30187, 0.00087885, 0.00093483131
  -34.30187, 0.000808542, 0.00093483131
  -34.30187, 0.000824166, 0.00093483131
  -34.30187, 0.001105398, 0.00093483131
  -34.30187, 0.000980406, 0.00093483131
  -34.30187, 0.00103509, 0.00093483131
  -34.30187, 0.001042902, 0.00093483131
  -34.30187, 0.000953064, 0.00093483131
  -34.30187, 0.000824166, 0.00093483131
  -34.30187, 0.000941346, 0.00093483131
  -34.30187, 0.001003842, 0.00093483131
  -34.30187, 0.000941346, 0.00093483131
  -34.30187, 0.00099603, 0.00093483131
  -34.30187, 0.001011654, 0.00093483131
  -34.30187, 0.000914004, 0.00093483131
  -34.30187, 0.000843696, 0.00093483131
  -34.30187, 0.000972594, 0.00093483131
  -34.30187, 0.000706986, 0.00093483131
  -34.30187, 0.000749952, 0.00093483131
  -34.30187, 0.001023372, 0.00093483131
  -34.30187, 0.000718704, 0.00093483131
  -34.30187, 0.000777294, 0.00093483131
  -34.30187, 0.000964782, 0.00093483131
  -34.30187, 0.001160082, 0.00093483131
  -34.30187, 0.000773388, 0.00093483131
  -34.30187, 0.000949158, 0.00093483131
  -34.30187, 0.000933534, 0.00093483131
  -34.30187, 0.000804636, 0.00093483131
  -34.30187, 0.000984312, 0.00093483131
  -34.30187, 0.001023372, 0.00093483131
  -34.30187, 0.001109304, 0.00093483131
  -34.30187, 0.000925722, 0.00093483131
  -34.30187, 0.00087885, 0.00093483131
  -34.30187, 0.000871038, 0.00093483131
  -34.30187, 0.001128834, 0.00093483131
  -34.30187, 0.000933534, 0.00093483131
  -34.30187, 0.000988218, 0.00093483131
  -34.30187, 0.000933534, 0.00093483131
  -34.30187, 0.000886662, 0.00093483131
  -34.30187, 0.000988218, 0.00093483131
  -34.30187, 0.001027278, 0.00093483131
  -34.30187, 0.001058526, 0.00093483131
  -34.30187, 0.001058526, 0.00093483131
  -34.30187, 0.000894474, 0.00093483131
  -34.30187, 0.001050714, 0.00093483131
  -34.30187, 0.000906192, 0.00093483131
  -34.30187, 0.0007812, 0.00093483131
  -34.30187, 0.000960876, 0.00093483131
  -34.30187, 0.000769482, 0.00093483131
  -34.30187, 0.001089774, 0.00093483131
  -34.30187, 0.000953064, 0.00093483131
  -34.30187, 0.000933534, 0.00093483131
  -34.30187, 0.00082026, 0.00093483131
  -34.30187, 0.000960876, 0.00093483131
  -34.30187, 0.000894474, 0.00093483131
  -34.30187, 0.000894474, 0.00093483131
  -34.30187, 0.001078056, 0.00093483131
  -34.30187, 0.000929628, 0.00093483131
  -34.30187, 0.001156176, 0.00093483131
  -34.30187, 0.001023372, 0.00093483131
  -34.30187, 0.000847602, 0.00093483131
  -34.30187, 0.00085932, 0.00093483131
  -34.30187, 0.000871038, 0.00093483131
  -34.30187, 0.000835884, 0.00093483131
  -34.30187, 0.000765576, 0.00093483131
  -34.30187, 0.000949158, 0.00093483131
  -34.30187, 0.000777294, 0.00093483131
  -34.30187, 0.000804636, 0.00093483131
  -34.30187, 0.00085932, 0.00093483131
  -34.30187, 0.000746046, 0.00093483131
  -34.30187, 0.000933534, 0.00093483131
  -34.30187, 0.000804636, 0.00093483131
  -34.30187, 0.000992124, 0.00093483131
  -34.30187, 0.000835884, 0.00093483131
  -34.30187, 0.00089838, 0.00093483131
  -34.30187, 0.000765576, 0.00093483131
  -34.30187, 0.001062432, 0.00093483131
  -34.30187, 0.000988218, 0.00093483131
  -34.30187, 0.000980406, 0.00093483131
  -34.30187, 0.000902286, 0.00093483131
  -34.30187, 0.00083979, 0.00093483131
  -34.30187, 0.000886662, 0.00093483131
  -34.30187, 0.000824166, 0.00093483131
  -34.30187, 0.001206954, 0.00093483131
  -34.30187, 0.00072261, 0.00093483131
  -34.30187, 0.000929628, 0.00093483131
  -34.30187, 0.000789012, 0.00093483131
  -34.30187, 0.000910098, 0.00093483131
  -34.30187, 0.000765576, 0.00093483131
  -34.30187, 0.00082026, 0.00093483131
  -34.30187, 0.000929628, 0.00093483131
  -34.30187, 0.001027278, 0.00093483131
  -34.30187, 0.000812448, 0.00093483131
  -34.30187, 0.000980406, 0.00093483131
  -34.30187, 0.000968688, 0.00093483131
  -34.30187, 0.000675738, 0.00093483131
  -34.30187, 0.000988218, 0.00093483131
  -34.30187, 0.00087885, 0.00093483131
  -34.30187, 0.000816354, 0.00093483131
  -34.30187, 0.000796824, 0.00093483131
  -34.30187, 0.001031184, 0.00093483131
  -34.30187, 0.000730422, 0.00093483131
  -34.30187, 0.000675738, 0.00093483131
  -34.30187, 0.000933534, 0.00093483131
  -34.30187, 0.001109304, 0.00093483131
  -34.30187, 0.000882756, 0.00093483131
  -34.30187, 0.00119133, 0.00093483131
  -34.30187, 0.001011654, 0.00093483131
  -34.30187, 0.000871038, 0.00093483131
  -34.30187, 0.00103509, 0.00093483131
  -34.30187, 0.000902286, 0.00093483131
  -34.30187, 0.000691362, 0.00093483131
  -34.30187, 0.000671832, 0.00093483131
  -34.30187, 0.000964782, 0.00093483131
  -34.30187, 0.00068355, 0.00093483131
  -34.30187, 0.000910098, 0.00093483131
  -34.30187, 0.000804636, 0.00093483131
  -34.30187, 0.000710892, 0.00093483131
  -34.30187, 0.000949158, 0.00093483131
  -34.30187, 0.000890568, 0.00093483131
  -34.30187, 0.000769482, 0.00093483131
  -34.30187, 0.000804636, 0.00093483131
  -34.30187, 0.000843696, 0.00093483131
  -34.30187, 0.000910098, 0.00093483131
  -34.30187, 0.000550746, 0.00093483131
  -34.30187, 0.000968688, 0.00093483131
  -34.30187, 0.001089774, 0.00093483131
  -34.30187, 0.000929628, 0.00093483131
  -34.30187, 0.000824166, 0.00093483131
  -34.30187, 0.000843696, 0.00093483131
  -34.30187, 0.000785106, 0.00093483131
  -34.30187, 0.001003842, 0.00093483131
  -34.30187, 0.000746046, 0.00093483131
  -34.30187, 0.00113274, 0.00093483131
  -34.30187, 0.000914004, 0.00093483131
  -34.30187, 0.000894474, 0.00093483131
  -34.30187, 0.000828072, 0.00093483131
  -34.30187, 0.000914004, 0.00093483131
  -34.30187, 0.000749952, 0.00093483131
  -34.30187, 0.000886662, 0.00093483131
  -34.30187, 0.000667926, 0.00093483131
  -34.30187, 0.001124928, 0.00093483131
  -34.30187, 0.00099603, 0.00093483131
  -34.30187, 0.001066338, 0.00093483131
  -34.30187, 0.001136646, 0.00093483131
  -34.30187, 0.000652302, 0.00093483131
  -34.30187, 0.00087885, 0.00093483131
  -34.30187, 0.000871038, 0.00093483131
  -34.30187, 0.000824166, 0.00093483131
  -34.30187, 0.000796824, 0.00093483131
  -34.30187, 0.000757764, 0.00093483131
  -34.295415, 0.000855414, 0.00093540171
  -34.295415, 0.001238202, 0.00093540171
  -34.295415, 0.000949158, 0.00093540171
  -34.295415, 0.000851508, 0.00093540171
  -34.295415, 0.000949158, 0.00093540171
  -34.295415, 0.001019466, 0.00093540171
  -34.295415, 0.000691362, 0.00093540171
  -34.295415, 0.001148364, 0.00093540171
  -34.295415, 0.000632772, 0.00093540171
  -34.295415, 0.001163988, 0.00093540171
  -34.295415, 0.000867132, 0.00093540171
  -34.295415, 0.000632772, 0.00093540171
  -34.295415, 0.001089774, 0.00093540171
  -34.295415, 0.001019466, 0.00093540171
  -34.295415, 0.000992124, 0.00093540171
  -34.295415, 0.001261638, 0.00093540171
  -34.295415, 0.000921816, 0.00093540171
  -34.295415, 0.000933534, 0.00093540171
  -34.295415, 0.000933534, 0.00093540171
  -34.295415, 0.001089774, 0.00093540171
  -34.295415, 0.00087885, 0.00093540171
  -34.295415, 0.001046808, 0.00093540171
  -34.295415, 0.001078056, 0.00093540171
  -34.295415, 0.000874944, 0.00093540171
  -34.295415, 0.000871038, 0.00093540171
  -34.295415, 0.00099603, 0.00093540171
  -34.295415, 0.000765576, 0.00093540171
  -34.295415, 0.001156176, 0.00093540171
  -34.295415, 0.000910098, 0.00093540171
  -34.295415, 0.000960876, 0.00093540171
  -34.295415, 0.000929628, 0.00093540171
  -34.295415, 0.000914004, 0.00093540171
  -34.295415, 0.001097586, 0.00093540171
  -34.295415, 0.000789012, 0.00093540171
  -34.295415, 0.000757764, 0.00093540171
  -34.295415, 0.001003842, 0.00093540171
  -34.295415, 0.000941346, 0.00093540171
  -34.295415, 0.000984312, 0.00093540171
  -34.295415, 0.000831978, 0.00093540171
  -34.295415, 0.001011654, 0.00093540171
  -34.295415, 0.000929628, 0.00093540171
  -34.295415, 0.001058526, 0.00093540171
  -34.295415, 0.000894474, 0.00093540171
  -34.295415, 0.001007748, 0.00093540171
  -34.295415, 0.00083979, 0.00093540171
  -34.295415, 0.000929628, 0.00093540171
  -34.295415, 0.000738234, 0.00093540171
  -34.295415, 0.001050714, 0.00093540171
  -34.295415, 0.001050714, 0.00093540171
  -34.295415, 0.001019466, 0.00093540171
  -34.295415, 0.00083979, 0.00093540171
  -34.295415, 0.000960876, 0.00093540171
  -34.295415, 0.000863226, 0.00093540171
  -34.295415, 0.00085932, 0.00093540171
  -34.295415, 0.000824166, 0.00093540171
  -34.295415, 0.00101556, 0.00093540171
  -34.295415, 0.001070244, 0.00093540171
  -34.295415, 0.001085868, 0.00093540171
  -34.295415, 0.00103509, 0.00093540171
  -34.295415, 0.00103509, 0.00093540171
  -34.295415, 0.000753858, 0.00093540171
  -34.295415, 0.001101492, 0.00093540171
  -34.295415, 0.00099603, 0.00093540171
  -34.295415, 0.000804636, 0.00093540171
  -34.295415, 0.000874944, 0.00093540171
  -34.295415, 0.001089774, 0.00093540171
  -34.295415, 0.000929628, 0.00093540171
  -34.295415, 0.000812448, 0.00093540171
  -34.295415, 0.001226484, 0.00093540171
  -34.295415, 0.000999936, 0.00093540171
  -34.295415, 0.000804636, 0.00093540171
  -34.295415, 0.000847602, 0.00093540171
  -34.295415, 0.001179612, 0.00093540171
  -34.295415, 0.000910098, 0.00093540171
  -34.295415, 0.0009765, 0.00093540171
  -34.295415, 0.000980406, 0.00093540171
  -34.295415, 0.00103509, 0.00093540171
  -34.295415, 0.000941346, 0.00093540171
  -34.295415, 0.001109304, 0.00093540171
  -34.295415, 0.000671832, 0.00093540171
  -34.295415, 0.00085932, 0.00093540171
  -34.295415, 0.00101556, 0.00093540171
  -34.295415, 0.000894474, 0.00093540171
  -34.295415, 0.000796824, 0.00093540171
  -34.295415, 0.000843696, 0.00093540171
  -34.295415, 0.000960876, 0.00093540171
  -34.295415, 0.000925722, 0.00093540171
  -34.295415, 0.000871038, 0.00093540171
  -34.295415, 0.000785106, 0.00093540171
  -34.295415, 0.000992124, 0.00093540171
  -34.295415, 0.001246014, 0.00093540171
  -34.295415, 0.001078056, 0.00093540171
  -34.295415, 0.000945252, 0.00093540171
  -34.295415, 0.000941346, 0.00093540171
  -34.295415, 0.000906192, 0.00093540171
  -34.295415, 0.000746046, 0.00093540171
  -34.295415, 0.000804636, 0.00093540171
  -34.295415, 0.000902286, 0.00093540171
  -34.295415, 0.001027278, 0.00093540171
  -34.295415, 0.001019466, 0.00093540171
  -34.295415, 0.001156176, 0.00093540171
  -34.295415, 0.001058526, 0.00093540171
  -34.295415, 0.000765576, 0.00093540171
  -34.295415, 0.001136646, 0.00093540171
  -34.295415, 0.000867132, 0.00093540171
  -34.295415, 0.000855414, 0.00093540171
  -34.295415, 0.001031184, 0.00093540171
  -34.295415, 0.001066338, 0.00093540171
  -34.295415, 0.00095697, 0.00093540171
  -34.295415, 0.000925722, 0.00093540171
  -34.295415, 0.000613242, 0.00093540171
  -34.295415, 0.001046808, 0.00093540171
  -34.295415, 0.000828072, 0.00093540171
  -34.295415, 0.000843696, 0.00093540171
  -34.295415, 0.000925722, 0.00093540171
  -34.295415, 0.000734328, 0.00093540171
  -34.295415, 0.0009765, 0.00093540171
  -34.295415, 0.001128834, 0.00093540171
  -34.295415, 0.000925722, 0.00093540171
  -34.295415, 0.000906192, 0.00093540171
  -34.295415, 0.000945252, 0.00093540171
  -34.295415, 0.001331946, 0.00093540171
  -34.295415, 0.000894474, 0.00093540171
  -34.295415, 0.00109368, 0.00093540171
  -34.295415, 0.000871038, 0.00093540171
  -34.295415, 0.00099603, 0.00093540171
  -34.295415, 0.000749952, 0.00093540171
  -34.295415, 0.00089838, 0.00093540171
  -34.295415, 0.000910098, 0.00093540171
  -34.295415, 0.001117116, 0.00093540171
  -34.295415, 0.000980406, 0.00093540171
  -34.295415, 0.000636678, 0.00093540171
  -34.295415, 0.000867132, 0.00093540171
  -34.295415, 0.000804636, 0.00093540171
  -34.295415, 0.00095697, 0.00093540171
  -34.295415, 0.000933534, 0.00093540171
  -34.295415, 0.000960876, 0.00093540171
  -34.295415, 0.000828072, 0.00093540171
  -34.295415, 0.000874944, 0.00093540171
  -34.295415, 0.001089774, 0.00093540171
  -34.295415, 0.00091791, 0.00093540171
  -34.295415, 0.001144458, 0.00093540171
  -34.295415, 0.000949158, 0.00093540171
  -34.295415, 0.00099603, 0.00093540171
  -34.295415, 0.0011718, 0.00093540171
  -34.295415, 0.000933534, 0.00093540171
  -34.295415, 0.001038996, 0.00093540171
  -34.295415, 0.000992124, 0.00093540171
  -34.295415, 0.000949158, 0.00093540171
  -34.295415, 0.000675738, 0.00093540171
  -34.295415, 0.001027278, 0.00093540171
  -34.295415, 0.000835884, 0.00093540171
  -34.295415, 0.000789012, 0.00093540171
  -34.295415, 0.000988218, 0.00093540171
  -34.295415, 0.001050714, 0.00093540171
  -34.295415, 0.000785106, 0.00093540171
  -34.295415, 0.00080073, 0.00093540171
  -34.295415, 0.0011718, 0.00093540171
  -34.295415, 0.000999936, 0.00093540171
  -34.295415, 0.000894474, 0.00093540171
  -34.295415, 0.001066338, 0.00093540171
  -34.295415, 0.000964782, 0.00093540171
  -34.295415, 0.000910098, 0.00093540171
  -34.295415, 0.00093744, 0.00093540171
  -34.295415, 0.000816354, 0.00093540171
  -34.295415, 0.000890568, 0.00093540171
  -34.295415, 0.000609336, 0.00093540171
  -34.295415, 0.000796824, 0.00093540171
  -34.295415, 0.000874944, 0.00093540171
  -34.295415, 0.00066402, 0.00093540171
  -34.295415, 0.000949158, 0.00093540171
  -34.295415, 0.001160082, 0.00093540171
  -34.295415, 0.000863226, 0.00093540171
  -34.295415, 0.000925722, 0.00093540171
  -34.295415, 0.000843696, 0.00093540171
  -34.295415, 0.001019466, 0.00093540171
  -34.295415, 0.000808542, 0.00093540171
  -34.295415, 0.000980406, 0.00093540171
  -34.295415, 0.000871038, 0.00093540171
  -34.295415, 0.000734328, 0.00093540171
  -34.295415, 0.000941346, 0.00093540171
  -34.295415, 0.000890568, 0.00093540171
  -34.295415, 0.00070308, 0.00093540171
  -34.295415, 0.00109368, 0.00093540171
  -34.295415, 0.00115227, 0.00093540171
  -34.295415, 0.000984312, 0.00093540171
  -34.295415, 0.00080073, 0.00093540171
  -34.295415, 0.000656208, 0.00093540171
  -34.295415, 0.000738234, 0.00093540171
  -34.295415, 0.000773388, 0.00093540171
  -34.295415, 0.000949158, 0.00093540171
  -34.295415, 0.000953064, 0.00093540171
  -34.295415, 0.001140552, 0.00093540171
  -34.295415, 0.000984312, 0.00093540171
  -34.295415, 0.00087885, 0.00093540171
  -34.295415, 0.000894474, 0.00093540171
  -34.295415, 0.001003842, 0.00093540171
  -34.295415, 0.000929628, 0.00093540171
  -34.28896, 0.00087885, 0.0009359723
  -34.28896, 0.000824166, 0.0009359723
  -34.28896, 0.000925722, 0.0009359723
  -34.28896, 0.000933534, 0.0009359723
  -34.28896, 0.001003842, 0.0009359723
  -34.28896, 0.000808542, 0.0009359723
  -34.28896, 0.000769482, 0.0009359723
  -34.28896, 0.001136646, 0.0009359723
  -34.28896, 0.001066338, 0.0009359723
  -34.28896, 0.001070244, 0.0009359723
  -34.28896, 0.00068355, 0.0009359723
  -34.28896, 0.001163988, 0.0009359723
  -34.28896, 0.000597618, 0.0009359723
  -34.28896, 0.00132804, 0.0009359723
  -34.28896, 0.000929628, 0.0009359723
  -34.28896, 0.001124928, 0.0009359723
  -34.28896, 0.001019466, 0.0009359723
  -34.28896, 0.000894474, 0.0009359723
  -34.28896, 0.000921816, 0.0009359723
  -34.28896, 0.001023372, 0.0009359723
  -34.28896, 0.00119133, 0.0009359723
  -34.28896, 0.000640584, 0.0009359723
  -34.28896, 0.000906192, 0.0009359723
  -34.28896, 0.000902286, 0.0009359723
  -34.28896, 0.000671832, 0.0009359723
  -34.28896, 0.000968688, 0.0009359723
  -34.28896, 0.000914004, 0.0009359723
  -34.28896, 0.000851508, 0.0009359723
  -34.28896, 0.0007812, 0.0009359723
  -34.28896, 0.000835884, 0.0009359723
  -34.28896, 0.000828072, 0.0009359723
  -34.28896, 0.000925722, 0.0009359723
  -34.28896, 0.000796824, 0.0009359723
  -34.28896, 0.001058526, 0.0009359723
  -34.28896, 0.000757764, 0.0009359723
  -34.28896, 0.000828072, 0.0009359723
  -34.28896, 0.00093744, 0.0009359723
  -34.28896, 0.000914004, 0.0009359723
  -34.28896, 0.000894474, 0.0009359723
  -34.28896, 0.000992124, 0.0009359723
  -34.28896, 0.000941346, 0.0009359723
  -34.28896, 0.000929628, 0.0009359723
  -34.28896, 0.001011654, 0.0009359723
  -34.28896, 0.000691362, 0.0009359723
  -34.28896, 0.00083979, 0.0009359723
  -34.28896, 0.000933534, 0.0009359723
  -34.28896, 0.000835884, 0.0009359723
  -34.28896, 0.00093744, 0.0009359723
  -34.28896, 0.000972594, 0.0009359723
  -34.28896, 0.00085932, 0.0009359723
  -34.28896, 0.0009765, 0.0009359723
  -34.28896, 0.000953064, 0.0009359723
  -34.28896, 0.000855414, 0.0009359723
  -34.28896, 0.00082026, 0.0009359723
  -34.28896, 0.000765576, 0.0009359723
  -34.28896, 0.000949158, 0.0009359723
  -34.28896, 0.000914004, 0.0009359723
  -34.28896, 0.000687456, 0.0009359723
  -34.28896, 0.000929628, 0.0009359723
  -34.28896, 0.000753858, 0.0009359723
  -34.28896, 0.000929628, 0.0009359723
  -34.28896, 0.00089838, 0.0009359723
  -34.28896, 0.00064449, 0.0009359723
  -34.28896, 0.000984312, 0.0009359723
  -34.28896, 0.001156176, 0.0009359723
  -34.28896, 0.000871038, 0.0009359723
  -34.28896, 0.00087885, 0.0009359723
  -34.28896, 0.000812448, 0.0009359723
  -34.28896, 0.001023372, 0.0009359723
  -34.28896, 0.000777294, 0.0009359723
  -34.28896, 0.000902286, 0.0009359723
  -34.28896, 0.000910098, 0.0009359723
  -34.28896, 0.000988218, 0.0009359723
  -34.28896, 0.00101556, 0.0009359723
  -34.28896, 0.000539028, 0.0009359723
  -34.28896, 0.00109368, 0.0009359723
  -34.28896, 0.001003842, 0.0009359723
  -34.28896, 0.001031184, 0.0009359723
  -34.28896, 0.001070244, 0.0009359723
  -34.28896, 0.000785106, 0.0009359723
  -34.28896, 0.000847602, 0.0009359723
  -34.28896, 0.000687456, 0.0009359723
  -34.28896, 0.000929628, 0.0009359723
  -34.28896, 0.000921816, 0.0009359723
  -34.28896, 0.00093744, 0.0009359723
  -34.28896, 0.000796824, 0.0009359723
  -34.28896, 0.000968688, 0.0009359723
  -34.28896, 0.000972594, 0.0009359723
  -34.28896, 0.00103509, 0.0009359723
  -34.28896, 0.00115227, 0.0009359723
  -34.28896, 0.000906192, 0.0009359723
  -34.28896, 0.001183518, 0.0009359723
  -34.28896, 0.000984312, 0.0009359723
  -34.28896, 0.000831978, 0.0009359723
  -34.28896, 0.001027278, 0.0009359723
  -34.28896, 0.001117116, 0.0009359723
  -34.28896, 0.000902286, 0.0009359723
  -34.28896, 0.000648396, 0.0009359723
  -34.28896, 0.000667926, 0.0009359723
  -34.28896, 0.000636678, 0.0009359723
  -34.28896, 0.000988218, 0.0009359723
  -34.28896, 0.000867132, 0.0009359723
  -34.28896, 0.000749952, 0.0009359723
  -34.28896, 0.001226484, 0.0009359723
  -34.28896, 0.00076167, 0.0009359723
  -34.28896, 0.000789012, 0.0009359723
  -34.28896, 0.00076167, 0.0009359723
  -34.28896, 0.000925722, 0.0009359723
  -34.28896, 0.000941346, 0.0009359723
  -34.28896, 0.001070244, 0.0009359723
  -34.28896, 0.000902286, 0.0009359723
  -34.28896, 0.000902286, 0.0009359723
  -34.28896, 0.00113274, 0.0009359723
  -34.28896, 0.000992124, 0.0009359723
  -34.28896, 0.001058526, 0.0009359723
  -34.28896, 0.00076167, 0.0009359723
  -34.28896, 0.000753858, 0.0009359723
  -34.28896, 0.000933534, 0.0009359723
  -34.28896, 0.000972594, 0.0009359723
  -34.28896, 0.0009765, 0.0009359723
  -34.28896, 0.000968688, 0.0009359723
  -34.28896, 0.00068355, 0.0009359723
  -34.28896, 0.000980406, 0.0009359723
  -34.28896, 0.001105398, 0.0009359723
  -34.28896, 0.000949158, 0.0009359723
  -34.28896, 0.001117116, 0.0009359723
  -34.28896, 0.001117116, 0.0009359723
  -34.28896, 0.000980406, 0.0009359723
  -34.28896, 0.000988218, 0.0009359723
  -34.28896, 0.001003842, 0.0009359723
  -34.28896, 0.001038996, 0.0009359723
  -34.28896, 0.000738234, 0.0009359723
  -34.28896, 0.000847602, 0.0009359723
  -34.28896, 0.000863226, 0.0009359723
  -34.28896, 0.000660114, 0.0009359723
  -34.28896, 0.000902286, 0.0009359723
  -34.28896, 0.001046808, 0.0009359723
  -34.28896, 0.000874944, 0.0009359723
  -34.28896, 0.000777294, 0.0009359723
  -34.28896, 0.000695268, 0.0009359723
  -34.28896, 0.000960876, 0.0009359723
  -34.28896, 0.00089838, 0.0009359723
  -34.28896, 0.000656208, 0.0009359723
  -34.28896, 0.00107415, 0.0009359723
  -34.28896, 0.001011654, 0.0009359723
  -34.28896, 0.000882756, 0.0009359723
  -34.28896, 0.00101556, 0.0009359723
  -34.28896, 0.001163988, 0.0009359723
  -34.28896, 0.001058526, 0.0009359723
  -34.28896, 0.000984312, 0.0009359723
  -34.28896, 0.00091791, 0.0009359723
  -34.28896, 0.000863226, 0.0009359723
  -34.28896, 0.001117116, 0.0009359723
  -34.28896, 0.000980406, 0.0009359723
  -34.28896, 0.000831978, 0.0009359723
  -34.28896, 0.000796824, 0.0009359723
  -34.28896, 0.000890568, 0.0009359723
  -34.28896, 0.000972594, 0.0009359723
  -34.28896, 0.000699174, 0.0009359723
  -34.28896, 0.001144458, 0.0009359723
  -34.28896, 0.000894474, 0.0009359723
  -34.28896, 0.001019466, 0.0009359723
  -34.28896, 0.00111321, 0.0009359723
  -34.28896, 0.000828072, 0.0009359723
  -34.28896, 0.000812448, 0.0009359723
  -34.28896, 0.000863226, 0.0009359723
  -34.28896, 0.000902286, 0.0009359723
  -34.28896, 0.00076167, 0.0009359723
  -34.28896, 0.000953064, 0.0009359723
  -34.28896, 0.001121022, 0.0009359723
  -34.28896, 0.000914004, 0.0009359723
  -34.28896, 0.000710892, 0.0009359723
  -34.28896, 0.000949158, 0.0009359723
  -34.28896, 0.000687456, 0.0009359723
  -34.28896, 0.001085868, 0.0009359723
  -34.28896, 0.000687456, 0.0009359723
  -34.28896, 0.000769482, 0.0009359723
  -34.28896, 0.001058526, 0.0009359723
  -34.28896, 0.000691362, 0.0009359723
  -34.28896, 0.000921816, 0.0009359723
  -34.28896, 0.001140552, 0.0009359723
  -34.28896, 0.000929628, 0.0009359723
  -34.28896, 0.000968688, 0.0009359723
  -34.28896, 0.000910098, 0.0009359723
  -34.28896, 0.000933534, 0.0009359723
  -34.282505, 0.00091791, 0.00093654308
  -34.282505, 0.000980406, 0.00093654308
  -34.282505, 0.00123039, 0.00093654308
  -34.282505, 0.00109368, 0.00093654308
  -34.282505, 0.000816354, 0.00093654308
  -34.282505, 0.000886662, 0.00093654308
  -34.282505, 0.000949158, 0.00093654308
  -34.282505, 0.00091791, 0.00093654308
  -34.282505, 0.000871038, 0.00093654308
  -34.282505, 0.0011718, 0.00093654308
  -34.282505, 0.00082026, 0.00093654308
  -34.282505, 0.001023372, 0.00093654308
  -34.282505, 0.00105462, 0.00093654308
  -34.282505, 0.000882756, 0.00093654308
  -34.282505, 0.00091791, 0.00093654308
  -34.282505, 0.000968688, 0.00093654308
  -34.282505, 0.00089838, 0.00093654308
  -34.282505, 0.000910098, 0.00093654308
  -34.282505, 0.00074214, 0.00093654308
  -34.282505, 0.001046808, 0.00093654308
  -34.282505, 0.000960876, 0.00093654308
  -34.282505, 0.000847602, 0.00093654308
  -34.282505, 0.00099603, 0.00093654308
  -34.282505, 0.000910098, 0.00093654308
  -34.282505, 0.000847602, 0.00093654308
  -34.282505, 0.000730422, 0.00093654308
  -34.282505, 0.001156176, 0.00093654308
  -34.282505, 0.00093744, 0.00093654308
  -34.282505, 0.0007812, 0.00093654308
  -34.282505, 0.000902286, 0.00093654308
  -34.282505, 0.000828072, 0.00093654308
  -34.282505, 0.001019466, 0.00093654308
  -34.282505, 0.001066338, 0.00093654308
  -34.282505, 0.000980406, 0.00093654308
  -34.282505, 0.000730422, 0.00093654308
  -34.282505, 0.001167894, 0.00093654308
  -34.282505, 0.001007748, 0.00093654308
  -34.282505, 0.00082026, 0.00093654308
  -34.282505, 0.000988218, 0.00093654308
  -34.282505, 0.00083979, 0.00093654308
  -34.282505, 0.00082026, 0.00093654308
  -34.282505, 0.000660114, 0.00093654308
  -34.282505, 0.000953064, 0.00093654308
  -34.282505, 0.000984312, 0.00093654308
  -34.282505, 0.000808542, 0.00093654308
  -34.282505, 0.00095697, 0.00093654308
  -34.282505, 0.00087885, 0.00093654308
  -34.282505, 0.000874944, 0.00093654308
  -34.282505, 0.001117116, 0.00093654308
  -34.282505, 0.001038996, 0.00093654308
  -34.282505, 0.001066338, 0.00093654308
  -34.282505, 0.000886662, 0.00093654308
  -34.282505, 0.000789012, 0.00093654308
  -34.282505, 0.00089838, 0.00093654308
  -34.282505, 0.0011718, 0.00093654308
  -34.282505, 0.001199142, 0.00093654308
  -34.282505, 0.000925722, 0.00093654308
  -34.282505, 0.001066338, 0.00093654308
  -34.282505, 0.000914004, 0.00093654308
  -34.282505, 0.000945252, 0.00093654308
  -34.282505, 0.001257732, 0.00093654308
  -34.282505, 0.000925722, 0.00093654308
  -34.282505, 0.000980406, 0.00093654308
  -34.282505, 0.000753858, 0.00093654308
  -34.282505, 0.000855414, 0.00093654308
  -34.282505, 0.000910098, 0.00093654308
  -34.282505, 0.000925722, 0.00093654308
  -34.282505, 0.000730422, 0.00093654308
  -34.282505, 0.001023372, 0.00093654308
  -34.282505, 0.000949158, 0.00093654308
  -34.282505, 0.00083979, 0.00093654308
  -34.282505, 0.000855414, 0.00093654308
  -34.282505, 0.001121022, 0.00093654308
  -34.282505, 0.00095697, 0.00093654308
  -34.282505, 0.000988218, 0.00093654308
  -34.282505, 0.000831978, 0.00093654308
  -34.282505, 0.000851508, 0.00093654308
  -34.282505, 0.000894474, 0.00093654308
  -34.282505, 0.000929628, 0.00093654308
  -34.282505, 0.001058526, 0.00093654308
  -34.282505, 0.000964782, 0.00093654308
  -34.282505, 0.000949158, 0.00093654308
  -34.282505, 0.000796824, 0.00093654308
  -34.282505, 0.001234296, 0.00093654308
  -34.282505, 0.001058526, 0.00093654308
  -34.282505, 0.000921816, 0.00093654308
  -34.282505, 0.000968688, 0.00093654308
  -34.282505, 0.000925722, 0.00093654308
  -34.282505, 0.000847602, 0.00093654308
  -34.282505, 0.001042902, 0.00093654308
  -34.282505, 0.000769482, 0.00093654308
  -34.282505, 0.000773388, 0.00093654308
  -34.282505, 0.000706986, 0.00093654308
  -34.282505, 0.000999936, 0.00093654308
  -34.282505, 0.00115227, 0.00093654308
  -34.282505, 0.000882756, 0.00093654308
  -34.282505, 0.000933534, 0.00093654308
  -34.282505, 0.000726516, 0.00093654308
  -34.282505, 0.000726516, 0.00093654308
  -34.282505, 0.00101556, 0.00093654308
  -34.282505, 0.001007748, 0.00093654308
  -34.282505, 0.000695268, 0.00093654308
  -34.282505, 0.000894474, 0.00093654308
  -34.282505, 0.001097586, 0.00093654308
  -34.282505, 0.000894474, 0.00093654308
  -34.282505, 0.001203048, 0.00093654308
  -34.282505, 0.000886662, 0.00093654308
  -34.282505, 0.000890568, 0.00093654308
  -34.282505, 0.000960876, 0.00093654308
  -34.282505, 0.000929628, 0.00093654308
  -34.282505, 0.000843696, 0.00093654308
  -34.282505, 0.001078056, 0.00093654308
  -34.282505, 0.001062432, 0.00093654308
  -34.282505, 0.000886662, 0.00093654308
  -34.282505, 0.000882756, 0.00093654308
  -34.282505, 0.000953064, 0.00093654308
  -34.282505, 0.000847602, 0.00093654308
  -34.282505, 0.00091791, 0.00093654308
  -34.282505, 0.001206954, 0.00093654308
  -34.282505, 0.00095697, 0.00093654308
  -34.282505, 0.000804636, 0.00093654308
  -34.282505, 0.00083979, 0.00093654308
  -34.282505, 0.000679644, 0.00093654308
  -34.282505, 0.000835884, 0.00093654308
  -34.282505, 0.001062432, 0.00093654308
  -34.282505, 0.000964782, 0.00093654308
  -34.282505, 0.00126945, 0.00093654308
  -34.282505, 0.001062432, 0.00093654308
  -34.282505, 0.0007812, 0.00093654308
  -34.282505, 0.000773388, 0.00093654308
  -34.282505, 0.000968688, 0.00093654308
  -34.282505, 0.000804636, 0.00093654308
  -34.282505, 0.000988218, 0.00093654308
  -34.282505, 0.000953064, 0.00093654308
  -34.282505, 0.000874944, 0.00093654308
  -34.282505, 0.000921816, 0.00093654308
  -34.282505, 0.001011654, 0.00093654308
  -34.282505, 0.000964782, 0.00093654308
  -34.282505, 0.001058526, 0.00093654308
  -34.282505, 0.001097586, 0.00093654308
  -34.282505, 0.00101556, 0.00093654308
  -34.282505, 0.000874944, 0.00093654308
  -34.282505, 0.001128834, 0.00093654308
  -34.282505, 0.00099603, 0.00093654308
  -34.282505, 0.001183518, 0.00093654308
  -34.282505, 0.001089774, 0.00093654308
  -34.282505, 0.001050714, 0.00093654308
  -34.282505, 0.00093744, 0.00093654308
  -34.282505, 0.000855414, 0.00093654308
  -34.282505, 0.00101556, 0.00093654308
  -34.282505, 0.000855414, 0.00093654308
  -34.282505, 0.001038996, 0.00093654308
  -34.282505, 0.000789012, 0.00093654308
  -34.282505, 0.001007748, 0.00093654308
  -34.282505, 0.00103509, 0.00093654308
  -34.282505, 0.000789012, 0.00093654308
  -34.282505, 0.000886662, 0.00093654308
  -34.282505, 0.000867132, 0.00093654308
  -34.282505, 0.000972594, 0.00093654308
  -34.282505, 0.00113274, 0.00093654308
  -34.282505, 0.000593712, 0.00093654308
  -34.282505, 0.00082026, 0.00093654308
  -34.282505, 0.000749952, 0.00093654308
  -34.282505, 0.0007812, 0.00093654308
  -34.282505, 0.00119133, 0.00093654308
  -34.282505, 0.001038996, 0.00093654308
  -34.282505, 0.000964782, 0.00093654308
  -34.282505, 0.001101492, 0.00093654308
  -34.282505, 0.000972594, 0.00093654308
  -34.27605, 0.00101556, 0.00093711407
  -34.27605, 0.001050714, 0.00093711407
  -34.27605, 0.000999936, 0.00093711407
  -34.27605, 0.001265544, 0.00093711407
  -34.27605, 0.000863226, 0.00093711407
  -34.27605, 0.001203048, 0.00093711407
  -34.27605, 0.00113274, 0.00093711407
  -34.27605, 0.001163988, 0.00093711407
  -34.27605, 0.00093744, 0.00093711407
  -34.27605, 0.001038996, 0.00093711407
  -34.27605, 0.00099603, 0.00093711407
  -34.27605, 0.000792918, 0.00093711407
  -34.27605, 0.000679644, 0.00093711407
  -34.27605, 0.000894474, 0.00093711407
  -34.27605, 0.000906192, 0.00093711407
  -34.27605, 0.000855414, 0.00093711407
  -34.27605, 0.000710892, 0.00093711407
  -34.27605, 0.00105462, 0.00093711407
  -34.27605, 0.001023372, 0.00093711407
  -34.27605, 0.000675738, 0.00093711407
  -34.27605, 0.000671832, 0.00093711407
  -34.27605, 0.000792918, 0.00093711407
  -34.27605, 0.000984312, 0.00093711407
  -34.27605, 0.00099603, 0.00093711407
  -34.27605, 0.000828072, 0.00093711407
  -34.27605, 0.000972594, 0.00093711407
  -34.27605, 0.001023372, 0.00093711407
  -34.27605, 0.001265544, 0.00093711407
  -34.27605, 0.000972594, 0.00093711407
  -34.27605, 0.000906192, 0.00093711407
  -34.27605, 0.00105462, 0.00093711407
  -34.27605, 0.000988218, 0.00093711407
  -34.27605, 0.00091791, 0.00093711407
  -34.27605, 0.001128834, 0.00093711407
  -34.27605, 0.00095697, 0.00093711407
  -34.27605, 0.000792918, 0.00093711407
  -34.27605, 0.001038996, 0.00093711407
  -34.27605, 0.001007748, 0.00093711407
  -34.27605, 0.0009765, 0.00093711407
  -34.27605, 0.000831978, 0.00093711407
  -34.27605, 0.000980406, 0.00093711407
  -34.27605, 0.00101556, 0.00093711407
  -34.27605, 0.000992124, 0.00093711407
  -34.27605, 0.000687456, 0.00093711407
  -34.27605, 0.000679644, 0.00093711407
  -34.27605, 0.000835884, 0.00093711407
  -34.27605, 0.001066338, 0.00093711407
  -34.27605, 0.000949158, 0.00093711407
  -34.27605, 0.001097586, 0.00093711407
  -34.27605, 0.000890568, 0.00093711407
  -34.27605, 0.000945252, 0.00093711407
  -34.27605, 0.00070308, 0.00093711407
  -34.27605, 0.001124928, 0.00093711407
  -34.27605, 0.001124928, 0.00093711407
  -34.27605, 0.001101492, 0.00093711407
  -34.27605, 0.00113274, 0.00093711407
  -34.27605, 0.000695268, 0.00093711407
  -34.27605, 0.001011654, 0.00093711407
  -34.27605, 0.001031184, 0.00093711407
  -34.27605, 0.001050714, 0.00093711407
  -34.27605, 0.000632772, 0.00093711407
  -34.27605, 0.001117116, 0.00093711407
  -34.27605, 0.000855414, 0.00093711407
  -34.27605, 0.001023372, 0.00093711407
  -34.27605, 0.00082026, 0.00093711407
  -34.27605, 0.001070244, 0.00093711407
  -34.27605, 0.000871038, 0.00093711407
  -34.27605, 0.00083979, 0.00093711407
  -34.27605, 0.000863226, 0.00093711407
  -34.27605, 0.001117116, 0.00093711407
  -34.27605, 0.0009765, 0.00093711407
  -34.27605, 0.000831978, 0.00093711407
  -34.27605, 0.000714798, 0.00093711407
  -34.27605, 0.000816354, 0.00093711407
  -34.27605, 0.000972594, 0.00093711407
  -34.27605, 0.001058526, 0.00093711407
  -34.27605, 0.001163988, 0.00093711407
  -34.27605, 0.000757764, 0.00093711407
  -34.27605, 0.000886662, 0.00093711407
  -34.27605, 0.000863226, 0.00093711407
  -34.27605, 0.000648396, 0.00093711407
  -34.27605, 0.000730422, 0.00093711407
  -34.27605, 0.000824166, 0.00093711407
  -34.27605, 0.00093744, 0.00093711407
  -34.27605, 0.000910098, 0.00093711407
  -34.27605, 0.000921816, 0.00093711407
  -34.27605, 0.001023372, 0.00093711407
  -34.27605, 0.001163988, 0.00093711407
  -34.27605, 0.001175706, 0.00093711407
  -34.27605, 0.000921816, 0.00093711407
  -34.27605, 0.000921816, 0.00093711407
  -34.27605, 0.000925722, 0.00093711407
  -34.27605, 0.0007812, 0.00093711407
  -34.27605, 0.000792918, 0.00093711407
  -34.27605, 0.000960876, 0.00093711407
  -34.27605, 0.001011654, 0.00093711407
  -34.27605, 0.001007748, 0.00093711407
  -34.27605, 0.000933534, 0.00093711407
  -34.27605, 0.000843696, 0.00093711407
  -34.27605, 0.001066338, 0.00093711407
  -34.27605, 0.000925722, 0.00093711407
  -34.27605, 0.000632772, 0.00093711407
  -34.27605, 0.000773388, 0.00093711407
  -34.27605, 0.000964782, 0.00093711407
  -34.27605, 0.000890568, 0.00093711407
  -34.27605, 0.000933534, 0.00093711407
  -34.27605, 0.000910098, 0.00093711407
  -34.27605, 0.00089838, 0.00093711407
  -34.27605, 0.000734328, 0.00093711407
  -34.27605, 0.000718704, 0.00093711407
  -34.27605, 0.00115227, 0.00093711407
  -34.27605, 0.000914004, 0.00093711407
  -34.27605, 0.000894474, 0.00093711407
  -34.27605, 0.000847602, 0.00093711407
  -34.27605, 0.000953064, 0.00093711407
  -34.27605, 0.000796824, 0.00093711407
  -34.27605, 0.00103509, 0.00093711407
  -34.27605, 0.001007748, 0.00093711407
  -34.27605, 0.000953064, 0.00093711407
  -34.27605, 0.001031184, 0.00093711407
  -34.27605, 0.000890568, 0.00093711407
  -34.27605, 0.000874944, 0.00093711407
  -34.27605, 0.00083979, 0.00093711407
  -34.27605, 0.000964782, 0.00093711407
  -34.27605, 0.000835884, 0.00093711407
  -34.27605, 0.001031184, 0.00093711407
  -34.27605, 0.001078056, 0.00093711407
  -34.27605, 0.000812448, 0.00093711407
  -34.27605, 0.000679644, 0.00093711407
  -34.27605, 0.001011654, 0.00093711407
  -34.27605, 0.00109368, 0.00093711407
  -34.27605, 0.000910098, 0.00093711407
  -34.27605, 0.000984312, 0.00093711407
  -34.27605, 0.000902286, 0.00093711407
  -34.27605, 0.000831978, 0.00093711407
  -34.27605, 0.000906192, 0.00093711407
  -34.27605, 0.001070244, 0.00093711407
  -34.27605, 0.000968688, 0.00093711407
  -34.27605, 0.000933534, 0.00093711407
  -34.27605, 0.000894474, 0.00093711407
  -34.27605, 0.00082026, 0.00093711407
  -34.27605, 0.000925722, 0.00093711407
  -34.27605, 0.000972594, 0.00093711407
  -34.27605, 0.000929628, 0.00093711407
  -34.27605, 0.001058526, 0.00093711407
  -34.27605, 0.000757764, 0.00093711407
  -34.27605, 0.00111321, 0.00093711407
  -34.27605, 0.00074214, 0.00093711407
  -34.27605, 0.001038996, 0.00093711407
  -34.27605, 0.000945252, 0.00093711407
  -34.27605, 0.000710892, 0.00093711407
  -34.27605, 0.001281168, 0.00093711407
  -34.27605, 0.000777294, 0.00093711407
  -34.27605, 0.000968688, 0.00093711407
  -34.27605, 0.00111321, 0.00093711407
  -34.27605, 0.000871038, 0.00093711407
  -34.27605, 0.000812448, 0.00093711407
  -34.27605, 0.000960876, 0.00093711407
  -34.27605, 0.00105462, 0.00093711407
  -34.27605, 0.000874944, 0.00093711407
  -34.269595, 0.000808542, 0.00093768524
  -34.269595, 0.000886662, 0.00093768524
  -34.269595, 0.000691362, 0.00093768524
  -34.269595, 0.000964782, 0.00093768524
  -34.269595, 0.001124928, 0.00093768524
  -34.269595, 0.000988218, 0.00093768524
  -34.269595, 0.000980406, 0.00093768524
  -34.269595, 0.001019466, 0.00093768524
  -34.269595, 0.001140552, 0.00093768524
  -34.269595, 0.001242108, 0.00093768524
  -34.269595, 0.001038996, 0.00093768524
  -34.269595, 0.000632772, 0.00093768524
  -34.269595, 0.0007812, 0.00093768524
  -34.269595, 0.001023372, 0.00093768524
  -34.269595, 0.000863226, 0.00093768524
  -34.269595, 0.000656208, 0.00093768524
  -34.269595, 0.000988218, 0.00093768524
  -34.269595, 0.000984312, 0.00093768524
  -34.269595, 0.001214766, 0.00093768524
  -34.269595, 0.000910098, 0.00093768524
  -34.269595, 0.000882756, 0.00093768524
  -34.269595, 0.001081962, 0.00093768524
  -34.269595, 0.000953064, 0.00093768524
  -34.269595, 0.001167894, 0.00093768524
  -34.269595, 0.000964782, 0.00093768524
  -34.269595, 0.000765576, 0.00093768524
  -34.269595, 0.000890568, 0.00093768524
  -34.269595, 0.001081962, 0.00093768524
  -34.269595, 0.000851508, 0.00093768524
  -34.269595, 0.001027278, 0.00093768524
  -34.269595, 0.001019466, 0.00093768524
  -34.269595, 0.00083979, 0.00093768524
  -34.269595, 0.000980406, 0.00093768524
  -34.269595, 0.00091791, 0.00093768524
  -34.269595, 0.000867132, 0.00093768524
  -34.269595, 0.00089838, 0.00093768524
  -34.269595, 0.000804636, 0.00093768524
  -34.269595, 0.001206954, 0.00093768524
  -34.269595, 0.000812448, 0.00093768524
  -34.269595, 0.00107415, 0.00093768524
  -34.269595, 0.000757764, 0.00093768524
  -34.269595, 0.001109304, 0.00093768524
  -34.269595, 0.000777294, 0.00093768524
  -34.269595, 0.00099603, 0.00093768524
  -34.269595, 0.000914004, 0.00093768524
  -34.269595, 0.001085868, 0.00093768524
  -34.269595, 0.00099603, 0.00093768524
  -34.269595, 0.001007748, 0.00093768524
  -34.269595, 0.00103509, 0.00093768524
  -34.269595, 0.000648396, 0.00093768524
  -34.269595, 0.00074214, 0.00093768524
  -34.269595, 0.00095697, 0.00093768524
  -34.269595, 0.00087885, 0.00093768524
  -34.269595, 0.000906192, 0.00093768524
  -34.269595, 0.000648396, 0.00093768524
  -34.269595, 0.001058526, 0.00093768524
  -34.269595, 0.000828072, 0.00093768524
  -34.269595, 0.00107415, 0.00093768524
  -34.269595, 0.000835884, 0.00093768524
  -34.269595, 0.000749952, 0.00093768524
  -34.269595, 0.001070244, 0.00093768524
  -34.269595, 0.000769482, 0.00093768524
  -34.269595, 0.001109304, 0.00093768524
  -34.269595, 0.001046808, 0.00093768524
  -34.269595, 0.000929628, 0.00093768524
  -34.269595, 0.000753858, 0.00093768524
  -34.269595, 0.001187424, 0.00093768524
  -34.269595, 0.00089838, 0.00093768524
  -34.269595, 0.000824166, 0.00093768524
  -34.269595, 0.000949158, 0.00093768524
  -34.269595, 0.000910098, 0.00093768524
  -34.269595, 0.000824166, 0.00093768524
  -34.269595, 0.000988218, 0.00093768524
  -34.269595, 0.000988218, 0.00093768524
  -34.269595, 0.000863226, 0.00093768524
  -34.269595, 0.00087885, 0.00093768524
  -34.269595, 0.000906192, 0.00093768524
  -34.269595, 0.000835884, 0.00093768524
  -34.269595, 0.000726516, 0.00093768524
  -34.269595, 0.000867132, 0.00093768524
  -34.269595, 0.001078056, 0.00093768524
  -34.269595, 0.000894474, 0.00093768524
  -34.269595, 0.001003842, 0.00093768524
  -34.269595, 0.000902286, 0.00093768524
  -34.269595, 0.001031184, 0.00093768524
  -34.269595, 0.000792918, 0.00093768524
  -34.269595, 0.000792918, 0.00093768524
  -34.269595, 0.000863226, 0.00093768524
  -34.269595, 0.000656208, 0.00093768524
  -34.269595, 0.000785106, 0.00093768524
  -34.269595, 0.00093744, 0.00093768524
  -34.269595, 0.000910098, 0.00093768524
  -34.269595, 0.00107415, 0.00093768524
  -34.269595, 0.000667926, 0.00093768524
  -34.269595, 0.000785106, 0.00093768524
  -34.269595, 0.000660114, 0.00093768524
  -34.269595, 0.001007748, 0.00093768524
  -34.269595, 0.000785106, 0.00093768524
  -34.269595, 0.000910098, 0.00093768524
  -34.269595, 0.00062496, 0.00093768524
  -34.269595, 0.0007812, 0.00093768524
  -34.269595, 0.000835884, 0.00093768524
  -34.269595, 0.00093744, 0.00093768524
  -34.269595, 0.000992124, 0.00093768524
  -34.269595, 0.001031184, 0.00093768524
  -34.269595, 0.000914004, 0.00093768524
  -34.269595, 0.000855414, 0.00093768524
  -34.269595, 0.001070244, 0.00093768524
  -34.269595, 0.00107415, 0.00093768524
  -34.269595, 0.001285074, 0.00093768524
  -34.269595, 0.000941346, 0.00093768524
  -34.269595, 0.00076167, 0.00093768524
  -34.269595, 0.000933534, 0.00093768524
  -34.269595, 0.000925722, 0.00093768524
  -34.269595, 0.001128834, 0.00093768524
  -34.269595, 0.001038996, 0.00093768524
  -34.269595, 0.00062496, 0.00093768524
  -34.269595, 0.000914004, 0.00093768524
  -34.269595, 0.000867132, 0.00093768524
  -34.269595, 0.000738234, 0.00093768524
  -34.269595, 0.000910098, 0.00093768524
  -34.269595, 0.000886662, 0.00093768524
  -34.269595, 0.001062432, 0.00093768524
  -34.269595, 0.001027278, 0.00093768524
  -34.269595, 0.000921816, 0.00093768524
  -34.269595, 0.000980406, 0.00093768524
  -34.269595, 0.000730422, 0.00093768524
  -34.269595, 0.000871038, 0.00093768524
  -34.269595, 0.000777294, 0.00093768524
  -34.269595, 0.00080073, 0.00093768524
  -34.269595, 0.000984312, 0.00093768524
  -34.269595, 0.00095697, 0.00093768524
  -34.269595, 0.000804636, 0.00093768524
  -34.269595, 0.001027278, 0.00093768524
  -34.269595, 0.000949158, 0.00093768524
  -34.269595, 0.000769482, 0.00093768524
  -34.269595, 0.000851508, 0.00093768524
  -34.269595, 0.000789012, 0.00093768524
  -34.269595, 0.000874944, 0.00093768524
  -34.269595, 0.000851508, 0.00093768524
  -34.269595, 0.000921816, 0.00093768524
  -34.269595, 0.000718704, 0.00093768524
  -34.269595, 0.001101492, 0.00093768524
  -34.269595, 0.00103509, 0.00093768524
  -34.269595, 0.001085868, 0.00093768524
  -34.26314, 0.000960876, 0.00093825661
  -34.26314, 0.00095697, 0.00093825661
  -34.26314, 0.000992124, 0.00093825661
  -34.26314, 0.000824166, 0.00093825661
  -34.26314, 0.001070244, 0.00093825661
  -34.26314, 0.00099603, 0.00093825661
  -34.26314, 0.001234296, 0.00093825661
  -34.26314, 0.000906192, 0.00093825661
  -34.26314, 0.000710892, 0.00093825661
  -34.26314, 0.001097586, 0.00093825661
  -34.26314, 0.000831978, 0.00093825661
  -34.26314, 0.000941346, 0.00093825661
  -34.26314, 0.001101492, 0.00093825661
  -34.26314, 0.001167894, 0.00093825661
  -34.26314, 0.000949158, 0.00093825661
  -34.26314, 0.000867132, 0.00093825661
  -34.26314, 0.000765576, 0.00093825661
  -34.26314, 0.000980406, 0.00093825661
  -34.26314, 0.0007812, 0.00093825661
  -34.26314, 0.000835884, 0.00093825661
  -34.26314, 0.000886662, 0.00093825661
  -34.26314, 0.001156176, 0.00093825661
  -34.26314, 0.00103509, 0.00093825661
  -34.26314, 0.001179612, 0.00093825661
  -34.26314, 0.000929628, 0.00093825661
  -34.26314, 0.00119133, 0.00093825661
  -34.26314, 0.000882756, 0.00093825661
  -34.26314, 0.000835884, 0.00093825661
  -34.26314, 0.000902286, 0.00093825661
  -34.26314, 0.000710892, 0.00093825661
  -34.26314, 0.000945252, 0.00093825661
  -34.26314, 0.001003842, 0.00093825661
  -34.26314, 0.001097586, 0.00093825661
  -34.26314, 0.000792918, 0.00093825661
  -34.26314, 0.00095697, 0.00093825661
  -34.26314, 0.00121086, 0.00093825661
  -34.26314, 0.00080073, 0.00093825661
  -34.26314, 0.000847602, 0.00093825661
  -34.26314, 0.001031184, 0.00093825661
  -34.26314, 0.001003842, 0.00093825661
  -34.26314, 0.000831978, 0.00093825661
  -34.26314, 0.001136646, 0.00093825661
  -34.26314, 0.000933534, 0.00093825661
  -34.26314, 0.000816354, 0.00093825661
  -34.26314, 0.000999936, 0.00093825661
  -34.26314, 0.001003842, 0.00093825661
  -34.26314, 0.000816354, 0.00093825661
  -34.26314, 0.000726516, 0.00093825661
  -34.26314, 0.000667926, 0.00093825661
  -34.26314, 0.000992124, 0.00093825661
  -34.26314, 0.000984312, 0.00093825661
  -34.26314, 0.00072261, 0.00093825661
  -34.26314, 0.000902286, 0.00093825661
  -34.26314, 0.000640584, 0.00093825661
  -34.26314, 0.000929628, 0.00093825661
  -34.26314, 0.00113274, 0.00093825661
  -34.26314, 0.001011654, 0.00093825661
  -34.26314, 0.000886662, 0.00093825661
  -34.26314, 0.001003842, 0.00093825661
  -34.26314, 0.000792918, 0.00093825661
  -34.26314, 0.000765576, 0.00093825661
  -34.26314, 0.000984312, 0.00093825661
  -34.26314, 0.000765576, 0.00093825661
  -34.26314, 0.001089774, 0.00093825661
  -34.26314, 0.000886662, 0.00093825661
  -34.26314, 0.000816354, 0.00093825661
  -34.26314, 0.000906192, 0.00093825661
  -34.26314, 0.000984312, 0.00093825661
  -34.26314, 0.00099603, 0.00093825661
  -34.26314, 0.001019466, 0.00093825661
  -34.26314, 0.000843696, 0.00093825661
  -34.26314, 0.000851508, 0.00093825661
  -34.26314, 0.000953064, 0.00093825661
  -34.26314, 0.000835884, 0.00093825661
  -34.26314, 0.000945252, 0.00093825661
  -34.26314, 0.000796824, 0.00093825661
  -34.26314, 0.001140552, 0.00093825661
  -34.26314, 0.00091791, 0.00093825661
  -34.26314, 0.001265544, 0.00093825661
  -34.26314, 0.000964782, 0.00093825661
  -34.26314, 0.00093744, 0.00093825661
  -34.26314, 0.000601524, 0.00093825661
  -34.26314, 0.000894474, 0.00093825661
  -34.26314, 0.001011654, 0.00093825661
  -34.26314, 0.000769482, 0.00093825661
  -34.26314, 0.00089838, 0.00093825661
  -34.26314, 0.000785106, 0.00093825661
  -34.26314, 0.001081962, 0.00093825661
  -34.26314, 0.00123039, 0.00093825661
  -34.26314, 0.000886662, 0.00093825661
  -34.26314, 0.00089838, 0.00093825661
  -34.26314, 0.000972594, 0.00093825661
  -34.26314, 0.001078056, 0.00093825661
  -34.26314, 0.000999936, 0.00093825661
  -34.26314, 0.000910098, 0.00093825661
  -34.26314, 0.000796824, 0.00093825661
  -34.26314, 0.00080073, 0.00093825661
  -34.26314, 0.000656208, 0.00093825661
  -34.26314, 0.001058526, 0.00093825661
  -34.26314, 0.000968688, 0.00093825661
  -34.26314, 0.001062432, 0.00093825661
  -34.26314, 0.001085868, 0.00093825661
  -34.26314, 0.001038996, 0.00093825661
  -34.26314, 0.001121022, 0.00093825661
  -34.26314, 0.001156176, 0.00093825661
  -34.26314, 0.000679644, 0.00093825661
  -34.26314, 0.000933534, 0.00093825661
  -34.26314, 0.000710892, 0.00093825661
  -34.26314, 0.00101556, 0.00093825661
  -34.26314, 0.000847602, 0.00093825661
  -34.26314, 0.0009765, 0.00093825661
  -34.26314, 0.001187424, 0.00093825661
  -34.26314, 0.000831978, 0.00093825661
  -34.26314, 0.000675738, 0.00093825661
  -34.26314, 0.000808542, 0.00093825661
  -34.26314, 0.001081962, 0.00093825661
  -34.26314, 0.001038996, 0.00093825661
  -34.26314, 0.000949158, 0.00093825661
  -34.26314, 0.001078056, 0.00093825661
  -34.26314, 0.000886662, 0.00093825661
  -34.26314, 0.0009765, 0.00093825661
  -34.26314, 0.00101556, 0.00093825661
  -34.26314, 0.000964782, 0.00093825661
  -34.26314, 0.000953064, 0.00093825661
  -34.26314, 0.001062432, 0.00093825661
  -34.26314, 0.001003842, 0.00093825661
  -34.26314, 0.000964782, 0.00093825661
  -34.26314, 0.000980406, 0.00093825661
  -34.26314, 0.000734328, 0.00093825661
  -34.26314, 0.000863226, 0.00093825661
  -34.26314, 0.000910098, 0.00093825661
  -34.256685, 0.00091791, 0.00093882818
  -34.256685, 0.000531216, 0.00093882818
  -34.256685, 0.00082026, 0.00093882818
  -34.256685, 0.001203048, 0.00093882818
  -34.256685, 0.00105462, 0.00093882818
  -34.256685, 0.000636678, 0.00093882818
  -34.256685, 0.00099603, 0.00093882818
  -34.256685, 0.000902286, 0.00093882818
  -34.256685, 0.00072261, 0.00093882818
  -34.256685, 0.000812448, 0.00093882818
  -34.256685, 0.000949158, 0.00093882818
  -34.256685, 0.001058526, 0.00093882818
  -34.256685, 0.001187424, 0.00093882818
  -34.256685, 0.000851508, 0.00093882818
  -34.256685, 0.00085932, 0.00093882818
  -34.256685, 0.000730422, 0.00093882818
  -34.256685, 0.000749952, 0.00093882818
  -34.256685, 0.000949158, 0.00093882818
  -34.256685, 0.001058526, 0.00093882818
  -34.256685, 0.000902286, 0.00093882818
  -34.256685, 0.000972594, 0.00093882818
  -34.256685, 0.001140552, 0.00093882818
  -34.256685, 0.001023372, 0.00093882818
  -34.256685, 0.000988218, 0.00093882818
  -34.256685, 0.001031184, 0.00093882818
  -34.256685, 0.000941346, 0.00093882818
  -34.256685, 0.000824166, 0.00093882818
  -34.256685, 0.00085932, 0.00093882818
  -34.256685, 0.001042902, 0.00093882818
  -34.256685, 0.0005859, 0.00093882818
  -34.256685, 0.001117116, 0.00093882818
  -34.256685, 0.000769482, 0.00093882818
  -34.256685, 0.00099603, 0.00093882818
  -34.256685, 0.000972594, 0.00093882818
  -34.256685, 0.001031184, 0.00093882818
  -34.256685, 0.0009765, 0.00093882818
  -34.256685, 0.001078056, 0.00093882818
  -34.256685, 0.00105462, 0.00093882818
  -34.256685, 0.00085932, 0.00093882818
  -34.256685, 0.000824166, 0.00093882818
  -34.256685, 0.000949158, 0.00093882818
  -34.256685, 0.000730422, 0.00093882818
  -34.256685, 0.001031184, 0.00093882818
  -34.256685, 0.000843696, 0.00093882818
  -34.256685, 0.000894474, 0.00093882818
  -34.256685, 0.000960876, 0.00093882818
  -34.256685, 0.000902286, 0.00093882818
  -34.256685, 0.00087885, 0.00093882818
  -34.256685, 0.001124928, 0.00093882818
  -34.256685, 0.000867132, 0.00093882818
  -34.256685, 0.000964782, 0.00093882818
  -34.256685, 0.000734328, 0.00093882818
  -34.256685, 0.000964782, 0.00093882818
  -34.256685, 0.000906192, 0.00093882818
  -34.256685, 0.000988218, 0.00093882818
  -34.256685, 0.000796824, 0.00093882818
  -34.256685, 0.000789012, 0.00093882818
  -34.256685, 0.000992124, 0.00093882818
  -34.256685, 0.00082026, 0.00093882818
  -34.256685, 0.001070244, 0.00093882818
  -34.256685, 0.000835884, 0.00093882818
  -34.256685, 0.001128834, 0.00093882818
  -34.256685, 0.000972594, 0.00093882818
  -34.256685, 0.001163988, 0.00093882818
  -34.256685, 0.000863226, 0.00093882818
  -34.256685, 0.000753858, 0.00093882818
  -34.256685, 0.001121022, 0.00093882818
  -34.256685, 0.001109304, 0.00093882818
  -34.256685, 0.000804636, 0.00093882818
  -34.256685, 0.00101556, 0.00093882818
  -34.256685, 0.001148364, 0.00093882818
  -34.256685, 0.000679644, 0.00093882818
  -34.256685, 0.001124928, 0.00093882818
  -34.256685, 0.000894474, 0.00093882818
  -34.256685, 0.001097586, 0.00093882818
  -34.256685, 0.000980406, 0.00093882818
  -34.256685, 0.001046808, 0.00093882818
  -34.256685, 0.000890568, 0.00093882818
  -34.256685, 0.000831978, 0.00093882818
  -34.256685, 0.001175706, 0.00093882818
  -34.256685, 0.001121022, 0.00093882818
  -34.256685, 0.001179612, 0.00093882818
  -34.256685, 0.000843696, 0.00093882818
  -34.256685, 0.000773388, 0.00093882818
  -34.256685, 0.000652302, 0.00093882818
  -34.256685, 0.000949158, 0.00093882818
  -34.256685, 0.000972594, 0.00093882818
  -34.256685, 0.00087885, 0.00093882818
  -34.256685, 0.000960876, 0.00093882818
  -34.256685, 0.000984312, 0.00093882818
  -34.256685, 0.000773388, 0.00093882818
  -34.256685, 0.000777294, 0.00093882818
  -34.256685, 0.000953064, 0.00093882818
  -34.256685, 0.000855414, 0.00093882818
  -34.256685, 0.000921816, 0.00093882818
  -34.256685, 0.00085932, 0.00093882818
  -34.256685, 0.00105462, 0.00093882818
  -34.256685, 0.000949158, 0.00093882818
  -34.256685, 0.0007812, 0.00093882818
  -34.256685, 0.000730422, 0.00093882818
  -34.256685, 0.000902286, 0.00093882818
  -34.256685, 0.000960876, 0.00093882818
  -34.256685, 0.000949158, 0.00093882818
  -34.256685, 0.000867132, 0.00093882818
  -34.256685, 0.001136646, 0.00093882818
  -34.256685, 0.000867132, 0.00093882818
  -34.256685, 0.000988218, 0.00093882818
  -34.256685, 0.00083979, 0.00093882818
  -34.256685, 0.000867132, 0.00093882818
  -34.256685, 0.000886662, 0.00093882818
  -34.256685, 0.000828072, 0.00093882818
  -34.256685, 0.000812448, 0.00093882818
  -34.256685, 0.000925722, 0.00093882818
  -34.256685, 0.001144458, 0.00093882818
  -34.256685, 0.000871038, 0.00093882818
  -34.256685, 0.000914004, 0.00093882818
  -34.256685, 0.001027278, 0.00093882818
  -34.256685, 0.000882756, 0.00093882818
  -34.256685, 0.000734328, 0.00093882818
  -34.256685, 0.000882756, 0.00093882818
  -34.256685, 0.001187424, 0.00093882818
  -34.256685, 0.001011654, 0.00093882818
  -34.256685, 0.000945252, 0.00093882818
  -34.256685, 0.000890568, 0.00093882818
  -34.256685, 0.001218672, 0.00093882818
  -34.25023, 0.000734328, 0.00093939995
  -34.25023, 0.00082026, 0.00093939995
  -34.25023, 0.000968688, 0.00093939995
  -34.25023, 0.001175706, 0.00093939995
  -34.25023, 0.00080073, 0.00093939995
  -34.25023, 0.000914004, 0.00093939995
  -34.25023, 0.000617148, 0.00093939995
  -34.25023, 0.000980406, 0.00093939995
  -34.25023, 0.000835884, 0.00093939995
  -34.25023, 0.000804636, 0.00093939995
  -34.25023, 0.000777294, 0.00093939995
  -34.25023, 0.00087885, 0.00093939995
  -34.25023, 0.000968688, 0.00093939995
  -34.25023, 0.001046808, 0.00093939995
  -34.25023, 0.001128834, 0.00093939995
  -34.25023, 0.000706986, 0.00093939995
  -34.25023, 0.000874944, 0.00093939995
  -34.25023, 0.0007812, 0.00093939995
  -34.25023, 0.001019466, 0.00093939995
  -34.25023, 0.001257732, 0.00093939995
  -34.25023, 0.000621054, 0.00093939995
  -34.25023, 0.0007812, 0.00093939995
  -34.25023, 0.000921816, 0.00093939995
  -34.25023, 0.000855414, 0.00093939995
  -34.25023, 0.001105398, 0.00093939995
  -34.25023, 0.000828072, 0.00093939995
  -34.25023, 0.001007748, 0.00093939995
  -34.25023, 0.001163988, 0.00093939995
  -34.25023, 0.000835884, 0.00093939995
  -34.25023, 0.000851508, 0.00093939995
  -34.25023, 0.000968688, 0.00093939995
  -34.25023, 0.000902286, 0.00093939995
  -34.25023, 0.000960876, 0.00093939995
  -34.25023, 0.000933534, 0.00093939995
  -34.25023, 0.001121022, 0.00093939995
  -34.25023, 0.00091791, 0.00093939995
  -34.25023, 0.0007812, 0.00093939995
  -34.25023, 0.000867132, 0.00093939995
  -34.25023, 0.001101492, 0.00093939995
  -34.25023, 0.001019466, 0.00093939995
  -34.25023, 0.000785106, 0.00093939995
  -34.25023, 0.000695268, 0.00093939995
  -34.25023, 0.000804636, 0.00093939995
  -34.25023, 0.000730422, 0.00093939995
  -34.25023, 0.000589806, 0.00093939995
  -34.25023, 0.000765576, 0.00093939995
  -34.25023, 0.00082026, 0.00093939995
  -34.25023, 0.000910098, 0.00093939995
  -34.25023, 0.000960876, 0.00093939995
  -34.25023, 0.000871038, 0.00093939995
  -34.25023, 0.000874944, 0.00093939995
  -34.25023, 0.000949158, 0.00093939995
  -34.25023, 0.00093744, 0.00093939995
  -34.25023, 0.000773388, 0.00093939995
  -34.25023, 0.001085868, 0.00093939995
  -34.25023, 0.00095697, 0.00093939995
  -34.25023, 0.000992124, 0.00093939995
  -34.25023, 0.001003842, 0.00093939995
  -34.25023, 0.001081962, 0.00093939995
  -34.25023, 0.000738234, 0.00093939995
  -34.25023, 0.000621054, 0.00093939995
  -34.25023, 0.000726516, 0.00093939995
  -34.25023, 0.000808542, 0.00093939995
  -34.25023, 0.00068355, 0.00093939995
  -34.25023, 0.000796824, 0.00093939995
  -34.25023, 0.000718704, 0.00093939995
  -34.25023, 0.001050714, 0.00093939995
  -34.25023, 0.000882756, 0.00093939995
  -34.25023, 0.001023372, 0.00093939995
  -34.25023, 0.000730422, 0.00093939995
  -34.25023, 0.00095697, 0.00093939995
  -34.25023, 0.000902286, 0.00093939995
  -34.25023, 0.001070244, 0.00093939995
  -34.25023, 0.000660114, 0.00093939995
  -34.25023, 0.000960876, 0.00093939995
  -34.25023, 0.00095697, 0.00093939995
  -34.25023, 0.000945252, 0.00093939995
  -34.25023, 0.001203048, 0.00093939995
  -34.25023, 0.001038996, 0.00093939995
  -34.25023, 0.00111321, 0.00093939995
  -34.25023, 0.000812448, 0.00093939995
  -34.25023, 0.000902286, 0.00093939995
  -34.25023, 0.000906192, 0.00093939995
  -34.25023, 0.000941346, 0.00093939995
  -34.25023, 0.000890568, 0.00093939995
  -34.25023, 0.00101556, 0.00093939995
  -34.25023, 0.000992124, 0.00093939995
  -34.25023, 0.000914004, 0.00093939995
  -34.25023, 0.000824166, 0.00093939995
  -34.25023, 0.000628866, 0.00093939995
  -34.25023, 0.001031184, 0.00093939995
  -34.25023, 0.00109368, 0.00093939995
  -34.25023, 0.00099603, 0.00093939995
  -34.25023, 0.001101492, 0.00093939995
  -34.25023, 0.001011654, 0.00093939995
  -34.25023, 0.00099603, 0.00093939995
  -34.25023, 0.000828072, 0.00093939995
  -34.25023, 0.00080073, 0.00093939995
  -34.25023, 0.000816354, 0.00093939995
  -34.25023, 0.000886662, 0.00093939995
  -34.25023, 0.001046808, 0.00093939995
  -34.25023, 0.001085868, 0.00093939995
  -34.25023, 0.001187424, 0.00093939995
  -34.25023, 0.000863226, 0.00093939995
  -34.25023, 0.001121022, 0.00093939995
  -34.25023, 0.0007812, 0.00093939995
  -34.25023, 0.001121022, 0.00093939995
  -34.25023, 0.000769482, 0.00093939995
  -34.25023, 0.00089838, 0.00093939995
  -34.25023, 0.00070308, 0.00093939995
  -34.25023, 0.000972594, 0.00093939995
  -34.25023, 0.001378818, 0.00093939995
  -34.243775, 0.001101492, 0.00093997191
  -34.243775, 0.001019466, 0.00093997191
  -34.243775, 0.001101492, 0.00093997191
  -34.243775, 0.000980406, 0.00093997191
  -34.243775, 0.000980406, 0.00093997191
  -34.243775, 0.00089838, 0.00093997191
  -34.243775, 0.001085868, 0.00093997191
  -34.243775, 0.000914004, 0.00093997191
  -34.243775, 0.000925722, 0.00093997191
  -34.243775, 0.000960876, 0.00093997191
  -34.243775, 0.000843696, 0.00093997191
  -34.243775, 0.000808542, 0.00093997191
  -34.243775, 0.001011654, 0.00093997191
  -34.243775, 0.001050714, 0.00093997191
  -34.243775, 0.000914004, 0.00093997191
  -34.243775, 0.000914004, 0.00093997191
  -34.243775, 0.000597618, 0.00093997191
  -34.243775, 0.000636678, 0.00093997191
  -34.243775, 0.000972594, 0.00093997191
  -34.243775, 0.000831978, 0.00093997191
  -34.243775, 0.000886662, 0.00093997191
  -34.243775, 0.001109304, 0.00093997191
  -34.243775, 0.00113274, 0.00093997191
  -34.243775, 0.000968688, 0.00093997191
  -34.243775, 0.000960876, 0.00093997191
  -34.243775, 0.000949158, 0.00093997191
  -34.243775, 0.00113274, 0.00093997191
  -34.243775, 0.000949158, 0.00093997191
  -34.243775, 0.00072261, 0.00093997191
  -34.243775, 0.000992124, 0.00093997191
  -34.243775, 0.000699174, 0.00093997191
  -34.243775, 0.000882756, 0.00093997191
  -34.243775, 0.000808542, 0.00093997191
  -34.243775, 0.001038996, 0.00093997191
  -34.243775, 0.000714798, 0.00093997191
  -34.243775, 0.000831978, 0.00093997191
  -34.243775, 0.001070244, 0.00093997191
  -34.243775, 0.00085932, 0.00093997191
  -34.243775, 0.000925722, 0.00093997191
  -34.243775, 0.001105398, 0.00093997191
  -34.243775, 0.000941346, 0.00093997191
  -34.243775, 0.00103509, 0.00093997191
  -34.243775, 0.000968688, 0.00093997191
  -34.243775, 0.001062432, 0.00093997191
  -34.243775, 0.00082026, 0.00093997191
  -34.243775, 0.000699174, 0.00093997191
  -34.243775, 0.000824166, 0.00093997191
  -34.243775, 0.00093744, 0.00093997191
  -34.243775, 0.001148364, 0.00093997191
  -34.243775, 0.00111321, 0.00093997191
  -34.243775, 0.000953064, 0.00093997191
  -34.243775, 0.000773388, 0.00093997191
  -34.243775, 0.000687456, 0.00093997191
  -34.243775, 0.000999936, 0.00093997191
  -34.243775, 0.001136646, 0.00093997191
  -34.243775, 0.000855414, 0.00093997191
  -34.243775, 0.000999936, 0.00093997191
  -34.243775, 0.00076167, 0.00093997191
  -34.243775, 0.000581994, 0.00093997191
  -34.243775, 0.00080073, 0.00093997191
  -34.243775, 0.000824166, 0.00093997191
  -34.243775, 0.000851508, 0.00093997191
  -34.243775, 0.000843696, 0.00093997191
  -34.243775, 0.001046808, 0.00093997191
  -34.243775, 0.000843696, 0.00093997191
  -34.243775, 0.000851508, 0.00093997191
  -34.243775, 0.000757764, 0.00093997191
  -34.243775, 0.000851508, 0.00093997191
  -34.243775, 0.000851508, 0.00093997191
  -34.243775, 0.00107415, 0.00093997191
  -34.243775, 0.000921816, 0.00093997191
  -34.243775, 0.000687456, 0.00093997191
  -34.243775, 0.000902286, 0.00093997191
  -34.243775, 0.001206954, 0.00093997191
  -34.243775, 0.001062432, 0.00093997191
  -34.243775, 0.000921816, 0.00093997191
  -34.243775, 0.000992124, 0.00093997191
  -34.243775, 0.000843696, 0.00093997191
  -34.243775, 0.000851508, 0.00093997191
  -34.243775, 0.001046808, 0.00093997191
  -34.243775, 0.000882756, 0.00093997191
  -34.243775, 0.000863226, 0.00093997191
  -34.243775, 0.000792918, 0.00093997191
  -34.243775, 0.000867132, 0.00093997191
  -34.243775, 0.000789012, 0.00093997191
  -34.243775, 0.00085932, 0.00093997191
  -34.243775, 0.000824166, 0.00093997191
  -34.243775, 0.000933534, 0.00093997191
  -34.243775, 0.000753858, 0.00093997191
  -34.243775, 0.000804636, 0.00093997191
  -34.243775, 0.00085932, 0.00093997191
  -34.243775, 0.001121022, 0.00093997191
  -34.243775, 0.000941346, 0.00093997191
  -34.243775, 0.00109368, 0.00093997191
  -34.243775, 0.000921816, 0.00093997191
  -34.243775, 0.001218672, 0.00093997191
  -34.243775, 0.00105462, 0.00093997191
  -34.243775, 0.001117116, 0.00093997191
  -34.243775, 0.001140552, 0.00093997191
  -34.243775, 0.0009765, 0.00093997191
  -34.23732, 0.000949158, 0.00094054406
  -34.23732, 0.001148364, 0.00094054406
  -34.23732, 0.000574182, 0.00094054406
  -34.23732, 0.001175706, 0.00094054406
  -34.23732, 0.000964782, 0.00094054406
  -34.23732, 0.001046808, 0.00094054406
  -34.23732, 0.000835884, 0.00094054406
  -34.23732, 0.000796824, 0.00094054406
  -34.23732, 0.000863226, 0.00094054406
  -34.23732, 0.000890568, 0.00094054406
  -34.23732, 0.000882756, 0.00094054406
  -34.23732, 0.000980406, 0.00094054406
  -34.23732, 0.000984312, 0.00094054406
  -34.23732, 0.000789012, 0.00094054406
  -34.23732, 0.000921816, 0.00094054406
  -34.23732, 0.000749952, 0.00094054406
  -34.23732, 0.00072261, 0.00094054406
  -34.23732, 0.000874944, 0.00094054406
  -34.23732, 0.000699174, 0.00094054406
  -34.23732, 0.000785106, 0.00094054406
  -34.23732, 0.00083979, 0.00094054406
  -34.23732, 0.00093744, 0.00094054406
  -34.23732, 0.00119133, 0.00094054406
  -34.23732, 0.000867132, 0.00094054406
  -34.23732, 0.000968688, 0.00094054406
  -34.23732, 0.000871038, 0.00094054406
  -34.23732, 0.000597618, 0.00094054406
  -34.23732, 0.000871038, 0.00094054406
  -34.23732, 0.00085932, 0.00094054406
  -34.23732, 0.000824166, 0.00094054406
  -34.23732, 0.000726516, 0.00094054406
  -34.23732, 0.000828072, 0.00094054406
  -34.23732, 0.001081962, 0.00094054406
  -34.23732, 0.000835884, 0.00094054406
  -34.23732, 0.000757764, 0.00094054406
  -34.23732, 0.0009765, 0.00094054406
  -34.23732, 0.000992124, 0.00094054406
  -34.23732, 0.000757764, 0.00094054406
  -34.23732, 0.000984312, 0.00094054406
  -34.23732, 0.000753858, 0.00094054406
  -34.23732, 0.001038996, 0.00094054406
  -34.23732, 0.000804636, 0.00094054406
  -34.23732, 0.000792918, 0.00094054406
  -34.23732, 0.00107415, 0.00094054406
  -34.23732, 0.000941346, 0.00094054406
  -34.23732, 0.00085932, 0.00094054406
  -34.23732, 0.001081962, 0.00094054406
  -34.23732, 0.00087885, 0.00094054406
  -34.23732, 0.00107415, 0.00094054406
  -34.23732, 0.000960876, 0.00094054406
  -34.23732, 0.000777294, 0.00094054406
  -34.23732, 0.001109304, 0.00094054406
  -34.23732, 0.000749952, 0.00094054406
  -34.23732, 0.000929628, 0.00094054406
  -34.23732, 0.00099603, 0.00094054406
  -34.23732, 0.00121086, 0.00094054406
  -34.23732, 0.000933534, 0.00094054406
  -34.23732, 0.000808542, 0.00094054406
  -34.23732, 0.001058526, 0.00094054406
  -34.23732, 0.000581994, 0.00094054406
  -34.23732, 0.00095697, 0.00094054406
  -34.23732, 0.00085932, 0.00094054406
  -34.23732, 0.00082026, 0.00094054406
  -34.23732, 0.00099603, 0.00094054406
  -34.23732, 0.000988218, 0.00094054406
  -34.23732, 0.000999936, 0.00094054406
  -34.23732, 0.000863226, 0.00094054406
  -34.23732, 0.001214766, 0.00094054406
  -34.23732, 0.000999936, 0.00094054406
  -34.23732, 0.000867132, 0.00094054406
  -34.23732, 0.000999936, 0.00094054406
  -34.23732, 0.000824166, 0.00094054406
  -34.23732, 0.000847602, 0.00094054406
  -34.23732, 0.000960876, 0.00094054406
  -34.23732, 0.000710892, 0.00094054406
  -34.23732, 0.000964782, 0.00094054406
  -34.23732, 0.00076167, 0.00094054406
  -34.23732, 0.00113274, 0.00094054406
  -34.23732, 0.000851508, 0.00094054406
  -34.23732, 0.00083979, 0.00094054406
  -34.23732, 0.000871038, 0.00094054406
  -34.23732, 0.00083979, 0.00094054406
  -34.230865, 0.000835884, 0.00094111641
  -34.230865, 0.000749952, 0.00094111641
  -34.230865, 0.000992124, 0.00094111641
  -34.230865, 0.001128834, 0.00094111641
  -34.230865, 0.000988218, 0.00094111641
  -34.230865, 0.000874944, 0.00094111641
  -34.230865, 0.000804636, 0.00094111641
  -34.230865, 0.000921816, 0.00094111641
  -34.230865, 0.001085868, 0.00094111641
  -34.230865, 0.001058526, 0.00094111641
  -34.230865, 0.00101556, 0.00094111641
  -34.230865, 0.000730422, 0.00094111641
  -34.230865, 0.001066338, 0.00094111641
  -34.230865, 0.000874944, 0.00094111641
  -34.230865, 0.0009765, 0.00094111641
  -34.230865, 0.00099603, 0.00094111641
  -34.230865, 0.001117116, 0.00094111641
  -34.230865, 0.001003842, 0.00094111641
  -34.230865, 0.00076167, 0.00094111641
  -34.230865, 0.000933534, 0.00094111641
  -34.230865, 0.000882756, 0.00094111641
  -34.230865, 0.00101556, 0.00094111641
  -34.230865, 0.000890568, 0.00094111641
  -34.230865, 0.00070308, 0.00094111641
  -34.230865, 0.001023372, 0.00094111641
  -34.230865, 0.000960876, 0.00094111641
  -34.230865, 0.00095697, 0.00094111641
  -34.230865, 0.000972594, 0.00094111641
  -34.230865, 0.000749952, 0.00094111641
  -34.230865, 0.001007748, 0.00094111641
  -34.230865, 0.000902286, 0.00094111641
  -34.230865, 0.001105398, 0.00094111641
  -34.230865, 0.001031184, 0.00094111641
  -34.230865, 0.001183518, 0.00094111641
  -34.230865, 0.000960876, 0.00094111641
  -34.230865, 0.001011654, 0.00094111641
  -34.230865, 0.001027278, 0.00094111641
  -34.230865, 0.001160082, 0.00094111641
  -34.230865, 0.001187424, 0.00094111641
  -34.230865, 0.00099603, 0.00094111641
  -34.230865, 0.000695268, 0.00094111641
  -34.230865, 0.000925722, 0.00094111641
  -34.230865, 0.000777294, 0.00094111641
  -34.230865, 0.000906192, 0.00094111641
  -34.230865, 0.000929628, 0.00094111641
  -34.230865, 0.000949158, 0.00094111641
  -34.230865, 0.000980406, 0.00094111641
  -34.230865, 0.00085932, 0.00094111641
  -34.230865, 0.00095697, 0.00094111641
  -34.230865, 0.00107415, 0.00094111641
  -34.230865, 0.000867132, 0.00094111641
  -34.230865, 0.00082026, 0.00094111641
  -34.230865, 0.000824166, 0.00094111641
  -34.230865, 0.000710892, 0.00094111641
  -34.230865, 0.000660114, 0.00094111641
  -34.230865, 0.000882756, 0.00094111641
  -34.230865, 0.000999936, 0.00094111641
  -34.230865, 0.001066338, 0.00094111641
  -34.230865, 0.000789012, 0.00094111641
  -34.230865, 0.00074214, 0.00094111641
  -34.230865, 0.000621054, 0.00094111641
  -34.230865, 0.001117116, 0.00094111641
  -34.230865, 0.000718704, 0.00094111641
  -34.230865, 0.000710892, 0.00094111641
  -34.230865, 0.000863226, 0.00094111641
  -34.230865, 0.000890568, 0.00094111641
  -34.22441, 0.000871038, 0.00094168896
  -34.22441, 0.00107415, 0.00094168896
  -34.22441, 0.000835884, 0.00094168896
  -34.22441, 0.000953064, 0.00094168896
  -34.22441, 0.000679644, 0.00094168896
  -34.22441, 0.001144458, 0.00094168896
  -34.22441, 0.000824166, 0.00094168896
  -34.22441, 0.000960876, 0.00094168896
  -34.22441, 0.000964782, 0.00094168896
  -34.22441, 0.000753858, 0.00094168896
  -34.22441, 0.000886662, 0.00094168896
  -34.22441, 0.000699174, 0.00094168896
  -34.22441, 0.00099603, 0.00094168896
  -34.22441, 0.000851508, 0.00094168896
  -34.22441, 0.001140552, 0.00094168896
  -34.22441, 0.000999936, 0.00094168896
  -34.22441, 0.000964782, 0.00094168896
  -34.22441, 0.000785106, 0.00094168896
  -34.22441, 0.000941346, 0.00094168896
  -34.22441, 0.000988218, 0.00094168896
  -34.22441, 0.000843696, 0.00094168896
  -34.22441, 0.000910098, 0.00094168896
  -34.22441, 0.001206954, 0.00094168896
  -34.22441, 0.000769482, 0.00094168896
  -34.22441, 0.00093744, 0.00094168896
  -34.22441, 0.000953064, 0.00094168896
  -34.22441, 0.000964782, 0.00094168896
  -34.22441, 0.00080073, 0.00094168896
  -34.22441, 0.001214766, 0.00094168896
  -34.22441, 0.001011654, 0.00094168896
  -34.22441, 0.000984312, 0.00094168896
  -34.22441, 0.000988218, 0.00094168896
  -34.22441, 0.000867132, 0.00094168896
  -34.22441, 0.000992124, 0.00094168896
  -34.22441, 0.000671832, 0.00094168896
  -34.22441, 0.00080073, 0.00094168896
  -34.22441, 0.000679644, 0.00094168896
  -34.22441, 0.001019466, 0.00094168896
  -34.22441, 0.00083979, 0.00094168896
  -34.22441, 0.000816354, 0.00094168896
  -34.22441, 0.00083979, 0.00094168896
  -34.22441, 0.00107415, 0.00094168896
  -34.22441, 0.001058526, 0.00094168896
  -34.22441, 0.00111321, 0.00094168896
  -34.22441, 0.000964782, 0.00094168896
  -34.22441, 0.000757764, 0.00094168896
  -34.22441, 0.000789012, 0.00094168896
  -34.22441, 0.001144458, 0.00094168896
  -34.22441, 0.00087885, 0.00094168896
  -34.22441, 0.000945252, 0.00094168896
  -34.22441, 0.001003842, 0.00094168896
  -34.22441, 0.000855414, 0.00094168896
  -34.22441, 0.000679644, 0.00094168896
  -34.22441, 0.000730422, 0.00094168896
  -34.22441, 0.001187424, 0.00094168896
  -34.22441, 0.001062432, 0.00094168896
  -34.217955, 0.000949158, 0.0009422617
  -34.217955, 0.000921816, 0.0009422617
  -34.217955, 0.000992124, 0.0009422617
  -34.217955, 0.000718704, 0.0009422617
  -34.217955, 0.001222578, 0.0009422617
  -34.217955, 0.00099603, 0.0009422617
  -34.217955, 0.000929628, 0.0009422617
  -34.217955, 0.000999936, 0.0009422617
  -34.217955, 0.000968688, 0.0009422617
  -34.217955, 0.000777294, 0.0009422617
  -34.217955, 0.001062432, 0.0009422617
  -34.217955, 0.001144458, 0.0009422617
  -34.217955, 0.00089838, 0.0009422617
  -34.217955, 0.001003842, 0.0009422617
  -34.217955, 0.000835884, 0.0009422617
  -34.217955, 0.00082026, 0.0009422617
  -34.217955, 0.000855414, 0.0009422617
  -34.217955, 0.000910098, 0.0009422617
  -34.217955, 0.001023372, 0.0009422617
  -34.217955, 0.001097586, 0.0009422617
  -34.217955, 0.000925722, 0.0009422617
  -34.217955, 0.001085868, 0.0009422617
  -34.217955, 0.00080073, 0.0009422617
  -34.217955, 0.000796824, 0.0009422617
  -34.217955, 0.001003842, 0.0009422617
  -34.217955, 0.000988218, 0.0009422617
  -34.217955, 0.001042902, 0.0009422617
  -34.217955, 0.00113274, 0.0009422617
  -34.217955, 0.000968688, 0.0009422617
  -34.217955, 0.000988218, 0.0009422617
  -34.217955, 0.001078056, 0.0009422617
  -34.217955, 0.000894474, 0.0009422617
  -34.217955, 0.000828072, 0.0009422617
  -34.217955, 0.000933534, 0.0009422617
  -34.217955, 0.000902286, 0.0009422617
  -34.217955, 0.000968688, 0.0009422617
  -34.217955, 0.00095697, 0.0009422617
  -34.217955, 0.001081962, 0.0009422617
  -34.217955, 0.00087885, 0.0009422617
  -34.217955, 0.000531216, 0.0009422617
  -34.217955, 0.00085932, 0.0009422617
  -34.217955, 0.000902286, 0.0009422617
  -34.217955, 0.001105398, 0.0009422617
  -34.217955, 0.000890568, 0.0009422617
  -34.217955, 0.000726516, 0.0009422617
  -34.217955, 0.000628866, 0.0009422617
  -34.217955, 0.001257732, 0.0009422617
  -34.217955, 0.000628866, 0.0009422617
  -34.217955, 0.0011718, 0.0009422617
  -34.217955, 0.000847602, 0.0009422617
  -34.217955, 0.000972594, 0.0009422617
  -34.217955, 0.001003842, 0.0009422617
  -34.2115, 0.001011654, 0.00094283464
  -34.2115, 0.000871038, 0.00094283464
  -34.2115, 0.001023372, 0.00094283464
  -34.2115, 0.00093744, 0.00094283464
  -34.2115, 0.00089838, 0.00094283464
  -34.2115, 0.000925722, 0.00094283464
  -34.2115, 0.001050714, 0.00094283464
  -34.2115, 0.00111321, 0.00094283464
  -34.2115, 0.00101556, 0.00094283464
  -34.2115, 0.000847602, 0.00094283464
  -34.2115, 0.000992124, 0.00094283464
  -34.2115, 0.00070308, 0.00094283464
  -34.2115, 0.0007812, 0.00094283464
  -34.2115, 0.000910098, 0.00094283464
  -34.2115, 0.000886662, 0.00094283464
  -34.2115, 0.00109368, 0.00094283464
  -34.2115, 0.000980406, 0.00094283464
  -34.2115, 0.000785106, 0.00094283464
  -34.2115, 0.000785106, 0.00094283464
  -34.2115, 0.000953064, 0.00094283464
  -34.2115, 0.00093744, 0.00094283464
  -34.2115, 0.00066402, 0.00094283464
  -34.2115, 0.001183518, 0.00094283464
  -34.2115, 0.00076167, 0.00094283464
  -34.2115, 0.000652302, 0.00094283464
  -34.2115, 0.000679644, 0.00094283464
  -34.2115, 0.001160082, 0.00094283464
  -34.2115, 0.001031184, 0.00094283464
  -34.2115, 0.000914004, 0.00094283464
  -34.2115, 0.000863226, 0.00094283464
  -34.2115, 0.00115227, 0.00094283464
  -34.2115, 0.000843696, 0.00094283464
  -34.2115, 0.000699174, 0.00094283464
  -34.2115, 0.001007748, 0.00094283464
  -34.2115, 0.000785106, 0.00094283464
  -34.2115, 0.001121022, 0.00094283464
  -34.2115, 0.000925722, 0.00094283464
  -34.2115, 0.00052731, 0.00094283464
  -34.2115, 0.00105462, 0.00094283464
  -34.2115, 0.00111321, 0.00094283464
  -34.2115, 0.001019466, 0.00094283464
  -34.2115, 0.000882756, 0.00094283464
  -34.2115, 0.000925722, 0.00094283464
  -34.2115, 0.000835884, 0.00094283464
  -34.2115, 0.000828072, 0.00094283464
  -34.2115, 0.000949158, 0.00094283464
  -34.2115, 0.000988218, 0.00094283464
  -34.2115, 0.00107415, 0.00094283464
  -34.205045, 0.000953064, 0.00094340778
  -34.205045, 0.001038996, 0.00094340778
  -34.205045, 0.000921816, 0.00094340778
  -34.205045, 0.001167894, 0.00094340778
  -34.205045, 0.000964782, 0.00094340778
  -34.205045, 0.00101556, 0.00094340778
  -34.205045, 0.000867132, 0.00094340778
  -34.205045, 0.000874944, 0.00094340778
  -34.205045, 0.000980406, 0.00094340778
  -34.205045, 0.00113274, 0.00094340778
  -34.205045, 0.001023372, 0.00094340778
  -34.205045, 0.000867132, 0.00094340778
  -34.205045, 0.000871038, 0.00094340778
  -34.205045, 0.001031184, 0.00094340778
  -34.205045, 0.00074214, 0.00094340778
  -34.205045, 0.001089774, 0.00094340778
  -34.205045, 0.000812448, 0.00094340778
  -34.205045, 0.000562464, 0.00094340778
  -34.205045, 0.000992124, 0.00094340778
  -34.205045, 0.000906192, 0.00094340778
  -34.205045, 0.000871038, 0.00094340778
  -34.205045, 0.000695268, 0.00094340778
  -34.205045, 0.00095697, 0.00094340778
  -34.205045, 0.000695268, 0.00094340778
  -34.205045, 0.000988218, 0.00094340778
  -34.205045, 0.00111321, 0.00094340778
  -34.205045, 0.00080073, 0.00094340778
  -34.205045, 0.00101556, 0.00094340778
  -34.205045, 0.00089838, 0.00094340778
  -34.205045, 0.00080073, 0.00094340778
  -34.205045, 0.000874944, 0.00094340778
  -34.205045, 0.001124928, 0.00094340778
  -34.19859, 0.000738234, 0.00094398111
  -34.19859, 0.001101492, 0.00094398111
  -34.19859, 0.000796824, 0.00094398111
  -34.19859, 0.00101556, 0.00094398111
  -34.19859, 0.001007748, 0.00094398111
  -34.19859, 0.000906192, 0.00094398111
  -34.19859, 0.001081962, 0.00094398111
  -34.19859, 0.000933534, 0.00094398111
  -34.19859, 0.000871038, 0.00094398111
  -34.19859, 0.00095697, 0.00094398111
  -34.19859, 0.001078056, 0.00094398111
  -34.19859, 0.001121022, 0.00094398111
  -34.19859, 0.000925722, 0.00094398111
  -34.19859, 0.000929628, 0.00094398111
  -34.19859, 0.000812448, 0.00094398111
  -34.19859, 0.000964782, 0.00094398111
  -34.19859, 0.001038996, 0.00094398111
  -34.19859, 0.00048825, 0.00094398111
  -34.19859, 0.000968688, 0.00094398111
  -34.19859, 0.000992124, 0.00094398111
  -34.19859, 0.000714798, 0.00094398111
  -34.19859, 0.000941346, 0.00094398111
  -34.19859, 0.000886662, 0.00094398111
  -34.19859, 0.000804636, 0.00094398111
  -34.19859, 0.001019466, 0.00094398111
  -34.19859, 0.001046808, 0.00094398111
  -34.192135, 0.000773388, 0.00094455463
  -34.192135, 0.001050714, 0.00094455463
  -34.192135, 0.000828072, 0.00094455463
  -34.192135, 0.001011654, 0.00094455463
  -34.192135, 0.000894474, 0.00094455463
  -34.192135, 0.00082026, 0.00094455463
  -34.192135, 0.000828072, 0.00094455463
  -34.192135, 0.000679644, 0.00094455463
  -34.192135, 0.001121022, 0.00094455463
  -34.192135, 0.00089838, 0.00094455463
  -34.192135, 0.001011654, 0.00094455463
  -34.192135, 0.000824166, 0.00094455463
  -34.192135, 0.001128834, 0.00094455463
  -34.192135, 0.001011654, 0.00094455463
  -34.192135, 0.000718704, 0.00094455463
  -34.192135, 0.001109304, 0.00094455463
  -34.192135, 0.001046808, 0.00094455463
  -34.192135, 0.000968688, 0.00094455463
  -34.192135, 0.001085868, 0.00094455463
  -34.192135, 0.000882756, 0.00094455463
  -34.192135, 0.000886662, 0.00094455463
  -34.192135, 0.00095697, 0.00094455463
  -34.192135, 0.000714798, 0.00094455463
  -34.192135, 0.000925722, 0.00094455463
  -34.192135, 0.000773388, 0.00094455463
  -34.192135, 0.0007812, 0.00094455463
  -34.192135, 0.001007748, 0.00094455463
  -34.18568, 0.000574182, 0.00094512836
  -34.18568, 0.00082026, 0.00094512836
  -34.18568, 0.000593712, 0.00094512836
  -34.18568, 0.000796824, 0.00094512836
  -34.18568, 0.000874944, 0.00094512836
  -34.18568, 0.000863226, 0.00094512836
  -34.18568, 0.00072261, 0.00094512836
  -34.18568, 0.000953064, 0.00094512836
  -34.18568, 0.001121022, 0.00094512836
  -34.18568, 0.00076167, 0.00094512836
  -34.18568, 0.000945252, 0.00094512836
  -34.18568, 0.000824166, 0.00094512836
  -34.18568, 0.000921816, 0.00094512836
  -34.18568, 0.000980406, 0.00094512836
  -34.18568, 0.000828072, 0.00094512836
  -34.18568, 0.000902286, 0.00094512836
  -34.18568, 0.001042902, 0.00094512836
  -34.18568, 0.000851508, 0.00094512836
  -34.18568, 0.000992124, 0.00094512836
  -34.18568, 0.00089838, 0.00094512836
  -34.18568, 0.000867132, 0.00094512836
  -34.18568, 0.00082026, 0.00094512836
  -34.18568, 0.001046808, 0.00094512836
  -34.18568, 0.000964782, 0.00094512836
  -34.18568, 0.000835884, 0.00094512836
  -34.18568, 0.00083979, 0.00094512836
  -34.18568, 0.001089774, 0.00094512836
  -34.179225, 0.00089838, 0.00094570228
  -34.179225, 0.000914004, 0.00094570228
  -34.179225, 0.000863226, 0.00094570228
  -34.179225, 0.001038996, 0.00094570228
  -34.179225, 0.00089838, 0.00094570228
  -34.179225, 0.00089838, 0.00094570228
  -34.179225, 0.00074214, 0.00094570228
  -34.179225, 0.001027278, 0.00094570228
  -34.179225, 0.000773388, 0.00094570228
  -34.179225, 0.000789012, 0.00094570228
  -34.179225, 0.000828072, 0.00094570228
  -34.179225, 0.001007748, 0.00094570228
  -34.17277, 0.000867132, 0.00094627639
  -34.17277, 0.00095697, 0.00094627639
  -34.17277, 0.000789012, 0.00094627639
  -34.17277, 0.000867132, 0.00094627639
  -34.17277, 0.000968688, 0.00094627639
  -34.17277, 0.000925722, 0.00094627639
  -34.17277, 0.00085932, 0.00094627639
  -34.17277, 0.001031184, 0.00094627639
  -34.17277, 0.000914004, 0.00094627639
  -34.17277, 0.000921816, 0.00094627639
  -34.166315, 0.001070244, 0.0009468507
  -34.166315, 0.000753858, 0.0009468507
  -34.166315, 0.000831978, 0.0009468507
  -34.166315, 0.000999936, 0.0009468507
  -34.166315, 0.00101556, 0.0009468507
  -34.166315, 0.000863226, 0.0009468507
  -34.15986, 0.00083979, 0.00094742521
  -34.15986, 0.00091791, 0.00094742521
  -34.15986, 0.000906192, 0.00094742521
  -34.15986, 0.001160082, 0.00094742521
  -34.15986, 0.000777294, 0.00094742521
  -34.15986, 0.000867132, 0.00094742521
  -34.153405, 0.001105398, 0.00094799992
  -34.14695, 0.000925722, 0.00094857482
  -34.13404, 0.00103509, 0.00094972521
  -34.101765, 0.000980406, 0.00095260462
  -34.101765, 0.00087885, 0.00095260462
  -34.101765, 0.000863226, 0.00095260462
  -34.09531, 0.000960876, 0.0009531811
  -34.088855, 0.000894474, 0.00095375776
  -34.0824, 0.000894474, 0.00095433463
  -34.06949, 0.001062432, 0.00095548895
  -34.06949, 0.000789012, 0.00095548895
  -34.063035, 0.001101492, 0.00095606641
  -34.04367, 0.001042902, 0.00095779996
  -34.037215, 0.001121022, 0.00095837821
  -34.024305, 0.001062432, 0.00095953529
  -34.011395, 0.001089774, 0.00096069316
  -33.985575, 0.001109304, 0.00096301127
  -33.96621, 0.000921816, 0.00096475192
  -33.94039, 0.00083979, 0.00096707556
  -33.94039, 0.00091791, 0.00096707556
  -33.94039, 0.00105462, 0.00096707556
  -33.91457, 0.000925722, 0.00096940236
  -33.90166, 0.00085932, 0.00097056695
  -33.90166, 0.000882756, 0.00097056695
  -33.90166, 0.0009765, 0.00097056695
  -33.895205, 0.000851508, 0.00097114954
  -33.88875, 0.000831978, 0.00097173232
  -33.882295, 0.000929628, 0.00097231531
  -33.87584, 0.000796824, 0.0009728985
  -33.869385, 0.00109368, 0.00097348188
  -33.869385, 0.000921816, 0.00097348188
  -33.856475, 0.000960876, 0.00097464924
  -33.85002, 0.001128834, 0.00097523322
  -33.8242, 0.001023372, 0.00097757111
  -33.817745, 0.000765576, 0.00097815608
  -33.804835, 0.00095697, 0.00097932661
  -33.79838, 0.001222578, 0.00097991218
  -33.75965, 0.001199142, 0.00098342974
  -33.753195, 0.001265544, 0.00098401669
  -33.74674, 0.000843696, 0.00098460385
  -33.73383, 0.000921816, 0.00098577876
  -33.727375, 0.001160082, 0.00098636651
  -33.72092, 0.000929628, 0.00098695446
  -33.72092, 0.000890568, 0.00098695446
  -33.714465, 0.001160082, 0.00098754261
  -33.714465, 0.000984312, 0.00098754261
  -33.70801, 0.001023372, 0.00098813096
  -33.70801, 0.001167894, 0.00098813096
  -33.701555, 0.000890568, 0.00098871951
  -33.68219, 0.001140552, 0.00099048635
  -33.675735, 0.00095697, 0.00099107569
  -33.66928, 0.00107415, 0.00099166524
  -33.66928, 0.001031184, 0.00099166524
  -33.662825, 0.001027278, 0.00099225498
  -33.65637, 0.001105398, 0.00099284492
  -33.65637, 0.001046808, 0.00099284492
  -33.65637, 0.00093744, 0.00099284492
  -33.649915, 0.000949158, 0.00099343507
  -33.649915, 0.000992124, 0.00099343507
  -33.64346, 0.001058526, 0.00099402541
  -33.637005, 0.00119133, 0.00099461595
  -33.637005, 0.000796824, 0.00099461595
  -33.63055, 0.000851508, 0.0009952067
  -33.624095, 0.000648396, 0.00099579764
  -33.624095, 0.001140552, 0.00099579764
  -33.61764, 0.00082026, 0.00099638878
  -33.61764, 0.001195236, 0.00099638878
  -33.61764, 0.000894474, 0.00099638878
  -33.611185, 0.00109368, 0.00099698012
  -33.60473, 0.000914004, 0.00099757166
  -33.60473, 0.001050714, 0.00099757166
  -33.585365, 0.00128898, 0.00099934748
  -33.585365, 0.001031184, 0.00099934748
  -33.566, 0.001320228, 0.0010011251
  -33.520815, 0.001410066, 0.0010052799
  -33.51436, 0.001062432, 0.0010058742
  -33.50145, 0.001097586, 0.0010070635
  -33.494995, 0.001031184, 0.0010076585
  -33.494995, 0.001105398, 0.0010076585
  -33.482085, 0.000929628, 0.001008849
  -33.482085, 0.00103509, 0.001008849
  -33.482085, 0.001195236, 0.001008849
  -33.482085, 0.00113274, 0.001008849
  -33.482085, 0.001109304, 0.001008849
  -33.482085, 0.00066402, 0.001008849
  -33.47563, 0.001031184, 0.0010094445
  -33.47563, 0.000945252, 0.0010094445
  -33.469175, 0.000984312, 0.0010100403
  -33.469175, 0.00082026, 0.0010100403
  -33.469175, 0.00076167, 0.0010100403
  -33.46272, 0.000949158, 0.0010106362
  -33.46272, 0.000804636, 0.0010106362
  -33.456265, 0.001085868, 0.0010112324
  -33.44981, 0.001156176, 0.0010118287
  -33.430445, 0.001179612, 0.001013619
  -33.430445, 0.00099603, 0.001013619
  -33.430445, 0.001214766, 0.001013619
  -33.430445, 0.001058526, 0.001013619
  -33.42399, 0.000906192, 0.0010142161
  -33.42399, 0.000929628, 0.0010142161
  -33.39817, 0.001007748, 0.0010166067
  -33.39817, 0.001062432, 0.0010166067
  -33.38526, 0.001038996, 0.0010178032
  -33.365895, 0.001281168, 0.0010195995
  -33.327165, 0.001296792, 0.0010231975
  -33.327165, 0.001300698, 0.0010231975
  -33.314255, 0.001163988, 0.0010243985
  -33.301345, 0.001499904, 0.0010256003
  -33.301345, 0.00113274, 0.0010256003
  -33.301345, 0.000992124, 0.0010256003
  -33.301345, 0.000812448, 0.0010256003
  -33.29489, 0.000656208, 0.0010262014
  -33.29489, 0.000773388, 0.0010262014
  -33.29489, 0.000988218, 0.0010262014
  -33.29489, 0.00093744, 0.0010262014
  -33.288435, 0.001117116, 0.0010268028
  -33.28198, 0.000851508, 0.0010274044
  -33.275525, 0.000597618, 0.0010280062
  -33.26907, 0.001261638, 0.0010286082
  -33.25616, 0.001046808, 0.0010298128
  -33.25616, 0.001199142, 0.0010298128
  -33.24325, 0.001195236, 0.0010310182
  -33.223885, 0.001214766, 0.0010328278
  -33.198065, 0.00123039, 0.0010352434
  -33.198065, 0.00099603, 0.0010352434
  -33.185155, 0.001105398, 0.0010364524
  -33.185155, 0.000933534, 0.0010364524
  -33.185155, 0.000753858, 0.0010364524
  -33.1787, 0.001179612, 0.0010370573
  -33.1787, 0.000828072, 0.0010370573
  -33.159335, 0.00103509, 0.0010388729
  -33.146425, 0.001031184, 0.0010400844
  -33.146425, 0.000933534, 0.0010400844
  -33.13997, 0.00091791, 0.0010406904
  -33.133515, 0.00076167, 0.0010412967
  -33.12706, 0.00121086, 0.0010419031
  -33.12706, 0.000730422, 0.0010419031
  -33.120605, 0.001066338, 0.0010425098
  -33.08833, 0.001222578, 0.001045546
  -33.08833, 0.001117116, 0.001045546
  -33.07542, 0.001296792, 0.001046762
  -33.06251, 0.001199142, 0.0010479787
  -33.0496, 0.000988218, 0.0010491963
  -33.043145, 0.00105462, 0.0010498054
  -33.017325, 0.001070244, 0.0010522437
  -33.017325, 0.000968688, 0.0010522437
  -33.01087, 0.000984312, 0.0010528538
  -33.01087, 0.001042902, 0.0010528538
  -32.991505, 0.001121022, 0.0010546854
  -32.991505, 0.00095697, 0.0010546854
  -32.978595, 0.001078056, 0.0010559074
  -32.978595, 0.001148364, 0.0010559074
  -32.95923, 0.001124928, 0.001057742
  -32.94632, 0.001101492, 0.0010589661
  -32.9205, 0.001144458, 0.0010614167
  -32.9205, 0.001124928, 0.0010614167
  -32.90759, 0.001085868, 0.0010626432
  -32.88177, 0.000972594, 0.0010650987
  -32.875315, 0.000953064, 0.0010657131
  -32.86886, 0.000914004, 0.0010663277
  -32.85595, 0.000851508, 0.0010675575
  -32.85595, 0.000968688, 0.0010675575
  -32.849495, 0.001109304, 0.0010681727
  -32.849495, 0.001019466, 0.0010681727
  -32.84304, 0.000871038, 0.0010687881
  -32.836585, 0.001046808, 0.0010694037
  -32.83013, 0.000769482, 0.0010700196
  -32.81722, 0.001003842, 0.0010712518
  -32.797855, 0.001136646, 0.0010731018
  -32.784945, 0.001144458, 0.0010743361
  -32.77849, 0.00121086, 0.0010749535
  -32.772035, 0.001081962, 0.0010755712
  -32.746215, 0.001042902, 0.0010780439
  -32.72685, 0.001140552, 0.0010799006
  -32.707485, 0.00134757, 0.0010817592
  -32.668755, 0.00119133, 0.0010854818
  -32.6623, 0.001324134, 0.001086103
  -32.655845, 0.001058526, 0.0010867244
  -32.630025, 0.001222578, 0.0010892119
  -32.617115, 0.001441314, 0.0010904569
  -32.58484, 0.001128834, 0.001093573
  -32.578385, 0.001203048, 0.0010941969
  -32.552565, 0.001320228, 0.0010966943
  -32.539655, 0.000914004, 0.0010979443
  -32.5332, 0.00109368, 0.0010985696
  -32.49447, 0.00115227, 0.0011023257
  -32.488015, 0.001121022, 0.0011029524
  -32.46865, 0.001105398, 0.0011048339
  -32.462195, 0.000933534, 0.0011054614
  -32.45574, 0.00113274, 0.0011060892
  -32.423465, 0.00132804, 0.0011092312
  -32.384735, 0.001378818, 0.0011130084
  -32.35246, 0.00123039, 0.0011161619
  -32.346005, 0.001097586, 0.0011167932
  -32.346005, 0.001187424, 0.0011167932
  -32.33955, 0.001038996, 0.0011174247
  -32.333095, 0.001136646, 0.0011180564
  -32.32664, 0.00107415, 0.0011186883
  -32.32664, 0.000984312, 0.0011186883
  -32.320185, 0.000871038, 0.0011193205
  -32.30082, 0.0011718, 0.0011212181
  -32.30082, 0.001097586, 0.0011212181
  -32.28791, 0.001070244, 0.0011224843
  -32.28791, 0.001003842, 0.0011224843
  -32.281455, 0.00113274, 0.0011231177
  -32.281455, 0.000953064, 0.0011231177
  -32.268545, 0.001206954, 0.0011243851
  -32.255635, 0.00099603, 0.0011256533
  -32.255635, 0.000988218, 0.0011256533
  -32.242725, 0.001398348, 0.0011269224
  -32.203995, 0.00128898, 0.0011307346
  -32.19754, 0.001195236, 0.0011313707
  -32.191085, 0.00113274, 0.0011320071
  -32.191085, 0.001257732, 0.0011320071
  -32.17172, 0.001085868, 0.0011339172
  -32.152355, 0.001121022, 0.0011358293
  -32.152355, 0.001148364, 0.0011358293
  -32.1459, 0.000960876, 0.0011364671
  -32.1459, 0.001038996, 0.0011364671
  -32.1459, 0.001097586, 0.0011364671
  -32.12008, 0.001285074, 0.0011390203
  -32.113625, 0.001222578, 0.0011396591
  -32.087805, 0.001136646, 0.0011422165
  -32.08135, 0.001199142, 0.0011428564
  -32.08135, 0.001050714, 0.0011428564
  -32.06844, 0.001163988, 0.0011441368
  -32.05553, 0.00128898, 0.001145418
  -32.023255, 0.001355382, 0.0011486247
  -31.997435, 0.001242108, 0.0011511939
  -31.99098, 0.001410066, 0.0011518367
  -31.984525, 0.00109368, 0.0011524797
  -31.96516, 0.0011718, 0.0011544101
  -31.932885, 0.001331946, 0.0011576315
  -31.932885, 0.001078056, 0.0011576315
  -31.932885, 0.001281168, 0.0011576315
  -31.92643, 0.00119133, 0.0011582765
  -31.907065, 0.00121086, 0.0011602125
  -31.894155, 0.001187424, 0.0011615042
  -31.881245, 0.001097586, 0.0011627968
  -31.87479, 0.001195236, 0.0011634434
  -31.83606, 0.001296792, 0.0011673275
  -31.816695, 0.001226484, 0.0011692725
  -31.803785, 0.001304604, 0.0011705701
  -31.790875, 0.001222578, 0.0011718686
  -31.765055, 0.001144458, 0.0011744682
  -31.74569, 0.001355382, 0.0011764201
  -31.739235, 0.001160082, 0.0011770711
  -31.73278, 0.001128834, 0.0011777224
  -31.71987, 0.00126945, 0.0011790256
  -31.69405, 0.001285074, 0.0011816345
  -31.69405, 0.001296792, 0.0011816345
  -31.674685, 0.00124992, 0.0011835934
  -31.66823, 0.001050714, 0.0011842468
  -31.66823, 0.00113274, 0.0011842468
  -31.65532, 0.000796824, 0.0011855542
  -31.648865, 0.001062432, 0.0011862082
  -31.6295, 0.000999936, 0.0011881716
  -31.60368, 0.00123039, 0.0011907924
  -31.597225, 0.001292886, 0.0011914482
  -31.57786, 0.001285074, 0.0011934166
  -31.55204, 0.00126945, 0.0011960443
  -31.545585, 0.001058526, 0.0011967017
  -31.519765, 0.001335852, 0.0011993336
  -31.5004, 0.00107415, 0.0012013098
  -31.5004, 0.00091791, 0.0012013098
  -31.493945, 0.001195236, 0.0012019689
  -31.493945, 0.001144458, 0.0012019689
  -31.48749, 0.001124928, 0.0012026283
  -31.481035, 0.00103509, 0.0012032879
  -31.47458, 0.001238202, 0.0012039477
  -31.47458, 0.000808542, 0.0012039477
  -31.47458, 0.001167894, 0.0012039477
  -31.43585, 0.001222578, 0.0012079109
  -31.416485, 0.001417878, 0.0012098954
  -31.41003, 0.001195236, 0.0012105574
  -31.38421, 0.001312416, 0.0012132072
  -31.351935, 0.001300698, 0.0012165244
  -31.351935, 0.00119133, 0.0012165244
  -31.34548, 0.001050714, 0.0012171885
  -31.326115, 0.001101492, 0.001219182
  -31.30675, 0.001105398, 0.0012211775
  -31.30675, 0.001078056, 0.0012211775
  -31.28093, 0.001183518, 0.0012238411
  -31.274475, 0.001390536, 0.0012245076
  -31.26802, 0.001312416, 0.0012251742
  -31.248655, 0.001355382, 0.0012271755
  -31.222835, 0.001218672, 0.0012298469
  -31.20347, 0.001136646, 0.0012318527
  -31.171195, 0.00128898, 0.0012352
  -31.158285, 0.001187424, 0.0012365405
  -31.15183, 0.001261638, 0.001237211
  -31.132465, 0.001374912, 0.001239224
  -31.08728, 0.001316322, 0.0012439284
  -31.07437, 0.00128898, 0.0012452744
  -31.067915, 0.001203048, 0.0012459478
  -31.067915, 0.001261638, 0.0012459478
  -31.029185, 0.001187424, 0.0012499925
  -31.00982, 0.001413972, 0.0012520178
  -30.990455, 0.00152334, 0.001254045
  -30.964635, 0.001355382, 0.0012567511
  -30.94527, 0.001324134, 0.0012587829
  -30.91945, 0.001128834, 0.001261495
  -30.90654, 0.00119133, 0.0012628524
  -30.88072, 0.001206954, 0.0012655697
  -30.8549, 0.001179612, 0.0012682905
  -30.848445, 0.000999936, 0.0012689713
  -30.848445, 0.001144458, 0.0012689713
  -30.848445, 0.00119133, 0.0012689713
  -30.81617, 0.001320228, 0.0012723783
  -30.796805, 0.00134757, 0.0012744252
  -30.75162, 0.001429596, 0.0012792088
  -30.745165, 0.001535058, 0.0012798931
  -30.732255, 0.001476468, 0.0012812623
  -30.71289, 0.001421784, 0.0012833176
  -30.66125, 0.001257732, 0.0012888083
  -30.63543, 0.001554588, 0.0012915589
  -30.58379, 0.001578024, 0.0012970707
  -30.55797, 0.001351476, 0.0012998319
  -30.53215, 0.00124992, 0.0013025966
  -30.525695, 0.001394442, 0.0013032883
  -30.512785, 0.001206954, 0.0013046724
  -30.4676, 0.001417878, 0.0013095238
  -30.44178, 0.00169911, 0.0013123008
  -30.41596, 0.001691298, 0.0013150814
  -30.37723, 0.001312416, 0.0013192589
  -30.370775, 0.001007748, 0.001319956
  -30.3385, 0.001398348, 0.0013234444
  -30.31268, 0.001550682, 0.0013262392
  -30.280405, 0.00099603, 0.0013297377
  -30.27395, 0.001167894, 0.0013304381
  -30.267495, 0.001234296, 0.0013311386
  -30.22231, 0.001351476, 0.0013360489
  -30.18358, 0.001398348, 0.0013402665
  -30.177125, 0.001378818, 0.0013409702
  -30.151305, 0.00132804, 0.0013437872
  -30.138395, 0.001203048, 0.0013451971
  -30.10612, 0.001468656, 0.0013487256
  -30.073845, 0.001218672, 0.0013522597
  -30.035115, 0.001351476, 0.0013565081
  -29.98993, 0.001273356, 0.0013614747
  -29.983475, 0.001214766, 0.0013621851
  -29.9512, 0.001378818, 0.0013657405
  -29.931835, 0.001320228, 0.0013678764
  -29.92538, 0.001038996, 0.0013685889
  -29.91247, 0.00138663, 0.0013700144
  -29.880195, 0.001492092, 0.0013735822
  -29.83501, 0.001511622, 0.0013785866
  -29.80919, 0.001656144, 0.0013814511
  -29.74464, 0.001550682, 0.0013886284
  -29.70591, 0.001320228, 0.0013929456
  -29.693, 0.00142569, 0.0013943865
  -29.686545, 0.001144458, 0.0013951073
  -29.68009, 0.001265544, 0.0013958283
  -29.660725, 0.001124928, 0.0013979927
  -29.634905, 0.001371006, 0.0014008817
  -29.634905, 0.001163988, 0.0014008817
  -29.621995, 0.001105398, 0.0014023276
  -29.621995, 0.001382724, 0.0014023276
  -29.583265, 0.001429596, 0.0014066706
  -29.5639, 0.001374912, 0.0014088452
  -29.55099, 0.00150381, 0.0014102961
  -29.51226, 0.00140616, 0.0014146542
  -29.48644, 0.001156176, 0.0014175641
  -29.467075, 0.001304604, 0.0014197489
  -29.44771, 0.00113274, 0.0014219358
  -29.44771, 0.00167958, 0.0014219358
  -29.4348, 0.001456938, 0.0014233949
  -29.40898, 0.001558494, 0.0014263158
  -29.363795, 0.001390536, 0.0014314361
  -29.34443, 0.001511622, 0.001433634
  -29.3057, 0.001410066, 0.0014380359
  -29.29279, 0.001363194, 0.0014395051
  -29.26697, 0.00138663, 0.0014424461
  -29.247605, 0.001398348, 0.0014446543
  -29.21533, 0.001507716, 0.0014483392
  -29.18951, 0.0011718, 0.0014512913
  -29.1766, 0.001285074, 0.0014527687
  -29.16369, 0.001499904, 0.001454247
  -29.11205, 0.001613178, 0.0014601695
  -29.07332, 0.001460844, 0.0014646211
  -29.07332, 0.001589742, 0.0014646211
  -29.0475, 0.00144522, 0.0014675935
  -29.02168, 0.00142569, 0.0014705695
  -28.99586, 0.001468656, 0.0014735493
  -28.963585, 0.001648332, 0.0014772792
  -28.93131, 0.00160146, 0.0014810149
  -28.886125, 0.001499904, 0.0014862546
  -28.86676, 0.001507716, 0.0014885037
  -28.860305, 0.00150381, 0.0014892538
  -28.821575, 0.001578024, 0.0014937597
  -28.77639, 0.001710828, 0.0014990271
  -28.744115, 0.001714734, 0.0015027965
  -28.72475, 0.001585836, 0.001505061
  -28.692475, 0.001453032, 0.0015088397
  -28.679565, 0.001472562, 0.0015103529
  -28.627925, 0.001433502, 0.0015164148
  -28.615015, 0.001527246, 0.0015179326
  -28.58274, 0.00158193, 0.0015217313
  -28.54401, 0.001535058, 0.0015262974
  -28.51819, 0.001636614, 0.0015293462
  -28.46655, 0.00154287, 0.001535455
  -28.44073, 0.001203048, 0.0015385151
  -28.44073, 0.001253826, 0.0015385151
  -28.41491, 0.001222578, 0.001541579
  -28.38909, 0.001121022, 0.0015446466
  -28.38909, 0.001437408, 0.0015446466
  -28.35036, 0.001691298, 0.0015492551
  -28.31163, 0.002124864, 0.0015538722
  -28.24708, 0.001773324, 0.0015615861
  -28.20835, 0.001507716, 0.0015662259
  -28.19544, 0.001226484, 0.0015677744
  -28.18253, 0.001671768, 0.0015693238
  -28.13089, 0.001753794, 0.0015755311
  -28.098615, 0.001675674, 0.0015794184
  -28.046975, 0.00171864, 0.0015856504
  -28.021155, 0.001550682, 0.0015887721
  -27.982425, 0.001792854, 0.0015934619
  -27.93724, 0.001956906, 0.0015989442
  -27.917875, 0.001480374, 0.0016012973
  -27.89851, 0.0015624, 0.0016036526
  -27.853325, 0.001695204, 0.0016091567
  -27.80814, 0.0015624, 0.0016146726
  -27.775865, 0.001468656, 0.0016186197
  -27.74359, 0.001410066, 0.0016225728
  -27.71777, 0.001468656, 0.0016257396
  -27.685495, 0.001511622, 0.0016297036
  -27.66613, 0.001511622, 0.0016320849
  -27.6274, 0.001734264, 0.001636854
  -27.582215, 0.001722546, 0.0016424289
  -27.56285, 0.001589742, 0.0016448218
  -27.530575, 0.001441314, 0.0016488148
  -27.52412, 0.001460844, 0.0016496141
  -27.4983, 0.001703016, 0.0016528138
  -27.440205, 0.001706922, 0.0016600274
  -27.40793, 0.001492092, 0.0016640435
  -27.38211, 0.001441314, 0.0016672608
  -27.33047, 0.001351476, 0.0016737069
  -27.31756, 0.00160146, 0.0016753209
  -27.285285, 0.001792854, 0.0016793601
  -27.220735, 0.001867068, 0.001687457
  -27.182005, 0.001515528, 0.0016923268
  -27.182005, 0.001343664, 0.0016923268
  -27.12391, 0.001886598, 0.0016996481
  -27.08518, 0.001812384, 0.0017045401
  -27.03354, 0.001765512, 0.0017110764
  -27.001265, 0.001695204, 0.0017151696
  -26.962535, 0.001613178, 0.0017200897
  -26.949625, 0.001460844, 0.0017217316
  -26.90444, 0.001878786, 0.0017274864
  -26.8528, 0.001753794, 0.001734078
  -26.794705, 0.001714734, 0.0017415126
  -26.74952, 0.001644426, 0.0017473089
  -26.730155, 0.001382724, 0.0017497968
  -26.71079, 0.001472562, 0.0017522869
  -26.67206, 0.001921752, 0.0017572739
  -26.613965, 0.002140488, 0.0017647712
  -26.54296, 0.002035026, 0.001773962
  -26.497775, 0.001656144, 0.0017798264
  -26.471955, 0.001800666, 0.001783183
  -26.420315, 0.001714734, 0.0017899083
  -26.368675, 0.001726452, 0.0017966497
  -26.342855, 0.001730358, 0.0018000264
  -26.28476, 0.001632708, 0.0018076388
  -26.25894, 0.001585836, 0.0018110286
  -26.213755, 0.001538964, 0.0018169706
  -26.19439, 0.00166005, 0.0018195209
  -26.14275, 0.00169911, 0.0018263329
  -26.09111, 0.002077992, 0.0018331612
  -26.058835, 0.001878786, 0.0018374371
  -26.02656, 0.00189441, 0.0018417193
  -25.955555, 0.002038932, 0.0018511627
  -25.88455, 0.001921752, 0.0018606369
  -25.83291, 0.001800666, 0.0018675466
  -25.787725, 0.00173817, 0.0018736061
  -25.75545, 0.001671768, 0.0018779419
  -25.71672, 0.001570212, 0.0018831534
  -25.671535, 0.001906128, 0.0018892452
  -25.61344, 0.001878786, 0.001897096
  -25.5618, 0.002097522, 0.0019040921
  -25.49725, 0.00193347, 0.0019128603
  -25.44561, 0.001867068, 0.0019198936
  -25.400425, 0.001800666, 0.0019260612
  -25.34233, 0.001710828, 0.0019340098
  -25.322965, 0.001804572, 0.001936664
  -25.27778, 0.001613178, 0.0019428662
  -25.23905, 0.002058462, 0.0019481925
  -25.168045, 0.002288916, 0.0019579819
  -25.10995, 0.001890504, 0.0019660149
  -25.038945, 0.002066274, 0.0019758618
  -24.96794, 0.002242044, 0.0019857404
  -24.92921, 0.002136582, 0.0019911422
  -24.87757, 0.001999872, 0.0019983593
  -24.81302, 0.00181629, 0.0020074044
  -24.76138, 0.00183582, 0.0020146595
  -24.716195, 0.0017577, 0.0020210216
  -24.6581, 0.002035026, 0.0020292206
  -24.587095, 0.001812384, 0.0020392707
  -24.529, 0.001956906, 0.0020475175
  -24.470905, 0.002179548, 0.0020557859
  -24.419265, 0.002144394, 0.0020631538
  -24.354715, 0.002160018, 0.0020723877
  -24.277255, 0.002288916, 0.0020835038
  -24.19334, 0.002132676, 0.0020955898
  -24.135245, 0.001984248, 0.0021039838
  -24.070695, 0.001984248, 0.0021133361
  -24.02551, 0.00220689, 0.0021198987
  -23.954505, 0.002437344, 0.0021302383
  -23.889955, 0.0025389, 0.0021396665
  -23.812495, 0.002222514, 0.0021510162
  -23.76731, 0.001890504, 0.0021576549
  -23.71567, 0.001917846, 0.0021652585
  -23.67694, 0.001804572, 0.0021709727
  -23.61239, 0.00177723, 0.0021805182
  -23.57366, 0.00201159, 0.0021862586
  -23.515565, 0.002308446, 0.0021948879
  -23.45747, 0.002425626, 0.0022035394
  -23.386465, 0.002261574, 0.0022141439
  -23.31546, 0.002175642, 0.0022247818
  -23.26382, 0.002019402, 0.0022325395
  -23.192815, 0.002292822, 0.0022432353
  -23.128265, 0.00246078, 0.002252988
  -23.07017, 0.002355318, 0.0022617892
  -22.99271, 0.0021483, 0.0022735593
  -22.921705, 0.002288916, 0.002284384
  -22.857155, 0.002632644, 0.0022942541
  -22.766785, 0.002745918, 0.0023081193
  -22.715145, 0.002027214, 0.0023160672
  -22.650595, 0.00220689, 0.0023260273
  -22.55377, 0.00240219, 0.0023410206
  -22.50213, 0.00246078, 0.0023490431
  -22.431125, 0.002335788, 0.0023601038
  -22.34721, 0.00216783, 0.0023732199
  -22.29557, 0.002120958, 0.0023813153
  -22.25684, 0.002492028, 0.0023873988
  -22.160015, 0.002429532, 0.0024026529
  -22.08901, 0.0021483, 0.0024138802
  -22.05028, 0.00212877, 0.0024200189
  -21.97282, 0.00246078, 0.0024323274
  -21.86954, 0.002464686, 0.0024488034
  -21.8179, 0.002531088, 0.0024570693
  -21.75335, 0.00203112, 0.0024674277
  -21.695255, 0.00222642, 0.0024767751
  -21.62425, 0.002515464, 0.0024882318
  -21.5597, 0.00267561, 0.0024986776
  -21.475785, 0.002722482, 0.002512301
  -21.385415, 0.002620926, 0.0025270277
  -21.295045, 0.002679516, 0.0025418121
  -21.217585, 0.002886534, 0.0025545304
  -21.12076, 0.002913876, 0.0025704882
  -21.023935, 0.002593584, 0.0025865128
  -20.95293, 0.00265608, 0.0025983067
  -20.843195, 0.002648268, 0.0026166046
  -20.74637, 0.0027342, 0.0026328216
  -20.68182, 0.00251937, 0.0026436704
  -20.60436, 0.00236313, 0.0026567287
  -20.520445, 0.002902158, 0.0026709242
  -20.417165, 0.002921688, 0.0026884657
  -20.326795, 0.002683422, 0.0027038781
  -20.236425, 0.002601396, 0.0027193502
  -20.15251, 0.0023436, 0.0027337706
  -20.068595, 0.002296728, 0.0027482427

Analysis metadata
  Created at:              2026-06-17T10:24:40
  Probe configuration:     single
  Fit procedure:           Four-parameter SLP fit
