Single Langmuir probe analysis: 2026_06_10_SLP_ACQ3
===================================================
Samples available:         22578
Samples fitted:            7513
Voltage range:             -62.74 to 15.25 V
Current range:             -1.0902e-03 to 1.3002e-02 A

Fit model
  I = Is * (1 + R * (V - Vf)) * (exp((V - Vf) / Te) - 1)

Plasma parameters
  Electron temperature Te: 5.65178 eV
  Electron density n:      2.243697e+17 m^-3
  Ion saturation Is:       4.206392e-04 A
  Floating potential Vf:   -39.5382 V
  Plasma potential Vp:     -16.7522 V
  R correction:            -0.0423295

Derived quantities
  Probe area:              2.010000e-06 m^2
  Ion mass:                4 amu
  Sound speed:             1.164294e+04 m/s
  Alpha:                   4.03165

Fit quality
  R-squared:               0.939626

Fit data
  voltage_V, current_A, fitted_current_A
  -62.7426, -0.0007477736, -0.00082006316
  -62.7426, -0.0008063678, -0.00082006316
  -62.736145, -0.000922759, -0.00081993442
  -62.736145, -0.0007581372, -0.00081993442
  -62.72969, -0.0007517596, -0.00081980567
  -62.72969, -0.0008055706, -0.00081980567
  -62.72969, -0.000801186, -0.00081980567
  -62.72969, -0.0008003888, -0.00081980567
  -62.72969, -0.0007796616, -0.00081980567
  -62.72969, -0.0007609274, -0.00081980567
  -62.723235, -0.000703529, -0.0008196769
  -62.723235, -0.0008298852, -0.0008196769
  -62.723235, -0.0007537526, -0.0008196769
  -62.723235, -0.000942689, -0.0008196769
  -62.723235, -0.0007964028, -0.0008196769
  -62.723235, -0.000767305, -0.0008196769
  -62.723235, -0.0007740812, -0.0008196769
  -62.723235, -0.0007218646, -0.0008196769
  -62.723235, -0.0007780672, -0.0008196769
  -62.71678, -0.0007087108, -0.00081954812
  -62.71678, -0.0008785144, -0.00081954812
  -62.71678, -0.0008725354, -0.00081954812
  -62.71678, -0.000763319, -0.00081954812
  -62.71678, -0.0006385572, -0.00081954812
  -62.71678, -0.0006668578, -0.00081954812
  -62.71678, -0.0008765214, -0.00081954812
  -62.71678, -0.0007999902, -0.00081954812
  -62.71678, -0.0007800602, -0.00081954812
  -62.71678, -0.0007302352, -0.00081954812
  -62.71678, -0.0007581372, -0.00081954812
  -62.71678, -0.0008087594, -0.00081954812
  -62.71678, -0.001004472, -0.00081954812
  -62.71678, -0.0007122982, -0.00081954812
  -62.71678, -0.0007150884, -0.00081954812
  -62.71678, -0.0008015846, -0.00081954812
  -62.710325, -0.0008015846, -0.00081941933
  -62.710325, -0.0007848434, -0.00081941933
  -62.710325, -0.0009343184, -0.00081941933
  -62.710325, -0.0008633676, -0.00081941933
  -62.710325, -0.0007960042, -0.00081941933
  -62.710325, -0.0010020804, -0.00081941933
  -62.710325, -0.0008203188, -0.00081941933
  -62.710325, -0.000787235, -0.00081941933
  -62.710325, -0.0008235076, -0.00081941933
  -62.710325, -0.0007230604, -0.00081941933
  -62.710325, -0.0007868364, -0.00081941933
  -62.710325, -0.0008075636, -0.00081941933
  -62.710325, -0.000827095, -0.00081941933
  -62.710325, -0.0008063678, -0.00081941933
  -62.710325, -0.0008741298, -0.00081941933
  -62.710325, -0.000841046, -0.00081941933
  -62.710325, -0.0007621232, -0.00081941933
  -62.710325, -0.0007178786, -0.00081941933
  -62.710325, -0.0007688994, -0.00081941933
  -62.710325, -0.0007378086, -0.00081941933
  -62.710325, -0.0008195216, -0.00081941933
  -62.70387, -0.000745382, -0.00081929052
  -62.70387, -0.000886885, -0.00081929052
  -62.70387, -0.0006824032, -0.00081929052
  -62.70387, -0.0007880322, -0.00081929052
  -62.70387, -0.000860976, -0.00081929052
  -62.70387, -0.0008641648, -0.00081929052
  -62.70387, -0.0007581372, -0.00081929052
  -62.70387, -0.0007979972, -0.00081929052
  -62.70387, -0.0006608788, -0.00081929052
  -62.70387, -0.0007888294, -0.00081929052
  -62.70387, -0.0006644662, -0.00081929052
  -62.70387, -0.0007816546, -0.00081929052
  -62.70387, -0.0008322768, -0.00081929052
  -62.70387, -0.0007465778, -0.00081929052
  -62.70387, -0.0007972, -0.00081929052
  -62.70387, -0.0008498152, -0.00081929052
  -62.70387, -0.0007031304, -0.00081929052
  -62.70387, -0.0007896266, -0.00081929052
  -62.70387, -0.0008059692, -0.00081929052
  -62.70387, -0.0008043748, -0.00081929052
  -62.697415, -0.0007258506, -0.0008191617
  -62.697415, -0.0006405502, -0.0008191617
  -62.697415, -0.0008665564, -0.0008191617
  -62.697415, -0.0008996402, -0.0008191617
  -62.697415, -0.0007677036, -0.0008191617
  -62.697415, -0.0007158856, -0.0008191617
  -62.697415, -0.000805172, -0.0008191617
  -62.697415, -0.0007417946, -0.0008191617
  -62.697415, -0.0008135426, -0.0008191617
  -62.697415, -0.0007804588, -0.0008191617
  -62.697415, -0.0008314796, -0.0008191617
  -62.697415, -0.0008446334, -0.0008191617
  -62.69096, -0.0008386544, -0.00081903286
  -62.69096, -0.0007716896, -0.00081903286
  -62.69096, -0.0007246548, -0.00081903286
  -62.69096, -0.0008003888, -0.00081903286
  -62.69096, -0.00063776, -0.00081903286
  -62.69096, -0.0007617246, -0.00081903286
  -62.69096, -0.0008199202, -0.00081903286
  -62.69096, -0.000843039, -0.00081903286
  -62.69096, -0.0008561928, -0.00081903286
  -62.69096, -0.0008258992, -0.00081903286
  -62.69096, -0.00077727, -0.00081903286
  -62.69096, -0.0007569414, -0.00081903286
  -62.69096, -0.0008282908, -0.00081903286
  -62.69096, -0.0008541998, -0.00081903286
  -62.684505, -0.000673634, -0.00081890401
  -62.684505, -0.0008665564, -0.00081890401
  -62.684505, -0.000681606, -0.00081890401
  -62.684505, -0.0008892766, -0.00081890401
  -62.67805, -0.0008980458, -0.00081877515
  -62.67805, -0.000761326, -0.00081877515
  -62.67805, -0.0006640676, -0.00081877515
  -62.67805, -0.0007162842, -0.00081877515
  -62.67805, -0.0006808088, -0.00081877515
  -62.67805, -0.0006883822, -0.00081877515
  -62.67805, -0.0008932626, -0.00081877515
  -62.671595, -0.000713494, -0.00081864627
  -62.66514, -0.0007541512, -0.00081851738
  -62.66514, -0.0007417946, -0.00081851738
  -62.658685, -0.0007928154, -0.00081838848
  -62.65223, -0.0007350184, -0.00081825956
  -62.65223, -0.0007601302, -0.00081825956
  -62.65223, -0.0008119482, -0.00081825956
  -62.645775, -0.0007629204, -0.00081813063
  -62.63932, -0.0006700466, -0.00081800168
  -62.63932, -0.0008318782, -0.00081800168
  -62.63932, -0.000721466, -0.00081800168
  -62.62641, -0.0007146898, -0.00081774375
  -62.619955, -0.0007170814, -0.00081761477
  -62.6135, -0.0008079622, -0.00081748577
  -62.607045, -0.0008446334, -0.00081735675
  -62.60059, -0.0008577872, -0.00081722772
  -62.60059, -0.0008382558, -0.00081722772
  -62.58768, -0.0009123954, -0.00081696962
  -62.568315, -0.0007657106, -0.00081658237
  -62.568315, -0.0007677036, -0.00081658237
  -62.542495, -0.0007477736, -0.00081606584
  -62.53604, -0.0008159342, -0.00081593667
  -62.52313, -0.000843039, -0.0008156783
  -62.503765, -0.000773284, -0.00081529062
  -62.490855, -0.000892864, -0.00081503211
  -62.490855, -0.0007302352, -0.00081503211
  -62.4844, -0.0007681022, -0.00081490282
  -62.452125, -0.0008115496, -0.00081425621
  -62.43276, -0.0007007388, -0.00081386807
  -62.39403, -0.0007796616, -0.00081309141
  -62.39403, -0.0006525082, -0.00081309141
  -62.36821, -0.0006971514, -0.00081257335
  -62.335935, -0.0006648648, -0.00081192545
  -62.335935, -0.0007186758, -0.00081192545
  -62.310115, -0.0008147384, -0.00081140687
  -62.271385, -0.0008557942, -0.00081062857
  -62.26493, -0.0007461792, -0.0008104988
  -62.2262, -0.0007142912, -0.00080971988
  -62.219745, -0.00075734, -0.00080959001
  -62.181015, -0.0006441376, -0.00080881047
  -62.17456, -0.00083706, -0.0008086805
  -62.13583, -0.000839053, -0.00080790035
  -62.12292, -0.0008553956, -0.00080764017
  -62.07128, -0.0007828504, -0.00080659889
  -62.03255, -0.0007497666, -0.0008058173
  -62.01964, -0.0007700952, -0.00080555665
  -61.98091, -0.000854997, -0.00080477434
  -61.98091, -0.0006142426, -0.00080477434
  -61.961545, -0.0008143398, -0.00080438297
  -61.935725, -0.0007051234, -0.00080386094
  -61.896995, -0.000749368, -0.00080307743
  -61.89054, -0.0007637176, -0.00080294679
  -61.81308, -0.000639753, -0.00080137792
  -61.80017, -0.0007071164, -0.00080111623
  -61.793715, -0.0007501652, -0.00080098536
  -61.742075, -0.0007936126, -0.00079993782
  -61.729165, -0.0007103052, -0.00079967578
  -61.65816, -0.0006919696, -0.00079823341
  -61.651705, -0.0007449834, -0.00079810219
  -61.61943, -0.0005273478, -0.00079744586
  -61.59361, -0.0006700466, -0.0007969205
  -61.55488, -0.0007700952, -0.00079613198
  -61.54197, -0.0006863892, -0.00079586901
  -61.496785, -0.0006560956, -0.0007949481
  -61.458055, -0.000819123, -0.00079415811
  -61.4516, -0.0006389558, -0.00079402639
  -61.41287, -0.0007218646, -0.00079323571
  -61.367685, -0.000827095, -0.0007923125
  -61.367685, -0.000813144, -0.0007923125
  -61.30959, -0.0007764728, -0.00079112431
  -61.27086, -0.0008155356, -0.00079033143
  -61.25795, -0.000715487, -0.000790067
  -61.21922, -0.0006485222, -0.0007892733
  -61.1934, -0.0007748784, -0.00078874383
  -61.15467, -0.000803179, -0.00078794912
  -61.135305, -0.0008705424, -0.00078755152
  -61.122395, -0.0008255006, -0.00078728638
  -61.07721, -0.0006907738, -0.00078635782
  -61.0643, -0.0007429904, -0.00078609236
  -61.02557, -0.0008482208, -0.00078529556
  -61.019115, -0.0007796616, -0.0007851627
  -60.97393, -0.0007736826, -0.00078423218
  -60.967475, -0.0008135426, -0.00078409918
  -60.967475, -0.0007382072, -0.00078409918
  -60.94811, -0.0009355142, -0.00078370007
  -60.90938, -0.0007800602, -0.00078290137
  -60.90938, -0.0008107524, -0.00078290137
  -60.90938, -0.0007896266, -0.00078290137
  -60.90938, -0.0007505638, -0.00078290137
  -60.902925, -0.0008346684, -0.00078276819
  -60.89647, -0.0007529554, -0.00078263499
  -60.89647, -0.000587935, -0.00078263499
  -60.89647, -0.0007330254, -0.00078263499
  -60.890015, -0.000705522, -0.00078250178
  -60.88356, -0.0008605774, -0.00078236855
  -60.88356, -0.0006612774, -0.00078236855
  -60.88356, -0.0008717382, -0.00078236855
  -60.88356, -0.000775277, -0.00078236855
  -60.88356, -0.0007740812, -0.00078236855
  -60.88356, -0.0009024304, -0.00078236855
  -60.88356, -0.0007445848, -0.00078236855
  -60.877105, -0.0007186758, -0.0007822353
  -60.877105, -0.0007868364, -0.0007822353
  -60.877105, -0.0006820046, -0.0007822353
  -60.877105, -0.0007310324, -0.0007822353
  -60.877105, -0.000723459, -0.0007822353
  -60.877105, -0.0007158856, -0.0007822353
  -60.877105, -0.000629788, -0.0007822353
  -60.877105, -0.000785242, -0.0007822353
  -60.877105, -0.0008203188, -0.0007822353
  -60.877105, -0.000673634, -0.0007822353
  -60.877105, -0.0007716896, -0.0007822353
  -60.87065, -0.000615837, -0.00078210203
  -60.87065, -0.0008561928, -0.00078210203
  -60.87065, -0.0007677036, -0.00078210203
  -60.87065, -0.0007226618, -0.00078210203
  -60.87065, -0.0006772214, -0.00078210203
  -60.87065, -0.0007888294, -0.00078210203
  -60.87065, -0.000721466, -0.00078210203
  -60.87065, -0.0008015846, -0.00078210203
  -60.87065, -0.0008043748, -0.00078210203
  -60.87065, -0.0006804102, -0.00078210203
  -60.87065, -0.0005652148, -0.00078210203
  -60.87065, -0.0005982986, -0.00078210203
  -60.87065, -0.0006728368, -0.00078210203
  -60.87065, -0.0007956056, -0.00078210203
  -60.87065, -0.0008514096, -0.00078210203
  -60.87065, -0.0007485708, -0.00078210203
  -60.87065, -0.000819123, -0.00078210203
  -60.87065, -0.0008613746, -0.00078210203
  -60.87065, -0.0005955084, -0.00078210203
  -60.87065, -0.000843039, -0.00078210203
  -60.87065, -0.0006481236, -0.00078210203
  -60.87065, -0.000705522, -0.00078210203
  -60.87065, -0.000607865, -0.00078210203
  -60.87065, -0.0006588858, -0.00078210203
  -60.864195, -0.0008035776, -0.00078196874
  -60.864195, -0.0007708924, -0.00078196874
  -60.864195, -0.0006174314, -0.00078196874
  -60.864195, -0.0007461792, -0.00078196874
  -60.864195, -0.0006931654, -0.00078196874
  -60.864195, -0.000785242, -0.00078196874
  -60.864195, -0.0006624732, -0.00078196874
  -60.864195, -0.0006381586, -0.00078196874
  -60.864195, -0.00069755, -0.00078196874
  -60.864195, -0.0007027318, -0.00078196874
  -60.864195, -0.0006899766, -0.00078196874
  -60.864195, -0.0007700952, -0.00078196874
  -60.864195, -0.000631781, -0.00078196874
  -60.864195, -0.0008844934, -0.00078196874
  -60.864195, -0.000765312, -0.00078196874
  -60.864195, -0.0008593816, -0.00078196874
  -60.864195, -0.0008063678, -0.00078196874
  -60.85774, -0.0007445848, -0.00078183544
  -60.85774, -0.0007796616, -0.00078183544
  -60.85774, -0.0006931654, -0.00078183544
  -60.85774, -0.0008175286, -0.00078183544
  -60.85774, -0.0007896266, -0.00078183544
  -60.85774, -0.0007079136, -0.00078183544
  -60.85774, -0.0007338226, -0.00078183544
  -60.85774, -0.00063776, -0.00078183544
  -60.85774, -0.0006967528, -0.00078183544
  -60.85774, -0.0008402488, -0.00078183544
  -60.85774, -0.0008139412, -0.00078183544
  -60.85774, -0.0009084094, -0.00078183544
  -60.85774, -0.0007900252, -0.00078183544
  -60.85774, -0.0007541512, -0.00078183544
  -60.85774, -0.000745382, -0.00078183544
  -60.85774, -0.000819123, -0.00078183544
  -60.85774, -0.0007362142, -0.00078183544
  -60.85774, -0.000918773, -0.00078183544
  -60.85774, -0.0006433404, -0.00078183544
  -60.85774, -0.0008087594, -0.00078183544
  -60.85774, -0.0007597316, -0.00078183544
  -60.851285, -0.0006728368, -0.00078170211
  -60.851285, -0.0006265992, -0.00078170211
  -60.851285, -0.0006851934, -0.00078170211
  -60.851285, -0.0007561442, -0.00078170211
  -60.851285, -0.0006560956, -0.00078170211
  -60.851285, -0.0008482208, -0.00078170211
  -60.851285, -0.0007629204, -0.00078170211
  -60.851285, -0.0008207174, -0.00078170211
  -60.851285, -0.0007465778, -0.00078170211
  -60.851285, -0.0007051234, -0.00078170211
  -60.851285, -0.0007744798, -0.00078170211
  -60.851285, -0.0006126482, -0.00078170211
  -60.851285, -0.0006505152, -0.00078170211
  -60.851285, -0.0008478222, -0.00078170211
  -60.851285, -0.0007099066, -0.00078170211
  -60.851285, -0.0006804102, -0.00078170211
  -60.851285, -0.000767305, -0.00078170211
  -60.851285, -0.0007529554, -0.00078170211
  -60.851285, -0.0009275422, -0.00078170211
  -60.851285, -0.0007158856, -0.00078170211
  -60.851285, -0.0007346198, -0.00078170211
  -60.851285, -0.0007629204, -0.00078170211
  -60.851285, -0.0006911724, -0.00078170211
  -60.851285, -0.0007565428, -0.00078170211
  -60.851285, -0.000827095, -0.00078170211
  -60.851285, -0.000725452, -0.00078170211
  -60.851285, -0.0006688508, -0.00078170211
  -60.84483, -0.0006808088, -0.00078156877
  -60.84483, -0.0007226618, -0.00078156877
  -60.84483, -0.0008079622, -0.00078156877
  -60.84483, -0.0007099066, -0.00078156877
  -60.84483, -0.0007489694, -0.00078156877
  -60.84483, -0.000906815, -0.00078156877
  -60.84483, -0.0006250048, -0.00078156877
  -60.84483, -0.000805172, -0.00078156877
  -60.84483, -0.000663669, -0.00078156877
  -60.84483, -0.0008661578, -0.00078156877
  -60.84483, -0.0008394516, -0.00078156877
  -60.84483, -0.0007346198, -0.00078156877
  -60.84483, -0.0007896266, -0.00078156877
  -60.84483, -0.000725452, -0.00078156877
  -60.84483, -0.0008912696, -0.00078156877
  -60.84483, -0.0008374586, -0.00078156877
  -60.84483, -0.000759333, -0.00078156877
  -60.84483, -0.000695557, -0.00078156877
  -60.84483, -0.0006903752, -0.00078156877
  -60.84483, -0.0008203188, -0.00078156877
  -60.84483, -0.0006851934, -0.00078156877
  -60.84483, -0.0007222632, -0.00078156877
  -60.84483, -0.0008227104, -0.00078156877
  -60.84483, -0.000673634, -0.00078156877
  -60.84483, -0.0008844934, -0.00078156877
  -60.84483, -0.0008302838, -0.00078156877
  -60.84483, -0.0008199202, -0.00078156877
  -60.84483, -0.0007318296, -0.00078156877
  -60.838375, -0.000651711, -0.00078143541
  -60.838375, -0.000811151, -0.00078143541
  -60.838375, -0.0007386058, -0.00078143541
  -60.838375, -0.000753354, -0.00078143541
  -60.838375, -0.0005927182, -0.00078143541
  -60.838375, -0.0007740812, -0.00078143541
  -60.838375, -0.00085699, -0.00078143541
  -60.838375, -0.0008039762, -0.00078143541
  -60.838375, -0.0007481722, -0.00078143541
  -60.838375, -0.0007166828, -0.00078143541
  -60.838375, -0.0007788644, -0.00078143541
  -60.838375, -0.0008912696, -0.00078143541
  -60.838375, -0.0007736826, -0.00078143541
  -60.838375, -0.0008482208, -0.00078143541
  -60.838375, -0.0007417946, -0.00078143541
  -60.838375, -0.0008235076, -0.00078143541
  -60.838375, -0.0009235562, -0.00078143541
  -60.838375, -0.000703529, -0.00078143541
  -60.838375, -0.0007386058, -0.00078143541
  -60.838375, -0.0008219132, -0.00078143541
  -60.838375, -0.0007362142, -0.00078143541
  -60.838375, -0.0007641162, -0.00078143541
  -60.838375, -0.0008039762, -0.00078143541
  -60.83192, -0.0008334726, -0.00078130204
  -60.83192, -0.0006445362, -0.00078130204
  -60.83192, -0.0007238576, -0.00078130204
  -60.83192, -0.0008621718, -0.00078130204
  -60.83192, -0.0006768228, -0.00078130204
  -60.83192, -0.000785242, -0.00078130204
  -60.83192, -0.0007585358, -0.00078130204
  -60.83192, -0.0006999416, -0.00078130204
  -60.83192, -0.0007609274, -0.00078130204
  -60.83192, -0.0006712424, -0.00078130204
  -60.83192, -0.0008055706, -0.00078130204
  -60.83192, -0.0009391016, -0.00078130204
  -60.83192, -0.0006341726, -0.00078130204
  -60.83192, -0.0007306338, -0.00078130204
  -60.83192, -0.000699543, -0.00078130204
  -60.83192, -0.000868948, -0.00078130204
  -60.83192, -0.0009076122, -0.00078130204
  -60.83192, -0.0006963542, -0.00078130204
  -60.83192, -0.000785242, -0.00078130204
  -60.825465, -0.0007071164, -0.00078116864
  -60.825465, -0.000727445, -0.00078116864
  -60.825465, -0.0007445848, -0.00078116864
  -60.825465, -0.0007577386, -0.00078116864
  -60.825465, -0.0007716896, -0.00078116864
  -60.825465, -0.0007549484, -0.00078116864
  -60.825465, -0.0007880322, -0.00078116864
  -60.825465, -0.0008781158, -0.00078116864
  -60.825465, -0.0007111024, -0.00078116864
  -60.825465, -0.0006899766, -0.00078116864
  -60.825465, -0.0008996402, -0.00078116864
  -60.825465, -0.0008107524, -0.00078116864
  -60.825465, -0.0007286408, -0.00078116864
  -60.825465, -0.0007661092, -0.00078116864
  -60.825465, -0.0008346684, -0.00078116864
  -60.825465, -0.000635767, -0.00078116864
  -60.825465, -0.0007780672, -0.00078116864
  -60.825465, -0.000805172, -0.00078116864
  -60.825465, -0.0007884308, -0.00078116864
  -60.825465, -0.0006979486, -0.00078116864
  -60.81901, -0.0007087108, -0.00078103523
  -60.81901, -0.000585942, -0.00078103523
  -60.81901, -0.0006859906, -0.00078103523
  -60.81901, -0.0007441862, -0.00078103523
  -60.81901, -0.0006568928, -0.00078103523
  -60.81901, -0.0008920668, -0.00078103523
  -60.81901, -0.0007848434, -0.00078103523
  -60.81901, -0.0007585358, -0.00078103523
  -60.81901, -0.0006509138, -0.00078103523
  -60.812555, -0.0008063678, -0.0007809018
  -60.812555, -0.0007525568, -0.0007809018
  -60.812555, -0.0007545498, -0.0007809018
  -60.812555, -0.0008825004, -0.0007809018
  -60.812555, -0.0008673536, -0.0007809018
  -60.812555, -0.0008677522, -0.0007809018
  -60.812555, -0.0009410946, -0.0007809018
  -60.812555, -0.0007601302, -0.0007809018
  -60.812555, -0.0008282908, -0.0007809018
  -60.8061, -0.000655697, -0.00078076835
  -60.8061, -0.0006951584, -0.00078076835
  -60.8061, -0.000675627, -0.00078076835
  -60.8061, -0.0007928154, -0.00078076835
  -60.8061, -0.0007210674, -0.00078076835
  -60.8061, -0.0008821018, -0.00078076835
  -60.799645, -0.000866955, -0.00078063488
  -60.799645, -0.0006234104, -0.00078063488
  -60.799645, -0.0009080108, -0.00078063488
  -60.799645, -0.0008338712, -0.00078063488
  -60.79319, -0.000683599, -0.0007805014
  -60.78028, -0.0007007388, -0.00078023438
  -60.773825, -0.0008015846, -0.00078010084
  -60.773825, -0.0007071164, -0.00078010084
  -60.76737, -0.0006923682, -0.00077996728
  -60.76737, -0.0007780672, -0.00077996728
  -60.748005, -0.0008019832, -0.0007795665
  -60.748005, -0.0008506124, -0.0007795665
  -60.74155, -0.0007262492, -0.00077943287
  -60.735095, -0.0008972486, -0.00077929922
  -60.72864, -0.00061783, -0.00077916555
  -60.722185, -0.0006580886, -0.00077903186
  -60.722185, -0.0007525568, -0.00077903186
  -60.709275, -0.0006784172, -0.00077876444
  -60.70282, -0.0008338712, -0.0007786307
  -60.696365, -0.0007541512, -0.00077849694
  -60.683455, -0.0007158856, -0.00077822937
  -60.65118, -0.0006329768, -0.00077756011
  -60.644725, -0.0007549484, -0.0007774262
  -60.618905, -0.0007190744, -0.00077689039
  -60.605995, -0.000769298, -0.00077662237
  -60.59954, -0.000763319, -0.00077648834
  -60.58663, -0.000771291, -0.00077622021
  -60.541445, -0.0006214174, -0.00077528116
  -60.541445, -0.000799193, -0.00077528116
  -60.50917, -0.0008538012, -0.00077460985
  -60.489805, -0.000809158, -0.00077420684
  -60.48335, -0.0007350184, -0.00077407246
  -60.463985, -0.0006740326, -0.00077366922
  -60.438165, -0.0007258506, -0.0007731313
  -60.438165, -0.000619823, -0.0007731313
  -60.412345, -0.0005711938, -0.00077259307
  -60.360705, -0.0007864378, -0.0007715157
  -60.347795, -0.0006660606, -0.00077124616
  -60.309065, -0.0008183258, -0.00077043709
  -60.283245, -0.0007409974, -0.00076989731
  -60.270335, -0.0007808574, -0.00076962731
  -60.244515, -0.0007569414, -0.00076908706
  -60.218695, -0.0008976472, -0.00076854651
  -60.192875, -0.000683599, -0.00076800563
  -60.154145, -0.0009016332, -0.00076719373
  -60.12187, -0.000695557, -0.00076651659
  -60.102505, -0.0007386058, -0.00076611007
  -60.07023, -0.0007688994, -0.00076543213
  -60.04441, -0.0007417946, -0.00076488942
  -60.01859, -0.0007716896, -0.00076434638
  -60.012135, -0.0006333754, -0.00076421057
  -59.973405, -0.0006943612, -0.00076339528
  -59.92822, -0.000655697, -0.00076244318
  -59.91531, -0.0007848434, -0.00076217096
  -59.844305, -0.0007230604, -0.00076067231
  -59.83785, -0.000892864, -0.00076053594
  -59.792665, -0.0007641162, -0.00075958079
  -59.753935, -0.0006533054, -0.00075876127
  -59.73457, -0.00071748, -0.00075835123
  -59.72166, -0.0007445848, -0.00075807776
  -59.67002, -0.0005943126, -0.00075698303
  -59.663565, -0.000689578, -0.00075684609
  -59.61838, -0.00067762, -0.00075588693
  -59.573195, -0.0007904238, -0.00075492672
  -59.56674, -0.000771291, -0.00075478946
  -59.508645, -0.000819123, -0.00075355314
  -59.46346, -0.0006489208, -0.00075259033
  -59.43764, -0.000763319, -0.00075203967
  -59.42473, -0.0006652634, -0.0007517642
  -59.39891, -0.0006740326, -0.00075121301
  -59.353725, -0.0006250048, -0.00075024756
  -59.34727, -0.0007995916, -0.00075010955
  -59.33436, -0.0004835018, -0.00074983347
  -59.314995, -0.0005405016, -0.00074941917
  -59.276265, -0.0007079136, -0.00074858996
  -59.263355, -0.0005010402, -0.00074831337
  -59.2569, -0.000813144, -0.00074817505
  -59.24399, -0.0004288936, -0.00074789833
  -59.224625, -0.0005405016, -0.00074748308
  -59.20526, -0.0005078164, -0.00074706762
  -59.20526, -0.0004528096, -0.00074706762
  -59.198805, -0.000683599, -0.00074692909
  -59.172985, -0.0006030818, -0.00074637473
  -59.160075, -0.000534124, -0.00074609742
  -59.15362, -0.000571991, -0.00074595872
  -59.14071, -0.0005345226, -0.00074568127
  -59.14071, -0.0006102566, -0.00074568127
  -59.1278, -0.0007226618, -0.00074540373
  -59.1278, -0.0006174314, -0.00074540373
  -59.121345, -0.0007665078, -0.00074526492
  -59.11489, -0.0008346684, -0.00074512609
  -59.11489, -0.0006349698, -0.00074512609
  -59.082615, -0.0007820532, -0.00074443158
  -59.06325, -0.0008067664, -0.0007440146
  -59.043885, -0.0009036262, -0.00074359741
  -59.043885, -0.0007126968, -0.00074359741
  -59.03743, -0.0008518082, -0.0007434583
  -59.03743, -0.0009976958, -0.0007434583
  -59.03743, -0.0007306338, -0.0007434583
  -59.03743, -0.000769298, -0.0007434583
  -59.030975, -0.0006664592, -0.00074331917
  -59.030975, -0.0006222146, -0.00074331917
  -59.030975, -0.0006309838, -0.00074331917
  -59.030975, -0.00065769, -0.00074331917
  -59.030975, -0.0006804102, -0.00074331917
  -59.030975, -0.0007146898, -0.00074331917
  -59.02452, -0.0006724382, -0.00074318001
  -59.02452, -0.000707515, -0.00074318001
  -59.02452, -0.0007525568, -0.00074318001
  -59.02452, -0.0005855434, -0.00074318001
  -59.02452, -0.0007621232, -0.00074318001
  -59.02452, -0.0006871864, -0.00074318001
  -59.02452, -0.0006999416, -0.00074318001
  -59.02452, -0.0006812074, -0.00074318001
  -59.02452, -0.000599893, -0.00074318001
  -59.02452, -0.000675627, -0.00074318001
  -59.02452, -0.0007246548, -0.00074318001
  -59.02452, -0.0006505152, -0.00074318001
  -59.02452, -0.000575977, -0.00074318001
  -59.02452, -0.000591921, -0.00074318001
  -59.018065, -0.0007218646, -0.00074304083
  -59.018065, -0.0006712424, -0.00074304083
  -59.018065, -0.000723459, -0.00074304083
  -59.018065, -0.0005592358, -0.00074304083
  -59.018065, -0.0006325782, -0.00074304083
  -59.018065, -0.0008019832, -0.00074304083
  -59.018065, -0.0005512638, -0.00074304083
  -59.018065, -0.0007884308, -0.00074304083
  -59.018065, -0.000787235, -0.00074304083
  -59.018065, -0.0007776686, -0.00074304083
  -59.018065, -0.0007724868, -0.00074304083
  -59.018065, -0.0007011374, -0.00074304083
  -59.018065, -0.0006489208, -0.00074304083
  -59.018065, -0.000755347, -0.00074304083
  -59.018065, -0.0006469278, -0.00074304083
  -59.018065, -0.0006712424, -0.00074304083
  -59.018065, -0.0006764242, -0.00074304083
  -59.018065, -0.0007800602, -0.00074304083
  -59.018065, -0.000699543, -0.00074304083
  -59.01161, -0.0008043748, -0.00074290162
  -59.01161, -0.0008187244, -0.00074290162
  -59.01161, -0.0006365642, -0.00074290162
  -59.01161, -0.0007848434, -0.00074290162
  -59.01161, -0.0008235076, -0.00074290162
  -59.01161, -0.0008235076, -0.00074290162
  -59.01161, -0.000623809, -0.00074290162
  -59.01161, -0.0006859906, -0.00074290162
  -59.01161, -0.0006859906, -0.00074290162
  -59.01161, -0.000687585, -0.00074290162
  -59.01161, -0.0006002916, -0.00074290162
  -59.01161, -0.0005771728, -0.00074290162
  -59.01161, -0.0006832004, -0.00074290162
  -59.01161, -0.0006592844, -0.00074290162
  -59.01161, -0.00061783, -0.00074290162
  -59.01161, -0.0007477736, -0.00074290162
  -59.01161, -0.000679613, -0.00074290162
  -59.01161, -0.000833074, -0.00074290162
  -59.01161, -0.0005763756, -0.00074290162
  -59.005155, -0.0006246062, -0.00074276239
  -59.005155, -0.000849018, -0.00074276239
  -59.005155, -0.00077727, -0.00074276239
  -59.005155, -0.0005803616, -0.00074276239
  -59.005155, -0.0008801088, -0.00074276239
  -59.005155, -0.0009016332, -0.00074276239
  -59.005155, -0.0006752284, -0.00074276239
  -59.005155, -0.0006648648, -0.00074276239
  -59.005155, -0.000749368, -0.00074276239
  -59.005155, -0.000771291, -0.00074276239
  -59.005155, -0.0007708924, -0.00074276239
  -59.005155, -0.000767305, -0.00074276239
  -59.005155, -0.0006887808, -0.00074276239
  -59.005155, -0.0007402002, -0.00074276239
  -59.005155, -0.0007836476, -0.00074276239
  -59.005155, -0.0007944098, -0.00074276239
  -59.005155, -0.0007011374, -0.00074276239
  -59.005155, -0.0007130954, -0.00074276239
  -59.005155, -0.0007370114, -0.00074276239
  -59.005155, -0.0007669064, -0.00074276239
  -59.005155, -0.0006265992, -0.00074276239
  -59.005155, -0.0007031304, -0.00074276239
  -59.005155, -0.0007238576, -0.00074276239
  -59.005155, -0.0006469278, -0.00074276239
  -58.9987, -0.0008745284, -0.00074262314
  -58.9987, -0.0007390044, -0.00074262314
  -58.9987, -0.000723459, -0.00074262314
  -58.9987, -0.0008446334, -0.00074262314
  -58.9987, -0.0007521582, -0.00074262314
  -58.9987, -0.0008059692, -0.00074262314
  -58.9987, -0.0007896266, -0.00074262314
  -58.9987, -0.000775277, -0.00074262314
  -58.9987, -0.0007629204, -0.00074262314
  -58.9987, -0.0008852906, -0.00074262314
  -58.9987, -0.000807165, -0.00074262314
  -58.9987, -0.0006329768, -0.00074262314
  -58.9987, -0.000713494, -0.00074262314
  -58.9987, -0.0007370114, -0.00074262314
  -58.9987, -0.0008235076, -0.00074262314
  -58.9987, -0.000649718, -0.00074262314
  -58.9987, -0.0007924168, -0.00074262314
  -58.9987, -0.0007226618, -0.00074262314
  -58.9987, -0.0007469764, -0.00074262314
  -58.9987, -0.000675627, -0.00074262314
  -58.9987, -0.000635767, -0.00074262314
  -58.992245, -0.0006963542, -0.00074248387
  -58.992245, -0.0008426404, -0.00074248387
  -58.992245, -0.0007282422, -0.00074248387
  -58.992245, -0.0006154384, -0.00074248387
  -58.992245, -0.0008565914, -0.00074248387
  -58.992245, -0.0007987944, -0.00074248387
  -58.992245, -0.0005468792, -0.00074248387
  -58.992245, -0.0008641648, -0.00074248387
  -58.992245, -0.0007370114, -0.00074248387
  -58.992245, -0.0005994944, -0.00074248387
  -58.992245, -0.0008314796, -0.00074248387
  -58.992245, -0.000735417, -0.00074248387
  -58.992245, -0.0006780186, -0.00074248387
  -58.992245, -0.0006680536, -0.00074248387
  -58.992245, -0.0005225646, -0.00074248387
  -58.992245, -0.0006871864, -0.00074248387
  -58.992245, -0.0007290394, -0.00074248387
  -58.992245, -0.0007529554, -0.00074248387
  -58.992245, -0.0007330254, -0.00074248387
  -58.992245, -0.0005807602, -0.00074248387
  -58.992245, -0.0006879836, -0.00074248387
  -58.992245, -0.0007549484, -0.00074248387
  -58.992245, -0.0007489694, -0.00074248387
  -58.992245, -0.0008677522, -0.00074248387
  -58.992245, -0.0008027804, -0.00074248387
  -58.992245, -0.000781256, -0.00074248387
  -58.992245, -0.0008123468, -0.00074248387
  -58.992245, -0.0006473264, -0.00074248387
  -58.992245, -0.0008027804, -0.00074248387
  -58.992245, -0.0006664592, -0.00074248387
  -58.992245, -0.000783249, -0.00074248387
  -58.992245, -0.0006899766, -0.00074248387
  -58.992245, -0.0006800116, -0.00074248387
  -58.992245, -0.0007820532, -0.00074248387
  -58.992245, -0.0007258506, -0.00074248387
  -58.992245, -0.0007808574, -0.00074248387
  -58.992245, -0.0007645148, -0.00074248387
  -58.992245, -0.0006202216, -0.00074248387
  -58.98579, -0.000681606, -0.00074234457
  -58.98579, -0.000603879, -0.00074234457
  -58.98579, -0.0007398016, -0.00074234457
  -58.98579, -0.0007465778, -0.00074234457
  -58.98579, -0.0008127454, -0.00074234457
  -58.98579, -0.0006254034, -0.00074234457
  -58.98579, -0.0006664592, -0.00074234457
  -58.98579, -0.0006820046, -0.00074234457
  -58.98579, -0.000705522, -0.00074234457
  -58.98579, -0.0007202702, -0.00074234457
  -58.98579, -0.0007386058, -0.00074234457
  -58.98579, -0.0007262492, -0.00074234457
  -58.98579, -0.0006584872, -0.00074234457
  -58.98579, -0.000683599, -0.00074234457
  -58.98579, -0.0007669064, -0.00074234457
  -58.98579, -0.000486292, -0.00074234457
  -58.98579, -0.000713494, -0.00074234457
  -58.98579, -0.0006568928, -0.00074234457
  -58.98579, -0.000703529, -0.00074234457
  -58.979335, -0.0007282422, -0.00074220525
  -58.979335, -0.0007358156, -0.00074220525
  -58.979335, -0.0006265992, -0.00074220525
  -58.979335, -0.0006433404, -0.00074220525
  -58.979335, -0.0007760742, -0.00074220525
  -58.979335, -0.0006824032, -0.00074220525
  -58.979335, -0.0007378086, -0.00074220525
  -58.979335, -0.0006584872, -0.00074220525
  -58.979335, -0.0006473264, -0.00074220525
  -58.979335, -0.0006564942, -0.00074220525
  -58.979335, -0.0007138926, -0.00074220525
  -58.979335, -0.0006401516, -0.00074220525
  -58.979335, -0.0006433404, -0.00074220525
  -58.979335, -0.000619823, -0.00074220525
  -58.979335, -0.0008223118, -0.00074220525
  -58.979335, -0.00061783, -0.00074220525
  -58.979335, -0.0007186758, -0.00074220525
  -58.979335, -0.0007681022, -0.00074220525
  -58.979335, -0.0007162842, -0.00074220525
  -58.979335, -0.0007350184, -0.00074220525
  -58.97288, -0.0005556484, -0.0007420659
  -58.97288, -0.000731431, -0.0007420659
  -58.97288, -0.0007166828, -0.0007420659
  -58.97288, -0.0008565914, -0.0007420659
  -58.97288, -0.0006584872, -0.0007420659
  -58.97288, -0.0008872836, -0.0007420659
  -58.97288, -0.000787235, -0.0007420659
  -58.97288, -0.000641746, -0.0007420659
  -58.97288, -0.0007716896, -0.0007420659
  -58.97288, -0.0006744312, -0.0007420659
  -58.966425, -0.0007983958, -0.00074192653
  -58.966425, -0.0007182772, -0.00074192653
  -58.966425, -0.000839053, -0.00074192653
  -58.966425, -0.0006784172, -0.00074192653
  -58.966425, -0.0006592844, -0.00074192653
  -58.966425, -0.0006046762, -0.00074192653
  -58.966425, -0.0005751798, -0.00074192653
  -58.966425, -0.0008227104, -0.00074192653
  -58.966425, -0.0008167314, -0.00074192653
  -58.95997, -0.0006684522, -0.00074178714
  -58.953515, -0.0008593816, -0.00074164772
  -58.953515, -0.000854997, -0.00074164772
  -58.953515, -0.0006545012, -0.00074164772
  -58.953515, -0.000813144, -0.00074164772
  -58.953515, -0.0007995916, -0.00074164772
  -58.953515, -0.0007370114, -0.00074164772
  -58.953515, -0.0006832004, -0.00074164772
  -58.953515, -0.0007258506, -0.00074164772
  -58.953515, -0.0008139412, -0.00074164772
  -58.94706, -0.0006824032, -0.00074150828
  -58.94706, -0.0006074664, -0.00074150828
  -58.94706, -0.0006369628, -0.00074150828
  -58.940605, -0.0007904238, -0.00074136881
  -58.940605, -0.0006014874, -0.00074136881
  -58.940605, -0.000661676, -0.00074136881
  -58.940605, -0.000809158, -0.00074136881
  -58.940605, -0.0006899766, -0.00074136881
  -58.93415, -0.0008514096, -0.00074122932
  -58.93415, -0.0008027804, -0.00074122932
  -58.93415, -0.0008302838, -0.00074122932
  -58.93415, -0.0007378086, -0.00074122932
  -58.927695, -0.0006146412, -0.00074108981
  -58.92124, -0.0007999902, -0.00074095027
  -58.914785, -0.0006871864, -0.00074081071
  -58.901875, -0.0007071164, -0.00074053152
  -58.901875, -0.0006624732, -0.00074053152
  -58.88251, -0.0007804588, -0.00074011255
  -58.8696, -0.0007103052, -0.00073983312
  -58.863145, -0.0008274936, -0.00073969337
  -58.863145, -0.0006628718, -0.00073969337
  -58.85669, -0.00087692, -0.00073955359
  -58.81796, -0.0005915224, -0.00073871443
  -58.811505, -0.0006764242, -0.00073857449
  -58.811505, -0.00071748, -0.00073857449
  -58.80505, -0.0007282422, -0.00073843452
  -58.798595, -0.0005823546, -0.00073829452
  -58.798595, -0.000705522, -0.00073829452
  -58.77923, -0.0007003402, -0.0007378744
  -58.746955, -0.0006887808, -0.0007371737
  -58.721135, -0.0007756756, -0.0007366127
  -58.708225, -0.0006365642, -0.00073633205
  -58.708225, -0.0007585358, -0.00073633205
  -58.70177, -0.0007804588, -0.00073619169
  -58.67595, -0.0008318782, -0.00073563001
  -58.669495, -0.0006349698, -0.00073548952
  -58.62431, -0.0007222632, -0.00073450544
  -58.62431, -0.000789228, -0.00073450544
  -58.604945, -0.0008015846, -0.00073408332
  -58.59849, -0.0007916196, -0.00073394256
  -58.55976, -0.0007405988, -0.00073309749
  -58.53394, -0.0006648648, -0.00073253361
  -58.50812, -0.000693564, -0.00073196933
  -58.49521, -0.0006513124, -0.00073168703
  -58.45648, -0.0004938654, -0.00073083954
  -58.45648, -0.0005815574, -0.00073083954
  -58.41775, -0.0007445848, -0.00072999113
  -58.411295, -0.000593914, -0.00072984963
  -58.37902, -0.000605872, -0.00072914179
  -58.359655, -0.0008346684, -0.00072871677
  -58.3532, -0.0007696966, -0.00072857505
  -58.320925, -0.0007178786, -0.00072786604
  -58.28865, -0.0008043748, -0.00072715638
  -58.256375, -0.0007720882, -0.00072644607
  -58.24992, -0.000494264, -0.00072630392
  -58.19828, -0.0007262492, -0.00072516584
  -58.166005, -0.0005552498, -0.00072445368
  -58.14664, -0.0007816546, -0.00072402607
  -58.101455, -0.0007350184, -0.00072302736
  -58.095, -0.0006473264, -0.00072288458
  -58.062725, -0.00075734, -0.00072217028
  -58.011085, -0.0007669064, -0.00072102599
  -58.00463, -0.0006943612, -0.00072088284
  -57.99172, -0.000548075, -0.00072059644
  -57.95299, -0.0005751798, -0.00071973659
  -57.920715, -0.0006369628, -0.00071901929
  -57.907805, -0.0007266478, -0.00071873218
  -57.84971, -0.0007768714, -0.0007174388
  -57.830345, -0.0007378086, -0.00071700718
  -57.804525, -0.0007645148, -0.00071643129
  -57.77225, -0.000723459, -0.00071571079
  -57.752885, -0.0006042776, -0.00071527816
  -57.7077, -0.000829088, -0.00071426768
  -57.662515, -0.000595907, -0.00071325582
  -57.649605, -0.0008402488, -0.00071296646
  -57.63024, -0.0006772214, -0.0007125322
  -57.59151, -0.0007370114, -0.0007116629
  -57.546325, -0.0006130468, -0.00071064741
  -57.533415, -0.000765312, -0.00071035701
  -57.52696, -0.0006481236, -0.00071021177
  -57.51405, -0.0006341726, -0.00070992119
  -57.507595, -0.0006672564, -0.00070977586
  -57.481775, -0.0004520124, -0.00070919423
  -57.46241, -0.0006333754, -0.00070875771
  -57.4495, -0.000693564, -0.00070846654
  -57.443045, -0.0007421932, -0.00070832092
  -57.39786, -0.000603879, -0.0007073007
  -57.38495, -0.0005628232, -0.00070700895
  -57.378495, -0.0005448862, -0.00070686302
  -57.365585, -0.0007804588, -0.00070657109
  -57.33331, -0.000773284, -0.00070584073
  -57.326855, -0.0007270464, -0.00070569456
  -57.29458, -0.0006293894, -0.0007049633
  -57.29458, -0.0006070678, -0.0007049633
  -57.29458, -0.0007441862, -0.0007049633
  -57.28167, -0.0008175286, -0.00070467058
  -57.275215, -0.0006744312, -0.00070452418
  -57.25585, -0.0008059692, -0.00070408479
  -57.249395, -0.000653704, -0.00070393826
  -57.24294, -0.0006959556, -0.00070379171
  -57.236485, -0.0007358156, -0.00070364512
  -57.223575, -0.0006568928, -0.00070335186
  -57.21712, -0.0005975014, -0.00070320518
  -57.21712, -0.0006867878, -0.00070320518
  -57.210665, -0.0005907252, -0.00070305847
  -57.20421, -0.0006210188, -0.00070291174
  -57.20421, -0.0006548998, -0.00070291174
  -57.20421, -0.0007107038, -0.00070291174
  -57.20421, -0.0006620746, -0.00070291174
  -57.197755, -0.000735417, -0.00070276497
  -57.197755, -0.0007421932, -0.00070276497
  -57.197755, -0.0005038304, -0.00070276497
  -57.197755, -0.0006584872, -0.00070276497
  -57.197755, -0.0005289422, -0.00070276497
  -57.197755, -0.0007378086, -0.00070276497
  -57.197755, -0.0005807602, -0.00070276497
  -57.197755, -0.0007091094, -0.00070276497
  -57.197755, -0.0006780186, -0.00070276497
  -57.197755, -0.0006680536, -0.00070276497
  -57.1913, -0.0005432918, -0.00070261817
  -57.1913, -0.0006226132, -0.00070261817
  -57.1913, -0.0007764728, -0.00070261817
  -57.1913, -0.0008422418, -0.00070261817
  -57.1913, -0.00053811, -0.00070261817
  -57.1913, -0.0007836476, -0.00070261817
  -57.1913, -0.0006664592, -0.00070261817
  -57.1913, -0.0007083122, -0.00070261817
  -57.1913, -0.0005986972, -0.00070261817
  -57.1913, -0.000711501, -0.00070261817
  -57.1913, -0.0005656134, -0.00070261817
  -57.1913, -0.0006788158, -0.00070261817
  -57.184845, -0.000667655, -0.00070247134
  -57.184845, -0.00073741, -0.00070247134
  -57.184845, -0.0007218646, -0.00070247134
  -57.184845, -0.0006692494, -0.00070247134
  -57.184845, -0.000685592, -0.00070247134
  -57.184845, -0.0005125996, -0.00070247134
  -57.184845, -0.0007162842, -0.00070247134
  -57.184845, -0.000809158, -0.00070247134
  -57.184845, -0.0007250534, -0.00070247134
  -57.184845, -0.0007685008, -0.00070247134
  -57.184845, -0.000643739, -0.00070247134
  -57.184845, -0.0008314796, -0.00070247134
  -57.184845, -0.0006210188, -0.00070247134
  -57.184845, -0.0005695994, -0.00070247134
  -57.17839, -0.0006999416, -0.00070232448
  -57.17839, -0.0005915224, -0.00070232448
  -57.17839, -0.0007047248, -0.00070232448
  -57.17839, -0.000661676, -0.00070232448
  -57.17839, -0.0007485708, -0.00070232448
  -57.17839, -0.000783249, -0.00070232448
  -57.17839, -0.0006469278, -0.00070232448
  -57.17839, -0.000522166, -0.00070232448
  -57.17839, -0.0008083608, -0.00070232448
  -57.17839, -0.0005552498, -0.00070232448
  -57.17839, -0.000532131, -0.00070232448
  -57.17839, -0.0007964028, -0.00070232448
  -57.171935, -0.0005895294, -0.00070217759
  -57.171935, -0.0004978514, -0.00070217759
  -57.171935, -0.0006660606, -0.00070217759
  -57.171935, -0.000695557, -0.00070217759
  -57.171935, -0.000542096, -0.00070217759
  -57.171935, -0.0006708438, -0.00070217759
  -57.171935, -0.0005823546, -0.00070217759
  -57.171935, -0.0006445362, -0.00070217759
  -57.171935, -0.0006867878, -0.00070217759
  -57.171935, -0.0007238576, -0.00070217759
  -57.171935, -0.0005297394, -0.00070217759
  -57.171935, -0.0008338712, -0.00070217759
  -57.171935, -0.0006768228, -0.00070217759
  -57.171935, -0.0007378086, -0.00070217759
  -57.171935, -0.0005572428, -0.00070217759
  -57.171935, -0.0006525082, -0.00070217759
  -57.171935, -0.0007278436, -0.00070217759
  -57.171935, -0.00067762, -0.00070217759
  -57.171935, -0.0006429418, -0.00070217759
  -57.171935, -0.000645732, -0.00070217759
  -57.16548, -0.0005915224, -0.00070203066
  -57.16548, -0.0006146412, -0.00070203066
  -57.16548, -0.0006325782, -0.00070203066
  -57.16548, -0.0007059206, -0.00070203066
  -57.16548, -0.00049825, -0.00070203066
  -57.16548, -0.0007258506, -0.00070203066
  -57.16548, -0.0005624246, -0.00070203066
  -57.16548, -0.0006473264, -0.00070203066
  -57.16548, -0.0007342212, -0.00070203066
  -57.16548, -0.0006389558, -0.00070203066
  -57.159025, -0.000723459, -0.00070188371
  -57.159025, -0.0007111024, -0.00070188371
  -57.159025, -0.0006265992, -0.00070188371
  -57.159025, -0.0004779214, -0.00070188371
  -57.159025, -0.0007541512, -0.00070188371
  -57.159025, -0.0005927182, -0.00070188371
  -57.159025, -0.0007541512, -0.00070188371
  -57.159025, -0.0007716896, -0.00070188371
  -57.15257, -0.0006134454, -0.00070173673
  -57.15257, -0.0007645148, -0.00070173673
  -57.15257, -0.0006780186, -0.00070173673
  -57.15257, -0.0006792144, -0.00070173673
  -57.15257, -0.0007087108, -0.00070173673
  -57.15257, -0.0006780186, -0.00070173673
  -57.15257, -0.000641746, -0.00070173673
  -57.15257, -0.0008924654, -0.00070173673
  -57.146115, -0.0008984444, -0.00070158971
  -57.146115, -0.0006401516, -0.00070158971
  -57.146115, -0.0008402488, -0.00070158971
  -57.146115, -0.000679613, -0.00070158971
  -57.146115, -0.0006931654, -0.00070158971
  -57.146115, -0.0006692494, -0.00070158971
  -57.146115, -0.0005783686, -0.00070158971
  -57.146115, -0.0007366128, -0.00070158971
  -57.146115, -0.0005807602, -0.00070158971
  -57.13966, -0.0008103538, -0.00070144267
  -57.13966, -0.0006329768, -0.00070144267
  -57.13966, -0.0007477736, -0.00070144267
  -57.13966, -0.0006433404, -0.00070144267
  -57.13966, -0.0006210188, -0.00070144267
  -57.13966, -0.0005783686, -0.00070144267
  -57.13966, -0.0007250534, -0.00070144267
  -57.13966, -0.000649718, -0.00070144267
  -57.13966, -0.0005855434, -0.00070144267
  -57.13966, -0.0008027804, -0.00070144267
  -57.13966, -0.000795207, -0.00070144267
  -57.13966, -0.0007577386, -0.00070144267
  -57.133205, -0.0007071164, -0.00070129559
  -57.133205, -0.0006580886, -0.00070129559
  -57.133205, -0.0006074664, -0.00070129559
  -57.133205, -0.0006724382, -0.00070129559
  -57.133205, -0.0006732354, -0.00070129559
  -57.133205, -0.0006130468, -0.00070129559
  -57.133205, -0.0006449348, -0.00070129559
  -57.133205, -0.0004611802, -0.00070129559
  -57.133205, -0.0007577386, -0.00070129559
  -57.133205, -0.0006333754, -0.00070129559
  -57.133205, -0.0007242562, -0.00070129559
  -57.133205, -0.0005536554, -0.00070129559
  -57.133205, -0.0006971514, -0.00070129559
  -57.133205, -0.0007330254, -0.00070129559
  -57.133205, -0.0007246548, -0.00070129559
  -57.133205, -0.0006991444, -0.00070129559
  -57.133205, -0.0007828504, -0.00070129559
  -57.133205, -0.0006094594, -0.00070129559
  -57.133205, -0.000603879, -0.00070129559
  -57.133205, -0.0006293894, -0.00070129559
  -57.12675, -0.000601886, -0.00070114849
  -57.12675, -0.0007122982, -0.00070114849
  -57.12675, -0.0007023332, -0.00070114849
  -57.12675, -0.000645732, -0.00070114849
  -57.12675, -0.0005771728, -0.00070114849
  -57.12675, -0.0007784658, -0.00070114849
  -57.12675, -0.0005951098, -0.00070114849
  -57.12675, -0.0008027804, -0.00070114849
  -57.12675, -0.0008103538, -0.00070114849
  -57.12675, -0.0006114524, -0.00070114849
  -57.12675, -0.0008095566, -0.00070114849
  -57.12675, -0.000727445, -0.00070114849
  -57.12675, -0.0007677036, -0.00070114849
  -57.12675, -0.0006262006, -0.00070114849
  -57.12675, -0.0008039762, -0.00070114849
  -57.120295, -0.0007023332, -0.00070100135
  -57.120295, -0.0006385572, -0.00070100135
  -57.120295, -0.0007282422, -0.00070100135
  -57.120295, -0.0007302352, -0.00070100135
  -57.120295, -0.0006501166, -0.00070100135
  -57.120295, -0.0006644662, -0.00070100135
  -57.120295, -0.0006353684, -0.00070100135
  -57.120295, -0.0006692494, -0.00070100135
  -57.120295, -0.000667655, -0.00070100135
  -57.120295, -0.0005448862, -0.00070100135
  -57.120295, -0.0006042776, -0.00070100135
  -57.120295, -0.0005775714, -0.00070100135
  -57.120295, -0.0007685008, -0.00070100135
  -57.120295, -0.0006568928, -0.00070100135
  -57.120295, -0.0006465292, -0.00070100135
  -57.11384, -0.0006273964, -0.00070085418
  -57.11384, -0.0006489208, -0.00070085418
  -57.11384, -0.000659683, -0.00070085418
  -57.11384, -0.0007784658, -0.00070085418
  -57.11384, -0.0007031304, -0.00070085418
  -57.11384, -0.0007405988, -0.00070085418
  -57.11384, -0.0005293408, -0.00070085418
  -57.11384, -0.0007130954, -0.00070085418
  -57.11384, -0.0007824518, -0.00070085418
  -57.11384, -0.0007565428, -0.00070085418
  -57.11384, -0.0006971514, -0.00070085418
  -57.11384, -0.0004767256, -0.00070085418
  -57.107385, -0.000693564, -0.00070070698
  -57.107385, -0.0007577386, -0.00070070698
  -57.107385, -0.0005975014, -0.00070070698
  -57.107385, -0.0005217674, -0.00070070698
  -57.107385, -0.0006907738, -0.00070070698
  -57.107385, -0.0006369628, -0.00070070698
  -57.107385, -0.0006923682, -0.00070070698
  -57.107385, -0.0007405988, -0.00070070698
  -57.107385, -0.0007178786, -0.00070070698
  -57.107385, -0.0007202702, -0.00070070698
  -57.107385, -0.0006313824, -0.00070070698
  -57.107385, -0.000761326, -0.00070070698
  -57.107385, -0.0007067178, -0.00070070698
  -57.107385, -0.0008302838, -0.00070070698
  -57.107385, -0.000731431, -0.00070070698
  -57.10093, -0.000715487, -0.00070055975
  -57.10093, -0.0006947598, -0.00070055975
  -57.10093, -0.0006808088, -0.00070055975
  -57.10093, -0.0007421932, -0.00070055975
  -57.10093, -0.0007820532, -0.00070055975
  -57.10093, -0.0005508652, -0.00070055975
  -57.10093, -0.00069755, -0.00070055975
  -57.094475, -0.0005767742, -0.00070041249
  -57.094475, -0.0006947598, -0.00070041249
  -57.094475, -0.0005743826, -0.00070041249
  -57.08802, -0.0006014874, -0.00070026519
  -57.08802, -0.0005468792, -0.00070026519
  -57.08802, -0.0007083122, -0.00070026519
  -57.08802, -0.0006887808, -0.00070026519
  -57.08802, -0.0007402002, -0.00070026519
  -57.081565, -0.0005807602, -0.00070011787
  -57.081565, -0.0005297394, -0.00070011787
  -57.081565, -0.0007302352, -0.00070011787
  -57.07511, -0.0006010888, -0.00069997051
  -57.068655, -0.0007625218, -0.00069982313
  -57.0622, -0.000675627, -0.00069967571
  -57.0622, -0.0007517596, -0.00069967571
  -57.0622, -0.000605872, -0.00069967571
  -57.0622, -0.0005556484, -0.00069967571
  -57.055745, -0.0007585358, -0.00069952826
  -57.04929, -0.0008362628, -0.00069938078
  -57.042835, -0.0008561928, -0.00069923327
  -57.042835, -0.0007210674, -0.00069923327
  -57.042835, -0.0005963056, -0.00069923327
  -57.02347, -0.0007099066, -0.00069879055
  -57.01056, -0.000474334, -0.00069849525
  -57.01056, -0.0006529068, -0.00069849525
  -57.004105, -0.000805172, -0.00069834755
  -57.004105, -0.0007338226, -0.00069834755
  -56.991195, -0.0007126968, -0.00069805205
  -56.965375, -0.0004388586, -0.00069746069
  -56.95892, -0.000601886, -0.00069731277
  -56.939555, -0.0007688994, -0.00069686882
  -56.9331, -0.0006010888, -0.00069672077
  -56.913735, -0.0006552984, -0.00069627644
  -56.887915, -0.0006832004, -0.00069568355
  -56.86855, -0.0006871864, -0.00069523855
  -56.85564, -0.00069755, -0.00069494172
  -56.836275, -0.0008294866, -0.00069449623
  -56.82982, -0.0007226618, -0.00069434767
  -56.810455, -0.0007477736, -0.0006939018
  -56.797545, -0.000833074, -0.00069360439
  -56.77818, -0.0007266478, -0.00069315804
  -56.77818, -0.0007780672, -0.00069315804
  -56.75236, -0.0006688508, -0.00069256244
  -56.73945, -0.0007007388, -0.00069226444
  -56.720085, -0.000711501, -0.00069181721
  -56.70072, -0.0005385086, -0.00069136967
  -56.6749, -0.0006784172, -0.0006907725
  -56.64908, -0.000713494, -0.00069017481
  -56.62326, -0.0007760742, -0.00068957658
  -56.61035, -0.000705522, -0.00068927726
  -56.565165, -0.0006369628, -0.00068822862
  -56.55871, -0.000695557, -0.00068807868
  -56.526435, -0.0004846976, -0.00068732847
  -56.50707, -0.0006489208, -0.00068687795
  -56.500615, -0.0005592358, -0.0006867277
  -56.49416, -0.0007437876, -0.00068657742
  -56.461885, -0.0006600816, -0.00068582553
  -56.436065, -0.0007764728, -0.0006852234
  -56.40379, -0.0006740326, -0.00068446998
  -56.371515, -0.0007182772, -0.00068371569
  -56.33924, -0.0006226132, -0.00068296055
  -56.33924, -0.0006489208, -0.00068296055
  -56.306965, -0.0006365642, -0.00068220453
  -56.2876, -0.0007142912, -0.00068175051
  -56.255325, -0.0006074664, -0.00068099311
  -56.22305, -0.0006325782, -0.00068023483
  -56.22305, -0.0008262978, -0.00068023483
  -56.19723, -0.0007342212, -0.00067962757
  -56.152045, -0.0007860392, -0.00067856351
  -56.14559, -0.0007051234, -0.00067841136
  -56.09395, -0.0007103052, -0.00067719288
  -56.08104, -0.0007828504, -0.0006768879
  -56.04231, -0.000785242, -0.00067597209
  -56.010035, -0.0006473264, -0.00067520793
  -56.010035, -0.0006548998, -0.00067520793
  -55.971305, -0.000619823, -0.00067428975
  -55.92612, -0.0006345712, -0.00067321687
  -55.91321, -0.000693564, -0.00067291
  -55.893845, -0.000753354, -0.00067244942
  -55.855115, -0.0007425918, -0.00067152727
  -55.829295, -0.0007784658, -0.00067091176
  -55.829295, -0.000631781, -0.00067091176
  -55.790565, -0.0006525082, -0.00066998739
  -55.751835, -0.000783249, -0.00066906166
  -55.74538, -0.000673634, -0.00066890724
  -55.73247, -0.000673634, -0.00066859829
  -55.70665, -0.0007405988, -0.00066797994
  -55.65501, -0.0007067178, -0.00066674141
  -55.622735, -0.000627795, -0.00066596609
  -55.609825, -0.0007688994, -0.00066565569
  -55.59046, -0.0007122982, -0.00066518981
  -55.571095, -0.000745382, -0.00066472358
  -55.571095, -0.0007517596, -0.00066472358
  -55.532365, -0.0007107038, -0.00066379008
  -55.513, -0.0007258506, -0.00066332281
  -55.506545, -0.0007003402, -0.00066316697
  -55.48718, -0.0006859906, -0.00066269923
  -55.480725, -0.0007350184, -0.00066254324
  -55.46136, -0.0006170328, -0.00066207503
  -55.441995, -0.0007262492, -0.00066160647
  -55.43554, -0.0008067664, -0.0006614502
  -55.42263, -0.0005835504, -0.00066113755
  -55.416175, -0.000589928, -0.00066098117
  -55.416175, -0.0005548512, -0.00066098117
  -55.416175, -0.000665662, -0.00066098117
  -55.403265, -0.0004755298, -0.00066066828
  -55.39681, -0.0007409974, -0.00066051178
  -55.39681, -0.0007226618, -0.00066051178
  -55.390355, -0.0008199202, -0.00066035524
  -55.390355, -0.0008617732, -0.00066035524
  -55.3839, -0.0006820046, -0.00066019865
  -55.3839, -0.0006680536, -0.00066019865
  -55.377445, -0.000801186, -0.00066004203
  -55.37099, -0.0006130468, -0.00065988537
  -55.37099, -0.0006325782, -0.00065988537
  -55.37099, -0.0006911724, -0.00065988537
  -55.364535, -0.000619823, -0.00065972867
  -55.35808, -0.0006600816, -0.00065957193
  -55.351625, -0.0007051234, -0.00065941515
  -55.351625, -0.0006859906, -0.00065941515
  -55.351625, -0.0007039276, -0.00065941515
  -55.351625, -0.0005927182, -0.00065941515
  -55.351625, -0.0006620746, -0.00065941515
  -55.351625, -0.000627795, -0.00065941515
  -55.34517, -0.0007051234, -0.00065925833
  -55.34517, -0.000631781, -0.00065925833
  -55.34517, -0.000763319, -0.00065925833
  -55.34517, -0.0006584872, -0.00065925833
  -55.34517, -0.000601886, -0.00065925833
  -55.338715, -0.0006373614, -0.00065910147
  -55.338715, -0.0006361656, -0.00065910147
  -55.338715, -0.0007398016, -0.00065910147
  -55.338715, -0.000585942, -0.00065910147
  -55.338715, -0.0007146898, -0.00065910147
  -55.338715, -0.000749368, -0.00065910147
  -55.338715, -0.0006281936, -0.00065910147
  -55.338715, -0.000687585, -0.00065910147
  -55.338715, -0.000699543, -0.00065910147
  -55.33226, -0.000506222, -0.00065894457
  -55.33226, -0.000623809, -0.00065894457
  -55.33226, -0.000655697, -0.00065894457
  -55.33226, -0.0006489208, -0.00065894457
  -55.33226, -0.0007908224, -0.00065894457
  -55.33226, -0.000783249, -0.00065894457
  -55.33226, -0.00069755, -0.00065894457
  -55.33226, -0.0007896266, -0.00065894457
  -55.325805, -0.0008685494, -0.00065878763
  -55.325805, -0.000540103, -0.00065878763
  -55.325805, -0.0008522068, -0.00065878763
  -55.325805, -0.0005349212, -0.00065878763
  -55.325805, -0.0007007388, -0.00065878763
  -55.325805, -0.000683599, -0.00065878763
  -55.325805, -0.00071748, -0.00065878763
  -55.325805, -0.0007936126, -0.00065878763
  -55.31935, -0.0005791658, -0.00065863065
  -55.31935, -0.0006074664, -0.00065863065
  -55.31935, -0.0007126968, -0.00065863065
  -55.31935, -0.0007429904, -0.00065863065
  -55.31935, -0.0006580886, -0.00065863065
  -55.31935, -0.0006281936, -0.00065863065
  -55.31935, -0.0005751798, -0.00065863065
  -55.31935, -0.0006541026, -0.00065863065
  -55.31935, -0.000605872, -0.00065863065
  -55.31935, -0.0006142426, -0.00065863065
  -55.31935, -0.0006489208, -0.00065863065
  -55.31935, -0.0007238576, -0.00065863065
  -55.31935, -0.0008386544, -0.00065863065
  -55.31935, -0.000609858, -0.00065863065
  -55.31935, -0.00061783, -0.00065863065
  -55.31935, -0.0006947598, -0.00065863065
  -55.31935, -0.0008561928, -0.00065863065
  -55.312895, -0.0007824518, -0.00065847363
  -55.312895, -0.0007609274, -0.00065847363
  -55.312895, -0.0006305852, -0.00065847363
  -55.312895, -0.0006373614, -0.00065847363
  -55.312895, -0.0007437876, -0.00065847363
  -55.312895, -0.0005229632, -0.00065847363
  -55.312895, -0.0006760256, -0.00065847363
  -55.312895, -0.0008362628, -0.00065847363
  -55.312895, -0.0006174314, -0.00065847363
  -55.312895, -0.0008274936, -0.00065847363
  -55.30644, -0.0006879836, -0.00065831657
  -55.30644, -0.0007688994, -0.00065831657
  -55.30644, -0.0006285922, -0.00065831657
  -55.30644, -0.0006182286, -0.00065831657
  -55.30644, -0.000745382, -0.00065831657
  -55.30644, -0.0006529068, -0.00065831657
  -55.30644, -0.0006082636, -0.00065831657
  -55.30644, -0.000406572, -0.00065831657
  -55.30644, -0.000773284, -0.00065831657
  -55.30644, -0.0006489208, -0.00065831657
  -55.30644, -0.000695557, -0.00065831657
  -55.30644, -0.000747375, -0.00065831657
  -55.30644, -0.0006867878, -0.00065831657
  -55.299985, -0.0005684036, -0.00065815947
  -55.299985, -0.0005576414, -0.00065815947
  -55.299985, -0.0007258506, -0.00065815947
  -55.299985, -0.0006927668, -0.00065815947
  -55.299985, -0.0007840462, -0.00065815947
  -55.299985, -0.0006903752, -0.00065815947
  -55.299985, -0.0006688508, -0.00065815947
  -55.29353, -0.0007776686, -0.00065800233
  -55.29353, -0.000709508, -0.00065800233
  -55.29353, -0.0006465292, -0.00065800233
  -55.29353, -0.0007601302, -0.00065800233
  -55.29353, -0.0007003402, -0.00065800233
  -55.29353, -0.0005731868, -0.00065800233
  -55.29353, -0.000773284, -0.00065800233
  -55.29353, -0.0007465778, -0.00065800233
  -55.287075, -0.0006489208, -0.00065784515
  -55.287075, -0.0007760742, -0.00065784515
  -55.287075, -0.0006680536, -0.00065784515
  -55.287075, -0.0006927668, -0.00065784515
  -55.287075, -0.0007158856, -0.00065784515
  -55.287075, -0.0006010888, -0.00065784515
  -55.287075, -0.0006632704, -0.00065784515
  -55.287075, -0.0006684522, -0.00065784515
  -55.287075, -0.000585942, -0.00065784515
  -55.287075, -0.0005568442, -0.00065784515
  -55.287075, -0.0006879836, -0.00065784515
  -55.287075, -0.0005428932, -0.00065784515
  -55.28062, -0.000695557, -0.00065768793
  -55.28062, -0.0007936126, -0.00065768793
  -55.28062, -0.0007469764, -0.00065768793
  -55.28062, -0.0007226618, -0.00065768793
  -55.28062, -0.0007182772, -0.00065768793
  -55.28062, -0.0006692494, -0.00065768793
  -55.28062, -0.0008079622, -0.00065768793
  -55.28062, -0.0006345712, -0.00065768793
  -55.28062, -0.0008035776, -0.00065768793
  -55.28062, -0.0005628232, -0.00065768793
  -55.28062, -0.0006393544, -0.00065768793
  -55.28062, -0.0005747812, -0.00065768793
  -55.28062, -0.000761326, -0.00065768793
  -55.28062, -0.0006042776, -0.00065768793
  -55.274165, -0.000643739, -0.00065753067
  -55.274165, -0.0005476764, -0.00065753067
  -55.274165, -0.0006812074, -0.00065753067
  -55.274165, -0.0006560956, -0.00065753067
  -55.274165, -0.0006644662, -0.00065753067
  -55.274165, -0.0007107038, -0.00065753067
  -55.274165, -0.0007362142, -0.00065753067
  -55.274165, -0.0005572428, -0.00065753067
  -55.274165, -0.0006887808, -0.00065753067
  -55.274165, -0.00071748, -0.00065753067
  -55.274165, -0.0006871864, -0.00065753067
  -55.274165, -0.0007286408, -0.00065753067
  -55.274165, -0.000633774, -0.00065753067
  -55.26771, -0.0006445362, -0.00065737337
  -55.26771, -0.0004950612, -0.00065737337
  -55.26771, -0.000591921, -0.00065737337
  -55.26771, -0.0005947112, -0.00065737337
  -55.26771, -0.0007477736, -0.00065737337
  -55.26771, -0.0005723896, -0.00065737337
  -55.26771, -0.0006313824, -0.00065737337
  -55.26771, -0.0005592358, -0.00065737337
  -55.26771, -0.0006927668, -0.00065737337
  -55.26771, -0.0006951584, -0.00065737337
  -55.26771, -0.000703529, -0.00065737337
  -55.26771, -0.000767305, -0.00065737337
  -55.26771, -0.0007517596, -0.00065737337
  -55.26771, -0.0007521582, -0.00065737337
  -55.26771, -0.0006293894, -0.00065737337
  -55.26771, -0.0005723896, -0.00065737337
  -55.261255, -0.0006505152, -0.00065721603
  -55.261255, -0.0007063192, -0.00065721603
  -55.261255, -0.000679613, -0.00065721603
  -55.261255, -0.0006341726, -0.00065721603
  -55.261255, -0.000663669, -0.00065721603
  -55.261255, -0.000575977, -0.00065721603
  -55.261255, -0.0007278436, -0.00065721603
  -55.261255, -0.000845032, -0.00065721603
  -55.261255, -0.0006341726, -0.00065721603
  -55.261255, -0.0005803616, -0.00065721603
  -55.261255, -0.0007437876, -0.00065721603
  -55.261255, -0.000647725, -0.00065721603
  -55.261255, -0.000773284, -0.00065721603
  -55.261255, -0.0006620746, -0.00065721603
  -55.2548, -0.000619823, -0.00065705865
  -55.2548, -0.0006680536, -0.00065705865
  -55.2548, -0.0008266964, -0.00065705865
  -55.2548, -0.000627795, -0.00065705865
  -55.2548, -0.0008135426, -0.00065705865
  -55.2548, -0.000773284, -0.00065705865
  -55.2548, -0.0005923196, -0.00065705865
  -55.248345, -0.000785242, -0.00065690122
  -55.248345, -0.0007681022, -0.00065690122
  -55.248345, -0.0007820532, -0.00065690122
  -55.248345, -0.0007621232, -0.00065690122
  -55.248345, -0.0005851448, -0.00065690122
  -55.248345, -0.0006313824, -0.00065690122
  -55.248345, -0.000651711, -0.00065690122
  -55.248345, -0.0007509624, -0.00065690122
  -55.248345, -0.000703529, -0.00065690122
  -55.248345, -0.0004811102, -0.00065690122
  -55.248345, -0.0006588858, -0.00065690122
  -55.248345, -0.0007146898, -0.00065690122
  -55.248345, -0.0006441376, -0.00065690122
  -55.24189, -0.000807165, -0.00065674376
  -55.24189, -0.000581956, -0.00065674376
  -55.24189, -0.0007704938, -0.00065674376
  -55.24189, -0.000803179, -0.00065674376
  -55.24189, -0.0007784658, -0.00065674376
  -55.24189, -0.000583949, -0.00065674376
  -55.235435, -0.0007704938, -0.00065658626
  -55.235435, -0.0006325782, -0.00065658626
  -55.235435, -0.0006162356, -0.00065658626
  -55.235435, -0.000773284, -0.00065658626
  -55.235435, -0.00069755, -0.00065658626
  -55.235435, -0.0007071164, -0.00065658626
  -55.235435, -0.0006146412, -0.00065658626
  -55.22898, -0.0005867392, -0.00065642872
  -55.22898, -0.0006704452, -0.00065642872
  -55.22898, -0.000699543, -0.00065642872
  -55.22898, -0.00069755, -0.00065642872
  -55.222525, -0.0007948084, -0.00065627113
  -55.222525, -0.000635767, -0.00065627113
  -55.21607, -0.0006441376, -0.00065611351
  -55.209615, -0.0005018374, -0.00065595584
  -55.209615, -0.0006010888, -0.00065595584
  -55.209615, -0.0007186758, -0.00065595584
  -55.20316, -0.0006768228, -0.00065579814
  -55.196705, -0.0006867878, -0.00065564039
  -55.196705, -0.0006501166, -0.00065564039
  -55.183795, -0.0007091094, -0.00065532478
  -55.17734, -0.0006222146, -0.00065516691
  -55.170885, -0.00081713, -0.000655009
  -55.170885, -0.0006891794, -0.000655009
  -55.157975, -0.0008494166, -0.00065469306
  -55.157975, -0.000653704, -0.00065469306
  -55.145065, -0.000581956, -0.00065437695
  -55.145065, -0.0007688994, -0.00065437695
  -55.145065, -0.0004408516, -0.00065437695
  -55.1257, -0.0007617246, -0.00065390249
  -55.11279, -0.00083706, -0.00065358598
  -55.106335, -0.0007995916, -0.00065342766
  -55.106335, -0.0006293894, -0.00065342766
  -55.093425, -0.0007724868, -0.00065311089
  -55.080515, -0.0006305852, -0.00065279397
  -55.067605, -0.0005177814, -0.00065247687
  -55.054695, -0.00063776, -0.00065215962
  -55.04824, -0.000573984, -0.00065200092
  -55.041785, -0.0005994944, -0.00065184219
  -55.03533, -0.0008019832, -0.00065168342
  -55.03533, -0.0007298366, -0.00065168342
  -55.00951, -0.000731431, -0.0006510479
  -54.98369, -0.0006162356, -0.00065041172
  -54.97078, -0.0007007388, -0.00065009337
  -54.95787, -0.0005975014, -0.00064977486
  -54.938505, -0.0007170814, -0.00064929678
  -54.93205, -0.0006293894, -0.00064913733
  -54.912685, -0.0007306338, -0.00064865874
  -54.899775, -0.000615837, -0.00064833947
  -54.89332, -0.00073741, -0.00064817977
  -54.8675, -0.000605872, -0.00064754055
  -54.861045, -0.0006580886, -0.00064738064
  -54.82877, -0.000675627, -0.00064658043
  -54.80295, -0.0005556484, -0.0006459395
  -54.79004, -0.000811151, -0.00064561877
  -54.770675, -0.000665662, -0.00064513736
  -54.75131, -0.0006911724, -0.00064465557
  -54.7384, -0.0006704452, -0.00064433415
  -54.719035, -0.0005911238, -0.0006438517
  -54.693215, -0.0006967528, -0.00064320782
  -54.654485, -0.0006345712, -0.0006422407
  -54.615755, -0.0006114524, -0.00064127199
  -54.615755, -0.0008139412, -0.00064127199
  -54.57057, -0.000759333, -0.00064013982
  -54.54475, -0.000536117, -0.00063949189
  -54.53184, -0.0006174314, -0.00063916766
  -54.512475, -0.0005891308, -0.00063868098
  -54.4802, -0.0006612774, -0.00063786894
  -54.44147, -0.0005971028, -0.00063689301
  -54.435015, -0.0006505152, -0.00063673019
  -54.42856, -0.0006186272, -0.00063656734
  -54.383375, -0.0005947112, -0.00063542605
  -54.37692, -0.0007900252, -0.00063526283
  -54.370465, -0.0004930682, -0.00063509956
  -54.32528, -0.0003950126, -0.0006339554
  -54.305915, -0.0006963542, -0.00063346436
  -54.28655, -0.0006828018, -0.0006329729
  -54.254275, -0.0006879836, -0.00063215288
  -54.241365, -0.0006720396, -0.00063182455
  -54.222, -0.000665662, -0.00063133169
  -54.215545, -0.001090171, -0.00063116732
  -54.17036, -0.0006046762, -0.00063001537
  -54.150995, -0.0005492708, -0.00062952097
  -54.150995, -0.0008904724, -0.00062952097
  -54.0929, -0.000701536, -0.00062803523
  -54.06708, -0.0006780186, -0.00062737367
  -54.02835, -0.0007278436, -0.0006263799
  -54.008985, -0.0005094108, -0.00062588236
  -53.996075, -0.0006485222, -0.00062555043
  -53.9638, -0.0005767742, -0.00062471976
  -53.93798, -0.0004799144, -0.00062405436
  -53.92507, -0.0004906766, -0.00062372136
  -53.905705, -0.0006361656, -0.00062322151
  -53.879885, -0.0008725354, -0.00062255435
  -53.84761, -0.0007816546, -0.0006217193
  -53.815335, -0.0007685008, -0.00062088302
  -53.789515, -0.0007166828, -0.00062021311
  -53.763695, -0.0006345712, -0.00061954241
  -53.71851, -0.0006054734, -0.00061836675
  -53.7056, -0.0006931654, -0.0006180304
  -53.686235, -0.0007700952, -0.0006175255
  -53.65396, -0.0007019346, -0.00061668299
  -53.61523, -0.0006903752, -0.00061567031
  -53.595865, -0.0005516624, -0.00061516329
  -53.58941, -0.0005851448, -0.00061499418
  -53.5765, -0.0006325782, -0.0006146558
  -53.55068, -0.0007222632, -0.00061397845
  -53.505495, -0.0008478222, -0.00061279109
  -53.48613, -0.000502236, -0.00061228145
  -53.46031, -0.0006780186, -0.00061160121
  -53.43449, -0.000599893, -0.00061092014
  -53.428035, -0.000731431, -0.00061074974
  -53.415125, -0.0006433404, -0.00061040878
  -53.415125, -0.0005947112, -0.00061040878
  -53.376395, -0.0006580886, -0.00060938467
  -53.350575, -0.0005584386, -0.00060870088
  -53.324755, -0.0005114038, -0.00060801624
  -53.3183, -0.0007485708, -0.00060784495
  -53.298935, -0.0007146898, -0.00060733076
  -53.286025, -0.0006752284, -0.0006069877
  -53.260205, -0.0007529554, -0.00060630094
  -53.25375, -0.000809158, -0.00060612912
  -53.24084, -0.0005743826, -0.00060578532
  -53.234385, -0.0006094594, -0.00060561333
  -53.234385, -0.0005688022, -0.00060561333
  -53.221475, -0.0004914738, -0.00060526921
  -53.208565, -0.0005584386, -0.00060492486
  -53.20211, -0.000633774, -0.00060475261
  -53.195655, -0.0006911724, -0.00060458031
  -53.195655, -0.0004432432, -0.00060458031
  -53.1892, -0.0007242562, -0.00060440795
  -53.169835, -0.0006572914, -0.00060389055
  -53.15047, -0.0006222146, -0.00060337266
  -53.15047, -0.0007489694, -0.00060337266
  -53.144015, -0.0004994458, -0.00060319993
  -53.144015, -0.0007386058, -0.00060319993
  -53.144015, -0.000729438, -0.00060319993
  -53.144015, -0.000665662, -0.00060319993
  -53.144015, -0.0006341726, -0.00060319993
  -53.144015, -0.0005763756, -0.00060319993
  -53.13756, -0.0004312852, -0.00060302714
  -53.131105, -0.0006393544, -0.00060285429
  -53.131105, -0.0004396558, -0.00060285429
  -53.12465, -0.0005436904, -0.00060268139
  -53.12465, -0.0007011374, -0.00060268139
  -53.12465, -0.0006744312, -0.00060268139
  -53.118195, -0.0005656134, -0.00060250844
  -53.118195, -0.000661676, -0.00060250844
  -53.118195, -0.0006505152, -0.00060250844
  -53.118195, -0.000695557, -0.00060250844
  -53.11174, -0.0005895294, -0.00060233543
  -53.11174, -0.0005114038, -0.00060233543
  -53.11174, -0.000681606, -0.00060233543
  -53.11174, -0.0006804102, -0.00060233543
  -53.11174, -0.000514194, -0.00060233543
  -53.105285, -0.0007999902, -0.00060216236
  -53.105285, -0.0006385572, -0.00060216236
  -53.105285, -0.0007186758, -0.00060216236
  -53.105285, -0.0007146898, -0.00060216236
  -53.105285, -0.0005185786, -0.00060216236
  -53.105285, -0.0005827532, -0.00060216236
  -53.09883, -0.0004097608, -0.00060198925
  -53.09883, -0.0006142426, -0.00060198925
  -53.09883, -0.0005911238, -0.00060198925
  -53.09883, -0.0004986486, -0.00060198925
  -53.09883, -0.000603879, -0.00060198925
  -53.09883, -0.000504229, -0.00060198925
  -53.092375, -0.00063776, -0.00060181607
  -53.092375, -0.0006847948, -0.00060181607
  -53.092375, -0.0006385572, -0.00060181607
  -53.092375, -0.0007708924, -0.00060181607
  -53.092375, -0.0005979, -0.00060181607
  -53.092375, -0.0006963542, -0.00060181607
  -53.092375, -0.000524159, -0.00060181607
  -53.092375, -0.0006409488, -0.00060181607
  -53.08592, -0.0005416974, -0.00060164285
  -53.08592, -0.0007330254, -0.00060164285
  -53.08592, -0.000779263, -0.00060164285
  -53.08592, -0.0006879836, -0.00060164285
  -53.08592, -0.0006214174, -0.00060164285
  -53.08592, -0.0005412988, -0.00060164285
  -53.08592, -0.0006441376, -0.00060164285
  -53.08592, -0.0003818588, -0.00060164285
  -53.08592, -0.0004659634, -0.00060164285
  -53.079465, -0.0006054734, -0.00060146957
  -53.079465, -0.0005058234, -0.00060146957
  -53.079465, -0.0005592358, -0.00060146957
  -53.079465, -0.0007122982, -0.00060146957
  -53.079465, -0.0006361656, -0.00060146957
  -53.07301, -0.0006429418, -0.00060129623
  -53.07301, -0.0005975014, -0.00060129623
  -53.07301, -0.00073741, -0.00060129623
  -53.07301, -0.0005755784, -0.00060129623
  -53.07301, -0.0006927668, -0.00060129623
  -53.07301, -0.0005775714, -0.00060129623
  -53.07301, -0.0006529068, -0.00060129623
  -53.066555, -0.0004655648, -0.00060112284
  -53.066555, -0.000703529, -0.00060112284
  -53.066555, -0.0004695508, -0.00060112284
  -53.066555, -0.0006732354, -0.00060112284
  -53.066555, -0.0005791658, -0.00060112284
  -53.066555, -0.0006800116, -0.00060112284
  -53.066555, -0.0004719424, -0.00060112284
  -53.066555, -0.0006907738, -0.00060112284
  -53.066555, -0.0004667606, -0.00060112284
  -53.066555, -0.0006010888, -0.00060112284
  -53.066555, -0.0007290394, -0.00060112284
  -53.0601, -0.000534124, -0.00060094939
  -53.0601, -0.0007270464, -0.00060094939
  -53.0601, -0.000727445, -0.00060094939
  -53.0601, -0.0005787672, -0.00060094939
  -53.0601, -0.0005684036, -0.00060094939
  -53.0601, -0.0007669064, -0.00060094939
  -53.0601, -0.0007708924, -0.00060094939
  -53.053645, -0.000707515, -0.00060077589
  -53.053645, -0.0006588858, -0.00060077589
  -53.053645, -0.0006026832, -0.00060077589
  -53.053645, -0.0006744312, -0.00060077589
  -53.053645, -0.0005548512, -0.00060077589
  -53.053645, -0.0006672564, -0.00060077589
  -53.053645, -0.0006429418, -0.00060077589
  -53.053645, -0.0006927668, -0.00060077589
  -53.053645, -0.0004217188, -0.00060077589
  -53.053645, -0.0005253548, -0.00060077589
  -53.053645, -0.000615837, -0.00060077589
  -53.053645, -0.0007118996, -0.00060077589
  -53.053645, -0.000723459, -0.00060077589
  -53.053645, -0.0008414446, -0.00060077589
  -53.053645, -0.0005791658, -0.00060077589
  -53.053645, -0.0007441862, -0.00060077589
  -53.04719, -0.000611851, -0.00060060234
  -53.04719, -0.00067762, -0.00060060234
  -53.04719, -0.0006732354, -0.00060060234
  -53.04719, -0.000625802, -0.00060060234
  -53.04719, -0.0006234104, -0.00060060234
  -53.04719, -0.0006250048, -0.00060060234
  -53.04719, -0.0005767742, -0.00060060234
  -53.04719, -0.0005915224, -0.00060060234
  -53.04719, -0.0004918724, -0.00060060234
  -53.04719, -0.0004272992, -0.00060060234
  -53.04719, -0.000583949, -0.00060060234
  -53.04719, -0.0005524596, -0.00060060234
  -53.04719, -0.000641746, -0.00060060234
  -53.040735, -0.0006541026, -0.00060042873
  -53.040735, -0.000520173, -0.00060042873
  -53.040735, -0.0007222632, -0.00060042873
  -53.040735, -0.0006684522, -0.00060042873
  -53.040735, -0.0006792144, -0.00060042873
  -53.040735, -0.0006162356, -0.00060042873
  -53.040735, -0.0005990958, -0.00060042873
  -53.040735, -0.0007358156, -0.00060042873
  -53.040735, -0.0005887322, -0.00060042873
  -53.040735, -0.0007748784, -0.00060042873
  -53.040735, -0.0006365642, -0.00060042873
  -53.040735, -0.000689578, -0.00060042873
  -53.040735, -0.0007107038, -0.00060042873
  -53.03428, -0.0007107038, -0.00060025506
  -53.03428, -0.0006608788, -0.00060025506
  -53.03428, -0.000643739, -0.00060025506
  -53.03428, -0.0005050262, -0.00060025506
  -53.03428, -0.0006911724, -0.00060025506
  -53.03428, -0.0005887322, -0.00060025506
  -53.03428, -0.000705522, -0.00060025506
  -53.03428, -0.0007728854, -0.00060025506
  -53.03428, -0.0004635718, -0.00060025506
  -53.03428, -0.0005153898, -0.00060025506
  -53.03428, -0.0006493194, -0.00060025506
  -53.03428, -0.000651711, -0.00060025506
  -53.03428, -0.0006214174, -0.00060025506
  -53.03428, -0.0005755784, -0.00060025506
  -53.03428, -0.0006832004, -0.00060025506
  -53.03428, -0.0005544526, -0.00060025506
  -53.03428, -0.0007983958, -0.00060025506
  -53.03428, -0.0007402002, -0.00060025506
  -53.03428, -0.0006784172, -0.00060025506
  -53.03428, -0.0007158856, -0.00060025506
  -53.03428, -0.0006026832, -0.00060025506
  -53.027825, -0.0006246062, -0.00060008134
  -53.027825, -0.000575977, -0.00060008134
  -53.027825, -0.0006891794, -0.00060008134
  -53.027825, -0.0007019346, -0.00060008134
  -53.027825, -0.0006911724, -0.00060008134
  -53.027825, -0.0006533054, -0.00060008134
  -53.027825, -0.0006839976, -0.00060008134
  -53.027825, -0.0007441862, -0.00060008134
  -53.027825, -0.0005743826, -0.00060008134
  -53.027825, -0.000526152, -0.00060008134
  -53.027825, -0.0008474236, -0.00060008134
  -53.027825, -0.000719473, -0.00060008134
  -53.02137, -0.000645732, -0.00059990756
  -53.02137, -0.000711501, -0.00059990756
  -53.02137, -0.0005711938, -0.00059990756
  -53.02137, -0.0007457806, -0.00059990756
  -53.02137, -0.0006230118, -0.00059990756
  -53.02137, -0.000546082, -0.00059990756
  -53.02137, -0.0006002916, -0.00059990756
  -53.02137, -0.0007142912, -0.00059990756
  -53.02137, -0.00069755, -0.00059990756
  -53.02137, -0.000733424, -0.00059990756
  -53.02137, -0.0006660606, -0.00059990756
  -53.02137, -0.0005253548, -0.00059990756
  -53.02137, -0.0005516624, -0.00059990756
  -53.014915, -0.0006309838, -0.00059973373
  -53.014915, -0.0006130468, -0.00059973373
  -53.014915, -0.0005305366, -0.00059973373
  -53.00846, -0.0006521096, -0.00059955985
  -53.00846, -0.0005289422, -0.00059955985
  -53.00846, -0.0005775714, -0.00059955985
  -53.00846, -0.000552061, -0.00059955985
  -53.00846, -0.0006042776, -0.00059955985
  -53.00846, -0.0006353684, -0.00059955985
  -53.00846, -0.0005544526, -0.00059955985
  -53.002005, -0.0007003402, -0.00059938591
  -53.002005, -0.000759333, -0.00059938591
  -53.002005, -0.0006206202, -0.00059938591
  -53.002005, -0.000713494, -0.00059938591
  -53.002005, -0.0005632218, -0.00059938591
  -53.002005, -0.0006433404, -0.00059938591
  -53.002005, -0.000571991, -0.00059938591
  -52.99555, -0.000701536, -0.00059921191
  -52.99555, -0.0007031304, -0.00059921191
  -52.99555, -0.000723459, -0.00059921191
  -52.99555, -0.0004691522, -0.00059921191
  -52.99555, -0.0004807116, -0.00059921191
  -52.989095, -0.0006014874, -0.00059903786
  -52.989095, -0.000731431, -0.00059903786
  -52.989095, -0.0006632704, -0.00059903786
  -52.989095, -0.0005891308, -0.00059903786
  -52.989095, -0.0007956056, -0.00059903786
  -52.98264, -0.0007409974, -0.00059886375
  -52.98264, -0.000593914, -0.00059886375
  -52.976185, -0.0006226132, -0.00059868959
  -52.976185, -0.0005050262, -0.00059868959
  -52.96973, -0.0007362142, -0.00059851537
  -52.95682, -0.0006425432, -0.00059816677
  -52.95682, -0.0007178786, -0.00059816677
  -52.950365, -0.0005927182, -0.00059799238
  -52.950365, -0.0005751798, -0.00059799238
  -52.937455, -0.000579963, -0.00059764344
  -52.924545, -0.0005688022, -0.00059729428
  -52.91809, -0.0005807602, -0.00059711962
  -52.91809, -0.0005436904, -0.00059711962
  -52.91809, -0.0006680536, -0.00059711962
  -52.90518, -0.0006246062, -0.00059677012
  -52.898725, -0.000536117, -0.00059659529
  -52.89227, -0.0005803616, -0.0005964204
  -52.86645, -0.000581956, -0.00059572029
  -52.85354, -0.0006521096, -0.00059536989
  -52.85354, -0.0005923196, -0.00059536989
  -52.82772, -0.0006054734, -0.00059466842
  -52.82772, -0.0006588858, -0.00059466842
  -52.821265, -0.0005492708, -0.00059449292
  -52.808355, -0.0005233618, -0.00059414173
  -52.8019, -0.0006262006, -0.00059396605
  -52.795445, -0.0006640676, -0.00059379031
  -52.795445, -0.0004739354, -0.00059379031
  -52.769625, -0.0006453334, -0.0005930868
  -52.743805, -0.0006652634, -0.00059238238
  -52.743805, -0.0006891794, -0.00059238238
  -52.71153, -0.0004878864, -0.00059150055
  -52.705075, -0.0007569414, -0.00059132402
  -52.705075, -0.0006939626, -0.00059132402
  -52.692165, -0.0007027318, -0.00059097077
  -52.692165, -0.0004846976, -0.00059097077
  -52.666345, -0.0006824032, -0.00059026358
  -52.65989, -0.000526152, -0.00059008664
  -52.640525, -0.000607865, -0.00058955547
  -52.62116, -0.0007166828, -0.00058902378
  -52.60825, -0.0005289422, -0.00058866902
  -52.59534, -0.0005843476, -0.00058831403
  -52.58243, -0.0005787672, -0.00058795881
  -52.550155, -0.0005157884, -0.00058706973
  -52.53079, -0.0005532568, -0.00058653557
  -52.511425, -0.0006509138, -0.00058600089
  -52.485605, -0.0007170814, -0.00058528714
  -52.46624, -0.0005237604, -0.00058475121
  -52.446875, -0.0005727882, -0.00058421475
  -52.421055, -0.0007063192, -0.00058349862
  -52.408145, -0.000575977, -0.0005831402
  -52.382325, -0.0007079136, -0.00058242264
  -52.37587, -0.0006210188, -0.00058224309
  -52.33714, -0.000715487, -0.00058116458
  -52.330685, -0.0006010888, -0.00058098461
  -52.304865, -0.000593914, -0.00058026415
  -52.29841, -0.0006740326, -0.00058008388
  -52.279045, -0.0005775714, -0.00057954271
  -52.25968, -0.0005106066, -0.00057900099
  -52.24677, -0.0005751798, -0.00057863953
  -52.22095, -0.0005548512, -0.00057791589
  -52.19513, -0.0006943612, -0.00057719126
  -52.175765, -0.0005971028, -0.00057664714
  -52.137035, -0.0005572428, -0.00057555723
  -52.124125, -0.000591921, -0.00057519343
  -52.11767, -0.000562026, -0.00057501143
  -52.098305, -0.0006692494, -0.00057446507
  -52.05312, -0.0006652634, -0.00057318804
  -52.04021, -0.0005265506, -0.00057282261
  -52.00148, -0.0005137954, -0.00057172479
  -51.982115, -0.0005409002, -0.00057117503
  -51.982115, -0.000544089, -0.00057117503
  -51.956295, -0.0006194244, -0.00057044112
  -51.93693, -0.0007310324, -0.00056989002
  -51.8982, -0.0007681022, -0.00056878609
  -51.88529, -0.0005528582, -0.00056841759
  -51.865925, -0.0006584872, -0.00056786437
  -51.827195, -0.0004966556, -0.00056675618
  -51.827195, -0.0006688508, -0.00056675618
  -51.79492, -0.000619823, -0.00056583091
  -51.762645, -0.0003543554, -0.000564904
  -51.749735, -0.0006513124, -0.00056453277
  -51.749735, -0.0003013416, -0.00056453277
  -51.74328, -0.0006369628, -0.00056434706
  -51.736825, -0.0005488722, -0.00056416129
  -51.71746, -0.0006170328, -0.00056360357
  -51.67873, -0.0005947112, -0.00056248634
  -51.659365, -0.0004141454, -0.00056192684
  -51.646455, -0.0005389072, -0.0005615535
  -51.64, -0.0005827532, -0.00056136673
  -51.607725, -0.0007605288, -0.00056043189
  -51.58836, -0.0005504666, -0.00055987018
  -51.57545, -0.000583949, -0.00055949538
  -51.54963, -0.0005365156, -0.00055874495
  -51.543175, -0.0005943126, -0.00055855718
  -51.530265, -0.0004639704, -0.00055818143
  -51.530265, -0.000671641, -0.00055818143
  -51.491535, -0.0006608788, -0.00055705255
  -51.478625, -0.0006146412, -0.00055667571
  -51.478625, -0.0006206202, -0.00055667571
  -51.47217, -0.0006632704, -0.00055648719
  -51.452805, -0.0005014388, -0.00055592122
  -51.43344, -0.000633774, -0.00055535464
  -51.42053, -0.0006433404, -0.00055497657
  -51.42053, -0.0005608302, -0.00055497657
  -51.401165, -0.000599893, -0.00055440896
  -51.388255, -0.000649718, -0.0005540302
  -51.375345, -0.0007366128, -0.00055365117
  -51.362435, -0.0006309838, -0.00055327187
  -51.34307, -0.0005412988, -0.00055270239
  -51.336615, -0.0005803616, -0.00055251242
  -51.336615, -0.0005827532, -0.00055251242
  -51.336615, -0.0007007388, -0.00055251242
  -51.33016, -0.0005209702, -0.00055232239
  -51.323705, -0.0004735368, -0.00055213228
  -51.31725, -0.0003938168, -0.00055194211
  -51.310795, -0.0006082636, -0.00055175187
  -51.310795, -0.0005887322, -0.00055175187
  -51.30434, -0.0006584872, -0.00055156155
  -51.29143, -0.0005010402, -0.00055118072
  -51.29143, -0.0006365642, -0.00055118072
  -51.29143, -0.0005931168, -0.00055118072
  -51.27852, -0.000560033, -0.0005507996
  -51.272065, -0.0004747326, -0.00055060894
  -51.272065, -0.0006365642, -0.00055060894
  -51.26561, -0.000490278, -0.00055041821
  -51.26561, -0.0006050748, -0.00055041821
  -51.26561, -0.0003663134, -0.00055041821
  -51.26561, -0.0005468792, -0.00055041821
  -51.26561, -0.00053811, -0.00055041821
  -51.259155, -0.0006792144, -0.00055022741
  -51.2527, -0.0006006902, -0.00055003653
  -51.2527, -0.0005205716, -0.00055003653
  -51.2527, -0.0004691522, -0.00055003653
  -51.2527, -0.0006210188, -0.00055003653
  -51.246245, -0.0005871378, -0.00054984559
  -51.246245, -0.0005568442, -0.00054984559
  -51.246245, -0.0005616274, -0.00054984559
  -51.246245, -0.0004914738, -0.00054984559
  -51.246245, -0.0005054248, -0.00054984559
  -51.246245, -0.0005887322, -0.00054984559
  -51.23979, -0.000516187, -0.00054965458
  -51.23979, -0.0005516624, -0.00054965458
  -51.23979, -0.0005389072, -0.00054965458
  -51.23979, -0.0006580886, -0.00054965458
  -51.23979, -0.0006385572, -0.00054965458
  -51.233335, -0.0005177814, -0.00054946349
  -51.233335, -0.000649718, -0.00054946349
  -51.233335, -0.0005205716, -0.00054946349
  -51.233335, -0.0005405016, -0.00054946349
  -51.233335, -0.0006190258, -0.00054946349
  -51.22688, -0.000466362, -0.00054927234
  -51.22688, -0.0005110052, -0.00054927234
  -51.22688, -0.0006353684, -0.00054927234
  -51.22688, -0.0005038304, -0.00054927234
  -51.22688, -0.0005209702, -0.00054927234
  -51.22688, -0.000625802, -0.00054927234
  -51.22688, -0.0005986972, -0.00054927234
  -51.22688, -0.0004057748, -0.00054927234
  -51.22688, -0.0005285436, -0.00054927234
  -51.22688, -0.0005157884, -0.00054927234
  -51.22688, -0.000568005, -0.00054927234
  -51.220425, -0.0006465292, -0.00054908112
  -51.220425, -0.0004635718, -0.00054908112
  -51.220425, -0.000621816, -0.00054908112
  -51.220425, -0.0005612288, -0.00054908112
  -51.220425, -0.0003679078, -0.00054908112
  -51.21397, -0.0005086136, -0.00054888982
  -51.21397, -0.000679613, -0.00054888982
  -51.21397, -0.0006808088, -0.00054888982
  -51.21397, -0.0006090608, -0.00054888982
  -51.21397, -0.0005452848, -0.00054888982
  -51.21397, -0.0005050262, -0.00054888982
  -51.21397, -0.0006772214, -0.00054888982
  -51.21397, -0.0003914252, -0.00054888982
  -51.21397, -0.0006688508, -0.00054888982
  -51.21397, -0.000663669, -0.00054888982
  -51.21397, -0.0006652634, -0.00054888982
  -51.21397, -0.0006967528, -0.00054888982
  -51.21397, -0.0006963542, -0.00054888982
  -51.21397, -0.0006242076, -0.00054888982
  -51.21397, -0.0006648648, -0.00054888982
  -51.21397, -0.0007286408, -0.00054888982
  -51.21397, -0.0007226618, -0.00054888982
  -51.21397, -0.00069755, -0.00054888982
  -51.21397, -0.000532131, -0.00054888982
  -51.207515, -0.0005197744, -0.00054869845
  -51.207515, -0.000667655, -0.00054869845
  -51.207515, -0.0002961598, -0.00054869845
  -51.207515, -0.000494264, -0.00054869845
  -51.207515, -0.0004408516, -0.00054869845
  -51.20106, -0.0006489208, -0.00054850702
  -51.20106, -0.0004938654, -0.00054850702
  -51.20106, -0.000601886, -0.00054850702
  -51.20106, -0.0005456834, -0.00054850702
  -51.20106, -0.0004396558, -0.00054850702
  -51.20106, -0.0006214174, -0.00054850702
  -51.20106, -0.0006927668, -0.00054850702
  -51.20106, -0.0006293894, -0.00054850702
  -51.20106, -0.0006429418, -0.00054850702
  -51.20106, -0.0006903752, -0.00054850702
  -51.20106, -0.0006365642, -0.00054850702
  -51.20106, -0.0006648648, -0.00054850702
  -51.20106, -0.0006114524, -0.00054850702
  -51.20106, -0.0004986486, -0.00054850702
  -51.20106, -0.0005353198, -0.00054850702
  -51.194605, -0.0005125996, -0.00054831551
  -51.194605, -0.0006644662, -0.00054831551
  -51.194605, -0.0005771728, -0.00054831551
  -51.194605, -0.0006062706, -0.00054831551
  -51.194605, -0.0004926696, -0.00054831551
  -51.194605, -0.0006341726, -0.00054831551
  -51.194605, -0.0004846976, -0.00054831551
  -51.194605, -0.0006186272, -0.00054831551
  -51.194605, -0.000450418, -0.00054831551
  -51.194605, -0.0005835504, -0.00054831551
  -51.194605, -0.0006632704, -0.00054831551
  -51.194605, -0.000524159, -0.00054831551
  -51.194605, -0.0004994458, -0.00054831551
  -51.194605, -0.00065769, -0.00054831551
  -51.18815, -0.0005971028, -0.00054812393
  -51.18815, -0.0006568928, -0.00054812393
  -51.18815, -0.000571991, -0.00054812393
  -51.18815, -0.000599893, -0.00054812393
  -51.18815, -0.0006772214, -0.00054812393
  -51.18815, -0.0006289908, -0.00054812393
  -51.18815, -0.0006899766, -0.00054812393
  -51.18815, -0.0006999416, -0.00054812393
  -51.18815, -0.0005317324, -0.00054812393
  -51.18815, -0.0006445362, -0.00054812393
  -51.18815, -0.0005596344, -0.00054812393
  -51.18815, -0.0004631732, -0.00054812393
  -51.18815, -0.0004715438, -0.00054812393
  -51.18815, -0.000659683, -0.00054812393
  -51.18815, -0.0005632218, -0.00054812393
  -51.18815, -0.0005903266, -0.00054812393
  -51.18815, -0.0005982986, -0.00054812393
  -51.18815, -0.0006026832, -0.00054812393
  -51.18815, -0.0006545012, -0.00054812393
  -51.18815, -0.0006014874, -0.00054812393
  -51.181695, -0.0005313338, -0.00054793228
  -51.181695, -0.000554054, -0.00054793228
  -51.181695, -0.0006620746, -0.00054793228
  -51.181695, -0.0007286408, -0.00054793228
  -51.181695, -0.0004687536, -0.00054793228
  -51.181695, -0.0006393544, -0.00054793228
  -51.181695, -0.0005723896, -0.00054793228
  -51.181695, -0.0004974528, -0.00054793228
  -51.181695, -0.0005389072, -0.00054793228
  -51.181695, -0.0007142912, -0.00054793228
  -51.181695, -0.0006572914, -0.00054793228
  -51.181695, -0.0004930682, -0.00054793228
  -51.181695, -0.000675627, -0.00054793228
  -51.181695, -0.0005436904, -0.00054793228
  -51.181695, -0.0006393544, -0.00054793228
  -51.181695, -0.0006250048, -0.00054793228
  -51.181695, -0.0006090608, -0.00054793228
  -51.181695, -0.0005823546, -0.00054793228
  -51.181695, -0.0006309838, -0.00054793228
  -51.17524, -0.000569998, -0.00054774056
  -51.17524, -0.0006285922, -0.00054774056
  -51.17524, -0.0005098094, -0.00054774056
  -51.17524, -0.0005795644, -0.00054774056
  -51.17524, -0.0004731382, -0.00054774056
  -51.17524, -0.0005349212, -0.00054774056
  -51.17524, -0.0005943126, -0.00054774056
  -51.17524, -0.0007665078, -0.00054774056
  -51.17524, -0.0006740326, -0.00054774056
  -51.17524, -0.000534124, -0.00054774056
  -51.17524, -0.0004735368, -0.00054774056
  -51.17524, -0.0006273964, -0.00054774056
  -51.17524, -0.0006832004, -0.00054774056
  -51.17524, -0.0006919696, -0.00054774056
  -51.17524, -0.000502236, -0.00054774056
  -51.17524, -0.0006445362, -0.00054774056
  -51.17524, -0.0006421446, -0.00054774056
  -51.168785, -0.0005468792, -0.00054754877
  -51.168785, -0.0003483764, -0.00054754877
  -51.168785, -0.0006014874, -0.00054754877
  -51.168785, -0.00061783, -0.00054754877
  -51.168785, -0.000673634, -0.00054754877
  -51.168785, -0.000536117, -0.00054754877
  -51.168785, -0.0006919696, -0.00054754877
  -51.168785, -0.0005325296, -0.00054754877
  -51.168785, -0.0006832004, -0.00054754877
  -51.168785, -0.0006612774, -0.00054754877
  -51.168785, -0.0006329768, -0.00054754877
  -51.16233, -0.0003475792, -0.00054735691
  -51.16233, -0.000444439, -0.00054735691
  -51.16233, -0.0006030818, -0.00054735691
  -51.16233, -0.0005907252, -0.00054735691
  -51.16233, -0.0004811102, -0.00054735691
  -51.16233, -0.000346782, -0.00054735691
  -51.16233, -0.0005006416, -0.00054735691
  -51.16233, -0.0006285922, -0.00054735691
  -51.155875, -0.0005464806, -0.00054716498
  -51.155875, -0.0006345712, -0.00054716498
  -51.14942, -0.0006584872, -0.00054697297
  -51.14942, -0.0005903266, -0.00054697297
  -51.14942, -0.0007421932, -0.00054697297
  -51.14942, -0.0003874392, -0.00054697297
  -51.142965, -0.000524159, -0.0005467809
  -51.142965, -0.0007390044, -0.0005467809
  -51.142965, -0.0005572428, -0.0005467809
  -51.142965, -0.0006784172, -0.0005467809
  -51.13651, -0.0006604802, -0.00054658875
  -51.130055, -0.0006632704, -0.00054639653
  -51.130055, -0.0007107038, -0.00054639653
  -51.130055, -0.0007126968, -0.00054639653
  -51.130055, -0.000603879, -0.00054639653
  -51.130055, -0.0005213688, -0.00054639653
  -51.1236, -0.0006804102, -0.00054620425
  -51.1236, -0.000488285, -0.00054620425
  -51.1236, -0.0007338226, -0.00054620425
  -51.117145, -0.0006509138, -0.00054601188
  -51.11069, -0.000669648, -0.00054581945
  -51.11069, -0.0004930682, -0.00054581945
  -51.104235, -0.0007011374, -0.00054562695
  -51.09778, -0.0002140482, -0.00054543437
  -51.091325, -0.0005767742, -0.00054524172
  -51.091325, -0.0006114524, -0.00054524172
  -51.08487, -0.0004639704, -0.00054504901
  -51.078415, -0.0004914738, -0.00054485621
  -51.07196, -0.0005887322, -0.00054466335
  -51.052595, -0.0006708438, -0.00054408433
  -51.052595, -0.000601886, -0.00054408433
  -51.04614, -0.0005875364, -0.00054389118
  -51.04614, -0.000811151, -0.00054389118
  -51.039685, -0.0005707952, -0.00054369795
  -51.03323, -0.0006142426, -0.00054350466
  -51.026775, -0.0006381586, -0.00054331129
  -51.026775, -0.0005747812, -0.00054331129
  -51.026775, -0.0006154384, -0.00054331129
  -50.98159, -0.00043846, -0.00054195568
  -50.98159, -0.0007166828, -0.00054195568
  -50.98159, -0.0004759284, -0.00054195568
  -50.98159, -0.0005137954, -0.00054195568
  -50.962225, -0.0006389558, -0.00054137361
  -50.949315, -0.0004635718, -0.0005409852
  -50.91704, -0.000273041, -0.00054001289
  -50.91704, -0.0004472292, -0.00054001289
  -50.90413, -0.0006102566, -0.00053962346
  -50.87831, -0.0006839976, -0.0005388437
  -50.8654, -0.0003543554, -0.00053845338
  -50.833125, -0.0006784172, -0.00053747627
  -50.82667, -0.0007130954, -0.00053728063
  -50.81376, -0.0005795644, -0.00053688912
  -50.80085, -0.0006381586, -0.00053649731
  -50.794395, -0.0006070678, -0.0005363013
  -50.78794, -0.0005715924, -0.00053610521
  -50.77503, -0.0005855434, -0.0005357128
  -50.76212, -0.0006365642, -0.0005353201
  -50.742755, -0.000534124, -0.00053473047
  -50.72339, -0.0006206202, -0.00053414018
  -50.704025, -0.0005644176, -0.0005335492
  -50.678205, -0.0006899766, -0.00053276017
  -50.652385, -0.0005608302, -0.00053196992
  -50.63302, -0.0005173828, -0.00053137644
  -50.626565, -0.000436467, -0.00053117846
  -50.613655, -0.0005723896, -0.00053078227
  -50.58138, -0.000571991, -0.00052979046
  -50.58138, -0.0006979486, -0.00052979046
  -50.549105, -0.0006022846, -0.00052879672
  -50.536195, -0.0007326268, -0.00052839868
  -50.50392, -0.0004926696, -0.00052740224
  -50.497465, -0.0006122496, -0.00052720272
  -50.46519, -0.0005313338, -0.00052620394
  -50.458735, -0.0003061248, -0.00052600395
  -50.43937, -0.0003902294, -0.00052540351
  -50.42646, -0.000436467, -0.00052500283
  -50.41355, -0.000440453, -0.00052460183
  -50.40064, -0.000460383, -0.00052420052
  -50.381275, -0.0006493194, -0.00052359796
  -50.355455, -0.0004679564, -0.00052279345
  -50.355455, -0.0005867392, -0.00052279345
  -50.355455, -0.000510208, -0.00052279345
  -50.32318, -0.0005070192, -0.00052178601
  -50.303815, -0.0006066692, -0.0005211806
  -50.290905, -0.0005915224, -0.00052077659
  -50.265085, -0.0005157884, -0.00051996762
  -50.24572, -0.000514194, -0.00051936004
  -50.2199, -0.0005923196, -0.00051854882
  -50.18117, -0.0006604802, -0.00051732956
  -50.18117, -0.0006114524, -0.00051732956
  -50.15535, -0.0005265506, -0.00051651509
  -50.12953, -0.0005847462, -0.00051569933
  -50.11662, -0.0004866906, -0.00051529096
  -50.097255, -0.0006871864, -0.00051467779
  -50.06498, -0.0006461306, -0.00051365419
  -50.03916, -0.0005026346, -0.00051283383
  -50.032705, -0.0004731382, -0.00051262853
  -50.032705, -0.0004978514, -0.00051262853
  -50.01334, -0.0005823546, -0.00051201215
  -49.97461, -0.000468355, -0.00051077713
  -49.97461, -0.0005309352, -0.00051077713
  -49.968155, -0.0003252576, -0.00051057101
  -49.968155, -0.000482306, -0.00051057101
  -49.94879, -0.0006106552, -0.00050995213
  -49.903605, -0.000456397, -0.00050850513
  -49.890695, -0.000524159, -0.00050809095
  -49.88424, -0.0006879836, -0.00050788373
  -49.87133, -0.0004671592, -0.00050746905
  -49.851965, -0.0004615788, -0.00050684638
  -49.84551, -0.000633774, -0.00050663865
  -49.826145, -0.0006728368, -0.00050601497
  -49.813235, -0.0005277464, -0.00050559875
  -49.787415, -0.0005297394, -0.0005047653
  -49.761595, -0.0006126482, -0.00050393048
  -49.72932, -0.000452411, -0.00050288502
  -49.71641, -0.0004930682, -0.00050246624
  -49.71641, -0.0005054248, -0.00050246624
  -49.69059, -0.0005636204, -0.00050162763
  -49.684135, -0.0006333754, -0.00050141776
  -49.67768, -0.0005409002, -0.00050120781
  -49.671225, -0.0005755784, -0.00050099776
  -49.65186, -0.0006130468, -0.00050036712
  -49.632495, -0.000448425, -0.00049973569
  -49.619585, -0.0006002916, -0.0004993143
  -49.619585, -0.0005448862, -0.0004993143
  -49.61313, -0.0005369142, -0.00049910347
  -49.60022, -0.0003655162, -0.00049868156
  -49.60022, -0.0005054248, -0.00049868156
  -49.58731, -0.0006122496, -0.0004982593
  -49.580855, -0.0006014874, -0.00049804803
  -49.54858, -0.0005616274, -0.00049699039
  -49.542125, -0.0004571942, -0.0004967786
  -49.542125, -0.0005967042, -0.0004967786
  -49.516305, -0.0004619774, -0.00049593055
  -49.50985, -0.000502236, -0.00049571832
  -49.50985, -0.0005257534, -0.00049571832
  -49.503395, -0.0003615302, -0.00049550599
  -49.49694, -0.000544089, -0.00049529358
  -49.490485, -0.0005524596, -0.00049508108
  -49.48403, -0.00063776, -0.00049486849
  -49.464665, -0.0005484736, -0.00049423019
  -49.464665, -0.0006341726, -0.00049423019
  -49.45821, -0.0003930196, -0.00049401724
  -49.45821, -0.0005313338, -0.00049401724
  -49.4453, -0.0004930682, -0.00049359108
  -49.4453, -0.000510208, -0.00049359108
  -49.43239, -0.0005935154, -0.00049316456
  -49.43239, -0.0006760256, -0.00049316456
  -49.41948, -0.000679613, -0.00049273769
  -49.40657, -0.000607865, -0.00049231045
  -49.400115, -0.0003854462, -0.0004920967
  -49.400115, -0.0005094108, -0.0004920967
  -49.400115, -0.0005895294, -0.0004920967
  -49.400115, -0.000522166, -0.0004920967
  -49.39366, -0.000506222, -0.00049188286
  -49.39366, -0.0006222146, -0.00049188286
  -49.39366, -0.0005775714, -0.00049188286
  -49.39366, -0.0004412502, -0.00049188286
  -49.387205, -0.0004914738, -0.00049166892
  -49.387205, -0.0003862434, -0.00049166892
  -49.387205, -0.0005847462, -0.00049166892
  -49.387205, -0.0006859906, -0.00049166892
  -49.387205, -0.000370698, -0.00049166892
  -49.387205, -0.0004938654, -0.00049166892
  -49.387205, -0.0004671592, -0.00049166892
  -49.387205, -0.0005544526, -0.00049166892
  -49.387205, -0.0003691036, -0.00049166892
  -49.387205, -0.0005552498, -0.00049166892
  -49.38075, -0.0005317324, -0.0004914549
  -49.38075, -0.0004213202, -0.0004914549
  -49.38075, -0.0003300408, -0.0004914549
  -49.38075, -0.0004073692, -0.0004914549
  -49.38075, -0.0004340754, -0.0004914549
  -49.38075, -0.0005907252, -0.0004914549
  -49.38075, -0.0004037818, -0.0004914549
  -49.38075, -0.000653704, -0.0004914549
  -49.38075, -0.0006441376, -0.0004914549
  -49.38075, -0.0004376628, -0.0004914549
  -49.38075, -0.0003890336, -0.0004914549
  -49.38075, -0.000536117, -0.0004914549
  -49.374295, -0.0002375656, -0.00049124079
  -49.374295, -0.0004348726, -0.00049124079
  -49.374295, -0.0002953626, -0.00049124079
  -49.374295, -0.0004488236, -0.00049124079
  -49.374295, -0.0004352712, -0.00049124079
  -49.374295, -0.0002626774, -0.00049124079
  -49.374295, -0.0005564456, -0.00049124079
  -49.374295, -0.0005357184, -0.00049124079
  -49.36784, -0.0003340268, -0.00049102658
  -49.36784, -0.0004161384, -0.00049102658
  -49.36784, -0.0004512152, -0.00049102658
  -49.36784, -0.0003001458, -0.00049102658
  -49.36784, -0.000406572, -0.00049102658
  -49.36784, -0.0006891794, -0.00049102658
  -49.36784, -0.0004727396, -0.00049102658
  -49.36784, -0.0004312852, -0.00049102658
  -49.36784, -0.0004787186, -0.00049102658
  -49.36784, -0.0005472778, -0.00049102658
  -49.36784, -0.0005010402, -0.00049102658
  -49.36784, -0.0004153412, -0.00049102658
  -49.36784, -0.0004811102, -0.00049102658
  -49.36784, -0.0005532568, -0.00049102658
  -49.36784, -0.000408565, -0.00049102658
  -49.36784, -0.000175384, -0.00049102658
  -49.36784, -0.0004376628, -0.00049102658
  -49.36784, -0.0004595858, -0.00049102658
  -49.36784, -0.000526152, -0.00049102658
  -49.361385, -0.0006971514, -0.00049081229
  -49.361385, -0.000667655, -0.00049081229
  -49.361385, -0.0006070678, -0.00049081229
  -49.361385, -0.0003758798, -0.00049081229
  -49.361385, -0.000466362, -0.00049081229
  -49.361385, -0.0003922224, -0.00049081229
  -49.361385, -0.0005715924, -0.00049081229
  -49.35493, -0.0005684036, -0.00049059791
  -49.35493, -0.0006034804, -0.00049059791
  -49.35493, -0.0003320338, -0.00049059791
  -49.35493, -0.0005165856, -0.00049059791
  -49.35493, -0.0006832004, -0.00049059791
  -49.35493, -0.0004918724, -0.00049059791
  -49.348475, -0.000587935, -0.00049038343
  -49.348475, -0.0005903266, -0.00049038343
  -49.348475, -0.0004013902, -0.00049038343
  -49.348475, -0.0003938168, -0.00049038343
  -49.348475, -0.0003455862, -0.00049038343
  -49.348475, -0.0004755298, -0.00049038343
  -49.34202, -0.0005648162, -0.00049016887
  -49.34202, -0.0006505152, -0.00049016887
  -49.34202, -0.000552061, -0.00049016887
  -49.34202, -0.0004767256, -0.00049016887
  -49.34202, -0.0004097608, -0.00049016887
  -49.34202, -0.0006824032, -0.00049016887
  -49.335565, -0.000619823, -0.00048995421
  -49.335565, -0.0004213202, -0.00048995421
  -49.335565, -0.000402586, -0.00048995421
  -49.335565, -0.0003136982, -0.00048995421
  -49.335565, -0.0006560956, -0.00048995421
  -49.335565, -0.0004360684, -0.00048995421
  -49.335565, -0.0006321796, -0.00048995421
  -49.335565, -0.0003292436, -0.00048995421
  -49.335565, -0.00061783, -0.00048995421
  -49.335565, -0.000671641, -0.00048995421
  -49.335565, -0.0005253548, -0.00048995421
  -49.335565, -0.000540103, -0.00048995421
  -49.32911, -0.0006301866, -0.00048973947
  -49.32911, -0.0005432918, -0.00048973947
  -49.32911, -0.0004452362, -0.00048973947
  -49.32911, -0.0005185786, -0.00048973947
  -49.32911, -0.0006588858, -0.00048973947
  -49.32911, -0.0005098094, -0.00048973947
  -49.32911, -0.0006002916, -0.00048973947
  -49.32911, -0.000372691, -0.00048973947
  -49.32911, -0.0006501166, -0.00048973947
  -49.32911, -0.0003619288, -0.00048973947
  -49.32911, -0.0004767256, -0.00048973947
  -49.322655, -0.0004360684, -0.00048952463
  -49.322655, -0.0005648162, -0.00048952463
  -49.322655, -0.0004831032, -0.00048952463
  -49.322655, -0.0006509138, -0.00048952463
  -49.322655, -0.000470348, -0.00048952463
  -49.322655, -0.0004001944, -0.00048952463
  -49.322655, -0.0005887322, -0.00048952463
  -49.322655, -0.0006365642, -0.00048952463
  -49.322655, -0.0004910752, -0.00048952463
  -49.322655, -0.0002846004, -0.00048952463
  -49.322655, -0.0005010402, -0.00048952463
  -49.322655, -0.0005755784, -0.00048952463
  -49.322655, -0.000502236, -0.00048952463
  -49.322655, -0.0003483764, -0.00048952463
  -49.322655, -0.0004320824, -0.00048952463
  -49.3162, -0.0003854462, -0.0004893097
  -49.3162, -0.0005652148, -0.0004893097
  -49.3162, -0.000629788, -0.0004893097
  -49.3162, -0.0006740326, -0.0004893097
  -49.3162, -0.0005137954, -0.0004893097
  -49.3162, -0.0004715438, -0.0004893097
  -49.3162, -0.0006341726, -0.0004893097
  -49.3162, -0.0005106066, -0.0004893097
  -49.3162, -0.0006254034, -0.0004893097
  -49.3162, -0.0004296908, -0.0004893097
  -49.3162, -0.0005564456, -0.0004893097
  -49.3162, -0.0005656134, -0.0004893097
  -49.309745, -0.0003794672, -0.00048909468
  -49.309745, -0.000701536, -0.00048909468
  -49.309745, -0.0004233132, -0.00048909468
  -49.309745, -0.0004938654, -0.00048909468
  -49.309745, -0.0003714952, -0.00048909468
  -49.309745, -0.0005125996, -0.00048909468
  -49.309745, -0.0004914738, -0.00048909468
  -49.309745, -0.000593914, -0.00048909468
  -49.309745, -0.000544089, -0.00048909468
  -49.309745, -0.000284999, -0.00048909468
  -49.309745, -0.0003878378, -0.00048909468
  -49.30329, -0.0003431946, -0.00048887957
  -49.30329, -0.0004886836, -0.00048887957
  -49.30329, -0.000512201, -0.00048887957
  -49.30329, -0.0004157398, -0.00048887957
  -49.30329, -0.0004567956, -0.00048887957
  -49.30329, -0.0003742854, -0.00048887957
  -49.30329, -0.0004858934, -0.00048887957
  -49.30329, -0.0006700466, -0.00048887957
  -49.296835, -0.0004954598, -0.00048866437
  -49.296835, -0.000591921, -0.00048866437
  -49.296835, -0.0005185786, -0.00048866437
  -49.296835, -0.000466362, -0.00048866437
  -49.296835, -0.0006325782, -0.00048866437
  -49.296835, -0.0003858448, -0.00048866437
  -49.29038, -0.0004536068, -0.00048844908
  -49.29038, -0.0004269006, -0.00048844908
  -49.29038, -0.000532131, -0.00048844908
  -49.29038, -0.0007007388, -0.00048844908
  -49.283925, -0.0004276978, -0.00048823369
  -49.283925, -0.0005855434, -0.00048823369
  -49.283925, -0.0006624732, -0.00048823369
  -49.283925, -0.0004312852, -0.00048823369
  -49.27747, -0.0002539082, -0.00048801822
  -49.271015, -0.000490278, -0.00048780265
  -49.271015, -0.0007569414, -0.00048780265
  -49.271015, -0.000546082, -0.00048780265
  -49.271015, -0.0006489208, -0.00048780265
  -49.271015, -0.0005046276, -0.00048780265
  -49.271015, -0.0005428932, -0.00048780265
  -49.26456, -0.0006214174, -0.00048758699
  -49.26456, -0.0005309352, -0.00048758699
  -49.26456, -0.0005723896, -0.00048758699
  -49.258105, -0.0003830546, -0.00048737124
  -49.258105, -0.0005432918, -0.00048737124
  -49.258105, -0.0004356698, -0.00048737124
  -49.25165, -0.0005205716, -0.0004871554
  -49.25165, -0.0003942154, -0.0004871554
  -49.25165, -0.0006552984, -0.0004871554
  -49.25165, -0.0004372642, -0.0004871554
  -49.245195, -0.0005189772, -0.00048693947
  -49.245195, -0.0004396558, -0.00048693947
  -49.232285, -0.0005452848, -0.00048650732
  -49.22583, -0.0005125996, -0.00048629111
  -49.21292, -0.0005153898, -0.00048585842
  -49.21292, -0.0005755784, -0.00048585842
  -49.21292, -0.0004906766, -0.00048585842
  -49.206465, -0.0004189286, -0.00048564193
  -49.206465, -0.0004579914, -0.00048564193
  -49.193555, -0.0004986486, -0.00048520868
  -49.1871, -0.0004827046, -0.00048499192
  -49.180645, -0.0005094108, -0.00048477507
  -49.180645, -0.0005357184, -0.00048477507
  -49.180645, -0.0005867392, -0.00048477507
  -49.180645, -0.0005026346, -0.00048477507
  -49.17419, -0.0004416488, -0.00048455812
  -49.154825, -0.0006939626, -0.00048390672
  -49.141915, -0.00057797, -0.00048347199
  -49.13546, -0.0004831032, -0.00048325448
  -49.12255, -0.0005632218, -0.00048281919
  -49.12255, -0.0005516624, -0.00048281919
  -49.103185, -0.0003631246, -0.00048216555
  -49.08382, -0.0005277464, -0.00048151108
  -49.08382, -0.0005293408, -0.00048151108
  -49.051545, -0.0005731868, -0.0004804184
  -49.051545, -0.0005118024, -0.0004804184
  -49.03218, -0.0003870406, -0.00047976167
  -49.03218, -0.0004659634, -0.00047976167
  -49.03218, -0.0004858934, -0.00047976167
  -49.012815, -0.000599893, -0.00047910408
  -49.012815, -0.0006050748, -0.00047910408
  -49.00636, -0.000484299, -0.0004788847
  -49.00636, -0.0006230118, -0.0004788847
  -48.98054, -0.0004392572, -0.00047800622
  -48.96763, -0.000384649, -0.0004775664
  -48.95472, -0.0004229146, -0.00047712621
  -48.935355, -0.0002766284, -0.0004764652
  -48.91599, -0.0004069706, -0.00047580334
  -48.91599, -0.0001781742, -0.00047580334
  -48.90308, -0.0004747326, -0.00047536161
  -48.87726, -0.0005771728, -0.00047447701
  -48.870805, -0.0006134454, -0.00047425562
  -48.83853, -0.0006373614, -0.00047314722
  -48.83853, -0.00043846, -0.00047314722
  -48.81271, -0.0005986972, -0.00047225875
  -48.780435, -0.0003970056, -0.00047114598
  -48.780435, -0.0003683064, -0.00047114598
  -48.77398, -0.000566012, -0.00047092314
  -48.77398, -0.000368705, -0.00047092314
  -48.73525, -0.0005253548, -0.000469584
  -48.73525, -0.0006242076, -0.000469584
  -48.70943, -0.0005125996, -0.00046868928
  -48.702975, -0.0006250048, -0.00046846536
  -48.68361, -0.0004428446, -0.00046779299
  -48.677155, -0.0005688022, -0.00046756867
  -48.651335, -0.0004153412, -0.0004666704
  -48.63197, -0.0004846976, -0.00046599565
  -48.59324, -0.0006429418, -0.00046464347
  -48.573875, -0.0005831518, -0.00046396603
  -48.573875, -0.0003272506, -0.00046396603
  -48.55451, -0.0004516138, -0.00046328768
  -48.52869, -0.0003710966, -0.00046238182
  -48.509325, -0.0004400544, -0.00046170136
  -48.48996, -0.000362726, -0.00046102
  -48.47705, -0.0005046276, -0.00046056524
  -48.470595, -0.0005189772, -0.00046033772
  -48.43832, -0.000669648, -0.00045919855
  -48.42541, -0.0005165856, -0.00045874217
  -48.42541, -0.0004627746, -0.00045874217
  -48.39959, -0.0004496208, -0.00045782818
  -48.37377, -0.0004819074, -0.00045691255
  -48.37377, -0.0005883336, -0.00045691255
  -48.37377, -0.000263076, -0.00045691255
  -48.33504, -0.0006425432, -0.00045553602
  -48.33504, -0.0005169842, -0.00045553602
  -48.32213, -0.0004747326, -0.00045507635
  -48.29631, -0.0004970542, -0.00045415576
  -48.27049, -0.0005803616, -0.00045323351
  -48.27049, -0.0004476278, -0.00045323351
  -48.251125, -0.0006210188, -0.00045254073
  -48.225305, -0.0005054248, -0.00045161556
  -48.212395, -0.0005277464, -0.00045115234
  -48.173665, -0.000480313, -0.00044976017
  -48.1543, -0.0002686564, -0.00044906266
  -48.147845, -0.000571991, -0.00044882995
  -48.147845, -0.0004356698, -0.00044882995
  -48.12848, -0.0006130468, -0.00044813117
  -48.122025, -0.000464369, -0.00044789803
  -48.10266, -0.0005106066, -0.00044719797
  -48.083295, -0.0005329282, -0.00044649695
  -48.06393, -0.0005444876, -0.00044579498
  -48.05102, -0.0004839004, -0.00044532646
  -48.03811, -0.0005767742, -0.00044485751
  -48.005835, -0.0004611802, -0.00044368325
  -47.992925, -0.000488285, -0.00044321279
  -47.992925, -0.0003982014, -0.00044321279
  -47.980015, -0.0004352712, -0.0004427419
  -47.96065, -0.0004209216, -0.00044203475
  -47.94774, -0.0004926696, -0.00044156278
  -47.941285, -0.0005193758, -0.00044132663
  -47.92192, -0.000605872, -0.00044061753
  -47.88319, -0.0005496694, -0.00043919637
  -47.87028, -0.0002861948, -0.00043872178
  -47.863825, -0.0005504666, -0.00043848431
  -47.850915, -0.0004958584, -0.00043800906
  -47.850915, -0.000635767, -0.00043800906
  -47.838005, -0.000536117, -0.00043753337
  -47.81864, -0.0005325296, -0.000436819
  -47.812185, -0.000472341, -0.00043658065
  -47.80573, -0.0003519638, -0.0004363422
  -47.799275, -0.0006150398, -0.00043610363
  -47.77991, -0.0004033832, -0.00043538727
  -47.77991, -0.0003419988, -0.00043538727
  -47.767, -0.0003372156, -0.00043490914
  -47.767, -0.00033881, -0.00043490914
  -47.767, -0.000406572, -0.00043490914
  -47.747635, -0.0003053276, -0.00043419111
  -47.72827, -0.0006194244, -0.00043347208
  -47.708905, -0.0004161384, -0.00043275204
  -47.695995, -0.0005564456, -0.00043227145
  -47.695995, -0.0003918238, -0.00043227145
  -47.68954, -0.0004340754, -0.00043203099
  -47.68954, -0.0002395586, -0.00043203099
  -47.683085, -0.000472341, -0.00043179042
  -47.670175, -0.0004013902, -0.00043130893
  -47.657265, -0.0004536068, -0.00043082699
  -47.65081, -0.0005436904, -0.00043058585
  -47.65081, -0.000502236, -0.00043058585
  -47.65081, -0.000546082, -0.00043058585
  -47.644355, -0.0002180342, -0.0004303446
  -47.644355, -0.0005066206, -0.0004303446
  -47.6379, -0.0003954112, -0.00043010324
  -47.62499, -0.0003702994, -0.00042962017
  -47.62499, -0.0004886836, -0.00042962017
  -47.618535, -0.0004496208, -0.00042937847
  -47.61208, -0.0004217188, -0.00042913665
  -47.61208, -0.0006206202, -0.00042913665
  -47.61208, -0.000516187, -0.00042913665
  -47.61208, -0.0004169356, -0.00042913665
  -47.61208, -0.000450418, -0.00042913665
  -47.61208, -0.0005329282, -0.00042913665
  -47.592715, -0.0004097608, -0.00042841052
  -47.592715, -0.0003814602, -0.00042841052
  -47.592715, -0.0004579914, -0.00042841052
  -47.58626, -0.000526152, -0.00042816825
  -47.58626, -0.000528145, -0.00042816825
  -47.579805, -0.0005871378, -0.00042792586
  -47.57335, -0.0004320824, -0.00042768336
  -47.566895, -0.0003412016, -0.00042744075
  -47.566895, -0.000322866, -0.00042744075
  -47.566895, -0.0004779214, -0.00042744075
  -47.566895, -0.000366712, -0.00042744075
  -47.566895, -0.000394614, -0.00042744075
  -47.566895, -0.0003695022, -0.00042744075
  -47.566895, -0.0005955084, -0.00042744075
  -47.566895, -0.0004552012, -0.00042744075
  -47.56044, -0.0004496208, -0.00042719802
  -47.56044, -0.000422516, -0.00042719802
  -47.56044, -0.0005165856, -0.00042719802
  -47.56044, -0.000420523, -0.00042719802
  -47.56044, -0.0005185786, -0.00042719802
  -47.553985, -0.0006182286, -0.00042695518
  -47.553985, -0.000591921, -0.00042695518
  -47.553985, -0.0003858448, -0.00042695518
  -47.553985, -0.0003962084, -0.00042695518
  -47.553985, -0.0004639704, -0.00042695518
  -47.54753, -0.0003021388, -0.00042671222
  -47.54753, -0.0004815088, -0.00042671222
  -47.54753, -0.0004169356, -0.00042671222
  -47.54753, -0.0003591386, -0.00042671222
  -47.54753, -0.0004827046, -0.00042671222
  -47.54753, -0.000494264, -0.00042671222
  -47.54753, -0.0004077678, -0.00042671222
  -47.54753, -0.000422516, -0.00042671222
  -47.54753, -0.0004308866, -0.00042671222
  -47.541075, -0.0005014388, -0.00042646915
  -47.541075, -0.00051818, -0.00042646915
  -47.541075, -0.0004312852, -0.00042646915
  -47.541075, -0.000354754, -0.00042646915
  -47.541075, -0.0004548026, -0.00042646915
  -47.541075, -0.0002156426, -0.00042646915
  -47.53462, -0.000548075, -0.00042622597
  -47.53462, -0.0005145926, -0.00042622597
  -47.53462, -0.0005273478, -0.00042622597
  -47.53462, -0.0003491736, -0.00042622597
  -47.53462, -0.0005544526, -0.00042622597
  -47.53462, -0.0002543068, -0.00042622597
  -47.53462, -0.0005313338, -0.00042622597
  -47.53462, -0.0003156912, -0.00042622597
  -47.53462, -0.000440453, -0.00042622597
  -47.528165, -0.0005269492, -0.00042598267
  -47.528165, -0.0004237118, -0.00042598267
  -47.528165, -0.000432481, -0.00042598267
  -47.515255, -0.0003655162, -0.00042549572
  -47.515255, -0.0004412502, -0.00042549572
  -47.5088, -0.000374684, -0.00042525208
  -47.502345, -0.000281013, -0.00042500832
  -47.48298, -0.0002846004, -0.00042427635
  -47.48298, -0.0004109566, -0.00042427635
  -47.476525, -0.0005512638, -0.00042403213
  -47.463615, -0.0004061734, -0.00042354334
  -47.463615, -0.0005652148, -0.00042354334
  -47.45716, -0.0006345712, -0.00042329877
  -47.45716, -0.0004938654, -0.00042329877
  -47.45716, -0.000454404, -0.00042329877
  -47.450705, -0.0005050262, -0.00042305409
  -47.450705, -0.0004500194, -0.00042305409
  -47.450705, -0.0005692008, -0.00042305409
  -47.450705, -0.0002582928, -0.00042305409
  -47.450705, -0.000613844, -0.00042305409
  -47.450705, -0.0003551526, -0.00042305409
  -47.450705, -0.0004930682, -0.00042305409
  -47.450705, -0.0003475792, -0.00042305409
  -47.450705, -0.0003575442, -0.00042305409
  -47.450705, -0.0005233618, -0.00042305409
  -47.44425, -0.0005034318, -0.00042280929
  -47.44425, -0.0004261034, -0.00042280929
  -47.44425, -0.0005951098, -0.00042280929
  -47.44425, -0.000456397, -0.00042280929
  -47.44425, -0.000386642, -0.00042280929
  -47.44425, -0.0003220688, -0.00042280929
  -47.44425, -0.0004615788, -0.00042280929
  -47.437795, -0.0004197258, -0.00042256438
  -47.437795, -0.0005911238, -0.00042256438
  -47.437795, -0.0005369142, -0.00042256438
  -47.437795, -0.0004340754, -0.00042256438
  -47.437795, -0.0004958584, -0.00042256438
  -47.437795, -0.0003619288, -0.00042256438
  -47.437795, -0.0004635718, -0.00042256438
  -47.437795, -0.0003798658, -0.00042256438
  -47.437795, -0.0004559984, -0.00042256438
  -47.437795, -0.000508215, -0.00042256438
  -47.437795, -0.000474334, -0.00042256438
  -47.437795, -0.0005353198, -0.00042256438
  -47.43134, -0.0005676064, -0.00042231935
  -47.43134, -0.0005365156, -0.00042231935
  -47.43134, -0.000300943, -0.00042231935
  -47.43134, -0.0004898794, -0.00042231935
  -47.43134, -0.0004408516, -0.00042231935
  -47.43134, -0.0004257048, -0.00042231935
  -47.43134, -0.0004627746, -0.00042231935
  -47.43134, -0.0004141454, -0.00042231935
  -47.43134, -0.0004129496, -0.00042231935
  -47.43134, -0.0004137468, -0.00042231935
  -47.424885, -0.0003396072, -0.0004220742
  -47.424885, -0.0004966556, -0.0004220742
  -47.424885, -0.0006082636, -0.0004220742
  -47.424885, -0.000490278, -0.0004220742
  -47.424885, -0.000526152, -0.0004220742
  -47.424885, -0.0003663134, -0.0004220742
  -47.424885, -0.0004866906, -0.0004220742
  -47.424885, -0.0003834532, -0.0004220742
  -47.424885, -0.0004835018, -0.0004220742
  -47.41843, -0.000585942, -0.00042182893
  -47.41843, -0.0005648162, -0.00042182893
  -47.41843, -0.0005010402, -0.00042182893
  -47.41843, -0.0002566984, -0.00042182893
  -47.41843, -0.0006445362, -0.00042182893
  -47.41843, -0.0003324324, -0.00042182893
  -47.41843, -0.0004595858, -0.00042182893
  -47.41843, -0.0004687536, -0.00042182893
  -47.41843, -0.000308915, -0.00042182893
  -47.41843, -0.0006820046, -0.00042182893
  -47.41843, -0.0004787186, -0.00042182893
  -47.41843, -0.0006568928, -0.00042182893
  -47.41843, -0.0004667606, -0.00042182893
  -47.411975, -0.0004117538, -0.00042158355
  -47.411975, -0.0005074178, -0.00042158355
  -47.411975, -0.000424509, -0.00042158355
  -47.411975, -0.0005843476, -0.00042158355
  -47.411975, -0.0004990472, -0.00042158355
  -47.411975, -0.0002403558, -0.00042158355
  -47.411975, -0.0003874392, -0.00042158355
  -47.411975, -0.0002977542, -0.00042158355
  -47.411975, -0.000593914, -0.00042158355
  -47.411975, -0.0003172856, -0.00042158355
  -47.40552, -0.0004536068, -0.00042133806
  -47.40552, -0.000474334, -0.00042133806
  -47.40552, -0.0005723896, -0.00042133806
  -47.40552, -0.0005193758, -0.00042133806
  -47.40552, -0.0004607816, -0.00042133806
  -47.40552, -0.0006182286, -0.00042133806
  -47.40552, -0.0005046276, -0.00042133806
  -47.40552, -0.0005664106, -0.00042133806
  -47.40552, -0.000585942, -0.00042133806
  -47.40552, -0.0004831032, -0.00042133806
  -47.40552, -0.0003854462, -0.00042133806
  -47.40552, -0.0005090122, -0.00042133806
  -47.40552, -0.0003758798, -0.00042133806
  -47.399065, -0.0004233132, -0.00042109244
  -47.399065, -0.000589928, -0.00042109244
  -47.399065, -0.0005468792, -0.00042109244
  -47.399065, -0.0004312852, -0.00042109244
  -47.39261, -0.0004910752, -0.00042084672
  -47.39261, -0.0004332782, -0.00042084672
  -47.39261, -0.0005265506, -0.00042084672
  -47.39261, -0.00035874, -0.00042084672
  -47.39261, -0.0005468792, -0.00042084672
  -47.386155, -0.0005177814, -0.00042060087
  -47.386155, -0.0003380128, -0.00042060087
  -47.386155, -0.0003997958, -0.00042060087
  -47.386155, -0.000476327, -0.00042060087
  -47.3797, -0.000436467, -0.00042035491
  -47.3797, -0.0004181314, -0.00042035491
  -47.373245, -0.0005572428, -0.00042010883
  -47.373245, -0.0004093622, -0.00042010883
  -47.373245, -0.000573984, -0.00042010883
  -47.373245, -0.0003121038, -0.00042010883
  -47.36679, -0.0005935154, -0.00041986263
  -47.360335, -0.0002961598, -0.00041961631
  -47.360335, -0.0004747326, -0.00041961631
  -47.360335, -0.0005644176, -0.00041961631
  -47.360335, -0.0004320824, -0.00041961631
  -47.35388, -0.0005333268, -0.00041936988
  -47.35388, -0.0005656134, -0.00041936988
  -47.35388, -0.000615837, -0.00041936988
  -47.347425, -0.0005405016, -0.00041912333
  -47.347425, -0.0004894808, -0.00041912333
  -47.34097, -0.0004316838, -0.00041887667
  -47.34097, -0.0005285436, -0.00041887667
  -47.34097, -0.0005935154, -0.00041887667
  -47.334515, -0.0002100622, -0.00041862988
  -47.334515, -0.000516187, -0.00041862988
  -47.334515, -0.0004197258, -0.00041862988
  -47.32806, -0.0004807116, -0.00041838298
  -47.321605, -0.000408565, -0.00041813596
  -47.321605, -0.0003571456, -0.00041813596
  -47.308695, -0.0005528582, -0.00041764157
  -47.30224, -0.000432481, -0.0004173942
  -47.28933, -0.00047832, -0.0004168991
  -47.27642, -0.0003021388, -0.00041640352
  -47.269965, -0.0004097608, -0.00041615556
  -47.26351, -0.0001331324, -0.00041590748
  -47.2506, -0.0002140482, -0.00041541096
  -47.244145, -0.0003910266, -0.00041516252
  -47.23769, -0.0003300408, -0.00041491396
  -47.205415, -0.000269055, -0.00041366938
  -47.19896, -0.000416537, -0.00041342011
  -47.19896, -0.0001829574, -0.00041342011
  -47.192505, -0.0002901808, -0.00041317071
  -47.18605, -0.0005405016, -0.0004129212
  -47.17314, -0.0004352712, -0.00041242181
  -47.16023, -0.0004388586, -0.00041192195
  -47.16023, -0.0003483764, -0.00041192195
  -47.13441, -0.0002383628, -0.00041092077
  -47.127955, -0.0004619774, -0.00041067017
  -47.10859, -0.0005165856, -0.00040991766
  -47.10859, -0.00013951, -0.00040991766
  -47.06986, -0.0004097608, -0.00040840937
  -47.06986, -0.0003336282, -0.00040840937
  -47.05695, -0.000384649, -0.00040790563
  -47.04404, -0.0003312366, -0.00040740141
  -47.01822, -0.000292971, -0.00040639149
  -47.011765, -0.0004787186, -0.00040613871
  -47.00531, -0.0004408516, -0.0004058858
  -46.998855, -0.0005512638, -0.00040563277
  -46.97949, -0.000402586, -0.00040487295
  -46.960125, -0.0003296422, -0.00040411202
  -46.94076, -0.0005807602, -0.00040334997
  -46.94076, -0.0005432918, -0.00040334997
  -46.908485, -0.0004854948, -0.00040207743
  -46.895575, -0.000526152, -0.00040156755
  -46.882665, -0.0005688022, -0.00040105716
  -46.87621, -0.000454404, -0.00040080178
  -46.85039, -0.0006110538, -0.00039977902
  -46.83748, -0.0003834532, -0.00039926689
  -46.83748, -0.000404579, -0.00039926689
  -46.805205, -0.0004890822, -0.00039798437
  -46.78584, -0.0006030818, -0.00039721335
  -46.76002, -0.000402586, -0.00039618356
  -46.74711, -0.0003459848, -0.00039566791
  -46.727745, -0.0003738868, -0.00039489348
  -46.70838, -0.000310908, -0.0003941179
  -46.70838, -0.0002407544, -0.0003941179
  -46.68256, -3.50768e-05, -0.00039308202
  -46.68256, -0.0002447404, -0.00039308202
  -46.68256, -0.0002921738, -0.00039308202
  -46.65674, -0.0002236146, -0.00039204409
  -46.65674, -0.0004173342, -0.00039204409
  -46.624465, -0.0005436904, -0.0003907438
  -46.611555, -0.0004819074, -0.00039022279
  -46.6051, -0.0004292922, -0.00038996209
  -46.59219, -0.0002853976, -0.0003894403
  -46.59219, -0.000223216, -0.0003894403
  -46.572825, -0.0005636204, -0.00038865664
  -46.55346, -0.0003782714, -0.00038787182
  -46.534095, -0.0006788158, -0.00038708584
  -46.476, -0.0003986, -0.00038472084
  -46.476, -0.0003204744, -0.00038472084
  -46.46309, -0.0003750826, -0.00038419384
  -46.443725, -0.0005524596, -0.00038340237
  -46.430815, -0.0005668092, -0.00038287406
  -46.41145, -0.0003005444, -0.00038208061
  -46.39854, -0.0005448862, -0.00038155098
  -46.366265, -0.0004540054, -0.00038022459
  -46.3469, -0.0003970056, -0.00037942716
  -46.3469, -0.0002913766, -0.00037942716
  -46.33399, -0.0004213202, -0.00037889488
  -46.30817, -0.0003993972, -0.00037782871
  -46.288805, -0.0004540054, -0.00037702768
  -46.288805, -0.0003882364, -0.00037702768
  -46.26944, -0.0003352226, -0.00037622544
  -46.25653, -0.0004472292, -0.00037568994
  -46.24362, -0.0005086136, -0.0003751539
  -46.2178, -0.0004719424, -0.00037408021
  -46.211345, -0.0005253548, -0.00037381145
  -46.20489, -0.0003451876, -0.00037354255
  -46.198435, -0.0003699008, -0.00037327352
  -46.16616, -0.0002742368, -0.00037192632
  -46.16616, -0.0004201244, -0.00037192632
  -46.14034, -0.0003392086, -0.00037084611
  -46.12743, -0.000314894, -0.00037030518
  -46.120975, -0.0002722438, -0.00037003451
  -46.108065, -0.0002503208, -0.00036949277
  -46.095155, -0.0005787672, -0.00036895047
  -46.0887, -0.0003515652, -0.00036867912
  -46.07579, -0.000534124, -0.000368136
  -46.06288, -0.000508215, -0.00036759232
  -46.03706, -0.0002606844, -0.00036650332
  -46.03706, -0.0003156912, -0.00036650332
  -46.030605, -0.0002024888, -0.00036623073
  -46.02415, -0.0003352226, -0.00036595799
  -46.017695, -0.000420523, -0.00036568512
  -46.004785, -0.000207272, -0.00036513896
  -46.004785, -6.5769e-05, -0.00036513896
  -46.004785, -8.72934e-05, -0.00036513896
  -45.991875, -0.000320873, -0.00036459224
  -45.991875, -0.0004747326, -0.00036459224
  -45.98542, -0.0002614816, -0.00036431867
  -45.978965, -0.0003802644, -0.00036404497
  -45.953145, -0.000396607, -0.00036294874
  -45.953145, -0.000516187, -0.00036294874
  -45.94669, -0.0003615302, -0.00036267434
  -45.93378, -0.0004161384, -0.00036212511
  -45.93378, -0.0003499708, -0.00036212511
  -45.93378, -0.0004001944, -0.00036212511
  -45.927325, -0.0001139996, -0.00036185028
  -45.914415, -0.00037867, -0.00036130021
  -45.914415, -0.0003152926, -0.00036130021
  -45.89505, -0.0003244604, -0.00036047404
  -45.89505, -0.000314894, -0.00036047404
  -45.888595, -0.0004197258, -0.00036019838
  -45.88214, -0.000440453, -0.00035992257
  -45.88214, -0.0001977056, -0.00035992257
  -45.875685, -9.48668e-05, -0.00035964661
  -45.875685, -0.0003001458, -0.00035964661
  -45.85632, -0.0003551526, -0.00035881791
  -45.849865, -0.0005026346, -0.0003585414
  -45.849865, -0.0003583414, -0.0003585414
  -45.84341, -0.0004189286, -0.00035826474
  -45.84341, -0.0002598872, -0.00035826474
  -45.836955, -0.0001821602, -0.00035798794
  -45.8305, -0.0003778728, -0.000357711
  -45.824045, -0.0001546568, -0.00035743391
  -45.81759, -0.0003794672, -0.00035715669
  -45.81759, -0.0002295936, -0.00035715669
  -45.811135, -0.0004894808, -0.00035687932
  -45.811135, -0.0003870406, -0.00035687932
  -45.811135, -0.0004639704, -0.00035687932
  -45.811135, -0.0004635718, -0.00035687932
  -45.80468, -0.0002642718, -0.00035660181
  -45.80468, -0.0003822574, -0.00035660181
  -45.80468, -0.0001721952, -0.00035660181
  -45.80468, -0.0001937196, -0.00035660181
  -45.80468, -0.000354754, -0.00035660181
  -45.798225, -0.000113601, -0.00035632415
  -45.77886, -0.0005014388, -0.00035549034
  -45.772405, -0.0001769784, -0.00035521211
  -45.772405, -0.0004237118, -0.00035521211
  -45.76595, -0.0004819074, -0.00035493375
  -45.759495, -0.0003459848, -0.00035465524
  -45.759495, -0.0003898308, -0.00035465524
  -45.759495, -0.0002698522, -0.00035465524
  -45.75304, -0.000605872, -0.00035437658
  -45.75304, -0.0004775228, -0.00035437658
  -45.75304, -0.0003802644, -0.00035437658
  -45.74013, -0.0004428446, -0.00035381885
  -45.733675, -0.000522166, -0.00035353976
  -45.733675, -0.0005114038, -0.00035353976
  -45.733675, -0.000344789, -0.00035353976
  -45.72722, -0.0004272992, -0.00035326053
  -45.72722, -9.52654e-05, -0.00035326053
  -45.720765, -0.000661676, -0.00035298116
  -45.720765, -0.0004057748, -0.00035298116
  -45.720765, -0.0005831518, -0.00035298116
  -45.720765, -0.0001929224, -0.00035298116
  -45.720765, -0.0004647676, -0.00035298116
  -45.71431, -0.0004288936, -0.00035270165
  -45.71431, -0.0003651176, -0.00035270165
  -45.707855, -0.000564019, -0.00035242199
  -45.707855, -0.0002403558, -0.00035242199
  -45.707855, -0.0004213202, -0.00035242199
  -45.707855, -0.0005424946, -0.00035242199
  -45.707855, -0.0003312366, -0.00035242199
  -45.7014, -0.0005106066, -0.00035214218
  -45.7014, -0.0002455376, -0.00035214218
  -45.7014, -0.0003152926, -0.00035214218
  -45.7014, -0.000129545, -0.00035214218
  -45.694945, -0.0003475792, -0.00035186224
  -45.694945, -0.0004013902, -0.00035186224
  -45.694945, -0.0003236632, -0.00035186224
  -45.694945, -0.0002455376, -0.00035186224
  -45.694945, -0.0003053276, -0.00035186224
  -45.68849, -0.000446432, -0.00035158214
  -45.68849, -0.0004041804, -0.00035158214
  -45.68849, -0.0005616274, -0.00035158214
  -45.68849, -0.000416537, -0.00035158214
  -45.682035, -0.0004655648, -0.00035130191
  -45.67558, -0.0005875364, -0.00035102153
  -45.643305, -0.0004149426, -0.00034961745
  -45.63685, -0.0002088664, -0.0003493362
  -45.630395, -0.0003491736, -0.0003490548
  -45.630395, -0.0005157884, -0.0003490548
  -45.630395, -0.0003603344, -0.0003490548
  -45.62394, -0.0002582928, -0.00034877326
  -45.617485, -0.0005125996, -0.00034849157
  -45.617485, -0.000346782, -0.00034849157
  -45.617485, -0.0002758312, -0.00034849157
  -45.61103, -0.0003978028, -0.00034820973
  -45.61103, -0.0004017888, -0.00034820973
  -45.61103, -0.0005365156, -0.00034820973
  -45.61103, -0.0004033832, -0.00034820973
  -45.61103, -0.000386642, -0.00034820973
  -45.61103, -0.0005903266, -0.00034820973
  -45.61103, -0.0003738868, -0.00034820973
  -45.604575, -0.0002786214, -0.00034792775
  -45.604575, -0.0002802158, -0.00034792775
  -45.604575, -0.000564019, -0.00034792775
  -45.604575, -0.0003451876, -0.00034792775
  -45.604575, -0.0003934182, -0.00034792775
  -45.604575, -0.000366712, -0.00034792775
  -45.59812, -0.0003714952, -0.00034764563
  -45.59812, -0.0002965584, -0.00034764563
  -45.59812, -0.0003320338, -0.00034764563
  -45.59812, -0.0004751312, -0.00034764563
  -45.59812, -0.0005046276, -0.00034764563
  -45.59812, -0.000231188, -0.00034764563
  -45.59812, -0.0004257048, -0.00034764563
  -45.59812, -0.000599893, -0.00034764563
  -45.59812, -0.000432481, -0.00034764563
  -45.59812, -0.0005153898, -0.00034764563
  -45.59812, -0.0003284464, -0.00034764563
  -45.59812, -0.0004679564, -0.00034764563
  -45.59812, -0.000304929, -0.00034764563
  -45.59812, -0.0004520124, -0.00034764563
  -45.59812, -0.0004699494, -0.00034764563
  -45.59812, -0.00027902, -0.00034764563
  -45.591665, -0.0003818588, -0.00034736336
  -45.591665, -0.0004759284, -0.00034736336
  -45.591665, -0.0004093622, -0.00034736336
  -45.591665, 2.5909e-05, -0.00034736336
  -45.591665, -0.0004416488, -0.00034736336
  -45.58521, -0.0001941182, -0.00034708094
  -45.58521, -0.0004093622, -0.00034708094
  -45.58521, -0.0005815574, -0.00034708094
  -45.58521, -0.0003364184, -0.00034708094
  -45.58521, -0.000201293, -0.00034708094
  -45.58521, -0.0003073206, -0.00034708094
  -45.58521, -0.000344789, -0.00034708094
  -45.58521, -0.0004516138, -0.00034708094
  -45.58521, -0.0005664106, -0.00034708094
  -45.58521, -0.00049825, -0.00034708094
  -45.58521, -0.000205279, -0.00034708094
  -45.58521, -0.0006066692, -0.00034708094
  -45.58521, -0.0004555998, -0.00034708094
  -45.58521, -0.000380663, -0.00034708094
  -45.578755, -0.0001211744, -0.00034679838
  -45.578755, -0.0003898308, -0.00034679838
  -45.578755, -0.000326852, -0.00034679838
  -45.578755, -0.0004719424, -0.00034679838
  -45.578755, -0.0005078164, -0.00034679838
  -45.578755, -0.0003093136, -0.00034679838
  -45.578755, -0.0001981042, -0.00034679838
  -45.578755, -0.0003790686, -0.00034679838
  -45.578755, -0.0003479778, -0.00034679838
  -45.578755, -0.0003922224, -0.00034679838
  -45.5723, -0.000324859, -0.00034651566
  -45.5723, -0.0004532082, -0.00034651566
  -45.5723, -0.0004276978, -0.00034651566
  -45.5723, -0.000504229, -0.00034651566
  -45.5723, -0.0004077678, -0.00034651566
  -45.5723, -0.0005735854, -0.00034651566
  -45.5723, -0.000241153, -0.00034651566
  -45.5723, -0.0004990472, -0.00034651566
  -45.5723, -0.0002774256, -0.00034651566
  -45.5723, -0.0003834532, -0.00034651566
  -45.5723, -0.0003200758, -0.00034651566
  -45.5723, -0.0004332782, -0.00034651566
  -45.5723, -0.0001562512, -0.00034651566
  -45.5723, -0.000273041, -0.00034651566
  -45.565845, -0.0005863406, -0.00034623281
  -45.565845, -0.000512201, -0.00034623281
  -45.565845, -0.0003722924, -0.00034623281
  -45.565845, -0.0002403558, -0.00034623281
  -45.565845, -0.000283006, -0.00034623281
  -45.565845, -0.0004261034, -0.00034623281
  -45.565845, -0.0005185786, -0.00034623281
  -45.55939, -0.0001092164, -0.0003459498
  -45.55939, -0.000536117, -0.0003459498
  -45.55939, -0.00017937, -0.0003459498
  -45.55939, -0.0005129982, -0.0003459498
  -45.55939, -0.0005456834, -0.0003459498
  -45.55939, -0.0005576414, -0.0003459498
  -45.55939, -0.0004121524, -0.0003459498
  -45.552935, -0.0003001458, -0.00034566665
  -45.552935, -9.52654e-05, -0.00034566665
  -45.552935, -0.0003136982, -0.00034566665
  -45.552935, -0.000213251, -0.00034566665
  -45.552935, -0.0002287964, -0.00034566665
  -45.54648, -0.000569998, -0.00034538335
  -45.54648, -0.000583949, -0.00034538335
  -45.540025, -0.0004336768, -0.00034509991
  -45.540025, -0.0003611316, -0.00034509991
  -45.53357, -0.000420523, -0.00034481632
  -45.53357, -0.0003455862, -0.00034481632
  -45.53357, -0.0004699494, -0.00034481632
  -45.527115, -0.0005086136, -0.00034453258
  -45.527115, 2.55104e-05, -0.00034453258
  -45.52066, -0.0004173342, -0.00034424869
  -45.52066, -0.000474334, -0.00034424869
  -45.52066, -0.0005409002, -0.00034424869
  -45.52066, -0.0005114038, -0.00034424869
  -45.514205, -0.0004249076, -0.00034396466
  -45.514205, -0.0004520124, -0.00034396466
  -45.514205, -0.0003651176, -0.00034396466
  -45.50775, -0.000452411, -0.00034368048
  -45.50775, -0.0004448376, -0.00034368048
  -45.50775, -0.000372691, -0.00034368048
  -45.501295, -0.0003962084, -0.00034339615
  -45.501295, -9.04822e-05, -0.00034339615
  -45.49484, -0.0003459848, -0.00034311167
  -45.488385, -0.0004591872, -0.00034282704
  -45.475475, -0.0004966556, -0.00034225735
  -45.475475, -0.000396607, -0.00034225735
  -45.46902, -0.000420523, -0.00034197228
  -45.449655, -0.0004735368, -0.00034111618
  -45.449655, -0.0005345226, -0.00034111618
  -45.4432, -0.0003184814, -0.00034083052
  -45.4432, -0.000310908, -0.00034083052
  -45.4432, -0.000693564, -0.00034083052
  -45.436745, -0.0004946626, -0.0003405447
  -45.436745, -0.0005173828, -0.0003405447
  -45.436745, -0.0004348726, -0.0003405447
  -45.423835, -0.0002279992, -0.00033997263
  -45.423835, -0.0002363698, -0.00033997263
  -45.423835, -0.0002881878, -0.00033997263
  -45.41738, -0.0002905794, -0.00033968637
  -45.410925, -0.0003523624, -0.00033939996
  -45.40447, -0.0003132996, -0.0003391134
  -45.39156, -0.0003710966, -0.00033853983
  -45.385105, -0.000440453, -0.00033825282
  -45.37865, -0.000362726, -0.00033796566
  -45.359285, -0.0004619774, -0.00033710329
  -45.359285, -0.0001809644, -0.00033710329
  -45.35283, -0.0005564456, -0.00033681553
  -45.33992, -0.0003934182, -0.00033623956
  -45.3141, -0.0003220688, -0.0003350858
  -45.30119, -0.0003236632, -0.00033450802
  -45.294735, -0.000360733, -0.0003342189
  -45.28828, -0.0005185786, -0.00033392963
  -45.27537, -0.000532131, -0.00033335063
  -45.268915, -0.0006305852, -0.00033306091
  -45.26246, -0.0003631246, -0.00033277103
  -45.23664, -0.000647725, -0.00033160999
  -45.217275, -0.0002148454, -0.00033073761
  -45.21082, -0.0004412502, -0.00033044651
  -45.204365, -0.0004970542, -0.00033015526
  -45.19791, -0.0004013902, -0.00032986386
  -45.185, -0.000524159, -0.00032928058
  -45.185, -0.0002726424, -0.00032928058
  -45.15918, -0.0004328796, -0.0003281122
  -45.14627, -0.0006369628, -0.00032752708
  -45.113995, -0.0004607816, -0.00032606158
  -45.101085, -0.0004978514, -0.00032547429
  -45.075265, -0.0003978028, -0.00032429786
  -45.06881, -0.0002598872, -0.00032400336
  -45.0559, -0.0002602858, -0.0003234139
  -45.03008, 7.45382e-05, -0.0003222331
  -45.03008, -0.000406572, -0.0003222331
  -45.010715, -0.0001223702, -0.00032134586
  -45.010715, -0.0001391114, -0.00032134586
  -44.997805, -0.0002399572, -0.00032075358
  -44.997805, -0.0001263562, -0.00032075358
  -44.984895, -0.0003862434, -0.00032016068
  -44.959075, -0.0004854948, -0.00031897297
  -44.95262, -0.0002945654, -0.00031867565
  -44.9268, -0.0004093622, -0.00031748479
  -44.90098, -0.0002104608, -0.00031629139
  -44.90098, -0.000227202, -0.00031629139
  -44.881615, -0.000165419, -0.00031539467
  -44.87516, -0.0001291464, -0.00031509544
  -44.86225, -0.0001207758, -0.00031449651
  -44.84934, -5.14194e-05, -0.00031389694
  -44.842885, 9.965e-06, -0.00031359692
  -44.842885, -0.0001622302, -0.00031359692
  -44.82352, -0.000205279, -0.00031269589
  -44.804155, -0.000153461, -0.00031179341
  -44.7977, -0.000229195, -0.00031149226
  -44.78479, -6.05872e-05, -0.00031088948
  -44.77188, -0.0003439918, -0.00031028606
  -44.77188, -6.49718e-05, -0.00031028606
  -44.75897, -0.0003902294, -0.00030968199
  -44.726695, -0.0003416002, -0.00030816898
  -44.70733, -0.0001690064, -0.00030725923
  -44.687965, -0.000392621, -0.00030634801
  -44.649235, -0.0005755784, -0.00030452117
  -44.636325, -0.0002375656, -0.00030391092
  -44.623415, -0.00021923, -0.0003033
  -44.61696, -0.0001040346, -0.0003029943
  -44.60405, -0.00035874, -0.0003023824
  -44.57823, -0.0004029846, -0.00030115662
  -44.56532, -0.0002738382, -0.00030054274
  -44.55241, -0.0002196286, -0.0002999282
  -44.545955, -0.0001084192, -0.00029962068
  -44.545955, -0.000247132, -0.00029962068
  -44.520135, -0.0002128524, -0.00029838894
  -44.51368, -0.0002128524, -0.00029808059
  -44.494315, -0.000223216, -0.00029715453
  -44.48786, -0.0004177328, -0.00029684551
  -44.44913, -0.000370698, -0.00029498789
  -44.442675, -0.000217237, -0.0002946777
  -44.429765, -0.0004340754, -0.00029405682
  -44.42331, -0.0002064748, -0.00029374612
  -44.4104, -0.0005090122, -0.00029312423
  -44.39749, -0.0002897822, -0.00029250166
  -44.38458, -0.0001817616, -0.00029187841
  -44.38458, -5.89928e-05, -0.00029187841
  -44.378125, -0.0001642232, -0.00029156654
  -44.37167, -0.0003838518, -0.00029125449
  -44.365215, -2.3916e-05, -0.00029094228
  -44.34585, -0.0002642718, -0.00029000462
  -44.33294, -0.0003081178, -0.00028937866
  -44.326485, -0.0003057262, -0.00028906542
  -44.30712, -0.0004177328, -0.0002881247
  -44.29421, -0.0004372642, -0.0002874967
  -44.274845, -0.0004332782, -0.00028655341
  -44.25548, -0.000251118, -0.00028560858
  -44.249025, -0.0002873906, -0.0002852933
  -44.24257, -0.0003475792, -0.00028497784
  -44.22966, -0.0002925724, -0.00028434641
  -44.223205, -0.0003101108, -0.00028403043
  -44.19093, -0.0003396072, -0.00028244797
  -44.17802, -0.000265069, -0.00028181377
  -44.171565, -0.0002184328, -0.00028149642
  -44.16511, -0.000215244, -0.00028117889
  -44.158655, -0.0002993486, -0.00028086118
  -44.158655, -0.0001359226, -0.00028086118
  -44.1522, -0.0001729924, -0.0002805433
  -44.13929, -0.0002076706, -0.00027990702
  -44.119925, -0.0001171884, -0.0002789513
  -44.119925, -0.0001159926, -0.0002789513
  -44.119925, -0.0002283978, -0.0002789513
  -44.119925, -0.0004053762, -0.0002789513
  -44.11347, -0.0001251604, -0.00027863238
  -44.11347, -0.00023916, -0.00027863238
  -44.107015, -0.0001191814, -0.00027831328
  -44.107015, -0.0003404044, -0.00027831328
  -44.081195, -0.000524159, -0.00027703514
  -44.07474, -0.0004013902, -0.00027671516
  -44.06183, -0.000261083, -0.00027607469
  -44.055375, -0.0002814116, -0.00027575419
  -44.055375, -0.000300943, -0.00027575419
  -44.042465, -0.000591921, -0.00027511266
  -44.016645, -0.0003296422, -0.00027382749
  -44.01019, -0.0002000972, -0.00027350576
  -43.99728, -8.49018e-05, -0.00027286176
  -43.990825, -0.0002503208, -0.00027253949
  -43.990825, -0.0001618316, -0.00027253949
  -43.990825, -0.0002315866, -0.00027253949
  -43.98437, -0.0001809644, -0.00027221705
  -43.98437, 1.75384e-05, -0.00027221705
  -43.977915, -0.0003459848, -0.00027189443
  -43.977915, -0.0002726424, -0.00027189443
  -43.97146, -0.0002814116, -0.00027157164
  -43.97146, -0.000328845, -0.00027157164
  -43.97146, -0.0004528096, -0.00027157164
  -43.97146, -0.0004181314, -0.00027157164
  -43.965005, -0.0002626774, -0.00027124866
  -43.965005, -0.0002622788, -0.00027124866
  -43.95855, -0.0001709994, -0.00027092551
  -43.95855, -0.0002443418, -0.00027092551
  -43.952095, -0.0004974528, -0.00027060218
  -43.952095, -0.0002666634, -0.00027060218
  -43.952095, -0.0003304394, -0.00027060218
  -43.952095, -0.0003782714, -0.00027060218
  -43.952095, -5.06222e-05, -0.00027060218
  -43.94564, -0.0004089636, -0.00027027867
  -43.94564, -1.03636e-05, -0.00027027867
  -43.94564, -0.0002957612, -0.00027027867
  -43.94564, -7.85242e-05, -0.00027027867
  -43.939185, -0.0006604802, -0.00026995499
  -43.93273, -0.0003005444, -0.00026963112
  -43.93273, -0.000231188, -0.00026963112
  -43.93273, -0.0002559012, -0.00026963112
  -43.93273, -0.0002861948, -0.00026963112
  -43.93273, -0.000231188, -0.00026963112
  -43.926275, -0.0002168384, -0.00026930708
  -43.926275, -0.000332831, -0.00026930708
  -43.926275, 7.972e-06, -0.00026930708
  -43.91982, -0.0001578456, -0.00026898286
  -43.91982, -0.000364719, -0.00026898286
  -43.91982, -0.0001709994, -0.00026898286
  -43.913365, -0.0003364184, -0.00026865846
  -43.913365, -4.50418e-05, -0.00026865846
  -43.913365, -0.0003559498, -0.00026865846
  -43.90691, -0.000131538, -0.00026833388
  -43.90691, -0.0002602858, -0.00026833388
  -43.900455, -0.0004117538, -0.00026800912
  -43.900455, -0.0001781742, -0.00026800912
  -43.900455, -9.32724e-05, -0.00026800912
  -43.900455, -0.0003264534, -0.00026800912
  -43.900455, -0.0004300894, -0.00026800912
  -43.894, -0.0002196286, -0.00026768418
  -43.894, -0.0004559984, -0.00026768418
  -43.894, -0.0002786214, -0.00026768418
  -43.894, -0.000544089, -0.00026768418
  -43.894, -0.0003475792, -0.00026768418
  -43.887545, -2.27202e-05, -0.00026735907
  -43.887545, -0.000157447, -0.00026735907
  -43.88109, -0.0003982014, -0.00026703377
  -43.88109, -0.00013951, -0.00026703377
  -43.874635, -0.0002044818, -0.0002667083
  -43.86818, -0.0001969084, -0.00026638264
  -43.861725, -0.0002722438, -0.00026605681
  -43.861725, -0.0001283492, -0.00026605681
  -43.85527, -0.0002842018, -0.00026573079
  -43.85527, -4.5839e-05, -0.00026573079
  -43.848815, -0.0002507194, -0.0002654046
  -43.848815, -0.0006214174, -0.0002654046
  -43.84236, -1.83356e-05, -0.00026507823
  -43.84236, -0.0002762298, -0.00026507823
  -43.84236, -0.0001546568, -0.00026507823
  -43.84236, -0.000476327, -0.00026507823
  -43.835905, -0.0002347754, -0.00026475167
  -43.835905, -0.0001243632, -0.00026475167
  -43.835905, 1.91328e-05, -0.00026475167
  -43.835905, -0.0003810616, -0.00026475167
  -43.835905, -0.0005979, -0.00026475167
  -43.82945, -0.0004057748, -0.00026442494
  -43.82945, -0.0002614816, -0.00026442494
  -43.82945, -0.0002323838, -0.00026442494
  -43.822995, -0.0001885378, -0.00026409802
  -43.822995, -0.000566012, -0.00026409802
  -43.822995, -0.000211258, -0.00026409802
  -43.822995, -0.0001749854, -0.00026409802
  -43.822995, -0.0002662648, -0.00026409802
  -43.81654, -0.0001961112, -0.00026377093
  -43.81654, -0.0002196286, -0.00026377093
  -43.81654, -0.0003519638, -0.00026377093
  -43.81654, -0.0002387614, -0.00026377093
  -43.81654, -0.0005309352, -0.00026377093
  -43.81654, -0.0003623274, -0.00026377093
  -43.81654, -0.0001646218, -0.00026377093
  -43.81654, -0.0005217674, -0.00026377093
  -43.810085, -0.0003236632, -0.00026344365
  -43.810085, -0.000466362, -0.00026344365
  -43.810085, -0.0003284464, -0.00026344365
  -43.810085, -0.0002415516, -0.00026344365
  -43.810085, -0.0003300408, -0.00026344365
  -43.810085, -9.48668e-05, -0.00026344365
  -43.810085, -0.0003702994, -0.00026344365
  -43.810085, -0.000294964, -0.00026344365
  -43.810085, -0.000402586, -0.00026344365
  -43.810085, -0.0003097122, -0.00026344365
  -43.810085, -0.000312901, -0.00026344365
  -43.80363, -0.000241153, -0.00026311619
  -43.80363, -0.000292971, -0.00026311619
  -43.80363, -6.01886e-05, -0.00026311619
  -43.80363, -0.0003443904, -0.00026311619
  -43.80363, -0.0004536068, -0.00026311619
  -43.80363, -0.0003304394, -0.00026311619
  -43.80363, -0.0003778728, -0.00026311619
  -43.797175, -0.000233181, -0.00026278855
  -43.797175, 0.0001323352, -0.00026278855
  -43.797175, -0.000203286, -0.00026278855
  -43.797175, -0.0003451876, -0.00026278855
  -43.797175, -0.0003722924, -0.00026278855
  -43.797175, -0.000476327, -0.00026278855
  -43.797175, 6.89578e-05, -0.00026278855
  -43.797175, -0.0003950126, -0.00026278855
  -43.797175, -0.0002279992, -0.00026278855
  -43.797175, -0.0005129982, -0.00026278855
  -43.797175, -0.0002897822, -0.00026278855
  -43.797175, -0.000360733, -0.00026278855
  -43.797175, -8.1713e-05, -0.00026278855
  -43.79072, -0.0002973556, -0.00026246073
  -43.79072, -0.0002200272, -0.00026246073
  -43.79072, -0.000472341, -0.00026246073
  -43.79072, -0.0002798172, -0.00026246073
  -43.79072, -0.000215244, -0.00026246073
  -43.79072, -0.000288985, -0.00026246073
  -43.79072, -0.000308915, -0.00026246073
  -43.79072, -0.0003643204, -0.00026246073
  -43.79072, -0.0001219716, -0.00026246073
  -43.79072, -0.000249125, -0.00026246073
  -43.79072, -0.0003471806, -0.00026246073
  -43.79072, -0.000382656, -0.00026246073
  -43.79072, -0.0003093136, -0.00026246073
  -43.79072, -0.0001989014, -0.00026246073
  -43.784265, -0.0002762298, -0.00026213273
  -43.784265, -0.000233181, -0.00026213273
  -43.784265, -0.0002359712, -0.00026213273
  -43.784265, -0.0004866906, -0.00026213273
  -43.784265, -0.0004934668, -0.00026213273
  -43.784265, -0.000131538, -0.00026213273
  -43.784265, -0.000340803, -0.00026213273
  -43.784265, -0.000263076, -0.00026213273
  -43.784265, -0.0004233132, -0.00026213273
  -43.77781, -0.00037867, -0.00026180455
  -43.77781, -0.0004388586, -0.00026180455
  -43.77781, -0.0002108594, -0.00026180455
  -43.77781, -0.0003954112, -0.00026180455
  -43.77781, -0.0002303908, -0.00026180455
  -43.77781, -0.0003615302, -0.00026180455
  -43.77781, -0.0003695022, -0.00026180455
  -43.77781, -0.0003284464, -0.00026180455
  -43.771355, -0.0002921738, -0.00026147618
  -43.771355, -0.0005524596, -0.00026147618
  -43.771355, -0.0003136982, -0.00026147618
  -43.771355, -0.00047832, -0.00026147618
  -43.771355, -0.0002666634, -0.00026147618
  -43.7649, -0.0001821602, -0.00026114763
  -43.7649, -0.0003810616, -0.00026114763
  -43.7649, -0.0004651662, -0.00026114763
  -43.7649, -0.0002188314, -0.00026114763
  -43.758445, -0.0005185786, -0.0002608189
  -43.758445, -0.0004408516, -0.0002608189
  -43.758445, -0.00053811, -0.0002608189
  -43.75199, -0.0004157398, -0.00026048999
  -43.75199, -0.0003858448, -0.00026048999
  -43.75199, -0.0005293408, -0.00026048999
  -43.75199, -0.0002248104, -0.00026048999
  -43.745535, -0.0004276978, -0.0002601609
  -43.745535, -0.0003519638, -0.0002601609
  -43.745535, -0.00013951, -0.0002601609
  -43.745535, -0.0003742854, -0.0002601609
  -43.73908, -0.0001622302, -0.00025983163
  -43.73908, -0.0004858934, -0.00025983163
  -43.73908, -0.000488285, -0.00025983163
  -43.732625, -0.0003061248, -0.00025950217
  -43.72617, -0.0004839004, -0.00025917253
  -43.72617, -0.0004468306, -0.00025917253
  -43.719715, -0.0004053762, -0.0002588427
  -43.71326, -0.000121573, -0.0002585127
  -43.706805, -0.0001949154, -0.00025818251
  -43.706805, -0.0002917752, -0.00025818251
  -43.70035, -0.000332831, -0.00025785214
  -43.70035, -0.0002634746, -0.00025785214
  -43.693895, -0.0003523624, -0.00025752158
  -43.693895, -0.0003523624, -0.00025752158
  -43.693895, -0.0004492222, -0.00025752158
  -43.68744, -0.0002913766, -0.00025719084
  -43.67453, -0.0003073206, -0.00025652881
  -43.66162, -0.0003057262, -0.00025586605
  -43.655165, -0.0002802158, -0.00025553439
  -43.64871, -0.0004958584, -0.00025520255
  -43.64871, -0.000109615, -0.00025520255
  -43.642255, -0.00011958, -0.00025487052
  -43.642255, -0.0003212716, -0.00025487052
  -43.642255, -9.1678e-05, -0.00025487052
  -43.642255, -0.0002008944, -0.00025487052
  -43.642255, -0.0001757826, -0.00025487052
  -43.616435, -0.0001602372, -0.00025354056
  -43.60998, -0.0002184328, -0.00025320761
  -43.603525, -0.0002196286, -0.00025287448
  -43.590615, -0.0003583414, -0.00025220765
  -43.590615, -0.0003244604, -0.00025220765
  -43.590615, -0.0002977542, -0.00025220765
  -43.577705, -0.0002853976, -0.00025154008
  -43.564795, -0.0002917752, -0.00025087176
  -43.55834, -0.0002403558, -0.00025053732
  -43.53252, -0.000324859, -0.00024919771
  -43.526065, -0.0002244118, -0.00024886234
  -43.51961, 0.0002108594, -0.00024852678
  -43.513155, -7.65312e-05, -0.00024819104
  -43.5067, 0.0001403072, -0.00024785511
  -43.5067, -6.05872e-05, -0.00024785511
  -43.49379, -0.0002718452, -0.00024718268
  -43.49379, -0.0001510694, -0.00024718268
  -43.49379, -0.0005153898, -0.00024718268
  -43.46797, -0.0002818102, -0.00024583557
  -43.46797, -0.0004376628, -0.00024583557
  -43.461515, -0.0003117052, -0.00024549833
  -43.45506, -0.0001996986, -0.00024516089
  -43.422785, -0.0003152926, -0.00024347088
  -43.396965, -0.0003551526, -0.00024211547
  -43.396965, -0.0004109566, -0.00024211547
  -43.396965, -0.0005397044, -0.00024211547
  -43.3776, -0.0002064748, -0.00024109692
  -43.36469, -0.000153461, -0.00024041693
  -43.36469, -0.000324859, -0.00024041693
  -43.36469, -0.000356747, -0.00024041693
  -43.332415, -0.0003854462, -0.00023871363
  -43.332415, -0.0002459362, -0.00023871363
  -43.31305, -0.0001462862, -0.00023768935
  -43.306595, -0.0001223702, -0.00023734754
  -43.293685, -0.0002543068, -0.00023666335
  -43.280775, -0.0001510694, -0.00023597839
  -43.2485, -0.0002335796, -0.00023426262
  -43.229135, -0.0002794186, -0.00023323084
  -43.216225, -0.0001917266, -0.00023254202
  -43.216225, -0.0002160412, -0.00023254202
  -43.203315, -0.0002818102, -0.00023185242
  -43.18395, 3.70698e-05, -0.00023081657
  -43.177495, -0.000288985, -0.0002304709
  -43.17104, -0.0002228174, -0.00023012503
  -43.151675, -0.0001291464, -0.00022908626
  -43.138765, -5.69998e-05, -0.00022839277
  -43.13231, -4.66362e-05, -0.00022804573
  -43.125855, -0.0001781742, -0.0002276985
  -43.100035, -0.0002236146, -0.0002263076
  -43.09358, -0.0002738382, -0.00022595938
  -43.087125, 0.0001949154, -0.00022561097
  -43.074215, -0.0003364184, -0.00022491356
  -43.061305, -0.0003950126, -0.00022421536
  -43.05485, -0.0003192786, -0.00022386596
  -43.009665, -8.3706e-05, -0.00022141465
  -43.00321, -0.0003431946, -0.00022106367
  -43.00321, -0.0001957126, -0.00022106367
  -42.9903, -0.000147482, -0.00022036112
  -42.96448, -0.000316887, -0.00021895362
  -42.95157, -0.000257097, -0.00021824867
  -42.932205, -0.0004013902, -0.00021718976
  -42.932205, -0.0004053762, -0.00021718976
  -42.92575, 0.0001506708, -0.00021683638
  -42.92575, -0.0001323352, -0.00021683638
  -42.906385, -0.0002957612, -0.00021577506
  -42.906385, -0.0003902294, -0.00021577506
  -42.87411, -0.0003264534, -0.00021400218
  -42.854745, -9.20766e-05, -0.00021293603
  -42.841835, 1.993e-05, -0.00021222425
  -42.828925, -3.42796e-05, -0.00021151167
  -42.80956, -0.0002758312, -0.00021044127
  -42.803105, -0.0001709994, -0.00021008407
  -42.79665, -0.0002264048, -0.00020972666
  -42.77083, -0.000336817, -0.00020829499
  -42.74501, -0.0002798172, -0.00020686007
  -42.738555, -0.0002200272, -0.00020650082
  -42.738555, -0.0004727396, -0.00020650082
  -42.738555, -0.0001570484, -0.00020650082
  -42.71919, -0.0004069706, -0.00020542187
  -42.69337, -0.000424509, -0.00020398039
  -42.68046, -0.000434474, -0.00020325841
  -42.66755, -0.0002295936, -0.00020253562
  -42.648185, -0.0002527124, -0.00020144987
  -42.622365, -0.0003117052, -0.00019999932
  -42.596545, -0.0001287478, -0.00019854545
  -42.596545, -9.52654e-05, -0.00019854545
  -42.596545, -0.0002838032, -0.00019854545
  -42.59009, -1.1958e-05, -0.00019818146
  -42.583635, 4.02586e-05, -0.00019781727
  -42.583635, -0.000312901, -0.00019781727
  -42.570725, -0.0001785728, -0.00019708825
  -42.531995, -0.000328845, -0.0001948962
  -42.531995, -0.0001721952, -0.0001948962
  -42.52554, -0.0001996986, -0.00019453013
  -42.519085, -0.0003710966, -0.00019416384
  -42.506175, -0.0002965584, -0.00019343064
  -42.49972, -0.0002383628, -0.00019306373
  -42.467445, -0.0003583414, -0.00019122601
  -42.44808, -0.0002722438, -0.00019012084
  -42.441625, -0.0002100622, -0.00018975203
  -42.43517, -0.0001757826, -0.00018938301
  -42.428715, -0.0002323838, -0.00018901378
  -42.428715, -0.0003244604, -0.00018901378
  -42.415805, -0.0004751312, -0.00018827467
  -42.415805, -0.0002515166, -0.00018827467
  -42.402895, -0.0001163912, -0.00018753472
  -42.38353, -4.1853e-05, -0.0001864232
  -42.37062, -5.22166e-05, -0.00018568112
  -42.364165, -0.0001646218, -0.00018530976
  -42.364165, -4.3846e-06, -0.00018530976
  -42.35771, -0.0001291464, -0.00018493819
  -42.35771, -0.000243146, -0.00018493819
  -42.351255, -0.0001183842, -0.0001845664
  -42.338345, 0.0002060762, -0.00018382219
  -42.338345, -0.0002060762, -0.00018382219
  -42.338345, -0.000129545, -0.00018382219
  -42.338345, -0.000356747, -0.00018382219
  -42.33189, -0.0002367684, -0.00018344976
  -42.312525, -0.000201293, -0.00018233119
  -42.30607, -0.0001909294, -0.00018195791
  -42.299615, -2.35174e-05, -0.00018158441
  -42.299615, -0.0002499222, -0.00018158441
  -42.29316, -5.69998e-05, -0.00018121069
  -42.286705, -0.0003140968, -0.00018083676
  -42.28025, -0.000145489, -0.00018046262
  -42.273795, -0.00031888, -0.00018008826
  -42.25443, -0.0001207758, -0.00017896388
  -42.25443, -9.00836e-05, -0.00017896388
  -42.247975, -0.000306922, -0.00017858866
  -42.247975, -7.05522e-05, -0.00017858866
  -42.247975, -0.0002527124, -0.00017858866
  -42.24152, -0.0001128038, -0.00017821322
  -42.24152, -9.3671e-05, -0.00017821322
  -42.235065, -1.87342e-05, -0.00017783756
  -42.235065, -7.93214e-05, -0.00017783756
  -42.22861, -0.00013951, -0.00017746169
  -42.22861, -0.0003583414, -0.00017746169
  -42.222155, -0.0003132996, -0.0001770856
  -42.2157, -0.0002128524, -0.0001767093
  -42.20279, 0.0001881392, -0.00017595603
  -42.20279, -0.0002997472, -0.00017595603
  -42.196335, -0.0002256076, -0.00017557908
  -42.196335, -0.000340803, -0.00017557908
  -42.196335, -8.84892e-05, -0.00017557908
  -42.196335, -0.0002842018, -0.00017557908
  -42.196335, 1.03636e-05, -0.00017557908
  -42.196335, -0.0003097122, -0.00017557908
  -42.196335, -0.0001526638, -0.00017557908
  -42.196335, -3.46782e-05, -0.00017557908
  -42.18988, -0.0002618802, -0.0001752019
  -42.18988, -0.0001610344, -0.0001752019
  -42.18988, -6.53704e-05, -0.0001752019
  -42.18988, 8.53004e-05, -0.0001752019
  -42.183425, 7.49368e-05, -0.00017482451
  -42.183425, -7.41396e-05, -0.00017482451
  -42.183425, -0.0002742368, -0.00017482451
  -42.17697, 1.27552e-05, -0.0001744469
  -42.17697, -0.0001048318, -0.0001744469
  -42.17697, -0.0003200758, -0.0001744469
  -42.17697, -0.00033881, -0.0001744469
  -42.170515, 6.9755e-05, -0.00017406908
  -42.170515, 2.7902e-06, -0.00017406908
  -42.16406, -0.0002355726, -0.00017369103
  -42.157605, -0.0001100136, -0.00017331277
  -42.157605, -0.0001562512, -0.00017331277
  -42.15115, -0.0001351254, -0.00017293429
  -42.144695, -0.0001458876, -0.00017255559
  -42.13824, -8.1713e-05, -0.00017217667
  -42.131785, -0.0001299436, -0.00017179753
  -42.131785, -0.0003172856, -0.00017179753
  -42.11242, -4.94264e-05, -0.0001706588
  -42.09951, -0.0002818102, -0.00016989856
  -42.09951, -0.0001219716, -0.00016989856
  -42.09951, 3.86642e-05, -0.00016989856
  -42.09951, -0.0002407544, -0.00016989856
  -42.09951, -0.0002319852, -0.00016989856
  -42.093055, -0.0003579428, -0.0001695181
  -42.093055, -6.69648e-05, -0.0001695181
  -42.093055, -0.0002562998, -0.0001695181
  -42.093055, -0.0003077192, -0.0001695181
  -42.093055, -0.0002180342, -0.0001695181
  -42.093055, 4.02586e-05, -0.0001695181
  -42.093055, 1.95314e-05, -0.0001695181
  -42.0866, -0.0001072234, -0.00016913743
  -42.0866, -0.0002598872, -0.00016913743
  -42.0866, -9.88528e-05, -0.00016913743
  -42.0866, -0.0001012444, -0.00016913743
  -42.080145, -0.000448425, -0.00016875654
  -42.080145, -0.0002467334, -0.00016875654
  -42.080145, -0.0003830546, -0.00016875654
  -42.080145, -0.0003396072, -0.00016875654
  -42.080145, -0.0003439918, -0.00016875654
  -42.080145, -0.0002096636, -0.00016875654
  -42.080145, -0.0002096636, -0.00016875654
  -42.080145, -0.0003017402, -0.00016875654
  -42.07369, -0.0001702022, -0.00016837542
  -42.07369, -0.000255104, -0.00016837542
  -42.07369, -0.0001442932, -0.00016837542
  -42.07369, -0.0001104122, -0.00016837542
  -42.07369, 2.90978e-05, -0.00016837542
  -42.07369, -0.000115594, -0.00016837542
  -42.07369, -0.0002746354, -0.00016837542
  -42.067235, -0.0001132024, -0.00016799409
  -42.067235, -0.000275034, -0.00016799409
  -42.067235, -0.0001869434, -0.00016799409
  -42.067235, -0.0004575928, -0.00016799409
  -42.067235, -0.0003603344, -0.00016799409
  -42.067235, -0.0001466848, -0.00016799409
  -42.067235, -0.0001327338, -0.00016799409
  -42.067235, -0.0001052304, -0.00016799409
  -42.067235, -6.21816e-05, -0.00016799409
  -42.067235, 0.0001243632, -0.00016799409
  -42.067235, -6.3776e-06, -0.00016799409
  -42.067235, -0.0003364184, -0.00016799409
  -42.067235, -0.0001072234, -0.00016799409
  -42.067235, -0.000121573, -0.00016799409
  -42.06078, -0.0003623274, -0.00016761253
  -42.06078, -0.000340803, -0.00016761253
  -42.06078, -0.0001112094, -0.00016761253
  -42.06078, -0.0001303422, -0.00016761253
  -42.06078, 0.000141503, -0.00016761253
  -42.06078, -0.000233181, -0.00016761253
  -42.06078, -0.0002447404, -0.00016761253
  -42.06078, -2.07272e-05, -0.00016761253
  -42.054325, -0.0003384114, -0.00016723076
  -42.054325, -0.0002606844, -0.00016723076
  -42.054325, -0.0002076706, -0.00016723076
  -42.054325, -0.0002144468, -0.00016723076
  -42.054325, -0.0001745868, -0.00016723076
  -42.054325, -3.02936e-05, -0.00016723076
  -42.054325, -2.86992e-05, -0.00016723076
  -42.054325, -0.000151468, -0.00016723076
  -42.054325, -0.000205279, -0.00016723076
  -42.04787, -0.0001929224, -0.00016684876
  -42.04787, -0.0004137468, -0.00016684876
  -42.04787, -0.0001642232, -0.00016684876
  -42.04787, -0.0002702508, -0.00016684876
  -42.04787, -4.42446e-05, -0.00016684876
  -42.04787, -0.0002822088, -0.00016684876
  -42.04787, -0.0003256562, -0.00016684876
  -42.041415, -8.5699e-05, -0.00016646655
  -42.041415, -0.0002303908, -0.00016646655
  -42.041415, -0.0001949154, -0.00016646655
  -42.041415, -0.0001749854, -0.00016646655
  -42.041415, -0.000117587, -0.00016646655
  -42.041415, -0.0001088178, -0.00016646655
  -42.041415, -0.0002686564, -0.00016646655
  -42.041415, -0.0002076706, -0.00016646655
  -42.041415, -0.0001032374, -0.00016646655
  -42.041415, -0.0001207758, -0.00016646655
  -42.041415, -7.73284e-05, -0.00016646655
  -42.041415, -0.0002686564, -0.00016646655
  -42.03496, -0.000316887, -0.00016608411
  -42.03496, -0.0003336282, -0.00016608411
  -42.03496, -0.0003431946, -0.00016608411
  -42.03496, -5.34124e-05, -0.00016608411
  -42.03496, -0.0002459362, -0.00016608411
  -42.028505, -0.0001598386, -0.00016570145
  -42.028505, -0.0002168384, -0.00016570145
  -42.028505, -5.69998e-05, -0.00016570145
  -42.028505, -7.09508e-05, -0.00016570145
  -42.028505, -0.0004269006, -0.00016570145
  -42.028505, -0.000372691, -0.00016570145
  -42.028505, -0.0003989986, -0.00016570145
  -42.02205, -0.0001797686, -0.00016531857
  -42.02205, -1.55454e-05, -0.00016531857
  -42.02205, -0.0001702022, -0.00016531857
  -42.02205, -0.0003934182, -0.00016531857
  -42.02205, -7.89228e-05, -0.00016531857
  -42.02205, -0.0001299436, -0.00016531857
  -42.02205, -0.0002020902, -0.00016531857
  -42.02205, -0.0001781742, -0.00016531857
  -42.02205, -0.000364719, -0.00016531857
  -42.015595, 0.000111608, -0.00016493547
  -42.015595, 1.7937e-05, -0.00016493547
  -42.015595, -0.0001670134, -0.00016493547
  -42.015595, -3.22866e-05, -0.00016493547
  -42.015595, 0.0001558526, -0.00016493547
  -42.002685, -0.0002523138, -0.0001641686
  -42.002685, -9.80556e-05, -0.0001641686
  -42.002685, 5.34124e-05, -0.0001641686
  -42.002685, -0.0001124052, -0.0001641686
  -41.99623, -8.92864e-05, -0.00016378483
  -41.99623, -0.0004671592, -0.00016378483
  -41.99623, -0.0002503208, -0.00016378483
  -41.99623, -2.71048e-05, -0.00016378483
  -41.99623, -0.0001048318, -0.00016378483
  -41.99623, -0.0001630274, -0.00016378483
  -41.99623, -0.0003762784, -0.00016378483
  -41.989775, -4.30488e-05, -0.00016340084
  -41.989775, -6.01886e-05, -0.00016340084
  -41.98332, -0.0002857962, -0.00016301663
  -41.98332, -0.0001945168, -0.00016301663
  -41.98332, -0.0002718452, -0.00016301663
  -41.976865, -0.0001737896, -0.0001626322
  -41.97041, -0.0003970056, -0.00016224754
  -41.97041, -0.0001721952, -0.00016224754
  -41.97041, -0.000227202, -0.00016224754
  -41.97041, -0.000237167, -0.00016224754
  -41.963955, -4.66362e-05, -0.00016186266
  -41.963955, -0.0002519152, -0.00016186266
  -41.9575, -0.0001777756, -0.00016147756
  -41.9575, -1.3951e-05, -0.00016147756
  -41.94459, 1.63426e-05, -0.00016070668
  -41.94459, -6.53704e-05, -0.00016070668
  -41.93168, -0.000163426, -0.00015993491
  -41.91877, -0.000332831, -0.00015916225
  -41.91877, -0.0002375656, -0.00015916225
  -41.91877, 0.0001271534, -0.00015916225
  -41.912315, -0.0002076706, -0.00015877558
  -41.912315, -3.46782e-05, -0.00015877558
  -41.912315, -0.0002359712, -0.00015877558
  -41.912315, -0.0001263562, -0.00015877558
  -41.899405, -1.83356e-05, -0.00015800157
  -41.899405, -2.75034e-05, -0.00015800157
  -41.88004, -0.0002455376, -0.00015683887
  -41.873585, -0.0001442932, -0.00015645086
  -41.86713, -0.0001000486, -0.00015606262
  -41.86713, 8.49018e-05, -0.00015606262
  -41.85422, -6.49718e-05, -0.00015528546
  -41.834855, -0.0002279992, -0.00015411803
  -41.81549, -0.000267062, -0.00015294856
  -41.81549, -0.000109615, -0.00015294856
  -41.81549, -0.0003958098, -0.00015294856
  -41.80258, -9.1678e-05, -0.00015216779
  -41.77676, -0.0003017402, -0.00015060351
  -41.770305, 7.972e-06, -0.00015021187
  -41.76385, -0.0001271534, -0.00014982001
  -41.744485, -0.0001905308, -0.00014864304
  -41.73803, -0.0001869434, -0.00014825026
  -41.72512, -1.5944e-05, -0.00014746402
  -41.72512, -0.000109615, -0.00014746402
  -41.72512, -7.53354e-05, -0.00014746402
  -41.71221, -0.0003280478, -0.00014667686
  -41.6993, -1.95314e-05, -0.00014588879
  -41.6993, -1.23566e-05, -0.00014588879
  -41.679935, -0.000263076, -0.00014470496
  -41.67348, -0.0002020902, -0.00014430989
  -41.654115, -0.0001283492, -0.00014312329
  -41.641205, 0.000221223, -0.00014233108
  -41.63475, -0.0003125024, -0.00014193463
  -41.602475, -0.00015944, -0.00013994889
  -41.602475, -0.0003615302, -0.00013994889
  -41.576655, -0.0003344254, -0.00013835613
  -41.576655, -0.0001889364, -0.00013835613
  -41.563745, -0.000105629, -0.00013755835
  -41.55729, -0.0003053276, -0.00013715912
  -41.51856, -0.000245139, -0.00013475879
  -41.512105, -2.31188e-05, -0.00013435792
  -41.50565, 8.5699e-05, -0.00013395682
  -41.50565, -0.000149475, -0.00013395682
  -41.47983, -4.46432e-05, -0.00013235005
  -41.473375, -0.000175384, -0.00013194777
  -41.473375, -0.0002818102, -0.00013194777
  -41.473375, -8.84892e-05, -0.00013194777
  -41.46692, 7.65312e-05, -0.00013154526
  -41.42819, -0.0001642232, -0.00012912523
  -41.42819, -0.0001578456, -0.00012912523
  -41.40237, 0.00013951, -0.00012750715
  -41.40237, 4.7832e-06, -0.00012750715
  -41.383005, -8.09158e-05, -0.00012629111
  -41.37655, 4.3846e-05, -0.00012588529
  -41.370095, -0.0001231674, -0.00012547923
  -41.357185, -0.0002439432, -0.0001246664
  -41.344275, -0.0001741882, -0.00012385261
  -41.33782, 5.10208e-05, -0.00012344536
  -41.32491, -0.0002040832, -0.00012263015
  -41.32491, -0.0001690064, -0.00012263015
  -41.312, -0.0002204258, -0.00012181397
  -41.29909, 0.0001486778, -0.00012099685
  -41.28618, -7.93214e-05, -0.00012017876
  -41.27327, -0.00011958, -0.00011935972
  -41.26036, -6.61676e-05, -0.00011853971
  -41.253905, 4.9825e-05, -0.00011812935
  -41.253905, -1.993e-05, -0.00011812935
  -41.253905, -0.000133531, -0.00011812935
  -41.24745, -0.0002543068, -0.00011771874
  -41.23454, -0.0001251604, -0.00011689681
  -41.215175, -4.42446e-05, -0.00011566211
  -41.19581, -8.68948e-05, -0.00011442522
  -41.189355, -0.0002566984, -0.00011401245
  -41.189355, -0.00023916, -0.00011401245
  -41.150625, -9.88528e-05, -0.00011153069
  -41.14417, -0.0001630274, -0.00011111621
  -41.124805, 2.43146e-05, -0.00010987132
  -41.11835, -5.34124e-05, -0.00010945587
  -41.11835, 3.1888e-06, -0.00010945587
  -41.111895, 0.0001032374, -0.00010904017
  -41.111895, -0.0002686564, -0.00010904017
  -41.10544, 5.93914e-05, -0.00010862423
  -41.086075, -0.0003922224, -0.00010737494
  -41.060255, -0.0001000486, -0.0001057058
  -41.060255, -0.000183356, -0.0001057058
  -41.034435, 6.05872e-05, -0.00010403272
  -41.021525, 7.41396e-05, -0.0001031947
  -41.021525, -0.000103636, -0.0001031947
  -41.01507, -0.0001546568, -0.00010277532
  -41.008615, 5.06222e-05, -0.0001023557
  -40.98925, -0.0001666148, -0.00010109535
  -40.982795, -0.0002395586, -0.00010067473
  -40.97634, 2.94964e-05, -0.00010025387
  -40.969885, -6.7762e-05, -9.9832763e-05
  -40.96343, -3.50768e-05, -9.9411407e-05
  -40.956975, 0.000101643, -9.8989802e-05
  -40.956975, -0.0003192786, -9.8989802e-05
  -40.931155, -0.0002897822, -9.73009e-05
  -40.931155, 0.0001048318, -9.73009e-05
  -40.89888, 5.5804e-05, -9.518417e-05
  -40.89888, 9.28738e-05, -9.518417e-05
  -40.892425, -0.0001072234, -9.4760075e-05
  -40.88597, 3.30838e-05, -9.433573e-05
  -40.86015, -0.0001909294, -9.2635849e-05
  -40.86015, -0.0001741882, -9.2635849e-05
  -40.84724, -0.0001331324, -9.1784404e-05
  -40.83433, 8.9685e-05, -9.0931955e-05
  -40.83433, -0.000185349, -9.0931955e-05
  -40.814965, -0.0002762298, -8.9651395e-05
  -40.802055, -0.0001530624, -8.8796429e-05
  -40.802055, -0.0001678106, -8.8796429e-05
  -40.802055, -7.49368e-05, -8.8796429e-05
  -40.776235, -0.0001112094, -8.7083468e-05
  -40.763325, 2.3916e-05, -8.622547e-05
  -40.763325, -5.93914e-05, -8.622547e-05
  -40.75687, -0.000163426, -8.5796092e-05
  -40.737505, -0.0002463348, -8.4506434e-05
  -40.73105, -0.0001562512, -8.4076041e-05
  -40.73105, -5.30138e-05, -8.4076041e-05
  -40.724595, -0.0001419016, -8.3645393e-05
  -40.71814, 0.0002853976, -8.3214491e-05
  -40.71814, -0.0001829574, -8.3214491e-05
  -40.711685, -0.0001781742, -8.2783334e-05
  -40.711685, -0.0002515166, -8.2783334e-05
  -40.69232, -0.0001949154, -8.1488336e-05
  -40.685865, -0.0001008458, -8.105616e-05
  -40.685865, 0.0003419988, -8.105616e-05
  -40.685865, 0.000149475, -8.105616e-05
  -40.672955, -0.0003479778, -8.0191041e-05
  -40.6665, -7.21466e-05, -7.9758099e-05
  -40.6665, -1.67412e-05, -7.9758099e-05
  -40.6665, -0.0001861462, -7.9758099e-05
  -40.660045, -0.0001590414, -7.93249e-05
  -40.65359, -9.32724e-05, -7.8891446e-05
  -40.65359, -1.5944e-06, -7.8891446e-05
  -40.65359, 0.0002188314, -7.8891446e-05
  -40.647135, 0.0001466848, -7.8457735e-05
  -40.647135, -8.3706e-05, -7.8457735e-05
  -40.64068, 5.89928e-05, -7.8023768e-05
  -40.634225, -0.000352761, -7.7589545e-05
  -40.634225, 1.5944e-05, -7.7589545e-05
  -40.634225, -0.0001658176, -7.7589545e-05
  -40.62777, 0.0003702994, -7.7155064e-05
  -40.62777, -0.0003073206, -7.7155064e-05
  -40.621315, -0.000229195, -7.6720327e-05
  -40.61486, 5.1818e-05, -7.6285333e-05
  -40.61486, -0.0001132024, -7.6285333e-05
  -40.608405, -2.94964e-05, -7.5850082e-05
  -40.60195, -1.75384e-05, -7.5414573e-05
  -40.60195, -5.62026e-05, -7.5414573e-05
  -40.60195, -7.01536e-05, -7.5414573e-05
  -40.595495, -1.31538e-05, -7.4978807e-05
  -40.595495, 2.3916e-06, -7.4978807e-05
  -40.595495, -0.0002467334, -7.4978807e-05
  -40.58904, 7.5734e-06, -7.4542783e-05
  -40.56322, -0.0001207758, -7.2796107e-05
  -40.56322, -4.70348e-05, -7.2796107e-05
  -40.556765, -2.7902e-06, -7.2358792e-05
  -40.556765, 0.0001012444, -7.2358792e-05
  -40.556765, -0.0001239646, -7.2358792e-05
  -40.556765, -0.000221223, -7.2358792e-05
  -40.55031, -8.33074e-05, -7.1921219e-05
  -40.543855, 4.5839e-05, -7.1483386e-05
  -40.543855, 0.0002160412, -7.1483386e-05
  -40.5374, -6.93564e-05, -7.1045294e-05
  -40.530945, -0.0003073206, -7.0606944e-05
  -40.52449, 0.0001331324, -7.0168333e-05
  -40.51158, -0.0002363698, -6.9290334e-05
  -40.505125, -5.10208e-05, -6.8850944e-05
  -40.49867, -0.0002315866, -6.8411295e-05
  -40.49867, -0.0001048318, -6.8411295e-05
  -40.48576, -0.0001706008, -6.7531215e-05
  -40.48576, -6.3776e-06, -6.7531215e-05
  -40.48576, 7.65312e-05, -6.7531215e-05
  -40.479305, -8.68948e-05, -6.7090784e-05
  -40.47285, -0.000207272, -6.6650092e-05
  -40.47285, 0.0002467334, -6.6650092e-05
  -40.466395, -0.0002786214, -6.6209139e-05
  -40.45994, 2.15244e-05, -6.5767926e-05
  -40.45994, -0.0002248104, -6.5767926e-05
  -40.453485, -0.000157447, -6.5326451e-05
  -40.44703, -0.000426502, -6.4884714e-05
  -40.440575, -4.54404e-05, -6.4442716e-05
  -40.43412, 4.10558e-05, -6.4000456e-05
  -40.43412, -7.3741e-05, -6.4000456e-05
  -40.427665, -4.7832e-06, -6.3557934e-05
  -40.427665, -0.0001132024, -6.3557934e-05
  -40.42121, -0.0001486778, -6.311515e-05
  -40.414755, 2.47132e-05, -6.2672104e-05
  -40.414755, 0.0002140482, -6.2672104e-05
  -40.414755, 8.80906e-05, -6.2672104e-05
  -40.4083, 0.0002008944, -6.2228795e-05
  -40.401845, 6.81606e-05, -6.1785224e-05
  -40.39539, 0.0001438946, -6.134139e-05
  -40.39539, -8.84892e-05, -6.134139e-05
  -40.376025, -0.0001020416, -6.0008308e-05
  -40.376025, -0.000107622, -6.0008308e-05
  -40.350205, -0.0001706008, -5.8227176e-05
  -40.34375, -0.0001283492, -5.7781233e-05
  -40.337295, 0.0001084192, -5.7335026e-05
  -40.33084, 0.000105629, -5.6888554e-05
  -40.324385, -7.5734e-06, -5.6441817e-05
  -40.324385, -8.01186e-05, -5.6441817e-05
  -40.324385, -7.5734e-05, -5.6441817e-05
  -40.324385, -1.27552e-05, -5.6441817e-05
  -40.31793, -0.000137517, -5.5994816e-05
  -40.31793, -0.0001646218, -5.5994816e-05
  -40.31793, -0.0001064262, -5.5994816e-05
  -40.31793, 2.11258e-05, -5.5994816e-05
  -40.31793, -4.5839e-05, -5.5994816e-05
  -40.311475, -0.0001263562, -5.5547549e-05
  -40.311475, 0.0001825588, -5.5547549e-05
  -40.311475, -3.42796e-05, -5.5547549e-05
  -40.298565, 0.0001080206, -5.465222e-05
  -40.298565, -2.71048e-05, -5.465222e-05
  -40.298565, -6.29788e-05, -5.465222e-05
  -40.298565, -0.0001709994, -5.465222e-05
  -40.298565, -0.0004791172, -5.465222e-05
  -40.298565, 0.000372691, -5.465222e-05
  -40.29211, -0.0001586428, -5.4204157e-05
  -40.29211, 0.000197307, -5.4204157e-05
  -40.29211, -9.44682e-05, -5.4204157e-05
  -40.29211, -0.000107622, -5.4204157e-05
  -40.29211, -0.0002459362, -5.4204157e-05
  -40.29211, -0.0001403072, -5.4204157e-05
  -40.29211, -6.01886e-05, -5.4204157e-05
  -40.29211, 7.93214e-05, -5.4204157e-05
  -40.285655, -1.63426e-05, -5.3755828e-05
  -40.285655, -0.0001339296, -5.3755828e-05
  -40.285655, -0.0002798172, -5.3755828e-05
  -40.285655, -6.09858e-05, -5.3755828e-05
  -40.285655, -0.0001032374, -5.3755828e-05
  -40.285655, -0.0002084678, -5.3755828e-05
  -40.2792, 2.71048e-05, -5.3307234e-05
  -40.2792, 8.88878e-05, -5.3307234e-05
  -40.2792, 3.14894e-05, -5.3307234e-05
  -40.2792, 6.41746e-05, -5.3307234e-05
  -40.2792, -9.5664e-05, -5.3307234e-05
  -40.2792, 2.7902e-05, -5.3307234e-05
  -40.2792, -0.0003710966, -5.3307234e-05
  -40.2792, -0.0001785728, -5.3307234e-05
  -40.2792, -1.27552e-05, -5.3307234e-05
  -40.272745, -9.3671e-05, -5.2858373e-05
  -40.272745, 5.69998e-05, -5.2858373e-05
  -40.272745, 3.22866e-05, -5.2858373e-05
  -40.272745, 3.66712e-05, -5.2858373e-05
  -40.272745, 3.90628e-05, -5.2858373e-05
  -40.272745, 4.62376e-05, -5.2858373e-05
  -40.272745, 0.0001961112, -5.2858373e-05
  -40.272745, -0.0002642718, -5.2858373e-05
  -40.272745, -7.09508e-05, -5.2858373e-05
  -40.272745, -0.000247132, -5.2858373e-05
  -40.272745, -3.5874e-06, -5.2858373e-05
  -40.272745, -4.86292e-05, -5.2858373e-05
  -40.272745, -1.11608e-05, -5.2858373e-05
  -40.26629, -0.0001040346, -5.2409246e-05
  -40.26629, -0.0001120066, -5.2409246e-05
  -40.26629, -0.0001120066, -5.2409246e-05
  -40.26629, -0.0001383142, -5.2409246e-05
  -40.26629, -6.01886e-05, -5.2409246e-05
  -40.259835, -0.0003611316, -5.1959853e-05
  -40.259835, 6.21816e-05, -5.1959853e-05
  -40.259835, -0.000141503, -5.1959853e-05
  -40.259835, -0.0001438946, -5.1959853e-05
  -40.259835, -0.0001761812, -5.1959853e-05
  -40.259835, -0.0001279506, -5.1959853e-05
  -40.259835, -0.0001100136, -5.1959853e-05
  -40.259835, -0.0001407058, -5.1959853e-05
  -40.259835, -0.0001989014, -5.1959853e-05
  -40.25338, 0.0004221174, -5.1510193e-05
  -40.25338, -0.0001343282, -5.1510193e-05
  -40.25338, 0.0001120066, -5.1510193e-05
  -40.25338, -9.3671e-05, -5.1510193e-05
  -40.25338, -0.0001518666, -5.1510193e-05
  -40.25338, -5.54054e-05, -5.1510193e-05
  -40.25338, -0.000175384, -5.1510193e-05
  -40.246925, -1.51468e-05, -5.1060267e-05
  -40.246925, -7.85242e-05, -5.1060267e-05
  -40.246925, -0.0002455376, -5.1060267e-05
  -40.246925, -0.000171398, -5.1060267e-05
  -40.246925, -5.06222e-05, -5.1060267e-05
  -40.246925, 0.0001470834, -5.1060267e-05
  -40.246925, -0.0002838032, -5.1060267e-05
  -40.246925, -0.000109615, -5.1060267e-05
  -40.24047, 7.29438e-05, -5.0610073e-05
  -40.24047, -0.000147482, -5.0610073e-05
  -40.24047, -3.34824e-05, -5.0610073e-05
  -40.24047, -0.0001546568, -5.0610073e-05
  -40.24047, -0.0002307894, -5.0610073e-05
  -40.24047, -0.0001303422, -5.0610073e-05
  -40.234015, -0.0004053762, -5.0159612e-05
  -40.234015, -0.0002136496, -5.0159612e-05
  -40.234015, -6.7762e-06, -5.0159612e-05
  -40.234015, 0.0002547054, -5.0159612e-05
  -40.234015, -0.0001399086, -5.0159612e-05
  -40.234015, -6.05872e-05, -5.0159612e-05
  -40.22756, -0.0002220202, -4.9708884e-05
  -40.22756, 8.88878e-05, -4.9708884e-05
  -40.22756, -0.0001630274, -4.9708884e-05
  -40.22756, 0.0001052304, -4.9708884e-05
  -40.22756, 0.000286992, -4.9708884e-05
  -40.22756, -9.92514e-05, -4.9708884e-05
  -40.22756, 7.41396e-05, -4.9708884e-05
  -40.22756, -0.0001151954, -4.9708884e-05
  -40.22756, -0.0001630274, -4.9708884e-05
  -40.22756, -0.000155454, -4.9708884e-05
  -40.22756, -7.01536e-05, -4.9708884e-05
  -40.221105, -0.0002100622, -4.9257888e-05
  -40.221105, -0.000253111, -4.9257888e-05
  -40.221105, 2.3916e-06, -4.9257888e-05
  -40.221105, -0.0001642232, -4.9257888e-05
  -40.21465, -4.66362e-05, -4.8806625e-05
  -40.21465, -1.71398e-05, -4.8806625e-05
  -40.21465, -9.28738e-05, -4.8806625e-05
  -40.21465, -0.0001606358, -4.8806625e-05
  -40.21465, -0.0001857476, -4.8806625e-05
  -40.20174, 8.45032e-05, -4.7903295e-05
  -40.20174, -7.73284e-05, -4.7903295e-05
  -40.18883, -5.89928e-05, -4.6998893e-05
  -40.18883, 4.14544e-05, -4.6998893e-05
  -40.182375, -0.000209265, -4.6546289e-05
  -40.182375, 7.65312e-05, -4.6546289e-05
  -40.17592, -0.0002638732, -4.6093416e-05
  -40.17592, 0.000109615, -4.6093416e-05
  -40.169465, -6.93564e-05, -4.5640274e-05
  -40.16301, 9.00836e-05, -4.5186864e-05
  -40.16301, 0.0001558526, -4.5186864e-05
  -40.156555, -6.21816e-05, -4.4733184e-05
  -40.1501, 3.02936e-05, -4.4279235e-05
  -40.143645, 0.0001706008, -4.3825016e-05
  -40.143645, -1.63426e-05, -4.3825016e-05
  -40.13719, -2.94964e-05, -4.3370528e-05
  -40.130735, 5.14194e-05, -4.2915769e-05
  -40.130735, -0.000211258, -4.2915769e-05
  -40.117825, -8.60976e-05, -4.2005442e-05
  -40.117825, -0.0001287478, -4.2005442e-05
  -40.11137, -0.0002447404, -4.1549873e-05
  -40.11137, -0.0002148454, -4.1549873e-05
  -40.104915, -0.0001311394, -4.1094033e-05
  -40.092005, 6.33774e-05, -4.0181542e-05
  -40.08555, -4.5839e-05, -3.9724889e-05
  -40.079095, -0.0001199786, -3.9267965e-05
  -40.079095, -0.0002016916, -3.9267965e-05
  -40.07264, -0.000167412, -3.881077e-05
  -40.066185, -3.66712e-05, -3.8353303e-05
  -40.053275, -0.0001498736, -3.7437554e-05
  -40.053275, 0.0001993, -3.7437554e-05
  -40.053275, -0.0001247618, -3.7437554e-05
  -40.021, -5.979e-06, -3.5143415e-05
  -40.014545, -0.000175384, -3.4683769e-05
  -40.00809, -0.0001610344, -3.4223849e-05
  -40.00809, 0.0001686078, -3.4223849e-05
  -40.00809, 8.64962e-05, -3.4223849e-05
  -40.001635, 3.02936e-05, -3.3763657e-05
  -39.99518, 0.0001546568, -3.330319e-05
  -39.98227, -0.0002080692, -3.2381436e-05
  -39.96936, 6.25802e-05, -3.1458586e-05
  -39.96936, -6.29788e-05, -3.1458586e-05
  -39.96936, 0.0003240618, -3.1458586e-05
  -39.95645, -5.46082e-05, -3.0534638e-05
  -39.94354, -0.0001307408, -2.9609591e-05
  -39.937085, -0.0002997472, -2.9146655e-05
  -39.91772, 1.71398e-05, -2.7756194e-05
  -39.911265, 2.47132e-05, -2.7292156e-05
  -39.911265, 0.0001319366, -2.7292156e-05
  -39.898355, -0.000107622, -2.6363251e-05
  -39.8919, -0.0001367198, -2.5898384e-05
  -39.8919, -0.0001112094, -2.5898384e-05
  -39.8919, 1.95314e-05, -2.5898384e-05
  -39.885445, -4.5839e-05, -2.5433241e-05
  -39.885445, 0.000111608, -2.5433241e-05
  -39.885445, 0.000181363, -2.5433241e-05
  -39.87899, -0.0002483278, -2.4967821e-05
  -39.87899, 0.0002144468, -2.4967821e-05
  -39.85317, -8.80906e-05, -2.3103371e-05
  -39.846715, -9.44682e-05, -2.2636564e-05
  -39.833805, -0.0001247618, -2.1702119e-05
  -39.807985, -6.49718e-05, -1.9829889e-05
  -39.80153, 4.06572e-05, -1.9361135e-05
  -39.795075, 6.3776e-05, -1.8892102e-05
  -39.795075, 0.000203286, -1.8892102e-05
  -39.78862, 0.0001403072, -1.842279e-05
  -39.78862, 6.53704e-05, -1.842279e-05
  -39.782165, 0.000267062, -1.7953199e-05
  -39.77571, 5.02236e-05, -1.7483328e-05
  -39.77571, 5.7797e-05, -1.7483328e-05
  -39.769255, 0.0001243632, -1.7013177e-05
  -39.769255, 2.11258e-05, -1.7013177e-05
  -39.769255, -4.86292e-05, -1.7013177e-05
  -39.7628, 0.0003675092, -1.6542747e-05
  -39.743435, 0.00025909, -1.5129774e-05
  -39.730525, -0.000141503, -1.418639e-05
  -39.730525, -6.21816e-05, -1.418639e-05
  -39.72407, -0.000308915, -1.3714277e-05
  -39.717615, -0.0003132996, -1.3241883e-05
  -39.704705, -0.0001562512, -1.229625e-05
  -39.704705, 0.0002160412, -1.229625e-05
  -39.69825, -7.972e-06, -1.1823012e-05
  -39.691795, -2.83006e-05, -1.1349491e-05
  -39.691795, 0.0003643204, -1.1349491e-05
  -39.68534, -0.0001905308, -1.0875689e-05
  -39.678885, -0.0003503694, -1.0401605e-05
  -39.640155, 0.0001008458, -7.551163e-06
  -39.640155, -0.0001068248, -7.551163e-06
  -39.640155, -0.0001602372, -7.551163e-06
  -39.62079, -6.9755e-05, -6.1221191e-06
  -39.62079, 9.72584e-05, -6.1221191e-06
  -39.60788, -5.42096e-05, -5.1680039e-06
  -39.60788, -2.31188e-05, -5.1680039e-06
  -39.588515, 0.0001339296, -3.7346989e-06
  -39.588515, -2.15244e-05, -3.7346989e-06
  -39.588515, -9.965e-06, -3.7346989e-06
  -39.56915, 6.73634e-05, -2.2988308e-06
  -39.55624, -7.69298e-05, -1.3401592e-06
  -39.54333, -3.3881e-05, -3.8034487e-07
  -39.536875, 2.7902e-06, 9.9991229e-08
  -39.536875, 3.7867e-05, 9.9991229e-08
  -39.53042, 7.65312e-05, 5.8061352e-07
  -39.53042, 9.48668e-05, 5.8061352e-07
  -39.523965, -1.27552e-05, 1.0615222e-06
  -39.523965, -4.14544e-05, 1.0615222e-06
  -39.523965, 0.0001128038, 1.0615222e-06
  -39.523965, -1.91328e-05, 1.0615222e-06
  -39.51751, 0.000125559, 1.5427174e-06
  -39.51751, 7.69298e-05, 1.5427174e-06
  -39.51751, 0.0002678592, 1.5427174e-06
  -39.511055, 0.0002216216, 2.0241993e-06
  -39.5046, 0.0001486778, 2.5059682e-06
  -39.498145, 0.0004886836, 2.9880241e-06
  -39.498145, 0.0002642718, 2.9880241e-06
  -39.49169, -0.000137517, 3.4703673e-06
  -39.49169, 0.0001379156, 3.4703673e-06
  -39.485235, -7.45382e-05, 3.9529979e-06
  -39.47878, -0.0001044332, 4.4359162e-06
  -39.459415, 0.0003121038, 5.8863983e-06
  -39.459415, -6.81606e-05, 5.8863983e-06
  -39.433595, 9.5664e-06, 7.8244118e-06
  -39.42714, -0.0001725938, 8.3096373e-06
  -39.42714, -0.0001060276, 8.3096373e-06
  -39.42714, 2.1923e-05, 8.3096373e-06
  -39.407775, 0.000129545, 9.7670498e-06
  -39.407775, 0.0001247618, 9.7670498e-06
  -39.407775, -0.0001446918, 9.7670498e-06
  -39.407775, 0.0001403072, 9.7670498e-06
  -39.40132, 0.0002698522, 1.0253433e-05
  -39.38841, -0.0001231674, 1.122707e-05
  -39.369045, -0.0001219716, 1.2689703e-05
  -39.356135, 5.5804e-06, 1.3666245e-05
  -39.34968, -0.0002343768, 1.4154952e-05
  -39.34968, 4.54404e-05, 1.4154952e-05
  -39.33677, -9.60626e-05, 1.5133242e-05
  -39.330315, 1.91328e-05, 1.5622824e-05
  -39.330315, -0.000123566, 1.5622824e-05
  -39.330315, -6.29788e-05, 1.5622824e-05
  -39.32386, 0.0001957126, 1.6112699e-05
  -39.32386, 7.61326e-05, 1.6112699e-05
  -39.304495, 2.11258e-05, 1.7584074e-05
  -39.304495, 0.000233181, 1.7584074e-05
  -39.29804, 0.0003132996, 1.8075117e-05
  -39.29804, 0.0001582442, 1.8075117e-05
  -39.29804, -8.41046e-05, 1.8075117e-05
  -39.291585, 1.55454e-05, 1.8566454e-05
  -39.291585, 4.22516e-05, 1.8566454e-05
  -39.291585, -8.72934e-05, 1.8566454e-05
  -39.291585, 0.0002276006, 1.8566454e-05
  -39.28513, -0.00029895, 1.9058083e-05
  -39.28513, 0.0001104122, 1.9058083e-05
  -39.278675, 0.000181363, 1.9550005e-05
  -39.265765, -0.0001686078, 2.0534729e-05
  -39.2464, -9.68598e-05, 2.2014019e-05
  -39.239945, -1.31538e-05, 2.2507704e-05
  -39.23349, 3.06922e-05, 2.3001683e-05
  -39.227035, 0.0001602372, 2.3495956e-05
  -39.22058, -4.10558e-05, 2.3990525e-05
  -39.22058, 3.22866e-05, 2.3990525e-05
  -39.22058, -0.0002335796, 2.3990525e-05
  -39.22058, 0.0003160898, 2.3990525e-05
  -39.214125, -6.01886e-05, 2.4485388e-05
  -39.214125, 0.0002108594, 2.4485388e-05
  -39.20767, -0.0001622302, 2.4980546e-05
  -39.201215, 1.23566e-05, 2.5476e-05
  -39.201215, -3.14894e-05, 2.5476e-05
  -39.19476, -5.14194e-05, 2.5971749e-05
  -39.188305, 0.0003280478, 2.6467793e-05
  -39.188305, -5.02236e-05, 2.6467793e-05
  -39.18185, -7.41396e-05, 2.6964134e-05
  -39.162485, 1.15594e-05, 2.8454931e-05
  -39.15603, -0.0001941182, 2.8952457e-05
  -39.149575, -0.0001167898, 2.9450279e-05
  -39.14312, 0.000115594, 2.9948397e-05
  -39.14312, 2.63076e-05, 2.9948397e-05
  -39.14312, 0.0003439918, 2.9948397e-05
  -39.136665, -0.0002519152, 3.0446813e-05
  -39.136665, 2.11258e-05, 3.0446813e-05
  -39.13021, 0.0002200272, 3.0945526e-05
  -39.13021, 0.0003404044, 3.0945526e-05
  -39.123755, -1.11608e-05, 3.1444537e-05
  -39.123755, 0.0002248104, 3.1444537e-05
  -39.110845, 0.0001024402, 3.2443451e-05
  -39.110845, 7.05522e-05, 3.2443451e-05
  -39.09148, -3.54754e-05, 3.3944057e-05
  -39.07857, 0.0001411044, 3.4945952e-05
  -39.072115, 7.53354e-05, 3.5447349e-05
  -39.059205, -3.06922e-05, 3.6451038e-05
  -39.05275, -0.0001167898, 3.6953332e-05
  -39.05275, -9.92514e-05, 3.6953332e-05
  -39.046295, -3.54754e-05, 3.7455925e-05
  -39.03984, 9.5664e-05, 3.7958818e-05
  -39.007565, -6.89578e-05, 4.0477784e-05
  -39.007565, 0.0002443418, 4.0477784e-05
  -39.00111, -0.0001219716, 4.0982479e-05
  -38.9882, 0.0002004958, 4.1992772e-05
  -38.9882, -7.45382e-05, 4.1992772e-05
  -38.97529, -8.64962e-05, 4.300427e-05
  -38.955925, -6.5769e-05, 4.4523781e-05
  -38.92365, -8.3706e-06, 4.7062345e-05
  -38.92365, -0.0001646218, 4.7062345e-05
  -38.91074, 1.83356e-05, 4.8079892e-05
  -38.89783, 7.13494e-05, 4.9098652e-05
  -38.891375, 6.21816e-05, 4.9608488e-05
  -38.88492, 0.0003762784, 5.0118628e-05
  -38.88492, 1.993e-06, 5.0118628e-05
  -38.878465, 0.0001841532, 5.0629072e-05
  -38.865555, 0.0002104608, 5.1650873e-05
  -38.852645, 0.0002459362, 5.2673893e-05
  -38.84619, -1.03636e-05, 5.3185861e-05
  -38.826825, -1.15594e-05, 5.4723596e-05
  -38.82037, 2.23216e-05, 5.5236786e-05
  -38.82037, 7.13494e-05, 5.5236786e-05
  -38.82037, 6.65662e-05, 5.5236786e-05
  -38.801005, -6.13844e-05, 5.6778192e-05
  -38.788095, -0.0001957126, 5.7807328e-05
  -38.78164, 2.3916e-06, 5.8322356e-05
  -38.76873, 0.0003539568, 5.9353334e-05
  -38.749365, -0.0001510694, 6.0902107e-05
  -38.736455, -7.81256e-05, 6.1936162e-05
  -38.723545, 7.21466e-05, 6.2971451e-05
  -38.71709, -6.89578e-05, 6.3489558e-05
  -38.70418, -8.84892e-05, 6.4526698e-05
  -38.697725, -0.0001231674, 6.5045733e-05
  -38.66545, 0.0002180342, 6.7645548e-05
  -38.65254, 9.60626e-05, 6.8687644e-05
  -38.633175, -0.00021923, 7.025312e-05
  -38.633175, -2.51118e-05, 7.025312e-05
  -38.620265, 3.986e-05, 7.1298326e-05
  -38.61381, -9.7657e-05, 7.1821396e-05
  -38.6009, 9.28738e-05, 7.2868472e-05
  -38.6009, 5.81956e-05, 7.2868472e-05
  -38.58799, 0.0001877406, 7.3916796e-05
  -38.58799, 6.33774e-05, 7.3916796e-05
  -38.57508, 4.10558e-05, 7.496637e-05
  -38.568625, 0.0002861948, 7.5491626e-05
  -38.56217, 0.000169405, 7.6017195e-05
  -38.56217, -3.54754e-05, 7.6017195e-05
  -38.555715, 0.0001466848, 7.6543077e-05
  -38.54926, 0.000121573, 7.7069272e-05
  -38.54926, 0.000243146, 7.7069272e-05
  -38.54926, -1.63426e-05, 7.7069272e-05
  -38.54926, 0.0003256562, 7.7069272e-05
  -38.53635, 0.0002547054, 7.8122604e-05
  -38.53635, 0.0001510694, 7.8122604e-05
  -38.52344, -7.5734e-06, 7.9177191e-05
  -38.491165, -0.0002698522, 8.1819162e-05
  -38.478255, 6.61676e-05, 8.2878155e-05
  -38.4718, -0.0002287964, 8.3408124e-05
  -38.452435, -0.0002256076, 8.4999928e-05
  -38.44598, 0.0003419988, 8.5531161e-05
  -38.44598, 3.82656e-05, 8.5531161e-05
  -38.44598, 0.0001925238, 8.5531161e-05
  -38.439525, 3.66712e-05, 8.6062711e-05
  -38.439525, 0.0002455376, 8.6062711e-05
  -38.439525, 0.0001717966, 8.6062711e-05
  -38.426615, 0.0002626774, 8.712676e-05
  -38.426615, 0.0002459362, 8.712676e-05
  -38.426615, 0.0001805658, 8.712676e-05
  -38.426615, 0.0001566498, 8.712676e-05
  -38.413705, 0.0001682092, 8.8192077e-05
  -38.413705, 0.0001419016, 8.8192077e-05
  -38.413705, 8.68948e-05, 8.8192077e-05
  -38.40725, 0.000233181, 8.8725211e-05
  -38.40725, 1.67412e-05, 8.8725211e-05
  -38.400795, 0.0001769784, 8.9258663e-05
  -38.38143, -1.75384e-05, 9.0860925e-05
  -38.374975, 2.35174e-05, 9.1395649e-05
  -38.374975, 6.45732e-05, 9.1395649e-05
  -38.36852, 7.73284e-05, 9.1930691e-05
  -38.36852, 0.0001040346, 9.1930691e-05
  -38.36852, -4.86292e-05, 9.1930691e-05
  -38.36852, 0.0001207758, 9.1930691e-05
  -38.362065, -0.0001965098, 9.2466051e-05
  -38.362065, 0.0001303422, 9.2466051e-05
  -38.35561, 0.000384649, 9.300173e-05
  -38.349155, 0.0002742368, 9.3537728e-05
  -38.349155, 0.0004571942, 9.3537728e-05
  -38.349155, 0.0002634746, 9.3537728e-05
  -38.349155, 1.35524e-05, 9.3537728e-05
  -38.3427, 0.0001450904, 9.4074045e-05
  -38.3427, 4.82306e-05, 9.4074045e-05
  -38.336245, -0.0002706494, 9.4610682e-05
  -38.32979, 0.0001785728, 9.5147637e-05
  -38.323335, 0.0002853976, 9.5684913e-05
  -38.323335, 0.0001706008, 9.5684913e-05
  -38.31688, 0.000344789, 9.6222508e-05
  -38.31688, 0.0002164398, 9.6222508e-05
  -38.31688, 0.0001367198, 9.6222508e-05
  -38.310425, 3.5874e-06, 9.6760423e-05
  -38.310425, 0.0001124052, 9.6760423e-05
  -38.310425, 0.0002527124, 9.6760423e-05
  -38.310425, 0.000257097, 9.6760423e-05
  -38.310425, -1.51468e-05, 9.6760423e-05
  -38.310425, 2.27202e-05, 9.6760423e-05
  -38.310425, 0.0002873906, 9.6760423e-05
  -38.30397, 0.0001407058, 9.7298659e-05
  -38.30397, 0.0002415516, 9.7298659e-05
  -38.30397, 0.0001323352, 9.7298659e-05
  -38.30397, 0.0001171884, 9.7298659e-05
  -38.30397, 0.0001191814, 9.7298659e-05
  -38.30397, -3.986e-05, 9.7298659e-05
  -38.30397, 0.0001482792, 9.7298659e-05
  -38.30397, 0.0003360198, 9.7298659e-05
  -38.297515, 0.0003065234, 9.7837214e-05
  -38.297515, -1.993e-05, 9.7837214e-05
  -38.29106, 0.0002646704, 9.8376091e-05
  -38.29106, 0.00023916, 9.8376091e-05
  -38.29106, 0.0003714952, 9.8376091e-05
  -38.29106, 0.000109615, 9.8376091e-05
  -38.27815, 0.0002276006, 9.9454805e-05
  -38.27815, 5.1818e-05, 9.9454805e-05
  -38.26524, 0.0002283978, 0.0001005348
  -38.258785, 9.5664e-06, 0.00010107529
  -38.258785, 9.7657e-05, 0.00010107529
  -38.25233, 0.0003423974, 0.00010161609
  -38.25233, 1.87342e-05, 0.00010161609
  -38.245875, 5.3811e-05, 0.00010215721
  -38.245875, 0.0003910266, 0.00010215721
  -38.245875, 1.11608e-05, 0.00010215721
  -38.23942, 0.0001147968, 0.00010269866
  -38.23942, -0.0001080206, 0.00010269866
  -38.23942, 0.0001060276, 0.00010269866
  -38.23942, 0.0001379156, 0.00010269866
  -38.23942, 0.0001805658, 0.00010269866
  -38.23942, -8.7692e-06, 0.00010269866
  -38.232965, 9.5664e-05, 0.00010324043
  -38.232965, 8.3706e-05, 0.00010324043
  -38.232965, 1.83356e-05, 0.00010324043
  -38.232965, 6.41746e-05, 0.00010324043
  -38.232965, -4.7832e-06, 0.00010324043
  -38.22651, 9.20766e-05, 0.00010378252
  -38.22651, 0.0001666148, 0.00010378252
  -38.22651, 0.0001666148, 0.00010378252
  -38.22651, -3.02936e-05, 0.00010378252
  -38.22651, 0.0002048804, 0.00010378252
  -38.220055, 0.0001598386, 0.00010432493
  -38.220055, 5.50068e-05, 0.00010432493
  -38.220055, -8.21116e-05, 0.00010432493
  -38.2136, -0.0001678106, 0.00010486767
  -38.2136, 0.000231188, 0.00010486767
  -38.207145, 0.000155454, 0.00010541073
  -38.207145, -9.44682e-05, 0.00010541073
  -38.207145, 0.0001961112, 0.00010541073
  -38.20069, -3.22866e-05, 0.00010595411
  -38.20069, 0.0001251604, 0.00010595411
  -38.20069, -7.65312e-05, 0.00010595411
  -38.20069, 5.42096e-05, 0.00010595411
  -38.20069, 0.0002694536, 0.00010595411
  -38.20069, 0.0002088664, 0.00010595411
  -38.20069, 4.66362e-05, 0.00010595411
  -38.20069, -0.0001430974, 0.00010595411
  -38.20069, 0.0002228174, 0.00010595411
  -38.20069, 0.000336817, 0.00010595411
  -38.20069, 0.0002626774, 0.00010595411
  -38.20069, -5.54054e-05, 0.00010595411
  -38.20069, -0.0001725938, 0.00010595411
  -38.194235, 3.3881e-05, 0.00010649782
  -38.194235, 0.0001283492, 0.00010649782
  -38.194235, 5.7797e-05, 0.00010649782
  -38.18778, -5.85942e-05, 0.00010704185
  -38.18778, 0.0002877892, 0.00010704185
  -38.18778, 7.01536e-05, 0.00010704185
  -38.18778, 0.0005038304, 0.00010704185
  -38.18778, 0.0002044818, 0.00010704185
  -38.18778, 0.0001506708, 0.00010704185
  -38.18778, 0.0002973556, 0.00010704185
  -38.18778, 0.0001741882, 0.00010704185
  -38.18778, 0.000233181, 0.00010704185
  -38.181325, -0.0002826074, 0.0001075862
  -38.181325, 5.34124e-05, 0.0001075862
  -38.181325, 2.07272e-05, 0.0001075862
  -38.181325, 0.0003459848, 0.0001075862
  -38.181325, 0.000105629, 0.0001075862
  -38.181325, -3.10908e-05, 0.0001075862
  -38.181325, -0.000141503, 0.0001075862
  -38.181325, -0.0002268034, 0.0001075862
  -38.181325, -0.0001781742, 0.0001075862
  -38.181325, 7.21466e-05, 0.0001075862
  -38.181325, 0.0001151954, 0.0001075862
  -38.17487, 0.0001765798, 0.00010813087
  -38.17487, 6.3776e-06, 0.00010813087
  -38.17487, 0.0001132024, 0.00010813087
  -38.17487, 2.90978e-05, 0.00010813087
  -38.17487, 0.000249125, 0.00010813087
  -38.17487, 0.0003651176, 0.00010813087
  -38.17487, 7.3741e-05, 0.00010813087
  -38.17487, 0.0002515166, 0.00010813087
  -38.17487, 0.0003332296, 0.00010813087
  -38.168415, -0.0002168384, 0.00010867588
  -38.168415, 0.0001450904, 0.00010867588
  -38.168415, 2.11258e-05, 0.00010867588
  -38.168415, 0.0002200272, 0.00010867588
  -38.168415, 4.90278e-05, 0.00010867588
  -38.168415, 0.000185349, 0.00010867588
  -38.16196, -1.993e-06, 0.0001092212
  -38.16196, -7.33424e-05, 0.0001092212
  -38.16196, 0.0002487264, 0.0001092212
  -38.16196, -0.0001104122, 0.0001092212
  -38.16196, 0.0001881392, 0.0001092212
  -38.16196, 0.0001885378, 0.0001092212
  -38.155505, 6.21816e-05, 0.00010976685
  -38.155505, 5.66012e-05, 0.00010976685
  -38.155505, 9.84542e-05, 0.00010976685
  -38.155505, 0.000155454, 0.00010976685
  -38.14905, 5.42096e-05, 0.00011031282
  -38.14905, -0.0001351254, 0.00011031282
  -38.14905, 0.0002204258, 0.00011031282
  -38.14905, 9.1678e-05, 0.00011031282
  -38.142595, 1.15594e-05, 0.00011085912
  -38.142595, 0.0001506708, 0.00011085912
  -38.142595, 9.40696e-05, 0.00011085912
  -38.142595, 0.000205279, 0.00011085912
  -38.142595, -4.26502e-05, 0.00011085912
  -38.13614, -0.0002100622, 0.00011140574
  -38.13614, 8.05172e-05, 0.00011140574
  -38.129685, 0.0003655162, 0.00011195269
  -38.129685, 0.0003017402, 0.00011195269
  -38.116775, 0.0003160898, 0.00011304756
  -38.09741, 0.0003396072, 0.00011469231
  -38.090955, -4.5839e-05, 0.00011524121
  -38.090955, 0.0001108108, 0.00011524121
  -38.0845, 2.31188e-05, 0.00011579043
  -38.0845, -1.993e-05, 0.00011579043
  -38.0845, 5.54054e-05, 0.00011579043
  -38.0845, -2.7902e-06, 0.00011579043
  -38.0845, 0.0001379156, 0.00011579043
  -38.0845, 0.0001008458, 0.00011579043
  -38.078045, 0.0001542582, 0.00011633999
  -38.078045, 0.000281013, 0.00011633999
  -38.078045, -2.7902e-06, 0.00011633999
  -38.078045, -0.0001682092, 0.00011633999
  -38.07159, 0.0001558526, 0.00011688987
  -38.07159, 0.0001578456, 0.00011688987
  -38.07159, 0.0002204258, 0.00011688987
  -38.07159, 5.979e-06, 0.00011688987
  -38.07159, 1.993e-06, 0.00011688987
  -38.07159, 8.5699e-05, 0.00011688987
  -38.065135, 0.0001104122, 0.00011744008
  -38.065135, 0.000107622, 0.00011744008
  -38.065135, 7.69298e-05, 0.00011744008
  -38.065135, -0.0001052304, 0.00011744008
  -38.05868, 7.01536e-05, 0.00011799061
  -38.05868, -1.993e-05, 0.00011799061
  -38.05868, -0.0001945168, 0.00011799061
  -38.05868, -2.23216e-05, 0.00011799061
  -38.05868, -0.0001084192, 0.00011799061
  -38.05868, 0.0003499708, 0.00011799061
  -38.05868, 4.10558e-05, 0.00011799061
  -38.052225, 9.72584e-05, 0.00011854147
  -38.052225, 0.0001709994, 0.00011854147
  -38.04577, 8.29088e-05, 0.00011909266
  -38.04577, -4.30488e-05, 0.00011909266
  -38.03286, 0.000169405, 0.00012019602
  -38.03286, 4.54404e-05, 0.00012019602
  -38.03286, 0.0001399086, 0.00012019602
  -38.026405, 5.93914e-05, 0.00012074819
  -38.01995, 0.0001570484, 0.00012130069
  -38.01995, 9.20766e-05, 0.00012130069
  -38.01995, 0.0002303908, 0.00012130069
  -38.01995, -0.0001319366, 0.00012130069
  -38.013495, 0.0003392086, 0.00012185352
  -38.013495, 0.0001817616, 0.00012185352
  -38.00704, 0.0001949154, 0.00012240668
  -38.00704, 5.06222e-05, 0.00012240668
  -38.00704, 2.67062e-05, 0.00012240668
  -38.00704, 5.73984e-05, 0.00012240668
  -38.00704, 0.000290978, 0.00012240668
  -38.000585, 0.0003033346, 0.00012296016
  -37.99413, 5.5804e-05, 0.00012351397
  -37.99413, -0.0001367198, 0.00012351397
  -37.987675, 0.0003938168, 0.00012406812
  -37.98122, 0.0003144954, 0.00012462259
  -37.98122, -5.06222e-05, 0.00012462259
  -37.98122, 3.3881e-05, 0.00012462259
  -37.98122, 0.0002842018, 0.00012462259
  -37.974765, -0.0001498736, 0.00012517739
  -37.974765, 1.5944e-05, 0.00012517739
  -37.974765, -3.986e-06, 0.00012517739
  -37.961855, 0.0003862434, 0.00012628798
  -37.9554, 6.13844e-05, 0.00012684377
  -37.9554, -0.0001490764, 0.00012684377
  -37.948945, -0.0001367198, 0.00012739989
  -37.948945, 0.0002877892, 0.00012739989
  -37.94249, -5.69998e-05, 0.00012795634
  -37.94249, 4.7832e-05, 0.00012795634
  -37.936035, -7.69298e-05, 0.00012851312
  -37.936035, -9.32724e-05, 0.00012851312
  -37.936035, -0.0001817616, 0.00012851312
  -37.936035, -5.66012e-05, 0.00012851312
  -37.92958, 0.0001399086, 0.00012907023
  -37.92958, 8.84892e-05, 0.00012907023
  -37.91667, 0.0001530624, 0.00013018545
  -37.91667, -0.0001610344, 0.00013018545
  -37.90376, 0.0002519152, 0.00013130198
  -37.90376, 0.0001044332, 0.00013130198
  -37.897305, 3.30838e-05, 0.00013186075
  -37.897305, 0.0001789714, 0.00013186075
  -37.884395, 0.0001929224, 0.00013297928
  -37.884395, 5.02236e-05, 0.00013297928
  -37.87794, 0.0001761812, 0.00013353904
  -37.871485, 0.0003372156, 0.00013409913
  -37.86503, -0.0001247618, 0.00013465956
  -37.85212, 0.000255104, 0.00013578141
  -37.845665, 0.0001757826, 0.00013634283
  -37.845665, 0.0003344254, 0.00013634283
  -37.83921, -7.81256e-05, 0.00013690459
  -37.832755, 0.0003316352, 0.00013746668
  -37.8263, 0.0001403072, 0.00013802911
  -37.81339, 0.0003523624, 0.00013915495
  -37.806935, 0.0001985028, 0.00013971838
  -37.806935, 6.61676e-05, 0.00013971838
  -37.806935, 0.0003531596, 0.00013971838
  -37.80048, 0.000432481, 0.00014028214
  -37.794025, 0.0004077678, 0.00014084623
  -37.794025, 1.27552e-05, 0.00014084623
  -37.78757, 0.0002335796, 0.00014141066
  -37.781115, 0.0002335796, 0.00014197542
  -37.781115, 0.000472341, 0.00014197542
  -37.781115, 0.000207272, 0.00014197542
  -37.781115, 0.0003053276, 0.00014197542
  -37.77466, 0.0001825588, 0.00014254052
  -37.768205, 0.0001550554, 0.00014310595
  -37.768205, -1.1958e-06, 0.00014310595
  -37.73593, 0.0003204744, 0.00014593815
  -37.729475, 2.43146e-05, 0.00014650559
  -37.716565, 9.08808e-05, 0.00014764149
  -37.690745, 0.0002977542, 0.00014991733
  -37.67138, -0.000135524, 0.00015162776
  -37.67138, 4.94264e-05, 0.00015162776
  -37.652015, 0.0001921252, 0.00015334122
  -37.652015, 2.47132e-05, 0.00015334122
  -37.63265, -7.5734e-06, 0.00015505773
  -37.626195, 0.0003053276, 0.00015563058
  -37.61974, 0.0002060762, 0.00015620376
  -37.61974, 2.51118e-05, 0.00015620376
  -37.587465, 9.52654e-05, 0.00015907479
  -37.587465, 0.0001124052, 0.00015907479
  -37.561645, 0.0001183842, 0.00016137773
  -37.55519, 2.03286e-05, 0.00016195431
  -37.548735, 0.000516187, 0.00016253124
  -37.54228, 7.29438e-05, 0.00016310851
  -37.54228, 2.55104e-05, 0.00016310851
  -37.51646, -3.1888e-06, 0.000165421
  -37.49064, -7.5734e-06, 0.00016773896
  -37.471275, -3.7867e-05, 0.00016948104
  -37.471275, 0.0001163912, 0.00016948104
  -37.439, 0.0001458876, 0.00017239136
  -37.439, 3.46782e-05, 0.00017239136
  -37.439, 0.000151468, 0.00017239136
  -37.432545, 0.0002642718, 0.00017297445
  -37.42609, 8.33074e-05, 0.00017355789
  -37.42609, 0.0001686078, 0.00017355789
  -37.42609, 0.000205279, 0.00017355789
  -37.419635, 0.0002694536, 0.00017414168
  -37.41318, 0.0002678592, 0.00017472581
  -37.41318, 0.0002702508, 0.00017472581
  -37.406725, 0.0001319366, 0.00017531028
  -37.40027, 0.00027902, 0.0001758951
  -37.40027, 0.0004831032, 0.0001758951
  -37.40027, 4.46432e-05, 0.0001758951
  -37.393815, 0.0001666148, 0.00017648027
  -37.393815, 0.0003810616, 0.00017648027
  -37.393815, 0.0003611316, 0.00017648027
  -37.393815, 0.0001925238, 0.00017648027
  -37.38736, -2.67062e-05, 0.00017706578
  -37.380905, 0.000653704, 0.00017765163
  -37.380905, 0.0003878378, 0.00017765163
  -37.380905, 7.01536e-05, 0.00017765163
  -37.380905, 0.0002566984, 0.00017765163
  -37.380905, -9.12794e-05, 0.00017765163
  -37.380905, 0.0001849504, 0.00017765163
  -37.367995, 0.0002523138, 0.00017882438
  -37.367995, 6.89578e-05, 0.00017882438
  -37.36154, 0.0003702994, 0.00017941128
  -37.355085, -6.45732e-05, 0.00017999852
  -37.342175, 0.0002455376, 0.00018117404
  -37.33572, 0.0003794672, 0.00018176232
  -37.329265, 0.0004488236, 0.00018235094
  -37.329265, 0.0002084678, 0.00018235094
  -37.32281, 0.000635767, 0.00018293992
  -37.32281, 0.0001203772, 0.00018293992
  -37.32281, 0.0001993, 0.00018293992
  -37.32281, 1.35524e-05, 0.00018293992
  -37.32281, 0.0003356212, 0.00018293992
  -37.3099, 2.75034e-05, 0.00018411891
  -37.3099, 6.7762e-06, 0.00018411891
  -37.303445, 4.70348e-05, 0.00018470892
  -37.303445, 0.0002080692, 0.00018470892
  -37.303445, 0.0003934182, 0.00018470892
  -37.29699, 0.0001287478, 0.00018529929
  -37.29699, -3.30838e-05, 0.00018529929
  -37.290535, 0.0002435446, 0.00018589
  -37.277625, 4.34474e-05, 0.00018707247
  -37.27117, -0.0001139996, 0.00018766423
  -37.27117, 0.0006752284, 0.00018766423
  -37.264715, 0.0002634746, 0.00018825633
  -37.264715, 0.0001678106, 0.00018825633
  -37.264715, 0.0004870892, 0.00018825633
  -37.25826, 0.0004635718, 0.00018884879
  -37.25826, 0.0002578942, 0.00018884879
  -37.251805, 0.000641746, 0.00018944159
  -37.24535, 0.000193321, 0.00019003475
  -37.238895, -1.47482e-05, 0.00019062825
  -37.238895, 0.0003683064, 0.00019062825
  -37.238895, 0.0002726424, 0.00019062825
  -37.238895, 0.00013951, 0.00019062825
  -37.238895, 0.0002224188, 0.00019062825
  -37.238895, 9.88528e-05, 0.00019062825
  -37.23244, -0.0001060276, 0.0001912221
  -37.225985, -0.000217237, 0.00019181631
  -37.213075, 0.0001542582, 0.00019300576
  -37.213075, 0.0002562998, 0.00019300576
  -37.213075, 0.00025909, 0.00019300576
  -37.20662, -7.7727e-05, 0.00019360101
  -37.20662, 0.0002766284, 0.00019360101
  -37.20662, 0.0001749854, 0.00019360101
  -37.200165, 0.0003392086, 0.00019419662
  -37.19371, 0.0004926696, 0.00019479257
  -37.187255, 2.15244e-05, 0.00019538888
  -37.187255, 0.0002016916, 0.00019538888
  -37.187255, 0.0004217188, 0.00019538888
  -37.187255, 0.000251118, 0.00019538888
  -37.1808, 0.0002487264, 0.00019598553
  -37.1808, 0.0002164398, 0.00019598553
  -37.1808, 0.000430488, 0.00019598553
  -37.174345, 0.0002419502, 0.00019658254
  -37.174345, 0.0002503208, 0.00019658254
  -37.174345, 0.0003754812, 0.00019658254
  -37.174345, 0.0001570484, 0.00019658254
  -37.174345, 0.0004500194, 0.00019658254
  -37.16789, 0.0001638246, 0.0001971799
  -37.161435, 0.0003180828, 0.00019777761
  -37.161435, 0.0002224188, 0.00019777761
  -37.15498, 0.000290978, 0.00019837567
  -37.148525, 0.0004520124, 0.00019897408
  -37.148525, 0.0004300894, 0.00019897408
  -37.148525, 0.0003854462, 0.00019897408
  -37.14207, 0.0003475792, 0.00019957285
  -37.14207, -6.61676e-05, 0.00019957285
  -37.135615, 0.0003423974, 0.00020017197
  -37.12916, 0.0001458876, 0.00020077144
  -37.122705, 8.3706e-05, 0.00020137126
  -37.11625, 0.000147482, 0.00020197144
  -37.109795, -2.35174e-05, 0.00020257196
  -37.096885, 0.0001199786, 0.00020377408
  -37.07752, 0.0004029846, 0.00020557991
  -37.071065, 0.0001909294, 0.00020618255
  -37.06461, 0.0001729924, 0.00020678556
  -37.06461, 2.7902e-05, 0.00020678556
  -37.058155, 0.00023916, 0.00020738892
  -37.058155, 0.0003033346, 0.00020738892
  -37.058155, 7.3741e-05, 0.00020738892
  -37.0517, 0.000324859, 0.00020799263
  -37.0517, -5.5804e-05, 0.00020799263
  -37.0517, 0.0002435446, 0.00020799263
  -37.0517, 0.0003276492, 0.00020799263
  -37.045245, 0.0002064748, 0.0002085967
  -37.045245, 0.0004340754, 0.0002085967
  -37.045245, 5.30138e-05, 0.0002085967
  -37.045245, -0.0001996986, 0.0002085967
  -37.03879, 0.0002578942, 0.00020920112
  -37.03879, 0.0001104122, 0.00020920112
  -37.03879, -5.22166e-05, 0.00020920112
  -37.03879, 0.0001411044, 0.00020920112
  -37.03879, 0.0001929224, 0.00020920112
  -37.03879, 0.0001566498, 0.00020920112
  -37.03879, 0.000181363, 0.00020920112
  -37.03879, 0.0002140482, 0.00020920112
  -37.032335, 0.000290978, 0.00020980589
  -37.032335, 0.0002307894, 0.00020980589
  -37.032335, 3.986e-06, 0.00020980589
  -37.032335, 0.0003125024, 0.00020980589
  -37.032335, 0.000374684, 0.00020980589
  -37.032335, 0.0001969084, 0.00020980589
  -37.032335, 0.0001446918, 0.00020980589
  -37.032335, 0.0003435932, 0.00020980589
  -37.02588, 0.0001207758, 0.00021041103
  -37.02588, 2.07272e-05, 0.00021041103
  -37.02588, 0.000163426, 0.00021041103
  -37.02588, 2.7902e-05, 0.00021041103
  -37.02588, 0.0001797686, 0.00021041103
  -37.02588, 0.0001729924, 0.00021041103
  -37.02588, -8.7692e-06, 0.00021041103
  -37.02588, 0.0002283978, 0.00021041103
  -37.02588, 0.0002168384, 0.00021041103
  -37.02588, 0.0006967528, 0.00021041103
  -37.02588, 0.0001104122, 0.00021041103
  -37.02588, -0.0001072234, 0.00021041103
  -37.019425, 0.0001163912, 0.00021101651
  -37.019425, 0.0002435446, 0.00021101651
  -37.019425, 7.61326e-05, 0.00021101651
  -37.019425, 0.0004552012, 0.00021101651
  -37.019425, 0.0003053276, 0.00021101651
  -37.019425, 0.0003459848, 0.00021101651
  -37.019425, 0.0002076706, 0.00021101651
  -37.019425, 0.0006533054, 0.00021101651
  -37.019425, 0.0002128524, 0.00021101651
  -37.01297, 0.0001941182, 0.00021162236
  -37.01297, -1.63426e-05, 0.00021162236
  -37.01297, 0.0002873906, 0.00021162236
  -37.01297, 0.0002905794, 0.00021162236
  -37.01297, 0.0001658176, 0.00021162236
  -37.01297, 0.0001171884, 0.00021162236
  -37.01297, 6.41746e-05, 0.00021162236
  -37.01297, -9.60626e-05, 0.00021162236
  -37.01297, 0.0003563484, 0.00021162236
  -37.006515, 0.0002084678, 0.00021222855
  -37.006515, 0.000382656, 0.00021222855
  -37.006515, 6.53704e-05, 0.00021222855
  -37.006515, 0.0005129982, 0.00021222855
  -37.006515, 0.000253111, 0.00021222855
  -37.006515, 0.0004815088, 0.00021222855
  -37.006515, 0.0001211744, 0.00021222855
  -37.00006, 9.20766e-05, 0.00021283511
  -37.00006, -0.0001239646, 0.00021283511
  -37.00006, 0.0003376142, 0.00021283511
  -36.993605, 3.94614e-05, 0.00021344202
  -36.993605, -2.71048e-05, 0.00021344202
  -36.98715, 0.0002160412, 0.00021404928
  -36.98715, 0.0001638246, 0.00021404928
  -36.98715, 0.0003683064, 0.00021404928
  -36.98715, 0.0001996986, 0.00021404928
  -36.98715, -2.9895e-05, 0.00021404928
  -36.98715, 0.0004209216, 0.00021404928
  -36.98715, 0.0004854948, 0.00021404928
  -36.980695, 0.0004874878, 0.00021465691
  -36.980695, 0.0003579428, 0.00021465691
  -36.980695, 0.000205279, 0.00021465691
  -36.97424, 0.000171398, 0.00021526489
  -36.97424, 0.0001538596, 0.00021526489
  -36.97424, 0.0002822088, 0.00021526489
  -36.97424, 0.0001865448, 0.00021526489
  -36.97424, 0.0002682578, 0.00021526489
  -36.967785, 0.0002921738, 0.00021587322
  -36.967785, 0.0003997958, 0.00021587322
  -36.96133, 0.0006700466, 0.00021648192
  -36.96133, 0.0005353198, 0.00021648192
  -36.954875, 0.0003850476, 0.00021709097
  -36.954875, 0.0005707952, 0.00021709097
  -36.94842, 0.0003982014, 0.00021770037
  -36.941965, 0.000237167, 0.00021831014
  -36.941965, 0.0004033832, 0.00021831014
  -36.93551, 0.0001064262, 0.00021892026
  -36.929055, 0.000137517, 0.00021953074
  -36.9226, 0.0004707466, 0.00022014158
  -36.9226, 0.0003132996, 0.00022014158
  -36.916145, 0.0006293894, 0.00022075277
  -36.916145, 0.000227202, 0.00022075277
  -36.916145, 0.0004073692, 0.00022075277
  -36.903235, 0.0003232646, 0.00022197624
  -36.903235, 0.0002160412, 0.00022197624
  -36.890325, 0.0005385086, 0.00022320114
  -36.890325, -5.73984e-05, 0.00022320114
  -36.864505, 0.0001797686, 0.00022565525
  -36.864505, 0.0005472778, 0.00022565525
  -36.851595, 0.0002475306, 0.00022688446
  -36.84514, 0.0002662648, 0.00022749961
  -36.84514, 0.0001343282, 0.00022749961
  -36.84514, 0.0002602858, 0.00022749961
  -36.84514, 0.0001430974, 0.00022749961
  -36.838685, 0.0006246062, 0.00022811511
  -36.838685, -3.1888e-06, 0.00022811511
  -36.838685, 0.000277027, 0.00022811511
  -36.838685, 0.0001570484, 0.00022811511
  -36.83223, 0.0003121038, 0.00022873098
  -36.825775, 0.0001602372, 0.0002293472
  -36.81932, 7.5734e-05, 0.00022996379
  -36.81932, 0.0001801672, 0.00022996379
  -36.81932, 0.0005584386, 0.00022996379
  -36.81932, 0.0001458876, 0.00022996379
  -36.812865, 0.0003671106, 0.00023058074
  -36.812865, 0.000376677, 0.00023058074
  -36.80641, 0.0001159926, 0.00023119805
  -36.799955, 0.0005847462, 0.00023181572
  -36.7935, 0.0004747326, 0.00023243375
  -36.787045, 0.0002598872, 0.00023305214
  -36.787045, 0.0003559498, 0.00023305214
  -36.774135, 0.000271048, 0.00023429001
  -36.774135, 0.000177377, 0.00023429001
  -36.774135, 0.000568005, 0.00023429001
  -36.76768, 0.0002897822, 0.00023490949
  -36.76768, -2.23216e-05, 0.00023490949
  -36.76768, 0.000392621, 0.00023490949
  -36.761225, -5.30138e-05, 0.00023552933
  -36.761225, 0.0001383142, 0.00023552933
  -36.761225, 0.0001522652, 0.00023552933
  -36.75477, 0.0003591386, 0.00023614953
  -36.75477, 0.0002574956, 0.00023614953
  -36.75477, 0.0007087108, 0.00023614953
  -36.75477, -1.51468e-05, 0.00023614953
  -36.748315, 0.00015944, 0.0002367701
  -36.748315, 0.0002857962, 0.0002367701
  -36.748315, 0.0001845518, 0.0002367701
  -36.748315, 0.0002260062, 0.0002367701
  -36.748315, 0.0002036846, 0.0002367701
  -36.748315, 0.0002487264, 0.0002367701
  -36.748315, 0.0002160412, 0.0002367701
  -36.74186, 0.0001040346, 0.00023739103
  -36.74186, 0.0002794186, 0.00023739103
  -36.735405, 0.0001889364, 0.00023801232
  -36.735405, 0.0001283492, 0.00023801232
  -36.735405, -0.0001343282, 0.00023801232
  -36.72895, 0.0003922224, 0.00023863397
  -36.72895, 0.0004731382, 0.00023863397
  -36.722495, 0.0002447404, 0.00023925599
  -36.722495, 0.0003140968, 0.00023925599
  -36.722495, -7.5734e-06, 0.00023925599
  -36.722495, 0.0001905308, 0.00023925599
  -36.722495, 0.0003097122, 0.00023925599
  -36.722495, 0.0001805658, 0.00023925599
  -36.71604, 0.0003774742, 0.00023987837
  -36.709585, 0.0002467334, 0.00024050111
  -36.709585, 0.0001996986, 0.00024050111
  -36.70313, 0.000203286, 0.00024112422
  -36.70313, 0.0001187828, 0.00024112422
  -36.70313, 0.0003220688, 0.00024112422
  -36.696675, -7.01536e-05, 0.00024174769
  -36.69022, 0.0003934182, 0.00024237152
  -36.67731, 0.0002861948, 0.00024362028
  -36.67731, 0.0004711452, 0.00024362028
  -36.670855, 0.0002080692, 0.00024424521
  -36.670855, 0.0006612774, 0.00024424521
  -36.657945, 0.0001566498, 0.00024549616
  -36.65149, 0.0005094108, 0.00024612218
  -36.65149, -9.3671e-05, 0.00024612218
  -36.62567, 0.0005648162, 0.00024862993
  -36.62567, 8.3706e-05, 0.00024862993
  -36.61276, 0.0003392086, 0.00024988599
  -36.61276, 0.000109615, 0.00024988599
  -36.606305, 3.986e-05, 0.00025051458
  -36.593395, 0.0005564456, 0.00025177284
  -36.593395, 0.0003954112, 0.00025177284
  -36.58694, 0.0005656134, 0.00025240252
  -36.58694, 0.0001957126, 0.00025240252
  -36.580485, 0.0005664106, 0.00025303257
  -36.57403, 0.0003320338, 0.00025366298
  -36.567575, 0.0003380128, 0.00025429377
  -36.56112, 9.08808e-05, 0.00025492492
  -36.56112, 0.0004081664, 0.00025492492
  -36.554665, 0.0001550554, 0.00025555643
  -36.554665, 0.0004898794, 0.00025555643
  -36.554665, 0.0004540054, 0.00025555643
  -36.5353, 0.0003742854, 0.00025745319
  -36.5353, 0.0003659148, 0.00025745319
  -36.528845, 0.0002044818, 0.00025808618
  -36.52239, 0.0002993486, 0.00025871954
  -36.52239, 0.000257097, 0.00025871954
  -36.515935, 0.0001462862, 0.00025935326
  -36.49657, 1.67412e-05, 0.00026125665
  -36.48366, 2.75034e-05, 0.00026252743
  -36.47075, 5.73984e-05, 0.00026379968
  -36.45784, 0.0002176356, 0.00026507341
  -36.43202, 0.0003041318, 0.00026762531
  -36.43202, 0.0001801672, 0.00026762531
  -36.43202, 0.000306922, 0.00026762531
  -36.425565, 0.0004001944, 0.00026826421
  -36.425565, 0.00025909, 0.00026826421
  -36.41911, 0.0002256076, 0.00026890348
  -36.412655, 0.0001319366, 0.00026954313
  -36.399745, 0.0001183842, 0.00027082353
  -36.36747, 0.0003172856, 0.00027403104
  -36.36747, 0.0002008944, 0.00027403104
  -36.348105, 0.0003160898, 0.00027596001
  -36.34165, -3.62726e-05, 0.00027660375
  -36.34165, 0.0002802158, 0.00027660375
  -36.335195, 6.21816e-05, 0.00027724786
  -36.309375, 0.0005409002, 0.00027982804
  -36.309375, 3.06922e-05, 0.00027982804
  -36.296465, -5.69998e-05, 0.00028112037
  -36.29001, 0.0005345226, 0.00028176709
  -36.283555, 0.000787235, 0.00028241419
  -36.283555, 0.0003463834, 0.00028241419
  -36.2771, 0.0001407058, 0.00028306167
  -36.270645, 0.0001530624, 0.00028370952
  -36.257735, 0.0001981042, 0.00028500634
  -36.257735, 3.06922e-05, 0.00028500634
  -36.244825, 0.0006529068, 0.00028630467
  -36.22546, -3.986e-07, 0.00028825497
  -36.219005, 0.0002762298, 0.00028890583
  -36.21255, 0.000187342, 0.00028955705
  -36.206095, 0.000271048, 0.00029020866
  -36.206095, 0.0002176356, 0.00029020866
  -36.206095, 0.0003380128, 0.00029020866
  -36.19964, 0.0002248104, 0.00029086064
  -36.193185, 0.0006648648, 0.000291513
  -36.180275, 0.0001263562, 0.00029281885
  -36.180275, -2.55104e-05, 0.00029281885
  -36.17382, 0.0004950612, 0.00029347234
  -36.154455, 0.0004767256, 0.00029543507
  -36.148, 0.0001287478, 0.00029609007
  -36.148, 0.0001721952, 0.00029609007
  -36.148, 0.0003101108, 0.00029609007
  -36.128635, 0.0001163912, 0.00029805734
  -36.115725, 0.000326852, 0.00029937074
  -36.10927, 0.0002794186, 0.00030002801
  -36.10927, 0.0005544526, 0.00030002801
  -36.102815, 0.0003623274, 0.00030068565
  -36.09636, 0.0003982014, 0.00030134368
  -36.089905, 0.0001725938, 0.00030200209
  -36.08345, 0.0003910266, 0.00030266087
  -36.076995, 0.0001538596, 0.00030332004
  -36.051175, 0.000271048, 0.00030596049
  -36.051175, 0.0003563484, 0.00030596049
  -36.04472, 0.0001729924, 0.00030662156
  -36.03181, 0.0001327338, 0.00030794483
  -36.03181, 0.0007577386, 0.00030794483
  -36.03181, 0.0001327338, 0.00030794483
  -36.025355, 0.0001817616, 0.00030860703
  -36.025355, 0.0003117052, 0.00030860703
  -36.025355, 0.0001570484, 0.00030860703
  -36.0189, 0.000486292, 0.00030926962
  -36.012445, 0.000283006, 0.00030993259
  -36.012445, 0.0007585358, 0.00030993259
  -36.012445, 6.61676e-05, 0.00030993259
  -36.012445, 0.0004201244, 0.00030993259
  -36.012445, 0.0002933696, 0.00030993259
  -36.00599, 0.0001163912, 0.00031059594
  -36.00599, 0.0002897822, 0.00031059594
  -36.00599, 0.0006062706, 0.00031059594
  -35.999535, 0.000348775, 0.00031125967
  -35.999535, 0.0002646704, 0.00031125967
  -35.999535, 0.000169405, 0.00031125967
  -35.99308, 0.0001578456, 0.00031192378
  -35.99308, 0.0002961598, 0.00031192378
  -35.99308, 0.0002562998, 0.00031192378
  -35.986625, 0.0004815088, 0.00031258827
  -35.986625, 0.0002714466, 0.00031258827
  -35.986625, 0.0002861948, 0.00031258827
  -35.986625, 0.0005464806, 0.00031258827
  -35.98017, 0.0004041804, 0.00031325315
  -35.98017, 0.0002503208, 0.00031325315
  -35.98017, 0.0001466848, 0.00031325315
  -35.973715, 0.0001670134, 0.00031391841
  -35.973715, 0.0002662648, 0.00031391841
  -35.973715, 0.0004854948, 0.00031391841
  -35.973715, 0.0004241104, 0.00031391841
  -35.96726, 9.24752e-05, 0.00031458405
  -35.96726, 0.000472341, 0.00031458405
  -35.96726, 0.0003097122, 0.00031458405
  -35.96726, 0.0002439432, 0.00031458405
  -35.96726, 0.0002758312, 0.00031458405
  -35.96726, 0.000255104, 0.00031458405
  -35.960805, 0.0004719424, 0.00031525007
  -35.960805, 0.0003978028, 0.00031525007
  -35.960805, 0.0004272992, 0.00031525007
  -35.95435, 0.0003085164, 0.00031591647
  -35.95435, 0.0002794186, 0.00031591647
  -35.95435, 0.0002865934, 0.00031591647
  -35.95435, -0.0001642232, 0.00031591647
  -35.947895, 0.0004153412, 0.00031658326
  -35.947895, 2.71048e-05, 0.00031658326
  -35.947895, 0.0003423974, 0.00031658326
  -35.947895, 0.0005014388, 0.00031658326
  -35.94144, 0.0008334726, 0.00031725043
  -35.94144, 0.0003655162, 0.00031725043
  -35.934985, 0.0005038304, 0.00031791798
  -35.934985, 0.0006246062, 0.00031791798
  -35.92853, 0.0004109566, 0.00031858592
  -35.92853, 0.0003750826, 0.00031858592
  -35.92853, -0.0001339296, 0.00031858592
  -35.92853, 0.000281013, 0.00031858592
  -35.922075, 0.000283006, 0.00031925424
  -35.91562, 0.0001124052, 0.00031992294
  -35.91562, 0.000468355, 0.00031992294
  -35.91562, 0.0002268034, 0.00031992294
  -35.91562, 0.0006433404, 0.00031992294
  -35.91562, 0.0004340754, 0.00031992294
  -35.91562, 0.0003838518, 0.00031992294
  -35.91562, 0.0007700952, 0.00031992294
  -35.91562, 0.0003918238, 0.00031992294
  -35.909165, 0.000428495, 0.00032059202
  -35.909165, 0.0001430974, 0.00032059202
  -35.90271, 0.0003699008, 0.00032126149
  -35.90271, 0.0001698036, 0.00032126149
  -35.90271, 0.0001072234, 0.00032126149
  -35.90271, 0.0001889364, 0.00032126149
  -35.90271, 0.0002387614, 0.00032126149
  -35.90271, 0.000153461, 0.00032126149
  -35.896255, 0.0005209702, 0.00032193135
  -35.896255, 0.0008438362, 0.00032193135
  -35.896255, 0.0007270464, 0.00032193135
  -35.896255, 0.0002642718, 0.00032193135
  -35.896255, 0.0001618316, 0.00032193135
  -35.896255, 0.000394614, 0.00032193135
  -35.896255, 0.0003005444, 0.00032193135
  -35.8898, 0.0002682578, 0.00032260158
  -35.8898, 0.0005903266, 0.00032260158
  -35.8898, 0.0004388586, 0.00032260158
  -35.8898, 0.0005169842, 0.00032260158
  -35.8898, 0.0004587886, 0.00032260158
  -35.8898, 0.0001132024, 0.00032260158
  -35.883345, 0.0002634746, 0.0003232722
  -35.883345, 0.000416537, 0.0003232722
  -35.883345, 0.0001442932, 0.0003232722
  -35.883345, 4.86292e-05, 0.0003232722
  -35.883345, 0.0001857476, 0.0003232722
  -35.87689, 0.000595907, 0.00032394321
  -35.87689, 0.0006401516, 0.00032394321
  -35.87689, 0.0005389072, 0.00032394321
  -35.87689, 0.0005070192, 0.00032394321
  -35.87689, 0.0004512152, 0.00032394321
  -35.87689, 0.0002574956, 0.00032394321
  -35.87689, 0.0004428446, 0.00032394321
  -35.870435, 0.000237167, 0.0003246146
  -35.870435, 0.000408565, 0.0003246146
  -35.870435, 8.84892e-05, 0.0003246146
  -35.870435, 0.0007728854, 0.0003246146
  -35.86398, 0.0006305852, 0.00032528637
  -35.86398, 4.30488e-05, 0.00032528637
  -35.857525, 0.0002216216, 0.00032595853
  -35.857525, 0.0003396072, 0.00032595853
  -35.857525, 0.000671641, 0.00032595853
  -35.857525, 0.0003714952, 0.00032595853
  -35.85107, 0.0001741882, 0.00032663107
  -35.85107, 0.0006624732, 0.00032663107
  -35.85107, 0.0002383628, 0.00032663107
  -35.844615, 0.0003623274, 0.000327304
  -35.844615, 0.0003412016, 0.000327304
  -35.83816, 0.000193321, 0.00032797732
  -35.83816, 7.972e-06, 0.00032797732
  -35.83816, 0.0002857962, 0.00032797732
  -35.83816, 0.0005695994, 0.00032797732
  -35.831705, 0.0005727882, 0.00032865102
  -35.831705, 0.0002881878, 0.00032865102
  -35.831705, 0.0003017402, 0.00032865102
  -35.831705, 0.0004719424, 0.00032865102
  -35.82525, 3.10908e-05, 0.0003293251
  -35.82525, 0.0001817616, 0.0003293251
  -35.82525, 0.0003834532, 0.0003293251
  -35.82525, 0.0003770756, 0.0003293251
  -35.818795, 0.0005424946, 0.00032999957
  -35.818795, 0.0003392086, 0.00032999957
  -35.818795, 0.000663669, 0.00032999957
  -35.818795, 0.000221223, 0.00032999957
  -35.818795, 0.0006732354, 0.00032999957
  -35.81234, 0.0003220688, 0.00033067443
  -35.805885, -2.94964e-05, 0.00033134967
  -35.805885, 0.0003156912, 0.00033134967
  -35.805885, 0.0002519152, 0.00033134967
  -35.79943, 0.0004253062, 0.0003320253
  -35.79943, 0.0001267548, 0.0003320253
  -35.79943, 0.0001797686, 0.0003320253
  -35.79943, 0.0003890336, 0.0003320253
  -35.792975, 0.000645732, 0.00033270131
  -35.792975, 0.0003101108, 0.00033270131
  -35.78652, 0.000488285, 0.00033337771
  -35.78652, 0.0001993, 0.00033337771
  -35.78652, 0.0006604802, 0.00033337771
  -35.780065, 0.0002945654, 0.0003340545
  -35.780065, 0.0002734396, 0.0003340545
  -35.780065, 0.0003212716, 0.0003340545
  -35.77361, 0.000426502, 0.00033473168
  -35.77361, 0.000566012, 0.00033473168
  -35.77361, 0.0003384114, 0.00033473168
  -35.767155, 0.0003699008, 0.00033540924
  -35.7607, 0.0003001458, 0.00033608718
  -35.7607, 0.000207272, 0.00033608718
  -35.754245, 0.000334824, 0.00033676552
  -35.754245, 0.000504229, 0.00033676552
  -35.754245, 0.0004452362, 0.00033676552
  -35.754245, 0.0005058234, 0.00033676552
  -35.754245, 0.0003962084, 0.00033676552
  -35.74779, 0.000169405, 0.00033744424
  -35.73488, 0.0005094108, 0.00033880285
  -35.728425, 0.0002507194, 0.00033948273
  -35.72197, 0.0002953626, 0.00034016301
  -35.715515, 0.0007637176, 0.00034084367
  -35.715515, 0.0004061734, 0.00034084367
  -35.70906, 0.000472341, 0.00034152472
  -35.70906, 0.0004552012, 0.00034152472
  -35.70906, 0.0006887808, 0.00034152472
  -35.70906, 0.0004452362, 0.00034152472
  -35.70906, 0.0001411044, 0.00034152472
  -35.702605, 0.0005337254, 0.00034220616
  -35.702605, 0.000494264, 0.00034220616
  -35.702605, 3.82656e-05, 0.00034220616
  -35.69615, 0.0005157884, 0.00034288798
  -35.69615, 0.0004033832, 0.00034288798
  -35.69615, 0.000695557, 0.00034288798
  -35.689695, 0.000261083, 0.0003435702
  -35.689695, 0.000585942, 0.0003435702
  -35.68324, 0.0003451876, 0.0003442528
  -35.676785, 0.0006094594, 0.00034493579
  -35.676785, 0.0002598872, 0.00034493579
  -35.676785, 0.0003535582, 0.00034493579
  -35.663875, 7.3741e-05, 0.00034630294
  -35.65742, 0.0005668092, 0.0003469871
  -35.65742, 0.0003451876, 0.0003469871
  -35.64451, 0.0003156912, 0.00034835659
  -35.64451, 0.0004819074, 0.00034835659
  -35.64451, 0.0003631246, 0.00034835659
  -35.638055, 0.0005273478, 0.00034904192
  -35.638055, 0.00015944, 0.00034904192
  -35.638055, 0.0005883336, 0.00034904192
  -35.638055, 0.0002519152, 0.00034904192
  -35.6316, 0.000211258, 0.00034972764
  -35.625145, 0.0003671106, 0.00035041375
  -35.625145, 0.0002068734, 0.00035041375
  -35.612235, 0.0006943612, 0.00035178714
  -35.60578, 0.0003117052, 0.00035247442
  -35.59287, 0.0001642232, 0.00035385015
  -35.59287, 0.0003439918, 0.00035385015
  -35.57996, 0.0007290394, 0.00035522745
  -35.56705, 0.0001650204, 0.00035660631
  -35.560595, 0.0003714952, 0.00035729633
  -35.55414, 0.0004787186, 0.00035798674
  -35.547685, 0.0004687536, 0.00035867754
  -35.547685, 0.000251118, 0.00035867754
  -35.547685, 0.000261083, 0.00035867754
  -35.547685, 0.0004456348, 0.00035867754
  -35.54123, 0.0006469278, 0.00035936873
  -35.534775, 0.0002236146, 0.00036006032
  -35.52832, 0.0003212716, 0.00036075229
  -35.52832, 0.0004532082, 0.00036075229
  -35.52832, 0.0004197258, 0.00036075229
  -35.521865, 0.0001080206, 0.00036144466
  -35.51541, 0.000430488, 0.00036213743
  -35.51541, 0.000649718, 0.00036213743
  -35.508955, 0.0004667606, 0.00036283058
  -35.508955, 0.0004619774, 0.00036283058
  -35.508955, 0.0001259576, 0.00036283058
  -35.496045, 0.0002299922, 0.00036421807
  -35.48959, 0.0003344254, 0.00036491241
  -35.48959, 0.0002016916, 0.00036491241
  -35.483135, 0.0005923196, 0.00036560713
  -35.483135, 0.0004348726, 0.00036560713
  -35.483135, 0.0002881878, 0.00036560713
  -35.483135, 0.0001032374, 0.00036560713
  -35.483135, 0.0001566498, 0.00036560713
  -35.483135, 0.0005436904, 0.00036560713
  -35.47668, 0.0004552012, 0.00036630226
  -35.47668, 0.0001865448, 0.00036630226
  -35.47668, 0.0002196286, 0.00036630226
  -35.47668, 3.94614e-05, 0.00036630226
  -35.470225, 0.0005185786, 0.00036699777
  -35.470225, 0.000267062, 0.00036699777
  -35.470225, 0.000296957, 0.00036699777
  -35.470225, 0.0002618802, 0.00036699777
  -35.46377, 0.0006190258, 0.00036769368
  -35.46377, 0.0006824032, 0.00036769368
  -35.46377, 0.000283006, 0.00036769368
  -35.457315, 4.70348e-05, 0.00036838998
  -35.457315, 0.0003758798, 0.00036838998
  -35.45086, 0.0003838518, 0.00036908668
  -35.45086, 0.0004037818, 0.00036908668
  -35.444405, 0.0007609274, 0.00036978377
  -35.43795, 0.0004173342, 0.00037048125
  -35.42504, 0.0006369628, 0.00037187741
  -35.418585, 0.0002467334, 0.00037257607
  -35.405675, 0.0003352226, 0.00037397459
  -35.405675, 9.48668e-05, 0.00037397459
  -35.39922, 0.0005823546, 0.00037467445
  -35.39922, 0.0002319852, 0.00037467445
  -35.392765, 0.0003085164, 0.0003753747
  -35.3734, 0.0005293408, 0.00037747781
  -35.36049, 0.0001885378, 0.00037888187
  -35.354035, 0.0002933696, 0.00037958449
  -35.354035, 0.0004249076, 0.00037958449
  -35.34758, 0.0001458876, 0.00038028751
  -35.34758, 0.000536117, 0.00038028751
  -35.341125, 0.0005369142, 0.00038099093
  -35.33467, 9.32724e-05, 0.00038169474
  -35.328215, 0.0003543554, 0.00038239895
  -35.302395, 0.0004053762, 0.00038521975
  -35.302395, 0.0005137954, 0.00038521975
  -35.29594, 0.0007170814, 0.00038592595
  -35.29594, 0.0004655648, 0.00038592595
  -35.289485, 0.000747375, 0.00038663254
  -35.289485, 0.000314894, 0.00038663254
  -35.289485, 0.0003252576, 0.00038663254
  -35.289485, 0.0005393058, 0.00038663254
  -35.28303, 0.0004261034, 0.00038733953
  -35.28303, 0.000400593, 0.00038733953
  -35.28303, 0.0001132024, 0.00038733953
  -35.28303, 0.0004555998, 0.00038733953
  -35.276575, 0.0006624732, 0.00038804691
  -35.263665, 0.0003699008, 0.00038946288
  -35.263665, 0.0001993, 0.00038946288
  -35.25721, -7.41396e-05, 0.00039017146
  -35.25721, 0.0002487264, 0.00039017146
  -35.2443, 0.0001662162, 0.00039158981
  -35.224935, 0.0001598386, 0.00039372034
  -35.20557, 0.0003121038, 0.00039585445
  -35.20557, 0.0003922224, 0.00039585445
  -35.199115, 0.0005385086, 0.00039656662
  -35.199115, 0.000225209, 0.00039656662
  -35.199115, 0.0005652148, 0.00039656662
  -35.19266, 0.0006592844, 0.00039727919
  -35.17975, 0.0003794672, 0.00039870553
  -35.173295, 0.0003324324, 0.00039941929
  -35.160385, 0.000599893, 0.00040084803
  -35.160385, 0.0003918238, 0.00040084803
  -35.160385, 0.0005688022, 0.00040084803
  -35.15393, 0.000302936, 0.000401563
  -35.147475, 0.0002148454, 0.00040227837
  -35.14102, 0.00023916, 0.00040299414
  -35.14102, 0.0004029846, 0.00040299414
  -35.14102, 0.0005807602, 0.00040299414
  -35.14102, 0.0002283978, 0.00040299414
  -35.134565, 0.0002574956, 0.00040371031
  -35.134565, 0.00043846, 0.00040371031
  -35.134565, 0.0003296422, 0.00040371031
  -35.134565, 0.000595907, 0.00040371031
  -35.134565, 0.0004930682, 0.00040371031
  -35.134565, 0.0006333754, 0.00040371031
  -35.134565, 0.0006712424, 0.00040371031
  -35.134565, 0.000267062, 0.00040371031
  -35.12811, 0.0005496694, 0.00040442688
  -35.12811, 0.0002315866, 0.00040442688
  -35.121655, 0.0008474236, 0.00040514385
  -35.121655, 0.0007170814, 0.00040514385
  -35.121655, 0.0001857476, 0.00040514385
  -35.1152, 0.000368705, 0.00040586123
  -35.1152, 0.0005313338, 0.00040586123
  -35.1152, 0.0002100622, 0.00040586123
  -35.108745, 0.000468355, 0.000406579
  -35.108745, 0.000167412, 0.000406579
  -35.108745, 0.0004432432, 0.000406579
  -35.108745, 0.0004408516, 0.000406579
  -35.10229, 0.0004575928, 0.00040729718
  -35.10229, 0.000175384, 0.00040729718
  -35.10229, 0.0004667606, 0.00040729718
  -35.10229, 0.0003001458, 0.00040729718
  -35.10229, 0.0005173828, 0.00040729718
  -35.10229, 0.0008155356, 0.00040729718
  -35.095835, 0.0003838518, 0.00040801575
  -35.095835, 0.0003830546, 0.00040801575
  -35.095835, 0.000241153, 0.00040801575
  -35.095835, 0.0004655648, 0.00040801575
  -35.08938, 0.000432481, 0.00040873473
  -35.08938, 0.000773284, 0.00040873473
  -35.08938, 0.000560033, 0.00040873473
  -35.08938, 0.0006289908, 0.00040873473
  -35.082925, 0.0004611802, 0.00040945411
  -35.082925, 0.0003635232, 0.00040945411
  -35.082925, 0.0003543554, 0.00040945411
  -35.082925, 0.000384649, 0.00040945411
  -35.082925, 0.0003065234, 0.00040945411
  -35.07647, 0.0001458876, 0.00041017389
  -35.07647, 0.000627795, 0.00041017389
  -35.070015, 0.0003140968, 0.00041089408
  -35.070015, 0.0006365642, 0.00041089408
  -35.057105, 0.0005225646, 0.00041233565
  -35.057105, 4.7832e-06, 0.00041233565
  -35.05065, 0.0002279992, 0.00041305704
  -35.05065, 0.0004986486, 0.00041305704
  -35.044195, 0.0004799144, 0.00041377884
  -35.044195, 0.0002327824, 0.00041377884
  -35.03774, 0.0004595858, 0.00041450103
  -35.03774, 0.0004017888, 0.00041450103
  -35.031285, 0.000643739, 0.00041522363
  -35.031285, 0.0005377114, 0.00041522363
  -35.02483, 0.0003435932, 0.00041594663
  -35.02483, 0.0007027318, 0.00041594663
  -35.018375, 0.000663669, 0.00041667004
  -35.018375, 0.0003451876, 0.00041667004
  -35.018375, 0.000769298, 0.00041667004
  -35.018375, 0.0005273478, 0.00041667004
  -35.018375, 0.0001032374, 0.00041667004
  -35.018375, 0.0009379058, 0.00041667004
  -35.01192, 0.000599893, 0.00041739384
  -35.01192, 0.0001897336, 0.00041739384
  -35.01192, 0.0007617246, 0.00041739384
  -35.005465, 0.0004261034, 0.00041811805
  -35.005465, 0.000257097, 0.00041811805
  -35.005465, 0.0004288936, 0.00041811805
  -35.005465, 0.0005333268, 0.00041811805
  -34.99901, 0.0002925724, 0.00041884267
  -34.99901, 0.000591921, 0.00041884267
  -34.99901, 0.0005512638, 0.00041884267
  -34.99901, 0.0005795644, 0.00041884267
  -34.992555, 0.0005245576, 0.00041956769
  -34.992555, 0.0004201244, 0.00041956769
  -34.992555, 0.0005305366, 0.00041956769
  -34.9861, 0.000460383, 0.00042029311
  -34.979645, 0.0001757826, 0.00042101893
  -34.979645, 0.0006871864, 0.00042101893
  -34.979645, 0.0006604802, 0.00042101893
  -34.979645, 4.14544e-05, 0.00042101893
  -34.979645, 0.0004934668, 0.00042101893
  -34.979645, 0.000255104, 0.00042101893
  -34.97319, 0.0003093136, 0.00042174516
  -34.97319, 0.0001582442, 0.00042174516
  -34.97319, 0.000131538, 0.00042174516
  -34.97319, 0.0006154384, 0.00042174516
  -34.97319, 0.0006632704, 0.00042174516
  -34.966735, 0.0004910752, 0.00042247179
  -34.966735, 9.60626e-05, 0.00042247179
  -34.96028, 0.0004978514, 0.00042319883
  -34.96028, 0.0002507194, 0.00042319883
  -34.96028, 0.0004831032, 0.00042319883
  -34.953825, 0.000235174, 0.00042392627
  -34.953825, 0.000283006, 0.00042392627
  -34.953825, 0.0001937196, 0.00042392627
  -34.94737, 0.0005169842, 0.00042465412
  -34.94737, 0.0002622788, 0.00042465412
  -34.94737, 0.0002335796, 0.00042465412
  -34.94737, 0.0003922224, 0.00042465412
  -34.94737, 0.0004611802, 0.00042465412
  -34.94737, 0.000446432, 0.00042465412
  -34.940915, 0.0001650204, 0.00042538237
  -34.940915, 0.0004739354, 0.00042538237
  -34.93446, 0.0006608788, 0.00042611102
  -34.93446, 0.000566012, 0.00042611102
  -34.93446, 0.000701536, 0.00042611102
  -34.93446, 0.0002507194, 0.00042611102
  -34.928005, 0.0003659148, 0.00042684008
  -34.928005, -7.5734e-06, 0.00042684008
  -34.928005, 0.0005385086, 0.00042684008
  -34.92155, 0.000125559, 0.00042756955
  -34.915095, 0.0003934182, 0.00042829942
  -34.915095, 0.0003336282, 0.00042829942
  -34.915095, 0.000554054, 0.00042829942
  -34.90864, 0.0004089636, 0.00042902969
  -34.90864, 0.0004213202, 0.00042902969
  -34.90864, 5.81956e-05, 0.00042902969
  -34.90864, 0.0004512152, 0.00042902969
  -34.902185, 0.0003954112, 0.00042976037
  -34.902185, 0.0007342212, 0.00042976037
  -34.889275, 0.0001522652, 0.00043122295
  -34.88282, 0.0007130954, 0.00043195484
  -34.876365, 0.0003639218, 0.00043268714
  -34.86991, 0.0005229632, 0.00043341985
  -34.86991, 0.000326852, 0.00043341985
  -34.86991, 0.0004639704, 0.00043341985
  -34.863455, 0.0006541026, 0.00043415296
  -34.863455, 0.0004811102, 0.00043415296
  -34.863455, 0.0004261034, 0.00043415296
  -34.857, 0.0003595372, 0.00043488648
  -34.850545, 0.0005432918, 0.00043562041
  -34.850545, 4.06572e-05, 0.00043562041
  -34.84409, 0.0002475306, 0.00043635474
  -34.84409, 0.0002088664, 0.00043635474
  -34.84409, 0.0009259478, 0.00043635474
  -34.837635, 0.0003065234, 0.00043708948
  -34.83118, 0.0004791172, 0.00043782463
  -34.83118, 0.0006600816, 0.00043782463
  -34.824725, 0.0003563484, 0.00043856018
  -34.824725, 0.0005855434, 0.00043856018
  -34.824725, 0.0007210674, 0.00043856018
  -34.824725, 0.0002873906, 0.00043856018
  -34.81827, 0.0001797686, 0.00043929614
  -34.81827, 0.000131538, 0.00043929614
  -34.81827, 0.0004101594, 0.00043929614
  -34.811815, 0.0004548026, 0.0004400325
  -34.80536, 0.0002303908, 0.00044076928
  -34.80536, 0.0005369142, 0.00044076928
  -34.80536, 0.0005847462, 0.00044076928
  -34.80536, 0.0002662648, 0.00044076928
  -34.798905, 0.0005245576, 0.00044150646
  -34.798905, 0.0006186272, 0.00044150646
  -34.798905, 0.0004400544, 0.00044150646
  -34.79245, 0.000326852, 0.00044224404
  -34.77954, 0.0001745868, 0.00044372044
  -34.773085, 0.0005448862, 0.00044445925
  -34.773085, 0.0004930682, 0.00044445925
  -34.773085, 0.0001981042, 0.00044445925
  -34.76663, 0.0004846976, 0.00044519847
  -34.760175, 0.0006584872, 0.00044593809
  -34.760175, 0.0002582928, 0.00044593809
  -34.760175, 0.0001606358, 0.00044593809
  -34.75372, 0.0004571942, 0.00044667813
  -34.747265, 0.0003156912, 0.00044741857
  -34.74081, 0.0008932626, 0.00044815942
  -34.74081, 0.0002543068, 0.00044815942
  -34.74081, 0.0003603344, 0.00044815942
  -34.734355, 1.7937e-05, 0.00044890068
  -34.734355, 0.0003950126, 0.00044890068
  -34.7279, 9.80556e-05, 0.00044964234
  -34.721445, 0.0006222146, 0.00045038442
  -34.721445, 0.00049825, 0.00045038442
  -34.71499, 0.0003316352, 0.0004511269
  -34.708535, 0.0007063192, 0.00045186979
  -34.708535, 0.0003778728, 0.00045186979
  -34.708535, 0.0001909294, 0.00045186979
  -34.708535, 0.000647725, 0.00045186979
  -34.708535, 0.0005357184, 0.00045186979
  -34.70208, 0.0003858448, 0.00045261309
  -34.70208, 0.0001279506, 0.00045261309
  -34.70208, 0.0005173828, 0.00045261309
  -34.70208, 0.0004934668, 0.00045261309
  -34.70208, 0.0005345226, 0.00045261309
  -34.70208, 0.0008506124, 0.00045261309
  -34.695625, 0.000386642, 0.00045335681
  -34.695625, 0.0002479292, 0.00045335681
  -34.695625, 0.0004181314, 0.00045335681
  -34.695625, 0.000328845, 0.00045335681
  -34.695625, 0.0002762298, 0.00045335681
  -34.695625, 0.0005157884, 0.00045335681
  -34.695625, 0.000271048, 0.00045335681
  -34.68917, 0.0004396558, 0.00045410092
  -34.68917, 6.9755e-05, 0.00045410092
  -34.68917, 0.0003555512, 0.00045410092
  -34.68917, 0.0006070678, 0.00045410092
  -34.68917, 0.0002248104, 0.00045410092
  -34.68917, 0.000683599, 0.00045410092
  -34.682715, 0.0004874878, 0.00045484545
  -34.682715, 0.0006943612, 0.00045484545
  -34.682715, 0.0001100136, 0.00045484545
  -34.682715, 0.0003244604, 0.00045484545
  -34.682715, 0.0004611802, 0.00045484545
  -34.67626, 0.0002216216, 0.00045559039
  -34.669805, 0.000277027, 0.00045633574
  -34.669805, 0.000729438, 0.00045633574
  -34.66335, 0.0007537526, 0.0004570815
  -34.656895, 0.0002495236, 0.00045782766
  -34.65044, 0.0002415516, 0.00045857424
  -34.65044, 0.0005544526, 0.00045857424
  -34.65044, 0.0004376628, 0.00045857424
  -34.643985, 0.0004261034, 0.00045932123
  -34.643985, 0.0001642232, 0.00045932123
  -34.643985, 0.0005990958, 0.00045932123
  -34.643985, 0.0005528582, 0.00045932123
  -34.643985, 0.0006963542, 0.00045932123
  -34.63753, 0.0006126482, 0.00046006863
  -34.63753, 0.0008418432, 0.00046006863
  -34.63753, 0.0004910752, 0.00046006863
  -34.63753, 0.0006712424, 0.00046006863
  -34.631075, 0.0004001944, 0.00046081643
  -34.631075, 0.0004217188, 0.00046081643
  -34.631075, 0.0006262006, 0.00046081643
  -34.631075, 0.000679613, 0.00046081643
  -34.631075, 0.0003794672, 0.00046081643
  -34.631075, 0.0004129496, 0.00046081643
  -34.62462, 0.0006441376, 0.00046156465
  -34.62462, 0.0005297394, 0.00046156465
  -34.618165, 0.0002455376, 0.00046231328
  -34.618165, 0.0002299922, 0.00046231328
  -34.618165, 0.0002068734, 0.00046231328
  -34.618165, 0.0005727882, 0.00046231328
  -34.618165, 0.0008015846, 0.00046231328
  -34.61171, 0.0006552984, 0.00046306232
  -34.61171, 0.00061783, 0.00046306232
  -34.61171, 0.0006309838, 0.00046306232
  -34.605255, 0.000446432, 0.00046381176
  -34.605255, 0.000490278, 0.00046381176
  -34.605255, 0.00061783, 0.00046381176
  -34.605255, 0.0004575928, 0.00046381176
  -34.5988, 0.0002678592, 0.00046456162
  -34.5988, 0.000253111, 0.00046456162
  -34.5988, 0.0006847948, 0.00046456162
  -34.592345, 0.000615837, 0.00046531189
  -34.592345, 0.0005357184, 0.00046531189
  -34.58589, 0.0007103052, 0.00046606258
  -34.58589, 0.000918773, 0.00046606258
  -34.579435, 0.0003164884, 0.00046681367
  -34.579435, 0.0006628718, 0.00046681367
  -34.579435, 0.0006349698, 0.00046681367
  -34.579435, 0.000607865, 0.00046681367
  -34.57298, 0.0002116566, 0.00046756517
  -34.57298, 0.0005867392, 0.00046756517
  -34.57298, 0.000432481, 0.00046756517
  -34.57298, 0.0007190744, 0.00046756517
  -34.57298, 0.0004229146, 0.00046756517
  -34.566525, 0.0008717382, 0.00046831709
  -34.566525, 0.0003160898, 0.00046831709
  -34.56007, 0.0005389072, 0.00046906941
  -34.553615, 0.000512201, 0.00046982215
  -34.553615, 0.000587935, 0.00046982215
  -34.540705, 0.0002634746, 0.00047132886
  -34.540705, 0.0004966556, 0.00047132886
  -34.53425, 0.000456397, 0.00047208283
  -34.53425, 0.0006349698, 0.00047208283
  -34.527795, 0.0003320338, 0.00047283722
  -34.514885, 0.0004181314, 0.00047434722
  -34.501975, 0.0005943126, 0.00047585888
  -34.501975, 0.0002774256, 0.00047585888
  -34.489065, 0.0006863892, 0.00047737218
  -34.476155, 0.000639753, 0.00047888714
  -34.4697, 0.000440453, 0.00047964523
  -34.4697, 0.0003483764, 0.00047964523
  -34.463245, 0.0005209702, 0.00048040374
  -34.45679, 0.0005313338, 0.00048116267
  -34.450335, 0.0004970542, 0.000481922
  -34.450335, 0.000480313, 0.000481922
  -34.44388, 0.000466362, 0.00048268175
  -34.44388, 0.0002766284, 0.00048268175
  -34.43097, 0.0002000972, 0.00048420249
  -34.424515, 0.0002574956, 0.00048496348
  -34.41806, 0.0005695994, 0.00048572488
  -34.41806, 0.0008876822, 0.00048572488
  -34.41806, 0.000506222, 0.00048572488
  -34.411605, 0.0002276006, 0.0004864867
  -34.411605, 0.0003699008, 0.0004864867
  -34.411605, 0.0003240618, 0.0004864867
  -34.40515, 0.000466362, 0.00048724893
  -34.398695, 0.0004791172, 0.00048801157
  -34.398695, 0.0002945654, 0.00048801157
  -34.398695, 0.0003272506, 0.00048801157
  -34.398695, 0.0008402488, 0.00048801157
  -34.39224, 0.0003156912, 0.00048877463
  -34.39224, 0.0004639704, 0.00048877463
  -34.39224, 0.0006014874, 0.00048877463
  -34.39224, 0.0003631246, 0.00048877463
  -34.39224, 0.0003639218, 0.00048877463
  -34.385785, 0.0006911724, 0.00048953811
  -34.385785, 0.0007816546, 0.00048953811
  -34.385785, 0.0007390044, 0.00048953811
  -34.385785, 0.0004918724, 0.00048953811
  -34.37933, 0.0005289422, 0.00049030199
  -34.37933, 0.000302936, 0.00049030199
  -34.37933, 0.0001526638, 0.00049030199
  -34.37933, 0.0003718938, 0.00049030199
  -34.372875, 0.0004938654, 0.0004910663
  -34.372875, 0.0002208244, 0.0004910663
  -34.372875, 0.0005006416, 0.0004910663
  -34.372875, 0.0006808088, 0.0004910663
  -34.36642, 0.000340803, 0.00049183101
  -34.36642, 0.000566012, 0.00049183101
  -34.36642, 0.0006361656, 0.00049183101
  -34.36642, 0.0006341726, 0.00049183101
  -34.36642, 0.000237167, 0.00049183101
  -34.359965, 0.000643739, 0.00049259614
  -34.359965, 0.000625802, 0.00049259614
  -34.359965, 0.0002586914, 0.00049259614
  -34.359965, 0.0004209216, 0.00049259614
  -34.359965, 0.0006891794, 0.00049259614
  -34.35351, 0.0002479292, 0.00049336169
  -34.35351, 0.0007122982, 0.00049336169
  -34.35351, 0.0006222146, 0.00049336169
  -34.35351, 0.0003970056, 0.00049336169
  -34.35351, 0.000663669, 0.00049336169
  -34.347055, 0.0005967042, 0.00049412765
  -34.347055, 0.000476327, 0.00049412765
  -34.347055, 0.0003675092, 0.00049412765
  -34.3406, 0.000528145, 0.00049489402
  -34.3406, 0.0010351642, 0.00049489402
  -34.3406, 0.0007748784, 0.00049489402
  -34.3406, 0.0006429418, 0.00049489402
  -34.334145, 0.0003830546, 0.00049566081
  -34.32769, 0.0005285436, 0.00049642802
  -34.32769, 0.0004368656, 0.00049642802
  -34.321235, 0.0005369142, 0.00049719564
  -34.321235, 0.000400593, 0.00049719564
  -34.321235, 0.0008274936, 0.00049719564
  -34.31478, 0.000667655, 0.00049796368
  -34.31478, 0.0005106066, 0.00049796368
  -34.308325, 0.0008203188, 0.00049873213
  -34.308325, 0.0005911238, 0.00049873213
  -34.308325, 0.0005636204, 0.00049873213
  -34.30187, 0.0005955084, 0.00049950099
  -34.30187, 0.0005006416, 0.00049950099
  -34.30187, 0.0004918724, 0.00049950099
  -34.295415, 0.0006385572, 0.00050027028
  -34.295415, 0.00011958, 0.00050027028
  -34.295415, 0.0005971028, 0.00050027028
  -34.28896, 0.0005393058, 0.00050103997
  -34.28896, 0.0003778728, 0.00050103997
  -34.28896, 0.0001757826, 0.00050103997
  -34.282505, 0.000484299, 0.00050181009
  -34.282505, 0.0003184814, 0.00050181009
  -34.282505, 0.0004898794, 0.00050181009
  -34.282505, 0.0004340754, 0.00050181009
  -34.27605, 0.000500243, 0.00050258062
  -34.27605, 0.000422516, 0.00050258062
  -34.27605, 0.0003942154, 0.00050258062
  -34.27605, 0.0002566984, 0.00050258062
  -34.27605, 0.0005532568, 0.00050258062
  -34.27605, 0.0005070192, 0.00050258062
  -34.269595, 0.0003400058, 0.00050335156
  -34.269595, 0.0007457806, 0.00050335156
  -34.269595, 0.0004699494, 0.00050335156
  -34.269595, 0.0007804588, 0.00050335156
  -34.269595, 0.000412551, 0.00050335156
  -34.269595, 0.0003125024, 0.00050335156
  -34.269595, 0.0004978514, 0.00050335156
  -34.26314, 0.0004029846, 0.00050412293
  -34.26314, 0.0005436904, 0.00050412293
  -34.26314, 0.000414544, 0.00050412293
  -34.26314, 0.0004647676, 0.00050412293
  -34.26314, 0.0002945654, 0.00050412293
  -34.256685, 0.0004520124, 0.0005048947
  -34.256685, 0.0003495722, 0.0005048947
  -34.25023, 0.0001977056, 0.0005056669
  -34.25023, 0.0004555998, 0.0005056669
  -34.25023, 0.000831081, 0.0005056669
  -34.25023, 0.0005695994, 0.0005056669
  -34.25023, 0.0005927182, 0.0005056669
  -34.25023, 0.0004635718, 0.0005056669
  -34.25023, 0.000569998, 0.0005056669
  -34.243775, 0.0005963056, 0.00050643951
  -34.243775, 0.0007378086, 0.00050643951
  -34.243775, 0.0009478708, 0.00050643951
  -34.230865, 0.0006764242, 0.00050798598
  -34.22441, 0.0004081664, 0.00050875984
  -34.22441, 0.000394614, 0.00050875984
  -34.22441, 0.0003372156, 0.00050875984
  -34.22441, 0.000831081, 0.00050875984
  -34.217955, 0.000326852, 0.00050953411
  -34.217955, 0.000581956, 0.00050953411
  -34.2115, 0.0003683064, 0.00051030881
  -34.205045, 0.0005389072, 0.00051108392
  -34.205045, 0.000362726, 0.00051108392
  -34.19859, 0.0003858448, 0.00051185944
  -34.192135, 0.0004647676, 0.00051263539
  -34.192135, 0.0004029846, 0.00051263539
  -34.192135, 0.0006074664, 0.00051263539
  -34.192135, 0.0006345712, 0.00051263539
  -34.192135, 0.0009773672, 0.00051263539
  -34.18568, 0.0004886836, 0.00051341175
  -34.18568, 0.0007641162, 0.00051341175
  -34.179225, 0.0006680536, 0.00051418853
  -34.179225, 0.0004707466, 0.00051418853
  -34.179225, 0.0004392572, 0.00051418853
  -34.179225, 0.0003854462, 0.00051418853
  -34.179225, 0.000849018, 0.00051418853
  -34.17277, 0.0005664106, 0.00051496572
  -34.166315, 0.000858983, 0.00051574334
  -34.15986, 0.0004448376, 0.00051652137
  -34.153405, 0.0005054248, 0.00051729982
  -34.153405, 0.0003575442, 0.00051729982
  -34.14695, 0.000647725, 0.00051807868
  -34.14695, 0.0003890336, 0.00051807868
  -34.14695, 0.0004799144, 0.00051807868
  -34.14695, 0.0005644176, 0.00051807868
  -34.14695, 0.0005707952, 0.00051807868
  -34.14695, 0.0005787672, 0.00051807868
  -34.140495, 0.0006234104, 0.00051885797
  -34.140495, 0.0006074664, 0.00051885797
  -34.140495, 0.0004093622, 0.00051885797
  -34.140495, 0.0003802644, 0.00051885797
  -34.140495, 0.000673634, 0.00051885797
  -34.13404, 0.000362726, 0.00051963767
  -34.13404, 0.0005010402, 0.00051963767
  -34.13404, 0.0004528096, 0.00051963767
  -34.127585, 0.0007521582, 0.00052041779
  -34.127585, 0.000811151, 0.00052041779
  -34.127585, 0.0005377114, 0.00052041779
  -34.12113, 0.0004141454, 0.00052119833
  -34.12113, 0.0003651176, 0.00052119833
  -34.114675, 0.0003758798, 0.00052197928
  -34.114675, 0.000520173, 0.00052197928
  -34.114675, 0.0007130954, 0.00052197928
  -34.114675, 0.0003710966, 0.00052197928
  -34.10822, 0.000645732, 0.00052276066
  -34.10822, 0.0004009916, 0.00052276066
  -34.10822, 0.000540103, 0.00052276066
  -34.10822, 0.0005416974, 0.00052276066
  -34.10822, 0.0006481236, 0.00052276066
  -34.101765, 0.0005409002, 0.00052354245
  -34.101765, 0.0004189286, 0.00052354245
  -34.09531, 0.0007326268, 0.00052432466
  -34.09531, 0.0005612288, 0.00052432466
  -34.09531, 0.0006692494, 0.00052432466
  -34.09531, 0.0004667606, 0.00052432466
  -34.09531, 0.0005735854, 0.00052432466
  -34.075945, 0.000454404, 0.0005266738
  -34.075945, 0.0005624246, 0.0005266738
  -34.06949, 0.0001785728, 0.00052745769
  -34.06949, 0.0004209216, 0.00052745769
  -34.05658, 0.000910801, 0.00052902672
  -34.05658, 0.0001403072, 0.00052902672
  -34.037215, 0.0007027318, 0.0005313834
  -34.03076, 0.0008916682, 0.0005321698
  -34.03076, 0.0006102566, 0.0005321698
  -34.03076, 0.0008055706, 0.0005321698
  -34.024305, 0.0003818588, 0.00053295662
  -34.024305, 0.0003782714, 0.00053295662
  -34.01785, 0.0004878864, 0.00053374385
  -34.011395, 0.0003802644, 0.00053453151
  -34.00494, 0.0005951098, 0.00053531959
  -33.99203, 0.0004735368, 0.000536897
  -33.985575, 0.0007541512, 0.00053768634
  -33.985575, 0.0005114038, 0.00053768634
  -33.97912, 0.0005592358, 0.00053847609
  -33.972665, 0.0003144954, 0.00053926627
  -33.972665, 0.0005297394, 0.00053926627
  -33.96621, 0.000811151, 0.00054005687
  -33.96621, 0.0005656134, 0.00054005687
  -33.96621, 0.0005149912, 0.00054005687
  -33.96621, 0.0005492708, 0.00054005687
  -33.96621, 0.0005715924, 0.00054005687
  -33.96621, 0.0004536068, 0.00054005687
  -33.96621, 0.0005827532, 0.00054005687
  -33.96621, 0.000573984, 0.00054005687
  -33.959755, 0.0005676064, 0.00054084788
  -33.959755, 0.0002423488, 0.00054084788
  -33.959755, 0.000520173, 0.00054084788
  -33.959755, 0.0004974528, 0.00054084788
  -33.959755, 0.0005412988, 0.00054084788
  -33.9533, 0.0002487264, 0.00054163932
  -33.9533, 0.0005456834, 0.00054163932
  -33.9533, 0.0005209702, 0.00054163932
  -33.9533, 0.0003336282, 0.00054163932
  -33.946845, 0.0006708438, 0.00054243117
  -33.946845, 0.0006923682, 0.00054243117
  -33.946845, 0.0004089636, 0.00054243117
  -33.946845, 0.0006289908, 0.00054243117
  -33.946845, 0.0006094594, 0.00054243117
  -33.946845, 0.0005078164, 0.00054243117
  -33.946845, 0.0003276492, 0.00054243117
  -33.94039, 0.000416537, 0.00054322345
  -33.92748, 0.0010511082, 0.00054480927
  -33.92748, 0.0004033832, 0.00054480927
  -33.921025, 0.000633774, 0.0005456028
  -33.921025, 0.0001207758, 0.0005456028
  -33.91457, 0.0005831518, 0.00054639676
  -33.91457, 0.0005911238, 0.00054639676
  -33.91457, 0.0005955084, 0.00054639676
  -33.908115, 0.0007661092, 0.00054719114
  -33.908115, 0.0003997958, 0.00054719114
  -33.908115, 0.0004898794, 0.00054719114
  -33.90166, 0.0006273964, 0.00054798594
  -33.90166, 0.0007708924, 0.00054798594
  -33.90166, 0.0003938168, 0.00054798594
  -33.90166, 0.0005775714, 0.00054798594
  -33.90166, 0.0006481236, 0.00054798594
  -33.895205, 0.000416537, 0.00054878116
  -33.895205, 0.0007445848, 0.00054878116
  -33.895205, 0.0006194244, 0.00054878116
  -33.895205, 0.0004436418, 0.00054878116
  -33.88875, 0.0007995916, 0.00054957681
  -33.88875, 0.0004791172, 0.00054957681
  -33.88875, 0.000334824, 0.00054957681
  -33.88875, 0.0006560956, 0.00054957681
  -33.882295, 0.0006102566, 0.00055037287
  -33.882295, 0.000651711, 0.00055037287
  -33.87584, 0.0004966556, 0.00055116935
  -33.87584, 0.0003559498, 0.00055116935
  -33.87584, 0.0005596344, 0.00055116935
  -33.869385, 0.0005644176, 0.00055196626
  -33.869385, 0.000709508, 0.00055196626
  -33.869385, 0.0004432432, 0.00055196626
  -33.86293, 0.0002443418, 0.00055276359
  -33.86293, 0.000380663, 0.00055276359
  -33.86293, 0.0005125996, 0.00055276359
  -33.856475, 0.0005994944, 0.00055356133
  -33.856475, 0.0006919696, 0.00055356133
  -33.856475, 0.0006142426, 0.00055356133
  -33.856475, 0.0003938168, 0.00055356133
  -33.85002, 0.000721466, 0.0005543595
  -33.85002, 0.0003738868, 0.0005543595
  -33.85002, 0.0005030332, 0.0005543595
  -33.843565, 0.0005010402, 0.00055515809
  -33.843565, 0.0005373128, 0.00055515809
  -33.843565, 0.0006959556, 0.00055515809
  -33.843565, 0.0008741298, 0.00055515809
  -33.843565, 0.0004129496, 0.00055515809
  -33.83711, 0.0007804588, 0.00055595711
  -33.83711, 0.001024402, 0.00055595711
  -33.830655, 0.0004109566, 0.00055675654
  -33.830655, 0.0003013416, 0.00055675654
  -33.8242, 0.0007103052, 0.0005575564
  -33.8242, 0.00081713, 0.0005575564
  -33.8242, 0.0007808574, 0.0005575564
  -33.817745, 0.000546082, 0.00055835667
  -33.81129, 0.0007649134, 0.00055915737
  -33.804835, 0.0007386058, 0.00055995849
  -33.79838, 0.0004189286, 0.00056076004
  -33.791925, 0.000390628, 0.000561562
  -33.78547, 0.0007597316, 0.00056236439
  -33.77256, 0.0008055706, 0.00056397043
  -33.77256, 0.000364719, 0.00056397043
  -33.766105, 0.0006389558, 0.00056477408
  -33.766105, 0.0006748298, 0.00056477408
  -33.75965, 0.0004679564, 0.00056557816
  -33.75965, 0.0007390044, 0.00056557816
  -33.753195, 0.0004380614, 0.00056638266
  -33.753195, 0.0008701438, 0.00056638266
  -33.74674, 0.0004129496, 0.00056718758
  -33.74674, 0.0006612774, 0.00056718758
  -33.73383, 0.0004958584, 0.00056879869
  -33.727375, 0.0004157398, 0.00056960488
  -33.727375, 0.0004097608, 0.00056960488
  -33.72092, 0.0004241104, 0.00057041149
  -33.72092, 0.00089685, 0.00057041149
  -33.714465, 0.0004428446, 0.00057121852
  -33.714465, 0.0006281936, 0.00057121852
  -33.70801, 0.000506222, 0.00057202598
  -33.701555, 0.000573984, 0.00057283386
  -33.6951, 0.0004739354, 0.00057364216
  -33.6951, 0.0005145926, 0.00057364216
  -33.688645, 0.0005098094, 0.00057445089
  -33.675735, 0.0005791658, 0.00057606961
  -33.66928, 0.0003679078, 0.0005768796
  -33.662825, 0.0005735854, 0.00057769002
  -33.662825, 0.00033881, 0.00057769002
  -33.662825, 0.0005006416, 0.00057769002
  -33.662825, 0.0006604802, 0.00057769002
  -33.65637, 0.0005066206, 0.00057850086
  -33.65637, 0.0004866906, 0.00057850086
  -33.65637, 0.000733424, 0.00057850086
  -33.649915, 0.000681606, 0.00057931213
  -33.649915, 0.000542096, 0.00057931213
  -33.649915, 0.0006465292, 0.00057931213
  -33.64346, 0.0004269006, 0.00058012382
  -33.637005, 0.0001945168, 0.00058093593
  -33.637005, 0.0002662648, 0.00058093593
  -33.637005, 0.0005424946, 0.00058093593
  -33.637005, 0.0004548026, 0.00058093593
  -33.63055, 0.0005309352, 0.00058174847
  -33.63055, 0.0003790686, 0.00058174847
  -33.63055, 0.0007581372, 0.00058174847
  -33.624095, 0.0008239062, 0.00058256143
  -33.624095, 0.0005711938, 0.00058256143
  -33.624095, 0.0008581858, 0.00058256143
  -33.624095, 0.0005476764, 0.00058256143
  -33.61764, 0.0004061734, 0.00058337481
  -33.61764, 0.0006632704, 0.00058337481
  -33.61764, 4.90278e-05, 0.00058337481
  -33.61764, 0.0004332782, 0.00058337481
  -33.611185, 0.000544089, 0.00058418862
  -33.611185, 0.0008860878, 0.00058418862
  -33.611185, 0.000789228, 0.00058418862
  -33.611185, 0.0008701438, 0.00058418862
  -33.611185, 0.0006891794, 0.00058418862
  -33.611185, 0.0006361656, 0.00058418862
  -33.60473, 0.0002893836, 0.00058500285
  -33.60473, 0.0004141454, 0.00058500285
  -33.598275, 0.0003276492, 0.0005858175
  -33.598275, 0.0004815088, 0.0005858175
  -33.598275, 0.0007270464, 0.0005858175
  -33.598275, 0.0007461792, 0.0005858175
  -33.598275, 0.0004448376, 0.0005858175
  -33.598275, 0.000490278, 0.0005858175
  -33.598275, 0.0005026346, 0.0005858175
  -33.598275, 0.0006628718, 0.0005858175
  -33.598275, 0.0005293408, 0.0005858175
  -33.59182, 0.0006907738, 0.00058663258
  -33.59182, 0.0004516138, 0.00058663258
  -33.59182, 0.0006859906, 0.00058663258
  -33.59182, 0.0004197258, 0.00058663258
  -33.59182, 0.000761326, 0.00058663258
  -33.585365, 0.0003543554, 0.00058744808
  -33.585365, 0.0008366614, 0.00058744808
  -33.585365, 0.0007059206, 0.00058744808
  -33.585365, 0.0004213202, 0.00058744808
  -33.585365, 0.0005185786, 0.00058744808
  -33.585365, 0.0004408516, 0.00058744808
  -33.585365, 0.0005018374, 0.00058744808
  -33.57891, 0.0007780672, 0.00058826401
  -33.57891, 0.0009654092, 0.00058826401
  -33.57891, 0.0004831032, 0.00058826401
  -33.57891, 0.0007661092, 0.00058826401
  -33.57891, 0.0006365642, 0.00058826401
  -33.572455, 0.0006214174, 0.00058908036
  -33.572455, 0.000253111, 0.00058908036
  -33.572455, 0.0005803616, 0.00058908036
  -33.572455, 0.0007099066, 0.00058908036
  -33.572455, 0.0006206202, 0.00058908036
  -33.566, 0.0003659148, 0.00058989714
  -33.559545, 0.0003423974, 0.00059071434
  -33.559545, 0.0003216702, 0.00059071434
  -33.559545, 0.000500243, 0.00059071434
  -33.559545, 0.0005979, 0.00059071434
  -33.559545, 0.0006692494, 0.00059071434
  -33.559545, 0.0006022846, 0.00059071434
  -33.55309, 0.0005325296, 0.00059153196
  -33.55309, 0.0005588372, 0.00059153196
  -33.55309, 0.0007099066, 0.00059153196
  -33.55309, 0.0005217674, 0.00059153196
  -33.55309, 0.0007577386, 0.00059153196
  -33.55309, 0.0006620746, 0.00059153196
  -33.55309, 0.000354754, 0.00059153196
  -33.55309, 0.0008737312, 0.00059153196
  -33.55309, 0.000442446, 0.00059153196
  -33.55309, 0.0009231576, 0.00059153196
  -33.55309, 0.0007860392, 0.00059153196
  -33.546635, 0.0007537526, 0.00059235001
  -33.546635, 0.000556047, 0.00059235001
  -33.54018, 0.0007625218, 0.00059316848
  -33.54018, 0.0006752284, 0.00059316848
  -33.54018, 0.000442446, 0.00059316848
  -33.54018, 0.0007083122, 0.00059316848
  -33.54018, 0.0008195216, 0.00059316848
  -33.54018, 0.0004468306, 0.00059316848
  -33.54018, 0.0004846976, 0.00059316848
  -33.54018, 0.0001702022, 0.00059316848
  -33.54018, 0.0004607816, 0.00059316848
  -33.533725, 0.0005986972, 0.00059398737
  -33.533725, 0.0003260548, 0.00059398737
  -33.520815, 0.0003778728, 0.00059562644
  -33.51436, 0.0008625704, 0.00059644661
  -33.51436, 0.0004647676, 0.00059644661
  -33.507905, 0.0007437876, 0.0005972672
  -33.507905, 0.0007402002, 0.0005972672
  -33.50145, 0.0005026346, 0.00059808822
  -33.50145, 0.0005317324, 0.00059808822
  -33.50145, 0.000673634, 0.00059808822
  -33.50145, 0.0005883336, 0.00059808822
  -33.50145, 0.0005337254, 0.00059808822
  -33.494995, 0.0008434376, 0.00059890967
  -33.494995, 0.0004635718, 0.00059890967
  -33.494995, 0.0007983958, 0.00059890967
  -33.494995, 0.0004492222, 0.00059890967
  -33.494995, 0.0007960042, 0.00059890967
  -33.48854, 0.0007202702, 0.00059973154
  -33.48854, 0.0003372156, 0.00059973154
  -33.48854, 0.0006987458, 0.00059973154
  -33.48854, 0.0005771728, 0.00059973154
  -33.482085, 0.0005090122, 0.00060055383
  -33.482085, 0.0008856892, 0.00060055383
  -33.47563, 0.0006764242, 0.00060137655
  -33.47563, 0.0005532568, 0.00060137655
  -33.47563, 0.0004073692, 0.00060137655
  -33.47563, 0.000452411, 0.00060137655
  -33.47563, 0.0005333268, 0.00060137655
  -33.469175, 0.0004137468, 0.00060219969
  -33.469175, 0.000645732, 0.00060219969
  -33.469175, 0.000593914, 0.00060219969
  -33.46272, 0.0002646704, 0.00060302326
  -33.46272, 0.000719473, 0.00060302326
  -33.46272, 0.0006963542, 0.00060302326
  -33.46272, 0.0004974528, 0.00060302326
  -33.46272, 0.0005476764, 0.00060302326
  -33.46272, 0.0002941668, 0.00060302326
  -33.456265, 0.0005213688, 0.00060384725
  -33.456265, 0.0005305366, 0.00060384725
  -33.456265, 0.0005149912, 0.00060384725
  -33.456265, 0.0005496694, 0.00060384725
  -33.456265, 0.0008685494, 0.00060384725
  -33.456265, 0.000789228, 0.00060384725
  -33.456265, 0.0010311782, 0.00060384725
  -33.456265, 0.0003982014, 0.00060384725
  -33.456265, 0.0008087594, 0.00060384725
  -33.456265, 0.000805172, 0.00060384725
  -33.44981, 0.0007122982, 0.00060467167
  -33.44981, 0.0002303908, 0.00060467167
  -33.44981, 0.0008478222, 0.00060467167
  -33.44981, 0.0005676064, 0.00060467167
  -33.44981, 0.0004528096, 0.00060467167
  -33.44981, 0.0006632704, 0.00060467167
  -33.44981, 0.000599893, 0.00060467167
  -33.44981, 0.0007099066, 0.00060467167
  -33.44981, 0.00111608, 0.00060467167
  -33.443355, 0.000583949, 0.00060549651
  -33.443355, 0.000506222, 0.00060549651
  -33.443355, 0.000332831, 0.00060549651
  -33.443355, 0.0007126968, 0.00060549651
  -33.4369, 0.0005755784, 0.00060632178
  -33.4369, 0.0004978514, 0.00060632178
  -33.4369, 0.0005672078, 0.00060632178
  -33.4369, 0.0008318782, 0.00060632178
  -33.430445, 0.0005468792, 0.00060714747
  -33.430445, 0.0004699494, 0.00060714747
  -33.430445, 0.0006481236, 0.00060714747
  -33.42399, 0.0007322282, 0.00060797359
  -33.42399, 0.0004994458, 0.00060797359
  -33.42399, 0.0005795644, 0.00060797359
  -33.42399, 0.0007888294, 0.00060797359
  -33.42399, 0.000263076, 0.00060797359
  -33.417535, 0.0005564456, 0.00060880014
  -33.417535, 0.0003384114, 0.00060880014
  -33.41108, 0.0006768228, 0.00060962711
  -33.41108, 0.0005389072, 0.00060962711
  -33.404625, 0.000739403, 0.0006104545
  -33.404625, 0.0006899766, 0.0006104545
  -33.404625, 0.0003898308, 0.0006104545
  -33.404625, 0.0006963542, 0.0006104545
  -33.39817, 0.0007501652, 0.00061128232
  -33.391715, 0.0007230604, 0.00061211056
  -33.391715, 0.0003559498, 0.00061211056
  -33.391715, 0.000868948, 0.00061211056
  -33.391715, 0.000713494, 0.00061211056
  -33.391715, 0.0006843962, 0.00061211056
  -33.38526, 0.0004372642, 0.00061293924
  -33.38526, 0.0007166828, 0.00061293924
  -33.38526, 0.000647725, 0.00061293924
  -33.38526, 0.0007808574, 0.00061293924
  -33.37235, 0.00063776, 0.00061459785
  -33.37235, 0.0004974528, 0.00061459785
  -33.37235, 0.0003156912, 0.00061459785
  -33.37235, 0.000440453, 0.00061459785
  -33.365895, 0.0008956542, 0.0006154278
  -33.365895, 0.000691571, 0.0006154278
  -33.35944, 0.000645732, 0.00061625817
  -33.35944, 0.0006568928, 0.00061625817
  -33.352985, 0.0007138926, 0.00061708897
  -33.34653, 0.00033881, 0.0006179202
  -33.340075, 0.0008342698, 0.00061875185
  -33.340075, 0.000747375, 0.00061875185
  -33.340075, 0.00053811, 0.00061875185
  -33.33362, 0.0004555998, 0.00061958392
  -33.33362, 0.0007358156, 0.00061958392
  -33.327165, 0.000789228, 0.00062041642
  -33.327165, 0.0005963056, 0.00062041642
  -33.32071, 0.0004197258, 0.00062124935
  -33.32071, 0.00081713, 0.00062124935
  -33.32071, 0.0004536068, 0.00062124935
  -33.314255, 0.000566012, 0.0006220827
  -33.314255, 0.0004926696, 0.0006220827
  -33.314255, 0.0009968986, 0.0006220827
  -33.314255, 0.000908808, 0.0006220827
  -33.3078, 0.0004787186, 0.00062291648
  -33.3078, 0.0004846976, 0.00062291648
  -33.3078, 0.0007370114, 0.00062291648
  -33.3078, 0.0006273964, 0.00062291648
  -33.3078, 0.0002786214, 0.00062291648
  -33.301345, 0.0002467334, 0.00062375069
  -33.301345, 0.000502236, 0.00062375069
  -33.301345, 0.000506222, 0.00062375069
  -33.301345, 0.0006090608, 0.00062375069
  -33.301345, 0.0008577872, 0.00062375069
  -33.301345, 0.0008864864, 0.00062375069
  -33.301345, 0.0002614816, 0.00062375069
  -33.301345, 0.000603879, 0.00062375069
  -33.29489, 0.0006166342, 0.00062458532
  -33.29489, 0.0006373614, 0.00062458532
  -33.29489, 0.0005233618, 0.00062458532
  -33.29489, 0.0003583414, 0.00062458532
  -33.29489, 0.0004492222, 0.00062458532
  -33.288435, 0.0006584872, 0.00062542038
  -33.28198, 0.0008761228, 0.00062625586
  -33.28198, 0.0008633676, 0.00062625586
  -33.28198, 0.0002857962, 0.00062625586
  -33.28198, 0.0005428932, 0.00062625586
  -33.28198, 0.001048318, 0.00062625586
  -33.275525, 0.000749368, 0.00062709177
  -33.275525, 0.0008147384, 0.00062709177
  -33.275525, 0.0006413474, 0.00062709177
  -33.26907, 0.0006226132, 0.00062792811
  -33.26907, 0.0004336768, 0.00062792811
  -33.26907, 0.0008657592, 0.00062792811
  -33.262615, 0.0006006902, 0.00062876487
  -33.262615, 0.000874927, 0.00062876487
  -33.25616, 0.0009044234, 0.00062960206
  -33.249705, 0.0002156426, 0.00063043967
  -33.249705, 0.00075734, 0.00063043967
  -33.249705, 0.0004069706, 0.00063043967
  -33.24325, 0.000470348, 0.00063127771
  -33.236795, 0.0006174314, 0.00063211618
  -33.236795, 0.0008063678, 0.00063211618
  -33.236795, 0.000585942, 0.00063211618
  -33.23034, 0.0009402974, 0.00063295507
  -33.23034, 0.0006102566, 0.00063295507
  -33.23034, 0.0004958584, 0.00063295507
  -33.223885, 0.000669648, 0.00063379439
  -33.223885, 0.000647725, 0.00063379439
  -33.223885, 0.0009877308, 0.00063379439
  -33.223885, 0.000428495, 0.00063379439
  -33.21743, 0.0006409488, 0.00063463413
  -33.21743, 0.0007286408, 0.00063463413
  -33.210975, 0.000741396, 0.00063547431
  -33.210975, 0.0003734882, 0.00063547431
  -33.210975, 0.0005488722, 0.00063547431
  -33.20452, 0.0005891308, 0.00063631491
  -33.20452, 0.0008514096, 0.00063631491
  -33.198065, 0.0004316838, 0.00063715593
  -33.198065, 0.000568005, 0.00063715593
  -33.185155, 0.0006070678, 0.00063883926
  -33.1787, 0.0004886836, 0.00063968156
  -33.1787, 0.0010036748, 0.00063968156
  -33.172245, 0.0005149912, 0.0006405243
  -33.172245, 0.0009000388, 0.0006405243
  -33.16579, 0.0008294866, 0.00064136745
  -33.16579, 0.0006174314, 0.00064136745
  -33.159335, 0.0005205716, 0.00064221104
  -33.159335, 0.0006923682, 0.00064221104
  -33.15288, 0.0008223118, 0.00064305505
  -33.146425, 0.0001721952, 0.00064389949
  -33.133515, 0.0006210188, 0.00064558964
  -33.133515, 0.000372691, 0.00064558964
  -33.12706, 0.0008003888, 0.00064643536
  -33.12706, 0.0004500194, 0.00064643536
  -33.120605, 0.0006365642, 0.0006472815
  -33.120605, 0.0008884794, 0.0006472815
  -33.120605, 0.0004950612, 0.0006472815
  -33.11415, 0.0009638148, 0.00064812807
  -33.11415, 0.0004831032, 0.00064812807
  -33.11415, 0.0005783686, 0.00064812807
  -33.11415, 0.0006744312, 0.00064812807
  -33.107695, 0.0006963542, 0.00064897507
  -33.107695, 0.0007960042, 0.00064897507
  -33.107695, 0.0007210674, 0.00064897507
  -33.107695, 0.0007848434, 0.00064897507
  -33.107695, 0.000781256, 0.00064897507
  -33.107695, 0.0006393544, 0.00064897507
  -33.10124, 0.0004998444, 0.0006498225
  -33.10124, 0.0006608788, 0.0006498225
  -33.10124, 0.0003324324, 0.0006498225
  -33.094785, 0.0007118996, 0.00065067035
  -33.094785, 0.0008294866, 0.00065067035
  -33.08833, 0.0007142912, 0.00065151863
  -33.081875, 0.0005986972, 0.00065236733
  -33.081875, 0.0006265992, 0.00065236733
  -33.07542, 0.0008099552, 0.00065321646
  -33.068965, 0.0008462278, 0.00065406602
  -33.068965, 0.000370698, 0.00065406602
  -33.06251, 0.0003077192, 0.00065491601
  -33.056055, 0.0011368072, 0.00065576642
  -33.0496, 0.000428495, 0.00065661726
  -33.0496, 0.0009438848, 0.00065661726
  -33.043145, 0.0006728368, 0.00065746853
  -33.03669, 0.000380663, 0.00065832022
  -33.03669, 0.0007091094, 0.00065832022
  -33.03669, 0.0006289908, 0.00065832022
  -33.03669, 0.0006712424, 0.00065832022
  -33.03669, 0.0006859906, 0.00065832022
  -33.030235, 0.000532131, 0.00065917234
  -33.030235, 0.0004751312, 0.00065917234
  -33.030235, 0.0004420474, 0.00065917234
  -33.017325, 0.0005066206, 0.00066087787
  -33.017325, 0.0006022846, 0.00066087787
  -33.017325, 0.0005125996, 0.00066087787
  -33.017325, 0.0004655648, 0.00066087787
  -33.01087, 0.0001606358, 0.00066173127
  -33.01087, 0.0003236632, 0.00066173127
  -33.01087, 0.0010307796, 0.00066173127
  -33.01087, 0.0006182286, 0.00066173127
  -33.01087, 0.0007138926, 0.00066173127
  -33.01087, 0.0006265992, 0.00066173127
  -33.01087, 0.0005943126, 0.00066173127
  -33.01087, 0.0004767256, 0.00066173127
  -33.004415, 0.0006134454, 0.0006625851
  -33.004415, 0.000715487, 0.0006625851
  -32.99796, 0.0006453334, 0.00066343935
  -32.99796, 0.0006146412, 0.00066343935
  -32.99796, 0.0006094594, 0.00066343935
  -32.99796, 0.0007238576, 0.00066343935
  -32.99796, 0.00053811, 0.00066343935
  -32.99796, 0.0004233132, 0.00066343935
  -32.991505, 0.0006186272, 0.00066429404
  -32.991505, 0.0005644176, 0.00066429404
  -32.98505, 0.0007704938, 0.00066514915
  -32.98505, 0.0003675092, 0.00066514915
  -32.98505, 0.0008486194, 0.00066514915
  -32.98505, 0.0004392572, 0.00066514915
  -32.98505, 0.001038353, 0.00066514915
  -32.98505, 0.0005867392, 0.00066514915
  -32.98505, 0.0010969472, 0.00066514915
  -32.978595, 0.0005763756, 0.00066600468
  -32.978595, 0.000864962, 0.00066600468
  -32.978595, 0.0005903266, 0.00066600468
  -32.978595, 0.0008498152, 0.00066600468
  -32.978595, 0.0004950612, 0.00066600468
  -32.978595, 0.0005851448, 0.00066600468
  -32.978595, 0.0002857962, 0.00066600468
  -32.97214, 0.0003978028, 0.00066686065
  -32.97214, 0.0006883822, 0.00066686065
  -32.97214, 0.0007864378, 0.00066686065
  -32.97214, 0.0008478222, 0.00066686065
  -32.965685, 0.0004440404, 0.00066771704
  -32.965685, 0.0008183258, 0.00066771704
  -32.965685, 0.0001566498, 0.00066771704
  -32.965685, 0.000583949, 0.00066771704
  -32.965685, 0.0008255006, 0.00066771704
  -32.965685, 0.0004133482, 0.00066771704
  -32.965685, 0.0006780186, 0.00066771704
  -32.965685, 0.000631781, 0.00066771704
  -32.965685, 0.0004731382, 0.00066771704
  -32.965685, 0.000422516, 0.00066771704
  -32.965685, 0.0008334726, 0.00066771704
  -32.95923, 0.0008685494, 0.00066857386
  -32.95923, 0.0005492708, 0.00066857386
  -32.95923, 0.0007485708, 0.00066857386
  -32.95923, 0.000847025, 0.00066857386
  -32.952775, 0.0008538012, 0.0006694311
  -32.952775, 0.0004819074, 0.0006694311
  -32.952775, 0.0010240034, 0.0006694311
  -32.952775, 0.0007688994, 0.0006694311
  -32.952775, 0.0009151856, 0.0006694311
  -32.94632, 0.0005177814, 0.00067028878
  -32.94632, 0.0005129982, 0.00067028878
  -32.94632, 0.0007126968, 0.00067028878
  -32.94632, 0.0008358642, 0.00067028878
  -32.94632, 0.0004137468, 0.00067028878
  -32.94632, 0.0008107524, 0.00067028878
  -32.94632, 0.0007390044, 0.00067028878
  -32.94632, 0.0005269492, 0.00067028878
  -32.939865, 0.0009231576, 0.00067114688
  -32.939865, 0.0003623274, 0.00067114688
  -32.939865, 0.0005373128, 0.00067114688
  -32.939865, 0.0006772214, 0.00067114688
  -32.939865, 0.0005923196, 0.00067114688
  -32.93341, 0.0007736826, 0.0006720054
  -32.93341, 0.000906815, 0.0006720054
  -32.93341, 0.0004452362, 0.0006720054
  -32.93341, 0.0003918238, 0.0006720054
  -32.93341, 0.0007298366, 0.0006720054
  -32.93341, 0.0007601302, 0.0006720054
  -32.93341, 0.0009363114, 0.0006720054
  -32.93341, 0.0006588858, 0.0006720054
  -32.93341, 0.000661676, 0.0006720054
  -32.93341, 0.0003491736, 0.0006720054
  -32.93341, 0.0006971514, 0.0006720054
  -32.926955, 0.0009036262, 0.00067286436
  -32.926955, 0.0002822088, 0.00067286436
  -32.926955, 0.0009175772, 0.00067286436
  -32.926955, 0.0007936126, 0.00067286436
  -32.926955, 0.0007039276, 0.00067286436
  -32.926955, 0.0006086622, 0.00067286436
  -32.926955, 0.0002638732, 0.00067286436
  -32.926955, 0.0010120454, 0.00067286436
  -32.926955, 0.0005094108, 0.00067286436
  -32.9205, 0.0006146412, 0.00067372374
  -32.9205, 0.0006194244, 0.00067372374
  -32.9205, 0.0007465778, 0.00067372374
  -32.914045, 0.00065769, 0.00067458355
  -32.914045, 0.000247132, 0.00067458355
  -32.914045, 0.0008406474, 0.00067458355
  -32.914045, 0.0005377114, 0.00067458355
  -32.914045, 0.0008119482, 0.00067458355
  -32.914045, 0.0008334726, 0.00067458355
  -32.914045, 0.0007441862, 0.00067458355
  -32.914045, 0.0004460334, 0.00067458355
  -32.914045, 0.0006146412, 0.00067458355
  -32.914045, 0.000853004, 0.00067458355
  -32.914045, 0.0005632218, 0.00067458355
  -32.90759, 0.0011128912, 0.00067544378
  -32.90759, 0.0009992902, 0.00067544378
  -32.90759, 0.0010451292, 0.00067544378
  -32.90759, 0.0007477736, 0.00067544378
  -32.90759, 0.0008733326, 0.00067544378
  -32.90759, 0.0006927668, 0.00067544378
  -32.90759, 0.0005763756, 0.00067544378
  -32.90759, 0.000225209, 0.00067544378
  -32.901135, 0.0007720882, 0.00067630445
  -32.89468, 0.000536117, 0.00067716554
  -32.89468, 0.0009829476, 0.00067716554
  -32.89468, 0.0009255492, 0.00067716554
  -32.89468, 0.0010459264, 0.00067716554
  -32.89468, 0.0010176258, 0.00067716554
  -32.89468, 0.0006648648, 0.00067716554
  -32.888225, 0.00083706, 0.00067802705
  -32.888225, 0.0005823546, 0.00067802705
  -32.888225, 0.0006529068, 0.00067802705
  -32.888225, 0.0003742854, 0.00067802705
  -32.88177, 0.0008203188, 0.000678889
  -32.88177, 0.0007441862, 0.000678889
  -32.88177, 0.0008338712, 0.000678889
  -32.88177, 0.0007182772, 0.000678889
  -32.88177, 0.0005723896, 0.000678889
  -32.88177, 0.0008633676, 0.000678889
  -32.88177, 0.000723459, 0.000678889
  -32.88177, 0.0007529554, 0.000678889
  -32.88177, 0.0006413474, 0.000678889
  -32.88177, 0.0008386544, 0.000678889
  -32.875315, 0.0008007874, 0.00067975137
  -32.875315, 0.0008518082, 0.00067975137
  -32.875315, 0.0007880322, 0.00067975137
  -32.875315, 0.0007537526, 0.00067975137
  -32.875315, 0.0005827532, 0.00067975137
  -32.875315, 0.0008884794, 0.00067975137
  -32.875315, 0.000502236, 0.00067975137
  -32.875315, 0.000793214, 0.00067975137
  -32.86886, 0.000815137, 0.00068061417
  -32.86886, 0.00075734, 0.00068061417
  -32.86886, 0.0008059692, 0.00068061417
  -32.86886, 0.0005887322, 0.00068061417
  -32.86886, 0.0006584872, 0.00068061417
  -32.86886, 0.0007286408, 0.00068061417
  -32.862405, 0.0007760742, 0.00068147739
  -32.862405, 0.0005986972, 0.00068147739
  -32.862405, 0.0010670522, 0.00068147739
  -32.862405, 0.0007545498, 0.00068147739
  -32.862405, 0.0006006902, 0.00068147739
  -32.862405, 0.0006122496, 0.00068147739
  -32.862405, 0.0006847948, 0.00068147739
  -32.862405, 0.0011674994, 0.00068147739
  -32.862405, 0.0007310324, 0.00068147739
  -32.862405, 0.0006321796, 0.00068147739
  -32.862405, 0.0005098094, 0.00068147739
  -32.862405, 0.0005393058, 0.00068147739
  -32.85595, 0.0005664106, 0.00068234105
  -32.85595, 0.0004998444, 0.00068234105
  -32.85595, 0.0005636204, 0.00068234105
  -32.85595, 0.0006684522, 0.00068234105
  -32.85595, 0.0007637176, 0.00068234105
  -32.85595, 0.0007944098, 0.00068234105
  -32.85595, 0.0009395002, 0.00068234105
  -32.85595, 0.000569998, 0.00068234105
  -32.85595, 0.0006748298, 0.00068234105
  -32.85595, 0.000554054, 0.00068234105
  -32.85595, 0.0006022846, 0.00068234105
  -32.85595, 0.0007948084, 0.00068234105
  -32.85595, 0.0003782714, 0.00068234105
  -32.849495, 0.0009084094, 0.00068320513
  -32.849495, 0.0006943612, 0.00068320513
  -32.849495, 0.0009873322, 0.00068320513
  -32.849495, 0.0004635718, 0.00068320513
  -32.849495, 0.000593914, 0.00068320513
  -32.849495, 0.000843039, 0.00068320513
  -32.849495, 0.0006493194, 0.00068320513
  -32.849495, 0.0010754228, 0.00068320513
  -32.849495, 0.0006548998, 0.00068320513
  -32.849495, 0.0008175286, 0.00068320513
  -32.84304, 0.0007880322, 0.00068406963
  -32.84304, 0.0009115982, 0.00068406963
  -32.84304, 0.0005153898, 0.00068406963
  -32.84304, 0.000647725, 0.00068406963
  -32.84304, 0.0006843962, 0.00068406963
  -32.84304, 0.0011750728, 0.00068406963
  -32.84304, 0.0004687536, 0.00068406963
  -32.84304, 0.0007402002, 0.00068406963
  -32.84304, 0.0012611704, 0.00068406963
  -32.84304, 0.000605872, 0.00068406963
  -32.84304, 0.0010853878, 0.00068406963
  -32.84304, 0.0010917654, 0.00068406963
  -32.84304, 0.0004117538, 0.00068406963
  -32.84304, 0.0005723896, 0.00068406963
  -32.84304, 0.0008398502, 0.00068406963
  -32.836585, 0.000825102, 0.00068493457
  -32.836585, 0.0006106552, 0.00068493457
  -32.836585, 0.0008207174, 0.00068493457
  -32.836585, 0.0005389072, 0.00068493457
  -32.836585, 0.0007043262, 0.00068493457
  -32.836585, 0.0003970056, 0.00068493457
  -32.836585, 0.0006987458, 0.00068493457
  -32.836585, 0.000811151, 0.00068493457
  -32.836585, 0.0009175772, 0.00068493457
  -32.836585, 0.000819123, 0.00068493457
  -32.836585, 0.0010706396, 0.00068493457
  -32.836585, 0.0004229146, 0.00068493457
  -32.836585, 0.0006082636, 0.00068493457
  -32.836585, 0.0004974528, 0.00068493457
  -32.836585, 0.0007118996, 0.00068493457
  -32.836585, 0.000468355, 0.00068493457
  -32.836585, 0.0005763756, 0.00068493457
  -32.836585, 0.000663669, 0.00068493457
  -32.836585, 0.0005835504, 0.00068493457
  -32.836585, 0.0004938654, 0.00068493457
  -32.836585, 0.0007206688, 0.00068493457
  -32.836585, 0.0007437876, 0.00068493457
  -32.836585, 0.0008856892, 0.00068493457
  -32.83013, 0.0006568928, 0.00068579993
  -32.83013, 0.0007318296, 0.00068579993
  -32.83013, 0.0007206688, 0.00068579993
  -32.83013, 0.0004795158, 0.00068579993
  -32.83013, 0.0006947598, 0.00068579993
  -32.83013, 0.0007788644, 0.00068579993
  -32.83013, 0.0007800602, 0.00068579993
  -32.83013, 0.0006441376, 0.00068579993
  -32.83013, 0.00091678, 0.00068579993
  -32.83013, 0.00089685, 0.00068579993
  -32.83013, 0.000364719, 0.00068579993
  -32.83013, 0.0005532568, 0.00068579993
  -32.83013, 0.001066255, 0.00068579993
  -32.83013, 0.0006688508, 0.00068579993
  -32.83013, 0.000789228, 0.00068579993
  -32.823675, 0.000998493, 0.00068666572
  -32.823675, 0.0007107038, 0.00068666572
  -32.823675, 0.0007222632, 0.00068666572
  -32.823675, 0.0008801088, 0.00068666572
  -32.823675, 0.0005209702, 0.00068666572
  -32.823675, 0.001032374, 0.00068666572
  -32.823675, 0.000454404, 0.00068666572
  -32.823675, 0.00025909, 0.00068666572
  -32.823675, 0.0008143398, 0.00068666572
  -32.823675, 0.0006847948, 0.00068666572
  -32.823675, 0.0007768714, 0.00068666572
  -32.823675, 0.000805172, 0.00068666572
  -32.81722, 0.0009438848, 0.00068753194
  -32.81722, 0.00049825, 0.00068753194
  -32.81722, 0.000601886, 0.00068753194
  -32.81722, 0.0007665078, 0.00068753194
  -32.81722, 0.0006652634, 0.00068753194
  -32.81722, 0.0007657106, 0.00068753194
  -32.81722, 0.0009191716, 0.00068753194
  -32.81722, 0.0009582344, 0.00068753194
  -32.81722, 0.0008043748, 0.00068753194
  -32.810765, 0.0005129982, 0.00068839858
  -32.810765, 0.0004799144, 0.00068839858
  -32.810765, 0.0008864864, 0.00068839858
  -32.810765, 0.000603879, 0.00068839858
  -32.810765, 0.00095664, 0.00068839858
  -32.810765, 0.0007597316, 0.00068839858
  -32.810765, 0.0007063192, 0.00068839858
  -32.80431, 0.0007067178, 0.00068926565
  -32.80431, 0.0006393544, 0.00068926565
  -32.80431, 0.0007999902, 0.00068926565
  -32.80431, 0.000579963, 0.00068926565
  -32.80431, 0.0010415418, 0.00068926565
  -32.80431, 0.0007928154, 0.00068926565
  -32.80431, 0.0010766186, 0.00068926565
  -32.80431, 0.001126045, 0.00068926565
  -32.80431, 0.0009598288, 0.00068926565
  -32.80431, 0.0005751798, 0.00068926565
  -32.797855, 0.0006903752, 0.00069013315
  -32.7914, 0.0005018374, 0.00069100107
  -32.7914, 0.0008155356, 0.00069100107
  -32.7914, 0.0007350184, 0.00069100107
  -32.7914, 0.0008613746, 0.00069100107
  -32.784945, 0.0008107524, 0.00069186942
  -32.784945, 0.0003312366, 0.00069186942
  -32.77849, 0.0005795644, 0.0006927382
  -32.77849, 0.0002957612, 0.0006927382
  -32.77849, 0.0007019346, 0.0006927382
  -32.772035, 0.000444439, 0.00069360741
  -32.772035, 0.0008625704, 0.00069360741
  -32.772035, 0.0007258506, 0.00069360741
  -32.772035, 0.0005935154, 0.00069360741
  -32.772035, 0.0008757242, 0.00069360741
  -32.76558, 0.0006744312, 0.00069447704
  -32.76558, 0.0006046762, 0.00069447704
  -32.76558, 0.0005775714, 0.00069447704
  -32.759125, 0.000426502, 0.0006953471
  -32.759125, 0.0009594302, 0.0006953471
  -32.759125, 0.0006114524, 0.0006953471
  -32.759125, 0.0007346198, 0.0006953471
  -32.759125, 0.0008294866, 0.0006953471
  -32.759125, 0.0006883822, 0.0006953471
  -32.75267, 0.000546082, 0.00069621759
  -32.75267, 0.000625802, 0.00069621759
  -32.75267, 0.0009072136, 0.00069621759
  -32.75267, 0.0007258506, 0.00069621759
  -32.746215, 0.000892864, 0.00069708851
  -32.746215, 0.0009016332, 0.00069708851
  -32.746215, 0.0006863892, 0.00069708851
  -32.746215, 0.0005305366, 0.00069708851
  -32.733305, 0.0008633676, 0.00069883162
  -32.733305, 0.0009729826, 0.00069883162
  -32.72685, 0.0004512152, 0.00069970381
  -32.71394, 0.0005994944, 0.00070144948
  -32.71394, 0.000568005, 0.00070144948
  -32.71394, 0.0006433404, 0.00070144948
  -32.707485, 0.0005472778, 0.00070232296
  -32.707485, 0.00067762, 0.00070232296
  -32.70103, 0.0006580886, 0.00070319686
  -32.70103, 0.0005209702, 0.00070319686
  -32.70103, 0.0003352226, 0.00070319686
  -32.68812, 0.0006082636, 0.00070494595
  -32.68812, 0.0006449348, 0.00070494595
  -32.68812, 0.0007848434, 0.00070494595
  -32.68812, 0.0008454306, 0.00070494595
  -32.68812, 0.0005923196, 0.00070494595
  -32.681665, 0.000858983, 0.00070582114
  -32.67521, 0.0003025374, 0.00070669675
  -32.64939, 0.0008844934, 0.00071020347
  -32.642935, 0.0005133968, 0.00071108121
  -32.63648, 0.0005935154, 0.00071195938
  -32.63648, 0.0007118996, 0.00071195938
  -32.630025, 0.0011208632, 0.00071283798
  -32.62357, 0.000689578, 0.00071371701
  -32.617115, 0.0008059692, 0.00071459646
  -32.61066, 0.0010554928, 0.00071547634
  -32.604205, 0.000468355, 0.00071635665
  -32.604205, 0.0008003888, 0.00071635665
  -32.591295, 0.0002303908, 0.00071811854
  -32.57193, 0.0012520026, 0.00072076458
  -32.565475, 0.000217237, 0.00072164745
  -32.552565, 0.0009498638, 0.00072341446
  -32.552565, 0.0008223118, 0.00072341446
  -32.54611, 0.0009534512, 0.00072429861
  -32.54611, 0.000940696, 0.00072429861
  -32.539655, 0.0006345712, 0.00072518318
  -32.539655, 0.0006592844, 0.00072518318
  -32.5332, 0.000671641, 0.00072606818
  -32.5332, 0.0008338712, 0.00072606818
  -32.5332, 0.0010786116, 0.00072606818
  -32.526745, 0.0003718938, 0.00072695361
  -32.526745, 0.0009558428, 0.00072695361
  -32.52029, 0.0004846976, 0.00072783946
  -32.513835, 0.00053811, 0.00072872574
  -32.513835, 0.0005125996, 0.00072872574
  -32.513835, 0.0006393544, 0.00072872574
  -32.513835, 0.0010339684, 0.00072872574
  -32.500925, 0.0009414932, 0.00073049957
  -32.500925, 0.0003914252, 0.00073049957
  -32.500925, 0.0008817032, 0.00073049957
  -32.49447, 0.0005931168, 0.00073138713
  -32.49447, 0.0005197744, 0.00073138713
  -32.49447, 0.0009937098, 0.00073138713
  -32.49447, 0.0006648648, 0.00073138713
  -32.488015, 0.0007744798, 0.00073227511
  -32.488015, 0.0010399474, 0.00073227511
  -32.488015, 0.0009271436, 0.00073227511
  -32.48156, 0.0007382072, 0.00073316352
  -32.48156, 0.0007525568, 0.00073316352
  -32.48156, 0.0006764242, 0.00073316352
  -32.475105, 0.0008338712, 0.00073405235
  -32.46865, 0.0005807602, 0.00073494162
  -32.46865, 0.0006620746, 0.00073494162
  -32.46865, 0.0007605288, 0.00073494162
  -32.46865, 0.0007350184, 0.00073494162
  -32.46865, 0.0009163814, 0.00073494162
  -32.46865, 0.0005771728, 0.00073494162
  -32.46865, 0.0012440306, 0.00073494162
  -32.45574, 0.0002483278, 0.00073672142
  -32.45574, 0.0006134454, 0.00073672142
  -32.45574, 0.0011057164, 0.00073672142
  -32.45574, 0.0005373128, 0.00073672142
  -32.45574, 0.0005608302, 0.00073672142
  -32.449285, 0.0010734298, 0.00073761196
  -32.449285, 0.0006210188, 0.00073761196
  -32.449285, 0.0008426404, 0.00073761196
  -32.44283, 0.000659683, 0.00073850292
  -32.44283, 0.0005058234, 0.00073850292
  -32.44283, 0.0008386544, 0.00073850292
  -32.436375, 0.0011846392, 0.00073939431
  -32.436375, 0.0007358156, 0.00073939431
  -32.41701, 0.0003284464, 0.00074207104
  -32.41701, 0.0005149912, 0.00074207104
  -32.41701, 0.0011535484, 0.00074207104
  -32.410555, 0.0006792144, 0.00074296414
  -32.410555, 0.0010905696, 0.00074296414
  -32.410555, 0.000807165, 0.00074296414
  -32.4041, 0.0003591386, 0.00074385766
  -32.4041, 0.0006712424, 0.00074385766
  -32.4041, 0.0011475694, 0.00074385766
  -32.4041, 0.0009239548, 0.00074385766
  -32.4041, 0.0008243048, 0.00074385766
  -32.4041, 0.0004595858, 0.00074385766
  -32.397645, 0.0006469278, 0.0007447516
  -32.397645, 0.0005632218, 0.0007447516
  -32.397645, 0.0006170328, 0.0007447516
  -32.397645, 0.0009024304, 0.0007447516
  -32.397645, 0.0006843962, 0.0007447516
  -32.39119, 0.000749368, 0.00074564597
  -32.39119, 0.0007326268, 0.00074564597
  -32.39119, 0.0006588858, 0.00074564597
  -32.39119, 0.0005397044, 0.00074564597
  -32.39119, 0.0007182772, 0.00074564597
  -32.384735, 0.000815137, 0.00074654077
  -32.384735, 0.000593914, 0.00074654077
  -32.384735, 0.0003914252, 0.00074654077
  -32.384735, 0.0009036262, 0.00074654077
  -32.384735, 0.0005572428, 0.00074654077
  -32.37828, 0.000669648, 0.00074743599
  -32.371825, 0.0006345712, 0.00074833164
  -32.371825, 0.0008952556, 0.00074833164
  -32.371825, 0.001323352, 0.00074833164
  -32.371825, 0.000396607, 0.00074833164
  -32.371825, 0.0004667606, 0.00074833164
  -32.371825, 0.0009012346, 0.00074833164
  -32.36537, 0.0009837448, 0.00074922771
  -32.36537, 0.0007740812, 0.00074922771
  -32.36537, 0.0003671106, 0.00074922771
  -32.36537, 0.0006983472, 0.00074922771
  -32.36537, 0.0011005346, 0.00074922771
  -32.358915, 0.0009494652, 0.00075012421
  -32.346005, 0.0012803032, 0.00075191849
  -32.346005, 0.0005006416, 0.00075191849
  -32.33955, 0.0011276394, 0.00075281626
  -32.33955, 0.0002419502, 0.00075281626
  -32.32664, 0.000486292, 0.00075461308
  -32.32664, 0.0009558428, 0.00075461308
  -32.32664, 0.0008179272, 0.00075461308
  -32.32664, 0.0006740326, 0.00075461308
  -32.32664, 0.0009418918, 0.00075461308
  -32.320185, 0.0009123954, 0.00075551213
  -32.320185, 0.0009614232, 0.00075551213
  -32.31373, 0.0004966556, 0.00075641161
  -32.31373, 0.0008757242, 0.00075641161
  -32.31373, 0.0006684522, 0.00075641161
  -32.31373, 0.000910801, 0.00075641161
  -32.31373, 0.0009215632, 0.00075641161
  -32.31373, 0.0010335698, 0.00075641161
  -32.31373, 0.0007796616, 0.00075641161
  -32.31373, 0.000322866, 0.00075641161
  -32.307275, 0.0004508166, 0.00075731151
  -32.307275, 0.0006429418, 0.00075731151
  -32.307275, 0.0005823546, 0.00075731151
  -32.307275, 0.0006927668, 0.00075731151
  -32.307275, 0.0007190744, 0.00075731151
  -32.307275, 0.0008235076, 0.00075731151
  -32.307275, 0.0005014388, 0.00075731151
  -32.30082, 0.0006672564, 0.00075821183
  -32.30082, 0.0004468306, 0.00075821183
  -32.30082, 0.0008721368, 0.00075821183
  -32.294365, 0.0011535484, 0.00075911258
  -32.294365, 0.0007920182, 0.00075911258
  -32.294365, 0.0008852906, 0.00075911258
  -32.28791, 0.0006321796, 0.00076001376
  -32.28791, 0.0010407446, 0.00076001376
  -32.28791, 0.0012312754, 0.00076001376
  -32.28791, 0.0006951584, 0.00076001376
  -32.281455, 0.0010251992, 0.00076091536
  -32.281455, 0.0008832976, 0.00076091536
  -32.281455, 0.0007928154, 0.00076091536
  -32.275, 0.0006692494, 0.00076181738
  -32.275, 0.000613844, 0.00076181738
  -32.275, 0.0010240034, 0.00076181738
  -32.275, 0.0006851934, 0.00076181738
  -32.275, 0.000819123, 0.00076181738
  -32.268545, 0.0007170814, 0.00076271983
  -32.268545, 0.0007549484, 0.00076271983
  -32.268545, 0.0011722826, 0.00076271983
  -32.268545, 0.0007609274, 0.00076271983
  -32.268545, 0.000964612, 0.00076271983
  -32.26209, 0.000847025, 0.0007636227
  -32.255635, 0.0003691036, 0.000764526
  -32.255635, 0.0006465292, 0.000764526
  -32.255635, 0.0007816546, 0.000764526
  -32.255635, 0.000569998, 0.000764526
  -32.255635, 0.0005608302, 0.000764526
  -32.24918, 0.0003220688, 0.00076542972
  -32.24918, 0.0008063678, 0.00076542972
  -32.24918, 0.0011958, 0.00076542972
  -32.24918, 0.0008247034, 0.00076542972
  -32.242725, 0.000914787, 0.00076633387
  -32.242725, 0.0008318782, 0.00076633387
  -32.242725, 0.0006800116, 0.00076633387
  -32.242725, 0.0008793116, 0.00076633387
  -32.23627, 0.0009841434, 0.00076723844
  -32.23627, 0.0005608302, 0.00076723844
  -32.23627, 0.0006832004, 0.00076723844
  -32.23627, 0.0007545498, 0.00076723844
  -32.229815, 0.0007461792, 0.00076814344
  -32.229815, 0.0006273964, 0.00076814344
  -32.229815, 0.0009012346, 0.00076814344
  -32.229815, 0.0010538984, 0.00076814344
  -32.229815, 0.0011451778, 0.00076814344
  -32.22336, 0.0009123954, 0.00076904886
  -32.22336, 0.000771291, 0.00076904886
  -32.22336, 0.0011164786, 0.00076904886
  -32.216905, 0.0004639704, 0.0007699547
  -32.216905, 0.0005975014, 0.0007699547
  -32.216905, 0.0010475208, 0.0007699547
  -32.216905, 0.0006712424, 0.0007699547
  -32.21045, 0.0006082636, 0.00077086097
  -32.21045, 0.0006991444, 0.00077086097
  -32.203995, 0.0006134454, 0.00077176766
  -32.203995, 0.0007964028, 0.00077176766
  -32.203995, 0.0004013902, 0.00077176766
  -32.203995, 0.0005855434, 0.00077176766
  -32.19754, 0.0006943612, 0.00077267477
  -32.19754, 0.001114087, 0.00077267477
  -32.19754, 0.000753354, 0.00077267477
  -32.19754, 0.0007501652, 0.00077267477
  -32.191085, 0.0010056678, 0.00077358231
  -32.191085, 0.000854997, 0.00077358231
  -32.191085, 0.0008976472, 0.00077358231
  -32.191085, 0.0005915224, 0.00077358231
  -32.191085, 0.0006784172, 0.00077358231
  -32.191085, 0.0007979972, 0.00077358231
  -32.191085, 0.0008984444, 0.00077358231
  -32.191085, 0.0010439334, 0.00077358231
  -32.191085, 0.0004571942, 0.00077358231
  -32.18463, 0.0007788644, 0.00077449028
  -32.18463, 0.0013384988, 0.00077449028
  -32.18463, 0.001082199, 0.00077449028
  -32.18463, 0.0007995916, 0.00077449028
  -32.18463, 0.000904822, 0.00077449028
  -32.178175, 0.0008474236, 0.00077539867
  -32.178175, 0.0007497666, 0.00077539867
  -32.178175, 0.000707515, 0.00077539867
  -32.178175, 0.0008239062, 0.00077539867
  -32.17172, 0.000841046, 0.00077630748
  -32.17172, 0.0011312268, 0.00077630748
  -32.17172, 0.000783249, 0.00077630748
  -32.17172, 0.0012033734, 0.00077630748
  -32.17172, 0.0005349212, 0.00077630748
  -32.17172, 0.0010096538, 0.00077630748
  -32.165265, 0.0009175772, 0.00077721671
  -32.165265, 0.000805172, 0.00077721671
  -32.165265, 0.000665662, 0.00077721671
  -32.165265, 0.0008223118, 0.00077721671
  -32.15881, 0.0007844448, 0.00077812637
  -32.15881, 0.0006572914, 0.00077812637
  -32.15881, 0.0003515652, 0.00077812637
  -32.15881, 0.0007158856, 0.00077812637
  -32.15881, 0.0007904238, 0.00077812637
  -32.15881, 0.0004795158, 0.00077812637
  -32.152355, 0.0008318782, 0.00077903645
  -32.152355, 0.0004049776, 0.00077903645
  -32.152355, 0.0011930098, 0.00077903645
  -32.152355, 0.000910801, 0.00077903645
  -32.1459, 0.0008976472, 0.00077994696
  -32.1459, 0.000530138, 0.00077994696
  -32.139445, 0.0010112482, 0.00078085788
  -32.139445, 0.0006552984, 0.00078085788
  -32.139445, 0.0010538984, 0.00078085788
  -32.139445, 0.000825102, 0.00078085788
  -32.139445, 0.0009622204, 0.00078085788
  -32.13299, 0.0006293894, 0.00078176924
  -32.13299, 0.0009821504, 0.00078176924
  -32.13299, 0.0009115982, 0.00078176924
  -32.13299, 0.0007059206, 0.00078176924
  -32.13299, 0.000283006, 0.00078176924
  -32.126535, 0.0006728368, 0.00078268101
  -32.126535, 0.0006269978, 0.00078268101
  -32.113625, 0.0008155356, 0.00078450583
  -32.113625, 0.0006939626, 0.00078450583
  -32.10717, 0.000775277, 0.00078541887
  -32.100715, 0.0004767256, 0.00078633234
  -32.100715, 0.0009554442, 0.00078633234
  -32.09426, 0.0006644662, 0.00078724623
  -32.09426, 0.000854997, 0.00078724623
  -32.087805, 0.000587935, 0.00078816054
  -32.087805, 0.001050311, 0.00078816054
  -32.08135, 0.0010873808, 0.00078907528
  -32.08135, 0.0009550456, 0.00078907528
  -32.08135, 0.0008936612, 0.00078907528
  -32.08135, 0.0007649134, 0.00078907528
  -32.08135, 0.0007202702, 0.00078907528
  -32.074895, 0.0006269978, 0.00078999044
  -32.06844, 0.0008836962, 0.00079090602
  -32.061985, 0.0006062706, 0.00079182202
  -32.061985, 0.0007405988, 0.00079182202
  -32.05553, 0.0007940112, 0.00079273845
  -32.05553, 0.0006951584, 0.00079273845
  -32.049075, 0.0010626676, 0.0007936553
  -32.04262, 0.001028388, 0.00079457257
  -32.04262, 0.0008418432, 0.00079457257
  -32.04262, 0.001094157, 0.00079457257
  -32.04262, 0.0006114524, 0.00079457257
  -32.036165, 0.0004747326, 0.00079549026
  -32.02971, 0.0006628718, 0.00079640837
  -32.02971, 0.0008446334, 0.00079640837
  -32.02971, 0.0008127454, 0.00079640837
  -32.02971, 0.000631781, 0.00079640837
  -32.02971, 0.0006090608, 0.00079640837
  -32.02971, 0.0005763756, 0.00079640837
  -32.023255, 0.0006521096, 0.00079732691
  -32.023255, 0.0010730312, 0.00079732691
  -32.023255, 0.0008852906, 0.00079732691
  -32.023255, 0.0011471708, 0.00079732691
  -32.023255, 0.000779263, 0.00079732691
  -32.023255, 0.0008015846, 0.00079732691
  -32.0168, 0.0005588372, 0.00079824587
  -32.0168, 0.0005604316, 0.00079824587
  -32.0168, 0.0005532568, 0.00079824587
  -32.0168, 0.0005827532, 0.00079824587
  -32.0168, 0.0009709896, 0.00079824587
  -32.0168, 0.0009638148, 0.00079824587
  -32.0168, 0.0009422904, 0.00079824587
  -32.010345, 0.001042339, 0.00079916525
  -32.010345, 0.0013400932, 0.00079916525
  -32.010345, 0.0006134454, 0.00079916525
  -32.010345, 0.0011156814, 0.00079916525
  -32.010345, 0.0003842504, 0.00079916525
  -32.010345, 0.0006987458, 0.00079916525
  -32.00389, 0.000701536, 0.00080008505
  -32.00389, 0.0007445848, 0.00080008505
  -32.00389, 0.0008952556, 0.00080008505
  -32.00389, 0.0008522068, 0.00080008505
  -32.00389, 0.000595907, 0.00080008505
  -32.00389, 0.000775277, 0.00080008505
  -32.00389, 0.0006046762, 0.00080008505
  -32.00389, 0.0010610732, 0.00080008505
  -32.00389, 0.0005393058, 0.00080008505
  -31.997435, 0.0009072136, 0.00080100527
  -31.997435, 0.0007840462, 0.00080100527
  -31.997435, 0.0005871378, 0.00080100527
  -31.997435, 0.0006568928, 0.00080100527
  -31.997435, 0.0005604316, 0.00080100527
  -31.997435, 0.0007677036, 0.00080100527
  -31.997435, 0.0011958, 0.00080100527
  -31.99098, 0.0008713396, 0.00080192592
  -31.99098, 0.0008378572, 0.00080192592
  -31.99098, 0.000655697, 0.00080192592
  -31.99098, 0.0011874294, 0.00080192592
  -31.99098, 0.0005452848, 0.00080192592
  -31.99098, 0.000805172, 0.00080192592
  -31.99098, 0.000729438, 0.00080192592
  -31.99098, 0.0005803616, 0.00080192592
  -31.99098, 0.0010152342, 0.00080192592
  -31.99098, 0.0006788158, 0.00080192592
  -31.99098, 0.0008633676, 0.00080192592
  -31.984525, 0.0007182772, 0.00080284698
  -31.984525, 0.0006800116, 0.00080284698
  -31.984525, 0.0007142912, 0.00080284698
  -31.984525, 0.000904822, 0.00080284698
  -31.984525, 0.0009590316, 0.00080284698
  -31.984525, 0.0007398016, 0.00080284698
  -31.984525, 0.000912794, 0.00080284698
  -31.984525, 0.000930731, 0.00080284698
  -31.984525, 0.0005285436, 0.00080284698
  -31.984525, 0.0007099066, 0.00080284698
  -31.984525, 0.0012460236, 0.00080284698
  -31.984525, 0.0007999902, 0.00080284698
  -31.984525, 0.0006321796, 0.00080284698
  -31.984525, 0.0009713882, 0.00080284698
  -31.97807, 0.0011531498, 0.00080376847
  -31.97807, 0.0007860392, 0.00080376847
  -31.97807, 0.0004173342, 0.00080376847
  -31.97807, 0.0009538498, 0.00080376847
  -31.971615, 0.0007202702, 0.00080469038
  -31.971615, 0.001012444, 0.00080469038
  -31.971615, 0.000823109, 0.00080469038
  -31.971615, 0.0011495624, 0.00080469038
  -31.971615, 0.0009701924, 0.00080469038
  -31.971615, 0.0008418432, 0.00080469038
  -31.971615, 0.0006939626, 0.00080469038
  -31.971615, 0.001279506, 0.00080469038
  -31.971615, 0.0008761228, 0.00080469038
  -31.971615, 0.000659683, 0.00080469038
  -31.971615, 0.0008215146, 0.00080469038
  -31.96516, 0.000954647, 0.00080561271
  -31.96516, 0.0007995916, 0.00080561271
  -31.96516, 0.0009016332, 0.00080561271
  -31.96516, 0.0009434862, 0.00080561271
  -31.96516, 0.0007031304, 0.00080561271
  -31.96516, 0.0007242562, 0.00080561271
  -31.96516, 0.0008633676, 0.00080561271
  -31.96516, 0.0007262492, 0.00080561271
  -31.958705, 0.0007804588, 0.00080653546
  -31.958705, 0.0007318296, 0.00080653546
  -31.958705, 0.0009359128, 0.00080653546
  -31.958705, 0.0006899766, 0.00080653546
  -31.958705, 0.0010507096, 0.00080653546
  -31.958705, 0.0007290394, 0.00080653546
  -31.958705, 0.0009080108, 0.00080653546
  -31.95225, 0.0008538012, 0.00080745863
  -31.95225, 0.0009438848, 0.00080745863
  -31.95225, 0.0009670036, 0.00080745863
  -31.95225, 0.0008701438, 0.00080745863
  -31.95225, 0.0006102566, 0.00080745863
  -31.95225, 0.0010427376, 0.00080745863
  -31.95225, 0.0009650106, 0.00080745863
  -31.95225, 0.0013759672, 0.00080745863
  -31.95225, 0.001161919, 0.00080745863
  -31.945795, 0.0007003402, 0.00080838222
  -31.945795, 0.0008673536, 0.00080838222
  -31.945795, 0.0008019832, 0.00080838222
  -31.945795, 0.000860976, 0.00080838222
  -31.945795, 0.0006804102, 0.00080838222
  -31.945795, 0.0010590802, 0.00080838222
  -31.945795, 0.001321359, 0.00080838222
  -31.93934, 0.001000486, 0.00080930624
  -31.932885, 0.0010566886, 0.00081023067
  -31.932885, 0.0008637662, 0.00081023067
  -31.92643, 0.000898843, 0.00081115553
  -31.92643, 0.000675627, 0.00081115553
  -31.919975, 0.0007417946, 0.0008120808
  -31.919975, 0.000958633, 0.0008120808
  -31.91352, 0.0006481236, 0.0008130065
  -31.91352, 0.0009494652, 0.0008130065
  -31.90061, 0.000490278, 0.00081485915
  -31.90061, 0.0006262006, 0.00081485915
  -31.894155, 0.0010375558, 0.00081578611
  -31.8877, 0.0007637176, 0.00081671349
  -31.8877, 0.0006740326, 0.00081671349
  -31.8877, 0.000639753, 0.00081671349
  -31.881245, 0.0005504666, 0.00081764128
  -31.881245, 0.0007688994, 0.00081764128
  -31.881245, 0.000938703, 0.00081764128
  -31.881245, 0.0008976472, 0.00081764128
  -31.87479, 0.0009303324, 0.0008185695
  -31.87479, 0.0009371086, 0.0008185695
  -31.87479, 0.0009080108, 0.0008185695
  -31.87479, 0.000583949, 0.0008185695
  -31.868335, 0.0006963542, 0.00081949814
  -31.868335, 0.0007126968, 0.00081949814
  -31.868335, 0.0006624732, 0.00081949814
  -31.868335, 0.0004870892, 0.00081949814
  -31.868335, 0.0006943612, 0.00081949814
  -31.86188, 0.0011244506, 0.00082042719
  -31.86188, 0.0006931654, 0.00082042719
  -31.86188, 0.0009100038, 0.00082042719
  -31.855425, 0.0009383044, 0.00082135667
  -31.855425, 0.00077727, 0.00082135667
  -31.855425, 0.0008801088, 0.00082135667
  -31.855425, 0.0007736826, 0.00082135667
  -31.84897, 0.000872934, 0.00082228656
  -31.84897, 0.000755347, 0.00082228656
  -31.84897, 0.0005763756, 0.00082228656
  -31.84897, 0.0007350184, 0.00082228656
  -31.84897, 0.0006692494, 0.00082228656
  -31.84897, 0.000685592, 0.00082228656
  -31.842515, 0.0009458778, 0.00082321688
  -31.842515, 0.000641746, 0.00082321688
  -31.842515, 0.0008179272, 0.00082321688
  -31.842515, 0.0008059692, 0.00082321688
  -31.842515, 0.0008215146, 0.00082321688
  -31.842515, 0.0008083608, 0.00082321688
  -31.842515, 0.0007848434, 0.00082321688
  -31.842515, 0.0009941084, 0.00082321688
  -31.842515, 0.001143982, 0.00082321688
  -31.842515, 0.0010307796, 0.00082321688
  -31.83606, 0.0006784172, 0.00082414761
  -31.83606, 0.0007087108, 0.00082414761
  -31.83606, 0.0011958, 0.00082414761
  -31.83606, 0.0009243534, 0.00082414761
  -31.83606, 0.0011188702, 0.00082414761
  -31.83606, 0.0007728854, 0.00082414761
  -31.83606, 0.0007784658, 0.00082414761
  -31.829605, 0.0009853392, 0.00082507876
  -31.829605, 0.0007549484, 0.00082507876
  -31.829605, 0.000870941, 0.00082507876
  -31.829605, 0.001012444, 0.00082507876
  -31.829605, 0.0006548998, 0.00082507876
  -31.829605, 0.0008326754, 0.00082507876
  -31.82315, 0.0011754714, 0.00082601034
  -31.82315, 0.0010690452, 0.00082601034
  -31.82315, 0.0009064164, 0.00082601034
  -31.82315, 0.0008414446, 0.00082601034
  -31.82315, 0.0009933112, 0.00082601034
  -31.82315, 0.0006560956, 0.00082601034
  -31.82315, 0.0003400058, 0.00082601034
  -31.816695, 0.0008657592, 0.00082694233
  -31.816695, 0.0009131926, 0.00082694233
  -31.816695, 0.0010937584, 0.00082694233
  -31.816695, 0.0007916196, 0.00082694233
  -31.81024, 0.0005791658, 0.00082787474
  -31.81024, 0.0005843476, 0.00082787474
  -31.81024, 0.0010212132, 0.00082787474
  -31.81024, 0.0010407446, 0.00082787474
  -31.81024, 0.000968598, 0.00082787474
  -31.81024, 0.0005903266, 0.00082787474
  -31.81024, 0.0010618704, 0.00082787474
  -31.81024, 0.0009849406, 0.00082787474
  -31.81024, 0.001010451, 0.00082787474
  -31.81024, 0.0011671008, 0.00082787474
  -31.81024, 0.0006162356, 0.00082787474
  -31.81024, 0.000639753, 0.00082787474
  -31.81024, 0.0008884794, 0.00082787474
  -31.81024, 0.0006808088, 0.00082787474
  -31.81024, 0.0010534998, 0.00082787474
  -31.803785, 0.0005213688, 0.00082880756
  -31.803785, 0.001010451, 0.00082880756
  -31.803785, 0.0012260936, 0.00082880756
  -31.803785, 0.001347268, 0.00082880756
  -31.803785, 0.0011368072, 0.00082880756
  -31.803785, 0.0006552984, 0.00082880756
  -31.803785, 0.0006222146, 0.00082880756
  -31.803785, 0.0008386544, 0.00082880756
  -31.803785, 0.000853004, 0.00082880756
  -31.803785, 0.0008976472, 0.00082880756
  -31.79733, 0.0009131926, 0.00082974081
  -31.79733, 0.0007142912, 0.00082974081
  -31.79733, 0.000619823, 0.00082974081
  -31.79733, 0.0007617246, 0.00082974081
  -31.79733, 0.0006851934, 0.00082974081
  -31.79733, 0.0006385572, 0.00082974081
  -31.79733, 0.0006254034, 0.00082974081
  -31.79733, 0.0010495138, 0.00082974081
  -31.790875, 0.000324859, 0.00083067448
  -31.790875, 0.0007461792, 0.00083067448
  -31.790875, 0.0012492124, 0.00083067448
  -31.790875, 0.0011272408, 0.00083067448
  -31.790875, 0.0010614718, 0.00083067448
  -31.790875, 0.0006273964, 0.00083067448
  -31.790875, 0.0006481236, 0.00083067448
  -31.78442, 0.0007449834, 0.00083160856
  -31.78442, 0.0004787186, 0.00083160856
  -31.78442, 0.00097657, 0.00083160856
  -31.78442, 0.0006728368, 0.00083160856
  -31.78442, 0.0006533054, 0.00083160856
  -31.78442, 0.0011814504, 0.00083160856
  -31.78442, 0.000992514, 0.00083160856
  -31.777965, 0.0010957514, 0.00083254306
  -31.777965, 0.0010825976, 0.00083254306
  -31.777965, 0.0008314796, 0.00083254306
  -31.777965, 0.0010088566, 0.00083254306
  -31.777965, 0.0003176842, 0.00083254306
  -31.77151, 0.000510208, 0.00083347798
  -31.77151, 0.000747375, 0.00083347798
  -31.77151, 0.0009717868, 0.00083347798
  -31.77151, 0.0011467722, 0.00083347798
  -31.77151, 0.0004456348, 0.00083347798
  -31.77151, 0.0010228076, 0.00083347798
  -31.77151, 0.001145975, 0.00083347798
  -31.765055, 0.0004687536, 0.00083441332
  -31.765055, 0.0009020318, 0.00083441332
  -31.765055, 0.0010467236, 0.00083441332
  -31.765055, 0.001259576, 0.00083441332
  -31.765055, 0.0008924654, 0.00083441332
  -31.765055, 0.001165905, 0.00083441332
  -31.765055, 0.0008984444, 0.00083441332
  -31.7586, 0.0003631246, 0.00083534907
  -31.7586, 0.001078213, 0.00083534907
  -31.752145, 0.0009821504, 0.00083628525
  -31.752145, 0.0008318782, 0.00083628525
  -31.74569, 0.0009239548, 0.00083722184
  -31.74569, 0.0009104024, 0.00083722184
  -31.74569, 0.0005409002, 0.00083722184
  -31.739235, 0.0009438848, 0.00083815885
  -31.739235, 0.0009933112, 0.00083815885
  -31.739235, 0.0008302838, 0.00083815885
  -31.739235, 0.001126045, 0.00083815885
  -31.73278, 0.0006066692, 0.00083909627
  -31.73278, 0.0001363212, 0.00083909627
  -31.73278, 0.0005153898, 0.00083909627
  -31.73278, 0.00133531, 0.00083909627
  -31.726325, 0.0009454792, 0.00084003411
  -31.726325, 0.001183842, 0.00084003411
  -31.71987, 0.000783249, 0.00084097237
  -31.71987, 0.0009773672, 0.00084097237
  -31.71987, 0.0010251992, 0.00084097237
  -31.71987, 0.0011132898, 0.00084097237
  -31.71987, 0.0010335698, 0.00084097237
  -31.71987, 0.0009454792, 0.00084097237
  -31.71987, 0.0009996888, 0.00084097237
  -31.71987, 0.0010267936, 0.00084097237
  -31.713415, 0.001052304, 0.00084191105
  -31.713415, 0.000603879, 0.00084191105
  -31.713415, 0.0006820046, 0.00084191105
  -31.713415, 0.000564019, 0.00084191105
  -31.70696, 0.001000486, 0.00084285015
  -31.70696, 0.0010475208, 0.00084285015
  -31.70696, 0.0007904238, 0.00084285015
  -31.70696, 0.0010391502, 0.00084285015
  -31.70696, 0.0005444876, 0.00084285015
  -31.70696, 0.0010056678, 0.00084285015
  -31.70696, 0.0009594302, 0.00084285015
  -31.70696, 0.0006887808, 0.00084285015
  -31.70696, 0.0007517596, 0.00084285015
  -31.70696, 0.000605872, 0.00084285015
  -31.700505, 0.0007342212, 0.00084378966
  -31.700505, 0.0009968986, 0.00084378966
  -31.700505, 0.0006250048, 0.00084378966
  -31.700505, 0.0009658078, 0.00084378966
  -31.700505, 0.0012284852, 0.00084378966
  -31.700505, 0.000972584, 0.00084378966
  -31.700505, 0.0008852906, 0.00084378966
  -31.700505, 0.0007972, 0.00084378966
  -31.69405, 0.0008258992, 0.00084472959
  -31.69405, 0.0009801574, 0.00084472959
  -31.69405, 0.0009901224, 0.00084472959
  -31.69405, 0.000623809, 0.00084472959
  -31.687595, 0.000805172, 0.00084566993
  -31.687595, 0.000940696, 0.00084566993
  -31.687595, 0.0007079136, 0.00084566993
  -31.687595, 0.0005293408, 0.00084566993
  -31.687595, 0.0007900252, 0.00084566993
  -31.687595, 0.0011005346, 0.00084566993
  -31.68114, 0.0008199202, 0.00084661069
  -31.68114, 0.0009949056, 0.00084661069
  -31.68114, 0.0010371572, 0.00084661069
  -31.68114, 0.0007130954, 0.00084661069
  -31.68114, 0.0006070678, 0.00084661069
  -31.68114, 0.0005951098, 0.00084661069
  -31.68114, 0.0007808574, 0.00084661069
  -31.68114, 0.0010993388, 0.00084661069
  -31.68114, 0.000894857, 0.00084661069
  -31.68114, 0.0010877794, 0.00084661069
  -31.68114, 0.0007122982, 0.00084661069
  -31.68114, 0.0008673536, 0.00084661069
  -31.68114, 0.0011531498, 0.00084661069
  -31.68114, 0.0008346684, 0.00084661069
  -31.674685, 0.00103636, 0.00084755187
  -31.674685, 0.0008713396, 0.00084755187
  -31.674685, 0.0005273478, 0.00084755187
  -31.674685, 0.0008067664, 0.00084755187
  -31.674685, 0.0008605774, 0.00084755187
  -31.674685, 0.0011682966, 0.00084755187
  -31.674685, 0.0007637176, 0.00084755187
  -31.674685, 0.0006110538, 0.00084755187
  -31.674685, 0.000835067, 0.00084755187
  -31.674685, 0.001161919, 0.00084755187
  -31.674685, 0.000468355, 0.00084755187
  -31.66823, 0.0006828018, 0.00084849346
  -31.66823, 0.0011930098, 0.00084849346
  -31.66823, 0.0006509138, 0.00084849346
  -31.66823, 0.0006720396, 0.00084849346
  -31.66823, 0.000711501, 0.00084849346
  -31.66823, 0.000942689, 0.00084849346
  -31.66823, 0.0004735368, 0.00084849346
  -31.66823, 0.0008581858, 0.00084849346
  -31.66823, 0.0011364086, 0.00084849346
  -31.66823, 0.0009462764, 0.00084849346
  -31.661775, 0.0006170328, 0.00084943547
  -31.661775, 0.0008657592, 0.00084943547
  -31.661775, 0.0008637662, 0.00084943547
  -31.661775, 0.0009996888, 0.00084943547
  -31.661775, 0.000858983, 0.00084943547
  -31.661775, 0.0008573886, 0.00084943547
  -31.661775, 0.0007047248, 0.00084943547
  -31.661775, 0.0010375558, 0.00084943547
  -31.65532, 0.000713494, 0.0008503779
  -31.65532, 0.0009000388, 0.0008503779
  -31.65532, 0.0006828018, 0.0008503779
  -31.65532, 0.0008083608, 0.0008503779
  -31.65532, 0.0008661578, 0.0008503779
  -31.648865, 0.0009733812, 0.00085132074
  -31.648865, 0.0006867878, 0.00085132074
  -31.648865, 0.0007306338, 0.00085132074
  -31.648865, 0.0011388002, 0.00085132074
  -31.648865, 0.0008103538, 0.00085132074
  -31.648865, 0.0010008846, 0.00085132074
  -31.648865, 0.0006313824, 0.00085132074
  -31.648865, 0.0007441862, 0.00085132074
  -31.648865, 0.0007704938, 0.00085132074
  -31.648865, 0.0006879836, 0.00085132074
  -31.648865, 0.0008019832, 0.00085132074
  -31.64241, 0.0012304782, 0.00085226399
  -31.64241, 0.000819123, 0.00085226399
  -31.64241, 0.0008681508, 0.00085226399
  -31.64241, 0.001014437, 0.00085226399
  -31.64241, 0.0011806532, 0.00085226399
  -31.64241, 0.0006174314, 0.00085226399
  -31.64241, 0.0007258506, 0.00085226399
  -31.635955, 0.0009016332, 0.00085320766
  -31.635955, 0.0008813046, 0.00085320766
  -31.635955, 0.0009183744, 0.00085320766
  -31.6295, 0.000839053, 0.00085415175
  -31.6295, 0.0010786116, 0.00085415175
  -31.6295, 0.00083706, 0.00085415175
  -31.6295, 0.0008900738, 0.00085415175
  -31.6295, 0.0006720396, 0.00085415175
  -31.6295, 0.0009036262, 0.00085415175
  -31.6295, 0.0007669064, 0.00085415175
  -31.6295, 0.0006501166, 0.00085415175
  -31.6295, 0.000573984, 0.00085415175
  -31.6295, 0.0011168772, 0.00085415175
  -31.623045, 0.0006740326, 0.00085509626
  -31.61659, 0.0013070094, 0.00085604117
  -31.61659, 0.0007784658, 0.00085604117
  -31.61659, 0.0010040734, 0.00085604117
  -31.61659, 0.0007409974, 0.00085604117
  -31.61659, 0.0008023818, 0.00085604117
  -31.61659, 0.000847025, 0.00085604117
  -31.61659, 0.000892864, 0.00085604117
  -31.610135, 0.000900836, 0.00085698651
  -31.610135, 0.0009100038, 0.00085698651
  -31.610135, 0.000685592, 0.00085698651
  -31.610135, 0.0008027804, 0.00085698651
  -31.610135, 0.000693564, 0.00085698651
  -31.610135, 0.0006289908, 0.00085698651
  -31.610135, 0.0008167314, 0.00085698651
  -31.610135, 0.0010399474, 0.00085698651
  -31.610135, 0.0003017402, 0.00085698651
  -31.60368, 0.0005484736, 0.00085793225
  -31.60368, 0.000872934, 0.00085793225
  -31.60368, 0.0006572914, 0.00085793225
  -31.60368, 0.0010798074, 0.00085793225
  -31.60368, 0.0011296324, 0.00085793225
  -31.60368, 0.000809158, 0.00085793225
  -31.60368, 0.0007816546, 0.00085793225
  -31.60368, 0.000827095, 0.00085793225
  -31.60368, 0.0007700952, 0.00085793225
  -31.60368, 0.0006301866, 0.00085793225
  -31.60368, 0.000613844, 0.00085793225
  -31.597225, 0.00077727, 0.00085887842
  -31.597225, 0.0006126482, 0.00085887842
  -31.597225, 0.0008394516, 0.00085887842
  -31.597225, 0.0011073108, 0.00085887842
  -31.597225, 0.0009363114, 0.00085887842
  -31.597225, 0.0011204646, 0.00085887842
  -31.597225, 0.0009438848, 0.00085887842
  -31.59077, 0.000669648, 0.00085982499
  -31.59077, 0.0010307796, 0.00085982499
  -31.59077, 0.0009538498, 0.00085982499
  -31.59077, 0.0011037234, 0.00085982499
  -31.59077, 0.000998493, 0.00085982499
  -31.59077, 0.0012890724, 0.00085982499
  -31.584315, 0.0011575344, 0.00086077199
  -31.584315, 0.0009064164, 0.00086077199
  -31.584315, 0.000789228, 0.00086077199
  -31.584315, 0.0007804588, 0.00086077199
  -31.584315, 0.0007900252, 0.00086077199
  -31.584315, 0.0007804588, 0.00086077199
  -31.57786, 0.0009769686, 0.00086171939
  -31.571405, 0.0008896752, 0.00086266721
  -31.56495, 0.0006708438, 0.00086361545
  -31.56495, 0.0008932626, 0.00086361545
  -31.56495, 0.000759333, 0.00086361545
  -31.56495, 0.000751361, 0.00086361545
  -31.558495, 0.000544089, 0.00086456409
  -31.558495, 0.0006680536, 0.00086456409
  -31.558495, 0.0006385572, 0.00086456409
  -31.558495, 0.0011324226, 0.00086456409
  -31.558495, 0.001068248, 0.00086456409
  -31.558495, 0.0006792144, 0.00086456409
  -31.558495, 0.0009542484, 0.00086456409
  -31.55204, 0.0009219618, 0.00086551316
  -31.55204, 0.000892864, 0.00086551316
  -31.545585, 0.001048318, 0.00086646263
  -31.545585, 0.0009072136, 0.00086646263
  -31.545585, 0.0007744798, 0.00086646263
  -31.545585, 0.0006692494, 0.00086646263
  -31.545585, 0.0009291366, 0.00086646263
  -31.53913, 0.0007019346, 0.00086741252
  -31.53913, 0.0010435348, 0.00086741252
  -31.53913, 0.0011224576, 0.00086741252
  -31.53913, 0.0010347656, 0.00086741252
  -31.53913, 0.0010028776, 0.00086741252
  -31.532675, 0.0005397044, 0.00086836282
  -31.532675, 0.0010112482, 0.00086836282
  -31.532675, 0.0009255492, 0.00086836282
  -31.532675, 0.0008175286, 0.00086836282
  -31.532675, 0.0007441862, 0.00086836282
  -31.52622, 0.0010076608, 0.00086931354
  -31.519765, 0.0006285922, 0.00087026467
  -31.519765, 0.0008326754, 0.00087026467
  -31.519765, 0.0011635134, 0.00087026467
  -31.519765, 0.000392621, 0.00087026467
  -31.51331, 0.0010012832, 0.00087121621
  -31.51331, 0.0009670036, 0.00087121621
  -31.51331, 0.0009135912, 0.00087121621
  -31.506855, 0.0014473166, 0.00087216816
  -31.5004, 0.0008474236, 0.00087312053
  -31.5004, 0.0007505638, 0.00087312053
  -31.5004, 0.0007290394, 0.00087312053
  -31.5004, 0.0009391016, 0.00087312053
  -31.5004, 0.0004731382, 0.00087312053
  -31.5004, 0.000874927, 0.00087312053
  -31.493945, 0.0006174314, 0.00087407331
  -31.493945, 0.0007501652, 0.00087407331
  -31.493945, 0.0006469278, 0.00087407331
  -31.48749, 0.001090171, 0.0008750265
  -31.48749, 0.000564019, 0.0008750265
  -31.48749, 0.000938703, 0.0008750265
  -31.48749, 0.0008119482, 0.0008750265
  -31.48749, 0.000564019, 0.0008750265
  -31.48749, 0.0007999902, 0.0008750265
  -31.48749, 0.0010140384, 0.0008750265
  -31.481035, 0.0012368558, 0.0008759801
  -31.481035, 0.0009622204, 0.0008759801
  -31.481035, 0.0008856892, 0.0008759801
  -31.481035, 0.001032374, 0.0008759801
  -31.481035, 0.0009123954, 0.0008759801
  -31.481035, 0.000900836, 0.0008759801
  -31.481035, 0.0010973458, 0.0008759801
  -31.47458, 0.000639753, 0.00087693412
  -31.47458, 0.0007788644, 0.00087693412
  -31.47458, 0.0007720882, 0.00087693412
  -31.47458, 0.0005967042, 0.00087693412
  -31.47458, 0.0009183744, 0.00087693412
  -31.47458, 0.0008797102, 0.00087693412
  -31.47458, 0.0010327726, 0.00087693412
  -31.468125, 0.0009789616, 0.00087788854
  -31.468125, 0.000615837, 0.00087788854
  -31.468125, 0.0009383044, 0.00087788854
  -31.468125, 0.0011870308, 0.00087788854
  -31.468125, 0.0007545498, 0.00087788854
  -31.468125, 0.0004675578, 0.00087788854
  -31.468125, 0.0009239548, 0.00087788854
  -31.468125, 0.0010806046, 0.00087788854
  -31.46167, 0.0005229632, 0.00087884338
  -31.46167, 0.0007362142, 0.00087884338
  -31.46167, 0.0008027804, 0.00087884338
  -31.46167, 0.000585942, 0.00087884338
  -31.46167, 0.0009076122, 0.00087884338
  -31.455215, 0.0008793116, 0.00087979863
  -31.455215, 0.000653704, 0.00087979863
  -31.455215, 0.000721466, 0.00087979863
  -31.455215, 0.0007844448, 0.00087979863
  -31.455215, 0.0006393544, 0.00087979863
  -31.455215, 0.0004548026, 0.00087979863
  -31.455215, 0.001002479, 0.00087979863
  -31.44876, 0.0006246062, 0.00088075429
  -31.44876, 0.0006572914, 0.00088075429
  -31.44876, 0.0009654092, 0.00088075429
  -31.44876, 0.0010291852, 0.00088075429
  -31.44876, 0.000607865, 0.00088075429
  -31.44876, 0.0009454792, 0.00088075429
  -31.44876, 0.0008805074, 0.00088075429
  -31.44876, 0.0006808088, 0.00088075429
  -31.44876, 0.000998493, 0.00088075429
  -31.44876, 0.0011304296, 0.00088075429
  -31.442305, 0.0010056678, 0.00088171037
  -31.442305, 0.001034367, 0.00088171037
  -31.43585, 0.0008813046, 0.00088266685
  -31.43585, 0.0008059692, 0.00088266685
  -31.429395, 0.000711501, 0.00088362374
  -31.429395, 0.0010140384, 0.00088362374
  -31.41003, 0.0008860878, 0.00088649689
  -31.403575, 0.0008502138, 0.00088745543
  -31.39712, 0.0008673536, 0.00088841438
  -31.39712, 0.0010626676, 0.00088841438
  -31.39712, 0.0006867878, 0.00088841438
  -31.390665, 0.0006521096, 0.00088937373
  -31.390665, 0.0009163814, 0.00088937373
  -31.390665, 0.0008793116, 0.00088937373
  -31.38421, 0.0009339198, 0.0008903335
  -31.377755, 0.0009642134, 0.00089129368
  -31.3713, 0.001239646, 0.00089225426
  -31.3713, 0.000635767, 0.00089225426
  -31.364845, 0.0005373128, 0.00089321525
  -31.351935, 0.0008741298, 0.00089513847
  -31.34548, 0.0010531012, 0.00089610069
  -31.33257, 0.0009634162, 0.00089802636
  -31.31966, 0.0008733326, 0.00089995366
  -31.31966, 0.0010108496, 0.00089995366
  -31.300295, 0.00093671, 0.00090284767
  -31.29384, 0.0008613746, 0.00090381316
  -31.29384, 0.0007995916, 0.00090381316
  -31.287385, 0.0010467236, 0.00090477905
  -31.274475, 0.0010495138, 0.00090671205
  -31.261565, 0.001239646, 0.00090864668
  -31.222835, 0.0011655064, 0.00091446032
  -31.21638, 0.0008860878, 0.00091543068
  -31.21638, 0.0008055706, 0.00091543068
  -31.21638, 0.0007079136, 0.00091543068
  -31.209925, 0.0008757242, 0.00091640144
  -31.197015, 0.000707515, 0.00091834418
  -31.19056, 0.0010630662, 0.00091931616
  -31.19056, 0.0009072136, 0.00091931616
  -31.171195, 0.0013735756, 0.00092223452
  -31.15183, 0.0009853392, 0.0009251565
  -31.145375, 0.000968598, 0.0009261313
  -31.12601, 0.000779263, 0.00092905813
  -31.119555, 0.0008613746, 0.00093003454
  -31.106645, 0.0008199202, 0.00093198857
  -31.10019, 0.0011886252, 0.00093296618
  -31.10019, 0.0007417946, 0.00093296618
  -31.08728, 0.0009044234, 0.00093492262
  -31.080825, 0.0011304296, 0.00093590144
  -31.042095, 0.0012105482, 0.00094178277
  -31.016275, 0.0010825976, 0.00094571165
  -31.016275, 0.001048318, 0.00094571165
  -30.984, 0.0006951584, 0.00095063171
  -30.977545, 0.0011969958, 0.00095161691
  -30.977545, 0.0008075636, 0.00095161691
  -30.94527, 0.0012791074, 0.00095654889
  -30.91945, 0.0007597316, 0.00096050161
  -30.912995, 0.0007995916, 0.00096149077
  -30.912995, 0.0011116954, 0.00096149077
  -30.900085, 0.0006660606, 0.00096347029
  -30.900085, 0.0007346198, 0.00096347029
  -30.900085, 0.0007856406, 0.00096347029
  -30.887175, 0.0009817518, 0.00096545139
  -30.887175, 0.000926745, 0.00096545139
  -30.86781, 0.0013317226, 0.00096842598
  -30.8549, 0.0006863892, 0.00097041101
  -30.8549, 0.000986535, 0.00097041101
  -30.8549, 0.0008617732, 0.00097041101
  -30.84199, 0.0006046762, 0.00097239761
  -30.84199, 0.000603879, 0.00097239761
  -30.84199, 0.0007417946, 0.00097239761
  -30.835535, 0.0011730798, 0.0009733915
  -30.835535, 0.0008661578, 0.0009733915
  -30.835535, 0.0005233618, 0.0009733915
  -30.835535, 0.0006341726, 0.0009733915
  -30.82908, 0.0012213104, 0.00097438578
  -30.822625, 0.0010479194, 0.00097538045
  -30.822625, 0.000805172, 0.00097538045
  -30.822625, 0.0005094108, 0.00097538045
  -30.822625, 0.0006473264, 0.00097538045
  -30.822625, 0.000918773, 0.00097538045
  -30.822625, 0.00097657, 0.00097538045
  -30.81617, 0.0007186758, 0.00097637552
  -30.81617, 0.000745382, 0.00097637552
  -30.81617, 0.000761326, 0.00097637552
  -30.81617, 0.00065769, 0.00097637552
  -30.81617, 0.000562026, 0.00097637552
  -30.81617, 0.0011324226, 0.00097637552
  -30.809715, 0.0010714368, 0.00097737097
  -30.809715, 0.0009741784, 0.00097737097
  -30.809715, 0.0006772214, 0.00097737097
  -30.809715, 0.0008478222, 0.00097737097
  -30.809715, 0.0008019832, 0.00097737097
  -30.809715, 0.0009402974, 0.00097737097
  -30.809715, 0.0010666536, 0.00097737097
  -30.809715, 0.0011774644, 0.00097737097
  -30.809715, 0.00105629, 0.00097737097
  -30.809715, 0.0007306338, 0.00097737097
  -30.809715, 0.0010527026, 0.00097737097
  -30.809715, 0.000687585, 0.00097737097
  -30.80326, 0.0008255006, 0.00097836682
  -30.80326, 0.0009522554, 0.00097836682
  -30.80326, 0.0007290394, 0.00097836682
  -30.80326, 0.0005536554, 0.00097836682
  -30.80326, 0.0010259964, 0.00097836682
  -30.80326, 0.0009781644, 0.00097836682
  -30.796805, 0.0009534512, 0.00097936305
  -30.796805, 0.0005971028, 0.00097936305
  -30.796805, 0.0011164786, 0.00097936305
  -30.796805, 0.0007461792, 0.00097936305
  -30.796805, 0.001024402, 0.00097936305
  -30.796805, 0.0005512638, 0.00097936305
  -30.796805, 0.00111608, 0.00097936305
  -30.79035, 0.0008103538, 0.00098035968
  -30.79035, 0.0011854364, 0.00098035968
  -30.79035, 0.0010865836, 0.00098035968
  -30.79035, 0.0006273964, 0.00098035968
  -30.79035, 0.0007649134, 0.00098035968
  -30.79035, 0.000872934, 0.00098035968
  -30.79035, 0.0009191716, 0.00098035968
  -30.79035, 0.0009430876, 0.00098035968
  -30.79035, 0.0011232548, 0.00098035968
  -30.79035, 0.000898843, 0.00098035968
  -30.79035, 0.0006851934, 0.00098035968
  -30.79035, 0.0011128912, 0.00098035968
  -30.783895, 0.0008936612, 0.0009813567
  -30.783895, 0.0010056678, 0.0009813567
  -30.783895, 0.0012065622, 0.0009813567
  -30.77744, 0.0009036262, 0.0009823541
  -30.77744, 0.0007840462, 0.0009823541
  -30.77744, 0.0006254034, 0.0009823541
  -30.76453, 0.0010594788, 0.00098435009
  -30.758075, 0.0006871864, 0.00098534866
  -30.758075, 0.0009638148, 0.00098534866
  -30.758075, 0.0011635134, 0.00098534866
  -30.758075, 0.0010168286, 0.00098534866
  -30.745165, 0.0010806046, 0.00098734698
  -30.745165, 0.0010411432, 0.00098734698
  -30.73871, 0.0007366128, 0.00098834672
  -30.71289, 0.0012703382, 0.00099234955
  -30.706435, 0.0009701924, 0.00099335123
  -30.680615, 0.0012799046, 0.0009973618
  -30.66125, 0.0013468694, 0.0010003738
  -30.654795, 0.0010355628, 0.0010013785
  -30.64834, 0.0005975014, 0.0010023837
  -30.64834, 0.0007880322, 0.0010023837
  -30.64834, 0.000723459, 0.0010023837
  -30.641885, 0.0009773672, 0.0010033892
  -30.63543, 0.0011475694, 0.0010043951
  -30.62252, 0.0013181702, 0.0010064081
  -30.62252, 0.000878913, 0.0010064081
  -30.603155, 0.0011954014, 0.0010094305
  -30.603155, 0.0010814018, 0.0010094305
  -30.603155, 0.0009032276, 0.0010094305
  -30.58379, 0.0009781644, 0.0010124562
  -30.57088, 0.0011515554, 0.0010144753
  -30.564425, 0.0010909682, 0.0010154855
  -30.538605, 0.0011954014, 0.0010195297
  -30.512785, 0.0007047248, 0.0010235801
  -30.499875, 0.0010985416, 0.0010256075
  -30.49342, 0.0014146314, 0.0010266218
  -30.486965, 0.0008498152, 0.0010276365
  -30.474055, 0.0010778144, 0.0010296669
  -30.461145, 0.0009614232, 0.0010316989
  -30.461145, 0.0009622204, 0.0010316989
  -30.461145, 0.000866955, 0.0010316989
  -30.45469, 0.0009809546, 0.0010327154
  -30.45469, 0.0009968986, 0.0010327154
  -30.45469, 0.0010136398, 0.0010327154
  -30.42887, 0.0011551428, 0.0010367853
  -30.41596, 0.000910801, 0.0010388225
  -30.409505, 0.0010507096, 0.0010398417
  -30.409505, 0.000926745, 0.0010398417
  -30.409505, 0.0008534026, 0.0010398417
  -30.39014, 0.0009056192, 0.0010429014
  -30.383685, 0.0005369142, 0.0010439221
  -30.383685, 0.0010674508, 0.0010439221
  -30.383685, 0.0010606746, 0.0010439221
  -30.37723, 0.0008940598, 0.0010449431
  -30.370775, 0.0009634162, 0.0010459645
  -30.357865, 0.0007497666, 0.0010480084
  -30.357865, 0.0014337642, 0.0010480084
  -30.306225, 0.0012731284, 0.0010561988
  -30.306225, 0.0008880808, 0.0010561988
  -30.293315, 0.0009610246, 0.00105825
  -30.28686, 0.0008745284, 0.0010592762
  -30.280405, 0.0009737798, 0.0010603028
  -30.280405, 0.0013109954, 0.0010603028
  -30.24813, 0.0011471708, 0.001065441
  -30.241675, 0.0011702896, 0.0010664698
  -30.2094, 0.001550554, 0.0010716189
  -30.177125, 0.0009773672, 0.0010767772
  -30.177125, 0.0012388488, 0.0010767772
  -30.17067, 0.0010311782, 0.0010778099
  -30.15776, 0.000994507, 0.0010798764
  -30.151305, 0.0006820046, 0.0010809102
  -30.138395, 0.0008880808, 0.0010829789
  -30.13194, 0.0008932626, 0.0010840138
  -30.112575, 0.0010467236, 0.0010871206
  -30.10612, 0.001183842, 0.0010881569
  -30.086755, 0.0012950514, 0.001091268
  -30.05448, 0.0012500096, 0.0010964601
  -30.035115, 0.0010766186, 0.0010995797
  -29.98993, 0.0012946528, 0.0011068709
  -29.98993, 0.0010626676, 0.0011068709
  -29.970565, 0.0010734298, 0.001110001
  -29.96411, 0.001379156, 0.001111045
  -29.93829, 0.0011555414, 0.0011152247
  -29.918925, 0.0012603732, 0.0011183631
  -29.893105, 0.0009996888, 0.0011225524
  -29.867285, 0.0011511568, 0.0011267472
  -29.83501, 0.001377163, 0.0011319983
  -29.815645, 0.0013169744, 0.0011351531
  -29.789825, 0.0012001846, 0.0011393641
  -29.78337, 0.0009921154, 0.0011404177
  -29.776915, 0.0010766186, 0.0011414717
  -29.738185, 0.0012779116, 0.0011478023
  -29.699455, 0.0013261422, 0.0011541449
  -29.68009, 0.0006927668, 0.0011573206
  -29.673635, 0.0009339198, 0.0011583798
  -29.673635, 0.0011017304, 0.0011583798
  -29.66718, 0.0007342212, 0.0011594394
  -29.66718, 0.0005516624, 0.0011594394
  -29.65427, 0.000970591, 0.0011615595
  -29.65427, 0.0008904724, 0.0011615595
  -29.65427, 0.0009371086, 0.0011615595
  -29.647815, 0.0012866808, 0.00116262
  -29.647815, 0.0010092552, 0.00116262
  -29.64136, 0.000964612, 0.0011636809
  -29.64136, 0.0013620162, 0.0011636809
  -29.621995, 0.0008502138, 0.0011668654
  -29.621995, 0.0010407446, 0.0011668654
  -29.61554, 0.0010327726, 0.0011679275
  -29.61554, 0.0009052206, 0.0011679275
  -29.609085, 0.0011710868, 0.00116899
  -29.596175, 0.0009311296, 0.0011711159
  -29.58972, 0.0010335698, 0.0011721794
  -29.583265, 0.0010088566, 0.0011732431
  -29.570355, 0.0012926598, 0.0011753716
  -29.557445, 0.00143496, 0.0011775014
  -29.55099, 0.001237653, 0.0011785667
  -29.531625, 0.001225695, 0.0011817647
  -29.49935, 0.001347268, 0.0011871009
  -29.479985, 0.0010216118, 0.0011903064
  -29.479985, 0.001078213, 0.0011903064
  -29.479985, 0.0010818004, 0.0011903064
  -29.467075, 0.0012205132, 0.001192445
  -29.46062, 0.0008773186, 0.0011935148
  -29.46062, 0.0010279894, 0.0011935148
  -29.441255, 0.0011890238, 0.0011967259
  -29.4348, 0.0009275422, 0.0011977968
  -29.428345, 0.0012189188, 0.0011988681
  -29.42189, 0.0013309254, 0.0011999397
  -29.415435, 0.000964612, 0.0012010116
  -29.37025, 0.0014054636, 0.0012085235
  -29.35734, 0.001062269, 0.0012106725
  -29.350885, 0.0010467236, 0.0012117475
  -29.34443, 0.001602372, 0.0012128227
  -29.29279, 0.0017331128, 0.0012214354
  -29.273425, 0.0013584288, 0.00122467
  -29.260515, 0.0013608204, 0.0012268279
  -29.247605, 0.00109615, 0.001228987
  -29.247605, 0.001157933, 0.001228987
  -29.24115, 0.001223702, 0.001230067
  -29.183055, 0.0017028192, 0.0012397997
  -29.131415, 0.0013807504, 0.0012484705
  -29.12496, 0.0010770172, 0.0012495556
  -29.12496, 0.001399086, 0.0012495556
  -29.092685, 0.0012169258, 0.0012549853
  -29.08623, 0.0010000874, 0.0012560721
  -29.08623, 0.001209751, 0.0012560721
  -29.06041, 0.0012711354, 0.001260422
  -29.06041, 0.001273527, 0.001260422
  -29.041045, 0.001345275, 0.0012636873
  -29.002315, 0.0013317226, 0.0012702251
  -28.976495, 0.0009115982, 0.001274589
  -28.97004, 0.0014401418, 0.0012756807
  -28.95713, 0.0009100038, 0.0012778648
  -28.950675, 0.0012344642, 0.0012789572
  -28.950675, 0.001062269, 0.0012789572
  -28.9184, 0.0013847364, 0.0012844233
  -28.911945, 0.0015358058, 0.0012855173
  -28.886125, 0.0016964416, 0.0012898959
  -28.84094, 0.001775763, 0.0012975681
  -28.80221, 0.001632267, 0.0013041542
  -28.744115, 0.0015521484, 0.0013140497
  -28.72475, 0.001409051, 0.0013173526
  -28.705385, 0.0015760644, 0.0013206576
  -28.67311, 0.0015457708, 0.0013261706
  -28.6602, 0.0013640092, 0.0013283774
  -28.602105, 0.0016545886, 0.0013383194
  -28.58274, 0.0010531012, 0.0013416375
  -28.58274, 0.0009383044, 0.0013416375
  -28.58274, 0.0012340656, 0.0013416375
  -28.563375, 0.0008916682, 0.0013449575
  -28.550465, 0.001303422, 0.0013471719
  -28.5311, 0.0015489596, 0.0013504952
  -28.51819, 0.0012922612, 0.0013527118
  -28.498825, 0.0012372544, 0.0013560382
  -28.460095, 0.0014959458, 0.0013626968
  -28.42782, 0.0013329184, 0.0013682513
  -28.42782, 0.0011344156, 0.0013682513
  -28.41491, 0.0012380516, 0.0013704745
  -28.37618, 0.0012858836, 0.0013771488
  -28.37618, 0.00107622, 0.0013771488
  -28.35036, 0.0013903168, 0.0013816023
  -28.35036, 0.001273527, 0.0013816023
  -28.330995, 0.001452897, 0.0013849444
  -28.279355, 0.0015417848, 0.0013938648
  -28.24708, 0.0012703382, 0.001399446
  -28.22126, 0.001403072, 0.0014039141
  -28.19544, 0.0011961986, 0.001408385
  -28.188985, 0.0016326656, 0.0014095032
  -28.137345, 0.001249611, 0.0014184543
  -28.13089, 0.0013357086, 0.0014195739
  -28.11798, 0.001179856, 0.0014218137
  -28.111525, 0.001161919, 0.0014229338
  -28.10507, 0.00091678, 0.001424054
  -28.09216, 0.0008924654, 0.001426295
  -28.06634, 0.0012324712, 0.0014307788
  -28.05343, 0.0017243436, 0.0014330216
  -28.034065, 0.0016274838, 0.0014363869
  -27.982425, 0.0016175188, 0.0014453674
  -27.95015, 0.001602372, 0.0014509847
  -27.91142, 0.0015501554, 0.0014577298
  -27.892055, 0.0017036164, 0.0014611041
  -27.879145, 0.001191814, 0.0014633543
  -27.879145, 0.0013939042, 0.0014633543
  -27.853325, 0.0015609176, 0.001467856
  -27.801685, 0.0016996304, 0.0014768649
  -27.76941, 0.0017331128, 0.0014824991
  -27.737135, 0.0016031692, 0.0014881358
  -27.698405, 0.0015330156, 0.001494903
  -27.646765, 0.001512687, 0.0015039311
  -27.6274, 0.0016557844, 0.001507318
  -27.58867, 0.0017347072, 0.0015140939
  -27.556395, 0.0015381974, 0.0015197424
  -27.530575, 0.0015170716, 0.0015242625
  -27.491845, 0.0015896168, 0.0015310443
  -27.440205, 0.0016410362, 0.0015400897
  -27.40793, 0.0015059108, 0.0015457445
  -27.3692, 0.0014194146, 0.0015525316
  -27.362745, 0.0013978902, 0.0015536629
  -27.33047, 0.0016274838, 0.0015593197
  -27.324015, 0.0013265408, 0.0015604512
  -27.27883, 0.0012288838, 0.0015683718
  -27.25301, 0.001363212, 0.0015728982
  -27.220735, 0.0017386932, 0.0015785563
  -27.194915, 0.0013317226, 0.0015830829
  -27.14973, 0.001199786, 0.001591004
  -27.117455, 0.0015011276, 0.0015966616
  -27.08518, 0.0016107426, 0.0016023187
  -27.078725, 0.0018263852, 0.00160345
  -27.014175, 0.0020105384, 0.0016147615
  -26.962535, 0.0016434278, 0.0016238077
  -26.910895, 0.0019124828, 0.0016328504
  -26.83989, 0.0020655452, 0.0016452769
  -26.794705, 0.0017833364, 0.0016531796
  -26.76243, 0.0011531498, 0.0016588216
  -26.76243, 0.0012607718, 0.0016588216
  -26.743065, 0.0017590218, 0.0016622056
  -26.691425, 0.0016246936, 0.0016712248
  -26.678515, 0.0010586816, 0.0016734785
  -26.67206, 0.0012288838, 0.0016746051
  -26.64624, 0.001301429, 0.0016791104
  -26.613965, 0.001662162, 0.0016847391
  -26.58169, 0.0021767546, 0.0016903644
  -26.549415, 0.0023349988, 0.001695986
  -26.4655, 0.0023082926, 0.0017105836
  -26.394495, 0.0016370502, 0.0017229122
  -26.36222, 0.0014991346, 0.0017285085
  -26.3364, 0.0014413376, 0.0017329818
  -26.291215, 0.0014397432, 0.0017408019
  -26.27185, 0.0014457222, 0.0017441501
  -26.23312, 0.0013528484, 0.0017508401
  -26.187935, 0.0015955958, 0.0017586342
  -26.162115, 0.0015772602, 0.0017630824
  -26.136295, 0.0016729242, 0.0017675264
  -26.09111, 0.0016306726, 0.001775293
  -26.0782, 0.0013165758, 0.0017775095
  -26.03947, 0.0017853294, 0.0017841522
  -26.00074, 0.0017554344, 0.0017907841
  -25.955555, 0.001965098, 0.0017985071
  -25.891005, 0.0019957902, 0.0018095123
  -25.865185, 0.0017470638, 0.0018139049
  -25.813545, 0.001640239, 0.0018226729
  -25.76836, 0.001698036, 0.0018303256
  -25.71672, 0.0018778046, 0.0018390483
  -25.684445, 0.0020679368, 0.0018444871
  -25.632805, 0.0019435736, 0.0018531674
  -25.60053, 0.0017901126, 0.0018585787
  -25.568255, 0.0017207562, 0.0018639789
  -25.51016, 0.0020723214, 0.0018736706
  -25.45852, 0.0019395876, 0.0018822531
  -25.426245, 0.0018726228, 0.0018876013
  -25.35524, 0.002254083, 0.0018993223
  -25.271325, 0.0023070968, 0.0019130912
  -25.219685, 0.0020759088, 0.0019215173
  -25.1745, 0.002142475, 0.0019288595
  -25.116405, 0.0022955374, 0.001938256
  -25.0454, 0.0021735658, 0.0019496715
  -25.00667, 0.0020057552, 0.0019558649

Analysis metadata
  Created at:              2026-06-17T10:18:12
  Probe configuration:     single
  Fit procedure:           Four-parameter SLP fit
