Single Langmuir probe analysis: 2026_06_10_SLP_ACQ4
===================================================
Samples available:         22578
Samples fitted:            11419
Voltage range:             -62.78 to 15.65 V
Current range:             -9.7458e-04 to 1.3042e-02 A

Fit model
  I = Is * (1 + R * (V - Vf)) * (exp((V - Vf) / Te) - 1)

Plasma parameters
  Electron temperature Te: 6.03268 eV
  Electron density n:      2.246586e+17 m^-3
  Ion saturation Is:       4.351421e-04 A
  Floating potential Vf:   -40.9551 V
  Plasma potential Vp:     -16.6334 V
  R correction:            -0.039204

Derived quantities
  Probe area:              2.010000e-06 m^2
  Ion mass:                4 amu
  Sound speed:             1.202888e+04 m/s
  Alpha:                   4.03165

Fit quality
  R-squared:               0.940139

Fit data
  voltage_V, current_A, fitted_current_A
  -62.78133, -0.0007051234, -0.00078581289
  -62.78133, -0.0005432918, -0.00078581289
  -62.774875, -0.0008518082, -0.00078568254
  -62.774875, -0.0005923196, -0.00078568254
  -62.761965, -0.0007386058, -0.00078542176
  -62.761965, -0.0007170814, -0.00078542176
  -62.75551, -0.0007409974, -0.00078529135
  -62.75551, -0.0007884308, -0.00078529135
  -62.75551, -0.0007904238, -0.00078529135
  -62.75551, -0.0006226132, -0.00078529135
  -62.75551, -0.0007202702, -0.00078529135
  -62.75551, -0.0007888294, -0.00078529135
  -62.75551, -0.0006688508, -0.00078529135
  -62.749055, -0.0006784172, -0.00078516092
  -62.749055, -0.0007318296, -0.00078516092
  -62.749055, -0.000870941, -0.00078516092
  -62.749055, -0.0007282422, -0.00078516092
  -62.749055, -0.0007011374, -0.00078516092
  -62.749055, -0.0008884794, -0.00078516092
  -62.7426, -0.0007748784, -0.00078503046
  -62.7426, -0.0008374586, -0.00078503046
  -62.7426, -0.0007808574, -0.00078503046
  -62.7426, -0.0008083608, -0.00078503046
  -62.7426, -0.0008243048, -0.00078503046
  -62.7426, -0.0006461306, -0.00078503046
  -62.7426, -0.000564019, -0.00078503046
  -62.7426, -0.0009614232, -0.00078503046
  -62.736145, -0.0007824518, -0.00078489999
  -62.736145, -0.0007641162, -0.00078489999
  -62.736145, -0.000645732, -0.00078489999
  -62.736145, -0.0007330254, -0.00078489999
  -62.736145, -0.0007282422, -0.00078489999
  -62.736145, -0.0007816546, -0.00078489999
  -62.736145, -0.0008023818, -0.00078489999
  -62.736145, -0.0007310324, -0.00078489999
  -62.736145, -0.0007425918, -0.00078489999
  -62.736145, -0.0007880322, -0.00078489999
  -62.72969, -0.0009498638, -0.00078476951
  -62.72969, -0.0008035776, -0.00078476951
  -62.72969, -0.0007995916, -0.00078476951
  -62.72969, -0.0007186758, -0.00078476951
  -62.72969, -0.0008478222, -0.00078476951
  -62.72969, -0.0007409974, -0.00078476951
  -62.72969, -0.0005735854, -0.00078476951
  -62.72969, -0.000872934, -0.00078476951
  -62.72969, -0.0006134454, -0.00078476951
  -62.72969, -0.0006951584, -0.00078476951
  -62.72969, -0.000647725, -0.00078476951
  -62.72969, -0.0007477736, -0.00078476951
  -62.72969, -0.000815137, -0.00078476951
  -62.72969, -0.000659683, -0.00078476951
  -62.72969, -0.0008179272, -0.00078476951
  -62.723235, -0.000775277, -0.000784639
  -62.723235, -0.0008398502, -0.000784639
  -62.723235, -0.0008187244, -0.000784639
  -62.723235, -0.0007908224, -0.000784639
  -62.723235, -0.0007366128, -0.000784639
  -62.723235, -0.0004906766, -0.000784639
  -62.723235, -0.0008302838, -0.000784639
  -62.723235, -0.0007218646, -0.000784639
  -62.723235, -0.0007908224, -0.000784639
  -62.723235, -0.0008442348, -0.000784639
  -62.723235, -0.0005955084, -0.000784639
  -62.71678, -0.0007828504, -0.00078450847
  -62.71678, -0.0008003888, -0.00078450847
  -62.71678, -0.0007505638, -0.00078450847
  -62.71678, -0.0007063192, -0.00078450847
  -62.71678, -0.0007716896, -0.00078450847
  -62.71678, -0.0008673536, -0.00078450847
  -62.71678, -0.0007987944, -0.00078450847
  -62.71678, -0.0007876336, -0.00078450847
  -62.71678, -0.0007386058, -0.00078450847
  -62.71678, -0.0008980458, -0.00078450847
  -62.71678, -0.0008266964, -0.00078450847
  -62.71678, -0.0008502138, -0.00078450847
  -62.71678, -0.0007521582, -0.00078450847
  -62.71678, -0.0008613746, -0.00078450847
  -62.71678, -0.00069755, -0.00078450847
  -62.71678, -0.0008163328, -0.00078450847
  -62.710325, -0.0008039762, -0.00078437793
  -62.710325, -0.0006465292, -0.00078437793
  -62.710325, -0.0007983958, -0.00078437793
  -62.710325, -0.0008055706, -0.00078437793
  -62.710325, -0.0006828018, -0.00078437793
  -62.710325, -0.0007059206, -0.00078437793
  -62.710325, -0.0006560956, -0.00078437793
  -62.710325, -0.0006525082, -0.00078437793
  -62.710325, -0.0007537526, -0.00078437793
  -62.710325, -0.0007736826, -0.00078437793
  -62.70387, -0.0007609274, -0.00078424736
  -62.70387, -0.0007944098, -0.00078424736
  -62.70387, -0.000787235, -0.00078424736
  -62.70387, -0.0008402488, -0.00078424736
  -62.70387, -0.0008239062, -0.00078424736
  -62.70387, -0.00085699, -0.00078424736
  -62.70387, -0.0007425918, -0.00078424736
  -62.70387, -0.0007477736, -0.00078424736
  -62.70387, -0.0008394516, -0.00078424736
  -62.70387, -0.0006285922, -0.00078424736
  -62.70387, -0.0007987944, -0.00078424736
  -62.70387, -0.0007545498, -0.00078424736
  -62.70387, -0.000858983, -0.00078424736
  -62.697415, -0.0007724868, -0.00078411678
  -62.697415, -0.0009044234, -0.00078411678
  -62.697415, -0.0007126968, -0.00078411678
  -62.697415, -0.000787235, -0.00078411678
  -62.697415, -0.0007736826, -0.00078411678
  -62.697415, -0.0007485708, -0.00078411678
  -62.697415, -0.0008127454, -0.00078411678
  -62.69096, -0.0006971514, -0.00078398618
  -62.69096, -0.0007629204, -0.00078398618
  -62.684505, -0.0007979972, -0.00078385556
  -62.684505, -0.0008932626, -0.00078385556
  -62.684505, -0.0007497666, -0.00078385556
  -62.67805, -0.0008713396, -0.00078372492
  -62.67805, -0.0006481236, -0.00078372492
  -62.67805, -0.0006983472, -0.00078372492
  -62.67805, -0.0007649134, -0.00078372492
  -62.67805, -0.0006748298, -0.00078372492
  -62.67805, -0.0008406474, -0.00078372492
  -62.67805, -0.0007796616, -0.00078372492
  -62.671595, -0.000809158, -0.00078359427
  -62.671595, -0.000787235, -0.00078359427
  -62.66514, -0.0009012346, -0.00078346359
  -62.658685, -0.0008442348, -0.0007833329
  -62.658685, -0.0007645148, -0.0007833329
  -62.65223, -0.0008286894, -0.00078320218
  -62.65223, -0.0007099066, -0.00078320218
  -62.645775, -0.000661676, -0.00078307145
  -62.645775, -0.0007162842, -0.00078307145
  -62.63932, -0.0007166828, -0.0007829407
  -62.632865, -0.0008418432, -0.00078280993
  -62.619955, -0.000645732, -0.00078254834
  -62.607045, -0.0009398988, -0.00078228666
  -62.58768, -0.000815137, -0.00078189401
  -62.555405, -0.0006114524, -0.00078123922
  -62.555405, -0.0007346198, -0.00078123922
  -62.542495, -0.0009020318, -0.00078097717
  -62.51022, -0.0006979486, -0.0007803217
  -62.51022, -0.000843039, -0.0007803217
  -62.49731, -0.0006624732, -0.00078005938
  -62.47149, -0.000723459, -0.00077953451
  -62.47149, -0.0007605288, -0.00077953451
  -62.439215, -0.0007972, -0.00077887799
  -62.413395, -0.0007657106, -0.00077835243
  -62.400485, -0.000783249, -0.00077808953
  -62.39403, -0.000739403, -0.00077795805
  -62.36821, -0.0006262006, -0.00077743194
  -62.34239, -0.0005488722, -0.00077690551
  -62.31657, -0.0008414446, -0.00077637877
  -62.284295, -0.000745382, -0.00077571991
  -62.27784, -0.000974577, -0.00077558807
  -62.23911, -0.000641746, -0.00077479666
  -62.219745, -0.0006820046, -0.00077440069
  -62.20038, -0.0006130468, -0.00077400453
  -62.20038, -0.0006545012, -0.00077400453
  -62.17456, -0.0007290394, -0.00077347605
  -62.129375, -0.0007589344, -0.00077255042
  -62.11001, -0.0007230604, -0.00077215342
  -62.07128, -0.0007027318, -0.00077135888
  -62.07128, -0.0007577386, -0.00077135888
  -62.000275, -0.0008318782, -0.0007699003
  -62.000275, -0.0007940112, -0.0007699003
  -61.974455, -0.0005763756, -0.00076936929
  -61.95509, -0.0005867392, -0.00076897082
  -61.935725, -0.0009402974, -0.00076857216
  -61.922815, -0.0008119482, -0.00076830629
  -61.86472, -0.0008035776, -0.00076710881
  -61.86472, -0.0008418432, -0.00076710881
  -61.8389, -0.0007011374, -0.00076657606
  -61.81308, -0.0007390044, -0.00076604297
  -61.806625, -0.0006529068, -0.00076590964
  -61.793715, -0.0006891794, -0.00076564293
  -61.767895, -0.0008821018, -0.00076510924
  -61.742075, -0.0007796616, -0.00076457522
  -61.742075, -0.000705522, -0.00076457522
  -61.716255, -0.0006644662, -0.00076404086
  -61.7098, -0.0008119482, -0.00076390721
  -61.7098, -0.0006760256, -0.00076390721
  -61.703345, -0.0007728854, -0.00076377355
  -61.67107, -0.0007250534, -0.0007631049
  -61.664615, -0.0007529554, -0.0007629711
  -61.664615, -0.0007409974, -0.0007629711
  -61.651705, -0.0007589344, -0.00076270345
  -61.651705, -0.0008139412, -0.00076270345
  -61.651705, -0.0006688508, -0.00076270345
  -61.651705, -0.0007669064, -0.00076270345
  -61.651705, -0.0006624732, -0.00076270345
  -61.64525, -0.0006692494, -0.00076256959
  -61.64525, -0.0006664592, -0.00076256959
  -61.64525, -0.0007756756, -0.00076256959
  -61.638795, -0.0007724868, -0.00076243571
  -61.638795, -0.0007904238, -0.00076243571
  -61.638795, -0.0008067664, -0.00076243571
  -61.638795, -0.0008003888, -0.00076243571
  -61.638795, -0.0007577386, -0.00076243571
  -61.638795, -0.0007390044, -0.00076243571
  -61.638795, -0.0006094594, -0.00076243571
  -61.638795, -0.0006305852, -0.00076243571
  -61.638795, -0.0006883822, -0.00076243571
  -61.63234, -0.0007461792, -0.0007623018
  -61.63234, -0.0008059692, -0.0007623018
  -61.63234, -0.0007378086, -0.0007623018
  -61.63234, -0.0008007874, -0.0007623018
  -61.63234, -0.0007206688, -0.0007623018
  -61.63234, -0.0006812074, -0.0007623018
  -61.625885, -0.0007589344, -0.00076216788
  -61.625885, -0.000687585, -0.00076216788
  -61.625885, -0.0006720396, -0.00076216788
  -61.625885, -0.0007780672, -0.00076216788
  -61.625885, -0.0007936126, -0.00076216788
  -61.625885, -0.0007828504, -0.00076216788
  -61.625885, -0.0007720882, -0.00076216788
  -61.625885, -0.0007210674, -0.00076216788
  -61.625885, -0.0007920182, -0.00076216788
  -61.625885, -0.0005955084, -0.00076216788
  -61.625885, -0.00075734, -0.00076216788
  -61.625885, -0.000739403, -0.00076216788
  -61.625885, -0.0006979486, -0.00076216788
  -61.625885, -0.000659683, -0.00076216788
  -61.625885, -0.000693564, -0.00076216788
  -61.625885, -0.0006624732, -0.00076216788
  -61.625885, -0.0007948084, -0.00076216788
  -61.625885, -0.000858983, -0.00076216788
  -61.625885, -0.0006847948, -0.00076216788
  -61.61943, -0.0008067664, -0.00076203393
  -61.61943, -0.000719473, -0.00076203393
  -61.61943, -0.0006062706, -0.00076203393
  -61.61943, -0.000789228, -0.00076203393
  -61.61943, -0.0007266478, -0.00076203393
  -61.61943, -0.0008035776, -0.00076203393
  -61.61943, -0.0007449834, -0.00076203393
  -61.61943, -0.0008458292, -0.00076203393
  -61.61943, -0.000701536, -0.00076203393
  -61.61943, -0.0007525568, -0.00076203393
  -61.61943, -0.0007836476, -0.00076203393
  -61.61943, -0.0008677522, -0.00076203393
  -61.61943, -0.0007190744, -0.00076203393
  -61.61943, -0.0007417946, -0.00076203393
  -61.61943, -0.0006102566, -0.00076203393
  -61.61943, -0.0008035776, -0.00076203393
  -61.61943, -0.0007696966, -0.00076203393
  -61.61943, -0.000661676, -0.00076203393
  -61.612975, -0.0007896266, -0.00076189997
  -61.612975, -0.000821116, -0.00076189997
  -61.612975, -0.000793214, -0.00076189997
  -61.612975, -0.0007019346, -0.00076189997
  -61.612975, -0.000685592, -0.00076189997
  -61.612975, -0.0008797102, -0.00076189997
  -61.612975, -0.0006800116, -0.00076189997
  -61.612975, -0.0006341726, -0.00076189997
  -61.612975, -0.0006732354, -0.00076189997
  -61.612975, -0.000719473, -0.00076189997
  -61.612975, -0.0008155356, -0.00076189997
  -61.612975, -0.0007417946, -0.00076189997
  -61.612975, -0.0007964028, -0.00076189997
  -61.612975, -0.0006493194, -0.00076189997
  -61.612975, -0.0005676064, -0.00076189997
  -61.612975, -0.0006002916, -0.00076189997
  -61.612975, -0.0007904238, -0.00076189997
  -61.612975, -0.0008203188, -0.00076189997
  -61.612975, -0.0006740326, -0.00076189997
  -61.612975, -0.0008199202, -0.00076189997
  -61.612975, -0.0007238576, -0.00076189997
  -61.612975, -0.0008534026, -0.00076189997
  -61.60652, -0.0007509624, -0.00076176598
  -61.60652, -0.0006285922, -0.00076176598
  -61.60652, -0.0007202702, -0.00076176598
  -61.60652, -0.0007429904, -0.00076176598
  -61.60652, -0.0008625704, -0.00076176598
  -61.60652, -0.0006851934, -0.00076176598
  -61.60652, -0.0007820532, -0.00076176598
  -61.60652, -0.0007226618, -0.00076176598
  -61.60652, -0.0007657106, -0.00076176598
  -61.60652, -0.0007987944, -0.00076176598
  -61.60652, -0.0009159828, -0.00076176598
  -61.60652, -0.000749368, -0.00076176598
  -61.60652, -0.0008063678, -0.00076176598
  -61.60652, -0.000835067, -0.00076176598
  -61.600065, -0.0006186272, -0.00076163197
  -61.600065, -0.0006704452, -0.00076163197
  -61.600065, -0.000747375, -0.00076163197
  -61.600065, -0.00077727, -0.00076163197
  -61.600065, -0.0006931654, -0.00076163197
  -61.600065, -0.000765312, -0.00076163197
  -61.600065, -0.0006389558, -0.00076163197
  -61.600065, -0.0008107524, -0.00076163197
  -61.600065, -0.0007091094, -0.00076163197
  -61.600065, -0.0008035776, -0.00076163197
  -61.600065, -0.000703529, -0.00076163197
  -61.600065, -0.000743389, -0.00076163197
  -61.600065, -0.0006824032, -0.00076163197
  -61.600065, -0.0005377114, -0.00076163197
  -61.600065, -0.0007924168, -0.00076163197
  -61.59361, -0.0007828504, -0.00076149793
  -61.59361, -0.000753354, -0.00076149793
  -61.59361, -0.000779263, -0.00076149793
  -61.59361, -0.0007776686, -0.00076149793
  -61.59361, -0.0005424946, -0.00076149793
  -61.59361, -0.0008414446, -0.00076149793
  -61.59361, -0.0007685008, -0.00076149793
  -61.587155, -0.000631781, -0.00076136388
  -61.587155, -0.000767305, -0.00076136388
  -61.587155, -0.000759333, -0.00076136388
  -61.5807, -0.0008039762, -0.0007612298
  -61.5807, -0.0008027804, -0.0007612298
  -61.5807, -0.000753354, -0.0007612298
  -61.574245, -0.0008346684, -0.0007610957
  -61.574245, -0.0007186758, -0.0007610957
  -61.548425, -0.0008832976, -0.00076055909
  -61.522605, -0.0007601302, -0.00076002213
  -61.49033, -0.000693564, -0.00075935044
  -61.470965, -0.0006600816, -0.00075894716
  -61.46451, -0.0007366128, -0.00075881269
  -61.4516, -0.0006971514, -0.00075854368
  -61.38705, -0.000719473, -0.0007571973
  -61.34832, -0.0007641162, -0.0007563884
  -61.328955, -0.0006190258, -0.00075598364
  -61.29668, -0.000741396, -0.0007553086
  -61.27086, -0.0007382072, -0.00075476816
  -61.225675, -0.0007222632, -0.00075382152
  -61.199855, -0.0006704452, -0.00075328008
  -61.186945, -0.0006433404, -0.00075300922
  -61.174035, -0.0006704452, -0.00075273827
  -61.14176, -0.000819123, -0.00075206048
  -61.096575, -0.0007975986, -0.00075111062
  -61.07721, -0.0006792144, -0.00075070318
  -61.0643, -0.0007808574, -0.00075043145
  -61.044935, -0.0007589344, -0.00075002366
  -61.006205, -0.0007326268, -0.00074920746
  -60.98684, -0.0007202702, -0.00074879904
  -60.967475, -0.0006564942, -0.00074839041
  -60.967475, -0.0008733326, -0.00074839041
  -60.96102, -0.0006688508, -0.00074825415
  -60.941655, -0.0007023332, -0.00074784524
  -60.9352, -0.00071748, -0.00074770888
  -60.9352, -0.0007525568, -0.00074770888
  -60.9352, -0.0007836476, -0.00074770888
  -60.9352, -0.000689578, -0.00074770888
  -60.928745, -0.0006608788, -0.00074757251
  -60.915835, -0.0007629204, -0.00074729968
  -60.915835, -0.000593914, -0.00074729968
  -60.915835, -0.0007888294, -0.00074729968
  -60.915835, -0.0006369628, -0.00074729968
  -60.90938, -0.0007425918, -0.00074716323
  -60.90938, -0.000671641, -0.00074716323
  -60.90938, -0.0006967528, -0.00074716323
  -60.90938, -0.0006784172, -0.00074716323
  -60.902925, -0.0008737312, -0.00074702676
  -60.902925, -0.0005990958, -0.00074702676
  -60.902925, -0.0006572914, -0.00074702676
  -60.902925, -0.0008262978, -0.00074702676
  -60.902925, -0.0005871378, -0.00074702676
  -60.902925, -0.0006353684, -0.00074702676
  -60.89647, -0.0004392572, -0.00074689027
  -60.89647, -0.000693564, -0.00074689027
  -60.89647, -0.0005353198, -0.00074689027
  -60.89647, -0.0007924168, -0.00074689027
  -60.89647, -0.000701536, -0.00074689027
  -60.89647, -0.0005990958, -0.00074689027
  -60.89647, -0.0007617246, -0.00074689027
  -60.89647, -0.000851011, -0.00074689027
  -60.89647, -0.000829088, -0.00074689027
  -60.89647, -0.0006732354, -0.00074689027
  -60.89647, -0.0007489694, -0.00074689027
  -60.89647, -0.000699543, -0.00074689027
  -60.890015, -0.0007310324, -0.00074675375
  -60.890015, -0.0007063192, -0.00074675375
  -60.890015, -0.0007685008, -0.00074675375
  -60.890015, -0.000587935, -0.00074675375
  -60.890015, -0.000795207, -0.00074675375
  -60.890015, -0.0007409974, -0.00074675375
  -60.890015, -0.0008083608, -0.00074675375
  -60.890015, -0.0008494166, -0.00074675375
  -60.890015, -0.000765312, -0.00074675375
  -60.890015, -0.0007421932, -0.00074675375
  -60.890015, -0.000683599, -0.00074675375
  -60.890015, -0.0006513124, -0.00074675375
  -60.890015, -0.0005891308, -0.00074675375
  -60.890015, -0.0008063678, -0.00074675375
  -60.890015, -0.0007768714, -0.00074675375
  -60.890015, -0.0006772214, -0.00074675375
  -60.890015, -0.000849018, -0.00074675375
  -60.890015, -0.0007270464, -0.00074675375
  -60.890015, -0.000607865, -0.00074675375
  -60.890015, -0.0007936126, -0.00074675375
  -60.88356, -0.0007202702, -0.0007466172
  -60.88356, -0.00061783, -0.0007466172
  -60.88356, -0.0006186272, -0.0007466172
  -60.88356, -0.0007186758, -0.0007466172
  -60.88356, -0.0006584872, -0.0007466172
  -60.88356, -0.0006405502, -0.0007466172
  -60.88356, -0.000685592, -0.0007466172
  -60.88356, -0.0007888294, -0.0007466172
  -60.88356, -0.0007995916, -0.0007466172
  -60.88356, -0.0006931654, -0.0007466172
  -60.88356, -0.0006154384, -0.0007466172
  -60.88356, -0.000829088, -0.0007466172
  -60.88356, -0.0007804588, -0.0007466172
  -60.88356, -0.0006493194, -0.0007466172
  -60.88356, -0.0006847948, -0.0007466172
  -60.88356, -0.0006365642, -0.0007466172
  -60.88356, -0.0007509624, -0.0007466172
  -60.88356, -0.0007282422, -0.0007466172
  -60.88356, -0.0007445848, -0.0007466172
  -60.88356, -0.0008262978, -0.0007466172
  -60.88356, -0.0006780186, -0.0007466172
  -60.877105, -0.000795207, -0.00074648063
  -60.877105, -0.0007995916, -0.00074648063
  -60.877105, -0.0007087108, -0.00074648063
  -60.877105, -0.0007122982, -0.00074648063
  -60.877105, -0.0007346198, -0.00074648063
  -60.877105, -0.0007896266, -0.00074648063
  -60.877105, -0.0006246062, -0.00074648063
  -60.877105, -0.0008219132, -0.00074648063
  -60.877105, -0.0007979972, -0.00074648063
  -60.877105, -0.000733424, -0.00074648063
  -60.877105, -0.0008342698, -0.00074648063
  -60.877105, -0.0007677036, -0.00074648063
  -60.877105, -0.0006792144, -0.00074648063
  -60.877105, -0.000659683, -0.00074648063
  -60.877105, -0.000715487, -0.00074648063
  -60.877105, -0.0007868364, -0.00074648063
  -60.877105, -0.0006800116, -0.00074648063
  -60.877105, -0.0006401516, -0.00074648063
  -60.877105, -0.000805172, -0.00074648063
  -60.877105, -0.000765312, -0.00074648063
  -60.877105, -0.0007549484, -0.00074648063
  -60.877105, -0.000593914, -0.00074648063
  -60.877105, -0.0007661092, -0.00074648063
  -60.877105, -0.0008155356, -0.00074648063
  -60.87065, -0.0006911724, -0.00074634404
  -60.87065, -0.0006632704, -0.00074634404
  -60.87065, -0.0005847462, -0.00074634404
  -60.87065, -0.0007079136, -0.00074634404
  -60.87065, -0.0007079136, -0.00074634404
  -60.87065, -0.0007581372, -0.00074634404
  -60.87065, -0.0006604802, -0.00074634404
  -60.87065, -0.000849018, -0.00074634404
  -60.87065, -0.0007505638, -0.00074634404
  -60.87065, -0.0007505638, -0.00074634404
  -60.87065, -0.0006493194, -0.00074634404
  -60.87065, -0.0007449834, -0.00074634404
  -60.87065, -0.0006780186, -0.00074634404
  -60.87065, -0.0006126482, -0.00074634404
  -60.87065, -0.0006620746, -0.00074634404
  -60.87065, -0.0008314796, -0.00074634404
  -60.87065, -0.0006186272, -0.00074634404
  -60.87065, -0.000890871, -0.00074634404
  -60.87065, -0.0006931654, -0.00074634404
  -60.87065, -0.0006720396, -0.00074634404
  -60.87065, -0.0005907252, -0.00074634404
  -60.87065, -0.0007370114, -0.00074634404
  -60.87065, -0.0007162842, -0.00074634404
  -60.87065, -0.000813144, -0.00074634404
  -60.87065, -0.000811151, -0.00074634404
  -60.864195, -0.000705522, -0.00074620743
  -60.864195, -0.000651711, -0.00074620743
  -60.864195, -0.0006971514, -0.00074620743
  -60.864195, -0.0008095566, -0.00074620743
  -60.864195, -0.000673634, -0.00074620743
  -60.864195, -0.0006867878, -0.00074620743
  -60.864195, -0.0007983958, -0.00074620743
  -60.864195, -0.0007370114, -0.00074620743
  -60.864195, -0.000805172, -0.00074620743
  -60.864195, -0.0006919696, -0.00074620743
  -60.864195, -0.0008175286, -0.00074620743
  -60.864195, -0.0006804102, -0.00074620743
  -60.864195, -0.0006859906, -0.00074620743
  -60.864195, -0.0007358156, -0.00074620743
  -60.864195, -0.0006425432, -0.00074620743
  -60.864195, -0.0006325782, -0.00074620743
  -60.864195, -0.0005389072, -0.00074620743
  -60.864195, -0.0007130954, -0.00074620743
  -60.864195, -0.0008099552, -0.00074620743
  -60.864195, -0.0007948084, -0.00074620743
  -60.864195, -0.0007948084, -0.00074620743
  -60.864195, -0.0006584872, -0.00074620743
  -60.864195, -0.0006624732, -0.00074620743
  -60.864195, -0.0008055706, -0.00074620743
  -60.864195, -0.000819123, -0.00074620743
  -60.864195, -0.00083706, -0.00074620743
  -60.85774, -0.0006154384, -0.00074607079
  -60.85774, -0.0006644662, -0.00074607079
  -60.85774, -0.0007051234, -0.00074607079
  -60.85774, -0.0007067178, -0.00074607079
  -60.85774, -0.0008163328, -0.00074607079
  -60.85774, -0.0007589344, -0.00074607079
  -60.85774, -0.000691571, -0.00074607079
  -60.85774, -0.0007597316, -0.00074607079
  -60.85774, -0.000707515, -0.00074607079
  -60.85774, -0.0006824032, -0.00074607079
  -60.85774, -0.0007318296, -0.00074607079
  -60.85774, -0.0006381586, -0.00074607079
  -60.85774, -0.0007629204, -0.00074607079
  -60.85774, -0.0006285922, -0.00074607079
  -60.85774, -0.0007302352, -0.00074607079
  -60.85774, -0.0007860392, -0.00074607079
  -60.85774, -0.0007764728, -0.00074607079
  -60.85774, -0.000902829, -0.00074607079
  -60.85774, -0.0008422418, -0.00074607079
  -60.85774, -0.000749368, -0.00074607079
  -60.85774, -0.0007960042, -0.00074607079
  -60.85774, -0.0007685008, -0.00074607079
  -60.85774, -0.0008541998, -0.00074607079
  -60.85774, -0.000589928, -0.00074607079
  -60.85774, -0.0007748784, -0.00074607079
  -60.85774, -0.0007382072, -0.00074607079
  -60.85774, -0.0006301866, -0.00074607079
  -60.851285, -0.0005803616, -0.00074593412
  -60.851285, -0.0007617246, -0.00074593412
  -60.851285, -0.0006752284, -0.00074593412
  -60.851285, -0.0007477736, -0.00074593412
  -60.851285, -0.000922759, -0.00074593412
  -60.851285, -0.000747375, -0.00074593412
  -60.851285, -0.0006923682, -0.00074593412
  -60.851285, -0.000621816, -0.00074593412
  -60.851285, -0.0006792144, -0.00074593412
  -60.851285, -0.000575977, -0.00074593412
  -60.851285, -0.0006042776, -0.00074593412
  -60.851285, -0.0006070678, -0.00074593412
  -60.851285, -0.0007960042, -0.00074593412
  -60.851285, -0.0008107524, -0.00074593412
  -60.851285, -0.0007023332, -0.00074593412
  -60.851285, -0.0007270464, -0.00074593412
  -60.851285, -0.0007103052, -0.00074593412
  -60.851285, -0.000649718, -0.00074593412
  -60.851285, -0.000833074, -0.00074593412
  -60.851285, -0.0007477736, -0.00074593412
  -60.851285, -0.0007039276, -0.00074593412
  -60.851285, -0.0008135426, -0.00074593412
  -60.851285, -0.0007900252, -0.00074593412
  -60.851285, -0.0007700952, -0.00074593412
  -60.851285, -0.000675627, -0.00074593412
  -60.851285, -0.000781256, -0.00074593412
  -60.851285, -0.0006640676, -0.00074593412
  -60.851285, -0.000769298, -0.00074593412
  -60.851285, -0.0007525568, -0.00074593412
  -60.851285, -0.000747375, -0.00074593412
  -60.84483, -0.0007083122, -0.00074579744
  -60.84483, -0.0005632218, -0.00074579744
  -60.84483, -0.0007067178, -0.00074579744
  -60.84483, -0.0007142912, -0.00074579744
  -60.84483, -0.0007916196, -0.00074579744
  -60.84483, -0.0007262492, -0.00074579744
  -60.84483, -0.0006907738, -0.00074579744
  -60.84483, -0.0007964028, -0.00074579744
  -60.84483, -0.000771291, -0.00074579744
  -60.84483, -0.0006353684, -0.00074579744
  -60.84483, -0.000573984, -0.00074579744
  -60.84483, -0.0007585358, -0.00074579744
  -60.84483, -0.0006660606, -0.00074579744
  -60.84483, -0.0007736826, -0.00074579744
  -60.84483, -0.0006903752, -0.00074579744
  -60.84483, -0.0007960042, -0.00074579744
  -60.838375, -0.0006939626, -0.00074566072
  -60.838375, -0.0007481722, -0.00074566072
  -60.838375, -0.0007310324, -0.00074566072
  -60.838375, -0.0006026832, -0.00074566072
  -60.838375, -0.0007118996, -0.00074566072
  -60.838375, -0.0008175286, -0.00074566072
  -60.838375, -0.0006552984, -0.00074566072
  -60.838375, -0.0005979, -0.00074566072
  -60.838375, -0.000687585, -0.00074566072
  -60.83192, -0.000629788, -0.00074552399
  -60.83192, -0.0007736826, -0.00074552399
  -60.83192, -0.0007122982, -0.00074552399
  -60.83192, -0.0007987944, -0.00074552399
  -60.83192, -0.0007039276, -0.00074552399
  -60.83192, -0.000775277, -0.00074552399
  -60.83192, -0.000647725, -0.00074552399
  -60.825465, -0.000723459, -0.00074538723
  -60.825465, -0.0007338226, -0.00074538723
  -60.825465, -0.0007736826, -0.00074538723
  -60.825465, -0.0006712424, -0.00074538723
  -60.825465, -0.000653704, -0.00074538723
  -60.825465, -0.0007322282, -0.00074538723
  -60.825465, -0.0006162356, -0.00074538723
  -60.825465, -0.0007278436, -0.00074538723
  -60.81901, -0.000789228, -0.00074525044
  -60.81901, -0.0008067664, -0.00074525044
  -60.81901, -0.0008183258, -0.00074525044
  -60.812555, -0.0008557942, -0.00074511364
  -60.812555, -0.0007039276, -0.00074511364
  -60.8061, -0.0007549484, -0.0007449768
  -60.8061, -0.0007465778, -0.0007449768
  -60.8061, -0.0008625704, -0.0007449768
  -60.799645, -0.0007003402, -0.00074483995
  -60.799645, -0.0007549484, -0.00074483995
  -60.79319, -0.0007142912, -0.00074470307
  -60.79319, -0.00075734, -0.00074470307
  -60.786735, -0.0007218646, -0.00074456616
  -60.786735, -0.0007629204, -0.00074456616
  -60.78028, -0.0007936126, -0.00074442923
  -60.78028, -0.0006289908, -0.00074442923
  -60.773825, -0.0006927668, -0.00074429228
  -60.76737, -0.0006684522, -0.0007441553
  -60.748005, -0.0007609274, -0.00074374422
  -60.748005, -0.000621816, -0.00074374422
  -60.74155, -0.0007549484, -0.00074360714
  -60.735095, -0.0007880322, -0.00074347004
  -60.722185, -0.0007405988, -0.00074319577
  -60.709275, -0.0006445362, -0.0007429214
  -60.696365, -0.0007501652, -0.00074264693
  -60.66409, -0.0005767742, -0.00074196032
  -60.657635, -0.0007162842, -0.00074182293
  -60.631815, -0.000671641, -0.0007412731
  -60.605995, -0.000767305, -0.00074072288
  -60.59954, -0.000745382, -0.00074058526
  -60.593085, -0.000753354, -0.00074044762
  -60.567265, -0.000653704, -0.0007398968
  -60.56081, -0.0007162842, -0.00073975903
  -60.515625, -0.0007039276, -0.00073879396
  -60.502715, -0.0006445362, -0.00073851799
  -60.476895, -0.0007051234, -0.00073796577
  -60.451075, -0.0009383044, -0.00073741313
  -60.451075, -0.00075734, -0.00073741313
  -60.4188, -0.0007880322, -0.00073672177
  -60.40589, -0.0006433404, -0.00073644505
  -60.39298, -0.0007445848, -0.00073616822
  -60.347795, -0.0008255006, -0.00073519853
  -60.347795, -0.0008255006, -0.00073519853
  -60.321975, -0.0005967042, -0.00073464385
  -60.31552, -0.0008406474, -0.00073450511
  -60.270335, -0.000556047, -0.00073353325
  -60.26388, -0.0008486194, -0.0007333943
  -60.25097, -0.0006349698, -0.00073311634
  -60.231605, -0.0008836962, -0.0007326992
  -60.192875, -0.000524159, -0.00073186422
  -60.18642, -0.0008274936, -0.00073172496
  -60.17351, -0.0006301866, -0.00073144637
  -60.12187, -0.0008494166, -0.00073033095
  -60.115415, -0.000767305, -0.0007301914
  -60.08314, -0.0007445848, -0.00072949327
  -60.05732, -0.0007350184, -0.00072893428
  -60.04441, -0.0007083122, -0.00072865463
  -60.025045, -0.000735417, -0.00072823494
  -60.00568, -0.0007669064, -0.00072781502
  -59.999225, -0.0006907738, -0.00072767499
  -59.999225, -0.0006812074, -0.00072767499
  -59.947585, -0.000775277, -0.00072655378
  -59.94113, -0.0007003402, -0.00072641351
  -59.921765, -0.0006265992, -0.00072599252
  -59.9024, -0.000767305, -0.0007255713
  -59.9024, -0.0006712424, -0.0007255713
  -59.86367, -0.0007736826, -0.0007247281
  -59.857215, -0.0006728368, -0.00072458747
  -59.85076, -0.0007242562, -0.00072444682
  -59.844305, -0.0007840462, -0.00072430613
  -59.83785, -0.0006680536, -0.00072416542
  -59.83785, -0.0007142912, -0.00072416542
  -59.82494, -0.0007118996, -0.00072388392
  -59.82494, -0.0007031304, -0.00072388392
  -59.818485, -0.0007230604, -0.00072374312
  -59.818485, -0.0007218646, -0.00072374312
  -59.805575, -0.000787235, -0.00072346145
  -59.805575, -0.0007700952, -0.00072346145
  -59.805575, -0.000783249, -0.00072346145
  -59.805575, -0.0006501166, -0.00072346145
  -59.79912, -0.000741396, -0.00072332057
  -59.79912, -0.000771291, -0.00072332057
  -59.792665, -0.0007071164, -0.00072317967
  -59.792665, -0.0008418432, -0.00072317967
  -59.792665, -0.0006102566, -0.00072317967
  -59.792665, -0.0008326754, -0.00072317967
  -59.792665, -0.0008059692, -0.00072317967
  -59.792665, -0.000647725, -0.00072317967
  -59.792665, -0.0008282908, -0.00072317967
  -59.792665, -0.0007521582, -0.00072317967
  -59.792665, -0.0007541512, -0.00072317967
  -59.78621, -0.000723459, -0.00072303874
  -59.78621, -0.0007059206, -0.00072303874
  -59.78621, -0.0008844934, -0.00072303874
  -59.78621, -0.0006094594, -0.00072303874
  -59.78621, -0.0007079136, -0.00072303874
  -59.78621, -0.0008055706, -0.00072303874
  -59.78621, -0.0007326268, -0.00072303874
  -59.78621, -0.0008183258, -0.00072303874
  -59.78621, -0.0007378086, -0.00072303874
  -59.78621, -0.0006186272, -0.00072303874
  -59.78621, -0.0006987458, -0.00072303874
  -59.779755, -0.000707515, -0.00072289777
  -59.779755, -0.0006505152, -0.00072289777
  -59.779755, -0.0007322282, -0.00072289777
  -59.779755, -0.0006943612, -0.00072289777
  -59.779755, -0.000721466, -0.00072289777
  -59.779755, -0.0008458292, -0.00072289777
  -59.779755, -0.0008518082, -0.00072289777
  -59.779755, -0.0008773186, -0.00072289777
  -59.779755, -0.0007043262, -0.00072289777
  -59.779755, -0.0006680536, -0.00072289777
  -59.779755, -0.0006042776, -0.00072289777
  -59.7733, -0.000689578, -0.00072275679
  -59.7733, -0.0006421446, -0.00072275679
  -59.7733, -0.000761326, -0.00072275679
  -59.7733, -0.000733424, -0.00072275679
  -59.7733, -0.0006130468, -0.00072275679
  -59.7733, -0.0007242562, -0.00072275679
  -59.7733, -0.000653704, -0.00072275679
  -59.7733, -0.0006963542, -0.00072275679
  -59.7733, -0.0006385572, -0.00072275679
  -59.7733, -0.0007968014, -0.00072275679
  -59.7733, -0.0007210674, -0.00072275679
  -59.7733, -0.0006708438, -0.00072275679
  -59.7733, -0.0005815574, -0.00072275679
  -59.7733, -0.0007322282, -0.00072275679
  -59.7733, -0.0007940112, -0.00072275679
  -59.766845, -0.0007948084, -0.00072261577
  -59.766845, -0.0007326268, -0.00072261577
  -59.766845, -0.0007509624, -0.00072261577
  -59.766845, -0.000671641, -0.00072261577
  -59.766845, -0.0005775714, -0.00072261577
  -59.766845, -0.0008043748, -0.00072261577
  -59.766845, -0.0004639704, -0.00072261577
  -59.766845, -0.0006102566, -0.00072261577
  -59.766845, -0.0004819074, -0.00072261577
  -59.766845, -0.0006349698, -0.00072261577
  -59.766845, -0.0007828504, -0.00072261577
  -59.766845, -0.0006568928, -0.00072261577
  -59.766845, -0.0007262492, -0.00072261577
  -59.766845, -0.0006712424, -0.00072261577
  -59.766845, -0.0005548512, -0.00072261577
  -59.766845, -0.0006345712, -0.00072261577
  -59.766845, -0.0006620746, -0.00072261577
  -59.766845, -0.0006461306, -0.00072261577
  -59.76039, -0.0005911238, -0.00072247473
  -59.76039, -0.0006568928, -0.00072247473
  -59.76039, -0.0007370114, -0.00072247473
  -59.76039, -0.0008832976, -0.00072247473
  -59.76039, -0.0007896266, -0.00072247473
  -59.76039, -0.0008039762, -0.00072247473
  -59.76039, -0.0007230604, -0.00072247473
  -59.76039, -0.0006505152, -0.00072247473
  -59.76039, -0.000629788, -0.00072247473
  -59.76039, -0.000613844, -0.00072247473
  -59.76039, -0.0007091094, -0.00072247473
  -59.76039, -0.000609858, -0.00072247473
  -59.76039, -0.0006879836, -0.00072247473
  -59.76039, -0.0007625218, -0.00072247473
  -59.76039, -0.0007039276, -0.00072247473
  -59.76039, -0.0007238576, -0.00072247473
  -59.76039, -0.0007298366, -0.00072247473
  -59.76039, -0.0006066692, -0.00072247473
  -59.76039, -0.0007190744, -0.00072247473
  -59.753935, -0.0006369628, -0.00072233365
  -59.753935, -0.0007569414, -0.00072233365
  -59.753935, -0.0006983472, -0.00072233365
  -59.753935, -0.0006724382, -0.00072233365
  -59.753935, -0.0006110538, -0.00072233365
  -59.753935, -0.00081713, -0.00072233365
  -59.753935, -0.00065769, -0.00072233365
  -59.753935, -0.0007585358, -0.00072233365
  -59.74748, -0.000643739, -0.00072219255
  -59.74748, -0.0008262978, -0.00072219255
  -59.74748, -0.0007517596, -0.00072219255
  -59.74748, -0.0007948084, -0.00072219255
  -59.74748, -0.0007780672, -0.00072219255
  -59.74748, -0.0006034804, -0.00072219255
  -59.74748, -0.000639753, -0.00072219255
  -59.74748, -0.0007720882, -0.00072219255
  -59.74748, -0.0008055706, -0.00072219255
  -59.741025, -0.0008358642, -0.00072205143
  -59.741025, -0.0008099552, -0.00072205143
  -59.741025, -0.0009115982, -0.00072205143
  -59.741025, -0.0007322282, -0.00072205143
  -59.741025, -0.0007390044, -0.00072205143
  -59.73457, -0.0007186758, -0.00072191027
  -59.73457, -0.0007198716, -0.00072191027
  -59.73457, -0.0006863892, -0.00072191027
  -59.728115, -0.0006409488, -0.00072176909
  -59.728115, -0.0007250534, -0.00072176909
  -59.728115, -0.0008462278, -0.00072176909
  -59.728115, -0.0007768714, -0.00072176909
  -59.728115, -0.000707515, -0.00072176909
  -59.728115, -0.0007768714, -0.00072176909
  -59.72166, -0.000860976, -0.00072162787
  -59.72166, -0.0008334726, -0.00072162787
  -59.689385, -0.0008482208, -0.00072092139
  -59.68293, -0.000613844, -0.00072078001
  -59.663565, -0.0006959556, -0.0007203557
  -59.60547, -0.0007421932, -0.00071908124
  -59.59256, -0.0005688022, -0.00071879772
  -59.57965, -0.0006608788, -0.00071851408
  -59.573195, -0.0007031304, -0.00071837222
  -59.54092, -0.0006879836, -0.00071766247
  -59.48928, -0.0006046762, -0.00071652539
  -59.45055, -0.0006413474, -0.00071567136
  -59.43764, -0.0007784658, -0.00071538645
  -59.42473, -0.0007286408, -0.00071510143
  -59.379545, -0.0008115496, -0.00071410292
  -59.34727, -0.0007441862, -0.00071338882
  -59.327905, -0.0007242562, -0.00071296001
  -59.314995, -0.0007708924, -0.00071267398
  -59.289175, -0.0006469278, -0.00071210158
  -59.24399, -0.0006608788, -0.00071109873
  -59.224625, -0.000823109, -0.00071066849
  -59.211715, -0.0006812074, -0.00071038151
  -59.198805, -0.0007099066, -0.00071009442
  -59.172985, -0.0007601302, -0.00070951986
  -59.172985, -0.0007577386, -0.00070951986
  -59.147165, -0.0007681022, -0.00070894483
  -59.147165, -0.0007202702, -0.00070894483
  -59.11489, -0.000835067, -0.00070822535
  -59.108435, -0.0007836476, -0.00070808136
  -59.08907, -0.0006441376, -0.00070764922
  -59.07616, -0.0007868364, -0.00070736097
  -59.07616, -0.000687585, -0.00070736097
  -59.07616, -0.0006533054, -0.00070736097
  -59.069705, -0.0006425432, -0.0007072168
  -59.06325, -0.0007338226, -0.0007070726
  -59.06325, -0.0006365642, -0.0007070726
  -59.06325, -0.0006867878, -0.0007070726
  -59.056795, -0.0007330254, -0.00070692837
  -59.056795, -0.0007637176, -0.00070692837
  -59.056795, -0.0008864864, -0.00070692837
  -59.056795, -0.0006907738, -0.00070692837
  -59.056795, -0.0004241104, -0.00070692837
  -59.056795, -0.0007342212, -0.00070692837
  -59.05034, -0.0006429418, -0.00070678411
  -59.05034, -0.00073741, -0.00070678411
  -59.05034, -0.0006130468, -0.00070678411
  -59.05034, -0.0005735854, -0.00070678411
  -59.05034, -0.0007226618, -0.00070678411
  -59.05034, -0.0007122982, -0.00070678411
  -59.05034, -0.0007924168, -0.00070678411
  -59.05034, -0.0006728368, -0.00070678411
  -59.043885, -0.0007784658, -0.00070663981
  -59.043885, -0.0005971028, -0.00070663981
  -59.043885, -0.000751361, -0.00070663981
  -59.043885, -0.000749368, -0.00070663981
  -59.043885, -0.0005233618, -0.00070663981
  -59.043885, -0.000639753, -0.00070663981
  -59.043885, -0.000691571, -0.00070663981
  -59.043885, -0.0007421932, -0.00070663981
  -59.043885, -0.0007577386, -0.00070663981
  -59.043885, -0.0005975014, -0.00070663981
  -59.03743, -0.0008832976, -0.00070649549
  -59.03743, -0.0006433404, -0.00070649549
  -59.03743, -0.0006182286, -0.00070649549
  -59.03743, -0.00083706, -0.00070649549
  -59.03743, -0.0006281936, -0.00070649549
  -59.03743, -0.0006449348, -0.00070649549
  -59.03743, -0.000755347, -0.00070649549
  -59.03743, -0.0006465292, -0.00070649549
  -59.03743, -0.0007505638, -0.00070649549
  -59.03743, -0.000709508, -0.00070649549
  -59.03743, -0.0006325782, -0.00070649549
  -59.03743, -0.0005030332, -0.00070649549
  -59.03743, -0.0005544526, -0.00070649549
  -59.03743, -0.000635767, -0.00070649549
  -59.03743, -0.0006728368, -0.00070649549
  -59.03743, -0.0005405016, -0.00070649549
  -59.03743, -0.0007796616, -0.00070649549
  -59.03743, -0.0008374586, -0.00070649549
  -59.03743, -0.0006652634, -0.00070649549
  -59.03743, -0.0006309838, -0.00070649549
  -59.03743, -0.0006748298, -0.00070649549
  -59.03743, -0.0006652634, -0.00070649549
  -59.030975, -0.00047832, -0.00070635114
  -59.030975, -0.0006381586, -0.00070635114
  -59.030975, -0.0007031304, -0.00070635114
  -59.030975, -0.0005269492, -0.00070635114
  -59.030975, -0.000524159, -0.00070635114
  -59.030975, -0.000699543, -0.00070635114
  -59.030975, -0.0006361656, -0.00070635114
  -59.030975, -0.0006373614, -0.00070635114
  -59.030975, -0.0007242562, -0.00070635114
  -59.030975, -0.000715487, -0.00070635114
  -59.030975, -0.0008374586, -0.00070635114
  -59.030975, -0.0006971514, -0.00070635114
  -59.030975, -0.0007390044, -0.00070635114
  -59.030975, -0.0005604316, -0.00070635114
  -59.030975, -0.000719473, -0.00070635114
  -59.030975, -0.0005827532, -0.00070635114
  -59.030975, -0.000520173, -0.00070635114
  -59.030975, -0.0007286408, -0.00070635114
  -59.030975, -0.0007258506, -0.00070635114
  -59.030975, -0.0007306338, -0.00070635114
  -59.030975, -0.0007350184, -0.00070635114
  -59.02452, -0.0007370114, -0.00070620675
  -59.02452, -0.0006421446, -0.00070620675
  -59.02452, -0.0006999416, -0.00070620675
  -59.02452, -0.0007039276, -0.00070620675
  -59.02452, -0.000589928, -0.00070620675
  -59.02452, -0.000731431, -0.00070620675
  -59.02452, -0.0007146898, -0.00070620675
  -59.02452, -0.0006684522, -0.00070620675
  -59.02452, -0.0007489694, -0.00070620675
  -59.02452, -0.0006493194, -0.00070620675
  -59.02452, -0.0006513124, -0.00070620675
  -59.02452, -0.0008119482, -0.00070620675
  -59.02452, -0.0007322282, -0.00070620675
  -59.02452, -0.0005476764, -0.00070620675
  -59.02452, -0.00061783, -0.00070620675
  -59.02452, -0.0005006416, -0.00070620675
  -59.02452, -0.0007517596, -0.00070620675
  -59.02452, -0.000651711, -0.00070620675
  -59.02452, -0.0007278436, -0.00070620675
  -59.02452, -0.0006062706, -0.00070620675
  -59.02452, -0.000755347, -0.00070620675
  -59.02452, -0.0006660606, -0.00070620675
  -59.02452, -0.0006174314, -0.00070620675
  -59.02452, -0.0006788158, -0.00070620675
  -59.02452, -0.00063776, -0.00070620675
  -59.02452, -0.000845032, -0.00070620675
  -59.02452, -0.000773284, -0.00070620675
  -59.018065, -0.0006054734, -0.00070606234
  -59.018065, -0.000691571, -0.00070606234
  -59.018065, -0.0005345226, -0.00070606234
  -59.018065, -0.0007043262, -0.00070606234
  -59.018065, -0.0006461306, -0.00070606234
  -59.018065, -0.0006154384, -0.00070606234
  -59.018065, -0.0006154384, -0.00070606234
  -59.018065, -0.0004233132, -0.00070606234
  -59.018065, -0.0006612774, -0.00070606234
  -59.018065, -0.0006206202, -0.00070606234
  -59.018065, -0.0007445848, -0.00070606234
  -59.018065, -0.0007888294, -0.00070606234
  -59.018065, -0.0006361656, -0.00070606234
  -59.018065, -0.0005616274, -0.00070606234
  -59.018065, -0.0005357184, -0.00070606234
  -59.018065, -0.0007497666, -0.00070606234
  -59.018065, -0.000653704, -0.00070606234
  -59.018065, -0.000779263, -0.00070606234
  -59.018065, -0.0006254034, -0.00070606234
  -59.018065, -0.0007386058, -0.00070606234
  -59.018065, -0.0007677036, -0.00070606234
  -59.018065, -0.0006230118, -0.00070606234
  -59.018065, -0.0007386058, -0.00070606234
  -59.018065, -0.0006612774, -0.00070606234
  -59.018065, -0.0006070678, -0.00070606234
  -59.018065, -0.0005277464, -0.00070606234
  -59.01161, -0.0006600816, -0.00070591789
  -59.01161, -0.0007318296, -0.00070591789
  -59.01161, -0.0006887808, -0.00070591789
  -59.01161, -0.00075734, -0.00070591789
  -59.01161, -0.0008103538, -0.00070591789
  -59.01161, -0.0007286408, -0.00070591789
  -59.01161, -0.0007166828, -0.00070591789
  -59.01161, -0.0006784172, -0.00070591789
  -59.01161, -0.0006066692, -0.00070591789
  -59.01161, -0.000679613, -0.00070591789
  -59.01161, -0.000739403, -0.00070591789
  -59.01161, -0.000739403, -0.00070591789
  -59.01161, -0.0007828504, -0.00070591789
  -59.01161, -0.0006931654, -0.00070591789
  -59.01161, -0.0006947598, -0.00070591789
  -59.01161, -0.0006600816, -0.00070591789
  -59.01161, -0.000673634, -0.00070591789
  -59.01161, -0.000603879, -0.00070591789
  -59.01161, -0.0006349698, -0.00070591789
  -59.01161, -0.0006959556, -0.00070591789
  -59.01161, -0.0006744312, -0.00070591789
  -59.01161, -0.0006951584, -0.00070591789
  -59.01161, -0.0006644662, -0.00070591789
  -59.01161, -0.0007449834, -0.00070591789
  -59.01161, -0.0008366614, -0.00070591789
  -59.01161, -0.000783249, -0.00070591789
  -59.01161, -0.0006401516, -0.00070591789
  -59.01161, -0.0007107038, -0.00070591789
  -59.01161, -0.0007019346, -0.00070591789
  -59.01161, -0.0007441862, -0.00070591789
  -59.01161, -0.000811151, -0.00070591789
  -59.01161, -0.000667655, -0.00070591789
  -59.01161, -0.0007808574, -0.00070591789
  -59.005155, -0.0006453334, -0.00070577341
  -59.005155, -0.000693564, -0.00070577341
  -59.005155, -0.0007027318, -0.00070577341
  -59.005155, -0.000747375, -0.00070577341
  -59.005155, -0.0007266478, -0.00070577341
  -59.005155, -0.0006780186, -0.00070577341
  -59.005155, -0.0008023818, -0.00070577341
  -59.005155, -0.00053811, -0.00070577341
  -59.005155, -0.000763319, -0.00070577341
  -59.005155, -0.0007625218, -0.00070577341
  -59.005155, -0.0007409974, -0.00070577341
  -59.005155, -0.000731431, -0.00070577341
  -59.005155, -0.0006688508, -0.00070577341
  -59.005155, -0.0005887322, -0.00070577341
  -59.005155, -0.0007421932, -0.00070577341
  -59.005155, -0.000615837, -0.00070577341
  -59.005155, -0.0006632704, -0.00070577341
  -59.005155, -0.0006194244, -0.00070577341
  -59.005155, -0.0007497666, -0.00070577341
  -59.005155, -0.0008733326, -0.00070577341
  -59.005155, -0.00043846, -0.00070577341
  -59.005155, -0.0006943612, -0.00070577341
  -58.9987, -0.000635767, -0.0007056289
  -58.9987, -0.0007569414, -0.0007056289
  -58.9987, -0.0006784172, -0.0007056289
  -58.9987, -0.0007461792, -0.0007056289
  -58.9987, -0.0006959556, -0.0007056289
  -58.9987, -0.0005787672, -0.0007056289
  -58.9987, -0.0006285922, -0.0007056289
  -58.9987, -0.000795207, -0.0007056289
  -58.9987, -0.000691571, -0.0007056289
  -58.9987, -0.0006744312, -0.0007056289
  -58.9987, -0.000661676, -0.0007056289
  -58.9987, -0.0008079622, -0.0007056289
  -58.9987, -0.000745382, -0.0007056289
  -58.9987, -0.0008183258, -0.0007056289
  -58.9987, -0.0008039762, -0.0007056289
  -58.9987, -0.0007449834, -0.0007056289
  -58.9987, -0.0008601788, -0.0007056289
  -58.9987, -0.00065769, -0.0007056289
  -58.9987, -0.000603879, -0.0007056289
  -58.9987, -0.0006712424, -0.0007056289
  -58.9987, -0.0006568928, -0.0007056289
  -58.9987, -0.0006533054, -0.0007056289
  -58.9987, -0.0007142912, -0.0007056289
  -58.992245, -0.0005843476, -0.00070548437
  -58.992245, -0.0007589344, -0.00070548437
  -58.992245, -0.0006106552, -0.00070548437
  -58.992245, -0.0006572914, -0.00070548437
  -58.992245, -0.0006182286, -0.00070548437
  -58.992245, -0.0007278436, -0.00070548437
  -58.992245, -0.0006126482, -0.00070548437
  -58.992245, -0.0007166828, -0.00070548437
  -58.992245, -0.0007118996, -0.00070548437
  -58.992245, -0.000661676, -0.00070548437
  -58.992245, -0.0007768714, -0.00070548437
  -58.992245, -0.0007625218, -0.00070548437
  -58.992245, -0.000749368, -0.00070548437
  -58.992245, -0.0007601302, -0.00070548437
  -58.992245, -0.0006194244, -0.00070548437
  -58.992245, -0.0006130468, -0.00070548437
  -58.98579, -0.0005504666, -0.0007053398
  -58.98579, -0.000767305, -0.0007053398
  -58.98579, -0.0005652148, -0.0007053398
  -58.98579, -0.0006700466, -0.0007053398
  -58.98579, -0.0006608788, -0.0007053398
  -58.98579, -0.0006413474, -0.0007053398
  -58.98579, -0.000621816, -0.0007053398
  -58.98579, -0.0005110052, -0.0007053398
  -58.98579, -0.0009020318, -0.0007053398
  -58.979335, -0.0007238576, -0.0007051952
  -58.979335, -0.0007158856, -0.0007051952
  -58.979335, -0.0006764242, -0.0007051952
  -58.979335, -0.000685592, -0.0007051952
  -58.979335, -0.0008187244, -0.0007051952
  -58.979335, -0.0006923682, -0.0007051952
  -58.979335, -0.0007210674, -0.0007051952
  -58.979335, -0.0007437876, -0.0007051952
  -58.979335, -0.0007661092, -0.0007051952
  -58.979335, -0.000813144, -0.0007051952
  -58.97288, -0.000581956, -0.00070505056
  -58.97288, -0.000613844, -0.00070505056
  -58.97288, -0.0006943612, -0.00070505056
  -58.97288, -0.0007665078, -0.00070505056
  -58.97288, -0.0006006902, -0.00070505056
  -58.966425, -0.0006704452, -0.0007049059
  -58.95997, -0.0006246062, -0.00070476121
  -58.95997, -0.000725452, -0.00070476121
  -58.953515, -0.0007350184, -0.00070461648
  -58.94706, -0.0006903752, -0.00070447173
  -58.94706, -0.000689578, -0.00070447173
  -58.940605, -0.000831081, -0.00070432694
  -58.940605, -0.000703529, -0.00070432694
  -58.940605, -0.0007768714, -0.00070432694
  -58.940605, -0.0007071164, -0.00070432694
  -58.940605, -0.0005967042, -0.00070432694
  -58.93415, -0.000733424, -0.00070418212
  -58.927695, -0.0007728854, -0.00070403727
  -58.914785, -0.0007230604, -0.00070374748
  -58.914785, -0.0007382072, -0.00070374748
  -58.89542, -0.0007206688, -0.00070331256
  -58.888965, -0.0006469278, -0.00070316752
  -58.876055, -0.0006907738, -0.00070287735
  -58.85669, -0.0008262978, -0.00070244187
  -58.84378, -0.0005703966, -0.00070215138
  -58.837325, -0.0004141454, -0.00070200609
  -58.81796, -0.0007190744, -0.00070157004
  -58.81796, -0.0005488722, -0.00070157004
  -58.811505, -0.0007071164, -0.00070142462
  -58.811505, -0.000779263, -0.00070142462
  -58.798595, -0.0007908224, -0.0007011337
  -58.77923, -0.0006026832, -0.00070069707
  -58.759865, -0.00057797, -0.00070026016
  -58.72759, -0.0005755784, -0.00069953134
  -58.721135, -0.000480313, -0.00069938548
  -58.70177, -0.0005289422, -0.0006989477
  -58.682405, -0.0007597316, -0.00069850964
  -58.669495, -0.0006210188, -0.00069821743
  -58.65013, -0.0006082636, -0.00069777889
  -58.6114, -0.0005496694, -0.00069690091
  -58.604945, -0.0007043262, -0.00069675447
  -58.58558, -0.0008047734, -0.00069631495
  -58.579125, -0.0007099066, -0.00069616838
  -58.53394, -0.0008597802, -0.00069514145
  -58.53394, -0.0006959556, -0.00069514145
  -58.488755, -0.0006672564, -0.00069411291
  -58.4823, -0.0008545984, -0.00069396585
  -58.44357, -0.0007868364, -0.00069308276
  -58.44357, -0.0007130954, -0.00069308276
  -58.41775, -0.0006604802, -0.00069249336
  -58.37902, -0.0007282422, -0.00069160827
  -58.36611, -0.0007290394, -0.00069131297
  -58.34029, -0.0005672078, -0.00069072197
  -58.32738, -0.000699543, -0.00069042627
  -58.282195, -0.0005815574, -0.00068939025
  -58.282195, -0.000661676, -0.00068939025
  -58.27574, -0.0006269978, -0.00068924211
  -58.243465, -0.0005389072, -0.0006885009
  -58.21119, -0.0006273964, -0.00068775883
  -58.19828, -0.0007266478, -0.00068746177
  -58.178915, -0.0007226618, -0.00068701591
  -58.178915, -0.0007370114, -0.00068701591
  -58.153095, -0.000713494, -0.00068642096
  -58.13373, -0.0007286408, -0.00068597438
  -58.114365, -0.0005424946, -0.00068552748
  -58.088545, -0.0007609274, -0.00068493114
  -58.075635, -0.0007501652, -0.00068463276
  -58.062725, -0.0006800116, -0.00068433424
  -58.062725, -0.0006481236, -0.00068433424
  -58.04336, -0.0007047248, -0.00068388619
  -58.023995, -0.0006764242, -0.00068343783
  -58.01754, -0.0006202216, -0.00068328831
  -57.998175, -0.0006265992, -0.00068283953
  -57.998175, -0.0006887808, -0.00068283953
  -57.99172, -0.0006824032, -0.00068268986
  -57.97881, -0.000669648, -0.00068239043
  -57.97881, -0.0006541026, -0.00068239043
  -57.972355, -0.0007242562, -0.00068224066
  -57.9659, -0.0007346198, -0.00068209085
  -57.95299, -0.000548075, -0.00068179113
  -57.95299, -0.0006433404, -0.00068179113
  -57.946535, -0.000831081, -0.00068164122
  -57.94008, -0.0005149912, -0.00068149127
  -57.933625, -0.0006489208, -0.00068134129
  -57.933625, -0.0006672564, -0.00068134129
  -57.933625, -0.0007150884, -0.00068134129
  -57.933625, -0.000619823, -0.00068134129
  -57.933625, -0.000731431, -0.00068134129
  -57.933625, -0.000829088, -0.00068134129
  -57.92717, -0.000767305, -0.00068119127
  -57.92717, -0.0006680536, -0.00068119127
  -57.92717, -0.0005994944, -0.00068119127
  -57.920715, -0.0005823546, -0.00068104121
  -57.920715, -0.000735417, -0.00068104121
  -57.920715, -0.0007896266, -0.00068104121
  -57.920715, -0.0007708924, -0.00068104121
  -57.920715, -0.000681606, -0.00068104121
  -57.920715, -0.000735417, -0.00068104121
  -57.920715, -0.0005903266, -0.00068104121
  -57.920715, -0.0006206202, -0.00068104121
  -57.920715, -0.0007122982, -0.00068104121
  -57.920715, -0.0005935154, -0.00068104121
  -57.920715, -0.0006748298, -0.00068104121
  -57.920715, -0.0007031304, -0.00068104121
  -57.920715, -0.0005393058, -0.00068104121
  -57.91426, -0.0007366128, -0.00068089112
  -57.91426, -0.000803179, -0.00068089112
  -57.91426, -0.0007756756, -0.00068089112
  -57.91426, -0.0007677036, -0.00068089112
  -57.91426, -0.0007824518, -0.00068089112
  -57.91426, -0.0006812074, -0.00068089112
  -57.91426, -0.0006820046, -0.00068089112
  -57.91426, -0.0007776686, -0.00068089112
  -57.91426, -0.0006899766, -0.00068089112
  -57.91426, -0.0008326754, -0.00068089112
  -57.91426, -0.000532131, -0.00068089112
  -57.907805, -0.0005867392, -0.00068074099
  -57.907805, -0.0006449348, -0.00068074099
  -57.907805, -0.0006983472, -0.00068074099
  -57.907805, -0.0007708924, -0.00068074099
  -57.907805, -0.00067762, -0.00068074099
  -57.907805, -0.0007382072, -0.00068074099
  -57.907805, -0.0006820046, -0.00068074099
  -57.907805, -0.0006991444, -0.00068074099
  -57.907805, -0.0006919696, -0.00068074099
  -57.907805, -0.0008223118, -0.00068074099
  -57.907805, -0.000727445, -0.00068074099
  -57.90135, -0.000713494, -0.00068059083
  -57.90135, -0.0006102566, -0.00068059083
  -57.90135, -0.0007405988, -0.00068059083
  -57.90135, -0.0007685008, -0.00068059083
  -57.90135, -0.0006652634, -0.00068059083
  -57.90135, -0.0007561442, -0.00068059083
  -57.90135, -0.000627795, -0.00068059083
  -57.90135, -0.0007457806, -0.00068059083
  -57.90135, -0.000703529, -0.00068059083
  -57.90135, -0.0007788644, -0.00068059083
  -57.90135, -0.0006951584, -0.00068059083
  -57.90135, -0.0007788644, -0.00068059083
  -57.90135, -0.0005492708, -0.00068059083
  -57.90135, -0.000673634, -0.00068059083
  -57.90135, -0.0005915224, -0.00068059083
  -57.90135, -0.0005811588, -0.00068059083
  -57.894895, -0.000611851, -0.00068044063
  -57.894895, -0.0006704452, -0.00068044063
  -57.894895, -0.0007382072, -0.00068044063
  -57.894895, -0.0006644662, -0.00068044063
  -57.894895, -0.0007166828, -0.00068044063
  -57.894895, -0.0007429904, -0.00068044063
  -57.894895, -0.0006564942, -0.00068044063
  -57.894895, -0.0006947598, -0.00068044063
  -57.894895, -0.0007748784, -0.00068044063
  -57.894895, -0.0006744312, -0.00068044063
  -57.894895, -0.0006748298, -0.00068044063
  -57.894895, -0.000683599, -0.00068044063
  -57.894895, -0.0005165856, -0.00068044063
  -57.88844, -0.0006485222, -0.0006802904
  -57.88844, -0.0006373614, -0.0006802904
  -57.88844, -0.00069755, -0.0006802904
  -57.88844, -0.000731431, -0.0006802904
  -57.88844, -0.0007497666, -0.0006802904
  -57.88844, -0.0007549484, -0.0006802904
  -57.88844, -0.000741396, -0.0006802904
  -57.88844, -0.0007398016, -0.0006802904
  -57.88844, -0.0006951584, -0.0006802904
  -57.88844, -0.0006545012, -0.0006802904
  -57.88844, -0.000699543, -0.0006802904
  -57.88844, -0.000643739, -0.0006802904
  -57.88844, -0.000771291, -0.0006802904
  -57.88844, -0.0006672564, -0.0006802904
  -57.88844, -0.0006648648, -0.0006802904
  -57.881985, -0.0007222632, -0.00068014013
  -57.881985, -0.0007597316, -0.00068014013
  -57.881985, -0.0007728854, -0.00068014013
  -57.881985, -0.0007107038, -0.00068014013
  -57.881985, -0.0007178786, -0.00068014013
  -57.881985, -0.0006521096, -0.00068014013
  -57.881985, -0.0007007388, -0.00068014013
  -57.881985, -0.000655697, -0.00068014013
  -57.881985, -0.0007230604, -0.00068014013
  -57.881985, -0.0006409488, -0.00068014013
  -57.881985, -0.0004679564, -0.00068014013
  -57.881985, -0.0007625218, -0.00068014013
  -57.87553, -0.0006800116, -0.00067998983
  -57.87553, -0.000669648, -0.00067998983
  -57.87553, -0.0006648648, -0.00067998983
  -57.869075, -0.0006254034, -0.00067983948
  -57.869075, -0.0007286408, -0.00067983948
  -57.869075, -0.0006541026, -0.00067983948
  -57.869075, -0.0005795644, -0.00067983948
  -57.869075, -0.0006808088, -0.00067983948
  -57.86262, -0.0006521096, -0.00067968911
  -57.86262, -0.0007669064, -0.00067968911
  -57.86262, -0.0006568928, -0.00067968911
  -57.86262, -0.0007370114, -0.00067968911
  -57.86262, -0.0008155356, -0.00067968911
  -57.86262, -0.000767305, -0.00067968911
  -57.856165, -0.0007206688, -0.00067953869
  -57.856165, -0.0006289908, -0.00067953869
  -57.84971, -0.0007756756, -0.00067938824
  -57.84971, -0.0006401516, -0.00067938824
  -57.843255, -0.0007250534, -0.00067923776
  -57.8368, -0.0006760256, -0.00067908724
  -57.8368, -0.0007246548, -0.00067908724
  -57.81098, -0.0006971514, -0.00067848479
  -57.791615, -0.0005014388, -0.00067803258
  -57.765795, -0.000621816, -0.00067742912
  -57.739975, -0.0007529554, -0.00067682507
  -57.72061, -0.000627795, -0.00067637166
  -57.701245, -0.000763319, -0.00067591791
  -57.65606, -0.0006959556, -0.00067485788
  -57.63024, -0.0006720396, -0.00067425134
  -57.63024, -0.0005827532, -0.00067425134
  -57.597965, -0.0007286408, -0.00067349233
  -57.572145, -0.0006820046, -0.00067288445
  -57.53987, -0.000571991, -0.00067212376
  -57.52696, -0.0006389558, -0.00067181922
  -57.50114, -0.0006126482, -0.00067120969
  -57.481775, -0.000713494, -0.00067075214
  -57.46241, -0.000611851, -0.00067029426
  -57.43659, -0.0006445362, -0.00066968322
  -57.41077, -0.0007130954, -0.00066907157
  -57.391405, -0.0007748784, -0.00066861243
  -57.391405, -0.0007449834, -0.00066861243
  -57.37204, -0.0008179272, -0.00066815295
  -57.326855, -0.0006461306, -0.00066707948
  -57.326855, -0.0005763756, -0.00066707948
  -57.29458, -0.0006429418, -0.00066631156
  -57.288125, -0.0007366128, -0.00066615786
  -57.28167, -0.0007242562, -0.00066600412
  -57.26876, -0.0007505638, -0.00066569652
  -57.26876, -0.0006022846, -0.00066569652
  -57.23003, -0.00069755, -0.0006647728
  -57.223575, -0.0006740326, -0.00066461871
  -57.223575, -0.0007238576, -0.00066461871
  -57.21712, -0.0006660606, -0.00066446458
  -57.21712, -0.0005448862, -0.00066446458
  -57.21712, -0.0007868364, -0.00066446458
  -57.210665, -0.000811151, -0.00066431041
  -57.210665, -0.0007960042, -0.00066431041
  -57.20421, -0.000659683, -0.00066415621
  -57.20421, -0.0007019346, -0.00066415621
  -57.20421, -0.0005014388, -0.00066415621
  -57.20421, -0.0006465292, -0.00066415621
  -57.20421, -0.000609858, -0.00066415621
  -57.197755, -0.0006991444, -0.00066400196
  -57.197755, -0.000731431, -0.00066400196
  -57.197755, -0.0005664106, -0.00066400196
  -57.197755, -0.0006321796, -0.00066400196
  -57.197755, -0.0005975014, -0.00066400196
  -57.197755, -0.0005927182, -0.00066400196
  -57.197755, -0.0007338226, -0.00066400196
  -57.197755, -0.000663669, -0.00066400196
  -57.197755, -0.0007928154, -0.00066400196
  -57.197755, -0.000601886, -0.00066400196
  -57.197755, -0.0006843962, -0.00066400196
  -57.1913, -0.0007461792, -0.00066384767
  -57.1913, -0.0005484736, -0.00066384767
  -57.1913, -0.0006122496, -0.00066384767
  -57.1913, -0.0006202216, -0.00066384767
  -57.1913, -0.0007577386, -0.00066384767
  -57.1913, -0.000645732, -0.00066384767
  -57.1913, -0.0004129496, -0.00066384767
  -57.1913, -0.000603879, -0.00066384767
  -57.1913, -0.0007390044, -0.00066384767
  -57.1913, -0.0007788644, -0.00066384767
  -57.1913, -0.000548075, -0.00066384767
  -57.184845, -0.0005711938, -0.00066369335
  -57.184845, -0.0006963542, -0.00066369335
  -57.184845, -0.0007342212, -0.00066369335
  -57.184845, -0.00063776, -0.00066369335
  -57.184845, -0.0007198716, -0.00066369335
  -57.184845, -0.000308915, -0.00066369335
  -57.184845, -0.0005125996, -0.00066369335
  -57.184845, -0.000436467, -0.00066369335
  -57.184845, -0.0006046762, -0.00066369335
  -57.184845, -0.0007198716, -0.00066369335
  -57.184845, -0.0007549484, -0.00066369335
  -57.184845, -0.0007051234, -0.00066369335
  -57.184845, -0.0007856406, -0.00066369335
  -57.184845, -0.0005887322, -0.00066369335
  -57.184845, -0.0006628718, -0.00066369335
  -57.184845, -0.0007003402, -0.00066369335
  -57.184845, -0.000743389, -0.00066369335
  -57.184845, -0.0006828018, -0.00066369335
  -57.184845, -0.0006919696, -0.00066369335
  -57.17839, -0.000683599, -0.00066353898
  -57.17839, -0.000743389, -0.00066353898
  -57.17839, -0.0007537526, -0.00066353898
  -57.17839, -0.0006668578, -0.00066353898
  -57.17839, -0.0006002916, -0.00066353898
  -57.17839, -0.0005468792, -0.00066353898
  -57.17839, -0.0006728368, -0.00066353898
  -57.17839, -0.0006321796, -0.00066353898
  -57.17839, -0.0006991444, -0.00066353898
  -57.17839, -0.0005428932, -0.00066353898
  -57.17839, -0.0006991444, -0.00066353898
  -57.17839, -0.000534124, -0.00066353898
  -57.17839, -0.0005723896, -0.00066353898
  -57.17839, -0.0007884308, -0.00066353898
  -57.171935, -0.0007202702, -0.00066338458
  -57.171935, -0.0006927668, -0.00066338458
  -57.171935, -0.000761326, -0.00066338458
  -57.171935, -0.0006923682, -0.00066338458
  -57.171935, -0.0005855434, -0.00066338458
  -57.171935, -0.0005676064, -0.00066338458
  -57.171935, -0.0007449834, -0.00066338458
  -57.171935, -0.0007776686, -0.00066338458
  -57.171935, -0.0006588858, -0.00066338458
  -57.171935, -0.000733424, -0.00066338458
  -57.171935, -0.0007099066, -0.00066338458
  -57.171935, -0.0006931654, -0.00066338458
  -57.171935, -0.0006672564, -0.00066338458
  -57.171935, -0.0007489694, -0.00066338458
  -57.171935, -0.0005588372, -0.00066338458
  -57.171935, -0.0005604316, -0.00066338458
  -57.16548, -0.0006006902, -0.00066323014
  -57.16548, -0.0007362142, -0.00066323014
  -57.16548, -0.0007398016, -0.00066323014
  -57.16548, -0.0006808088, -0.00066323014
  -57.16548, -0.0007621232, -0.00066323014
  -57.16548, -0.0005735854, -0.00066323014
  -57.16548, -0.0006353684, -0.00066323014
  -57.16548, -0.0006560956, -0.00066323014
  -57.16548, -0.0005556484, -0.00066323014
  -57.16548, -0.0006042776, -0.00066323014
  -57.16548, -0.0006632704, -0.00066323014
  -57.16548, -0.0005735854, -0.00066323014
  -57.16548, -0.0005867392, -0.00066323014
  -57.16548, -0.000520173, -0.00066323014
  -57.16548, -0.0007126968, -0.00066323014
  -57.16548, -0.0007908224, -0.00066323014
  -57.16548, -0.0006604802, -0.00066323014
  -57.16548, -0.000569998, -0.00066323014
  -57.16548, -0.0005943126, -0.00066323014
  -57.16548, -0.0007250534, -0.00066323014
  -57.16548, -0.0007804588, -0.00066323014
  -57.16548, -0.0007581372, -0.00066323014
  -57.16548, -0.0006812074, -0.00066323014
  -57.16548, -0.000727445, -0.00066323014
  -57.16548, -0.0006672564, -0.00066323014
  -57.16548, -0.0006592844, -0.00066323014
  -57.159025, -0.0008023818, -0.00066307565
  -57.159025, -0.0006939626, -0.00066307565
  -57.159025, -0.0007202702, -0.00066307565
  -57.159025, -0.0007485708, -0.00066307565
  -57.159025, -0.0006026832, -0.00066307565
  -57.159025, -0.0006441376, -0.00066307565
  -57.159025, -0.000785242, -0.00066307565
  -57.159025, -0.0006632704, -0.00066307565
  -57.159025, -0.0007828504, -0.00066307565
  -57.159025, -0.0005923196, -0.00066307565
  -57.159025, -0.0007557456, -0.00066307565
  -57.159025, -0.0006210188, -0.00066307565
  -57.159025, -0.0006329768, -0.00066307565
  -57.159025, -0.0006584872, -0.00066307565
  -57.159025, -0.0005405016, -0.00066307565
  -57.159025, -0.0005982986, -0.00066307565
  -57.159025, -0.0006652634, -0.00066307565
  -57.159025, -0.0007677036, -0.00066307565
  -57.159025, -0.0007043262, -0.00066307565
  -57.159025, -0.0005508652, -0.00066307565
  -57.159025, -0.000540103, -0.00066307565
  -57.159025, -0.0006114524, -0.00066307565
  -57.159025, -0.0007358156, -0.00066307565
  -57.15257, -0.0005464806, -0.00066292113
  -57.15257, -0.0007031304, -0.00066292113
  -57.15257, -0.0005723896, -0.00066292113
  -57.15257, -0.0007724868, -0.00066292113
  -57.15257, -0.000823109, -0.00066292113
  -57.15257, -0.000587935, -0.00066292113
  -57.15257, -0.0007999902, -0.00066292113
  -57.15257, -0.0006672564, -0.00066292113
  -57.15257, -0.0006030818, -0.00066292113
  -57.15257, -0.0007529554, -0.00066292113
  -57.15257, -0.0006788158, -0.00066292113
  -57.15257, -0.0007856406, -0.00066292113
  -57.15257, -0.0006648648, -0.00066292113
  -57.146115, -0.0006146412, -0.00066276657
  -57.146115, -0.000534124, -0.00066276657
  -57.146115, -0.0006808088, -0.00066276657
  -57.146115, -0.0006592844, -0.00066276657
  -57.146115, -0.0006529068, -0.00066276657
  -57.146115, -0.0005711938, -0.00066276657
  -57.146115, -0.0005943126, -0.00066276657
  -57.146115, -0.00065769, -0.00066276657
  -57.146115, -0.0005855434, -0.00066276657
  -57.146115, -0.0008003888, -0.00066276657
  -57.146115, -0.0006951584, -0.00066276657
  -57.146115, -0.000661676, -0.00066276657
  -57.146115, -0.000687585, -0.00066276657
  -57.146115, -0.000681606, -0.00066276657
  -57.146115, -0.0007477736, -0.00066276657
  -57.146115, -0.0007983958, -0.00066276657
  -57.146115, -0.0005488722, -0.00066276657
  -57.146115, -0.0006409488, -0.00066276657
  -57.146115, -0.0007700952, -0.00066276657
  -57.146115, -0.0005927182, -0.00066276657
  -57.146115, -0.0007103052, -0.00066276657
  -57.146115, -0.0006939626, -0.00066276657
  -57.146115, -0.000595907, -0.00066276657
  -57.13966, -0.0006202216, -0.00066261197
  -57.13966, -0.0006648648, -0.00066261197
  -57.13966, -0.0005329282, -0.00066261197
  -57.13966, -0.000665662, -0.00066261197
  -57.13966, -0.000476327, -0.00066261197
  -57.13966, -0.0005648162, -0.00066261197
  -57.13966, -0.000699543, -0.00066261197
  -57.13966, -0.0004715438, -0.00066261197
  -57.13966, -0.0007047248, -0.00066261197
  -57.13966, -0.0007186758, -0.00066261197
  -57.13966, -0.000701536, -0.00066261197
  -57.13966, -0.000631781, -0.00066261197
  -57.13966, -0.0005393058, -0.00066261197
  -57.13966, -0.0007202702, -0.00066261197
  -57.13966, -0.0006525082, -0.00066261197
  -57.133205, -0.000641746, -0.00066245733
  -57.133205, -0.0008175286, -0.00066245733
  -57.133205, -0.0006409488, -0.00066245733
  -57.133205, -0.0007429904, -0.00066245733
  -57.133205, -0.0006353684, -0.00066245733
  -57.133205, -0.0005528582, -0.00066245733
  -57.133205, -0.0005771728, -0.00066245733
  -57.133205, -0.0006445362, -0.00066245733
  -57.133205, -0.000675627, -0.00066245733
  -57.133205, -0.0006684522, -0.00066245733
  -57.133205, -0.0005405016, -0.00066245733
  -57.133205, -0.0006381586, -0.00066245733
  -57.133205, -0.0006991444, -0.00066245733
  -57.133205, -0.0007398016, -0.00066245733
  -57.133205, -0.0007972, -0.00066245733
  -57.133205, -0.0006405502, -0.00066245733
  -57.133205, -0.0006931654, -0.00066245733
  -57.133205, -0.000643739, -0.00066245733
  -57.133205, -0.0006409488, -0.00066245733
  -57.12675, -0.0007924168, -0.00066230265
  -57.12675, -0.0006293894, -0.00066230265
  -57.12675, -0.0006226132, -0.00066230265
  -57.12675, -0.000595907, -0.00066230265
  -57.12675, -0.0006090608, -0.00066230265
  -57.12675, -0.0007342212, -0.00066230265
  -57.12675, -0.0006006902, -0.00066230265
  -57.12675, -0.0007688994, -0.00066230265
  -57.120295, -0.000621816, -0.00066214793
  -57.120295, -0.0007665078, -0.00066214793
  -57.120295, -0.0005325296, -0.00066214793
  -57.120295, -0.0004866906, -0.00066214793
  -57.120295, -0.0007880322, -0.00066214793
  -57.120295, -0.0005588372, -0.00066214793
  -57.120295, -0.000711501, -0.00066214793
  -57.120295, -0.0006349698, -0.00066214793
  -57.120295, -0.000575977, -0.00066214793
  -57.120295, -0.0007844448, -0.00066214793
  -57.120295, -0.0007242562, -0.00066214793
  -57.120295, -0.000609858, -0.00066214793
  -57.11384, -0.0006006902, -0.00066199317
  -57.11384, -0.0006999416, -0.00066199317
  -57.11384, -0.0006102566, -0.00066199317
  -57.11384, -0.000609858, -0.00066199317
  -57.11384, -0.0005628232, -0.00066199317
  -57.11384, -0.0007398016, -0.00066199317
  -57.11384, -0.0005544526, -0.00066199317
  -57.11384, -0.000787235, -0.00066199317
  -57.11384, -0.0005464806, -0.00066199317
  -57.11384, -0.0007266478, -0.00066199317
  -57.11384, -0.0005692008, -0.00066199317
  -57.107385, -0.0005747812, -0.00066183837
  -57.107385, -0.0006572914, -0.00066183837
  -57.107385, -0.0007382072, -0.00066183837
  -57.107385, -0.0007302352, -0.00066183837
  -57.107385, -0.0007342212, -0.00066183837
  -57.107385, -0.000870941, -0.00066183837
  -57.10093, -0.0004280964, -0.00066168353
  -57.10093, -0.000745382, -0.00066168353
  -57.10093, -0.000655697, -0.00066168353
  -57.094475, -0.0006608788, -0.00066152865
  -57.094475, -0.0005771728, -0.00066152865
  -57.094475, -0.0007138926, -0.00066152865
  -57.094475, -0.0006987458, -0.00066152865
  -57.094475, -0.0006688508, -0.00066152865
  -57.08802, -0.0007808574, -0.00066137373
  -57.081565, -0.0006712424, -0.00066121877
  -57.081565, -0.0006943612, -0.00066121877
  -57.081565, -0.0006230118, -0.00066121877
  -57.081565, -0.0007429904, -0.00066121877
  -57.068655, -0.0007398016, -0.00066090874
  -57.068655, -0.0006054734, -0.00066090874
  -57.0622, -0.000564019, -0.00066075366
  -57.055745, -0.000619823, -0.00066059854
  -57.055745, -0.000484299, -0.00066059854
  -57.055745, -0.000679613, -0.00066059854
  -57.04929, -0.0007928154, -0.00066044338
  -57.042835, -0.0007031304, -0.00066028818
  -57.029925, -0.0005911238, -0.00065997767
  -57.02347, -0.0007402002, -0.00065982235
  -57.017015, -0.0006453334, -0.00065966699
  -57.01056, -0.0005050262, -0.00065951159
  -57.01056, -0.0006772214, -0.00065951159
  -57.01056, -0.0007541512, -0.00065951159
  -56.99765, -0.000659683, -0.00065920067
  -56.99765, -0.0005357184, -0.00065920067
  -56.991195, -0.0006313824, -0.00065904515
  -56.97183, -0.0005608302, -0.00065857835
  -56.97183, -0.0006728368, -0.00065857835
  -56.94601, -0.0004839004, -0.00065795538
  -56.939555, -0.000623809, -0.00065779954
  -56.92019, -0.0004735368, -0.00065733176
  -56.900825, -0.0005787672, -0.00065686362
  -56.875005, -0.0003244604, -0.00065623886
  -56.86855, -0.0005297394, -0.00065608257
  -56.836275, -0.0005887322, -0.00065530049
  -56.81691, -0.0008422418, -0.00065483075
  -56.81691, -0.0006413474, -0.00065483075
  -56.81691, -0.0004930682, -0.00065483075
  -56.784635, -0.0007278436, -0.00065404703
  -56.75236, -0.0007130954, -0.00065326227
  -56.73945, -0.0007816546, -0.00065294807
  -56.70072, -0.0005927182, -0.00065200448
  -56.681355, -0.0005795644, -0.00065153212
  -56.668445, -0.0006230118, -0.000651217
  -56.655535, -0.0005963056, -0.00065090172
  -56.629715, -0.0006353684, -0.00065027064
  -56.590985, -0.0004767256, -0.00064932275
  -56.590985, -0.0006560956, -0.00064932275
  -56.57162, -0.0006234104, -0.00064884823
  -56.565165, -0.0005951098, -0.00064868998
  -56.51998, -0.000721466, -0.00064758098
  -56.500615, -0.0007386058, -0.00064710505
  -56.46834, -0.0005098094, -0.00064631097
  -56.448975, -0.0006102566, -0.00064583401
  -56.44252, -0.0005129982, -0.00064567494
  -56.44252, -0.0006521096, -0.00064567494
  -56.423155, -0.0006788158, -0.00064519745
  -56.384425, -0.000548075, -0.00064424131
  -56.36506, -0.0006660606, -0.00064376265
  -56.332785, -0.0004998444, -0.000642964
  -56.32633, -0.0007067178, -0.00064280414
  -56.30051, -0.0005309352, -0.00064216426
  -56.294055, -0.0004548026, -0.00064200418
  -56.294055, -0.0006688508, -0.00064200418
  -56.27469, -0.0006002916, -0.00064152367
  -56.242415, -0.0006054734, -0.00064072194
  -56.242415, -0.0007138926, -0.00064072194
  -56.229505, -0.0008099552, -0.00064040093
  -56.216595, -0.0007609274, -0.00064007975
  -56.18432, -0.0006963542, -0.000639276
  -56.18432, -0.0007270464, -0.000639276
  -56.164955, -0.0006732354, -0.00063879322
  -56.1585, -0.0007429904, -0.0006386322
  -56.152045, -0.0005249562, -0.00063847114
  -56.14559, -0.0006194244, -0.00063831003
  -56.14559, -0.0006333754, -0.00063831003
  -56.139135, -0.0005624246, -0.00063814888
  -56.11977, -0.0005309352, -0.00063766515
  -56.11977, -0.000625802, -0.00063766515
  -56.11977, -0.0005405016, -0.00063766515
  -56.11977, -0.0007126968, -0.00063766515
  -56.113315, -0.0007409974, -0.00063750382
  -56.113315, -0.000542096, -0.00063750382
  -56.113315, -0.0006664592, -0.00063750382
  -56.113315, -0.0006062706, -0.00063750382
  -56.113315, -0.0005652148, -0.00063750382
  -56.10686, -0.0004815088, -0.00063734244
  -56.10686, -0.0005452848, -0.00063734244
  -56.10686, -0.0006014874, -0.00063734244
  -56.10686, -0.0006580886, -0.00063734244
  -56.10686, -0.0005911238, -0.00063734244
  -56.10686, -0.0005333268, -0.00063734244
  -56.10686, -0.000673634, -0.00063734244
  -56.10686, -0.0006441376, -0.00063734244
  -56.10686, -0.0005409002, -0.00063734244
  -56.10686, -0.0004420474, -0.00063734244
  -56.10686, -0.0006026832, -0.00063734244
  -56.100405, -0.000671641, -0.00063718101
  -56.100405, -0.000691571, -0.00063718101
  -56.100405, -0.0004093622, -0.00063718101
  -56.100405, -0.0005783686, -0.00063718101
  -56.100405, -0.0006445362, -0.00063718101
  -56.100405, -0.00071748, -0.00063718101
  -56.100405, -0.000625802, -0.00063718101
  -56.100405, -0.0002893836, -0.00063718101
  -56.100405, -0.000635767, -0.00063718101
  -56.100405, -0.0006991444, -0.00063718101
  -56.100405, -0.0005217674, -0.00063718101
  -56.100405, -0.0006301866, -0.00063718101
  -56.100405, -0.0006533054, -0.00063718101
  -56.100405, -0.0006660606, -0.00063718101
  -56.100405, -0.0005767742, -0.00063718101
  -56.100405, -0.0006732354, -0.00063718101
  -56.100405, -0.0006652634, -0.00063718101
  -56.100405, -0.0004954598, -0.00063718101
  -56.100405, -0.000540103, -0.00063718101
  -56.100405, -0.0006588858, -0.00063718101
  -56.100405, -0.0006521096, -0.00063718101
  -56.100405, -0.00065769, -0.00063718101
  -56.100405, -0.0006269978, -0.00063718101
  -56.09395, -0.000699543, -0.00063701954
  -56.09395, -0.000809158, -0.00063701954
  -56.09395, -0.000470348, -0.00063701954
  -56.09395, -0.0006413474, -0.00063701954
  -56.09395, -0.0006772214, -0.00063701954
  -56.09395, -0.0006214174, -0.00063701954
  -56.09395, -0.0005875364, -0.00063701954
  -56.09395, -0.0006170328, -0.00063701954
  -56.09395, -0.0005847462, -0.00063701954
  -56.09395, -0.0005412988, -0.00063701954
  -56.087495, -0.0005137954, -0.00063685803
  -56.087495, -0.0006624732, -0.00063685803
  -56.087495, -0.000564019, -0.00063685803
  -56.087495, -0.0006022846, -0.00063685803
  -56.087495, -0.0006688508, -0.00063685803
  -56.087495, -0.0005528582, -0.00063685803
  -56.087495, -0.0005775714, -0.00063685803
  -56.087495, -0.0005066206, -0.00063685803
  -56.087495, -0.000611851, -0.00063685803
  -56.087495, -0.000554054, -0.00063685803
  -56.087495, -0.0005947112, -0.00063685803
  -56.087495, -0.0006365642, -0.00063685803
  -56.087495, -0.0004336768, -0.00063685803
  -56.08104, -0.0006130468, -0.00063669647
  -56.08104, -0.0005357184, -0.00063669647
  -56.08104, -0.000623809, -0.00063669647
  -56.08104, -0.000504229, -0.00063669647
  -56.08104, -0.0006644662, -0.00063669647
  -56.08104, -0.0005767742, -0.00063669647
  -56.08104, -0.0006704452, -0.00063669647
  -56.08104, -0.0006509138, -0.00063669647
  -56.08104, -0.000589928, -0.00063669647
  -56.08104, -0.000647725, -0.00063669647
  -56.08104, -0.000669648, -0.00063669647
  -56.08104, -0.0005289422, -0.00063669647
  -56.074585, -0.00061783, -0.00063653486
  -56.074585, -0.000685592, -0.00063653486
  -56.074585, -0.000689578, -0.00063653486
  -56.074585, -0.0003280478, -0.00063653486
  -56.074585, -0.000550068, -0.00063653486
  -56.074585, -0.0005377114, -0.00063653486
  -56.074585, -0.000675627, -0.00063653486
  -56.074585, -0.0007896266, -0.00063653486
  -56.06813, -0.0006712424, -0.00063637321
  -56.06813, -0.0007457806, -0.00063637321
  -56.06813, -0.0005990958, -0.00063637321
  -56.06813, -0.0005955084, -0.00063637321
  -56.06813, -0.000671641, -0.00063637321
  -56.06813, -0.0006210188, -0.00063637321
  -56.06813, -0.0004555998, -0.00063637321
  -56.06813, -0.0005285436, -0.00063637321
  -56.06813, -0.0006194244, -0.00063637321
  -56.061675, -0.0007541512, -0.00063621152
  -56.061675, -0.0006525082, -0.00063621152
  -56.061675, -0.0005767742, -0.00063621152
  -56.061675, -0.0005656134, -0.00063621152
  -56.061675, -0.0005377114, -0.00063621152
  -56.061675, -0.0008725354, -0.00063621152
  -56.061675, -0.0005767742, -0.00063621152
  -56.061675, -0.0006285922, -0.00063621152
  -56.061675, -0.0008043748, -0.00063621152
  -56.05522, -0.0005018374, -0.00063604977
  -56.05522, -0.000701536, -0.00063604977
  -56.05522, -0.0006010888, -0.00063604977
  -56.05522, -0.0006130468, -0.00063604977
  -56.05522, -0.000641746, -0.00063604977
  -56.05522, -0.0006529068, -0.00063604977
  -56.05522, -0.0005444876, -0.00063604977
  -56.05522, -0.000647725, -0.00063604977
  -56.048765, -0.0005277464, -0.00063588799
  -56.048765, -0.000583949, -0.00063588799
  -56.04231, -0.0006425432, -0.00063572615
  -56.04231, -0.0007019346, -0.00063572615
  -56.035855, -0.0005273478, -0.00063556427
  -56.0294, -0.0005887322, -0.00063540235
  -56.01649, -0.0006505152, -0.00063507836
  -55.984215, -0.000568005, -0.00063426759
  -55.984215, -0.0006963542, -0.00063426759
  -55.95194, -0.0007609274, -0.00063345566
  -55.919665, -0.000621816, -0.00063264259
  -55.91321, -0.0007206688, -0.00063247983
  -55.880935, -0.0005337254, -0.00063166536
  -55.842205, -0.000386642, -0.00063068645
  -55.83575, -0.0004396558, -0.00063052313
  -55.829295, -0.0005791658, -0.00063035977
  -55.79702, -0.0006465292, -0.00062954226
  -55.751835, -0.0006022846, -0.00062839575
  -55.74538, -0.0006250048, -0.00062823177
  -55.74538, -0.0006262006, -0.00062823177
  -55.70665, -0.0005197744, -0.00062724692
  -55.687285, -0.0005118024, -0.00062675385
  -55.66792, -0.0007900252, -0.00062626034
  -55.65501, -0.0005895294, -0.0006259311
  -55.6421, -0.0007063192, -0.00062560167
  -55.61628, -0.0006541026, -0.00062494222
  -55.609825, -0.0005428932, -0.00062477724
  -55.596915, -0.000605872, -0.00062444713
  -55.55173, -0.0007246548, -0.00062329022
  -55.52591, -0.0006481236, -0.00062262806
  -55.519455, -0.0005409002, -0.0006224624
  -55.519455, -0.0005982986, -0.0006224624
  -55.513, -0.0005584386, -0.00062229668
  -55.513, -0.000556047, -0.00062229668
  -55.480725, -0.0006493194, -0.00062146739
  -55.480725, -0.0005588372, -0.00062146739
  -55.47427, -0.0006126482, -0.00062130138
  -55.467815, -0.000721466, -0.00062113533
  -55.46136, -0.0006429418, -0.00062096922
  -55.441995, -0.0006254034, -0.00062047061
  -55.43554, -0.000665662, -0.00062030431
  -55.429085, -0.0005616274, -0.00062013796
  -55.403265, -0.0005923196, -0.00061947206
  -55.39681, -0.0006214174, -0.00061930546
  -55.39681, -0.0006301866, -0.00061930546
  -55.39681, -0.0006505152, -0.00061930546
  -55.39681, -0.000526152, -0.00061930546
  -55.39681, -0.000556047, -0.00061930546
  -55.390355, -0.000623809, -0.00061913881
  -55.390355, -0.0005564456, -0.00061913881
  -55.390355, -0.0006764242, -0.00061913881
  -55.390355, -0.0005668092, -0.00061913881
  -55.390355, -0.0005688022, -0.00061913881
  -55.3839, -0.0004910752, -0.00061897211
  -55.3839, -0.0005169842, -0.00061897211
  -55.3839, -0.0006887808, -0.00061897211
  -55.3839, -0.0007900252, -0.00061897211
  -55.3839, -0.0005743826, -0.00061897211
  -55.3839, -0.000727445, -0.00061897211
  -55.3839, -0.000613844, -0.00061897211
  -55.3839, -0.0005588372, -0.00061897211
  -55.3839, -0.0006732354, -0.00061897211
  -55.3839, -0.000587935, -0.00061897211
  -55.3839, -0.0004906766, -0.00061897211
  -55.3839, -0.0005114038, -0.00061897211
  -55.3839, -0.0004930682, -0.00061897211
  -55.377445, -0.0007146898, -0.00061880536
  -55.377445, -0.0007039276, -0.00061880536
  -55.377445, -0.0005915224, -0.00061880536
  -55.377445, -0.0005951098, -0.00061880536
  -55.377445, -0.0004057748, -0.00061880536
  -55.377445, -0.0005592358, -0.00061880536
  -55.377445, -0.0006250048, -0.00061880536
  -55.377445, -0.0003543554, -0.00061880536
  -55.377445, -0.0007071164, -0.00061880536
  -55.377445, -0.0006820046, -0.00061880536
  -55.377445, -0.000649718, -0.00061880536
  -55.377445, -0.00065769, -0.00061880536
  -55.37099, -0.0006086622, -0.00061863857
  -55.37099, -0.000647725, -0.00061863857
  -55.37099, -0.0003882364, -0.00061863857
  -55.37099, -0.000575977, -0.00061863857
  -55.37099, -0.0005815574, -0.00061863857
  -55.37099, -0.0005831518, -0.00061863857
  -55.37099, -0.0004906766, -0.00061863857
  -55.37099, -0.0005257534, -0.00061863857
  -55.37099, -0.0005209702, -0.00061863857
  -55.37099, -0.0009235562, -0.00061863857
  -55.37099, -0.0007657106, -0.00061863857
  -55.37099, -0.0009016332, -0.00061863857
  -55.37099, -0.000723459, -0.00061863857
  -55.364535, -0.0006449348, -0.00061847172
  -55.364535, -0.0007796616, -0.00061847172
  -55.364535, -0.0006560956, -0.00061847172
  -55.364535, -0.0007920182, -0.00061847172
  -55.364535, -0.0005169842, -0.00061847172
  -55.364535, -0.0005046276, -0.00061847172
  -55.364535, -0.0007202702, -0.00061847172
  -55.364535, -0.0005257534, -0.00061847172
  -55.364535, -0.0006891794, -0.00061847172
  -55.364535, -0.0006533054, -0.00061847172
  -55.364535, -0.0007417946, -0.00061847172
  -55.364535, -0.0005891308, -0.00061847172
  -55.364535, -0.0005676064, -0.00061847172
  -55.364535, -0.0005329282, -0.00061847172
  -55.364535, -0.000476327, -0.00061847172
  -55.364535, -0.0005428932, -0.00061847172
  -55.364535, -0.0005703966, -0.00061847172
  -55.364535, -0.0006648648, -0.00061847172
  -55.35808, -0.0006991444, -0.00061830482
  -55.35808, -0.0003619288, -0.00061830482
  -55.35808, -0.0006126482, -0.00061830482
  -55.35808, -0.0007425918, -0.00061830482
  -55.35808, -0.000709508, -0.00061830482
  -55.35808, -0.0005763756, -0.00061830482
  -55.35808, -0.0004914738, -0.00061830482
  -55.35808, -0.0005385086, -0.00061830482
  -55.35808, -0.0005715924, -0.00061830482
  -55.35808, -0.0004918724, -0.00061830482
  -55.35808, -0.0007122982, -0.00061830482
  -55.35808, -0.000556047, -0.00061830482
  -55.35808, -0.000532131, -0.00061830482
  -55.35808, -0.0004735368, -0.00061830482
  -55.35808, -0.0007262492, -0.00061830482
  -55.35808, -0.00057797, -0.00061830482
  -55.35808, -0.0007983958, -0.00061830482
  -55.35808, -0.0003699008, -0.00061830482
  -55.35808, -0.0007824518, -0.00061830482
  -55.35808, -0.0004866906, -0.00061830482
  -55.35808, -0.0007118996, -0.00061830482
  -55.35808, -0.0006142426, -0.00061830482
  -55.35808, -0.0006533054, -0.00061830482
  -55.351625, -0.0006847948, -0.00061813787
  -55.351625, -0.0005931168, -0.00061813787
  -55.351625, -0.0006373614, -0.00061813787
  -55.351625, -0.0006301866, -0.00061813787
  -55.351625, -0.0005209702, -0.00061813787
  -55.351625, -0.0005054248, -0.00061813787
  -55.34517, -0.00055804, -0.00061797087
  -55.34517, -0.0006409488, -0.00061797087
  -55.34517, -0.000741396, -0.00061797087
  -55.34517, -0.000623809, -0.00061797087
  -55.34517, -0.0005157884, -0.00061797087
  -55.34517, -0.0006692494, -0.00061797087
  -55.34517, -0.000665662, -0.00061797087
  -55.34517, -0.0006552984, -0.00061797087
  -55.34517, -0.0006373614, -0.00061797087
  -55.34517, -0.000731431, -0.00061797087
  -55.34517, -0.0006740326, -0.00061797087
  -55.34517, -0.0006449348, -0.00061797087
  -55.338715, -0.0006644662, -0.00061780383
  -55.338715, -0.0005624246, -0.00061780383
  -55.338715, -0.0007059206, -0.00061780383
  -55.338715, -0.0005743826, -0.00061780383
  -55.338715, -0.000773284, -0.00061780383
  -55.338715, -0.0005767742, -0.00061780383
  -55.338715, -0.0006931654, -0.00061780383
  -55.338715, -0.0005955084, -0.00061780383
  -55.33226, -0.0006006902, -0.00061763673
  -55.33226, -0.0005596344, -0.00061763673
  -55.33226, -0.0006433404, -0.00061763673
  -55.33226, -0.0003870406, -0.00061763673
  -55.33226, -0.0006851934, -0.00061763673
  -55.33226, -0.0007581372, -0.00061763673
  -55.325805, -0.0006182286, -0.00061746958
  -55.325805, -0.000613844, -0.00061746958
  -55.325805, -0.00057797, -0.00061746958
  -55.31935, -0.0006708438, -0.00061730238
  -55.31935, -0.0005994944, -0.00061730238
  -55.31935, -0.000635767, -0.00061730238
  -55.31935, -0.0005775714, -0.00061730238
  -55.31935, -0.0005656134, -0.00061730238
  -55.31935, -0.0007039276, -0.00061730238
  -55.312895, -0.0004950612, -0.00061713513
  -55.312895, -0.000528145, -0.00061713513
  -55.312895, -0.0005891308, -0.00061713513
  -55.312895, -0.0004990472, -0.00061713513
  -55.312895, -0.0006142426, -0.00061713513
  -55.312895, -0.0004950612, -0.00061713513
  -55.312895, -0.0006214174, -0.00061713513
  -55.312895, -0.00067762, -0.00061713513
  -55.312895, -0.0004687536, -0.00061713513
  -55.312895, -0.0006345712, -0.00061713513
  -55.30644, -0.0005875364, -0.00061696783
  -55.30644, -0.0005026346, -0.00061696783
  -55.30644, -0.0005444876, -0.00061696783
  -55.30644, -0.0005963056, -0.00061696783
  -55.30644, -0.0006672564, -0.00061696783
  -55.30644, -0.0005333268, -0.00061696783
  -55.30644, -0.0004595858, -0.00061696783
  -55.30644, -0.0005632218, -0.00061696783
  -55.30644, -0.0007409974, -0.00061696783
  -55.30644, -0.000595907, -0.00061696783
  -55.299985, -0.0004974528, -0.00061680048
  -55.299985, -0.0005931168, -0.00061680048
  -55.299985, -0.0005197744, -0.00061680048
  -55.299985, -0.0006620746, -0.00061680048
  -55.299985, -0.0006369628, -0.00061680048
  -55.299985, -0.000679613, -0.00061680048
  -55.299985, -0.0003782714, -0.00061680048
  -55.29353, -0.0006146412, -0.00061663308
  -55.29353, -0.0006325782, -0.00061663308
  -55.29353, -0.0006744312, -0.00061663308
  -55.29353, -0.0006150398, -0.00061663308
  -55.29353, -0.0006409488, -0.00061663308
  -55.29353, -0.000589928, -0.00061663308
  -55.29353, -0.0006321796, -0.00061663308
  -55.29353, -0.0006764242, -0.00061663308
  -55.29353, -0.0006090608, -0.00061663308
  -55.29353, -0.0006509138, -0.00061663308
  -55.29353, -0.0006421446, -0.00061663308
  -55.29353, -0.0006568928, -0.00061663308
  -55.287075, -0.0005767742, -0.00061646563
  -55.287075, -0.0004854948, -0.00061646563
  -55.287075, -0.0004687536, -0.00061646563
  -55.287075, -0.0006441376, -0.00061646563
  -55.287075, -0.0005193758, -0.00061646563
  -55.287075, -0.0006509138, -0.00061646563
  -55.287075, -0.0006030818, -0.00061646563
  -55.287075, -0.0006273964, -0.00061646563
  -55.287075, -0.0004528096, -0.00061646563
  -55.287075, -0.0004898794, -0.00061646563
  -55.287075, -0.0005448862, -0.00061646563
  -55.287075, -0.0005831518, -0.00061646563
  -55.287075, -0.0007681022, -0.00061646563
  -55.287075, -0.0006210188, -0.00061646563
  -55.287075, -0.0006632704, -0.00061646563
  -55.287075, -0.0007509624, -0.00061646563
  -55.287075, -0.0006405502, -0.00061646563
  -55.28062, -0.0004990472, -0.00061629813
  -55.28062, -0.0005365156, -0.00061629813
  -55.28062, -0.0007501652, -0.00061629813
  -55.28062, -0.0007601302, -0.00061629813
  -55.28062, -0.0007083122, -0.00061629813
  -55.28062, -0.0005707952, -0.00061629813
  -55.28062, -0.0006684522, -0.00061629813
  -55.274165, -0.0005664106, -0.00061613058
  -55.274165, -0.0007804588, -0.00061613058
  -55.274165, -0.0005911238, -0.00061613058
  -55.274165, -0.00075734, -0.00061613058
  -55.274165, -0.0007541512, -0.00061613058
  -55.274165, -0.0006126482, -0.00061613058
  -55.274165, -0.0006804102, -0.00061613058
  -55.274165, -0.0006102566, -0.00061613058
  -55.274165, -0.0006692494, -0.00061613058
  -55.274165, -0.0006971514, -0.00061613058
  -55.274165, -0.0005624246, -0.00061613058
  -55.274165, -0.0006429418, -0.00061613058
  -55.274165, -0.000635767, -0.00061613058
  -55.274165, -0.0006768228, -0.00061613058
  -55.26771, -0.0005990958, -0.00061596298
  -55.26771, -0.0007290394, -0.00061596298
  -55.26771, -0.0006871864, -0.00061596298
  -55.26771, -0.0005349212, -0.00061596298
  -55.26771, -0.0007150884, -0.00061596298
  -55.26771, -0.0005516624, -0.00061596298
  -55.26771, -0.0007378086, -0.00061596298
  -55.261255, -0.0005867392, -0.00061579533
  -55.261255, -0.0006509138, -0.00061579533
  -55.261255, -0.0006062706, -0.00061579533
  -55.261255, -0.000571991, -0.00061579533
  -55.261255, -0.000775277, -0.00061579533
  -55.261255, -0.0007346198, -0.00061579533
  -55.261255, -0.0006030818, -0.00061579533
  -55.261255, -0.0006034804, -0.00061579533
  -55.2548, -0.000552061, -0.00061562763
  -55.2548, -0.000504229, -0.00061562763
  -55.2548, -0.0005078164, -0.00061562763
  -55.2548, -0.000681606, -0.00061562763
  -55.2548, -0.0005628232, -0.00061562763
  -55.2548, -0.0007744798, -0.00061562763
  -55.2548, -0.000492271, -0.00061562763
  -55.2548, -0.0007258506, -0.00061562763
  -55.2548, -0.0005747812, -0.00061562763
  -55.2548, -0.0006903752, -0.00061562763
  -55.248345, -0.0005990958, -0.00061545987
  -55.24189, -0.000675627, -0.00061529207
  -55.24189, -0.0005014388, -0.00061529207
  -55.235435, -0.0006839976, -0.00061512421
  -55.235435, -0.0006648648, -0.00061512421
  -55.235435, -0.0006541026, -0.00061512421
  -55.222525, -0.0005508652, -0.00061478835
  -55.21607, -0.0005927182, -0.00061462035
  -55.21607, -0.0007003402, -0.00061462035
  -55.209615, -0.0005955084, -0.00061445229
  -55.209615, -0.000635767, -0.00061445229
  -55.196705, -0.0006529068, -0.00061411602
  -55.19025, -0.0005915224, -0.00061394781
  -55.19025, -0.0006445362, -0.00061394781
  -55.183795, -0.0006262006, -0.00061377955
  -55.183795, -0.0005305366, -0.00061377955
  -55.17734, -0.000468355, -0.00061361123
  -55.170885, -0.0005975014, -0.00061344287
  -55.157975, -0.0006664592, -0.00061310599
  -55.15152, -0.0006568928, -0.00061293747
  -55.15152, -0.0007501652, -0.00061293747
  -55.15152, -0.0006572914, -0.00061293747
  -55.13861, -0.0006728368, -0.00061260028
  -55.1257, -0.0007051234, -0.00061226289
  -55.1257, -0.0005811588, -0.00061226289
  -55.106335, -0.0005528582, -0.00061175641
  -55.07406, -0.000643739, -0.00061091124
  -55.067605, -0.000665662, -0.00061074205
  -55.06115, -0.0006262006, -0.00061057281
  -55.028875, -0.0006305852, -0.00060972583
  -55.02242, -0.0006365642, -0.00060955628
  -55.02242, -0.000679613, -0.00060955628
  -55.015965, -0.0005971028, -0.00060938668
  -54.9966, -0.0007501652, -0.00060887755
  -54.95787, -0.000683599, -0.00060785788
  -54.94496, -0.0007362142, -0.00060751757
  -54.93205, -0.0006349698, -0.00060717705
  -54.912685, -0.0005795644, -0.00060666587
  -54.89332, -0.000548075, -0.00060615422
  -54.88041, -0.0006293894, -0.00060581285
  -54.861045, -0.0006206202, -0.0006053004
  -54.848135, -0.0006046762, -0.0006049585
  -54.809405, -0.000827095, -0.00060393152
  -54.80295, -0.0005257534, -0.00060376017
  -54.796495, -0.0007605288, -0.00060358876
  -54.770675, -0.0005883336, -0.00060290261
  -54.757765, -0.0006373614, -0.00060255921
  -54.731945, -0.000699543, -0.00060187175
  -54.693215, -0.000747375, -0.00060083895
  -54.693215, -0.0005416974, -0.00060083895
  -54.667395, -0.000641746, -0.00060014933
  -54.64803, -0.0006760256, -0.00059963154
  -54.63512, -0.0006465292, -0.00059928607
  -54.615755, -0.000691571, -0.00059876745
  -54.589935, -0.0006979486, -0.0005980752
  -54.577025, -0.000613844, -0.00059772874
  -54.538295, -0.000544089, -0.00059668804
  -54.525385, -0.0006580886, -0.00059634069
  -54.525385, -0.0005508652, -0.00059634069
  -54.499565, -0.000663669, -0.00059564533
  -54.4802, -0.0005393058, -0.00059512323
  -54.473745, -0.000573984, -0.00059494908
  -54.46729, -0.0005767742, -0.00059477488
  -54.460835, -0.0006461306, -0.00059460062
  -54.422105, -0.000390628, -0.00059355389
  -54.422105, -0.0004787186, -0.00059355389
  -54.40274, -0.0006772214, -0.00059302976
  -54.38983, -0.0007916196, -0.00059268006
  -54.383375, -0.0007405988, -0.00059250513
  -54.36401, -0.0006042776, -0.00059197998
  -54.357555, -0.000647725, -0.00059180482
  -54.3511, -0.000510208, -0.0005916296
  -54.3511, -0.000623809, -0.0005916296
  -54.33819, -0.0005125996, -0.00059127899
  -54.33819, -0.0005345226, -0.00059127899
  -54.32528, -0.0005106066, -0.00059092816
  -54.32528, -0.0005532568, -0.00059092816
  -54.318825, -0.0006784172, -0.00059075265
  -54.31237, -0.0004117538, -0.00059057709
  -54.29946, -0.00051818, -0.0005902258
  -54.29946, -0.0004831032, -0.0005902258
  -54.29946, -0.0006883822, -0.0005902258
  -54.293005, -0.0006652634, -0.00059005007
  -54.28655, -0.0005963056, -0.00058987428
  -54.28655, -0.0004687536, -0.00058987428
  -54.280095, -0.0006867878, -0.00058969843
  -54.280095, -0.00047832, -0.00058969843
  -54.267185, -0.000585942, -0.00058934656
  -54.267185, -0.000432481, -0.00058934656
  -54.267185, -0.0006329768, -0.00058934656
  -54.26073, -0.0003559498, -0.00058917054
  -54.254275, -0.0006134454, -0.00058899447
  -54.254275, -0.0003742854, -0.00058899447
  -54.254275, -0.0006042776, -0.00058899447
  -54.254275, -0.0002423488, -0.00058899447
  -54.254275, -0.0005911238, -0.00058899447
  -54.24782, -0.00069755, -0.00058881833
  -54.24782, -0.0007358156, -0.00058881833
  -54.24782, -0.0006931654, -0.00058881833
  -54.24782, -0.0006887808, -0.00058881833
  -54.24782, -0.000683599, -0.00058881833
  -54.24782, -0.000613844, -0.00058881833
  -54.24782, -0.0006584872, -0.00058881833
  -54.24782, -0.0007079136, -0.00058881833
  -54.241365, -0.0005827532, -0.00058864214
  -54.241365, -0.0005476764, -0.00058864214
  -54.241365, -0.0007728854, -0.00058864214
  -54.241365, -0.0005979, -0.00058864214
  -54.241365, -0.0006146412, -0.00058864214
  -54.241365, -0.0005472778, -0.00058864214
  -54.241365, -0.0006891794, -0.00058864214
  -54.241365, -0.0005532568, -0.00058864214
  -54.23491, -0.0006453334, -0.00058846589
  -54.23491, -0.000508215, -0.00058846589
  -54.23491, -0.0005823546, -0.00058846589
  -54.23491, -0.0007382072, -0.00058846589
  -54.23491, -0.0007186758, -0.00058846589
  -54.23491, -0.0004894808, -0.00058846589
  -54.23491, -0.0005010402, -0.00058846589
  -54.23491, -0.0006672564, -0.00058846589
  -54.23491, -0.0005114038, -0.00058846589
  -54.228455, -0.00061783, -0.00058828958
  -54.228455, -0.0005875364, -0.00058828958
  -54.228455, -0.0005524596, -0.00058828958
  -54.228455, -0.0007142912, -0.00058828958
  -54.228455, -0.0005791658, -0.00058828958
  -54.228455, -0.0006732354, -0.00058828958
  -54.228455, -0.0005723896, -0.00058828958
  -54.228455, -0.0006046762, -0.00058828958
  -54.228455, -0.0006321796, -0.00058828958
  -54.228455, -0.0004077678, -0.00058828958
  -54.222, -0.0005903266, -0.00058811321
  -54.222, -0.0005377114, -0.00058811321
  -54.222, -0.000514194, -0.00058811321
  -54.222, -0.0007700952, -0.00058811321
  -54.222, -0.0007103052, -0.00058811321
  -54.222, -0.0005672078, -0.00058811321
  -54.222, -0.0005197744, -0.00058811321
  -54.222, -0.0007007388, -0.00058811321
  -54.222, -0.0004747326, -0.00058811321
  -54.222, -0.000390628, -0.00058811321
  -54.222, -0.000573984, -0.00058811321
  -54.222, -0.0007146898, -0.00058811321
  -54.222, -0.0005612288, -0.00058811321
  -54.222, -0.0004432432, -0.00058811321
  -54.222, -0.0007218646, -0.00058811321
  -54.222, -0.0006724382, -0.00058811321
  -54.222, -0.0008478222, -0.00058811321
  -54.215545, -0.0005990958, -0.00058793679
  -54.215545, -0.0006548998, -0.00058793679
  -54.215545, -0.000689578, -0.00058793679
  -54.215545, -0.0006568928, -0.00058793679
  -54.215545, -0.0006329768, -0.00058793679
  -54.215545, -0.0006843962, -0.00058793679
  -54.215545, -0.000587935, -0.00058793679
  -54.215545, -0.0007346198, -0.00058793679
  -54.215545, -0.0005464806, -0.00058793679
  -54.215545, -0.0005472778, -0.00058793679
  -54.215545, -0.000693564, -0.00058793679
  -54.215545, -0.0006034804, -0.00058793679
  -54.20909, -0.0004711452, -0.00058776031
  -54.20909, -0.000779263, -0.00058776031
  -54.20909, -0.0006521096, -0.00058776031
  -54.20909, -0.0007051234, -0.00058776031
  -54.20909, -0.0006545012, -0.00058776031
  -54.20909, -0.0006600816, -0.00058776031
  -54.20909, -0.0006361656, -0.00058776031
  -54.20909, -0.000665662, -0.00058776031
  -54.20909, -0.000689578, -0.00058776031
  -54.20909, -0.0005317324, -0.00058776031
  -54.202635, -0.0006070678, -0.00058758377
  -54.202635, -0.000613844, -0.00058758377
  -54.202635, -0.0006564942, -0.00058758377
  -54.202635, -0.000799193, -0.00058758377
  -54.202635, -0.0004655648, -0.00058758377
  -54.202635, -0.0006672564, -0.00058758377
  -54.202635, -0.0006425432, -0.00058758377
  -54.202635, -0.000566012, -0.00058758377
  -54.202635, -0.00075734, -0.00058758377
  -54.202635, -0.000442446, -0.00058758377
  -54.202635, -0.000583949, -0.00058758377
  -54.202635, -0.0005249562, -0.00058758377
  -54.202635, -0.000569998, -0.00058758377
  -54.19618, -0.000675627, -0.00058740717
  -54.19618, -0.0006473264, -0.00058740717
  -54.19618, -0.000695557, -0.00058740717
  -54.19618, -0.0005030332, -0.00058740717
  -54.19618, -0.0006632704, -0.00058740717
  -54.189725, -0.0008095566, -0.00058723052
  -54.189725, -0.000550068, -0.00058723052
  -54.189725, -0.0006393544, -0.00058723052
  -54.189725, -0.0004269006, -0.00058723052
  -54.189725, -0.0005851448, -0.00058723052
  -54.18327, -0.0006042776, -0.0005870538
  -54.18327, -0.0005883336, -0.0005870538
  -54.18327, -0.0006489208, -0.0005870538
  -54.163905, -0.0007011374, -0.00058652331
  -54.163905, -0.0007250534, -0.00058652331
  -54.138085, -0.0006170328, -0.00058581518
  -54.13163, -0.0005233618, -0.000585638
  -54.125175, -0.0005568442, -0.00058546076
  -54.0929, -0.0005695994, -0.00058457369
  -54.073535, -0.0006489208, -0.00058404074
  -54.05417, -0.0007242562, -0.00058350726
  -54.034805, -0.0007051234, -0.00058297325
  -54.021895, -0.0005448862, -0.00058261694
  -53.983165, -0.0005955084, -0.00058154661
  -53.97671, -0.0006548998, -0.00058136801
  -53.970255, -0.0005823546, -0.00058118935
  -53.918615, -0.0006545012, -0.00057975793
  -53.89925, -0.0005464806, -0.00057922016
  -53.879885, -0.0007150884, -0.00057868184
  -53.8347, -0.0006847948, -0.00057742366
  -53.82179, -0.0007489694, -0.00057706363
  -53.79597, -0.0006588858, -0.00057634284
  -53.776605, -0.0006473264, -0.00057580161
  -53.763695, -0.0006030818, -0.00057544048
  -53.724965, -0.0006772214, -0.00057435563
  -53.699145, -0.0006254034, -0.00057363116
  -53.67978, -0.000619823, -0.00057308715
  -53.647505, -0.0005652148, -0.00057217924
  -53.64105, -0.0005492708, -0.00057199748
  -53.595865, -0.0005436904, -0.00057072335
  -53.582955, -0.000356747, -0.00057035875
  -53.56359, -0.0004815088, -0.00056981138
  -53.53777, -0.0005867392, -0.00056908067
  -53.53777, -0.0004827046, -0.00056908067
  -53.505495, -0.0004149426, -0.00056816586
  -53.492585, -0.0006206202, -0.0005677995
  -53.48613, -0.0004870892, -0.00056761622
  -53.46031, -0.0006401516, -0.00056688247
  -53.4474, -0.0004926696, -0.00056651521
  -53.43449, -0.000442446, -0.0005661477
  -53.42158, -0.000492271, -0.00056577993
  -53.402215, -0.000534124, -0.0005652278
  -53.402215, -0.0003491736, -0.0005652278
  -53.36994, -0.0005775714, -0.00056430629
  -53.36994, -0.0004687536, -0.00056430629
  -53.337665, -0.0006812074, -0.00056338317
  -53.324755, -0.0006843962, -0.00056301347
  -53.324755, -0.0004500194, -0.00056301347
  -53.3183, -0.0005532568, -0.00056282852
  -53.30539, -0.000585942, -0.00056245843
  -53.286025, -0.00055804, -0.0005619028
  -53.286025, -0.0004667606, -0.0005619028
  -53.27957, -0.0006086622, -0.00056171747
  -53.260205, -0.0007051234, -0.00056116106
  -53.234385, -0.0005054248, -0.00056041827
  -53.234385, -0.0005006416, -0.00056041827
  -53.21502, -0.0005588372, -0.00055986049
  -53.20211, -0.000569998, -0.0005594883
  -53.1892, -0.0006963542, -0.00055911586
  -53.1892, -0.0005668092, -0.00055911586
  -53.182745, -0.0007326268, -0.00055892953
  -53.182745, -0.000669648, -0.00055892953
  -53.17629, -0.0005990958, -0.00055874314
  -53.17629, -0.0005556484, -0.00055874314
  -53.169835, -0.0006162356, -0.00055855669
  -53.169835, -0.0003978028, -0.00055855669
  -53.169835, -0.0005369142, -0.00055855669
  -53.169835, -0.000388635, -0.00055855669
  -53.16338, -0.0004930682, -0.00055837017
  -53.16338, -0.000540103, -0.00055837017
  -53.156925, -0.0007031304, -0.00055818358
  -53.144015, -0.0004296908, -0.00055781021
  -53.144015, -0.0005883336, -0.00055781021
  -53.144015, -0.0005452848, -0.00055781021
  -53.144015, -0.0006640676, -0.00055781021
  -53.144015, -0.000548075, -0.00055781021
  -53.131105, -0.000607865, -0.00055743657
  -53.131105, -0.0005692008, -0.00055743657
  -53.131105, -0.0005245576, -0.00055743657
  -53.131105, -0.0004731382, -0.00055743657
  -53.131105, -0.0005504666, -0.00055743657
  -53.131105, -0.0006301866, -0.00055743657
  -53.131105, -0.0004296908, -0.00055743657
  -53.131105, -0.0007561442, -0.00055743657
  -53.131105, -0.0006509138, -0.00055743657
  -53.131105, -0.0005133968, -0.00055743657
  -53.12465, -0.0005393058, -0.00055724965
  -53.12465, -0.000556047, -0.00055724965
  -53.12465, -0.0007270464, -0.00055724965
  -53.12465, -0.0006521096, -0.00055724965
  -53.12465, -0.000520173, -0.00055724965
  -53.12465, -0.0007768714, -0.00055724965
  -53.12465, -0.000474334, -0.00055724965
  -53.118195, -0.000583949, -0.00055706267
  -53.118195, -0.0006780186, -0.00055706267
  -53.118195, -0.0006580886, -0.00055706267
  -53.118195, -0.0006210188, -0.00055706267
  -53.118195, -0.0008075636, -0.00055706267
  -53.118195, -0.0005596344, -0.00055706267
  -53.118195, -0.0005695994, -0.00055706267
  -53.118195, -0.0005233618, -0.00055706267
  -53.118195, -0.0005464806, -0.00055706267
  -53.118195, -0.0005229632, -0.00055706267
  -53.11174, -0.0006134454, -0.00055687561
  -53.11174, -0.0006046762, -0.00055687561
  -53.11174, -0.000560033, -0.00055687561
  -53.11174, -0.0005528582, -0.00055687561
  -53.11174, -0.0005133968, -0.00055687561
  -53.11174, -0.0004579914, -0.00055687561
  -53.11174, -0.0004057748, -0.00055687561
  -53.11174, -0.000494264, -0.00055687561
  -53.11174, -0.000649718, -0.00055687561
  -53.105285, -0.0007047248, -0.0005566885
  -53.105285, -0.0004380614, -0.0005566885
  -53.105285, -0.0006624732, -0.0005566885
  -53.105285, -0.000530138, -0.0005566885
  -53.105285, -0.0006529068, -0.0005566885
  -53.105285, -0.0006684522, -0.0005566885
  -53.105285, -0.0004635718, -0.0005566885
  -53.105285, -0.0006664592, -0.0005566885
  -53.105285, -0.0006393544, -0.0005566885
  -53.105285, -0.0006194244, -0.0005566885
  -53.105285, -0.0005349212, -0.0005566885
  -53.105285, -0.000609858, -0.0005566885
  -53.105285, -0.00049825, -0.0005566885
  -53.09883, -0.0005273478, -0.00055650131
  -53.09883, -0.0006170328, -0.00055650131
  -53.09883, -0.0005205716, -0.00055650131
  -53.09883, -0.0005512638, -0.00055650131
  -53.09883, -0.0006074664, -0.00055650131
  -53.09883, -0.0005233618, -0.00055650131
  -53.09883, -0.000564019, -0.00055650131
  -53.09883, -0.0005293408, -0.00055650131
  -53.09883, -0.0005038304, -0.00055650131
  -53.09883, -0.0005672078, -0.00055650131
  -53.09883, -0.0007266478, -0.00055650131
  -53.09883, -0.0003974042, -0.00055650131
  -53.092375, -0.000550068, -0.00055631406
  -53.092375, -0.0005133968, -0.00055631406
  -53.092375, -0.000540103, -0.00055631406
  -53.092375, -0.0005333268, -0.00055631406
  -53.092375, -0.0006222146, -0.00055631406
  -53.092375, -0.000585942, -0.00055631406
  -53.092375, -0.0006568928, -0.00055631406
  -53.092375, -0.000490278, -0.00055631406
  -53.092375, -0.0004571942, -0.00055631406
  -53.092375, -0.0005118024, -0.00055631406
  -53.092375, -0.0004587886, -0.00055631406
  -53.092375, -0.0004886836, -0.00055631406
  -53.092375, -0.0004587886, -0.00055631406
  -53.092375, -0.0003455862, -0.00055631406
  -53.092375, -0.0004627746, -0.00055631406
  -53.08592, -0.000426502, -0.00055612674
  -53.08592, -0.0004552012, -0.00055612674
  -53.08592, -0.0005692008, -0.00055612674
  -53.08592, -0.0006847948, -0.00055612674
  -53.08592, -0.000583949, -0.00055612674
  -53.08592, -0.0005612288, -0.00055612674
  -53.08592, -0.0006222146, -0.00055612674
  -53.08592, -0.0005632218, -0.00055612674
  -53.08592, -0.0006851934, -0.00055612674
  -53.08592, -0.0005931168, -0.00055612674
  -53.08592, -0.0006401516, -0.00055612674
  -53.08592, -0.000635767, -0.00055612674
  -53.08592, -0.0005867392, -0.00055612674
  -53.08592, -0.0005229632, -0.00055612674
  -53.079465, -0.0007565428, -0.00055593935
  -53.079465, -0.0007003402, -0.00055593935
  -53.079465, -0.0003041318, -0.00055593935
  -53.079465, -0.0003798658, -0.00055593935
  -53.079465, -0.000739403, -0.00055593935
  -53.079465, -0.0005851448, -0.00055593935
  -53.079465, -0.0004336768, -0.00055593935
  -53.079465, -0.0005731868, -0.00055593935
  -53.079465, -0.0005592358, -0.00055593935
  -53.07301, -0.0006923682, -0.0005557519
  -53.07301, -0.0005205716, -0.0005557519
  -53.07301, -0.000609858, -0.0005557519
  -53.07301, -0.0006493194, -0.0005557519
  -53.07301, -0.0006289908, -0.0005557519
  -53.07301, -0.0006333754, -0.0005557519
  -53.07301, -0.0005923196, -0.0005557519
  -53.07301, -0.0007079136, -0.0005557519
  -53.07301, -0.0006760256, -0.0005557519
  -53.07301, -0.0006700466, -0.0005557519
  -53.07301, -0.0005871378, -0.0005557519
  -53.07301, -0.0006592844, -0.0005557519
  -53.07301, -0.000699543, -0.0005557519
  -53.07301, -0.0006584872, -0.0005557519
  -53.066555, -0.0006102566, -0.00055556438
  -53.066555, -0.000781256, -0.00055556438
  -53.066555, -0.0007126968, -0.00055556438
  -53.066555, -0.0005935154, -0.00055556438
  -53.066555, -0.000739403, -0.00055556438
  -53.066555, -0.0005943126, -0.00055556438
  -53.066555, -0.0005373128, -0.00055556438
  -53.066555, -0.0005385086, -0.00055556438
  -53.066555, -0.0004201244, -0.00055556438
  -53.066555, -0.0005612288, -0.00055556438
  -53.066555, -0.0005472778, -0.00055556438
  -53.066555, -0.0006301866, -0.00055556438
  -53.066555, -0.0005385086, -0.00055556438
  -53.066555, -0.0003531596, -0.00055556438
  -53.066555, -0.0006688508, -0.00055556438
  -53.066555, -0.0004910752, -0.00055556438
  -53.066555, -0.00075734, -0.00055556438
  -53.0601, -0.000434474, -0.00055537679
  -53.0601, -0.000623809, -0.00055537679
  -53.0601, -0.0004432432, -0.00055537679
  -53.0601, -0.0005528582, -0.00055537679
  -53.0601, -0.0007346198, -0.00055537679
  -53.0601, -0.000494264, -0.00055537679
  -53.0601, -0.000667655, -0.00055537679
  -53.0601, -0.0006265992, -0.00055537679
  -53.0601, -0.0005524596, -0.00055537679
  -53.053645, -0.0006608788, -0.00055518914
  -53.053645, -0.0004627746, -0.00055518914
  -53.053645, -0.0006828018, -0.00055518914
  -53.053645, -0.0006082636, -0.00055518914
  -53.053645, -0.0006026832, -0.00055518914
  -53.053645, -0.0003611316, -0.00055518914
  -53.053645, -0.0004352712, -0.00055518914
  -53.053645, -0.0003978028, -0.00055518914
  -53.053645, -0.000599893, -0.00055518914
  -53.053645, -0.0005389072, -0.00055518914
  -53.053645, -0.000566012, -0.00055518914
  -53.053645, -0.000556047, -0.00055518914
  -53.053645, -0.0006983472, -0.00055518914
  -53.053645, -0.0006086622, -0.00055518914
  -53.053645, -0.0006588858, -0.00055518914
  -53.053645, -0.0007409974, -0.00055518914
  -53.053645, -0.0002822088, -0.00055518914
  -53.053645, -0.00053811, -0.00055518914
  -53.04719, -0.0004013902, -0.00055500142
  -53.04719, -0.0006162356, -0.00055500142
  -53.04719, -0.0006090608, -0.00055500142
  -53.04719, -0.0005735854, -0.00055500142
  -53.04719, -0.0006106552, -0.00055500142
  -53.04719, -0.0006349698, -0.00055500142
  -53.04719, -0.0006246062, -0.00055500142
  -53.04719, -0.0005018374, -0.00055500142
  -53.04719, -0.0005767742, -0.00055500142
  -53.04719, -0.0005217674, -0.00055500142
  -53.04719, -0.0005094108, -0.00055500142
  -53.040735, -0.000550068, -0.00055481363
  -53.040735, -0.0005592358, -0.00055481363
  -53.040735, -0.000681606, -0.00055481363
  -53.040735, -0.0004715438, -0.00055481363
  -53.040735, -0.0005452848, -0.00055481363
  -53.040735, -0.0006505152, -0.00055481363
  -53.040735, -0.0008039762, -0.00055481363
  -53.040735, -0.0006345712, -0.00055481363
  -53.040735, -0.0005803616, -0.00055481363
  -53.040735, -0.0005544526, -0.00055481363
  -53.040735, -0.0005684036, -0.00055481363
  -53.040735, -0.0005911238, -0.00055481363
  -53.03428, -0.0004472292, -0.00055462578
  -53.03428, -0.0006792144, -0.00055462578
  -53.03428, -0.0005317324, -0.00055462578
  -53.03428, -0.000490278, -0.00055462578
  -53.03428, -0.0005066206, -0.00055462578
  -53.03428, -0.0004189286, -0.00055462578
  -53.03428, -0.0007700952, -0.00055462578
  -53.03428, -0.0007182772, -0.00055462578
  -53.03428, -0.000621816, -0.00055462578
  -53.027825, -0.0006580886, -0.00055443785
  -53.027825, -0.0006680536, -0.00055443785
  -53.027825, -0.0006222146, -0.00055443785
  -53.027825, -0.0005604316, -0.00055443785
  -53.027825, -0.0006381586, -0.00055443785
  -53.02137, -0.000554054, -0.00055424986
  -53.014915, -0.0006648648, -0.0005540618
  -53.014915, -0.0006142426, -0.0005540618
  -53.014915, -0.0005688022, -0.0005540618
  -53.014915, -0.0004061734, -0.0005540618
  -53.014915, -0.0005416974, -0.0005540618
  -53.00846, -0.0006545012, -0.00055387368
  -53.00846, -0.0007222632, -0.00055387368
  -53.00846, -0.000506222, -0.00055387368
  -53.00846, -0.0005787672, -0.00055387368
  -53.00846, -0.000719473, -0.00055387368
  -53.002005, -0.0006851934, -0.00055368549
  -53.002005, -0.000693564, -0.00055368549
  -52.99555, -0.0005684036, -0.00055349723
  -52.989095, -0.0006832004, -0.0005533089
  -52.98264, -0.0005763756, -0.0005531205
  -52.98264, -0.000605872, -0.0005531205
  -52.96973, -0.0007011374, -0.00055274351
  -52.96973, -0.0005727882, -0.00055274351
  -52.963275, -0.0005512638, -0.00055255491
  -52.963275, -0.0006269978, -0.00055255491
  -52.95682, -0.0006513124, -0.00055236624
  -52.950365, -0.0004890822, -0.00055217751
  -52.937455, -0.0006608788, -0.00055179984
  -52.931, -0.000474334, -0.0005516109
  -52.931, -0.0007290394, -0.0005516109
  -52.931, -0.0006090608, -0.0005516109
  -52.924545, -0.0007529554, -0.00055142189
  -52.91809, -0.000544089, -0.00055123281
  -52.911635, -0.000534124, -0.00055104367
  -52.911635, -0.000629788, -0.00055104367
  -52.89227, -0.0004986486, -0.00055047583
  -52.885815, -0.0007190744, -0.00055028641
  -52.87936, -0.0005986972, -0.00055009693
  -52.872905, -0.0005688022, -0.00054990737
  -52.872905, -0.0005855434, -0.00054990737
  -52.84063, -0.0004679564, -0.00054895857
  -52.821265, -0.0005189772, -0.00054838845
  -52.81481, -0.0007198716, -0.00054819828
  -52.808355, -0.0005971028, -0.00054800804
  -52.8019, -0.000454404, -0.00054781772
  -52.78899, -0.0006381586, -0.00054743689
  -52.76317, -0.000595907, -0.00054667438
  -52.76317, -0.0004639704, -0.00054667438
  -52.730895, -0.0004675578, -0.00054571969
  -52.72444, -0.0005803616, -0.00054552854
  -52.717985, -0.0005767742, -0.00054533732
  -52.705075, -0.0005428932, -0.00054495467
  -52.68571, -0.0004831032, -0.00054438017
  -52.679255, -0.0005496694, -0.00054418853
  -52.65989, -0.0003412016, -0.00054361319
  -52.653435, -0.0005412988, -0.00054342127
  -52.640525, -0.0005887322, -0.00054303721
  -52.62116, -0.0006162356, -0.0005424606
  -52.60825, -0.0006473264, -0.00054207583
  -52.60825, -0.0005066206, -0.00054207583
  -52.601795, -0.0004619774, -0.00054188335
  -52.59534, -0.0005596344, -0.00054169079
  -52.575975, -0.000699543, -0.00054111268
  -52.56952, -0.0007027318, -0.00054091983
  -52.563065, -0.000727445, -0.00054072692
  -52.55661, -0.0005979, -0.00054053393
  -52.51788, -0.0007489694, -0.0005393745
  -52.498515, -0.0006134454, -0.00053879382
  -52.49206, -0.0005034318, -0.00053860012
  -52.49206, -0.0005636204, -0.00053860012
  -52.49206, -0.0006712424, -0.00053860012
  -52.485605, -0.0006234104, -0.00053840634
  -52.485605, -0.0006780186, -0.00053840634
  -52.485605, -0.0004412502, -0.00053840634
  -52.47915, -0.0005528582, -0.00053821249
  -52.472695, -0.00053811, -0.00053801857
  -52.472695, -0.0005504666, -0.00053801857
  -52.459785, -0.000546082, -0.00053763051
  -52.45333, -0.0006166342, -0.00053743637
  -52.45333, -0.0005903266, -0.00053743637
  -52.446875, -0.0005424946, -0.00053724216
  -52.446875, -0.0006764242, -0.00053724216
  -52.433965, -0.0006820046, -0.00053685352
  -52.433965, -0.0006166342, -0.00053685352
  -52.42751, -0.00037867, -0.00053665909
  -52.421055, -0.0003958098, -0.00053646459
  -52.421055, -0.0005257534, -0.00053646459
  -52.421055, -0.0005508652, -0.00053646459
  -52.408145, -0.0005245576, -0.00053607537
  -52.408145, -0.0005385086, -0.00053607537
  -52.408145, -0.000665662, -0.00053607537
  -52.408145, -0.0002961598, -0.00053607537
  -52.408145, -0.0003954112, -0.00053607537
  -52.40169, -0.000426502, -0.00053588065
  -52.40169, -0.0007107038, -0.00053588065
  -52.40169, -0.0006568928, -0.00053588065
  -52.40169, -0.0006210188, -0.00053588065
  -52.395235, -0.0006513124, -0.00053568586
  -52.395235, -0.0006246062, -0.00053568586
  -52.395235, -0.0005129982, -0.00053568586
  -52.395235, -0.0005058234, -0.00053568586
  -52.38878, -0.0005636204, -0.000535491
  -52.38878, -0.000603879, -0.000535491
  -52.382325, -0.0005038304, -0.00053529606
  -52.382325, -0.0006365642, -0.00053529606
  -52.37587, -0.0005373128, -0.00053510105
  -52.37587, -0.0006859906, -0.00053510105
  -52.37587, -0.0005273478, -0.00053510105
  -52.37587, -0.0005193758, -0.00053510105
  -52.37587, -0.0006289908, -0.00053510105
  -52.37587, -0.0006708438, -0.00053510105
  -52.369415, -0.0006122496, -0.00053490596
  -52.369415, -0.0006907738, -0.00053490596
  -52.369415, -0.0004671592, -0.00053490596
  -52.36296, -0.0006106552, -0.00053471081
  -52.36296, -0.0007043262, -0.00053471081
  -52.36296, -0.0005931168, -0.00053471081
  -52.36296, -0.0004679564, -0.00053471081
  -52.36296, -0.0004970542, -0.00053471081
  -52.36296, -0.0006764242, -0.00053471081
  -52.36296, -0.0006867878, -0.00053471081
  -52.36296, -0.0005337254, -0.00053471081
  -52.36296, -0.0005771728, -0.00053471081
  -52.36296, -0.0006329768, -0.00053471081
  -52.36296, -0.0005412988, -0.00053471081
  -52.36296, -0.0006505152, -0.00053471081
  -52.36296, -0.000562026, -0.00053471081
  -52.36296, -0.0006194244, -0.00053471081
  -52.356505, -0.0005891308, -0.00053451558
  -52.356505, -0.0002443418, -0.00053451558
  -52.356505, -0.0005034318, -0.00053451558
  -52.356505, -0.000731431, -0.00053451558
  -52.356505, -0.000603879, -0.00053451558
  -52.356505, -0.000522166, -0.00053451558
  -52.35005, -0.0004599844, -0.00053432027
  -52.35005, -0.0005293408, -0.00053432027
  -52.35005, -0.000689578, -0.00053432027
  -52.35005, -0.0005014388, -0.00053432027
  -52.35005, -0.0005664106, -0.00053432027
  -52.35005, -0.0006353684, -0.00053432027
  -52.35005, -0.0006242076, -0.00053432027
  -52.35005, -0.0005456834, -0.00053432027
  -52.35005, -0.0003360198, -0.00053432027
  -52.343595, -0.0003858448, -0.00053412489
  -52.343595, -0.0004771242, -0.00053412489
  -52.343595, -0.0005656134, -0.00053412489
  -52.343595, -0.0006425432, -0.00053412489
  -52.343595, -0.000488285, -0.00053412489
  -52.343595, -0.0005552498, -0.00053412489
  -52.343595, -0.000560033, -0.00053412489
  -52.343595, -0.0006481236, -0.00053412489
  -52.33714, -0.0006740326, -0.00053392944
  -52.33714, -0.0006513124, -0.00053392944
  -52.33714, -0.0006102566, -0.00053392944
  -52.33714, -0.0007306338, -0.00053392944
  -52.33714, -0.0005975014, -0.00053392944
  -52.33714, -0.0004340754, -0.00053392944
  -52.33714, -0.0005815574, -0.00053392944
  -52.33714, -0.0005293408, -0.00053392944
  -52.33714, -0.0005464806, -0.00053392944
  -52.33714, -0.0005436904, -0.00053392944
  -52.330685, -0.0005169842, -0.00053373392
  -52.330685, -0.0006170328, -0.00053373392
  -52.330685, -0.0005229632, -0.00053373392
  -52.330685, -0.0005544526, -0.00053373392
  -52.330685, -0.000512201, -0.00053373392
  -52.330685, -0.0004639704, -0.00053373392
  -52.330685, -0.0006242076, -0.00053373392
  -52.330685, -0.0005656134, -0.00053373392
  -52.32423, -0.0006704452, -0.00053353832
  -52.32423, -0.00037867, -0.00053353832
  -52.32423, -0.0005205716, -0.00053353832
  -52.32423, -0.0005584386, -0.00053353832
  -52.32423, -0.00069755, -0.00053353832
  -52.32423, -0.0003077192, -0.00053353832
  -52.32423, -0.000607865, -0.00053353832
  -52.317775, -0.0005193758, -0.00053334265
  -52.317775, -0.0006660606, -0.00053334265
  -52.317775, -0.0006712424, -0.00053334265
  -52.317775, -0.0005145926, -0.00053334265
  -52.317775, -0.0005815574, -0.00053334265
  -52.317775, -0.0005755784, -0.00053334265
  -52.317775, -0.0006839976, -0.00053334265
  -52.317775, -0.000542096, -0.00053334265
  -52.317775, -0.000667655, -0.00053334265
  -52.31132, -0.0004715438, -0.0005331469
  -52.31132, -0.0006433404, -0.0005331469
  -52.31132, -0.000589928, -0.0005331469
  -52.31132, -0.0006824032, -0.0005331469
  -52.31132, -0.0004368656, -0.0005331469
  -52.31132, -0.0004432432, -0.0005331469
  -52.31132, -0.0006788158, -0.0005331469
  -52.31132, -0.0005173828, -0.0005331469
  -52.304865, -0.0004121524, -0.00053295109
  -52.304865, -0.0005592358, -0.00053295109
  -52.304865, -0.0004428446, -0.00053295109
  -52.304865, -0.0005488722, -0.00053295109
  -52.304865, -0.0005472778, -0.00053295109
  -52.29841, -0.0006728368, -0.00053275519
  -52.29841, -0.0003635232, -0.00053275519
  -52.291955, -0.0004197258, -0.00053255923
  -52.291955, -0.0007202702, -0.00053255923
  -52.279045, -0.0003416002, -0.00053216707
  -52.279045, -0.0005692008, -0.00053216707
  -52.279045, -0.0004966556, -0.00053216707
  -52.240315, -0.0006867878, -0.00053098883
  -52.201585, -0.0006014874, -0.00052980791
  -52.201585, -0.000510208, -0.00052980791
  -52.201585, -0.0005891308, -0.00052980791
  -52.16931, -0.0004639704, -0.00052882175
  -52.1564, -0.0004839004, -0.00052842677
  -52.137035, -0.0006624732, -0.00052783372
  -52.124125, -0.0004771242, -0.00052743798
  -52.09185, -0.0005584386, -0.00052644731
  -52.085395, -0.000414544, -0.00052624895
  -52.06603, -0.0006640676, -0.00052565341
  -52.020845, -0.0005791658, -0.00052426115
  -52.00148, -0.0005955084, -0.00052366333
  -52.00148, -0.0005536554, -0.00052366333
  -51.982115, -0.0005684036, -0.00052306481
  -51.956295, -0.0005424946, -0.00052226571
  -51.93693, -0.0005787672, -0.00052166558
  -51.93693, -0.0006441376, -0.00052166558
  -51.917565, -0.000450418, -0.00052106475
  -51.8982, -0.0005333268, -0.00052046323
  -51.88529, -0.0006110538, -0.00052006182
  -51.87238, -0.000510208, -0.00051966011
  -51.84656, -0.0004755298, -0.00051885574
  -51.801375, -0.0004133482, -0.00051744509
  -51.78201, -0.0003854462, -0.00051683935
  -51.775555, -0.000530138, -0.00051663728
  -51.7691, -0.0003404044, -0.00051643513
  -51.762645, -0.0003603344, -0.0005162329
  -51.749735, -0.000476327, -0.0005158282
  -51.711005, -0.0005369142, -0.00051461221
  -51.711005, -0.0004938654, -0.00051461221
  -51.67873, -0.0003986, -0.00051359671
  -51.672275, -0.0005038304, -0.00051339337
  -51.66582, -0.0004113552, -0.00051318994
  -51.66582, -0.000470348, -0.00051318994
  -51.64, -0.000601886, -0.00051237546
  -51.58836, -0.0004807116, -0.00051074265
  -51.58836, -0.0005189772, -0.00051074265
  -51.568995, -0.0006680536, -0.00051012901
  -51.568995, -0.0005895294, -0.00051012901
  -51.568995, -0.000573984, -0.00051012901
  -51.543175, -0.0005305366, -0.0005093097
  -51.530265, -0.0006445362, -0.00050889956
  -51.491535, -0.0005807602, -0.00050766717
  -51.478625, -0.0006608788, -0.00050725573
  -51.465715, -0.0006022846, -0.00050684395
  -51.45926, -0.000492271, -0.00050663794
  -51.44635, -0.0005628232, -0.00050622568
  -51.44635, -0.0005767742, -0.00050622568
  -51.439895, -0.0005014388, -0.00050601942
  -51.439895, -0.0004272992, -0.00050601942
  -51.40762, -0.0005684036, -0.00050498691
  -51.401165, -0.0005604316, -0.00050478016
  -51.401165, -0.0005313338, -0.00050478016
  -51.39471, -0.0006473264, -0.00050457332
  -51.3818, -0.000571991, -0.00050415941
  -51.3818, -0.00021923, -0.00050415941
  -51.3818, -0.0003033346, -0.00050415941
  -51.375345, -0.0005684036, -0.00050395233
  -51.36889, -0.0002826074, -0.00050374517
  -51.36889, -0.000550068, -0.00050374517
  -51.362435, -0.0006473264, -0.00050353792
  -51.34307, -0.0004990472, -0.00050291568
  -51.336615, -0.0006441376, -0.0005027081
  -51.336615, -0.0004787186, -0.0005027081
  -51.336615, -0.000681606, -0.0005027081
  -51.33016, -0.0004918724, -0.00050250044
  -51.31725, -0.0005070192, -0.00050208487
  -51.310795, -0.0004775228, -0.00050187695
  -51.30434, -0.0004715438, -0.00050166896
  -51.30434, -0.0004631732, -0.00050166896
  -51.297885, -0.000685592, -0.00050146088
  -51.297885, -0.000490278, -0.00050146088
  -51.297885, -0.0005165856, -0.00050146088
  -51.297885, -0.0004835018, -0.00050146088
  -51.297885, -0.0004552012, -0.00050146088
  -51.297885, -0.0005345226, -0.00050146088
  -51.29143, -0.0006273964, -0.00050125272
  -51.284975, -0.0005153898, -0.00050104447
  -51.284975, -0.0005412988, -0.00050104447
  -51.27852, -0.000550068, -0.00050083614
  -51.27852, -0.0004735368, -0.00050083614
  -51.27852, -0.0005632218, -0.00050083614
  -51.27852, -0.000540103, -0.00050083614
  -51.272065, -0.000283006, -0.00050062772
  -51.272065, -0.0005823546, -0.00050062772
  -51.272065, -0.0003284464, -0.00050062772
  -51.272065, -0.0004894808, -0.00050062772
  -51.26561, -0.0003635232, -0.00050041923
  -51.26561, -0.0004073692, -0.00050041923
  -51.26561, -0.000392621, -0.00050041923
  -51.26561, -0.0004727396, -0.00050041923
  -51.26561, -0.0006254034, -0.00050041923
  -51.26561, -0.0004687536, -0.00050041923
  -51.26561, -0.0006030818, -0.00050041923
  -51.26561, -0.0005038304, -0.00050041923
  -51.26561, -0.000554054, -0.00050041923
  -51.259155, -0.00031888, -0.00050021064
  -51.259155, -0.0005572428, -0.00050021064
  -51.259155, -0.0003475792, -0.00050021064
  -51.259155, -0.0005034318, -0.00050021064
  -51.259155, -0.0004567956, -0.00050021064
  -51.259155, -0.0001442932, -0.00050021064
  -51.2527, -0.0004755298, -0.00050000198
  -51.2527, -0.0005787672, -0.00050000198
  -51.2527, -0.0005424946, -0.00050000198
  -51.2527, -0.0005357184, -0.00050000198
  -51.2527, -0.00045839, -0.00050000198
  -51.2527, -0.0005010402, -0.00050000198
  -51.2527, -0.0005317324, -0.00050000198
  -51.2527, -0.000585942, -0.00050000198
  -51.2527, -0.0006552984, -0.00050000198
  -51.2527, -0.000629788, -0.00050000198
  -51.2527, -0.0005612288, -0.00050000198
  -51.2527, -0.0005731868, -0.00050000198
  -51.2527, -0.0006632704, -0.00050000198
  -51.2527, -0.0004416488, -0.00050000198
  -51.2527, -0.0005153898, -0.00050000198
  -51.246245, -0.0005098094, -0.00049979323
  -51.246245, -0.00057797, -0.00049979323
  -51.246245, -0.000540103, -0.00049979323
  -51.246245, -0.0004715438, -0.00049979323
  -51.246245, -0.0005058234, -0.00049979323
  -51.246245, -0.0005982986, -0.00049979323
  -51.246245, -0.0006281936, -0.00049979323
  -51.23979, -0.000436467, -0.00049958439
  -51.23979, -0.0005145926, -0.00049958439
  -51.23979, -0.0005289422, -0.00049958439
  -51.23979, -0.0004978514, -0.00049958439
  -51.23979, -0.0006250048, -0.00049958439
  -51.23979, -0.0006381586, -0.00049958439
  -51.233335, -0.0005791658, -0.00049937547
  -51.233335, -0.0003902294, -0.00049937547
  -51.233335, -0.0005074178, -0.00049937547
  -51.233335, -0.0005337254, -0.00049937547
  -51.233335, -0.0005373128, -0.00049937547
  -51.233335, -0.000571991, -0.00049937547
  -51.233335, -0.0003790686, -0.00049937547
  -51.233335, -0.000502236, -0.00049937547
  -51.233335, -0.0004874878, -0.00049937547
  -51.233335, -0.000472341, -0.00049937547
  -51.233335, -0.0006389558, -0.00049937547
  -51.233335, -0.000508215, -0.00049937547
  -51.233335, -0.0003651176, -0.00049937547
  -51.233335, -0.0006501166, -0.00049937547
  -51.233335, -0.0005010402, -0.00049937547
  -51.233335, -0.000703529, -0.00049937547
  -51.233335, -0.000460383, -0.00049937547
  -51.22688, -0.0004488236, -0.00049916647
  -51.22688, -0.000635767, -0.00049916647
  -51.22688, -0.0004201244, -0.00049916647
  -51.22688, -0.000643739, -0.00049916647
  -51.22688, -0.000554054, -0.00049916647
  -51.22688, -0.0006325782, -0.00049916647
  -51.22688, -0.00051818, -0.00049916647
  -51.22688, -0.0007039276, -0.00049916647
  -51.22688, -0.000589928, -0.00049916647
  -51.220425, -0.0005863406, -0.00049895738
  -51.220425, -0.0006230118, -0.00049895738
  -51.220425, -0.0005963056, -0.00049895738
  -51.220425, -0.0006182286, -0.00049895738
  -51.220425, -0.0004639704, -0.00049895738
  -51.220425, -0.0007023332, -0.00049895738
  -51.220425, -0.0005265506, -0.00049895738
  -51.220425, -0.0006034804, -0.00049895738
  -51.220425, -0.000665662, -0.00049895738
  -51.220425, -0.0005237604, -0.00049895738
  -51.21397, -0.0006293894, -0.00049874821
  -51.21397, -0.0004647676, -0.00049874821
  -51.21397, -0.0006070678, -0.00049874821
  -51.21397, -0.000587935, -0.00049874821
  -51.21397, -0.000607865, -0.00049874821
  -51.21397, -0.0006548998, -0.00049874821
  -51.21397, -0.000691571, -0.00049874821
  -51.21397, -0.0004671592, -0.00049874821
  -51.21397, -0.0004396558, -0.00049874821
  -51.21397, -0.000799193, -0.00049874821
  -51.21397, -0.0004835018, -0.00049874821
  -51.21397, -0.000476327, -0.00049874821
  -51.21397, -0.00045839, -0.00049874821
  -51.207515, -0.0004639704, -0.00049853895
  -51.207515, -0.0005771728, -0.00049853895
  -51.207515, -0.0005086136, -0.00049853895
  -51.207515, -0.0006002916, -0.00049853895
  -51.207515, -0.0004540054, -0.00049853895
  -51.207515, -0.0006066692, -0.00049853895
  -51.207515, -0.0004081664, -0.00049853895
  -51.207515, -0.000532131, -0.00049853895
  -51.207515, -0.0006911724, -0.00049853895
  -51.207515, -0.0005209702, -0.00049853895
  -51.207515, -0.0005771728, -0.00049853895
  -51.207515, -0.0005050262, -0.00049853895
  -51.207515, -0.0005149912, -0.00049853895
  -51.20106, -0.0004719424, -0.00049832961
  -51.20106, -0.0005644176, -0.00049832961
  -51.20106, -0.0003850476, -0.00049832961
  -51.20106, -0.0003758798, -0.00049832961
  -51.20106, -0.0005329282, -0.00049832961
  -51.20106, -0.0004846976, -0.00049832961
  -51.20106, -0.0003419988, -0.00049832961
  -51.20106, -0.0005273478, -0.00049832961
  -51.20106, -0.0006305852, -0.00049832961
  -51.20106, -0.000530138, -0.00049832961
  -51.20106, -0.000546082, -0.00049832961
  -51.20106, -0.000292971, -0.00049832961
  -51.20106, -0.0006752284, -0.00049832961
  -51.20106, -0.0006070678, -0.00049832961
  -51.20106, -0.000442446, -0.00049832961
  -51.20106, -0.0005006416, -0.00049832961
  -51.20106, -0.0004707466, -0.00049832961
  -51.194605, -0.0005309352, -0.00049812019
  -51.194605, -0.0006234104, -0.00049812019
  -51.194605, -0.0005209702, -0.00049812019
  -51.194605, -0.0005943126, -0.00049812019
  -51.194605, -0.000651711, -0.00049812019
  -51.194605, -0.0006122496, -0.00049812019
  -51.194605, -0.0005185786, -0.00049812019
  -51.194605, -0.0005289422, -0.00049812019
  -51.194605, -0.0006473264, -0.00049812019
  -51.194605, -0.0004958584, -0.00049812019
  -51.194605, -0.0005867392, -0.00049812019
  -51.194605, -0.0005369142, -0.00049812019
  -51.194605, -0.0006333754, -0.00049812019
  -51.194605, -0.000530138, -0.00049812019
  -51.194605, -0.0005173828, -0.00049812019
  -51.194605, -0.0006182286, -0.00049812019
  -51.194605, -0.0004213202, -0.00049812019
  -51.18815, -0.000681606, -0.00049791068
  -51.18815, -0.0005345226, -0.00049791068
  -51.18815, -0.0006066692, -0.00049791068
  -51.18815, -0.0006325782, -0.00049791068
  -51.18815, -0.0003918238, -0.00049791068
  -51.18815, -0.0005436904, -0.00049791068
  -51.18815, -0.0005664106, -0.00049791068
  -51.18815, -0.000583949, -0.00049791068
  -51.18815, -0.0006070678, -0.00049791068
  -51.18815, -0.0005883336, -0.00049791068
  -51.18815, -0.0004659634, -0.00049791068
  -51.18815, -0.000573984, -0.00049791068
  -51.181695, -0.0007166828, -0.00049770108
  -51.181695, -0.00061783, -0.00049770108
  -51.181695, -0.0007107038, -0.00049770108
  -51.181695, -0.0006114524, -0.00049770108
  -51.181695, -0.0004368656, -0.00049770108
  -51.181695, -0.00051818, -0.00049770108
  -51.181695, -0.0005911238, -0.00049770108
  -51.181695, -0.0006086622, -0.00049770108
  -51.181695, -0.0005313338, -0.00049770108
  -51.181695, -0.0005907252, -0.00049770108
  -51.181695, -0.000665662, -0.00049770108
  -51.181695, -0.0006170328, -0.00049770108
  -51.181695, -0.0007585358, -0.00049770108
  -51.17524, -0.0004049776, -0.0004974914
  -51.17524, -0.0007166828, -0.0004974914
  -51.17524, -0.0004827046, -0.0004974914
  -51.17524, -0.0004472292, -0.0004974914
  -51.17524, -0.0005074178, -0.0004974914
  -51.17524, -0.0004575928, -0.0004974914
  -51.17524, -0.000560033, -0.0004974914
  -51.168785, -0.0004930682, -0.00049728164
  -51.168785, -0.0005193758, -0.00049728164
  -51.168785, -0.0006879836, -0.00049728164
  -51.168785, -0.000591921, -0.00049728164
  -51.168785, -0.0006030818, -0.00049728164
  -51.168785, -0.0005177814, -0.00049728164
  -51.168785, -0.0007366128, -0.00049728164
  -51.168785, -0.0005006416, -0.00049728164
  -51.16233, -0.000426502, -0.00049707179
  -51.16233, -0.0005345226, -0.00049707179
  -51.16233, -0.0006309838, -0.00049707179
  -51.16233, -0.0004356698, -0.00049707179
  -51.16233, -0.0005711938, -0.00049707179
  -51.16233, -0.0005986972, -0.00049707179
  -51.16233, -0.0004089636, -0.00049707179
  -51.155875, -0.0006186272, -0.00049686185
  -51.155875, -0.0005289422, -0.00049686185
  -51.155875, -0.0004910752, -0.00049686185
  -51.155875, -0.0005054248, -0.00049686185
  -51.155875, -0.000342796, -0.00049686185
  -51.155875, -0.0004217188, -0.00049686185
  -51.14942, -0.0003224674, -0.00049665183
  -51.14942, -0.0005823546, -0.00049665183
  -51.14942, -0.0006704452, -0.00049665183
  -51.14942, -0.000416537, -0.00049665183
  -51.142965, -0.0005955084, -0.00049644172
  -51.13651, -0.0003762784, -0.00049623153
  -51.130055, -0.0005157884, -0.00049602126
  -51.1236, -0.0004747326, -0.0004958109
  -51.11069, -0.000526152, -0.00049538992
  -51.11069, -0.0005963056, -0.00049538992
  -51.104235, -0.0005424946, -0.0004951793
  -51.104235, -0.0005333268, -0.0004951793
  -51.104235, -0.0006485222, -0.0004951793
  -51.09778, -0.0005935154, -0.00049496859
  -51.09778, -0.0004436418, -0.00049496859
  -51.078415, -0.0005843476, -0.00049433597
  -51.05905, -0.00061783, -0.00049370257
  -51.04614, -0.0004986486, -0.00049327987
  -51.04614, -0.0002076706, -0.00049327987
  -51.039685, -0.0005668092, -0.00049306839
  -51.039685, -0.0003722924, -0.00049306839
  -51.02032, -0.0007469764, -0.00049243344
  -51.02032, -0.0003702994, -0.00049243344
  -51.02032, -0.0004615788, -0.00049243344
  -50.988045, -0.0004966556, -0.00049137346
  -50.98159, -0.0007760742, -0.0004911612
  -50.975135, -0.0004946626, -0.00049094885
  -50.962225, -0.0005628232, -0.0004905239
  -50.95577, -0.000609858, -0.0004903113
  -50.95577, -0.0005927182, -0.0004903113
  -50.936405, -0.0006393544, -0.00048967295
  -50.936405, -0.0004101594, -0.00048967295
  -50.92995, -0.0005193758, -0.00048946
  -50.910585, -0.0004336768, -0.00048882061
  -50.90413, -0.0003212716, -0.0004886073
  -50.884765, -0.0003854462, -0.00048796686
  -50.884765, -0.0005373128, -0.00048796686
  -50.8654, -0.0005070192, -0.00048732562
  -50.858945, -0.0004619774, -0.0004871117
  -50.846035, -0.0006150398, -0.00048668359
  -50.83958, -0.0005552498, -0.0004864694
  -50.82667, -0.0005129982, -0.00048604076
  -50.807305, -0.0005703966, -0.00048539714
  -50.80085, -0.0004587886, -0.00048518242
  -50.77503, -0.0005652148, -0.00048432265
  -50.76212, -0.0005843476, -0.00048389223
  -50.755665, -0.0004751312, -0.00048367689
  -50.74921, -0.0003623274, -0.00048346145
  -50.742755, -0.0005337254, -0.00048324593
  -50.7363, -0.0004173342, -0.00048303032
  -50.729845, -0.0003519638, -0.00048281462
  -50.72339, -0.0002842018, -0.00048259883
  -50.72339, -0.000456397, -0.00048259883
  -50.72339, -0.000516187, -0.00048259883
  -50.716935, -0.0003184814, -0.00048238295
  -50.71048, -0.0004886836, -0.00048216697
  -50.704025, -0.00045839, -0.00048195091
  -50.704025, -0.0005129982, -0.00048195091
  -50.704025, -0.000430488, -0.00048195091
  -50.704025, -0.0004121524, -0.00048195091
  -50.67175, -0.0005034318, -0.00048086926
  -50.67175, -0.0004858934, -0.00048086926
  -50.67175, -0.0006281936, -0.00048086926
  -50.665295, -0.0006070678, -0.00048065266
  -50.665295, -0.000392621, -0.00048065266
  -50.652385, -0.0003065234, -0.00048021918
  -50.652385, -0.0003675092, -0.00048021918
  -50.64593, -0.0004631732, -0.00048000231
  -50.64593, -0.0003958098, -0.00048000231
  -50.64593, -0.000360733, -0.00048000231
  -50.639475, -0.000550068, -0.00047978534
  -50.63302, -0.0006210188, -0.00047956829
  -50.613655, -0.000502236, -0.00047891658
  -50.6072, -0.0004516138, -0.00047869916
  -50.59429, -0.0005707952, -0.00047826405
  -50.587835, -0.0006122496, -0.00047804636
  -50.587835, -0.0004918724, -0.00047804636
  -50.58138, -0.0005751798, -0.00047782858
  -50.574925, -0.0004930682, -0.0004776107
  -50.574925, -0.0005986972, -0.0004776107
  -50.562015, -0.0005253548, -0.00047717468
  -50.562015, -0.0003543554, -0.00047717468
  -50.55556, -0.0003986, -0.00047695653
  -50.55556, -0.0005369142, -0.00047695653
  -50.55556, -0.00051818, -0.00047695653
  -50.55556, -0.0003404044, -0.00047695653
  -50.55556, -0.0005628232, -0.00047695653
  -50.549105, -0.0005943126, -0.00047673829
  -50.549105, -0.0005504666, -0.00047673829
  -50.549105, -0.0005026346, -0.00047673829
  -50.549105, -0.0005835504, -0.00047673829
  -50.549105, -0.0005472778, -0.00047673829
  -50.54265, -0.0005054248, -0.00047651996
  -50.54265, -0.000546082, -0.00047651996
  -50.54265, -0.0005118024, -0.00047651996
  -50.54265, -0.0004679564, -0.00047651996
  -50.54265, -0.0005967042, -0.00047651996
  -50.54265, -0.0005046276, -0.00047651996
  -50.536195, -0.0005484736, -0.00047630154
  -50.536195, -0.000488285, -0.00047630154
  -50.536195, -0.0005269492, -0.00047630154
  -50.52974, -0.0005656134, -0.00047608302
  -50.52974, -0.0004966556, -0.00047608302
  -50.52974, -0.00033881, -0.00047608302
  -50.52974, -0.0003942154, -0.00047608302
  -50.52974, -0.0001921252, -0.00047608302
  -50.52974, -0.0006114524, -0.00047608302
  -50.523285, -0.000454404, -0.00047586441
  -50.523285, -0.0005695994, -0.00047586441
  -50.523285, -0.0005229632, -0.00047586441
  -50.523285, -0.0005488722, -0.00047586441
  -50.523285, -0.0005313338, -0.00047586441
  -50.523285, -0.0005767742, -0.00047586441
  -50.523285, -0.0003722924, -0.00047586441
  -50.523285, -0.0006485222, -0.00047586441
  -50.523285, -0.000304929, -0.00047586441
  -50.523285, -0.0005157884, -0.00047586441
  -50.51683, -0.000534124, -0.00047564571
  -50.51683, -0.0003192786, -0.00047564571
  -50.51683, -0.000568005, -0.00047564571
  -50.51683, -0.0006903752, -0.00047564571
  -50.51683, -0.0003531596, -0.00047564571
  -50.51683, -0.0005165856, -0.00047564571
  -50.51683, -0.0005405016, -0.00047564571
  -50.51683, -0.000430488, -0.00047564571
  -50.51683, -0.0004073692, -0.00047564571
  -50.51683, -0.0003930196, -0.00047564571
  -50.51683, -0.00043846, -0.00047564571
  -50.51683, -0.0005891308, -0.00047564571
  -50.51683, -0.000526152, -0.00047564571
  -50.510375, -0.0003997958, -0.00047542692
  -50.510375, -0.0003360198, -0.00047542692
  -50.510375, -0.0003320338, -0.00047542692
  -50.510375, -0.000516187, -0.00047542692
  -50.510375, -0.0003802644, -0.00047542692
  -50.510375, -0.0005066206, -0.00047542692
  -50.510375, -0.0006106552, -0.00047542692
  -50.510375, -0.0004599844, -0.00047542692
  -50.50392, -0.0003842504, -0.00047520804
  -50.50392, -0.0003730896, -0.00047520804
  -50.50392, -0.0003790686, -0.00047520804
  -50.50392, -0.0005815574, -0.00047520804
  -50.50392, -0.0004348726, -0.00047520804
  -50.50392, -0.0004209216, -0.00047520804
  -50.50392, -0.000496257, -0.00047520804
  -50.497465, -0.000526152, -0.00047498906
  -50.497465, -0.000532131, -0.00047498906
  -50.497465, -0.000691571, -0.00047498906
  -50.497465, -0.0004328796, -0.00047498906
  -50.497465, -0.0004755298, -0.00047498906
  -50.497465, -0.0004715438, -0.00047498906
  -50.497465, -0.0004009916, -0.00047498906
  -50.497465, -0.0006373614, -0.00047498906
  -50.497465, -0.0003699008, -0.00047498906
  -50.497465, -0.0002802158, -0.00047498906
  -50.49101, -0.0004512152, -0.00047476999
  -50.49101, -0.0004213202, -0.00047476999
  -50.49101, -0.0005656134, -0.00047476999
  -50.49101, -0.0005233618, -0.00047476999
  -50.49101, -0.0002981528, -0.00047476999
  -50.49101, -0.0005564456, -0.00047476999
  -50.49101, -0.0003535582, -0.00047476999
  -50.49101, -0.000603879, -0.00047476999
  -50.49101, -0.0005432918, -0.00047476999
  -50.49101, -0.0006234104, -0.00047476999
  -50.49101, -0.00035874, -0.00047476999
  -50.484555, -0.0004850962, -0.00047455083
  -50.484555, -0.0006489208, -0.00047455083
  -50.484555, -0.0005871378, -0.00047455083
  -50.484555, -0.0004839004, -0.00047455083
  -50.484555, -0.0004081664, -0.00047455083
  -50.484555, -0.0004870892, -0.00047455083
  -50.4781, -0.0004229146, -0.00047433158
  -50.4781, -0.0005393058, -0.00047433158
  -50.471645, -0.000530138, -0.00047411223
  -50.471645, -0.0005656134, -0.00047411223
  -50.471645, -0.0006568928, -0.00047411223
  -50.471645, -0.0004627746, -0.00047411223
  -50.46519, -0.0005416974, -0.00047389279
  -50.458735, -0.0004647676, -0.00047367326
  -50.458735, -0.0005695994, -0.00047367326
  -50.445825, -0.0003272506, -0.00047323392
  -50.43937, -0.0005971028, -0.00047301411
  -50.420005, -0.0006828018, -0.00047235412
  -50.407095, -0.0004416488, -0.00047191367
  -50.407095, -0.0005727882, -0.00047191367
  -50.40064, -0.000416537, -0.0004716933
  -50.38773, -0.0004575928, -0.00047125228
  -50.368365, -0.0004567956, -0.00047059005
  -50.36191, -0.0006234104, -0.00047036912
  -50.329635, -0.0002598872, -0.00046926306
  -50.316725, -0.0004894808, -0.00046881998
  -50.303815, -0.000442446, -0.00046837652
  -50.29736, -0.0004261034, -0.00046815465
  -50.29736, -0.0004548026, -0.00046815465
  -50.27154, -0.0003922224, -0.00046726622
  -50.265085, -0.000474334, -0.00046704387
  -50.252175, -0.0005333268, -0.00046659889
  -50.213445, -0.0003499708, -0.00046526168
  -50.19408, -0.0004870892, -0.00046459179
  -50.174715, -0.0003531596, -0.00046392103
  -50.16826, -0.000362726, -0.00046369725
  -50.15535, -0.0001399086, -0.00046324941
  -50.148895, -0.000388635, -0.00046302534
  -50.14244, -0.000306922, -0.00046280118
  -50.12953, -0.0003978028, -0.00046235257
  -50.110165, -0.0004587886, -0.00046167892
  -50.0908, -0.00041853, -0.0004610044
  -50.084345, -0.0002826074, -0.00046077937
  -50.071435, -0.0005046276, -0.00046032902
  -50.058525, -0.0006847948, -0.00045987827
  -50.02625, -0.0004579914, -0.0004587497
  -50.019795, -0.0004420474, -0.00045852369
  -50.00043, -0.0005432918, -0.00045784509
  -49.981065, -0.000440453, -0.0004571656
  -49.968155, -0.0005596344, -0.00045671211
  -49.94879, -0.0003842504, -0.00045603115
  -49.93588, -0.0006102566, -0.00045557668
  -49.89715, -0.0005476764, -0.00045421089
  -49.89715, -0.0005416974, -0.00045421089
  -49.890695, -0.0005397044, -0.00045398291
  -49.85842, -0.0003710966, -0.00045284153
  -49.85842, -0.0004412502, -0.00045284153
  -49.839055, -0.0004799144, -0.0004521555
  -49.826145, -0.0004986486, -0.00045169765
  -49.81969, -0.0006285922, -0.00045146858
  -49.81969, -0.0005165856, -0.00045146858
  -49.79387, -0.0004017888, -0.00045055127
  -49.78096, -0.0005397044, -0.00045009202
  -49.76805, -0.0006114524, -0.00044963236
  -49.74223, -0.0005783686, -0.00044871183
  -49.735775, -0.0007685008, -0.00044848145
  -49.71641, -0.0007565428, -0.00044778969
  -49.697045, -0.0006820046, -0.00044709701
  -49.684135, -0.0005727882, -0.00044663472
  -49.66477, -0.000575977, -0.00044594052
  -49.645405, -0.000522166, -0.0004452454
  -49.63895, -0.000536117, -0.00044501349
  -49.62604, -0.0006130468, -0.00044454936
  -49.61313, -0.0004041804, -0.00044408481
  -49.606675, -0.0003260548, -0.00044385239
  -49.606675, -0.0003033346, -0.00044385239
  -49.593765, -0.0004890822, -0.00044338723
  -49.58731, -0.0004392572, -0.0004431545
  -49.58731, -0.0006963542, -0.0004431545
  -49.58731, -0.0004412502, -0.0004431545
  -49.555035, -0.0005903266, -0.00044198928
  -49.529215, -0.000516187, -0.00044105525
  -49.516305, -0.000643739, -0.00044058761
  -49.516305, -0.00049825, -0.00044058761
  -49.503395, -0.0001690064, -0.00044011955
  -49.49694, -0.0003352226, -0.00043988537
  -49.49694, -0.0005265506, -0.00043988537
  -49.490485, -0.0003196772, -0.00043965108
  -49.490485, -0.0005353198, -0.00043965108
  -49.490485, -0.0004815088, -0.00043965108
  -49.490485, -0.0005114038, -0.00043965108
  -49.48403, -0.0005185786, -0.00043941669
  -49.48403, -0.0003495722, -0.00043941669
  -49.48403, -0.0006764242, -0.00043941669
  -49.477575, -0.0006082636, -0.00043918219
  -49.477575, -3.3881e-05, -0.00043918219
  -49.47112, -0.000542096, -0.00043894759
  -49.47112, -0.0004619774, -0.00043894759
  -49.464665, -0.0003643204, -0.00043871289
  -49.464665, -0.000581956, -0.00043871289
  -49.45821, -0.0006732354, -0.00043847807
  -49.45821, -0.00047832, -0.00043847807
  -49.451755, -0.0006832004, -0.00043824316
  -49.451755, -0.0005676064, -0.00043824316
  -49.451755, -0.0003695022, -0.00043824316
  -49.4453, -0.0004536068, -0.00043800814
  -49.4453, -0.0003001458, -0.00043800814
  -49.4453, -0.0004480264, -0.00043800814
  -49.4453, -0.0004595858, -0.00043800814
  -49.4453, -0.0001721952, -0.00043800814
  -49.4453, -0.000370698, -0.00043800814
  -49.4453, -0.0004631732, -0.00043800814
  -49.4453, -0.0002921738, -0.00043800814
  -49.4453, -0.0005644176, -0.00043800814
  -49.438845, -0.000468355, -0.00043777302
  -49.438845, -0.0003982014, -0.00043777302
  -49.438845, -0.0003993972, -0.00043777302
  -49.438845, -0.0003898308, -0.00043777302
  -49.43239, -0.0003204744, -0.00043753779
  -49.43239, -0.0004599844, -0.00043753779
  -49.43239, -0.0006126482, -0.00043753779
  -49.43239, -0.0005624246, -0.00043753779
  -49.43239, -0.0005137954, -0.00043753779
  -49.425935, -0.0002806144, -0.00043730245
  -49.425935, -0.0004388586, -0.00043730245
  -49.425935, -0.0005572428, -0.00043730245
  -49.425935, -0.0005325296, -0.00043730245
  -49.41948, -0.0005066206, -0.00043706701
  -49.41948, -0.0003834532, -0.00043706701
  -49.41948, -0.0004269006, -0.00043706701
  -49.41948, -6.29788e-05, -0.00043706701
  -49.41948, -0.0005233618, -0.00043706701
  -49.41948, -0.0004508166, -0.00043706701
  -49.41948, -0.0005353198, -0.00043706701
  -49.413025, -0.0005353198, -0.00043683147
  -49.413025, -0.0004850962, -0.00043683147
  -49.413025, -0.0003663134, -0.00043683147
  -49.413025, -0.0004292922, -0.00043683147
  -49.413025, -0.0002822088, -0.00043683147
  -49.413025, -0.000601886, -0.00043683147
  -49.413025, -0.000502236, -0.00043683147
  -49.40657, -0.0005524596, -0.00043659582
  -49.40657, -0.0005472778, -0.00043659582
  -49.40657, -0.0005428932, -0.00043659582
  -49.40657, -0.0006174314, -0.00043659582
  -49.40657, -0.0004356698, -0.00043659582
  -49.40657, -0.000420523, -0.00043659582
  -49.40657, -0.0003384114, -0.00043659582
  -49.40657, -0.0004950612, -0.00043659582
  -49.40657, -0.0005628232, -0.00043659582
  -49.400115, -0.0004548026, -0.00043636006
  -49.400115, -0.000416537, -0.00043636006
  -49.400115, -0.0006262006, -0.00043636006
  -49.400115, -0.0005484736, -0.00043636006
  -49.400115, -0.000348775, -0.00043636006
  -49.39366, -0.0004093622, -0.0004361242
  -49.39366, -0.0006668578, -0.0004361242
  -49.39366, -0.0003738868, -0.0004361242
  -49.39366, -0.000380663, -0.0004361242
  -49.39366, -0.0003982014, -0.0004361242
  -49.39366, -0.000655697, -0.0004361242
  -49.39366, -0.0006170328, -0.0004361242
  -49.39366, -0.000195314, -0.0004361242
  -49.39366, -0.0005133968, -0.0004361242
  -49.387205, -0.000508215, -0.00043588823
  -49.387205, -0.0003563484, -0.00043588823
  -49.387205, -0.0005883336, -0.00043588823
  -49.387205, -0.0005010402, -0.00043588823
  -49.387205, -0.0002698522, -0.00043588823
  -49.387205, -0.0005895294, -0.00043588823
  -49.38075, -0.0005807602, -0.00043565216
  -49.38075, -0.0004926696, -0.00043565216
  -49.38075, -0.000384649, -0.00043565216
  -49.38075, -0.0002407544, -0.00043565216
  -49.38075, -0.0004129496, -0.00043565216
  -49.38075, -0.000314894, -0.00043565216
  -49.38075, -0.000432481, -0.00043565216
  -49.38075, -0.0005006416, -0.00043565216
  -49.38075, -0.0004468306, -0.00043565216
  -49.38075, -0.000659683, -0.00043565216
  -49.38075, -0.000635767, -0.00043565216
  -49.38075, -0.0004559984, -0.00043565216
  -49.38075, -0.0005436904, -0.00043565216
  -49.374295, -0.0004635718, -0.00043541598
  -49.374295, -0.000534124, -0.00043541598
  -49.374295, -0.0003340268, -0.00043541598
  -49.374295, -0.000434474, -0.00043541598
  -49.374295, -0.000308915, -0.00043541598
  -49.374295, -0.0004866906, -0.00043541598
  -49.374295, -0.0005305366, -0.00043541598
  -49.374295, -0.000571991, -0.00043541598
  -49.374295, -0.0004320824, -0.00043541598
  -49.374295, -0.0003858448, -0.00043541598
  -49.374295, -0.00031888, -0.00043541598
  -49.374295, -0.0002622788, -0.00043541598
  -49.374295, -0.0005476764, -0.00043541598
  -49.374295, -0.0004348726, -0.00043541598
  -49.36784, -0.0004109566, -0.0004351797
  -49.36784, -0.0005676064, -0.0004351797
  -49.36784, -0.0001949154, -0.0004351797
  -49.36784, -0.0005106066, -0.0004351797
  -49.36784, -0.000328845, -0.0004351797
  -49.36784, -0.0005133968, -0.0004351797
  -49.36784, -0.0004069706, -0.0004351797
  -49.36784, -0.0005309352, -0.0004351797
  -49.36784, -0.000573984, -0.0004351797
  -49.36784, -0.0006313824, -0.0004351797
  -49.36784, -0.0004516138, -0.0004351797
  -49.36784, -0.000372691, -0.0004351797
  -49.36784, -0.0004113552, -0.0004351797
  -49.36784, -0.0005472778, -0.0004351797
  -49.36784, -0.000542096, -0.0004351797
  -49.36784, -0.0005205716, -0.0004351797
  -49.36784, -0.000390628, -0.0004351797
  -49.36784, -0.0003304394, -0.0004351797
  -49.36784, -0.0004101594, -0.0004351797
  -49.361385, -0.0004659634, -0.00043494331
  -49.361385, -0.0006891794, -0.00043494331
  -49.361385, -0.0003830546, -0.00043494331
  -49.361385, -0.0003898308, -0.00043494331
  -49.361385, -0.0004978514, -0.00043494331
  -49.361385, -0.0004587886, -0.00043494331
  -49.361385, -0.0006210188, -0.00043494331
  -49.361385, -0.0005090122, -0.00043494331
  -49.361385, -0.0006548998, -0.00043494331
  -49.361385, -0.0005018374, -0.00043494331
  -49.361385, -0.0003822574, -0.00043494331
  -49.35493, -0.000452411, -0.00043470681
  -49.35493, -0.0004906766, -0.00043470681
  -49.35493, -0.0003256562, -0.00043470681
  -49.35493, -0.0005285436, -0.00043470681
  -49.35493, -0.0005763756, -0.00043470681
  -49.35493, -0.000482306, -0.00043470681
  -49.35493, -0.0006030818, -0.00043470681
  -49.35493, -0.0005058234, -0.00043470681
  -49.35493, -0.0004528096, -0.00043470681
  -49.348475, -0.0005193758, -0.00043447021
  -49.348475, -0.0003810616, -0.00043447021
  -49.348475, -0.0004480264, -0.00043447021
  -49.348475, -0.0003304394, -0.00043447021
  -49.348475, -0.000366712, -0.00043447021
  -49.348475, -0.000364719, -0.00043447021
  -49.348475, -0.0005644176, -0.00043447021
  -49.348475, -0.0001869434, -0.00043447021
  -49.348475, -0.0002044818, -0.00043447021
  -49.348475, -0.0002881878, -0.00043447021
  -49.348475, -0.0004392572, -0.00043447021
  -49.34202, -0.0005030332, -0.00043423351
  -49.34202, -0.0006684522, -0.00043423351
  -49.34202, -0.000552061, -0.00043423351
  -49.34202, -0.0005293408, -0.00043423351
  -49.34202, -0.0004938654, -0.00043423351
  -49.34202, -0.0006134454, -0.00043423351
  -49.34202, -0.0003065234, -0.00043423351
  -49.335565, -0.000550068, -0.00043399669
  -49.335565, -0.0004540054, -0.00043399669
  -49.335565, -0.0006269978, -0.00043399669
  -49.335565, -0.000374684, -0.00043399669
  -49.335565, -0.0002722438, -0.00043399669
  -49.335565, -0.0004033832, -0.00043399669
  -49.335565, -0.000406572, -0.00043399669
  -49.335565, -0.0005285436, -0.00043399669
  -49.335565, -0.0004970542, -0.00043399669
  -49.335565, -0.0004575928, -0.00043399669
  -49.335565, -0.000456397, -0.00043399669
  -49.335565, -0.000189335, -0.00043399669
  -49.335565, -0.0004555998, -0.00043399669
  -49.32911, -0.000546082, -0.00043375977
  -49.32911, -0.0004372642, -0.00043375977
  -49.32911, -0.0005213688, -0.00043375977
  -49.32911, -0.0005488722, -0.00043375977
  -49.32911, -0.0005213688, -0.00043375977
  -49.32911, -0.0005094108, -0.00043375977
  -49.32911, -0.0006262006, -0.00043375977
  -49.32911, -0.000380663, -0.00043375977
  -49.322655, -0.0005018374, -0.00043352275
  -49.322655, -0.000450418, -0.00043352275
  -49.322655, -0.0006154384, -0.00043352275
  -49.3162, -0.0004739354, -0.00043328561
  -49.3162, -0.0005046276, -0.00043328561
  -49.309745, -0.0005289422, -0.00043304837
  -49.309745, -0.0004946626, -0.00043304837
  -49.309745, -0.0005532568, -0.00043304837
  -49.309745, -0.0005054248, -0.00043304837
  -49.30329, -0.0003782714, -0.00043281103
  -49.30329, -0.000428495, -0.00043281103
  -49.30329, -0.0003730896, -0.00043281103
  -49.296835, -0.0003794672, -0.00043257358
  -49.296835, -0.000444439, -0.00043257358
  -49.296835, -0.0005428932, -0.00043257358
  -49.296835, -0.0004599844, -0.00043257358
  -49.296835, -0.0005329282, -0.00043257358
  -49.296835, -0.0003918238, -0.00043257358
  -49.296835, -0.000566012, -0.00043257358
  -49.296835, -0.0002925724, -0.00043257358
  -49.29038, -0.0004372642, -0.00043233602
  -49.29038, -0.0002515166, -0.00043233602
  -49.283925, -0.0002917752, -0.00043209835
  -49.283925, -0.0005636204, -0.00043209835
  -49.27747, -0.0003822574, -0.00043186058
  -49.27747, -0.0004193272, -0.00043186058
  -49.26456, -0.0004819074, -0.00043138471
  -49.26456, -0.0004567956, -0.00043138471
  -49.258105, -0.0004587886, -0.00043114662
  -49.258105, -0.0003559498, -0.00043114662
  -49.258105, -0.0004647676, -0.00043114662
  -49.258105, -0.0003216702, -0.00043114662
  -49.245195, -0.0006026832, -0.00043067011
  -49.245195, -0.0005337254, -0.00043067011
  -49.232285, -0.0004918724, -0.00043019317
  -49.22583, -0.0006552984, -0.00042995454
  -49.219375, -0.0004193272, -0.0004297158
  -49.21292, -0.0005357184, -0.00042947695
  -49.21292, -0.0003132996, -0.00042947695
  -49.21292, -0.0007238576, -0.00042947695
  -49.21292, -0.00037867, -0.00042947695
  -49.206465, -0.0004436418, -0.000429238
  -49.193555, -0.0005233618, -0.00042875977
  -49.180645, -0.0005951098, -0.0004282811
  -49.16128, -0.0005409002, -0.00042756229
  -49.16128, -0.0002116566, -0.00042756229
  -49.13546, -0.0006433404, -0.00042660236
  -49.129005, -0.0001781742, -0.00042636211
  -49.116095, -0.0004767256, -0.00042588127
  -49.10964, -0.000502236, -0.00042564069
  -49.090275, -0.0004579914, -0.00042491829
  -49.08382, -0.0004253062, -0.00042467727
  -49.07091, -0.0003392086, -0.0004241949
  -49.07091, -0.0004276978, -0.0004241949
  -49.058, -0.000474334, -0.0004237121
  -49.051545, -0.0005628232, -0.00042347053
  -49.04509, -0.0003332296, -0.00042322885
  -49.038635, -0.0003810616, -0.00042298707
  -49.025725, -0.0005329282, -0.00042250316
  -49.01927, -0.000474334, -0.00042226104
  -49.012815, -0.0004707466, -0.00042201882
  -48.986995, -0.0004727396, -0.0004210488
  -48.96763, -0.0004627746, -0.00042032012
  -48.961175, -0.0004532082, -0.00042007701
  -48.95472, -0.0004416488, -0.00041983379
  -48.95472, -0.0002698522, -0.00041983379
  -48.95472, -0.0005731868, -0.00041983379
  -48.922445, -0.000534124, -0.00041861599
  -48.91599, -0.000350768, -0.0004183721
  -48.91599, -0.000456397, -0.0004183721
  -48.91599, -0.0005883336, -0.0004183721
  -48.90308, -0.0005688022, -0.00041788398
  -48.90308, -0.0005612288, -0.00041788398
  -48.89017, -0.000731431, -0.00041739541
  -48.87726, -0.000476327, -0.00041690639
  -48.86435, -0.0005369142, -0.00041641692
  -48.86435, -0.0005249562, -0.00041641692
  -48.857895, -0.0003344254, -0.00041617202
  -48.85144, -0.0002917752, -0.00041592701
  -48.85144, -0.000583949, -0.00041592701
  -48.844985, -0.0004356698, -0.00041568188
  -48.83853, -0.000420523, -0.00041543664
  -48.83853, -0.0003611316, -0.00041543664
  -48.832075, -0.0003455862, -0.00041519129
  -48.82562, -0.0003691036, -0.00041494582
  -48.82562, -0.0004073692, -0.00041494582
  -48.819165, -0.0003555512, -0.00041470024
  -48.819165, -0.0004081664, -0.00041470024
  -48.81271, -0.0003675092, -0.00041445455
  -48.81271, -0.0003870406, -0.00041445455
  -48.81271, -0.0005205716, -0.00041445455
  -48.806255, -0.0003156912, -0.00041420875
  -48.7998, -0.0003595372, -0.00041396283
  -48.7998, -0.0004870892, -0.00041396283
  -48.7998, -0.000332831, -0.00041396283
  -48.7998, -0.0005994944, -0.00041396283
  -48.793345, -0.0002722438, -0.0004137168
  -48.793345, -0.0004129496, -0.0004137168
  -48.793345, -0.0004093622, -0.0004137168
  -48.78689, -0.0004878864, -0.00041347066
  -48.78689, -0.0004508166, -0.00041347066
  -48.780435, -0.00045839, -0.0004132244
  -48.77398, -0.0003970056, -0.00041297803
  -48.77398, -0.00045839, -0.00041297803
  -48.76107, -0.0004615788, -0.00041248494
  -48.76107, -0.0003818588, -0.00041248494
  -48.76107, -0.0005452848, -0.00041248494
  -48.76107, -0.000390628, -0.00041248494
  -48.76107, -0.0003324324, -0.00041248494
  -48.76107, -0.000579963, -0.00041248494
  -48.76107, -0.0005616274, -0.00041248494
  -48.754615, -0.0004791172, -0.00041223823
  -48.754615, -0.0002024888, -0.00041223823
  -48.754615, -0.0004998444, -0.00041223823
  -48.754615, -0.000512201, -0.00041223823
  -48.74816, -0.000450418, -0.00041199141
  -48.74816, -0.0004540054, -0.00041199141
  -48.74816, -0.0005217674, -0.00041199141
  -48.74816, -0.0001985028, -0.00041199141
  -48.74816, -0.0004492222, -0.00041199141
  -48.74816, -0.0002559012, -0.00041199141
  -48.74816, -0.0003599358, -0.00041199141
  -48.74816, -0.0004835018, -0.00041199141
  -48.74816, -0.000388635, -0.00041199141
  -48.74816, -0.0005257534, -0.00041199141
  -48.74816, -0.0003164884, -0.00041199141
  -48.741705, -0.0002479292, -0.00041174447
  -48.741705, -0.0003918238, -0.00041174447
  -48.741705, -0.0006640676, -0.00041174447
  -48.741705, -0.000348775, -0.00041174447
  -48.741705, -0.0004408516, -0.00041174447
  -48.741705, -0.0003280478, -0.00041174447
  -48.741705, -0.0003423974, -0.00041174447
  -48.741705, -0.000344789, -0.00041174447
  -48.741705, -0.000231188, -0.00041174447
  -48.741705, -0.0003822574, -0.00041174447
  -48.741705, -0.0003021388, -0.00041174447
  -48.741705, -0.0004428446, -0.00041174447
  -48.741705, -0.0003212716, -0.00041174447
  -48.741705, -0.0003220688, -0.00041174447
  -48.741705, -0.0002028874, -0.00041174447
  -48.741705, -0.0004157398, -0.00041174447
  -48.741705, -0.0004667606, -0.00041174447
  -48.73525, -0.0004352712, -0.00041149741
  -48.73525, -0.0005855434, -0.00041149741
  -48.73525, -0.0003244604, -0.00041149741
  -48.73525, -0.000380663, -0.00041149741
  -48.73525, -0.000322866, -0.00041149741
  -48.73525, -0.0004635718, -0.00041149741
  -48.73525, -0.0003431946, -0.00041149741
  -48.73525, -0.0004886836, -0.00041149741
  -48.73525, -0.0001542582, -0.00041149741
  -48.73525, -0.0002299922, -0.00041149741
  -48.73525, -0.0003160898, -0.00041149741
  -48.728795, -0.0004121524, -0.00041125024
  -48.728795, -0.000474334, -0.00041125024
  -48.728795, -0.0003842504, -0.00041125024
  -48.728795, -0.0004954598, -0.00041125024
  -48.728795, -0.0002459362, -0.00041125024
  -48.728795, -0.0005193758, -0.00041125024
  -48.728795, -0.0004655648, -0.00041125024
  -48.728795, -0.0003463834, -0.00041125024
  -48.72234, -0.0002375656, -0.00041100296
  -48.72234, -0.0004340754, -0.00041100296
  -48.72234, -0.0006202216, -0.00041100296
  -48.72234, -0.0005110052, -0.00041100296
  -48.72234, -0.0004579914, -0.00041100296
  -48.72234, -0.000434474, -0.00041100296
  -48.72234, -0.0004839004, -0.00041100296
  -48.72234, -0.0002459362, -0.00041100296
  -48.72234, -0.00041853, -0.00041100296
  -48.72234, -0.0005608302, -0.00041100296
  -48.72234, -0.0003679078, -0.00041100296
  -48.72234, -0.0001921252, -0.00041100296
  -48.715885, -0.0005297394, -0.00041075557
  -48.715885, -0.0003224674, -0.00041075557
  -48.715885, -0.0004548026, -0.00041075557
  -48.715885, -0.0004129496, -0.00041075557
  -48.715885, -0.000416537, -0.00041075557
  -48.715885, -0.0004807116, -0.00041075557
  -48.715885, -0.000370698, -0.00041075557
  -48.715885, -0.0003224674, -0.00041075557
  -48.715885, -0.000394614, -0.00041075557
  -48.70943, -0.0002423488, -0.00041050805
  -48.70943, -0.0004571942, -0.00041050805
  -48.70943, -0.0002016916, -0.00041050805
  -48.70943, -0.0004779214, -0.00041050805
  -48.70943, -0.000504229, -0.00041050805
  -48.70943, -0.0006246062, -0.00041050805
  -48.70943, -0.0004966556, -0.00041050805
  -48.70943, -0.0004950612, -0.00041050805
  -48.70943, -0.0002822088, -0.00041050805
  -48.70943, -0.0002714466, -0.00041050805
  -48.70943, -0.0005377114, -0.00041050805
  -48.702975, -0.0003244604, -0.00041026043
  -48.702975, -0.0003555512, -0.00041026043
  -48.702975, -0.0004631732, -0.00041026043
  -48.69652, -0.000348775, -0.00041001269
  -48.69652, -0.0003105094, -0.00041001269
  -48.69652, -0.0001741882, -0.00041001269
  -48.69652, -0.0005596344, -0.00041001269
  -48.69652, -0.0002363698, -0.00041001269
  -48.69652, -0.0004133482, -0.00041001269
  -48.69652, -0.0001985028, -0.00041001269
  -48.69652, -0.00037867, -0.00041001269
  -48.690065, -0.0003950126, -0.00040976483
  -48.690065, -0.0003782714, -0.00040976483
  -48.68361, -0.000306922, -0.00040951686
  -48.68361, -0.0003675092, -0.00040951686
  -48.677155, -0.0005106066, -0.00040926878
  -48.677155, -0.0004328796, -0.00040926878
  -48.6707, -0.0005767742, -0.00040902058
  -48.6707, -0.0003256562, -0.00040902058
  -48.65779, -0.0005911238, -0.00040852384
  -48.65779, -0.000336817, -0.00040852384
  -48.64488, -0.0002264048, -0.00040802663
  -48.63197, -0.0004257048, -0.00040752897
  -48.63197, -0.0003455862, -0.00040752897
  -48.61906, -0.000420523, -0.00040703084
  -48.60615, -0.0004177328, -0.00040653225
  -48.586785, -0.0005576414, -0.00040578349
  -48.56742, -0.0004655648, -0.00040503369
  -48.548055, -0.0003463834, -0.00040428284
  -48.5416, -0.0003551526, -0.00040403232
  -48.522235, -0.0004460334, -0.00040328007
  -48.496415, -0.0003902294, -0.00040227543
  -48.483505, -0.0003196772, -0.00040177241
  -48.470595, -0.0003260548, -0.00040126892
  -48.470595, -0.0004958584, -0.00040126892
  -48.457685, -0.0005695994, -0.00040076495
  -48.406045, -0.000271048, -0.00039874436
  -48.39959, -0.0005432918, -0.00039849126
  -48.37377, -0.000386642, -0.00039747764
  -48.367315, -0.0004635718, -0.00039722394
  -48.354405, -0.000394614, -0.00039671618
  -48.33504, -0.0005855434, -0.00039595365
  -48.328585, -0.0004591872, -0.00039569923
  -48.315675, -0.0002861948, -0.00039519003
  -48.29631, -0.0003396072, -0.00039442534
  -48.276945, -0.0005237604, -0.00039365957
  -48.264035, -0.0004739354, -0.00039314845
  -48.23176, -0.000406572, -0.00039186854
  -48.23176, -0.000490278, -0.00039186854
  -48.225305, -0.0003144954, -0.0003916122
  -48.212395, -0.0004133482, -0.00039109914
  -48.18012, -0.0005070192, -0.00038981438
  -48.14139, -0.0004217188, -0.00038826865
  -48.14139, -0.0002726424, -0.00038826865
  -48.134935, -0.0002004958, -0.0003880106
  -48.109115, -0.0005432918, -0.00038697717
  -48.10266, -0.000647725, -0.00038671851
  -48.083295, -0.0004775228, -0.00038594178
  -48.06393, -0.0004687536, -0.00038516394
  -48.057475, -0.0005412988, -0.00038490441
  -48.031655, -0.0001921252, -0.00038386507
  -48.0252, -0.000386642, -0.00038360492
  -48.018745, -0.000422516, -0.00038334465
  -48.005835, -0.0005229632, -0.00038282374
  -47.967105, -0.0003679078, -0.00038125802
  -47.96065, -0.000290978, -0.00038099663
  -47.94774, -0.0003675092, -0.00038047347
  -47.941285, -0.0003710966, -0.0003802117
  -47.941285, -0.000396607, -0.0003802117
  -47.915465, -0.000153461, -0.00037916338
  -47.90901, -0.0003742854, -0.00037890099
  -47.90901, -0.0001869434, -0.00037890099
  -47.902555, -0.0003340268, -0.00037863847
  -47.902555, -0.0001861462, -0.00037863847
  -47.889645, -4.9825e-05, -0.00037811305
  -47.889645, -0.0002598872, -0.00037811305
  -47.889645, -0.000410558, -0.00037811305
  -47.88319, -0.000396607, -0.00037785015
  -47.88319, -0.0003754812, -0.00037785015
  -47.876735, -0.0001622302, -0.00037758713
  -47.87028, -0.0003455862, -0.00037732398
  -47.87028, -0.000388635, -0.00037732398
  -47.87028, -0.000340803, -0.00037732398
  -47.85737, -0.0004938654, -0.0003767973
  -47.84446, -0.0005672078, -0.00037627011
  -47.825095, -0.0004233132, -0.00037547839
  -47.825095, -0.0004037818, -0.00037547839
  -47.81864, -0.0002718452, -0.00037521422
  -47.799275, -0.0003615302, -0.00037442097
  -47.79282, -0.0002881878, -0.0003741563
  -47.786365, -0.000414544, -0.00037389149
  -47.77991, -0.0004958584, -0.00037362657
  -47.77991, -0.0002658662, -0.00037362657
  -47.767, -0.0005508652, -0.00037309633
  -47.734725, -0.0004866906, -0.00037176849
  -47.734725, -0.0004930682, -0.00037176849
  -47.721815, -0.0005018374, -0.00037123646
  -47.708905, -0.0003136982, -0.00037070391
  -47.70245, -0.0003802644, -0.00037043744
  -47.695995, -0.0005532568, -0.00037017085
  -47.695995, -0.0003830546, -0.00037017085
  -47.68954, -0.0003216702, -0.00036990412
  -47.683085, -0.000432481, -0.00036963727
  -47.67663, -0.0005544526, -0.00036937029
  -47.67663, -0.0003830546, -0.00036937029
  -47.65081, -0.000568005, -0.00036830106
  -47.65081, -0.000322866, -0.00036830106
  -47.644355, -0.0004061734, -0.00036803343
  -47.644355, -0.0004659634, -0.00036803343
  -47.644355, -0.000201293, -0.00036803343
  -47.644355, -0.000346782, -0.00036803343
  -47.6379, -0.000410558, -0.00036776567
  -47.6379, -0.000402586, -0.00036776567
  -47.6379, -0.000354754, -0.00036776567
  -47.631445, -0.000336817, -0.00036749778
  -47.631445, -0.0004440404, -0.00036749778
  -47.631445, -0.0002742368, -0.00036749778
  -47.631445, -0.000400593, -0.00036749778
  -47.631445, -0.0004400544, -0.00036749778
  -47.62499, -0.0005428932, -0.00036722976
  -47.62499, -0.000326852, -0.00036722976
  -47.62499, -0.0002487264, -0.00036722976
  -47.62499, -0.0002016916, -0.00036722976
  -47.618535, -0.000360733, -0.00036696162
  -47.618535, -0.000326852, -0.00036696162
  -47.618535, -0.0002698522, -0.00036696162
  -47.618535, -0.0005118024, -0.00036696162
  -47.61208, -0.000464369, -0.00036669334
  -47.61208, -0.0004257048, -0.00036669334
  -47.605625, -0.000364719, -0.00036642493
  -47.605625, -0.0004269006, -0.00036642493
  -47.605625, -0.0003264534, -0.00036642493
  -47.59917, -0.0004261034, -0.00036615639
  -47.59917, -0.0004874878, -0.00036615639
  -47.59917, -0.000326852, -0.00036615639
  -47.592715, -0.0004874878, -0.00036588772
  -47.592715, -0.0004380614, -0.00036588772
  -47.592715, -0.0003057262, -0.00036588772
  -47.592715, -0.0005695994, -0.00036588772
  -47.592715, -0.0004300894, -0.00036588772
  -47.592715, -0.0005668092, -0.00036588772
  -47.58626, -0.0005795644, -0.00036561891
  -47.58626, -0.0003045304, -0.00036561891
  -47.58626, -0.0003954112, -0.00036561891
  -47.58626, -0.0003970056, -0.00036561891
  -47.579805, -0.0003631246, -0.00036534998
  -47.579805, -0.0002240132, -0.00036534998
  -47.579805, -0.0002519152, -0.00036534998
  -47.579805, -0.0005409002, -0.00036534998
  -47.57335, -0.0001961112, -0.00036508092
  -47.57335, -0.000414544, -0.00036508092
  -47.57335, -0.0004815088, -0.00036508092
  -47.57335, -0.000631781, -0.00036508092
  -47.57335, -0.000470348, -0.00036508092
  -47.57335, -0.0002622788, -0.00036508092
  -47.57335, -0.0004926696, -0.00036508092
  -47.566895, -0.000332831, -0.00036481173
  -47.566895, -0.0003101108, -0.00036481173
  -47.566895, -0.0001869434, -0.00036481173
  -47.566895, -0.0003898308, -0.00036481173
  -47.566895, -0.0002941668, -0.00036481173
  -47.566895, -0.0002268034, -0.00036481173
  -47.56044, -0.0003958098, -0.0003645424
  -47.56044, -0.000350768, -0.0003645424
  -47.56044, -0.000587935, -0.0003645424
  -47.56044, -0.0003316352, -0.0003645424
  -47.56044, -0.000265069, -0.0003645424
  -47.56044, -0.0006070678, -0.0003645424
  -47.56044, -0.0005811588, -0.0003645424
  -47.56044, -0.0004117538, -0.0003645424
  -47.56044, -0.0004516138, -0.0003645424
  -47.56044, -0.000404579, -0.0003645424
  -47.56044, -0.0006106552, -0.0003645424
  -47.56044, -0.0002726424, -0.0003645424
  -47.56044, -0.0003651176, -0.0003645424
  -47.553985, -0.0005472778, -0.00036427295
  -47.553985, -0.0002359712, -0.00036427295
  -47.553985, -0.0004516138, -0.00036427295
  -47.553985, -0.0005448862, -0.00036427295
  -47.54753, -0.0004269006, -0.00036400336
  -47.54753, -0.0002168384, -0.00036400336
  -47.541075, -0.000452411, -0.00036373365
  -47.541075, -0.0003435932, -0.00036373365
  -47.541075, -0.000346782, -0.00036373365
  -47.541075, -0.0005552498, -0.00036373365
  -47.541075, -0.0003758798, -0.00036373365
  -47.53462, -0.0004340754, -0.0003634638
  -47.53462, -0.0003535582, -0.0003634638
  -47.53462, -0.0004157398, -0.0003634638
  -47.53462, -0.0003958098, -0.0003634638
  -47.53462, -0.0002658662, -0.0003634638
  -47.53462, -0.0005648162, -0.0003634638
  -47.528165, -0.0003212716, -0.00036319382
  -47.528165, -0.0004448376, -0.00036319382
  -47.528165, -0.0004069706, -0.00036319382
  -47.528165, -0.000434474, -0.00036319382
  -47.528165, -0.000532131, -0.00036319382
  -47.528165, -0.0004827046, -0.00036319382
  -47.528165, -0.0004839004, -0.00036319382
  -47.528165, -0.0004137468, -0.00036319382
  -47.528165, -0.0002897822, -0.00036319382
  -47.528165, -0.0003105094, -0.00036319382
  -47.52171, -0.0004854948, -0.00036292371
  -47.52171, -0.000111608, -0.00036292371
  -47.52171, -0.0003204744, -0.00036292371
  -47.52171, -0.0004269006, -0.00036292371
  -47.52171, -0.0003033346, -0.00036292371
  -47.52171, -0.0002722438, -0.00036292371
  -47.52171, -0.0003942154, -0.00036292371
  -47.52171, -0.0003284464, -0.00036292371
  -47.52171, -0.0003575442, -0.00036292371
  -47.52171, -0.0004571942, -0.00036292371
  -47.515255, -0.0002981528, -0.00036265346
  -47.515255, -0.000370698, -0.00036265346
  -47.515255, -0.0004878864, -0.00036265346
  -47.515255, -0.0003922224, -0.00036265346
  -47.515255, -0.0001801672, -0.00036265346
  -47.515255, -0.0002395586, -0.00036265346
  -47.515255, -0.000322866, -0.00036265346
  -47.515255, -0.0004512152, -0.00036265346
  -47.515255, -0.0003710966, -0.00036265346
  -47.515255, -0.0004520124, -0.00036265346
  -47.515255, -0.0006002916, -0.00036265346
  -47.5088, -0.0003252576, -0.00036238309
  -47.5088, -0.0005309352, -0.00036238309
  -47.5088, -0.0005644176, -0.00036238309
  -47.5088, -0.0003978028, -0.00036238309
  -47.5088, -0.0001279506, -0.00036238309
  -47.5088, -0.0003974042, -0.00036238309
  -47.5088, -0.0002598872, -0.00036238309
  -47.5088, -0.0002834046, -0.00036238309
  -47.5088, -0.0005106066, -0.00036238309
  -47.5088, -0.0003356212, -0.00036238309
  -47.502345, -0.0002463348, -0.00036211258
  -47.502345, -0.0001092164, -0.00036211258
  -47.502345, -0.0004890822, -0.00036211258
  -47.502345, -0.0004041804, -0.00036211258
  -47.502345, -0.0003519638, -0.00036211258
  -47.49589, -0.0004611802, -0.00036184194
  -47.49589, -0.000175384, -0.00036184194
  -47.49589, -0.000510208, -0.00036184194
  -47.49589, -0.0005811588, -0.00036184194
  -47.49589, -0.0004408516, -0.00036184194
  -47.489435, -0.0004926696, -0.00036157117
  -47.489435, -0.0003814602, -0.00036157117
  -47.489435, -0.0003798658, -0.00036157117
  -47.489435, -0.0004133482, -0.00036157117
  -47.489435, -0.0005213688, -0.00036157117
  -47.489435, -0.0003870406, -0.00036157117
  -47.489435, -0.0004695508, -0.00036157117
  -47.489435, -0.000424509, -0.00036157117
  -47.48298, -0.0005967042, -0.00036130027
  -47.48298, -0.0005257534, -0.00036130027
  -47.48298, -0.0004400544, -0.00036130027
  -47.48298, -0.0001929224, -0.00036130027
  -47.48298, -0.0003930196, -0.00036130027
  -47.48298, -0.0003890336, -0.00036130027
  -47.48298, -0.0005313338, -0.00036130027
  -47.48298, -0.0003380128, -0.00036130027
  -47.476525, -0.000550068, -0.00036102923
  -47.476525, -0.0001064262, -0.00036102923
  -47.476525, -0.000326852, -0.00036102923
  -47.476525, -0.000512201, -0.00036102923
  -47.476525, -0.0002008944, -0.00036102923
  -47.476525, -0.0002387614, -0.00036102923
  -47.476525, -0.0002778242, -0.00036102923
  -47.476525, -0.0002622788, -0.00036102923
  -47.476525, -0.000436467, -0.00036102923
  -47.47007, -0.0002861948, -0.00036075807
  -47.47007, -0.0004388586, -0.00036075807
  -47.47007, -0.00055804, -0.00036075807
  -47.47007, -0.0003344254, -0.00036075807
  -47.47007, -7.1748e-05, -0.00036075807
  -47.47007, -0.0004296908, -0.00036075807
  -47.47007, 0.0001203772, -0.00036075807
  -47.463615, -0.0004679564, -0.00036048677
  -47.463615, -0.0005118024, -0.00036048677
  -47.463615, -0.0004408516, -0.00036048677
  -47.463615, -0.0001921252, -0.00036048677
  -47.463615, -0.0006824032, -0.00036048677
  -47.463615, -0.0001359226, -0.00036048677
  -47.463615, -0.0004950612, -0.00036048677
  -47.463615, -0.0003093136, -0.00036048677
  -47.463615, -0.0004316838, -0.00036048677
  -47.45716, -0.000402586, -0.00036021534
  -47.45716, -0.0002299922, -0.00036021534
  -47.45716, -0.0003260548, -0.00036021534
  -47.45716, -0.0002020902, -0.00036021534
  -47.450705, -0.0003152926, -0.00035994377
  -47.450705, -0.0005169842, -0.00035994377
  -47.450705, -0.0004133482, -0.00035994377
  -47.44425, -0.000482306, -0.00035967207
  -47.44425, -0.000213251, -0.00035967207
  -47.44425, -0.000452411, -0.00035967207
  -47.44425, -0.0003894322, -0.00035967207
  -47.44425, -0.0002666634, -0.00035967207
  -47.437795, -0.0003950126, -0.00035940024
  -47.43134, -0.0002706494, -0.00035912828
  -47.43134, -0.0004611802, -0.00035912828
  -47.43134, -0.0002706494, -0.00035912828
  -47.41843, -0.0003164884, -0.00035858396
  -47.411975, -0.0003471806, -0.0003583116
  -47.40552, -0.0002981528, -0.0003580391
  -47.40552, -0.000536117, -0.0003580391
  -47.40552, -0.0003579428, -0.0003580391
  -47.40552, -0.000151468, -0.0003580391
  -47.399065, -0.000739403, -0.00035776647
  -47.399065, -0.0004767256, -0.00035776647
  -47.399065, -0.0002706494, -0.00035776647
  -47.39261, -0.0003272506, -0.00035749371
  -47.386155, -0.0004986486, -0.00035722081
  -47.386155, -0.0004141454, -0.00035722081
  -47.3797, -0.0002407544, -0.00035694778
  -47.3797, -0.0003180828, -0.00035694778
  -47.3797, -0.0002873906, -0.00035694778
  -47.373245, -0.0002746354, -0.00035667462
  -47.360335, -0.0003184814, -0.00035612789
  -47.35388, -0.0004436418, -0.00035585433
  -47.347425, -0.0002068734, -0.00035558063
  -47.34097, -0.0005070192, -0.0003553068
  -47.34097, -0.0002519152, -0.0003553068
  -47.31515, -0.0004460334, -0.00035421012
  -47.308695, -0.0002937682, -0.00035393561
  -47.30224, -0.0004081664, -0.00035366097
  -47.295785, -0.0001666148, -0.00035338619
  -47.295785, -0.0003615302, -0.00035338619
  -47.27642, -0.0003997958, -0.00035256106
  -47.27642, -0.0003643204, -0.00035256106
  -47.269965, -0.0001996986, -0.00035228574
  -47.2506, -0.0003774742, -0.00035145897
  -47.231235, -0.0003679078, -0.00035063099
  -47.231235, -0.000540103, -0.00035063099
  -47.22478, -0.0006800116, -0.00035035472
  -47.22478, -0.000422516, -0.00035035472
  -47.22478, -0.0004069706, -0.00035035472
  -47.205415, -0.0003376142, -0.0003495251
  -47.205415, -0.0001626288, -0.0003495251
  -47.205415, -0.000410558, -0.0003495251
  -47.18605, -0.0003220688, -0.00034869425
  -47.18605, -0.0003463834, -0.00034869425
  -47.14732, -0.0002555026, -0.00034702886
  -47.140865, -0.0004061734, -0.00034675082
  -47.13441, -0.0002180342, -0.00034647263
  -47.10859, -0.0005293408, -0.00034535852
  -47.102135, -0.0004858934, -0.00034507965
  -47.09568, -0.0004089636, -0.00034480064
  -47.089225, -0.000211258, -0.00034452149
  -47.08277, -0.0003942154, -0.00034424221
  -47.063405, -0.0003986, -0.00034340352
  -47.05695, -0.00031888, -0.00034312367
  -47.04404, -0.0002778242, -0.00034256358
  -47.04404, -0.0004579914, -0.00034256358
  -47.04404, -0.000350768, -0.00034256358
  -47.011765, -0.0003878378, -0.00034116089
  -46.998855, -0.000364719, -0.00034059885
  -46.985945, -0.0004476278, -0.00034003624
  -46.97949, -0.0001367198, -0.00033975472
  -46.97949, -0.000484299, -0.00033975472
  -46.973035, -0.0002706494, -0.00033947307
  -46.96658, -0.0002515166, -0.00033919128
  -46.960125, -0.0001650204, -0.00033890934
  -46.947215, -0.0003443904, -0.00033834505
  -46.947215, -0.0003057262, -0.00033834505
  -46.94076, -0.0004436418, -0.0003380627
  -46.94076, -0.0002865934, -0.0003380627
  -46.934305, -0.0001223702, -0.0003377802
  -46.91494, -0.0004432432, -0.00033693187
  -46.908485, -0.0003770756, -0.00033664881
  -46.895575, -0.0004416488, -0.00033608226
  -46.87621, -0.0005353198, -0.00033523139
  -46.85039, -0.0002774256, -0.0003340949
  -46.843935, -0.0004986486, -0.00033381042
  -46.831025, -0.000374684, -0.00033324104
  -46.82457, -0.000348775, -0.00033295614
  -46.818115, -0.000424509, -0.00033267109
  -46.81166, -0.0003404044, -0.0003323859
  -46.792295, -0.000368705, -0.00033152948
  -46.78584, -0.0002846004, -0.00033124372
  -46.77293, -0.0003643204, -0.00033067176
  -46.77293, -0.0004189286, -0.00033067176
  -46.77293, -0.00015944, -0.00033067176
  -46.753565, -8.68948e-05, -0.00032981276
  -46.753565, -0.000263076, -0.00032981276
  -46.753565, -0.0002905794, -0.00032981276
  -46.753565, -0.0004476278, -0.00032981276
  -46.753565, -0.0002798172, -0.00032981276
  -46.74711, -5.85942e-05, -0.00032952614
  -46.74711, -0.0003144954, -0.00032952614
  -46.740655, -0.0001781742, -0.00032923937
  -46.740655, -0.00023916, -0.00032923937
  -46.7342, 2.7902e-05, -0.00032895246
  -46.72129, -0.0001729924, -0.00032837821
  -46.72129, -0.0004571942, -0.00032837821
  -46.72129, -0.0001419016, -0.00032837821
  -46.714835, -0.0003013416, -0.00032809087
  -46.70838, -0.0002096636, -0.00032780339
  -46.70838, -0.00031888, -0.00032780339
  -46.70838, -0.0003264534, -0.00032780339
  -46.701925, -0.0002547054, -0.00032751575
  -46.701925, -0.0001187828, -0.00032751575
  -46.701925, -0.0004316838, -0.00032751575
  -46.69547, -0.0001351254, -0.00032722798
  -46.69547, -0.000233181, -0.00032722798
  -46.689015, -0.0001985028, -0.00032694006
  -46.689015, -0.0002901808, -0.00032694006
  -46.689015, -0.0003081178, -0.00032694006
  -46.68256, -0.0003160898, -0.000326652
  -46.68256, -0.0002048804, -0.000326652
  -46.676105, -0.0003113066, -0.00032636379
  -46.650285, -0.0003085164, -0.0003252095
  -46.650285, -0.0003962084, -0.0003252095
  -46.64383, -0.0003663134, -0.00032492056
  -46.64383, -0.0001622302, -0.00032492056
  -46.64383, -0.0003252576, -0.00032492056
  -46.64383, -0.0002164398, -0.00032492056
  -46.64383, -0.0001207758, -0.00032492056
  -46.637375, -0.000302936, -0.00032463148
  -46.637375, -0.0003152926, -0.00032463148
  -46.637375, -0.000225209, -0.00032463148
  -46.63092, -0.0004827046, -0.00032434225
  -46.63092, -0.0003479778, -0.00032434225
  -46.624465, -0.0002467334, -0.00032405288
  -46.624465, -0.0004009916, -0.00032405288
  -46.611555, -0.0002020902, -0.0003234737
  -46.611555, -0.000492271, -0.0003234737
  -46.6051, -0.0003850476, -0.00032318389
  -46.6051, -0.000292971, -0.00032318389
  -46.598645, -0.0002686564, -0.00032289393
  -46.59219, -0.0002758312, -0.00032260383
  -46.585735, -0.0001072234, -0.00032231358
  -46.57928, -0.0002941668, -0.00032202318
  -46.572825, -0.0003858448, -0.00032173264
  -46.572825, -0.0003794672, -0.00032173264
  -46.572825, -0.0002244118, -0.00032173264
  -46.56637, -0.0003192786, -0.00032144195
  -46.56637, -0.0002096636, -0.00032144195
  -46.56637, -0.000422516, -0.00032144195
  -46.56637, -0.0002961598, -0.00032144195
  -46.56637, -0.0002965584, -0.00032144195
  -46.56637, -0.0003136982, -0.00032144195
  -46.56637, -0.0004177328, -0.00032144195
  -46.56637, -0.0004133482, -0.00032144195
  -46.559915, -0.0001403072, -0.00032115112
  -46.559915, -0.0001538596, -0.00032115112
  -46.559915, -0.0002714466, -0.00032115112
  -46.559915, -0.0002260062, -0.00032115112
  -46.559915, -0.000462376, -0.00032115112
  -46.559915, -0.0002475306, -0.00032115112
  -46.559915, -9.40696e-05, -0.00032115112
  -46.55346, -0.0002977542, -0.00032086013
  -46.55346, -0.0003802644, -0.00032086013
  -46.55346, -0.0002602858, -0.00032086013
  -46.547005, -0.0004715438, -0.000320569
  -46.547005, -0.0001120066, -0.000320569
  -46.547005, -0.0003918238, -0.000320569
  -46.54055, -0.0003443904, -0.00032027773
  -46.54055, -0.0001650204, -0.00032027773
  -46.54055, -0.000422516, -0.00032027773
  -46.54055, -0.0001965098, -0.00032027773
  -46.54055, -0.0003431946, -0.00032027773
  -46.54055, -0.000430488, -0.00032027773
  -46.54055, -0.000374684, -0.00032027773
  -46.54055, -0.0005110052, -0.00032027773
  -46.534095, -0.0004340754, -0.0003199863
  -46.534095, -0.0005668092, -0.0003199863
  -46.534095, -0.0003663134, -0.0003199863
  -46.534095, -0.0002921738, -0.0003199863
  -46.52764, -0.0003910266, -0.00031969473
  -46.52764, -0.0003495722, -0.00031969473
  -46.521185, -0.0003073206, -0.00031940301
  -46.521185, -0.0004890822, -0.00031940301
  -46.51473, -0.0002913766, -0.00031911115
  -46.51473, -0.0002327824, -0.00031911115
  -46.51473, -0.000344789, -0.00031911115
  -46.51473, -0.0001709994, -0.00031911115
  -46.51473, -0.0001941182, -0.00031911115
  -46.51473, -0.0001989014, -0.00031911115
  -46.51473, 2.7902e-06, -0.00031911115
  -46.508275, -0.0004233132, -0.00031881913
  -46.508275, -0.0003232646, -0.00031881913
  -46.508275, -0.0004472292, -0.00031881913
  -46.508275, 8.21116e-05, -0.00031881913
  -46.508275, -0.0002483278, -0.00031881913
  -46.508275, -0.000211258, -0.00031881913
  -46.495365, -0.0002782228, -0.00031823466
  -46.495365, -0.000454404, -0.00031823466
  -46.495365, -0.000173391, -0.00031823466
  -46.48891, -0.0002861948, -0.0003179422
  -46.48891, -0.0003216702, -0.0003179422
  -46.476, -0.0004069706, -0.00031735684
  -46.469545, -0.0004001944, -0.00031706394
  -46.46309, -0.000332831, -0.00031677089
  -46.46309, -0.0002487264, -0.00031677089
  -46.45018, -4.94264e-05, -0.00031618434
  -46.45018, -0.0003523624, -0.00031618434
  -46.443725, -0.0002403558, -0.00031589085
  -46.43727, -0.0002865934, -0.0003155972
  -46.43727, -0.0003443904, -0.0003155972
  -46.392085, -0.0003699008, -0.0003135375
  -46.392085, -0.0004296908, -0.0003135375
  -46.366265, -0.000225209, -0.00031235724
  -46.366265, -0.000362726, -0.00031235724
  -46.340445, -0.0004141454, -0.00031117458
  -46.32108, -0.0003619288, -0.000310286
  -46.32108, -0.0002319852, -0.000310286
  -46.30817, -0.0003376142, -0.00030969286
  -46.29526, -0.0002658662, -0.00030909912
  -46.288805, -0.0004193272, -0.00030880202
  -46.28235, -0.0002818102, -0.00030850477
  -46.250075, -0.0002646704, -0.00030701624
  -46.237165, -0.0004416488, -0.00030641976
  -46.23071, -0.00037867, -0.00030612129
  -46.224255, -0.0003196772, -0.00030582267
  -46.20489, -0.0001737896, -0.0003049259
  -46.20489, -0.0003918238, -0.0003049259
  -46.185525, -0.000374684, -0.00030402775
  -46.16616, -0.0003738868, -0.00030312822
  -46.15325, -0.0002048804, -0.00030252777
  -46.14034, -0.0003479778, -0.0003019267
  -46.14034, -0.0002917752, -0.0003019267
  -46.10161, -0.0004276978, -0.00030011979
  -46.10161, -0.0004599844, -0.00030011979
  -46.095155, -0.0004787186, -0.0002998181
  -46.069335, -0.0003160898, -0.00029860978
  -46.06288, -0.0002913766, -0.00029830731
  -46.06288, -0.0002654676, -0.00029830731
  -46.04997, -0.0005317324, -0.00029770191
  -46.02415, -0.0002754326, -0.00029648925
  -46.02415, -0.0003499708, -0.00029648925
  -46.02415, -0.000165419, -0.00029648925
  -46.017695, -0.0001877406, -0.00029618569
  -46.017695, -0.0001957126, -0.00029618569
  -46.01124, -0.0003993972, -0.00029588197
  -45.991875, -0.0004835018, -0.0002949699
  -45.97251, -0.0005058234, -0.00029405641
  -45.9596, -0.0004177328, -0.00029344663
  -45.9596, -0.0002547054, -0.00029344663
  -45.953145, -0.0003635232, -0.00029314151
  -45.953145, -0.000312901, -0.00029314151
  -45.953145, -0.0003818588, -0.00029314151
  -45.93378, -0.0002806144, -0.00029222519
  -45.914415, -0.0004017888, -0.00029130746
  -45.90796, -0.000255104, -0.00029100123
  -45.89505, -0.000231188, -0.0002903883
  -45.888595, -0.0004312852, -0.0002900816
  -45.888595, -0.0004587886, -0.0002900816
  -45.875685, -0.0001391114, -0.00028946772
  -45.875685, -0.0005114038, -0.00028946772
  -45.875685, -0.0003974042, -0.00028946772
  -45.875685, -9.1678e-05, -0.00028946772
  -45.875685, -0.0004990472, -0.00028946772
  -45.875685, -0.000368705, -0.00028946772
  -45.875685, -0.0002076706, -0.00028946772
  -45.875685, -0.0003738868, -0.00028946772
  -45.862775, -0.0001526638, -0.00028885321
  -45.862775, -0.0002116566, -0.00028885321
  -45.862775, -0.0001849504, -0.00028885321
  -45.862775, -0.000207272, -0.00028885321
  -45.862775, -0.0003834532, -0.00028885321
  -45.85632, -0.0001957126, -0.00028854572
  -45.85632, -0.0002977542, -0.00028854572
  -45.85632, -5.66012e-05, -0.00028854572
  -45.85632, -1.1958e-05, -0.00028854572
  -45.85632, -0.0002383628, -0.00028854572
  -45.85632, -0.0003778728, -0.00028854572
  -45.849865, -0.0002459362, -0.00028823806
  -45.849865, -7.972e-07, -0.00028823806
  -45.849865, -0.0003834532, -0.00028823806
  -45.84341, -0.0002945654, -0.00028793025
  -45.84341, -0.0001841532, -0.00028793025
  -45.84341, -0.0002136496, -0.00028793025
  -45.84341, -0.000283006, -0.00028793025
  -45.836955, -0.0002806144, -0.00028762228
  -45.836955, -0.0003858448, -0.00028762228
  -45.8305, -0.0004850962, -0.00028731415
  -45.8305, -0.0003113066, -0.00028731415
  -45.8305, -0.000382656, -0.00028731415
  -45.8305, -0.0002359712, -0.00028731415
  -45.8305, -0.0003073206, -0.00028731415
  -45.8305, -0.0002319852, -0.00028731415
  -45.824045, -0.0001343282, -0.00028700585
  -45.824045, -0.0002387614, -0.00028700585
  -45.824045, -0.0003224674, -0.00028700585
  -45.824045, -0.0001646218, -0.00028700585
  -45.824045, -0.000360733, -0.00028700585
  -45.824045, -0.0002339782, -0.00028700585
  -45.81759, -0.000257097, -0.0002866974
  -45.81759, -0.0001367198, -0.0002866974
  -45.81759, -7.33424e-05, -0.0002866974
  -45.81759, -0.0001183842, -0.0002866974
  -45.81759, -0.0003220688, -0.0002866974
  -45.81759, -0.0002806144, -0.0002866974
  -45.811135, -0.0004751312, -0.00028638879
  -45.811135, -0.0004129496, -0.00028638879
  -45.811135, -0.000316887, -0.00028638879
  -45.80468, -0.000416537, -0.00028608002
  -45.80468, -0.0001139996, -0.00028608002
  -45.80468, -0.0002467334, -0.00028608002
  -45.80468, -0.0001706008, -0.00028608002
  -45.80468, -0.000207272, -0.00028608002
  -45.80468, -0.0002216216, -0.00028608002
  -45.798225, -0.000247132, -0.00028577109
  -45.798225, -0.0002606844, -0.00028577109
  -45.798225, -0.000414544, -0.00028577109
  -45.798225, -0.0004528096, -0.00028577109
  -45.798225, -0.0002642718, -0.00028577109
  -45.798225, -0.0002164398, -0.00028577109
  -45.798225, -0.00015944, -0.00028577109
  -45.798225, -0.000440453, -0.00028577109
  -45.798225, -0.0003180828, -0.00028577109
  -45.798225, -0.000187342, -0.00028577109
  -45.798225, -0.0004835018, -0.00028577109
  -45.79177, -0.0003910266, -0.000285462
  -45.79177, -0.0001391114, -0.000285462
  -45.79177, -0.0003364184, -0.000285462
  -45.79177, -0.000165419, -0.000285462
  -45.79177, -0.0003105094, -0.000285462
  -45.79177, -0.0004237118, -0.000285462
  -45.79177, -0.0003842504, -0.000285462
  -45.79177, -0.0002945654, -0.000285462
  -45.79177, -0.000334824, -0.000285462
  -45.79177, -0.0002116566, -0.000285462
  -45.79177, -0.0003750826, -0.000285462
  -45.79177, -0.0001462862, -0.000285462
  -45.785315, -0.0004069706, -0.00028515275
  -45.785315, -0.000448425, -0.00028515275
  -45.785315, -0.0004460334, -0.00028515275
  -45.785315, -0.0002283978, -0.00028515275
  -45.785315, -0.0002997472, -0.00028515275
  -45.785315, -0.000197307, -0.00028515275
  -45.785315, -0.0002714466, -0.00028515275
  -45.77886, -0.000354754, -0.00028484334
  -45.77886, -0.0003316352, -0.00028484334
  -45.77886, -0.0004069706, -0.00028484334
  -45.77886, -0.0003380128, -0.00028484334
  -45.77886, -0.0003970056, -0.00028484334
  -45.77886, -0.0003085164, -0.00028484334
  -45.77886, -0.0001817616, -0.00028484334
  -45.77886, -0.000217237, -0.00028484334
  -45.77886, -0.0003144954, -0.00028484334
  -45.772405, -0.0003360198, -0.00028453377
  -45.772405, -0.000346782, -0.00028453377
  -45.772405, -7.05522e-05, -0.00028453377
  -45.772405, -0.0003037332, -0.00028453377
  -45.772405, -0.0002574956, -0.00028453377
  -45.772405, -0.0002475306, -0.00028453377
  -45.772405, -0.0002981528, -0.00028453377
  -45.76595, -0.0003400058, -0.00028422404
  -45.76595, -0.0002925724, -0.00028422404
  -45.76595, -0.0002622788, -0.00028422404
  -45.76595, -0.000167412, -0.00028422404
  -45.76595, -9.00836e-05, -0.00028422404
  -45.76595, -0.000406572, -0.00028422404
  -45.759495, -0.0004181314, -0.00028391415
  -45.759495, -0.0002814116, -0.00028391415
  -45.759495, -0.0002634746, -0.00028391415
  -45.746585, -0.0004249076, -0.00028329388
  -45.733675, -0.0002064748, -0.00028267297
  -45.72722, -0.0004432432, -0.00028236228
  -45.7014, -0.0003156912, -0.00028111788
  -45.694945, -0.0001977056, -0.00028080637
  -45.68849, -0.0003651176, -0.00028049471
  -45.682035, -0.0003140968, -0.00028018288
  -45.67558, -0.0003296422, -0.00027987089
  -45.669125, -0.0002913766, -0.00027955874
  -45.669125, -0.0004081664, -0.00027955874
  -45.66267, -0.0003930196, -0.00027924642
  -45.66267, -0.0001139996, -0.00027924642
  -45.66267, -0.0002977542, -0.00027924642
  -45.66267, -0.0001961112, -0.00027924642
  -45.66267, -0.0004376628, -0.00027924642
  -45.66267, -0.0001530624, -0.00027924642
  -45.66267, -0.0002873906, -0.00027924642
  -45.66267, -0.0004392572, -0.00027924642
  -45.66267, -0.000306922, -0.00027924642
  -45.66267, -0.0003144954, -0.00027924642
  -45.656215, -0.0002746354, -0.00027893394
  -45.656215, -0.0003974042, -0.00027893394
  -45.656215, -0.0003543554, -0.00027893394
  -45.656215, -8.25102e-05, -0.00027893394
  -45.64976, -0.000281013, -0.0002786213
  -45.64976, -0.0003053276, -0.0002786213
  -45.64976, -0.0003603344, -0.0002786213
  -45.64976, -0.0001223702, -0.0002786213
  -45.64976, -0.0005923196, -0.0002786213
  -45.64976, -0.000277027, -0.0002786213
  -45.64976, -0.0003364184, -0.0002786213
  -45.64976, -0.0003001458, -0.0002786213
  -45.64976, -0.0002602858, -0.0002786213
  -45.64976, -0.0003380128, -0.0002786213
  -45.643305, -0.0004595858, -0.0002783085
  -45.643305, -0.0002463348, -0.0002783085
  -45.643305, -0.0003483764, -0.0002783085
  -45.643305, -0.000273041, -0.0002783085
  -45.643305, -0.0003073206, -0.0002783085
  -45.643305, -0.0001849504, -0.0002783085
  -45.63685, -0.0003794672, -0.00027799554
  -45.63685, -0.0002897822, -0.00027799554
  -45.63685, -0.000508215, -0.00027799554
  -45.63685, -0.0005309352, -0.00027799554
  -45.63685, -0.0004874878, -0.00027799554
  -45.63685, -0.000390628, -0.00027799554
  -45.63685, -0.0002004958, -0.00027799554
  -45.63685, -0.0002355726, -0.00027799554
  -45.63685, 3.3881e-05, -0.00027799554
  -45.63685, -0.000430488, -0.00027799554
  -45.63685, -0.0003483764, -0.00027799554
  -45.630395, -0.0002594886, -0.00027768241
  -45.630395, -0.0001957126, -0.00027768241
  -45.630395, -0.000308915, -0.00027768241
  -45.630395, -0.0004456348, -0.00027768241
  -45.630395, -0.0003894322, -0.00027768241
  -45.62394, -0.0002985514, -0.00027736912
  -45.62394, -0.0002559012, -0.00027736912
  -45.62394, -0.0002618802, -0.00027736912
  -45.62394, -0.0001749854, -0.00027736912
  -45.62394, -0.0003073206, -0.00027736912
  -45.62394, -0.000422516, -0.00027736912
  -45.62394, -0.0002634746, -0.00027736912
  -45.62394, -0.000412551, -0.00027736912
  -45.62394, -0.0003021388, -0.00027736912
  -45.62394, -0.0003790686, -0.00027736912
  -45.62394, -0.0002527124, -0.00027736912
  -45.617485, -0.000257097, -0.00027705566
  -45.617485, -0.000292971, -0.00027705566
  -45.617485, -0.0002953626, -0.00027705566
  -45.617485, -0.0003523624, -0.00027705566
  -45.617485, -0.0003691036, -0.00027705566
  -45.617485, -0.0002256076, -0.00027705566
  -45.617485, -0.0001068248, -0.00027705566
  -45.617485, -0.0002507194, -0.00027705566
  -45.617485, -0.0003938168, -0.00027705566
  -45.617485, -0.0005795644, -0.00027705566
  -45.61103, -0.000410558, -0.00027674205
  -45.61103, -0.000253111, -0.00027674205
  -45.61103, -0.0004257048, -0.00027674205
  -45.61103, -0.0001147968, -0.00027674205
  -45.61103, -0.0002515166, -0.00027674205
  -45.61103, -0.0002196286, -0.00027674205
  -45.61103, -0.0003559498, -0.00027674205
  -45.61103, -0.0002754326, -0.00027674205
  -45.61103, -0.0003651176, -0.00027674205
  -45.604575, -0.0002678592, -0.00027642827
  -45.604575, -0.0003611316, -0.00027642827
  -45.604575, -0.0003400058, -0.00027642827
  -45.604575, -0.0002555026, -0.00027642827
  -45.604575, -0.0003356212, -0.00027642827
  -45.604575, -0.0003954112, -0.00027642827
  -45.604575, -0.0003758798, -0.00027642827
  -45.604575, -0.0005337254, -0.00027642827
  -45.604575, -6.5769e-05, -0.00027642827
  -45.604575, -0.0004169356, -0.00027642827
  -45.604575, -0.000500243, -0.00027642827
  -45.604575, -0.0003834532, -0.00027642827
  -45.604575, -0.0003993972, -0.00027642827
  -45.604575, -0.000312901, -0.00027642827
  -45.59812, -0.0003085164, -0.00027611432
  -45.59812, -0.000382656, -0.00027611432
  -45.59812, -0.0004448376, -0.00027611432
  -45.59812, -0.0002004958, -0.00027611432
  -45.59812, -0.0003164884, -0.00027611432
  -45.59812, -0.0001921252, -0.00027611432
  -45.59812, -0.0002877892, -0.00027611432
  -45.59812, -0.000356747, -0.00027611432
  -45.59812, -0.0001889364, -0.00027611432
  -45.59812, -0.0004436418, -0.00027611432
  -45.591665, -0.0003870406, -0.00027580021
  -45.591665, -0.0002375656, -0.00027580021
  -45.591665, -0.0003986, -0.00027580021
  -45.591665, -0.0004400544, -0.00027580021
  -45.591665, -0.0004575928, -0.00027580021
  -45.591665, -0.0004512152, -0.00027580021
  -45.58521, -0.000320873, -0.00027548594
  -45.58521, -0.000410558, -0.00027548594
  -45.58521, -0.0003974042, -0.00027548594
  -45.58521, -0.0002335796, -0.00027548594
  -45.58521, -0.0002806144, -0.00027548594
  -45.58521, -0.0001809644, -0.00027548594
  -45.578755, -0.0002877892, -0.00027517151
  -45.578755, -0.000233181, -0.00027517151
  -45.578755, -0.0003184814, -0.00027517151
  -45.5723, -8.3706e-05, -0.00027485691
  -45.565845, -0.0002036846, -0.00027454214
  -45.55939, -0.0002865934, -0.00027422722
  -45.552935, -0.0001231674, -0.00027391212
  -45.552935, -0.0002658662, -0.00027391212
  -45.552935, -3.5874e-05, -0.00027391212
  -45.54648, -0.0003105094, -0.00027359687
  -45.527115, -3.46782e-05, -0.00027265011
  -45.514205, -0.0003451876, -0.00027201811
  -45.514205, -0.0002718452, -0.00027201811
  -45.501295, -0.0002838032, -0.00027138546
  -45.501295, -0.0003077192, -0.00027138546
  -45.48193, -0.000320873, -0.00027043523
  -45.48193, -0.0004141454, -0.00027043523
  -45.475475, -0.0002256076, -0.00027011816
  -45.475475, 1.7937e-05, -0.00027011816
  -45.46902, -0.0003105094, -0.00026980092
  -45.462565, -0.0002774256, -0.00026948352
  -45.4432, -0.0005468792, -0.00026853031
  -45.436745, -0.0003419988, -0.00026821224
  -45.41738, -0.0003224674, -0.00026725703
  -45.41738, -0.0003045304, -0.00026725703
  -45.41738, -0.0004328796, -0.00026725703
  -45.41738, -0.0004137468, -0.00026725703
  -45.41738, -0.0003495722, -0.00026725703
  -45.410925, -0.000191328, -0.00026693829
  -45.410925, -5.979e-05, -0.00026693829
  -45.410925, -1.35524e-05, -0.00026693829
  -45.385105, -0.0003160898, -0.00026566167
  -45.385105, -0.0002156426, -0.00026566167
  -45.37865, -0.0002248104, -0.0002653421
  -45.35283, -0.00037867, -0.00026406213
  -45.33992, -0.0001538596, -0.00026342114
  -45.33992, -0.0004380614, -0.00026342114
  -45.3141, -9.88528e-05, -0.00026213714
  -45.3141, 2.35174e-05, -0.00026213714
  -45.307645, -0.0001817616, -0.00026181571
  -45.294735, -0.0003993972, -0.00026117236
  -45.27537, -0.0005464806, -0.00026020606
  -45.26246, -0.0002945654, -0.00025956101
  -45.243095, -0.0002838032, -0.00025859217
  -45.23664, -0.0002487264, -0.00025826888
  -45.23664, -0.0003152926, -0.00025826888
  -45.230185, -0.0002559012, -0.00025794543
  -45.217275, -0.000213251, -0.000257298
  -45.204365, -1.1958e-06, -0.00025664989
  -45.204365, -0.0003559498, -0.00025664989
  -45.185, -0.0002718452, -0.00025567644
  -45.178545, -0.0002802158, -0.00025535162
  -45.15918, -0.0002076706, -0.00025437612
  -45.15918, -0.0003838518, -0.00025437612
  -45.152725, -0.0004272992, -0.00025405061
  -45.14627, -0.000243146, -0.00025372492
  -45.139815, -0.0002299922, -0.00025339907
  -45.139815, -4.7832e-06, -0.00025339907
  -45.13336, 1.1958e-05, -0.00025307304
  -45.10754, -0.0001993, -0.00025176722
  -45.10754, -9.60626e-05, -0.00025176722
  -45.101085, -0.0002176356, -0.00025144033
  -45.09463, -0.0004428446, -0.00025111327
  -45.09463, -3.986e-05, -0.00025111327
  -45.09463, -0.0001522652, -0.00025111327
  -45.088175, -6.25802e-05, -0.00025078603
  -45.06881, 1.43496e-05, -0.00024980329
  -45.062355, -0.000173391, -0.00024947537
  -45.0559, -0.00023916, -0.00024914727
  -45.0559, -0.0002678592, -0.00024914727
  -45.0559, -8.49018e-05, -0.00024914727
  -45.049445, -0.0003702994, -0.00024881899
  -45.04299, -9.40696e-05, -0.00024849055
  -45.036535, -1.75384e-05, -0.00024816192
  -45.03008, -0.0001765798, -0.00024783313
  -45.01717, -0.000249125, -0.00024717502
  -45.00426, -0.0002622788, -0.00024651621
  -44.997805, -0.0001419016, -0.00024618654
  -44.99135, -0.0001805658, -0.0002458567
  -44.99135, -0.0002395586, -0.0002458567
  -44.984895, -0.0002096636, -0.00024552668
  -44.984895, -8.68948e-05, -0.00024552668
  -44.959075, -0.000344789, -0.00024420486
  -44.95262, -0.0003435932, -0.00024387397
  -44.95262, -9.00836e-05, -0.00024387397
  -44.93971, -0.0003659148, -0.00024321166
  -44.93971, -0.0002395586, -0.00024321166
  -44.933255, -0.0001985028, -0.00024288024
  -44.933255, -0.0002861948, -0.00024288024
  -44.9268, -0.000203286, -0.00024254864
  -44.9268, -0.000284999, -0.00024254864
  -44.920345, 4.7832e-05, -0.00024221687
  -44.91389, -0.000284999, -0.00024188492
  -44.91389, -0.0001769784, -0.00024188492
  -44.91389, -7.65312e-05, -0.00024188492
  -44.91389, 0.0001060276, -0.00024188492
  -44.91389, -0.0001199786, -0.00024188492
  -44.91389, -0.000207272, -0.00024188492
  -44.907435, -0.000326852, -0.0002415528
  -44.90098, -8.5699e-05, -0.00024122049
  -44.894525, -0.0003156912, -0.00024088802
  -44.894525, -0.0002626774, -0.00024088802
  -44.88807, -0.0001741882, -0.00024055536
  -44.881615, -0.0003934182, -0.00024022253
  -44.87516, 0.0001861462, -0.00023988952
  -44.87516, -0.0003838518, -0.00023988952
  -44.86225, -0.0003081178, -0.00023922298
  -44.86225, -0.0002977542, -0.00023922298
  -44.855795, -0.000109615, -0.00023888944
  -44.855795, -0.0003810616, -0.00023888944
  -44.84934, -0.0004093622, -0.00023855572
  -44.84934, -2.43146e-05, -0.00023855572
  -44.842885, -0.0003332296, -0.00023822182
  -44.829975, -0.0002256076, -0.0002375535
  -44.82352, 6.1783e-05, -0.00023721907
  -44.817065, -9.24752e-05, -0.00023688447
  -44.817065, -0.0003878378, -0.00023688447
  -44.81061, -0.0002355726, -0.00023654968
  -44.81061, -0.000215244, -0.00023654968
  -44.804155, -0.000314894, -0.00023621472
  -44.804155, -0.0002264048, -0.00023621472
  -44.804155, -0.0002622788, -0.00023621472
  -44.791245, -0.0001937196, -0.00023554426
  -44.78479, -0.0001658176, -0.00023520876
  -44.78479, -0.0002666634, -0.00023520876
  -44.778335, -0.0003603344, -0.00023487309
  -44.778335, -0.0001869434, -0.00023487309
  -44.77188, -0.0003372156, -0.00023453723
  -44.77188, -0.0001841532, -0.00023453723
  -44.75897, -0.000277027, -0.00023386498
  -44.752515, -0.0004101594, -0.00023352859
  -44.74606, -0.0002499222, -0.00023319201
  -44.739605, -0.0003663134, -0.00023285526
  -44.739605, -0.0003890336, -0.00023285526
  -44.73315, -0.0002559012, -0.00023251833
  -44.73315, -0.0001267548, -0.00023251833
  -44.726695, -0.0003005444, -0.00023218122
  -44.726695, -0.000223216, -0.00023218122
  -44.726695, 9.24752e-05, -0.00023218122
  -44.726695, -0.0001785728, -0.00023218122
  -44.726695, 6.7762e-06, -0.00023218122
  -44.726695, -0.0001048318, -0.00023218122
  -44.726695, -0.000175384, -0.00023218122
  -44.726695, -0.0002044818, -0.00023218122
  -44.726695, -0.0003762784, -0.00023218122
  -44.726695, -0.0003758798, -0.00023218122
  -44.726695, -0.0002080692, -0.00023218122
  -44.72024, -0.0002124538, -0.00023184393
  -44.72024, -0.0002702508, -0.00023184393
  -44.72024, -0.0003495722, -0.00023184393
  -44.713785, -0.0002646704, -0.00023150645
  -44.713785, -0.0002000972, -0.00023150645
  -44.713785, -0.0002941668, -0.00023150645
  -44.713785, -0.000468355, -0.00023150645
  -44.70733, -0.0003463834, -0.0002311688
  -44.70733, -0.0002694536, -0.0002311688
  -44.70733, 4.1853e-05, -0.0002311688
  -44.700875, -0.0003419988, -0.00023083097
  -44.700875, -0.0002260062, -0.00023083097
  -44.700875, -0.0001287478, -0.00023083097
  -44.700875, -0.000446432, -0.00023083097
  -44.69442, 2.51118e-05, -0.00023049296
  -44.69442, -0.000286992, -0.00023049296
  -44.69442, -0.0004197258, -0.00023049296
  -44.68151, -0.0003834532, -0.00022981639
  -44.68151, -0.0002399572, -0.00022981639
  -44.68151, -0.0003754812, -0.00022981639
  -44.68151, -0.0002295936, -0.00022981639
  -44.68151, -0.0002495236, -0.00022981639
  -44.675055, -0.0002806144, -0.00022947784
  -44.6686, -0.0003579428, -0.0002291391
  -44.662145, -0.0003555512, -0.00022880018
  -44.662145, -0.0002822088, -0.00022880018
  -44.65569, -0.0003778728, -0.00022846108
  -44.65569, -0.000444439, -0.00022846108
  -44.649235, -0.0002016916, -0.00022812181
  -44.649235, -0.0002315866, -0.00022812181
  -44.649235, -0.000113601, -0.00022812181
  -44.636325, -0.0003451876, -0.0002274427
  -44.636325, -0.000255104, -0.0002274427
  -44.636325, -0.0002204258, -0.0002274427
  -44.62987, -0.000187342, -0.00022710288
  -44.62987, -0.000273041, -0.00022710288
  -44.62987, -0.0002487264, -0.00022710288
  -44.610505, -0.000193321, -0.00022608232
  -44.59114, -0.0002220202, -0.00022506011
  -44.571775, -0.0002180342, -0.00022403627
  -44.56532, -0.0002734396, -0.00022369462
  -44.56532, -0.0002758312, -0.00022369462
  -44.558865, -6.61676e-05, -0.00022335279
  -44.558865, -0.0001638246, -0.00022335279
  -44.55241, -0.0001650204, -0.00022301077
  -44.52659, -0.0002766284, -0.00022164088
  -44.52659, -0.0002439432, -0.00022164088
  -44.50077, -0.0002638732, -0.00022026805
  -44.47495, -0.0003882364, -0.00021889227
  -44.47495, -0.0003443904, -0.00021889227
  -44.429765, -7.61326e-05, -0.00021647753
  -44.429765, -0.0002618802, -0.00021647753
  -44.42331, -0.0001837546, -0.00021613183
  -44.416855, -0.0002746354, -0.00021578594
  -44.39749, -0.0004133482, -0.00021474715
  -44.38458, -0.0003184814, -0.00021405369
  -44.37167, -0.0002036846, -0.00021335949
  -44.352305, -0.0004017888, -0.00021231678
  -44.339395, 8.33074e-05, -0.00021162071
  -44.339395, -0.000265069, -0.00021162071
  -44.313575, -0.0003121038, -0.00021022631
  -44.300665, -0.0001108108, -0.00020952798
  -44.29421, -4.02586e-05, -0.00020917853
  -44.2813, -7.5734e-05, -0.00020847907
  -44.274845, -0.0001466848, -0.00020812906
  -44.274845, -0.000155454, -0.00020812906
  -44.274845, -0.000221223, -0.00020812906
  -44.274845, -0.0001550554, -0.00020812906
  -44.26839, -9.68598e-05, -0.00020777886
  -44.261935, -0.000277027, -0.00020742847
  -44.249025, -0.0001231674, -0.00020672712
  -44.24257, -0.0004241104, -0.00020637617
  -44.24257, -4.1853e-05, -0.00020637617
  -44.236115, -0.000193321, -0.00020602502
  -44.21675, -0.0004173342, -0.00020497044
  -44.20384, -0.0003160898, -0.00020426644
  -44.197385, -0.000105629, -0.00020391415
  -44.16511, -0.0001558526, -0.00020214986
  -44.16511, -0.0002602858, -0.00020214986
  -44.16511, -0.000510208, -0.00020214986
  -44.158655, -8.01186e-05, -0.00020179643
  -44.158655, -0.0001291464, -0.00020179643
  -44.132835, -0.0003113066, -0.00020038079
  -44.12638, -0.000233181, -0.0002000264
  -44.12638, -0.0002658662, -0.0002000264
  -44.119925, -0.000281013, -0.00019967182
  -44.11347, -0.0001941182, -0.00019931705
  -44.11347, -0.0001124052, -0.00019931705
  -44.107015, -0.000408565, -0.00019896209
  -44.107015, -0.0002315866, -0.00019896209
  -44.10056, -0.0002447404, -0.00019860693
  -44.094105, -0.0003838518, -0.00019825158
  -44.068285, -0.0001638246, -0.00019682826
  -44.06183, -7.3741e-05, -0.00019647195
  -44.06183, -0.000336817, -0.00019647195
  -44.055375, -0.0002818102, -0.00019611545
  -44.055375, -4.7832e-06, -0.00019611545
  -44.04892, 1.7937e-05, -0.00019575875
  -44.042465, -0.0004312852, -0.00019540186
  -44.042465, -0.0002184328, -0.00019540186
  -44.03601, -0.0003081178, -0.00019504477
  -44.03601, -0.0002104608, -0.00019504477
  -44.03601, -0.0004647676, -0.00019504477
  -44.03601, -0.0001486778, -0.00019504477
  -44.029555, -2.86992e-05, -0.00019468749
  -44.029555, -0.0001482792, -0.00019468749
  -44.0231, -7.49368e-05, -0.00019433002
  -44.0231, -0.0002307894, -0.00019433002
  -44.0231, -0.0001921252, -0.00019433002
  -44.016645, -0.0002586914, -0.00019397235
  -44.016645, -3.66712e-05, -0.00019397235
  -44.016645, -0.0003152926, -0.00019397235
  -44.016645, 1.11608e-05, -0.00019397235
  -44.016645, -0.0003224674, -0.00019397235
  -44.01019, -4.10558e-05, -0.00019361449
  -44.01019, 2.55104e-05, -0.00019361449
  -44.003735, -0.0005125996, -0.00019325644
  -44.003735, -4.3846e-05, -0.00019325644
  -44.003735, -0.000217237, -0.00019325644
  -44.003735, -0.0001582442, -0.00019325644
  -44.003735, -0.0003312366, -0.00019325644
  -44.003735, -0.0001881392, -0.00019325644
  -44.003735, -0.0002256076, -0.00019325644
  -44.003735, -2.63076e-05, -0.00019325644
  -43.99728, -6.05872e-05, -0.00019289819
  -43.99728, -0.0002256076, -0.00019289819
  -43.99728, -3.1888e-05, -0.00019289819
  -43.99728, -0.000352761, -0.00019289819
  -43.99728, -0.0001000486, -0.00019289819
  -43.99728, -0.0004137468, -0.00019289819
  -43.99728, -0.0003702994, -0.00019289819
  -43.990825, -7.5734e-06, -0.00019253974
  -43.990825, -0.0001470834, -0.00019253974
  -43.990825, -0.000133531, -0.00019253974
  -43.990825, -0.0001303422, -0.00019253974
  -43.990825, -0.0002443418, -0.00019253974
  -43.990825, -0.0002535096, -0.00019253974
  -43.98437, -0.000183356, -0.00019218111
  -43.98437, -0.0001303422, -0.00019218111
  -43.98437, -0.0002120552, -0.00019218111
  -43.98437, -0.0002646704, -0.00019218111
  -43.98437, -0.0002375656, -0.00019218111
  -43.977915, -0.0004169356, -0.00019182227
  -43.977915, -0.000412551, -0.00019182227
  -43.977915, -0.0005173828, -0.00019182227
  -43.977915, 1.31538e-05, -0.00019182227
  -43.97146, -2.11258e-05, -0.00019146324
  -43.97146, -0.0003519638, -0.00019146324
  -43.97146, -0.0002407544, -0.00019146324
  -43.97146, -0.0001291464, -0.00019146324
  -43.97146, -0.0003264534, -0.00019146324
  -43.97146, -6.61676e-05, -0.00019146324
  -43.97146, -0.000384649, -0.00019146324
  -43.97146, -0.0002339782, -0.00019146324
  -43.97146, -0.0003555512, -0.00019146324
  -43.965005, -0.0002008944, -0.00019110402
  -43.965005, -4.7832e-06, -0.00019110402
  -43.965005, -0.0002503208, -0.00019110402
  -43.965005, -0.0002654676, -0.00019110402
  -43.965005, -0.0003021388, -0.00019110402
  -43.965005, -0.0003065234, -0.00019110402
  -43.965005, -0.0002036846, -0.00019110402
  -43.965005, -0.0001307408, -0.00019110402
  -43.965005, -0.0001957126, -0.00019110402
  -43.965005, -0.000163426, -0.00019110402
  -43.95855, -0.0002240132, -0.0001907446
  -43.95855, -6.9755e-05, -0.0001907446
  -43.95855, -0.0004013902, -0.0001907446
  -43.95855, -0.0003575442, -0.0001907446
  -43.95855, -0.0001028388, -0.0001907446
  -43.95855, -0.000243146, -0.0001907446
  -43.952095, -0.0001702022, -0.00019038499
  -43.952095, -6.3776e-05, -0.00019038499
  -43.952095, -0.0001729924, -0.00019038499
  -43.952095, -6.33774e-05, -0.00019038499
  -43.952095, -0.0001670134, -0.00019038499
  -43.952095, 0.0002315866, -0.00019038499
  -43.952095, -0.0003431946, -0.00019038499
  -43.952095, -0.0003045304, -0.00019038499
  -43.952095, -0.000137517, -0.00019038499
  -43.952095, -0.0002076706, -0.00019038499
  -43.94564, -0.0004001944, -0.00019002518
  -43.94564, -3.86642e-05, -0.00019002518
  -43.939185, -0.0001100136, -0.00018966518
  -43.939185, -0.000372691, -0.00018966518
  -43.939185, -0.0002228174, -0.00018966518
  -43.939185, -0.0003160898, -0.00018966518
  -43.939185, -0.0002754326, -0.00018966518
  -43.939185, -0.0002901808, -0.00018966518
  -43.939185, -9.84542e-05, -0.00018966518
  -43.93273, -0.000155454, -0.00018930498
  -43.93273, -0.0001490764, -0.00018930498
  -43.93273, -0.0002455376, -0.00018930498
  -43.93273, -0.0002614816, -0.00018930498
  -43.93273, -3.90628e-05, -0.00018930498
  -43.93273, -0.0002802158, -0.00018930498
  -43.926275, -0.0001586428, -0.00018894458
  -43.91982, -0.000105629, -0.00018858399
  -43.91982, -0.00013951, -0.00018858399
  -43.91982, -6.05872e-05, -0.00018858399
  -43.91982, -0.0004053762, -0.00018858399
  -43.913365, -0.0004029846, -0.0001882232
  -43.913365, -0.0001510694, -0.0001882232
  -43.913365, -0.000267062, -0.0001882232
  -43.913365, -0.0003121038, -0.0001882232
  -43.913365, -6.01886e-05, -0.0001882232
  -43.913365, -0.000304929, -0.0001882232
  -43.913365, -0.0004312852, -0.0001882232
  -43.90691, -0.0001877406, -0.00018786222
  -43.90691, -0.0003121038, -0.00018786222
  -43.90691, -0.0004815088, -0.00018786222
  -43.90691, -0.0001104122, -0.00018786222
  -43.90691, -0.0004269006, -0.00018786222
  -43.90691, -0.0001303422, -0.00018786222
  -43.90691, -0.0002064748, -0.00018786222
  -43.90691, -0.0001821602, -0.00018786222
  -43.900455, -0.0001996986, -0.00018750104
  -43.900455, -0.0001630274, -0.00018750104
  -43.900455, -0.0001777756, -0.00018750104
  -43.900455, -0.0003017402, -0.00018750104
  -43.900455, -0.0002148454, -0.00018750104
  -43.900455, -2.83006e-05, -0.00018750104
  -43.900455, -0.0003551526, -0.00018750104
  -43.900455, -0.0003196772, -0.00018750104
  -43.900455, -0.0003854462, -0.00018750104
  -43.894, -0.0002602858, -0.00018713966
  -43.894, -0.0002204258, -0.00018713966
  -43.894, -0.000233181, -0.00018713966
  -43.894, -6.5769e-05, -0.00018713966
  -43.894, -0.0002335796, -0.00018713966
  -43.894, -0.0001383142, -0.00018713966
  -43.887545, -0.0003336282, -0.00018677809
  -43.887545, -0.0001801672, -0.00018677809
  -43.887545, -0.0001638246, -0.00018677809
  -43.887545, -0.0001921252, -0.00018677809
  -43.887545, -0.0001407058, -0.00018677809
  -43.887545, -0.0004500194, -0.00018677809
  -43.887545, -0.000332831, -0.00018677809
  -43.887545, -5.62026e-05, -0.00018677809
  -43.887545, -0.0001777756, -0.00018677809
  -43.887545, -0.0001566498, -0.00018677809
  -43.887545, -0.0003683064, -0.00018677809
  -43.887545, 3.50768e-05, -0.00018677809
  -43.887545, -0.0003950126, -0.00018677809
  -43.887545, -0.0001590414, -0.00018677809
  -43.887545, -0.0002176356, -0.00018677809
  -43.887545, -5.66012e-05, -0.00018677809
  -43.88109, -0.0002467334, -0.00018641632
  -43.88109, -0.0001725938, -0.00018641632
  -43.88109, -0.0001909294, -0.00018641632
  -43.88109, -9.80556e-05, -0.00018641632
  -43.88109, -0.0001721952, -0.00018641632
  -43.88109, -5.85942e-05, -0.00018641632
  -43.88109, -0.0001570484, -0.00018641632
  -43.88109, -0.0004057748, -0.00018641632
  -43.88109, -0.0001642232, -0.00018641632
  -43.874635, -0.0002842018, -0.00018605436
  -43.874635, -0.0002387614, -0.00018605436
  -43.874635, -0.000428495, -0.00018605436
  -43.874635, -0.0002307894, -0.00018605436
  -43.874635, -0.0002953626, -0.00018605436
  -43.874635, -7.972e-07, -0.00018605436
  -43.874635, -0.000292971, -0.00018605436
  -43.86818, -0.0003798658, -0.00018569219
  -43.86818, -0.0002295936, -0.00018569219
  -43.86818, -2.94964e-05, -0.00018569219
  -43.86818, -3.46782e-05, -0.00018569219
  -43.86818, -0.0002307894, -0.00018569219
  -43.86818, 1.35524e-05, -0.00018569219
  -43.86818, -3.986e-06, -0.00018569219
  -43.86818, -0.0001682092, -0.00018569219
  -43.86818, 1.993e-06, -0.00018569219
  -43.861725, -0.0002463348, -0.00018532983
  -43.861725, -0.0003001458, -0.00018532983
  -43.861725, -0.0001666148, -0.00018532983
  -43.861725, -0.000233181, -0.00018532983
  -43.861725, -0.0002945654, -0.00018532983
  -43.861725, -0.000103636, -0.00018532983
  -43.861725, -0.000390628, -0.00018532983
  -43.861725, -0.0003970056, -0.00018532983
  -43.861725, -0.0003176842, -0.00018532983
  -43.861725, -8.29088e-05, -0.00018532983
  -43.861725, -0.0001885378, -0.00018532983
  -43.861725, -0.0001797686, -0.00018532983
  -43.861725, -0.000245139, -0.00018532983
  -43.85527, -0.0002826074, -0.00018496727
  -43.85527, -0.0001957126, -0.00018496727
  -43.85527, -0.0001379156, -0.00018496727
  -43.85527, -0.0003714952, -0.00018496727
  -43.85527, -0.000368705, -0.00018496727
  -43.85527, -0.0004093622, -0.00018496727
  -43.85527, -8.7692e-05, -0.00018496727
  -43.85527, -0.000314894, -0.00018496727
  -43.85527, -0.0001678106, -0.00018496727
  -43.85527, -0.0002000972, -0.00018496727
  -43.85527, -0.0003113066, -0.00018496727
  -43.848815, -0.000111608, -0.00018460452
  -43.848815, -0.0003320338, -0.00018460452
  -43.848815, -0.0002686564, -0.00018460452
  -43.848815, 5.1818e-05, -0.00018460452
  -43.84236, -0.0002965584, -0.00018424157
  -43.84236, -0.0001945168, -0.00018424157
  -43.84236, -0.0003734882, -0.00018424157
  -43.84236, -0.0001638246, -0.00018424157
  -43.84236, -0.0001279506, -0.00018424157
  -43.835905, 4.62376e-05, -0.00018387842
  -43.835905, -0.0002562998, -0.00018387842
  -43.835905, -0.0002806144, -0.00018387842
  -43.835905, -0.0001829574, -0.00018387842
  -43.82945, -0.0003172856, -0.00018351507
  -43.82945, -0.0003730896, -0.00018351507
  -43.82945, -0.0002084678, -0.00018351507
  -43.82945, -0.0001841532, -0.00018351507
  -43.822995, -4.5839e-05, -0.00018315152
  -43.822995, -0.0003061248, -0.00018315152
  -43.822995, -0.0001989014, -0.00018315152
  -43.822995, -0.0001849504, -0.00018315152
  -43.822995, 3.986e-07, -0.00018315152
  -43.822995, -0.0001917266, -0.00018315152
  -43.81654, -0.0003256562, -0.00018278778
  -43.810085, -9.08808e-05, -0.00018242384
  -43.80363, -0.0001219716, -0.0001820597
  -43.79072, -0.000368705, -0.00018133082
  -43.784265, -0.0001749854, -0.00018096608
  -43.784265, -0.0002367684, -0.00018096608
  -43.77781, -0.0003300408, -0.00018060115
  -43.77781, -0.000332831, -0.00018060115
  -43.77781, 3.02936e-05, -0.00018060115
  -43.771355, -0.0003898308, -0.00018023602
  -43.771355, -8.88878e-05, -0.00018023602
  -43.7649, -0.0002726424, -0.00017987068
  -43.7649, -0.0001729924, -0.00017987068
  -43.7649, -0.0001937196, -0.00017987068
  -43.758445, -0.0002981528, -0.00017950515
  -43.732625, -0.0001765798, -0.00017804103
  -43.72617, 5.46082e-05, -0.0001776745
  -43.719715, -0.0003001458, -0.00017730777
  -43.719715, -2.83006e-05, -0.00017730777
  -43.719715, -0.0001506708, -0.00017730777
  -43.706805, 0.0002180342, -0.0001765737
  -43.68744, -0.0001709994, -0.00017547111
  -43.68744, -3.82656e-05, -0.00017547111
  -43.67453, -0.0001203772, -0.00017473504
  -43.668075, 9.68598e-05, -0.00017436671
  -43.66162, -0.0003264534, -0.00017399817
  -43.64871, -0.0002917752, -0.00017326049
  -43.64871, -0.0001040346, -0.00017326049
  -43.64871, -0.0001945168, -0.00017326049
  -43.642255, -0.0002016916, -0.00017289135
  -43.642255, -0.0003439918, -0.00017289135
  -43.60998, -2.83006e-05, -0.00017104261
  -43.603525, -0.0002925724, -0.00017067226
  -43.590615, -0.000165419, -0.00016993094
  -43.577705, -0.0001482792, -0.00016918882
  -43.577705, -0.0003280478, -0.00016918882
  -43.57125, -0.0001829574, -0.00016881745
  -43.57125, -0.0001841532, -0.00016881745
  -43.551885, -0.0002100622, -0.00016770212
  -43.551885, 3.986e-07, -0.00016770212
  -43.538975, -0.0001590414, -0.00016695755
  -43.538975, -0.000145489, -0.00016695755
  -43.53252, -5.89928e-05, -0.00016658496
  -43.526065, -0.0002901808, -0.00016621217
  -43.5067, -0.0002387614, -0.00016509256
  -43.487335, -0.0001072234, -0.00016397111
  -43.487335, -0.000141503, -0.00016397111
  -43.474425, -0.0002323838, -0.00016322245
  -43.46797, -0.0002128524, -0.00016284781
  -43.461515, -0.0003858448, -0.00016247297
  -43.45506, -0.000213251, -0.00016209792
  -43.44215, -7.29438e-05, -0.00016134721
  -43.42924, -0.0001686078, -0.00016059567
  -43.422785, 4.02586e-05, -0.00016021959
  -43.422785, -0.0001466848, -0.00016021959
  -43.409875, -7.21466e-05, -0.00015946681
  -43.396965, -0.000306922, -0.00015871321
  -43.3776, -0.0001785728, -0.00015758125
  -43.371145, -5.06222e-05, -0.00015720352
  -43.358235, -0.0001989014, -0.00015644743
  -43.358235, -5.69998e-05, -0.00015644743
  -43.35178, -7.1748e-05, -0.00015606907
  -43.345325, -0.0002295936, -0.00015569051
  -43.33887, -0.000223216, -0.00015531174
  -43.319505, -0.0001446918, -0.00015417417
  -43.319505, -0.0002798172, -0.00015417417
  -43.306595, -0.0002180342, -0.00015341475
  -43.30014, -0.0002503208, -0.00015303472
  -43.30014, -0.000223216, -0.00015303472
  -43.280775, -0.0001048318, -0.0001518934
  -43.267865, -3.74684e-05, -0.00015113147
  -43.254955, -0.0004611802, -0.0001503687
  -43.254955, -0.0003882364, -0.0001503687
  -43.229135, -0.0003404044, -0.00014884063
  -43.22268, -0.0002168384, -0.00014845809
  -43.20977, -0.0002016916, -0.00014769238
  -43.190405, -0.0001949154, -0.00014654222
  -43.18395, -0.0001171884, -0.00014615841
  -43.18395, -0.0002893836, -0.00014615841
  -43.177495, -0.0003061248, -0.0001457744
  -43.17104, -0.000288985, -0.00014539016
  -43.17104, 0.0001339296, -0.00014539016
  -43.15813, -0.0001993, -0.00014462107
  -43.151675, 0.000155454, -0.0001442362
  -43.151675, -0.0001566498, -0.0001442362
  -43.14522, -0.000165419, -0.00014385112
  -43.14522, -0.0001889364, -0.00014385112
  -43.125855, -0.0004073692, -0.00014269461
  -43.112945, -7.85242e-05, -0.00014192254
  -43.112945, -5.50068e-05, -0.00014192254
  -43.10649, -0.0001104122, -0.00014153618
  -43.10649, -0.0002036846, -0.00014153618
  -43.10649, -0.0001171884, -0.00014153618
  -43.10649, 8.64962e-05, -0.00014153618
  -43.10649, -0.0002120552, -0.00014153618
  -43.100035, -9.20766e-05, -0.00014114961
  -43.09358, -0.0002224188, -0.00014076283
  -43.09358, 3.986e-07, -0.00014076283
  -43.087125, -1.67412e-05, -0.00014037584
  -43.087125, -0.0002778242, -0.00014037584
  -43.087125, -5.06222e-05, -0.00014037584
  -43.087125, -4.1853e-05, -0.00014037584
  -43.087125, 3.86642e-05, -0.00014037584
  -43.08067, -7.13494e-05, -0.00013998863
  -43.08067, 7.01536e-05, -0.00013998863
  -43.074215, -0.0001383142, -0.00013960121
  -43.074215, -7.81256e-05, -0.00013960121
  -43.06776, 0.000121573, -0.00013921357
  -43.06776, -0.0002176356, -0.00013921357
  -43.061305, -8.33074e-05, -0.00013882572
  -43.05485, -0.0002594886, -0.00013843765
  -43.05485, -0.0001865448, -0.00013843765
  -43.048395, -0.0003085164, -0.00013804937
  -43.04194, -0.0002188314, -0.00013766088
  -43.035485, -1.63426e-05, -0.00013727217
  -43.035485, -0.0001969084, -0.00013727217
  -43.035485, -0.0002742368, -0.00013727217
  -43.022575, -0.000101643, -0.00013649411
  -42.996755, -0.000215244, -0.00013493541
  -42.9903, -0.0004237118, -0.00013454519
  -42.983845, -0.0003340268, -0.00013415476
  -42.983845, -0.0001925238, -0.00013415476
  -42.970935, -0.0001132024, -0.00013337325
  -42.970935, -0.000211258, -0.00013337325
  -42.958025, -0.0002774256, -0.00013259088
  -42.95157, -0.0002307894, -0.00013219937
  -42.95157, -3.94614e-05, -0.00013219937
  -42.95157, -8.01186e-05, -0.00013219937
  -42.95157, -0.0002339782, -0.00013219937
  -42.945115, 0.0001104122, -0.00013180764
  -42.945115, -0.0003423974, -0.00013180764
  -42.945115, -0.0001084192, -0.00013180764
  -42.945115, -4.14544e-05, -0.00013180764
  -42.945115, -0.0002088664, -0.00013180764
  -42.945115, 0.0001989014, -0.00013180764
  -42.93866, -2.1923e-05, -0.0001314157
  -42.93866, 0.000113601, -0.0001314157
  -42.93866, 5.1818e-06, -0.0001314157
  -42.93866, -0.0002367684, -0.0001314157
  -42.93866, -0.0001466848, -0.0001314157
  -42.93866, -0.0002598872, -0.0001314157
  -42.93866, -0.0003782714, -0.0001314157
  -42.932205, -0.0001909294, -0.00013102354
  -42.932205, -5.3811e-05, -0.00013102354
  -42.932205, -0.0002467334, -0.00013102354
  -42.932205, -0.0001801672, -0.00013102354
  -42.932205, -0.0001462862, -0.00013102354
  -42.932205, -4.3846e-05, -0.00013102354
  -42.932205, -9.5664e-05, -0.00013102354
  -42.932205, -0.0001104122, -0.00013102354
  -42.932205, -0.0001231674, -0.00013102354
  -42.92575, -0.0001921252, -0.00013063116
  -42.92575, 0, -0.00013063116
  -42.92575, 0.000191328, -0.00013063116
  -42.92575, -0.0002814116, -0.00013063116
  -42.92575, -9.44682e-05, -0.00013063116
  -42.92575, -0.0003702994, -0.00013063116
  -42.92575, -0.0001662162, -0.00013063116
  -42.92575, -0.000384649, -0.00013063116
  -42.919295, -1.27552e-05, -0.00013023856
  -42.919295, -0.0001765798, -0.00013023856
  -42.919295, -5.7797e-05, -0.00013023856
  -42.919295, -2.94964e-05, -0.00013023856
  -42.919295, -0.0003061248, -0.00013023856
  -42.919295, -0.0002483278, -0.00013023856
  -42.919295, -6.85592e-05, -0.00013023856
  -42.919295, -0.000173391, -0.00013023856
  -42.919295, 0.0001000486, -0.00013023856
  -42.919295, -8.60976e-05, -0.00013023856
  -42.91284, -0.0001737896, -0.00012984575
  -42.91284, 0.0001558526, -0.00012984575
  -42.91284, -0.000316887, -0.00012984575
  -42.91284, -0.0002024888, -0.00012984575
  -42.91284, -2.90978e-05, -0.00012984575
  -42.91284, -0.0001678106, -0.00012984575
  -42.91284, -0.0002323838, -0.00012984575
  -42.91284, 0.0001921252, -0.00012984575
  -42.91284, -5.62026e-05, -0.00012984575
  -42.91284, -0.0003224674, -0.00012984575
  -42.91284, -9.60626e-05, -0.00012984575
  -42.91284, -0.0001965098, -0.00012984575
  -42.906385, 5.7797e-05, -0.00012945272
  -42.906385, -0.0003017402, -0.00012945272
  -42.906385, -0.0001658176, -0.00012945272
  -42.906385, -6.81606e-05, -0.00012945272
  -42.906385, 1.7937e-05, -0.00012945272
  -42.906385, -0.0001203772, -0.00012945272
  -42.906385, -4.46432e-05, -0.00012945272
  -42.906385, -0.0001502722, -0.00012945272
  -42.89993, -0.000141503, -0.00012905947
  -42.89993, -2.55104e-05, -0.00012905947
  -42.893475, -8.7692e-06, -0.00012866601
  -42.893475, -4.22516e-05, -0.00012866601
  -42.893475, -4.70348e-05, -0.00012866601
  -42.893475, 6.49718e-05, -0.00012866601
  -42.88702, 0.000175384, -0.00012827233
  -42.88702, -0.000131538, -0.00012827233
  -42.88702, -0.0001203772, -0.00012827233
  -42.880565, -0.0001989014, -0.00012787842
  -42.867655, -2.07272e-05, -0.00012708997
  -42.854745, -0.000181363, -0.00012630064
  -42.841835, -9.40696e-05, -0.00012551043
  -42.83538, -0.000322866, -0.000125115
  -42.816015, -0.000283006, -0.00012392739
  -42.79665, 0.0002375656, -0.00012273781
  -42.777285, -5.26152e-05, -0.00012154624
  -42.777285, -5.69998e-05, -0.00012154624
  -42.75792, -0.0004320824, -0.00012035269
  -42.751465, -7.25452e-05, -0.0001199544
  -42.725645, -0.0002268034, -0.00011835903
  -42.71919, 9.24752e-05, -0.00011795963
  -42.712735, -0.0001546568, -0.00011756001
  -42.70628, 0.000111608, -0.00011716017
  -42.699825, 1.15594e-05, -0.00011676011
  -42.69337, -5.46082e-05, -0.00011635982
  -42.686915, -0.0002056776, -0.00011595932
  -42.686915, 2.71048e-05, -0.00011595932
  -42.674005, 1.51468e-05, -0.00011515764
  -42.66755, -6.73634e-05, -0.00011475646
  -42.661095, -3.14894e-05, -0.00011435506
  -42.65464, -0.0002024888, -0.00011395344
  -42.64173, -8.25102e-05, -0.00011314953
  -42.62882, -0.0002503208, -0.00011234473
  -42.61591, -0.0001024402, -0.00011153903
  -42.603, -0.0001068248, -0.00011073243
  -42.59009, -2.94964e-05, -0.00010992494
  -42.583635, -0.0002798172, -0.00010952086
  -42.56427, -0.000169405, -0.00010830726
  -42.56427, -0.000113601, -0.00010830726
  -42.56427, -0.0002048804, -0.00010830726
  -42.56427, -0.0001407058, -0.00010830726
  -42.53845, -0.0003962084, -0.00010668598
  -42.49972, -0.0001124052, -0.00010424728
  -42.493265, -0.000201293, -0.00010384004
  -42.48681, -0.000155454, -0.00010343257
  -42.48681, -0.0001391114, -0.00010343257
  -42.480355, 0.0001271534, -0.00010302487
  -42.4739, -7.73284e-05, -0.00010261695
  -42.467445, -9.92514e-05, -0.0001022088
  -42.467445, -0.0002535096, -0.0001022088
  -42.454535, -7.85242e-05, -0.00010139182
  -42.454535, -0.000233181, -0.00010139182
  -42.428715, 2.3916e-06, -9.975512e-05
  -42.42226, -9.72584e-05, -9.9345376e-05
  -42.402895, -0.0002479292, -9.8114772e-05
  -42.402895, -0.0001247618, -9.8114772e-05
  -42.389985, -0.000294964, -9.7293227e-05
  -42.377075, -7.13494e-05, -9.6470765e-05
  -42.364165, -9.32724e-05, -9.5647385e-05
  -42.35771, -0.0002387614, -9.5235351e-05
  -42.35771, -0.000153461, -9.5235351e-05
  -42.351255, -0.0002164398, -9.4823087e-05
  -42.338345, -0.0002574956, -9.399787e-05
  -42.338345, -0.000265069, -9.399787e-05
  -42.325435, -0.0001817616, -9.3171731e-05
  -42.325435, -0.000173391, -9.3171731e-05
  -42.312525, -0.0002335796, -9.234467e-05
  -42.30607, -0.000107622, -9.1930794e-05
  -42.299615, 7.972e-07, -9.1516686e-05
  -42.299615, -0.0001606358, -9.1516686e-05
  -42.299615, -2.67062e-05, -9.1516686e-05
  -42.29316, 8.3706e-05, -9.1102348e-05
  -42.29316, -0.0002977542, -9.1102348e-05
  -42.29316, -0.0002638732, -9.1102348e-05
  -42.29316, -0.0002008944, -9.1102348e-05
  -42.286705, -0.000163426, -9.0687778e-05
  -42.28025, -7.29438e-05, -9.0272977e-05
  -42.28025, -0.0001442932, -9.0272977e-05
  -42.273795, -9.04822e-05, -8.9857944e-05
  -42.273795, 3.46782e-05, -8.9857944e-05
  -42.273795, 0.0001885378, -8.9857944e-05
  -42.273795, -0.0001339296, -8.9857944e-05
  -42.273795, -0.0001419016, -8.9857944e-05
  -42.26734, 1.1958e-06, -8.9442679e-05
  -42.260885, -0.0001100136, -8.9027183e-05
  -42.260885, -0.0002028874, -8.9027183e-05
  -42.260885, -7.5734e-06, -8.9027183e-05
  -42.260885, -0.0001945168, -8.9027183e-05
  -42.260885, -0.0001299436, -8.9027183e-05
  -42.260885, -0.0001319366, -8.9027183e-05
  -42.260885, -0.000284999, -8.9027183e-05
  -42.25443, -0.0001044332, -8.8611455e-05
  -42.25443, -4.1853e-05, -8.8611455e-05
  -42.247975, -0.000151468, -8.8195494e-05
  -42.247975, 7.85242e-05, -8.8195494e-05
  -42.247975, -0.000181363, -8.8195494e-05
  -42.247975, -0.000185349, -8.8195494e-05
  -42.247975, -0.000169405, -8.8195494e-05
  -42.247975, 9.3671e-05, -8.8195494e-05
  -42.247975, -0.0002088664, -8.8195494e-05
  -42.24152, -0.0002100622, -8.7779302e-05
  -42.24152, 7.05522e-05, -8.7779302e-05
  -42.24152, 0.0001777756, -8.7779302e-05
  -42.24152, -9.00836e-05, -8.7779302e-05
  -42.24152, -0.000155454, -8.7779302e-05
  -42.24152, -0.0002455376, -8.7779302e-05
  -42.24152, -0.0001203772, -8.7779302e-05
  -42.24152, -0.0001478806, -8.7779302e-05
  -42.235065, -8.09158e-05, -8.7362876e-05
  -42.235065, -6.09858e-05, -8.7362876e-05
  -42.235065, -0.0001709994, -8.7362876e-05
  -42.235065, 3.90628e-05, -8.7362876e-05
  -42.235065, 0.0002698522, -8.7362876e-05
  -42.235065, -7.01536e-05, -8.7362876e-05
  -42.235065, -9.60626e-05, -8.7362876e-05
  -42.235065, -0.000245139, -8.7362876e-05
  -42.235065, -0.000149475, -8.7362876e-05
  -42.235065, -3.14894e-05, -8.7362876e-05
  -42.235065, 0.0001191814, -8.7362876e-05
  -42.22861, -0.0003758798, -8.6946219e-05
  -42.22861, -0.0001530624, -8.6946219e-05
  -42.22861, -0.0002236146, -8.6946219e-05
  -42.22861, -3.02936e-05, -8.6946219e-05
  -42.22861, 0.0001339296, -8.6946219e-05
  -42.22861, -0.0001777756, -8.6946219e-05
  -42.22861, -0.0001207758, -8.6946219e-05
  -42.22861, -1.31538e-05, -8.6946219e-05
  -42.22861, 0.0001646218, -8.6946219e-05
  -42.22861, -0.0001024402, -8.6946219e-05
  -42.22861, -0.0003619288, -8.6946219e-05
  -42.22861, -0.000123566, -8.6946219e-05
  -42.222155, -0.0001303422, -8.6529328e-05
  -42.222155, 5.50068e-05, -8.6529328e-05
  -42.222155, -0.0001825588, -8.6529328e-05
  -42.222155, -0.0001084192, -8.6529328e-05
  -42.222155, 3.986e-07, -8.6529328e-05
  -42.222155, 0.0001845518, -8.6529328e-05
  -42.222155, -0.000111608, -8.6529328e-05
  -42.222155, -0.000364719, -8.6529328e-05
  -42.222155, -9.68598e-05, -8.6529328e-05
  -42.222155, -7.7727e-05, -8.6529328e-05
  -42.222155, 1.91328e-05, -8.6529328e-05
  -42.222155, 0.0002379642, -8.6529328e-05
  -42.2157, 1.27552e-05, -8.6112205e-05
  -42.2157, -0.0001526638, -8.6112205e-05
  -42.2157, 0.0001052304, -8.6112205e-05
  -42.2157, -0.0002363698, -8.6112205e-05
  -42.2157, -9.80556e-05, -8.6112205e-05
  -42.2157, -0.0002220202, -8.6112205e-05
  -42.2157, -8.88878e-05, -8.6112205e-05
  -42.2157, -0.0001132024, -8.6112205e-05
  -42.209245, -0.0002447404, -8.5694849e-05
  -42.209245, 5.5804e-06, -8.5694849e-05
  -42.209245, 4.7832e-06, -8.5694849e-05
  -42.209245, 0.0001139996, -8.5694849e-05
  -42.209245, -0.0001949154, -8.5694849e-05
  -42.209245, -0.0001502722, -8.5694849e-05
  -42.20279, 0.0001490764, -8.5277259e-05
  -42.20279, 3.42796e-05, -8.5277259e-05
  -42.20279, -6.01886e-05, -8.5277259e-05
  -42.20279, -5.1818e-05, -8.5277259e-05
  -42.20279, -0.0003292436, -8.5277259e-05
  -42.20279, -0.0002527124, -8.5277259e-05
  -42.20279, -0.0003041318, -8.5277259e-05
  -42.20279, -0.0001546568, -8.5277259e-05
  -42.20279, 5.42096e-05, -8.5277259e-05
  -42.20279, -7.09508e-05, -8.5277259e-05
  -42.196335, -8.9685e-05, -8.4859436e-05
  -42.196335, -0.000229195, -8.4859436e-05
  -42.196335, -2.7902e-06, -8.4859436e-05
  -42.196335, -0.0003376142, -8.4859436e-05
  -42.196335, -0.0003451876, -8.4859436e-05
  -42.196335, -0.0001307408, -8.4859436e-05
  -42.196335, 0.0001841532, -8.4859436e-05
  -42.196335, -4.54404e-05, -8.4859436e-05
  -42.18988, -5.66012e-05, -8.444138e-05
  -42.18988, -9.44682e-05, -8.444138e-05
  -42.18988, -0.0002698522, -8.444138e-05
  -42.18988, -8.64962e-05, -8.444138e-05
  -42.183425, -0.0001259576, -8.402309e-05
  -42.183425, -0.0003356212, -8.402309e-05
  -42.183425, -0.000151468, -8.402309e-05
  -42.17697, -0.000107622, -8.3604567e-05
  -42.17697, 0.0002834046, -8.3604567e-05
  -42.17697, -0.000300943, -8.3604567e-05
  -42.17697, -0.0002176356, -8.3604567e-05
  -42.170515, -0.0001088178, -8.3185809e-05
  -42.16406, -0.0001263562, -8.2766818e-05
  -42.16406, -0.0001506708, -8.2766818e-05
  -42.16406, -9.1678e-05, -8.2766818e-05
  -42.16406, -0.0003619288, -8.2766818e-05
  -42.16406, 0.0001530624, -8.2766818e-05
  -42.16406, -7.41396e-05, -8.2766818e-05
  -42.16406, 6.1783e-05, -8.2766818e-05
  -42.16406, -0.0001761812, -8.2766818e-05
  -42.157605, 0.000165419, -8.2347592e-05
  -42.15115, 8.92864e-05, -8.1928132e-05
  -42.15115, -0.0003352226, -8.1928132e-05
  -42.15115, -3.986e-06, -8.1928132e-05
  -42.15115, 0.0001012444, -8.1928132e-05
  -42.144695, 0.0001482792, -8.1508437e-05
  -42.144695, -8.60976e-05, -8.1508437e-05
  -42.144695, -0.0001426988, -8.1508437e-05
  -42.144695, -2.71048e-05, -8.1508437e-05
  -42.144695, -0.0001239646, -8.1508437e-05
  -42.13824, -0.0002642718, -8.1088508e-05
  -42.13824, -0.0001147968, -8.1088508e-05
  -42.13824, -0.0002826074, -8.1088508e-05
  -42.13824, 0.0001120066, -8.1088508e-05
  -42.131785, -0.000167412, -8.0668344e-05
  -42.131785, 0.000177377, -8.0668344e-05
  -42.12533, 1.71398e-05, -8.0247945e-05
  -42.12533, -0.0002682578, -8.0247945e-05
  -42.118875, -0.0003216702, -7.9827311e-05
  -42.118875, -0.000241153, -7.9827311e-05
  -42.118875, 0.0001379156, -7.9827311e-05
  -42.118875, -3.5874e-05, -7.9827311e-05
  -42.118875, 1.993e-06, -7.9827311e-05
  -42.11242, -0.0002682578, -7.9406442e-05
  -42.11242, -0.0001423002, -7.9406442e-05
  -42.11242, 4.22516e-05, -7.9406442e-05
  -42.11242, 1.31538e-05, -7.9406442e-05
  -42.11242, -0.0001941182, -7.9406442e-05
  -42.11242, -0.0001219716, -7.9406442e-05
  -42.11242, -0.0001000486, -7.9406442e-05
  -42.11242, -0.0003204744, -7.9406442e-05
  -42.11242, -6.73634e-05, -7.9406442e-05
  -42.11242, -0.0001359226, -7.9406442e-05
  -42.11242, 2.3916e-06, -7.9406442e-05
  -42.105965, -9.60626e-05, -7.8985337e-05
  -42.105965, -0.000344789, -7.8985337e-05
  -42.105965, 3.10908e-05, -7.8985337e-05
  -42.105965, -0.0002287964, -7.8985337e-05
  -42.105965, 0.0004001944, -7.8985337e-05
  -42.105965, -0.0002256076, -7.8985337e-05
  -42.09951, -3.74684e-05, -7.8563997e-05
  -42.09951, -9.1678e-06, -7.8563997e-05
  -42.09951, -4.94264e-05, -7.8563997e-05
  -42.09951, -0.0003643204, -7.8563997e-05
  -42.09951, 1.43496e-05, -7.8563997e-05
  -42.09951, -0.0002399572, -7.8563997e-05
  -42.093055, -0.0001287478, -7.8142421e-05
  -42.093055, -0.0003579428, -7.8142421e-05
  -42.093055, -0.0001857476, -7.8142421e-05
  -42.093055, -8.72934e-05, -7.8142421e-05
  -42.093055, -0.0002582928, -7.8142421e-05
  -42.093055, -0.0001120066, -7.8142421e-05
  -42.093055, -0.0002168384, -7.8142421e-05
  -42.0866, -0.0002224188, -7.772061e-05
  -42.0866, -0.0001745868, -7.772061e-05
  -42.0866, -0.0002921738, -7.772061e-05
  -42.0866, 8.7692e-06, -7.772061e-05
  -42.0866, -9.04822e-05, -7.772061e-05
  -42.080145, -0.0001092164, -7.7298562e-05
  -42.080145, -0.000177377, -7.7298562e-05
  -42.080145, 3.82656e-05, -7.7298562e-05
  -42.080145, -7.65312e-05, -7.7298562e-05
  -42.07369, -0.0001243632, -7.6876279e-05
  -42.07369, -0.0002993486, -7.6876279e-05
  -42.07369, -0.000366712, -7.6876279e-05
  -42.07369, 0.0002264048, -7.6876279e-05
  -42.07369, -0.0001662162, -7.6876279e-05
  -42.067235, -0.000304929, -7.6453759e-05
  -42.067235, 6.09858e-05, -7.6453759e-05
  -42.067235, 3.82656e-05, -7.6453759e-05
  -42.067235, -9.3671e-05, -7.6453759e-05
  -42.067235, 2.47132e-05, -7.6453759e-05
  -42.067235, -0.0001721952, -7.6453759e-05
  -42.06078, 9.28738e-05, -7.6031002e-05
  -42.06078, 9.88528e-05, -7.6031002e-05
  -42.06078, -0.0003515652, -7.6031002e-05
  -42.06078, -3.986e-05, -7.6031002e-05
  -42.054325, -5.62026e-05, -7.5608009e-05
  -42.054325, -8.1713e-05, -7.5608009e-05
  -42.054325, -4.74334e-05, -7.5608009e-05
  -42.054325, -8.84892e-05, -7.5608009e-05
  -42.054325, 1.35524e-05, -7.5608009e-05
  -42.04787, -0.0002024888, -7.518478e-05
  -42.04787, 0.0002036846, -7.518478e-05
  -42.04787, 0.0002415516, -7.518478e-05
  -42.04787, -0.0002196286, -7.518478e-05
  -42.04787, -0.0003260548, -7.518478e-05
  -42.04787, -0.0002802158, -7.518478e-05
  -42.04787, -0.0002367684, -7.518478e-05
  -42.041415, -0.0002475306, -7.4761313e-05
  -42.041415, -0.0001829574, -7.4761313e-05
  -42.041415, -0.000362726, -7.4761313e-05
  -42.03496, 0.0001120066, -7.433761e-05
  -42.03496, -0.0001618316, -7.433761e-05
  -42.02205, -0.0001267548, -7.3489491e-05
  -42.02205, -1.91328e-05, -7.3489491e-05
  -42.015595, -0.0002148454, -7.3065076e-05
  -42.015595, -4.50418e-05, -7.3065076e-05
  -42.00914, -4.30488e-05, -7.2640423e-05
  -42.00914, -1.5944e-06, -7.2640423e-05
  -42.002685, 6.13844e-05, -7.2215532e-05
  -42.002685, -0.0002459362, -7.2215532e-05
  -41.99623, 2.7902e-05, -7.1790404e-05
  -41.99623, -0.0003192786, -7.1790404e-05
  -41.989775, -0.0002200272, -7.1365037e-05
  -41.98332, -3.30838e-05, -7.0939432e-05
  -41.976865, -0.0001263562, -7.0513589e-05
  -41.976865, -0.000145489, -7.0513589e-05
  -41.97041, -0.0001578456, -7.0087508e-05
  -41.97041, -0.0003316352, -7.0087508e-05
  -41.9575, -3.70698e-05, -6.9234628e-05
  -41.9575, -4.3846e-05, -6.9234628e-05
  -41.9575, 9.28738e-05, -6.9234628e-05
  -41.951045, -3.66712e-05, -6.880783e-05
  -41.938135, -8.45032e-05, -6.7953517e-05
  -41.93168, 0.0001000486, -6.7526001e-05
  -41.93168, -0.0001486778, -6.7526001e-05
  -41.93168, -5.34124e-05, -6.7526001e-05
  -41.925225, 0.0001259576, -6.7098246e-05
  -41.925225, 0.0001438946, -6.7098246e-05
  -41.91877, 4.30488e-05, -6.6670251e-05
  -41.91877, -0.0001761812, -6.6670251e-05
  -41.90586, -4.7832e-06, -6.5813542e-05
  -41.899405, -6.49718e-05, -6.5384827e-05
  -41.886495, -0.0002216216, -6.4526676e-05
  -41.86713, -3.986e-05, -6.3237646e-05
  -41.86713, -0.0001383142, -6.3237646e-05
  -41.86713, 0.0001159926, -6.3237646e-05
  -41.860675, -0.0001558526, -6.2807487e-05
  -41.847765, 0.0001120066, -6.1946446e-05
  -41.847765, 0.000103636, -6.1946446e-05
  -41.847765, -1.5944e-06, -6.1946446e-05
  -41.84131, 1.23566e-05, -6.1515563e-05
  -41.8284, 0.0001538596, -6.0653073e-05
  -41.821945, 7.5734e-06, -6.0221465e-05
  -41.821945, -9.60626e-05, -6.0221465e-05
  -41.81549, 0.0001339296, -5.9789615e-05
  -41.809035, 8.13144e-05, -5.9357523e-05
  -41.809035, -0.0001678106, -5.9357523e-05
  -41.796125, 8.60976e-05, -5.8492611e-05
  -41.770305, -0.0002662648, -5.6759874e-05
  -41.770305, -9.28738e-05, -5.6759874e-05
  -41.770305, -0.0003396072, -5.6759874e-05
  -41.76385, -0.0002861948, -5.6326082e-05
  -41.75094, -7.972e-07, -5.5457768e-05
  -41.744485, 3.46782e-05, -5.5023245e-05
  -41.744485, 0.000123566, -5.5023245e-05
  -41.73803, -0.0002834046, -5.4588478e-05
  -41.73803, -0.000141503, -5.4588478e-05
  -41.73803, 0.0001482792, -5.4588478e-05
  -41.731575, 6.13844e-05, -5.4153468e-05
  -41.72512, 0.0002244118, -5.3718213e-05
  -41.72512, 0.000294964, -5.3718213e-05
  -41.72512, 0.0001219716, -5.3718213e-05
  -41.72512, 7.05522e-05, -5.3718213e-05
  -41.718665, -0.0002335796, -5.3282714e-05
  -41.718665, -0.0001199786, -5.3282714e-05
  -41.705755, 2.86992e-05, -5.2410982e-05
  -41.6993, 6.29788e-05, -5.1974749e-05
  -41.692845, -0.0001092164, -5.1538271e-05
  -41.68639, -4.46432e-05, -5.1101548e-05
  -41.67348, 4.5839e-05, -5.0227367e-05
  -41.667025, -0.0002184328, -4.9789907e-05
  -41.667025, -8.9685e-05, -4.9789907e-05
  -41.64766, 1.91328e-05, -4.8476056e-05
  -41.64766, 3.22866e-05, -4.8476056e-05
  -41.64766, -0.0002279992, -4.8476056e-05
  -41.64766, -0.000201293, -4.8476056e-05
  -41.641205, -0.0001171884, -4.8037613e-05
  -41.63475, 0.0002423488, -4.7598924e-05
  -41.62184, 2.3916e-05, -4.6720806e-05
  -41.62184, 0.00013951, -4.6720806e-05
  -41.62184, 0.0001538596, -4.6720806e-05
  -41.615385, 1.63426e-05, -4.6281378e-05
  -41.615385, -9.00836e-05, -4.6281378e-05
  -41.615385, 5.3811e-05, -4.6281378e-05
  -41.60893, -0.0001590414, -4.5841702e-05
  -41.602475, 0.0001219716, -4.5401779e-05
  -41.59602, 0.0001307408, -4.496161e-05
  -41.59602, 0.0001012444, -4.496161e-05
  -41.58311, -7.7727e-05, -4.4080528e-05
  -41.58311, -0.0001291464, -4.4080528e-05
  -41.58311, -8.49018e-05, -4.4080528e-05
  -41.5702, -2.7902e-05, -4.3198455e-05
  -41.5702, -0.0001721952, -4.3198455e-05
  -41.5702, 4.9825e-05, -4.3198455e-05
  -41.5702, -0.000129545, -4.3198455e-05
  -41.563745, 5.69998e-05, -4.2757047e-05
  -41.563745, 0.0001231674, -4.2757047e-05
  -41.55729, 0.000117587, -4.2315391e-05
  -41.55729, -0.0002905794, -4.2315391e-05
  -41.550835, -0.0001159926, -4.1873487e-05
  -41.550835, 3.82656e-05, -4.1873487e-05
  -41.550835, 0.0001391114, -4.1873487e-05
  -41.54438, 3.14894e-05, -4.1431334e-05
  -41.54438, -1.67412e-05, -4.1431334e-05
  -41.54438, -9.68598e-05, -4.1431334e-05
  -41.54438, 0.0001829574, -4.1431334e-05
  -41.54438, 0.0003260548, -4.1431334e-05
  -41.537925, -3.50768e-05, -4.0988933e-05
  -41.537925, 0.0001163912, -4.0988933e-05
  -41.537925, 8.01186e-05, -4.0988933e-05
  -41.53147, 4.62376e-05, -4.0546283e-05
  -41.525015, -5.22166e-05, -4.0103384e-05
  -41.525015, 0.0001411044, -4.0103384e-05
  -41.525015, -0.0001789714, -4.0103384e-05
  -41.51856, 1.43496e-05, -3.9660236e-05
  -41.512105, -9.965e-05, -3.9216839e-05
  -41.50565, -0.0001343282, -3.8773192e-05
  -41.50565, 9.965e-06, -3.8773192e-05
  -41.486285, -9.965e-06, -3.7440756e-05
  -41.486285, 0.0001092164, -3.7440756e-05
  -41.486285, 2.7902e-05, -3.7440756e-05
  -41.47983, -7.25452e-05, -3.6996111e-05
  -41.47983, -0.0001251604, -3.6996111e-05
  -41.47983, 0.0001179856, -3.6996111e-05
  -41.473375, 5.5804e-06, -3.6551215e-05
  -41.46692, -7.53354e-05, -3.610607e-05
  -41.46692, 1.47482e-05, -3.610607e-05
  -41.447555, 0.0001183842, -3.4769131e-05
  -41.4411, 4.42446e-05, -3.4322983e-05
  -41.434645, 1.67412e-05, -3.3876584e-05
  -41.434645, -0.0002543068, -3.3876584e-05
  -41.42819, 1.993e-06, -3.3429934e-05
  -41.42819, 5.85942e-05, -3.3429934e-05
  -41.42819, -0.000121573, -3.3429934e-05
  -41.42819, -0.000131538, -3.3429934e-05
  -41.42819, -0.0001112094, -3.3429934e-05
  -41.421735, -0.0002622788, -3.2983033e-05
  -41.421735, -0.000161433, -3.2983033e-05
  -41.40237, 7.33424e-05, -3.164082e-05
  -41.40237, 3.22866e-05, -3.164082e-05
  -41.395915, -0.0001430974, -3.1192912e-05
  -41.395915, -8.13144e-05, -3.1192912e-05
  -41.383005, -0.0001283492, -3.029634e-05
  -41.370095, -0.0002981528, -2.9398759e-05
  -41.36364, 5.1818e-05, -2.8949589e-05
  -41.357185, -0.0002004958, -2.8500167e-05
  -41.35073, 2.67062e-05, -2.8050491e-05
  -41.35073, 0.000171398, -2.8050491e-05
  -41.344275, -8.88878e-05, -2.7600563e-05
  -41.33782, -0.0001825588, -2.7150381e-05
  -41.33782, -9.80556e-05, -2.7150381e-05
  -41.33782, -0.0001028388, -2.7150381e-05
  -41.33782, 0.000416537, -2.7150381e-05
  -41.331365, -0.000111608, -2.6699946e-05
  -41.331365, -5.1818e-06, -2.6699946e-05
  -41.331365, -0.0002000972, -2.6699946e-05
  -41.318455, -9.32724e-05, -2.5798314e-05
  -41.318455, 9.04822e-05, -2.5798314e-05
  -41.29909, -7.09508e-05, -2.4443963e-05
  -41.29909, -0.0001969084, -2.4443963e-05
  -41.29909, -0.0001646218, -2.4443963e-05
  -41.292635, -0.000263076, -2.3992004e-05
  -41.279725, 3.34824e-05, -2.3087322e-05
  -41.27327, 0.000197307, -2.2634599e-05
  -41.27327, -0.0001837546, -2.2634599e-05
  -41.266815, -0.0003332296, -2.2181621e-05
  -41.266815, 9.68598e-05, -2.2181621e-05
  -41.26036, -0.0001207758, -2.1728388e-05
  -41.253905, -0.0003384114, -2.12749e-05
  -41.24745, -0.0003196772, -2.0821156e-05
  -41.24745, 6.05872e-05, -2.0821156e-05
  -41.22163, -0.000209265, -1.9003625e-05
  -41.215175, 0.0001949154, -1.8548602e-05
  -41.20872, -5.1818e-06, -1.8093322e-05
  -41.20872, -6.81606e-05, -1.8093322e-05
  -41.19581, -0.0001498736, -1.7181994e-05
  -41.1829, 1.23566e-05, -1.6269639e-05
  -41.1829, 4.3846e-06, -1.6269639e-05
  -41.1829, -0.0002395586, -1.6269639e-05
  -41.15708, -6.1783e-05, -1.4441841e-05
  -41.15708, -9.1678e-05, -1.4441841e-05
  -41.14417, -0.0002136496, -1.3526397e-05
  -41.14417, 0.0002036846, -1.3526397e-05
  -41.137715, 1.23566e-05, -1.3068288e-05
  -41.137715, 7.09508e-05, -1.3068288e-05
  -41.13126, 3.02936e-05, -1.260992e-05
  -41.11835, 8.33074e-05, -1.1692411e-05
  -41.11835, -0.0001582442, -1.1692411e-05
  -41.10544, -0.000117587, -1.0773866e-05
  -41.098985, 0.0001725938, -1.0314206e-05
  -41.07962, -7.81256e-05, -8.9336689e-06
  -41.073165, 8.5699e-05, -8.4729711e-06
  -41.06671, -0.0001207758, -8.0120135e-06
  -41.06671, -7.972e-06, -8.0120135e-06
  -41.06671, -2.3916e-05, -8.0120135e-06
  -41.060255, 0.0001203772, -7.5507961e-06
  -41.0538, 8.68948e-05, -7.0893186e-06
  -41.0538, 2.11258e-05, -7.0893186e-06
  -41.0538, 7.73284e-05, -7.0893186e-06
  -41.047345, -0.0001921252, -6.6275809e-06
  -41.021525, 0.0001139996, -4.7780255e-06
  -41.01507, -7.33424e-05, -4.3149846e-06
  -41.00216, -2.51118e-05, -3.3881194e-06
  -41.00216, 5.54054e-05, -3.3881194e-06
  -40.995705, 0.0001861462, -2.9242947e-06
  -40.98925, 5.3811e-05, -2.4602085e-06
  -40.98925, 2.3916e-05, -2.4602085e-06
  -40.98925, 0.0002483278, -2.4602085e-06
  -40.982795, -0.0001630274, -1.9958605e-06
  -40.982795, -1.1958e-05, -1.9958605e-06
  -40.97634, -6.89578e-05, -1.5312507e-06
  -40.969885, 0.0001299436, -1.0663788e-06
  -40.96343, -0.0003316352, -6.0124476e-07
  -40.96343, -0.0001203772, -6.0124476e-07
  -40.9247, -0.0003986, 2.1950743e-06
  -40.89888, 0.0001223702, 4.0645504e-06
  -40.892425, 0.0001618316, 4.5325788e-06
  -40.892425, 3.66712e-05, 4.5325788e-06
  -40.88597, 7.972e-05, 5.0008712e-06
  -40.88597, -1.67412e-05, 5.0008712e-06
  -40.88597, -9.40696e-05, 5.0008712e-06
  -40.88597, 3.86642e-05, 5.0008712e-06
  -40.879515, 3.5874e-05, 5.4694279e-06
  -40.879515, 0.0001542582, 5.4694279e-06
  -40.879515, 6.69648e-05, 5.4694279e-06
  -40.879515, -4.82306e-05, 5.4694279e-06
  -40.87306, -9.5664e-05, 5.9382489e-06
  -40.87306, 1.55454e-05, 5.9382489e-06
  -40.87306, 9.80556e-05, 5.9382489e-06
  -40.87306, 0.000111608, 5.9382489e-06
  -40.87306, -7.1748e-05, 5.9382489e-06
  -40.866605, -0.0001566498, 6.4073344e-06
  -40.86015, -2.3916e-06, 6.8766846e-06
  -40.86015, 9.60626e-05, 6.8766846e-06
  -40.86015, 0.0003017402, 6.8766846e-06
  -40.86015, 9.80556e-05, 6.8766846e-06
  -40.86015, 1.1958e-05, 6.8766846e-06
  -40.86015, 8.45032e-05, 6.8766846e-06
  -40.853695, 0.0002048804, 7.3462996e-06
  -40.84724, -0.0001925238, 7.8161796e-06
  -40.84724, 0.0001124052, 7.8161796e-06
  -40.840785, 0.0001749854, 8.2863247e-06
  -40.840785, 0.000137517, 8.2863247e-06
  -40.83433, -7.89228e-05, 8.7567351e-06
  -40.83433, -0.000187342, 8.7567351e-06
  -40.83433, -4.30488e-05, 8.7567351e-06
  -40.827875, 0.0001387128, 9.227411e-06
  -40.827875, 0.0001749854, 9.227411e-06
  -40.82142, 2.71048e-05, 9.6983525e-06
  -40.82142, -0.0001040346, 9.6983525e-06
  -40.7956, -5.66012e-05, 1.1584778e-05
  -40.789145, 4.34474e-05, 1.2057049e-05
  -40.78269, -0.0001032374, 1.2529588e-05
  -40.78269, -5.5804e-06, 1.2529588e-05
  -40.78269, -0.0001462862, 1.2529588e-05
  -40.76978, -2.7902e-06, 1.3475465e-05
  -40.76978, 4.62376e-05, 1.3475465e-05
  -40.76978, -0.0001307408, 1.3475465e-05
  -40.76978, 3.5874e-05, 1.3475465e-05
  -40.763325, -0.0001921252, 1.3948804e-05
  -40.763325, 7.85242e-05, 1.3948804e-05
  -40.75687, 5.81956e-05, 1.442241e-05
  -40.75687, 0.0002020902, 1.442241e-05
  -40.75687, -0.0001307408, 1.442241e-05
  -40.75687, 0.00015944, 1.442241e-05
  -40.750415, 0.000209265, 1.4896283e-05
  -40.750415, -0.0002136496, 1.4896283e-05
  -40.750415, 0.0001801672, 1.4896283e-05
  -40.750415, -0.0001686078, 1.4896283e-05
  -40.74396, 8.1713e-05, 1.5370424e-05
  -40.74396, 0.0003037332, 1.5370424e-05
  -40.74396, 8.80906e-05, 1.5370424e-05
  -40.74396, -0.0001199786, 1.5370424e-05
  -40.737505, 2.47132e-05, 1.5844832e-05
  -40.737505, 0.0002375656, 1.5844832e-05
  -40.737505, 5.22166e-05, 1.5844832e-05
  -40.737505, -9.32724e-05, 1.5844832e-05
  -40.737505, 0.0001670134, 1.5844832e-05
  -40.737505, -3.7867e-05, 1.5844832e-05
  -40.737505, 0.0001658176, 1.5844832e-05
  -40.737505, 0.000167412, 1.5844832e-05
  -40.73105, 0.0003033346, 1.6319509e-05
  -40.73105, 0.0002379642, 1.6319509e-05
  -40.73105, 1.11608e-05, 1.6319509e-05
  -40.73105, 0.0001698036, 1.6319509e-05
  -40.724595, 1.67412e-05, 1.6794453e-05
  -40.71814, 9.7657e-05, 1.7269665e-05
  -40.71814, -0.0001028388, 1.7269665e-05
  -40.711685, 0.0001219716, 1.7745146e-05
  -40.711685, 3.62726e-05, 1.7745146e-05
  -40.70523, 0.0001124052, 1.8220895e-05
  -40.70523, 0.0001438946, 1.8220895e-05
  -40.70523, 3.986e-07, 1.8220895e-05
  -40.70523, 0.000117587, 1.8220895e-05
  -40.698775, 7.85242e-05, 1.8696912e-05
  -40.698775, -0.0001450904, 1.8696912e-05
  -40.698775, -5.50068e-05, 1.8696912e-05
  -40.69232, -0.0003260548, 1.9173198e-05
  -40.69232, -0.0002881878, 1.9173198e-05
  -40.685865, 0.0001857476, 1.9649753e-05
  -40.685865, -0.000215244, 1.9649753e-05
  -40.685865, 2.11258e-05, 1.9649753e-05
  -40.685865, -0.0001578456, 1.9649753e-05
  -40.67941, -1.993e-06, 2.0126577e-05
  -40.672955, -6.25802e-05, 2.0603671e-05
  -40.672955, 0.0003802644, 2.0603671e-05
  -40.6665, 0.0001311394, 2.1081033e-05
  -40.6665, -9.52654e-05, 2.1081033e-05
  -40.660045, -9.24752e-05, 2.1558666e-05
  -40.660045, -6.41746e-05, 2.1558666e-05
  -40.65359, -0.0001909294, 2.2036567e-05
  -40.647135, -3.82656e-05, 2.2514739e-05
  -40.64068, -0.0002124538, 2.2993181e-05
  -40.61486, -0.0001578456, 2.490965e-05
  -40.61486, -4.06572e-05, 2.490965e-05
  -40.61486, -2.31188e-05, 2.490965e-05
  -40.61486, -0.0001458876, 2.490965e-05
  -40.60195, 9.1678e-06, 2.5869508e-05
  -40.60195, -0.0001179856, 2.5869508e-05
  -40.60195, -0.0001223702, 2.5869508e-05
  -40.595495, 2.5909e-05, 2.6349844e-05
  -40.595495, 7.5734e-06, 2.6349844e-05
  -40.595495, -0.0001068248, 2.6349844e-05
  -40.58904, 0.0001829574, 2.6830451e-05
  -40.58904, -4.3846e-05, 2.6830451e-05
  -40.582585, -7.3741e-05, 2.7311329e-05
  -40.582585, -7.53354e-05, 2.7311329e-05
  -40.582585, 7.49368e-05, 2.7311329e-05
  -40.582585, 0.0002048804, 2.7311329e-05
  -40.57613, -2.55104e-05, 2.7792479e-05
  -40.57613, -9.52654e-05, 2.7792479e-05
  -40.57613, 0.0001458876, 2.7792479e-05
  -40.57613, 0.0002096636, 2.7792479e-05
  -40.57613, 2.27202e-05, 2.7792479e-05
  -40.57613, -1.993e-05, 2.7792479e-05
  -40.57613, 2.83006e-05, 2.7792479e-05
  -40.57613, -9.1678e-05, 2.7792479e-05
  -40.569675, 0.0001251604, 2.82739e-05
  -40.569675, 0.0004747326, 2.82739e-05
  -40.569675, -0.0001183842, 2.82739e-05
  -40.56322, 0.0003093136, 2.8755594e-05
  -40.56322, -0.0002088664, 2.8755594e-05
  -40.556765, 0.000207272, 2.9237559e-05
  -40.556765, -4.3846e-05, 2.9237559e-05
  -40.556765, 4.74334e-05, 2.9237559e-05
  -40.556765, -3.74684e-05, 2.9237559e-05
  -40.55031, -4.1853e-05, 2.9719797e-05
  -40.543855, 0.0002044818, 3.0202306e-05
  -40.543855, 0.0001662162, 3.0202306e-05
  -40.543855, 1.993e-06, 3.0202306e-05
  -40.5374, 5.66012e-05, 3.0685089e-05
  -40.5374, 5.06222e-05, 3.0685089e-05
  -40.52449, 5.30138e-05, 3.1651471e-05
  -40.51158, 3.986e-06, 3.2618946e-05
  -40.505125, 6.09858e-05, 3.3103093e-05
  -40.505125, -6.89578e-05, 3.3103093e-05
  -40.49867, -5.89928e-05, 3.3587513e-05
  -40.479305, -1.5944e-06, 3.5042416e-05
  -40.47285, 0.000209265, 3.5527932e-05
  -40.47285, -4.14544e-05, 3.5527932e-05
  -40.466395, 0.0001438946, 3.6013722e-05
  -40.45994, -0.0001805658, 3.6499786e-05
  -40.45994, 1.83356e-05, 3.6499786e-05
  -40.453485, 2.31188e-05, 3.6986124e-05
  -40.44703, 0.000231188, 3.7472738e-05
  -40.440575, -4.94264e-05, 3.7959626e-05
  -40.440575, -9.20766e-05, 3.7959626e-05
  -40.440575, 6.3776e-06, 3.7959626e-05
  -40.440575, -0.0001271534, 3.7959626e-05
  -40.43412, 1.35524e-05, 3.8446789e-05
  -40.43412, 6.21816e-05, 3.8446789e-05
  -40.43412, 3.1888e-05, 3.8446789e-05
  -40.43412, 0.0001147968, 3.8446789e-05
  -40.427665, 3.06922e-05, 3.8934227e-05
  -40.427665, 0.0002523138, 3.8934227e-05
  -40.427665, 0.0001622302, 3.8934227e-05
  -40.427665, -0.000117587, 3.8934227e-05
  -40.427665, -0.0001211744, 3.8934227e-05
  -40.427665, -0.0002622788, 3.8934227e-05
  -40.42121, -8.41046e-05, 3.9421941e-05
  -40.42121, 0.0001219716, 3.9421941e-05
  -40.42121, 0.000137517, 3.9421941e-05
  -40.42121, -0.000157447, 3.9421941e-05
  -40.42121, 0.0002068734, 3.9421941e-05
  -40.42121, -0.0002419502, 3.9421941e-05
  -40.42121, -0.0002188314, 3.9421941e-05
  -40.42121, -0.0001247618, 3.9421941e-05
  -40.42121, 0.000165419, 3.9421941e-05
  -40.42121, 0.0001132024, 3.9421941e-05
  -40.42121, 6.1783e-05, 3.9421941e-05
  -40.42121, 7.45382e-05, 3.9421941e-05
  -40.42121, -0.0001562512, 3.9421941e-05
  -40.42121, 0.0002726424, 3.9421941e-05
  -40.42121, -8.68948e-05, 3.9421941e-05
  -40.42121, 8.9685e-05, 3.9421941e-05
  -40.414755, 5.7797e-05, 3.990993e-05
  -40.414755, -7.01536e-05, 3.990993e-05
  -40.414755, -7.1748e-06, 3.990993e-05
  -40.414755, 0.0001271534, 3.990993e-05
  -40.414755, -9.5664e-05, 3.990993e-05
  -40.414755, 0.0001040346, 3.990993e-05
  -40.414755, 0.0001020416, 3.990993e-05
  -40.414755, -1.5944e-06, 3.990993e-05
  -40.414755, 0.0003978028, 3.990993e-05
  -40.414755, -7.89228e-05, 3.990993e-05
  -40.414755, -5.3811e-05, 3.990993e-05
  -40.414755, 0.0002040832, 3.990993e-05
  -40.4083, 0.0001032374, 4.0398194e-05
  -40.4083, -0.0001717966, 4.0398194e-05
  -40.4083, -4.3846e-05, 4.0398194e-05
  -40.4083, 5.06222e-05, 4.0398194e-05
  -40.4083, 5.1818e-05, 4.0398194e-05
  -40.4083, -1.67412e-05, 4.0398194e-05
  -40.401845, -0.0001028388, 4.0886735e-05
  -40.401845, 7.25452e-05, 4.0886735e-05
  -40.401845, -7.5734e-06, 4.0886735e-05
  -40.401845, -1.43496e-05, 4.0886735e-05
  -40.401845, 6.89578e-05, 4.0886735e-05
  -40.401845, 7.09508e-05, 4.0886735e-05
  -40.401845, 6.61676e-05, 4.0886735e-05
  -40.401845, -3.86642e-05, 4.0886735e-05
  -40.401845, 7.1748e-05, 4.0886735e-05
  -40.39539, -3.94614e-05, 4.1375551e-05
  -40.39539, -9.965e-06, 4.1375551e-05
  -40.39539, -0.0001132024, 4.1375551e-05
  -40.39539, 6.1783e-05, 4.1375551e-05
  -40.39539, 0.0001147968, 4.1375551e-05
  -40.39539, -5.06222e-05, 4.1375551e-05
  -40.39539, -0.000227202, 4.1375551e-05
  -40.39539, 0.0002602858, 4.1375551e-05
  -40.39539, 8.88878e-05, 4.1375551e-05
  -40.39539, -0.0001706008, 4.1375551e-05
  -40.39539, 9.44682e-05, 4.1375551e-05
  -40.39539, -2.7902e-05, 4.1375551e-05
  -40.39539, -7.1748e-06, 4.1375551e-05
  -40.39539, 1.993e-06, 4.1375551e-05
  -40.39539, 0.0001917266, 4.1375551e-05
  -40.39539, 1.23566e-05, 4.1375551e-05
  -40.388935, -0.0001590414, 4.1864643e-05
  -40.388935, 3.5874e-05, 4.1864643e-05
  -40.388935, 0.0001825588, 4.1864643e-05
  -40.388935, 1.87342e-05, 4.1864643e-05
  -40.388935, 7.89228e-05, 4.1864643e-05
  -40.388935, -0.000125559, 4.1864643e-05
  -40.388935, -3.34824e-05, 4.1864643e-05
  -40.388935, -0.0001450904, 4.1864643e-05
  -40.388935, -0.0001199786, 4.1864643e-05
  -40.388935, -1.95314e-05, 4.1864643e-05
  -40.388935, 6.3776e-06, 4.1864643e-05
  -40.38248, -3.1888e-06, 4.2354012e-05
  -40.38248, -7.65312e-05, 4.2354012e-05
  -40.38248, -0.0001191814, 4.2354012e-05
  -40.38248, 0.0001965098, 4.2354012e-05
  -40.38248, 0.0002148454, 4.2354012e-05
  -40.38248, 7.1748e-05, 4.2354012e-05
  -40.376025, -5.26152e-05, 4.2843657e-05
  -40.376025, 0.0001841532, 4.2843657e-05
  -40.376025, 2.03286e-05, 4.2843657e-05
  -40.376025, -0.000233181, 4.2843657e-05
  -40.36957, 4.54404e-05, 4.3333578e-05
  -40.36957, 0.0002240132, 4.3333578e-05
  -40.36957, 0.000308915, 4.3333578e-05
  -40.36957, 0.0001040346, 4.3333578e-05
  -40.363115, 0.0003244604, 4.3823776e-05
  -40.363115, -3.22866e-05, 4.3823776e-05
  -40.363115, -8.49018e-05, 4.3823776e-05
  -40.35666, -0.0001147968, 4.4314251e-05
  -40.35666, 8.21116e-05, 4.4314251e-05
  -40.350205, 0.0001028388, 4.4805004e-05
  -40.350205, 0.0003802644, 4.4805004e-05
  -40.350205, -6.05872e-05, 4.4805004e-05
  -40.350205, 1.47482e-05, 4.4805004e-05
  -40.34375, 0.000141503, 4.5296033e-05
  -40.33084, 0.0002004958, 4.6278923e-05
  -40.324385, 0.0001590414, 4.6770785e-05
  -40.324385, 0.0004559984, 4.6770785e-05
  -40.31793, -2.90978e-05, 4.7262925e-05
  -40.31793, -0.000286992, 4.7262925e-05
  -40.311475, 0.0003121038, 4.7755342e-05
  -40.311475, 6.7762e-05, 4.7755342e-05
  -40.29211, 0.0003240618, 4.9234264e-05
  -40.29211, 0.0001518666, 4.9234264e-05
  -40.29211, -0.0002507194, 4.9234264e-05
  -40.285655, 1.11608e-05, 4.9727795e-05
  -40.285655, 0.0001371184, 4.9727795e-05
  -40.285655, -7.09508e-05, 4.9727795e-05
  -40.272745, 5.73984e-05, 5.0715693e-05
  -40.26629, 0.0001642232, 5.1210061e-05
  -40.25338, -8.41046e-05, 5.2199634e-05
  -40.246925, 5.979e-06, 5.269484e-05
  -40.246925, 0.0002016916, 5.269484e-05
  -40.24047, 0.0002706494, 5.3190325e-05
  -40.234015, -6.3776e-06, 5.368609e-05
  -40.22756, -3.86642e-05, 5.4182136e-05
  -40.22756, -4.7832e-06, 5.4182136e-05
  -40.22756, -6.3776e-05, 5.4182136e-05
  -40.21465, 0.000105629, 5.5175067e-05
  -40.21465, 0.000101643, 5.5175067e-05
  -40.21465, -1.5944e-06, 5.5175067e-05
  -40.21465, 2.43146e-05, 5.5175067e-05
  -40.208195, 0.0001132024, 5.5671953e-05
  -40.208195, -3.14894e-05, 5.5671953e-05
  -40.208195, 6.7762e-06, 5.5671953e-05
  -40.208195, 5.30138e-05, 5.5671953e-05
  -40.20174, 3.86642e-05, 5.616912e-05
  -40.20174, 0.0002028874, 5.616912e-05
  -40.20174, 2.43146e-05, 5.616912e-05
  -40.20174, -2.86992e-05, 5.616912e-05
  -40.20174, 7.5734e-06, 5.616912e-05
  -40.20174, -4.9825e-05, 5.616912e-05
  -40.195285, -2.75034e-05, 5.6666568e-05
  -40.195285, -0.000113601, 5.6666568e-05
  -40.195285, 0.0001407058, 5.6666568e-05
  -40.195285, -3.50768e-05, 5.6666568e-05
  -40.18883, -0.00017937, 5.7164296e-05
  -40.18883, 0.000157447, 5.7164296e-05
  -40.18883, 0.0002028874, 5.7164296e-05
  -40.18883, 0.0001686078, 5.7164296e-05
  -40.18883, 0.0004336768, 5.7164296e-05
  -40.18883, 0.0002838032, 5.7164296e-05
  -40.182375, 0.000265069, 5.7662306e-05
  -40.182375, 0.0003013416, 5.7662306e-05
  -40.182375, 0.0002455376, 5.7662306e-05
  -40.182375, 0.000263076, 5.7662306e-05
  -40.17592, 0.000157447, 5.8160597e-05
  -40.17592, 0.000306922, 5.8160597e-05
  -40.169465, 0.0001387128, 5.865917e-05
  -40.169465, 0.0002555026, 5.865917e-05
  -40.169465, 0.0003316352, 5.865917e-05
  -40.16301, -0.0001582442, 5.9158024e-05
  -40.16301, 0.0002048804, 5.9158024e-05
  -40.16301, -0.0001590414, 5.9158024e-05
  -40.156555, 0.0002180342, 5.965716e-05
  -40.156555, 0.000255104, 5.965716e-05
  -40.156555, 0.0001179856, 5.965716e-05
  -40.156555, 0.0001307408, 5.965716e-05
  -40.156555, 0.0002885864, 5.965716e-05
  -40.156555, 0.000406572, 5.965716e-05
  -40.1501, 0.000223216, 6.0156577e-05
  -40.1501, 0.000185349, 6.0156577e-05
  -40.1501, 0.000187342, 6.0156577e-05
  -40.1501, 0.000127552, 6.0156577e-05
  -40.1501, 0.0002287964, 6.0156577e-05
  -40.1501, 0.0003954112, 6.0156577e-05
  -40.1501, 0.0004077678, 6.0156577e-05
  -40.143645, 0.0003057262, 6.0656277e-05
  -40.143645, -7.7727e-05, 6.0656277e-05
  -40.143645, -7.13494e-05, 6.0656277e-05
  -40.13719, 0.0003097122, 6.1156259e-05
  -40.13719, 0.0004033832, 6.1156259e-05
  -40.13719, -0.0002068734, 6.1156259e-05
  -40.13719, 3.90628e-05, 6.1156259e-05
  -40.13719, -0.0002148454, 6.1156259e-05
  -40.130735, 0.0003423974, 6.1656523e-05
  -40.130735, -0.0001582442, 6.1656523e-05
  -40.12428, -0.0002184328, 6.215707e-05
  -40.12428, 0.000111608, 6.215707e-05
  -40.12428, 9.60626e-05, 6.215707e-05
  -40.12428, 4.06572e-05, 6.215707e-05
  -40.12428, 0.000223216, 6.215707e-05
  -40.12428, 0.0002818102, 6.215707e-05
  -40.12428, 0.0004667606, 6.215707e-05
  -40.12428, 0.000245139, 6.215707e-05
  -40.12428, -1.35524e-05, 6.215707e-05
  -40.12428, -0.0001179856, 6.215707e-05
  -40.12428, 1.87342e-05, 6.215707e-05
  -40.104915, -8.01186e-05, 6.3660408e-05
  -40.104915, 7.01536e-05, 6.3660408e-05
  -40.09846, 0.0001550554, 6.4162086e-05
  -40.092005, -5.14194e-05, 6.4664048e-05
  -40.092005, 1.31538e-05, 6.4664048e-05
  -40.08555, 0.000171398, 6.5166293e-05
  -40.08555, 0.000233181, 6.5166293e-05
  -40.079095, 0.0001446918, 6.5668822e-05
  -40.079095, 0.0003451876, 6.5668822e-05
  -40.079095, -0.0001299436, 6.5668822e-05
  -40.07264, 5.979e-05, 6.6171635e-05
  -40.07264, 7.09508e-05, 6.6171635e-05
  -40.07264, 0.0001558526, 6.6171635e-05
  -40.07264, 9.965e-05, 6.6171635e-05
  -40.05973, -9.965e-06, 6.7178113e-05
  -40.05973, 0.000107622, 6.7178113e-05
  -40.05973, 0.000225209, 6.7178113e-05
  -40.05973, 0.0001207758, 6.7178113e-05
  -40.05973, -0.000161433, 6.7178113e-05
  -40.053275, 5.85942e-05, 6.7681778e-05
  -40.04682, 8.84892e-05, 6.8185727e-05
  -40.03391, -7.65312e-05, 6.919448e-05
  -40.03391, 0.0001869434, 6.919448e-05
  -40.03391, 0.0001466848, 6.919448e-05
  -40.03391, 8.7692e-05, 6.919448e-05
  -40.03391, 0.000187342, 6.919448e-05
  -40.027455, 1.993e-06, 6.9699284e-05
  -40.027455, -2.63076e-05, 6.9699284e-05
  -40.027455, 0.000235174, 6.9699284e-05
  -40.027455, 4.74334e-05, 6.9699284e-05
  -40.021, 0.0001403072, 7.0204373e-05
  -40.021, 1.5944e-05, 7.0204373e-05
  -40.021, -0.0001283492, 7.0204373e-05
  -40.014545, -9.68598e-05, 7.0709747e-05
  -40.014545, -8.3706e-06, 7.0709747e-05
  -40.014545, 0.0001729924, 7.0709747e-05
  -40.00809, 0.0001024402, 7.1215406e-05
  -40.001635, -0.0001004472, 7.1721351e-05
  -40.001635, 0.0002144468, 7.1721351e-05
  -40.001635, 0.0001211744, 7.1721351e-05
  -39.99518, 3.62726e-05, 7.2227582e-05
  -39.99518, 0.000261083, 7.2227582e-05
  -39.99518, 0.0002873906, 7.2227582e-05
  -39.99518, 0.000151468, 7.2227582e-05
  -39.99518, -0.0001578456, 7.2227582e-05
  -39.988725, 0.000229195, 7.2734099e-05
  -39.988725, -4.02586e-05, 7.2734099e-05
  -39.988725, 7.3741e-05, 7.2734099e-05
  -39.988725, 9.88528e-05, 7.2734099e-05
  -39.988725, 0.0002487264, 7.2734099e-05
  -39.98227, -2.63076e-05, 7.3240901e-05
  -39.98227, 7.7727e-05, 7.3240901e-05
  -39.98227, 0.0005405016, 7.3240901e-05
  -39.975815, 0.0001610344, 7.374799e-05
  -39.975815, 0.0001650204, 7.374799e-05
  -39.975815, 1.993e-05, 7.374799e-05
  -39.975815, 0.0001207758, 7.374799e-05
  -39.96936, 0.0003272506, 7.4255365e-05
  -39.96936, 0.000129545, 7.4255365e-05
  -39.96936, 0.0001383142, 7.4255365e-05
  -39.96936, -0.000117587, 7.4255365e-05
  -39.962905, 5.02236e-05, 7.4763026e-05
  -39.962905, 4.1853e-05, 7.4763026e-05
  -39.962905, 0.0003774742, 7.4763026e-05
  -39.962905, 8.84892e-05, 7.4763026e-05
  -39.962905, 6.69648e-05, 7.4763026e-05
  -39.95645, 2.94964e-05, 7.5270974e-05
  -39.95645, -9.40696e-05, 7.5270974e-05
  -39.95645, 0.0002180342, 7.5270974e-05
  -39.949995, 5.5804e-06, 7.5779209e-05
  -39.949995, -4.3846e-06, 7.5779209e-05
  -39.949995, 0.0001761812, 7.5779209e-05
  -39.949995, -0.0001642232, 7.5779209e-05
  -39.94354, 9.965e-05, 7.6287731e-05
  -39.94354, 0.000300943, 7.6287731e-05
  -39.94354, 0.000267062, 7.6287731e-05
  -39.94354, 0.000109615, 7.6287731e-05
  -39.94354, 0.0004193272, 7.6287731e-05
  -39.937085, -0.0001139996, 7.679654e-05
  -39.937085, 8.25102e-05, 7.679654e-05
  -39.93063, -0.0001749854, 7.7305636e-05
  -39.924175, 0.0001801672, 7.781502e-05
  -39.924175, 2.11258e-05, 7.781502e-05
  -39.924175, 1.23566e-05, 7.781502e-05
  -39.91772, 0.0001526638, 7.8324691e-05
  -39.911265, 0.0002901808, 7.883465e-05
  -39.90481, 0.0002016916, 7.9344897e-05
  -39.90481, 0.0004699494, 7.9344897e-05
  -39.90481, -3.70698e-05, 7.9344897e-05
  -39.898355, -0.0002427474, 7.9855432e-05
  -39.898355, -0.0001112094, 7.9855432e-05
  -39.8919, 0.000227202, 8.0366255e-05
  -39.885445, 6.29788e-05, 8.0877366e-05
  -39.885445, -0.000161433, 8.0877366e-05
  -39.87899, 0.0002937682, 8.1388766e-05
  -39.87899, 6.61676e-05, 8.1388766e-05
  -39.87899, 9.1678e-05, 8.1388766e-05
  -39.87899, 0.000290978, 8.1388766e-05
  -39.872535, 3.5874e-06, 8.1900455e-05
  -39.859625, -0.0002363698, 8.2924699e-05
  -39.859625, 0.0003001458, 8.2924699e-05
  -39.85317, -0.0001203772, 8.3437255e-05
  -39.833805, 0.000125559, 8.4976659e-05
  -39.81444, -0.0001008458, 8.6518671e-05
  -39.81444, 1.75384e-05, 8.6518671e-05
  -39.80153, 0.0002096636, 8.754813e-05
  -39.795075, -1.11608e-05, 8.8063296e-05
  -39.78862, -0.0001542582, 8.8578752e-05
  -39.782165, 0.0002897822, 8.9094499e-05
  -39.782165, -6.85592e-05, 8.9094499e-05
  -39.7628, -7.29438e-05, 9.0643487e-05
  -39.756345, 0.0001821602, 9.1160399e-05
  -39.756345, 0.0001020416, 9.1160399e-05
  -39.756345, 0.0002327824, 9.1160399e-05
  -39.756345, 0.0001331324, 9.1160399e-05
  -39.756345, 0.0002953626, 9.1160399e-05
  -39.756345, 0.0002622788, 9.1160399e-05
  -39.756345, 0.0001399086, 9.1160399e-05
  -39.756345, 0.0002236146, 9.1160399e-05
  -39.743435, 0.0002028874, 9.2195099e-05
  -39.743435, 0.0001128038, 9.2195099e-05
  -39.730525, -0.0001367198, 9.3230967e-05
  -39.730525, 0.0001969084, 9.3230967e-05
  -39.72407, 1.67412e-05, 9.3749339e-05
  -39.71116, -8.7692e-06, 9.4786962e-05
  -39.691795, -7.13494e-05, 9.6345592e-05
  -39.68534, -1.55454e-05, 9.6865721e-05
  -39.68534, 0.0002415516, 9.6865721e-05
  -39.68534, 0.0002168384, 9.6865721e-05
  -39.67243, -6.61676e-05, 9.7906861e-05
  -39.65952, 0.0001917266, 9.8949176e-05
  -39.653065, 4.54404e-05, 9.9470775e-05
  -39.653065, 0.0002834046, 9.9470775e-05
  -39.653065, 0.0001741882, 9.9470775e-05
  -39.64661, 0.0001438946, 9.9992667e-05
  -39.640155, -5.81956e-05, 0.00010051485
  -39.640155, 0.0003192786, 0.00010051485
  -39.627245, -0.0001618316, 0.00010156011
  -39.62079, 0.000173391, 0.00010208318
  -39.62079, -9.44682e-05, 0.00010208318
  -39.601425, 0.0001761812, 0.00010365417
  -39.601425, -7.01536e-05, 0.00010365417
  -39.58206, 0.000203286, 0.00010522781
  -39.575605, 0.0001064262, 0.00010575295
  -39.575605, 0.0002048804, 0.00010575295
  -39.562695, 4.86292e-05, 0.00010680412
  -39.562695, -0.0001243632, 0.00010680412
  -39.55624, 6.81606e-05, 0.00010733015
  -39.55624, 0.0002706494, 0.00010733015
  -39.549785, -6.1783e-05, 0.00010785647
  -39.54333, 0.0001510694, 0.0001083831
  -39.536875, -0.0001247618, 0.00010891001
  -39.53042, 0.0003001458, 0.00010943723
  -39.523965, 0.000111608, 0.00010996474
  -39.51751, 2.83006e-05, 0.00011049255
  -39.51751, 0.0001618316, 0.00011049255
  -39.49169, -5.93914e-05, 0.00011260677
  -39.49169, 0.0001638246, 0.00011260677
  -39.49169, -1.7937e-05, 0.00011260677
  -39.49169, 0.0001741882, 0.00011260677
  -39.485235, 0.0001538596, 0.00011313607
  -39.47878, 0.0002642718, 0.00011366567
  -39.47878, 7.69298e-05, 0.00011366567
  -39.472325, 0.0002228174, 0.00011419557
  -39.472325, 0.000402586, 0.00011419557
  -39.472325, 3.82656e-05, 0.00011419557
  -39.472325, 8.64962e-05, 0.00011419557
  -39.472325, 0.0001271534, 0.00011419557
  -39.472325, -1.15594e-05, 0.00011419557
  -39.472325, 0.0002044818, 0.00011419557
  -39.46587, 0.0001698036, 0.00011472577
  -39.459415, -8.53004e-05, 0.00011525626
  -39.459415, 0.0002965584, 0.00011525626
  -39.459415, 0.0001590414, 0.00011525626
  -39.45296, 3.7867e-05, 0.00011578705
  -39.45296, -0.000145489, 0.00011578705
  -39.45296, 0.0002100622, 0.00011578705
  -39.45296, 0.0002008944, 0.00011578705
  -39.446505, 0.0001048318, 0.00011631815
  -39.446505, 0.0001993, 0.00011631815
  -39.44005, 3.34824e-05, 0.00011684954
  -39.44005, 0.0002216216, 0.00011684954
  -39.433595, 9.92514e-05, 0.00011738123
  -39.433595, -4.30488e-05, 0.00011738123
  -39.433595, 0.0002527124, 0.00011738123
  -39.42714, 0.0006405502, 0.00011791322
  -39.42714, 0.0004791172, 0.00011791322
  -39.42714, -9.1678e-06, 0.00011791322
  -39.42714, 8.84892e-05, 0.00011791322
  -39.42714, 0.000211258, 0.00011791322
  -39.420685, 3.986e-06, 0.00011844551
  -39.420685, -0.0002040832, 0.00011844551
  -39.420685, -3.66712e-05, 0.00011844551
  -39.41423, 0.0001969084, 0.0001189781
  -39.41423, 0.0001303422, 0.0001189781
  -39.41423, 0.0003013416, 0.0001189781
  -39.407775, 4.70348e-05, 0.00011951099
  -39.407775, 7.21466e-05, 0.00011951099
  -39.40132, 0.0001187828, 0.00012004418
  -39.40132, -0.0001367198, 0.00012004418
  -39.38841, 0.0004866906, 0.00012111147
  -39.38841, 0.0003144954, 0.00012111147
  -39.381955, -0.0001797686, 0.00012164556
  -39.3755, 9.1678e-05, 0.00012217995
  -39.3755, -3.06922e-05, 0.00012217995
  -39.369045, 7.5734e-06, 0.00012271465
  -39.369045, 0.0003730896, 0.00012271465
  -39.36259, 0.0002327824, 0.00012324964
  -39.36259, 0.0002678592, 0.00012324964
  -39.36259, 0.0001371184, 0.00012324964
  -39.36259, -3.46782e-05, 0.00012324964
  -39.36259, 0.0001586428, 0.00012324964
  -39.36259, -9.52654e-05, 0.00012324964
  -39.356135, 0.0001183842, 0.00012378494
  -39.343225, -2.23216e-05, 0.00012485644
  -39.343225, 0.0002220202, 0.00012485644
  -39.33677, -6.7762e-05, 0.00012539264
  -39.33677, 6.61676e-05, 0.00012539264
  -39.33677, 6.89578e-05, 0.00012539264
  -39.33677, 0.000115594, 0.00012539264
  -39.330315, 0.0003344254, 0.00012592915
  -39.330315, 9.88528e-05, 0.00012592915
  -39.32386, -9.3671e-05, 0.00012646595
  -39.32386, 0.0001331324, 0.00012646595
  -39.32386, 0.000137517, 0.00012646595
  -39.317405, 0.000153461, 0.00012700306
  -39.317405, 0.000257097, 0.00012700306
  -39.317405, 0.0003702994, 0.00012700306
  -39.31095, -6.69648e-05, 0.00012754047
  -39.31095, -8.88878e-05, 0.00012754047
  -39.31095, -4.14544e-05, 0.00012754047
  -39.304495, 0.0002295936, 0.00012807819
  -39.304495, 0.0001379156, 0.00012807819
  -39.29804, 3.986e-06, 0.0001286162
  -39.28513, 0.000233181, 0.00012969314
  -39.28513, 0.0003021388, 0.00012969314
  -39.278675, -4.90278e-05, 0.00013023207
  -39.2464, -0.0004081664, 0.00013293125
  -39.227035, -7.29438e-05, 0.00013455441
  -39.227035, 4.10558e-05, 0.00013455441
  -39.22058, 6.29788e-05, 0.00013509607
  -39.214125, 3.02936e-05, 0.00013563804
  -39.214125, -0.0001183842, 0.00013563804
  -39.188305, 0.0002200272, 0.00013780896
  -39.175395, 0.0001961112, 0.00013889626
  -39.175395, 6.01886e-05, 0.00013889626
  -39.16894, 0.000269055, 0.00013944036
  -39.162485, 1.47482e-05, 0.00013998477
  -39.162485, -0.0002116566, 0.00013998477
  -39.15603, -1.63426e-05, 0.00014052949
  -39.149575, 0.0001004472, 0.00014107451
  -39.149575, -0.0001183842, 0.00014107451
  -39.149575, 9.00836e-05, 0.00014107451
  -39.136665, 0.0003256562, 0.00014216548
  -39.136665, 0.000127552, 0.00014216548
  -39.13021, -0.000115594, 0.00014271143
  -39.1173, 0.0005743826, 0.00014380424
  -39.1173, 0.0003045304, 0.00014380424
  -39.10439, 0.0002144468, 0.00014489828
  -39.097935, 8.3706e-06, 0.00014544576
  -39.097935, 2.15244e-05, 0.00014544576
  -39.097935, -0.0001458876, 0.00014544576
  -39.097935, 0.0005070192, 0.00014544576
  -39.097935, 0.0001996986, 0.00014544576
  -39.09148, 0.0003718938, 0.00014599355
  -39.09148, 3.986e-06, 0.00014599355
  -39.09148, 0.000193321, 0.00014599355
  -39.09148, 0.0003619288, 0.00014599355
  -39.09148, 0.0002893836, 0.00014599355
  -39.085025, 6.65662e-05, 0.00014654164
  -39.085025, 0.0002160412, 0.00014654164
  -39.085025, -9.00836e-05, 0.00014654164
  -39.07857, 0.000275034, 0.00014709005
  -39.07857, 0.0002108594, 0.00014709005
  -39.07857, 0.0003539568, 0.00014709005
  -39.072115, 0.0001646218, 0.00014763876
  -39.072115, 0.000310908, 0.00014763876
  -39.072115, 0.0002981528, 0.00014763876
  -39.072115, -7.93214e-05, 0.00014763876
  -39.06566, 0.0001578456, 0.00014818779
  -39.06566, 6.3776e-05, 0.00014818779
  -39.059205, 0.0002562998, 0.00014873712
  -39.05275, 2.3916e-06, 0.00014928676
  -39.05275, 5.54054e-05, 0.00014928676
  -39.05275, 0.0001510694, 0.00014928676
  -39.05275, 2.07272e-05, 0.00014928676
  -39.046295, 0.0004037818, 0.0001498367
  -39.046295, 0.0002264048, 0.0001498367
  -39.03984, -7.972e-06, 0.00015038696
  -39.03984, -5.73984e-05, 0.00015038696
  -39.033385, 5.10208e-05, 0.00015093753
  -39.033385, 0.0002981528, 0.00015093753
  -39.033385, 0.0001566498, 0.00015093753
  -39.02693, 0.0003320338, 0.0001514884
  -39.02693, 0.0003097122, 0.0001514884
  -39.02693, 0.0001522652, 0.0001514884
  -39.02693, 6.69648e-05, 0.0001514884
  -39.020475, 2.86992e-05, 0.00015203959
  -39.020475, 0.0003256562, 0.00015203959
  -39.020475, -7.3741e-05, 0.00015203959
  -39.01402, 0.0002798172, 0.00015259109
  -39.01402, 0.000314894, 0.00015259109
  -39.01402, 0.000432481, 0.00015259109
  -39.01402, 0.0003117052, 0.00015259109
  -39.007565, 0.0001901322, 0.00015314289
  -39.007565, 0.0003416002, 0.00015314289
  -39.007565, 0.000281013, 0.00015314289
  -39.007565, 0.0004595858, 0.00015314289
  -39.00111, 9.3671e-05, 0.00015369501
  -39.00111, 8.53004e-05, 0.00015369501
  -39.00111, 0.0001957126, 0.00015369501
  -38.994655, -1.87342e-05, 0.00015424743
  -38.994655, 0.0001666148, 0.00015424743
  -38.994655, 2.3916e-05, 0.00015424743
  -38.994655, 0.0002403558, 0.00015424743
  -38.9882, 0.0002594886, 0.00015480017
  -38.9882, 0.0001243632, 0.00015480017
  -38.9882, 0.0002794186, 0.00015480017
  -38.981745, 2.86992e-05, 0.00015535322
  -38.981745, 0.0002240132, 0.00015535322
  -38.968835, 0.000261083, 0.00015646024
  -38.968835, 1.87342e-05, 0.00015646024
  -38.96238, 0.0001151954, 0.00015701422
  -38.955925, 0.000101643, 0.00015756851
  -38.955925, 3.02936e-05, 0.00015756851
  -38.955925, 3.10908e-05, 0.00015756851
  -38.94947, 0.000185349, 0.00015812311
  -38.94947, 0.0002220202, 0.00015812311
  -38.943015, 0.0001183842, 0.00015867803
  -38.943015, -1.63426e-05, 0.00015867803
  -38.943015, 7.89228e-05, 0.00015867803
  -38.93656, 0.0002355726, 0.00015923325
  -38.93656, 0.00025909, 0.00015923325
  -38.93656, 0.0003172856, 0.00015923325
  -38.93656, 9.64612e-05, 0.00015923325
  -38.93656, 0.0002483278, 0.00015923325
  -38.930105, 0.0004316838, 0.00015978879
  -38.930105, 0.0002782228, 0.00015978879
  -38.92365, 0.000177377, 0.00016034463
  -38.92365, 0.0001139996, 0.00016034463
  -38.917195, 9.08808e-05, 0.0001609008
  -38.917195, 0.0001227688, 0.0001609008
  -38.917195, 3.5874e-06, 0.0001609008
  -38.917195, 0.0004193272, 0.0001609008
  -38.917195, 0.0004579914, 0.0001609008
  -38.91074, 0.0001331324, 0.00016145727
  -38.91074, 0.0002076706, 0.00016145727
  -38.91074, 3.94614e-05, 0.00016145727
  -38.91074, 0.000237167, 0.00016145727
  -38.904285, 7.85242e-05, 0.00016201405
  -38.904285, 0.0001917266, 0.00016201405
  -38.904285, -7.972e-05, 0.00016201405
  -38.904285, 0.0002216216, 0.00016201405
  -38.89783, 0.0002682578, 0.00016257115
  -38.89783, 0.000249125, 0.00016257115
  -38.89783, -3.94614e-05, 0.00016257115
  -38.89783, 0.000292971, 0.00016257115
  -38.89783, -3.5874e-05, 0.00016257115
  -38.89783, 0.0001339296, 0.00016257115
  -38.89783, 0.0001032374, 0.00016257115
  -38.891375, 0.000141503, 0.00016312856
  -38.891375, 0.0001709994, 0.00016312856
  -38.891375, 0.0003392086, 0.00016312856
  -38.891375, 0.0008306824, 0.00016312856
  -38.88492, 0.0002208244, 0.00016368628
  -38.88492, 8.1713e-05, 0.00016368628
  -38.88492, 0.0002447404, 0.00016368628
  -38.88492, 0.0003671106, 0.00016368628
  -38.88492, 0.0001901322, 0.00016368628
  -38.88492, 0.0001339296, 0.00016368628
  -38.88492, 0.0002758312, 0.00016368628
  -38.88492, 0.0002403558, 0.00016368628
  -38.88492, 4.50418e-05, 0.00016368628
  -38.88492, 0.0001092164, 0.00016368628
  -38.88492, 9.80556e-05, 0.00016368628
  -38.88492, 0.0002714466, 0.00016368628
  -38.88492, 0.0004878864, 0.00016368628
  -38.88492, 0.0001897336, 0.00016368628
  -38.878465, 0.0003340268, 0.00016424432
  -38.878465, 0.000402586, 0.00016424432
  -38.878465, -3.90628e-05, 0.00016424432
  -38.878465, 0.0003519638, 0.00016424432
  -38.878465, 0.000310908, 0.00016424432
  -38.878465, 0.0001470834, 0.00016424432
  -38.878465, 0.0001869434, 0.00016424432
  -38.87201, 0.0002622788, 0.00016480267
  -38.87201, -5.5804e-05, 0.00016480267
  -38.87201, -8.7692e-05, 0.00016480267
  -38.87201, 0.0002818102, 0.00016480267
  -38.87201, 0.0001925238, 0.00016480267
  -38.865555, 0.0001709994, 0.00016536133
  -38.865555, 0.0003722924, 0.00016536133
  -38.865555, 0.0001347268, 0.00016536133
  -38.865555, 0.0003583414, 0.00016536133
  -38.865555, 0.0004472292, 0.00016536133
  -38.865555, 0.0002256076, 0.00016536133
  -38.865555, 0.0001877406, 0.00016536133
  -38.865555, 0.0003105094, 0.00016536133
  -38.865555, 8.7692e-05, 0.00016536133
  -38.865555, 0.0001598386, 0.00016536133
  -38.8591, -6.81606e-05, 0.00016592031
  -38.8591, 2.23216e-05, 0.00016592031
  -38.8591, 0.0002722438, 0.00016592031
  -38.8591, -3.82656e-05, 0.00016592031
  -38.852645, 0.000404579, 0.0001664796
  -38.852645, 0.0006361656, 0.0001664796
  -38.852645, -0.0001251604, 0.0001664796
  -38.852645, 0.0002379642, 0.0001664796
  -38.84619, 9.28738e-05, 0.0001670392
  -38.84619, 0.0001207758, 0.0001670392
  -38.84619, 0.0003352226, 0.0001670392
  -38.84619, 0.0003551526, 0.0001670392
  -38.839735, 0.0001207758, 0.00016759912
  -38.839735, 0.0004978514, 0.00016759912
  -38.839735, 0.000430488, 0.00016759912
  -38.83328, 0.0001981042, 0.00016815935
  -38.83328, -5.979e-06, 0.00016815935
  -38.826825, 3.82656e-05, 0.0001687199
  -38.826825, 0.0001191814, 0.0001687199
  -38.82037, 3.90628e-05, 0.00016928076
  -38.82037, 0.0001590414, 0.00016928076
  -38.80746, 0.0001199786, 0.00017040343
  -38.801005, 2.27202e-05, 0.00017096523
  -38.79455, 0.0002857962, 0.00017152735
  -38.775185, 0.0001642232, 0.00017321561
  -38.775185, 0.0002268034, 0.00017321561
  -38.762275, 0.000157447, 0.00017434269
  -38.762275, 0.0002240132, 0.00017434269
  -38.762275, 4.54404e-05, 0.00017434269
  -38.75582, 4.30488e-05, 0.0001749067
  -38.749365, -7.7727e-05, 0.00017547103
  -38.73, 0.0001419016, 0.00017716592
  -38.73, 0.0001502722, 0.00017716592
  -38.73, 7.1748e-06, 0.00017716592
  -38.73, 0.0001040346, 0.00017716592
  -38.73, 0.0001662162, 0.00017716592
  -38.723545, 0.0002459362, 0.00017773152
  -38.723545, 0.0005137954, 0.00017773152
  -38.723545, 0.0003734882, 0.00017773152
  -38.723545, 0.0003431946, 0.00017773152
  -38.710635, 0.0001530624, 0.00017886366
  -38.70418, 0.0003475792, 0.00017943021
  -38.70418, 0.0002893836, 0.00017943021
  -38.69127, 0.0002666634, 0.00018056426
  -38.684815, 0.0003416002, 0.00018113176
  -38.67836, 0.0002379642, 0.00018169958
  -38.67836, 0.00025909, 0.00018169958
  -38.67836, -1.71398e-05, 0.00018169958
  -38.671905, 2.03286e-05, 0.00018226771
  -38.66545, 0.0003204744, 0.00018283617
  -38.658995, 0.0001996986, 0.00018340494
  -38.65254, 0.0002559012, 0.00018397403
  -38.65254, 0.000177377, 0.00018397403
  -38.65254, 0.0002327824, 0.00018397403
  -38.646085, 5.1818e-05, 0.00018454344
  -38.646085, 0.0004954598, 0.00018454344
  -38.646085, 0.0003762784, 0.00018454344
  -38.646085, 0.0002901808, 0.00018454344
  -38.646085, 0.0001426988, 0.00018454344
  -38.646085, -2.71048e-05, 0.00018454344
  -38.646085, 0.000205279, 0.00018454344
  -38.63963, -6.61676e-05, 0.00018511317
  -38.63963, 0.0004906766, 0.00018511317
  -38.63963, 0.0003304394, 0.00018511317
  -38.63963, 0.00015944, 0.00018511317
  -38.633175, 0.0003838518, 0.00018568322
  -38.62672, 0.0001562512, 0.00018625359
  -38.62672, 0.0001921252, 0.00018625359
  -38.62672, 0.000281013, 0.00018625359
  -38.62672, 8.25102e-05, 0.00018625359
  -38.62672, 0.0001171884, 0.00018625359
  -38.620265, 9.7657e-05, 0.00018682428
  -38.620265, 9.60626e-05, 0.00018682428
  -38.620265, 0.0001419016, 0.00018682428
  -38.620265, 0.000320873, 0.00018682428
  -38.620265, 0.0002423488, 0.00018682428
  -38.620265, 2.07272e-05, 0.00018682428
  -38.620265, 0.000177377, 0.00018682428
  -38.61381, 0.0001239646, 0.00018739528
  -38.61381, 7.73284e-05, 0.00018739528
  -38.61381, 0.0002698522, 0.00018739528
  -38.61381, 0.0002606844, 0.00018739528
  -38.61381, -0.0001690064, 0.00018739528
  -38.61381, 0.0001989014, 0.00018739528
  -38.61381, 4.82306e-05, 0.00018739528
  -38.607355, 0.0001586428, 0.00018796661
  -38.607355, 0.0002925724, 0.00018796661
  -38.607355, 3.22866e-05, 0.00018796661
  -38.607355, 3.62726e-05, 0.00018796661
  -38.607355, 0.0003132996, 0.00018796661
  -38.607355, 2.71048e-05, 0.00018796661
  -38.607355, 0.0004360684, 0.00018796661
  -38.607355, 0.000348775, 0.00018796661
  -38.607355, 2.7902e-05, 0.00018796661
  -38.607355, 0.0001638246, 0.00018796661
  -38.6009, 0.0002574956, 0.00018853825
  -38.6009, -2.75034e-05, 0.00018853825
  -38.6009, 0.0004516138, 0.00018853825
  -38.6009, 0.0003443904, 0.00018853825
  -38.6009, 0.0002295936, 0.00018853825
  -38.594445, -0.0001283492, 0.00018911022
  -38.594445, 0.0001781742, 0.00018911022
  -38.594445, 4.46432e-05, 0.00018911022
  -38.594445, 0.0004930682, 0.00018911022
  -38.594445, 5.69998e-05, 0.00018911022
  -38.594445, 0.000394614, 0.00018911022
  -38.594445, 0.0004930682, 0.00018911022
  -38.594445, 0.0001446918, 0.00018911022
  -38.594445, 0.0001761812, 0.00018911022
  -38.594445, 0.0001686078, 0.00018911022
  -38.594445, 0.0001558526, 0.00018911022
  -38.594445, 0.0002439432, 0.00018911022
  -38.594445, 0.0001626288, 0.00018911022
  -38.58799, 0.0001092164, 0.00018968251
  -38.58799, 3.74684e-05, 0.00018968251
  -38.58799, 9.3671e-05, 0.00018968251
  -38.58799, 0.0002523138, 0.00018968251
  -38.58799, -3.7867e-05, 0.00018968251
  -38.58799, 0.0001662162, 0.00018968251
  -38.58799, 2.86992e-05, 0.00018968251
  -38.581535, 0.000263076, 0.00019025511
  -38.581535, 0.0002295936, 0.00019025511
  -38.581535, 0.0001817616, 0.00019025511
  -38.581535, 0.0004432432, 0.00019025511
  -38.581535, 0.0001311394, 0.00019025511
  -38.581535, 0.0001825588, 0.00019025511
  -38.57508, 0.0003758798, 0.00019082804
  -38.57508, -0.0001088178, 0.00019082804
  -38.57508, 0.000304929, 0.00019082804
  -38.57508, 4.86292e-05, 0.00019082804
  -38.57508, 1.1958e-06, 0.00019082804
  -38.57508, 0.0005153898, 0.00019082804
  -38.57508, 0.0001339296, 0.00019082804
  -38.57508, 0.0003045304, 0.00019082804
  -38.57508, 0.0001478806, 0.00019082804
  -38.57508, 0.0002048804, 0.00019082804
  -38.57508, 8.7692e-05, 0.00019082804
  -38.57508, 0.0001088178, 0.00019082804
  -38.57508, 0.0001662162, 0.00019082804
  -38.57508, 0.0002921738, 0.00019082804
  -38.57508, 0.0003651176, 0.00019082804
  -38.57508, 0.0002040832, 0.00019082804
  -38.568625, 0.0001299436, 0.00019140129
  -38.568625, 0.0002873906, 0.00019140129
  -38.568625, 0.0003073206, 0.00019140129
  -38.568625, 0.000203286, 0.00019140129
  -38.56217, 9.08808e-05, 0.00019197485
  -38.56217, 0.0003152926, 0.00019197485
  -38.56217, -1.43496e-05, 0.00019197485
  -38.56217, 0.0002905794, 0.00019197485
  -38.56217, 0.0003053276, 0.00019197485
  -38.555715, 8.53004e-05, 0.00019254874
  -38.555715, 0.0002000972, 0.00019254874
  -38.54926, 0.0003639218, 0.00019312295
  -38.54926, 0.000229195, 0.00019312295
  -38.54926, 0.0002905794, 0.00019312295
  -38.54926, 9.1678e-05, 0.00019312295
  -38.54926, 0.0002339782, 0.00019312295
  -38.542805, 0.0002427474, 0.00019369748
  -38.542805, 4.7832e-05, 0.00019369748
  -38.542805, -1.87342e-05, 0.00019369748
  -38.542805, 0.0003077192, 0.00019369748
  -38.542805, 0.000284999, 0.00019369748
  -38.542805, 8.68948e-05, 0.00019369748
  -38.542805, 0.000135524, 0.00019369748
  -38.53635, 0.000288985, 0.00019427233
  -38.53635, 0.000269055, 0.00019427233
  -38.53635, 0.0003838518, 0.00019427233
  -38.53635, 0.000356747, 0.00019427233
  -38.53635, 0.0002786214, 0.00019427233
  -38.53635, 0.0003419988, 0.00019427233
  -38.53635, 3.42796e-05, 0.00019427233
  -38.53635, 0.0002228174, 0.00019427233
  -38.53635, 0.0004731382, 0.00019427233
  -38.53635, 0.0003077192, 0.00019427233
  -38.53635, 7.73284e-05, 0.00019427233
  -38.529895, 0.0004452362, 0.00019484751
  -38.529895, 0.0001128038, 0.00019484751
  -38.529895, 0.0002834046, 0.00019484751
  -38.529895, 5.02236e-05, 0.00019484751
  -38.529895, 0.0003220688, 0.00019484751
  -38.529895, -4.94264e-05, 0.00019484751
  -38.529895, 9.68598e-05, 0.00019484751
  -38.529895, 0.000384649, 0.00019484751
  -38.529895, -5.5804e-06, 0.00019484751
  -38.529895, 0.0003005444, 0.00019484751
  -38.52344, -1.7937e-05, 0.000195423
  -38.52344, 0.0003344254, 0.000195423
  -38.52344, 0.0001737896, 0.000195423
  -38.52344, 7.29438e-05, 0.000195423
  -38.52344, 9.3671e-05, 0.000195423
  -38.516985, 0.0001271534, 0.00019599882
  -38.516985, 0.0001765798, 0.00019599882
  -38.516985, 0.0002642718, 0.00019599882
  -38.516985, 0.0002519152, 0.00019599882
  -38.516985, 0.0003930196, 0.00019599882
  -38.516985, 0.0003105094, 0.00019599882
  -38.516985, 0.0001989014, 0.00019599882
  -38.51053, 0.0003324324, 0.00019657496
  -38.51053, 0.0004257048, 0.00019657496
  -38.51053, 0.0002622788, 0.00019657496
  -38.504075, 0.0006289908, 0.00019715142
  -38.504075, 0.000308915, 0.00019715142
  -38.504075, 7.972e-06, 0.00019715142
  -38.504075, 0.0003204744, 0.00019715142
  -38.504075, 0.0002459362, 0.00019715142
  -38.504075, 0.0002224188, 0.00019715142
  -38.504075, 0.0002642718, 0.00019715142
  -38.504075, 0.0003136982, 0.00019715142
  -38.504075, 0.0002985514, 0.00019715142
  -38.504075, 0.0002044818, 0.00019715142
  -38.49762, 0.0001187828, 0.0001977282
  -38.49762, -1.71398e-05, 0.0001977282
  -38.49762, -0.0001247618, 0.0001977282
  -38.491165, 0.0001777756, 0.00019830531
  -38.491165, 0.000207272, 0.00019830531
  -38.491165, 7.61326e-05, 0.00019830531
  -38.491165, 0.0003822574, 0.00019830531
  -38.491165, 0.0004631732, 0.00019830531
  -38.491165, -0.0001020416, 0.00019830531
  -38.48471, 0.000193321, 0.00019888274
  -38.48471, 0.0002842018, 0.00019888274
  -38.48471, 0.000394614, 0.00019888274
  -38.48471, 0.0002842018, 0.00019888274
  -38.48471, 7.61326e-05, 0.00019888274
  -38.478255, 3.42796e-05, 0.00019946049
  -38.478255, 0.0002682578, 0.00019946049
  -38.478255, 0.0003989986, 0.00019946049
  -38.478255, 0.0004651662, 0.00019946049
  -38.4718, 0.0001526638, 0.00020003856
  -38.4718, 0.0003180828, 0.00020003856
  -38.4718, 4.46432e-05, 0.00020003856
  -38.4718, 0.000504229, 0.00020003856
  -38.4718, 6.73634e-05, 0.00020003856
  -38.4718, -0.0001391114, 0.00020003856
  -38.465345, 4.14544e-05, 0.00020061696
  -38.465345, 0.000350768, 0.00020061696
  -38.465345, 0.0002264048, 0.00020061696
  -38.465345, 0.0003033346, 0.00020061696
  -38.45889, 0.0004328796, 0.00020119568
  -38.45889, 0.0002734396, 0.00020119568
  -38.45889, 0.0003523624, 0.00020119568
  -38.452435, -7.972e-06, 0.00020177472
  -38.452435, 3.06922e-05, 0.00020177472
  -38.452435, 0.0002778242, 0.00020177472
  -38.44598, 0.0002614816, 0.00020235409
  -38.44598, -8.21116e-05, 0.00020235409
  -38.439525, 0.0001662162, 0.00020293378
  -38.439525, 0.0004081664, 0.00020293378
  -38.43307, 0.0002606844, 0.0002035138
  -38.43307, 0.0004269006, 0.0002035138
  -38.413705, 8.3706e-05, 0.00020525579
  -38.413705, 7.5734e-05, 0.00020525579
  -38.400795, 0.0005098094, 0.00020641873
  -38.400795, 0.0005803616, 0.00020641873
  -38.39434, 0.0002877892, 0.0002070007
  -38.39434, 0.000229195, 0.0002070007
  -38.38143, -4.26502e-05, 0.00020816559
  -38.38143, -1.91328e-05, 0.00020816559
  -38.38143, 0.0002893836, 0.00020816559
  -38.38143, 0.0001120066, 0.00020816559
  -38.38143, 3.90628e-05, 0.00020816559
  -38.38143, 0.0001801672, 0.00020816559
  -38.38143, 3.50768e-05, 0.00020816559
  -38.374975, 0.0005006416, 0.00020874853
  -38.374975, 0.0001351254, 0.00020874853
  -38.374975, 0.0001263562, 0.00020874853
  -38.374975, 0.000123566, 0.00020874853
  -38.36852, 0.0001391114, 0.00020933179
  -38.362065, 0.0001737896, 0.00020991538
  -38.362065, 0.0001817616, 0.00020991538
  -38.35561, 0.0002084678, 0.00021049929
  -38.35561, -8.3706e-05, 0.00021049929
  -38.35561, 0.0001052304, 0.00021049929
  -38.349155, 0.0001088178, 0.00021108353
  -38.349155, 0.0001343282, 0.00021108353
  -38.349155, 0.0001801672, 0.00021108353
  -38.3427, 8.7692e-06, 0.00021166809
  -38.3427, 0.0002188314, 0.00021166809
  -38.336245, -2.86992e-05, 0.00021225298
  -38.336245, 0.000217237, 0.00021225298
  -38.336245, 0.0003710966, 0.00021225298
  -38.336245, 0.0003372156, 0.00021225298
  -38.32979, 3.34824e-05, 0.0002128382
  -38.323335, 0.0003085164, 0.00021342374
  -38.323335, 0.0003738868, 0.00021342374
  -38.31688, 0.0001191814, 0.00021400962
  -38.310425, 0.000211258, 0.00021459581
  -38.310425, 6.3776e-05, 0.00021459581
  -38.310425, 0.00031888, 0.00021459581
  -38.310425, 0.0003073206, 0.00021459581
  -38.30397, 0.0001630274, 0.00021518234
  -38.30397, -7.05522e-05, 0.00021518234
  -38.297515, 0.000372691, 0.00021576919
  -38.297515, 0.0002148454, 0.00021576919
  -38.29106, -3.90628e-05, 0.00021635637
  -38.29106, 0.000105629, 0.00021635637
  -38.29106, 0.0001885378, 0.00021635637
  -38.29106, 0.0001877406, 0.00021635637
  -38.284605, 0.0002945654, 0.00021694387
  -38.284605, 0.0001171884, 0.00021694387
  -38.27815, 0.000147482, 0.0002175317
  -38.27815, 0.00023916, 0.0002175317
  -38.271695, 0.0001849504, 0.00021811986
  -38.271695, -2.15244e-05, 0.00021811986
  -38.271695, 0.0002686564, 0.00021811986
  -38.26524, 0.0001881392, 0.00021870835
  -38.26524, -5.93914e-05, 0.00021870835
  -38.258785, -7.972e-05, 0.00021929717
  -38.258785, 0.0001602372, 0.00021929717
  -38.25233, 5.1818e-06, 0.00021988632
  -38.245875, 0.0003942154, 0.00022047579
  -38.245875, 0.0006242076, 0.00022047579
  -38.23942, 2.07272e-05, 0.00022106559
  -38.23942, 0.000340803, 0.00022106559
  -38.232965, 0.0003156912, 0.00022165572
  -38.232965, 0.000402586, 0.00022165572
  -38.232965, 0.0002535096, 0.00022165572
  -38.232965, 0.0005803616, 0.00022165572
  -38.232965, 0.0002666634, 0.00022165572
  -38.220055, 7.972e-05, 0.00022283697
  -38.220055, 0.000207272, 0.00022283697
  -38.2136, 8.05172e-05, 0.00022342808
  -38.207145, 0.0004396558, 0.00022401953
  -38.207145, 0.0006584872, 0.00022401953
  -38.207145, 0.0002124538, 0.00022401953
  -38.207145, -1.1958e-05, 0.00022401953
  -38.207145, 0.0003252576, 0.00022401953
  -38.20069, 0.0006425432, 0.00022461131
  -38.194235, 0.0002483278, 0.00022520341
  -38.18778, -6.85592e-05, 0.00022579585
  -38.18778, 0.0002997472, 0.00022579585
  -38.18778, 0.0003551526, 0.00022579585
  -38.18778, 0.0001917266, 0.00022579585
  -38.18778, 0.0003499708, 0.00022579585
  -38.18778, 5.34124e-05, 0.00022579585
  -38.181325, 0.0003001458, 0.00022638861
  -38.17487, 0.0002016916, 0.00022698171
  -38.17487, 0.000257097, 0.00022698171
  -38.17487, 5.06222e-05, 0.00022698171
  -38.168415, 0.0003643204, 0.00022757513
  -38.168415, 0.0004619774, 0.00022757513
  -38.168415, 0.000370698, 0.00022757513
  -38.168415, 0.0003714952, 0.00022757513
  -38.16196, 0.0002064748, 0.00022816889
  -38.16196, 2.83006e-05, 0.00022816889
  -38.16196, 0.0003332296, 0.00022816889
  -38.16196, 0.0004416488, 0.00022816889
  -38.155505, 0.000155454, 0.00022876297
  -38.14905, -6.7762e-06, 0.00022935739
  -38.14905, 0.0004727396, 0.00022935739
  -38.142595, 0.0001387128, 0.00022995214
  -38.142595, 0.0003754812, 0.00022995214
  -38.142595, 0.0003360198, 0.00022995214
  -38.13614, 0.0002455376, 0.00023054721
  -38.13614, 0.0004619774, 0.00023054721
  -38.13614, 0.0001291464, 0.00023054721
  -38.13614, 0.0001961112, 0.00023054721
  -38.129685, 0.000225209, 0.00023114262
  -38.12323, 0.000269055, 0.00023173836
  -38.12323, 0.000352761, 0.00023173836
  -38.116775, 0.0002307894, 0.00023233443
  -38.11032, 0.0001430974, 0.00023293084
  -38.103865, 0.0002347754, 0.00023352757
  -38.103865, -3.5874e-06, 0.00023352757
  -38.09741, 0.000255104, 0.00023412464
  -38.09741, 3.7867e-05, 0.00023412464
  -38.09741, 0.0003758798, 0.00023412464
  -38.09741, 0.000346782, 0.00023412464
  -38.090955, 0.0001139996, 0.00023472204
  -38.090955, 0.0001399086, 0.00023472204
  -38.0845, 0.0001466848, 0.00023531977
  -38.0845, -4.66362e-05, 0.00023531977
  -38.0845, 0.0004807116, 0.00023531977
  -38.078045, 0.0004587886, 0.00023591783
  -38.078045, 4.1853e-05, 0.00023591783
  -38.078045, 0.0003870406, 0.00023591783
  -38.07159, 0.0004328796, 0.00023651623
  -38.07159, 0.0003894322, 0.00023651623
  -38.065135, 0.0003954112, 0.00023711496
  -38.065135, 0.0003830546, 0.00023711496
  -38.05868, 1.11608e-05, 0.00023771402
  -38.04577, 0.000286992, 0.00023891314
  -38.03286, 0.0003978028, 0.00024011359
  -38.03286, 0.000480313, 0.00024011359
  -38.03286, 0.0001426988, 0.00024011359
  -38.03286, 0.000153461, 0.00024011359
  -38.03286, -0.0001510694, 0.00024011359
  -38.03286, 0.0003543554, 0.00024011359
  -38.026405, 0.000205279, 0.00024071432
  -38.026405, 0.0002602858, 0.00024071432
  -38.026405, 0.0001446918, 0.00024071432
  -38.01995, 0.0001538596, 0.00024131538
  -38.01995, 0.0003842504, 0.00024131538
  -38.01995, 0.0001969084, 0.00024131538
  -38.013495, 0.0002204258, 0.00024191677
  -38.013495, 0.0003810616, 0.00024191677
  -38.013495, 0.0003858448, 0.00024191677
  -38.013495, 0.0003483764, 0.00024191677
  -38.00704, 0.0002108594, 0.0002425185
  -38.00704, 0.0005165856, 0.0002425185
  -38.00704, 8.53004e-05, 0.0002425185
  -38.00704, 8.7692e-05, 0.0002425185
  -38.00704, 0.0003699008, 0.0002425185
  -38.00704, 0.0004675578, 0.0002425185
  -38.00704, -4.26502e-05, 0.0002425185
  -38.00704, 0.0003675092, 0.0002425185
  -38.00704, 0.000452411, 0.0002425185
  -38.00704, 0.0002323838, 0.0002425185
  -38.00704, 0.000691571, 0.0002425185
  -38.00704, 0.0003005444, 0.0002425185
  -38.000585, 0.0003121038, 0.00024312057
  -38.000585, 0.000573984, 0.00024312057
  -38.000585, 0.0004440404, 0.00024312057
  -38.000585, 0.0002136496, 0.00024312057
  -38.000585, 0.0003352226, 0.00024312057
  -38.000585, 0.0003136982, 0.00024312057
  -38.000585, 0.0007378086, 0.00024312057
  -38.000585, 0.000536117, 0.00024312057
  -38.000585, 0.0001606358, 0.00024312057
  -38.000585, 0.0002523138, 0.00024312057
  -38.000585, -7.85242e-05, 0.00024312057
  -38.000585, 0.0004113552, 0.00024312057
  -37.99413, 0.0001865448, 0.00024372296
  -37.99413, 0.0002857962, 0.00024372296
  -37.99413, 0.0003679078, 0.00024372296
  -37.99413, 0.0001937196, 0.00024372296
  -37.99413, 0.000372691, 0.00024372296
  -37.99413, 0.0001881392, 0.00024372296
  -37.99413, 0.000171398, 0.00024372296
  -37.99413, 6.3776e-06, 0.00024372296
  -37.987675, -1.95314e-05, 0.00024432569
  -37.987675, 0.0001526638, 0.00024432569
  -37.987675, 0.0002040832, 0.00024432569
  -37.987675, 0.0002184328, 0.00024432569
  -37.987675, 0.0004890822, 0.00024432569
  -37.987675, -1.1958e-06, 0.00024432569
  -37.987675, 0.0001937196, 0.00024432569
  -37.987675, 0.0002423488, 0.00024432569
  -37.987675, 0.0004241104, 0.00024432569
  -37.987675, 0.0003714952, 0.00024432569
  -37.987675, 0.0005692008, 0.00024432569
  -37.987675, 0.0004253062, 0.00024432569
  -37.987675, 0.000346782, 0.00024432569
  -37.987675, 0.0001462862, 0.00024432569
  -37.987675, -1.35524e-05, 0.00024432569
  -37.98122, 0.000117587, 0.00024492876
  -37.98122, 0.000468355, 0.00024492876
  -37.98122, 0.0001821602, 0.00024492876
  -37.98122, 0.0001965098, 0.00024492876
  -37.98122, 0.000167412, 0.00024492876
  -37.98122, 7.29438e-05, 0.00024492876
  -37.98122, 0.0001981042, 0.00024492876
  -37.974765, 0.0003974042, 0.00024553216
  -37.974765, 8.01186e-05, 0.00024553216
  -37.974765, 0.000484299, 0.00024553216
  -37.974765, 0.0002606844, 0.00024553216
  -37.974765, 1.67412e-05, 0.00024553216
  -37.974765, 0.0002419502, 0.00024553216
  -37.974765, 0.000257097, 0.00024553216
  -37.96831, 0.0003372156, 0.0002461359
  -37.96831, 0.000133531, 0.0002461359
  -37.96831, 5.30138e-05, 0.0002461359
  -37.96831, 0.0003344254, 0.0002461359
  -37.96831, 0.0003435932, 0.0002461359
  -37.96831, 0.000249125, 0.0002461359
  -37.961855, 0.000191328, 0.00024673997
  -37.9554, 0.000117587, 0.00024734437
  -37.9554, 0.0003491736, 0.00024734437
  -37.9554, 0.0003902294, 0.00024734437
  -37.9554, 0.0002893836, 0.00024734437
  -37.948945, 0.0004077678, 0.00024794911
  -37.948945, 0.0002846004, 0.00024794911
  -37.948945, 0.000705522, 0.00024794911
  -37.948945, 0.0003499708, 0.00024794911
  -37.94249, 0.000540103, 0.00024855419
  -37.94249, 0.0004958584, 0.00024855419
  -37.94249, 0.000362726, 0.00024855419
  -37.94249, 0.0002287964, 0.00024855419
  -37.94249, 0.0003045304, 0.00024855419
  -37.94249, 0.000277027, 0.00024855419
  -37.94249, -0.0001678106, 0.00024855419
  -37.92958, 0.0004679564, 0.00024976535
  -37.91667, 0.0002786214, 0.00025097786
  -37.90376, 0.0003643204, 0.0002521917
  -37.90376, 0.0003623274, 0.0002521917
  -37.897305, 0.0003252576, 0.00025279913
  -37.897305, 0.0002901808, 0.00025279913
  -37.897305, 0.0003974042, 0.00025279913
  -37.897305, 0.0002654676, 0.00025279913
  -37.884395, -2.94964e-05, 0.000254015
  -37.884395, 9.04822e-05, 0.000254015
  -37.86503, 0.0003192786, 0.00025584133
  -37.86503, 0.0001179856, 0.00025584133
  -37.86503, 0.0001423002, 0.00025584133
  -37.858575, 0.0003993972, 0.00025645079
  -37.858575, 0.0004153412, 0.00025645079
  -37.858575, 5.50068e-05, 0.00025645079
  -37.83921, 0.000454404, 0.00025828117
  -37.8263, 1.47482e-05, 0.00025950311
  -37.8263, 0.0001602372, 0.00025950311
  -37.819845, 0.000404579, 0.00026011459
  -37.806935, 0.0001283492, 0.00026133857
  -37.80048, 0.0001941182, 0.00026195106
  -37.80048, 0.000522166, 0.00026195106
  -37.794025, 0.000402586, 0.0002625639
  -37.78757, 0.0001052304, 0.00026317707
  -37.781115, 0.0002260062, 0.00026379059
  -37.77466, 8.3706e-05, 0.00026440444
  -37.77466, 0.0002475306, 0.00026440444
  -37.77466, 0.0005193758, 0.00026440444
  -37.755295, 0.0002108594, 0.00026624803
  -37.755295, 0.000201293, 0.00026624803
  -37.755295, -3.1888e-05, 0.00026624803
  -37.74884, 8.45032e-05, 0.00026686325
  -37.74884, 0.000271048, 0.00026686325
  -37.742385, 8.7692e-06, 0.0002674788
  -37.73593, 0.0001989014, 0.00026809469
  -37.729475, 0.0001662162, 0.00026871092
  -37.72302, 0.0001741882, 0.00026932749
  -37.72302, 0.000631781, 0.00026932749
  -37.716565, 7.89228e-05, 0.00026994441
  -37.716565, 0.0004137468, 0.00026994441
  -37.703655, 0.0002507194, 0.00027117926
  -37.703655, 0.0002375656, 0.00027117926
  -37.703655, 0.0002375656, 0.00027117926
  -37.703655, 0.0002666634, 0.00027117926
  -37.6972, 0.0001829574, 0.0002717972
  -37.6972, 0.0006688508, 0.0002717972
  -37.6972, 0.0003503694, 0.0002717972
  -37.6972, 0.0003902294, 0.0002717972
  -37.6972, 0.0001745868, 0.0002717972
  -37.6972, 0.0002495236, 0.0002717972
  -37.6972, 0.0006792144, 0.0002717972
  -37.6972, 0.000161433, 0.0002717972
  -37.6972, 0.000492271, 0.0002717972
  -37.690745, 7.05522e-05, 0.00027241547
  -37.690745, 0.0002997472, 0.00027241547
  -37.690745, 0.0003192786, 0.00027241547
  -37.690745, 0.0004093622, 0.00027241547
  -37.690745, 3.26852e-05, 0.00027241547
  -37.690745, 0.000243146, 0.00027241547
  -37.68429, 8.13144e-05, 0.00027303409
  -37.68429, 4.54404e-05, 0.00027303409
  -37.68429, 0.0002941668, 0.00027303409
  -37.68429, 0.000524159, 0.00027303409
  -37.68429, 0.0003276492, 0.00027303409
  -37.68429, 0.0003770756, 0.00027303409
  -37.68429, 0.0004261034, 0.00027303409
  -37.68429, 0.0002826074, 0.00027303409
  -37.677835, 0.0004440404, 0.00027365306
  -37.677835, 0.000209265, 0.00027365306
  -37.677835, 0.0002156426, 0.00027365306
  -37.677835, 0.000314894, 0.00027365306
  -37.677835, 0.000396607, 0.00027365306
  -37.677835, 0.0003144954, 0.00027365306
  -37.677835, 0.0003575442, 0.00027365306
  -37.677835, 0.0005947112, 0.00027365306
  -37.677835, 0.000450418, 0.00027365306
  -37.677835, 0.0004719424, 0.00027365306
  -37.677835, 0.0002539082, 0.00027365306
  -37.677835, 0.0006851934, 0.00027365306
  -37.677835, 0.00093671, 0.00027365306
  -37.677835, 0.0002467334, 0.00027365306
  -37.67138, 0.000115594, 0.00027427236
  -37.67138, 0.000346782, 0.00027427236
  -37.67138, 0.0004938654, 0.00027427236
  -37.67138, 0.0003224674, 0.00027427236
  -37.67138, 0.0002439432, 0.00027427236
  -37.67138, 0.000302936, 0.00027427236
  -37.664925, 0.0005775714, 0.00027489201
  -37.664925, 0.0004021874, 0.00027489201
  -37.664925, 0.0003914252, 0.00027489201
  -37.65847, 0.0001171884, 0.00027551199
  -37.65847, 0.0003304394, 0.00027551199
  -37.65847, 5.85942e-05, 0.00027551199
  -37.65847, 0.0001877406, 0.00027551199
  -37.652015, 0.0004093622, 0.00027613232
  -37.652015, 0.0004739354, 0.00027613232
  -37.652015, 0.0006425432, 0.00027613232
  -37.64556, 0.0001996986, 0.00027675299
  -37.64556, 0.0004950612, 0.00027675299
  -37.64556, 9.3671e-05, 0.00027675299
  -37.64556, 0.0001646218, 0.00027675299
  -37.64556, 0.0002746354, 0.00027675299
  -37.64556, 0.0005369142, 0.00027675299
  -37.639105, 0.0001343282, 0.00027737401
  -37.639105, 0.0003260548, 0.00027737401
  -37.639105, 0.0005775714, 0.00027737401
  -37.639105, 0.0003989986, 0.00027737401
  -37.639105, 3.02936e-05, 0.00027737401
  -37.63265, 0.0004480264, 0.00027799537
  -37.63265, 0.0002977542, 0.00027799537
  -37.63265, 0.000340803, 0.00027799537
  -37.626195, 0.000284999, 0.00027861707
  -37.626195, 0.0004157398, 0.00027861707
  -37.626195, 0.0006453334, 0.00027861707
  -37.626195, 0.0004540054, 0.00027861707
  -37.626195, 0.0002467334, 0.00027861707
  -37.61974, 0.000436467, 0.00027923911
  -37.61974, 0.0005903266, 0.00027923911
  -37.61974, 0.000281013, 0.00027923911
  -37.61974, 0.0002574956, 0.00027923911
  -37.61974, 0.0003459848, 0.00027923911
  -37.61974, 0.0003675092, 0.00027923911
  -37.61974, 0.0001008458, 0.00027923911
  -37.613285, 0.0004938654, 0.0002798615
  -37.613285, 0.0004380614, 0.0002798615
  -37.613285, 0.000506222, 0.0002798615
  -37.613285, 0.0002256076, 0.0002798615
  -37.613285, 0.000221223, 0.0002798615
  -37.613285, 0.0004627746, 0.0002798615
  -37.613285, 0.0001307408, 0.0002798615
  -37.613285, 0.0004213202, 0.0002798615
  -37.613285, 0.0001961112, 0.0002798615
  -37.613285, 0.0007505638, 0.0002798615
  -37.60683, 0.0002307894, 0.00028048423
  -37.60683, -5.34124e-05, 0.00028048423
  -37.60683, 0.0006640676, 0.00028048423
  -37.60683, 0.000524159, 0.00028048423
  -37.60683, 0.0003121038, 0.00028048423
  -37.600375, 0.0006126482, 0.0002811073
  -37.600375, 0.0004097608, 0.0002811073
  -37.59392, 0.0003172856, 0.00028173071
  -37.59392, 0.000197307, 0.00028173071
  -37.587465, 0.000354754, 0.00028235448
  -37.587465, 0.000245139, 0.00028235448
  -37.587465, 0.0002260062, 0.00028235448
  -37.58101, 0.0002798172, 0.00028297858
  -37.574555, 0.0004548026, 0.00028360303
  -37.574555, 0.0003220688, 0.00028360303
  -37.561645, 0.0003459848, 0.00028485296
  -37.561645, 0.000312901, 0.00028485296
  -37.55519, 0.0003121038, 0.00028547844
  -37.548735, 0.0001789714, 0.00028610426
  -37.51646, -0.0001084192, 0.00028923857
  -37.510005, 0.0001223702, 0.00028986646
  -37.50355, 0.0003631246, 0.0002904947
  -37.49064, 0.000257097, 0.00029175223
  -37.47773, 0.0002443418, 0.00029301113
  -37.47773, 0.000167412, 0.00029301113
  -37.471275, 0.0002515166, 0.0002936411
  -37.458365, 0.0005456834, 0.00029490209
  -37.458365, 0.0002933696, 0.00029490209
  -37.458365, 0.0001897336, 0.00029490209
  -37.45191, 0.0002004958, 0.0002955331
  -37.45191, 0.000334824, 0.0002955331
  -37.45191, 0.0002714466, 0.0002955331
  -37.45191, 8.33074e-05, 0.0002955331
  -37.445455, 7.3741e-05, 0.00029616446
  -37.445455, 0.0003479778, 0.00029616446
  -37.439, 7.05522e-05, 0.00029679617
  -37.439, 0.0001407058, 0.00029679617
  -37.439, 0.0002116566, 0.00029679617
  -37.432545, 0.00011958, 0.00029742822
  -37.432545, 0.000306922, 0.00029742822
  -37.432545, 0.0001486778, 0.00029742822
  -37.432545, 0.000386642, 0.00029742822
  -37.42609, 0.0005971028, 0.00029806062
  -37.42609, 0.000221223, 0.00029806062
  -37.42609, -5.26152e-05, 0.00029806062
  -37.42609, 0.0001909294, 0.00029806062
  -37.419635, 0.0005456834, 0.00029869337
  -37.419635, 0.000340803, 0.00029869337
  -37.419635, 0.0001837546, 0.00029869337
  -37.41318, 0.0001450904, 0.00029932647
  -37.406725, 1.95314e-05, 0.00029995991
  -37.406725, 0.0004759284, 0.00029995991
  -37.406725, 0.0002188314, 0.00029995991
  -37.406725, -0.0001590414, 0.00029995991
  -37.406725, 0.000253111, 0.00029995991
  -37.406725, 0.0003511666, 0.00029995991
  -37.406725, -0.0001379156, 0.00029995991
  -37.40027, 0.000342796, 0.0003005937
  -37.40027, 9.965e-05, 0.0003005937
  -37.40027, 0.0002901808, 0.0003005937
  -37.40027, 8.72934e-05, 0.0003005937
  -37.40027, 0.0001518666, 0.0003005937
  -37.40027, 0.000386642, 0.0003005937
  -37.40027, 1.993e-06, 0.0003005937
  -37.40027, 0.0003722924, 0.0003005937
  -37.393815, 0.0002562998, 0.00030122784
  -37.393815, 0.0003515652, 0.00030122784
  -37.393815, 0.0003491736, 0.00030122784
  -37.393815, 0.0003459848, 0.00030122784
  -37.393815, 0.0004974528, 0.00030122784
  -37.393815, 0.0003439918, 0.00030122784
  -37.393815, 0.0004253062, 0.00030122784
  -37.393815, 0.0003431946, 0.00030122784
  -37.38736, 0.0004097608, 0.00030186233
  -37.38736, 0.000587935, 0.00030186233
  -37.38736, 0.0003013416, 0.00030186233
  -37.38736, 0.0002347754, 0.00030186233
  -37.38736, 0.000107622, 0.00030186233
  -37.380905, 0.0002826074, 0.00030249717
  -37.380905, 0.0003443904, 0.00030249717
  -37.380905, 0.0001797686, 0.00030249717
  -37.380905, 8.45032e-05, 0.00030249717
  -37.380905, 0.000125559, 0.00030249717
  -37.380905, 0.0002846004, 0.00030249717
  -37.380905, 0.0004615788, 0.00030249717
  -37.37445, 0.000420523, 0.00030313236
  -37.37445, -2.55104e-05, 0.00030313236
  -37.37445, 0.0004819074, 0.00030313236
  -37.37445, 0.0002674606, 0.00030313236
  -37.367995, 0.000811151, 0.00030376789
  -37.367995, 0.0003679078, 0.00030376789
  -37.367995, 0.0004587886, 0.00030376789
  -37.367995, 0.0002359712, 0.00030376789
  -37.367995, 0.0002383628, 0.00030376789
  -37.36154, 0.0003639218, 0.00030440377
  -37.36154, 0.000350768, 0.00030440377
  -37.36154, 0.000482306, 0.00030440377
  -37.355085, 0.0005205716, 0.00030504001
  -37.355085, 8.60976e-05, 0.00030504001
  -37.355085, -1.83356e-05, 0.00030504001
  -37.34863, 0.0002602858, 0.00030567659
  -37.34863, 0.0007657106, 0.00030567659
  -37.34863, 0.0004611802, 0.00030567659
  -37.342175, 0.0004647676, 0.00030631352
  -37.342175, 0.000789228, 0.00030631352
  -37.342175, 0.0003495722, 0.00030631352
  -37.342175, 0.000231188, 0.00030631352
  -37.33572, 0.0003125024, 0.0003069508
  -37.33572, 0.0004189286, 0.0003069508
  -37.33572, 0.0005743826, 0.0003069508
  -37.329265, 0.0004189286, 0.00030758843
  -37.32281, 0.0003164884, 0.00030822641
  -37.32281, 0.0004117538, 0.00030822641
  -37.316355, 0.0001546568, 0.00030886473
  -37.316355, 0.0003236632, 0.00030886473
  -37.316355, 0.000269055, 0.00030886473
  -37.316355, 0.0004815088, 0.00030886473
  -37.316355, 0.00055804, 0.00030886473
  -37.3099, 0.0002778242, 0.00030950341
  -37.303445, 0.0003978028, 0.00031014244
  -37.303445, 0.0001737896, 0.00031014244
  -37.303445, 0.0001466848, 0.00031014244
  -37.29699, 0.0002004958, 0.00031078182
  -37.29699, 0.0002957612, 0.00031078182
  -37.29699, 0.0001072234, 0.00031078182
  -37.290535, 0.0002068734, 0.00031142155
  -37.290535, 0.0005313338, 0.00031142155
  -37.28408, 0.0003220688, 0.00031206163
  -37.28408, 6.21816e-05, 0.00031206163
  -37.28408, 0.00037867, 0.00031206163
  -37.28408, 0.0005365156, 0.00031206163
  -37.28408, 0.0004013902, 0.00031206163
  -37.28408, 0.0003774742, 0.00031206163
  -37.28408, 0.0006353684, 0.00031206163
  -37.277625, 0.000205279, 0.00031270206
  -37.277625, 0.0001706008, 0.00031270206
  -37.277625, 0.0003639218, 0.00031270206
  -37.277625, 0.0004835018, 0.00031270206
  -37.27117, 0.0004651662, 0.00031334285
  -37.264715, 0.0004073692, 0.00031398398
  -37.264715, 2.7902e-06, 0.00031398398
  -37.264715, 0.0002176356, 0.00031398398
  -37.25826, 0.0002108594, 0.00031462546
  -37.25826, 0.000229195, 0.00031462546
  -37.25826, 0.0003479778, 0.00031462546
  -37.25826, 0.0003216702, 0.00031462546
  -37.25826, 0.0003412016, 0.00031462546
  -37.25826, 0.0005074178, 0.00031462546
  -37.25826, 0.0003603344, 0.00031462546
  -37.25826, 0.000480313, 0.00031462546
  -37.251805, 0.0002774256, 0.0003152673
  -37.251805, 0.0002694536, 0.0003152673
  -37.251805, 0.0002762298, 0.0003152673
  -37.24535, 0.0005695994, 0.00031590949
  -37.24535, 0.0004077678, 0.00031590949
  -37.24535, 0.000286992, 0.00031590949
  -37.24535, 0.0001231674, 0.00031590949
  -37.238895, 0.0002060762, 0.00031655202
  -37.238895, 0.0004567956, 0.00031655202
  -37.23244, 0.0003033346, 0.00031719491
  -37.23244, 0.0002403558, 0.00031719491
  -37.225985, 0.0005903266, 0.00031783816
  -37.225985, 0.000526152, 0.00031783816
  -37.20662, 7.45382e-05, 0.00031977
  -37.20662, -5.06222e-05, 0.00031977
  -37.200165, 0.0001610344, 0.00032041465
  -37.19371, 0.0002842018, 0.00032105965
  -37.19371, 0.0001757826, 0.00032105965
  -37.19371, 0.0004870892, 0.00032105965
  -37.187255, 0.0001367198, 0.00032170501
  -37.187255, 0.0003834532, 0.00032170501
  -37.187255, 0.0002842018, 0.00032170501
  -37.187255, 0.0006883822, 0.00032170501
  -37.187255, 0.0003152926, 0.00032170501
  -37.187255, 0.0004408516, 0.00032170501
  -37.1808, -4.9825e-05, 0.00032235072
  -37.174345, 0.000568005, 0.00032299678
  -37.174345, 0.0004336768, 0.00032299678
  -37.174345, 0.0004253062, 0.00032299678
  -37.16789, -2.47132e-05, 0.00032364319
  -37.14207, 0.0002638732, 0.00032623239
  -37.14207, 0.0005428932, 0.00032623239
  -37.135615, 0.0002555026, 0.00032688057
  -37.135615, 0.000193321, 0.00032688057
  -37.12916, 0.0005385086, 0.00032752911
  -37.122705, 0.000175384, 0.000328178
  -37.122705, 0.0002857962, 0.000328178
  -37.122705, 0.0002184328, 0.000328178
  -37.11625, 0.0002562998, 0.00032882725
  -37.109795, 0.0002618802, 0.00032947685
  -37.109795, 0.0002427474, 0.00032947685
  -37.109795, 0.0001132024, 0.00032947685
  -37.109795, 0.0001885378, 0.00032947685
  -37.109795, 2.67062e-05, 0.00032947685
  -37.109795, 0.0007736826, 0.00032947685
  -37.109795, 0.0001442932, 0.00032947685
  -37.10334, 0.0004906766, 0.0003301268
  -37.10334, 0.0004316838, 0.0003301268
  -37.10334, 0.00061783, 0.0003301268
  -37.10334, 0.0003276492, 0.0003301268
  -37.096885, 0.000466362, 0.00033077711
  -37.096885, 0.0004926696, 0.00033077711
  -37.096885, 0.000514194, 0.00033077711
  -37.096885, 0.0007525568, 0.00033077711
  -37.096885, 0.000591921, 0.00033077711
  -37.096885, 1.91328e-05, 0.00033077711
  -37.096885, 0.0003750826, 0.00033077711
  -37.096885, 0.0003958098, 0.00033077711
  -37.096885, 0.000310908, 0.00033077711
  -37.09043, 0.0003176842, 0.00033142777
  -37.09043, 0.0002515166, 0.00033142777
  -37.083975, 0.0005405016, 0.00033207879
  -37.083975, 0.0004639704, 0.00033207879
  -37.083975, 0.0006002916, 0.00033207879
  -37.07752, 0.0002626774, 0.00033273017
  -37.07752, -6.25802e-05, 0.00033273017
  -37.07752, 0.0004496208, 0.00033273017
  -37.07752, 6.53704e-05, 0.00033273017
  -37.07752, 0.0003695022, 0.00033273017
  -37.071065, 0.0005074178, 0.0003333819
  -37.071065, 0.0007577386, 0.0003333819
  -37.071065, 0.0003535582, 0.0003333819
  -37.06461, -5.1818e-06, 0.00033403398
  -37.06461, 0.0004081664, 0.00033403398
  -37.058155, 0.000332831, 0.00033468642
  -37.058155, 0.0002778242, 0.00033468642
  -37.058155, 0.000286992, 0.00033468642
  -37.058155, -1.47482e-05, 0.00033468642
  -37.058155, 0.0003176842, 0.00033468642
  -37.058155, 0.0002726424, 0.00033468642
  -37.0517, 0.0006688508, 0.00033533922
  -37.0517, 0.0004874878, 0.00033533922
  -37.0517, 9.48668e-05, 0.00033533922
  -37.045245, 0.000165419, 0.00033599237
  -37.045245, 9.92514e-05, 0.00033599237
  -37.03879, 0.0006987458, 0.00033664588
  -37.03879, 0.0005098094, 0.00033664588
  -37.03879, 0.000247132, 0.00033664588
  -37.032335, 0.0005058234, 0.00033729974
  -37.032335, 0.0004480264, 0.00033729974
  -37.02588, 0.0005468792, 0.00033795396
  -37.02588, 0.000133531, 0.00033795396
  -37.019425, 0.000430488, 0.00033860854
  -37.019425, 0.0003300408, 0.00033860854
  -37.01297, -5.22166e-05, 0.00033926347
  -37.01297, 0.000368705, 0.00033926347
  -37.01297, 0.0006142426, 0.00033926347
  -37.006515, 0.000482306, 0.00033991876
  -37.00006, 0.0006604802, 0.00034057441
  -36.98715, 0.0003264534, 0.00034188677
  -36.98715, 0.0004528096, 0.00034188677
  -36.980695, 0.0001072234, 0.00034254349
  -36.980695, 0.0003989986, 0.00034254349
  -36.980695, 0.0004627746, 0.00034254349
  -36.980695, -2.35174e-05, 0.00034254349
  -36.97424, 0.0006887808, 0.00034320057
  -36.97424, 0.0002036846, 0.00034320057
  -36.967785, 0.0002818102, 0.000343858
  -36.967785, 0.000633774, 0.000343858
  -36.967785, 0.0002965584, 0.000343858
  -36.967785, 0.000641746, 0.000343858
  -36.967785, 0.0002339782, 0.000343858
  -36.967785, 0.0005532568, 0.000343858
  -36.96133, 0.0004894808, 0.00034451579
  -36.954875, 0.0004396558, 0.00034517394
  -36.954875, 0.0002658662, 0.00034517394
  -36.954875, 0.0002885864, 0.00034517394
  -36.94842, 0.0001044332, 0.00034583244
  -36.94842, 0.0002782228, 0.00034583244
  -36.94842, 0.0003041318, 0.00034583244
  -36.94842, 0.0005317324, 0.00034583244
  -36.94842, 0.0004635718, 0.00034583244
  -36.94842, 0.0003085164, 0.00034583244
  -36.941965, 0.0005604316, 0.00034649131
  -36.941965, 7.29438e-05, 0.00034649131
  -36.941965, 0.0003404044, 0.00034649131
  -36.941965, 0.000211258, 0.00034649131
  -36.941965, 0.0002981528, 0.00034649131
  -36.941965, 0.0004516138, 0.00034649131
  -36.941965, 0.0004053762, 0.00034649131
  -36.93551, 0.0003475792, 0.00034715053
  -36.93551, 0.0003037332, 0.00034715053
  -36.93551, 0.0003216702, 0.00034715053
  -36.93551, 0.0004117538, 0.00034715053
  -36.93551, 0.0003400058, 0.00034715053
  -36.93551, 0.0003316352, 0.00034715053
  -36.929055, 0.000426502, 0.00034781011
  -36.929055, 8.53004e-05, 0.00034781011
  -36.9226, 0.0006166342, 0.00034847005
  -36.9226, 0.0004213202, 0.00034847005
  -36.916145, 0.0002236146, 0.00034913035
  -36.916145, 0.0003910266, 0.00034913035
  -36.90969, 0.0002885864, 0.000349791
  -36.90969, 0.0004571942, 0.000349791
  -36.90969, 0.000314894, 0.000349791
  -36.90969, 0.0004217188, 0.000349791
  -36.90969, 0.0002084678, 0.000349791
  -36.90969, 0.0002196286, 0.000349791
  -36.90969, 0.0004795158, 0.000349791
  -36.903235, 0.0003954112, 0.00035045202
  -36.903235, 0.000607865, 0.00035045202
  -36.903235, 0.0002559012, 0.00035045202
  -36.89678, 0.0004811102, 0.00035111339
  -36.89678, 0.0006146412, 0.00035111339
  -36.89678, 0.000406572, 0.00035111339
  -36.89678, 0.000583949, 0.00035111339
  -36.89678, 0.0003758798, 0.00035111339
  -36.89678, 0.0006409488, 0.00035111339
  -36.890325, 0.0004607816, 0.00035177513
  -36.890325, 2.27202e-05, 0.00035177513
  -36.890325, 0.0003838518, 0.00035177513
  -36.890325, 0.0004380614, 0.00035177513
  -36.890325, 0.000141503, 0.00035177513
  -36.88387, 0.0003117052, 0.00035243722
  -36.87096, 0.0004061734, 0.00035376248
  -36.85805, 9.68598e-05, 0.00035508918
  -36.851595, 0.0003894322, 0.00035575308
  -36.84514, 0.0004089636, 0.00035641733
  -36.83223, 0.0001630274, 0.00035774691
  -36.825775, 0.0002244118, 0.00035841224
  -36.812865, 0.000243146, 0.00035974399
  -36.80641, 0.000328845, 0.0003604104
  -36.80641, 0.000544089, 0.0003604104
  -36.7935, 0.000464369, 0.00036174432
  -36.7935, 0.0004846976, 0.00036174432
  -36.7935, 0.0002905794, 0.00036174432
  -36.78059, 0.0005106066, 0.00036307968
  -36.78059, 0.0002921738, 0.00036307968
  -36.78059, 9.20766e-05, 0.00036307968
  -36.78059, 0.0005353198, 0.00036307968
  -36.78059, 0.000466362, 0.00036307968
  -36.78059, 0.0004659634, 0.00036307968
  -36.774135, 0.0002527124, 0.0003637479
  -36.76768, 0.0005783686, 0.00036441648
  -36.76768, 0.000532131, 0.00036441648
  -36.76768, 0.0004894808, 0.00036441648
  -36.761225, 0.000583949, 0.00036508543
  -36.761225, 0.0003774742, 0.00036508543
  -36.75477, 0.0005106066, 0.00036575473
  -36.75477, 0.0004328796, 0.00036575473
  -36.75477, 0.0004308866, 0.00036575473
  -36.75477, 0.0003997958, 0.00036575473
  -36.748315, 0.000235174, 0.0003664244
  -36.74186, 0.0003842504, 0.00036709443
  -36.74186, 0.0007138926, 0.00036709443
  -36.72895, 0.0005349212, 0.00036843558
  -36.72895, 0.0004966556, 0.00036843558
  -36.722495, 0.0003818588, 0.0003691067
  -36.722495, 0.0006190258, 0.0003691067
  -36.722495, 0.000342796, 0.0003691067
  -36.71604, 0.0006361656, 0.00036977818
  -36.71604, 0.0005086136, 0.00036977818
  -36.709585, 0.000350768, 0.00037045003
  -36.709585, 0.0002515166, 0.00037045003
  -36.709585, 0.0008426404, 0.00037045003
  -36.709585, 0.0006062706, 0.00037045003
  -36.709585, 5.3811e-05, 0.00037045003
  -36.709585, 0.0001562512, 0.00037045003
  -36.696675, 0.0002981528, 0.00037179481
  -36.696675, 0.0001462862, 0.00037179481
  -36.683765, 0.000781256, 0.00037314104
  -36.683765, 0.0005907252, 0.00037314104
  -36.683765, 0.0004599844, 0.00037314104
  -36.670855, 0.0008518082, 0.00037448873
  -36.670855, 0.0004918724, 0.00037448873
  -36.670855, 5.1818e-05, 0.00037448873
  -36.670855, 0.0005325296, 0.00037448873
  -36.6644, 0.0005656134, 0.00037516312
  -36.6644, 0.000288985, 0.00037516312
  -36.6644, 0.000368705, 0.00037516312
  -36.6644, 0.0003774742, 0.00037516312
  -36.657945, 0.0003918238, 0.00037583787
  -36.63858, 0.0001462862, 0.00037786432
  -36.62567, 0.0001885378, 0.0003792171
  -36.606305, 0.0001897336, 0.00038124902
  -36.606305, 0.0003479778, 0.00038124902
  -36.593395, 0.0003192786, 0.00038260545
  -36.58694, 0.0004037818, 0.00038328422
  -36.58694, 0.0001781742, 0.00038328422
  -36.58694, 0.0002264048, 0.00038328422
  -36.56112, 0.000189335, 0.00038600294
  -36.54821, 0.0006919696, 0.0003873645
  -36.541755, 0.0004169356, 0.00038804583
  -36.5353, 0.0002698522, 0.00038872752
  -36.528845, 0.0001985028, 0.00038940958
  -36.52239, 0.0001399086, 0.00039009201
  -36.52239, 0.0003615302, 0.00039009201
  -36.52239, 4.3846e-06, 0.00039009201
  -36.52239, 0.000344789, 0.00039009201
  -36.515935, 0.0002148454, 0.0003907748
  -36.50948, 0.0003890336, 0.00039145797
  -36.50948, 0.0007904238, 0.00039145797
  -36.50948, 0.000312901, 0.00039145797
  -36.50948, 0.000414544, 0.00039145797
  -36.50948, 0.0003854462, 0.00039145797
  -36.50948, 0.000302936, 0.00039145797
  -36.503025, 0.0003172856, 0.0003921415
  -36.503025, 0.0006182286, 0.0003921415
  -36.503025, 0.0002028874, 0.0003921415
  -36.503025, 0.0004667606, 0.0003921415
  -36.49657, -1.27552e-05, 0.00039282539
  -36.49657, 0.0002455376, 0.00039282539
  -36.49657, 0.0005532568, 0.00039282539
  -36.49657, 0.0003591386, 0.00039282539
  -36.49657, 0.0003332296, 0.00039282539
  -36.49657, 0.00025909, 0.00039282539
  -36.490115, 0.000472341, 0.00039350966
  -36.490115, 0.0004811102, 0.00039350966
  -36.490115, 0.0004213202, 0.00039350966
  -36.490115, 0.0003260548, 0.00039350966
  -36.490115, 0.0005165856, 0.00039350966
  -36.48366, 0.0004193272, 0.00039419429
  -36.48366, 0.0003459848, 0.00039419429
  -36.48366, 0.0005026346, 0.00039419429
  -36.477205, 0.0003212716, 0.00039487929
  -36.477205, 0.0006525082, 0.00039487929
  -36.477205, 0.0002798172, 0.00039487929
  -36.47075, 0.0003061248, 0.00039556465
  -36.464295, 0.000356747, 0.00039625039
  -36.464295, 0.0003435932, 0.00039625039
  -36.464295, 3.26852e-05, 0.00039625039
  -36.45784, 0.0002327824, 0.00039693649
  -36.45784, 0.000460383, 0.00039693649
  -36.45784, 0.0001259576, 0.00039693649
  -36.451385, 0.000621816, 0.00039762296
  -36.451385, 0.000516187, 0.00039762296
  -36.44493, 0.0007461792, 0.0003983098
  -36.44493, 0.0003659148, 0.0003983098
  -36.44493, 0.000352761, 0.0003983098
  -36.438475, 0.0001100136, 0.00039899701
  -36.438475, 0.0005895294, 0.00039899701
  -36.438475, 0.0001857476, 0.00039899701
  -36.438475, 0.0002343768, 0.00039899701
  -36.438475, 0.00037867, 0.00039899701
  -36.438475, 0.0004193272, 0.00039899701
  -36.438475, 0.0002634746, 0.00039899701
  -36.438475, 0.0001311394, 0.00039899701
  -36.438475, 0.0006321796, 0.00039899701
  -36.438475, 0.0002439432, 0.00039899701
  -36.43202, -3.02936e-05, 0.00039968458
  -36.43202, 0.0004137468, 0.00039968458
  -36.43202, -4.42446e-05, 0.00039968458
  -36.43202, 0.000231188, 0.00039968458
  -36.43202, 0.0003117052, 0.00039968458
  -36.43202, 0.0005548512, 0.00039968458
  -36.43202, 0.0006265992, 0.00039968458
  -36.425565, 0.0004117538, 0.00040037253
  -36.425565, 0.000334824, 0.00040037253
  -36.425565, 0.0001482792, 0.00040037253
  -36.425565, 0.0002076706, 0.00040037253
  -36.425565, 0.0006373614, 0.00040037253
  -36.425565, 0.0004296908, 0.00040037253
  -36.41911, 0.0001139996, 0.00040106084
  -36.41911, 0.0006006902, 0.00040106084
  -36.412655, 0.000306922, 0.00040174953
  -36.412655, 0.0003535582, 0.00040174953
  -36.412655, 0.0004217188, 0.00040174953
  -36.412655, 0.000237167, 0.00040174953
  -36.412655, 0.0004918724, 0.00040174953
  -36.4062, 0.000207272, 0.00040243858
  -36.4062, 0.0004432432, 0.00040243858
  -36.4062, 0.0004918724, 0.00040243858
  -36.399745, 0.0003352226, 0.000403128
  -36.399745, 0.0001809644, 0.000403128
  -36.399745, 0.0002842018, 0.000403128
  -36.399745, 0.0004241104, 0.000403128
  -36.39329, 0.0001817616, 0.00040381779
  -36.39329, 0.0001319366, 0.00040381779
  -36.386835, 0.0003423974, 0.00040450795
  -36.386835, 0.0003938168, 0.00040450795
  -36.386835, 0.0003264534, 0.00040450795
  -36.386835, 0.000340803, 0.00040450795
  -36.386835, 0.000275034, 0.00040450795
  -36.386835, 0.0002475306, 0.00040450795
  -36.386835, 0.0004356698, 0.00040450795
  -36.38038, 0.0004846976, 0.00040519848
  -36.38038, 0.0003595372, 0.00040519848
  -36.38038, 0.000426502, 0.00040519848
  -36.38038, 0.0004839004, 0.00040519848
  -36.38038, 0.0002140482, 0.00040519848
  -36.38038, 0.0003324324, 0.00040519848
  -36.38038, 0.0002395586, 0.00040519848
  -36.38038, 0.000396607, 0.00040519848
  -36.38038, 0.000181363, 0.00040519848
  -36.38038, 0.000243146, 0.00040519848
  -36.373925, 0.0002562998, 0.00040588938
  -36.373925, 0.0006066692, 0.00040588938
  -36.373925, 0.0003236632, 0.00040588938
  -36.373925, 0.0002264048, 0.00040588938
  -36.373925, 0.0005337254, 0.00040588938
  -36.373925, 0.0005293408, 0.00040588938
  -36.373925, 0.0003854462, 0.00040588938
  -36.373925, 0.000446432, 0.00040588938
  -36.373925, 0.000512201, 0.00040588938
  -36.36747, 0.0003515652, 0.00040658065
  -36.36747, 0.0003483764, 0.00040658065
  -36.36747, 0.0003192786, 0.00040658065
  -36.36747, 0.000420523, 0.00040658065
  -36.36747, 0.0006708438, 0.00040658065
  -36.36747, 0.000496257, 0.00040658065
  -36.361015, 0.0003300408, 0.00040727229
  -36.361015, 0.0004651662, 0.00040727229
  -36.361015, 0.0005193758, 0.00040727229
  -36.361015, 0.000488285, 0.00040727229
  -36.35456, 0.0005054248, 0.00040796429
  -36.35456, 0.0003125024, 0.00040796429
  -36.35456, 0.0004998444, 0.00040796429
  -36.35456, 0.0006190258, 0.00040796429
  -36.348105, 0.0004480264, 0.00040865667
  -36.348105, 0.0007019346, 0.00040865667
  -36.348105, 0.0002547054, 0.00040865667
  -36.348105, 0.0004336768, 0.00040865667
  -36.34165, 0.000243146, 0.00040934942
  -36.34165, 0.000173391, 0.00040934942
  -36.34165, 0.0006600816, 0.00040934942
  -36.335195, 0.000528145, 0.00041004254
  -36.335195, 0.000372691, 0.00041004254
  -36.335195, 0.0005488722, 0.00041004254
  -36.335195, 0.0004372642, 0.00041004254
  -36.335195, 0.000300943, 0.00041004254
  -36.335195, 0.0005409002, 0.00041004254
  -36.32874, 0.0005133968, 0.00041073603
  -36.32874, 0.0003714952, 0.00041073603
  -36.32874, 0.0003117052, 0.00041073603
  -36.32874, 0.0004850962, 0.00041073603
  -36.32874, 0.0005397044, 0.00041073603
  -36.32874, 0.0002355726, 0.00041073603
  -36.32874, 0.0001167898, 0.00041073603
  -36.32874, 0.0007091094, 0.00041073603
  -36.322285, 0.0002794186, 0.0004114299
  -36.322285, 0.0004388586, 0.0004114299
  -36.322285, 0.0006265992, 0.0004114299
  -36.31583, 0.000161433, 0.00041212413
  -36.31583, 0.0004001944, 0.00041212413
  -36.31583, 0.0004396558, 0.00041212413
  -36.31583, 0.0004368656, 0.00041212413
  -36.30292, 0.0006441376, 0.00041351371
  -36.30292, 0.0004647676, 0.00041351371
  -36.30292, 0.0005050262, 0.00041351371
  -36.29001, 0.0006246062, 0.00041490477
  -36.29001, 0.0004276978, 0.00041490477
  -36.29001, 0.0003551526, 0.00041490477
  -36.283555, 0.0002877892, 0.00041560086
  -36.283555, 0.0001881392, 0.00041560086
  -36.283555, 0.00075734, 0.00041560086
  -36.283555, 0.000888878, 0.00041560086
  -36.270645, 0.0002084678, 0.00041699415
  -36.270645, 0.0007529554, 0.00041699415
  -36.270645, 0.0003982014, 0.00041699415
  -36.26419, 0.000631781, 0.00041769135
  -36.257735, 0.0003144954, 0.00041838893
  -36.257735, 0.0002993486, 0.00041838893
  -36.257735, 0.0005903266, 0.00041838893
  -36.257735, 0.0005153898, 0.00041838893
  -36.257735, 0.0004607816, 0.00041838893
  -36.257735, 0.0005393058, 0.00041838893
  -36.25128, 0.0007118996, 0.00041908687
  -36.25128, 0.0005568442, 0.00041908687
  -36.25128, 0.0005233618, 0.00041908687
  -36.25128, 0.0003862434, 0.00041908687
  -36.244825, 0.0003419988, 0.00041978519
  -36.244825, 0.0001789714, 0.00041978519
  -36.244825, 0.0003631246, 0.00041978519
  -36.244825, 0.0005528582, 0.00041978519
  -36.244825, 0.0003754812, 0.00041978519
  -36.244825, 0.0002702508, 0.00041978519
  -36.244825, 0.0003320338, 0.00041978519
  -36.244825, 0.0004117538, 0.00041978519
  -36.23837, 0.0005612288, 0.00042048389
  -36.23837, 0.0003683064, 0.00042048389
  -36.23837, 0.00027902, 0.00042048389
  -36.23837, 0.0004552012, 0.00042048389
  -36.23837, 0.000482306, 0.00042048389
  -36.23837, 0.0002056776, 0.00042048389
  -36.231915, 0.0007629204, 0.00042118295
  -36.22546, 0.0006692494, 0.00042188239
  -36.22546, 0.000669648, 0.00042188239
  -36.219005, 0.0005588372, 0.0004225822
  -36.219005, 0.000386642, 0.0004225822
  -36.219005, 0.0004579914, 0.0004225822
  -36.21255, 0.0004041804, 0.00042328238
  -36.21255, 7.45382e-05, 0.00042328238
  -36.206095, 0.0002499222, 0.00042398294
  -36.206095, 0.0002977542, 0.00042398294
  -36.206095, 0.00021923, 0.00042398294
  -36.19964, 0.000448425, 0.00042468387
  -36.19964, 0.0005887322, 0.00042468387
  -36.19964, 0.0003113066, 0.00042468387
  -36.193185, 0.0003240618, 0.00042538517
  -36.193185, 0.0003176842, 0.00042538517
  -36.193185, 0.0002598872, 0.00042538517
  -36.193185, 0.0004540054, 0.00042538517
  -36.193185, 0.0005285436, 0.00042538517
  -36.18673, 0.0005444876, 0.00042608684
  -36.18673, 0.0002941668, 0.00042608684
  -36.18673, 6.3776e-06, 0.00042608684
  -36.18673, 0.000448425, 0.00042608684
  -36.180275, 0.0006768228, 0.00042678889
  -36.180275, 0.0005524596, 0.00042678889
  -36.180275, 0.0003982014, 0.00042678889
  -36.180275, 0.0004253062, 0.00042678889
  -36.180275, 0.0003037332, 0.00042678889
  -36.17382, 0.000930731, 0.00042749131
  -36.17382, 0.0004886836, 0.00042749131
  -36.17382, 0.0008757242, 0.00042749131
  -36.17382, 0.0004930682, 0.00042749131
  -36.167365, 0.0002642718, 0.00042819411
  -36.167365, 0.000492271, 0.00042819411
  -36.167365, 0.000201293, 0.00042819411
  -36.167365, 0.0003854462, 0.00042819411
  -36.167365, 0.0005277464, 0.00042819411
  -36.167365, 0.0005895294, 0.00042819411
  -36.167365, 0.0006046762, 0.00042819411
  -36.16091, 0.000382656, 0.00042889728
  -36.16091, 0.0004599844, 0.00042889728
  -36.16091, 0.0006250048, 0.00042889728
  -36.154455, 0.0006154384, 0.00042960082
  -36.154455, 0.0004480264, 0.00042960082
  -36.148, 0.0005030332, 0.00043030474
  -36.148, 0.0001825588, 0.00043030474
  -36.141545, 0.0003954112, 0.00043100903
  -36.141545, 0.0003539568, 0.00043100903
  -36.141545, 0.000771291, 0.00043100903
  -36.141545, 0.0004647676, 0.00043100903
  -36.141545, 0.0003117052, 0.00043100903
  -36.13509, 0.0005536554, 0.0004317137
  -36.13509, 0.0003324324, 0.0004317137
  -36.13509, 0.0003898308, 0.0004317137
  -36.128635, 0.000370698, 0.00043241874
  -36.12218, 0.00013951, 0.00043312416
  -36.12218, 0.0007186758, 0.00043312416
  -36.12218, 0.0003603344, 0.00043312416
  -36.115725, 0.0006365642, 0.00043382995
  -36.115725, 0.0007445848, 0.00043382995
  -36.115725, 0.0005963056, 0.00043382995
  -36.10927, 4.62376e-05, 0.00043453611
  -36.10927, 0.000595907, 0.00043453611
  -36.10927, 0.000370698, 0.00043453611
  -36.10927, 0.0005034318, 0.00043453611
  -36.102815, 0.0003117052, 0.00043524265
  -36.09636, 0.0003874392, 0.00043594956
  -36.09636, 0.0004898794, 0.00043594956
  -36.089905, 0.0002184328, 0.00043665685
  -36.089905, 0.0001199786, 0.00043665685
  -36.08345, 0.000430488, 0.00043736452
  -36.08345, 0.000649718, 0.00043736452
  -36.08345, 0.0005006416, 0.00043736452
  -36.076995, 0.0005568442, 0.00043807256
  -36.076995, 0.00063776, 0.00043807256
  -36.07054, 0.0005891308, 0.00043878097
  -36.05763, 0.0003180828, 0.00044019893
  -36.05763, 0.0003340268, 0.00044019893
  -36.05763, 0.0005735854, 0.00044019893
  -36.051175, 0.0003037332, 0.00044090848
  -36.04472, 0.0006453334, 0.00044161839
  -36.038265, 0.000376677, 0.00044232869
  -36.038265, 0.0002435446, 0.00044232869
  -36.0189, 0.00041853, 0.00044446183
  -36.0189, 0.0003523624, 0.00044446183
  -36.0189, 0.0004986486, 0.00044446183
  -36.012445, 0.0006361656, 0.00044517363
  -36.012445, 0.0006863892, 0.00044517363
  -36.00599, 0.0003989986, 0.00044588581
  -35.999535, 0.0003284464, 0.00044659836
  -35.99308, 0.0004870892, 0.00044731129
  -35.98017, 0.000384649, 0.00044873829
  -35.973715, 0.0005871378, 0.00044945235
  -35.96726, 0.0005345226, 0.00045016679
  -35.960805, 0.0003152926, 0.00045088161
  -35.947895, 0.0003013416, 0.00045231237
  -35.94144, 0.0005428932, 0.00045302832
  -35.94144, 0.0003559498, 0.00045302832
  -35.934985, 0.0005895294, 0.00045374465
  -35.934985, 0.0007625218, 0.00045374465
  -35.934985, 0.0002846004, 0.00045374465
  -35.934985, 0.0005114038, 0.00045374465
  -35.92853, 0.0005133968, 0.00045446136
  -35.922075, 0.0003412016, 0.00045517844
  -35.922075, 0.0001470834, 0.00045517844
  -35.922075, 0.0005046276, 0.00045517844
  -35.91562, 0.0005795644, 0.0004558959
  -35.91562, 0.0004436418, 0.0004558959
  -35.909165, 0.0004237118, 0.00045661374
  -35.90271, 0.0005536554, 0.00045733196
  -35.896255, 0.0005931168, 0.00045805056
  -35.8898, 0.0004579914, 0.00045876954
  -35.8898, 0.0004432432, 0.00045876954
  -35.8898, 0.000368705, 0.00045876954
  -35.883345, 0.0006740326, 0.00045948889
  -35.883345, 0.0005528582, 0.00045948889
  -35.870435, 0.000506222, 0.00046092874
  -35.870435, 0.0005492708, 0.00046092874
  -35.870435, 0.000661676, 0.00046092874
  -35.870435, 0.0002547054, 0.00046092874
  -35.870435, 0.0005867392, 0.00046092874
  -35.86398, 0.000350768, 0.00046164924
  -35.86398, 0.0003774742, 0.00046164924
  -35.86398, 0.00053811, 0.00046164924
  -35.86398, 0.0003583414, 0.00046164924
  -35.857525, 0.0003404044, 0.00046237011
  -35.857525, 0.0004735368, 0.00046237011
  -35.857525, 0.0005536554, 0.00046237011
  -35.85107, 0.0004866906, 0.00046309136
  -35.85107, 0.0004695508, 0.00046309136
  -35.85107, 0.0007465778, 0.00046309136
  -35.85107, 0.0008019832, 0.00046309136
  -35.844615, 0.0003910266, 0.00046381299
  -35.844615, 0.000448425, 0.00046381299
  -35.844615, 0.00045839, 0.00046381299
  -35.844615, 0.000434474, 0.00046381299
  -35.83816, 0.0001279506, 0.000464535
  -35.83816, 0.0005289422, 0.000464535
  -35.83816, 0.0004807116, 0.000464535
  -35.831705, 0.0007461792, 0.00046525739
  -35.831705, 0.0004237118, 0.00046525739
  -35.831705, 0.00061783, 0.00046525739
  -35.831705, 0.0006142426, 0.00046525739
  -35.831705, 0.0003392086, 0.00046525739
  -35.831705, 0.0005536554, 0.00046525739
  -35.831705, 0.000484299, 0.00046525739
  -35.831705, 0.000595907, 0.00046525739
  -35.831705, 0.0007577386, 0.00046525739
  -35.82525, 0.0003416002, 0.00046598016
  -35.82525, 0.0004480264, 0.00046598016
  -35.818795, 0.0003675092, 0.00046670331
  -35.818795, 0.0002842018, 0.00046670331
  -35.81234, 0.0003360198, 0.00046742684
  -35.81234, 0.0005137954, 0.00046742684
  -35.81234, 0.0003471806, 0.00046742684
  -35.805885, 0.0002487264, 0.00046815075
  -35.805885, 0.0007091094, 0.00046815075
  -35.79943, 0.0002116566, 0.00046887504
  -35.792975, 0.0001777756, 0.00046959972
  -35.78652, 0.0002714466, 0.00047032477
  -35.78652, 0.0008139412, 0.00047032477
  -35.78652, 0.0006150398, 0.00047032477
  -35.780065, 0.0006150398, 0.0004710502
  -35.780065, 0.0006242076, 0.0004710502
  -35.780065, 0.0004767256, 0.0004710502
  -35.77361, 0.0005424946, 0.00047177601
  -35.77361, 0.0008673536, 0.00047177601
  -35.767155, 0.0005038304, 0.00047250221
  -35.767155, 0.0005767742, 0.00047250221
  -35.767155, 0.000183356, 0.00047250221
  -35.767155, 0.0006560956, 0.00047250221
  -35.7607, 0.0005185786, 0.00047322878
  -35.7607, 0.0004787186, 0.00047322878
  -35.754245, 0.0002164398, 0.00047395574
  -35.754245, 0.0006541026, 0.00047395574
  -35.754245, 0.0002419502, 0.00047395574
  -35.754245, 0.0002961598, 0.00047395574
  -35.754245, 0.0003372156, 0.00047395574
  -35.74779, 0.0006660606, 0.00047468308
  -35.74779, 0.0007011374, 0.00047468308
  -35.74779, 0.0003356212, 0.00047468308
  -35.74779, 0.0005608302, 0.00047468308
  -35.74779, 0.0003930196, 0.00047468308
  -35.74779, 0.0007126968, 0.00047468308
  -35.741335, 0.00051818, 0.0004754108
  -35.741335, 0.0005707952, 0.0004754108
  -35.741335, 0.0004966556, 0.0004754108
  -35.741335, 0.0004679564, 0.0004754108
  -35.741335, 0.0003683064, 0.0004754108
  -35.73488, 0.0002917752, 0.0004761389
  -35.73488, 0.00037867, 0.0004761389
  -35.73488, 0.0003742854, 0.0004761389
  -35.73488, 0.0006704452, 0.0004761389
  -35.73488, 0.0006086622, 0.0004761389
  -35.73488, 0.0005157884, 0.0004761389
  -35.728425, 0.0006413474, 0.00047686738
  -35.728425, 0.000446432, 0.00047686738
  -35.728425, 0.000488285, 0.00047686738
  -35.728425, 0.0003495722, 0.00047686738
  -35.72197, 0.000593914, 0.00047759624
  -35.72197, 0.0006162356, 0.00047759624
  -35.72197, 0.0002965584, 0.00047759624
  -35.72197, 0.0004675578, 0.00047759624
  -35.715515, 0.000267062, 0.00047832549
  -35.715515, 0.00047832, 0.00047832549
  -35.70906, 0.0002539082, 0.00047905511
  -35.70906, 0.0002447404, 0.00047905511
  -35.702605, 0.0004073692, 0.00047978512
  -35.702605, 0.0001941182, 0.00047978512
  -35.702605, 0.0005106066, 0.00047978512
  -35.702605, 0.0007107038, 0.00047978512
  -35.702605, 0.0007860392, 0.00047978512
  -35.702605, 0.0005596344, 0.00047978512
  -35.702605, 0.0003699008, 0.00047978512
  -35.702605, 0.0006046762, 0.00047978512
  -35.702605, 0.0006441376, 0.00047978512
  -35.702605, 0.0004368656, 0.00047978512
  -35.702605, 0.0005990958, 0.00047978512
  -35.702605, 0.0005369142, 0.00047978512
  -35.69615, 0.0005405016, 0.00048051551
  -35.69615, 0.0007788644, 0.00048051551
  -35.69615, 0.0003902294, 0.00048051551
  -35.69615, 0.00053811, 0.00048051551
  -35.69615, 0.000579963, 0.00048051551
  -35.689695, 0.0006066692, 0.00048124629
  -35.689695, 0.000368705, 0.00048124629
  -35.689695, 0.000237167, 0.00048124629
  -35.689695, 0.0002535096, 0.00048124629
  -35.689695, 0.0005628232, 0.00048124629
  -35.689695, 0.0006110538, 0.00048124629
  -35.68324, 0.0007111024, 0.00048197744
  -35.68324, 0.0004053762, 0.00048197744
  -35.68324, 0.0006660606, 0.00048197744
  -35.68324, 0.000721466, 0.00048197744
  -35.68324, 0.0007585358, 0.00048197744
  -35.68324, 0.0006006902, 0.00048197744
  -35.68324, 0.000346782, 0.00048197744
  -35.676785, 0.0005971028, 0.00048270898
  -35.676785, 0.0005293408, 0.00048270898
  -35.676785, 0.0002614816, 0.00048270898
  -35.67033, 0.0006265992, 0.0004834409
  -35.67033, 0.0004659634, 0.0004834409
  -35.67033, 0.0006329768, 0.0004834409
  -35.67033, 0.0004181314, 0.0004834409
  -35.67033, 0.0004157398, 0.0004834409
  -35.67033, 0.0003671106, 0.0004834409
  -35.67033, 0.0002953626, 0.0004834409
  -35.67033, 0.0006062706, 0.0004834409
  -35.67033, 0.0004069706, 0.0004834409
  -35.67033, 0.0006600816, 0.0004834409
  -35.663875, 0.0006501166, 0.0004841732
  -35.663875, 0.0003595372, 0.0004841732
  -35.663875, 0.0004516138, 0.0004841732
  -35.663875, 0.0004436418, 0.0004841732
  -35.65742, 0.0006313824, 0.00048490589
  -35.65742, 0.0001351254, 0.00048490589
  -35.65742, 0.000227202, 0.00048490589
  -35.65742, 0.000779263, 0.00048490589
  -35.65742, 0.000348775, 0.00048490589
  -35.65742, 0.0005177814, 0.00048490589
  -35.65742, 0.0001602372, 0.00048490589
  -35.650965, 0.0002714466, 0.00048563896
  -35.650965, 0.0003017402, 0.00048563896
  -35.650965, 0.0007541512, 0.00048563896
  -35.650965, 0.0005484736, 0.00048563896
  -35.64451, 0.0005596344, 0.00048637241
  -35.64451, 0.0003435932, 0.00048637241
  -35.64451, 0.0005795644, 0.00048637241
  -35.64451, 0.0004376628, 0.00048637241
  -35.638055, 0.0003531596, 0.00048710624
  -35.638055, 0.000490278, 0.00048710624
  -35.6316, 0.000685592, 0.00048784046
  -35.6316, 0.0007218646, 0.00048784046
  -35.6316, 0.0005668092, 0.00048784046
  -35.6316, 0.000743389, 0.00048784046
  -35.6316, 0.0003503694, 0.00048784046
  -35.625145, 0.0005436904, 0.00048857506
  -35.625145, 0.0006588858, 0.00048857506
  -35.625145, 0.0005692008, 0.00048857506
  -35.625145, 0.0004675578, 0.00048857506
  -35.61869, 0.0003623274, 0.00048931004
  -35.61869, 0.0007099066, 0.00048931004
  -35.61869, 0.000247132, 0.00048931004
  -35.61869, 0.0002343768, 0.00048931004
  -35.612235, 0.0004288936, 0.00049004541
  -35.612235, 9.60626e-05, 0.00049004541
  -35.612235, 0.0003858448, 0.00049004541
  -35.60578, 0.0006604802, 0.00049078116
  -35.60578, 0.000703529, 0.00049078116
  -35.59287, 0.0006313824, 0.00049225382
  -35.59287, 0.0002208244, 0.00049225382
  -35.59287, 0.0004472292, 0.00049225382
  -35.59287, 0.0004691522, 0.00049225382
  -35.586415, 0.0005711938, 0.00049299072
  -35.573505, 0.0005628232, 0.00049446567
  -35.573505, 0.0003125024, 0.00049446567
  -35.56705, 0.000416537, 0.00049520373
  -35.56705, 0.000667655, 0.00049520373
  -35.560595, 0.000532131, 0.00049594217
  -35.560595, 0.0002782228, 0.00049594217
  -35.560595, 0.0005345226, 0.00049594217
  -35.55414, 0.0006545012, 0.00049668099
  -35.547685, 0.0003623274, 0.0004974202
  -35.547685, 0.0006772214, 0.0004974202
  -35.547685, 0.0003770756, 0.0004974202
  -35.54123, 0.00021923, 0.00049815979
  -35.52832, 0.0004089636, 0.00049964013
  -35.52832, 0.000408565, 0.00049964013
  -35.52832, 0.0002315866, 0.00049964013
  -35.521865, 0.0007597316, 0.00050038087
  -35.521865, 0.000446432, 0.00050038087
  -35.51541, 0.0003710966, 0.00050112201
  -35.51541, 0.0008302838, 0.00050112201
  -35.51541, 0.0001283492, 0.00050112201
  -35.508955, 0.0005165856, 0.00050186352
  -35.5025, 0.0007142912, 0.00050260542
  -35.5025, 0.00047832, 0.00050260542
  -35.5025, 0.0008298852, 0.00050260542
  -35.5025, 0.0008107524, 0.00050260542
  -35.496045, 0.0002965584, 0.00050334771
  -35.48959, 0.0002937682, 0.00050409038
  -35.48959, 0.0003200758, 0.00050409038
  -35.48959, 0.0003001458, 0.00050409038
  -35.48959, 0.000693564, 0.00050409038
  -35.483135, 0.000699543, 0.00050483344
  -35.483135, 0.0009012346, 0.00050483344
  -35.483135, 0.0006923682, 0.00050483344
  -35.483135, 0.0005229632, 0.00050483344
  -35.483135, 0.000755347, 0.00050483344
  -35.483135, 0.0004213202, 0.00050483344
  -35.483135, 0.0004312852, 0.00050483344
  -35.46377, 0.0006879836, 0.00050706493
  -35.46377, 0.0002766284, 0.00050706493
  -35.46377, 0.000346782, 0.00050706493
  -35.45086, 0.000470348, 0.00050855452
  -35.444405, 0.000263076, 0.00050929989
  -35.43795, 0.0001383142, 0.00051004565
  -35.43795, 0.0003045304, 0.00051004565
  -35.431495, 0.000689578, 0.0005107918
  -35.431495, 0.0001199786, 0.0005107918
  -35.431495, 0.0003232646, 0.0005107918
  -35.42504, 0.0007900252, 0.00051153833
  -35.418585, 0.0004691522, 0.00051228525
  -35.418585, 0.0001610344, 0.00051228525
  -35.41213, 0.0003077192, 0.00051303255
  -35.41213, 0.0007083122, 0.00051303255
  -35.41213, 0.000430488, 0.00051303255
  -35.41213, 0.0004715438, 0.00051303255
  -35.405675, 0.0003519638, 0.00051378024
  -35.405675, 0.0004312852, 0.00051378024
  -35.405675, 0.0006170328, 0.00051378024
  -35.39922, 0.000247132, 0.00051452832
  -35.39922, 0.0005803616, 0.00051452832
  -35.392765, 0.0001387128, 0.00051527679
  -35.38631, 0.000444439, 0.00051602564
  -35.38631, 0.0008298852, 0.00051602564
  -35.3734, 0.000536117, 0.0005175245
  -35.366945, 0.0003750826, 0.00051827452
  -35.366945, 0.000663669, 0.00051827452
  -35.36049, 0.0004528096, 0.00051902492
  -35.354035, 0.0004229146, 0.00051977571
  -35.34758, 0.0004807116, 0.00052052688
  -35.34758, 0.0002276006, 0.00052052688
  -35.341125, 0.000406572, 0.00052127845
  -35.341125, 0.0006513124, 0.00052127845
  -35.33467, 0.000342796, 0.0005220304
  -35.33467, 0.000490278, 0.0005220304
  -35.33467, 0.0008386544, 0.0005220304
  -35.33467, 0.0004093622, 0.0005220304
  -35.33467, 0.000288985, 0.0005220304
  -35.328215, 0.0004288936, 0.00052278274
  -35.328215, 0.0005397044, 0.00052278274
  -35.328215, 0.0006648648, 0.00052278274
  -35.328215, 0.0005971028, 0.00052278274
  -35.328215, 0.000651711, 0.00052278274
  -35.32176, 0.0007067178, 0.00052353547
  -35.32176, 0.0004033832, 0.00052353547
  -35.315305, 0.000571991, 0.00052428858
  -35.315305, 0.000735417, 0.00052428858
  -35.30885, 0.000472341, 0.00052504209
  -35.30885, 0.0004129496, 0.00052504209
  -35.30885, 0.0004587886, 0.00052504209
  -35.302395, 0.0002503208, 0.00052579598
  -35.302395, 0.000544089, 0.00052579598
  -35.302395, 0.0005767742, 0.00052579598
  -35.302395, 0.000575977, 0.00052579598
  -35.302395, 0.000189335, 0.00052579598
  -35.302395, 0.000370698, 0.00052579598
  -35.29594, 0.0006752284, 0.00052655026
  -35.29594, 0.0005153898, 0.00052655026
  -35.29594, 0.0005775714, 0.00052655026
  -35.289485, 0.0001961112, 0.00052730493
  -35.28303, 0.000647725, 0.00052805998
  -35.28303, 0.0005656134, 0.00052805998
  -35.28303, 0.0004388586, 0.00052805998
  -35.28303, 0.0001028388, 0.00052805998
  -35.276575, 0.0004779214, 0.00052881543
  -35.276575, 0.0005213688, 0.00052881543
  -35.276575, 0.0004687536, 0.00052881543
  -35.276575, 0.0004579914, 0.00052881543
  -35.27012, 0.0003643204, 0.00052957126
  -35.27012, 0.0003416002, 0.00052957126
  -35.27012, 0.0005695994, 0.00052957126
  -35.263665, 0.00029895, 0.00053032749
  -35.263665, 0.0004041804, 0.00053032749
  -35.25721, 0.000328845, 0.0005310841
  -35.25721, 0.0004839004, 0.0005310841
  -35.2443, 0.0005329282, 0.00053259849
  -35.2443, 0.0005556484, 0.00053259849
  -35.237845, 0.0005269492, 0.00053335627
  -35.237845, 0.0003531596, 0.00053335627
  -35.23139, 0.0003595372, 0.00053411444
  -35.23139, 0.0003930196, 0.00053411444
  -35.224935, 0.0003842504, 0.000534873
  -35.224935, 0.0002363698, 0.000534873
  -35.224935, 0.0005205716, 0.000534873
  -35.224935, 0.0002260062, 0.000534873
  -35.224935, 0.0004595858, 0.000534873
  -35.224935, 0.000534124, 0.000534873
  -35.224935, 9.68598e-05, 0.000534873
  -35.21848, 0.0007019346, 0.00053563194
  -35.21848, 0.0004795158, 0.00053563194
  -35.21848, 0.000615837, 0.00053563194
  -35.212025, 0.0004237118, 0.00053639128
  -35.212025, 0.0007039276, 0.00053639128
  -35.20557, 0.0007230604, 0.00053715101
  -35.20557, 0.0008255006, 0.00053715101
  -35.20557, 0.0005137954, 0.00053715101
  -35.20557, 0.0005971028, 0.00053715101
  -35.199115, 0.0006692494, 0.00053791112
  -35.199115, 0.000639753, 0.00053791112
  -35.199115, 0.0004392572, 0.00053791112
  -35.199115, 0.0004340754, 0.00053791112
  -35.199115, 0.000651711, 0.00053791112
  -35.199115, 0.0004727396, 0.00053791112
  -35.19266, 0.0004719424, 0.00053867163
  -35.186205, 0.0003722924, 0.00053943252
  -35.186205, 0.0003057262, 0.00053943252
  -35.186205, 0.0003400058, 0.00053943252
  -35.17975, 0.0003818588, 0.00054019381
  -35.17975, 0.0003850476, 0.00054019381
  -35.17975, 0.0004731382, 0.00054019381
  -35.17975, 0.0008278922, 0.00054019381
  -35.173295, 0.0004974528, 0.00054095548
  -35.173295, 0.000524159, 0.00054095548
  -35.173295, 0.0005672078, 0.00054095548
  -35.173295, 0.0008737312, 0.00054095548
  -35.173295, 0.0003372156, 0.00054095548
  -35.173295, 0.0003057262, 0.00054095548
  -35.173295, 0.0007122982, 0.00054095548
  -35.173295, 0.0006640676, 0.00054095548
  -35.173295, 0.0006999416, 0.00054095548
  -35.16684, 0.0004496208, 0.00054171755
  -35.16684, 0.0005337254, 0.00054171755
  -35.16684, 0.0005428932, 0.00054171755
  -35.160385, 0.0007242562, 0.00054248001
  -35.160385, 0.0003734882, 0.00054248001
  -35.160385, 0.0003611316, 0.00054248001
  -35.160385, 0.000420523, 0.00054248001
  -35.15393, 0.0006114524, 0.00054324285
  -35.15393, 0.0008932626, 0.00054324285
  -35.15393, 0.0005767742, 0.00054324285
  -35.15393, 0.0007111024, 0.00054324285
  -35.147475, 0.000587935, 0.00054400609
  -35.147475, 0.0003551526, 0.00054400609
  -35.147475, 0.0002064748, 0.00054400609
  -35.147475, 0.0008980458, 0.00054400609
  -35.147475, 0.0003073206, 0.00054400609
  -35.14102, 0.0005066206, 0.00054476972
  -35.14102, 0.000581956, 0.00054476972
  -35.14102, 0.0004017888, 0.00054476972
  -35.14102, 0.0002096636, 0.00054476972
  -35.14102, 0.0009183744, 0.00054476972
  -35.14102, 0.0005098094, 0.00054476972
  -35.134565, 0.0004890822, 0.00054553373
  -35.134565, 0.0010538984, 0.00054553373
  -35.134565, 0.0004667606, 0.00054553373
  -35.134565, 0.0008406474, 0.00054553373
  -35.134565, 0.0004189286, 0.00054553373
  -35.134565, 0.0006624732, 0.00054553373
  -35.134565, 0.0006764242, 0.00054553373
  -35.134565, 0.0004332782, 0.00054553373
  -35.134565, 0.0006146412, 0.00054553373
  -35.134565, 0.0002734396, 0.00054553373
  -35.134565, 0.0006166342, 0.00054553373
  -35.134565, 0.0005648162, 0.00054553373
  -35.134565, 0.0005129982, 0.00054553373
  -35.134565, 0.0006839976, 0.00054553373
  -35.134565, 0.0004217188, 0.00054553373
  -35.12811, 0.000392621, 0.00054629814
  -35.12811, 0.0005257534, 0.00054629814
  -35.12811, 0.0006764242, 0.00054629814
  -35.12811, 0.000394614, 0.00054629814
  -35.12811, 0.0008526054, 0.00054629814
  -35.12811, 0.0004970542, 0.00054629814
  -35.12811, 0.000853004, 0.00054629814
  -35.121655, 0.0006329768, 0.00054706294
  -35.121655, 0.000500243, 0.00054706294
  -35.121655, 0.0005955084, 0.00054706294
  -35.121655, 0.0005444876, 0.00054706294
  -35.121655, 0.0005767742, 0.00054706294
  -35.121655, 0.0006564942, 0.00054706294
  -35.1152, 0.0006843962, 0.00054782813
  -35.1152, 0.0005783686, 0.00054782813
  -35.1152, 0.0008960528, 0.00054782813
  -35.108745, 0.0006285922, 0.00054859371
  -35.108745, 0.0004516138, 0.00054859371
  -35.108745, 0.000372691, 0.00054859371
  -35.108745, 0.0006584872, 0.00054859371
  -35.10229, 0.0002742368, 0.00054935968
  -35.10229, 0.0006883822, 0.00054935968
  -35.10229, 0.0005688022, 0.00054935968
  -35.10229, 0.0005947112, 0.00054935968
  -35.10229, 0.0005293408, 0.00054935968
  -35.10229, 0.0005253548, 0.00054935968
  -35.095835, 0.0005074178, 0.00055012605
  -35.095835, 0.0003320338, 0.00055012605
  -35.095835, 0.0006122496, 0.00055012605
  -35.095835, 0.0001821602, 0.00055012605
  -35.08938, 0.0005129982, 0.0005508928
  -35.08938, 0.0007740812, 0.0005508928
  -35.08938, 0.0004555998, 0.0005508928
  -35.08938, 0.0007107038, 0.0005508928
  -35.082925, 0.0002523138, 0.00055165995
  -35.082925, 0.000426502, 0.00055165995
  -35.082925, 0.000520173, 0.00055165995
  -35.082925, 0.0005416974, 0.00055165995
  -35.082925, 0.0007728854, 0.00055165995
  -35.082925, 0.000888878, 0.00055165995
  -35.07647, 0.0005313338, 0.00055242748
  -35.07647, 0.0004910752, 0.00055242748
  -35.07647, 0.0002176356, 0.00055242748
  -35.07647, 0.0001586428, 0.00055242748
  -35.07647, 0.0007601302, 0.00055242748
  -35.07647, 0.0003443904, 0.00055242748
  -35.070015, 0.0007948084, 0.00055319541
  -35.070015, 0.0004536068, 0.00055319541
  -35.070015, 0.0007338226, 0.00055319541
  -35.070015, 0.000466362, 0.00055319541
  -35.070015, 0.0005915224, 0.00055319541
  -35.070015, 0.0003635232, 0.00055319541
  -35.06356, 0.0005783686, 0.00055396373
  -35.06356, 0.0006062706, 0.00055396373
  -35.06356, 0.0006222146, 0.00055396373
  -35.057105, 0.0007848434, 0.00055473244
  -35.057105, 0.0007944098, 0.00055473244
  -35.05065, 0.0005305366, 0.00055550155
  -35.05065, 0.0003077192, 0.00055550155
  -35.05065, 0.000510208, 0.00055550155
  -35.05065, 0.0006792144, 0.00055550155
  -35.05065, 0.0005907252, 0.00055550155
  -35.05065, 0.0003160898, 0.00055550155
  -35.05065, 0.0006174314, 0.00055550155
  -35.044195, 0.0003802644, 0.00055627104
  -35.044195, 0.00051818, 0.00055627104
  -35.03774, 0.0003842504, 0.00055704093
  -35.03774, 0.000821116, 0.00055704093
  -35.03774, 0.0004874878, 0.00055704093
  -35.03774, 0.0005189772, 0.00055704093
  -35.03774, 0.0004456348, 0.00055704093
  -35.03774, 0.000625802, 0.00055704093
  -35.03774, 0.0009737798, 0.00055704093
  -35.03774, 0.000627795, 0.00055704093
  -35.031285, 0.000625802, 0.00055781121
  -35.02483, 0.0006122496, 0.00055858188
  -35.02483, 0.0006879836, 0.00055858188
  -35.018375, 0.0003419988, 0.00055935294
  -35.018375, 0.0002260062, 0.00055935294
  -35.018375, 0.0004587886, 0.00055935294
  -35.018375, 0.0005365156, 0.00055935294
  -35.01192, 0.0009151856, 0.0005601244
  -35.005465, 0.0007489694, 0.00056089624
  -35.005465, 0.0006911724, 0.00056089624
  -34.99901, 0.00051818, 0.00056166848
  -34.99901, 0.0005110052, 0.00056166848
  -34.99901, 0.0002925724, 0.00056166848
  -34.992555, 0.0004069706, 0.00056244112
  -34.992555, 0.0006772214, 0.00056244112
  -34.992555, 0.0008685494, 0.00056244112
  -34.9861, 0.0007469764, 0.00056321414
  -34.9861, 0.0008534026, 0.00056321414
  -34.979645, 0.0005935154, 0.00056398756
  -34.979645, 0.000669648, 0.00056398756
  -34.97319, 0.0008103538, 0.00056476137
  -34.97319, 0.000462376, 0.00056476137
  -34.966735, 0.0008438362, 0.00056553557
  -34.966735, 0.000721466, 0.00056553557
  -34.966735, 0.0007023332, 0.00056553557
  -34.966735, 0.0004719424, 0.00056553557
  -34.966735, 0.0002024888, 0.00056553557
  -34.96028, 0.0007091094, 0.00056631017
  -34.96028, 0.0004827046, 0.00056631017
  -34.953825, 0.000460383, 0.00056708515
  -34.953825, 0.000480313, 0.00056708515
  -34.953825, 0.0005448862, 0.00056708515
  -34.953825, 0.000288985, 0.00056708515
  -34.94737, 0.0005695994, 0.00056786054
  -34.94737, 0.0007776686, 0.00056786054
  -34.94737, 0.0005345226, 0.00056786054
  -34.94737, 0.0005424946, 0.00056786054
  -34.94737, 0.0007824518, 0.00056786054
  -34.94737, 0.000430488, 0.00056786054
  -34.940915, 0.0003400058, 0.00056863631
  -34.940915, 0.0007581372, 0.00056863631
  -34.940915, 0.000424509, 0.00056863631
  -34.940915, 0.000791221, 0.00056863631
  -34.940915, 0.0006461306, 0.00056863631
  -34.940915, 0.0003611316, 0.00056863631
  -34.93446, 0.0002379642, 0.00056941248
  -34.93446, 0.0005468792, 0.00056941248
  -34.93446, 0.0004559984, 0.00056941248
  -34.928005, 0.0006405502, 0.00057018904
  -34.928005, 0.000603879, 0.00057018904
  -34.928005, 0.0007688994, 0.00057018904
  -34.928005, 0.0003017402, 0.00057018904
  -34.928005, 0.000575977, 0.00057018904
  -34.92155, 0.0006214174, 0.00057096599
  -34.92155, 0.000564019, 0.00057096599
  -34.92155, 0.0008494166, 0.00057096599
  -34.92155, 0.0005468792, 0.00057096599
  -34.92155, 0.0003539568, 0.00057096599
  -34.92155, 0.0007226618, 0.00057096599
  -34.92155, 0.0008805074, 0.00057096599
  -34.92155, 0.0005034318, 0.00057096599
  -34.915095, 0.0004759284, 0.00057174334
  -34.915095, 0.0004579914, 0.00057174334
  -34.915095, 0.0004316838, 0.00057174334
  -34.915095, 0.0005684036, 0.00057174334
  -34.915095, 0.0003794672, 0.00057174334
  -34.90864, 0.0005855434, 0.00057252108
  -34.90864, 0.0004452362, 0.00057252108
  -34.90864, 0.0004787186, 0.00057252108
  -34.90864, 0.0006305852, 0.00057252108
  -34.90864, 0.0007577386, 0.00057252108
  -34.902185, 0.00083706, 0.00057329922
  -34.902185, 0.0006592844, 0.00057329922
  -34.902185, 0.0005552498, 0.00057329922
  -34.902185, 0.000745382, 0.00057329922
  -34.902185, 0.0005783686, 0.00057329922
  -34.89573, 0.0005947112, 0.00057407774
  -34.89573, 0.000456397, 0.00057407774
  -34.89573, 0.0006269978, 0.00057407774
  -34.89573, 0.0009689966, 0.00057407774
  -34.88282, 0.0002096636, 0.00057563598
  -34.88282, 0.000556047, 0.00057563598
  -34.88282, 0.0006824032, 0.00057563598
  -34.88282, 0.0004133482, 0.00057563598
  -34.88282, 0.000709508, 0.00057563598
  -34.876365, 0.0003312366, 0.00057641569
  -34.86991, 0.0006281936, 0.0005771958
  -34.86991, 0.0005237604, 0.0005771958
  -34.86991, 0.0005811588, 0.0005771958
  -34.86991, 0.0005516624, 0.0005771958
  -34.86991, 0.0006309838, 0.0005771958
  -34.86991, 0.0003360198, 0.0005771958
  -34.863455, 0.0004476278, 0.00057797629
  -34.863455, 0.0004296908, 0.00057797629
  -34.863455, 0.0004133482, 0.00057797629
  -34.863455, 0.000330838, 0.00057797629
  -34.863455, 0.000715487, 0.00057797629
  -34.857, 0.0006832004, 0.00057875719
  -34.857, 0.0006265992, 0.00057875719
  -34.857, 0.0002853976, 0.00057875719
  -34.857, 0.0007003402, 0.00057875719
  -34.857, 0.0008434376, 0.00057875719
  -34.850545, 0.0004296908, 0.00057953847
  -34.850545, 0.0005927182, 0.00057953847
  -34.850545, 0.0005030332, 0.00057953847
  -34.850545, 0.000514194, 0.00057953847
  -34.84409, 0.0006991444, 0.00058032015
  -34.84409, 0.000761326, 0.00058032015
  -34.84409, 0.0006983472, 0.00058032015
  -34.837635, 0.0007605288, 0.00058110223
  -34.837635, 0.0001901322, 0.00058110223
  -34.83118, 0.0005357184, 0.00058188469
  -34.83118, 0.000593914, 0.00058188469
  -34.83118, 0.000823109, 0.00058188469
  -34.83118, 0.0007489694, 0.00058188469
  -34.824725, 0.0004974528, 0.00058266756
  -34.811815, 0.000368705, 0.00058423447
  -34.811815, 0.0003718938, 0.00058423447
  -34.80536, 0.0006146412, 0.00058501852
  -34.80536, 0.001000486, 0.00058501852
  -34.79245, 0.000428495, 0.00058658779
  -34.79245, 0.0007142912, 0.00058658779
  -34.785995, 0.0002754326, 0.00058737303
  -34.785995, 0.0005185786, 0.00058737303
  -34.77954, 0.0006533054, 0.00058815865
  -34.773085, 0.000482306, 0.00058894467
  -34.773085, 0.000253111, 0.00058894467
  -34.773085, 0.0006784172, 0.00058894467
  -34.773085, 0.0010080594, 0.00058894467
  -34.76663, 0.000932724, 0.00058973109
  -34.76663, 0.0005955084, 0.00058973109
  -34.760175, 0.0006489208, 0.0005905179
  -34.760175, 0.0004731382, 0.0005905179
  -34.760175, 0.0009151856, 0.0005905179
  -34.75372, 0.0006760256, 0.00059130511
  -34.75372, 0.000532131, 0.00059130511
  -34.75372, 0.0003603344, 0.00059130511
  -34.75372, 0.0008502138, 0.00059130511
  -34.747265, 0.00047832, 0.00059209271
  -34.747265, 0.0003575442, 0.00059209271
  -34.747265, 0.0006234104, 0.00059209271
  -34.74081, 0.0005727882, 0.00059288071
  -34.74081, 0.0003762784, 0.00059288071
  -34.734355, 0.0005249562, 0.0005936691
  -34.734355, 0.0006525082, 0.0005936691
  -34.734355, 0.0009383044, 0.0005936691
  -34.734355, 0.0004129496, 0.0005936691
  -34.7279, 0.000510208, 0.00059445789
  -34.7279, 0.0008366614, 0.00059445789
  -34.721445, 0.0007286408, 0.00059524708
  -34.721445, 0.0005931168, 0.00059524708
  -34.721445, 0.0005867392, 0.00059524708
  -34.721445, 0.0006640676, 0.00059524708
  -34.721445, 0.0005596344, 0.00059524708
  -34.721445, 0.0001825588, 0.00059524708
  -34.721445, 0.0006820046, 0.00059524708
  -34.721445, 0.000569998, 0.00059524708
  -34.721445, 0.000524159, 0.00059524708
  -34.721445, 0.000492271, 0.00059524708
  -34.71499, 0.0004380614, 0.00059603666
  -34.71499, 0.0008920668, 0.00059603666
  -34.71499, 0.0002507194, 0.00059603666
  -34.71499, 0.0008159342, 0.00059603666
  -34.71499, 0.0007617246, 0.00059603666
  -34.71499, 0.000591921, 0.00059603666
  -34.71499, 0.000474334, 0.00059603666
  -34.71499, 0.000249125, 0.00059603666
  -34.708535, 0.0005867392, 0.00059682663
  -34.708535, 0.0005293408, 0.00059682663
  -34.708535, 0.0008127454, 0.00059682663
  -34.708535, 0.0007386058, 0.00059682663
  -34.708535, 0.0005353198, 0.00059682663
  -34.708535, 0.0006652634, 0.00059682663
  -34.708535, 0.0004990472, 0.00059682663
  -34.70208, 0.0007262492, 0.000597617
  -34.70208, 0.0007258506, 0.000597617
  -34.70208, 0.0007003402, 0.000597617
  -34.70208, 0.0005273478, 0.000597617
  -34.70208, 0.0004994458, 0.000597617
  -34.70208, 0.0006983472, 0.000597617
  -34.70208, 0.0009713882, 0.000597617
  -34.70208, 0.0005747812, 0.000597617
  -34.70208, 0.0004360684, 0.000597617
  -34.70208, 0.0006329768, 0.000597617
  -34.695625, 0.0007282422, 0.00059840777
  -34.695625, 0.0004615788, 0.00059840777
  -34.695625, 0.0006780186, 0.00059840777
  -34.695625, 0.0002666634, 0.00059840777
  -34.695625, 0.0005875364, 0.00059840777
  -34.68917, 0.0006843962, 0.00059919894
  -34.68917, 0.0005492708, 0.00059919894
  -34.68917, 0.0007649134, 0.00059919894
  -34.68917, 0.0004456348, 0.00059919894
  -34.68917, 0.0008817032, 0.00059919894
  -34.682715, 0.0004157398, 0.0005999905
  -34.682715, 0.00087692, 0.0005999905
  -34.682715, 0.000247132, 0.0005999905
  -34.682715, 0.0005185786, 0.0005999905
  -34.682715, 0.0010032762, 0.0005999905
  -34.682715, 0.0005046276, 0.0005999905
  -34.682715, 0.0005791658, 0.0005999905
  -34.682715, 0.0005692008, 0.0005999905
  -34.682715, 0.0008713396, 0.0005999905
  -34.682715, 0.000807165, 0.0005999905
  -34.67626, 0.0005990958, 0.00060078245
  -34.669805, 0.0007190744, 0.0006015748
  -34.669805, 0.0005098094, 0.0006015748
  -34.669805, 0.0004946626, 0.0006015748
  -34.669805, 0.000492271, 0.0006015748
  -34.669805, 0.0002156426, 0.0006015748
  -34.66335, 0.0005026346, 0.00060236755
  -34.66335, 0.0003842504, 0.00060236755
  -34.66335, 0.0006847948, 0.00060236755
  -34.66335, 0.0004460334, 0.00060236755
  -34.656895, 0.0008278922, 0.0006031607
  -34.656895, 0.0003125024, 0.0006031607
  -34.656895, 0.000801186, 0.0006031607
  -34.656895, 0.0006620746, 0.0006031607
  -34.656895, 0.0004926696, 0.0006031607
  -34.656895, 0.0011583316, 0.0006031607
  -34.656895, 0.0006226132, 0.0006031607
  -34.65044, 0.0004555998, 0.00060395424
  -34.65044, 0.000450418, 0.00060395424
  -34.65044, 0.0004500194, 0.00060395424
  -34.643985, 0.0004735368, 0.00060474817
  -34.643985, 0.000599893, 0.00060474817
  -34.643985, 0.000434474, 0.00060474817
  -34.63753, 0.0002977542, 0.00060554251
  -34.631075, 0.0006640676, 0.00060633724
  -34.631075, 0.0008545984, 0.00060633724
  -34.631075, 0.0005951098, 0.00060633724
  -34.631075, 0.000623809, 0.00060633724
  -34.631075, 0.0007529554, 0.00060633724
  -34.631075, 0.0004835018, 0.00060633724
  -34.62462, 0.0004201244, 0.00060713237
  -34.62462, 0.0005177814, 0.00060713237
  -34.62462, 0.0006752284, 0.00060713237
  -34.62462, 0.0007744798, 0.00060713237
  -34.62462, 0.0003001458, 0.00060713237
  -34.618165, 0.000627795, 0.00060792789
  -34.618165, 0.0007382072, 0.00060792789
  -34.618165, 0.0003551526, 0.00060792789
  -34.618165, 0.0007087108, 0.00060792789
  -34.618165, 0.0007122982, 0.00060792789
  -34.61171, 0.0003989986, 0.00060872381
  -34.61171, 0.0004719424, 0.00060872381
  -34.61171, 0.0005947112, 0.00060872381
  -34.61171, 0.0006022846, 0.00060872381
  -34.61171, 0.0001885378, 0.00060872381
  -34.61171, 0.000827095, 0.00060872381
  -34.61171, 0.0005409002, 0.00060872381
  -34.605255, 0.0009383044, 0.00060952013
  -34.605255, 0.0002024888, 0.00060952013
  -34.605255, 0.0011471708, 0.00060952013
  -34.605255, 0.0004819074, 0.00060952013
  -34.605255, 0.0005676064, 0.00060952013
  -34.5988, 0.0009518568, 0.00061031684
  -34.5988, 0.0009514582, 0.00061031684
  -34.5988, 0.0005508652, 0.00061031684
  -34.5988, 0.0006234104, 0.00061031684
  -34.5988, 0.0003017402, 0.00061031684
  -34.5988, 0.0005253548, 0.00061031684
  -34.592345, 0.0005333268, 0.00061111395
  -34.592345, 0.000603879, 0.00061111395
  -34.592345, 0.0008561928, 0.00061111395
  -34.592345, 0.0007218646, 0.00061111395
  -34.592345, 0.0009179758, 0.00061111395
  -34.592345, 0.0008653606, 0.00061111395
  -34.58589, 0.0004751312, 0.00061191146
  -34.58589, 0.0003814602, 0.00061191146
  -34.58589, 0.0007318296, 0.00061191146
  -34.58589, 0.0006230118, 0.00061191146
  -34.58589, 0.0006792144, 0.00061191146
  -34.58589, 0.0009375072, 0.00061191146
  -34.58589, 0.0006847948, 0.00061191146
  -34.58589, 0.0008753256, 0.00061191146
  -34.58589, 0.0007657106, 0.00061191146
  -34.58589, 0.0003934182, 0.00061191146
  -34.58589, 0.0005552498, 0.00061191146
  -34.58589, 0.0004595858, 0.00061191146
  -34.58589, 0.0005245576, 0.00061191146
  -34.58589, 0.000835067, 0.00061191146
  -34.58589, 0.000747375, 0.00061191146
  -34.58589, 0.0005217674, 0.00061191146
  -34.58589, 9.92514e-05, 0.00061191146
  -34.58589, 0.0005947112, 0.00061191146
  -34.58589, 0.000506222, 0.00061191146
  -34.58589, 0.0006473264, 0.00061191146
  -34.579435, 0.000942689, 0.00061270936
  -34.579435, 0.000583949, 0.00061270936
  -34.579435, 0.0005947112, 0.00061270936
  -34.579435, 0.0008055706, 0.00061270936
  -34.579435, 0.0007577386, 0.00061270936
  -34.579435, 0.0007605288, 0.00061270936
  -34.579435, 0.0007358156, 0.00061270936
  -34.579435, 0.0002853976, 0.00061270936
  -34.579435, 0.0010973458, 0.00061270936
  -34.579435, 0.000853004, 0.00061270936
  -34.579435, 0.0007920182, 0.00061270936
  -34.579435, 0.0007756756, 0.00061270936
  -34.579435, 0.0005644176, 0.00061270936
  -34.579435, 0.00081713, 0.00061270936
  -34.57298, 0.0002877892, 0.00061350767
  -34.57298, 0.0004133482, 0.00061350767
  -34.57298, 0.0007039276, 0.00061350767
  -34.57298, 0.000665662, 0.00061350767
  -34.57298, 0.000910801, 0.00061350767
  -34.57298, 0.0006114524, 0.00061350767
  -34.57298, 0.0005337254, 0.00061350767
  -34.57298, 0.0005424946, 0.00061350767
  -34.57298, 0.00049825, 0.00061350767
  -34.57298, 0.00057797, 0.00061350767
  -34.57298, 0.0006265992, 0.00061350767
  -34.57298, 0.0007489694, 0.00061350767
  -34.566525, 0.0007067178, 0.00061430637
  -34.566525, 0.0005225646, 0.00061430637
  -34.566525, 0.0007816546, 0.00061430637
  -34.566525, 0.000888878, 0.00061430637
  -34.566525, 0.0007617246, 0.00061430637
  -34.566525, 0.0006026832, 0.00061430637
  -34.566525, 0.0004890822, 0.00061430637
  -34.566525, 0.0006704452, 0.00061430637
  -34.566525, 0.0006349698, 0.00061430637
  -34.566525, 0.0003240618, 0.00061430637
  -34.566525, 0.001026395, 0.00061430637
  -34.566525, 0.0005229632, 0.00061430637
  -34.566525, 0.0003818588, 0.00061430637
  -34.566525, 0.0005990958, 0.00061430637
  -34.56007, 0.0008007874, 0.00061510546
  -34.56007, 0.000556047, 0.00061510546
  -34.56007, 0.0006700466, 0.00061510546
  -34.56007, 0.0007696966, 0.00061510546
  -34.56007, 0.0008545984, 0.00061510546
  -34.56007, 0.0004516138, 0.00061510546
  -34.56007, 0.0008976472, 0.00061510546
  -34.56007, 0.0007764728, 0.00061510546
  -34.56007, 0.0006341726, 0.00061510546
  -34.56007, 0.000841046, 0.00061510546
  -34.56007, 0.0007549484, 0.00061510546
  -34.553615, 0.0008087594, 0.00061590496
  -34.553615, 0.0005791658, 0.00061590496
  -34.553615, 0.0009630176, 0.00061590496
  -34.553615, 0.0006999416, 0.00061590496
  -34.553615, 0.0006034804, 0.00061590496
  -34.553615, 0.000809158, 0.00061590496
  -34.54716, 0.0004619774, 0.00061670485
  -34.54716, 0.0009761714, 0.00061670485
  -34.540705, 0.0007704938, 0.00061750514
  -34.540705, 0.0004480264, 0.00061750514
  -34.540705, 0.0007569414, 0.00061750514
  -34.540705, 0.0005305366, 0.00061750514
  -34.540705, 0.0005026346, 0.00061750514
  -34.53425, 0.0003663134, 0.00061830582
  -34.53425, 0.0008123468, 0.00061830582
  -34.53425, 0.000432481, 0.00061830582
  -34.53425, 0.0009335212, 0.00061830582
  -34.53425, 0.000920766, 0.00061830582
  -34.53425, 0.00049825, 0.00061830582
  -34.527795, 0.000601886, 0.00061910691
  -34.527795, 0.0004169356, 0.00061910691
  -34.527795, 0.0006648648, 0.00061910691
  -34.527795, 0.000177377, 0.00061910691
  -34.527795, 0.0006174314, 0.00061910691
  -34.52134, 0.000671641, 0.00061990839
  -34.52134, 0.0006473264, 0.00061990839
  -34.514885, 0.0006883822, 0.00062071027
  -34.50843, 0.000719473, 0.00062151254
  -34.501975, 0.0004340754, 0.00062231522
  -34.501975, 0.0005149912, 0.00062231522
  -34.49552, 0.0005365156, 0.00062311829
  -34.489065, 0.0004253062, 0.00062392176
  -34.489065, 0.000801186, 0.00062392176
  -34.48261, 0.0005703966, 0.00062472563
  -34.48261, 0.0007645148, 0.00062472563
  -34.48261, 0.0002973556, 0.00062472563
  -34.48261, 0.0006668578, 0.00062472563
  -34.48261, 0.0008119482, 0.00062472563
  -34.48261, 0.0007820532, 0.00062472563
  -34.48261, 0.0008035776, 0.00062472563
  -34.48261, 0.0008115496, 0.00062472563
  -34.476155, 0.0007685008, 0.00062552989
  -34.476155, 0.000759333, 0.00062552989
  -34.476155, 0.0006859906, 0.00062552989
  -34.476155, 0.0006572914, 0.00062552989
  -34.476155, 0.0006668578, 0.00062552989
  -34.476155, 0.0009594302, 0.00062552989
  -34.476155, 0.000564019, 0.00062552989
  -34.4697, 0.0005851448, 0.00062633456
  -34.4697, 0.0006688508, 0.00062633456
  -34.4697, 0.0008366614, 0.00062633456
  -34.4697, 0.00043846, 0.00062633456
  -34.463245, 0.0003699008, 0.00062713962
  -34.463245, 0.0009311296, 0.00062713962
  -34.463245, 0.0003539568, 0.00062713962
  -34.463245, 0.0003822574, 0.00062713962
  -34.45679, 0.000605872, 0.00062794508
  -34.45679, 0.0004280964, 0.00062794508
  -34.45679, 0.0004420474, 0.00062794508
  -34.450335, 0.0010570872, 0.00062875094
  -34.450335, 0.0005803616, 0.00062875094
  -34.450335, 0.0007099066, 0.00062875094
  -34.450335, 0.000566012, 0.00062875094
  -34.450335, 0.0008406474, 0.00062875094
  -34.44388, 0.0006648648, 0.0006295572
  -34.44388, 0.0005125996, 0.0006295572
  -34.44388, 0.001002479, 0.0006295572
  -34.437425, 0.0008247034, 0.00063036385
  -34.437425, 0.0007226618, 0.00063036385
  -34.437425, 0.000669648, 0.00063036385
  -34.437425, 0.0003065234, 0.00063036385
  -34.437425, 0.0011894224, 0.00063036385
  -34.43097, 0.000641746, 0.00063117091
  -34.43097, 0.0004296908, 0.00063117091
  -34.43097, 0.0006911724, 0.00063117091
  -34.43097, 0.0005452848, 0.00063117091
  -34.424515, 0.0010375558, 0.00063197836
  -34.424515, 0.0008274936, 0.00063197836
  -34.424515, 0.0006509138, 0.00063197836
  -34.424515, 0.000829088, 0.00063197836
  -34.424515, 0.0008765214, 0.00063197836
  -34.41806, 0.000924752, 0.00063278621
  -34.41806, 0.0004368656, 0.00063278621
  -34.41806, 0.0004173342, 0.00063278621
  -34.41806, 0.0004500194, 0.00063278621
  -34.41806, 0.000454404, 0.00063278621
  -34.411605, 0.0009183744, 0.00063359446
  -34.411605, 0.0007350184, 0.00063359446
  -34.40515, 0.0002917752, 0.00063440311
  -34.40515, 0.0006919696, 0.00063440311
  -34.40515, 0.000470348, 0.00063440311
  -34.40515, 0.0008274936, 0.00063440311
  -34.398695, 0.0004396558, 0.00063521216
  -34.398695, 0.0004452362, 0.00063521216
  -34.398695, 0.0003583414, 0.00063521216
  -34.398695, 0.0004121524, 0.00063521216
  -34.398695, 0.0004013902, 0.00063521216
  -34.39224, 0.0005783686, 0.0006360216
  -34.39224, 0.0004420474, 0.0006360216
  -34.385785, 0.0004691522, 0.00063683145
  -34.37933, 0.0002846004, 0.00063764169
  -34.36642, 0.000510208, 0.00063926337
  -34.36642, 0.0005556484, 0.00063926337
  -34.36642, 0.00041853, 0.00063926337
  -34.36642, 0.0006289908, 0.00063926337
  -34.36642, 0.0005149912, 0.00063926337
  -34.36642, 0.0005584386, 0.00063926337
  -34.359965, 0.0007142912, 0.00064007481
  -34.359965, 0.0005289422, 0.00064007481
  -34.347055, 0.0008912696, 0.00064169889
  -34.3406, 0.0007461792, 0.00064251153
  -34.3406, 0.0004288936, 0.00064251153
  -34.334145, 0.0003778728, 0.00064332456
  -34.334145, 0.0008805074, 0.00064332456
  -34.334145, 0.000761326, 0.00064332456
  -34.32769, 0.0007828504, 0.000644138
  -34.321235, 0.0006230118, 0.00064495183
  -34.31478, 0.000446432, 0.00064576607
  -34.31478, 0.0004898794, 0.00064576607
  -34.308325, 0.0005309352, 0.0006465807
  -34.295415, 0.0006668578, 0.00064821117
  -34.28896, 0.000382656, 0.000649027
  -34.28896, 0.000713494, 0.000649027
  -34.282505, 0.0004009916, 0.00064984323
  -34.282505, 0.0003651176, 0.00064984323
  -34.282505, 0.0004213202, 0.00064984323
  -34.282505, 0.0005133968, 0.00064984323
  -34.282505, 0.0003699008, 0.00064984323
  -34.27605, 0.0002347754, 0.00065065986
  -34.27605, 0.000292971, 0.00065065986
  -34.27605, 0.000492271, 0.00065065986
  -34.27605, 0.0007505638, 0.00065065986
  -34.27605, 0.0003212716, 0.00065065986
  -34.269595, 0.000615837, 0.0006514769
  -34.269595, 0.0007477736, 0.0006514769
  -34.26314, 0.0005743826, 0.00065229433
  -34.256685, 0.0008904724, 0.00065311216
  -34.256685, 0.0004811102, 0.00065311216
  -34.25023, 0.0006022846, 0.00065393039
  -34.25023, 0.0004069706, 0.00065393039
  -34.25023, 0.0004352712, 0.00065393039
  -34.243775, 0.0005233618, 0.00065474902
  -34.243775, 0.0005791658, 0.00065474902
  -34.243775, 0.0006668578, 0.00065474902
  -34.243775, 0.0008601788, 0.00065474902
  -34.23732, 0.0005524596, 0.00065556805
  -34.23732, 0.000332831, 0.00065556805
  -34.23732, 0.0007342212, 0.00065556805
  -34.23732, 0.000350768, 0.00065556805
  -34.23732, 0.0004113552, 0.00065556805
  -34.230865, 0.0005393058, 0.00065638748
  -34.230865, 0.000767305, 0.00065638748
  -34.230865, 0.0005532568, 0.00065638748
  -34.230865, 0.0009012346, 0.00065638748
  -34.22441, 0.0007629204, 0.00065720731
  -34.22441, 0.0005923196, 0.00065720731
  -34.22441, 0.0006413474, 0.00065720731
  -34.22441, 0.0011969958, 0.00065720731
  -34.22441, 0.000671641, 0.00065720731
  -34.217955, 0.0001945168, 0.00065802754
  -34.217955, 0.0005715924, 0.00065802754
  -34.2115, 0.0006688508, 0.00065884817
  -34.2115, 0.0008274936, 0.00065884817
  -34.2115, 0.000813144, 0.00065884817
  -34.19859, 0.0005277464, 0.00066049063
  -34.19859, 0.0009012346, 0.00066049063
  -34.19859, 0.000928738, 0.00066049063
  -34.192135, 0.0004687536, 0.00066131246
  -34.18568, 0.0004392572, 0.00066213469
  -34.18568, 0.000791221, 0.00066213469
  -34.18568, 0.0006919696, 0.00066213469
  -34.18568, 0.0005038304, 0.00066213469
  -34.179225, 0.0006863892, 0.00066295732
  -34.17277, 0.0005133968, 0.00066378036
  -34.17277, 0.0007099066, 0.00066378036
  -34.17277, 0.000613844, 0.00066378036
  -34.17277, 0.0008765214, 0.00066378036
  -34.166315, 0.0006772214, 0.00066460379
  -34.166315, 0.0004807116, 0.00066460379
  -34.166315, 0.00065769, 0.00066460379
  -34.166315, 0.0003691036, 0.00066460379
  -34.166315, 0.000675627, 0.00066460379
  -34.166315, 0.0005947112, 0.00066460379
  -34.166315, 0.0009179758, 0.00066460379
  -34.15986, 0.0005855434, 0.00066542762
  -34.15986, 0.000310908, 0.00066542762
  -34.15986, 0.000344789, 0.00066542762
  -34.153405, 0.0004747326, 0.00066625185
  -34.153405, 5.7797e-05, 0.00066625185
  -34.153405, 0.0008745284, 0.00066625185
  -34.153405, 0.0006911724, 0.00066625185
  -34.153405, 0.000524159, 0.00066625185
  -34.153405, 0.0003575442, 0.00066625185
  -34.14695, 0.0006234104, 0.00066707649
  -34.140495, 0.0008617732, 0.00066790152
  -34.140495, 0.000854997, 0.00066790152
  -34.140495, 0.000601886, 0.00066790152
  -34.140495, 0.00055804, 0.00066790152
  -34.13404, 0.0003515652, 0.00066872696
  -34.13404, 0.0007900252, 0.00066872696
  -34.127585, 0.000653704, 0.00066955279
  -34.127585, 0.000721466, 0.00066955279
  -34.12113, 0.0006712424, 0.00067037903
  -34.12113, 0.0005273478, 0.00067037903
  -34.12113, 0.0007864378, 0.00067037903
  -34.12113, 0.0001977056, 0.00067037903
  -34.12113, 0.000853004, 0.00067037903
  -34.12113, 0.00075734, 0.00067037903
  -34.12113, 0.0006485222, 0.00067037903
  -34.12113, 0.0005010402, 0.00067037903
  -34.12113, 0.0008553956, 0.00067037903
  -34.12113, 0.0007429904, 0.00067037903
  -34.12113, 0.000721466, 0.00067037903
  -34.12113, 0.0006325782, 0.00067037903
  -34.12113, 0.0006289908, 0.00067037903
  -34.12113, 0.0009650106, 0.00067037903
  -34.114675, 0.0005891308, 0.00067120566
  -34.114675, 0.000833074, 0.00067120566
  -34.114675, 0.0005193758, 0.00067120566
  -34.114675, 0.0007816546, 0.00067120566
  -34.114675, 0.0009881294, 0.00067120566
  -34.10822, 0.0005935154, 0.0006720327
  -34.10822, 0.0007011374, 0.0006720327
  -34.10822, 0.0006481236, 0.0006720327
  -34.10822, 0.0005289422, 0.0006720327
  -34.10822, 0.0006764242, 0.0006720327
  -34.10822, 0.001072234, 0.0006720327
  -34.10822, 0.0007776686, 0.0006720327
  -34.101765, 0.0007198716, 0.00067286014
  -34.101765, 0.0007158856, 0.00067286014
  -34.101765, 0.0007290394, 0.00067286014
  -34.101765, 0.0007804588, 0.00067286014
  -34.101765, 0.0006903752, 0.00067286014
  -34.101765, 0.0005149912, 0.00067286014
  -34.101765, 0.0005807602, 0.00067286014
  -34.09531, 0.0006381586, 0.00067368798
  -34.09531, 0.0003643204, 0.00067368798
  -34.09531, 0.0006999416, 0.00067368798
  -34.09531, 0.0007342212, 0.00067368798
  -34.09531, 0.0006640676, 0.00067368798
  -34.09531, 0.000938703, 0.00067368798
  -34.088855, 0.0007577386, 0.00067451622
  -34.088855, 0.0004978514, 0.00067451622
  -34.088855, 0.0005707952, 0.00067451622
  -34.088855, 0.000739403, 0.00067451622
  -34.088855, 0.0006552984, 0.00067451622
  -34.088855, 0.0009263464, 0.00067451622
  -34.088855, 0.0009331226, 0.00067451622
  -34.088855, 0.000743389, 0.00067451622
  -34.0824, 0.00085699, 0.00067534486
  -34.0824, 0.000755347, 0.00067534486
  -34.0824, 0.0006409488, 0.00067534486
  -34.0824, 0.0007079136, 0.00067534486
  -34.0824, 0.000514194, 0.00067534486
  -34.0824, 0.0005791658, 0.00067534486
  -34.0824, 0.0006453334, 0.00067534486
  -34.075945, 0.0005891308, 0.0006761739
  -34.075945, 0.0008825004, 0.0006761739
  -34.075945, 0.0007449834, 0.0006761739
  -34.075945, 0.0005149912, 0.0006761739
  -34.075945, 0.0006110538, 0.0006761739
  -34.075945, 0.0005715924, 0.0006761739
  -34.075945, 0.0007346198, 0.0006761739
  -34.075945, 0.0005436904, 0.0006761739
  -34.075945, 0.0005787672, 0.0006761739
  -34.075945, 0.0006042776, 0.0006761739
  -34.06949, 0.0005723896, 0.00067700334
  -34.06949, 0.0007541512, 0.00067700334
  -34.06949, 0.0008302838, 0.00067700334
  -34.06949, 0.0007003402, 0.00067700334
  -34.06949, 0.0008717382, 0.00067700334
  -34.06949, 0.0006122496, 0.00067700334
  -34.06949, 0.000607865, 0.00067700334
  -34.06949, 0.000715487, 0.00067700334
  -34.06949, 0.0012304782, 0.00067700334
  -34.06949, 0.0005416974, 0.00067700334
  -34.06949, 0.0006166342, 0.00067700334
  -34.06949, 0.0003384114, 0.00067700334
  -34.063035, 0.0006365642, 0.00067783318
  -34.063035, 0.0009171786, 0.00067783318
  -34.063035, 0.0006066692, 0.00067783318
  -34.063035, 0.0005432918, 0.00067783318
  -34.063035, 0.0007398016, 0.00067783318
  -34.063035, 0.0007685008, 0.00067783318
  -34.063035, 0.0005743826, 0.00067783318
  -34.063035, 0.0007326268, 0.00067783318
  -34.05658, 0.0006062706, 0.00067866343
  -34.05658, 0.0005823546, 0.00067866343
  -34.05658, 0.000733424, 0.00067866343
  -34.05658, 0.0006010888, 0.00067866343
  -34.05658, 0.0007238576, 0.00067866343
  -34.05658, 0.0002814116, 0.00067866343
  -34.05658, 0.0006465292, 0.00067866343
  -34.05658, 0.0006361656, 0.00067866343
  -34.05658, 0.0004787186, 0.00067866343
  -34.05658, 0.0009092066, 0.00067866343
  -34.05658, 0.0004607816, 0.00067866343
  -34.05658, 0.0006393544, 0.00067866343
  -34.050125, 0.0004336768, 0.00067949407
  -34.050125, 0.0005014388, 0.00067949407
  -34.050125, 0.0007864378, 0.00067949407
  -34.050125, 0.0008059692, 0.00067949407
  -34.050125, 0.0007928154, 0.00067949407
  -34.050125, 0.000860976, 0.00067949407
  -34.050125, 0.0006222146, 0.00067949407
  -34.050125, 0.000651711, 0.00067949407
  -34.050125, 0.0006445362, 0.00067949407
  -34.04367, 0.0009024304, 0.00068032512
  -34.04367, 0.0006728368, 0.00068032512
  -34.04367, 0.0008135426, 0.00068032512
  -34.04367, 0.000709508, 0.00068032512
  -34.04367, 0.000520173, 0.00068032512
  -34.04367, 0.0006461306, 0.00068032512
  -34.04367, 0.0004779214, 0.00068032512
  -34.04367, 0.0007437876, 0.00068032512
  -34.04367, 0.0006010888, 0.00068032512
  -34.04367, 0.0007107038, 0.00068032512
  -34.04367, 0.000526152, 0.00068032512
  -34.04367, 0.000705522, 0.00068032512
  -34.037215, 0.0009100038, 0.00068115657
  -34.037215, 0.000751361, 0.00068115657
  -34.037215, 0.000552061, 0.00068115657
  -34.037215, 0.0005265506, 0.00068115657
  -34.037215, 0.000793214, 0.00068115657
  -34.03076, 0.0009554442, 0.00068198842
  -34.03076, 0.0006373614, 0.00068198842
  -34.024305, 0.000711501, 0.00068282067
  -34.024305, 0.000747375, 0.00068282067
  -34.024305, 0.0005137954, 0.00068282067
  -34.024305, 0.0005695994, 0.00068282067
  -34.024305, 0.0006182286, 0.00068282067
  -34.024305, 0.0009697938, 0.00068282067
  -34.024305, 0.000575977, 0.00068282067
  -34.01785, 0.0007003402, 0.00068365332
  -34.01785, 0.0007178786, 0.00068365332
  -34.01785, 0.0007645148, 0.00068365332
  -34.011395, 0.0003579428, 0.00068448637
  -34.011395, 0.0004432432, 0.00068448637
  -34.011395, 0.0009869336, 0.00068448637
  -34.011395, 0.0007202702, 0.00068448637
  -34.00494, 0.0007521582, 0.00068531982
  -34.00494, 0.0009598288, 0.00068531982
  -34.00494, 0.0004221174, 0.00068531982
  -34.00494, 0.000607865, 0.00068531982
  -34.00494, 0.0008187244, 0.00068531982
  -34.00494, 0.0006907738, 0.00068531982
  -34.00494, 0.000825102, 0.00068531982
  -34.00494, 0.0006254034, 0.00068531982
  -34.00494, 0.001052304, 0.00068531982
  -34.00494, 0.0005703966, 0.00068531982
  -33.998485, 0.0006150398, 0.00068615368
  -33.998485, 0.0006552984, 0.00068615368
  -33.998485, 0.0006030818, 0.00068615368
  -33.998485, 0.0007940112, 0.00068615368
  -33.998485, 0.0006572914, 0.00068615368
  -33.998485, 0.0004591872, 0.00068615368
  -33.998485, 0.000701536, 0.00068615368
  -33.998485, 0.000900836, 0.00068615368
  -33.99203, 0.0002566984, 0.00068698793
  -33.99203, 0.0008637662, 0.00068698793
  -33.99203, 0.0004492222, 0.00068698793
  -33.99203, 0.0008924654, 0.00068698793
  -33.99203, 0.0004667606, 0.00068698793
  -33.985575, 0.0006720396, 0.00068782259
  -33.985575, 0.000864962, 0.00068782259
  -33.985575, 0.0005755784, 0.00068782259
  -33.985575, 0.0009171786, 0.00068782259
  -33.985575, 0.0008115496, 0.00068782259
  -33.985575, 0.0003623274, 0.00068782259
  -33.985575, 0.0009530526, 0.00068782259
  -33.985575, 0.00075734, 0.00068782259
  -33.985575, 0.0005229632, 0.00068782259
  -33.985575, 0.0002873906, 0.00068782259
  -33.985575, 0.000376677, 0.00068782259
  -33.985575, 0.0007724868, 0.00068782259
  -33.985575, 0.0007298366, 0.00068782259
  -33.97912, 0.0009502624, 0.00068865765
  -33.97912, 0.0011706882, 0.00068865765
  -33.97912, 0.0009275422, 0.00068865765
  -33.97912, 0.0009291366, 0.00068865765
  -33.97912, 0.0006947598, 0.00068865765
  -33.97912, 0.0005971028, 0.00068865765
  -33.97912, 0.0004181314, 0.00068865765
  -33.97912, 0.000380663, 0.00068865765
  -33.97912, 0.0011547442, 0.00068865765
  -33.97912, 0.000633774, 0.00068865765
  -33.972665, 0.0008442348, 0.00068949311
  -33.972665, 0.0008406474, 0.00068949311
  -33.972665, 0.0005715924, 0.00068949311
  -33.972665, 0.0007286408, 0.00068949311
  -33.972665, 0.0009359128, 0.00068949311
  -33.972665, 0.0005963056, 0.00068949311
  -33.972665, 0.0008577872, 0.00068949311
  -33.972665, 0.0003260548, 0.00068949311
  -33.972665, 0.0007322282, 0.00068949311
  -33.972665, 0.0004894808, 0.00068949311
  -33.972665, 0.0009749756, 0.00068949311
  -33.972665, 0.0009961014, 0.00068949311
  -33.972665, 0.0006608788, 0.00068949311
  -33.96621, 0.000888878, 0.00069032897
  -33.96621, 0.0005173828, 0.00069032897
  -33.96621, 0.0008019832, 0.00069032897
  -33.96621, 0.000685592, 0.00069032897
  -33.96621, 0.0007589344, 0.00069032897
  -33.96621, 0.0010873808, 0.00069032897
  -33.959755, 0.0003918238, 0.00069116523
  -33.959755, 0.0005464806, 0.00069116523
  -33.959755, 0.0008338712, 0.00069116523
  -33.959755, 0.0009199688, 0.00069116523
  -33.959755, 0.000753354, 0.00069116523
  -33.959755, 0.0005624246, 0.00069116523
  -33.959755, 0.0006752284, 0.00069116523
  -33.959755, 0.000739403, 0.00069116523
  -33.959755, 0.000653704, 0.00069116523
  -33.9533, 0.0011942056, 0.0006920019
  -33.9533, 0.0003834532, 0.0006920019
  -33.9533, 0.000552061, 0.0006920019
  -33.9533, 0.000350768, 0.0006920019
  -33.9533, 0.0008195216, 0.0006920019
  -33.946845, 0.000765312, 0.00069283897
  -33.946845, 0.000560033, 0.00069283897
  -33.946845, 0.0007051234, 0.00069283897
  -33.946845, 0.0006321796, 0.00069283897
  -33.946845, 0.0004819074, 0.00069283897
  -33.946845, 0.0009299338, 0.00069283897
  -33.946845, 0.0004308866, 0.00069283897
  -33.946845, 0.0006600816, 0.00069283897
  -33.946845, 0.0006967528, 0.00069283897
  -33.946845, 0.000633774, 0.00069283897
  -33.946845, 0.0004827046, 0.00069283897
  -33.946845, 0.0006624732, 0.00069283897
  -33.946845, 0.0009135912, 0.00069283897
  -33.94039, 0.0007904238, 0.00069367643
  -33.94039, 0.0008956542, 0.00069367643
  -33.94039, 0.0008366614, 0.00069367643
  -33.94039, 0.0009175772, 0.00069367643
  -33.933935, 0.0010032762, 0.0006945143
  -33.933935, 0.0006927668, 0.0006945143
  -33.933935, 0.0004013902, 0.0006945143
  -33.933935, 0.0004460334, 0.0006945143
  -33.933935, 0.00113601, 0.0006945143
  -33.933935, 0.0007968014, 0.0006945143
  -33.92748, 0.0008298852, 0.00069535257
  -33.92748, 0.0003631246, 0.00069535257
  -33.92748, 0.0008055706, 0.00069535257
  -33.92748, 0.000647725, 0.00069535257
  -33.92748, 0.000962619, 0.00069535257
  -33.92748, 0.0004332782, 0.00069535257
  -33.92748, 0.0003914252, 0.00069535257
  -33.92748, 0.000864962, 0.00069535257
  -33.92748, 0.0006648648, 0.00069535257
  -33.92748, 0.0004213202, 0.00069535257
  -33.92748, 0.0006640676, 0.00069535257
  -33.921025, 0.0006584872, 0.00069619125
  -33.921025, 0.000556047, 0.00069619125
  -33.921025, 0.0004635718, 0.00069619125
  -33.921025, 0.0010786116, 0.00069619125
  -33.921025, 0.0006824032, 0.00069619125
  -33.921025, 0.0008195216, 0.00069619125
  -33.921025, 0.0008438362, 0.00069619125
  -33.91457, 0.0007409974, 0.00069703032
  -33.91457, 0.0006481236, 0.00069703032
  -33.91457, 0.00065769, 0.00069703032
  -33.91457, 0.0009721854, 0.00069703032
  -33.91457, 0.001040346, 0.00069703032
  -33.91457, 0.0007641162, 0.00069703032
  -33.908115, 0.0005971028, 0.0006978698
  -33.908115, 0.0007262492, 0.0006978698
  -33.908115, 0.0005444876, 0.0006978698
  -33.908115, 0.0008474236, 0.0006978698
  -33.908115, 0.000683599, 0.0006978698
  -33.908115, 0.0007079136, 0.0006978698
  -33.908115, 0.0009654092, 0.0006978698
  -33.90166, 0.0004476278, 0.00069870967
  -33.90166, 0.000607865, 0.00069870967
  -33.90166, 0.000986535, 0.00069870967
  -33.90166, 0.0010208146, 0.00069870967
  -33.90166, 0.0007023332, 0.00069870967
  -33.895205, 0.0008474236, 0.00069954995
  -33.895205, 0.000466362, 0.00069954995
  -33.895205, 0.0007629204, 0.00069954995
  -33.895205, 0.000825102, 0.00069954995
  -33.895205, 0.0006568928, 0.00069954995
  -33.895205, 0.0008502138, 0.00069954995
  -33.88875, 0.0009056192, 0.00070039063
  -33.88875, 0.0007704938, 0.00070039063
  -33.88875, 0.000554054, 0.00070039063
  -33.88875, 0.000689578, 0.00070039063
  -33.88875, 0.0002917752, 0.00070039063
  -33.88875, 0.0008167314, 0.00070039063
  -33.88875, 0.0004253062, 0.00070039063
  -33.88875, 0.00069755, 0.00070039063
  -33.88875, 0.0009861364, 0.00070039063
  -33.882295, 0.0006465292, 0.00070123172
  -33.882295, 0.0003651176, 0.00070123172
  -33.882295, 0.000946675, 0.00070123172
  -33.882295, 0.000747375, 0.00070123172
  -33.882295, 0.000854997, 0.00070123172
  -33.87584, 0.0003423974, 0.0007020732
  -33.87584, 0.0009737798, 0.0007020732
  -33.87584, 0.000480313, 0.0007020732
  -33.87584, 0.000573984, 0.0007020732
  -33.87584, 0.0006461306, 0.0007020732
  -33.87584, 0.0008342698, 0.0007020732
  -33.87584, 0.0005576414, 0.0007020732
  -33.87584, 0.0006664592, 0.0007020732
  -33.87584, 0.000860976, 0.0007020732
  -33.869385, 0.0006911724, 0.00070291509
  -33.869385, 0.000693564, 0.00070291509
  -33.869385, 0.000858983, 0.00070291509
  -33.869385, 0.0007972, 0.00070291509
  -33.869385, 0.000932724, 0.00070291509
  -33.869385, 0.0006788158, 0.00070291509
  -33.869385, 0.0005456834, 0.00070291509
  -33.869385, 0.000536117, 0.00070291509
  -33.869385, 0.0009590316, 0.00070291509
  -33.86293, 0.0008027804, 0.00070375738
  -33.86293, 0.0005464806, 0.00070375738
  -33.856475, 0.0004998444, 0.00070460007
  -33.856475, 0.0009044234, 0.00070460007
  -33.856475, 0.000506222, 0.00070460007
  -33.85002, 0.0004615788, 0.00070544316
  -33.85002, 0.0008836962, 0.00070544316
  -33.85002, 0.0007924168, 0.00070544316
  -33.85002, 0.0008318782, 0.00070544316
  -33.85002, 0.0006142426, 0.00070544316
  -33.85002, 0.0005118024, 0.00070544316
  -33.85002, 0.0010395488, 0.00070544316
  -33.843565, 0.0005496694, 0.00070628665
  -33.843565, 0.000898843, 0.00070628665
  -33.843565, 0.0007118996, 0.00070628665
  -33.843565, 0.0008067664, 0.00070628665
  -33.843565, 0.0004914738, 0.00070628665
  -33.843565, 0.0006230118, 0.00070628665
  -33.843565, 0.000892864, 0.00070628665
  -33.843565, 0.0008844934, 0.00070628665
  -33.83711, 0.000510208, 0.00070713055
  -33.83711, 0.0011316254, 0.00070713055
  -33.83711, 0.000585942, 0.00070713055
  -33.83711, 0.0006979486, 0.00070713055
  -33.83711, 0.000412551, 0.00070713055
  -33.830655, 0.0006054734, 0.00070797484
  -33.830655, 0.0008972486, 0.00070797484
  -33.830655, 0.000402586, 0.00070797484
  -33.830655, 0.0006365642, 0.00070797484
  -33.830655, 0.000615837, 0.00070797484
  -33.830655, 0.000599893, 0.00070797484
  -33.8242, 0.0008354656, 0.00070881954
  -33.8242, 0.0008278922, 0.00070881954
  -33.8242, 0.0008956542, 0.00070881954
  -33.8242, 0.0007964028, 0.00070881954
  -33.8242, 0.000960626, 0.00070881954
  -33.8242, 0.000585942, 0.00070881954
  -33.8242, 0.0008099552, 0.00070881954
  -33.817745, 0.0009490666, 0.00070966465
  -33.817745, 0.0004970542, 0.00070966465
  -33.817745, 0.0009359128, 0.00070966465
  -33.817745, 0.0006624732, 0.00070966465
  -33.817745, 0.00093671, 0.00070966465
  -33.817745, 0.001038353, 0.00070966465
  -33.817745, 0.0006449348, 0.00070966465
  -33.81129, 0.0004691522, 0.00071051015
  -33.81129, 0.0010558914, 0.00071051015
  -33.81129, 0.0008079622, 0.00071051015
  -33.81129, 0.0004854948, 0.00071051015
  -33.81129, 0.000743389, 0.00071051015
  -33.804835, 0.0010929612, 0.00071135606
  -33.804835, 0.0007402002, 0.00071135606
  -33.804835, 0.0008721368, 0.00071135606
  -33.804835, 0.0007298366, 0.00071135606
  -33.804835, 0.000972584, 0.00071135606
  -33.804835, 0.0007202702, 0.00071135606
  -33.804835, 0.000769298, 0.00071135606
  -33.79838, 0.0007840462, 0.00071220236
  -33.79838, 0.0009398988, 0.00071220236
  -33.79838, 0.0005169842, 0.00071220236
  -33.79838, 0.0008502138, 0.00071220236
  -33.79838, 0.0007386058, 0.00071220236
  -33.79838, 0.0008135426, 0.00071220236
  -33.791925, 0.0005636204, 0.00071304907
  -33.791925, 0.0007972, 0.00071304907
  -33.791925, 0.0006325782, 0.00071304907
  -33.791925, 0.0007445848, 0.00071304907
  -33.78547, 0.0007091094, 0.00071389619
  -33.78547, 0.000785242, 0.00071389619
  -33.779015, 0.0005624246, 0.0007147437
  -33.779015, 0.000713494, 0.0007147437
  -33.779015, 0.0011511568, 0.0007147437
  -33.779015, 0.000360733, 0.0007147437
  -33.779015, 0.0005967042, 0.0007147437
  -33.779015, 0.000880906, 0.0007147437
  -33.779015, 0.0008581858, 0.0007147437
  -33.779015, 0.0008832976, 0.0007147437
  -33.779015, 0.0003320338, 0.0007147437
  -33.77256, 0.0007581372, 0.00071559162
  -33.77256, 0.0004575928, 0.00071559162
  -33.77256, 0.000695557, 0.00071559162
  -33.77256, 0.0007840462, 0.00071559162
  -33.77256, 0.0008601788, 0.00071559162
  -33.77256, 0.0010439334, 0.00071559162
  -33.77256, 0.0009251506, 0.00071559162
  -33.77256, 0.0007824518, 0.00071559162
  -33.766105, 0.0004540054, 0.00071643993
  -33.766105, 0.0005114038, 0.00071643993
  -33.766105, 0.0002523138, 0.00071643993
  -33.766105, 0.0007071164, 0.00071643993
  -33.766105, 0.0006385572, 0.00071643993
  -33.766105, 0.0006967528, 0.00071643993
  -33.766105, 0.0006206202, 0.00071643993
  -33.75965, 0.0003364184, 0.00071728865
  -33.75965, 0.000769298, 0.00071728865
  -33.75965, 0.0010754228, 0.00071728865
  -33.75965, 0.0005185786, 0.00071728865
  -33.75965, 0.0006724382, 0.00071728865
  -33.75965, 0.000687585, 0.00071728865
  -33.75965, 0.0006194244, 0.00071728865
  -33.75965, 0.0008095566, 0.00071728865
  -33.753195, 0.0007166828, 0.00071813778
  -33.753195, 0.0009972972, 0.00071813778
  -33.753195, 0.0007828504, 0.00071813778
  -33.753195, 0.0009299338, 0.00071813778
  -33.753195, 0.0011822476, 0.00071813778
  -33.753195, 0.0004854948, 0.00071813778
  -33.753195, 0.0009642134, 0.00071813778
  -33.74674, 0.0008653606, 0.0007189873
  -33.74674, 0.0004651662, 0.0007189873
  -33.740285, 0.0010674508, 0.00071983723
  -33.740285, 0.0006074664, 0.00071983723
  -33.740285, 0.0008446334, 0.00071983723
  -33.740285, 0.0006564942, 0.00071983723
  -33.740285, 0.0006505152, 0.00071983723
  -33.73383, 0.0011631148, 0.00072068756
  -33.73383, 0.0004555998, 0.00072068756
  -33.73383, 0.0005648162, 0.00072068756
  -33.73383, 0.0008358642, 0.00072068756
  -33.73383, 0.0005129982, 0.00072068756
  -33.73383, 0.0004795158, 0.00072068756
  -33.727375, 0.0006509138, 0.00072153829
  -33.727375, 0.0004655648, 0.00072153829
  -33.72092, 0.000573984, 0.00072238942
  -33.72092, 0.0009972972, 0.00072238942
  -33.72092, 0.0011073108, 0.00072238942
  -33.72092, 0.0007270464, 0.00072238942
  -33.72092, 0.0006114524, 0.00072238942
  -33.72092, 0.0007625218, 0.00072238942
  -33.714465, 0.001185835, 0.00072324096
  -33.714465, 0.0010471222, 0.00072324096
  -33.714465, 0.0007083122, 0.00072324096
  -33.714465, 0.000789228, 0.00072324096
  -33.714465, 0.0002164398, 0.00072324096
  -33.714465, 0.0007190744, 0.00072324096
  -33.70801, 0.0007681022, 0.0007240929
  -33.70801, 0.000312901, 0.0007240929
  -33.70801, 0.00085699, 0.0007240929
  -33.70801, 0.0008382558, 0.0007240929
  -33.70801, 0.0008932626, 0.0007240929
  -33.70801, 0.0008019832, 0.0007240929
  -33.701555, 0.000524159, 0.00072494524
  -33.701555, 0.0005763756, 0.00072494524
  -33.701555, 0.0009283394, 0.00072494524
  -33.701555, 0.0008338712, 0.00072494524
  -33.701555, 0.0006126482, 0.00072494524
  -33.701555, 0.0009211646, 0.00072494524
  -33.701555, 0.0006166342, 0.00072494524
  -33.6951, 0.0006692494, 0.00072579798
  -33.6951, 0.0005986972, 0.00072579798
  -33.688645, 0.0010232062, 0.00072665112
  -33.688645, 0.000946675, 0.00072665112
  -33.688645, 0.0008358642, 0.00072665112
  -33.688645, 0.0007780672, 0.00072665112
  -33.68219, 0.0006114524, 0.00072750467
  -33.68219, 0.0002846004, 0.00072750467
  -33.68219, 0.0006074664, 0.00072750467
  -33.68219, 0.0010052692, 0.00072750467
  -33.68219, 0.0007103052, 0.00072750467
  -33.68219, 0.0003236632, 0.00072750467
  -33.675735, 0.0006552984, 0.00072835862
  -33.675735, 0.0006820046, 0.00072835862
  -33.675735, 0.001165905, 0.00072835862
  -33.675735, 0.0005552498, 0.00072835862
  -33.675735, 0.0006931654, 0.00072835862
  -33.675735, 0.0007740812, 0.00072835862
  -33.675735, 0.000928738, 0.00072835862
  -33.66928, 0.0006859906, 0.00072921297
  -33.66928, 0.0007079136, 0.00072921297
  -33.66928, 0.0007617246, 0.00072921297
  -33.66928, 0.0009355142, 0.00072921297
  -33.662825, 0.0008777172, 0.00073006773
  -33.662825, 0.0008318782, 0.00073006773
  -33.662825, 0.0006672564, 0.00073006773
  -33.662825, 0.0004747326, 0.00073006773
  -33.662825, 0.0008534026, 0.00073006773
  -33.662825, 0.0009737798, 0.00073006773
  -33.65637, 0.0008697452, 0.00073092288
  -33.65637, 0.000715487, 0.00073092288
  -33.65637, 0.000623809, 0.00073092288
  -33.65637, 0.0008514096, 0.00073092288
  -33.65637, 0.00093671, 0.00073092288
  -33.649915, 0.0006632704, 0.00073177844
  -33.649915, 0.0005979, 0.00073177844
  -33.649915, 0.0008055706, 0.00073177844
  -33.649915, 0.0006194244, 0.00073177844
  -33.64346, 0.0004918724, 0.0007326344
  -33.63055, 0.0005349212, 0.00073434753
  -33.63055, 0.0003898308, 0.00073434753
  -33.63055, 0.0005086136, 0.00073434753
  -33.63055, 0.0004113552, 0.00073434753
  -33.624095, 0.000719473, 0.0007352047
  -33.624095, 0.00057797, 0.0007352047
  -33.624095, 0.0005333268, 0.0007352047
  -33.61764, 0.0005688022, 0.00073606227
  -33.61764, 0.0006413474, 0.00073606227
  -33.611185, 0.0006863892, 0.00073692024
  -33.611185, 0.0009123954, 0.00073692024
  -33.611185, 0.0005209702, 0.00073692024
  -33.611185, 0.0007700952, 0.00073692024
  -33.611185, 0.000372691, 0.00073692024
  -33.60473, 0.0014584774, 0.00073777862
  -33.60473, 0.0008713396, 0.00073777862
  -33.60473, 0.0005385086, 0.00073777862
  -33.60473, 0.0006393544, 0.00073777862
  -33.60473, 0.0006341726, 0.00073777862
  -33.60473, 0.0006473264, 0.00073777862
  -33.60473, 0.000667655, 0.00073777862
  -33.59182, 0.00041853, 0.00073949657
  -33.59182, 0.0006525082, 0.00073949657
  -33.59182, 0.0007948084, 0.00073949657
  -33.59182, 0.000625802, 0.00073949657
  -33.59182, 0.0004133482, 0.00073949657
  -33.59182, 0.00115594, 0.00073949657
  -33.585365, 0.0009534512, 0.00074035616
  -33.585365, 0.0008972486, 0.00074035616
  -33.585365, 0.0007936126, 0.00074035616
  -33.585365, 0.0009311296, 0.00074035616
  -33.585365, 0.0004839004, 0.00074035616
  -33.585365, 0.000761326, 0.00074035616
  -33.585365, 0.0008003888, 0.00074035616
  -33.57891, 0.0007437876, 0.00074121614
  -33.57891, 0.0007860392, 0.00074121614
  -33.57891, 0.0007983958, 0.00074121614
  -33.57891, 0.0006150398, 0.00074121614
  -33.57891, 0.0007609274, 0.00074121614
  -33.57891, 0.0006560956, 0.00074121614
  -33.57891, 0.0007023332, 0.00074121614
  -33.57891, 0.0008258992, 0.00074121614
  -33.572455, 0.0006126482, 0.00074207653
  -33.572455, 0.000663669, 0.00074207653
  -33.572455, 0.0004627746, 0.00074207653
  -33.572455, 0.0009622204, 0.00074207653
  -33.572455, 0.0008334726, 0.00074207653
  -33.566, 0.000671641, 0.00074293732
  -33.566, 0.0006110538, 0.00074293732
  -33.566, 0.0007621232, 0.00074293732
  -33.566, 0.0006740326, 0.00074293732
  -33.566, 0.0008466264, 0.00074293732
  -33.559545, 0.0006971514, 0.00074379851
  -33.559545, 0.0007310324, 0.00074379851
  -33.559545, 0.0005628232, 0.00074379851
  -33.559545, 0.0005588372, 0.00074379851
  -33.559545, 0.0006648648, 0.00074379851
  -33.559545, 0.0011882266, 0.00074379851
  -33.559545, 0.0009897238, 0.00074379851
  -33.559545, 0.0008382558, 0.00074379851
  -33.559545, 0.0007099066, 0.00074379851
  -33.55309, 0.0004966556, 0.0007446601
  -33.55309, 0.000765312, 0.0007446601
  -33.55309, 0.0009056192, 0.0007446601
  -33.55309, 0.0007481722, 0.0007446601
  -33.55309, 0.0007768714, 0.0007446601
  -33.55309, 0.0008167314, 0.0007446601
  -33.55309, 0.0009809546, 0.0007446601
  -33.55309, 0.0009570386, 0.0007446601
  -33.546635, 0.0007302352, 0.0007455221
  -33.546635, 0.0010140384, 0.0007455221
  -33.546635, 0.0009223604, 0.0007455221
  -33.546635, 0.00055804, 0.0007455221
  -33.546635, 0.0005815574, 0.0007455221
  -33.54018, 0.0009769686, 0.0007463845
  -33.54018, 0.0008717382, 0.0007463845
  -33.54018, 0.000354754, 0.0007463845
  -33.54018, 0.0010012832, 0.0007463845
  -33.54018, 0.0005951098, 0.0007463845
  -33.54018, 0.0008235076, 0.0007463845
  -33.54018, 0.0006911724, 0.0007463845
  -33.54018, 0.0008067664, 0.0007463845
  -33.54018, 0.0005986972, 0.0007463845
  -33.533725, 0.0007182772, 0.0007472473
  -33.533725, 0.0008103538, 0.0007472473
  -33.533725, 0.000849018, 0.0007472473
  -33.533725, 0.0009713882, 0.0007472473
  -33.533725, 0.0010578844, 0.0007472473
  -33.533725, 0.000562026, 0.0007472473
  -33.533725, 0.0007258506, 0.0007472473
  -33.52727, 0.0006847948, 0.00074811051
  -33.52727, 0.001078213, 0.00074811051
  -33.52727, 0.0007816546, 0.00074811051
  -33.52727, 0.0006305852, 0.00074811051
  -33.52727, 0.00047832, 0.00074811051
  -33.52727, 0.0007995916, 0.00074811051
  -33.52727, 0.0004567956, 0.00074811051
  -33.520815, 0.000619823, 0.00074897411
  -33.520815, 0.0008107524, 0.00074897411
  -33.520815, 0.0009414932, 0.00074897411
  -33.520815, 0.0008685494, 0.00074897411
  -33.520815, 0.0008075636, 0.00074897411
  -33.520815, 0.0008741298, 0.00074897411
  -33.520815, 0.0004456348, 0.00074897411
  -33.520815, 0.0007987944, 0.00074897411
  -33.520815, 0.0006026832, 0.00074897411
  -33.520815, 0.000849018, 0.00074897411
  -33.520815, 0.0009498638, 0.00074897411
  -33.520815, 0.0011136884, 0.00074897411
  -33.520815, 0.0008992416, 0.00074897411
  -33.51436, 0.0002295936, 0.00074983812
  -33.51436, 0.0006748298, 0.00074983812
  -33.51436, 0.0004755298, 0.00074983812
  -33.51436, 0.0006620746, 0.00074983812
  -33.51436, 0.0007059206, 0.00074983812
  -33.507905, 0.0003942154, 0.00075070253
  -33.507905, 0.000898843, 0.00075070253
  -33.507905, 0.0006640676, 0.00075070253
  -33.507905, 0.0007059206, 0.00075070253
  -33.507905, 0.0007409974, 0.00075070253
  -33.507905, 0.0011288352, 0.00075070253
  -33.507905, 0.0008836962, 0.00075070253
  -33.507905, 0.0007099066, 0.00075070253
  -33.507905, 0.000843039, 0.00075070253
  -33.507905, 0.0007326268, 0.00075070253
  -33.507905, 0.0005484736, 0.00075070253
  -33.507905, 0.0006883822, 0.00075070253
  -33.507905, 0.000691571, 0.00075070253
  -33.507905, 0.0007549484, 0.00075070253
  -33.507905, 0.0009418918, 0.00075070253
  -33.507905, 0.0009853392, 0.00075070253
  -33.507905, 0.0009179758, 0.00075070253
  -33.507905, 0.0008083608, 0.00075070253
  -33.50145, 0.000562026, 0.00075156735
  -33.50145, 0.0005986972, 0.00075156735
  -33.50145, 0.0007425918, 0.00075156735
  -33.50145, 0.0006385572, 0.00075156735
  -33.50145, 0.0010965486, 0.00075156735
  -33.50145, 0.001046325, 0.00075156735
  -33.50145, 0.0007091094, 0.00075156735
  -33.50145, 0.0008817032, 0.00075156735
  -33.50145, 0.0008326754, 0.00075156735
  -33.50145, 0.0007103052, 0.00075156735
  -33.494995, 0.0009674022, 0.00075243256
  -33.494995, 0.000934717, 0.00075243256
  -33.494995, 0.000548075, 0.00075243256
  -33.494995, 0.0008697452, 0.00075243256
  -33.494995, 0.0007936126, 0.00075243256
  -33.494995, 0.0006142426, 0.00075243256
  -33.494995, 0.000392621, 0.00075243256
  -33.494995, 0.0008047734, 0.00075243256
  -33.494995, 0.0006389558, 0.00075243256
  -33.494995, 0.0007079136, 0.00075243256
  -33.494995, 0.000884892, 0.00075243256
  -33.494995, 0.001411044, 0.00075243256
  -33.494995, 0.0008362628, 0.00075243256
  -33.48854, 0.0008322768, 0.00075329818
  -33.48854, 0.0010076608, 0.00075329818
  -33.48854, 0.0006592844, 0.00075329818
  -33.48854, 0.0005867392, 0.00075329818
  -33.48854, 0.0007864378, 0.00075329818
  -33.48854, 0.0007868364, 0.00075329818
  -33.48854, 0.0005835504, 0.00075329818
  -33.48854, 0.00063776, 0.00075329818
  -33.48854, 0.0008183258, 0.00075329818
  -33.48854, 0.0008514096, 0.00075329818
  -33.48854, 0.0009961014, 0.00075329818
  -33.48854, 0.0008235076, 0.00075329818
  -33.48854, 0.0006202216, 0.00075329818
  -33.48854, 0.0005157884, 0.00075329818
  -33.48854, 0.0006086622, 0.00075329818
  -33.48854, 0.0006106552, 0.00075329818
  -33.48854, 0.0008135426, 0.00075329818
  -33.482085, 0.0007461792, 0.0007541642
  -33.482085, 0.0006170328, 0.0007541642
  -33.482085, 0.000775277, 0.0007541642
  -33.482085, 0.0005588372, 0.0007541642
  -33.482085, 0.0005596344, 0.0007541642
  -33.482085, 0.000775277, 0.0007541642
  -33.482085, 0.0005424946, 0.0007541642
  -33.482085, 0.0004017888, 0.0007541642
  -33.482085, 0.0007525568, 0.0007541642
  -33.482085, 0.0006273964, 0.0007541642
  -33.482085, 0.0007900252, 0.0007541642
  -33.482085, 0.0007975986, 0.0007541642
  -33.47563, 0.0010479194, 0.00075503062
  -33.47563, 0.0008593816, 0.00075503062
  -33.47563, 0.0003695022, 0.00075503062
  -33.47563, 0.0010670522, 0.00075503062
  -33.47563, 0.0008362628, 0.00075503062
  -33.47563, 0.0005293408, 0.00075503062
  -33.47563, 0.0008159342, 0.00075503062
  -33.47563, 0.0008258992, 0.00075503062
  -33.47563, 0.0005775714, 0.00075503062
  -33.47563, 0.0010156328, 0.00075503062
  -33.47563, 0.000767305, 0.00075503062
  -33.47563, 0.0009821504, 0.00075503062
  -33.47563, 0.0007278436, 0.00075503062
  -33.47563, 0.0007641162, 0.00075503062
  -33.47563, 0.0007461792, 0.00075503062
  -33.469175, 0.0008119482, 0.00075589745
  -33.469175, 0.000894857, 0.00075589745
  -33.469175, 0.001048318, 0.00075589745
  -33.469175, 0.0004189286, 0.00075589745
  -33.469175, 0.0011124926, 0.00075589745
  -33.469175, 0.0007629204, 0.00075589745
  -33.469175, 0.0007238576, 0.00075589745
  -33.469175, 3.82656e-05, 0.00075589745
  -33.469175, 0.0010271922, 0.00075589745
  -33.469175, 0.000629788, 0.00075589745
  -33.469175, 0.0006174314, 0.00075589745
  -33.469175, 0.00045839, 0.00075589745
  -33.469175, 0.0003324324, 0.00075589745
  -33.469175, 0.0009056192, 0.00075589745
  -33.46272, 0.0006780186, 0.00075676468
  -33.46272, 0.0007505638, 0.00075676468
  -33.46272, 0.0005173828, 0.00075676468
  -33.46272, 0.0006405502, 0.00075676468
  -33.46272, 0.0007625218, 0.00075676468
  -33.46272, 0.0005512638, 0.00075676468
  -33.46272, 0.0008860878, 0.00075676468
  -33.46272, 0.0003204744, 0.00075676468
  -33.46272, 0.0007190744, 0.00075676468
  -33.46272, 0.0005943126, 0.00075676468
  -33.46272, 0.0006744312, 0.00075676468
  -33.46272, 0.000900836, 0.00075676468
  -33.46272, 0.0006369628, 0.00075676468
  -33.46272, 0.000631781, 0.00075676468
  -33.46272, 0.0007517596, 0.00075676468
  -33.46272, 0.000723459, 0.00075676468
  -33.46272, 0.000641746, 0.00075676468
  -33.46272, 0.0007445848, 0.00075676468
  -33.46272, 0.0004109566, 0.00075676468
  -33.46272, 0.0005664106, 0.00075676468
  -33.46272, 0.0004137468, 0.00075676468
  -33.46272, 0.0010427376, 0.00075676468
  -33.456265, 0.0006074664, 0.00075763231
  -33.456265, 0.0005464806, 0.00075763231
  -33.456265, 0.0007585358, 0.00075763231
  -33.456265, 0.000665662, 0.00075763231
  -33.456265, 0.000765312, 0.00075763231
  -33.456265, 0.0006548998, 0.00075763231
  -33.456265, 0.0010957514, 0.00075763231
  -33.456265, 0.0009135912, 0.00075763231
  -33.456265, 0.0010375558, 0.00075763231
  -33.456265, 0.0007565428, 0.00075763231
  -33.456265, 0.0011607232, 0.00075763231
  -33.456265, 0.0008892766, 0.00075763231
  -33.456265, 0.0009311296, 0.00075763231
  -33.44981, 0.0007362142, 0.00075850034
  -33.44981, 0.0009139898, 0.00075850034
  -33.44981, 0.0008195216, 0.00075850034
  -33.44981, 0.0008274936, 0.00075850034
  -33.44981, 0.0007461792, 0.00075850034
  -33.44981, 0.0002622788, 0.00075850034
  -33.44981, 0.0006206202, 0.00075850034
  -33.44981, 0.0006521096, 0.00075850034
  -33.44981, 0.0005552498, 0.00075850034
  -33.44981, 0.0006847948, 0.00075850034
  -33.44981, 0.0008067664, 0.00075850034
  -33.44981, 0.0006385572, 0.00075850034
  -33.44981, 0.0006851934, 0.00075850034
  -33.44981, 0.0009215632, 0.00075850034
  -33.443355, 0.0008047734, 0.00075936877
  -33.443355, 0.0005907252, 0.00075936877
  -33.443355, 0.0007617246, 0.00075936877
  -33.443355, 0.0007880322, 0.00075936877
  -33.443355, 0.0012193174, 0.00075936877
  -33.443355, 0.0008741298, 0.00075936877
  -33.443355, 0.0009331226, 0.00075936877
  -33.443355, 0.0006325782, 0.00075936877
  -33.443355, 0.0005373128, 0.00075936877
  -33.443355, 0.0007808574, 0.00075936877
  -33.443355, 0.0006724382, 0.00075936877
  -33.443355, 0.000870941, 0.00075936877
  -33.443355, 0.0007740812, 0.00075936877
  -33.443355, 0.0004978514, 0.00075936877
  -33.443355, 0.000874927, 0.00075936877
  -33.443355, 0.0004149426, 0.00075936877
  -33.443355, 0.0006405502, 0.00075936877
  -33.4369, 0.000978563, 0.00076023761
  -33.4369, 0.0004735368, 0.00076023761
  -33.4369, 0.0007003402, 0.00076023761
  -33.4369, 0.0007860392, 0.00076023761
  -33.4369, 0.0009391016, 0.00076023761
  -33.4369, 0.0007808574, 0.00076023761
  -33.4369, 0.0005895294, 0.00076023761
  -33.4369, 0.0010275908, 0.00076023761
  -33.4369, 0.0013022262, 0.00076023761
  -33.4369, 0.000522166, 0.00076023761
  -33.4369, 0.000811151, 0.00076023761
  -33.4369, 0.0007402002, 0.00076023761
  -33.4369, 0.0005664106, 0.00076023761
  -33.4369, 0.0006672564, 0.00076023761
  -33.4369, 0.0005428932, 0.00076023761
  -33.4369, 0.0007661092, 0.00076023761
  -33.4369, 0.000868948, 0.00076023761
  -33.430445, 0.0003695022, 0.00076110685
  -33.430445, 0.0004575928, 0.00076110685
  -33.430445, 0.0006959556, 0.00076110685
  -33.430445, 0.0005731868, 0.00076110685
  -33.430445, 0.0008717382, 0.00076110685
  -33.430445, 0.000978563, 0.00076110685
  -33.430445, 0.0005815574, 0.00076110685
  -33.430445, 0.0008741298, 0.00076110685
  -33.430445, 0.000958633, 0.00076110685
  -33.430445, 0.000767305, 0.00076110685
  -33.430445, 0.0006481236, 0.00076110685
  -33.42399, 0.0007409974, 0.00076197649
  -33.42399, 0.0008944584, 0.00076197649
  -33.42399, 0.0007537526, 0.00076197649
  -33.42399, 0.001006465, 0.00076197649
  -33.42399, 0.000707515, 0.00076197649
  -33.42399, 0.000635767, 0.00076197649
  -33.42399, 0.000526152, 0.00076197649
  -33.42399, 0.0010267936, 0.00076197649
  -33.42399, 0.000693564, 0.00076197649
  -33.42399, 0.0007840462, 0.00076197649
  -33.42399, 0.0007202702, 0.00076197649
  -33.42399, 0.0004316838, 0.00076197649
  -33.42399, 0.0007326268, 0.00076197649
  -33.42399, 0.0007968014, 0.00076197649
  -33.42399, 0.0006182286, 0.00076197649
  -33.42399, 0.0008199202, 0.00076197649
  -33.42399, 0.0007202702, 0.00076197649
  -33.42399, 0.0005668092, 0.00076197649
  -33.42399, 0.0003212716, 0.00076197649
  -33.42399, 0.0011571358, 0.00076197649
  -33.417535, 0.0004958584, 0.00076284654
  -33.417535, 0.0008426404, 0.00076284654
  -33.417535, 0.000639753, 0.00076284654
  -33.417535, 0.0003822574, 0.00076284654
  -33.417535, 0.0006002916, 0.00076284654
  -33.417535, 0.0008342698, 0.00076284654
  -33.417535, 0.0007067178, 0.00076284654
  -33.417535, 0.001279506, 0.00076284654
  -33.417535, 0.0006903752, 0.00076284654
  -33.417535, 0.0006385572, 0.00076284654
  -33.417535, 0.0008777172, 0.00076284654
  -33.417535, 0.000510208, 0.00076284654
  -33.417535, 0.000625802, 0.00076284654
  -33.417535, 0.0008434376, 0.00076284654
  -33.417535, 0.0010650592, 0.00076284654
  -33.417535, 0.0009462764, 0.00076284654
  -33.417535, 0.0005695994, 0.00076284654
  -33.41108, 0.000743389, 0.00076371698
  -33.41108, 0.0006808088, 0.00076371698
  -33.41108, 0.0009753742, 0.00076371698
  -33.41108, 0.0006632704, 0.00076371698
  -33.41108, 0.000886885, 0.00076371698
  -33.41108, 0.0004376628, 0.00076371698
  -33.41108, 0.0007031304, 0.00076371698
  -33.41108, 0.0006792144, 0.00076371698
  -33.41108, 0.0003384114, 0.00076371698
  -33.41108, 0.0009343184, 0.00076371698
  -33.404625, 0.0008581858, 0.00076458783
  -33.404625, 0.0006401516, 0.00076458783
  -33.404625, 0.0009642134, 0.00076458783
  -33.404625, 0.0010853878, 0.00076458783
  -33.404625, 0.0009701924, 0.00076458783
  -33.404625, 0.0007238576, 0.00076458783
  -33.404625, 0.000908808, 0.00076458783
  -33.404625, 0.0006401516, 0.00076458783
  -33.404625, 0.0008159342, 0.00076458783
  -33.404625, 0.000705522, 0.00076458783
  -33.39817, 0.0004448376, 0.00076545908
  -33.39817, 0.0006006902, 0.00076545908
  -33.39817, 0.0009813532, 0.00076545908
  -33.39817, 0.0006393544, 0.00076545908
  -33.39817, 0.0005325296, 0.00076545908
  -33.39817, 0.00081713, 0.00076545908
  -33.391715, 0.0008561928, 0.00076633074
  -33.391715, 0.0006704452, 0.00076633074
  -33.391715, 0.0005747812, 0.00076633074
  -33.391715, 0.0010913668, 0.00076633074
  -33.38526, 0.0009016332, 0.00076720279
  -33.38526, 0.0006999416, 0.00076720279
  -33.378805, 0.0009363114, 0.00076807525
  -33.378805, 0.0007182772, 0.00076807525
  -33.365895, 0.0005409002, 0.00076982137
  -33.35944, 0.0006660606, 0.00077069504
  -33.35944, 0.000532131, 0.00077069504
  -33.352985, 0.000866955, 0.0007715691
  -33.34653, 0.0004890822, 0.00077244357
  -33.34653, 0.000727445, 0.00077244357
  -33.34653, 0.000900836, 0.00077244357
  -33.34653, 0.0008526054, 0.00077244357
  -33.340075, 0.0005803616, 0.00077331844
  -33.340075, 0.0008733326, 0.00077331844
  -33.33362, 0.0007039276, 0.00077419372
  -33.33362, 0.0007537526, 0.00077419372
  -33.33362, 0.0007111024, 0.00077419372
  -33.327165, 0.000474334, 0.00077506939
  -33.327165, 0.0006365642, 0.00077506939
  -33.327165, 0.0009514582, 0.00077506939
  -33.32071, 0.0007545498, 0.00077594547
  -33.32071, 0.000693564, 0.00077594547
  -33.314255, 0.0008478222, 0.00077682195
  -33.314255, 0.0006552984, 0.00077682195
  -33.3078, 0.0008414446, 0.00077769883
  -33.301345, 0.0007190744, 0.00077857612
  -33.301345, 0.000791221, 0.00077857612
  -33.301345, 0.0009829476, 0.00077857612
  -33.301345, 0.0007481722, 0.00077857612
  -33.29489, 0.000643739, 0.0007794538
  -33.29489, 0.0008059692, 0.0007794538
  -33.28198, 0.0007258506, 0.00078121038
  -33.28198, 0.000735417, 0.00078121038
  -33.275525, 0.0011674994, 0.00078208927
  -33.275525, 0.000884892, 0.00078208927
  -33.26907, 0.0010000874, 0.00078296857
  -33.26907, 0.0005273478, 0.00078296857
  -33.26907, 0.0008155356, 0.00078296857
  -33.262615, 0.0009638148, 0.00078384826
  -33.262615, 0.0010255978, 0.00078384826
  -33.262615, 0.0004918724, 0.00078384826
  -33.262615, 0.0006812074, 0.00078384826
  -33.262615, 0.0008075636, 0.00078384826
  -33.262615, 0.000687585, 0.00078384826
  -33.25616, 0.0006421446, 0.00078472836
  -33.25616, 0.000687585, 0.00078472836
  -33.25616, 0.000843039, 0.00078472836
  -33.25616, 0.0009283394, 0.00078472836
  -33.25616, 0.0005923196, 0.00078472836
  -33.25616, 0.0009634162, 0.00078472836
  -33.249705, 0.0004687536, 0.00078560886
  -33.249705, 0.0008960528, 0.00078560886
  -33.249705, 0.000691571, 0.00078560886
  -33.24325, 0.0009470736, 0.00078648976
  -33.24325, 0.0006824032, 0.00078648976
  -33.24325, 0.0005803616, 0.00078648976
  -33.24325, 0.0004978514, 0.00078648976
  -33.24325, 0.0010192202, 0.00078648976
  -33.24325, 0.0009781644, 0.00078648976
  -33.24325, 0.001285485, 0.00078648976
  -33.24325, 0.001120066, 0.00078648976
  -33.24325, 0.000978563, 0.00078648976
  -33.236795, 0.0008840948, 0.00078737107
  -33.236795, 0.0009104024, 0.00078737107
  -33.236795, 0.0006046762, 0.00078737107
  -33.236795, 0.0010650592, 0.00078737107
  -33.236795, 0.00067762, 0.00078737107
  -33.236795, 0.0010614718, 0.00078737107
  -33.236795, 0.0008653606, 0.00078737107
  -33.236795, 0.0008980458, 0.00078737107
  -33.236795, 0.0009052206, 0.00078737107
  -33.236795, 0.0007043262, 0.00078737107
  -33.236795, 0.000793214, 0.00078737107
  -33.236795, 0.0007685008, 0.00078737107
  -33.23034, 0.0007007388, 0.00078825277
  -33.23034, 0.000595907, 0.00078825277
  -33.23034, 0.0007398016, 0.00078825277
  -33.23034, 0.0008274936, 0.00078825277
  -33.23034, 0.0010279894, 0.00078825277
  -33.23034, 0.0007541512, 0.00078825277
  -33.23034, 0.0006927668, 0.00078825277
  -33.23034, 0.0005006416, 0.00078825277
  -33.223885, 0.0010989402, 0.00078913488
  -33.223885, 0.0008103538, 0.00078913488
  -33.223885, 0.0009574372, 0.00078913488
  -33.223885, 0.000743389, 0.00078913488
  -33.223885, 0.0007306338, 0.00078913488
  -33.223885, 0.0009251506, 0.00078913488
  -33.21743, 0.0009841434, 0.00079001739
  -33.21743, 0.0009263464, 0.00079001739
  -33.21743, 0.0006086622, 0.00079001739
  -33.21743, 0.000629788, 0.00079001739
  -33.21743, 0.0011316254, 0.00079001739
  -33.21743, 0.000994507, 0.00079001739
  -33.210975, 0.0007928154, 0.0007909003
  -33.210975, 0.0005823546, 0.0007909003
  -33.210975, 0.0007346198, 0.0007909003
  -33.210975, 0.0007358156, 0.0007909003
  -33.210975, 0.0010865836, 0.0007909003
  -33.210975, 0.0006839976, 0.0007909003
  -33.210975, 0.0010136398, 0.0007909003
  -33.210975, 0.0006289908, 0.0007909003
  -33.210975, 0.000843039, 0.0007909003
  -33.210975, 0.0007302352, 0.0007909003
  -33.210975, 0.0007696966, 0.0007909003
  -33.210975, 0.0008203188, 0.0007909003
  -33.210975, 0.0011686952, 0.0007909003
  -33.20452, 0.0010012832, 0.00079178361
  -33.20452, 0.0005464806, 0.00079178361
  -33.20452, 0.0010220104, 0.00079178361
  -33.20452, 0.0006792144, 0.00079178361
  -33.20452, 0.0006999416, 0.00079178361
  -33.20452, 0.0010251992, 0.00079178361
  -33.20452, 0.0007362142, 0.00079178361
  -33.20452, 0.0005755784, 0.00079178361
  -33.20452, 0.0008773186, 0.00079178361
  -33.20452, 0.0008498152, 0.00079178361
  -33.20452, 0.0006652634, 0.00079178361
  -33.20452, 0.00095664, 0.00079178361
  -33.198065, 0.000412551, 0.00079266733
  -33.198065, 0.0007398016, 0.00079266733
  -33.198065, 0.0005951098, 0.00079266733
  -33.198065, 0.0008581858, 0.00079266733
  -33.198065, 0.0007900252, 0.00079266733
  -33.198065, 0.0008426404, 0.00079266733
  -33.198065, 0.0010710382, 0.00079266733
  -33.19161, 0.0006588858, 0.00079355144
  -33.19161, 0.0009111996, 0.00079355144
  -33.19161, 0.00101643, 0.00079355144
  -33.19161, 0.000803179, 0.00079355144
  -33.19161, 0.0009371086, 0.00079355144
  -33.19161, 0.0006385572, 0.00079355144
  -33.185155, 0.0006812074, 0.00079443596
  -33.185155, 0.0007063192, 0.00079443596
  -33.185155, 0.0008278922, 0.00079443596
  -33.185155, 0.000880906, 0.00079443596
  -33.185155, 0.0007437876, 0.00079443596
  -33.185155, 0.0007382072, 0.00079443596
  -33.185155, 0.0010957514, 0.00079443596
  -33.185155, 0.0007688994, 0.00079443596
  -33.1787, 0.0006285922, 0.00079532088
  -33.1787, 0.0009733812, 0.00079532088
  -33.1787, 0.0009080108, 0.00079532088
  -33.1787, 0.0006847948, 0.00079532088
  -33.172245, 0.0009873322, 0.0007962062
  -33.172245, 0.000651711, 0.0007962062
  -33.172245, 0.0008856892, 0.0007962062
  -33.172245, 0.0006728368, 0.0007962062
  -33.172245, 0.0007190744, 0.0007962062
  -33.172245, 0.0007497666, 0.0007962062
  -33.172245, 0.0008386544, 0.0007962062
  -33.172245, 0.0007744798, 0.0007962062
  -33.172245, 0.0010479194, 0.0007962062
  -33.16579, 0.0010531012, 0.00079709192
  -33.16579, 0.0006042776, 0.00079709192
  -33.16579, 0.0010020804, 0.00079709192
  -33.16579, 0.0004591872, 0.00079709192
  -33.16579, 0.0006050748, 0.00079709192
  -33.159335, 0.0008195216, 0.00079797805
  -33.159335, 0.0007924168, 0.00079797805
  -33.159335, 0.0007828504, 0.00079797805
  -33.159335, 0.0005409002, 0.00079797805
  -33.15288, 0.0009913182, 0.00079886457
  -33.15288, 0.0008940598, 0.00079886457
  -33.15288, 0.000912794, 0.00079886457
  -33.15288, 0.0009056192, 0.00079886457
  -33.146425, 0.0009096052, 0.0007997515
  -33.146425, 0.0005572428, 0.0007997515
  -33.146425, 0.0006628718, 0.0007997515
  -33.146425, 0.0008123468, 0.0007997515
  -33.146425, 0.000629788, 0.0007997515
  -33.146425, 0.0010578844, 0.0007997515
  -33.146425, 0.0009251506, 0.0007997515
  -33.146425, 0.0008681508, 0.0007997515
  -33.146425, 0.0007246548, 0.0007997515
  -33.146425, 0.0009251506, 0.0007997515
  -33.13997, 0.0006804102, 0.00080063883
  -33.13997, 0.0002515166, 0.00080063883
  -33.13997, 0.0011144856, 0.00080063883
  -33.13997, 0.0007625218, 0.00080063883
  -33.13997, 0.00067762, 0.00080063883
  -33.13997, 0.0008019832, 0.00080063883
  -33.13997, 0.001134017, 0.00080063883
  -33.13997, 0.0004866906, 0.00080063883
  -33.13997, 0.0004874878, 0.00080063883
  -33.13997, 0.000898843, 0.00080063883
  -33.13997, 0.000940696, 0.00080063883
  -33.133515, 0.0008047734, 0.00080152656
  -33.133515, 0.0007900252, 0.00080152656
  -33.133515, 0.0006664592, 0.00080152656
  -33.133515, 0.0005496694, 0.00080152656
  -33.133515, 0.0009542484, 0.00080152656
  -33.133515, 0.0009311296, 0.00080152656
  -33.133515, 0.0009853392, 0.00080152656
  -33.133515, 0.0010315768, 0.00080152656
  -33.133515, 0.0009622204, 0.00080152656
  -33.133515, 0.0006090608, 0.00080152656
  -33.12706, 0.0008362628, 0.00080241469
  -33.12706, 0.00103636, 0.00080241469
  -33.12706, 0.001165905, 0.00080241469
  -33.12706, 0.0010180244, 0.00080241469
  -33.12706, 0.0010327726, 0.00080241469
  -33.12706, 0.000386642, 0.00080241469
  -33.12706, 0.0009681994, 0.00080241469
  -33.12706, 0.0009135912, 0.00080241469
  -33.120605, 0.000914787, 0.00080330322
  -33.120605, 0.0010100524, 0.00080330322
  -33.120605, 0.0007987944, 0.00080330322
  -33.120605, 0.001034367, 0.00080330322
  -33.120605, 0.0010730312, 0.00080330322
  -33.120605, 0.0006784172, 0.00080330322
  -33.11415, 0.0009976958, 0.00080419216
  -33.11415, 0.0006923682, 0.00080419216
  -33.11415, 0.0008215146, 0.00080419216
  -33.11415, 0.000729438, 0.00080419216
  -33.11415, 0.000785242, 0.00080419216
  -33.11415, 0.0009020318, 0.00080419216
  -33.11415, 0.0005405016, 0.00080419216
  -33.11415, 0.0006891794, 0.00080419216
  -33.11415, 0.0009311296, 0.00080419216
  -33.11415, 0.0012005832, 0.00080419216
  -33.11415, 0.0007724868, 0.00080419216
  -33.11415, 0.0007142912, 0.00080419216
  -33.11415, 0.0010511082, 0.00080419216
  -33.107695, 0.0006644662, 0.00080508149
  -33.107695, 0.0007346198, 0.00080508149
  -33.107695, 0.0010949542, 0.00080508149
  -33.107695, 0.000500243, 0.00080508149
  -33.107695, 0.000972584, 0.00080508149
  -33.107695, 0.0006501166, 0.00080508149
  -33.107695, 0.0006851934, 0.00080508149
  -33.107695, 0.0003814602, 0.00080508149
  -33.107695, 0.000807165, 0.00080508149
  -33.107695, 0.0008426404, 0.00080508149
  -33.107695, 0.000944682, 0.00080508149
  -33.107695, 0.0007003402, 0.00080508149
  -33.107695, 0.0010232062, 0.00080508149
  -33.107695, 0.0003412016, 0.00080508149
  -33.107695, 0.0009371086, 0.00080508149
  -33.107695, 0.0011910168, 0.00080508149
  -33.10124, 0.0007218646, 0.00080597123
  -33.10124, 0.00117587, 0.00080597123
  -33.10124, 0.0007529554, 0.00080597123
  -33.10124, 0.0009139898, 0.00080597123
  -33.10124, 0.0007581372, 0.00080597123
  -33.10124, 0.000779263, 0.00080597123
  -33.10124, 0.0010598774, 0.00080597123
  -33.10124, 0.0010798074, 0.00080597123
  -33.10124, 0.0007290394, 0.00080597123
  -33.10124, 0.0009375072, 0.00080597123
  -33.10124, 0.001032374, 0.00080597123
  -33.094785, 0.0010451292, 0.00080686137
  -33.094785, 0.000888878, 0.00080686137
  -33.094785, 0.0010271922, 0.00080686137
  -33.094785, 0.0005532568, 0.00080686137
  -33.094785, 0.000635767, 0.00080686137
  -33.094785, 0.000601886, 0.00080686137
  -33.094785, 0.0006210188, 0.00080686137
  -33.094785, 0.0009957028, 0.00080686137
  -33.094785, 0.000888878, 0.00080686137
  -33.094785, 0.0007489694, 0.00080686137
  -33.094785, 0.0007469764, 0.00080686137
  -33.094785, 0.001112094, 0.00080686137
  -33.094785, 0.0006126482, 0.00080686137
  -33.08833, 0.0006664592, 0.00080775191
  -33.08833, 0.0011667022, 0.00080775191
  -33.08833, 0.0008876822, 0.00080775191
  -33.08833, 0.0007888294, 0.00080775191
  -33.08833, 0.0008840948, 0.00080775191
  -33.08833, 0.0010491152, 0.00080775191
  -33.08833, 0.0004233132, 0.00080775191
  -33.08833, 0.0006660606, 0.00080775191
  -33.08833, 0.0009689966, 0.00080775191
  -33.08833, 0.000613844, 0.00080775191
  -33.08833, 0.0009084094, 0.00080775191
  -33.08833, 0.0003870406, 0.00080775191
  -33.081875, 0.0009151856, 0.00080864285
  -33.081875, 0.0007920182, 0.00080864285
  -33.081875, 0.0009092066, 0.00080864285
  -33.081875, 0.000741396, 0.00080864285
  -33.07542, 0.0006740326, 0.00080953419
  -33.07542, 0.0006473264, 0.00080953419
  -33.07542, 0.0010985416, 0.00080953419
  -33.07542, 0.0008286894, 0.00080953419
  -33.07542, 0.0005492708, 0.00080953419
  -33.07542, 0.0005628232, 0.00080953419
  -33.068965, 0.0010758214, 0.00081042593
  -33.068965, 0.0006329768, 0.00081042593
  -33.068965, 0.0009470736, 0.00081042593
  -33.068965, 0.00055804, 0.00081042593
  -33.068965, 0.001030381, 0.00081042593
  -33.068965, 0.0008199202, 0.00081042593
  -33.06251, 0.0011029262, 0.00081131808
  -33.06251, 0.0006190258, 0.00081131808
  -33.06251, 0.000721466, 0.00081131808
  -33.06251, 0.0009199688, 0.00081131808
  -33.06251, 0.000727445, 0.00081131808
  -33.06251, 0.0005990958, 0.00081131808
  -33.056055, 0.0007960042, 0.00081221062
  -33.056055, 0.0005094108, 0.00081221062
  -33.056055, 0.0005982986, 0.00081221062
  -33.056055, 0.0007940112, 0.00081221062
  -33.056055, 0.0008362628, 0.00081221062
  -33.056055, 0.0009064164, 0.00081221062
  -33.056055, 0.000653704, 0.00081221062
  -33.0496, 0.001130031, 0.00081310357
  -33.0496, 0.0006234104, 0.00081310357
  -33.0496, 0.0010212132, 0.00081310357
  -33.0496, 0.0009909196, 0.00081310357
  -33.0496, 0.0006911724, 0.00081310357
  -33.0496, 0.0008183258, 0.00081310357
  -33.0496, 0.0010893738, 0.00081310357
  -33.0496, 0.0006600816, 0.00081310357
  -33.0496, 0.000906815, 0.00081310357
  -33.043145, 0.0004093622, 0.00081399692
  -33.043145, 0.0005994944, 0.00081399692
  -33.043145, 0.0009502624, 0.00081399692
  -33.043145, 0.0010499124, 0.00081399692
  -33.043145, 0.0006269978, 0.00081399692
  -33.03669, 0.0006592844, 0.00081489066
  -33.03669, 0.0006808088, 0.00081489066
  -33.03669, 0.001153947, 0.00081489066
  -33.03669, 0.0008334726, 0.00081489066
  -33.03669, 0.0012021776, 0.00081489066
  -33.03669, 0.0010574858, 0.00081489066
  -33.03669, 0.0007724868, 0.00081489066
  -33.03669, 0.0006333754, 0.00081489066
  -33.03669, 0.0008378572, 0.00081489066
  -33.03669, 0.000599893, 0.00081489066
  -33.030235, 0.0010180244, 0.00081578481
  -33.030235, 0.0007218646, 0.00081578481
  -33.030235, 0.0004799144, 0.00081578481
  -33.02378, 0.0005508652, 0.00081667936
  -33.02378, 0.0012300796, 0.00081667936
  -33.02378, 0.0008880808, 0.00081667936
  -33.02378, 0.000504229, 0.00081667936
  -33.017325, 0.0011746742, 0.00081757431
  -33.017325, 0.0005787672, 0.00081757431
  -33.017325, 0.0012527998, 0.00081757431
  -33.017325, 0.0010295838, 0.00081757431
  -33.01087, 0.0005628232, 0.00081846966
  -33.01087, 0.0008502138, 0.00081846966
  -33.01087, 0.0012085552, 0.00081846966
  -33.01087, 0.0006545012, 0.00081846966
  -33.004415, 0.000918773, 0.00081936542
  -33.004415, 0.0007378086, 0.00081936542
  -32.99796, 0.0009199688, 0.00082026157
  -32.99796, 0.0008027804, 0.00082026157
  -32.99796, 0.0009462764, 0.00082026157
  -32.99796, 0.0007824518, 0.00082026157
  -32.991505, 0.001257583, 0.00082115812
  -32.991505, 0.0007728854, 0.00082115812
  -32.991505, 0.000645732, 0.00082115812
  -32.991505, 0.0002865934, 0.00082115812
  -32.991505, 0.0003635232, 0.00082115812
  -32.991505, 0.0005094108, 0.00082115812
  -32.991505, 0.0009741784, 0.00082115812
  -32.991505, 0.0008932626, 0.00082115812
  -32.991505, 0.0008063678, 0.00082115812
  -32.98505, 0.0009171786, 0.00082205508
  -32.98505, 0.001271534, 0.00082205508
  -32.98505, 0.0004675578, 0.00082205508
  -32.978595, 0.0007346198, 0.00082295243
  -32.978595, 0.0008406474, 0.00082295243
  -32.978595, 0.0009155842, 0.00082295243
  -32.978595, 0.000769298, 0.00082295243
  -32.978595, 0.0004839004, 0.00082295243
  -32.978595, 0.001014437, 0.00082295243
  -32.978595, 0.0007808574, 0.00082295243
  -32.978595, 0.0009733812, 0.00082295243
  -32.97214, 0.0010407446, 0.00082385018
  -32.97214, 0.001086185, 0.00082385018
  -32.97214, 0.000829088, 0.00082385018
  -32.97214, 0.0008007874, 0.00082385018
  -32.965685, 0.0008876822, 0.00082474834
  -32.965685, 0.0007788644, 0.00082474834
  -32.965685, 0.0008944584, 0.00082474834
  -32.965685, 0.0008522068, 0.00082474834
  -32.965685, 0.000962619, 0.00082474834
  -32.965685, 0.0009395002, 0.00082474834
  -32.965685, 0.0005843476, 0.00082474834
  -32.95923, 0.0008203188, 0.0008256469
  -32.95923, 0.0007999902, 0.0008256469
  -32.95923, 0.0005891308, 0.0008256469
  -32.95923, 0.0010415418, 0.0008256469
  -32.952775, 0.0008219132, 0.00082654585
  -32.952775, 0.0010088566, 0.00082654585
  -32.952775, 0.0005751798, 0.00082654585
  -32.952775, 0.001277513, 0.00082654585
  -32.94632, 0.0006194244, 0.00082744521
  -32.94632, 0.0011495624, 0.00082744521
  -32.94632, 0.0006808088, 0.00082744521
  -32.94632, 0.0006385572, 0.00082744521
  -32.94632, 0.000835067, 0.00082744521
  -32.94632, 0.0003683064, 0.00082744521
  -32.939865, 0.0006146412, 0.00082834497
  -32.939865, 0.0005695994, 0.00082834497
  -32.939865, 0.0006800116, 0.00082834497
  -32.939865, 0.0008075636, 0.00082834497
  -32.939865, 0.000769298, 0.00082834497
  -32.93341, 0.0011886252, 0.00082924512
  -32.93341, 0.0011651078, 0.00082924512
  -32.93341, 0.0007744798, 0.00082924512
  -32.93341, 0.000924752, 0.00082924512
  -32.93341, 0.0006931654, 0.00082924512
  -32.93341, 0.0007645148, 0.00082924512
  -32.93341, 0.000839053, 0.00082924512
  -32.926955, 0.001040346, 0.00083014568
  -32.926955, 0.0010295838, 0.00083014568
  -32.9205, 0.0006760256, 0.00083104664
  -32.9205, 0.00075734, 0.00083104664
  -32.9205, 0.0008039762, 0.00083104664
  -32.9205, 0.0007007388, 0.00083104664
  -32.9205, 0.0005815574, 0.00083104664
  -32.9205, 0.001030381, 0.00083104664
  -32.9205, 0.0005544526, 0.00083104664
  -32.9205, 0.0009243534, 0.00083104664
  -32.9205, 0.0004839004, 0.00083104664
  -32.914045, 0.0007908224, 0.00083194799
  -32.914045, 0.0008159342, 0.00083194799
  -32.914045, 0.0010913668, 0.00083194799
  -32.914045, 0.0008617732, 0.00083194799
  -32.914045, 0.000914787, 0.00083194799
  -32.90759, 0.0009953042, 0.00083284975
  -32.90759, 0.0008876822, 0.00083284975
  -32.90759, 0.000801186, 0.00083284975
  -32.90759, 0.0006851934, 0.00083284975
  -32.90759, 0.0010407446, 0.00083284975
  -32.901135, 0.0009315282, 0.00083375191
  -32.901135, 0.00077727, 0.00083375191
  -32.89468, 0.0009717868, 0.00083465447
  -32.89468, 0.0010893738, 0.00083465447
  -32.888225, 0.00061783, 0.00083555742
  -32.888225, 0.000675627, 0.00083555742
  -32.888225, 0.0009383044, 0.00083555742
  -32.888225, 0.000701536, 0.00083555742
  -32.888225, 0.0006222146, 0.00083555742
  -32.88177, 0.0008442348, 0.00083646078
  -32.875315, 0.0011631148, 0.00083736454
  -32.875315, 0.0008442348, 0.00083736454
  -32.85595, 0.0009542484, 0.00084007821
  -32.85595, 0.0007637176, 0.00084007821
  -32.85595, 0.0006242076, 0.00084007821
  -32.849495, 0.0008454306, 0.00084098356
  -32.84304, 0.0004811102, 0.00084188932
  -32.84304, 0.0009789616, 0.00084188932
  -32.84304, 0.001094157, 0.00084188932
  -32.836585, 0.0009462764, 0.00084279547
  -32.836585, 0.000938703, 0.00084279547
  -32.836585, 0.0006373614, 0.00084279547
  -32.836585, 0.0003710966, 0.00084279547
  -32.836585, 0.000980556, 0.00084279547
  -32.83013, 0.000878913, 0.00084370203
  -32.83013, 0.000892864, 0.00084370203
  -32.83013, 0.0005971028, 0.00084370203
  -32.823675, 0.0008258992, 0.00084460898
  -32.81722, 0.0004520124, 0.00084551633
  -32.810765, 0.0012045692, 0.00084642408
  -32.810765, 0.000779263, 0.00084642408
  -32.80431, 0.0008573886, 0.00084733223
  -32.80431, 0.0009681994, 0.00084733223
  -32.797855, 0.0008434376, 0.00084824078
  -32.7914, 0.0009793602, 0.00084914973
  -32.784945, 0.00061783, 0.00085005908
  -32.784945, 0.0006748298, 0.00085005908
  -32.77849, 0.0008019832, 0.00085096883
  -32.772035, 0.0010100524, 0.00085187897
  -32.772035, 0.0011627162, 0.00085187897
  -32.772035, 0.000747375, 0.00085187897
  -32.772035, 0.0006684522, 0.00085187897
  -32.76558, 0.0007581372, 0.00085278952
  -32.76558, 0.0009697938, 0.00085278952
  -32.759125, 0.0008342698, 0.00085370046
  -32.759125, 0.0009681994, 0.00085370046
  -32.75267, 0.0006369628, 0.0008546118
  -32.75267, 0.0008781158, 0.0008546118
  -32.75267, 0.0008657592, 0.0008546118
  -32.75267, 0.0010435348, 0.0008546118
  -32.746215, 0.00051818, 0.00085552354
  -32.746215, 0.0005723896, 0.00085552354
  -32.746215, 0.00073741, 0.00085552354
  -32.73976, 0.00063776, 0.00085643568
  -32.73976, 0.0008127454, 0.00085643568
  -32.73976, 0.0007964028, 0.00085643568
  -32.73976, 0.0008601788, 0.00085643568
  -32.73976, 0.0008613746, 0.00085643568
  -32.73976, 0.000781256, 0.00085643568
  -32.73976, 0.001084192, 0.00085643568
  -32.73976, 0.0006453334, 0.00085643568
  -32.73976, 0.000468355, 0.00085643568
  -32.733305, 0.0008964514, 0.00085734822
  -32.733305, 0.000799193, 0.00085734822
  -32.733305, 0.0006692494, 0.00085734822
  -32.733305, 0.000972584, 0.00085734822
  -32.733305, 0.0011388002, 0.00085734822
  -32.733305, 0.0008079622, 0.00085734822
  -32.72685, 0.0011527512, 0.00085826116
  -32.72685, 0.0008992416, 0.00085826116
  -32.72685, 0.0005935154, 0.00085826116
  -32.72685, 0.0009199688, 0.00085826116
  -32.72685, 0.0007302352, 0.00085826116
  -32.72685, 0.0006042776, 0.00085826116
  -32.72685, 0.0004213202, 0.00085826116
  -32.72685, 0.0012699396, 0.00085826116
  -32.72685, 0.000747375, 0.00085826116
  -32.720395, 0.0008904724, 0.00085917449
  -32.720395, 0.0009681994, 0.00085917449
  -32.720395, 0.001173877, 0.00085917449
  -32.720395, 0.0007170814, 0.00085917449
  -32.720395, 0.0010076608, 0.00085917449
  -32.720395, 0.0011746742, 0.00085917449
  -32.720395, 0.0009681994, 0.00085917449
  -32.720395, 0.0011057164, 0.00085917449
  -32.720395, 0.0008856892, 0.00085917449
  -32.720395, 0.001118073, 0.00085917449
  -32.720395, 0.0007382072, 0.00085917449
  -32.720395, 0.0005787672, 0.00085917449
  -32.71394, 0.0006828018, 0.00086008822
  -32.71394, 0.0010196188, 0.00086008822
  -32.71394, 0.00085699, 0.00086008822
  -32.71394, 0.0006473264, 0.00086008822
  -32.71394, 0.0007657106, 0.00086008822
  -32.71394, 0.0012049678, 0.00086008822
  -32.71394, 0.000950661, 0.00086008822
  -32.71394, 0.0009251506, 0.00086008822
  -32.71394, 0.00057797, 0.00086008822
  -32.707485, 0.000759333, 0.00086100235
  -32.707485, 0.0008454306, 0.00086100235
  -32.707485, 0.0008219132, 0.00086100235
  -32.707485, 0.001012444, 0.00086100235
  -32.707485, 0.000765312, 0.00086100235
  -32.707485, 0.0008183258, 0.00086100235
  -32.707485, 0.0008502138, 0.00086100235
  -32.707485, 0.0008506124, 0.00086100235
  -32.707485, 0.00097657, 0.00086100235
  -32.707485, 0.000789228, 0.00086100235
  -32.70103, 0.0009797588, 0.00086191688
  -32.70103, 0.0008717382, 0.00086191688
  -32.70103, 0.0011328212, 0.00086191688
  -32.70103, 0.0007685008, 0.00086191688
  -32.70103, 0.000994507, 0.00086191688
  -32.70103, 0.0006983472, 0.00086191688
  -32.694575, 0.001253597, 0.00086283181
  -32.694575, 0.0010132412, 0.00086283181
  -32.694575, 0.0006513124, 0.00086283181
  -32.694575, 0.0006979486, 0.00086283181
  -32.694575, 0.0006720396, 0.00086283181
  -32.694575, 0.0004886836, 0.00086283181
  -32.694575, 0.0006947598, 0.00086283181
  -32.694575, 0.0011415904, 0.00086283181
  -32.694575, 0.000799193, 0.00086283181
  -32.694575, 0.0007370114, 0.00086283181
  -32.694575, 0.0008737312, 0.00086283181
  -32.694575, 0.0013086038, 0.00086283181
  -32.68812, 0.000813144, 0.00086374713
  -32.68812, 0.000807165, 0.00086374713
  -32.68812, 0.0008526054, 0.00086374713
  -32.68812, 0.0010654578, 0.00086374713
  -32.68812, 0.0008227104, 0.00086374713
  -32.68812, 0.0007421932, 0.00086374713
  -32.68812, 0.0006106552, 0.00086374713
  -32.68812, 0.0009398988, 0.00086374713
  -32.68812, 0.0008940598, 0.00086374713
  -32.68812, 0.001054297, 0.00086374713
  -32.68812, 0.0010590802, 0.00086374713
  -32.68812, 0.000928738, 0.00086374713
  -32.68812, 0.0008195216, 0.00086374713
  -32.68812, 0.0006142426, 0.00086374713
  -32.68812, 0.0008545984, 0.00086374713
  -32.68812, 0.0008294866, 0.00086374713
  -32.68812, 0.0006564942, 0.00086374713
  -32.68812, 0.0008645634, 0.00086374713
  -32.68812, 0.001006465, 0.00086374713
  -32.681665, 0.0005831518, 0.00086466286
  -32.681665, 0.001006465, 0.00086466286
  -32.681665, 0.0011655064, 0.00086466286
  -32.681665, 0.0006309838, 0.00086466286
  -32.681665, 0.0007350184, 0.00086466286
  -32.681665, 0.0011555414, 0.00086466286
  -32.681665, 0.0011535484, 0.00086466286
  -32.681665, 0.0007509624, 0.00086466286
  -32.681665, 0.0010973458, 0.00086466286
  -32.681665, 0.0010519054, 0.00086466286
  -32.67521, 0.0008342698, 0.00086557898
  -32.67521, 0.0010060664, 0.00086557898
  -32.67521, 0.0008960528, 0.00086557898
  -32.67521, 0.0007964028, 0.00086557898
  -32.67521, 0.0009351156, 0.00086557898
  -32.67521, 0.0010040734, 0.00086557898
  -32.67521, 0.0007262492, 0.00086557898
  -32.67521, 0.0008458292, 0.00086557898
  -32.67521, 0.0011910168, 0.00086557898
  -32.67521, 0.000524159, 0.00086557898
  -32.67521, 0.0009781644, 0.00086557898
  -32.67521, 0.0008960528, 0.00086557898
  -32.67521, 0.0011045206, 0.00086557898
  -32.67521, 0.0009040248, 0.00086557898
  -32.67521, 0.0005532568, 0.00086557898
  -32.67521, 0.0010228076, 0.00086557898
  -32.67521, 0.000994507, 0.00086557898
  -32.67521, 0.0011567372, 0.00086557898
  -32.67521, 0.0008498152, 0.00086557898
  -32.67521, 0.000715487, 0.00086557898
  -32.67521, 0.0010279894, 0.00086557898
  -32.67521, 0.001114087, 0.00086557898
  -32.67521, 0.0006800116, 0.00086557898
  -32.668755, 0.0008940598, 0.0008664955
  -32.668755, 0.0009901224, 0.0008664955
  -32.668755, 0.0009968986, 0.0008664955
  -32.668755, 0.0010180244, 0.0008664955
  -32.668755, 0.000731431, 0.0008664955
  -32.668755, 0.0010989402, 0.0008664955
  -32.668755, 0.000845032, 0.0008664955
  -32.668755, 0.0009841434, 0.0008664955
  -32.668755, 0.0008793116, 0.0008664955
  -32.668755, 0.0007601302, 0.0008664955
  -32.668755, 0.0004500194, 0.0008664955
  -32.668755, 0.0009311296, 0.0008664955
  -32.668755, 0.000886885, 0.0008664955
  -32.668755, 0.0008761228, 0.0008664955
  -32.668755, 0.001086185, 0.0008664955
  -32.668755, 0.0009793602, 0.0008664955
  -32.6623, 0.0010180244, 0.00086741241
  -32.6623, 0.000908808, 0.00086741241
  -32.6623, 0.0010275908, 0.00086741241
  -32.6623, 0.0008478222, 0.00086741241
  -32.6623, 0.000884892, 0.00086741241
  -32.6623, 0.0009849406, 0.00086741241
  -32.6623, 0.0007820532, 0.00086741241
  -32.6623, 0.0008761228, 0.00086741241
  -32.6623, 0.0009319268, 0.00086741241
  -32.6623, 0.0008617732, 0.00086741241
  -32.6623, 0.0006194244, 0.00086741241
  -32.6623, 0.000669648, 0.00086741241
  -32.6623, 0.000841046, 0.00086741241
  -32.655845, 0.000932724, 0.00086832973
  -32.655845, 0.0010786116, 0.00086832973
  -32.655845, 0.0009642134, 0.00086832973
  -32.655845, 0.0006991444, 0.00086832973
  -32.655845, 0.0012125412, 0.00086832973
  -32.655845, 0.0006234104, 0.00086832973
  -32.655845, 0.0009275422, 0.00086832973
  -32.655845, 0.001118073, 0.00086832973
  -32.655845, 0.0009211646, 0.00086832973
  -32.655845, 0.0011388002, 0.00086832973
  -32.655845, 0.0011842406, 0.00086832973
  -32.655845, 0.0009968986, 0.00086832973
  -32.655845, 0.0006724382, 0.00086832973
  -32.655845, 0.0010036748, 0.00086832973
  -32.655845, 0.00087692, 0.00086832973
  -32.64939, 0.001124052, 0.00086924744
  -32.64939, 0.0007780672, 0.00086924744
  -32.64939, 0.000761326, 0.00086924744
  -32.64939, 0.0008593816, 0.00086924744
  -32.64939, 0.0007158856, 0.00086924744
  -32.64939, 0.0008840948, 0.00086924744
  -32.64939, 0.0011531498, 0.00086924744
  -32.64939, 0.0005456834, 0.00086924744
  -32.64939, 0.0008577872, 0.00086924744
  -32.64939, 0.0009458778, 0.00086924744
  -32.64939, 0.0006620746, 0.00086924744
  -32.64939, 0.000713494, 0.00086924744
  -32.64939, 0.0006413474, 0.00086924744
  -32.64939, 0.0005935154, 0.00086924744
  -32.64939, 0.0008984444, 0.00086924744
  -32.642935, 0.0010778144, 0.00087016555
  -32.642935, 0.0010192202, 0.00087016555
  -32.642935, 0.0008785144, 0.00087016555
  -32.642935, 0.0007685008, 0.00087016555
  -32.642935, 0.000685592, 0.00087016555
  -32.642935, 0.000763319, 0.00087016555
  -32.642935, 0.0008805074, 0.00087016555
  -32.642935, 0.0003539568, 0.00087016555
  -32.642935, 0.0008003888, 0.00087016555
  -32.642935, 0.000494264, 0.00087016555
  -32.642935, 0.0010160314, 0.00087016555
  -32.642935, 0.0008541998, 0.00087016555
  -32.642935, 0.0010327726, 0.00087016555
  -32.642935, 0.001068248, 0.00087016555
  -32.642935, 0.001050311, 0.00087016555
  -32.642935, 0.0013735756, 0.00087016555
  -32.63648, 0.0009602274, 0.00087108405
  -32.63648, 0.0009398988, 0.00087108405
  -32.63648, 0.0010905696, 0.00087108405
  -32.63648, 0.0008565914, 0.00087108405
  -32.63648, 0.0006309838, 0.00087108405
  -32.63648, 0.000924752, 0.00087108405
  -32.63648, 0.0007788644, 0.00087108405
  -32.63648, 0.0009454792, 0.00087108405
  -32.63648, 0.0009239548, 0.00087108405
  -32.63648, 0.000974577, 0.00087108405
  -32.63648, 0.0005903266, 0.00087108405
  -32.63648, 0.0006728368, 0.00087108405
  -32.63648, 0.0006664592, 0.00087108405
  -32.63648, 0.0008398502, 0.00087108405
  -32.63648, 0.0010259964, 0.00087108405
  -32.630025, 0.0006999416, 0.00087200296
  -32.630025, 0.0007629204, 0.00087200296
  -32.630025, 0.001062269, 0.00087200296
  -32.630025, 0.0010554928, 0.00087200296
  -32.630025, 0.0004213202, 0.00087200296
  -32.630025, 0.0004655648, 0.00087200296
  -32.630025, 0.0013484638, 0.00087200296
  -32.630025, 0.001094157, 0.00087200296
  -32.630025, 0.0006102566, 0.00087200296
  -32.630025, 0.0009474722, 0.00087200296
  -32.630025, 0.000831081, 0.00087200296
  -32.630025, 0.0009414932, 0.00087200296
  -32.630025, 0.0009502624, 0.00087200296
  -32.630025, 0.0008872836, 0.00087200296
  -32.630025, 0.0008255006, 0.00087200296
  -32.630025, 0.000898843, 0.00087200296
  -32.62357, 0.0010973458, 0.00087292226
  -32.62357, 0.000854997, 0.00087292226
  -32.62357, 0.001024402, 0.00087292226
  -32.62357, 0.0006608788, 0.00087292226
  -32.62357, 0.0011603246, 0.00087292226
  -32.62357, 0.000926745, 0.00087292226
  -32.62357, 0.0010786116, 0.00087292226
  -32.62357, 0.0007509624, 0.00087292226
  -32.62357, 0.0011595274, 0.00087292226
  -32.62357, 0.0009550456, 0.00087292226
  -32.62357, 0.0012747228, 0.00087292226
  -32.62357, 0.0008223118, 0.00087292226
  -32.62357, 0.0012671494, 0.00087292226
  -32.62357, 0.001044332, 0.00087292226
  -32.617115, 0.0008785144, 0.00087384196
  -32.617115, 0.0009757728, 0.00087384196
  -32.617115, 0.0008876822, 0.00087384196
  -32.617115, 0.0009594302, 0.00087384196
  -32.617115, 0.0013404918, 0.00087384196
  -32.617115, 0.0011356114, 0.00087384196
  -32.617115, 0.000633774, 0.00087384196
  -32.617115, 0.0009299338, 0.00087384196
  -32.617115, 0.0011057164, 0.00087384196
  -32.617115, 0.0006349698, 0.00087384196
  -32.617115, 0.0009881294, 0.00087384196
  -32.617115, 0.0007138926, 0.00087384196
  -32.617115, 0.000892864, 0.00087384196
  -32.617115, 0.000655697, 0.00087384196
  -32.617115, 0.00081713, 0.00087384196
  -32.617115, 0.0011886252, 0.00087384196
  -32.617115, 0.0007796616, 0.00087384196
  -32.617115, 0.0008725354, 0.00087384196
  -32.617115, 0.0007206688, 0.00087384196
  -32.61066, 0.0008920668, 0.00087476205
  -32.61066, 0.0006194244, 0.00087476205
  -32.61066, 0.0011272408, 0.00087476205
  -32.61066, 0.0010387516, 0.00087476205
  -32.61066, 0.0008581858, 0.00087476205
  -32.61066, 0.0007972, 0.00087476205
  -32.61066, 0.000898843, 0.00087476205
  -32.61066, 0.0007122982, 0.00087476205
  -32.61066, 0.0010036748, 0.00087476205
  -32.61066, 0.0009311296, 0.00087476205
  -32.61066, 0.0007617246, 0.00087476205
  -32.61066, 0.000928738, 0.00087476205
  -32.61066, 0.0008932626, 0.00087476205
  -32.61066, 0.000591921, 0.00087476205
  -32.61066, 0.000825102, 0.00087476205
  -32.61066, 0.0009163814, 0.00087476205
  -32.61066, 0.001177863, 0.00087476205
  -32.61066, 0.0008526054, 0.00087476205
  -32.61066, 0.0005927182, 0.00087476205
  -32.61066, 0.000562026, 0.00087476205
  -32.61066, 0.0006991444, 0.00087476205
  -32.61066, 0.0007425918, 0.00087476205
  -32.61066, 0.0014804004, 0.00087476205
  -32.61066, 0.0003938168, 0.00087476205
  -32.61066, 0.0010686466, 0.00087476205
  -32.604205, 0.0008840948, 0.00087568255
  -32.604205, 0.0011643106, 0.00087568255
  -32.604205, 0.0007864378, 0.00087568255
  -32.604205, 0.001026395, 0.00087568255
  -32.604205, 0.0008282908, 0.00087568255
  -32.604205, 0.0011631148, 0.00087568255
  -32.604205, 0.0005867392, 0.00087568255
  -32.604205, 0.0009239548, 0.00087568255
  -32.604205, 0.0007246548, 0.00087568255
  -32.604205, 0.0007122982, 0.00087568255
  -32.604205, 0.0012053664, 0.00087568255
  -32.604205, 0.0009319268, 0.00087568255
  -32.604205, 0.0009255492, 0.00087568255
  -32.604205, 0.001012444, 0.00087568255
  -32.59775, 0.0011244506, 0.00087660343
  -32.59775, 0.00107622, 0.00087660343
  -32.59775, 0.001112094, 0.00087660343
  -32.59775, 0.0006226132, 0.00087660343
  -32.59775, 0.0008856892, 0.00087660343
  -32.59775, 0.0006226132, 0.00087660343
  -32.59775, 0.0007601302, 0.00087660343
  -32.59775, 0.000556047, 0.00087660343
  -32.59775, 0.0006963542, 0.00087660343
  -32.59775, 0.0012189188, 0.00087660343
  -32.59775, 0.000669648, 0.00087660343
  -32.59775, 0.0011045206, 0.00087660343
  -32.59775, 0.0014245964, 0.00087660343
  -32.59775, 0.0009737798, 0.00087660343
  -32.59775, 0.0009853392, 0.00087660343
  -32.59775, 0.0007928154, 0.00087660343
  -32.59775, 0.0008115496, 0.00087660343
  -32.59775, 0.0011850378, 0.00087660343
  -32.59775, 0.0007995916, 0.00087660343
  -32.59775, 0.0008262978, 0.00087660343
  -32.591295, 0.0010475208, 0.00087752472
  -32.591295, 0.0009502624, 0.00087752472
  -32.591295, 0.0007047248, 0.00087752472
  -32.591295, 0.0010060664, 0.00087752472
  -32.591295, 0.001010451, 0.00087752472
  -32.591295, 0.0009223604, 0.00087752472
  -32.591295, 0.0010180244, 0.00087752472
  -32.591295, 0.0008067664, 0.00087752472
  -32.591295, 0.0008203188, 0.00087752472
  -32.591295, 0.0008103538, 0.00087752472
  -32.591295, 0.000813144, 0.00087752472
  -32.591295, 0.0005731868, 0.00087752472
  -32.591295, 0.001132024, 0.00087752472
  -32.591295, 0.000994507, 0.00087752472
  -32.591295, 0.0010052692, 0.00087752472
  -32.591295, 0.001167898, 0.00087752472
  -32.591295, 0.00069755, 0.00087752472
  -32.591295, 0.0007605288, 0.00087752472
  -32.591295, 0.0008474236, 0.00087752472
  -32.591295, 0.0008227104, 0.00087752472
  -32.591295, 0.0006409488, 0.00087752472
  -32.591295, 0.001024402, 0.00087752472
  -32.591295, 0.0008422418, 0.00087752472
  -32.591295, 0.0009044234, 0.00087752472
  -32.591295, 0.0008175286, 0.00087752472
  -32.591295, 0.0007505638, 0.00087752472
  -32.591295, 0.0011104996, 0.00087752472
  -32.591295, 0.0008697452, 0.00087752472
  -32.58484, 0.0008561928, 0.0008784464
  -32.58484, 0.001313387, 0.0008784464
  -32.58484, 0.0006086622, 0.0008784464
  -32.58484, 0.0006429418, 0.0008784464
  -32.58484, 0.0010678494, 0.0008784464
  -32.58484, 0.0012081566, 0.0008784464
  -32.58484, 0.0009992902, 0.0008784464
  -32.58484, 0.000853004, 0.0008784464
  -32.58484, 0.0008900738, 0.0008784464
  -32.58484, 0.0006792144, 0.0008784464
  -32.58484, 0.001128038, 0.0008784464
  -32.58484, 0.0009769686, 0.0008784464
  -32.58484, 0.0009494652, 0.0008784464
  -32.58484, 0.0013508554, 0.0008784464
  -32.58484, 0.0009721854, 0.0008784464
  -32.58484, 0.0010008846, 0.0008784464
  -32.58484, 0.0007768714, 0.0008784464
  -32.58484, 0.0009430876, 0.0008784464
  -32.58484, 0.0009658078, 0.0008784464
  -32.578385, 0.00069755, 0.00087936848
  -32.578385, 0.0008817032, 0.00087936848
  -32.578385, 0.001313387, 0.00087936848
  -32.578385, 0.0007979972, 0.00087936848
  -32.578385, 0.0006584872, 0.00087936848
  -32.578385, 0.0007549484, 0.00087936848
  -32.578385, 0.00081713, 0.00087936848
  -32.578385, 0.0007445848, 0.00087936848
  -32.578385, 0.0008565914, 0.00087936848
  -32.578385, 0.000845032, 0.00087936848
  -32.578385, 0.0009857378, 0.00087936848
  -32.578385, 0.0009674022, 0.00087936848
  -32.578385, 0.0007681022, 0.00087936848
  -32.578385, 0.0007258506, 0.00087936848
  -32.578385, 0.0004571942, 0.00087936848
  -32.578385, 0.0010594788, 0.00087936848
  -32.578385, 0.0011862336, 0.00087936848
  -32.578385, 0.0008821018, 0.00087936848
  -32.578385, 0.000799193, 0.00087936848
  -32.578385, 0.0007904238, 0.00087936848
  -32.578385, 0.001247618, 0.00087936848
  -32.578385, 0.000815137, 0.00087936848
  -32.578385, 0.0009422904, 0.00087936848
  -32.578385, 0.0006704452, 0.00087936848
  -32.578385, 0.0009921154, 0.00087936848
  -32.578385, 0.0008402488, 0.00087936848
  -32.578385, 0.0008733326, 0.00087936848
  -32.578385, 0.000908808, 0.00087936848
  -32.578385, 0.0007019346, 0.00087936848
  -32.578385, 0.0010973458, 0.00087936848
  -32.57193, 0.0011690938, 0.00088029096
  -32.57193, 0.0004149426, 0.00088029096
  -32.57193, 0.000785242, 0.00088029096
  -32.57193, 0.0009056192, 0.00088029096
  -32.57193, 0.0010196188, 0.00088029096
  -32.57193, 0.0009434862, 0.00088029096
  -32.57193, 0.0006748298, 0.00088029096
  -32.57193, 0.0010969472, 0.00088029096
  -32.57193, 0.0011391988, 0.00088029096
  -32.57193, 0.0009303324, 0.00088029096
  -32.57193, 0.0008414446, 0.00088029096
  -32.57193, 0.0010786116, 0.00088029096
  -32.57193, 0.0010439334, 0.00088029096
  -32.57193, 0.0009829476, 0.00088029096
  -32.57193, 0.0006847948, 0.00088029096
  -32.57193, 0.0011682966, 0.00088029096
  -32.57193, 0.0008697452, 0.00088029096
  -32.57193, 0.0006967528, 0.00088029096
  -32.57193, 0.0005692008, 0.00088029096
  -32.57193, 0.0011722826, 0.00088029096
  -32.57193, 0.0008207174, 0.00088029096
  -32.57193, 0.000723459, 0.00088029096
  -32.57193, 0.00103636, 0.00088029096
  -32.57193, 0.0008466264, 0.00088029096
  -32.57193, 0.0010180244, 0.00088029096
  -32.57193, 0.0007768714, 0.00088029096
  -32.57193, 0.0006413474, 0.00088029096
  -32.57193, 0.0006704452, 0.00088029096
  -32.57193, 0.0007071164, 0.00088029096
  -32.57193, 0.0011491638, 0.00088029096
  -32.57193, 0.0010096538, 0.00088029096
  -32.57193, 0.0009434862, 0.00088029096
  -32.57193, 0.0011192688, 0.00088029096
  -32.57193, 0.0005648162, 0.00088029096
  -32.57193, 0.0009554442, 0.00088029096
  -32.57193, 0.0008314796, 0.00088029096
  -32.57193, 0.0007756756, 0.00088029096
  -32.57193, 0.0007071164, 0.00088029096
  -32.57193, 0.0009056192, 0.00088029096
  -32.565475, 0.000803179, 0.00088121383
  -32.565475, 0.001050311, 0.00088121383
  -32.565475, 0.0005684036, 0.00088121383
  -32.565475, 0.0011973944, 0.00088121383
  -32.565475, 0.000759333, 0.00088121383
  -32.565475, 0.0006867878, 0.00088121383
  -32.565475, 0.0007629204, 0.00088121383
  -32.565475, 0.0007788644, 0.00088121383
  -32.565475, 0.000978563, 0.00088121383
  -32.565475, 0.000711501, 0.00088121383
  -32.565475, 0.001014437, 0.00088121383
  -32.565475, 0.0011136884, 0.00088121383
  -32.565475, 0.0006230118, 0.00088121383
  -32.565475, 0.0005887322, 0.00088121383
  -32.565475, 0.0005030332, 0.00088121383
  -32.565475, 0.0005245576, 0.00088121383
  -32.565475, 0.0009052206, 0.00088121383
  -32.565475, 0.0006034804, 0.00088121383
  -32.565475, 0.000761326, 0.00088121383
  -32.565475, 0.001060276, 0.00088121383
  -32.565475, 0.0005811588, 0.00088121383
  -32.565475, 0.0008844934, 0.00088121383
  -32.565475, 0.000986535, 0.00088121383
  -32.565475, 0.0008717382, 0.00088121383
  -32.565475, 0.0009323254, 0.00088121383
  -32.565475, 0.001151954, 0.00088121383
  -32.565475, 0.0004288936, 0.00088121383
  -32.565475, 0.000683599, 0.00088121383
  -32.565475, 0.0010594788, 0.00088121383
  -32.565475, 0.0009769686, 0.00088121383
  -32.565475, 0.0007972, 0.00088121383
  -32.55902, 0.0010136398, 0.0008821371
  -32.55902, 0.0007661092, 0.0008821371
  -32.55902, 0.0006800116, 0.0008821371
  -32.55902, 0.0009056192, 0.0008821371
  -32.55902, 0.0009235562, 0.0008821371
  -32.55902, 0.0006879836, 0.0008821371
  -32.55902, 0.0012878766, 0.0008821371
  -32.55902, 0.0008203188, 0.0008821371
  -32.55902, 0.0007848434, 0.0008821371
  -32.55902, 0.0007900252, 0.0008821371
  -32.55902, 0.0009498638, 0.0008821371
  -32.55902, 0.0009454792, 0.0008821371
  -32.55902, 0.0010427376, 0.0008821371
  -32.55902, 0.0006214174, 0.0008821371
  -32.55902, 0.0005823546, 0.0008821371
  -32.55902, 0.0012221076, 0.0008821371
  -32.55902, 0.0009861364, 0.0008821371
  -32.55902, 0.0008095566, 0.0008821371
  -32.55902, 0.0010957514, 0.0008821371
  -32.55902, 0.0007342212, 0.0008821371
  -32.55902, 0.0007031304, 0.0008821371
  -32.55902, 0.00101643, 0.0008821371
  -32.55902, 0.000980556, 0.0008821371
  -32.55902, 0.0005664106, 0.0008821371
  -32.55902, 0.000556047, 0.0008821371
  -32.55902, 0.001112094, 0.0008821371
  -32.55902, 0.001008458, 0.0008821371
  -32.55902, 0.0009869336, 0.0008821371
  -32.55902, 0.0010527026, 0.0008821371
  -32.55902, 0.0008737312, 0.0008821371
  -32.55902, 0.0005963056, 0.0008821371
  -32.55902, 0.0005608302, 0.0008821371
  -32.55902, 0.0007704938, 0.0008821371
  -32.55902, 0.0009873322, 0.0008821371
  -32.55902, 0.0006760256, 0.0008821371
  -32.55902, 0.00065769, 0.0008821371
  -32.55902, 0.0007688994, 0.0008821371
  -32.55902, 0.0010351642, 0.0008821371
  -32.55902, 0.001305415, 0.0008821371
  -32.55902, 0.000799193, 0.0008821371
  -32.55902, 0.0007481722, 0.0008821371
  -32.55902, 0.0008980458, 0.0008821371
  -32.55902, 0.0012464222, 0.0008821371
  -32.55902, 0.0006545012, 0.0008821371
  -32.55902, 0.0006054734, 0.0008821371
  -32.55902, 0.0008183258, 0.0008821371
  -32.55902, 0.0008227104, 0.0008821371
  -32.55902, 0.0008438362, 0.0008821371
  -32.55902, 0.0008023818, 0.0008821371
  -32.55902, 0.0007700952, 0.0008821371
  -32.55902, 0.001090171, 0.0008821371
  -32.55902, 0.0009363114, 0.0008821371
  -32.55902, 0.001165905, 0.0008821371
  -32.552565, 0.0009877308, 0.00088306077
  -32.552565, 0.0011192688, 0.00088306077
  -32.552565, 0.0010594788, 0.00088306077
  -32.552565, 0.0008864864, 0.00088306077
  -32.552565, 0.0008585844, 0.00088306077
  -32.552565, 0.0011196674, 0.00088306077
  -32.552565, 0.0007736826, 0.00088306077
  -32.552565, 0.0008087594, 0.00088306077
  -32.552565, 0.001088178, 0.00088306077
  -32.552565, 0.0007641162, 0.00088306077
  -32.552565, 0.001086185, 0.00088306077
  -32.552565, 0.00091678, 0.00088306077
  -32.552565, 0.001259576, 0.00088306077
  -32.552565, 0.0010255978, 0.00088306077
  -32.552565, 0.0010108496, 0.00088306077
  -32.552565, 0.0006987458, 0.00088306077
  -32.552565, 0.0007999902, 0.00088306077
  -32.552565, 0.0008506124, 0.00088306077
  -32.552565, 0.001014437, 0.00088306077
  -32.552565, 0.0010180244, 0.00088306077
  -32.552565, 0.0008996402, 0.00088306077
  -32.552565, 0.0007477736, 0.00088306077
  -32.552565, 0.000548075, 0.00088306077
  -32.552565, 0.0012958486, 0.00088306077
  -32.552565, 0.0008023818, 0.00088306077
  -32.552565, 0.0012663522, 0.00088306077
  -32.552565, 0.0006891794, 0.00088306077
  -32.552565, 0.0009761714, 0.00088306077
  -32.552565, 0.0010646606, 0.00088306077
  -32.552565, 0.0010275908, 0.00088306077
  -32.552565, 0.0010176258, 0.00088306077
  -32.552565, 0.0009072136, 0.00088306077
  -32.552565, 0.000807165, 0.00088306077
  -32.552565, 0.000900836, 0.00088306077
  -32.54611, 0.0007617246, 0.00088398483
  -32.54611, 0.0005915224, 0.00088398483
  -32.54611, 0.0008996402, 0.00088398483
  -32.54611, 0.0010774158, 0.00088398483
  -32.54611, 0.0004914738, 0.00088398483
  -32.54611, 0.0015577288, 0.00088398483
  -32.54611, 0.0008075636, 0.00088398483
  -32.54611, 0.0008095566, 0.00088398483
  -32.54611, 0.0009761714, 0.00088398483
  -32.54611, 0.000566012, 0.00088398483
  -32.54611, 0.0012484152, 0.00088398483
  -32.54611, 0.0005931168, 0.00088398483
  -32.54611, 0.0006664592, 0.00088398483
  -32.54611, 0.0010200174, 0.00088398483
  -32.54611, 0.0010507096, 0.00088398483
  -32.54611, 0.0012193174, 0.00088398483
  -32.54611, 0.0007405988, 0.00088398483
  -32.54611, 0.000562026, 0.00088398483
  -32.54611, 0.0009339198, 0.00088398483
  -32.54611, 0.0007828504, 0.00088398483
  -32.54611, 0.0009391016, 0.00088398483
  -32.54611, 0.0011567372, 0.00088398483
  -32.54611, 0.0013648064, 0.00088398483
  -32.54611, 0.0007039276, 0.00088398483
  -32.54611, 0.000984542, 0.00088398483
  -32.54611, 0.000841046, 0.00088398483
  -32.54611, 0.0010495138, 0.00088398483
  -32.54611, 0.0009514582, 0.00088398483
  -32.54611, 0.000647725, 0.00088398483
  -32.54611, 0.0008761228, 0.00088398483
  -32.54611, 0.00109615, 0.00088398483
  -32.54611, 0.001149961, 0.00088398483
  -32.54611, 0.0009410946, 0.00088398483
  -32.54611, 0.0007880322, 0.00088398483
  -32.54611, 0.0009602274, 0.00088398483
  -32.54611, 0.0008534026, 0.00088398483
  -32.54611, 0.0009036262, 0.00088398483
  -32.54611, 0.0007597316, 0.00088398483
  -32.54611, 0.0013105968, 0.00088398483
  -32.54611, 0.0008103538, 0.00088398483
  -32.54611, 0.001319366, 0.00088398483
  -32.54611, 0.0007589344, 0.00088398483
  -32.54611, 0.0008593816, 0.00088398483
  -32.54611, 0.0007166828, 0.00088398483
  -32.539655, 0.0008107524, 0.00088490929
  -32.539655, 0.0013628134, 0.00088490929
  -32.539655, 0.0007908224, 0.00088490929
  -32.539655, 0.0010610732, 0.00088490929
  -32.539655, 0.0007716896, 0.00088490929
  -32.539655, 0.0012069608, 0.00088490929
  -32.539655, 0.0011451778, 0.00088490929
  -32.539655, 0.000625802, 0.00088490929
  -32.539655, 0.0009235562, 0.00088490929
  -32.539655, 0.0009020318, 0.00088490929
  -32.539655, 0.0010590802, 0.00088490929
  -32.539655, 0.0009131926, 0.00088490929
  -32.539655, 0.0009662064, 0.00088490929
  -32.539655, 0.0009032276, 0.00088490929
  -32.539655, 0.0008159342, 0.00088490929
  -32.539655, 0.0011750728, 0.00088490929
  -32.539655, 0.0009056192, 0.00088490929
  -32.539655, 0.00077727, 0.00088490929
  -32.539655, 0.0009203674, 0.00088490929
  -32.539655, 0.0007708924, 0.00088490929
  -32.539655, 0.0006509138, 0.00088490929
  -32.539655, 0.000819123, 0.00088490929
  -32.539655, 0.0006413474, 0.00088490929
  -32.539655, 0.0005632218, 0.00088490929
  -32.539655, 0.0009255492, 0.00088490929
  -32.539655, 0.000922759, 0.00088490929
  -32.539655, 0.0004520124, 0.00088490929
  -32.539655, 0.000569998, 0.00088490929
  -32.539655, 0.0009159828, 0.00088490929
  -32.539655, 0.001124052, 0.00088490929
  -32.539655, 0.0008286894, 0.00088490929
  -32.539655, 0.0007150884, 0.00088490929
  -32.539655, 0.0009550456, 0.00088490929
  -32.539655, 0.0006094594, 0.00088490929
  -32.539655, 0.0009151856, 0.00088490929
  -32.539655, 0.0007485708, 0.00088490929
  -32.539655, 0.0008777172, 0.00088490929
  -32.539655, 0.0006999416, 0.00088490929
  -32.539655, 0.000659683, 0.00088490929
  -32.5332, 0.00089685, 0.00088583414
  -32.5332, 0.0009494652, 0.00088583414
  -32.5332, 0.000735417, 0.00088583414
  -32.5332, 0.0009283394, 0.00088583414
  -32.5332, 0.001058283, 0.00088583414
  -32.5332, 0.0009996888, 0.00088583414
  -32.5332, 0.0009849406, 0.00088583414
  -32.5332, 0.0012073594, 0.00088583414
  -32.5332, 0.0010108496, 0.00088583414
  -32.5332, 0.0010586816, 0.00088583414
  -32.5332, 0.0012185202, 0.00088583414
  -32.5332, 0.000649718, 0.00088583414
  -32.5332, 0.0012093524, 0.00088583414
  -32.5332, 0.0006285922, 0.00088583414
  -32.5332, 0.001239646, 0.00088583414
  -32.5332, 0.0008817032, 0.00088583414
  -32.5332, 0.000853004, 0.00088583414
  -32.5332, 0.0010168286, 0.00088583414
  -32.5332, 0.0010216118, 0.00088583414
  -32.5332, 0.0011156814, 0.00088583414
  -32.5332, 0.0008386544, 0.00088583414
  -32.5332, 0.0006824032, 0.00088583414
  -32.5332, 0.00069755, 0.00088583414
  -32.5332, 0.0005389072, 0.00088583414
  -32.5332, 0.0008286894, 0.00088583414
  -32.5332, 0.0008278922, 0.00088583414
  -32.5332, 0.0007645148, 0.00088583414
  -32.5332, 0.0008007874, 0.00088583414
  -32.5332, 0.0007601302, 0.00088583414
  -32.5332, 0.0010511082, 0.00088583414
  -32.5332, 0.0008286894, 0.00088583414
  -32.5332, 0.001317373, 0.00088583414
  -32.526745, 0.0011623176, 0.00088675939
  -32.526745, 0.0012599746, 0.00088675939
  -32.526745, 0.0012579816, 0.00088675939
  -32.526745, 0.000769298, 0.00088675939
  -32.526745, 0.0010738284, 0.00088675939
  -32.526745, 0.0007398016, 0.00088675939
  -32.526745, 0.000645732, 0.00088675939
  -32.526745, 0.0010538984, 0.00088675939
  -32.526745, 0.0009004374, 0.00088675939
  -32.526745, 0.0006162356, 0.00088675939
  -32.526745, 0.0008538012, 0.00088675939
  -32.526745, 0.0005106066, 0.00088675939
  -32.526745, 0.0010770172, 0.00088675939
  -32.526745, 0.0010798074, 0.00088675939
  -32.526745, 0.0009996888, 0.00088675939
  -32.526745, 0.0006190258, 0.00088675939
  -32.526745, 0.0015242464, 0.00088675939
  -32.526745, 0.0009574372, 0.00088675939
  -32.526745, 0.0011312268, 0.00088675939
  -32.526745, 0.0008418432, 0.00088675939
  -32.526745, 0.0011403946, 0.00088675939
  -32.526745, 0.0007405988, 0.00088675939
  -32.526745, 0.0013863308, 0.00088675939
  -32.526745, 0.0007537526, 0.00088675939
  -32.526745, 0.0010467236, 0.00088675939
  -32.526745, 0.0007948084, 0.00088675939
  -32.526745, 0.0009992902, 0.00088675939
  -32.526745, 0.0008195216, 0.00088675939
  -32.526745, 0.0007457806, 0.00088675939
  -32.526745, 0.0008840948, 0.00088675939
  -32.526745, 0.0008262978, 0.00088675939
  -32.52029, 0.0008685494, 0.00088768504
  -32.52029, 0.001030381, 0.00088768504
  -32.52029, 0.0006421446, 0.00088768504
  -32.52029, 0.0006608788, 0.00088768504
  -32.52029, 0.0012109468, 0.00088768504
  -32.52029, 0.0011547442, 0.00088768504
  -32.52029, 0.000984542, 0.00088768504
  -32.52029, 0.0010758214, 0.00088768504
  -32.52029, 0.001084192, 0.00088768504
  -32.52029, 0.0009391016, 0.00088768504
  -32.52029, 0.0011547442, 0.00088768504
  -32.52029, 0.001062269, 0.00088768504
  -32.52029, 0.000480313, 0.00088768504
  -32.513835, 0.0006433404, 0.00088861108
  -32.513835, 0.001211744, 0.00088861108
  -32.513835, 0.0009965, 0.00088861108
  -32.513835, 0.0007330254, 0.00088861108
  -32.513835, 0.000404579, 0.00088861108
  -32.513835, 0.000623809, 0.00088861108
  -32.513835, 0.0008454306, 0.00088861108
  -32.513835, 0.0005891308, 0.00088861108
  -32.513835, 0.0010319754, 0.00088861108
  -32.513835, 0.0010925626, 0.00088861108
  -32.513835, 0.0009211646, 0.00088861108
  -32.513835, 0.0009965, 0.00088861108
  -32.513835, 0.0010016818, 0.00088861108
  -32.513835, 0.000958633, 0.00088861108
  -32.513835, 0.000994507, 0.00088861108
  -32.513835, 0.0007995916, 0.00088861108
  -32.513835, 0.000934717, 0.00088861108
  -32.513835, 0.000715487, 0.00088861108
  -32.513835, 0.0009789616, 0.00088861108
  -32.513835, 0.0008832976, 0.00088861108
  -32.513835, 0.0012252964, 0.00088861108
  -32.513835, 0.000829088, 0.00088861108
  -32.513835, 0.0011172758, 0.00088861108
  -32.513835, 0.0008860878, 0.00088861108
  -32.513835, 0.000922759, 0.00088861108
  -32.513835, 0.0004858934, 0.00088861108
  -32.513835, 0.000683599, 0.00088861108
  -32.50738, 0.000841046, 0.00088953752
  -32.50738, 0.0009976958, 0.00088953752
  -32.50738, 0.0012061636, 0.00088953752
  -32.50738, 0.0009291366, 0.00088953752
  -32.50738, 0.0005293408, 0.00088953752
  -32.50738, 0.0009359128, 0.00088953752
  -32.50738, 0.0008019832, 0.00088953752
  -32.50738, 0.001000486, 0.00088953752
  -32.50738, 0.0005855434, 0.00088953752
  -32.50738, 0.000974577, 0.00088953752
  -32.50738, 0.0009634162, 0.00088953752
  -32.50738, 0.0008657592, 0.00088953752
  -32.50738, 0.0007557456, 0.00088953752
  -32.50738, 0.0008358642, 0.00088953752
  -32.50738, 0.0008123468, 0.00088953752
  -32.50738, 0.0011128912, 0.00088953752
  -32.50738, 0.0011882266, 0.00088953752
  -32.50738, 0.0007091094, 0.00088953752
  -32.50738, 0.001141989, 0.00088953752
  -32.50738, 0.000851011, 0.00088953752
  -32.50738, 0.0007210674, 0.00088953752
  -32.50738, 0.0007928154, 0.00088953752
  -32.500925, 0.0007525568, 0.00089046436
  -32.500925, 0.0004348726, 0.00089046436
  -32.500925, 0.000986535, 0.00089046436
  -32.500925, 0.0007489694, 0.00089046436
  -32.500925, 0.001020416, 0.00089046436
  -32.500925, 0.0008007874, 0.00089046436
  -32.500925, 0.000908808, 0.00089046436
  -32.500925, 0.000823109, 0.00089046436
  -32.500925, 0.000928738, 0.00089046436
  -32.500925, 0.0009422904, 0.00089046436
  -32.500925, 0.000966605, 0.00089046436
  -32.500925, 0.0010088566, 0.00089046436
  -32.500925, 0.001102129, 0.00089046436
  -32.500925, 0.0004934668, 0.00089046436
  -32.500925, 0.0008924654, 0.00089046436
  -32.500925, 0.0009502624, 0.00089046436
  -32.49447, 0.0005393058, 0.00089139158
  -32.49447, 0.0008338712, 0.00089139158
  -32.49447, 0.000854997, 0.00089139158
  -32.49447, 0.0007489694, 0.00089139158
  -32.49447, 0.0011742756, 0.00089139158
  -32.49447, 0.0013388974, 0.00089139158
  -32.49447, 0.0010786116, 0.00089139158
  -32.49447, 0.0007417946, 0.00089139158
  -32.49447, 0.0011252478, 0.00089139158
  -32.49447, 0.0009474722, 0.00089139158
  -32.49447, 0.0006453334, 0.00089139158
  -32.49447, 0.001249611, 0.00089139158
  -32.49447, 0.0010558914, 0.00089139158
  -32.49447, 0.000805172, 0.00089139158
  -32.488015, 0.000745382, 0.00089231921
  -32.488015, 0.001231674, 0.00089231921
  -32.488015, 0.000486292, 0.00089231921
  -32.488015, 0.0008482208, 0.00089231921
  -32.488015, 0.0010387516, 0.00089231921
  -32.488015, 0.0008195216, 0.00089231921
  -32.488015, 0.000872934, 0.00089231921
  -32.488015, 0.0009155842, 0.00089231921
  -32.488015, 0.0009096052, 0.00089231921
  -32.488015, 0.0012603732, 0.00089231921
  -32.488015, 0.0008055706, 0.00089231921
  -32.488015, 0.0006572914, 0.00089231921
  -32.488015, 0.000888878, 0.00089231921
  -32.488015, 0.000446432, 0.00089231921
  -32.488015, 0.0008227104, 0.00089231921
  -32.488015, 0.000878913, 0.00089231921
  -32.488015, 0.000683599, 0.00089231921
  -32.488015, 0.0009753742, 0.00089231921
  -32.48156, 0.0010873808, 0.00089324723
  -32.48156, 0.0012890724, 0.00089324723
  -32.48156, 0.000645732, 0.00089324723
  -32.48156, 0.000980556, 0.00089324723
  -32.48156, 0.000629788, 0.00089324723
  -32.48156, 0.0007744798, 0.00089324723
  -32.48156, 0.0007477736, 0.00089324723
  -32.48156, 0.0013042192, 0.00089324723
  -32.48156, 0.0006967528, 0.00089324723
  -32.48156, 0.0008187244, 0.00089324723
  -32.48156, 0.0009414932, 0.00089324723
  -32.48156, 0.0007685008, 0.00089324723
  -32.475105, 0.000906815, 0.00089417565
  -32.475105, 0.0006971514, 0.00089417565
  -32.475105, 0.000603879, 0.00089417565
  -32.475105, 0.0005185786, 0.00089417565
  -32.475105, 0.0007577386, 0.00089417565
  -32.475105, 0.0011834434, 0.00089417565
  -32.475105, 0.0010072622, 0.00089417565
  -32.475105, 0.000765312, 0.00089417565
  -32.475105, 0.0009295352, 0.00089417565
  -32.475105, 0.0011503596, 0.00089417565
  -32.475105, 0.0014321698, 0.00089417565
  -32.475105, 0.0010977444, 0.00089417565
  -32.475105, 0.000934717, 0.00089417565
  -32.475105, 0.0008378572, 0.00089417565
  -32.475105, 0.0010794088, 0.00089417565
  -32.475105, 0.0007816546, 0.00089417565
  -32.475105, 0.0009630176, 0.00089417565
  -32.46865, 0.0011368072, 0.00089510446
  -32.46865, 0.0007816546, 0.00089510446
  -32.46865, 0.0009243534, 0.00089510446
  -32.46865, 0.0008641648, 0.00089510446
  -32.46865, 0.0008294866, 0.00089510446
  -32.46865, 0.0008625704, 0.00089510446
  -32.46865, 0.000683599, 0.00089510446
  -32.46865, 0.0008474236, 0.00089510446
  -32.46865, 0.000890871, 0.00089510446
  -32.46865, 0.001251604, 0.00089510446
  -32.46865, 0.0008159342, 0.00089510446
  -32.46865, 0.0005871378, 0.00089510446
  -32.462195, 0.001010451, 0.00089603366
  -32.462195, 0.0007537526, 0.00089603366
  -32.462195, 0.0008286894, 0.00089603366
  -32.462195, 0.0013117926, 0.00089603366
  -32.462195, 0.0011332198, 0.00089603366
  -32.462195, 0.000667655, 0.00089603366
  -32.462195, 0.0007099066, 0.00089603366
  -32.462195, 0.0010240034, 0.00089603366
  -32.462195, 0.0006190258, 0.00089603366
  -32.462195, 0.0010491152, 0.00089603366
  -32.462195, 0.0009315282, 0.00089603366
  -32.462195, 0.0013205618, 0.00089603366
  -32.462195, 0.0009100038, 0.00089603366
  -32.462195, 0.0005843476, 0.00089603366
  -32.45574, 0.0013078066, 0.00089696327
  -32.45574, 0.0007860392, 0.00089696327
  -32.45574, 0.000964612, 0.00089696327
  -32.45574, 0.00093671, 0.00089696327
  -32.45574, 0.0005377114, 0.00089696327
  -32.45574, 0.0009243534, 0.00089696327
  -32.45574, 0.000809158, 0.00089696327
  -32.45574, 0.0009410946, 0.00089696327
  -32.45574, 0.0009642134, 0.00089696327
  -32.45574, 0.0005213688, 0.00089696327
  -32.45574, 0.000789228, 0.00089696327
  -32.45574, 0.0006859906, 0.00089696327
  -32.449285, 0.000946675, 0.00089789326
  -32.449285, 0.0007039276, 0.00089789326
  -32.449285, 0.0009355142, 0.00089789326
  -32.449285, 0.0011423876, 0.00089789326
  -32.449285, 0.0009801574, 0.00089789326
  -32.449285, 0.0006588858, 0.00089789326
  -32.449285, 0.0012500096, 0.00089789326
  -32.449285, 0.0011471708, 0.00089789326
  -32.449285, 0.0012209118, 0.00089789326
  -32.449285, 0.000691571, 0.00089789326
  -32.449285, 0.001014437, 0.00089789326
  -32.449285, 0.000508215, 0.00089789326
  -32.449285, 0.0008701438, 0.00089789326
  -32.449285, 0.0006445362, 0.00089789326
  -32.449285, 0.001030381, 0.00089789326
  -32.44283, 0.0007645148, 0.00089882365
  -32.44283, 0.0011627162, 0.00089882365
  -32.44283, 0.000872934, 0.00089882365
  -32.44283, 0.0010538984, 0.00089882365
  -32.44283, 0.0008318782, 0.00089882365
  -32.44283, 0.0010228076, 0.00089882365
  -32.44283, 0.000605872, 0.00089882365
  -32.44283, 0.0010315768, 0.00089882365
  -32.44283, 0.0011045206, 0.00089882365
  -32.44283, 0.0006560956, 0.00089882365
  -32.44283, 0.000886885, 0.00089882365
  -32.44283, 0.0012524012, 0.00089882365
  -32.44283, 0.0007876336, 0.00089882365
  -32.436375, 0.0010606746, 0.00089975444
  -32.436375, 0.0007027318, 0.00089975444
  -32.436375, 0.0007079136, 0.00089975444
  -32.436375, 0.0009941084, 0.00089975444
  -32.436375, 0.0010407446, 0.00089975444
  -32.436375, 0.0007621232, 0.00089975444
  -32.436375, 0.0011069122, 0.00089975444
  -32.436375, 0.000984542, 0.00089975444
  -32.436375, 0.0007286408, 0.00089975444
  -32.436375, 0.000940696, 0.00089975444
  -32.436375, 0.0009638148, 0.00089975444
  -32.436375, 0.0004731382, 0.00089975444
  -32.436375, 0.0007585358, 0.00089975444
  -32.42992, 0.0009474722, 0.00090068562
  -32.42992, 0.000689578, 0.00090068562
  -32.42992, 0.0007768714, 0.00090068562
  -32.42992, 0.0011376044, 0.00090068562
  -32.42992, 0.0010271922, 0.00090068562
  -32.42992, 0.0008414446, 0.00090068562
  -32.42992, 0.0009183744, 0.00090068562
  -32.42992, 0.0006923682, 0.00090068562
  -32.42992, 0.0008538012, 0.00090068562
  -32.42992, 0.0007342212, 0.00090068562
  -32.423465, 0.0007469764, 0.0009016172
  -32.423465, 0.000573984, 0.0009016172
  -32.423465, 0.0007669064, 0.0009016172
  -32.423465, 0.0013305268, 0.0009016172
  -32.423465, 0.000988528, 0.0009016172
  -32.423465, 0.0012388488, 0.0009016172
  -32.423465, 0.0006584872, 0.0009016172
  -32.423465, 0.0008685494, 0.0009016172
  -32.423465, 0.0006839976, 0.0009016172
  -32.423465, 0.000791221, 0.0009016172
  -32.423465, 0.0009474722, 0.0009016172
  -32.41701, 0.0009100038, 0.00090254917
  -32.41701, 0.0008378572, 0.00090254917
  -32.41701, 0.0009737798, 0.00090254917
  -32.41701, 0.0005209702, 0.00090254917
  -32.41701, 0.0010718354, 0.00090254917
  -32.41701, 0.0008681508, 0.00090254917
  -32.41701, 0.001333317, 0.00090254917
  -32.41701, 0.0009131926, 0.00090254917
  -32.41701, 0.0011116954, 0.00090254917
  -32.41701, 0.0006126482, 0.00090254917
  -32.41701, 0.000412551, 0.00090254917
  -32.41701, 0.0009510596, 0.00090254917
  -32.41701, 0.0007019346, 0.00090254917
  -32.41701, 0.0010208146, 0.00090254917
  -32.41701, 0.0007138926, 0.00090254917
  -32.41701, 0.0007764728, 0.00090254917
  -32.41701, 0.0012129398, 0.00090254917
  -32.41701, 0.0007525568, 0.00090254917
  -32.41701, 0.0011423876, 0.00090254917
  -32.41701, 0.0006273964, 0.00090254917
  -32.41701, 0.0006202216, 0.00090254917
  -32.41701, 0.0007649134, 0.00090254917
  -32.41701, 0.0008817032, 0.00090254917
  -32.410555, 0.000827095, 0.00090348153
  -32.410555, 0.0009953042, 0.00090348153
  -32.410555, 0.000709508, 0.00090348153
  -32.410555, 0.001008458, 0.00090348153
  -32.410555, 0.0009422904, 0.00090348153
  -32.410555, 0.001130031, 0.00090348153
  -32.410555, 0.001134017, 0.00090348153
  -32.410555, 0.0006668578, 0.00090348153
  -32.410555, 0.0011176744, 0.00090348153
  -32.410555, 0.0008960528, 0.00090348153
  -32.410555, 0.0009163814, 0.00090348153
  -32.410555, 0.0006979486, 0.00090348153
  -32.4041, 0.0007764728, 0.00090441429
  -32.4041, 0.0011750728, 0.00090441429
  -32.4041, 0.0010020804, 0.00090441429
  -32.4041, 0.000795207, 0.00090441429
  -32.4041, 0.0011651078, 0.00090441429
  -32.4041, 0.0009622204, 0.00090441429
  -32.4041, 0.0009570386, 0.00090441429
  -32.4041, 0.0011144856, 0.00090441429
  -32.4041, 0.0008980458, 0.00090441429
  -32.4041, 0.0006887808, 0.00090441429
  -32.4041, 0.000715487, 0.00090441429
  -32.4041, 0.0008159342, 0.00090441429
  -32.4041, 0.001138003, 0.00090441429
  -32.4041, 0.0007696966, 0.00090441429
  -32.4041, 0.0007449834, 0.00090441429
  -32.397645, 0.0006548998, 0.00090534744
  -32.397645, 0.0008601788, 0.00090534744
  -32.397645, 0.0005424946, 0.00090534744
  -32.397645, 0.0008358642, 0.00090534744
  -32.397645, 0.0008235076, 0.00090534744
  -32.397645, 0.0011842406, 0.00090534744
  -32.397645, 0.000671641, 0.00090534744
  -32.397645, 0.0006421446, 0.00090534744
  -32.397645, 0.0009092066, 0.00090534744
  -32.397645, 0.0010056678, 0.00090534744
  -32.397645, 0.0010590802, 0.00090534744
  -32.397645, 0.0010706396, 0.00090534744
  -32.397645, 0.000729438, 0.00090534744
  -32.397645, 0.001022409, 0.00090534744
  -32.397645, 0.0006381586, 0.00090534744
  -32.397645, 0.0008474236, 0.00090534744
  -32.397645, 0.000801186, 0.00090534744
  -32.39119, 0.0007864378, 0.00090628099
  -32.39119, 0.0007350184, 0.00090628099
  -32.39119, 0.0006353684, 0.00090628099
  -32.39119, 0.0007796616, 0.00090628099
  -32.39119, 0.0011073108, 0.00090628099
  -32.384735, 0.0010965486, 0.00090721493
  -32.384735, 0.001018423, 0.00090721493
  -32.384735, 0.0011942056, 0.00090721493
  -32.384735, 0.0009458778, 0.00090721493
  -32.384735, 0.0008565914, 0.00090721493
  -32.384735, 0.0014756172, 0.00090721493
  -32.384735, 0.001112094, 0.00090721493
  -32.384735, 0.0009004374, 0.00090721493
  -32.384735, 0.000569998, 0.00090721493
  -32.384735, 0.0008641648, 0.00090721493
  -32.384735, 0.0009853392, 0.00090721493
  -32.384735, 0.000914787, 0.00090721493
  -32.37828, 0.0006680536, 0.00090814926
  -32.37828, 0.0010192202, 0.00090814926
  -32.37828, 0.000805172, 0.00090814926
  -32.37828, 0.0008067664, 0.00090814926
  -32.37828, 0.0010574858, 0.00090814926
  -32.37828, 0.0009670036, 0.00090814926
  -32.37828, 0.000526152, 0.00090814926
  -32.37828, 0.00047832, 0.00090814926
  -32.37828, 0.0013042192, 0.00090814926
  -32.37828, 0.0006867878, 0.00090814926
  -32.37828, 0.0010957514, 0.00090814926
  -32.37828, 0.0006979486, 0.00090814926
  -32.37828, 0.0011961986, 0.00090814926
  -32.371825, 0.0008693466, 0.00090908399
  -32.371825, 0.000994507, 0.00090908399
  -32.371825, 0.0007964028, 0.00090908399
  -32.371825, 0.0008306824, 0.00090908399
  -32.371825, 0.000643739, 0.00090908399
  -32.371825, 0.0007876336, 0.00090908399
  -32.371825, 0.0009558428, 0.00090908399
  -32.371825, 0.0012213104, 0.00090908399
  -32.371825, 0.000735417, 0.00090908399
  -32.371825, 0.000713494, 0.00090908399
  -32.371825, 0.0010327726, 0.00090908399
  -32.36537, 0.000691571, 0.00091001912
  -32.36537, 0.0007457806, 0.00091001912
  -32.36537, 0.000809158, 0.00091001912
  -32.36537, 0.0008992416, 0.00091001912
  -32.36537, 0.0006760256, 0.00091001912
  -32.36537, 0.0008713396, 0.00091001912
  -32.36537, 0.0007685008, 0.00091001912
  -32.36537, 0.0012619676, 0.00091001912
  -32.36537, 0.0010766186, 0.00091001912
  -32.36537, 0.0012248978, 0.00091001912
  -32.358915, 0.0011993874, 0.00091095463
  -32.358915, 0.0008422418, 0.00091095463
  -32.358915, 0.001231674, 0.00091095463
  -32.358915, 0.00081713, 0.00091095463
  -32.358915, 0.0010917654, 0.00091095463
  -32.358915, 0.0010586816, 0.00091095463
  -32.358915, 0.0007158856, 0.00091095463
  -32.358915, 0.0004779214, 0.00091095463
  -32.358915, 0.001225695, 0.00091095463
  -32.358915, 0.0006624732, 0.00091095463
  -32.358915, 0.0008633676, 0.00091095463
  -32.358915, 0.0010020804, 0.00091095463
  -32.358915, 0.0008860878, 0.00091095463
  -32.35246, 0.0009494652, 0.00091189054
  -32.35246, 0.0007270464, 0.00091189054
  -32.35246, 0.0005903266, 0.00091189054
  -32.35246, 0.0008681508, 0.00091189054
  -32.346005, 0.000874927, 0.00091282684
  -32.346005, 0.0009662064, 0.00091282684
  -32.346005, 0.0009781644, 0.00091282684
  -32.346005, 0.0008852906, 0.00091282684
  -32.346005, 0.0010455278, 0.00091282684
  -32.346005, 0.0009100038, 0.00091282684
  -32.346005, 0.0008382558, 0.00091282684
  -32.346005, 0.0010419404, 0.00091282684
  -32.346005, 0.000709508, 0.00091282684
  -32.346005, 0.0011156814, 0.00091282684
  -32.33955, 0.0004555998, 0.00091376354
  -32.33955, 0.0009119968, 0.00091376354
  -32.333095, 0.0007720882, 0.00091470063
  -32.333095, 0.0007609274, 0.00091470063
  -32.333095, 0.000683599, 0.00091470063
  -32.333095, 0.000898843, 0.00091470063
  -32.32664, 0.0011176744, 0.00091563811
  -32.32664, 0.000793214, 0.00091563811
  -32.32664, 0.0004970542, 0.00091563811
  -32.32664, 0.0009681994, 0.00091563811
  -32.32664, 0.0009901224, 0.00091563811
  -32.320185, 0.0007402002, 0.00091657599
  -32.320185, 0.0010933598, 0.00091657599
  -32.320185, 0.0011507582, 0.00091657599
  -32.320185, 0.0011116954, 0.00091657599
  -32.320185, 0.0011950028, 0.00091657599
  -32.320185, 0.0011073108, 0.00091657599
  -32.31373, 0.0010068636, 0.00091751426
  -32.307275, 0.0010251992, 0.00091845292
  -32.294365, 0.0010566886, 0.00092033142
  -32.28791, 0.0007118996, 0.00092127126
  -32.28791, 0.001231674, 0.00092127126
  -32.26209, 0.0011842406, 0.00092503454
  -32.255635, 0.001024402, 0.00092597634
  -32.24918, 0.0011961986, 0.00092691853
  -32.229815, 0.0005556484, 0.00092974745
  -32.216905, 0.0007541512, 0.00093163536
  -32.216905, 0.0010515068, 0.00093163536
  -32.21045, 0.0009076122, 0.0009325799
  -32.203995, 0.0004835018, 0.00093352483
  -32.19754, 0.0014883724, 0.00093447015
  -32.19754, 0.0007043262, 0.00093447015
  -32.19754, 0.0010985416, 0.00093447015
  -32.191085, 0.000781256, 0.00093541586
  -32.18463, 0.0010196188, 0.00093636196
  -32.178175, 0.0011882266, 0.00093730846
  -32.17172, 0.0005397044, 0.00093825534
  -32.17172, 0.0010666536, 0.00093825534
  -32.165265, 0.0012579816, 0.00093920262
  -32.165265, 0.001020416, 0.00093920262
  -32.15881, 0.0007569414, 0.00094015028
  -32.15881, 0.0012312754, 0.00094015028
  -32.152355, 0.001000486, 0.00094109833
  -32.152355, 0.0009119968, 0.00094109833
  -32.1459, 0.0007696966, 0.00094204678
  -32.1459, 0.000707515, 0.00094204678
  -32.139445, 0.0008255006, 0.00094299561
  -32.13299, 0.0010411432, 0.00094394483
  -32.13299, 0.0006967528, 0.00094394483
  -32.126535, 0.0008745284, 0.00094489445
  -32.12008, 0.000835067, 0.00094584445
  -32.12008, 0.0006740326, 0.00094584445
  -32.113625, 0.000942689, 0.00094679484
  -32.10717, 0.0010857864, 0.00094774562
  -32.100715, 0.0011491638, 0.00094869679
  -32.100715, 0.0007649134, 0.00094869679
  -32.08135, 0.0008701438, 0.00095155263
  -32.074895, 0.000711501, 0.00095250535
  -32.074895, 0.000835067, 0.00095250535
  -32.05553, 0.0012065622, 0.00095536586
  -32.049075, 0.000988528, 0.00095632013
  -32.049075, 0.0008924654, 0.00095632013
  -32.04262, 0.0009893252, 0.0009572748
  -32.04262, 0.0005731868, 0.0009572748
  -32.04262, 0.0010128426, 0.0009572748
  -32.010345, 0.0008039762, 0.00096205393
  -32.010345, 0.0013516526, 0.00096205393
  -31.99098, 0.0010232062, 0.00096492605
  -31.97807, 0.0005173828, 0.00096684273
  -31.97807, 0.00103636, 0.00096684273
  -31.971615, 0.0009271436, 0.00096780165
  -31.971615, 0.0012141356, 0.00096780165
  -31.958705, 0.0009857378, 0.00096972065
  -31.958705, 0.0008506124, 0.00096972065
  -31.945795, 0.0008243048, 0.0009716412
  -31.92643, 0.0010977444, 0.0009745249
  -31.92643, 0.0009343184, 0.0009745249
  -31.91352, 0.001054297, 0.00097644929
  -31.8877, 0.0011611218, 0.0009803027
  -31.87479, 0.0008932626, 0.00098223171
  -31.87479, 0.000609858, 0.00098223171
  -31.86188, 0.0011710868, 0.00098416225
  -31.86188, 0.0007346198, 0.00098416225
  -31.855425, 0.0009793602, 0.0009851281
  -31.855425, 0.0006341726, 0.0009851281
  -31.855425, 0.0010020804, 0.0009851281
  -31.83606, 0.0007677036, 0.00098802793
  -31.829605, 0.0008924654, 0.00098899531
  -31.829605, 0.0008733326, 0.00098899531
  -31.82315, 0.0008294866, 0.00098996308
  -31.82315, 0.0009371086, 0.00098996308
  -31.816695, 0.0009398988, 0.00099093122
  -31.81024, 0.0009442834, 0.00099189975
  -31.79733, 0.000990521, 0.00099383795
  -31.79733, 0.0011384016, 0.00099383795
  -31.790875, 0.0012563872, 0.00099480762
  -31.790875, 0.0010925626, 0.00099480762
  -31.7586, 0.0011694924, 0.0009996617
  -31.74569, 0.0010391502, 0.001001606
  -31.74569, 0.0006269978, 0.001001606
  -31.73278, 0.0013197646, 0.0010035518
  -31.726325, 0.0011352128, 0.0010045253
  -31.726325, 0.0007975986, 0.0010045253
  -31.726325, 0.000595907, 0.0010045253
  -31.713415, 0.0010008846, 0.0010064734
  -31.713415, 0.0009016332, 0.0010064734
  -31.713415, 0.0008916682, 0.0010064734
  -31.70696, 0.0007549484, 0.001007448
  -31.70696, 0.0011926112, 0.001007448
  -31.70696, 0.0009773672, 0.001007448
  -31.70696, 0.0006931654, 0.001007448
  -31.700505, 0.001052304, 0.001008423
  -31.700505, 0.0010180244, 0.001008423
  -31.700505, 0.0009084094, 0.001008423
  -31.69405, 0.0011132898, 0.0010093984
  -31.69405, 0.0009980944, 0.0010093984
  -31.69405, 0.001213737, 0.0010093984
  -31.69405, 0.000912794, 0.0010093984
  -31.687595, 0.0009622204, 0.0010103742
  -31.674685, 0.0009052206, 0.0010123268
  -31.674685, 0.0008860878, 0.0010123268
  -31.674685, 0.001120066, 0.0010123268
  -31.66823, 0.0007617246, 0.0010133037
  -31.661775, 0.0011268422, 0.001014281
  -31.65532, 0.0011216604, 0.0010152586
  -31.648865, 0.0011806532, 0.0010162367
  -31.648865, 0.0008374586, 0.0010162367
  -31.648865, 0.001066255, 0.0010162367
  -31.64241, 0.001010451, 0.0010172151
  -31.635955, 0.0010255978, 0.0010181939
  -31.635955, 0.0007629204, 0.0010181939
  -31.597225, 0.0011886252, 0.0010240745
  -31.597225, 0.0012320726, 0.0010240745
  -31.59077, 0.0010885766, 0.0010250559
  -31.57786, 0.0011495624, 0.0010270199
  -31.571405, 0.001078213, 0.0010280025
  -31.56495, 0.0011376044, 0.0010289854
  -31.56495, 0.0010766186, 0.0010289854
  -31.55204, 0.0010849892, 0.0010309524
  -31.52622, 0.0009522554, 0.0010348908
  -31.51331, 0.0008892766, 0.0010368623
  -31.506855, 0.0012185202, 0.0010378486
  -31.493945, 0.0008597802, 0.0010398223
  -31.493945, 0.0009701924, 0.0010398223
  -31.493945, 0.0007258506, 0.0010398223
  -31.493945, 0.001088178, 0.0010398223
  -31.48749, 0.0008107524, 0.0010408097
  -31.48749, 0.001034367, 0.0010408097
  -31.48749, 0.0010359614, 0.0010408097
  -31.48749, 0.0006022846, 0.0010408097
  -31.481035, 0.0008721368, 0.0010417975
  -31.481035, 0.0010000874, 0.0010417975
  -31.47458, 0.0006425432, 0.0010427857
  -31.468125, 0.0010427376, 0.0010437742
  -31.468125, 0.0009953042, 0.0010437742
  -31.468125, 0.0009231576, 0.0010437742
  -31.468125, 0.0014241978, 0.0010437742
  -31.468125, 0.0008474236, 0.0010437742
  -31.46167, 0.000904822, 0.0010447631
  -31.455215, 0.0010714368, 0.0010457524
  -31.44876, 0.0009016332, 0.001046742
  -31.44876, 0.00093671, 0.001046742
  -31.44876, 0.0009554442, 0.001046742
  -31.442305, 0.0015593232, 0.0010477321
  -31.429395, 0.001267548, 0.0010497132
  -31.429395, 0.0008422418, 0.0010497132
  -31.41003, 0.0010016818, 0.0010526878
  -31.39712, 0.0008318782, 0.0010546726
  -31.390665, 0.0011005346, 0.0010556656
  -31.390665, 0.0010790102, 0.0010556656
  -31.390665, 0.001074227, 0.0010556656
  -31.390665, 0.000795207, 0.0010556656
  -31.38421, 0.0008482208, 0.001056659
  -31.377755, 0.0011894224, 0.0010576527
  -31.3713, 0.0009992902, 0.0010586468
  -31.35839, 0.000900836, 0.0010606361
  -31.351935, 0.0010259964, 0.0010616313
  -31.351935, 0.0009769686, 0.0010616313
  -31.34548, 0.0013377016, 0.0010626269
  -31.339025, 0.0007979972, 0.0010636228
  -31.326115, 0.0010407446, 0.0010656158
  -31.300295, 0.0013090024, 0.0010696062
  -31.29384, 0.0014879738, 0.0010706047
  -31.25511, 0.0013440792, 0.0010766034
  -31.22929, 0.0011431848, 0.0010806099
  -31.222835, 0.001173877, 0.0010816124
  -31.21638, 0.001237653, 0.0010826153
  -31.209925, 0.000635767, 0.0010836186
  -31.197015, 0.0011822476, 0.0010856262
  -31.19056, 0.0011866322, 0.0010866305
  -31.19056, 0.0011384016, 0.0010866305
  -31.19056, 0.0009697938, 0.0010866305
  -31.132465, 0.000940696, 0.0010956859
  -31.132465, 0.0008179272, 0.0010956859
  -31.132465, 0.0011722826, 0.0010956859
  -31.12601, 0.0013277366, 0.0010966938
  -31.12601, 0.0009255492, 0.0010966938
  -31.10019, 0.001405065, 0.0011007293
  -31.067915, 0.000922759, 0.0011057816
  -31.06146, 0.0010299824, 0.0011067932
  -31.055005, 0.0014815962, 0.0011078051
  -31.055005, 0.0011973944, 0.0011078051
  -31.04855, 0.0011431848, 0.0011088173
  -31.03564, 0.0008502138, 0.0011108429
  -31.016275, 0.0010148356, 0.001113884
  -31.00982, 0.0010917654, 0.0011148984
  -31.00982, 0.0011423876, 0.0011148984
  -30.990455, 0.0010467236, 0.0011179437
  -30.964635, 0.0011575344, 0.0011220091
  -30.951725, 0.0009976958, 0.0011240439
  -30.94527, 0.0010367586, 0.0011250618
  -30.94527, 0.0010319754, 0.0011250618
  -30.94527, 0.0008840948, 0.0011250618
  -30.93236, 0.001177863, 0.0011270987
  -30.925905, 0.0009323254, 0.0011281177
  -30.89363, 0.0011894224, 0.0011332179
  -30.88072, 0.0010646606, 0.0011352605
  -30.86781, 0.0013125898, 0.0011373044
  -30.8549, 0.0012049678, 0.0011393497
  -30.822625, 0.0011567372, 0.0011444692
  -30.809715, 0.0010873808, 0.0011465194
  -30.796805, 0.000942689, 0.0011485709
  -30.79035, 0.0013667994, 0.0011495972
  -30.77744, 0.001307408, 0.0011516509
  -30.73871, 0.0013664008, 0.0011578201
  -30.719345, 0.0008255006, 0.0011609093
  -30.706435, 0.001217723, 0.0011629705
  -30.67416, 0.0015768616, 0.0011681295
  -30.64834, 0.001311394, 0.0011722628
  -30.641885, 0.0010957514, 0.001173297
  -30.62252, 0.0011427862, 0.0011764015
  -30.60961, 0.001008458, 0.0011784729
  -30.590245, 0.0014301768, 0.0011815824
  -30.57088, 0.001522652, 0.001184695
  -30.538605, 0.0009777658, 0.0011898893
  -30.53215, 0.0007130954, 0.0011909292
  -30.51924, 0.000882899, 0.0011930099
  -30.51924, 0.0009729826, 0.0011930099
  -30.512785, 0.0006580886, 0.0011940508
  -30.512785, 0.0006688508, 0.0011940508
  -30.499875, 0.0011567372, 0.0011961335
  -30.49342, 0.0011097024, 0.0011971753
  -30.48051, 0.0012384502, 0.00119926
  -30.448235, 0.0012930584, 0.0012044775
  -30.44178, 0.0012165272, 0.001205522
  -30.44178, 0.0010251992, 0.001205522
  -30.42887, 0.001165905, 0.0012076119
  -30.422415, 0.0010738284, 0.0012086574
  -30.41596, 0.0009610246, 0.0012097031
  -30.409505, 0.001257583, 0.0012107492
  -30.39014, 0.000890871, 0.0012138895
  -30.383685, 0.0009965, 0.0012149369
  -30.37723, 0.0010634648, 0.0012159846
  -30.37723, 0.0013317226, 0.0012159846
  -30.357865, 0.0014417362, 0.0012191298
  -30.319135, 0.0015114912, 0.0012254287
  -30.319135, 0.0012241006, 0.0012254287
  -30.306225, 0.0011308282, 0.0012275309
  -30.280405, 0.0015577288, 0.0012317391
  -30.22231, 0.0016199104, 0.0012412261
  -30.18358, 0.001478806, 0.0012475649
  -30.164215, 0.0012527998, 0.0012507385
  -30.164215, 0.0014038692, 0.0012507385
  -30.125485, 0.0014353586, 0.0012570941
  -30.125485, 0.0009713882, 0.0012570941
  -30.11903, 0.0012189188, 0.0012581544
  -30.112575, 0.0008358642, 0.0012592151
  -30.112575, 0.001139996, 0.0012592151
  -30.099665, 0.0008781158, 0.0012613373
  -30.099665, 0.000890871, 0.0012613373
  -30.09321, 0.0010112482, 0.0012623988
  -30.09321, 0.0007669064, 0.0012623988
  -30.06739, 0.0011655064, 0.0012666481
  -30.06739, 0.0011348142, 0.0012666481
  -30.05448, 0.0013209604, 0.0012687746
  -30.05448, 0.001381149, 0.0012687746
  -30.04157, 0.0007429904, 0.0012709023
  -30.04157, 0.0012320726, 0.0012709023
  -30.02866, 0.0008924654, 0.0012730312
  -30.022205, 0.00101643, 0.0012740961
  -29.97702, 0.001841532, 0.0012815587
  -29.9512, 0.0013799532, 0.0012858296
  -29.931835, 0.0012360586, 0.0012890359
  -29.92538, 0.0012862822, 0.0012901052
  -29.918925, 0.0012189188, 0.0012911749
  -29.893105, 0.0014883724, 0.0012954564
  -29.854375, 0.0009897238, 0.0013018873
  -29.854375, 0.0010590802, 0.0013018873
  -29.841465, 0.0013951, 0.0013040333
  -29.80919, 0.0015947986, 0.0013094032
  -29.79628, 0.0015094982, 0.0013115532
  -29.764005, 0.0011981916, 0.001316933
  -29.75755, 0.0012543942, 0.0013180098
  -29.738185, 0.0016713298, 0.001321242
  -29.70591, 0.0015593232, 0.0013266344
  -29.693, 0.0010299824, 0.0013287934
  -29.66718, 0.0008860878, 0.0013331145
  -29.660725, 0.0010570872, 0.0013341955
  -29.660725, 0.001337303, 0.0013341955
  -29.65427, 0.001185835, 0.0013352767
  -29.634905, 0.0013843378, 0.0013385221
  -29.596175, 0.0014855822, 0.0013450201
  -29.57681, 0.0016466166, 0.0013482727
  -29.57681, 0.001245625, 0.0013482727
  -29.531625, 0.001580449, 0.0013558715
  -29.49935, 0.0015529456, 0.001361307
  -29.479985, 0.0013887224, 0.0013645714
  -29.441255, 0.0013225548, 0.0013711072
  -29.4348, 0.001349261, 0.0013721974
  -29.42189, 0.001401079, 0.0013743786
  -29.402525, 0.0016107426, 0.0013776522
  -29.37025, 0.001542582, 0.0013831132
  -29.350885, 0.0011682966, 0.0013863928
  -29.31861, 0.001468841, 0.0013918637
  -29.286335, 0.0014002818, 0.0013973406
  -29.273425, 0.0013620162, 0.0013995331
  -29.247605, 0.0012783102, 0.0014039209
  -29.24115, 0.0012061636, 0.0014050184
  -29.24115, 0.001281499, 0.0014050184
  -29.20242, 0.0016258894, 0.0014116086
  -29.1766, 0.0016785046, 0.0014160066
  -29.12496, 0.0015354072, 0.0014248137
  -29.09914, 0.0016697354, 0.0014292227
  -29.08623, 0.0011411918, 0.0014314285
  -29.07332, 0.0012878766, 0.0014336351
  -29.041045, 0.0017952944, 0.0014391556
  -28.99586, 0.0011256464, 0.0014468933
  -28.989405, 0.0013125898, 0.0014479996
  -28.95713, 0.0014333656, 0.0014535339
  -28.90549, 0.0016418334, 0.0014623994
  -28.899035, 0.0015397918, 0.0014635086
  -28.89258, 0.001277513, 0.0014646179
  -28.87967, 0.0010192202, 0.0014668371
  -28.873215, 0.0009717868, 0.001467947
  -28.860305, 0.0012360586, 0.0014701674
  -28.821575, 0.0011097024, 0.0014768332
  -28.808665, 0.0012025762, 0.0014790567
  -28.808665, 0.0013305268, 0.0014790567
  -28.782845, 0.0016015748, 0.0014835059
  -28.73766, 0.0016513998, 0.0014912992
  -28.71184, 0.001522652, 0.0014957565
  -28.692475, 0.0017410848, 0.0014991014
  -28.653745, 0.0016438264, 0.0015057958
  -28.615015, 0.0015401904, 0.0015124965
  -28.54401, 0.0018762102, 0.0015247964
  -28.537555, 0.0011531498, 0.0015259155
  -28.537555, 0.0010008846, 0.0015259155
  -28.511735, 0.0015374002, 0.0015303936
  -28.460095, 0.0018200076, 0.0015393571
  -28.45364, 0.0011946042, 0.0015404783
  -28.45364, 0.0014497082, 0.0015404783
  -28.402, 0.0018698326, 0.0015494523
  -28.33745, 0.0019403848, 0.0015606824
  -28.28581, 0.001715973, 0.0015696758
  -28.253535, 0.0014592746, 0.0015753008
  -28.23417, 0.0013875266, 0.0015786772
  -28.23417, 0.0013269394, 0.0015786772
  -28.19544, 0.001610344, 0.0015854331
  -28.15671, 0.0012444292, 0.001592193
  -28.15671, 0.001472827, 0.001592193
  -28.1438, 0.0016693368, 0.0015944471
  -28.137345, 0.0014194146, 0.0015955744
  -28.085705, 0.0017295254, 0.0016045958
  -28.059885, 0.0015792532, 0.0016091088
  -28.008245, 0.0016896654, 0.0016181391
  -27.969515, 0.001692057, 0.0016249153
  -27.95015, 0.0013424848, 0.0016283045
  -27.91142, 0.0014253936, 0.0016350848
  -27.91142, 0.0014126384, 0.0016350848
  -27.866235, 0.0016797004, 0.0016429982
  -27.82105, 0.001771777, 0.0016509146
  -27.76941, 0.002076706, 0.001659965
  -27.698405, 0.0019878182, 0.0016724139
  -27.65322, 0.0020193076, 0.0016803381
  -27.61449, 0.0019654966, 0.0016871312
  -27.556395, 0.0016354558, 0.001697322
  -27.52412, 0.0015872252, 0.001702984
  -27.51121, 0.0016087496, 0.0017052487
  -27.47248, 0.0018562802, 0.0017120431
  -27.42084, 0.0014740228, 0.0017211017
  -27.414385, 0.0015696868, 0.0017222339
  -27.3692, 0.0017187632, 0.0017301592
  -27.31756, 0.0018008748, 0.0017392151
  -27.272375, 0.0017315184, 0.001747137
  -27.2401, 0.0018610634, 0.0017527942
  -27.182005, 0.0017482596, 0.0017629738
  -27.156185, 0.0016278824, 0.0017674965
  -27.111, 0.0016872738, 0.0017754085
  -27.05936, 0.0020073496, 0.001784446
  -27.027085, 0.0017187632, 0.0017900917
  -26.95608, 0.0017642036, 0.0018025034
  -26.93026, 0.0015916098, 0.0018070136
  -26.910895, 0.0019639022, 0.001810395
  -26.83989, 0.0021727686, 0.0018227839
  -26.74952, 0.0020017692, 0.0018385274
  -26.730155, 0.0017363016, 0.0018418971
  -26.68497, 0.0019041122, 0.0018497541
  -26.652695, 0.0018431264, 0.0018553611
  -26.5946, 0.0020061538, 0.0018654423
  -26.53005, 0.002250097, 0.0018766251
  -26.459045, 0.0025103828, 0.0018889019
  -26.42677, 0.0019957902, 0.0018944733
  -26.394495, 0.0019674896, 0.0019000388
  -26.3364, 0.0019324128, 0.0019100412
  -26.28476, 0.0017972874, 0.0019189146
  -26.24603, 0.0016932528, 0.0019255583
  -26.18148, 0.0021655938, 0.0019366081
  -26.123385, 0.0021946916, 0.0019465274
  -26.09111, 0.0022477054, 0.001952027
  -26.03947, 0.0017909098, 0.0019608094
  -26.01365, 0.0017526442, 0.0019651925
  -25.955555, 0.0019686854, 0.0019750338
  -25.89746, 0.0019100912, 0.0019848455
  -25.852275, 0.0013656036, 0.0019924555
  -25.852275, 0.001606358, 0.0019924555
  -25.82, 0.0017964902, 0.0019978793
  -25.761905, 0.0018200076, 0.0020076164
  -25.6909, 0.0018989304, 0.0020194705
  -25.65217, 0.0020436222, 0.0020259138
  -25.60053, 0.0020970346, 0.002034479
  -25.542435, 0.0018786018, 0.0020440784
  -25.51016, 0.001939189, 0.0020493942
  -25.452065, 0.0022556774, 0.0020589305
  -25.41979, 0.0017430778, 0.0020642101
  -25.35524, 0.0020081468, 0.0020747288
  -25.31651, 0.0021835308, 0.0020810134
  -25.219685, 0.0024569704, 0.0020966333
  -25.155135, 0.002403558, 0.0021069711
  -25.103495, 0.0024800892, 0.002115196
  -25.013125, 0.0022317614, 0.0021294884

Analysis metadata
  Created at:              2026-06-17T10:17:44
  Probe configuration:     single
  Fit procedure:           Four-parameter SLP fit
