Single Langmuir probe analysis: 2026_05_14_SLP_ACQ11
====================================================
Samples available:         11288
Samples fitted:            3803
Voltage range:             -98.21 to 8.682 V
Current range:             -2.7105e-04 to 3.9701e-03 A

Fit model
  I = Is * (1 + R * (V - Vf)) * (exp((V - Vf) / Te) - 1)

Plasma parameters
  Electron temperature Te: 4.43568 eV
  Electron density n:      7.236117e+16 m^-3
  Ion saturation Is:       1.201817e-04 A
  Floating potential Vf:   -27.9715 V
  Plasma potential Vp:     -10.0883 V
  R correction:            -0.0139595

Derived quantities
  Probe area:              2.010000e-06 m^2
  Ion mass:                4 amu
  Sound speed:             1.031455e+04 m/s
  Alpha:                   4.03165

Fit quality
  R-squared:               0.995900

Fit data
  voltage_V, current_A, fitted_current_A
  -98.20637, -0.0002248104, -0.00023801339
  -98.199915, -0.0002264048, -0.00023800256
  -98.199915, -0.0002240132, -0.00023800256
  -98.199915, -0.0002156426, -0.00023800256
  -98.199915, -0.0002295936, -0.00023800256
  -98.19346, -0.0002455376, -0.00023799173
  -98.19346, -0.0002216216, -0.00023799173
  -98.19346, -0.0002264048, -0.00023799173
  -98.19346, -0.0002343768, -0.00023799173
  -98.19346, -0.000231188, -0.00023799173
  -98.19346, -0.0002224188, -0.00023799173
  -98.19346, -0.0002407544, -0.00023799173
  -98.19346, -0.000231188, -0.00023799173
  -98.19346, -0.0002128524, -0.00023799173
  -98.19346, -0.0002419502, -0.00023799173
  -98.19346, -0.0002527124, -0.00023799173
  -98.19346, -0.000235174, -0.00023799173
  -98.19346, -0.0002248104, -0.00023799173
  -98.19346, -0.0002339782, -0.00023799173
  -98.19346, -0.0002403558, -0.00023799173
  -98.19346, -0.0002228174, -0.00023799173
  -98.19346, -0.0002136496, -0.00023799173
  -98.19346, -0.0002375656, -0.00023799173
  -98.19346, -0.0002248104, -0.00023799173
  -98.19346, -0.000253111, -0.00023799173
  -98.187005, -0.0002415516, -0.00023798091
  -98.187005, -0.0002228174, -0.00023798091
  -98.187005, -0.0002395586, -0.00023798091
  -98.187005, -0.0002479292, -0.00023798091
  -98.187005, -0.0002447404, -0.00023798091
  -98.187005, -0.0002543068, -0.00023798091
  -98.187005, -0.0002483278, -0.00023798091
  -98.187005, -0.000227202, -0.00023798091
  -98.187005, -0.0002283978, -0.00023798091
  -98.187005, -0.0002363698, -0.00023798091
  -98.187005, -0.0002463348, -0.00023798091
  -98.187005, -0.0002407544, -0.00023798091
  -98.187005, -0.000229195, -0.00023798091
  -98.187005, -0.000245139, -0.00023798091
  -98.187005, -0.0002363698, -0.00023798091
  -98.187005, -0.0002515166, -0.00023798091
  -98.187005, -0.0002339782, -0.00023798091
  -98.187005, -0.0002475306, -0.00023798091
  -98.187005, -0.0002343768, -0.00023798091
  -98.187005, -0.0002248104, -0.00023798091
  -98.187005, -0.0002515166, -0.00023798091
  -98.187005, -0.00023916, -0.00023798091
  -98.187005, -0.0002439432, -0.00023798091
  -98.187005, -0.0002463348, -0.00023798091
  -98.187005, -0.0002323838, -0.00023798091
  -98.187005, -0.000225209, -0.00023798091
  -98.187005, -0.0002367684, -0.00023798091
  -98.187005, -0.0002276006, -0.00023798091
  -98.187005, -0.0002319852, -0.00023798091
  -98.187005, -0.00023916, -0.00023798091
  -98.187005, -0.0002299922, -0.00023798091
  -98.187005, -0.0002335796, -0.00023798091
  -98.187005, -0.0002387614, -0.00023798091
  -98.187005, -0.0002315866, -0.00023798091
  -98.187005, -0.0002379642, -0.00023798091
  -98.187005, -0.0002387614, -0.00023798091
  -98.187005, -0.0002395586, -0.00023798091
  -98.187005, -0.0002276006, -0.00023798091
  -98.187005, -0.000233181, -0.00023798091
  -98.187005, -0.0002363698, -0.00023798091
  -98.187005, -0.0002423488, -0.00023798091
  -98.187005, -0.000225209, -0.00023798091
  -98.187005, -0.0002295936, -0.00023798091
  -98.187005, -0.0002443418, -0.00023798091
  -98.187005, -0.000247132, -0.00023798091
  -98.187005, -0.0002299922, -0.00023798091
  -98.187005, -0.000243146, -0.00023798091
  -98.187005, -0.000237167, -0.00023798091
  -98.187005, -0.0002236146, -0.00023798091
  -98.187005, -0.000221223, -0.00023798091
  -98.187005, -0.0002387614, -0.00023798091
  -98.187005, -0.0002359712, -0.00023798091
  -98.187005, -0.000223216, -0.00023798091
  -98.187005, -0.0002523138, -0.00023798091
  -98.187005, -0.0002499222, -0.00023798091
  -98.187005, -0.0002276006, -0.00023798091
  -98.187005, -0.0002435446, -0.00023798091
  -98.187005, -0.0002403558, -0.00023798091
  -98.187005, -0.0002403558, -0.00023798091
  -98.187005, -0.0002319852, -0.00023798091
  -98.187005, -0.0002387614, -0.00023798091
  -98.187005, -0.0002427474, -0.00023798091
  -98.187005, -0.0002475306, -0.00023798091
  -98.187005, -0.0002447404, -0.00023798091
  -98.187005, -0.0002379642, -0.00023798091
  -98.187005, -0.0002204258, -0.00023798091
  -98.187005, -0.0002323838, -0.00023798091
  -98.187005, -0.0002343768, -0.00023798091
  -98.187005, -0.0002299922, -0.00023798091
  -98.187005, -0.0002319852, -0.00023798091
  -98.187005, -0.0002327824, -0.00023798091
  -98.18055, -0.0002395586, -0.00023797008
  -98.18055, -0.00023916, -0.00023797008
  -98.18055, -0.000221223, -0.00023797008
  -98.18055, -0.0002323838, -0.00023797008
  -98.18055, -0.0002355726, -0.00023797008
  -98.18055, -0.000233181, -0.00023797008
  -98.18055, -0.0002355726, -0.00023797008
  -98.18055, -0.0002260062, -0.00023797008
  -98.18055, -0.0002307894, -0.00023797008
  -98.18055, -0.000249125, -0.00023797008
  -98.18055, -0.0002403558, -0.00023797008
  -98.18055, -0.000241153, -0.00023797008
  -98.18055, -0.0002164398, -0.00023797008
  -98.18055, -0.0002359712, -0.00023797008
  -98.18055, -0.0002479292, -0.00023797008
  -98.18055, -0.0002299922, -0.00023797008
  -98.18055, -0.0002387614, -0.00023797008
  -98.18055, -0.0002184328, -0.00023797008
  -98.18055, -0.000229195, -0.00023797008
  -98.18055, -0.0002240132, -0.00023797008
  -98.18055, -0.0002495236, -0.00023797008
  -98.18055, -0.0002228174, -0.00023797008
  -98.18055, -0.0002367684, -0.00023797008
  -98.18055, -0.000227202, -0.00023797008
  -98.18055, -0.0002327824, -0.00023797008
  -98.18055, -0.0002359712, -0.00023797008
  -98.18055, -0.000245139, -0.00023797008
  -98.18055, -0.000231188, -0.00023797008
  -98.18055, -0.0002367684, -0.00023797008
  -98.18055, -0.0002555026, -0.00023797008
  -98.18055, -0.00023916, -0.00023797008
  -98.18055, -0.0002367684, -0.00023797008
  -98.18055, -0.0002403558, -0.00023797008
  -98.18055, -0.0002415516, -0.00023797008
  -98.18055, -0.000235174, -0.00023797008
  -98.18055, -0.0002387614, -0.00023797008
  -98.18055, -0.0002375656, -0.00023797008
  -98.18055, -0.000207272, -0.00023797008
  -98.18055, -0.0002403558, -0.00023797008
  -98.18055, -0.000243146, -0.00023797008
  -98.18055, -0.000233181, -0.00023797008
  -98.18055, -0.0002104608, -0.00023797008
  -98.18055, -0.0002216216, -0.00023797008
  -98.18055, -0.000237167, -0.00023797008
  -98.18055, -0.0002303908, -0.00023797008
  -98.18055, -0.0002387614, -0.00023797008
  -98.18055, -0.0002455376, -0.00023797008
  -98.18055, -0.000233181, -0.00023797008
  -98.18055, -0.0002343768, -0.00023797008
  -98.18055, -0.0002295936, -0.00023797008
  -98.18055, -0.0002148454, -0.00023797008
  -98.18055, -0.0002299922, -0.00023797008
  -98.18055, -0.0002427474, -0.00023797008
  -98.18055, -0.0002379642, -0.00023797008
  -98.18055, -0.0002395586, -0.00023797008
  -98.18055, -0.0002248104, -0.00023797008
  -98.18055, -0.0002614816, -0.00023797008
  -98.18055, -0.000231188, -0.00023797008
  -98.18055, -0.0002228174, -0.00023797008
  -98.18055, -0.00025909, -0.00023797008
  -98.18055, -0.0002455376, -0.00023797008
  -98.18055, -0.0002319852, -0.00023797008
  -98.18055, -0.0002319852, -0.00023797008
  -98.18055, -0.000247132, -0.00023797008
  -98.18055, -0.0002343768, -0.00023797008
  -98.18055, -0.0002363698, -0.00023797008
  -98.18055, -0.0002519152, -0.00023797008
  -98.18055, -0.0002439432, -0.00023797008
  -98.18055, -0.0002403558, -0.00023797008
  -98.18055, -0.0002407544, -0.00023797008
  -98.18055, -0.0002487264, -0.00023797008
  -98.18055, -0.0002479292, -0.00023797008
  -98.18055, -0.0002375656, -0.00023797008
  -98.18055, -0.0002287964, -0.00023797008
  -98.18055, -0.0002515166, -0.00023797008
  -98.18055, -0.0002240132, -0.00023797008
  -98.18055, -0.0002435446, -0.00023797008
  -98.18055, -0.0002343768, -0.00023797008
  -98.18055, -0.0002339782, -0.00023797008
  -98.18055, -0.0002403558, -0.00023797008
  -98.18055, -0.0002335796, -0.00023797008
  -98.18055, -0.000229195, -0.00023797008
  -98.18055, -0.000233181, -0.00023797008
  -98.18055, -0.0002295936, -0.00023797008
  -98.18055, -0.0002383628, -0.00023797008
  -98.18055, -0.0002479292, -0.00023797008
  -98.18055, -0.000245139, -0.00023797008
  -98.18055, -0.0002507194, -0.00023797008
  -98.18055, -0.000237167, -0.00023797008
  -98.18055, -0.000247132, -0.00023797008
  -98.18055, -0.0002264048, -0.00023797008
  -98.18055, -0.0002295936, -0.00023797008
  -98.18055, -0.000245139, -0.00023797008
  -98.18055, -0.0002547054, -0.00023797008
  -98.18055, -0.0002646704, -0.00023797008
  -98.174095, -0.0002307894, -0.00023795925
  -98.174095, -0.0002383628, -0.00023795925
  -98.174095, -0.0002160412, -0.00023795925
  -98.174095, -0.0002403558, -0.00023795925
  -98.174095, -0.0002283978, -0.00023795925
  -98.174095, -0.0002383628, -0.00023795925
  -98.174095, -0.0002299922, -0.00023795925
  -98.174095, -0.000245139, -0.00023795925
  -98.174095, -0.0002339782, -0.00023795925
  -98.174095, -0.0002315866, -0.00023795925
  -98.174095, -0.0002419502, -0.00023795925
  -98.174095, -0.0002574956, -0.00023795925
  -98.174095, -0.000231188, -0.00023795925
  -98.174095, -0.0002339782, -0.00023795925
  -98.174095, -0.0002375656, -0.00023795925
  -98.174095, -0.0002268034, -0.00023795925
  -98.174095, -0.0002427474, -0.00023795925
  -98.174095, -0.0002519152, -0.00023795925
  -98.174095, -0.000247132, -0.00023795925
  -98.174095, -0.0002343768, -0.00023795925
  -98.174095, -0.00025909, -0.00023795925
  -98.174095, -0.000251118, -0.00023795925
  -98.174095, -0.000247132, -0.00023795925
  -98.174095, -0.0002395586, -0.00023795925
  -98.174095, -0.0002303908, -0.00023795925
  -98.174095, -0.0002483278, -0.00023795925
  -98.174095, -0.000245139, -0.00023795925
  -98.174095, -0.0002279992, -0.00023795925
  -98.174095, -0.0002483278, -0.00023795925
  -98.174095, -0.0002702508, -0.00023795925
  -98.174095, -0.000235174, -0.00023795925
  -98.174095, -0.0002188314, -0.00023795925
  -98.174095, -0.000241153, -0.00023795925
  -98.174095, -0.0002535096, -0.00023795925
  -98.174095, -0.0002447404, -0.00023795925
  -98.174095, -0.0002403558, -0.00023795925
  -98.174095, -0.0002156426, -0.00023795925
  -98.174095, -0.0002415516, -0.00023795925
  -98.174095, -0.0002439432, -0.00023795925
  -98.174095, -0.0002403558, -0.00023795925
  -98.174095, -0.0002459362, -0.00023795925
  -98.174095, -0.0002268034, -0.00023795925
  -98.174095, -0.0002315866, -0.00023795925
  -98.174095, -0.0002447404, -0.00023795925
  -98.174095, -0.0002256076, -0.00023795925
  -98.174095, -0.0002228174, -0.00023795925
  -98.174095, -0.0002399572, -0.00023795925
  -98.174095, -0.0002435446, -0.00023795925
  -98.174095, -0.0002543068, -0.00023795925
  -98.174095, -0.0002307894, -0.00023795925
  -98.174095, -0.00023916, -0.00023795925
  -98.174095, -0.0002347754, -0.00023795925
  -98.174095, -0.000243146, -0.00023795925
  -98.174095, -0.0002303908, -0.00023795925
  -98.174095, -0.000255104, -0.00023795925
  -98.174095, -0.0002447404, -0.00023795925
  -98.174095, -0.0002415516, -0.00023795925
  -98.174095, -0.0002363698, -0.00023795925
  -98.174095, -0.0002196286, -0.00023795925
  -98.174095, -0.0002307894, -0.00023795925
  -98.174095, -0.0002379642, -0.00023795925
  -98.174095, -0.0002315866, -0.00023795925
  -98.174095, -0.0002367684, -0.00023795925
  -98.174095, -0.000221223, -0.00023795925
  -98.174095, -0.000229195, -0.00023795925
  -98.174095, -0.000245139, -0.00023795925
  -98.174095, -0.0002527124, -0.00023795925
  -98.174095, -0.0002527124, -0.00023795925
  -98.174095, -0.0002467334, -0.00023795925
  -98.174095, -0.0002395586, -0.00023795925
  -98.174095, -0.0002367684, -0.00023795925
  -98.174095, -0.000251118, -0.00023795925
  -98.174095, -0.000241153, -0.00023795925
  -98.174095, -0.0002395586, -0.00023795925
  -98.174095, -0.0002315866, -0.00023795925
  -98.174095, -0.00023916, -0.00023795925
  -98.174095, -0.0002315866, -0.00023795925
  -98.174095, -0.000241153, -0.00023795925
  -98.174095, -0.0002303908, -0.00023795925
  -98.174095, -0.0002403558, -0.00023795925
  -98.174095, -0.000225209, -0.00023795925
  -98.174095, -0.00021923, -0.00023795925
  -98.174095, -0.0002295936, -0.00023795925
  -98.174095, -0.0002355726, -0.00023795925
  -98.174095, -0.0002399572, -0.00023795925
  -98.174095, -0.0002415516, -0.00023795925
  -98.174095, -0.0002423488, -0.00023795925
  -98.174095, -0.0002315866, -0.00023795925
  -98.174095, -0.0002355726, -0.00023795925
  -98.174095, -0.0002208244, -0.00023795925
  -98.174095, -0.000241153, -0.00023795925
  -98.174095, -0.000225209, -0.00023795925
  -98.16764, -0.0002419502, -0.00023794842
  -98.16764, -0.0002268034, -0.00023794842
  -98.16764, -0.0002240132, -0.00023794842
  -98.16764, -0.0002367684, -0.00023794842
  -98.16764, -0.0002355726, -0.00023794842
  -98.16764, -0.0002387614, -0.00023794842
  -98.16764, -0.0002200272, -0.00023794842
  -98.16764, -0.0002116566, -0.00023794842
  -98.16764, -0.0002483278, -0.00023794842
  -98.16764, -0.0002379642, -0.00023794842
  -98.16764, -0.0002367684, -0.00023794842
  -98.16764, -0.000233181, -0.00023794842
  -98.16764, -0.000227202, -0.00023794842
  -98.16764, -0.0002335796, -0.00023794842
  -98.16764, -0.0002180342, -0.00023794842
  -98.16764, -0.0002303908, -0.00023794842
  -98.16764, -0.0002415516, -0.00023794842
  -98.16764, -0.000257097, -0.00023794842
  -98.16764, -0.0002459362, -0.00023794842
  -98.16764, -0.0002395586, -0.00023794842
  -98.16764, -0.000233181, -0.00023794842
  -98.16764, -0.000235174, -0.00023794842
  -98.16764, -0.0002387614, -0.00023794842
  -98.16764, -0.000237167, -0.00023794842
  -98.16764, -0.0002236146, -0.00023794842
  -98.16764, -0.0002327824, -0.00023794842
  -98.16764, -0.000235174, -0.00023794842
  -98.16764, -0.0002355726, -0.00023794842
  -98.16764, -0.0002307894, -0.00023794842
  -98.16764, -0.0002483278, -0.00023794842
  -98.16764, -0.0002367684, -0.00023794842
  -98.16764, -0.0002407544, -0.00023794842
  -98.16764, -0.0002383628, -0.00023794842
  -98.16764, -0.0002379642, -0.00023794842
  -98.16764, -0.0002359712, -0.00023794842
  -98.16764, -0.0002403558, -0.00023794842
  -98.16764, -0.0002527124, -0.00023794842
  -98.16764, -0.0002463348, -0.00023794842
  -98.16764, -0.0002479292, -0.00023794842
  -98.16764, -0.000243146, -0.00023794842
  -98.16764, -0.0002415516, -0.00023794842
  -98.16764, -0.000237167, -0.00023794842
  -98.16764, -0.0002395586, -0.00023794842
  -98.16764, -0.0002363698, -0.00023794842
  -98.16764, -0.0002375656, -0.00023794842
  -98.16764, -0.0002343768, -0.00023794842
  -98.16764, -0.000241153, -0.00023794842
  -98.161185, -0.0002626774, -0.00023793759
  -98.161185, -0.0002435446, -0.00023793759
  -98.161185, -0.000237167, -0.00023793759
  -98.161185, -0.000251118, -0.00023793759
  -98.161185, -0.0002355726, -0.00023793759
  -98.161185, -0.000237167, -0.00023793759
  -98.161185, -0.000229195, -0.00023793759
  -98.161185, -0.000221223, -0.00023793759
  -98.161185, -0.0002180342, -0.00023793759
  -98.161185, -0.00025909, -0.00023793759
  -98.161185, -0.0002419502, -0.00023793759
  -98.161185, -0.0002228174, -0.00023793759
  -98.161185, -0.0002395586, -0.00023793759
  -98.161185, -0.0002503208, -0.00023793759
  -98.161185, -0.000257097, -0.00023793759
  -98.161185, -0.0002415516, -0.00023793759
  -98.161185, -0.0002423488, -0.00023793759
  -98.161185, -0.0002335796, -0.00023793759
  -98.161185, -0.000245139, -0.00023793759
  -98.161185, -0.0002236146, -0.00023793759
  -98.161185, -0.000249125, -0.00023793759
  -98.15473, -0.000271048, -0.00023792676
  -98.15473, -0.0002654676, -0.00023792676
  -98.15473, -0.0002299922, -0.00023792676
  -98.15473, -0.0002287964, -0.00023792676
  -98.15473, -0.0002395586, -0.00023792676
  -98.15473, -0.0002303908, -0.00023792676
  -98.15473, -0.0002495236, -0.00023792676
  -98.15473, -0.0002287964, -0.00023792676
  -98.15473, -0.0002283978, -0.00023792676
  -98.15473, -0.0002339782, -0.00023792676
  -98.15473, -0.0002299922, -0.00023792676
  -98.148275, -0.00023916, -0.00023791593
  -98.148275, -0.0002439432, -0.00023791593
  -98.148275, -0.000253111, -0.00023791593
  -98.135365, -0.0002168384, -0.00023789427
  -98.12891, -0.0002276006, -0.00023788344
  -98.12891, -0.0002459362, -0.00023788344
  -98.122455, -0.0002499222, -0.00023787261
  -98.122455, -0.0002582928, -0.00023787261
  -98.116, -0.0002447404, -0.00023786178
  -98.116, -0.0002539082, -0.00023786178
  -98.109545, -0.000249125, -0.00023785095
  -98.10309, -0.0002260062, -0.00023784012
  -98.10309, -0.0002499222, -0.00023784012
  -98.09018, -0.0002367684, -0.00023781846
  -98.07727, -0.0002539082, -0.0002377968
  -98.06436, -0.000241153, -0.00023777515
  -98.05145, -0.0002487264, -0.00023775349
  -98.044995, -0.0002606844, -0.00023774266
  -98.019175, -0.0002519152, -0.00023769934
  -97.9869, -0.0002463348, -0.00023764519
  -97.967535, -0.0002562998, -0.0002376127
  -97.902985, -0.000245139, -0.00023750441
  -97.890075, -0.0002379642, -0.00023748275
  -97.838435, -0.0002495236, -0.00023739611
  -97.79325, -0.000255104, -0.00023732031
  -97.786795, -0.0002443418, -0.00023730948
  -97.7287, -0.0002403558, -0.00023721201
  -97.70288, -0.000245139, -0.0002371687
  -97.65124, -0.0002459362, -0.00023708206
  -97.62542, -0.000241153, -0.00023703874
  -97.54796, -0.0002459362, -0.00023690879
  -97.53505, -0.0002566984, -0.00023688713
  -97.48341, -0.0002427474, -0.00023680049
  -97.412405, -0.000237167, -0.00023668137
  -97.360765, -0.000253111, -0.00023659473
  -97.334945, -0.0002427474, -0.00023655141
  -97.27685, -0.000247132, -0.00023645395
  -97.244575, -0.0002507194, -0.0002363998
  -97.19939, -0.0002618802, -0.000236324
  -97.167115, -0.0002483278, -0.00023626985
  -97.154205, -0.0002339782, -0.00023624819
  -97.12193, -0.00021923, -0.00023619404
  -97.076745, -0.0002196286, -0.00023611824
  -97.050925, -0.0002307894, -0.00023607492
  -97.01865, -0.0002327824, -0.00023602077
  -96.999285, -0.0002407544, -0.00023598828
  -96.99283, -0.000247132, -0.00023597745
  -96.97992, -0.000245139, -0.00023595579
  -96.960555, -0.000229195, -0.00023592331
  -96.947645, -0.0002323838, -0.00023590165
  -96.921825, -0.000253111, -0.00023585833
  -96.908915, -0.0002419502, -0.00023583667
  -96.88955, -0.0002335796, -0.00023580418
  -96.88955, -0.0002399572, -0.00023580418
  -96.883095, -0.0002303908, -0.00023579335
  -96.87664, -0.0002355726, -0.00023578252
  -96.86373, -0.0002208244, -0.00023576086
  -96.86373, -0.0002268034, -0.00023576086
  -96.857275, -0.0002248104, -0.00023575003
  -96.857275, -0.0002323838, -0.00023575003
  -96.857275, -0.0002339782, -0.00023575003
  -96.85082, -0.0002295936, -0.0002357392
  -96.85082, -0.0002236146, -0.0002357392
  -96.844365, -0.0002503208, -0.00023572837
  -96.844365, -0.0002276006, -0.00023572837
  -96.844365, -0.0002523138, -0.00023572837
  -96.83791, -0.000249125, -0.00023571754
  -96.83791, -0.0002407544, -0.00023571754
  -96.83791, -0.0002439432, -0.00023571754
  -96.83791, -0.0002319852, -0.00023571754
  -96.831455, -0.0002236146, -0.00023570672
  -96.831455, -0.0002463348, -0.00023570672
  -96.831455, -0.0002335796, -0.00023570672
  -96.831455, -0.000227202, -0.00023570672
  -96.831455, -0.0002355726, -0.00023570672
  -96.831455, -0.00023916, -0.00023570672
  -96.825, -0.0002268034, -0.00023569589
  -96.825, -0.0002295936, -0.00023569589
  -96.825, -0.0002419502, -0.00023569589
  -96.825, -0.0002582928, -0.00023569589
  -96.825, -0.000243146, -0.00023569589
  -96.825, -0.0002539082, -0.00023569589
  -96.825, -0.0002483278, -0.00023569589
  -96.825, -0.0002574956, -0.00023569589
  -96.825, -0.0002499222, -0.00023569589
  -96.825, -0.0002295936, -0.00023569589
  -96.818545, -0.0002515166, -0.00023568506
  -96.818545, -0.000231188, -0.00023568506
  -96.818545, -0.0002638732, -0.00023568506
  -96.818545, -0.000257097, -0.00023568506
  -96.818545, -0.0002459362, -0.00023568506
  -96.818545, -0.0002395586, -0.00023568506
  -96.818545, -0.0002515166, -0.00023568506
  -96.818545, -0.0002566984, -0.00023568506
  -96.818545, -0.000241153, -0.00023568506
  -96.818545, -0.0002319852, -0.00023568506
  -96.818545, -0.0002315866, -0.00023568506
  -96.818545, -0.0002543068, -0.00023568506
  -96.818545, -0.0002419502, -0.00023568506
  -96.818545, -0.0002339782, -0.00023568506
  -96.818545, -0.0002283978, -0.00023568506
  -96.818545, -0.0002343768, -0.00023568506
  -96.818545, -0.0002144468, -0.00023568506
  -96.818545, -0.0002407544, -0.00023568506
  -96.81209, -0.000253111, -0.00023567423
  -96.81209, -0.0002295936, -0.00023567423
  -96.81209, -0.0002523138, -0.00023567423
  -96.81209, -0.0002439432, -0.00023567423
  -96.81209, -0.0002355726, -0.00023567423
  -96.81209, -0.0002539082, -0.00023567423
  -96.81209, -0.0002435446, -0.00023567423
  -96.81209, -0.0002367684, -0.00023567423
  -96.81209, -0.000225209, -0.00023567423
  -96.81209, -0.0002419502, -0.00023567423
  -96.81209, -0.0002287964, -0.00023567423
  -96.805635, -0.0002459362, -0.0002356634
  -96.805635, -0.0002303908, -0.0002356634
  -96.805635, -0.0002419502, -0.0002356634
  -96.805635, -0.0002495236, -0.0002356634
  -96.79918, -0.0002299922, -0.00023565257
  -96.79918, -0.000223216, -0.00023565257
  -96.79918, -0.0002204258, -0.00023565257
  -96.79918, -0.0002303908, -0.00023565257
  -96.79918, -0.0002228174, -0.00023565257
  -96.79918, -0.000229195, -0.00023565257
  -96.79918, -0.0002347754, -0.00023565257
  -96.79918, -0.000223216, -0.00023565257
  -96.79918, -0.0002268034, -0.00023565257
  -96.79918, -0.0002403558, -0.00023565257
  -96.79918, -0.00023916, -0.00023565257
  -96.792725, -0.0002483278, -0.00023564174
  -96.792725, -0.0002399572, -0.00023564174
  -96.792725, -0.0002339782, -0.00023564174
  -96.792725, -0.000229195, -0.00023564174
  -96.792725, -0.000243146, -0.00023564174
  -96.78627, -0.000255104, -0.00023563091
  -96.78627, -0.0002495236, -0.00023563091
  -96.78627, -0.0002295936, -0.00023563091
  -96.779815, -0.0002339782, -0.00023562008
  -96.779815, -0.0002347754, -0.00023562008
  -96.779815, -0.0002355726, -0.00023562008
  -96.779815, -0.0002343768, -0.00023562008
  -96.779815, -0.0002355726, -0.00023562008
  -96.779815, -0.0002315866, -0.00023562008
  -96.779815, -0.0002276006, -0.00023562008
  -96.77336, -0.0002439432, -0.00023560925
  -96.77336, -0.000225209, -0.00023560925
  -96.77336, -0.0002347754, -0.00023560925
  -96.766905, -0.000237167, -0.00023559842
  -96.76045, -0.0002216216, -0.00023558759
  -96.753995, -0.0002359712, -0.00023557676
  -96.753995, -0.0002355726, -0.00023557676
  -96.741085, -0.0002419502, -0.0002355551
  -96.741085, -0.0002495236, -0.0002355551
  -96.73463, -0.0002467334, -0.00023554427
  -96.73463, -0.0002443418, -0.00023554427
  -96.72172, -0.0002439432, -0.00023552261
  -96.715265, -0.0002423488, -0.00023551178
  -96.70881, -0.0002176356, -0.00023550096
  -96.6959, -0.0002415516, -0.0002354793
  -96.676535, -0.0002399572, -0.00023544681
  -96.65717, -0.0002539082, -0.00023541432
  -96.637805, -0.000241153, -0.00023538183
  -96.63135, -0.000235174, -0.000235371
  -96.61844, -0.0002220202, -0.00023534934
  -96.60553, -0.0002347754, -0.00023532768
  -96.573255, -0.0002383628, -0.00023527354
  -96.534525, -0.0002148454, -0.00023520856
  -96.534525, -0.0002495236, -0.00023520856
  -96.495795, -0.0002455376, -0.00023514358
  -96.444155, -0.0002483278, -0.00023505695
  -96.4377, -0.0002168384, -0.00023504612
  -96.379605, -0.0002503208, -0.00023494865
  -96.327965, -0.0002220202, -0.00023486202
  -96.302145, -0.0002339782, -0.0002348187
  -96.211775, -0.0002383628, -0.00023466708
  -96.20532, -0.000231188, -0.00023465626
  -96.11495, -0.0002427474, -0.00023450464
  -96.082675, -0.0002295936, -0.00023445049
  -96.018125, -0.0002439432, -0.0002343422
  -95.96003, -0.000227202, -0.00023424473
  -95.901935, -0.0002387614, -0.00023414727
  -95.837385, -0.0002184328, -0.00023403897
  -95.772835, -0.0002419502, -0.00023393068
  -95.695375, -0.0002120552, -0.00023380072
  -95.630825, -0.000241153, -0.00023369243
  -95.553365, -0.000227202, -0.00023356248
  -95.475905, -0.0002319852, -0.00023343252
  -95.41781, -0.0002279992, -0.00023333506
  -95.31453, -0.00023916, -0.00023316178
  -95.2758, -0.0002248104, -0.00023309681
  -95.1467, -0.0002423488, -0.00023288022
  -95.13379, -0.0002427474, -0.00023285856
  -95.0176, -0.000233181, -0.00023266363
  -94.933685, -0.0002415516, -0.00023252284
  -94.894955, -0.0002407544, -0.00023245787
  -94.78522, -0.0002276006, -0.00023227376
  -94.701305, -0.000237167, -0.00023213298
  -94.66903, -0.0002160412, -0.00023207883
  -94.56575, -0.0002116566, -0.00023190556
  -94.46247, -0.0002164398, -0.00023173229
  -94.44956, -0.0002403558, -0.00023171063
  -94.3721, -0.0002295936, -0.00023158067
  -94.28173, -0.0002299922, -0.00023142906
  -94.197815, -0.0002327824, -0.00023128828
  -94.19136, -0.0002463348, -0.00023127745
  -94.1139, -0.0002303908, -0.00023114749
  -94.04935, -0.0002188314, -0.0002310392
  -93.97189, -0.0002260062, -0.00023090924
  -93.900885, -0.0002220202, -0.00023079012
  -93.89443, -0.0002443418, -0.00023077929
  -93.8557, -0.0002287964, -0.00023071431
  -93.797605, -0.0002248104, -0.00023061685
  -93.745965, -0.0002200272, -0.00023053021
  -93.707235, -0.0002248104, -0.00023046523
  -93.66205, -0.00023916, -0.00023038943
  -93.62332, -0.000249125, -0.00023032445
  -93.591045, -0.00023916, -0.0002302703
  -93.58459, -0.0002248104, -0.00023025947
  -93.55877, -0.0002315866, -0.00023021615
  -93.53295, -0.0002435446, -0.00023017283
  -93.50713, -0.0002355726, -0.00023012952
  -93.48131, -0.0002387614, -0.0002300862
  -93.48131, -0.0002335796, -0.0002300862
  -93.461945, -0.000229195, -0.00023005371
  -93.44258, -0.0002427474, -0.00023002122
  -93.423215, -0.0002256076, -0.00022998873
  -93.423215, -0.0002335796, -0.00022998873
  -93.423215, -0.000263076, -0.00022998873
  -93.41676, -0.0002128524, -0.0002299779
  -93.41676, -0.0002080692, -0.0002299779
  -93.410305, -0.0002279992, -0.00022996707
  -93.410305, -0.00021923, -0.00022996707
  -93.410305, -0.0002335796, -0.00022996707
  -93.410305, -0.000221223, -0.00022996707
  -93.410305, -0.0002220202, -0.00022996707
  -93.40385, -0.000223216, -0.00022995624
  -93.40385, -0.0002315866, -0.00022995624
  -93.40385, -0.0002204258, -0.00022995624
  -93.397395, -0.0002367684, -0.00022994541
  -93.397395, -0.0002184328, -0.00022994541
  -93.397395, -0.000223216, -0.00022994541
  -93.397395, -0.000223216, -0.00022994541
  -93.397395, -0.000213251, -0.00022994541
  -93.397395, -0.0002335796, -0.00022994541
  -93.397395, -0.0002495236, -0.00022994541
  -93.39094, -0.000221223, -0.00022993458
  -93.39094, -0.0002315866, -0.00022993458
  -93.39094, -0.0002283978, -0.00022993458
  -93.39094, -0.000235174, -0.00022993458
  -93.39094, -0.0002224188, -0.00022993458
  -93.39094, -0.0002208244, -0.00022993458
  -93.39094, -0.0002196286, -0.00022993458
  -93.39094, -0.0002180342, -0.00022993458
  -93.39094, -0.000211258, -0.00022993458
  -93.39094, -0.0002327824, -0.00022993458
  -93.39094, -0.0002216216, -0.00022993458
  -93.39094, -0.0002244118, -0.00022993458
  -93.39094, -0.000227202, -0.00022993458
  -93.39094, -0.0002188314, -0.00022993458
  -93.39094, -0.0002064748, -0.00022993458
  -93.384485, -0.0002240132, -0.00022992376
  -93.384485, -0.0002399572, -0.00022992376
  -93.384485, -0.0002244118, -0.00022992376
  -93.384485, -0.0002383628, -0.00022992376
  -93.384485, -0.0002315866, -0.00022992376
  -93.384485, -0.0002244118, -0.00022992376
  -93.384485, -0.0002220202, -0.00022992376
  -93.384485, -0.000227202, -0.00022992376
  -93.384485, -0.0002220202, -0.00022992376
  -93.384485, -0.0002327824, -0.00022992376
  -93.384485, -0.0002379642, -0.00022992376
  -93.384485, -0.0002283978, -0.00022992376
  -93.37803, -0.000227202, -0.00022991293
  -93.37803, -0.0002347754, -0.00022991293
  -93.37803, -0.0002383628, -0.00022991293
  -93.37803, -0.0002256076, -0.00022991293
  -93.37803, -0.0002323838, -0.00022991293
  -93.37803, -0.0002415516, -0.00022991293
  -93.37803, -0.0002248104, -0.00022991293
  -93.37803, -0.0002415516, -0.00022991293
  -93.37803, -0.0002319852, -0.00022991293
  -93.37803, -0.000245139, -0.00022991293
  -93.37803, -0.0002160412, -0.00022991293
  -93.37803, -0.0002248104, -0.00022991293
  -93.37803, -0.0002248104, -0.00022991293
  -93.371575, -0.0002279992, -0.0002299021
  -93.371575, -0.0002347754, -0.0002299021
  -93.371575, -0.000233181, -0.0002299021
  -93.371575, -0.000225209, -0.0002299021
  -93.371575, -0.0002188314, -0.0002299021
  -93.371575, -0.0002160412, -0.0002299021
  -93.371575, -0.0002487264, -0.0002299021
  -93.371575, -0.0002319852, -0.0002299021
  -93.371575, -0.0002264048, -0.0002299021
  -93.371575, -0.0002363698, -0.0002299021
  -93.36512, -0.0002363698, -0.00022989127
  -93.36512, -0.0002355726, -0.00022989127
  -93.36512, -0.0002208244, -0.00022989127
  -93.358665, -0.0002335796, -0.00022988044
  -93.358665, -0.000233181, -0.00022988044
  -93.358665, -0.00021923, -0.00022988044
  -93.358665, -0.0002216216, -0.00022988044
  -93.358665, -0.0002240132, -0.00022988044
  -93.358665, -0.0002279992, -0.00022988044
  -93.358665, -0.0002395586, -0.00022988044
  -93.345755, -0.0002228174, -0.00022985878
  -93.332845, -0.0002220202, -0.00022983712
  -93.32639, -0.0002200272, -0.00022982629
  -93.319935, -0.0002355726, -0.00022981546
  -93.31348, -0.0002044818, -0.00022980463
  -93.30057, -0.000257097, -0.00022978297
  -93.294115, -0.000247132, -0.00022977214
  -93.294115, -0.0002523138, -0.00022977214
  -93.281205, -0.000247132, -0.00022975048
  -93.27475, -0.000249125, -0.00022973965
  -93.242475, -0.0002299922, -0.0002296855
  -93.242475, -0.0002355726, -0.0002296855
  -93.216655, -0.0002299922, -0.00022964219
  -93.190835, -0.0002220202, -0.00022959887
  -93.17147, -0.0002200272, -0.00022956638
  -93.165015, -0.0002279992, -0.00022955555
  -93.13274, -0.0002335796, -0.0002295014
  -93.087555, -0.000235174, -0.0002294256
  -93.0811, -0.0002295936, -0.00022941477
  -93.02946, -0.0002439432, -0.00022932813
  -92.971365, -0.0002399572, -0.00022923066
  -92.96491, -0.0002240132, -0.00022921983
  -92.88745, -0.0002256076, -0.00022908988
  -92.855175, -0.0002144468, -0.00022903573
  -92.79708, -0.0002264048, -0.00022893827
  -92.751895, -0.0002060762, -0.00022886246
  -92.70671, -0.0002248104, -0.00022878665
  -92.635705, -0.0002100622, -0.00022866753
  -92.60343, -0.000217237, -0.00022861338
  -92.51306, -0.0002144468, -0.00022846176
  -92.480785, -0.0002220202, -0.00022840762
  -92.390415, -0.0002236146, -0.000228256
  -92.364595, -0.0002295936, -0.00022821268
  -92.25486, -0.0002279992, -0.00022802858
  -92.22904, -0.0002419502, -0.00022798526
  -92.11285, -0.0002343768, -0.00022779033
  -92.07412, -0.0002403558, -0.00022772535
  -91.99666, -0.0002180342, -0.0002275954
  -91.912745, -0.0002343768, -0.00022745461
  -91.85465, -0.0002076706, -0.00022735715
  -91.744915, -0.0002295936, -0.00022717304
  -91.71264, -0.0002124538, -0.00022711889
  -91.57063, -0.0002160412, -0.00022688064
  -91.55772, -0.00021923, -0.00022685898
  -91.44153, -0.0002228174, -0.00022666405
  -91.344705, -0.000209265, -0.00022650161
  -91.31243, -0.0002188314, -0.00022644746
  -91.189785, -0.0002064748, -0.0002262417
  -91.10587, -0.0002220202, -0.00022610091
  -91.073595, -0.0002164398, -0.00022604676
  -90.957405, -0.000231188, -0.00022585183
  -90.87349, -0.0002455376, -0.00022571104
  -90.84767, -0.0002236146, -0.00022566772
  -90.763755, -0.0002279992, -0.00022552694
  -90.660475, -0.0002383628, -0.00022535366
  -90.61529, -0.000225209, -0.00022527786
  -90.55074, -0.0002499222, -0.00022516956
  -90.47328, -0.0002168384, -0.0002250396
  -90.39582, -0.000201293, -0.00022490965
  -90.324815, -0.0002136496, -0.00022479052
  -90.30545, -0.0002216216, -0.00022475803
  -90.25381, -0.0002208244, -0.0002246714
  -90.195715, -0.0002228174, -0.00022457393
  -90.131165, -0.0002244118, -0.00022446563
  -90.07307, -0.0002295936, -0.00022436816
  -90.027885, -0.0002287964, -0.00022429236
  -89.99561, -0.0002335796, -0.00022423821
  -89.99561, -0.0002208244, -0.00022423821
  -89.95688, -0.000215244, -0.00022417323
  -89.91815, -0.0002208244, -0.00022410825
  -89.885875, -0.0002140482, -0.0002240541
  -89.86651, -0.0002220202, -0.00022402161
  -89.84069, -0.000241153, -0.0002239783
  -89.821325, -0.0002236146, -0.00022394581
  -89.795505, -0.0002196286, -0.00022390249
  -89.782595, -0.0002140482, -0.00022388083
  -89.782595, -0.0002200272, -0.00022388083
  -89.77614, -0.000225209, -0.00022387
  -89.76323, -0.0002108594, -0.00022384834
  -89.756775, -0.0002319852, -0.00022383751
  -89.756775, -0.000215244, -0.00022383751
  -89.75032, -0.0002359712, -0.00022382668
  -89.743865, -0.0002008944, -0.00022381585
  -89.73741, -0.0002359712, -0.00022380502
  -89.73741, -0.0002244118, -0.00022380502
  -89.73741, -0.000203286, -0.00022380502
  -89.73741, -0.0002060762, -0.00022380502
  -89.730955, -0.000221223, -0.00022379419
  -89.730955, -0.000213251, -0.00022379419
  -89.730955, -0.0002216216, -0.00022379419
  -89.730955, -0.000209265, -0.00022379419
  -89.730955, -0.0002276006, -0.00022379419
  -89.730955, -0.0002080692, -0.00022379419
  -89.730955, -0.0002056776, -0.00022379419
  -89.730955, -0.0002168384, -0.00022379419
  -89.730955, -0.000209265, -0.00022379419
  -89.730955, -0.0002208244, -0.00022379419
  -89.730955, -0.000229195, -0.00022379419
  -89.730955, -0.0002048804, -0.00022379419
  -89.730955, -0.0002323838, -0.00022379419
  -89.7245, -0.0002323838, -0.00022378336
  -89.7245, -0.0002148454, -0.00022378336
  -89.7245, -0.0002216216, -0.00022378336
  -89.7245, -0.0002248104, -0.00022378336
  -89.7245, -0.000217237, -0.00022378336
  -89.7245, -0.0002196286, -0.00022378336
  -89.7245, -0.0002116566, -0.00022378336
  -89.7245, -0.0002236146, -0.00022378336
  -89.7245, -0.0002220202, -0.00022378336
  -89.7245, -0.0002040832, -0.00022378336
  -89.7245, -0.0002196286, -0.00022378336
  -89.7245, -0.0002128524, -0.00022378336
  -89.7245, -0.000221223, -0.00022378336
  -89.7245, -0.0002260062, -0.00022378336
  -89.7245, -0.0002224188, -0.00022378336
  -89.7245, -0.0002363698, -0.00022378336
  -89.718045, -0.0002156426, -0.00022377253
  -89.718045, -0.0002299922, -0.00022377253
  -89.718045, -0.0002387614, -0.00022377253
  -89.718045, -0.0002220202, -0.00022377253
  -89.718045, -0.000203286, -0.00022377253
  -89.718045, -0.0002208244, -0.00022377253
  -89.718045, -0.0002268034, -0.00022377253
  -89.718045, -0.0002268034, -0.00022377253
  -89.718045, -0.0002116566, -0.00022377253
  -89.718045, -0.0002200272, -0.00022377253
  -89.718045, -0.0002279992, -0.00022377253
  -89.718045, -0.0002160412, -0.00022377253
  -89.718045, -0.0002443418, -0.00022377253
  -89.71159, -0.000227202, -0.0002237617
  -89.71159, -0.0002068734, -0.0002237617
  -89.71159, -0.000223216, -0.0002237617
  -89.71159, -0.000229195, -0.0002237617
  -89.705135, -0.0002268034, -0.00022375087
  -89.705135, -0.000217237, -0.00022375087
  -89.705135, -0.0002423488, -0.00022375087
  -89.705135, -0.000215244, -0.00022375087
  -89.69868, -0.000233181, -0.00022374004
  -89.69868, -0.000235174, -0.00022374004
  -89.69868, -0.0002136496, -0.00022374004
  -89.69868, -0.0002375656, -0.00022374004
  -89.69868, -0.0002419502, -0.00022374004
  -89.69868, -0.0002136496, -0.00022374004
  -89.69868, -0.0002064748, -0.00022374004
  -89.69868, -0.0002268034, -0.00022374004
  -89.69868, -0.0002136496, -0.00022374004
  -89.69868, -0.000225209, -0.00022374004
  -89.69868, -0.0002323838, -0.00022374004
  -89.69868, -0.0002160412, -0.00022374004
  -89.69868, -0.0002228174, -0.00022374004
  -89.692225, -0.0001965098, -0.00022372921
  -89.692225, -0.0002208244, -0.00022372921
  -89.692225, -0.0002204258, -0.00022372921
  -89.692225, -0.0002156426, -0.00022372921
  -89.692225, -0.000221223, -0.00022372921
  -89.679315, -0.0002136496, -0.00022370755
  -89.666405, -0.0002144468, -0.00022368589
  -89.666405, -0.0002068734, -0.00022368589
  -89.65995, -0.000215244, -0.00022367506
  -89.65995, -0.000215244, -0.00022367506
  -89.653495, -0.0002208244, -0.00022366423
  -89.640585, -0.0002188314, -0.00022364257
  -89.640585, -0.0002140482, -0.00022364257
  -89.62122, -0.0002164398, -0.00022361009
  -89.614765, -0.0002148454, -0.00022359926
  -89.5954, -0.0002136496, -0.00022356677
  -89.58249, -0.0002148454, -0.00022354511
  -89.56958, -0.000211258, -0.00022352345
  -89.537305, -0.0002180342, -0.0002234693
  -89.498575, -0.000215244, -0.00022340432
  -89.498575, -0.0002208244, -0.00022340432
  -89.4663, -0.000221223, -0.00022335017
  -89.421115, -0.000215244, -0.00022327436
  -89.408205, -0.0002108594, -0.0002232527
  -89.356565, -0.00021923, -0.00022316607
  -89.317835, -0.0002156426, -0.00022310109
  -89.28556, -0.0002080692, -0.00022304694
  -89.22101, -0.0002335796, -0.00022293864
  -89.214555, -0.0002100622, -0.00022292781
  -89.11773, -0.0002124538, -0.00022276537
  -89.111275, -0.0002224188, -0.00022275454
  -89.020905, -0.0002315866, -0.00022260292
  -88.995085, -0.0002295936, -0.0002225596
  -88.92408, -0.0002168384, -0.00022244047
  -88.878895, -0.0002264048, -0.00022236467
  -88.814345, -0.000207272, -0.00022225637
  -88.775615, -0.000215244, -0.00022219139
  -88.698155, -0.0002140482, -0.00022206143
  -88.65297, -0.0002323838, -0.00022198562
  -88.57551, -0.0002208244, -0.00022185567
  -88.52387, -0.0002327824, -0.00022176903
  -88.4335, -0.000231188, -0.00022161741
  -88.40768, -0.000215244, -0.00022157409
  -88.29149, -0.0002028874, -0.00022137916
  -88.285035, -0.000241153, -0.00022136833
  -88.16239, -0.0002076706, -0.00022116256
  -88.130115, -0.0002383628, -0.00022110841
  -88.03329, -0.0002084678, -0.00022094596
  -87.949375, -0.0002188314, -0.00022080517
  -87.910645, -0.000217237, -0.0002207402
  -87.77509, -0.0002264048, -0.00022051277
  -87.768635, -0.0002260062, -0.00022050194
  -87.652445, -0.0002299922, -0.000220307
  -87.574985, -0.0002299922, -0.00022017704
  -87.51689, -0.0002435446, -0.00022007957
  -87.4007, -0.0002483278, -0.00021988464
  -87.368425, -0.0002343768, -0.00021983049
  -87.290965, -0.0002299922, -0.00021970053
  -87.18123, -0.0002196286, -0.00021951642
  -87.12959, -0.0002276006, -0.00021942978
  -87.071495, -0.0002244118, -0.00021933231
  -86.96176, -0.0002096636, -0.0002191482
  -86.8843, -0.0002076706, -0.00021901824
  -86.87139, -0.0002128524, -0.00021899658
  -86.800385, -0.0002200272, -0.00021887745
  -86.710015, -0.0002208244, -0.00021872583
  -86.6261, -0.000223216, -0.00021858504
  -86.57446, -0.000235174, -0.0002184984
  -86.542185, -0.0002188314, -0.00021844425
  -86.48409, -0.0002236146, -0.00021834678
  -86.425995, -0.0002224188, -0.00021824931
  -86.361445, -0.000217237, -0.00021814101
  -86.30335, -0.0002236146, -0.00021804354
  -86.26462, -0.0002200272, -0.00021797856
  -86.26462, -0.0002459362, -0.00021797856
  -86.206525, -0.0002160412, -0.00021788109
  -86.16134, -0.0002299922, -0.00021780528
  -86.13552, -0.0002128524, -0.00021776196
  -86.1097, -0.0002064748, -0.00021771864
  -86.08388, -0.00021923, -0.00021767532
  -86.064515, -0.0001996986, -0.00021764283
  -86.05806, -0.0001877406, -0.000217632
  -86.038695, -0.0002060762, -0.00021759951
  -86.01933, -0.0002276006, -0.00021756702
  -86.01933, -0.0002180342, -0.00021756702
  -86.012875, -0.0002447404, -0.00021755619
  -85.99351, -0.0002240132, -0.0002175237
  -85.99351, -0.0002319852, -0.0002175237
  -85.987055, -0.0002168384, -0.00021751287
  -85.987055, -0.0002260062, -0.00021751287
  -85.987055, -0.0002335796, -0.00021751287
  -85.9806, -0.0002180342, -0.00021750204
  -85.9806, -0.000209265, -0.00021750204
  -85.9806, -0.0002188314, -0.00021750204
  -85.974145, -0.0002120552, -0.00021749121
  -85.974145, -0.0002144468, -0.00021749121
  -85.96769, -0.0002355726, -0.00021748038
  -85.96769, -0.0002208244, -0.00021748038
  -85.96769, -0.000215244, -0.00021748038
  -85.96769, -0.000221223, -0.00021748038
  -85.96769, -0.0001996986, -0.00021748038
  -85.96769, -0.0002419502, -0.00021748038
  -85.96769, -0.0002200272, -0.00021748038
  -85.961235, -0.0002048804, -0.00021746955
  -85.961235, -0.0002144468, -0.00021746955
  -85.961235, -0.0002160412, -0.00021746955
  -85.961235, -0.0002164398, -0.00021746955
  -85.95478, -0.0002044818, -0.00021745872
  -85.95478, -0.0002048804, -0.00021745872
  -85.95478, -0.0002244118, -0.00021745872
  -85.95478, -0.0002148454, -0.00021745872
  -85.95478, -0.000225209, -0.00021745872
  -85.95478, -0.000235174, -0.00021745872
  -85.95478, -0.0002479292, -0.00021745872
  -85.95478, -0.0002236146, -0.00021745872
  -85.95478, -0.0002200272, -0.00021745872
  -85.95478, -0.0002196286, -0.00021745872
  -85.95478, -0.000201293, -0.00021745872
  -85.95478, -0.0001996986, -0.00021745872
  -85.95478, -0.000205279, -0.00021745872
  -85.948325, -0.0001977056, -0.00021744789
  -85.948325, -0.0001941182, -0.00021744789
  -85.948325, -0.0002088664, -0.00021744789
  -85.948325, -0.000221223, -0.00021744789
  -85.948325, -0.000209265, -0.00021744789
  -85.948325, -0.0002036846, -0.00021744789
  -85.948325, -0.0002359712, -0.00021744789
  -85.948325, -0.000211258, -0.00021744789
  -85.948325, -0.000211258, -0.00021744789
  -85.948325, -0.0002140482, -0.00021744789
  -85.948325, -0.0002008944, -0.00021744789
  -85.948325, -0.0002200272, -0.00021744789
  -85.948325, -0.0002220202, -0.00021744789
  -85.94187, -0.0002148454, -0.00021743706
  -85.94187, -0.0002128524, -0.00021743706
  -85.94187, -0.0002104608, -0.00021743706
  -85.94187, -0.0002124538, -0.00021743706
  -85.94187, -0.0001993, -0.00021743706
  -85.94187, -0.0002144468, -0.00021743706
  -85.94187, -0.0002168384, -0.00021743706
  -85.935415, -0.0002244118, -0.00021742623
  -85.935415, -0.0002204258, -0.00021742623
  -85.935415, -0.0002164398, -0.00021742623
  -85.935415, -0.0002180342, -0.00021742623
  -85.935415, -0.0002064748, -0.00021742623
  -85.935415, -0.0002096636, -0.00021742623
  -85.92896, -0.0002140482, -0.0002174154
  -85.92896, -0.0002144468, -0.0002174154
  -85.92896, -0.0002256076, -0.0002174154
  -85.92896, -0.000213251, -0.0002174154
  -85.92896, -0.0002144468, -0.0002174154
  -85.922505, -0.0001929224, -0.00021740457
  -85.91605, -0.0002240132, -0.00021739374
  -85.91605, -0.0002168384, -0.00021739374
  -85.91605, -0.0002060762, -0.00021739374
  -85.91605, -0.0002080692, -0.00021739374
  -85.909595, -0.0002200272, -0.00021738291
  -85.90314, -0.0002080692, -0.00021737208
  -85.883775, -0.0002303908, -0.00021733959
  -85.883775, -0.000223216, -0.00021733959
  -85.87732, -0.00021923, -0.00021732876
  -85.857955, -0.0002208244, -0.00021729627
  -85.857955, -0.0002160412, -0.00021729627
  -85.8515, -0.000225209, -0.00021728544
  -85.845045, -0.0002068734, -0.00021727461
  -85.83859, -0.0002208244, -0.00021726378
  -85.819225, -0.0002116566, -0.00021723129
  -85.79986, -0.0002220202, -0.0002171988
  -85.793405, -0.0002180342, -0.00021718797
  -85.76113, -0.000209265, -0.00021713382
  -85.76113, -0.000217237, -0.00021713382
  -85.7224, -0.0002264048, -0.00021706884
  -85.677215, -0.0002303908, -0.00021699303
  -85.677215, -0.0002128524, -0.00021699303
  -85.64494, -0.0002240132, -0.00021693888
  -85.5933, -0.0002176356, -0.00021685224
  -85.5933, -0.000197307, -0.00021685224
  -85.54166, -0.0002124538, -0.00021676559
  -85.49002, -0.0002068734, -0.00021667895
  -85.483565, -0.0002256076, -0.00021666812
  -85.41256, -0.0002180342, -0.00021654899
  -85.38674, -0.0002084678, -0.00021650567
  -85.328645, -0.000215244, -0.0002164082
  -85.289915, -0.0002156426, -0.00021634322
  -85.25764, -0.0002256076, -0.00021628907
  -85.19309, -0.000209265, -0.00021618077
  -85.16727, -0.0002303908, -0.00021613745
  -85.08981, -0.0002279992, -0.00021600748
  -85.0769, -0.0002244118, -0.00021598582
  -84.980075, -0.0002220202, -0.00021582337
  -84.980075, -0.0002216216, -0.00021582337
  -84.876795, -0.0002136496, -0.00021565009
  -84.863885, -0.0002148454, -0.00021562843
  -84.75415, -0.0002136496, -0.00021544431
  -84.75415, -0.000207272, -0.00021544431
  -84.65087, -0.000211258, -0.00021527103
  -84.63796, -0.000227202, -0.00021524937
  -84.53468, -0.000209265, -0.00021507608
  -84.50886, -0.0002403558, -0.00021503276
  -84.41849, -0.0002184328, -0.00021488114
  -84.373305, -0.0002200272, -0.00021480532
  -84.3023, -0.0002120552, -0.00021468619
  -84.22484, -0.0002184328, -0.00021455623
  -84.179655, -0.0002044818, -0.00021448041
  -84.076375, -0.0002148454, -0.00021430713
  -84.063465, -0.0002084678, -0.00021428547
  -83.94082, -0.0002136496, -0.00021407969
  -83.895635, -0.0002228174, -0.00021400388
  -83.82463, -0.0002004958, -0.00021388474
  -83.714895, -0.0002260062, -0.00021370062
  -83.714895, -0.0002056776, -0.00021370062
  -83.598705, -0.000205279, -0.00021350567
  -83.534155, -0.0002375656, -0.00021339737
  -83.48897, -0.000209265, -0.00021332156
  -83.3986, -0.0001989014, -0.00021316993
  -83.33405, -0.0002523138, -0.00021306162
  -83.288865, -0.0001897336, -0.00021298581
  -83.198495, -0.000201293, -0.00021283418
  -83.10167, -0.0002363698, -0.00021267172
  -83.095215, -0.0001996986, -0.00021266089
  -83.004845, -0.0002048804, -0.00021250926
  -82.92093, -0.0001977056, -0.00021236846
  -82.862835, -0.0002136496, -0.00021227099
  -82.84347, -0.0002040832, -0.0002122385
  -82.759555, -0.0002256076, -0.0002120977
  -82.682095, -0.0002224188, -0.00021196773
  -82.604635, -0.0002160412, -0.00021183776
  -82.578815, -0.0002244118, -0.00021179444
  -82.527175, -0.0002048804, -0.00021170779
  -82.462625, -0.0001993, -0.00021159948
  -82.40453, -0.000205279, -0.000211502
  -82.346435, -0.0002124538, -0.00021140453
  -82.281885, -0.0002335796, -0.00021129622
  -82.281885, -0.0001949154, -0.00021129622
  -82.2367, -0.0002020902, -0.0002112204
  -82.191515, -0.0002036846, -0.00021114459
  -82.152785, -0.0002088664, -0.0002110796
  -82.12051, -0.0002140482, -0.00021102545
  -82.101145, -0.000211258, -0.00021099295
  -82.075325, -0.0002088664, -0.00021094963
  -82.05596, -0.0002080692, -0.00021091714
  -82.04305, -0.0002236146, -0.00021089548
  -82.04305, -0.0002024888, -0.00021089548
  -82.03014, -0.0001957126, -0.00021087381
  -82.023685, -0.0002100622, -0.00021086298
  -82.01723, -0.0002303908, -0.00021085215
  -82.01723, -0.0002287964, -0.00021085215
  -82.010775, -0.0001909294, -0.00021084132
  -82.00432, -0.0002164398, -0.00021083049
  -82.00432, -0.0001993, -0.00021083049
  -81.997865, -0.0001929224, -0.00021081966
  -81.99141, -0.0002076706, -0.00021080883
  -81.99141, -0.000215244, -0.00021080883
  -81.984955, -0.0002140482, -0.000210798
  -81.984955, -0.0002276006, -0.000210798
  -81.9785, -0.0002116566, -0.00021078717
  -81.9785, -0.000203286, -0.00021078717
  -81.9785, -0.0002188314, -0.00021078717
  -81.9785, -0.0002044818, -0.00021078717
  -81.9785, -0.0002228174, -0.00021078717
  -81.9785, -0.0002256076, -0.00021078717
  -81.9785, -0.0002124538, -0.00021078717
  -81.9785, -0.0002100622, -0.00021078717
  -81.9785, -0.000201293, -0.00021078717
  -81.9785, -0.0002208244, -0.00021078717
  -81.9785, -0.0002036846, -0.00021078717
  -81.972045, -0.0002168384, -0.00021077634
  -81.972045, -0.0002096636, -0.00021077634
  -81.972045, -0.0002104608, -0.00021077634
  -81.972045, -0.0001996986, -0.00021077634
  -81.972045, -0.0002120552, -0.00021077634
  -81.972045, -0.0002160412, -0.00021077634
  -81.972045, -0.0002104608, -0.00021077634
  -81.972045, -0.0002100622, -0.00021077634
  -81.972045, -0.0002283978, -0.00021077634
  -81.96559, -0.0002096636, -0.0002107655
  -81.96559, -0.0002100622, -0.0002107655
  -81.96559, -0.000209265, -0.0002107655
  -81.96559, -0.0002204258, -0.0002107655
  -81.96559, -0.0002220202, -0.0002107655
  -81.96559, -0.0002056776, -0.0002107655
  -81.96559, -0.0002056776, -0.0002107655
  -81.96559, -0.0002156426, -0.0002107655
  -81.96559, -0.0002076706, -0.0002107655
  -81.959135, -0.0002248104, -0.00021075467
  -81.959135, -0.0002088664, -0.00021075467
  -81.959135, -0.0002080692, -0.00021075467
  -81.959135, -0.000205279, -0.00021075467
  -81.959135, -0.000205279, -0.00021075467
  -81.959135, -0.0002076706, -0.00021075467
  -81.959135, -0.0002116566, -0.00021075467
  -81.959135, -0.0002236146, -0.00021075467
  -81.95268, -0.000211258, -0.00021074384
  -81.95268, -0.000221223, -0.00021074384
  -81.946225, -0.0002236146, -0.00021073301
  -81.946225, -0.000221223, -0.00021073301
  -81.946225, -0.0002060762, -0.00021073301
  -81.946225, -0.0002096636, -0.00021073301
  -81.946225, -0.0002327824, -0.00021073301
  -81.946225, -0.0002236146, -0.00021073301
  -81.946225, -0.0001969084, -0.00021073301
  -81.93977, -0.000227202, -0.00021072218
  -81.93977, -0.0002100622, -0.00021072218
  -81.933315, -0.0002108594, -0.00021071135
  -81.92686, -0.0001969084, -0.00021070052
  -81.920405, -0.000207272, -0.00021068969
  -81.920405, -0.0002108594, -0.00021068969
  -81.920405, -0.0002279992, -0.00021068969
  -81.907495, -0.000195314, -0.00021066803
  -81.894585, -0.0002287964, -0.00021064636
  -81.894585, -0.0002184328, -0.00021064636
  -81.894585, -0.000209265, -0.00021064636
  -81.88813, -0.000201293, -0.00021063553
  -81.87522, -0.0002008944, -0.00021061387
  -81.86231, -0.0002104608, -0.00021059221
  -81.83649, -0.0002084678, -0.00021054889
  -81.830035, -0.0001941182, -0.00021053805
  -81.830035, -0.0002240132, -0.00021053805
  -81.81067, -0.0002076706, -0.00021050556
  -81.791305, -0.0002140482, -0.00021047307
  -81.75903, -0.0002176356, -0.00021041891
  -81.752575, -0.0002128524, -0.00021040808
  -81.752575, -0.0002136496, -0.00021040808
  -81.726755, -0.0001981042, -0.00021036476
  -81.68157, -0.0002064748, -0.00021028894
  -81.66866, -0.0002176356, -0.00021026728
  -81.649295, -0.0002120552, -0.00021023479
  -81.60411, -0.0002096636, -0.00021015897
  -81.57829, -0.000217237, -0.00021011564
  -81.56538, -0.0002244118, -0.00021009398
  -81.533105, -0.0002335796, -0.00021003983
  -81.494375, -0.0002204258, -0.00020997484
  -81.48792, -0.0002100622, -0.00020996401
  -81.442735, -0.0002104608, -0.00020988819
  -81.404005, -0.0002060762, -0.0002098232
  -81.378185, -0.000205279, -0.00020977988
  -81.313635, -0.0002140482, -0.00020967157
  -81.313635, -0.0002148454, -0.00020967157
  -81.261995, -0.0002104608, -0.00020958492
  -81.210355, -0.000211258, -0.00020949827
  -81.197445, -0.0002124538, -0.00020947661
  -81.132895, -0.0002295936, -0.00020936829
  -81.11353, -0.0002168384, -0.0002093358
  -81.04898, -0.0002176356, -0.00020922749
  -81.016705, -0.000215244, -0.00020917333
  -80.97152, -0.0002064748, -0.00020909751
  -80.913425, -0.000221223, -0.00020900003
  -80.887605, -0.0002168384, -0.0002089567
  -80.8166, -0.000207272, -0.00020883756
  -80.797235, -0.0002104608, -0.00020880506
  -80.70041, -0.0002068734, -0.00020864259
  -80.70041, -0.0002088664, -0.00020864259
  -80.61004, -0.0002124538, -0.00020849095
  -80.590675, -0.0001989014, -0.00020845846
  -80.49385, -0.0001993, -0.00020829599
  -80.48094, -0.0002168384, -0.00020827432
  -80.384115, -0.0001937196, -0.00020811185
  -80.36475, -0.0002260062, -0.00020807935
  -80.26147, -0.0001917266, -0.00020790605
  -80.24856, -0.0002200272, -0.00020788438
  -80.1711, -0.0001993, -0.0002077544
  -80.13237, -0.000225209, -0.00020768941
  -80.05491, -0.0002100622, -0.00020755943
  -80.009725, -0.0002164398, -0.00020748361
  -79.945175, -0.0002100622, -0.00020737529
  -79.854805, -0.0001965098, -0.00020722365
  -79.841895, -0.0002176356, -0.00020720198
  -79.73216, -0.0002140482, -0.00020701784
  -79.699885, -0.0002156426, -0.00020696368
  -79.635335, -0.0002076706, -0.00020685536
  -79.544965, -0.0002140482, -0.00020670372
  -79.53851, -0.0002056776, -0.00020669288
  -79.43523, -0.0001977056, -0.00020651957
  -79.37068, -0.0002056776, -0.00020641125
  -79.34486, -0.000205279, -0.00020636792
  -79.260945, -0.0002064748, -0.0002062271
  -79.196395, -0.0002116566, -0.00020611878
  -79.17703, -0.0002088664, -0.00020608629
  -79.080205, -0.0002176356, -0.0002059238
  -78.99629, -0.0002064748, -0.00020578298
  -78.989835, -0.0002327824, -0.00020577215
  -78.925285, -0.0002020902, -0.00020566383
  -78.847825, -0.0002076706, -0.00020553384
  -78.783275, -0.0002104608, -0.00020542551
  -78.770365, -0.0002220202, -0.00020540385
  -78.71227, -0.0002084678, -0.00020530635
  -78.654175, -0.0002068734, -0.00020520886
  -78.602535, -0.0002168384, -0.0002051222
  -78.550895, -0.0002136496, -0.00020503554
  -78.550895, -0.0002016916, -0.00020503554
  -78.512165, -0.0002060762, -0.00020497054
  -78.47989, -0.0002136496, -0.00020491638
  -78.44116, -0.000209265, -0.00020485138
  -78.421795, -0.0001901322, -0.00020481889
  -78.408885, -0.0001929224, -0.00020479722
  -78.383065, -0.000181363, -0.00020475389
  -78.3637, -0.0001869434, -0.00020472139
  -78.344335, -0.0001937196, -0.00020468889
  -78.344335, -0.0002040832, -0.00020468889
  -78.331425, -0.0001989014, -0.00020466723
  -78.331425, -0.000191328, -0.00020466723
  -78.32497, -0.0002080692, -0.0002046564
  -78.32497, -0.000211258, -0.0002046564
  -78.318515, -0.000201293, -0.00020464556
  -78.318515, -0.0002104608, -0.00020464556
  -78.31206, -0.0002060762, -0.00020463473
  -78.305605, -0.0002108594, -0.0002046239
  -78.29915, -0.0001949154, -0.00020461306
  -78.292695, -0.000209265, -0.00020460223
  -78.292695, -0.0002168384, -0.00020460223
  -78.292695, -0.0002000972, -0.00020460223
  -78.28624, -0.0002196286, -0.0002045914
  -78.28624, -0.000209265, -0.0002045914
  -78.28624, -0.0002204258, -0.0002045914
  -78.28624, -0.0002040832, -0.0002045914
  -78.28624, -0.0002064748, -0.0002045914
  -78.28624, -0.000203286, -0.0002045914
  -78.28624, -0.000205279, -0.0002045914
  -78.28624, -0.000201293, -0.0002045914
  -78.28624, -0.0002124538, -0.0002045914
  -78.28624, -0.000207272, -0.0002045914
  -78.28624, -0.000207272, -0.0002045914
  -78.28624, -0.0002084678, -0.0002045914
  -78.28624, -0.0001985028, -0.0002045914
  -78.28624, -0.0002036846, -0.0002045914
  -78.28624, -0.0002028874, -0.0002045914
  -78.279785, -0.0002156426, -0.00020458057
  -78.279785, -0.0002136496, -0.00020458057
  -78.279785, -0.0001901322, -0.00020458057
  -78.279785, -0.0002128524, -0.00020458057
  -78.279785, -0.000211258, -0.00020458057
  -78.279785, -0.0002044818, -0.00020458057
  -78.279785, -0.0002080692, -0.00020458057
  -78.279785, -0.0002020902, -0.00020458057
  -78.279785, -0.0001945168, -0.00020458057
  -78.279785, -0.0001949154, -0.00020458057
  -78.27333, -0.0002140482, -0.00020456973
  -78.27333, -0.0002060762, -0.00020456973
  -78.27333, -0.0002068734, -0.00020456973
  -78.27333, -0.0002216216, -0.00020456973
  -78.27333, -0.0001969084, -0.00020456973
  -78.27333, -0.0001941182, -0.00020456973
  -78.266875, -0.0002044818, -0.0002045589
  -78.266875, -0.0002060762, -0.0002045589
  -78.26042, -0.0002008944, -0.00020454807
  -78.26042, -0.0002160412, -0.00020454807
  -78.26042, -0.0002020902, -0.00020454807
  -78.26042, -0.000211258, -0.00020454807
  -78.26042, -0.0001965098, -0.00020454807
  -78.26042, -0.0002148454, -0.00020454807
  -78.253965, -0.0002096636, -0.00020453723
  -78.253965, -0.0002004958, -0.00020453723
  -78.253965, -0.0002180342, -0.00020453723
  -78.253965, -0.000193321, -0.00020453723
  -78.241055, -0.0001921252, -0.00020451557
  -78.241055, -0.0002164398, -0.00020451557
  -78.241055, -0.00017937, -0.00020451557
  -78.2346, -0.0001881392, -0.00020450474
  -78.2346, -0.0002164398, -0.00020450474
  -78.22169, -0.0002060762, -0.00020448307
  -78.22169, -0.0002008944, -0.00020448307
  -78.215235, -0.0001949154, -0.00020447224
  -78.215235, -0.0002056776, -0.00020447224
  -78.20878, -0.0001977056, -0.0002044614
  -78.19587, -0.0001941182, -0.00020443974
  -78.176505, -0.000193321, -0.00020440724
  -78.176505, -0.0001941182, -0.00020440724
  -78.163595, -0.0002028874, -0.00020438557
  -78.14423, -0.000197307, -0.00020435308
  -78.13132, -0.0002016916, -0.00020433141
  -78.111955, -0.000193321, -0.00020429891
  -78.1055, -0.000195314, -0.00020428808
  -78.09259, -0.0002100622, -0.00020426641
  -78.060315, -0.0002080692, -0.00020421225
  -78.021585, -0.0002088664, -0.00020414725
  -78.021585, -0.0002000972, -0.00020414725
  -77.98931, -0.000203286, -0.00020409308
  -77.9764, -0.0001949154, -0.00020407142
  -77.957035, -0.0002076706, -0.00020403892
  -77.93767, -0.000205279, -0.00020400642
  -77.905395, -0.0002148454, -0.00020395225
  -77.87312, -0.000213251, -0.00020389809
  -77.86021, -0.0002128524, -0.00020387642
  -77.815025, -0.0002180342, -0.00020380059
  -77.78275, -0.0002156426, -0.00020374642
  -77.76984, -0.0002076706, -0.00020372476
  -77.7182, -0.000215244, -0.00020363809
  -77.69238, -0.0002200272, -0.00020359476
  -77.67947, -0.0002148454, -0.00020357309
  -77.61492, -0.0002168384, -0.00020346476
  -77.60201, -0.0002144468, -0.00020344309
  -77.556825, -0.00021923, -0.00020336726
  -77.52455, -0.0002124538, -0.00020331309
  -77.492275, -0.0002148454, -0.00020325892
  -77.43418, -0.000225209, -0.00020316142
  -77.427725, -0.0002060762, -0.00020315059
  -77.35672, -0.0001857476, -0.00020303142
  -77.337355, -0.000217237, -0.00020299892
  -77.285715, -0.0001941182, -0.00020291225
  -77.25344, -0.0002164398, -0.00020285808
  -77.2018, -0.0001937196, -0.00020277141
  -77.143705, -0.0002240132, -0.00020267391
  -77.11143, -0.0002040832, -0.00020261974
  -77.05979, -0.000217237, -0.00020253307
  -77.02106, -0.0002016916, -0.00020246806
  -76.962965, -0.0002020902, -0.00020237056
  -76.924235, -0.0002028874, -0.00020230556
  -76.85323, -0.0002140482, -0.00020218638
  -76.820955, -0.0002084678, -0.00020213221
  -76.756405, -0.0002236146, -0.00020202387
  -76.717675, -0.0002156426, -0.00020195886
  -76.65958, -0.0002088664, -0.00020186136
  -76.614395, -0.0002084678, -0.00020178552
  -76.575665, -0.0001949154, -0.00020172051
  -76.498205, -0.000215244, -0.0002015905
  -76.47884, -0.0002028874, -0.00020155799
  -76.37556, -0.0001985028, -0.00020138464
  -76.36265, -0.0002000972, -0.00020136297
  -76.25937, -0.0001981042, -0.00020118962
  -76.24646, -0.0001989014, -0.00020116795
  -76.15609, -0.0002016916, -0.00020101626
  -76.11736, -0.0002108594, -0.00020095125
  -76.05281, -0.0002084678, -0.0002008429
  -75.968895, -0.0001961112, -0.00020070205
  -75.96244, -0.0002184328, -0.00020069121
  -75.87207, -0.0001949154, -0.00020053952
  -75.813975, -0.0002156426, -0.00020044201
  -75.775245, -0.0001989014, -0.00020037699
  -75.697785, -0.0001921252, -0.00020024697
  -75.67842, -0.000211258, -0.00020021446
  -75.607415, -0.0001909294, -0.00020009527
  -75.51059, -0.0001941182, -0.00019993274
  -75.504135, -0.0002036846, -0.00019992191
  -75.439585, -0.0002036846, -0.00019981355
  -75.35567, -0.0002156426, -0.00019967268
  -75.323395, -0.0002008944, -0.0001996185
  -75.284665, -0.0002128524, -0.00019955349
  -75.20075, -0.0002044818, -0.00019941262
  -75.129745, -0.0001996986, -0.00019929342
  -75.12329, -0.0002060762, -0.00019928259
  -75.052285, -0.0001977056, -0.00019916339
  -74.98128, -0.0001985028, -0.00019904419
  -74.936095, -0.0002048804, -0.00019896833
  -74.923185, -0.0001849504, -0.00019894666
  -74.858635, -0.0001981042, -0.0001988383
  -74.80054, -0.0002104608, -0.00019874077
  -74.729535, -0.0002084678, -0.00019862156
  -74.71017, -0.0002076706, -0.00019858905
  -74.690805, -0.0001989014, -0.00019855654
  -74.64562, -0.0001996986, -0.00019848068
  -74.600435, -0.000197307, -0.00019840482
  -74.561705, -0.0001889364, -0.0001983398
  -74.52943, -0.0001925238, -0.00019828562
  -74.50361, -0.0001965098, -0.00019824227
  -74.484245, -0.0001985028, -0.00019820976
  -74.471335, -0.0002248104, -0.00019818808
  -74.46488, -0.000193321, -0.00019817725
  -74.445515, -0.000207272, -0.00019814473
  -74.419695, -0.0002160412, -0.00019810138
  -74.40033, -0.0002036846, -0.00019806887
  -74.380965, -0.0001989014, -0.00019803636
  -74.368055, -0.0001993, -0.00019801469
  -74.355145, -0.000205279, -0.00019799301
  -74.342235, -0.0001996986, -0.00019797134
  -74.342235, -0.0002016916, -0.00019797134
  -74.33578, -0.0002124538, -0.0001979605
  -74.329325, -0.0002020902, -0.00019794966
  -74.32287, -0.0001905308, -0.00019793882
  -74.32287, -0.0001965098, -0.00019793882
  -74.316415, -0.000203286, -0.00019792799
  -74.29705, -0.0002016916, -0.00019789547
  -74.29705, -0.0002040832, -0.00019789547
  -74.290595, -0.0001909294, -0.00019788464
  -74.290595, -0.0001921252, -0.00019788464
  -74.28414, -0.0002108594, -0.0001978738
  -74.277685, -0.0001993, -0.00019786296
  -74.277685, -0.0001993, -0.00019786296
  -74.277685, -0.0002064748, -0.00019786296
  -74.27123, -0.0002016916, -0.00019785212
  -74.264775, -0.0002168384, -0.00019784129
  -74.264775, -0.0002160412, -0.00019784129
  -74.264775, -0.0001993, -0.00019784129
  -74.25832, -0.000201293, -0.00019783045
  -74.25832, -0.0002008944, -0.00019783045
  -74.25832, -0.0002036846, -0.00019783045
  -74.251865, -0.0002064748, -0.00019781961
  -74.24541, -0.0001905308, -0.00019780877
  -74.21959, -0.0002008944, -0.00019776542
  -74.187315, -0.0002024888, -0.00019771124
  -74.187315, -0.0002088664, -0.00019771124
  -74.18086, -0.0002000972, -0.0001977004
  -74.18086, -0.0002020902, -0.0001977004
  -74.16795, -0.0001977056, -0.00019767872
  -74.16795, -0.0002008944, -0.00019767872
  -74.16795, -0.000201293, -0.00019767872
  -74.161495, -0.0001877406, -0.00019766788
  -74.15504, -0.000189335, -0.00019765705
  -74.148585, -0.0002048804, -0.00019764621
  -74.14213, -0.0002004958, -0.00019763537
  -74.14213, -0.0002060762, -0.00019763537
  -74.135675, -0.0002076706, -0.00019762453
  -74.135675, -0.0001957126, -0.00019762453
  -74.135675, -0.0002008944, -0.00019762453
  -74.12922, -0.000207272, -0.0001976137
  -74.1034, -0.0002048804, -0.00019757034
  -74.09049, -0.000187342, -0.00019754867
  -74.09049, -0.0002004958, -0.00019754867
  -74.084035, -0.0001993, -0.00019753783
  -74.084035, -0.0002028874, -0.00019753783
  -74.071125, -0.000201293, -0.00019751616
  -74.071125, -0.000203286, -0.00019751616
  -74.06467, -0.0001981042, -0.00019750532
  -74.045305, -0.0001949154, -0.0001974728
  -74.032395, -0.0001941182, -0.00019745113
  -74.02594, -0.0001837546, -0.00019744029
  -74.02594, -0.000215244, -0.00019744029
  -74.01303, -0.000213251, -0.00019741861
  -73.993665, -0.0001989014, -0.0001973861
  -73.980755, -0.0002080692, -0.00019736442
  -73.9743, -0.0002120552, -0.00019735359
  -73.967845, -0.0001897336, -0.00019734275
  -73.94848, -0.0002028874, -0.00019731023
  -73.942025, -0.0001945168, -0.00019729939
  -73.92266, -0.0002008944, -0.00019726688
  -73.90975, -0.0001981042, -0.0001972452
  -73.89684, -0.0001996986, -0.00019722353
  -73.87102, -0.0001869434, -0.00019718017
  -73.8452, -0.0001949154, -0.00019713682
  -73.8452, -0.0001937196, -0.00019713682
  -73.812925, -0.0001817616, -0.00019708263
  -73.79356, -0.000181363, -0.00019705011
  -73.78065, -0.0001789714, -0.00019702844
  -73.748375, -0.0001889364, -0.00019697424
  -73.735465, -0.000185349, -0.00019695257
  -73.722555, -0.000195314, -0.00019693089
  -73.69028, -0.0001969084, -0.0001968767
  -73.658005, -0.000197307, -0.0001968225
  -73.63864, -0.000193321, -0.00019678999
  -73.606365, -0.0001881392, -0.00019673579
  -73.587, -0.0002080692, -0.00019670328
  -73.57409, -0.000197307, -0.0001966816
  -73.528905, -0.0001969084, -0.00019660573
  -73.52245, -0.0001825588, -0.00019659489
  -73.477265, -0.0001909294, -0.00019651902
  -73.451445, -0.0001749854, -0.00019647566
  -73.425625, -0.000187342, -0.0001964323
  -73.38044, -0.000197307, -0.00019635643
  -73.373985, -0.000197307, -0.00019634559
  -73.3288, -0.0001869434, -0.00019626971
  -73.309435, -0.0002020902, -0.0001962372
  -73.26425, -0.0002080692, -0.00019616132
  -73.231975, -0.0001945168, -0.00019610712
  -73.206155, -0.0002228174, -0.00019606376
  -73.154515, -0.0002204258, -0.00019597705
  -73.154515, -0.0001957126, -0.00019597705
  -73.08351, -0.0001965098, -0.00019585781
  -73.0706, -0.0001961112, -0.00019583613
  -73.01896, -0.0001897336, -0.00019574941
  -72.99314, -0.0001985028, -0.00019570605
  -72.95441, -0.0001996986, -0.00019564101
  -72.909225, -0.0001993, -0.00019556512
  -72.870495, -0.0002128524, -0.00019550008
  -72.8124, -0.0001789714, -0.00019540252
  -72.805945, -0.0001937196, -0.00019539168
  -72.728485, -0.0001869434, -0.00019526159
  -72.728485, -0.0002044818, -0.00019526159
  -72.638115, -0.0001993, -0.00019510982
  -72.63166, -0.0002036846, -0.00019509898
  -72.560655, -0.0002040832, -0.00019497972
  -72.5542, -0.0002104608, -0.00019496888
  -72.483195, -0.000193321, -0.00019484963
  -72.47674, -0.0001941182, -0.00019483879
  -72.41219, -0.0002036846, -0.00019473037
  -72.38637, -0.0001889364, -0.00019468701
  -72.328275, -0.0002140482, -0.00019458943
  -72.289545, -0.0001949154, -0.00019452438
  -72.250815, -0.0001897336, -0.00019445933
  -72.186265, -0.0001837546, -0.00019435091
  -72.17981, -0.0001925238, -0.00019434006
  -72.11526, -0.0001993, -0.00019423164
  -72.07653, -0.000183356, -0.00019416659
  -72.044255, -0.000191328, -0.00019411237
  -71.98616, -0.000177377, -0.00019401479
  -71.979705, -0.0001829574, -0.00019400395
  -71.915155, -0.0001837546, -0.00019389552
  -71.876425, -0.0001757826, -0.00019383046
  -71.850605, -0.0001725938, -0.00019378709
  -71.786055, -0.0001682092, -0.00019367866
  -71.76669, -0.0001929224, -0.00019364613
  -71.72796, -0.0001709994, -0.00019358107
  -71.66341, -0.0001957126, -0.00019347263
  -71.6505, -0.0001989014, -0.00019345094
  -71.605315, -0.0001985028, -0.00019337503
  -71.553675, -0.0001817616, -0.00019328828
  -71.53431, -0.000189335, -0.00019325575
  -71.502035, -0.0001785728, -0.00019320153
  -71.450395, -0.000173391, -0.00019311478
  -71.40521, -0.0002060762, -0.00019303886
  -71.398755, -0.0001638246, -0.00019302802
  -71.360025, -0.0001725938, -0.00019296295
  -71.308385, -0.000191328, -0.00019287619
  -71.28902, -0.0001996986, -0.00019284366
  -71.256745, -0.0001941182, -0.00019278944
  -71.21156, -0.0001897336, -0.00019271352
  -71.153465, -0.0001909294, -0.00019261591
  -71.14701, -0.000201293, -0.00019260507
  -71.10828, -0.0001925238, -0.00019253999
  -71.076005, -0.0001909294, -0.00019248577
  -71.04373, -0.0001869434, -0.00019243154
  -71.011455, -0.0001897336, -0.00019237731
  -71.005, -0.0001925238, -0.00019236646
  -70.972725, -0.000213251, -0.00019231223
  -70.94045, -0.000197307, -0.000192258
  -70.895265, -0.0002040832, -0.00019218208
  -70.8759, -0.0002016916, -0.00019214954
  -70.856535, -0.0002016916, -0.000192117
  -70.82426, -0.0001909294, -0.00019206277
  -70.791985, -0.0002048804, -0.00019200854
  -70.75971, -0.000217237, -0.0001919543
  -70.7468, -0.000195314, -0.00019193261
  -70.73389, -0.0001785728, -0.00019191091
  -70.72098, -0.0002108594, -0.00019188922
  -70.70807, -0.0001857476, -0.00019186753
  -70.675795, -0.0001749854, -0.00019181329
  -70.66934, -0.000163426, -0.00019180244
  -70.649975, -0.0001698036, -0.0001917699
  -70.637065, -0.0001861462, -0.00019174821
  -70.6177, -0.0002040832, -0.00019171567
  -70.60479, -0.0001941182, -0.00019169397
  -70.585425, -0.0001996986, -0.00019166143
  -70.585425, -0.0001969084, -0.00019166143
  -70.572515, -0.0002000972, -0.00019163973
  -70.56606, -0.0001977056, -0.00019162889
  -70.55315, -0.0001869434, -0.00019160719
  -70.55315, -0.0001989014, -0.00019160719
  -70.54024, -0.000195314, -0.0001915855
  -70.533785, -0.0002016916, -0.00019157465
  -70.52733, -0.000193321, -0.0001915638
  -70.52733, -0.0001941182, -0.0001915638
  -70.507965, -0.0001941182, -0.00019153126
  -70.47569, -0.0001845518, -0.00019147702
  -70.44987, -0.0001801672, -0.00019143363
  -70.430505, -0.0001901322, -0.00019140108
  -70.41114, -0.0001937196, -0.00019136854
  -70.38532, -0.0001825588, -0.00019132515
  -70.38532, -0.000191328, -0.00019132515
  -70.34659, -0.0002024888, -0.00019126006
  -70.30786, -0.0001961112, -0.00019119497
  -70.26913, -0.0001957126, -0.00019112987
  -70.211035, -0.0001857476, -0.00019103223
  -70.211035, -0.0001937196, -0.00019103223
  -70.172305, -0.0002020902, -0.00019096714
  -70.133575, -0.0001921252, -0.00019090204
  -70.07548, -0.000187342, -0.0001908044
  -70.043205, -0.0001821602, -0.00019075015
  -70.03675, -0.0001797686, -0.0001907393
  -69.99802, -0.000177377, -0.0001906742
  -69.965745, -0.000185349, -0.00019061995
  -69.939925, -0.000185349, -0.00019057655
  -69.93347, -0.0001905308, -0.0001905657
  -69.92056, -0.000203286, -0.000190544
  -69.901195, -0.0001965098, -0.00019051145
  -69.89474, -0.0001885378, -0.0001905006
  -69.88183, -0.000183356, -0.0001904789
  -69.862465, -0.000173391, -0.00019044635
  -69.849555, -0.0001821602, -0.00019042465
  -69.836645, -0.000171398, -0.00019040295
  -69.81728, -0.0001817616, -0.00019037039
  -69.797915, -0.0001901322, -0.00019033784
  -69.785005, -0.000167412, -0.00019031614
  -69.77855, -0.0001969084, -0.00019030529
  -69.759185, -0.00017937, -0.00019027274
  -69.73982, -0.0001785728, -0.00019024018
  -69.733365, -0.0001825588, -0.00019022933
  -69.72691, -0.0001805658, -0.00019021848
  -69.694635, -0.0001993, -0.00019016423
  -69.681725, -0.0002008944, -0.00019014252
  -69.668815, -0.0002148454, -0.00019012082
  -69.64945, -0.000191328, -0.00019008827
  -69.62363, -0.0001857476, -0.00019004486
  -69.62363, -0.0001905308, -0.00019004486
  -69.5849, -0.0001929224, -0.00018997975
  -69.57199, -0.0001949154, -0.00018995805
  -69.55908, -0.000195314, -0.00018993634
  -69.539715, -0.0001969084, -0.00018990379
  -69.50744, -0.0001805658, -0.00018984952
  -69.49453, -0.000197307, -0.00018982782
  -69.46871, -0.000195314, -0.00018978441
  -69.44289, -0.0001889364, -0.000189741
  -69.42998, -0.0001757826, -0.0001897193
  -69.40416, -0.0001857476, -0.00018967589
  -69.371885, -0.0001749854, -0.00018962162
  -69.371885, -0.0001797686, -0.00018962162
  -69.333155, -0.0001937196, -0.0001895565
  -69.31379, -0.0001745868, -0.00018952394
  -69.294425, -0.0001949154, -0.00018949139
  -69.26215, -0.0001809644, -0.00018943712
  -69.24924, -0.000189335, -0.00018941541
  -69.216965, -0.00017937, -0.00018936114
  -69.1976, -0.0001849504, -0.00018932858
  -69.17178, -0.0001817616, -0.00018928517
  -69.14596, -0.0001757826, -0.00018924175
  -69.13305, -0.0001817616, -0.00018922004
  -69.09432, -0.0001865448, -0.00018915492
  -69.087865, -0.000189335, -0.00018914406
  -69.04268, -0.0002036846, -0.00018906808
  -69.036225, -0.0001901322, -0.00018905723
  -69.00395, -0.0001993, -0.00018900295
  -68.971675, -0.0001849504, -0.00018894868
  -68.96522, -0.0001885378, -0.00018893782
  -68.92649, -0.000185349, -0.00018887269
  -68.91358, -0.0001861462, -0.00018885098
  -68.868395, -0.0001949154, -0.000188775
  -68.86194, -0.0001849504, -0.00018876414
  -68.803845, -0.0001981042, -0.00018866644
  -68.79739, -0.0002004958, -0.00018865558
  -68.765115, -0.0002000972, -0.0001886013
  -68.752205, -0.000193321, -0.00018857959
  -68.713475, -0.0001945168, -0.00018851445
  -68.700565, -0.0002024888, -0.00018849274
  -68.65538, -0.0001949154, -0.00018841674
  -68.648925, -0.0001881392, -0.00018840588
  -68.597285, -0.0001821602, -0.00018831903
  -68.597285, -0.0001857476, -0.00018831903
  -68.558555, -0.0001881392, -0.00018825389
  -68.53919, -0.0001877406, -0.00018822131
  -68.51337, -0.0001929224, -0.00018817788
  -68.47464, -0.000189335, -0.00018811274
  -68.468185, -0.0001801672, -0.00018810188
  -68.423, -0.0001785728, -0.00018802587
  -68.423, -0.0001905308, -0.00018802587
  -68.377815, -0.0001849504, -0.00018794986
  -68.364905, -0.000195314, -0.00018792815
  -68.33263, -0.0001821602, -0.00018787385
  -68.300355, -0.0001925238, -0.00018781956
  -68.287445, -0.0001729924, -0.00018779784
  -68.24226, -0.0001861462, -0.00018772183
  -68.222895, -0.0001921252, -0.00018768925
  -68.209985, -0.0001761812, -0.00018766753
  -68.1648, -0.0001837546, -0.00018759151
  -68.158345, -0.000183356, -0.00018758065
  -68.132525, -0.0001781742, -0.00018753721
  -68.093795, -0.0001789714, -0.00018747205
  -68.08734, -0.000173391, -0.00018746119
  -68.055065, -0.0001861462, -0.00018740689
  -68.016335, -0.0001725938, -0.00018734172
  -68.00988, -0.0002136496, -0.00018733086
  -67.97115, -0.0002196286, -0.0001872657
  -67.93242, -0.0002000972, -0.00018720053
  -67.925965, -0.0001781742, -0.00018718967
  -67.9066, -0.0001989014, -0.00018715708
  -67.874325, -0.0001929224, -0.00018710277
  -67.86787, -0.0001897336, -0.00018709191
  -67.82914, -0.0001945168, -0.00018702674
  -67.796865, -0.0001825588, -0.00018697243
  -67.79041, -0.0001917266, -0.00018696157
  -67.771045, -0.00017937, -0.00018692898
  -67.73877, -0.0001829574, -0.00018687466
  -67.71295, -0.0001817616, -0.00018683121
  -67.706495, -0.0001901322, -0.00018682035
  -67.67422, -0.0001977056, -0.00018676603
  -67.641945, -0.0001945168, -0.00018671172
  -67.62258, -0.000173391, -0.00018667913
  -67.616125, -0.0001917266, -0.00018666826
  -67.59676, -0.0001985028, -0.00018663567
  -67.58385, -0.0001917266, -0.00018661394
  -67.551575, -0.0001817616, -0.00018655962
  -67.53221, -0.0001761812, -0.00018652703
  -67.525755, -0.0001917266, -0.00018651617
  -67.499935, -0.0001845518, -0.00018647271
  -67.474115, -0.0001825588, -0.00018642925
  -67.448295, -0.0001789714, -0.00018638579
  -67.44184, -0.0001809644, -0.00018637493
  -67.41602, -0.000173391, -0.00018633147
  -67.396655, -0.0001809644, -0.00018629887
  -67.3902, -0.0001769784, -0.000186288
  -67.370835, -0.000187342, -0.00018625541
  -67.370835, -0.0002008944, -0.00018625541
  -67.33856, -0.000185349, -0.00018620108
  -67.306285, -0.000191328, -0.00018614675
  -67.28692, -0.0001769784, -0.00018611415
  -67.27401, -0.0001869434, -0.00018609242
  -67.24819, -0.0001889364, -0.00018604895
  -67.20946, -0.0001849504, -0.00018598375
  -67.19655, -0.000177377, -0.00018596202
  -67.177185, -0.0001817616, -0.00018592942
  -67.138455, -0.0001801672, -0.00018586422
  -67.112635, -0.0001857476, -0.00018582075
  -67.099725, -0.00017937, -0.00018579901
  -67.060995, -0.0001757826, -0.0001857338
  -67.035175, -0.0001829574, -0.00018569033
  -67.009355, -0.0001741882, -0.00018564686
  -66.996445, -0.000193321, -0.00018562512
  -66.957715, -0.0001909294, -0.00018555991
  -66.906075, -0.0001717966, -0.00018547295
  -66.906075, -0.0001837546, -0.00018547295
  -66.86089, -0.0001929224, -0.00018539687
  -66.815705, -0.0001905308, -0.00018532078
  -66.802795, -0.0001789714, -0.00018529904
  -66.776975, -0.0001821602, -0.00018525555
  -66.73179, -0.0001805658, -0.00018517946
  -66.699515, -0.000177377, -0.0001851251
  -66.68015, -0.0001785728, -0.00018509249
  -66.62851, -0.000175384, -0.00018500552
  -66.596235, -0.0001789714, -0.00018495116
  -66.583325, -0.000173391, -0.00018492941
  -66.531685, -0.0001877406, -0.00018484243
  -66.492955, -0.00017937, -0.0001847772
  -66.4865, -0.0001945168, -0.00018476632
  -66.43486, -0.0001941182, -0.00018467934
  -66.376765, -0.0001921252, -0.00018458147
  -66.37031, -0.0001957126, -0.0001845706
  -66.31867, -0.000211258, -0.0001844836
  -66.25412, -0.0001921252, -0.00018437485
  -66.25412, -0.0001869434, -0.00018437485
  -66.208935, -0.0001805658, -0.00018429872
  -66.15084, -0.0001905308, -0.00018420083
  -66.12502, -0.0001805658, -0.00018415733
  -66.08629, -0.000187342, -0.00018409207
  -66.03465, -0.0001769784, -0.00018400505
  -65.99592, -0.0001801672, -0.00018393978
  -65.98301, -0.0001789714, -0.00018391802
  -65.924915, -0.0001749854, -0.00018382012
  -65.87973, -0.0001881392, -0.00018374397
  -65.873275, -0.0001805658, -0.00018373309
  -65.821635, -0.000187342, -0.00018364605
  -65.77645, -0.000195314, -0.00018356989
  -65.75063, -0.000191328, -0.00018352637
  -65.718355, -0.0001921252, -0.00018347196
  -65.67317, -0.0001841532, -0.00018339579
  -65.627985, -0.0001837546, -0.00018331962
  -65.60862, -0.0001885378, -0.00018328697
  -65.55698, -0.0002024888, -0.00018319991
  -65.51825, -0.0001885378, -0.00018313461
  -65.473065, -0.0001865448, -0.00018305843
  -65.460155, -0.0001929224, -0.00018303666
  -65.421425, -0.0001909294, -0.00018297136
  -65.369785, -0.0002040832, -0.00018288428
  -65.318145, -0.0002000972, -0.00018279719
  -65.305235, -0.000171398, -0.00018277542
  -65.27296, -0.0001945168, -0.00018272099
  -65.23423, -0.0001901322, -0.00018265567
  -65.1955, -0.0001877406, -0.00018259035
  -65.163225, -0.0001805658, -0.00018253591
  -65.150315, -0.0001785728, -0.00018251414
  -65.085765, -0.000183356, -0.00018240526
  -65.085765, -0.0001877406, -0.00018240526
  -65.059945, -0.000171398, -0.0001823617
  -65.047035, -0.0001785728, -0.00018233992
  -65.04058, -0.000183356, -0.00018232903
  -65.00185, -0.0001865448, -0.0001822637
  -65.00185, -0.0001737896, -0.0001822637
  -64.969575, -0.0001825588, -0.00018220925
  -64.96312, -0.000175384, -0.00018219836
  -64.95021, -0.000187342, -0.00018217658
  -64.930845, -0.00017937, -0.00018214391
  -64.92439, -0.0001825588, -0.00018213302
  -64.89857, -0.0001809644, -0.00018208945
  -64.89857, -0.000183356, -0.00018208945
  -64.866295, -0.0001829574, -0.000182035
  -64.85984, -0.0001829574, -0.0001820241
  -64.83402, -0.0001702022, -0.00018198054
  -64.82111, -0.00017937, -0.00018195875
  -64.814655, -0.0001729924, -0.00018194786
  -64.78238, -0.0001881392, -0.0001818934
  -64.775925, -0.0001845518, -0.00018188251
  -64.750105, -0.0001666148, -0.00018183894
  -64.724285, -0.0001809644, -0.00018179536
  -64.71783, -0.0001865448, -0.00018178447
  -64.685555, -0.0001849504, -0.00018173
  -64.6791, -0.0001801672, -0.00018171911
  -64.659735, -0.000173391, -0.00018168642
  -64.65328, -0.000189335, -0.00018167553
  -64.633915, -0.0001877406, -0.00018164285
  -64.621005, -0.0001925238, -0.00018162106
  -64.58873, -0.0001881392, -0.00018156658
  -64.582275, -0.000185349, -0.00018155569
  -64.556455, -0.0001841532, -0.0001815121
  -64.543545, -0.000191328, -0.00018149031
  -64.52418, -0.0001781742, -0.00018145762
  -64.517725, -0.0001941182, -0.00018144673
  -64.48545, -0.0001889364, -0.00018139224
  -64.47254, -0.0001905308, -0.00018137045
  -64.45963, -0.000177377, -0.00018134866
  -64.44672, -0.0001777756, -0.00018132686
  -64.414445, -0.000185349, -0.00018127237
  -64.414445, -0.0001805658, -0.00018127237
  -64.38217, -0.000187342, -0.00018121788
  -64.38217, -0.0001709994, -0.00018121788
  -64.34344, -0.0001737896, -0.00018115249
  -64.336985, -0.0001610344, -0.00018114159
  -64.324075, -0.0001682092, -0.0001811198
  -64.2918, -0.0001965098, -0.0001810653
  -64.2918, -0.000171398, -0.0001810653
  -64.25307, -0.000203286, -0.0001809999
  -64.25307, -0.0001761812, -0.0001809999
  -64.220795, -0.0001702022, -0.0001809454
  -64.220795, -0.0001993, -0.0001809454
  -64.18852, -0.0001829574, -0.00018089089
  -64.17561, -0.0001901322, -0.00018086909
  -64.1627, -0.0001745868, -0.00018084729
  -64.130425, -0.0001977056, -0.00018079278
  -64.12397, -0.000181363, -0.00018078187
  -64.09815, -0.0001769784, -0.00018073826
  -64.091695, -0.0001957126, -0.00018072736
  -64.08524, -0.0001709994, -0.00018071646
  -64.052965, -0.0001885378, -0.00018066194
  -64.04651, -0.0001789714, -0.00018065104
  -64.02069, -0.0001662162, -0.00018060742
  -64.00778, -0.0001809644, -0.00018058562
  -63.99487, -0.0001550554, -0.00018056381
  -63.96905, -0.0001797686, -0.00018052019
  -63.95614, -0.0001821602, -0.00018049838
  -63.923865, -0.000173391, -0.00018044385
  -63.923865, -0.0001757826, -0.00018044385
  -63.898045, -0.0001841532, -0.00018040023
  -63.89159, -0.0001690064, -0.00018038933
  -63.86577, -0.0001841532, -0.0001803457
  -63.82704, -0.0001725938, -0.00018028026
  -63.82704, -0.0001821602, -0.00018028026
  -63.794765, -0.0001821602, -0.00018022572
  -63.768945, -0.000183356, -0.00018018209
  -63.743125, -0.0001869434, -0.00018013846
  -63.72376, -0.0001965098, -0.00018010573
  -63.69794, -0.0001865448, -0.0001800621
  -63.68503, -0.0001881392, -0.00018004028
  -63.65921, -0.0001905308, -0.00017999664
  -63.639845, -0.000197307, -0.00017996391
  -63.614025, -0.000185349, -0.00017992027
  -63.588205, -0.0001881392, -0.00017987662
  -63.562385, -0.0001761812, -0.00017983298
  -63.53011, -0.0001781742, -0.00017977842
  -63.523655, -0.000185349, -0.00017976751
  -63.47847, -0.000187342, -0.00017969112
  -63.472015, -0.0001650204, -0.0001796802
  -63.42683, -0.0001869434, -0.00017960381
  -63.420375, -0.000175384, -0.00017959289
  -63.381645, -0.0001662162, -0.00017952741
  -63.36228, -0.0001761812, -0.00017949466
  -63.32355, -0.0001801672, -0.00017942917
  -63.291275, -0.0001821602, -0.00017937459
  -63.278365, -0.0001765798, -0.00017935275
  -63.23318, -0.0001805658, -0.00017927633
  -63.23318, -0.0001885378, -0.00017927633
  -63.187995, -0.0001789714, -0.00017919991
  -63.175085, -0.0001757826, -0.00017917807
  -63.136355, -0.00017937, -0.00017911255
  -63.123445, -0.0001749854, -0.00017909071
  -63.084715, -0.0001658176, -0.00017902519
  -63.06535, -0.0001909294, -0.00017899243
  -63.033075, -0.0001670134, -0.00017893782
  -63.007255, -0.0001765798, -0.00017889414
  -62.981435, -0.000173391, -0.00017885045
  -62.929795, -0.0001706008, -0.00017876306
  -62.92334, -0.0001821602, -0.00017875214
  -62.8717, -0.000187342, -0.00017866474
  -62.85879, -0.0001897336, -0.00017864289
  -62.80715, -0.0001849504, -0.00017855549
  -62.800695, -0.0001969084, -0.00017854456
  -62.749055, -0.0001829574, -0.00017845715
  -62.7426, -0.0001845518, -0.00017844622
  -62.70387, -0.0001861462, -0.00017838065
  -62.66514, -0.0001857476, -0.00017831508
  -62.63932, -0.0001809644, -0.00017827136
  -62.60059, -0.0001821602, -0.00017820578
  -62.58768, -0.0001829574, -0.00017818392
  -62.529585, -0.000187342, -0.00017808554
  -62.516675, -0.0001725938, -0.00017806367
  -62.45858, -0.0001889364, -0.00017796527
  -62.439215, -0.000169405, -0.00017793247
  -62.400485, -0.0001917266, -0.00017786686
  -62.36821, -0.0001682092, -0.00017781219
  -62.348845, -0.0001865448, -0.00017777938
  -62.297205, -0.0001801672, -0.00017769189
  -62.297205, -0.0001885378, -0.00017769189
  -62.23911, -0.000193321, -0.00017759344
  -62.206835, -0.0001769784, -0.00017753875
  -62.18747, -0.0001841532, -0.00017750593
  -62.13583, -0.0001761812, -0.0001774184
  -62.116465, -0.000189335, -0.00017738558
  -62.077735, -0.0001849504, -0.00017731992
  -62.039005, -0.0001889364, -0.00017725427
  -62.03255, -0.0001849504, -0.00017724332
  -61.99382, -0.0001721952, -0.00017717766
  -61.948635, -0.0001797686, -0.00017710104
  -61.94218, -0.000169405, -0.00017709009
  -61.89054, -0.0001706008, -0.00017700252
  -61.86472, -0.0001841532, -0.00017695873
  -61.832445, -0.000175384, -0.00017690399
  -61.793715, -0.0001885378, -0.00017683829
  -61.780805, -0.0001741882, -0.00017681639
  -61.742075, -0.0001941182, -0.00017675069
  -61.69689, -0.0002024888, -0.00017667403
  -61.690435, -0.0001869434, -0.00017666307
  -61.64525, -0.0001925238, -0.0001765864
  -61.60652, -0.0001829574, -0.00017652068
  -61.59361, -0.000193321, -0.00017649877
  -61.55488, -0.0001877406, -0.00017643303
  -61.51615, -0.0001761812, -0.00017636729
  -61.49033, -0.0001749854, -0.00017632346
  -61.46451, -0.000165419, -0.00017627963
  -61.406415, -0.0001725938, -0.00017618099
  -61.393505, -0.0001861462, -0.00017615907
  -61.37414, -0.0001745868, -0.00017612619
  -61.34832, -0.0001765798, -0.00017608234
  -61.303135, -0.0001857476, -0.00017600561
  -61.28377, -0.0001937196, -0.00017597272
  -61.264405, -0.0001849504, -0.00017593982
  -61.225675, -0.0001690064, -0.00017587403
  -61.186945, -0.0001737896, -0.00017580824
  -61.174035, -0.0001921252, -0.0001757863
  -61.14176, -0.0001809644, -0.00017573147
  -61.10303, -0.0001721952, -0.00017566566
  -61.0643, -0.0001841532, -0.00017559984
  -61.0643, -0.0001650204, -0.00017559984
  -61.02557, -0.0001698036, -0.00017553401
  -60.98684, -0.0001670134, -0.00017546818
  -60.954565, -0.0001709994, -0.00017541331
  -60.941655, -0.000181363, -0.00017539137
  -60.92229, -0.0001650204, -0.00017535844
  -60.890015, -0.0001658176, -0.00017530357
  -60.864195, -0.0001745868, -0.00017525966
  -60.825465, -0.000187342, -0.0001751938
  -60.825465, -0.0001877406, -0.0001751938
  -60.786735, -0.0001817616, -0.00017512793
  -60.748005, -0.0001817616, -0.00017506205
  -60.71573, -0.0001666148, -0.00017500715
  -60.71573, -0.0001861462, -0.00017500715
  -60.683455, -0.0001825588, -0.00017495224
  -60.670545, -0.0001741882, -0.00017493027
  -60.65118, -0.0001865448, -0.00017489732
  -60.644725, -0.00017937, -0.00017488634
  -60.62536, -0.0001993, -0.00017485339
  -60.61245, -0.0001985028, -0.00017483142
  -60.605995, -0.0001646218, -0.00017482044
  -60.593085, -0.0002068734, -0.00017479847
  -60.580175, -0.0001642232, -0.00017477649
  -60.567265, -0.0001996986, -0.00017475452
  -60.56081, -0.00017937, -0.00017474354
  -60.53499, -0.000175384, -0.00017469959
  -60.53499, -0.0001829574, -0.00017469959
  -60.502715, -0.0001817616, -0.00017464465
  -60.49626, -0.0001670134, -0.00017463366
  -60.48335, -0.0001789714, -0.00017461168
  -60.47044, -0.0001869434, -0.0001745897
  -60.45753, -0.0001706008, -0.00017456773
  -60.43171, -0.0001829574, -0.00017452376
  -60.425255, -0.0001658176, -0.00017451277
  -60.40589, -0.000163426, -0.0001744798
  -60.399435, -0.000169405, -0.00017446881
  -60.36716, -0.0001777756, -0.00017441384
  -60.360705, -0.0001650204, -0.00017440285
  -60.35425, -0.0001698036, -0.00017439186
  -60.321975, -0.0001777756, -0.00017433689
  -60.321975, -0.000165419, -0.00017433689
  -60.283245, -0.0001682092, -0.00017427091
  -60.27679, -0.0001670134, -0.00017425992
  -60.244515, -0.0001749854, -0.00017420493
  -60.23806, -0.0001622302, -0.00017419394
  -60.21224, -0.000169405, -0.00017414994
  -60.21224, -0.00017937, -0.00017414994
  -60.179965, -0.000177377, -0.00017409495
  -60.17351, -0.000187342, -0.00017408395
  -60.14769, -0.0001650204, -0.00017403994
  -60.13478, -0.000165419, -0.00017401794
  -60.115415, -0.0001622302, -0.00017398494
  -60.089595, -0.0001638246, -0.00017394092
  -60.076685, -0.0001749854, -0.00017391892
  -60.037955, -0.0001821602, -0.00017385289
  -60.037955, -0.0001526638, -0.00017385289
  -60.012135, -0.0001849504, -0.00017380887
  -60.00568, -0.0001618316, -0.00017379786
  -59.97986, -0.0001745868, -0.00017375383
  -59.960495, -0.0001717966, -0.00017372081
  -59.947585, -0.0001745868, -0.00017369879
  -59.91531, -0.0001841532, -0.00017364375
  -59.91531, -0.0001725938, -0.00017364375
  -59.87658, -0.0001721952, -0.00017357769
  -59.870125, -0.0001602372, -0.00017356667
  -59.82494, -0.0001797686, -0.00017348959
  -59.82494, -0.000169405, -0.00017348959
  -59.78621, -0.0001885378, -0.0001734235
  -59.779755, -0.0001650204, -0.00017341249
  -59.76039, -0.0001797686, -0.00017337944
  -59.728115, -0.000165419, -0.00017332436
  -59.715205, -0.000169405, -0.00017330232
  -59.68293, -0.0001650204, -0.00017324723
  -59.67002, -0.0001709994, -0.00017322519
  -59.63129, -0.000167412, -0.00017315907
  -59.63129, -0.0001829574, -0.00017315907
  -59.599015, -0.000195314, -0.00017310396
  -59.573195, -0.0001825588, -0.00017305987
  -59.55383, -0.000181363, -0.00017302679
  -59.52801, -0.0001757826, -0.00017298269
  -59.5151, -0.0001829574, -0.00017296064
  -59.47637, -0.0001749854, -0.00017289448
  -59.47637, -0.0001817616, -0.00017289448
  -59.431185, -0.0001761812, -0.00017281728
  -59.418275, -0.0001717966, -0.00017279522
  -59.379545, -0.0001749854, -0.00017272903
  -59.379545, -0.000165419, -0.00017272903
  -59.33436, -0.0001781742, -0.0001726518
  -59.327905, -0.000163426, -0.00017264077
  -59.302085, -0.00017937, -0.00017259663
  -59.276265, -0.0001538596, -0.00017255249
  -59.250445, -0.0001801672, -0.00017250834
  -59.23108, -0.0001686078, -0.00017247522
  -59.198805, -0.0001805658, -0.00017242003
  -59.16653, -0.0001646218, -0.00017236482
  -59.147165, -0.0001817616, -0.0001723317
  -59.11489, -0.0001558526, -0.00017227648
  -59.10198, -0.0001845518, -0.00017225439
  -59.06325, -0.0001590414, -0.00017218812
  -59.05034, -0.000171398, -0.00017216603
  -59.005155, -0.0001662162, -0.0001720887
  -58.992245, -0.0001626288, -0.0001720666
  -58.940605, -0.000167412, -0.00017197819
  -58.940605, -0.0001769784, -0.00017197819
  -58.89542, -0.0001690064, -0.00017190082
  -58.89542, -0.0001666148, -0.00017190082
  -58.84378, -0.000165419, -0.00017181238
  -58.83087, -0.0001598386, -0.00017179026
  -58.798595, -0.0001666148, -0.00017173497
  -58.772775, -0.0001626288, -0.00017169073
  -58.746955, -0.0001650204, -0.00017164649
  -58.721135, -0.0001729924, -0.00017160224
  -58.695315, -0.000165419, -0.00017155799
  -58.669495, -0.0001769784, -0.00017151373
  -58.65013, -0.0001610344, -0.00017148053
  -58.6114, -0.000177377, -0.00017141413
  -58.592035, -0.0001586428, -0.00017138092
  -58.54685, -0.0001642232, -0.00017130343
  -58.53394, -0.0001729924, -0.00017128128
  -58.501665, -0.0001542582, -0.00017122592
  -58.475845, -0.0001761812, -0.00017118162
  -58.46939, -0.0001618316, -0.00017117054
  -58.43066, -0.0001686078, -0.00017110408
  -58.411295, -0.0001678106, -0.00017107085
  -58.372565, -0.0001678106, -0.00017100437
  -58.36611, -0.0001662162, -0.00017099329
  -58.320925, -0.0001622302, -0.00017091571
  -58.308015, -0.000177377, -0.00017089354
  -58.27574, -0.0001658176, -0.00017083812
  -58.230555, -0.0001690064, -0.0001707605
  -58.230555, -0.0001706008, -0.0001707605
  -58.178915, -0.0001809644, -0.00017067178
  -58.15955, -0.0001721952, -0.0001706385
  -58.13373, -0.0001745868, -0.00017059413
  -58.101455, -0.0001729924, -0.00017053866
  -58.088545, -0.0001622302, -0.00017051646
  -58.05627, -0.000151468, -0.00017046097
  -58.04336, -0.0001618316, -0.00017043878
  -58.01754, -0.0001518666, -0.00017039438
  -57.972355, -0.0001650204, -0.00017031666
  -57.9659, -0.0001690064, -0.00017030556
  -57.94008, -0.0001626288, -0.00017026114
  -57.90135, -0.000163426, -0.0001701945
  -57.894895, -0.0001937196, -0.00017018339
  -57.86262, -0.0001578456, -0.00017012784
  -57.82389, -0.0001837546, -0.00017006118
  -57.81098, -0.0001682092, -0.00017003895
  -57.77225, -0.0001646218, -0.00016997226
  -57.752885, -0.0001941182, -0.00016993892
  -57.739975, -0.000155454, -0.00016991668
  -57.7077, -0.000165419, -0.00016986109
  -57.688335, -0.0001785728, -0.00016982773
  -57.66897, -0.0001698036, -0.00016979436
  -57.63024, -0.000163426, -0.00016972762
  -57.610875, -0.000181363, -0.00016969425
  -57.59151, -0.0001662162, -0.00016966087
  -57.53987, -0.0001757826, -0.00016957184
  -57.533415, -0.0001769784, -0.00016956071
  -57.507595, -0.0001682092, -0.00016951618
  -57.47532, -0.000181363, -0.00016946052
  -57.46241, -0.0001745868, -0.00016943825
  -57.430135, -0.0001821602, -0.00016938256
  -57.391405, -0.0001745868, -0.00016931573
  -57.37204, -0.0001797686, -0.00016928231
  -57.365585, -0.0001678106, -0.00016927117
  -57.34622, -0.0001622302, -0.00016923774
  -57.313945, -0.0001630274, -0.00016918202
  -57.28167, -0.000165419, -0.00016912629
  -57.28167, -0.0001785728, -0.00016912629
  -57.24294, -0.0001666148, -0.0001690594
  -57.21712, -0.0001646218, -0.00016901479
  -57.197755, -0.0001777756, -0.00016898133
  -57.17839, -0.0001678106, -0.00016894787
  -57.146115, -0.0001706008, -0.00016889209
  -57.120295, -0.0001682092, -0.00016884746
  -57.11384, -0.000173391, -0.0001688363
  -57.07511, -0.0001622302, -0.00016876934
  -57.029925, -0.0001678106, -0.0001686912
  -57.02347, -0.00015944, -0.00016868003
  -56.991195, -0.0001566498, -0.0001686242
  -56.95892, -0.000153461, -0.00016856835
  -56.94601, -0.0001725938, -0.00016854601
  -56.92019, -0.0001610344, -0.00016850132
  -56.90728, -0.0001849504, -0.00016847897
  -56.88146, -0.0001650204, -0.00016843427
  -56.86855, -0.0001961112, -0.00016841192
  -56.862095, -0.0001789714, -0.00016840074
  -56.84273, -0.000173391, -0.00016836721
  -56.82982, -0.000173391, -0.00016834485
  -56.804, -0.0001666148, -0.00016830013
  -56.797545, -0.0001841532, -0.00016828894
  -56.77818, -0.000169405, -0.00016825539
  -56.75236, -0.0001829574, -0.00016821066
  -56.73945, -0.00017937, -0.00016818828
  -56.720085, -0.0001729924, -0.00016815472
  -56.71363, -0.0001725938, -0.00016814353
  -56.68781, -0.0001749854, -0.00016809877
  -56.668445, -0.0001626288, -0.0001680652
  -56.66199, -0.0001678106, -0.00016805401
  -56.63617, -0.0001709994, -0.00016800923
  -56.62326, -0.000167412, -0.00016798684
  -56.61035, -0.0001817616, -0.00016796445
  -56.578075, -0.0001781742, -0.00016790846
  -56.57162, -0.0001586428, -0.00016789726
  -56.53289, -0.0001622302, -0.00016783005
  -56.51998, -0.0001725938, -0.00016780764
  -56.513525, -0.0001698036, -0.00016779644
  -56.48125, -0.0001570484, -0.00016774041
  -56.474795, -0.0001638246, -0.0001677292
  -56.44252, -0.0001602372, -0.00016767315
  -56.436065, -0.0001538596, -0.00016766194
  -56.410245, -0.0001602372, -0.0001676171
  -56.397335, -0.0001610344, -0.00016759467
  -56.371515, -0.0001769784, -0.00016754981
  -56.345695, -0.000157447, -0.00016750494
  -56.332785, -0.00015944, -0.0001674825
  -56.294055, -0.0001662162, -0.00016741517
  -56.294055, -0.000157447, -0.00016741517
  -56.26178, -0.0001550554, -0.00016735905
  -56.24887, -0.0001662162, -0.0001673366
  -56.229505, -0.0001518666, -0.00016730292
  -56.203685, -0.0001725938, -0.000167258
  -56.190775, -0.0001590414, -0.00016723554
  -56.1585, -0.0001765798, -0.00016717938
  -56.14559, -0.000171398, -0.00016715691
  -56.113315, -0.0001761812, -0.00016710072
  -56.100405, -0.0001662162, -0.00016707824
  -56.074585, -0.0001618316, -0.00016703328
  -56.05522, -0.0001498736, -0.00016699955
  -56.035855, -0.0001721952, -0.00016696582
  -55.997125, -0.0001506708, -0.00016689834
  -55.997125, -0.0001618316, -0.00016689834
  -55.958395, -0.00015944, -0.00016683084
  -55.93903, -0.0001586428, -0.00016679708
  -55.919665, -0.0001709994, -0.00016676331
  -55.9003, -0.000173391, -0.00016672954
  -55.87448, -0.0001686078, -0.00016668451
  -55.842205, -0.0001702022, -0.0001666282
  -55.829295, -0.0001578456, -0.00016660568
  -55.790565, -0.0001566498, -0.00016653808
  -55.78411, -0.0001618316, -0.00016652681
  -55.74538, -0.0001642232, -0.00016645919
  -55.738925, -0.0001642232, -0.00016644792
  -55.700195, -0.000167412, -0.00016638027
  -55.674375, -0.000157447, -0.00016633516
  -55.635645, -0.0001729924, -0.00016626748
  -55.622735, -0.0001546568, -0.00016624491
  -55.59046, -0.000169405, -0.00016618849
  -55.571095, -0.0001578456, -0.00016615462
  -55.55173, -0.000171398, -0.00016612076
  -55.513, -0.0001562512, -0.000166053
  -55.513, -0.0001717966, -0.000166053
  -55.46136, -0.0001777756, -0.00016596262
  -55.46136, -0.0001690064, -0.00016596262
  -55.416175, -0.0001709994, -0.00016588351
  -55.403265, -0.000175384, -0.0001658609
  -55.37099, -0.000175384, -0.00016580436
  -55.351625, -0.000167412, -0.00016577043
  -55.312895, -0.0001582442, -0.00016570255
  -55.312895, -0.0001797686, -0.00016570255
  -55.274165, -0.0001857476, -0.00016563465
  -55.261255, -0.000155454, -0.00016561201
  -55.209615, -0.0001442932, -0.00016552143
  -55.209615, -0.0001857476, -0.00016552143
  -55.157975, -0.00017937, -0.0001654308
  -55.15152, -0.0001642232, -0.00016541946
  -55.11279, -0.0001709994, -0.00016535146
  -55.09988, -0.0001805658, -0.00016532878
  -55.06115, -0.0001690064, -0.00016526074
  -55.04824, -0.0001606358, -0.00016523806
  -55.003055, -0.0001566498, -0.00016515864
  -55.003055, -0.0001717966, -0.00016515864
  -54.95787, -0.0001566498, -0.00016507918
  -54.938505, -0.0001841532, -0.00016504512
  -54.912685, -0.0001510694, -0.00016499969
  -54.88041, -0.0001785728, -0.00016494289
  -54.861045, -0.0001438946, -0.0001649088
  -54.822315, -0.0001590414, -0.0001648406
  -54.809405, -0.0001546568, -0.00016481786
  -54.757765, -0.0001686078, -0.00016472687
  -54.757765, -0.0001662162, -0.00016472687
  -54.706125, -0.0001590414, -0.00016463583
  -54.706125, -0.0001686078, -0.00016463583
  -54.67385, -0.0001502722, -0.00016457891
  -54.63512, -0.000155454, -0.00016451058
  -54.628665, -0.0001709994, -0.00016449918
  -54.577025, -0.0001702022, -0.00016440802
  -54.57057, -0.0001602372, -0.00016439662
  -54.525385, -0.0001582442, -0.00016431681
  -54.512475, -0.000171398, -0.000164294
  -54.4802, -0.0001602372, -0.00016423696
  -54.447925, -0.0001841532, -0.0001641799
  -54.44147, -0.0001630274, -0.00016416849
  -54.40274, -0.0001650204, -0.00016409998
  -54.37692, -0.0001717966, -0.00016405429
  -54.36401, -0.0001797686, -0.00016403145
  -54.318825, -0.0001582442, -0.00016395145
  -54.29946, -0.0001602372, -0.00016391716
  -54.26073, -0.0001686078, -0.00016384854
  -54.23491, -0.0001698036, -0.00016380278
  -54.222, -0.0001721952, -0.0001637799
  -54.19618, -0.000163426, -0.00016373412
  -54.176815, -0.0001662162, -0.00016369977
  -54.150995, -0.0001546568, -0.00016365397
  -54.112265, -0.0001566498, -0.00016358524
  -54.0929, -0.000165419, -0.00016355086
  -54.073535, -0.000149475, -0.00016351648
  -54.04126, -0.0001630274, -0.00016345915
  -54.02835, -0.0001658176, -0.00016343621
  -54.00253, -0.0001538596, -0.00016339033
  -53.9638, -0.000167412, -0.00016332147
  -53.9638, -0.0001542582, -0.00016332147
  -53.918615, -0.0001630274, -0.0001632411
  -53.879885, -0.0001717966, -0.00016317218
  -53.87343, -0.0001662162, -0.00016316069
  -53.8347, -0.0001686078, -0.00016309173
  -53.815335, -0.0001622302, -0.00016305723
  -53.79597, -0.0001566498, -0.00016302273
  -53.776605, -0.0001490764, -0.00016298822
  -53.74433, -0.000151468, -0.00016293069
  -53.71851, -0.0001578456, -0.00016288464
  -53.7056, -0.0001582442, -0.00016286161
  -53.66687, -0.00015944, -0.0001627925
  -53.647505, -0.0001542582, -0.00016275794
  -53.64105, -0.000149475, -0.00016274641
  -53.60232, -0.0001419016, -0.00016267725
  -53.557135, -0.0001598386, -0.00016259651
  -53.557135, -0.00015944, -0.00016259651
  -53.518405, -0.0001610344, -0.00016252726
  -53.479675, -0.000157447, -0.00016245799
  -53.466765, -0.0001702022, -0.00016243489
  -53.440945, -0.0001658176, -0.00016238867
  -53.402215, -0.0001682092, -0.00016231932
  -53.389305, -0.000169405, -0.0001622962
  -53.363485, -0.0001698036, -0.00016224994
  -53.3183, -0.0001610344, -0.00016216894
  -53.30539, -0.0001769784, -0.00016214579
  -53.27957, -0.0001466848, -0.00016209947
  -53.234385, -0.0001741882, -0.00016201838
  -53.208565, -0.0001741882, -0.00016197202
  -53.195655, -0.0001610344, -0.00016194883
  -53.156925, -0.0001602372, -0.00016187924
  -53.118195, -0.0001546568, -0.00016180962
  -53.105285, -0.0001502722, -0.0001617864
  -53.0601, -0.0001526638, -0.00016170511
  -53.02137, -0.0001622302, -0.00016163539
  -53.014915, -0.0001590414, -0.00016162376
  -52.96973, -0.0001478806, -0.00016154236
  -52.931, -0.000161433, -0.00016147255
  -52.924545, -0.0001430974, -0.00016146091
  -52.87936, -0.0001486778, -0.0001613794
  -52.872905, -0.0001626288, -0.00016136775
  -52.859995, -0.0001558526, -0.00016134445
  -52.84063, -0.0001590414, -0.00016130949
  -52.834175, -0.0001769784, -0.00016129783
  -52.81481, -0.0001562512, -0.00016126286
  -52.78899, -0.0001438946, -0.00016121621
  -52.77608, -0.000169405, -0.00016119288
  -52.75026, -0.0001590414, -0.0001611462
  -52.73735, -0.0001598386, -0.00016112286
  -52.72444, -0.000163426, -0.00016109951
  -52.717985, -0.0001566498, -0.00016108783
  -52.679255, -0.0001582442, -0.00016101774
  -52.679255, -0.0001546568, -0.00016101774
  -52.640525, -0.0001470834, -0.00016094762
  -52.627615, -0.000157447, -0.00016092423
  -52.614705, -0.0001582442, -0.00016090084
  -52.59534, -0.0001737896, -0.00016086575
  -52.575975, -0.0001638246, -0.00016083064
  -52.563065, -0.000165419, -0.00016080724
  -52.537245, -0.0001558526, -0.0001607604
  -52.524335, -0.000163426, -0.00016073698
  -52.50497, -0.000153461, -0.00016070183
  -52.47915, -0.0001518666, -0.00016065496
  -52.47915, -0.0001709994, -0.00016065496
  -52.45333, -0.0001462862, -0.00016060806
  -52.42751, -0.0001578456, -0.00016056114
  -52.4146, -0.0001562512, -0.00016053768
  -52.382325, -0.000141503, -0.00016047899
  -52.37587, -0.0001642232, -0.00016046725
  -52.343595, -0.0001702022, -0.00016040852
  -52.32423, -0.0001522652, -0.00016037327
  -52.317775, -0.0001578456, -0.00016036152
  -52.2855, -0.0001562512, -0.00016030274
  -52.279045, -0.000151468, -0.00016029098
  -52.253225, -0.000161433, -0.00016024393
  -52.240315, -0.0001518666, -0.00016022039
  -52.214495, -0.0001626288, -0.00016017331
  -52.175765, -0.000167412, -0.00016010264
  -52.162855, -0.000141503, -0.00016007907
  -52.14349, -0.0001526638, -0.00016004371
  -52.124125, -0.0001690064, -0.00016000834
  -52.111215, -0.000151468, -0.00015998476
  -52.072485, -0.0001602372, -0.00015991396
  -52.072485, -0.000157447, -0.00015991396
  -52.033755, -0.0001570484, -0.00015984312
  -52.007935, -0.0001638246, -0.00015979586
  -52.00148, -0.0001590414, -0.00015978405
  -51.969205, -0.0001530624, -0.00015972494
  -51.969205, -0.0001709994, -0.00015972494
  -51.930475, -0.0001502722, -0.00015965396
  -51.91111, -0.0001502722, -0.00015961846
  -51.88529, -0.000149475, -0.0001595711
  -51.853015, -0.0001446918, -0.00015951187
  -51.84656, -0.0001618316, -0.00015950001
  -51.80783, -0.0001606358, -0.00015942888
  -51.801375, -0.0001546568, -0.00015941702
  -51.775555, -0.000171398, -0.00015936956
  -51.7691, -0.0001478806, -0.0001593577
  -51.73037, -0.0001686078, -0.00015928646
  -51.70455, -0.0001522652, -0.00015923894
  -51.69164, -0.0001458876, -0.00015921517
  -51.65291, -0.000135524, -0.00015914383
  -51.646455, -0.000153461, -0.00015913193
  -51.60127, -0.000143496, -0.00015904862
  -51.58836, -0.000165419, -0.00015902481
  -51.556085, -0.0001570484, -0.00015896524
  -51.53672, -0.0001662162, -0.00015892948
  -51.5109, -0.0001658176, -0.00015888178
  -51.48508, -0.000155454, -0.00015883406
  -51.452805, -0.00015944, -0.00015877437
  -51.439895, -0.0001450904, -0.00015875048
  -51.40762, -0.0001502722, -0.00015869074
  -51.388255, -0.0001458876, -0.00015865488
  -51.362435, -0.0001506708, -0.00015860704
  -51.34307, -0.0001566498, -0.00015857114
  -51.31725, -0.0001446918, -0.00015852326
  -51.297885, -0.0001586428, -0.00015848733
  -51.27852, -0.0001466848, -0.00015845138
  -51.2527, -0.0001486778, -0.00015840344
  -51.22688, -0.000157447, -0.00015835546
  -51.20106, -0.0001530624, -0.00015830746
  -51.17524, -0.0001586428, -0.00015825944
  -51.13651, -0.0001709994, -0.00015818735
  -51.130055, -0.0001570484, -0.00015817533
  -51.091325, -0.000165419, -0.00015810317
  -51.078415, -0.00015944, -0.00015807911
  -51.05905, -0.0001590414, -0.000158043
  -51.02032, -0.0001542582, -0.00015797073
  -51.02032, -0.0001602372, -0.00015797073
  -50.96868, -0.000147482, -0.00015787428
  -50.96868, -0.0001598386, -0.00015787428
  -50.92995, -0.0001729924, -0.00015780187
  -50.923495, -0.0001506708, -0.0001577898
  -50.87831, -0.0001618316, -0.00015770523
  -50.871855, -0.0001702022, -0.00015769314
  -50.833125, -0.000167412, -0.00015762057
  -50.81376, -0.000161433, -0.00015758427
  -50.78794, -0.0001522652, -0.00015753583
  -50.76212, -0.0001498736, -0.00015748737
  -50.755665, -0.0001526638, -0.00015747525
  -50.716935, -0.0001502722, -0.0001574025
  -50.69757, -0.0001570484, -0.00015736609
  -50.65884, -0.0001530624, -0.00015729324
  -50.652385, -0.0001578456, -0.00015728109
  -50.626565, -0.0001582442, -0.00015723248
  -50.59429, -0.0001570484, -0.00015717167
  -50.587835, -0.0001598386, -0.0001571595
  -50.54265, -0.00015944, -0.00015707428
  -50.536195, -0.0001458876, -0.0001570621
  -50.50392, -0.0001686078, -0.00015700116
  -50.471645, -0.000145489, -0.00015694018
  -50.471645, -0.0001498736, -0.00015694018
  -50.42646, -0.0001610344, -0.00015685472
  -50.41355, -0.0001618316, -0.00015683028
  -50.38773, -0.000157447, -0.00015678139
  -50.355455, -0.0001590414, -0.00015672024
  -50.349, -0.0001562512, -0.000156708
  -50.32318, -0.0001518666, -0.00015665903
  -50.29736, -0.0001538596, -0.00015661003
  -50.265085, -0.0001566498, -0.00015654873
  -50.252175, -0.0001646218, -0.0001565242
  -50.2199, -0.0001586428, -0.00015646284
  -50.20699, -0.0001598386, -0.00015643828
  -50.18117, -0.00013951, -0.00015638914
  -50.148895, -0.0001359226, -0.00015632766
  -50.148895, -0.000145489, -0.00015632766
  -50.123075, -0.0001347268, -0.00015627844
  -50.10371, -0.0001538596, -0.00015624151
  -50.07789, -0.0001367198, -0.00015619224
  -50.06498, -0.0001558526, -0.00015616759
  -50.02625, -0.000163426, -0.00015609359
  -50.01334, -0.0001466848, -0.00015606891
  -49.98752, -0.000151468, -0.00015601952
  -49.9617, -0.0001566498, -0.00015597009
  -49.955245, -0.000147482, -0.00015595773
  -49.93588, -0.0001578456, -0.00015592064
  -49.890695, -0.0001542582, -0.000155834
  -49.877785, -0.0001606358, -0.00015580923
  -49.84551, -0.000157447, -0.00015574726
  -49.80678, -0.000157447, -0.00015567283
  -49.80678, -0.000163426, -0.00015567283
  -49.761595, -0.000151468, -0.0001555859
  -49.74223, -0.000151468, -0.0001555486
  -49.735775, -0.0001466848, -0.00015553617
  -49.709955, -0.0001399086, -0.00015548641
  -49.66477, -0.0001502722, -0.00015539924
  -49.66477, -0.000157447, -0.00015539924
  -49.619585, -0.0001502722, -0.00015531196
  -49.580855, -0.0001490764, -0.00015523706
  -49.5744, -0.0001462862, -0.00015522456
  -49.53567, -0.0001502722, -0.00015514957
  -49.50985, -0.0001562512, -0.00015509952
  -49.490485, -0.000147482, -0.00015506196
  -49.451755, -0.0001498736, -0.00015498679
  -49.413025, -0.0001490764, -0.00015491152
  -49.400115, -0.0001526638, -0.00015488641
  -49.348475, -0.0001478806, -0.00015478589
  -49.322655, -0.0001566498, -0.00015473557
  -49.3162, -0.000143496, -0.00015472299
  -49.29038, -0.0001558526, -0.00015467262
  -49.283925, -0.0001482792, -0.00015466002
  -49.27747, -0.0001506708, -0.00015464742
  -49.258105, -0.0001626288, -0.0001546096
  -49.245195, -0.0001442932, -0.00015458438
  -49.232285, -0.000145489, -0.00015455915
  -49.206465, -0.0001470834, -0.00015450865
  -49.20001, -0.0001550554, -0.00015449602
  -49.180645, -0.0001442932, -0.00015445811
  -49.154825, -0.0001590414, -0.00015440754
  -49.154825, -0.0001598386, -0.00015440754
  -49.12255, -0.0001610344, -0.00015434426
  -49.103185, -0.000155454, -0.00015430627
  -49.09673, -0.0001658176, -0.00015429359
  -49.08382, -0.0001518666, -0.00015426825
  -49.058, -0.0001506708, -0.00015421752
  -49.051545, -0.0001430974, -0.00015420483
  -49.01927, -0.0001498736, -0.00015414135
  -49.012815, -0.0001546568, -0.00015412865
  -48.99345, -0.0001510694, -0.00015409052
  -48.96763, -0.0001490764, -0.00015403965
  -48.961175, -0.0001538596, -0.00015402692
  -48.94181, -0.00013951, -0.00015398873
  -48.922445, -0.0001379156, -0.00015395052
  -48.909535, -0.000145489, -0.00015392503
  -48.87726, -0.0001387128, -0.00015386126
  -48.87726, -0.0001546568, -0.00015386126
  -48.844985, -0.0001670134, -0.00015379742
  -48.819165, -0.0001506708, -0.00015374631
  -48.819165, -0.0001618316, -0.00015374631
  -48.77398, -0.0001482792, -0.00015365675
  -48.77398, -0.0001339296, -0.00015365675
  -48.754615, -0.0001462862, -0.00015361833
  -48.728795, -0.0001498736, -0.00015356706
  -48.715885, -0.0001558526, -0.00015354141
  -48.690065, -0.0001510694, -0.00015349007
  -48.677155, -0.0001566498, -0.00015346439
  -48.64488, -0.000151468, -0.00015340013
  -48.638425, -0.0001650204, -0.00015338727
  -48.612605, -0.0001466848, -0.0001533358
  -48.586785, -0.000175384, -0.00015328428
  -48.58033, -0.0001383142, -0.0001532714
  -48.5416, -0.0001526638, -0.00015319402
  -48.535145, -0.0001522652, -0.00015318112
  -48.50287, -0.0001558526, -0.00015311655
  -48.483505, -0.0001542582, -0.00015307777
  -48.470595, -0.0001478806, -0.0001530519
  -48.43832, -0.00015944, -0.00015298719
  -48.431865, -0.0001419016, -0.00015297423
  -48.393135, -0.0001522652, -0.00015289646
  -48.38668, -0.0001658176, -0.00015288349
  -48.354405, -0.0001630274, -0.00015281858
  -48.33504, -0.0001502722, -0.0001527796
  -48.32213, -0.0001490764, -0.0001527536
  -48.29631, -0.0001462862, -0.00015270156
  -48.2834, -0.000153461, -0.00015267552
  -48.251125, -0.0001498736, -0.00015261037
  -48.24467, -0.0001558526, -0.00015259733
  -48.19303, -0.000147482, -0.00015249291
  -48.186575, -0.0001542582, -0.00015247984
  -48.160755, -0.0001466848, -0.00015242755
  -48.14139, -0.0001450904, -0.00015238829
  -48.12848, -0.0001590414, -0.0001523621
  -48.083295, -0.0001506708, -0.00015227035
  -48.07684, -0.0001530624, -0.00015225723
  -48.031655, -0.0001598386, -0.00015216531
  -48.031655, -0.0001347268, -0.00015216531
  -47.992925, -0.0001458876, -0.00015208639
  -47.992925, -0.000163426, -0.00015208639
  -47.954195, -0.0001462862, -0.00015200735
  -47.941285, -0.0001419016, -0.00015198098
  -47.90901, -0.0001518666, -0.000151915
  -47.889645, -0.0001383142, -0.00015187537
  -47.85737, -0.0001379156, -0.00015180925
  -47.850915, -0.0001462862, -0.00015179602
  -47.812185, -0.0001403072, -0.00015171655
  -47.812185, -0.0001458876, -0.00015171655
  -47.773455, -0.0001566498, -0.00015163696
  -47.767, -0.0001399086, -0.00015162369
  -47.721815, -0.0001538596, -0.00015153065
  -47.71536, -0.000153461, -0.00015151735
  -47.67663, -0.000149475, -0.00015143746
  -47.670175, -0.0001526638, -0.00015142413
  -47.6379, -0.0001419016, -0.00015135744
  -47.61208, -0.0001546568, -0.00015130402
  -47.59917, -0.0001466848, -0.00015127729
  -47.579805, -0.0001490764, -0.00015123717
  -47.56044, -0.0001423002, -0.00015119702
  -47.528165, -0.0001458876, -0.00015113003
  -47.52171, -0.000153461, -0.00015111662
  -47.476525, -0.0001582442, -0.00015102267
  -47.47007, -0.0001423002, -0.00015100923
  -47.437795, -0.000153461, -0.00015094199
  -47.41843, -0.0001462862, -0.0001509016
  -47.399065, -0.0001582442, -0.00015086118
  -47.373245, -0.0001518666, -0.00015080724
  -47.360335, -0.0001598386, -0.00015078024
  -47.321605, -0.0001506708, -0.00015069917
  -47.321605, -0.0001522652, -0.00015069917
  -47.27642, -0.0001542582, -0.00015060442
  -47.269965, -0.00015944, -0.00015059086
  -47.244145, -0.000155454, -0.00015053662
  -47.218325, -0.000149475, -0.00015048232
  -47.21187, -0.0001582442, -0.00015046873
  -47.17314, -0.0001566498, -0.00015038714
  -47.16023, -0.0001462862, -0.00015035991
  -47.13441, -0.0001638246, -0.00015030541
  -47.09568, -0.0001618316, -0.00015022354
  -47.09568, -0.000161433, -0.00015022354
  -47.050495, -0.000153461, -0.00015012785
  -47.024675, -0.0001542582, -0.00015007309
  -47.024675, -0.0001387128, -0.00015007309
  -46.998855, -0.0001351254, -0.00015001825
  -46.985945, -0.0001466848, -0.00014999082
  -46.960125, -0.0001407058, -0.00014993589
  -46.934305, -0.0001462862, -0.0001498809
  -46.92785, -0.0001403072, -0.00014986714
  -46.895575, -0.0001506708, -0.00014979829
  -46.87621, -0.0001351254, -0.00014975693
  -46.856845, -0.0001538596, -0.00014971554
  -46.82457, -0.000147482, -0.00014964646
  -46.805205, -0.0001359226, -0.00014960497
  -46.79875, -0.0001446918, -0.00014959113
  -46.753565, -0.0001510694, -0.00014949413
  -46.74711, -0.0001383142, -0.00014948026
  -46.72129, -0.0001446918, -0.00014942472
  -46.689015, -0.0001458876, -0.00014935521
  -46.68256, -0.0001363212, -0.0001493413
  -46.65674, -0.000141503, -0.00014928559
  -46.61801, -0.000149475, -0.00014920191
  -46.61801, -0.0001442932, -0.00014920191
  -46.56637, -0.000153461, -0.00014909008
  -46.547005, -0.0001411044, -0.00014904808
  -46.534095, -0.0001578456, -0.00014902005
  -46.48891, -0.0001526638, -0.00014892182
  -46.482455, -0.0001423002, -0.00014890777
  -46.45018, -0.0001399086, -0.00014883745
  -46.42436, -0.0001502722, -0.00014878112
  -46.404995, -0.0001399086, -0.00014873882
  -46.37272, -0.0001426988, -0.00014866823
  -46.35981, -0.0001566498, -0.00014863996
  -46.33399, -0.0001399086, -0.00014858337
  -46.288805, -0.000141503, -0.00014848417
  -46.28235, -0.0001419016, -0.00014846997
  -46.250075, -0.0001307408, -0.00014839895
  -46.2178, -0.0001291464, -0.00014832781
  -46.211345, -0.0001498736, -0.00014831356
  -46.15325, -0.0001486778, -0.00014818517
  -46.14034, -0.0001399086, -0.00014815658
  -46.120975, -0.0001482792, -0.00014811367
  -46.07579, -0.0001550554, -0.00014801337
  -46.06288, -0.0001438946, -0.00014798467
  -46.030605, -0.000147482, -0.00014791284
  -45.98542, -0.0001518666, -0.00014781206
  -45.978965, -0.0001411044, -0.00014779764
  -45.93378, -0.0001343282, -0.00014769659
  -45.90796, -0.0001319366, -0.00014763874
  -45.89505, -0.0001462862, -0.00014760978
  -45.85632, -0.0001339296, -0.00014752278
  -45.81759, -0.0001367198, -0.00014743561
  -45.80468, -0.0001482792, -0.00014740651
  -45.785315, -0.0001458876, -0.00014736282
  -45.76595, -0.000153461, -0.00014731909
  -45.76595, -0.000151468, -0.00014731909
  -45.746585, -0.0001379156, -0.0001472753
  -45.71431, -0.0001442932, -0.00014720223
  -45.71431, -0.0001319366, -0.00014720223
  -45.68849, -0.00015944, -0.00014714368
  -45.68849, -0.0001450904, -0.00014714368
  -45.64976, -0.0001482792, -0.00014705569
  -45.643305, -0.0001630274, -0.00014704101
  -45.62394, -0.0001339296, -0.00014699693
  -45.59812, -0.0001383142, -0.00014693808
  -45.58521, -0.0001570484, -0.00014690862
  -45.565845, -0.0001450904, -0.0001468644
  -45.540025, -0.0001446918, -0.00014680535
  -45.53357, -0.0001438946, -0.00014679058
  -45.514205, -0.0001419016, -0.00014674622
  -45.49484, -0.0001399086, -0.00014670182
  -45.488385, -0.000153461, -0.000146687
  -45.462565, -0.0001442932, -0.0001466277
  -45.45611, -0.0001462862, -0.00014661286
  -45.43029, -0.0001446918, -0.00014655344
  -45.41738, -0.0001538596, -0.0001465237
  -45.40447, -0.0001419016, -0.00014649393
  -45.36574, -0.0001558526, -0.00014640451
  -45.36574, -0.0001363212, -0.00014640451
  -45.333465, -0.0001331324, -0.00014632983
  -45.3141, -0.0001566498, -0.00014628496
  -45.307645, -0.0001359226, -0.00014626999
  -45.256005, -0.00013951, -0.00014615002
  -45.256005, -0.0001426988, -0.00014615002
  -45.23664, -0.0001383142, -0.00014610494
  -45.204365, -0.0001351254, -0.00014602969
  -45.19791, -0.0001299436, -0.00014601462
  -45.17209, -0.0001359226, -0.00014595429
  -45.165635, -0.0001379156, -0.0001459392
  -45.126905, -0.000151468, -0.00014584849
  -45.126905, -0.0001319366, -0.00014584849
  -45.088175, -0.0001570484, -0.00014575757
  -45.075265, -0.0001299436, -0.00014572722
  -45.0559, -0.0001442932, -0.00014568164
  -45.03008, -0.0001359226, -0.00014562079
  -45.01717, -0.0001423002, -0.00014559032
  -44.97844, -0.000141503, -0.00014549879
  -44.97844, -0.000135524, -0.00014549879
  -44.93971, -0.0001279506, -0.00014540703
  -44.9268, -0.000145489, -0.0001453764
  -44.894525, -0.0001391114, -0.0001452997
  -44.881615, -0.000147482, -0.00014526898
  -44.855795, -0.0001399086, -0.00014520746
  -44.842885, -0.0001419016, -0.00014517667
  -44.82352, -0.0001351254, -0.00014513042
  -44.804155, -0.0001371184, -0.00014508412
  -44.78479, -0.0001466848, -0.00014503777
  -44.765425, -0.0001419016, -0.00014499135
  -44.726695, -0.0001379156, -0.00014489835
  -44.726695, -0.00013951, -0.00014489835
  -44.68151, -0.000137517, -0.00014478955
  -44.675055, -0.0001379156, -0.00014477398
  -44.649235, -0.0001391114, -0.00014471165
  -44.62987, -0.0001442932, -0.00014466482
  -44.60405, -0.0001430974, -0.0001446023
  -44.584685, -0.0001319366, -0.00014455534
  -44.545955, -0.0001359226, -0.00014446123
  -44.5395, -0.0001347268, -0.00014444552
  -44.507225, -0.0001411044, -0.00014436688
  -44.50077, -0.0001423002, -0.00014435114
  -44.455585, -0.0001450904, -0.00014424071
  -44.455585, -0.0001670134, -0.00014424071
  -44.4104, -0.0001470834, -0.00014412995
  -44.403945, -0.0001542582, -0.0001441141
  -44.378125, -0.000137517, -0.00014405062
  -44.35876, -0.0001426988, -0.00014400295
  -44.33294, -0.0001387128, -0.00014393928
  -44.300665, -0.0001502722, -0.00014385953
  -44.274845, -0.0001379156, -0.00014379561
  -44.25548, -0.0001403072, -0.0001437476
  -44.22966, -0.0001426988, -0.00014368347
  -44.21675, -0.0001383142, -0.00014365137
  -44.19093, -0.000127552, -0.00014358708
  -44.184475, -0.0001371184, -0.00014357098
  -44.1522, -0.0001291464, -0.00014349042
  -44.132835, -0.0001339296, -0.00014344199
  -44.10056, -0.0001303422, -0.00014336113
  -44.08765, -0.0001307408, -0.00014332873
  -44.055375, -0.0001227688, -0.00014324761
  -44.042465, -0.000137517, -0.00014321511
  -44.029555, -0.0001426988, -0.00014318258
  -43.98437, -0.0001510694, -0.00014306849
  -43.97146, -0.0001462862, -0.00014303583
  -43.94564, -0.0001526638, -0.0001429704
  -43.91982, -0.0001458876, -0.00014290486
  -43.90691, -0.000151468, -0.00014287204
  -43.874635, -0.0001502722, -0.00014278986
  -43.86818, -0.00013951, -0.0001427734
  -43.82945, -0.0001383142, -0.00014267448
  -43.81654, -0.0001482792, -0.00014264145
  -43.79072, -0.0001319366, -0.00014257528
  -43.771355, -0.0001419016, -0.00014252558
  -43.745535, -0.0001403072, -0.00014245919
  -43.719715, -0.000157447, -0.00014239268
  -43.706805, -0.0001423002, -0.00014235937
  -43.680985, -0.00013951, -0.00014229267
  -43.668075, -0.0001399086, -0.00014225927
  -43.642255, -0.0001307408, -0.00014219236
  -43.616435, -0.0001307408, -0.00014212533
  -43.603525, -0.0001307408, -0.00014209177
  -43.57125, -0.0001462862, -0.00014200771
  -43.54543, -0.0001343282, -0.00014194032
  -43.538975, -0.0001498736, -0.00014192345
  -43.49379, -0.000151468, -0.00014180514
  -43.474425, -0.0001419016, -0.0001417543
  -43.448605, -0.0001399086, -0.00014168641
  -43.41633, -0.0001430974, -0.00014160135
  -43.409875, -0.00013951, -0.00014158431
  -43.39051, -0.0001438946, -0.00014153315
  -43.358235, -0.0001387128, -0.0001414477
  -43.345325, -0.000153461, -0.00014141346
  -43.31305, -0.000133531, -0.00014132771
  -43.30014, -0.0001558526, -0.00014129335
  -43.267865, -0.0001407058, -0.0001412073
  -43.254955, -0.0001263562, -0.00014117282
  -43.242045, -0.0001331324, -0.0001411383
  -43.19686, -0.0001423002, -0.0001410172
  -43.190405, -0.0001367198, -0.00014099987
  -43.151675, -0.0001399086, -0.00014089567
  -43.125855, -0.0001458876, -0.00014082602
  -43.1194, -0.0001363212, -0.00014080858
  -43.08067, -0.0001359226, -0.00014070379
  -43.05485, -0.000141503, -0.00014063374
  -43.035485, -0.000135524, -0.0001405811
  -42.996755, -0.0001426988, -0.00014047559
  -42.9903, -0.0001307408, -0.00014045797
  -42.958025, -0.0001271534, -0.00014036973
  -42.92575, -0.0001419016, -0.00014028126
  -42.919295, -0.000127552, -0.00014026354
  -42.880565, -0.0001399086, -0.00014015701
  -42.8612, -0.0001458876, -0.00014010361
  -42.828925, -0.0001407058, -0.00014001442
  -42.79665, -0.0001498736, -0.000139925
  -42.78374, -0.0001271534, -0.00013988916
  -42.74501, -0.0001243632, -0.0001397814
  -42.71919, -0.0001343282, -0.00013970937
  -42.71919, -0.0001371184, -0.00013970937
  -42.674005, -0.0001419016, -0.00013958293
  -42.65464, -0.0001339296, -0.00013952859
  -42.64173, -0.0001331324, -0.00013949232
  -42.603, -0.0001239646, -0.00013938325
  -42.57718, -0.00013951, -0.00013931033
  -42.544905, -0.0001243632, -0.00013921896
  -42.51263, -0.0001343282, -0.00013912733
  -42.49972, -0.000137517, -0.0001390906
  -42.4739, -0.0001299436, -0.00013901703
  -42.428715, -0.0001331324, -0.00013888787
  -42.415805, -0.0001363212, -0.00013885088
  -42.377075, -0.0001251604, -0.00013873963
  -42.338345, -0.0001311394, -0.000138628
  -42.338345, -0.0001419016, -0.000138628
  -42.286705, -0.000147482, -0.00013847856
  -42.25443, -0.0001347268, -0.00013838481
  -42.247975, -0.0001470834, -0.00013836603
  -42.209245, -0.0001391114, -0.0001382531
  -42.17697, -0.0001367198, -0.00013815869
  -42.16406, -0.0001327338, -0.00013812084
  -42.131785, -0.0001399086, -0.00013802604
  -42.12533, -0.0001403072, -0.00013800705
  -42.093055, -0.0001411044, -0.00013791191
  -42.080145, -0.0001339296, -0.00013787378
  -42.07369, -0.0001319366, -0.00013785469
  -42.03496, -0.000133531, -0.00013773995
  -42.02205, -0.00013951, -0.00013770161
  -42.00914, -0.0001303422, -0.00013766322
  -41.989775, -0.0001403072, -0.00013760556
  -41.976865, -0.0001251604, -0.00013756705
  -41.9575, -0.0001411044, -0.00013750922
  -41.938135, -0.000131538, -0.00013745127
  -41.91877, -0.0001438946, -0.00013739322
  -41.899405, -0.0001383142, -0.00013733507
  -41.89295, -0.000149475, -0.00013731566
  -41.873585, -0.0001327338, -0.00013725736
  -41.85422, -0.0001530624, -0.00013719896
  -41.821945, -0.000127552, -0.00013710138
  -41.809035, -0.0001458876, -0.00013706227
  -41.78967, -0.0001351254, -0.00013700351
  -41.757395, -0.0001426988, -0.00013690533
  -41.75094, -0.0001307408, -0.00013688566
  -41.72512, -0.0001259576, -0.00013680685
  -41.71221, -0.0001287478, -0.00013676737
  -41.692845, -0.0001303422, -0.00013670806
  -41.66057, -0.0001411044, -0.00013660896
  -41.66057, -0.000127552, -0.00013660896
  -41.62184, -0.0001263562, -0.00013648964
  -41.62184, -0.000137517, -0.00013648964
  -41.589565, -0.0001498736, -0.00013638986
  -41.576655, -0.0001243632, -0.00013634986
  -41.55729, -0.0001446918, -0.00013628976
  -41.54438, -0.0001311394, -0.00013624963
  -41.525015, -0.0001379156, -0.00013618935
  -41.50565, -0.0001303422, -0.00013612895
  -41.49274, -0.0001319366, -0.00013608861
  -41.45401, -0.0001283492, -0.00013596731
  -41.45401, -0.0001267548, -0.00013596731
  -41.421735, -0.0001363212, -0.00013586587
  -41.395915, -0.0001251604, -0.00013578448
  -41.383005, -0.000147482, -0.00013574371
  -41.357185, -0.00011958, -0.000135662
  -41.344275, -0.000145489, -0.00013562107
  -41.318455, -0.0001283492, -0.00013553905
  -41.305545, -0.0001283492, -0.00013549796
  -41.27327, -0.0001251604, -0.00013539499
  -41.26036, -0.000131538, -0.00013535371
  -41.228085, -0.000131538, -0.00013525028
  -41.228085, -0.0001371184, -0.00013525028
  -41.189355, -0.0001379156, -0.00013512571
  -41.176445, -0.0001267548, -0.00013508408
  -41.150625, -0.0001407058, -0.00013500064
  -41.13126, -0.0001307408, -0.00013493793
  -41.111895, -0.0001446918, -0.00013487508
  -41.086075, -0.0001303422, -0.0001347911
  -41.06671, -0.0001371184, -0.00013472796
  -41.02798, -0.0001311394, -0.0001346013
  -41.02798, -0.0001351254, -0.0001346013
  -40.98925, -0.0001307408, -0.00013447414
  -40.982795, -0.00013951, -0.00013445289
  -40.944065, -0.0001179856, -0.00013432513
  -40.93761, -0.000137517, -0.00013430378
  -40.905335, -0.0001287478, -0.00013419684
  -40.892425, -0.0001339296, -0.00013415396
  -40.86015, -0.0001419016, -0.00013404651
  -40.840785, -0.0001291464, -0.00013398186
  -40.814965, -0.0001339296, -0.00013389546
  -40.7956, -0.0001327338, -0.0001338305
  -40.76978, -0.0001347268, -0.00013374368
  -40.75687, -0.0001311394, -0.00013370018
  -40.73105, -0.000143496, -0.000133613
  -40.70523, -0.0001343282, -0.00013352557
  -40.685865, -0.0001498736, -0.00013345985
  -40.65359, -0.000137517, -0.00013335
  -40.65359, -0.0001363212, -0.00013335
  -40.61486, -0.0001399086, -0.00013321767
  -40.60195, -0.0001271534, -0.00013317344
  -40.569675, -0.0001419016, -0.00013306259
  -40.56322, -0.0001383142, -0.00013304037
  -40.52449, -0.0001450904, -0.00013290673
  -40.505125, -0.0001371184, -0.0001328397
  -40.479305, -0.000149475, -0.00013275011
  -40.44703, -0.0001363212, -0.00013263775
  -40.43412, -0.000147482, -0.0001325927
  -40.39539, -0.000123566, -0.00013245715
  -40.388935, -0.0001403072, -0.0001324345
  -40.35666, -0.0001399086, -0.00013232102
  -40.34375, -0.000127552, -0.00013227551
  -40.298565, -0.0001267548, -0.00013211571
  -40.29211, -0.0001399086, -0.00013209282
  -40.25338, -0.0001510694, -0.0001319551
  -40.22756, -0.0001183842, -0.00013186296
  -40.195285, -0.0001359226, -0.0001317474
  -40.16301, -0.000131538, -0.00013163142
  -40.13719, -0.0001279506, -0.00013153833
  -40.09846, -0.0001411044, -0.00013139817
  -40.08555, -0.000127552, -0.00013135132
  -40.04682, -0.000129545, -0.00013121034
  -40.021, -0.0001303422, -0.000131116
  -39.988725, -0.0001271534, -0.00013099768
  -39.962905, -0.000125559, -0.00013090271
  -39.91772, -0.0001291464, -0.00013073582
  -39.898355, -0.000133531, -0.00013066402
  -39.846715, -0.000137517, -0.00013047178
  -39.833805, -0.0001283492, -0.00013042354
  -39.782165, -0.0001331324, -0.00013022984
  -39.782165, -0.0001438946, -0.00013022984
  -39.72407, -0.000129545, -0.00013001051
  -39.72407, -0.0001283492, -0.00013001051
  -39.678885, -0.0001243632, -0.00012983887
  -39.653065, -0.000125559, -0.00012974037
  -39.62079, -0.0001323352, -0.00012961683
  -39.59497, -0.0001251604, -0.00012951765
  -39.54333, -0.0001263562, -0.00012931836
  -39.53042, -0.0001239646, -0.00012926835
  -39.472325, -0.000127552, -0.00012904231
  -39.459415, -0.0001223702, -0.00012899187
  -39.433595, -0.0001251604, -0.00012889074
  -39.40132, -0.0001263562, -0.00012876387
  -39.38841, -0.0001147968, -0.00012871299
  -39.330315, -0.0001263562, -0.00012848301
  -39.32386, -0.0001112094, -0.00012845736
  -39.25931, -0.0001227688, -0.00012819968
  -39.252855, -0.0001291464, -0.0001281738
  -39.19476, -0.000133531, -0.00012793995
  -39.175395, -0.0001223702, -0.00012786162
  -39.13021, -0.000125559, -0.00012767812
  -39.10439, -0.0001287478, -0.00012757279
  -39.085025, -0.0001120066, -0.00012749358
  -39.03984, -0.0001283492, -0.00012730798
  -39.02693, -0.0001223702, -0.00012725476
  -38.97529, -0.0001271534, -0.00012704101
  -38.968835, -0.0001219716, -0.00012701419
  -38.904285, -0.0001191814, -0.00012674481
  -38.89783, -0.000123566, -0.00012671775
  -38.852645, -0.0001259576, -0.0001265277
  -38.80746, -0.0001299436, -0.00012633654
  -38.79455, -0.0001271534, -0.00012628172
  -38.74291, -0.0001211744, -0.00012606153
  -38.71709, -0.0001263562, -0.00012595089
  -38.67836, -0.0001108108, -0.00012578422
  -38.62672, -0.0001251604, -0.00012556069
  -38.61381, -0.000103636, -0.00012550457
  -38.56217, -0.0001271534, -0.00012527915
  -38.542805, -0.000133531, -0.00012519422
  -38.51053, -0.0001291464, -0.00012505219
  -38.452435, -0.0001343282, -0.00012479501
  -38.44598, -0.0001211744, -0.00012476632
  -38.400795, -0.0001287478, -0.00012456475
  -38.35561, -0.0001291464, -0.00012436196
  -38.32979, -0.0001259576, -0.00012424554
  -38.284605, -0.000113601, -0.00012404082
  -38.245875, -0.000141503, -0.00012386436
  -38.22651, -0.0001179856, -0.00012377579
  -38.168415, -0.000125559, -0.00012350867
  -38.155505, -0.0001223702, -0.00012344903
  -38.103865, -0.0001179856, -0.0001232094
  -38.103865, -0.000121573, -0.0001232094
  -38.078045, -0.0001319366, -0.00012308896
  -38.052225, -0.000133531, -0.00012296809
  -38.052225, -0.000105629, -0.00012296809
  -38.013495, -0.0001267548, -0.00012278599
  -38.000585, -0.0001092164, -0.00012272507
  -37.98122, -0.000113601, -0.0001226335
  -37.961855, -0.0001211744, -0.00012254168
  -37.936035, -0.0001231674, -0.00012241887
  -37.936035, -0.0001092164, -0.00012241887
  -37.910215, -0.0001211744, -0.00012229563
  -37.89085, -0.0001108108, -0.00012220291
  -37.87794, -0.0001068248, -0.00012214095
  -37.845665, -0.000111608, -0.00012198559
  -37.8263, -0.0001219716, -0.00012189204
  -37.806935, -0.0001339296, -0.00012179823
  -37.78757, -0.0001179856, -0.00012170417
  -37.781115, -0.0001331324, -0.00012167276
  -37.742385, -0.0001331324, -0.00012148372
  -37.72302, -0.0001367198, -0.00012138881
  -37.72302, -0.0001183842, -0.00012138881
  -37.6972, -0.0001183842, -0.00012126186
  -37.664925, -0.0001183842, -0.00012110254
  -37.652015, -0.0001259576, -0.0001210386
  -37.613285, -0.0001423002, -0.0001208461
  -37.600375, -0.0001124052, -0.0001207817
  -37.574555, -0.0001379156, -0.00012065255
  -37.561645, -0.0001024402, -0.0001205878
  -37.548735, -0.0001231674, -0.00012052293
  -37.51646, -0.0001263562, -0.00012036023
  -37.510005, -0.0001040346, -0.0001203276
  -37.47773, -0.0001207758, -0.00012016401
  -37.45191, -0.000121573, -0.00012003259
  -37.432545, -0.0001159926, -0.00011993371
  -37.40027, -0.000115594, -0.0001197683
  -37.393815, -0.0001171884, -0.00011973512
  -37.355085, -0.0001231674, -0.00011953544
  -37.355085, -0.0001092164, -0.00011953544
  -37.32281, -0.0001163912, -0.00011936818
  -37.290535, -0.000113601, -0.00011920015
  -37.277625, -0.0001199786, -0.00011913272
  -37.24535, -0.0001187828, -0.00011896358
  -37.238895, -0.0001163912, -0.00011892966
  -37.19371, -0.000121573, -0.00011869133
  -37.1808, -0.0001239646, -0.00011862294
  -37.15498, -0.0001227688, -0.00011848579
  -37.135615, -0.0001183842, -0.00011838259
  -37.109795, -0.000125559, -0.00011824453
  -37.071065, -0.0001112094, -0.00011803647
  -37.071065, -0.000107622, -0.00011803647
  -37.032335, -0.0001151954, -0.00011782722
  -37.02588, -0.0001147968, -0.00011779223
  -36.980695, -0.0001247618, -0.00011754638
  -36.97424, -0.000123566, -0.00011751112
  -36.941965, -0.0001151954, -0.00011733434
  -36.929055, -0.000109615, -0.00011726339
  -36.903235, -0.000115594, -0.00011712108
  -36.87096, -0.0001048318, -0.00011694244
  -36.851595, -0.0001163912, -0.00011683484
  -36.812865, -0.0001064262, -0.00011661871
  -36.80641, -0.0001120066, -0.00011658257
  -36.761225, -9.7657e-05, -0.0001163286
  -36.761225, -0.0001132024, -0.0001163286
  -36.696675, -0.0001100136, -0.00011596281
  -36.69022, -0.0001120066, -0.00011592603
  -36.65149, -0.0001147968, -0.00011570464
  -36.645035, -0.00011958, -0.00011566762
  -36.61276, -0.000113601, -0.00011548196
  -36.606305, -0.0001307408, -0.00011544472
  -36.56112, -0.0001171884, -0.00011518302
  -36.54821, -0.0001004472, -0.00011510792
  -36.515935, -0.0001239646, -0.00011491952
  -36.49657, -0.0001020416, -0.00011480605
  -36.45784, -9.64612e-05, -0.00011457809
  -36.451385, -0.0001279506, -0.00011453997
  -36.412655, -0.0001239646, -0.00011431044
  -36.399745, -0.000109615, -0.00011423363
  -36.361015, -0.0001171884, -0.00011400229
  -36.34165, -0.0001068248, -0.00011388611
  -36.30292, -0.0001159926, -0.0001136527
  -36.29001, -9.965e-05, -0.00011357459
  -36.25128, -0.0001179856, -0.00011333933
  -36.25128, -0.0001100136, -0.00011333933
  -36.19964, -0.0001243632, -0.00011302346
  -36.19964, -0.0001223702, -0.00011302346
  -36.141545, -0.000117587, -0.00011266509
  -36.13509, -0.0001139996, -0.00011262507
  -36.08345, -0.000117587, -0.00011230349
  -36.08345, -0.0001024402, -0.00011230349
  -36.038265, -9.92514e-05, -0.00011201997
  -36.0189, -0.0001199786, -0.00011189786
  -35.98017, -9.80556e-05, -0.00011165251
  -35.96726, -0.0001171884, -0.0001115704
  -35.909165, -0.0001052304, -0.00011119885
  -35.896255, -9.64612e-05, -0.00011111582
  -35.83816, -0.0001004472, -0.0001107401
  -35.81234, -0.0001020416, -0.00011057201
  -35.780065, -0.0001004472, -0.00011036093
  -35.73488, -0.0001052304, -0.00011006361
  -35.72197, -0.0001024402, -0.00010997827
  -35.65742, -0.0001084192, -0.00010954895
  -35.64451, -9.48668e-05, -0.00010946255
  -35.59287, -0.0001104122, -0.0001091152
  -35.55414, -0.0001024402, -0.0001088528
  -35.52832, -0.0001052304, -0.00010867696
  -35.47668, -0.000111608, -0.0001083231
  -35.46377, -0.0001104122, -0.00010823417
  -35.392765, -0.0001088178, -0.00010774178
  -35.392765, -0.0001271534, -0.00010774178
  -35.33467, -0.0001151954, -0.00010733471
  -35.315305, -9.64612e-05, -0.00010719817
  -35.25721, -0.000107622, -0.00010678597
  -35.224935, -9.60626e-05, -0.00010655528
  -35.19266, -0.0001088178, -0.00010632339
  -35.147475, -0.0001092164, -0.00010599668
  -35.121655, -0.0001092164, -0.00010580891
  -35.057105, -0.0001032374, -0.00010533601
  -35.044195, -0.0001159926, -0.00010524082
  -34.979645, -9.965e-05, -0.00010476188
  -34.966735, -0.0001171884, -0.00010466548
  -34.902185, -0.0001068248, -0.0001041804
  -34.876365, -0.0001064262, -0.00010398492
  -34.81827, -9.3671e-05, -0.00010354203
  -34.79245, -0.0001120066, -0.00010334382
  -34.747265, -0.0001012444, -0.0001029949
  -34.708535, -0.0001008458, -0.00010269374
  -34.669805, -0.0001088178, -0.00010239063
  -34.618165, -9.5664e-05, -0.00010198343
  -34.58589, -0.0001052304, -0.00010172714
  -34.514885, -9.52654e-05, -0.0001011584
  -34.49552, -0.0001044332, -0.00010100212
  -34.44388, -7.972e-05, -0.00010058285
  -34.398695, -0.0001032374, -0.000100213
  -34.35351, -0.0001004472, -9.9840318e-05
  -34.308325, -0.0001167898, -9.9464781e-05
  -34.282505, -0.0001112094, -9.9248895e-05
  -34.205045, -0.0001052304, -9.8595538e-05
  -34.192135, -0.0001052304, -9.8485807e-05
  -34.127585, -0.0001060276, -9.7933522e-05
  -34.063035, -0.000107622, -9.7375125e-05
  -34.050125, -0.0001004472, -9.7262705e-05
  -33.97912, -0.0001072234, -9.6639934e-05
  -33.96621, -0.000107622, -9.6525886e-05
  -33.933935, -9.28738e-05, -9.6239659e-05
  -33.895205, -9.80556e-05, -9.5894084e-05
  -33.87584, -0.000103636, -9.5720431e-05
  -33.856475, -0.0001120066, -9.5546198e-05
  -33.817745, -8.84892e-05, -9.5195982e-05
  -33.81129, -0.0001064262, -9.5137385e-05
  -33.779015, -9.965e-05, -9.4843418e-05
  -33.740285, -9.08808e-05, -9.4488485e-05
  -33.73383, -9.24752e-05, -9.4429098e-05
  -33.688645, -8.21116e-05, -9.4011524e-05
  -33.662825, -9.24752e-05, -9.3771437e-05
  -33.64346, -0.0001020416, -9.3590664e-05
  -33.598275, -0.0001028388, -9.3166488e-05
  -33.585365, -0.0001044332, -9.3044681e-05
  -33.566, -9.48668e-05, -9.2861457e-05
  -33.520815, -8.92864e-05, -9.243152e-05
  -33.51436, -0.0001004472, -9.2369824e-05
  -33.482085, -9.12794e-05, -9.2060296e-05
  -33.443355, -8.92864e-05, -9.168655e-05
  -33.4369, -9.965e-05, -9.1624012e-05
  -33.38526, -0.0001032374, -9.1121158e-05
  -33.365895, -8.9685e-05, -9.0931412e-05
  -33.33362, -0.0001052304, -9.061373e-05
  -33.288435, -8.25102e-05, -9.0165938e-05
  -33.275525, -9.64612e-05, -9.0037343e-05
  -33.223885, -0.0001044332, -8.9520026e-05
  -33.223885, -8.21116e-05, -8.9520026e-05
  -33.19161, -0.0001020416, -8.9194304e-05
  -33.15288, -7.09508e-05, -8.8800978e-05
  -33.146425, -9.52654e-05, -8.8735162e-05
  -33.094785, -8.33074e-05, -8.8205916e-05
  -33.081875, -8.05172e-05, -8.8072847e-05
  -33.043145, -0.0001028388, -8.7671807e-05
  -33.01087, -9.04822e-05, -8.7335496e-05
  -32.978595, -0.0001000486, -8.6997251e-05
  -32.939865, -8.80906e-05, -8.6588786e-05
  -32.926955, -0.0001040346, -8.6452004e-05
  -32.888225, -0.0001143982, -8.6039766e-05
  -32.86886, -9.40696e-05, -8.5832576e-05
  -32.84304, -0.0001163912, -8.5555208e-05
  -32.797855, -8.45032e-05, -8.5066723e-05
  -32.77849, -9.32724e-05, -8.4856162e-05
  -32.72685, -8.80906e-05, -8.4291082e-05
  -32.72685, -8.68948e-05, -8.4291082e-05
  -32.681665, -7.81256e-05, -8.3792328e-05
  -32.655845, -9.40696e-05, -8.3505505e-05
  -32.62357, -8.68948e-05, -8.3145099e-05
  -32.58484, -8.21116e-05, -8.2709842e-05
  -32.565475, -8.88878e-05, -8.2491073e-05
  -32.50738, -9.44682e-05, -8.1830165e-05
  -32.500925, -8.9685e-05, -8.1756302e-05
  -32.462195, -9.12794e-05, -8.1311314e-05
  -32.44283, -9.24752e-05, -8.1087649e-05
  -32.39119, -9.1678e-05, -8.0487365e-05
  -32.36537, -8.53004e-05, -8.0185112e-05
  -32.333095, -9.08808e-05, -7.9805301e-05
  -32.307275, -9.24752e-05, -7.9499848e-05
  -32.26209, -8.72934e-05, -7.8961845e-05
  -32.23627, -9.44682e-05, -7.8652426e-05
  -32.19754, -8.64962e-05, -7.8185563e-05
  -32.17172, -8.3706e-05, -7.7872486e-05
  -32.139445, -8.84892e-05, -7.7479063e-05
  -32.10717, -9.1678e-05, -7.7083317e-05
  -32.074895, -9.60626e-05, -7.6685232e-05
  -32.02971, -9.04822e-05, -7.6123953e-05
  -32.010345, -8.25102e-05, -7.588198e-05
  -31.95225, -8.60976e-05, -7.5150894e-05
  -31.95225, -8.60976e-05, -7.5150894e-05
  -31.894155, -6.85592e-05, -7.4411978e-05
  -31.8877, -8.9685e-05, -7.4329389e-05
  -31.82315, -7.41396e-05, -7.3498085e-05
  -31.81024, -7.972e-05, -7.3330637e-05
  -31.752145, -7.7727e-05, -7.2572175e-05
  -31.739235, -7.5734e-05, -7.2402522e-05
  -31.69405, -8.01186e-05, -7.1805546e-05
  -31.66823, -8.41046e-05, -7.1462174e-05
  -31.6295, -7.1748e-05, -7.0944036e-05
  -31.60368, -9.965e-05, -7.0596543e-05
  -31.558495, -7.81256e-05, -6.9984421e-05
  -31.53913, -9.28738e-05, -6.972051e-05
  -31.493945, -7.73284e-05, -6.9101022e-05
  -31.46167, -6.93564e-05, -6.865534e-05
  -31.42294, -7.89228e-05, -6.8116984e-05
  -31.38421, -6.73634e-05, -6.7574737e-05
  -31.3713, -7.65312e-05, -6.7393119e-05
  -31.313205, -8.13144e-05, -6.6570411e-05
  -31.30675, -7.49368e-05, -6.6478448e-05
  -31.235745, -8.21116e-05, -6.5459517e-05
  -31.235745, -8.72934e-05, -6.5459517e-05
  -31.17765, -7.69298e-05, -6.4615739e-05
  -31.15183, -8.3706e-05, -6.4237776e-05
  -31.119555, -7.1748e-05, -6.3762747e-05
  -31.07437, -7.65312e-05, -6.3092865e-05
  -31.04855, -6.65662e-05, -6.2707521e-05
  -31.003365, -6.41746e-05, -6.2028662e-05
  -30.97109, -6.7762e-05, -6.1540226e-05
  -30.91945, -6.85592e-05, -6.0752541e-05
  -30.912995, -6.3776e-05, -6.0653542e-05
  -30.848445, -6.61676e-05, -5.9656905e-05
  -30.84199, -6.61676e-05, -5.9556574e-05
  -30.77744, -6.29788e-05, -5.8546516e-05
  -30.758075, -5.69998e-05, -5.8241094e-05
  -30.7258, -7.33424e-05, -5.7729568e-05
  -30.667705, -7.09508e-05, -5.6800927e-05
  -30.654795, -6.5769e-05, -5.6593174e-05
  -30.5967, -5.42096e-05, -5.5651978e-05
  -30.57088, -6.93564e-05, -5.5230334e-05
  -30.54506, -6.13844e-05, -5.4806622e-05
  -30.49342, -6.29788e-05, -5.3952949e-05
  -30.486965, -7.49368e-05, -5.3845651e-05
  -30.42887, -5.14194e-05, -5.2874025e-05
  -30.409505, -5.22166e-05, -5.2547759e-05
  -30.357865, -5.02236e-05, -5.1671821e-05
  -30.31268, -5.979e-05, -5.0898282e-05
  -30.29977, -5.10208e-05, -5.0676045e-05
  -30.22231, -4.50418e-05, -4.9331082e-05
  -30.202945, -5.81956e-05, -4.8991725e-05
  -30.14485, -4.9825e-05, -4.7966093e-05
  -30.10612, -5.42096e-05, -4.7275987e-05
  -30.073845, -5.30138e-05, -4.6696981e-05
  -30.009295, -5.54054e-05, -4.5528185e-05
  -30.00284, -5.81956e-05, -4.5410508e-05
  -29.93829, -5.10208e-05, -4.4225704e-05
  -29.893105, -5.69998e-05, -4.338757e-05
  -29.867285, -4.3846e-05, -4.2905362e-05
  -29.80919, -5.10208e-05, -4.1811609e-05
  -29.776915, -5.3811e-05, -4.119867e-05
  -29.738185, -3.5874e-05, -4.0458101e-05
  -29.68009, -3.34824e-05, -3.9336843e-05
  -29.660725, -5.30138e-05, -3.8960292e-05
  -29.609085, -4.42446e-05, -3.7949258e-05
  -29.55099, -4.30488e-05, -3.6799738e-05
  -29.53808, -4.7832e-05, -3.6542533e-05
  -29.479985, -4.3846e-05, -3.537714e-05
  -29.428345, -4.22516e-05, -3.4330188e-05
  -29.40898, -4.5839e-05, -3.3934877e-05
  -29.337975, -3.46782e-05, -3.2472653e-05
  -29.312155, -4.74334e-05, -3.1935928e-05
  -29.27988, -1.91328e-05, -3.1261232e-05
  -29.21533, -2.3916e-05, -2.9899099e-05
  -29.183055, -3.06922e-05, -2.9211604e-05
  -29.144325, -3.50768e-05, -2.83809e-05
  -29.079775, -4.06572e-05, -2.6982418e-05
  -29.0475, -2.55104e-05, -2.6276563e-05
  -29.02168, -3.50768e-05, -2.5708677e-05
  -28.963585, -3.26852e-05, -2.4420443e-05
  -28.911945, -3.7867e-05, -2.3263036e-05
  -28.90549, -4.42446e-05, -2.3117539e-05
  -28.834485, -3.7867e-05, -2.1504913e-05
  -28.77639, -4.3846e-05, -2.0168759e-05
  -28.769935, -3.86642e-05, -2.0019359e-05
  -28.705385, -2.23216e-05, -1.8514942e-05
  -28.64729, -2.31188e-05, -1.7144626e-05
  -28.63438, -4.3846e-05, -1.6837989e-05
  -28.589195, -2.67062e-05, -1.5758633e-05
  -28.511735, -1.1958e-05, -1.3885924e-05
  -28.485915, -3.62726e-05, -1.3255338e-05
  -28.45364, -1.43496e-05, -1.2462599e-05
  -28.402, -2.5909e-05, -1.1183722e-05
  -28.33745, -7.5734e-06, -9.566771e-06
  -28.32454, -8.3706e-06, -9.2409113e-06
  -28.2729, -7.972e-07, -7.9291663e-06
  -28.20835, -7.5734e-06, -6.2706268e-06
  -28.188985, -2.7902e-06, -5.7689401e-06
  -28.150255, -7.5734e-06, -4.7598064e-06
  -28.13089, -1.43496e-05, -4.2523438e-06
  -28.10507, -1.1958e-05, -3.5727061e-06
  -28.085705, -1.67412e-05, -3.0607021e-06
  -28.05343, -2.63076e-05, -2.2030038e-06
  -28.046975, -1.95314e-05, -2.0308077e-06
  -28.0147, -7.5734e-06, -1.1665289e-06
  -27.98888, 0, -4.7112999e-07
  -27.982425, -1.87342e-05, -2.9672555e-07
  -27.943695, -1.35524e-05, 7.5438378e-07
  -27.92433, -3.02936e-05, 1.2829624e-06
  -27.89851, -1.87342e-05, 1.9908881e-06
  -27.866235, -1.35524e-05, 2.8808923e-06
  -27.85978, -2.90978e-05, 3.0595758e-06
  -27.827505, -1.1958e-05, 3.9564236e-06
  -27.79523, 7.972e-07, 4.859017e-06
  -27.775865, 7.972e-07, 5.4033471e-06
  -27.74359, -1.91328e-05, 6.3152145e-06
  -27.74359, 1.03636e-05, 6.3152145e-06
  -27.698405, 2.7902e-06, 7.6016616e-06
  -27.69195, 3.986e-07, 7.7863817e-06
  -27.659675, 9.5664e-06, 8.7135352e-06
  -27.6274, 1.5944e-06, 9.6466398e-06
  -27.60158, 1.07622e-05, 1.0397435e-05
  -27.569305, 1.51468e-05, 1.1341354e-05
  -27.56285, -1.95314e-05, 1.1530864e-05
  -27.517665, -6.7762e-06, 1.2864256e-05
  -27.51121, 1.87342e-05, 1.3055718e-05
  -27.478935, -1.5944e-05, 1.4016722e-05
  -27.45957, -2.3916e-06, 1.4596289e-05
  -27.43375, -6.7762e-06, 1.5372521e-05
  -27.401475, -6.3776e-06, 1.6348429e-05
  -27.39502, 3.986e-07, 1.6544363e-05
  -27.336925, 1.993e-05, 1.8319133e-05
  -27.33047, -4.3846e-06, 1.8517599e-05
  -27.298195, -7.972e-07, 1.9513759e-05
  -27.272375, 2.5909e-05, 2.0315306e-05
  -27.246555, 2.3916e-06, 2.1120984e-05
  -27.22719, 3.46782e-05, 2.1727967e-05
  -27.194915, 1.15594e-05, 2.2744822e-05
  -27.182005, 3.82656e-05, 2.3153398e-05
  -27.156185, 2.31188e-05, 2.397371e-05
  -27.13682, 1.51468e-05, 2.459172e-05
  -27.104545, 2.5909e-05, 2.5627053e-05
  -27.07227, 2.7902e-05, 2.666907e-05
  -27.03354, 7.1748e-06, 2.7928379e-05
  -27.014175, 3.62726e-05, 2.8561692e-05
  -26.99481, 9.5664e-06, 2.9197458e-05
  -26.96899, 2.63076e-05, 3.0048977e-05
  -26.949625, 2.15244e-05, 3.0690503e-05
  -26.910895, 6.3776e-06, 3.1981024e-05
  -26.89153, 2.90978e-05, 3.2630038e-05
  -26.846345, 3.14894e-05, 3.4154207e-05
  -26.833435, 1.63426e-05, 3.4592218e-05
  -26.794705, 5.5804e-06, 3.5913056e-05
  -26.77534, 1.75384e-05, 3.6577321e-05
  -26.743065, 1.63426e-05, 3.7690163e-05
  -26.717245, 5.66012e-05, 3.8585626e-05
  -26.69788, 6.3776e-06, 3.9260266e-05
  -26.665605, 3.74684e-05, 4.0390494e-05
  -26.639785, 1.91328e-05, 4.129995e-05
  -26.613965, 1.35524e-05, 4.2214121e-05
  -26.588145, 4.06572e-05, 4.3133033e-05
  -26.549415, 3.30838e-05, 4.4520345e-05
  -26.536505, 5.42096e-05, 4.4985181e-05
  -26.49132, 5.5804e-05, 4.6621612e-05
  -26.49132, 2.67062e-05, 4.6621612e-05
  -26.433225, 7.09508e-05, 4.8747502e-05
  -26.42677, 5.26152e-05, 4.8985245e-05
  -26.381585, 5.26152e-05, 5.0658097e-05
  -26.36222, 5.06222e-05, 5.137969e-05
  -26.329945, 4.26502e-05, 5.2588598e-05
  -26.291215, 5.66012e-05, 5.4049667e-05
  -26.278305, 4.94264e-05, 5.4539222e-05
  -26.226665, 3.986e-05, 5.6510187e-05
  -26.226665, 2.11258e-05, 5.6510187e-05
  -26.18148, 1.51468e-05, 5.8251641e-05
  -26.175025, 4.02586e-05, 5.8501714e-05
  -26.12984, 7.45382e-05, 6.0261343e-05
  -26.110475, 4.42446e-05, 6.1020379e-05
  -26.09111, 7.25452e-05, 6.1782377e-05
  -26.045925, 6.61676e-05, 6.3571962e-05
  -26.03947, 8.72934e-05, 6.3828948e-05
  -25.98783, 5.54054e-05, 6.5896901e-05
  -25.968465, 5.26152e-05, 6.6677944e-05
  -25.9491, 7.1748e-05, 6.7462038e-05
  -25.903915, 6.69648e-05, 6.9303529e-05
  -25.89746, 9.28738e-05, 6.9567971e-05
  -25.839365, 5.62026e-05, 7.1963486e-05
  -25.83291, 7.7727e-05, 7.2231389e-05
  -25.787725, 5.14194e-05, 7.4116511e-05
  -25.76836, 7.93214e-05, 7.4929693e-05
  -25.74254, 6.13844e-05, 7.6018887e-05
  -25.70381, 9.44682e-05, 7.7663354e-05
  -25.67799, 7.61326e-05, 7.8766826e-05
  -25.66508, 8.1713e-05, 7.9320722e-05
  -25.606985, 7.45382e-05, 8.1831193e-05
  -25.60053, 6.85592e-05, 8.2111957e-05
  -25.5618, 8.09158e-05, 8.3804243e-05
  -25.516615, 6.45732e-05, 8.5795383e-05
  -25.51016, 7.1748e-05, 8.6081318e-05
  -25.45852, 0.0001012444, 8.8382275e-05
  -25.439155, 7.1748e-05, 8.9251344e-05
  -25.41979, 9.965e-05, 9.0123822e-05
  -25.36815, 0.0001120066, 9.24672e-05
  -25.361695, 7.5734e-05, 9.2761846e-05
  -25.322965, 0.0001387128, 9.4537827e-05
  -25.29069, 0.000109615, 9.6028478e-05
  -25.26487, 0.0001000486, 9.7228028e-05
  -25.25196, 0.0001124052, 9.7830157e-05
  -25.20032, 0.000149475, 0.00010025447
  -25.1745, 0.0001092164, 0.00010147616
  -25.168045, 0.0001283492, 0.00010178259
  -25.13577, 9.72584e-05, 0.00010332072
  -25.08413, 9.5664e-05, 0.00010580276
  -25.08413, 0.0001183842, 0.00010580276
  -25.03249, 0.0001351254, 0.00010831089
  -25.000215, 0.000109615, 0.00010989186
  -24.987305, 0.0001139996, 0.00011052715
  -24.95503, 0.0001139996, 0.00011212266
  -24.909845, 0.0001307408, 0.000114374
  -24.896935, 0.0001112094, 0.00011502103
  -24.86466, 0.0001203772, 0.00011664606
  -24.82593, 0.0001132024, 0.00011861019
  -24.793655, 0.0001092164, 0.00012025879
  -24.780745, 0.0001251604, 0.00012092127
  -24.742015, 0.0001267548, 0.00012291913
  -24.70974, 0.000149475, 0.00012459606
  -24.690375, 0.0001100136, 0.0001256075
  -24.67101, 0.000153461, 0.00012662293
  -24.63228, 0.0001558526, 0.00012866581
  -24.600005, 8.13144e-05, 0.00013038053
  -24.587095, 0.000131538, 0.00013106958
  -24.54191, 0.0001203772, 0.00013349551
  -24.509635, 0.0001430974, 0.00013524201
  -24.496725, 0.00011958, 0.00013594383
  -24.46445, 0.0001526638, 0.00013770644
  -24.432175, 0.0001526638, 0.00013948067
  -24.41281, 0.0001658176, 0.0001405508
  -24.38699, 0.000137517, 0.00014198422
  -24.36117, 0.0001570484, 0.00014342519
  -24.315985, 0.0001626288, 0.00014596517
  -24.277255, 0.0001207758, 0.00014816095
  -24.2708, 0.0001638246, 0.00014852861
  -24.238525, 0.0001430974, 0.00015037412
  -24.19334, 0.0001630274, 0.00015297829
  -24.16752, 0.0001139996, 0.00015447719
  -24.161065, 0.0001538596, 0.00015485314
  -24.135245, 0.0001470834, 0.00015636192
  -24.096515, 0.00017937, 0.00015864001
  -24.057785, 0.0001917266, 0.00016093614
  -24.05133, 0.0001578456, 0.00016132059
  -24.0126, 0.0001845518, 0.00016363796
  -23.993235, 0.0001977056, 0.00016480353
  -23.967415, 0.000195314, 0.00016636478
  -23.93514, 0.0001610344, 0.00016832794
  -23.92223, 0.0001538596, 0.00016911682
  -23.8835, 0.0001965098, 0.00017149598
  -23.84477, 0.000203286, 0.000173894
  -23.825405, 0.0001965098, 0.00017510013
  -23.799585, 0.000151468, 0.00017671573
  -23.79313, 0.0001929224, 0.00017712096
  -23.760855, 0.0002435446, 0.00017915515
  -23.722125, 0.0001993, 0.00018161391
  -23.68985, 0.0001993, 0.00018367778
  -23.670485, 0.000157447, 0.00018492264
  -23.657575, 0.000201293, 0.00018575528
  -23.631755, 0.0002060762, 0.00018742716
  -23.59948, 0.0002244118, 0.00018952945
  -23.567205, 0.000225209, 0.00019164563
  -23.54784, 0.000193321, 0.00019292205
  -23.528475, 0.0002264048, 0.00019420353
  -23.502655, 0.0002180342, 0.00019592006
  -23.476835, 0.0002140482, 0.00019764568
  -23.44456, 0.0002084678, 0.00019981553
  -23.41874, 0.0002064748, 0.00020156174
  -23.39292, 0.000225209, 0.00020331719
  -23.3671, 0.000221223, 0.00020508193
  -23.347735, 0.00021923, 0.0002064116
  -23.31546, 0.0002148454, 0.00020863945
  -23.283185, 0.0002276006, 0.00021088204
  -23.270275, 0.000209265, 0.00021178323
  -23.25091, 0.0002594886, 0.00021313948
  -23.231545, 0.0002539082, 0.00021450111
  -23.19927, 0.0002399572, 0.00021678251
  -23.17345, 0.0002379642, 0.0002186185
  -23.14763, 0.0002539082, 0.00022046421
  -23.128265, 0.0002355726, 0.0002218549
  -23.128265, 0.0002503208, 0.0002218549
  -23.08308, 0.0002116566, 0.00022512134
  -23.050805, 0.0002363698, 0.00022747307
  -23.01853, 0.000229195, 0.00022984038
  -22.99271, 0.0002403558, 0.00023174552
  -22.986255, 0.000223216, 0.00023222338
  -22.96689, 0.0002395586, 0.00023366075
  -22.92816, 0.000273041, 0.00023655263
  -22.908795, 0.0002419502, 0.00023800719
  -22.87652, 0.000275034, 0.00024044431
  -22.8507, 0.00027902, 0.00024240563
  -22.844245, 0.0002395586, 0.00024289758
  -22.818425, 0.0002586914, 0.00024487191
  -22.78615, 0.0002782228, 0.00024735453
  -22.766785, 0.0002678592, 0.00024885201
  -22.753875, 0.0002535096, 0.00024985362
  -22.728055, 0.000261083, 0.00025186482
  -22.702235, 0.0002802158, 0.00025388668
  -22.69578, 0.0002220202, 0.00025439382
  -22.676415, 0.0002921738, 0.00025591927
  -22.65705, 0.0003184814, 0.00025745077
  -22.624775, 0.0002479292, 0.00026001683
  -22.60541, 0.0002702508, 0.00026156462
  -22.573135, 0.0002674606, 0.00026415797
  -22.547315, 0.0002818102, 0.00026624503
  -22.54086, 0.0002578942, 0.00026676852
  -22.52795, 0.0003396072, 0.00026781759
  -22.508585, 0.0002842018, 0.0002693964
  -22.48922, 0.0003037332, 0.00027098149
  -22.456945, 0.0003093136, 0.00027363733
  -22.43758, 0.0003284464, 0.00027523929
  -22.42467, 0.0002834046, 0.0002763108
  -22.392395, 0.0002981528, 0.00027900201
  -22.38594, 0.0002642718, 0.00027954239
  -22.353665, 0.0003236632, 0.00028225506
  -22.340755, 0.0002806144, 0.00028334517
  -22.32139, 0.000271048, 0.00028498574
  -22.29557, 0.0002877892, 0.00028718334
  -22.28266, 0.0003057262, 0.00028828651
  -22.25684, 0.0002925724, 0.00029050163
  -22.250385, 0.0003144954, 0.00029105724
  -22.23102, 0.0002953626, 0.00029272851
  -22.21811, 0.0002782228, 0.00029384638
  -22.198745, 0.0003160898, 0.00029552874
  -22.185835, 0.0002865934, 0.00029665404
  -22.17938, 0.0002937682, 0.00029721781
  -22.16647, 0.0002953626, 0.00029834758
  -22.16647, 0.0003196772, 0.00029834758
  -22.15356, 0.0002985514, 0.00029948035
  -22.147105, 0.000354754, 0.00030004787
  -22.134195, 0.0003232646, 0.00030118515
  -22.12774, 0.0003400058, 0.00030175492
  -22.108375, 0.0003132996, 0.00030346877
  -22.108375, 0.000346782, 0.00030346877
  -22.082555, 0.0003192786, 0.00030576452
  -22.082555, 0.0003136982, 0.00030576452
  -22.06319, 0.0003176842, 0.00030749433
  -22.05028, 0.0003619288, 0.00030865136
  -22.03737, 0.000320873, 0.00030981146
  -22.02446, 0.0002877892, 0.00031097464
  -22.02446, 0.0002853976, 0.00031097464
  -22.018005, 0.000283006, 0.00031155739
  -22.005095, 0.0002746354, 0.0003127252
  -21.992185, 0.000308915, 0.00031389611
  -21.97282, 0.0002818102, 0.00031565831
  -21.966365, 0.0003101108, 0.00031624726
  -21.95991, 0.0003272506, 0.000316837
  -21.953455, 0.0003292436, 0.00031742752
  -21.93409, 0.000362726, 0.00031920378
  -21.93409, 0.0002734396, 0.00031920378
  -21.92118, 0.0002846004, 0.00032039188
  -21.914725, 0.0003555512, 0.00032098711
  -21.901815, 0.0003121038, 0.00032217994
  -21.88245, 0.0003431946, 0.00032397513
  -21.88245, 0.0003252576, 0.00032397513
  -21.86954, 0.0003671106, 0.00032517589
  -21.86954, 0.0003156912, 0.00032517589
  -21.850175, 0.0003005444, 0.00032698302
  -21.84372, 0.0003065234, 0.00032758699
  -21.824355, 0.0003200758, 0.00032940372
  -21.824355, 0.0003045304, 0.00032940372
  -21.798535, 0.000328845, 0.00033183729
  -21.79208, 0.0003053276, 0.0003324477
  -21.772715, 0.0003240618, 0.0003342838
  -21.76626, 0.0003571456, 0.00033489746
  -21.75335, 0.0003443904, 0.00033612721
  -21.733985, 0.000352761, 0.00033797797
  -21.733985, 0.00033881, 0.00033797797
  -21.708165, 0.0003200758, 0.00034045713
  -21.708165, 0.0003344254, 0.00034045713
  -21.70171, 0.0003718938, 0.00034107897
  -21.6888, 0.0003479778, 0.00034232514
  -21.6888, 0.0003364184, 0.00034232514
  -21.66298, 0.0003356212, 0.00034482741
  -21.66298, 0.0003392086, 0.00034482741
  -21.65007, 0.0003798658, 0.00034608353
  -21.643615, 0.0003332296, 0.00034671284
  -21.630705, 0.0003471806, 0.00034797397
  -21.61134, 0.0003523624, 0.00034987195
  -21.604885, 0.0003515652, 0.00035050628
  -21.591975, 0.0003679078, 0.00035177749
  -21.591975, 0.000352761, 0.00035177749
  -21.579065, 0.0003324324, 0.00035305207
  -21.57261, 0.0003691036, 0.00035369062
  -21.553245, 0.0003986, 0.00035561139
  -21.54679, 0.0003591386, 0.00035625334
  -21.53388, 0.0003774742, 0.00035753981
  -21.527425, 0.0003958098, 0.00035818432
  -21.50806, 0.0003794672, 0.000360123
  -21.501605, 0.000382656, 0.00036077094
  -21.488695, 0.0004037818, 0.00036206941
  -21.48224, 0.000368705, 0.00036271994
  -21.475785, 0.0004049776, 0.00036337133
  -21.45642, 0.0003754812, 0.00036533069
  -21.449965, 0.0003459848, 0.00036598554
  -21.449965, 0.0003683064, 0.00036598554
  -21.4306, 0.0003702994, 0.00036795533
  -21.41769, 0.0003615302, 0.00036927288
  -21.411235, 0.0003898308, 0.00036993297
  -21.39187, 0.0003531596, 0.0003719185
  -21.37896, 0.0003683064, 0.00037324658
  -21.37896, 0.000396607, 0.00037324658
  -21.372505, 0.0003699008, 0.00037391194
  -21.35314, 0.0003675092, 0.00037591334
  -21.346685, 0.0003862434, 0.00037658224
  -21.333775, 0.0003734882, 0.00037792272
  -21.31441, 0.000384649, 0.00037994011
  -21.31441, 0.0003962084, 0.00037994011
  -21.307955, 0.000354754, 0.00038061436
  -21.282135, 0.0003300408, 0.00038332033
  -21.27568, 0.0003511666, 0.00038399907
  -21.269225, 0.0003997958, 0.00038467871
  -21.256315, 0.00043846, 0.0003860407
  -21.243405, 0.0003734882, 0.00038740632
  -21.23695, 0.0003710966, 0.00038809048
  -21.22404, 0.0003718938, 0.00038946154
  -21.21113, 0.0003754812, 0.00039083624
  -21.204675, 0.0003734882, 0.00039152496
  -21.19822, 0.0003778728, 0.0003922146
  -21.191765, 0.0004161384, 0.00039290515
  -21.178855, 0.000452411, 0.00039428901
  -21.1724, 0.000386642, 0.00039498231
  -21.1724, 0.0003778728, 0.00039498231
  -21.14658, 0.000414544, 0.00039776476
  -21.13367, 0.0003962084, 0.00039916154
  -21.127215, 0.000406572, 0.00039986132
  -21.12076, 0.000408565, 0.00040056203
  -21.101395, 0.0003834532, 0.00040266974
  -21.088485, 0.0004049776, 0.00040407955
  -21.088485, 0.000372691, 0.00040407955
  -21.08203, 0.000376677, 0.00040478587
  -21.06912, 0.0004141454, 0.00040620131
  -21.062665, 0.0004500194, 0.00040691044
  -21.049755, 0.0003890336, 0.00040833152
  -21.0433, 0.0003870406, 0.00040904349
  -21.01748, 0.0003870406, 0.0004119008
  -21.01748, 0.0004153412, 0.0004119008
  -21.011025, 0.000404579, 0.0004126175
  -21.011025, 0.0004209216, 0.0004126175
  -20.998115, 0.0004017888, 0.00041405376
  -20.985205, 0.0004253062, 0.00041549385
  -20.972295, 0.000440453, 0.00041693776
  -20.96584, 0.0004336768, 0.00041766115
  -20.959385, 0.0003898308, 0.00041838551
  -20.946475, 0.0004400544, 0.00041983711
  -20.94002, 0.0004320824, 0.00042056436
  -20.92711, 0.0003858448, 0.00042202175
  -20.92711, 0.0004488236, 0.00042202175
  -20.920655, 0.0004133482, 0.0004227519
  -20.90129, 0.0004575928, 0.00042494818
  -20.894835, 0.0004089636, 0.00042568222
  -20.881925, 0.000406572, 0.00042715323
  -20.869015, 0.0004269006, 0.00042862815
  -20.869015, 0.000416537, 0.00042862815
  -20.856105, 0.0003997958, 0.00043010699
  -20.843195, 0.0004261034, 0.00043158976
  -20.83674, 0.0004081664, 0.00043233263
  -20.82383, 0.0004599844, 0.00043382132
  -20.82383, 0.0004496208, 0.00043382132
  -20.817375, 0.0004109566, 0.00043456715
  -20.81092, 0.0004233132, 0.00043531398
  -20.79801, 0.0004416488, 0.0004368106
  -20.79801, 0.0004077678, 0.0004368106
  -20.7851, 0.0004452362, 0.00043831121
  -20.778645, 0.0004448376, 0.000439063
  -20.77219, 0.0004292922, 0.0004398158
  -20.765735, 0.000386642, 0.0004405696
  -20.74637, 0.0004775228, 0.00044283701
  -20.739915, 0.0004201244, 0.00044359483
  -20.73346, 0.0003790686, 0.00044435365
  -20.73346, 0.0004336768, 0.00044435365
  -20.73346, 0.000440453, 0.00044435365
  -20.714095, 0.0004627746, 0.00044663617
  -20.69473, 0.0004348726, 0.00044892781
  -20.688275, 0.0004221174, 0.00044969372
  -20.68182, 0.0004420474, 0.00045046065
  -20.68182, 0.000434474, 0.00045046065
  -20.675365, 0.000470348, 0.0004512286
  -20.675365, 0.0004412502, 0.0004512286
  -20.66891, 0.0004611802, 0.00045199757
  -20.662455, 0.000450418, 0.00045276756
  -20.649545, 0.0004408516, 0.00045431062
  -20.63018, 0.0004432432, 0.00045663291
  -20.623725, 0.0004109566, 0.00045740906
  -20.61727, 0.000450418, 0.00045818625
  -20.61727, 0.000432481, 0.00045818625
  -20.61727, 0.0004492222, 0.00045818625
  -20.610815, 0.0005006416, 0.00045896447
  -20.59145, 0.0004595858, 0.00046130534
  -20.59145, 0.0004731382, 0.00046130534
  -20.57854, 0.0004615788, 0.00046287111
  -20.57854, 0.0004627746, 0.00046287111
  -20.56563, 0.0004520124, 0.00046444105
  -20.55272, 0.0005006416, 0.00046601517
  -20.55272, 0.0004528096, 0.00046601517
  -20.55272, 0.0004177328, 0.00046601517
  -20.546265, 0.000460383, 0.0004668038
  -20.53981, 0.0004711452, 0.00046759347
  -20.53981, 0.0004615788, 0.00046759347
  -20.533355, 0.000506222, 0.0004683842
  -20.5269, 0.0004695508, 0.00046917598
  -20.520445, 0.0004595858, 0.00046996881
  -20.520445, 0.0004512152, 0.00046996881
  -20.507535, 0.0004599844, 0.00047155764
  -20.494625, 0.0004635718, 0.00047315069
  -20.494625, 0.0004567956, 0.00047315069
  -20.481715, 0.0004795158, 0.00047474799
  -20.47526, 0.000510208, 0.00047554823
  -20.468805, 0.0004735368, 0.00047634954
  -20.468805, 0.0004767256, 0.00047634954
  -20.46235, 0.0004647676, 0.00047715191
  -20.46235, 0.0004978514, 0.00047715191
  -20.455895, 0.000470348, 0.00047795534
  -20.442985, 0.000482306, 0.00047956543
  -20.442985, 0.000462376, 0.00047956543
  -20.43653, 0.0004994458, 0.00048037207
  -20.43653, 0.000492271, 0.00048037207
  -20.430075, 0.00045839, 0.00048117979
  -20.42362, 0.0004731382, 0.00048198859
  -20.417165, 0.0004671592, 0.00048279846
  -20.404255, 0.0004691522, 0.00048442143
  -20.404255, 0.000480313, 0.00048442143
  -20.404255, 0.0004587886, 0.00048442143
  -20.3978, 0.0004775228, 0.00048523453
  -20.391345, 0.0005110052, 0.00048604872
  -20.391345, 0.0004831032, 0.00048604872
  -20.38489, 0.000448425, 0.00048686399
  -20.38489, 0.0005416974, 0.00048686399
  -20.38489, 0.0005018374, 0.00048686399
  -20.37198, 0.0004221174, 0.00048849778
  -20.35907, 0.0004157398, 0.00049013593
  -20.352615, 0.0004799144, 0.00049095663
  -20.339705, 0.0005066206, 0.00049260132
  -20.339705, 0.0005054248, 0.00049260132
  -20.339705, 0.0005066206, 0.00049260132
  -20.33325, 0.0004787186, 0.0004934253
  -20.33325, 0.0004555998, 0.0004934253
  -20.33325, 0.000476327, 0.0004934253
  -20.32034, 0.0005305366, 0.00049507656
  -20.32034, 0.0005273478, 0.00049507656
  -20.32034, 0.0005185786, 0.00049507656
  -20.313885, 0.0005448862, 0.00049590384
  -20.313885, 0.0004508166, 0.00049590384
  -20.30743, 0.0004512152, 0.00049673221
  -20.30743, 0.0005333268, 0.00049673221
  -20.300975, 0.0005026346, 0.00049756169
  -20.300975, 0.000496257, 0.00049756169
  -20.29452, 0.0004946626, 0.00049839228
  -20.288065, 0.0004886836, 0.00049922396
  -20.28161, 0.000506222, 0.00050005676
  -20.275155, 0.000530138, 0.00050089066
  -20.275155, 0.0004675578, 0.00050089066
  -20.275155, 0.0004659634, 0.00050089066
  -20.275155, 0.0004719424, 0.00050089066
  -20.275155, 0.0005074178, 0.00050089066
  -20.2687, 0.0005110052, 0.00050172567
  -20.249335, 0.0004986486, 0.00050423737
  -20.249335, 0.0005046276, 0.00050423737
  -20.249335, 0.000524159, 0.00050423737
  -20.236425, 0.000490278, 0.00050591741
  -20.236425, 0.0005018374, 0.00050591741
  -20.236425, 0.000502236, 0.00050591741
  -20.22997, 0.000534124, 0.00050675911
  -20.22997, 0.0005337254, 0.00050675911
  -20.22997, 0.0004787186, 0.00050675911
  -20.223515, 0.0005277464, 0.00050760192
  -20.223515, 0.0005145926, 0.00050760192
  -20.223515, 0.0005054248, 0.00050760192
  -20.21706, 0.0005528582, 0.00050844586
  -20.21706, 0.0004791172, 0.00050844586
  -20.21706, 0.000490278, 0.00050844586
  -20.21706, 0.0005014388, 0.00050844586
  -20.210605, 0.000534124, 0.00050929092
  -20.20415, 0.0004827046, 0.00051013711
  -20.20415, 0.0005098094, 0.00051013711
  -20.197695, 0.0005345226, 0.00051098442
  -20.197695, 0.0005484736, 0.00051098442
  -20.184785, 0.0004671592, 0.00051268242
  -20.184785, 0.0004787186, 0.00051268242
  -20.17833, 0.0004795158, 0.00051353312
  -20.17833, 0.000500243, 0.00051353312
  -20.171875, 0.000514194, 0.00051438494
  -20.171875, 0.0005297394, 0.00051438494
  -20.16542, 0.0004930682, 0.00051523791
  -20.16542, 0.0005349212, 0.00051523791
  -20.158965, 0.0005205716, 0.000516092
  -20.158965, 0.0005277464, 0.000516092
  -20.15251, 0.0005269492, 0.00051694723
  -20.15251, 0.0005373128, 0.00051694723
  -20.15251, 0.000522166, 0.00051694723
  -20.15251, 0.0005333268, 0.00051694723
  -20.15251, 0.0004799144, 0.00051694723
  -20.15251, 0.0005129982, 0.00051694723
  -20.15251, 0.0005843476, 0.00051694723
  -20.15251, 0.000546082, 0.00051694723
  -20.146055, 0.0004890822, 0.0005178036
  -20.146055, 0.0005066206, 0.0005178036
  -20.1396, 0.0004998444, 0.00051866111
  -20.1396, 0.0004998444, 0.00051866111
  -20.133145, 0.0004819074, 0.00051951976
  -20.12669, 0.0005285436, 0.00052037956
  -20.120235, 0.0005149912, 0.00052124049
  -20.120235, 0.0004966556, 0.00052124049
  -20.11378, 0.0005253548, 0.00052210257
  -20.11378, 0.0005325296, 0.00052210257
  -20.11378, 0.000506222, 0.00052210257
  -20.107325, 0.000500243, 0.0005229658
  -20.107325, 0.0005006416, 0.0005229658
  -20.107325, 0.0005293408, 0.0005229658
  -20.107325, 0.0005125996, 0.0005229658
  -20.10087, 0.0004958584, 0.00052383018
  -20.10087, 0.0004950612, 0.00052383018
  -20.10087, 0.0005054248, 0.00052383018
  -20.094415, 0.0005652148, 0.00052469571
  -20.08796, 0.0005205716, 0.00052556239
  -20.08796, 0.0005412988, 0.00052556239
  -20.081505, 0.0005353198, 0.00052643022
  -20.081505, 0.0005054248, 0.00052643022
  -20.07505, 0.0004898794, 0.00052729921
  -20.068595, 0.00057797, 0.00052816935
  -20.068595, 0.0005098094, 0.00052816935
  -20.068595, 0.000530138, 0.00052816935
  -20.068595, 0.000508215, 0.00052816935
  -20.068595, 0.0005377114, 0.00052816935
  -20.068595, 0.000524159, 0.00052816935
  -20.068595, 0.000522166, 0.00052816935
  -20.06214, 0.000522166, 0.00052904065
  -20.06214, 0.0005516624, 0.00052904065
  -20.06214, 0.000564019, 0.00052904065
  -20.06214, 0.0005213688, 0.00052904065
  -20.055685, 0.0004890822, 0.00052991311
  -20.055685, 0.0005209702, 0.00052991311
  -20.055685, 0.0005723896, 0.00052991311
  -20.055685, 0.0005588372, 0.00052991311
  -20.055685, 0.000520173, 0.00052991311
  -20.055685, 0.0005317324, 0.00052991311
  -20.055685, 0.0004930682, 0.00052991311
  -20.055685, 0.0005309352, 0.00052991311
  -20.04923, 0.0004938654, 0.00053078673
  -20.04923, 0.0005424946, 0.00053078673
  -20.04923, 0.0005608302, 0.00053078673
  -20.042775, 0.0005576414, 0.00053166151
  -20.042775, 0.0005118024, 0.00053166151
  -20.042775, 0.0005225646, 0.00053166151
  -20.042775, 0.0005337254, 0.00053166151
  -20.042775, 0.0005329282, 0.00053166151
  -20.03632, 0.0004918724, 0.00053253746
  -20.03632, 0.000534124, 0.00053253746
  -20.03632, 0.0005412988, 0.00053253746
  -20.03632, 0.000508215, 0.00053253746
  -20.029865, 0.000532131, 0.00053341457
  -20.02341, 0.0005711938, 0.00053429285
  -20.02341, 0.000468355, 0.00053429285
  -20.02341, 0.0005317324, 0.00053429285
  -20.016955, 0.0005305366, 0.0005351723
  -20.016955, 0.0005552498, 0.0005351723
  -20.016955, 0.0004667606, 0.0005351723
  -20.0105, 0.0005153898, 0.00053605292
  -20.0105, 0.000556047, 0.00053605292
  -20.0105, 0.0005424946, 0.00053605292
  -20.004045, 0.0005863406, 0.00053693471
  -20.004045, 0.0005883336, 0.00053693471
  -20.004045, 0.0005468792, 0.00053693471
  -20.004045, 0.0005544526, 0.00053693471

Analysis metadata
  Created at:              2026-06-12T11:21:00
  Probe configuration:     single
  Fit procedure:           Four-parameter SLP fit
