Single Langmuir probe analysis: 2026_06_10_SLP_ACQ2
===================================================
Samples available:         22578
Samples fitted:            7661
Voltage range:             -62.76 to 14.79 V
Current range:             -1.0639e-03 to 1.3051e-02 A

Fit model
  I = Is * (1 + R * (V - Vf)) * (exp((V - Vf) / Te) - 1)

Plasma parameters
  Electron temperature Te: 16.5572 eV
  Electron density n:      4.001704e+17 m^-3
  Ion saturation Is:       1.284079e-03 A
  Floating potential Vf:   -38.7983 V
  Plasma potential Vp:     27.9548 V
  R correction:            0.00887099

Derived quantities
  Probe area:              2.010000e-06 m^2
  Ion mass:                4 amu
  Sound speed:             1.992802e+04 m/s
  Alpha:                   4.03165

Fit quality
  R-squared:               0.919007

Fit data
  voltage_V, current_A, fitted_current_A
  -62.75551, -0.000886885, -0.00077325986
  -62.75551, -0.0008163328, -0.00077325986
  -62.75551, -0.0008944584, -0.00077325986
  -62.749055, -0.0009442834, -0.00077322331
  -62.749055, -0.0007700952, -0.00077322331
  -62.749055, -0.0007916196, -0.00077322331
  -62.7426, -0.0008155356, -0.00077318671
  -62.7426, -0.0007099066, -0.00077318671
  -62.7426, -0.000960626, -0.00077318671
  -62.7426, -0.0007896266, -0.00077318671
  -62.7426, -0.0008402488, -0.00077318671
  -62.7426, -0.000611851, -0.00077318671
  -62.7426, -0.0007521582, -0.00077318671
  -62.7426, -0.0006660606, -0.00077318671
  -62.72969, -0.000860976, -0.00077311335
  -62.72969, -0.000691571, -0.00077311335
  -62.72969, -0.000745382, -0.00077311335
  -62.72969, -0.000793214, -0.00077311335
  -62.72969, -0.0007629204, -0.00077311335
  -62.72969, -0.0008135426, -0.00077311335
  -62.72969, -0.0009693952, -0.00077311335
  -62.72969, -0.0007366128, -0.00077311335
  -62.72969, -0.0007796616, -0.00077311335
  -62.723235, -0.0007716896, -0.0007730766
  -62.723235, -0.000845032, -0.0007730766
  -62.723235, -0.0007820532, -0.0007730766
  -62.723235, -0.0008613746, -0.0007730766
  -62.723235, -0.0007924168, -0.0007730766
  -62.723235, -0.0008255006, -0.0007730766
  -62.723235, -0.0006150398, -0.0007730766
  -62.723235, -0.0007728854, -0.0007730766
  -62.723235, -0.0007402002, -0.0007730766
  -62.723235, -0.0007465778, -0.0007730766
  -62.723235, -0.0006967528, -0.0007730766
  -62.723235, -0.0006859906, -0.0007730766
  -62.723235, -0.0008466264, -0.0007730766
  -62.723235, -0.000878913, -0.0007730766
  -62.723235, -0.0008745284, -0.0007730766
  -62.723235, -0.000745382, -0.0007730766
  -62.723235, -0.0008203188, -0.0007730766
  -62.71678, -0.0008801088, -0.0007730398
  -62.71678, -0.0007409974, -0.0007730398
  -62.71678, -0.0008243048, -0.0007730398
  -62.71678, -0.000711501, -0.0007730398
  -62.71678, -0.0007876336, -0.0007730398
  -62.71678, -0.0008637662, -0.0007730398
  -62.71678, -0.000743389, -0.0007730398
  -62.71678, -0.0008825004, -0.0007730398
  -62.71678, -0.0008087594, -0.0007730398
  -62.71678, -0.000793214, -0.0007730398
  -62.71678, -0.0007744798, -0.0007730398
  -62.71678, -0.0007720882, -0.0007730398
  -62.710325, -0.0008613746, -0.00077300295
  -62.710325, -0.0006600816, -0.00077300295
  -62.710325, -0.0007417946, -0.00077300295
  -62.710325, -0.0009263464, -0.00077300295
  -62.710325, -0.0007449834, -0.00077300295
  -62.710325, -0.000685592, -0.00077300295
  -62.710325, -0.000683599, -0.00077300295
  -62.710325, -0.000791221, -0.00077300295
  -62.710325, -0.0007844448, -0.00077300295
  -62.710325, -0.0007960042, -0.00077300295
  -62.710325, -0.0008912696, -0.00077300295
  -62.710325, -0.000860976, -0.00077300295
  -62.710325, -0.0007067178, -0.00077300295
  -62.710325, -0.0008183258, -0.00077300295
  -62.710325, -0.0007780672, -0.00077300295
  -62.710325, -0.0007836476, -0.00077300295
  -62.710325, -0.0007800602, -0.00077300295
  -62.710325, -0.0007820532, -0.00077300295
  -62.70387, -0.0007629204, -0.00077296605
  -62.70387, -0.000799193, -0.00077296605
  -62.70387, -0.000809158, -0.00077296605
  -62.70387, -0.0009658078, -0.00077296605
  -62.70387, -0.0008235076, -0.00077296605
  -62.70387, -0.0008466264, -0.00077296605
  -62.70387, -0.0007987944, -0.00077296605
  -62.70387, -0.0007501652, -0.00077296605
  -62.70387, -0.0006959556, -0.00077296605
  -62.70387, -0.000892864, -0.00077296605
  -62.697415, -0.0008884794, -0.0007729291
  -62.697415, -0.0008199202, -0.0007729291
  -62.697415, -0.0008326754, -0.0007729291
  -62.697415, -0.0007776686, -0.0007729291
  -62.697415, -0.0007079136, -0.0007729291
  -62.697415, -0.000663669, -0.0007729291
  -62.697415, -0.0008733326, -0.0007729291
  -62.697415, -0.000753354, -0.0007729291
  -62.697415, -0.000709508, -0.0007729291
  -62.697415, -0.0008255006, -0.0007729291
  -62.697415, -0.000785242, -0.0007729291
  -62.69096, -0.0006433404, -0.0007728921
  -62.69096, -0.0007437876, -0.0007728921
  -62.69096, -0.000753354, -0.0007728921
  -62.69096, -0.000723459, -0.0007728921
  -62.69096, -0.000705522, -0.0007728921
  -62.69096, -0.0008123468, -0.0007728921
  -62.69096, -0.0008398502, -0.0007728921
  -62.69096, -0.0009582344, -0.0007728921
  -62.69096, -0.0007027318, -0.0007728921
  -62.684505, -0.0006792144, -0.00077285505
  -62.684505, -0.0006210188, -0.00077285505
  -62.684505, -0.0008665564, -0.00077285505
  -62.684505, -0.0007465778, -0.00077285505
  -62.67805, -0.0008243048, -0.00077281795
  -62.67805, -0.0007003402, -0.00077281795
  -62.67805, -0.000864962, -0.00077281795
  -62.67805, -0.000669648, -0.00077281795
  -62.67805, -0.000665662, -0.00077281795
  -62.67805, -0.0008565914, -0.00077281795
  -62.67805, -0.0008605774, -0.00077281795
  -62.67805, -0.0007242562, -0.00077281795
  -62.671595, -0.000719473, -0.0007727808
  -62.671595, -0.000801186, -0.0007727808
  -62.671595, -0.0007956056, -0.0007727808
  -62.671595, -0.000693564, -0.0007727808
  -62.671595, -0.0007027318, -0.0007727808
  -62.66514, -0.0008155356, -0.0007727436
  -62.66514, -0.0009295352, -0.0007727436
  -62.658685, -0.0008282908, -0.00077270635
  -62.65223, -0.000681606, -0.00077266905
  -62.65223, -0.0007995916, -0.00077266905
  -62.645775, -0.0008641648, -0.0007726317
  -62.645775, -0.0008693466, -0.0007726317
  -62.63932, -0.0007864378, -0.0007725943
  -62.62641, -0.0007477736, -0.00077251935
  -62.607045, -0.000719473, -0.00077240655
  -62.607045, -0.0007796616, -0.00077240655
  -62.60059, -0.000882899, -0.00077236885
  -62.594135, -0.0008876822, -0.0007723311
  -62.58768, -0.0008593816, -0.0007722933
  -62.581225, -0.0007402002, -0.00077225545
  -62.57477, -0.0008087594, -0.00077221755
  -62.57477, -0.0008258992, -0.00077221755
  -62.542495, -0.0008247034, -0.00077202729
  -62.529585, -0.0009817518, -0.00077195083
  -62.52313, -0.0008454306, -0.00077191253
  -62.516675, -0.0007688994, -0.00077187417
  -62.503765, -0.0008342698, -0.00077179731
  -62.49731, -0.000719473, -0.00077175881
  -62.4844, -0.0008418432, -0.00077168164
  -62.47149, -0.0008203188, -0.00077160428
  -62.44567, -0.00065769, -0.00077144894
  -62.426305, -0.0008067664, -0.0007713319
  -62.400485, -0.0007178786, -0.00077117514
  -62.36821, -0.0007908224, -0.00077097805
  -62.361755, -0.0007461792, -0.00077093847
  -62.335935, -0.0007928154, -0.00077077968
  -62.32948, -0.0008976472, -0.00077073985
  -62.297205, -0.0007386058, -0.00077053995
  -62.284295, -0.0007744798, -0.00077045963
  -62.23911, -0.0007688994, -0.00077017689
  -62.219745, -0.0007956056, -0.00077005495
  -62.206835, -0.0008924654, -0.00076997339
  -62.181015, -0.0006772214, -0.00076980967
  -62.17456, -0.0007696966, -0.00076976861
  -62.142285, -0.000739403, -0.00076956253
  -62.116465, -0.0007007388, -0.00076939674
  -62.116465, -0.0007330254, -0.00076939674
  -62.04546, -0.0007166828, -0.00076893652
  -62.03255, -0.0007784658, -0.00076885216
  -61.987365, -0.000703529, -0.00076855528
  -61.987365, -0.0008027804, -0.00076855528
  -61.94218, -0.0005608302, -0.00076825584
  -61.922815, -0.0008354656, -0.00076812672
  -61.922815, -0.000821116, -0.00076812672
  -61.85181, -0.0009949056, -0.00076764923
  -61.845355, -0.0009111996, -0.0007676055
  -61.793715, -0.0007784658, -0.0007672538
  -61.793715, -0.0008406474, -0.0007672538
  -61.7098, -0.0007768714, -0.00076667503
  -61.7098, -0.0007246548, -0.00076667503
  -61.67107, -0.0008514096, -0.00076640488
  -61.625885, -0.0009044234, -0.00076608726
  -61.612975, -0.0007242562, -0.00076599602
  -61.56779, -0.000892864, -0.00076567502
  -61.55488, -0.0008015846, -0.00076558282
  -61.496785, -0.0007836476, -0.00076516526
  -61.470965, -0.0008585844, -0.00076497827
  -61.4516, -0.0007477736, -0.00076483745
  -61.39996, -0.0008203188, -0.00076445956
  -61.380595, -0.0007429904, -0.00076431695
  -61.367685, -0.0009638148, -0.00076422161
  -61.328955, -0.000761326, -0.00076393426
  -61.264405, -0.0007960042, -0.00076345097
  -61.25795, -0.0008526054, -0.00076340234
  -61.24504, -0.0008247034, -0.00076330491
  -61.18049, -0.0008506124, -0.00076281447
  -61.148215, -0.000781256, -0.00076256717
  -61.12885, -0.0006612774, -0.00076241813
  -61.11594, -0.000611851, -0.00076231849
  -61.096575, -0.0006513124, -0.00076216861
  -61.096575, -0.0007122982, -0.00076216861
  -61.05139, -0.000659683, -0.00076181696
  -61.02557, -0.0007039276, -0.00076161478
  -60.993295, -0.0007617246, -0.00076136081
  -60.980385, -0.0006580886, -0.00076125882
  -60.980385, -0.0008960528, -0.00076125882
  -60.967475, -0.0008207174, -0.00076115662
  -60.96102, -0.0007768714, -0.00076110543
  -60.954565, -0.0006843962, -0.00076105419
  -60.9352, -0.000811151, -0.00076090012
  -60.90938, -0.0007565428, -0.00076069391
  -60.89647, -0.0007561442, -0.00076059046
  -60.89647, -0.0008314796, -0.00076059046
  -60.890015, -0.0007720882, -0.00076053866
  -60.890015, -0.0008059692, -0.00076053866
  -60.890015, -0.0008103538, -0.00076053866
  -60.890015, -0.0008087594, -0.00076053866
  -60.88356, -0.0008095566, -0.00076048679
  -60.88356, -0.0008314796, -0.00076048679
  -60.88356, -0.0008207174, -0.00076048679
  -60.88356, -0.0006704452, -0.00076048679
  -60.88356, -0.000860976, -0.00076048679
  -60.88356, -0.0006453334, -0.00076048679
  -60.88356, -0.0006760256, -0.00076048679
  -60.88356, -0.000767305, -0.00076048679
  -60.877105, -0.0008274936, -0.00076043487
  -60.877105, -0.0007820532, -0.00076043487
  -60.877105, -0.0007904238, -0.00076043487
  -60.877105, -0.0007246548, -0.00076043487
  -60.877105, -0.0006242076, -0.00076043487
  -60.877105, -0.0009909196, -0.00076043487
  -60.877105, -0.0007796616, -0.00076043487
  -60.877105, -0.0006768228, -0.00076043487
  -60.877105, -0.0007206688, -0.00076043487
  -60.877105, -0.0006381586, -0.00076043487
  -60.877105, -0.0008039762, -0.00076043487
  -60.877105, -0.0006927668, -0.00076043487
  -60.877105, -0.0007537526, -0.00076043487
  -60.87065, -0.0007051234, -0.0007603829
  -60.87065, -0.0005616274, -0.0007603829
  -60.87065, -0.0007417946, -0.0007603829
  -60.87065, -0.0007549484, -0.0007603829
  -60.87065, -0.0008394516, -0.0007603829
  -60.87065, -0.0007649134, -0.0007603829
  -60.87065, -0.000942689, -0.0007603829
  -60.87065, -0.0007669064, -0.0007603829
  -60.87065, -0.0006421446, -0.0007603829
  -60.87065, -0.0007429904, -0.0007603829
  -60.87065, -0.0008266964, -0.0007603829
  -60.87065, -0.000725452, -0.0007603829
  -60.87065, -0.0006429418, -0.0007603829
  -60.87065, -0.000829088, -0.0007603829
  -60.87065, -0.000809158, -0.0007603829
  -60.864195, -0.0007549484, -0.00076033087
  -60.864195, -0.0006999416, -0.00076033087
  -60.864195, -0.0006409488, -0.00076033087
  -60.864195, -0.0008063678, -0.00076033087
  -60.864195, -0.0007441862, -0.00076033087
  -60.864195, -0.000621816, -0.00076033087
  -60.864195, -0.0008553956, -0.00076033087
  -60.864195, -0.0008502138, -0.00076033087
  -60.864195, -0.000623809, -0.00076033087
  -60.864195, -0.0007338226, -0.00076033087
  -60.864195, -0.0007023332, -0.00076033087
  -60.864195, -0.0008043748, -0.00076033087
  -60.864195, -0.0005971028, -0.00076033087
  -60.864195, -0.0007720882, -0.00076033087
  -60.864195, -0.0006748298, -0.00076033087
  -60.864195, -0.000872934, -0.00076033087
  -60.864195, -0.0007661092, -0.00076033087
  -60.864195, -0.000926745, -0.00076033087
  -60.864195, -0.0009024304, -0.00076033087
  -60.864195, -0.000649718, -0.00076033087
  -60.864195, -0.0008278922, -0.00076033087
  -60.864195, -0.0006712424, -0.00076033087
  -60.864195, -0.000958633, -0.00076033087
  -60.85774, -0.0007501652, -0.00076027878
  -60.85774, -0.0008657592, -0.00076027878
  -60.85774, -0.0009183744, -0.00076027878
  -60.85774, -0.000747375, -0.00076027878
  -60.85774, -0.0009155842, -0.00076027878
  -60.85774, -0.000681606, -0.00076027878
  -60.85774, -0.000821116, -0.00076027878
  -60.85774, -0.000789228, -0.00076027878
  -60.85774, -0.0007968014, -0.00076027878
  -60.85774, -0.0007449834, -0.00076027878
  -60.85774, -0.0008107524, -0.00076027878
  -60.85774, -0.0007657106, -0.00076027878
  -60.85774, -0.0007637176, -0.00076027878
  -60.85774, -0.0008127454, -0.00076027878
  -60.85774, -0.0007142912, -0.00076027878
  -60.85774, -0.0006489208, -0.00076027878
  -60.85774, -0.000771291, -0.00076027878
  -60.85774, -0.0008334726, -0.00076027878
  -60.85774, -0.000807165, -0.00076027878
  -60.85774, -0.0008223118, -0.00076027878
  -60.85774, -0.000685592, -0.00076027878
  -60.85774, -0.0007704938, -0.00076027878
  -60.85774, -0.0006202216, -0.00076027878
  -60.85774, -0.0006054734, -0.00076027878
  -60.85774, -0.0007983958, -0.00076027878
  -60.85774, -0.0007724868, -0.00076027878
  -60.85774, -0.0008183258, -0.00076027878
  -60.85774, -0.0006413474, -0.00076027878
  -60.85774, -0.0008362628, -0.00076027878
  -60.85774, -0.000831081, -0.00076027878
  -60.85774, -0.0009614232, -0.00076027878
  -60.851285, -0.0007382072, -0.00076022663
  -60.851285, -0.0007390044, -0.00076022663
  -60.851285, -0.0007425918, -0.00076022663
  -60.851285, -0.0006792144, -0.00076022663
  -60.851285, -0.000839053, -0.00076022663
  -60.851285, -0.0007964028, -0.00076022663
  -60.851285, -0.0007940112, -0.00076022663
  -60.851285, -0.0007617246, -0.00076022663
  -60.851285, -0.0007677036, -0.00076022663
  -60.851285, -0.0007505638, -0.00076022663
  -60.851285, -0.0007358156, -0.00076022663
  -60.851285, -0.0009096052, -0.00076022663
  -60.851285, -0.0007350184, -0.00076022663
  -60.851285, -0.0007286408, -0.00076022663
  -60.851285, -0.0005791658, -0.00076022663
  -60.851285, -0.0007880322, -0.00076022663
  -60.851285, -0.000914787, -0.00076022663
  -60.851285, -0.0007637176, -0.00076022663
  -60.851285, -0.0008844934, -0.00076022663
  -60.851285, -0.0006720396, -0.00076022663
  -60.851285, -0.0007342212, -0.00076022663
  -60.851285, -0.0008119482, -0.00076022663
  -60.851285, -0.0008322768, -0.00076022663
  -60.851285, -0.0006632704, -0.00076022663
  -60.851285, -0.000568005, -0.00076022663
  -60.851285, -0.0007545498, -0.00076022663
  -60.851285, -0.000870941, -0.00076022663
  -60.851285, -0.0007445848, -0.00076022663
  -60.851285, -0.0007449834, -0.00076022663
  -60.851285, -0.000721466, -0.00076022663
  -60.851285, -0.000785242, -0.00076022663
  -60.851285, -0.0008593816, -0.00076022663
  -60.84483, -0.0008526054, -0.00076017443
  -60.84483, -0.0006632704, -0.00076017443
  -60.84483, -0.0006389558, -0.00076017443
  -60.84483, -0.0007748784, -0.00076017443
  -60.84483, -0.000888878, -0.00076017443
  -60.84483, -0.0007625218, -0.00076017443
  -60.84483, -0.00089685, -0.00076017443
  -60.84483, -0.0006465292, -0.00076017443
  -60.84483, -0.0008932626, -0.00076017443
  -60.84483, -0.0009701924, -0.00076017443
  -60.84483, -0.0009510596, -0.00076017443
  -60.84483, -0.0008705424, -0.00076017443
  -60.84483, -0.0006792144, -0.00076017443
  -60.84483, -0.000707515, -0.00076017443
  -60.84483, -0.0007529554, -0.00076017443
  -60.84483, -0.0007641162, -0.00076017443
  -60.838375, -0.0007629204, -0.00076012217
  -60.838375, -0.0006269978, -0.00076012217
  -60.838375, -0.0007302352, -0.00076012217
  -60.838375, -0.0010638634, -0.00076012217
  -60.838375, -0.0007158856, -0.00076012217
  -60.838375, -0.0007390044, -0.00076012217
  -60.838375, -0.0009016332, -0.00076012217
  -60.838375, -0.0007645148, -0.00076012217
  -60.838375, -0.0007382072, -0.00076012217
  -60.838375, -0.0007936126, -0.00076012217
  -60.838375, -0.0007402002, -0.00076012217
  -60.838375, -0.000872934, -0.00076012217
  -60.838375, -0.0008095566, -0.00076012217
  -60.838375, -0.0008314796, -0.00076012217
  -60.838375, -0.0008701438, -0.00076012217
  -60.838375, -0.0007166828, -0.00076012217
  -60.838375, -0.0008972486, -0.00076012217
  -60.838375, -0.0008227104, -0.00076012217
  -60.838375, -0.0007481722, -0.00076012217
  -60.83192, -0.000858983, -0.00076006986
  -60.83192, -0.0007904238, -0.00076006986
  -60.83192, -0.0007820532, -0.00076006986
  -60.83192, -0.0007386058, -0.00076006986
  -60.83192, -0.00071748, -0.00076006986
  -60.83192, -0.0007625218, -0.00076006986
  -60.83192, -0.0006361656, -0.00076006986
  -60.83192, -0.000880906, -0.00076006986
  -60.83192, -0.0007529554, -0.00076006986
  -60.83192, -0.0008713396, -0.00076006986
  -60.83192, -0.0008179272, -0.00076006986
  -60.83192, -0.0006680536, -0.00076006986
  -60.83192, -0.000741396, -0.00076006986
  -60.83192, -0.0006987458, -0.00076006986
  -60.83192, -0.0008075636, -0.00076006986
  -60.83192, -0.000665662, -0.00076006986
  -60.83192, -0.0006883822, -0.00076006986
  -60.825465, -0.0007007388, -0.00076001748
  -60.825465, -0.000771291, -0.00076001748
  -60.825465, -0.0008474236, -0.00076001748
  -60.825465, -0.0006887808, -0.00076001748
  -60.825465, -0.0007840462, -0.00076001748
  -60.825465, -0.0007708924, -0.00076001748
  -60.825465, -0.000831081, -0.00076001748
  -60.825465, -0.0008322768, -0.00076001748
  -60.825465, -0.0006943612, -0.00076001748
  -60.825465, -0.000819123, -0.00076001748
  -60.825465, -0.0008394516, -0.00076001748
  -60.825465, -0.0008585844, -0.00076001748
  -60.825465, -0.000585942, -0.00076001748
  -60.825465, -0.000761326, -0.00076001748
  -60.81901, -0.0009618218, -0.00075996506
  -60.81901, -0.000835067, -0.00075996506
  -60.81901, -0.0007677036, -0.00075996506
  -60.81901, -0.0006313824, -0.00075996506
  -60.81901, -0.0008219132, -0.00075996506
  -60.81901, -0.0007170814, -0.00075996506
  -60.81901, -0.0006174314, -0.00075996506
  -60.81901, -0.0007047248, -0.00075996506
  -60.81901, -0.000793214, -0.00075996506
  -60.81901, -0.0006839976, -0.00075996506
  -60.81901, -0.0007441862, -0.00075996506
  -60.81901, -0.000751361, -0.00075996506
  -60.81901, -0.0008438362, -0.00075996506
  -60.812555, -0.000695557, -0.00075991257
  -60.812555, -0.000868948, -0.00075991257
  -60.812555, -0.0007298366, -0.00075991257
  -60.812555, -0.0007864378, -0.00075991257
  -60.812555, -0.0007748784, -0.00075991257
  -60.812555, -0.000705522, -0.00075991257
  -60.812555, -0.0008932626, -0.00075991257
  -60.812555, -0.0007083122, -0.00075991257
  -60.8061, -0.0008043748, -0.00075986003
  -60.8061, -0.0008099552, -0.00075986003
  -60.799645, -0.000942689, -0.00075980743
  -60.799645, -0.000635767, -0.00075980743
  -60.799645, -0.0007330254, -0.00075980743
  -60.79319, -0.000807165, -0.00075975477
  -60.79319, -0.000753354, -0.00075975477
  -60.79319, -0.0008498152, -0.00075975477
  -60.79319, -0.0007700952, -0.00075975477
  -60.79319, -0.001062269, -0.00075975477
  -60.79319, -0.0008035776, -0.00075975477
  -60.79319, -0.0008155356, -0.00075975477
  -60.786735, -0.000685592, -0.00075970206
  -60.78028, -0.0007111024, -0.00075964929
  -60.78028, -0.0007788644, -0.00075964929
  -60.78028, -0.000841046, -0.00075964929
  -60.773825, -0.0007027318, -0.00075959647
  -60.773825, -0.000779263, -0.00075959647
  -60.760915, -0.0006413474, -0.00075949065
  -60.760915, -0.0007868364, -0.00075949065
  -60.75446, -0.0006768228, -0.00075943765
  -60.74155, -0.0007150884, -0.00075933148
  -60.735095, -0.0007023332, -0.00075927832
  -60.722185, -0.0007497666, -0.00075917181
  -60.709275, -0.0008139412, -0.00075906508
  -60.696365, -0.000789228, -0.00075895811
  -60.68991, -0.0007322282, -0.00075890455
  -60.68991, -0.0007461792, -0.00075890455
  -60.677, -0.0007198716, -0.00075879724
  -60.670545, -0.0007808574, -0.0007587435
  -60.66409, -0.0008059692, -0.0007586897
  -60.657635, -0.0008127454, -0.00075863585
  -60.63827, -0.0007848434, -0.00075847395
  -60.59954, -0.000687585, -0.00075814859
  -60.58663, -0.000811151, -0.00075803967
  -60.57372, -0.0006987458, -0.00075793053
  -60.56081, -0.000719473, -0.00075782115
  -60.5479, -0.0006509138, -0.00075771155
  -60.528535, -0.000749368, -0.00075754671
  -60.50917, -0.0007681022, -0.00075738135
  -60.489805, -0.0007788644, -0.00075721546
  -60.44462, -0.0007900252, -0.00075682637
  -60.438165, -0.0007724868, -0.00075677055
  -60.43171, -0.0006513124, -0.00075671468
  -60.4188, -0.0008565914, -0.00075660275
  -60.38007, -0.0006987458, -0.00075626558
  -60.35425, -0.0007465778, -0.00075603963
  -60.32843, -0.000707515, -0.00075581274
  -60.32843, -0.0006652634, -0.00075581274
  -60.283245, -0.0007118996, -0.00075541343
  -60.270335, -0.0006991444, -0.00075529881
  -60.244515, -0.000731431, -0.00075506887
  -60.21224, -0.0007577386, -0.00075478011
  -60.19933, -0.0006720396, -0.0007546642
  -60.1606, -0.0006971514, -0.00075431503
  -60.14769, -0.0007298366, -0.00075419816
  -60.115415, -0.0006413474, -0.00075390497
  -60.089595, -0.0007800602, -0.00075366934
  -60.08314, -0.0005692008, -0.00075361028
  -60.037955, -0.0008398502, -0.00075319521
  -60.00568, -0.0008785144, -0.00075289695
  -59.973405, -0.0007230604, -0.00075259718
  -59.947585, -0.0007860392, -0.00075235628
  -59.9024, -0.0006640676, -0.0007519324
  -59.883035, -0.0009634162, -0.00075174983
  -59.870125, -0.0007166828, -0.00075162781
  -59.844305, -0.0009259478, -0.00075138306
  -59.81203, -0.0007784658, -0.00075107575
  -59.753935, -0.0008015846, -0.00075051876
  -59.73457, -0.0008123468, -0.000750332
  -59.68293, -0.0009478708, -0.00074983128
  -59.68293, -0.000878913, -0.00074983128
  -59.650655, -0.0008565914, -0.00074951635
  -59.59256, -0.0008426404, -0.00074894559
  -59.57965, -0.0007577386, -0.00074881808
  -59.5151, -0.000833074, -0.00074817681
  -59.495735, -0.000791221, -0.00074798322
  -59.482825, -0.0006648648, -0.00074785385
  -59.469915, -0.0007138926, -0.00074772423
  -59.418275, -0.0008502138, -0.00074720327
  -59.379545, -0.0007158856, -0.00074680993
  -59.379545, -0.000809158, -0.00074680993
  -59.33436, -0.0008785144, -0.00074634818
  -59.314995, -0.0007788644, -0.00074614935
  -59.29563, -0.0008781158, -0.00074594995
  -59.276265, -0.0007079136, -0.00074574999
  -59.2569, -0.0007605288, -0.00074554946
  -59.237535, -0.0008143398, -0.00074534836
  -59.19235, -0.0007936126, -0.00074487691
  -59.16653, -0.0007561442, -0.00074460612
  -59.147165, -0.0007051234, -0.00074440237
  -59.147165, -0.0007756756, -0.00074440237
  -59.108435, -0.0007804588, -0.00074399313
  -59.108435, -0.0008880808, -0.00074399313
  -59.10198, -0.0006533054, -0.0007439247
  -59.07616, -0.0008199202, -0.00074365035
  -59.069705, -0.000781256, -0.0007435816
  -59.069705, -0.0006947598, -0.0007435816
  -59.06325, -0.000791221, -0.00074351279
  -59.06325, -0.000595907, -0.00074351279
  -59.056795, -0.0005771728, -0.00074344391
  -59.056795, -0.0007298366, -0.00074344391
  -59.05034, -0.0007378086, -0.00074337498
  -59.043885, -0.0007481722, -0.00074330597
  -59.043885, -0.0006664592, -0.00074330597
  -59.043885, -0.0008099552, -0.00074330597
  -59.043885, -0.0005644176, -0.00074330597
  -59.03743, -0.0006839976, -0.0007432369
  -59.03743, -0.0008394516, -0.0007432369
  -59.03743, -0.0006760256, -0.0007432369
  -59.030975, -0.0006824032, -0.00074316777
  -59.030975, -0.0006780186, -0.00074316777
  -59.030975, -0.0007916196, -0.00074316777
  -59.030975, -0.0008027804, -0.00074316777
  -59.030975, -0.0007079136, -0.00074316777
  -59.030975, -0.0007242562, -0.00074316777
  -59.030975, -0.0007218646, -0.00074316777
  -59.030975, -0.0007190744, -0.00074316777
  -59.030975, -0.00071748, -0.00074316777
  -59.030975, -0.000699543, -0.00074316777
  -59.030975, -0.000611851, -0.00074316777
  -59.030975, -0.0008338712, -0.00074316777
  -59.02452, -0.0008844934, -0.00074309858
  -59.02452, -0.0006748298, -0.00074309858
  -59.02452, -0.0007525568, -0.00074309858
  -59.02452, -0.0006624732, -0.00074309858
  -59.02452, -0.0006150398, -0.00074309858
  -59.02452, -0.0007358156, -0.00074309858
  -59.02452, -0.0005703966, -0.00074309858
  -59.02452, -0.0006010888, -0.00074309858
  -59.018065, -0.0007043262, -0.00074302932
  -59.018065, -0.0006923682, -0.00074302932
  -59.018065, -0.0006002916, -0.00074302932
  -59.018065, -0.000769298, -0.00074302932
  -59.018065, -0.000689578, -0.00074302932
  -59.018065, -0.0008801088, -0.00074302932
  -59.018065, -0.000779263, -0.00074302932
  -59.018065, -0.0008235076, -0.00074302932
  -59.018065, -0.0006493194, -0.00074302932
  -59.018065, -0.000713494, -0.00074302932
  -59.018065, -0.0008462278, -0.00074302932
  -59.018065, -0.0006871864, -0.00074302932
  -59.018065, -0.0007585358, -0.00074302932
  -59.018065, -0.0009000388, -0.00074302932
  -59.018065, -0.0007760742, -0.00074302932
  -59.018065, -0.0007342212, -0.00074302932
  -59.01161, -0.0006146412, -0.00074295999
  -59.01161, -0.0008844934, -0.00074295999
  -59.01161, -0.0008023818, -0.00074295999
  -59.01161, -0.0009155842, -0.00074295999
  -59.01161, -0.0007776686, -0.00074295999
  -59.01161, -0.0007557456, -0.00074295999
  -59.01161, -0.0006867878, -0.00074295999
  -59.01161, -0.0007844448, -0.00074295999
  -59.01161, -0.0007545498, -0.00074295999
  -59.01161, -0.0006293894, -0.00074295999
  -59.01161, -0.0007956056, -0.00074295999
  -59.01161, -0.0007047248, -0.00074295999
  -59.01161, -0.0006405502, -0.00074295999
  -59.01161, -0.0007669064, -0.00074295999
  -59.01161, -0.0006652634, -0.00074295999
  -59.01161, -0.0007417946, -0.00074295999
  -59.01161, -0.000707515, -0.00074295999
  -59.01161, -0.0006931654, -0.00074295999
  -59.01161, -0.0006548998, -0.00074295999
  -59.01161, -0.000689578, -0.00074295999
  -59.005155, -0.0005823546, -0.0007428906
  -59.005155, -0.000791221, -0.0007428906
  -59.005155, -0.0007609274, -0.0007428906
  -59.005155, -0.0006273964, -0.0007428906
  -59.005155, -0.0007900252, -0.0007428906
  -59.005155, -0.0006513124, -0.0007428906
  -59.005155, -0.000735417, -0.0007428906
  -59.005155, -0.0007206688, -0.0007428906
  -59.005155, -0.0007051234, -0.0007428906
  -59.005155, -0.0007011374, -0.0007428906
  -59.005155, -0.0007409974, -0.0007428906
  -59.005155, -0.000789228, -0.0007428906
  -59.005155, -0.0008625704, -0.0007428906
  -59.005155, -0.000707515, -0.0007428906
  -59.005155, -0.0007083122, -0.0007428906
  -59.005155, -0.0008765214, -0.0007428906
  -59.005155, -0.0006644662, -0.0007428906
  -59.005155, -0.0008123468, -0.0007428906
  -59.005155, -0.0007198716, -0.0007428906
  -59.005155, -0.0007724868, -0.0007428906
  -59.005155, -0.0007577386, -0.0007428906
  -59.005155, -0.0006851934, -0.0007428906
  -58.9987, -0.0007585358, -0.00074282115
  -58.9987, -0.0007039276, -0.00074282115
  -58.9987, -0.0007545498, -0.00074282115
  -58.9987, -0.0008773186, -0.00074282115
  -58.9987, -0.0008474236, -0.00074282115
  -58.9987, -0.000902829, -0.00074282115
  -58.9987, -0.0007796616, -0.00074282115
  -58.9987, -0.000729438, -0.00074282115
  -58.9987, -0.0006748298, -0.00074282115
  -58.9987, -0.0008286894, -0.00074282115
  -58.9987, -0.0006094594, -0.00074282115
  -58.9987, -0.0007960042, -0.00074282115
  -58.9987, -0.0007306338, -0.00074282115
  -58.9987, -0.000633774, -0.00074282115
  -58.9987, -0.000667655, -0.00074282115
  -58.9987, -0.0006533054, -0.00074282115
  -58.9987, -0.000795207, -0.00074282115
  -58.9987, -0.0006489208, -0.00074282115
  -58.9987, -0.000839053, -0.00074282115
  -58.9987, -0.0005975014, -0.00074282115
  -58.9987, -0.000769298, -0.00074282115
  -58.9987, -0.0008219132, -0.00074282115
  -58.992245, -0.0007888294, -0.00074275164
  -58.992245, -0.0006752284, -0.00074275164
  -58.992245, -0.000721466, -0.00074275164
  -58.992245, -0.0006405502, -0.00074275164
  -58.992245, -0.0007142912, -0.00074275164
  -58.992245, -0.0007039276, -0.00074275164
  -58.992245, -0.0007461792, -0.00074275164
  -58.992245, -0.000773284, -0.00074275164
  -58.992245, -0.0007517596, -0.00074275164
  -58.992245, -0.000713494, -0.00074275164
  -58.992245, -0.0008653606, -0.00074275164
  -58.992245, -0.0007158856, -0.00074275164
  -58.992245, -0.000693564, -0.00074275164
  -58.992245, -0.0008286894, -0.00074275164
  -58.992245, -0.0005855434, -0.00074275164
  -58.992245, -0.0007820532, -0.00074275164
  -58.992245, -0.0009355142, -0.00074275164
  -58.992245, -0.0007824518, -0.00074275164
  -58.992245, -0.0006612774, -0.00074275164
  -58.992245, -0.000639753, -0.00074275164
  -58.992245, -0.0008422418, -0.00074275164
  -58.992245, -0.0007429904, -0.00074275164
  -58.992245, -0.000942689, -0.00074275164
  -58.98579, -0.0007800602, -0.00074268206
  -58.98579, -0.0008354656, -0.00074268206
  -58.98579, -0.0007896266, -0.00074268206
  -58.98579, -0.0007537526, -0.00074268206
  -58.98579, -0.0006293894, -0.00074268206
  -58.98579, -0.0008398502, -0.00074268206
  -58.98579, -0.0006349698, -0.00074268206
  -58.98579, -0.0006863892, -0.00074268206
  -58.98579, -0.0007728854, -0.00074268206
  -58.98579, -0.0007378086, -0.00074268206
  -58.98579, -0.000524159, -0.00074268206
  -58.98579, -0.0006333754, -0.00074268206
  -58.98579, -0.0007023332, -0.00074268206
  -58.98579, -0.0006784172, -0.00074268206
  -58.98579, -0.0006525082, -0.00074268206
  -58.98579, -0.000673634, -0.00074268206
  -58.98579, -0.0004835018, -0.00074268206
  -58.98579, -0.0008346684, -0.00074268206
  -58.979335, -0.0007669064, -0.00074261241
  -58.979335, -0.0005911238, -0.00074261241
  -58.979335, -0.0008183258, -0.00074261241
  -58.979335, -0.0008227104, -0.00074261241
  -58.979335, -0.0007310324, -0.00074261241
  -58.979335, -0.000781256, -0.00074261241
  -58.979335, -0.000691571, -0.00074261241
  -58.979335, -0.0007557456, -0.00074261241
  -58.979335, -0.0005090122, -0.00074261241
  -58.979335, -0.0007908224, -0.00074261241
  -58.979335, -0.0008326754, -0.00074261241
  -58.979335, -0.00085699, -0.00074261241
  -58.979335, -0.000771291, -0.00074261241
  -58.979335, -0.000707515, -0.00074261241
  -58.979335, -0.000621816, -0.00074261241
  -58.979335, -0.0005811588, -0.00074261241
  -58.97288, -0.000910801, -0.0007425427
  -58.97288, -0.0006010888, -0.0007425427
  -58.97288, -0.0005727882, -0.0007425427
  -58.97288, -0.0007501652, -0.0007425427
  -58.97288, -0.0006094594, -0.0007425427
  -58.97288, -0.000763319, -0.0007425427
  -58.97288, -0.0008266964, -0.0007425427
  -58.966425, -0.0006006902, -0.00074247293
  -58.966425, -0.0007649134, -0.00074247293
  -58.966425, -0.0008621718, -0.00074247293
  -58.966425, -0.000725452, -0.00074247293
  -58.966425, -0.0007039276, -0.00074247293
  -58.966425, -0.0006533054, -0.00074247293
  -58.966425, -0.0007637176, -0.00074247293
  -58.966425, -0.0006010888, -0.00074247293
  -58.966425, -0.0007071164, -0.00074247293
  -58.966425, -0.0007641162, -0.00074247293
  -58.966425, -0.0007063192, -0.00074247293
  -58.966425, -0.000739403, -0.00074247293
  -58.966425, -0.0007625218, -0.00074247293
  -58.966425, -0.0006843962, -0.00074247293
  -58.966425, -0.0006265992, -0.00074247293
  -58.95997, -0.000821116, -0.00074240309
  -58.95997, -0.000803179, -0.00074240309
  -58.95997, -0.0008043748, -0.00074240309
  -58.95997, -0.0006967528, -0.00074240309
  -58.95997, -0.000924752, -0.00074240309
  -58.95997, -0.0006660606, -0.00074240309
  -58.95997, -0.0007310324, -0.00074240309
  -58.95997, -0.0007238576, -0.00074240309
  -58.95997, -0.000753354, -0.00074240309
  -58.953515, -0.0008139412, -0.00074233319
  -58.953515, -0.001032374, -0.00074233319
  -58.953515, -0.0006808088, -0.00074233319
  -58.953515, -0.0007246548, -0.00074233319
  -58.953515, -0.0008235076, -0.00074233319
  -58.953515, -0.0007824518, -0.00074233319
  -58.953515, -0.000823109, -0.00074233319
  -58.953515, -0.000894857, -0.00074233319
  -58.953515, -0.0007222632, -0.00074233319
  -58.953515, -0.000771291, -0.00074233319
  -58.953515, -0.0008506124, -0.00074233319
  -58.953515, -0.0006381586, -0.00074233319
  -58.94706, -0.0008565914, -0.00074226322
  -58.94706, -0.0007390044, -0.00074226322
  -58.94706, -0.0007402002, -0.00074226322
  -58.94706, -0.0007465778, -0.00074226322
  -58.940605, -0.0005743826, -0.00074219319
  -58.940605, -0.0007888294, -0.00074219319
  -58.940605, -0.0007948084, -0.00074219319
  -58.93415, -0.0008836962, -0.00074212309
  -58.93415, -0.0006564942, -0.00074212309
  -58.93415, -0.0006959556, -0.00074212309
  -58.93415, -0.00063776, -0.00074212309
  -58.927695, -0.0008785144, -0.00074205293
  -58.92124, -0.0007378086, -0.00074198271
  -58.92124, -0.000735417, -0.00074198271
  -58.92124, -0.0005827532, -0.00074198271
  -58.90833, -0.0008322768, -0.00074184206
  -58.90833, -0.0006548998, -0.00074184206
  -58.901875, -0.0008438362, -0.00074177165
  -58.901875, -0.0006784172, -0.00074177165
  -58.901875, -0.000671641, -0.00074177165
  -58.888965, -0.0007940112, -0.00074163061
  -58.888965, -0.0007848434, -0.00074163061
  -58.876055, -0.0008223118, -0.00074148932
  -58.8696, -0.0007166828, -0.00074141858
  -58.8696, -0.0008625704, -0.00074141858
  -58.85669, -0.0008378572, -0.0007412769
  -58.850235, -0.000753354, -0.00074120597
  -58.84378, -0.000711501, -0.00074113497
  -58.83087, -0.0006772214, -0.00074099277
  -58.80505, -0.0007589344, -0.00074070759
  -58.798595, -0.0007142912, -0.00074063614
  -58.77923, -0.0006445362, -0.00074042138
  -58.76632, -0.0006728368, -0.00074027788
  -58.746955, -0.0005277464, -0.00074006214
  -58.734045, -0.0005353198, -0.00073991799
  -58.734045, -0.0006871864, -0.00073991799
  -58.734045, -0.0005994944, -0.00073991799
  -58.682405, -0.000601886, -0.00073933876
  -58.67595, -0.0007378086, -0.00073926607
  -58.66304, -0.00075734, -0.00073912047
  -58.643675, -0.0008306824, -0.00073890159
  -58.62431, -0.0007720882, -0.00073868211
  -58.6114, -0.0006082636, -0.00073853547
  -58.592035, -0.0005436904, -0.000738315
  -58.579125, -0.0006525082, -0.0007381677
  -58.55976, -0.0007027318, -0.00073794624
  -58.53394, -0.0007541512, -0.00073765004
  -58.527485, -0.0006533054, -0.00073757583
  -58.514575, -0.000627795, -0.0007374272
  -58.475845, -0.0006552984, -0.00073697972
  -58.46939, -0.0006529068, -0.0007369049
  -58.424205, -0.0007366128, -0.00073637934
  -58.40484, -0.000715487, -0.0007361531
  -58.37902, -0.0007170814, -0.00073585051
  -58.3532, -0.0008721368, -0.00073554685
  -58.333835, -0.0009343184, -0.00073531839
  -58.32738, -0.0006564942, -0.00073524211
  -58.282195, -0.00061783, -0.00073470623
  -58.269285, -0.0006987458, -0.00073455251
  -58.26283, -0.0007983958, -0.00073447556
  -58.21119, -0.0006931654, -0.00073385745
  -58.21119, -0.0007728854, -0.00073385745
  -58.17246, -0.0007521582, -0.00073339103
  -58.153095, -0.000841046, -0.0007331569
  -58.101455, -0.0007366128, -0.00073252956
  -58.095, -0.0007386058, -0.00073245084
  -58.062725, -0.0005428932, -0.00073205619
  -58.01754, -0.0006285922, -0.00073150081
  -58.011085, -0.0007964028, -0.0007314212
  -57.998175, -0.0007696966, -0.00073126176
  -57.92717, -0.0007896266, -0.00073037994
  -57.92717, -0.0006947598, -0.00073037994
  -57.88844, -0.0008362628, -0.00072989543
  -57.87553, -0.0008414446, -0.00072973337
  -57.843255, -0.0007386058, -0.00072932701
  -57.791615, -0.0007398016, -0.00072867323
  -57.78516, -0.0008235076, -0.00072859119
  -57.739975, -0.0007378086, -0.00072801497
  -57.714155, -0.0007206688, -0.00072768417
  -57.69479, -0.0008657592, -0.00072743533
  -57.662515, -0.0007920182, -0.00072701919
  -57.623785, -0.0008892766, -0.0007265175
  -57.61733, -0.000783249, -0.00072643364
  -57.585055, -0.0007409974, -0.00072601328
  -57.55278, -0.0006393544, -0.00072559114
  -57.520505, -0.0009363114, -0.00072516724
  -57.494685, -0.0006979486, -0.00072482683
  -57.494685, -0.0007983958, -0.00072482683
  -57.47532, -0.0007023332, -0.00072457078
  -57.43659, -0.0006740326, -0.00072405676
  -57.417225, -0.0007768714, -0.00072379878
  -57.404315, -0.0007007388, -0.00072362644
  -57.391405, -0.0007350184, -0.00072345381
  -57.38495, -0.0007605288, -0.00072336739
  -57.352675, -0.0007107038, -0.00072293421
  -57.30749, -0.0007142912, -0.00072232473
  -57.29458, -0.0007218646, -0.00072214995
  -57.29458, -0.000554054, -0.00072214995
  -57.28167, -0.0006720396, -0.00072197487
  -57.275215, -0.0005508652, -0.00072188723
  -57.275215, -0.0006552984, -0.00072188723
  -57.26876, -0.0006959556, -0.00072179951
  -57.249395, -0.0008095566, -0.00072153593
  -57.24294, -0.0007186758, -0.00072144792
  -57.236485, -0.00063776, -0.00072135984
  -57.236485, -0.0008286894, -0.00072135984
  -57.20421, -0.0007306338, -0.00072091836
  -57.20421, -0.0007079136, -0.00072091836
  -57.197755, -0.0007043262, -0.00072082985
  -57.197755, -0.0008514096, -0.00072082985
  -57.197755, -0.0007569414, -0.00072082985
  -57.197755, -0.0009131926, -0.00072082985
  -57.1913, -0.000779263, -0.00072074126
  -57.1913, -0.0006760256, -0.00072074126
  -57.184845, -0.0005604316, -0.0007206526
  -57.184845, -0.0007210674, -0.0007206526
  -57.184845, -0.0007370114, -0.0007206526
  -57.184845, -0.0005412988, -0.0007206526
  -57.184845, -0.000569998, -0.0007206526
  -57.184845, -0.0007497666, -0.0007206526
  -57.17839, -0.000562026, -0.00072056387
  -57.17839, -0.0006584872, -0.00072056387
  -57.17839, -0.0007063192, -0.00072056387
  -57.17839, -0.0006580886, -0.00072056387
  -57.17839, -0.0008123468, -0.00072056387
  -57.171935, -0.000653704, -0.00072047507
  -57.171935, -0.00067762, -0.00072047507
  -57.171935, -0.0005994944, -0.00072047507
  -57.171935, -0.0007003402, -0.00072047507
  -57.171935, -0.0007366128, -0.00072047507
  -57.171935, -0.000671641, -0.00072047507
  -57.171935, -0.0007780672, -0.00072047507
  -57.16548, -0.0005887322, -0.00072038619
  -57.16548, -0.0007836476, -0.00072038619
  -57.16548, -0.000902829, -0.00072038619
  -57.16548, -0.0005994944, -0.00072038619
  -57.16548, -0.000709508, -0.00072038619
  -57.16548, -0.0008418432, -0.00072038619
  -57.16548, -0.000805172, -0.00072038619
  -57.16548, -0.0005596344, -0.00072038619
  -57.16548, -0.00085699, -0.00072038619
  -57.16548, -0.000629788, -0.00072038619
  -57.16548, -0.000845032, -0.00072038619
  -57.16548, -0.00069755, -0.00072038619
  -57.16548, -0.000705522, -0.00072038619
  -57.159025, -0.0005496694, -0.00072029724
  -57.159025, -0.0007262492, -0.00072029724
  -57.159025, -0.000627795, -0.00072029724
  -57.159025, -0.0006533054, -0.00072029724
  -57.159025, -0.0005763756, -0.00072029724
  -57.159025, -0.000755347, -0.00072029724
  -57.159025, -0.000805172, -0.00072029724
  -57.159025, -0.0007405988, -0.00072029724
  -57.159025, -0.000755347, -0.00072029724
  -57.159025, -0.0006568928, -0.00072029724
  -57.159025, -0.000707515, -0.00072029724
  -57.159025, -0.0006644662, -0.00072029724
  -57.159025, -0.0006752284, -0.00072029724
  -57.159025, -0.0005867392, -0.00072029724
  -57.159025, -0.0006262006, -0.00072029724
  -57.159025, -0.0008047734, -0.00072029724
  -57.159025, -0.0006449348, -0.00072029724
  -57.159025, -0.0004787186, -0.00072029724
  -57.159025, -0.0007920182, -0.00072029724
  -57.15257, -0.00071748, -0.00072020822
  -57.15257, -0.0006951584, -0.00072020822
  -57.15257, -0.0006800116, -0.00072020822
  -57.15257, -0.0008123468, -0.00072020822
  -57.15257, -0.000767305, -0.00072020822
  -57.15257, -0.0005863406, -0.00072020822
  -57.15257, -0.0007091094, -0.00072020822
  -57.15257, -0.000593914, -0.00072020822
  -57.15257, -0.0006828018, -0.00072020822
  -57.15257, -0.000673634, -0.00072020822
  -57.15257, -0.0006748298, -0.00072020822
  -57.15257, -0.0008446334, -0.00072020822
  -57.146115, -0.0006931654, -0.00072011912
  -57.146115, -0.0006501166, -0.00072011912
  -57.146115, -0.0008183258, -0.00072011912
  -57.146115, -0.0006026832, -0.00072011912
  -57.146115, -0.000699543, -0.00072011912
  -57.146115, -0.000560033, -0.00072011912
  -57.146115, -0.0009072136, -0.00072011912
  -57.146115, -0.0006847948, -0.00072011912
  -57.13966, -0.0005994944, -0.00072002995
  -57.13966, -0.0007087108, -0.00072002995
  -57.13966, -0.0008294866, -0.00072002995
  -57.13966, -0.0007724868, -0.00072002995
  -57.13966, -0.0007242562, -0.00072002995
  -57.13966, -0.0007437876, -0.00072002995
  -57.13966, -0.0006082636, -0.00072002995
  -57.13966, -0.0007441862, -0.00072002995
  -57.13966, -0.0005612288, -0.00072002995
  -57.133205, -0.0006262006, -0.00071994071
  -57.133205, -0.0007158856, -0.00071994071
  -57.133205, -0.000641746, -0.00071994071
  -57.133205, -0.0007358156, -0.00071994071
  -57.133205, -0.000629788, -0.00071994071
  -57.133205, -0.0006947598, -0.00071994071
  -57.133205, -0.0006804102, -0.00071994071
  -57.133205, -0.0007565428, -0.00071994071
  -57.133205, -0.000691571, -0.00071994071
  -57.133205, -0.0006959556, -0.00071994071
  -57.133205, -0.0008705424, -0.00071994071
  -57.133205, -0.0006991444, -0.00071994071
  -57.133205, -0.0006469278, -0.00071994071
  -57.133205, -0.000619823, -0.00071994071
  -57.133205, -0.0006194244, -0.00071994071
  -57.133205, -0.0007071164, -0.00071994071
  -57.133205, -0.0007266478, -0.00071994071
  -57.133205, -0.0005532568, -0.00071994071
  -57.133205, -0.0006919696, -0.00071994071
  -57.133205, -0.0005835504, -0.00071994071
  -57.133205, -0.0007071164, -0.00071994071
  -57.133205, -0.0004918724, -0.00071994071
  -57.133205, -0.0008227104, -0.00071994071
  -57.12675, -0.000659683, -0.0007198514
  -57.12675, -0.000581956, -0.0007198514
  -57.12675, -0.0006541026, -0.0007198514
  -57.12675, -0.0007190744, -0.0007198514
  -57.12675, -0.0006445362, -0.0007198514
  -57.12675, -0.0007047248, -0.0007198514
  -57.12675, -0.0008757242, -0.0007198514
  -57.12675, -0.000819123, -0.0007198514
  -57.12675, -0.0008274936, -0.0007198514
  -57.12675, -0.0007541512, -0.0007198514
  -57.12675, -0.0005333268, -0.0007198514
  -57.12675, -0.000647725, -0.0007198514
  -57.12675, -0.0007306338, -0.0007198514
  -57.12675, -0.000643739, -0.0007198514
  -57.12675, -0.0007744798, -0.0007198514
  -57.12675, -0.0006648648, -0.0007198514
  -57.12675, -0.000540103, -0.0007198514
  -57.12675, -0.000767305, -0.0007198514
  -57.12675, -0.000860976, -0.0007198514
  -57.12675, -0.000864962, -0.0007198514
  -57.12675, -0.000735417, -0.0007198514
  -57.12675, -0.0006353684, -0.0007198514
  -57.12675, -0.000633774, -0.0007198514
  -57.120295, -0.0007362142, -0.00071976201
  -57.120295, -0.0008661578, -0.00071976201
  -57.120295, -0.0007549484, -0.00071976201
  -57.120295, -0.0006385572, -0.00071976201
  -57.120295, -0.0006501166, -0.00071976201
  -57.120295, -0.0006967528, -0.00071976201
  -57.120295, -0.0007888294, -0.00071976201
  -57.120295, -0.000631781, -0.00071976201
  -57.120295, -0.0006600816, -0.00071976201
  -57.120295, -0.0007860392, -0.00071976201
  -57.120295, -0.00083706, -0.00071976201
  -57.120295, -0.0007461792, -0.00071976201
  -57.120295, -0.0007545498, -0.00071976201
  -57.120295, -0.000687585, -0.00071976201
  -57.120295, -0.0006094594, -0.00071976201
  -57.120295, -0.0006449348, -0.00071976201
  -57.120295, -0.0007238576, -0.00071976201
  -57.120295, -0.0007788644, -0.00071976201
  -57.120295, -0.000775277, -0.00071976201
  -57.120295, -0.0006413474, -0.00071976201
  -57.120295, -0.0007760742, -0.00071976201
  -57.120295, -0.0007421932, -0.00071976201
  -57.11384, -0.0007071164, -0.00071967255
  -57.11384, -0.0006262006, -0.00071967255
  -57.11384, -0.000713494, -0.00071967255
  -57.11384, -0.000779263, -0.00071967255
  -57.11384, -0.0005751798, -0.00071967255
  -57.11384, -0.0006700466, -0.00071967255
  -57.11384, -0.0007449834, -0.00071967255
  -57.11384, -0.0007876336, -0.00071967255
  -57.11384, -0.0008884794, -0.00071967255
  -57.11384, -0.0006345712, -0.00071967255
  -57.11384, -0.0007577386, -0.00071967255
  -57.11384, -0.000787235, -0.00071967255
  -57.11384, -0.00041853, -0.00071967255
  -57.11384, -0.000779263, -0.00071967255
  -57.11384, -0.0007350184, -0.00071967255
  -57.11384, -0.0006772214, -0.00071967255
  -57.107385, -0.0007936126, -0.00071958302
  -57.107385, -0.0007138926, -0.00071958302
  -57.107385, -0.0005994944, -0.00071958302
  -57.107385, -0.0009080108, -0.00071958302
  -57.107385, -0.0005365156, -0.00071958302
  -57.107385, -0.0007079136, -0.00071958302
  -57.107385, -0.0006146412, -0.00071958302
  -57.107385, -0.0006911724, -0.00071958302
  -57.107385, -0.0008577872, -0.00071958302
  -57.107385, -0.000761326, -0.00071958302
  -57.107385, -0.0006210188, -0.00071958302
  -57.107385, -0.000874927, -0.00071958302
  -57.107385, -0.0007202702, -0.00071958302
  -57.107385, -0.0006285922, -0.00071958302
  -57.107385, -0.0008023818, -0.00071958302
  -57.107385, -0.0008864864, -0.00071958302
  -57.10093, -0.0007441862, -0.00071949341
  -57.10093, -0.0008306824, -0.00071949341
  -57.10093, -0.00075734, -0.00071949341
  -57.10093, -0.000727445, -0.00071949341
  -57.10093, -0.0007019346, -0.00071949341
  -57.10093, -0.0006568928, -0.00071949341
  -57.10093, -0.0008282908, -0.00071949341
  -57.10093, -0.000691571, -0.00071949341
  -57.10093, -0.000765312, -0.00071949341
  -57.10093, -0.00049825, -0.00071949341
  -57.10093, -0.0007011374, -0.00071949341
  -57.10093, -0.0008159342, -0.00071949341
  -57.10093, -0.000629788, -0.00071949341
  -57.10093, -0.0004193272, -0.00071949341
  -57.094475, -0.0006433404, -0.00071940373
  -57.094475, -0.000783249, -0.00071940373
  -57.094475, -0.00065769, -0.00071940373
  -57.094475, -0.000635767, -0.00071940373
  -57.094475, -0.0007146898, -0.00071940373
  -57.08802, -0.0008613746, -0.00071931398
  -57.08802, -0.0007007388, -0.00071931398
  -57.08802, -0.0006389558, -0.00071931398
  -57.08802, -0.0007402002, -0.00071931398
  -57.08802, -0.000673634, -0.00071931398
  -57.081565, -0.0006552984, -0.00071922415
  -57.081565, -0.000587935, -0.00071922415
  -57.081565, -0.0008247034, -0.00071922415
  -57.081565, -0.0007964028, -0.00071922415
  -57.081565, -0.0006728368, -0.00071922415
  -57.07511, -0.0007884308, -0.00071913425
  -57.07511, -0.0006269978, -0.00071913425
  -57.07511, -0.0006680536, -0.00071913425
  -57.068655, -0.0007282422, -0.00071904428
  -57.068655, -0.0006871864, -0.00071904428
  -57.055745, -0.000585942, -0.00071886411
  -57.04929, -0.0007326268, -0.00071877392
  -57.04929, -0.0007370114, -0.00071877392
  -57.04929, -0.0007561442, -0.00071877392
  -57.03638, -0.0007067178, -0.00071859332
  -57.029925, -0.000719473, -0.00071850291
  -57.017015, -0.0006381586, -0.00071832186
  -57.017015, -0.0006879836, -0.00071832186
  -57.01056, -0.0006552984, -0.00071823123
  -57.004105, -0.0007210674, -0.00071814052
  -56.98474, -0.0007960042, -0.00071786796
  -56.98474, -0.0005971028, -0.00071786796
  -56.95892, -0.00065769, -0.00071750351
  -56.94601, -0.0007681022, -0.00071732085
  -56.94601, -0.0006808088, -0.00071732085
  -56.94601, -0.0007238576, -0.00071732085
  -56.939555, -0.000783249, -0.0007172294
  -56.913735, -0.000847025, -0.00071686289
  -56.913735, -0.0007138926, -0.00071686289
  -56.89437, -0.0007099066, -0.00071658722
  -56.887915, -0.0007964028, -0.00071649519
  -56.875005, -0.0007409974, -0.00071631089
  -56.875005, -0.0007920182, -0.00071631089
  -56.823365, -0.0006421446, -0.00071557074
  -56.804, -0.000653704, -0.00071529196
  -56.804, -0.0007983958, -0.00071529196
  -56.77818, -0.0007322282, -0.0007149192
  -56.758815, -0.000845032, -0.00071463885
  -56.75236, -0.0007517596, -0.00071454525
  -56.73945, -0.0006529068, -0.00071435782
  -56.707175, -0.0005632218, -0.00071388794
  -56.70072, -0.0006062706, -0.00071379374
  -56.70072, -0.000671641, -0.00071379374
  -56.66199, -0.0005831518, -0.00071322696
  -56.64908, -0.0006668578, -0.00071303743
  -56.642625, -0.0006612774, -0.00071294256
  -56.603895, -0.000691571, -0.0007123717
  -56.590985, -0.0007445848, -0.00071218082
  -56.578075, -0.0007983958, -0.00071198962
  -56.565165, -0.0007130954, -0.00071179813
  -56.513525, -0.0005572428, -0.00071102912
  -56.500615, -0.000703529, -0.0007108361
  -56.487705, -0.0007928154, -0.00071064278
  -56.44252, -0.0007577386, -0.00070996377
  -56.4167, -0.000645732, -0.00070957408
  -56.410245, -0.0008793116, -0.00070947646
  -56.371515, -0.000675627, -0.00070888917
  -56.345695, -0.0004536068, -0.0007084961
  -56.332785, -0.0006521096, -0.0007082991
  -56.319875, -0.0007298366, -0.0007081018
  -56.281145, -0.0007111024, -0.00070750804
  -56.24887, -0.000864962, -0.00070701111
  -56.22305, -0.000787235, -0.00070661218
  -56.22305, -0.0007111024, -0.00070661218
  -56.1585, -0.0007669064, -0.0007056094
  -56.152045, -0.0006660606, -0.0007055087
  -56.113315, -0.000667655, -0.00070490282
  -56.087495, -0.0007649134, -0.00070449734
  -56.08104, -0.0007210674, -0.00070439578
  -56.048765, -0.0007625218, -0.00070388677
  -55.997125, -0.0006720396, -0.00070306828
  -55.971305, -0.0004579914, -0.00070265714
  -55.96485, -0.0007242562, -0.00070255416
  -55.92612, -0.000476327, -0.00070193461
  -55.906755, -0.0005436904, -0.00070162376
  -55.88739, -0.0006584872, -0.00070131221
  -55.87448, -0.0005967042, -0.0007011041
  -55.84866, -0.000751361, -0.00070068694
  -55.829295, -0.0007202702, -0.00070037324
  -55.803475, -0.0006373614, -0.00069995385
  -55.74538, -0.0008107524, -0.00069900555
  -55.74538, -0.0006592844, -0.00069900555
  -55.70665, -0.0007848434, -0.00069836974
  -55.70665, -0.0005377114, -0.00069836974
  -55.69374, -0.0004631732, -0.00069815716
  -55.661465, -0.0005875364, -0.00069762431
  -55.6421, -0.0006943612, -0.00069730363
  -55.61628, -0.000825102, -0.00069687492
  -55.609825, -0.0006309838, -0.00069676754
  -55.59046, -0.000831081, -0.00069644492
  -55.59046, -0.0004978514, -0.00069644492
  -55.56464, -0.0006529068, -0.00069601363
  -55.545275, -0.0006130468, -0.0006956893
  -55.532365, -0.0006409488, -0.00069547268
  -55.52591, -0.0007649134, -0.00069536425
  -55.47427, -0.0007099066, -0.00069449385
  -55.46136, -0.000693564, -0.00069427543
  -55.46136, -0.0007242562, -0.00069427543
  -55.454905, -0.0006329768, -0.0006941661
  -55.43554, -0.0006748298, -0.00069383762
  -55.429085, -0.0007964028, -0.00069372796
  -55.42263, -0.0005775714, -0.00069361822
  -55.40972, -0.0007708924, -0.00069339849
  -55.403265, -0.0006608788, -0.00069328851
  -55.39681, -0.0007306338, -0.00069317844
  -55.39681, -0.000675627, -0.00069317844
  -55.377445, -0.0007748784, -0.00069284774
  -55.377445, -0.0007302352, -0.00069284774
  -55.377445, -0.0006182286, -0.00069284774
  -55.37099, -0.0009024304, -0.00069273735
  -55.364535, -0.0007138926, -0.00069262687
  -55.364535, -0.0005903266, -0.00069262687
  -55.35808, -0.0006784172, -0.00069251631
  -55.35808, -0.0006592844, -0.00069251631
  -55.35808, -0.0006991444, -0.00069251631
  -55.35808, -0.000713494, -0.00069251631
  -55.351625, -0.0007465778, -0.00069240566
  -55.351625, -0.0006485222, -0.00069240566
  -55.351625, -0.0007908224, -0.00069240566
  -55.351625, -0.000765312, -0.00069240566
  -55.34517, -0.0005903266, -0.00069229494
  -55.34517, -0.0006879836, -0.00069229494
  -55.34517, -0.0008099552, -0.00069229494
  -55.34517, -0.0006082636, -0.00069229494
  -55.34517, -0.0005935154, -0.00069229494
  -55.34517, -0.0006421446, -0.00069229494
  -55.34517, -0.0006070678, -0.00069229494
  -55.34517, -0.0007665078, -0.00069229494
  -55.34517, -0.0007429904, -0.00069229494
  -55.34517, -0.0007589344, -0.00069229494
  -55.34517, -0.0007246548, -0.00069229494
  -55.34517, -0.0007621232, -0.00069229494
  -55.34517, -0.0004671592, -0.00069229494
  -55.34517, -0.0007529554, -0.00069229494
  -55.34517, -0.0006533054, -0.00069229494
  -55.34517, -0.0005982986, -0.00069229494
  -55.34517, -0.0007764728, -0.00069229494
  -55.338715, -0.0006329768, -0.00069218413
  -55.338715, -0.0006130468, -0.00069218413
  -55.338715, -0.000793214, -0.00069218413
  -55.338715, -0.0005676064, -0.00069218413
  -55.338715, -0.0006421446, -0.00069218413
  -55.338715, -0.0006911724, -0.00069218413
  -55.338715, -0.0005979, -0.00069218413
  -55.33226, -0.000564019, -0.00069207324
  -55.33226, -0.000685592, -0.00069207324
  -55.33226, -0.0005971028, -0.00069207324
  -55.33226, -0.0007087108, -0.00069207324
  -55.33226, -0.0006907738, -0.00069207324
  -55.33226, -0.0005951098, -0.00069207324
  -55.33226, -0.0007417946, -0.00069207324
  -55.325805, -0.0005676064, -0.00069196227
  -55.325805, -0.0005289422, -0.00069196227
  -55.325805, -0.000641746, -0.00069196227
  -55.325805, -0.000603879, -0.00069196227
  -55.325805, -0.00055804, -0.00069196227
  -55.325805, -0.000709508, -0.00069196227
  -55.325805, -0.0005887322, -0.00069196227
  -55.325805, -0.0006879836, -0.00069196227
  -55.325805, -0.0006122496, -0.00069196227
  -55.325805, -0.0007708924, -0.00069196227
  -55.325805, -0.0007230604, -0.00069196227
  -55.325805, -0.0005827532, -0.00069196227
  -55.325805, -0.0006405502, -0.00069196227
  -55.325805, -0.0006385572, -0.00069196227
  -55.325805, -0.000815137, -0.00069196227
  -55.325805, -0.000693564, -0.00069196227
  -55.31935, -0.000675627, -0.00069185121
  -55.31935, -0.000556047, -0.00069185121
  -55.31935, -0.0006289908, -0.00069185121
  -55.31935, -0.0006680536, -0.00069185121
  -55.31935, -0.000619823, -0.00069185121
  -55.31935, -0.0006545012, -0.00069185121
  -55.31935, -0.000452411, -0.00069185121
  -55.31935, -0.0008139412, -0.00069185121
  -55.31935, -0.0007756756, -0.00069185121
  -55.31935, -0.0007378086, -0.00069185121
  -55.31935, -0.0007940112, -0.00069185121
  -55.31935, -0.0007561442, -0.00069185121
  -55.31935, -0.0006752284, -0.00069185121
  -55.312895, -0.0007398016, -0.00069174007
  -55.312895, -0.0006971514, -0.00069174007
  -55.312895, -0.0007457806, -0.00069174007
  -55.312895, -0.0007457806, -0.00069174007
  -55.312895, -0.000715487, -0.00069174007
  -55.312895, -0.000550068, -0.00069174007
  -55.312895, -0.0006588858, -0.00069174007
  -55.30644, -0.000735417, -0.00069162885
  -55.30644, -0.0005552498, -0.00069162885
  -55.30644, -0.0005604316, -0.00069162885
  -55.30644, -0.000671641, -0.00069162885
  -55.30644, -0.0006002916, -0.00069162885
  -55.30644, -0.0006991444, -0.00069162885
  -55.299985, -0.0007338226, -0.00069151755
  -55.299985, -0.000609858, -0.00069151755
  -55.299985, -0.0006991444, -0.00069151755
  -55.299985, -0.0007190744, -0.00069151755
  -55.299985, -0.0007398016, -0.00069151755
  -55.299985, -0.000627795, -0.00069151755
  -55.299985, -0.0006600816, -0.00069151755
  -55.299985, -0.0007122982, -0.00069151755
  -55.299985, -0.0006983472, -0.00069151755
  -55.299985, -0.0008083608, -0.00069151755
  -55.29353, -0.0006489208, -0.00069140616
  -55.29353, -0.0006560956, -0.00069140616
  -55.29353, -0.0006967528, -0.00069140616
  -55.29353, -0.0006521096, -0.00069140616
  -55.29353, -0.0007150884, -0.00069140616
  -55.29353, -0.000599893, -0.00069140616
  -55.287075, -0.0006564942, -0.00069129469
  -55.287075, -0.0004954598, -0.00069129469
  -55.287075, -0.000765312, -0.00069129469
  -55.287075, -0.0006824032, -0.00069129469
  -55.287075, -0.000673634, -0.00069129469
  -55.287075, -0.0007597316, -0.00069129469
  -55.287075, -0.0006624732, -0.00069129469
  -55.287075, -0.0007170814, -0.00069129469
  -55.287075, -0.0005516624, -0.00069129469
  -55.28062, -0.0007429904, -0.00069118314
  -55.28062, -0.0008227104, -0.00069118314
  -55.28062, -0.0006541026, -0.00069118314
  -55.28062, -0.0007485708, -0.00069118314
  -55.28062, -0.0006903752, -0.00069118314
  -55.28062, -0.000785242, -0.00069118314
  -55.28062, -0.0006764242, -0.00069118314
  -55.28062, -0.0008964514, -0.00069118314
  -55.28062, -0.0007190744, -0.00069118314
  -55.28062, -0.0006752284, -0.00069118314
  -55.274165, -0.000619823, -0.00069107151
  -55.274165, -0.0006724382, -0.00069107151
  -55.274165, -0.0005931168, -0.00069107151
  -55.274165, -0.0005967042, -0.00069107151
  -55.274165, -0.0007661092, -0.00069107151
  -55.274165, -0.0006688508, -0.00069107151
  -55.274165, -0.00061783, -0.00069107151
  -55.274165, -0.0007007388, -0.00069107151
  -55.26771, -0.0006684522, -0.00069095979
  -55.26771, -0.0005795644, -0.00069095979
  -55.26771, -0.0007031304, -0.00069095979
  -55.26771, -0.0006692494, -0.00069095979
  -55.26771, -0.0005353198, -0.00069095979
  -55.26771, -0.0007940112, -0.00069095979
  -55.26771, -0.0005775714, -0.00069095979
  -55.26771, -0.0006839976, -0.00069095979
  -55.26771, -0.0005751798, -0.00069095979
  -55.26771, -0.0006907738, -0.00069095979
  -55.26771, -0.0007661092, -0.00069095979
  -55.261255, -0.000743389, -0.00069084799
  -55.261255, -0.0007983958, -0.00069084799
  -55.261255, -0.0004890822, -0.00069084799
  -55.261255, -0.0006828018, -0.00069084799
  -55.261255, -0.0007521582, -0.00069084799
  -55.261255, -0.0006744312, -0.00069084799
  -55.261255, -0.000858983, -0.00069084799
  -55.261255, -0.0006369628, -0.00069084799
  -55.261255, -0.000681606, -0.00069084799
  -55.261255, -0.0007972, -0.00069084799
  -55.261255, -0.0005564456, -0.00069084799
  -55.261255, -0.00061783, -0.00069084799
  -55.261255, -0.0007848434, -0.00069084799
  -55.261255, -0.000753354, -0.00069084799
  -55.261255, -0.0006074664, -0.00069084799
  -55.261255, -0.0005967042, -0.00069084799
  -55.261255, -0.0005986972, -0.00069084799
  -55.2548, -0.0007306338, -0.00069073611
  -55.2548, -0.0007720882, -0.00069073611
  -55.2548, -0.0008765214, -0.00069073611
  -55.2548, -0.0008035776, -0.00069073611
  -55.2548, -0.0005963056, -0.00069073611
  -55.2548, -0.0005428932, -0.00069073611
  -55.2548, -0.0006230118, -0.00069073611
  -55.2548, -0.00069755, -0.00069073611
  -55.2548, -0.0007338226, -0.00069073611
  -55.2548, -0.000771291, -0.00069073611
  -55.2548, -0.0006122496, -0.00069073611
  -55.2548, -0.0005632218, -0.00069073611
  -55.2548, -0.0006529068, -0.00069073611
  -55.2548, -0.0006321796, -0.00069073611
  -55.2548, -0.0005676064, -0.00069073611
  -55.248345, -0.0005815574, -0.00069062414
  -55.248345, -0.000522166, -0.00069062414
  -55.248345, -0.0007051234, -0.00069062414
  -55.248345, -0.0008043748, -0.00069062414
  -55.248345, -0.0006034804, -0.00069062414
  -55.248345, -0.0006313824, -0.00069062414
  -55.248345, -0.0007202702, -0.00069062414
  -55.24189, -0.000510208, -0.00069051209
  -55.24189, -0.0007724868, -0.00069051209
  -55.24189, -0.0004300894, -0.00069051209
  -55.24189, -0.0008095566, -0.00069051209
  -55.235435, -0.0006824032, -0.00069039996
  -55.235435, -0.0007390044, -0.00069039996
  -55.235435, -0.0006381586, -0.00069039996
  -55.235435, -0.0006525082, -0.00069039996
  -55.235435, -0.0007150884, -0.00069039996
  -55.235435, -0.0007282422, -0.00069039996
  -55.235435, -0.0007816546, -0.00069039996
  -55.235435, -0.0006943612, -0.00069039996
  -55.22898, -0.0006560956, -0.00069028775
  -55.22898, -0.0006588858, -0.00069028775
  -55.222525, -0.0006321796, -0.00069017545
  -55.222525, -0.0006644662, -0.00069017545
  -55.21607, -0.0006293894, -0.00069006307
  -55.21607, -0.000761326, -0.00069006307
  -55.21607, -0.0007497666, -0.00069006307
  -55.21607, -0.0005357184, -0.00069006307
  -55.21607, -0.0006979486, -0.00069006307
  -55.21607, -0.00081713, -0.00069006307
  -55.209615, -0.0007286408, -0.0006899506
  -55.209615, -0.0006732354, -0.0006899506
  -55.209615, -0.0005990958, -0.0006899506
  -55.20316, -0.000629788, -0.00068983806
  -55.20316, -0.000783249, -0.00068983806
  -55.196705, -0.0006202216, -0.00068972543
  -55.196705, -0.0006194244, -0.00068972543
  -55.196705, -0.000587935, -0.00068972543
  -55.196705, -0.0006768228, -0.00068972543
  -55.196705, -0.0007908224, -0.00068972543
  -55.196705, -0.0008374586, -0.00068972543
  -55.196705, -0.000701536, -0.00068972543
  -55.196705, -0.000629788, -0.00068972543
  -55.196705, -0.000721466, -0.00068972543
  -55.17734, -0.0006333754, -0.00068938703
  -55.170885, -0.0006289908, -0.00068927407
  -55.16443, -0.0006074664, -0.00068916102
  -55.16443, -0.0008262978, -0.00068916102
  -55.157975, -0.0006660606, -0.00068904789
  -55.15152, -0.0004009916, -0.00068893468
  -55.15152, -0.0006066692, -0.00068893468
  -55.13861, -0.0007700952, -0.000688708
  -55.1257, -0.0007796616, -0.00068848099
  -55.119245, -0.0005855434, -0.00068836736
  -55.119245, -0.0006389558, -0.00068836736
  -55.09988, -0.0007318296, -0.00068802596
  -55.093425, -0.0005963056, -0.00068791199
  -55.08697, -0.0006644662, -0.00068779794
  -55.067605, -0.0007569414, -0.00068745529
  -55.041785, -0.0006401516, -0.00068699724
  -55.02242, -0.0004874878, -0.00068665282
  -55.02242, -0.0007067178, -0.00068665282
  -55.015965, -0.0006349698, -0.00068653785
  -54.9966, -0.0006202216, -0.00068619242
  -54.97078, -0.0007166828, -0.00068573066
  -54.95787, -0.00085699, -0.00068549928
  -54.95787, -0.0006541026, -0.00068549928
  -54.91914, -0.0005612288, -0.00068480309
  -54.899775, -0.0007924168, -0.00068445385
  -54.886865, -0.000593914, -0.0006842206
  -54.8675, -0.0005564456, -0.00068387009
  -54.85459, -0.0008063678, -0.00068363599
  -54.84168, -0.0005548512, -0.00068340155
  -54.82877, -0.0007784658, -0.00068316677
  -54.80295, -0.000681606, -0.00068269618
  -54.796495, -0.0007362142, -0.00068257831
  -54.76422, -0.0006174314, -0.00068198773
  -54.76422, -0.0006505152, -0.00068198773
  -54.744855, -0.000645732, -0.00068163234
  -54.69967, -0.0007338226, -0.00068080011
  -54.69967, -0.0007099066, -0.00068080011
  -54.68676, -0.0005695994, -0.00068056156
  -54.64803, -0.000723459, -0.00067984383
  -54.64803, -0.0007079136, -0.00067984383
  -54.602845, -0.0006560956, -0.00067900254
  -54.602845, -0.0005911238, -0.00067900254
  -54.55766, -0.0005747812, -0.000678157
  -54.55766, -0.0008035776, -0.000678157
  -54.53184, -0.0008641648, -0.00067767193
  -54.512475, -0.0007007388, -0.00067730721
  -54.46729, -0.0007445848, -0.00067645314
  -54.460835, -0.000727445, -0.00067633078
  -54.40274, -0.0007657106, -0.00067522561
  -54.40274, -0.0006325782, -0.00067522561
  -54.38983, -0.0004536068, -0.00067497904
  -54.33819, -0.0007007388, -0.00067398928
  -54.31237, -0.0005676064, -0.00067349228
  -54.305915, -0.0006441376, -0.00067336781
  -54.267185, -0.0005927182, -0.00067261913
  -54.254275, -0.000791221, -0.00067236886
  -54.24782, -0.0006788158, -0.0006722436
  -54.215545, -0.0008087594, -0.00067161592
  -54.215545, -0.0007940112, -0.00067161592
  -54.138085, -0.000878913, -0.00067010043
  -54.11872, -0.0007270464, -0.00066971954
  -54.099355, -0.0007744798, -0.00066933785
  -54.060625, -0.0005747812, -0.00066857205
  -54.034805, -0.0007457806, -0.00066805971
  -53.996075, -0.0006409488, -0.0006672885
  -53.957345, -0.0005664106, -0.00066651405
  -53.95089, -0.0006186272, -0.00066638465
  -53.918615, -0.0008003888, -0.00066573633
  -53.88634, -0.000725452, -0.00066508573
  -53.854065, -0.0007796616, -0.00066443286
  -53.8347, -0.0007142912, -0.00066404005
  -53.78306, -0.0007688994, -0.00066298851
  -53.77015, -0.0007338226, -0.00066272472
  -53.763695, -0.0007230604, -0.00066259268
  -53.712055, -0.0005867392, -0.00066153308
  -53.712055, -0.000599893, -0.00066153308
  -53.699145, -0.0007027318, -0.00066126726
  -53.66687, -0.0005672078, -0.00066060109
  -53.64105, -0.0006222146, -0.0006600665
  -53.62814, -0.0006170328, -0.00065979864
  -53.608775, -0.000705522, -0.00065939617
  -53.608775, -0.000729438, -0.00065939617
  -53.557135, -0.0005791658, -0.00065831882
  -53.531315, -0.0008338712, -0.00065777792
  -53.505495, -0.000709508, -0.00065723552
  -53.479675, -0.0008203188, -0.00065669163
  -53.46031, -0.000653704, -0.00065628273
  -53.440945, -0.0006285922, -0.00065587298
  -53.440945, -0.0006114524, -0.00065587298
  -53.40867, -0.0006624732, -0.0006551882
  -53.376395, -0.0007521582, -0.00065450107
  -53.350575, -0.0005807602, -0.00065394966
  -53.350575, -0.0005743826, -0.00065394966
  -53.337665, -0.00055804, -0.0006536734
  -53.337665, -0.0005472778, -0.0006536734
  -53.311845, -0.0006206202, -0.00065311973
  -53.27957, -0.0006748298, -0.00065242551
  -53.273115, -0.0006800116, -0.00065228638
  -53.247295, -0.0006349698, -0.00065172892
  -53.234385, -0.000591921, -0.00065144962
  -53.221475, -0.0008326754, -0.00065116994
  -53.208565, -0.0006226132, -0.00065088988
  -53.208565, -0.000591921, -0.00065088988
  -53.20211, -0.0005086136, -0.00065074971
  -53.195655, -0.000510208, -0.00065060944
  -53.169835, -0.000647725, -0.00065004741
  -53.16338, -0.0006262006, -0.00064990666
  -53.156925, -0.0006493194, -0.00064976582
  -53.15047, -0.000781256, -0.00064962489
  -53.15047, -0.0006441376, -0.00064962489
  -53.144015, -0.0008155356, -0.00064948385
  -53.12465, -0.0007597316, -0.00064906018
  -53.118195, -0.0005516624, -0.00064891876
  -53.11174, -0.000793214, -0.00064877725
  -53.11174, -0.00061783, -0.00064877725
  -53.11174, -0.0006732354, -0.00064877725
  -53.11174, -0.0006086622, -0.00064877725
  -53.105285, -0.0004269006, -0.00064863564
  -53.105285, -0.0007342212, -0.00064863564
  -53.105285, -0.000747375, -0.00064863564
  -53.105285, -0.0007362142, -0.00064863564
  -53.09883, -0.0006923682, -0.00064849394
  -53.09883, -0.0003974042, -0.00064849394
  -53.09883, -0.0003443904, -0.00064849394
  -53.09883, -0.000496257, -0.00064849394
  -53.09883, -0.000506222, -0.00064849394
  -53.09883, -0.0005887322, -0.00064849394
  -53.09883, -0.0006473264, -0.00064849394
  -53.09883, -0.000765312, -0.00064849394
  -53.092375, -0.0007202702, -0.00064835214
  -53.092375, -0.0003459848, -0.00064835214
  -53.092375, -0.000554054, -0.00064835214
  -53.092375, -0.0003140968, -0.00064835214
  -53.092375, -0.0006533054, -0.00064835214
  -53.092375, -0.000914787, -0.00064835214
  -53.092375, -0.0003986, -0.00064835214
  -53.08592, -0.0006186272, -0.00064821024
  -53.08592, -0.0006808088, -0.00064821024
  -53.079465, -0.0007888294, -0.00064806825
  -53.079465, -0.0006210188, -0.00064806825
  -53.079465, -0.0006588858, -0.00064806825
  -53.079465, -0.00051818, -0.00064806825
  -53.079465, -0.0004791172, -0.00064806825
  -53.079465, -0.0005751798, -0.00064806825
  -53.079465, -0.0007557456, -0.00064806825
  -53.079465, -0.0006688508, -0.00064806825
  -53.079465, -0.0004157398, -0.00064806825
  -53.079465, -0.0006987458, -0.00064806825
  -53.07301, -0.0006321796, -0.00064792616
  -53.07301, -0.0006461306, -0.00064792616
  -53.07301, -0.000801186, -0.00064792616
  -53.07301, -0.000522166, -0.00064792616
  -53.07301, -0.0007517596, -0.00064792616
  -53.07301, -0.0006772214, -0.00064792616
  -53.07301, -0.0007509624, -0.00064792616
  -53.07301, -0.0006632704, -0.00064792616
  -53.07301, -0.0006022846, -0.00064792616
  -53.066555, -0.0004974528, -0.00064778398
  -53.066555, -0.0005831518, -0.00064778398
  -53.066555, -0.0005544526, -0.00064778398
  -53.066555, -0.0005636204, -0.00064778398
  -53.066555, -0.0005867392, -0.00064778398
  -53.066555, -0.0008342698, -0.00064778398
  -53.066555, -0.0006568928, -0.00064778398
  -53.066555, -0.000659683, -0.00064778398
  -53.066555, -0.000530138, -0.00064778398
  -53.0601, -0.000510208, -0.0006476417
  -53.0601, -0.0005125996, -0.0006476417
  -53.0601, -0.0007549484, -0.0006476417
  -53.0601, -0.0005608302, -0.0006476417
  -53.0601, -0.000552061, -0.0006476417
  -53.0601, -0.0006632704, -0.0006476417
  -53.0601, -0.0004667606, -0.0006476417
  -53.0601, -0.0006393544, -0.0006476417
  -53.0601, -0.0006652634, -0.0006476417
  -53.0601, -0.0007585358, -0.0006476417
  -53.053645, -0.0006792144, -0.00064749932
  -53.053645, -0.0005018374, -0.00064749932
  -53.053645, -0.0006202216, -0.00064749932
  -53.053645, -0.0006728368, -0.00064749932
  -53.053645, -0.0006333754, -0.00064749932
  -53.053645, -0.000562026, -0.00064749932
  -53.053645, -0.0007601302, -0.00064749932
  -53.053645, -0.000675627, -0.00064749932
  -53.053645, -0.0005205716, -0.00064749932
  -53.053645, -0.000663669, -0.00064749932
  -53.04719, -0.000693564, -0.00064735685
  -53.04719, -0.0006580886, -0.00064735685
  -53.04719, -0.0005608302, -0.00064735685
  -53.04719, -0.0006401516, -0.00064735685
  -53.04719, -0.0007190744, -0.00064735685
  -53.04719, -0.000645732, -0.00064735685
  -53.04719, -0.000562026, -0.00064735685
  -53.04719, -0.0006560956, -0.00064735685
  -53.04719, -0.0006154384, -0.00064735685
  -53.04719, -0.0007091094, -0.00064735685
  -53.04719, -0.0005891308, -0.00064735685
  -53.04719, -0.0005508652, -0.00064735685
  -53.04719, -0.0006660606, -0.00064735685
  -53.04719, -0.0007724868, -0.00064735685
  -53.04719, -0.0006963542, -0.00064735685
  -53.04719, -0.0008015846, -0.00064735685
  -53.04719, -0.000583949, -0.00064735685
  -53.04719, -0.0003738868, -0.00064735685
  -53.04719, -0.000703529, -0.00064735685
  -53.040735, -0.0006564942, -0.00064721428
  -53.040735, -0.000581956, -0.00064721428
  -53.040735, -0.0005508652, -0.00064721428
  -53.040735, -0.0006680536, -0.00064721428
  -53.040735, -0.000625802, -0.00064721428
  -53.040735, -0.0008737312, -0.00064721428
  -53.040735, -0.000643739, -0.00064721428
  -53.040735, -0.000775277, -0.00064721428
  -53.040735, -0.0007585358, -0.00064721428
  -53.040735, -0.0007282422, -0.00064721428
  -53.040735, -0.0007242562, -0.00064721428
  -53.040735, -0.0006720396, -0.00064721428
  -53.040735, -0.0006991444, -0.00064721428
  -53.040735, -0.0006800116, -0.00064721428
  -53.040735, -0.0006828018, -0.00064721428
  -53.040735, -0.0007736826, -0.00064721428
  -53.040735, -0.0007059206, -0.00064721428
  -53.03428, -0.0006744312, -0.00064707161
  -53.03428, -0.0005811588, -0.00064707161
  -53.03428, -0.0005177814, -0.00064707161
  -53.03428, -0.0005604316, -0.00064707161
  -53.03428, -0.000629788, -0.00064707161
  -53.03428, -0.0006106552, -0.00064707161
  -53.03428, -0.000603879, -0.00064707161
  -53.03428, -0.0005524596, -0.00064707161
  -53.03428, -0.0004468306, -0.00064707161
  -53.03428, -0.0006804102, -0.00064707161
  -53.03428, -0.0006772214, -0.00064707161
  -53.03428, -0.000709508, -0.00064707161
  -53.03428, -0.0009821504, -0.00064707161
  -53.027825, -0.0007142912, -0.00064692885
  -53.027825, -0.0006812074, -0.00064692885
  -53.027825, -0.0005524596, -0.00064692885
  -53.027825, -0.0006409488, -0.00064692885
  -53.027825, -0.0006628718, -0.00064692885
  -53.027825, -0.000685592, -0.00064692885
  -53.027825, -0.0005066206, -0.00064692885
  -53.027825, -0.0004839004, -0.00064692885
  -53.027825, -0.0006772214, -0.00064692885
  -53.027825, -0.000719473, -0.00064692885
  -53.027825, -0.0005943126, -0.00064692885
  -53.027825, -0.0004420474, -0.00064692885
  -53.02137, -0.0006453334, -0.00064678599
  -53.02137, -0.0006513124, -0.00064678599
  -53.02137, -0.0006353684, -0.00064678599
  -53.02137, -0.0005951098, -0.00064678599
  -53.02137, -0.000452411, -0.00064678599
  -53.02137, -0.0005851448, -0.00064678599
  -53.02137, -0.0006353684, -0.00064678599
  -53.02137, -0.0007118996, -0.00064678599
  -53.02137, -0.0005971028, -0.00064678599
  -53.02137, -0.000573984, -0.00064678599
  -53.02137, -0.0008462278, -0.00064678599
  -53.02137, -0.0004639704, -0.00064678599
  -53.014915, -0.0007083122, -0.00064664303
  -53.014915, -0.0006389558, -0.00064664303
  -53.014915, -0.000789228, -0.00064664303
  -53.014915, -0.0007270464, -0.00064664303
  -53.014915, -0.00089685, -0.00064664303
  -53.014915, -0.0006190258, -0.00064664303
  -53.014915, -0.0005707952, -0.00064664303
  -53.014915, -0.0006214174, -0.00064664303
  -53.014915, -0.000665662, -0.00064664303
  -53.014915, -0.0006309838, -0.00064664303
  -53.014915, -0.0006170328, -0.00064664303
  -53.014915, -0.0006353684, -0.00064664303
  -53.014915, -0.0007421932, -0.00064664303
  -53.014915, -0.000783249, -0.00064664303
  -53.014915, -0.0005747812, -0.00064664303
  -53.014915, -0.0005233618, -0.00064664303
  -53.014915, -0.0007948084, -0.00064664303
  -53.014915, -0.000548075, -0.00064664303
  -53.00846, -0.0006413474, -0.00064649998
  -53.00846, -0.0006293894, -0.00064649998
  -53.00846, -0.0005883336, -0.00064649998
  -53.00846, -0.0004850962, -0.00064649998
  -53.00846, -0.000629788, -0.00064649998
  -53.00846, -0.0005205716, -0.00064649998
  -53.00846, -0.0005982986, -0.00064649998
  -53.00846, -0.0007704938, -0.00064649998
  -53.00846, -0.000759333, -0.00064649998
  -53.00846, -0.0007505638, -0.00064649998
  -53.00846, -0.0005576414, -0.00064649998
  -53.00846, -0.0007740812, -0.00064649998
  -53.002005, -0.000691571, -0.00064635683
  -53.002005, -0.0005608302, -0.00064635683
  -53.002005, -0.0005771728, -0.00064635683
  -53.002005, -0.0008394516, -0.00064635683
  -53.002005, -0.0007441862, -0.00064635683
  -53.002005, -0.0007940112, -0.00064635683
  -53.002005, -0.000669648, -0.00064635683
  -52.99555, -0.0005536554, -0.00064621359
  -52.99555, -0.0007310324, -0.00064621359
  -52.99555, -0.0005823546, -0.00064621359
  -52.99555, -0.0005305366, -0.00064621359
  -52.99555, -0.0006891794, -0.00064621359
  -52.989095, -0.000761326, -0.00064607024
  -52.989095, -0.0006202216, -0.00064607024
  -52.989095, -0.0006684522, -0.00064607024
  -52.98264, -0.0006114524, -0.00064592681
  -52.98264, -0.0007107038, -0.00064592681
  -52.98264, -0.000488285, -0.00064592681
  -52.976185, -0.0006943612, -0.00064578327
  -52.976185, -0.0007238576, -0.00064578327
  -52.976185, -0.0006620746, -0.00064578327
  -52.96973, -0.0006222146, -0.00064563964
  -52.96973, -0.0005249562, -0.00064563964
  -52.96973, -0.0006552984, -0.00064563964
  -52.96973, -0.0005711938, -0.00064563964
  -52.963275, -0.000679613, -0.00064549591
  -52.95682, -0.0005763756, -0.00064535208
  -52.95682, -0.0005428932, -0.00064535208
  -52.94391, -0.0007023332, -0.00064506414
  -52.931, -0.0006887808, -0.00064477581
  -52.931, -0.0006269978, -0.00064477581
  -52.924545, -0.0005715924, -0.0006446315
  -52.924545, -0.0006947598, -0.0006446315
  -52.91809, -0.0007067178, -0.00064448709
  -52.89227, -0.000615837, -0.00064390848
  -52.89227, -0.000753354, -0.00064390848
  -52.89227, -0.0006700466, -0.00064390848
  -52.885815, -0.0005189772, -0.00064376359
  -52.87936, -0.0007282422, -0.00064361859
  -52.87936, -0.000747375, -0.00064361859
  -52.859995, -0.0006923682, -0.00064318303
  -52.85354, -0.000753354, -0.00064303765
  -52.84063, -0.0006668578, -0.00064274659
  -52.834175, -0.0006313824, -0.00064260092
  -52.82772, -0.0007995916, -0.00064245514
  -52.82772, -0.000699543, -0.00064245514
  -52.81481, -0.0005783686, -0.0006421633
  -52.795445, -0.0007968014, -0.00064172481
  -52.77608, -0.000593914, -0.00064128543
  -52.769625, -0.0007230604, -0.00064113878
  -52.756715, -0.0007031304, -0.00064084517
  -52.743805, -0.0006744312, -0.00064055118
  -52.73735, -0.000579963, -0.00064040403
  -52.717985, -0.0006429418, -0.000639962
  -52.71153, -0.0007768714, -0.00063981446
  -52.705075, -0.0007485708, -0.00063966682
  -52.6728, -0.0006325782, -0.00063892715
  -52.64698, -0.0006273964, -0.00063833363
  -52.63407, -0.0005883336, -0.00063803628
  -52.60825, -0.0007087108, -0.00063744038
  -52.60825, -0.0006162356, -0.00063744038
  -52.56952, -0.0004874878, -0.00063654356
  -52.55661, -0.0004787186, -0.00063624382
  -52.55661, -0.0005428932, -0.00063624382
  -52.53079, -0.0004197258, -0.00063564315
  -52.524335, -0.0007601302, -0.00063549274
  -52.49206, -0.0006919696, -0.00063473916
  -52.472695, -0.0004791172, -0.00063428581
  -52.46624, -0.0005269492, -0.00063413449
  -52.433965, -0.000593914, -0.0006333764
  -52.433965, -0.0006413474, -0.0006333764
  -52.382325, -0.0004910752, -0.00063215824
  -52.382325, -0.0007222632, -0.00063215824
  -52.356505, -0.0005616274, -0.00063154673
  -52.33714, -0.0006170328, -0.00063108705
  -52.31132, -0.0006632704, -0.00063047272
  -52.304865, -0.0005552498, -0.00063031888
  -52.279045, -0.0005755784, -0.00062970252
  -52.279045, -0.000560033, -0.00062970252
  -52.23386, -0.0006425432, -0.00062861999
  -52.227405, -0.000568005, -0.00062846493
  -52.18222, -0.0008637662, -0.0006273767
  -52.18222, -0.0008741298, -0.0006273767
  -52.162855, -0.0007350184, -0.00062690878
  -52.13058, -0.0007884308, -0.00062612686
  -52.10476, -0.0006305852, -0.00062549949
  -52.07894, -0.0005273478, -0.00062487047
  -52.06603, -0.000601886, -0.00062455534
  -52.0273, -0.0004771242, -0.00062360748
  -52.020845, -0.0005305366, -0.00062344915
  -52.007935, -0.0006242076, -0.00062313216
  -52.00148, -0.0005612288, -0.00062297352
  -51.97566, -0.0005333268, -0.00062233789
  -51.94984, -0.000508215, -0.00062170061
  -51.930475, -0.0006445362, -0.00062122156
  -51.930475, -0.000607865, -0.00062122156
  -51.891745, -0.000564019, -0.00062026065
  -51.865925, -0.0006568928, -0.00061961796
  -51.84656, -0.0005951098, -0.00061913484
  -51.814285, -0.0008135426, -0.00061832756
  -51.788465, -0.0005947112, -0.00061767985
  -51.775555, -0.0002961598, -0.00061735537
  -51.7691, -0.0006329768, -0.00061719297
  -51.749735, -0.0006473264, -0.00061670514
  -51.723915, -0.0006273964, -0.00061605322
  -51.698095, -0.0005783686, -0.00061539962
  -51.67873, -0.000522166, -0.00061490831
  -51.66582, -0.0005337254, -0.00061458024
  -51.659365, -0.000587935, -0.00061441605
  -51.62709, -0.0007609274, -0.0006135935
  -51.60127, -0.0007908224, -0.00061293354
  -51.57545, -0.0007441862, -0.00061227189
  -51.54963, -0.0006489208, -0.00061160853
  -51.54963, -0.0005484736, -0.00061160853
  -51.543175, -0.0006688508, -0.00061144243
  -51.5109, -0.000651711, -0.00061061029
  -51.478625, -0.0005528582, -0.00060977549
  -51.47217, -0.0006728368, -0.00060960821
  -51.465715, -0.0006289908, -0.00060944082
  -51.45926, -0.0006313824, -0.00060927332
  -51.452805, -0.000793214, -0.00060910571
  -51.43344, -0.000753354, -0.00060860226
  -51.426985, -0.0004336768, -0.00060843422
  -51.42053, -0.0005213688, -0.00060826608
  -51.40762, -0.0003599358, -0.00060792948
  -51.39471, -0.0006046762, -0.00060759244
  -51.3818, -0.0007326268, -0.00060725497
  -51.362435, -0.0006006902, -0.00060674796
  -51.362435, -0.0006521096, -0.00060674796
  -51.323705, -0.0005787672, -0.00060573102
  -51.31725, -0.0006525082, -0.00060556115
  -51.310795, -0.0005851448, -0.00060539117
  -51.310795, -0.0007330254, -0.00060539117
  -51.310795, -0.000651711, -0.00060539117
  -51.297885, -0.0006214174, -0.00060505089
  -51.297885, -0.0006301866, -0.00060505089
  -51.284975, -0.0006202216, -0.00060471017
  -51.27852, -0.0007601302, -0.00060453965
  -51.27852, -0.0006903752, -0.00060453965
  -51.272065, -0.000639753, -0.00060436903
  -51.26561, -0.0005771728, -0.00060419829
  -51.259155, -0.000731431, -0.00060402744
  -51.2527, -0.0006772214, -0.00060385649
  -51.246245, -0.0005843476, -0.00060368542
  -51.23979, -0.00067762, -0.00060351425
  -51.23979, -0.0006102566, -0.00060351425
  -51.23979, -0.0006927668, -0.00060351425
  -51.233335, -0.0006030818, -0.00060334297
  -51.233335, -0.0004791172, -0.00060334297
  -51.22688, -0.0004336768, -0.00060317158
  -51.22688, -0.0004516138, -0.00060317158
  -51.22688, -0.000552061, -0.00060317158
  -51.22688, -0.000581956, -0.00060317158
  -51.22688, -0.0005723896, -0.00060317158
  -51.220425, -0.000526152, -0.00060300008
  -51.220425, -0.0006851934, -0.00060300008
  -51.220425, -0.000446432, -0.00060300008
  -51.220425, -0.0005373128, -0.00060300008
  -51.220425, -0.0007505638, -0.00060300008
  -51.220425, -0.0004452362, -0.00060300008
  -51.220425, -0.0005492708, -0.00060300008
  -51.21397, -0.000627795, -0.00060282847
  -51.21397, -0.0007856406, -0.00060282847
  -51.21397, -0.000685592, -0.00060282847
  -51.21397, -0.0006182286, -0.00060282847
  -51.21397, -0.0007398016, -0.00060282847
  -51.21397, -0.00063776, -0.00060282847
  -51.21397, -0.0006186272, -0.00060282847
  -51.21397, -0.0005193758, -0.00060282847
  -51.21397, -0.0006281936, -0.00060282847
  -51.207515, -0.0005488722, -0.00060265675
  -51.207515, -0.000675627, -0.00060265675
  -51.207515, -0.0007896266, -0.00060265675
  -51.207515, -0.0006309838, -0.00060265675
  -51.207515, -0.0004667606, -0.00060265675
  -51.207515, -0.0005293408, -0.00060265675
  -51.207515, -0.0005695994, -0.00060265675
  -51.207515, -0.0005484736, -0.00060265675
  -51.207515, -0.0005468792, -0.00060265675
  -51.207515, -0.0007868364, -0.00060265675
  -51.207515, -0.000544089, -0.00060265675
  -51.207515, -0.0004727396, -0.00060265675
  -51.20106, -0.0006951584, -0.00060248492
  -51.20106, -0.0006182286, -0.00060248492
  -51.20106, -0.0006752284, -0.00060248492
  -51.20106, -0.0006863892, -0.00060248492
  -51.20106, -0.0005532568, -0.00060248492
  -51.20106, -0.0005237604, -0.00060248492
  -51.20106, -0.000603879, -0.00060248492
  -51.20106, -0.000536117, -0.00060248492
  -51.20106, -0.0006154384, -0.00060248492
  -51.20106, -0.000410558, -0.00060248492
  -51.20106, -0.0006441376, -0.00060248492
  -51.20106, -0.0005245576, -0.00060248492
  -51.20106, -0.0006772214, -0.00060248492
  -51.20106, -0.0006413474, -0.00060248492
  -51.194605, -0.0005010402, -0.00060231299
  -51.194605, -0.0006784172, -0.00060231299
  -51.194605, -0.0006110538, -0.00060231299
  -51.194605, -0.0004827046, -0.00060231299
  -51.194605, -0.000554054, -0.00060231299
  -51.194605, -0.0007828504, -0.00060231299
  -51.194605, -0.0004815088, -0.00060231299
  -51.194605, -0.0005572428, -0.00060231299
  -51.194605, -0.0004946626, -0.00060231299
  -51.194605, -0.0006568928, -0.00060231299
  -51.194605, -0.00065769, -0.00060231299
  -51.194605, -0.0004508166, -0.00060231299
  -51.194605, -0.0007230604, -0.00060231299
  -51.194605, -0.0005393058, -0.00060231299
  -51.194605, -0.0004500194, -0.00060231299
  -51.194605, -0.0006851934, -0.00060231299
  -51.194605, -0.0006182286, -0.00060231299
  -51.194605, -0.0007696966, -0.00060231299
  -51.194605, -0.0004587886, -0.00060231299
  -51.18815, -0.0004755298, -0.00060214094
  -51.18815, -0.0005125996, -0.00060214094
  -51.18815, -0.0006433404, -0.00060214094
  -51.18815, -0.0005245576, -0.00060214094
  -51.18815, -0.0005931168, -0.00060214094
  -51.18815, -0.0004815088, -0.00060214094
  -51.18815, -0.0005293408, -0.00060214094
  -51.18815, -0.0006680536, -0.00060214094
  -51.18815, -0.0007649134, -0.00060214094
  -51.18815, -0.0006660606, -0.00060214094
  -51.18815, -0.000560033, -0.00060214094
  -51.18815, -0.0006469278, -0.00060214094
  -51.18815, -0.0005424946, -0.00060214094
  -51.18815, -0.0005616274, -0.00060214094
  -51.18815, -0.000585942, -0.00060214094
  -51.18815, -0.0005297394, -0.00060214094
  -51.18815, -0.0005967042, -0.00060214094
  -51.181695, -0.0004213202, -0.00060196879
  -51.181695, -0.0006449348, -0.00060196879
  -51.181695, -0.0004033832, -0.00060196879
  -51.181695, -0.0004767256, -0.00060196879
  -51.181695, -0.0006489208, -0.00060196879
  -51.181695, -0.000591921, -0.00060196879
  -51.181695, -0.0007736826, -0.00060196879
  -51.181695, -0.0006421446, -0.00060196879
  -51.181695, -0.000575977, -0.00060196879
  -51.181695, -0.0006465292, -0.00060196879
  -51.181695, -0.0006764242, -0.00060196879
  -51.181695, -0.000781256, -0.00060196879
  -51.181695, -0.0004520124, -0.00060196879
  -51.181695, -0.0005743826, -0.00060196879
  -51.181695, -0.0004412502, -0.00060196879
  -51.181695, -0.0005664106, -0.00060196879
  -51.181695, -0.0005424946, -0.00060196879
  -51.17524, -0.0004866906, -0.00060179652
  -51.17524, -0.0006170328, -0.00060179652
  -51.17524, -0.000661676, -0.00060179652
  -51.17524, -0.0005217674, -0.00060179652
  -51.17524, -0.0006820046, -0.00060179652
  -51.17524, -0.0005827532, -0.00060179652
  -51.17524, -0.0005986972, -0.00060179652
  -51.17524, -0.0006879836, -0.00060179652
  -51.17524, -0.0005847462, -0.00060179652
  -51.17524, -0.000669648, -0.00060179652
  -51.168785, -0.0004089636, -0.00060162415
  -51.168785, -0.000607865, -0.00060162415
  -51.168785, -0.000629788, -0.00060162415
  -51.168785, -0.0007417946, -0.00060162415
  -51.168785, -0.0006042776, -0.00060162415
  -51.168785, -0.0006533054, -0.00060162415
  -51.168785, -0.0007505638, -0.00060162415
  -51.168785, -0.0006584872, -0.00060162415
  -51.168785, -0.0006700466, -0.00060162415
  -51.168785, -0.0006919696, -0.00060162415
  -51.168785, -0.0005145926, -0.00060162415
  -51.16233, -0.0005369142, -0.00060145167
  -51.16233, -0.0004827046, -0.00060145167
  -51.16233, -0.0005273478, -0.00060145167
  -51.16233, -0.0005285436, -0.00060145167
  -51.16233, -0.000532131, -0.00060145167
  -51.16233, -0.0006230118, -0.00060145167
  -51.16233, -0.0003794672, -0.00060145167
  -51.16233, -0.0006640676, -0.00060145167
  -51.16233, -0.0006560956, -0.00060145167
  -51.16233, -0.0006640676, -0.00060145167
  -51.155875, -0.0005855434, -0.00060127907
  -51.155875, -0.0007318296, -0.00060127907
  -51.155875, -0.0006951584, -0.00060127907
  -51.155875, -0.0006461306, -0.00060127907
  -51.155875, -0.0006800116, -0.00060127907
  -51.155875, -0.0006333754, -0.00060127907
  -51.155875, -0.0006847948, -0.00060127907
  -51.155875, -0.0004372642, -0.00060127907
  -51.14942, -0.0006090608, -0.00060110637
  -51.14942, -0.0005871378, -0.00060110637
  -51.14942, -0.0007405988, -0.00060110637
  -51.14942, -0.0007338226, -0.00060110637
  -51.14942, -0.0006130468, -0.00060110637
  -51.14942, -0.0005851448, -0.00060110637
  -51.142965, -0.0007079136, -0.00060093356
  -51.142965, -0.0007186758, -0.00060093356
  -51.142965, -0.0006130468, -0.00060093356
  -51.142965, -0.0006752284, -0.00060093356
  -51.142965, -0.000761326, -0.00060093356
  -51.142965, -0.0006301866, -0.00060093356
  -51.142965, -0.0006190258, -0.00060093356
  -51.142965, -0.0006014874, -0.00060093356
  -51.13651, -0.000695557, -0.00060076064
  -51.13651, -0.0008115496, -0.00060076064
  -51.13651, -0.0006226132, -0.00060076064
  -51.13651, -0.0005743826, -0.00060076064
  -51.13651, -0.0005943126, -0.00060076064
  -51.13651, -0.0006533054, -0.00060076064
  -51.13651, -0.0005652148, -0.00060076064
  -51.130055, -0.0006740326, -0.00060058761
  -51.130055, -0.0005409002, -0.00060058761
  -51.130055, -0.000663669, -0.00060058761
  -51.130055, -0.000625802, -0.00060058761
  -51.1236, -0.0004986486, -0.00060041447
  -51.1236, -0.0005389072, -0.00060041447
  -51.1236, -0.0007047248, -0.00060041447
  -51.117145, -0.000564019, -0.00060024121
  -51.117145, -0.0006552984, -0.00060024121
  -51.117145, -0.0006074664, -0.00060024121
  -51.117145, -0.0005863406, -0.00060024121
  -51.11069, -0.000566012, -0.00060006785
  -51.11069, -0.0005552498, -0.00060006785
  -51.11069, -0.0006094594, -0.00060006785
  -51.11069, -0.0005931168, -0.00060006785
  -51.104235, -0.0005911238, -0.00059989438
  -51.104235, -0.0006365642, -0.00059989438
  -51.104235, -0.0006421446, -0.00059989438
  -51.09778, -0.0006959556, -0.0005997208
  -51.09778, -0.0006066692, -0.0005997208
  -51.09778, -0.0004819074, -0.0005997208
  -51.091325, -0.00073741, -0.00059954711
  -51.091325, -0.0006688508, -0.00059954711
  -51.091325, -0.0005684036, -0.00059954711
  -51.08487, -0.0005823546, -0.00059937331
  -51.08487, -0.0006114524, -0.00059937331
  -51.07196, -0.0006329768, -0.00059902538
  -51.065505, -0.0005118024, -0.00059885125
  -51.05905, -0.000581956, -0.00059867701
  -51.052595, -0.0006150398, -0.00059850266
  -51.052595, -0.0003954112, -0.00059850266
  -51.04614, -0.0007198716, -0.00059832819
  -51.039685, -0.0005652148, -0.00059815362
  -51.026775, -0.000595907, -0.00059780415
  -51.02032, -0.000476327, -0.00059762924
  -51.000955, -0.000625802, -0.00059710387
  -50.9945, -0.0005277464, -0.00059692852
  -50.98159, -0.0005464806, -0.0005965775
  -50.98159, -0.000534124, -0.0005965775
  -50.95577, -0.0006309838, -0.00059587412
  -50.949315, -0.000440453, -0.00059569799
  -50.936405, -0.0005703966, -0.00059534541
  -50.92995, -0.0007629204, -0.00059516896
  -50.92995, -0.0007150884, -0.00059516896
  -50.89122, -0.000747375, -0.00059410788
  -50.884765, -0.000671641, -0.00059393065
  -50.884765, -0.0007170814, -0.00059393065
  -50.87831, -0.0006010888, -0.0005937533
  -50.871855, -0.0007848434, -0.00059357584
  -50.8654, -0.0008099552, -0.00059339827
  -50.858945, -0.0005616274, -0.00059322059
  -50.85249, -0.0005345226, -0.00059304279
  -50.83958, -0.0005923196, -0.00059268687
  -50.82667, -0.0005951098, -0.00059233049
  -50.80085, -0.000643739, -0.0005916164
  -50.781485, -0.0007230604, -0.00059107966
  -50.77503, -0.0005608302, -0.00059090052
  -50.755665, -0.0005548512, -0.00059036242
  -50.742755, -0.0003499708, -0.00059000313
  -50.72339, -0.000528145, -0.00058946335
  -50.716935, -0.0004691522, -0.00058928319
  -50.69757, -0.0007338226, -0.00058874206
  -50.68466, -0.0005357184, -0.00058838073
  -50.67175, -0.0005735854, -0.00058801896
  -50.67175, -0.0005979, -0.00058801896
  -50.65884, -0.000623809, -0.00058765673
  -50.626565, -0.000986535, -0.00058674917
  -50.62011, -0.0004699494, -0.00058656732
  -50.613655, -0.0006345712, -0.00058638535
  -50.574925, -0.0006301866, -0.00058529117
  -50.55556, -0.0006552984, -0.00058474254
  -50.549105, -0.0005050262, -0.00058455944
  -50.523285, -0.0004280964, -0.00058382588
  -50.51683, -0.0004575928, -0.0005836422
  -50.49101, -0.0005245576, -0.00058290635
  -50.49101, -0.0006640676, -0.00058290635
  -50.45228, -0.0006560956, -0.00058179914
  -50.43937, -0.0006724382, -0.00058142915
  -50.420005, -0.0006301866, -0.0005808733
  -50.40064, -0.000390628, -0.00058031642
  -50.381275, -0.000579963, -0.0005797585
  -50.381275, -0.0006054734, -0.0005797585
  -50.349, -0.000456397, -0.00057882632
  -50.349, -0.0005317324, -0.00057882632
  -50.329635, -0.0005237604, -0.00057826562
  -50.29736, -0.000611851, -0.00057732881
  -50.277995, -0.0006313824, -0.00057676533
  -50.24572, -0.0006106552, -0.00057582387
  -50.24572, -0.0006847948, -0.00057582387
  -50.213445, -0.0005508652, -0.00057487949
  -50.20699, -0.0007441862, -0.00057469027
  -50.19408, -0.0005313338, -0.00057431147
  -50.161805, -0.0007330254, -0.00057336242
  -50.161805, -0.0006134454, -0.00057336242
  -50.15535, -0.0006648648, -0.00057317226
  -50.110165, -0.0007370114, -0.00057183784
  -50.084345, -0.00055804, -0.00057107273
  -50.071435, -0.0005871378, -0.00057068947
  -50.02625, -0.0005277464, -0.00056934434
  -50.01334, -0.0006812074, -0.00056895895
  -50.006885, -0.000709508, -0.00056876608
  -49.981065, -0.000460383, -0.00056799341
  -49.97461, -0.0004727396, -0.00056779994
  -49.968155, -0.0006720396, -0.00056760636
  -49.968155, -0.0004675578, -0.00056760636
  -49.94879, -0.0005592358, -0.0005670249
  -49.91006, -0.0007150884, -0.00056585877
  -49.89715, -0.0006473264, -0.0005654691
  -49.88424, -0.0006353684, -0.00056507896
  -49.87133, -0.0006568928, -0.00056468834
  -49.851965, -0.0007310324, -0.00056410151
  -49.8326, -0.0004655648, -0.00056351361
  -49.800325, -0.0004328796, -0.00056253137
  -49.79387, -0.00041853, -0.00056233456
  -49.774505, -0.0004332782, -0.00056174342
  -49.76805, -0.00063776, -0.00056154613
  -49.75514, -0.0004081664, -0.00056115119
  -49.748685, -0.0004173342, -0.00056095354
  -49.72932, -0.0006026832, -0.00056035987
  -49.7035, -0.000651711, -0.00055956661
  -49.684135, -0.000548075, -0.0005589704
  -49.684135, -0.0004687536, -0.0005589704
  -49.67768, -0.0002945654, -0.00055877142
  -49.67768, -0.0004300894, -0.00055877142
  -49.658315, -0.0007800602, -0.00055817376
  -49.619585, -0.0006513124, -0.00055697516
  -49.61313, -0.000695557, -0.00055677497
  -49.593765, -0.000603879, -0.00055617366
  -49.5744, -0.0006911724, -0.00055557125
  -49.567945, -0.0003918238, -0.00055537021
  -49.54858, -0.00069755, -0.00055476634
  -49.542125, -0.0006154384, -0.00055456481
  -49.53567, -0.0006672564, -0.00055436315
  -49.529215, -0.0004117538, -0.00055416137
  -49.516305, -0.0006353684, -0.00055375745
  -49.49694, -0.0004914738, -0.00055315065
  -49.48403, -0.0005125996, -0.0005527455
  -49.47112, -0.0006094594, -0.00055233986
  -49.464665, -0.0004280964, -0.00055213685
  -49.464665, -0.0005114038, -0.00055213685
  -49.464665, -0.0004898794, -0.00055213685
  -49.45821, -0.0005393058, -0.00055193373
  -49.451755, -0.000571991, -0.00055173048
  -49.438845, -0.0006429418, -0.00055132361
  -49.438845, -0.000434474, -0.00055132361
  -49.43239, -0.0007047248, -0.00055111999
  -49.41948, -0.0003738868, -0.00055071238
  -49.413025, -0.000727445, -0.00055050839
  -49.400115, -0.0006393544, -0.00055010005
  -49.39366, -0.0005923196, -0.00054989569
  -49.387205, -0.0004894808, -0.0005496912
  -49.387205, -0.0007210674, -0.0005496912
  -49.387205, -0.000390628, -0.0005496912
  -49.387205, -0.0005803616, -0.0005496912
  -49.387205, -0.000659683, -0.0005496912
  -49.38075, -0.0005971028, -0.0005494866
  -49.38075, -0.0006564942, -0.0005494866
  -49.38075, -0.0005090122, -0.0005494866
  -49.38075, -0.000420523, -0.0005494866
  -49.38075, -0.0005847462, -0.0005494866
  -49.38075, -0.0006481236, -0.0005494866
  -49.374295, -0.0005189772, -0.00054928187
  -49.374295, -0.0005137954, -0.00054928187
  -49.374295, -0.0005034318, -0.00054928187
  -49.374295, -0.0006230118, -0.00054928187
  -49.374295, -0.000569998, -0.00054928187
  -49.374295, -0.000474334, -0.00054928187
  -49.36784, -0.0004189286, -0.00054907702
  -49.36784, -0.0005536554, -0.00054907702
  -49.36784, -0.0004699494, -0.00054907702
  -49.36784, -0.0003459848, -0.00054907702
  -49.36784, -0.0005225646, -0.00054907702
  -49.361385, -0.0002838032, -0.00054887204
  -49.361385, -0.0005409002, -0.00054887204
  -49.361385, -0.000627795, -0.00054887204
  -49.361385, -0.0005612288, -0.00054887204
  -49.361385, -0.0004217188, -0.00054887204
  -49.361385, -0.0004540054, -0.00054887204
  -49.361385, -0.0005337254, -0.00054887204
  -49.361385, -0.000342796, -0.00054887204
  -49.361385, -0.0007681022, -0.00054887204
  -49.361385, -0.0005317324, -0.00054887204
  -49.361385, -0.0004819074, -0.00054887204
  -49.35493, -0.0005026346, -0.00054866694
  -49.35493, -0.0003986, -0.00054866694
  -49.35493, -0.0005907252, -0.00054866694
  -49.35493, -0.000336817, -0.00054866694
  -49.35493, -0.0004229146, -0.00054866694
  -49.35493, -0.00071748, -0.00054866694
  -49.35493, -0.0005118024, -0.00054866694
  -49.35493, -0.0003459848, -0.00054866694
  -49.35493, -0.0003974042, -0.00054866694
  -49.35493, -0.0004807116, -0.00054866694
  -49.348475, -0.0004858934, -0.00054846172
  -49.348475, -0.0006206202, -0.00054846172
  -49.348475, -0.0005209702, -0.00054846172
  -49.348475, -0.0005472778, -0.00054846172
  -49.34202, -0.0004675578, -0.00054825637
  -49.34202, -0.0005233618, -0.00054825637
  -49.34202, -0.0006134454, -0.00054825637
  -49.34202, -0.0005604316, -0.00054825637
  -49.34202, -0.0006453334, -0.00054825637
  -49.34202, -0.00061783, -0.00054825637
  -49.34202, -0.0004368656, -0.00054825637
  -49.34202, -0.000583949, -0.00054825637
  -49.34202, -0.0003878378, -0.00054825637
  -49.34202, -0.000532131, -0.00054825637
  -49.34202, -0.0005875364, -0.00054825637
  -49.335565, -0.0005492708, -0.0005480509
  -49.335565, -0.0006273964, -0.0005480509
  -49.335565, -0.000376677, -0.0005480509
  -49.335565, -0.0006313824, -0.0005480509
  -49.335565, -0.0006034804, -0.0005480509
  -49.335565, -0.0006202216, -0.0005480509
  -49.32911, -0.0002806144, -0.0005478453
  -49.32911, -0.0006461306, -0.0005478453
  -49.32911, -0.0004496208, -0.0005478453
  -49.32911, -0.0004619774, -0.0005478453
  -49.32911, -0.0006110538, -0.0005478453
  -49.32911, -0.0006788158, -0.0005478453
  -49.32911, -0.0006066692, -0.0005478453
  -49.322655, -0.0005090122, -0.00054763958
  -49.322655, -0.0007043262, -0.00054763958
  -49.322655, -0.0005313338, -0.00054763958
  -49.322655, -0.0004360684, -0.00054763958
  -49.322655, -0.0004320824, -0.00054763958
  -49.3162, -0.0003842504, -0.00054743374
  -49.3162, -0.0005285436, -0.00054743374
  -49.3162, -0.0007796616, -0.00054743374
  -49.3162, -0.0005731868, -0.00054743374
  -49.3162, -0.0005277464, -0.00054743374
  -49.309745, -0.0005165856, -0.00054722777
  -49.309745, -0.0007126968, -0.00054722777
  -49.30329, -0.0005285436, -0.00054702168
  -49.30329, -0.000524159, -0.00054702168
  -49.30329, -0.000587935, -0.00054702168
  -49.30329, -0.0003543554, -0.00054702168
  -49.30329, -0.0006429418, -0.00054702168
  -49.30329, -0.0005309352, -0.00054702168
  -49.296835, -0.0006584872, -0.00054681546
  -49.296835, -0.0005672078, -0.00054681546
  -49.296835, -0.0005532568, -0.00054681546
  -49.296835, -0.0005692008, -0.00054681546
  -49.296835, -0.000374684, -0.00054681546
  -49.29038, -0.000426502, -0.00054660912
  -49.29038, -0.00063776, -0.00054660912
  -49.29038, -0.0004990472, -0.00054660912
  -49.29038, -0.000296957, -0.00054660912
  -49.29038, -0.0007103052, -0.00054660912
  -49.29038, -0.0004835018, -0.00054660912
  -49.29038, -0.0004376628, -0.00054660912
  -49.29038, -0.0006293894, -0.00054660912
  -49.29038, -0.0005963056, -0.00054660912
  -49.29038, -0.0005544526, -0.00054660912
  -49.283925, -0.0006250048, -0.00054640265
  -49.283925, -0.000593914, -0.00054640265
  -49.283925, -0.000382656, -0.00054640265
  -49.283925, -0.0006222146, -0.00054640265
  -49.283925, -0.0006285922, -0.00054640265
  -49.283925, -0.0005672078, -0.00054640265
  -49.283925, -0.0005556484, -0.00054640265
  -49.283925, -0.0005875364, -0.00054640265
  -49.283925, -0.0006405502, -0.00054640265
  -49.283925, -0.0005815574, -0.00054640265
  -49.283925, -0.0003942154, -0.00054640265
  -49.283925, -0.0003471806, -0.00054640265
  -49.283925, -0.0005393058, -0.00054640265
  -49.283925, -0.000482306, -0.00054640265
  -49.283925, -0.0004396558, -0.00054640265
  -49.27747, -0.000486292, -0.00054619606
  -49.27747, -0.0005592358, -0.00054619606
  -49.27747, -0.0006074664, -0.00054619606
  -49.27747, -0.0006369628, -0.00054619606
  -49.27747, -0.0005377114, -0.00054619606
  -49.27747, -0.000502236, -0.00054619606
  -49.271015, -0.000569998, -0.00054598935
  -49.271015, -0.0005891308, -0.00054598935
  -49.271015, -0.000476327, -0.00054598935
  -49.271015, -0.0005125996, -0.00054598935
  -49.271015, -0.0003451876, -0.00054598935
  -49.271015, -0.0006054734, -0.00054598935
  -49.271015, -0.0005935154, -0.00054598935
  -49.271015, -0.0006947598, -0.00054598935
  -49.271015, -0.0005979, -0.00054598935
  -49.271015, -0.0005098094, -0.00054598935
  -49.271015, -0.0005572428, -0.00054598935
  -49.271015, -0.0006959556, -0.00054598935
  -49.26456, -0.000502236, -0.00054578251
  -49.26456, -0.0007736826, -0.00054578251
  -49.26456, -0.0007003402, -0.00054578251
  -49.26456, -0.000613844, -0.00054578251
  -49.26456, -0.0006309838, -0.00054578251
  -49.26456, -0.0004731382, -0.00054578251
  -49.26456, -0.000741396, -0.00054578251
  -49.26456, -0.0005313338, -0.00054578251
  -49.26456, -0.0006401516, -0.00054578251
  -49.258105, -0.0006708438, -0.00054557555
  -49.258105, -0.0005532568, -0.00054557555
  -49.258105, -0.0007031304, -0.00054557555
  -49.258105, -0.0005895294, -0.00054557555
  -49.25165, -0.0004819074, -0.00054536846
  -49.25165, -0.0004767256, -0.00054536846
  -49.25165, -0.000705522, -0.00054536846
  -49.25165, -0.0005289422, -0.00054536846
  -49.25165, -0.000741396, -0.00054536846
  -49.25165, -0.0006469278, -0.00054536846
  -49.25165, -0.0006712424, -0.00054536846
  -49.25165, -0.0003463834, -0.00054536846
  -49.25165, -0.000719473, -0.00054536846
  -49.25165, -0.000719473, -0.00054536846
  -49.25165, -0.0005233618, -0.00054536846
  -49.25165, -0.0004787186, -0.00054536846
  -49.245195, -0.0006222146, -0.00054516125
  -49.245195, -0.0005464806, -0.00054516125
  -49.245195, -0.0006604802, -0.00054516125
  -49.245195, -0.0007258506, -0.00054516125
  -49.245195, -0.0003790686, -0.00054516125
  -49.245195, -0.0005823546, -0.00054516125
  -49.245195, -0.0004448376, -0.00054516125
  -49.245195, -0.0006744312, -0.00054516125
  -49.245195, -0.0003882364, -0.00054516125
  -49.23874, -0.000611851, -0.00054495391
  -49.23874, -0.0006481236, -0.00054495391
  -49.23874, -0.0005979, -0.00054495391
  -49.23874, -0.000528145, -0.00054495391
  -49.232285, -0.000623809, -0.00054474645
  -49.232285, -0.0005871378, -0.00054474645
  -49.232285, -0.0008534026, -0.00054474645
  -49.232285, -0.000629788, -0.00054474645
  -49.22583, -0.000472341, -0.00054453886
  -49.22583, -0.0005038304, -0.00054453886
  -49.22583, -0.0005887322, -0.00054453886
  -49.219375, -0.000569998, -0.00054433115
  -49.219375, -0.0006425432, -0.00054433115
  -49.219375, -0.0004017888, -0.00054433115
  -49.21292, -0.0003862434, -0.00054412331
  -49.21292, -0.0005444876, -0.00054412331
  -49.21292, -0.0007027318, -0.00054412331
  -49.21292, -0.0005357184, -0.00054412331
  -49.21292, -0.000554054, -0.00054412331
  -49.206465, -0.000470348, -0.00054391535
  -49.193555, -0.0003419988, -0.00054349905
  -49.1871, -0.0005265506, -0.00054329072
  -49.180645, -0.0003902294, -0.00054308225
  -49.180645, -0.0005397044, -0.00054308225
  -49.180645, -0.0006214174, -0.00054308225
  -49.180645, -0.0004627746, -0.00054308225
  -49.180645, -0.0003778728, -0.00054308225
  -49.17419, -0.0004193272, -0.00054287367
  -49.167735, -0.0005636204, -0.00054266495
  -49.16128, -0.0006648648, -0.00054245612
  -49.154825, -0.0004476278, -0.00054224715
  -49.154825, -0.0006230118, -0.00054224715
  -49.141915, -0.000466362, -0.00054182885
  -49.141915, -0.0004779214, -0.00054182885
  -49.141915, -0.0005205716, -0.00054182885
  -49.116095, -0.0005026346, -0.00054099073
  -49.103185, -0.0004771242, -0.00054057092
  -49.103185, -0.0005707952, -0.00054057092
  -49.09673, -0.0005891308, -0.00054036083
  -49.09673, -0.0005935154, -0.00054036083
  -49.08382, -0.0004193272, -0.00053994026
  -49.058, -0.0005428932, -0.00053909761
  -49.051545, -0.000522166, -0.00053888663
  -49.04509, -0.0004886836, -0.00053867553
  -49.038635, -0.000645732, -0.00053846429
  -49.03218, -0.0004097608, -0.00053825294
  -49.025725, -0.0006293894, -0.00053804145
  -49.00636, -0.0006305852, -0.00053740624
  -48.99345, -0.0006030818, -0.00053698213
  -48.986995, -0.0004655648, -0.00053676989
  -48.95472, -0.000560033, -0.00053570676
  -48.935355, -0.000540103, -0.00053506736
  -48.935355, -0.000560033, -0.00053506736
  -48.91599, -0.0003563484, -0.00053442681
  -48.896625, -0.0005237604, -0.00053378512
  -48.87726, -0.0004193272, -0.00053314227
  -48.86435, -0.000583949, -0.00053271307
  -48.85144, -0.0003264534, -0.00053228335
  -48.832075, -0.0002606844, -0.00053163782
  -48.82562, -0.0007071164, -0.00053142238
  -48.7998, -0.0005249562, -0.00053055936
  -48.793345, -0.000510208, -0.00053034329
  -48.780435, -0.0004189286, -0.00052991075
  -48.754615, -0.0003810616, -0.00052904413
  -48.728795, -0.0005612288, -0.00052817544
  -48.70943, -0.0006190258, -0.00052752257
  -48.69652, -0.0004755298, -0.00052708668
  -48.68361, -0.0007079136, -0.00052665027
  -48.65779, -0.00051818, -0.00052577589
  -48.651335, -0.0005365156, -0.00052555697
  -48.625515, -0.0005464806, -0.00052467999
  -48.612605, -0.0005715924, -0.00052424073
  -48.60615, -0.0005249562, -0.0005240209
  -48.586785, -0.0004970542, -0.00052336063
  -48.573875, -0.0005018374, -0.0005229198
  -48.560965, -0.0004918724, -0.00052247845
  -48.5416, -0.000571991, -0.00052181544
  -48.509325, -0.000440453, -0.0005207078
  -48.483505, -0.000428495, -0.00051981934
  -48.46414, -0.000619823, -0.00051915161
  -48.46414, -0.0004456348, -0.00051915161
  -48.457685, -0.0004635718, -0.00051892877
  -48.43832, -0.0007641162, -0.00051825946
  -48.4125, -0.0004974528, -0.00051736521
  -48.406045, -0.0004512152, -0.00051714132
  -48.39959, -0.0005197744, -0.00051691729
  -48.380225, -0.000530138, -0.00051624442
  -48.34795, -0.0004799144, -0.00051512033
  -48.33504, -0.0005743826, -0.00051466977
  -48.315675, -0.0006250048, -0.00051399292
  -48.315675, -0.00057797, -0.00051399292
  -48.27049, -0.0006242076, -0.00051240897
  -48.24467, -0.0007027318, -0.00051150093
  -48.225305, -0.000595907, -0.00051081849
  -48.20594, -0.0004496208, -0.00051013486
  -48.19303, -0.0004978514, -0.00050967843
  -48.19303, -0.0003631246, -0.00050967843
  -48.186575, -0.0004779214, -0.00050945001
  -48.16721, -0.0006349698, -0.00050876397
  -48.134935, -0.0004954598, -0.00050761787
  -48.12848, -0.0004894808, -0.00050738825
  -48.109115, -0.0004468306, -0.00050669857
  -48.096205, -0.0006353684, -0.00050623811
  -48.057475, -0.0005955084, -0.00050485351
  -48.057475, -0.0005528582, -0.00050485351
  -48.05102, -0.0004372642, -0.00050462226
  -48.0252, -0.0005488722, -0.00050369595
  -48.01229, -0.000556047, -0.00050323198
  -47.980015, -0.000566012, -0.00050206968
  -47.980015, -0.000484299, -0.00050206968
  -47.97356, -0.0004938654, -0.00050183681
  -47.967105, -0.0004233132, -0.0005016038
  -47.941285, -0.0005297394, -0.00050067043
  -47.90901, -0.0005086136, -0.00049950064
  -47.889645, -0.0005193758, -0.00049879714
  -47.889645, -0.0004396558, -0.00049879714
  -47.876735, -0.000569998, -0.00049832745
  -47.876735, -0.000249125, -0.00049832745
  -47.863825, -0.000625802, -0.00049785721
  -47.825095, -0.0005472778, -0.00049644321
  -47.81864, -0.0006812074, -0.00049620706
  -47.812185, -0.0005711938, -0.00049597078
  -47.79282, -0.000245139, -0.0004952611
  -47.786365, -0.0005504666, -0.00049502427
  -47.77991, -0.0004229146, -0.00049478729
  -47.773455, -0.00053811, -0.00049455018
  -47.747635, -0.0005086136, -0.00049360037
  -47.74118, -0.000502236, -0.00049336257
  -47.71536, -0.0005389072, -0.00049240999
  -47.71536, -0.0006987458, -0.00049240999
  -47.708905, -0.0004193272, -0.0004921715
  -47.708905, -0.00063776, -0.0004921715
  -47.66372, -0.0003950126, -0.00049049818
  -47.657265, -0.000482306, -0.00049025858
  -47.65081, -0.000585942, -0.00049001885
  -47.644355, -0.0005524596, -0.00048977897
  -47.644355, -0.0001909294, -0.00048977897
  -47.644355, -0.0002088664, -0.00048977897
  -47.644355, -0.0004280964, -0.00048977897
  -47.6379, -0.0005225646, -0.00048953895
  -47.631445, -0.000595907, -0.0004892988
  -47.631445, -0.0003898308, -0.0004892988
  -47.631445, -0.0003475792, -0.0004892988
  -47.62499, -0.0003639218, -0.0004890585
  -47.62499, -0.0004436418, -0.0004890585
  -47.61208, -0.0006525082, -0.0004885775
  -47.61208, -0.0005094108, -0.0004885775
  -47.605625, -0.0004428446, -0.00048833678
  -47.58626, -0.000500243, -0.00048761381
  -47.579805, -0.0003559498, -0.00048737254
  -47.579805, -0.0004978514, -0.00048737254
  -47.579805, -0.0004898794, -0.00048737254
  -47.579805, -0.0004249076, -0.00048737254
  -47.57335, -0.000544089, -0.00048713113
  -47.57335, -0.000308915, -0.00048713113
  -47.566895, -0.000494264, -0.00048688958
  -47.56044, -0.0004914738, -0.00048664789
  -47.553985, -0.0005058234, -0.00048640606
  -47.553985, -0.0004671592, -0.00048640606
  -47.553985, -0.0005245576, -0.00048640606
  -47.553985, -0.0005185786, -0.00048640606
  -47.54753, -0.0007031304, -0.00048616409
  -47.541075, -0.0004831032, -0.00048592198
  -47.541075, -0.0005891308, -0.00048592198
  -47.53462, -0.0004779214, -0.00048567973
  -47.53462, -0.0006006902, -0.00048567973
  -47.528165, -0.000661676, -0.00048543735
  -47.528165, -0.000426502, -0.00048543735
  -47.528165, -0.0005955084, -0.00048543735
  -47.52171, -0.000456397, -0.00048519482
  -47.52171, -0.0004352712, -0.00048519482
  -47.52171, -0.0003938168, -0.00048519482
  -47.52171, -0.000416537, -0.00048519482
  -47.52171, -0.0004950612, -0.00048519482
  -47.515255, -0.0004209216, -0.00048495215
  -47.515255, -0.0005986972, -0.00048495215
  -47.515255, -0.0004229146, -0.00048495215
  -47.515255, -0.0006664592, -0.00048495215
  -47.515255, -0.0004049776, -0.00048495215
  -47.515255, -0.0006493194, -0.00048495215
  -47.515255, -0.000611851, -0.00048495215
  -47.515255, -0.0005703966, -0.00048495215
  -47.5088, -0.0003495722, -0.00048470934
  -47.5088, -0.0005018374, -0.00048470934
  -47.5088, -0.0004938654, -0.00048470934
  -47.5088, -0.0003982014, -0.00048470934
  -47.5088, -0.0004113552, -0.00048470934
  -47.5088, -0.0005476764, -0.00048470934
  -47.5088, -0.0005636204, -0.00048470934
  -47.5088, -0.0006409488, -0.00048470934
  -47.502345, -0.0003870406, -0.00048446639
  -47.502345, -0.0006210188, -0.00048446639
  -47.502345, -0.0005397044, -0.00048446639
  -47.502345, -0.0004077678, -0.00048446639
  -47.49589, -0.000486292, -0.0004842233
  -47.49589, -0.0005066206, -0.0004842233
  -47.49589, -0.0004938654, -0.0004842233
  -47.49589, -0.000621816, -0.0004842233
  -47.49589, -0.0002726424, -0.0004842233
  -47.49589, -0.0003738868, -0.0004842233
  -47.49589, -0.0005373128, -0.0004842233
  -47.49589, -0.0005137954, -0.0004842233
  -47.489435, -0.0005464806, -0.00048398007
  -47.489435, -0.0003850476, -0.00048398007
  -47.48298, -0.0005668092, -0.0004837367
  -47.48298, -0.000352761, -0.0004837367
  -47.48298, -0.000488285, -0.0004837367
  -47.48298, -0.0005317324, -0.0004837367
  -47.48298, -0.000571991, -0.0004837367
  -47.476525, -0.0005405016, -0.00048349319
  -47.476525, -0.000470348, -0.00048349319
  -47.45716, -0.00045839, -0.00048276181
  -47.450705, -0.0005648162, -0.00048251773
  -47.450705, -0.0005165856, -0.00048251773
  -47.44425, -0.0005452848, -0.00048227352
  -47.44425, -0.0004276978, -0.00048227352
  -47.44425, -0.0004428446, -0.00048227352
  -47.44425, -0.0004432432, -0.00048227352
  -47.437795, -0.0004013902, -0.00048202916
  -47.437795, -0.0005636204, -0.00048202916
  -47.437795, -0.0005317324, -0.00048202916
  -47.437795, -0.0005118024, -0.00048202916
  -47.437795, -0.0006090608, -0.00048202916
  -47.43134, -0.0005014388, -0.00048178466
  -47.43134, -0.000344789, -0.00048178466
  -47.43134, -0.0004448376, -0.00048178466
  -47.43134, -0.0005265506, -0.00048178466
  -47.424885, -0.0004627746, -0.00048154003
  -47.424885, -0.0003635232, -0.00048154003
  -47.424885, -0.0005209702, -0.00048154003
  -47.424885, -0.000344789, -0.00048154003
  -47.424885, -0.000434474, -0.00048154003
  -47.424885, -0.0005285436, -0.00048154003
  -47.424885, -0.0005106066, -0.00048154003
  -47.41843, -0.0004711452, -0.00048129525
  -47.41843, -0.0006166342, -0.00048129525
  -47.41843, -0.0005763756, -0.00048129525
  -47.41843, -0.0002897822, -0.00048129525
  -47.41843, -0.0003934182, -0.00048129525
  -47.41843, -0.0003989986, -0.00048129525
  -47.41843, -0.0004890822, -0.00048129525
  -47.41843, -0.0004846976, -0.00048129525
  -47.41843, -0.000502236, -0.00048129525
  -47.41843, -0.0005751798, -0.00048129525
  -47.41843, -0.0006592844, -0.00048129525
  -47.411975, -0.0003691036, -0.00048105033
  -47.411975, -0.0004101594, -0.00048105033
  -47.411975, -0.0004651662, -0.00048105033
  -47.411975, -0.0006062706, -0.00048105033
  -47.411975, -0.0004819074, -0.00048105033
  -47.411975, -0.0005393058, -0.00048105033
  -47.411975, -0.0005229632, -0.00048105033
  -47.411975, -0.0003862434, -0.00048105033
  -47.411975, -0.0005018374, -0.00048105033
  -47.411975, -0.0005703966, -0.00048105033
  -47.411975, -0.0003814602, -0.00048105033
  -47.40552, -0.0002479292, -0.00048080527
  -47.40552, -0.0003683064, -0.00048080527
  -47.40552, -0.0005349212, -0.00048080527
  -47.40552, -0.0005074178, -0.00048080527
  -47.40552, -0.0004392572, -0.00048080527
  -47.40552, -0.000675627, -0.00048080527
  -47.40552, -0.0003754812, -0.00048080527
  -47.40552, -0.0004890822, -0.00048080527
  -47.40552, -0.0004839004, -0.00048080527
  -47.40552, -0.0004994458, -0.00048080527
  -47.399065, -0.0005775714, -0.00048056006
  -47.399065, -0.0004886836, -0.00048056006
  -47.399065, -0.000362726, -0.00048056006
  -47.399065, -0.0005911238, -0.00048056006
  -47.399065, -0.000492271, -0.00048056006
  -47.399065, -0.0003439918, -0.00048056006
  -47.399065, -0.000502236, -0.00048056006
  -47.399065, -0.0005165856, -0.00048056006
  -47.399065, -0.0006700466, -0.00048056006
  -47.399065, -0.0004771242, -0.00048056006
  -47.399065, -0.0003982014, -0.00048056006
  -47.399065, -0.000195314, -0.00048056006
  -47.39261, -0.0004320824, -0.00048031472
  -47.39261, -0.0004492222, -0.00048031472
  -47.39261, -0.0004886836, -0.00048031472
  -47.39261, -0.0006262006, -0.00048031472
  -47.39261, -0.0005791658, -0.00048031472
  -47.39261, -0.0005688022, -0.00048031472
  -47.39261, -0.0006489208, -0.00048031472
  -47.39261, -0.0005409002, -0.00048031472
  -47.39261, -0.000486292, -0.00048031472
  -47.39261, -0.0005572428, -0.00048031472
  -47.39261, -0.0005871378, -0.00048031472
  -47.39261, -0.0004448376, -0.00048031472
  -47.39261, -0.0005676064, -0.00048031472
  -47.39261, -0.0006612774, -0.00048031472
  -47.39261, -0.0004575928, -0.00048031472
  -47.39261, -0.000601886, -0.00048031472
  -47.39261, -0.0004217188, -0.00048031472
  -47.386155, -0.0005688022, -0.00048006923
  -47.386155, -0.0006102566, -0.00048006923
  -47.386155, -0.0004831032, -0.00048006923
  -47.386155, -0.0004647676, -0.00048006923
  -47.386155, -0.0005289422, -0.00048006923
  -47.386155, -0.000641746, -0.00048006923
  -47.386155, -0.0006469278, -0.00048006923
  -47.386155, -0.0004380614, -0.00048006923
  -47.386155, -0.0005887322, -0.00048006923
  -47.386155, -0.0003543554, -0.00048006923
  -47.386155, -0.000552061, -0.00048006923
  -47.3797, -0.0003850476, -0.00047982361
  -47.3797, -0.0003021388, -0.00047982361
  -47.3797, -0.000442446, -0.00047982361
  -47.3797, -0.0005552498, -0.00047982361
  -47.3797, -0.0005416974, -0.00047982361
  -47.3797, -0.0005110052, -0.00047982361
  -47.3797, -0.0004619774, -0.00047982361
  -47.373245, -0.0006226132, -0.00047957784
  -47.373245, -0.0004619774, -0.00047957784
  -47.373245, -0.0006030818, -0.00047957784
  -47.373245, -0.0003483764, -0.00047957784
  -47.373245, -0.0004619774, -0.00047957784
  -47.373245, -0.000542096, -0.00047957784
  -47.373245, -0.0005735854, -0.00047957784
  -47.373245, -0.0002981528, -0.00047957784
  -47.373245, -0.000546082, -0.00047957784
  -47.36679, -0.000516187, -0.00047933193
  -47.36679, -0.0004089636, -0.00047933193
  -47.36679, -0.0002698522, -0.00047933193
  -47.360335, -0.0005628232, -0.00047908588
  -47.360335, -0.0006110538, -0.00047908588
  -47.360335, -0.0005205716, -0.00047908588
  -47.360335, -0.0004292922, -0.00047908588
  -47.35388, -0.0004480264, -0.00047883968
  -47.35388, -0.0004388586, -0.00047883968
  -47.347425, -0.0004448376, -0.00047859335
  -47.34097, -0.0004360684, -0.00047834687
  -47.34097, -0.0004412502, -0.00047834687
  -47.32806, -0.0003312366, -0.00047785349
  -47.32806, -0.0005225646, -0.00047785349
  -47.31515, -0.0004392572, -0.00047735954
  -47.31515, -0.0004037818, -0.00047735954
  -47.308695, -0.0003479778, -0.00047711236
  -47.30224, -0.0003515652, -0.00047686503
  -47.28933, -0.0005397044, -0.00047636994
  -47.282875, -0.0005125996, -0.00047612218
  -47.269965, -0.0004276978, -0.00047562624
  -47.257055, -0.0003798658, -0.00047512973
  -47.244145, -0.0004488236, -0.00047463265
  -47.23769, -0.0005775714, -0.0004743839
  -47.23769, -0.0001929224, -0.0004743839
  -47.218325, -0.0006026832, -0.00047363677
  -47.218325, -0.00023916, -0.00047363677
  -47.205415, -0.0003890336, -0.00047313798
  -47.19896, -0.000304929, -0.00047288836
  -47.192505, -0.000589928, -0.00047263861
  -47.16023, -0.0005476764, -0.00047138767
  -47.140865, -0.0005110052, -0.00047063539
  -47.13441, -0.000629788, -0.00047038434
  -47.1215, -0.0004269006, -0.00046988181
  -47.1215, -0.0005305366, -0.00046988181
  -47.1215, -0.0005317324, -0.00046988181
  -47.115045, -0.0005189772, -0.00046963033
  -47.102135, -0.0003958098, -0.00046912694
  -47.09568, -0.0004631732, -0.00046887503
  -47.076315, -0.00049825, -0.00046811842
  -47.063405, -0.0004009916, -0.0004676133
  -47.05695, -0.0004153412, -0.00046736052
  -47.050495, -0.0003651176, -0.00046710759
  -47.050495, -0.000564019, -0.00046710759
  -47.00531, -0.000286992, -0.00046533307
  -47.00531, -0.0005173828, -0.00046533307
  -46.973035, -0.0004755298, -0.0004640612
  -46.96658, -0.0004440404, -0.00046380639
  -46.960125, -0.0003364184, -0.00046355143
  -46.94076, -0.000472341, -0.00046278569
  -46.934305, -0.0004679564, -0.00046253015
  -46.921395, -0.0006449348, -0.00046201863
  -46.90203, -0.0005289422, -0.00046125027
  -46.88912, -0.0005528582, -0.00046073729
  -46.8633, -0.0004352712, -0.00045970958
  -46.85039, -0.000589928, -0.00045919485
  -46.83748, -0.0005971028, -0.00045867953
  -46.82457, -0.0003041318, -0.00045816362
  -46.818115, -0.0005428932, -0.00045790545
  -46.792295, -0.000284999, -0.00045687128
  -46.779385, -0.000568005, -0.00045635332
  -46.753565, -0.0002838032, -0.00045531561
  -46.740655, -0.0004607816, -0.00045479588
  -46.727745, -0.0004109566, -0.00045427555
  -46.727745, -0.0004918724, -0.00045427555
  -46.689015, -0.0002403558, -0.00045271101
  -46.68256, -0.0003774742, -0.00045244974
  -46.676105, -0.0005034318, -0.00045218832
  -46.64383, -0.00021923, -0.00045087897
  -46.63092, -0.0005436904, -0.0004503542
  -46.611555, -0.000253111, -0.00044956591
  -46.59219, -0.000404579, -0.00044877629
  -46.57928, -0.0004400544, -0.00044824912
  -46.56637, -0.0003970056, -0.00044772136
  -46.52764, -0.0003543554, -0.00044613449
  -46.521185, -0.0005393058, -0.00044586949
  -46.508275, -0.0002758312, -0.00044533903
  -46.482455, -0.0004157398, -0.00044427632
  -46.476, -0.0002997472, -0.00044401026
  -46.443725, -0.0004727396, -0.00044267773
  -46.43727, -0.0003814602, -0.00044241077
  -46.417905, -0.0004253062, -0.00044160899
  -46.417905, -0.0004121524, -0.00044160899
  -46.39854, -0.000442446, -0.00044080586
  -46.392085, -0.000390628, -0.00044053784
  -46.35981, -0.0005971028, -0.00043919549
  -46.3469, -0.000277027, -0.00043865749
  -46.33399, -0.0007358156, -0.00043811889
  -46.29526, -0.0003635232, -0.00043649942
  -46.28235, -0.0005125996, -0.00043595837
  -46.28235, -0.0003762784, -0.00043595837
  -46.26944, -0.0002706494, -0.00043541672
  -46.262985, -0.0005345226, -0.00043514567
  -46.24362, -0.0004213202, -0.00043433159
  -46.211345, -0.0004970542, -0.00043297174
  -46.17907, -0.000241153, -0.00043160805
  -46.17907, -0.000528145, -0.00043160805
  -46.15325, -0.0002108594, -0.00043051434
  -46.15325, -0.0003738868, -0.00043051434
  -46.14034, -0.0002913766, -0.00042996657
  -46.12743, -0.0002439432, -0.00042941817
  -46.11452, -0.000462376, -0.00042886916
  -46.11452, -0.0004428446, -0.00042886916
  -46.082245, -0.0003842504, -0.00042749394
  -46.07579, -0.0002913766, -0.00042721844
  -46.06288, -0.000209265, -0.00042666696
  -46.056425, -0.000556047, -0.00042639099
  -46.03706, -0.0004532082, -0.00042556214
  -46.03706, -0.0001801672, -0.00042556214
  -46.030605, -0.000414544, -0.00042528555
  -46.02415, -0.0004695508, -0.0004250088
  -46.017695, -8.41046e-05, -0.0004247319
  -45.99833, -0.0004412502, -0.00042390027
  -45.97251, -0.0003491736, -0.00042278925
  -45.9596, -0.0004101594, -0.0004222328
  -45.94669, -0.0004420474, -0.00042167573
  -45.94669, -0.000155454, -0.00042167573
  -45.94669, -0.000324859, -0.00042167573
  -45.94669, -0.000255104, -0.00042167573
  -45.940235, -0.0003491736, -0.00042139697
  -45.93378, -0.0004081664, -0.00042111804
  -45.901505, -0.0003834532, -0.00041972108
  -45.901505, -0.0001622302, -0.00041972108
  -45.89505, -0.000476327, -0.00041944122
  -45.875685, -0.0003539568, -0.0004186007
  -45.875685, -0.0004033832, -0.0004186007
  -45.875685, -0.0002758312, -0.0004186007
  -45.862775, -0.0005329282, -0.00041803956
  -45.85632, -0.0003256562, -0.00041775876
  -45.849865, -0.0003172856, -0.0004174778
  -45.836955, -0.0005094108, -0.00041691542
  -45.8305, -0.0003400058, -0.00041663399
  -45.81759, -0.0004631732, -0.00041607066
  -45.81759, -0.0004201244, -0.00041607066
  -45.80468, -0.0004930682, -0.0004155067
  -45.80468, -0.0004930682, -0.0004155067
  -45.785315, -0.0003423974, -0.00041465958
  -45.785315, -0.0005990958, -0.00041465958
  -45.77886, -0.0003651176, -0.00041437689
  -45.77886, -0.0004727396, -0.00041437689
  -45.77886, -0.0003435932, -0.00041437689
  -45.76595, -0.0002981528, -0.00041381104
  -45.76595, -0.0004691522, -0.00041381104
  -45.759495, -0.0001985028, -0.00041352788
  -45.759495, -0.0003810616, -0.00041352788
  -45.75304, -0.00031888, -0.00041324456
  -45.75304, -0.0004631732, -0.00041324456
  -45.746585, -0.0003679078, -0.00041296108
  -45.74013, -0.00045839, -0.00041267745
  -45.74013, -0.0002726424, -0.00041267745
  -45.74013, -0.0005564456, -0.00041267745
  -45.74013, -0.0005636204, -0.00041267745
  -45.733675, -0.000362726, -0.00041239365
  -45.733675, -0.0005177814, -0.00041239365
  -45.733675, -0.0005217674, -0.00041239365
  -45.733675, -0.0004831032, -0.00041239365
  -45.733675, -0.0005711938, -0.00041239365
  -45.733675, -0.0004619774, -0.00041239365
  -45.733675, -0.0002555026, -0.00041239365
  -45.72722, -0.0005656134, -0.0004121097
  -45.72722, -0.0005512638, -0.0004121097
  -45.72722, -0.0002762298, -0.0004121097
  -45.72722, -0.000476327, -0.0004121097
  -45.72722, -0.0004854948, -0.0004121097
  -45.720765, -0.000502236, -0.00041182559
  -45.720765, -0.0002307894, -0.00041182559
  -45.720765, -0.0004241104, -0.00041182559
  -45.71431, -0.0002204258, -0.00041154132
  -45.71431, -0.0004711452, -0.00041154132
  -45.71431, -0.0003738868, -0.00041154132
  -45.71431, -0.0004926696, -0.00041154132
  -45.71431, -0.0003938168, -0.00041154132
  -45.707855, -0.0005444876, -0.0004112569
  -45.707855, -0.0004886836, -0.0004112569
  -45.707855, -0.0005947112, -0.0004112569
  -45.707855, -0.0004400544, -0.0004112569
  -45.707855, -0.000462376, -0.0004112569
  -45.707855, -0.0004827046, -0.0004112569
  -45.707855, -0.0003651176, -0.0004112569
  -45.707855, -0.0003360198, -0.0004112569
  -45.707855, -0.0004579914, -0.0004112569
  -45.7014, -0.0003073206, -0.00041097231
  -45.7014, -0.0003683064, -0.00041097231
  -45.7014, -0.0003842504, -0.00041097231
  -45.7014, -0.000360733, -0.00041097231
  -45.7014, -0.0005277464, -0.00041097231
  -45.694945, -0.0004607816, -0.00041068757
  -45.694945, -0.0005484736, -0.00041068757
  -45.694945, -0.000314894, -0.00041068757
  -45.694945, -0.0004197258, -0.00041068757
  -45.694945, -0.0002076706, -0.00041068757
  -45.694945, -0.000404579, -0.00041068757
  -45.694945, -0.0005133968, -0.00041068757
  -45.694945, -0.0003603344, -0.00041068757
  -45.694945, -0.000406572, -0.00041068757
  -45.68849, -0.0005512638, -0.00041040266
  -45.68849, -0.000512201, -0.00041040266
  -45.68849, -0.000229195, -0.00041040266
  -45.68849, -0.0003065234, -0.00041040266
  -45.682035, -0.0004946626, -0.0004101176
  -45.682035, -0.0004591872, -0.0004101176
  -45.682035, -0.0006082636, -0.0004101176
  -45.682035, -0.0002953626, -0.0004101176
  -45.682035, -0.0003691036, -0.0004101176
  -45.67558, -0.0003380128, -0.00040983238
  -45.656215, -0.0004352712, -0.00040897577
  -45.64976, -0.0002395586, -0.00040868991
  -45.63685, -0.0003742854, -0.00040811772
  -45.62394, -0.0003356212, -0.0004075449
  -45.62394, -0.0002040832, -0.0004075449
  -45.62394, -0.000440453, -0.0004075449
  -45.617485, -0.0003675092, -0.00040725825
  -45.617485, -0.0001403072, -0.00040725825
  -45.617485, -0.000354754, -0.00040725825
  -45.617485, -0.0004133482, -0.00040725825
  -45.617485, -0.000494264, -0.00040725825
  -45.617485, -0.0003419988, -0.00040725825
  -45.617485, -0.0005452848, -0.00040725825
  -45.617485, -0.0004639704, -0.00040725825
  -45.61103, -0.0002224188, -0.00040697144
  -45.61103, -0.0003013416, -0.00040697144
  -45.604575, -0.0004755298, -0.00040668447
  -45.604575, -0.0004699494, -0.00040668447
  -45.604575, -0.0007023332, -0.00040668447
  -45.604575, -0.0005193758, -0.00040668447
  -45.604575, -0.0005612288, -0.00040668447
  -45.59812, 5.46082e-05, -0.00040639734
  -45.59812, -0.0001411044, -0.00040639734
  -45.59812, -0.000324859, -0.00040639734
  -45.59812, -0.0004559984, -0.00040639734
  -45.591665, -0.0003794672, -0.00040611005
  -45.591665, -0.000372691, -0.00040611005
  -45.591665, -0.0005735854, -0.00040611005
  -45.591665, -0.0005349212, -0.00040611005
  -45.591665, -0.0004767256, -0.00040611005
  -45.591665, -0.0001642232, -0.00040611005
  -45.58521, -0.000568005, -0.0004058226
  -45.58521, -0.0003360198, -0.0004058226
  -45.58521, -0.0002778242, -0.0004058226
  -45.58521, -0.0004480264, -0.0004058226
  -45.58521, -0.0003958098, -0.0004058226
  -45.58521, -0.0004711452, -0.0004058226
  -45.58521, -0.000177377, -0.0004058226
  -45.58521, -0.0005189772, -0.0004058226
  -45.578755, -0.000512201, -0.00040553499
  -45.578755, -0.0004213202, -0.00040553499
  -45.578755, -0.000384649, -0.00040553499
  -45.578755, -0.0004866906, -0.00040553499
  -45.578755, -0.0003898308, -0.00040553499
  -45.578755, -0.00037867, -0.00040553499
  -45.5723, -0.0005325296, -0.00040524722
  -45.5723, -0.0004189286, -0.00040524722
  -45.5723, -0.0003372156, -0.00040524722
  -45.5723, -0.0003718938, -0.00040524722
  -45.5723, -0.000568005, -0.00040524722
  -45.5723, -0.000434474, -0.00040524722
  -45.565845, -0.0004041804, -0.00040495929
  -45.565845, -0.000625802, -0.00040495929
  -45.565845, -0.0005416974, -0.00040495929
  -45.565845, -0.000446432, -0.00040495929
  -45.565845, -0.000410558, -0.00040495929
  -45.565845, -0.0004217188, -0.00040495929
  -45.565845, -0.0004468306, -0.00040495929
  -45.565845, -0.0004739354, -0.00040495929
  -45.565845, -0.0004815088, -0.00040495929
  -45.565845, -0.0001227688, -0.00040495929
  -45.565845, -0.000296957, -0.00040495929
  -45.565845, -0.0004416488, -0.00040495929
  -45.565845, -0.0004436418, -0.00040495929
  -45.55939, -0.0002435446, -0.0004046712
  -45.55939, -0.0007864378, -0.0004046712
  -45.55939, -0.0002957612, -0.0004046712
  -45.55939, -0.000436467, -0.0004046712
  -45.55939, -0.0003296422, -0.0004046712
  -45.552935, -0.0004807116, -0.00040438295
  -45.552935, -0.0003340268, -0.00040438295
  -45.552935, -0.0004340754, -0.00040438295
  -45.552935, -0.0003292436, -0.00040438295
  -45.552935, -0.000665662, -0.00040438295
  -45.552935, -0.0004352712, -0.00040438295
  -45.552935, -0.0005169842, -0.00040438295
  -45.552935, -0.0003714952, -0.00040438295
  -45.552935, -0.000583949, -0.00040438295
  -45.54648, -0.0004508166, -0.00040409454
  -45.54648, -0.0005755784, -0.00040409454
  -45.54648, -0.0006086622, -0.00040409454
  -45.54648, -0.0003324324, -0.00040409454
  -45.54648, -0.0003555512, -0.00040409454
  -45.54648, -0.0003623274, -0.00040409454
  -45.54648, -0.0006054734, -0.00040409454
  -45.54648, -0.0005094108, -0.00040409454
  -45.54648, -0.0004400544, -0.00040409454
  -45.540025, -0.0003053276, -0.00040380597
  -45.540025, -0.0006461306, -0.00040380597
  -45.540025, -0.0004990472, -0.00040380597
  -45.540025, -0.0005676064, -0.00040380597
  -45.53357, -0.0004456348, -0.00040351724
  -45.53357, -0.0004831032, -0.00040351724
  -45.53357, -0.0004540054, -0.00040351724
  -45.53357, -0.0004488236, -0.00040351724
  -45.53357, -0.0005030332, -0.00040351724
  -45.53357, -0.0005787672, -0.00040351724
  -45.53357, -0.0004288936, -0.00040351724
  -45.53357, -0.0006780186, -0.00040351724
  -45.527115, -4.82306e-05, -0.00040322835
  -45.527115, -0.0007505638, -0.00040322835
  -45.527115, -0.0004691522, -0.00040322835
  -45.527115, -0.000556047, -0.00040322835
  -45.527115, -0.000540103, -0.00040322835
  -45.527115, -0.0001961112, -0.00040322835
  -45.52066, -0.0004416488, -0.0004029393
  -45.52066, -0.0003061248, -0.0004029393
  -45.52066, -0.0003778728, -0.0004029393
  -45.52066, -0.0003392086, -0.0004029393
  -45.52066, -0.000368705, -0.0004029393
  -45.52066, -0.0004081664, -0.0004029393
  -45.52066, -0.0004241104, -0.0004029393
  -45.514205, -0.0004276978, -0.00040265009
  -45.514205, -0.0003782714, -0.00040265009
  -45.514205, -0.0005608302, -0.00040265009
  -45.514205, -0.0002853976, -0.00040265009
  -45.514205, -0.0003200758, -0.00040265009
  -45.50775, -0.0004559984, -0.00040236072
  -45.50775, -0.0004854948, -0.00040236072
  -45.501295, -0.0003758798, -0.00040207118
  -45.501295, -0.0003611316, -0.00040207118
  -45.501295, -0.0004567956, -0.00040207118
  -45.501295, -0.0005604316, -0.00040207118
  -45.49484, -0.000328845, -0.00040178149
  -45.48193, -0.0003132996, -0.00040120162
  -45.475475, -0.0004089636, -0.00040091145
  -45.46902, -0.0003862434, -0.00040062111
  -45.46902, -0.0002973556, -0.00040062111
  -45.462565, -0.0004611802, -0.00040033061
  -45.4432, -0.0002634746, -0.00039945815
  -45.4432, -0.0001706008, -0.00039945815
  -45.436745, -0.0004906766, -0.00039916701
  -45.43029, -0.0002574956, -0.0003988757
  -45.423835, -0.0004308866, -0.00039858424
  -45.410925, -0.0002447404, -0.00039800082
  -45.410925, -0.0003599358, -0.00039800082
  -45.398015, -0.0003519638, -0.00039741676
  -45.39156, -0.0002519152, -0.00039712449
  -45.37865, -0.0003639218, -0.00039653945
  -45.36574, -0.0004237118, -0.00039595377
  -45.346375, -0.0006265992, -0.00039507403
  -45.346375, -0.00049825, -0.00039507403
  -45.333465, -0.0005177814, -0.00039448673
  -45.333465, -0.0004496208, -0.00039448673
  -45.333465, -0.0005038304, -0.00039448673
  -45.32701, -0.0005656134, -0.00039419283
  -45.3141, -0.0003699008, -0.00039360455
  -45.307645, -0.000512201, -0.00039331017
  -45.307645, -0.0005428932, -0.00039331017
  -45.30119, -0.0004077678, -0.00039301562
  -45.27537, -0.0002140482, -0.00039183581
  -45.268915, -0.0005723896, -0.00039154044
  -45.26246, -0.000396607, -0.00039124492
  -45.256005, -0.000382656, -0.00039094923
  -45.24955, -0.000384649, -0.00039065338
  -45.243095, -0.0003958098, -0.00039035736
  -45.243095, -0.0004221174, -0.00039035736
  -45.23664, -0.0005636204, -0.00039006119
  -45.191455, -0.0003117052, -0.00038798335
  -45.191455, -0.000436467, -0.00038798335
  -45.165635, -0.0001438946, -0.00038679241
  -45.15918, -0.0002120552, -0.00038649426
  -45.152725, -0.0002798172, -0.00038619595
  -45.152725, -0.0003702994, -0.00038619595
  -45.12045, -0.000207272, -0.00038470192
  -45.09463, -0.0002877892, -0.00038350373
  -45.088175, -0.000366712, -0.00038320377
  -45.075265, -0.0004400544, -0.00038260336
  -45.0559, -0.000524159, -0.0003817015
  -45.049445, -0.0004360684, -0.00038140054
  -45.023625, -0.0003679078, -0.00038019508
  -45.01717, -0.0002283978, -0.0003798933
  -44.984895, -0.0004069706, -0.0003783819
  -44.984895, -0.0004153412, -0.0003783819
  -44.959075, -0.0002885864, -0.00037716978
  -44.95262, -0.0004428446, -0.00037686634
  -44.93971, -0.0003360198, -0.00037625895
  -44.91389, -0.0005947112, -0.00037504216
  -44.91389, -0.000520173, -0.00037504216
  -44.87516, -0.0005189772, -0.00037321197
  -44.855795, -0.0004436418, -0.00037229461
  -44.842885, -0.0004261034, -0.0003716822
  -44.804155, -0.0004839004, -0.00036984093
  -44.7977, -0.0007027318, -0.00036953346
  -44.7977, -0.0004121524, -0.00036953346
  -44.74606, -0.0004998444, -0.00036706765
  -44.74606, -0.0005895294, -0.00036706765
  -44.700875, -0.0005114038, -0.00036490118
  -44.700875, -0.0003738868, -0.00036490118
  -44.700875, -0.0004874878, -0.00036490118
  -44.662145, -0.0002168384, -0.0003630376
  -44.65569, -0.0003822574, -0.00036272641
  -44.636325, -0.0003675092, -0.00036179181
  -44.62987, -0.0003814602, -0.00036147994
  -44.61696, -0.0004978514, -0.00036085568
  -44.571775, -0.0002981528, -0.0003586654
  -44.56532, -0.0003240618, -0.00035835182
  -44.545955, -0.0003184814, -0.00035741005
  -44.5395, -0.0002144468, -0.00035709579
  -44.52659, -0.00033881, -0.00035646674
  -44.50077, -0.000386642, -0.00035520659
  -44.494315, -0.0001191814, -0.00035489112
  -44.48786, -0.000404579, -0.00035457548
  -44.481405, -0.000308915, -0.00035425967
  -44.46204, -0.000346782, -0.0003533112
  -44.44913, -0.0002582928, -0.00035267802
  -44.442675, -0.000380663, -0.00035236117
  -44.429765, -0.0005604316, -0.00035172696
  -44.416855, -0.0005149912, -0.00035109206
  -44.403945, -0.0003412016, -0.00035045647
  -44.37167, -0.0004679564, -0.00034886446
  -44.35876, -0.0004651662, -0.00034822644
  -44.352305, -0.0002774256, -0.00034790717
  -44.326485, -0.0002016916, -0.00034662835
  -44.32003, -0.0004316838, -0.00034630822
  -44.29421, -0.000426502, -0.00034502592
  -44.274845, -0.0005365156, -0.00034406237
  -44.274845, -0.0002706494, -0.00034406237
  -44.274845, -0.000364719, -0.00034406237
  -44.25548, -0.0003997958, -0.00034309724
  -44.24257, -0.0004512152, -0.00034245295
  -44.223205, -0.0003978028, -0.00034148521
  -44.184475, -0.0004571942, -0.00033954498
  -44.158655, -0.0004388586, -0.00033824799
  -44.1522, -0.000420523, -0.0003379233
  -44.145745, -0.0004197258, -0.00033759843
  -44.13929, -0.0003802644, -0.00033727339
  -44.13929, -0.0004659634, -0.00033727339
  -44.107015, -0.000187342, -0.00033564554
  -44.107015, -0.0004296908, -0.00033564554
  -44.094105, -0.0005034318, -0.00033499317
  -44.068285, -0.0004448376, -0.0003336863
  -44.068285, -0.0002495236, -0.0003336863
  -44.055375, -0.00029895, -0.0003330318
  -44.042465, -0.0003870406, -0.0003323766
  -44.03601, -0.0003515652, -0.00033204873
  -44.03601, -0.0003615302, -0.00033204873
  -44.016645, -0.0001877406, -0.00033106406
  -44.016645, -0.0002375656, -0.00033106406
  -44.003735, -0.0002419502, -0.00033040672
  -44.003735, -0.0003798658, -0.00033040672
  -43.99728, -0.000472341, -0.00033007778
  -43.990825, -0.000376677, -0.00032974867
  -43.977915, -0.0003563484, -0.00032908991
  -43.977915, -0.0004978514, -0.00032908991
  -43.97146, -0.0003954112, -0.00032876027
  -43.952095, -0.0002718452, -0.00032777026
  -43.952095, -0.0004197258, -0.00032777026
  -43.93273, -0.0003256562, -0.00032677864
  -43.93273, -0.0005046276, -0.00032677864
  -43.926275, -0.000542096, -0.00032644775
  -43.91982, -0.000392621, -0.00032611667
  -43.91982, -0.0002893836, -0.00032611667
  -43.91982, -0.0001367198, -0.00032611667
  -43.91982, -0.000400593, -0.00032611667
  -43.913365, -0.000310908, -0.00032578542
  -43.913365, -0.0003435932, -0.00032578542
  -43.913365, -0.000500243, -0.00032578542
  -43.913365, -0.0003531596, -0.00032578542
  -43.913365, -0.000482306, -0.00032578542
  -43.913365, -0.000281013, -0.00032578542
  -43.90691, -0.0003256562, -0.00032545399
  -43.90691, -0.000292971, -0.00032545399
  -43.90691, -0.0003770756, -0.00032545399
  -43.90691, -0.0003244604, -0.00032545399
  -43.900455, -0.0002200272, -0.00032512238
  -43.900455, -0.0004408516, -0.00032512238
  -43.900455, -0.0001869434, -0.00032512238
  -43.900455, -0.0003396072, -0.00032512238
  -43.900455, -0.0003770756, -0.00032512238
  -43.900455, -0.0003443904, -0.00032512238
  -43.900455, -0.0002626774, -0.00032512238
  -43.900455, -0.00061783, -0.00032512238
  -43.900455, -0.000340803, -0.00032512238
  -43.900455, -0.0001379156, -0.00032512238
  -43.894, -0.0001407058, -0.00032479059
  -43.894, -0.000171398, -0.00032479059
  -43.894, -0.000277027, -0.00032479059
  -43.894, -0.0006724382, -0.00032479059
  -43.887545, -0.0002216216, -0.00032445862
  -43.887545, -0.000366712, -0.00032445862
  -43.887545, -0.0002383628, -0.00032445862
  -43.887545, -0.0003738868, -0.00032445862
  -43.887545, -0.0002495236, -0.00032445862
  -43.88109, -0.0001159926, -0.00032412647
  -43.88109, -0.0003324324, -0.00032412647
  -43.874635, -0.0003910266, -0.00032379414
  -43.874635, -0.000595907, -0.00032379414
  -43.874635, -0.000115594, -0.00032379414
  -43.874635, -0.0002738382, -0.00032379414
  -43.874635, -0.000332831, -0.00032379414
  -43.86818, -0.000372691, -0.00032346164
  -43.86818, -0.0002419502, -0.00032346164
  -43.861725, -0.0005369142, -0.00032312895
  -43.861725, -0.0004747326, -0.00032312895
  -43.861725, -0.00037867, -0.00032312895
  -43.861725, -0.0002164398, -0.00032312895
  -43.85527, -0.0005369142, -0.00032279608
  -43.85527, -0.0005528582, -0.00032279608
  -43.85527, -0.000426502, -0.00032279608
  -43.85527, -0.000526152, -0.00032279608
  -43.848815, -0.0004587886, -0.00032246304
  -43.848815, -0.0005564456, -0.00032246304
  -43.848815, -0.0001622302, -0.00032246304
  -43.848815, -0.0002268034, -0.00032246304
  -43.848815, -0.0002060762, -0.00032246304
  -43.84236, -0.0003180828, -0.00032212981
  -43.84236, -0.0002375656, -0.00032212981
  -43.84236, -0.0001311394, -0.00032212981
  -43.84236, -0.0002068734, -0.00032212981
  -43.84236, -0.0002881878, -0.00032212981
  -43.835905, -0.00051818, -0.00032179641
  -43.835905, -0.0002897822, -0.00032179641
  -43.835905, -0.0004217188, -0.00032179641
  -43.835905, -0.000302936, -0.00032179641
  -43.82945, -0.0004137468, -0.00032146282
  -43.82945, -0.0001187828, -0.00032146282
  -43.82945, -0.0002176356, -0.00032146282
  -43.82945, -0.0003180828, -0.00032146282
  -43.82945, -0.0003344254, -0.00032146282
  -43.822995, -0.0002220202, -0.00032112906
  -43.822995, -0.0004595858, -0.00032112906
  -43.822995, -0.000201293, -0.00032112906
  -43.822995, -0.0003396072, -0.00032112906
  -43.822995, -0.0001331324, -0.00032112906
  -43.822995, -4.66362e-05, -0.00032112906
  -43.822995, -0.0004555998, -0.00032112906
  -43.822995, -0.0004380614, -0.00032112906
  -43.81654, -0.0003125024, -0.00032079511
  -43.81654, -0.0003400058, -0.00032079511
  -43.81654, -0.000364719, -0.00032079511
  -43.81654, -0.0004376628, -0.00032079511
  -43.81654, -0.0003304394, -0.00032079511
  -43.81654, -0.0002893836, -0.00032079511
  -43.81654, -0.0004739354, -0.00032079511
  -43.81654, -0.000255104, -0.00032079511
  -43.81654, -0.0006210188, -0.00032079511
  -43.810085, -0.0003515652, -0.00032046099
  -43.810085, -0.0002638732, -0.00032046099
  -43.810085, -0.0003224674, -0.00032046099
  -43.810085, -0.00017937, -0.00032046099
  -43.810085, -0.000446432, -0.00032046099
  -43.810085, -0.0005692008, -0.00032046099
  -43.810085, -0.0002905794, -0.00032046099
  -43.810085, -0.0003117052, -0.00032046099
  -43.810085, -0.000147482, -0.00032046099
  -43.810085, -0.0001550554, -0.00032046099
  -43.810085, -0.0002762298, -0.00032046099
  -43.810085, -0.0002694536, -0.00032046099
  -43.810085, -0.0002861948, -0.00032046099
  -43.80363, -0.0004791172, -0.00032012668
  -43.80363, -0.0002842018, -0.00032012668
  -43.80363, -0.0002562998, -0.00032012668
  -43.80363, -0.0003184814, -0.00032012668
  -43.80363, -0.0003152926, -0.00032012668
  -43.80363, -0.0004819074, -0.00032012668
  -43.80363, -0.0002802158, -0.00032012668
  -43.80363, -0.0003591386, -0.00032012668
  -43.797175, -0.0001921252, -0.0003197922
  -43.797175, -0.0002917752, -0.0003197922
  -43.797175, -0.0004189286, -0.0003197922
  -43.79072, 4.34474e-05, -0.00031945753
  -43.79072, -0.000344789, -0.00031945753
  -43.79072, -0.0004890822, -0.00031945753
  -43.79072, -0.0003655162, -0.00031945753
  -43.79072, -0.0004077678, -0.00031945753
  -43.79072, -0.0004567956, -0.00031945753
  -43.79072, -0.0005173828, -0.00031945753
  -43.79072, -0.0004874878, -0.00031945753
  -43.79072, -0.0001741882, -0.00031945753
  -43.784265, -0.0004340754, -0.00031912269
  -43.784265, -0.0004779214, -0.00031912269
  -43.784265, -0.0003830546, -0.00031912269
  -43.784265, -0.0003997958, -0.00031912269
  -43.784265, -0.000273041, -0.00031912269
  -43.784265, -0.0004209216, -0.00031912269
  -43.784265, -0.0001829574, -0.00031912269
  -43.77781, -0.000400593, -0.00031878766
  -43.77781, -0.0002921738, -0.00031878766
  -43.77781, -0.0004548026, -0.00031878766
  -43.77781, -0.0003758798, -0.00031878766
  -43.77781, -0.000520173, -0.00031878766
  -43.77781, -0.00023916, -0.00031878766
  -43.77781, -0.0003332296, -0.00031878766
  -43.771355, -0.0003659148, -0.00031845245
  -43.771355, -0.0003758798, -0.00031845245
  -43.771355, -0.0006469278, -0.00031845245
  -43.771355, -0.0002499222, -0.00031845245
  -43.771355, -0.0001885378, -0.00031845245
  -43.771355, -0.0003244604, -0.00031845245
  -43.7649, -0.0002861948, -0.00031811707
  -43.7649, -0.0003543554, -0.00031811707
  -43.7649, -0.0006867878, -0.00031811707
  -43.7649, -0.0004619774, -0.00031811707
  -43.7649, -5.46082e-05, -0.00031811707
  -43.758445, -0.000193321, -0.0003177815
  -43.758445, -0.0002104608, -0.0003177815
  -43.758445, -0.0004360684, -0.0003177815
  -43.758445, -0.0004731382, -0.0003177815
  -43.758445, -0.0002100622, -0.0003177815
  -43.758445, -0.000440453, -0.0003177815
  -43.758445, -0.000364719, -0.0003177815
  -43.758445, -4.22516e-05, -0.0003177815
  -43.75199, -0.0001797686, -0.00031744575
  -43.75199, -0.0002762298, -0.00031744575
  -43.75199, -0.0004639704, -0.00031744575
  -43.75199, -0.0003842504, -0.00031744575
  -43.745535, -0.0002435446, -0.00031710982
  -43.745535, -0.0005110052, -0.00031710982
  -43.745535, -0.0005106066, -0.00031710982
  -43.745535, -0.0002917752, -0.00031710982
  -43.745535, -0.0006624732, -0.00031710982
  -43.745535, -0.0001801672, -0.00031710982
  -43.745535, -0.0002307894, -0.00031710982
  -43.745535, -0.0002044818, -0.00031710982
  -43.73908, -0.0001949154, -0.00031677371
  -43.732625, -0.0002822088, -0.00031643742
  -43.732625, -0.0004320824, -0.00031643742
  -43.72617, -0.0002084678, -0.00031610095
  -43.72617, -0.0002758312, -0.00031610095
  -43.72617, -0.000213251, -0.00031610095
  -43.72617, -0.0001897336, -0.00031610095
  -43.719715, -0.0004356698, -0.00031576429
  -43.719715, -0.0006652634, -0.00031576429
  -43.719715, -0.000434474, -0.00031576429
  -43.71326, -0.000486292, -0.00031542746
  -43.71326, -0.0003862434, -0.00031542746
  -43.71326, -0.0003312366, -0.00031542746
  -43.706805, -0.0003324324, -0.00031509044
  -43.706805, -0.00047832, -0.00031509044
  -43.706805, -0.0004308866, -0.00031509044
  -43.70035, -0.0003236632, -0.00031475324
  -43.70035, -1.95314e-05, -0.00031475324
  -43.693895, -0.0005209702, -0.00031441586
  -43.68744, -9.12794e-05, -0.0003140783
  -43.66162, -0.0004452362, -0.00031272624
  -43.655165, -0.000522166, -0.00031238777
  -43.655165, -0.0002802158, -0.00031238777
  -43.655165, -0.0002606844, -0.00031238777
  -43.64871, -0.0004101594, -0.00031204912
  -43.64871, -0.0003105094, -0.00031204912
  -43.642255, -0.0003882364, -0.00031171029
  -43.629345, -0.0001996986, -0.00031103207
  -43.62289, -0.0005528582, -0.00031069269
  -43.616435, -0.0003679078, -0.00031035313
  -43.616435, -0.0005237604, -0.00031035313
  -43.616435, -0.0002076706, -0.00031035313
  -43.603525, -0.000394614, -0.00030967345
  -43.590615, -0.000468355, -0.00030899305
  -43.57125, -0.0004567956, -0.00030797107
  -43.57125, -0.0002367684, -0.00030797107
  -43.538975, -0.000382656, -0.00030626411
  -43.538975, -0.0002100622, -0.00030626411
  -43.526065, -0.0003280478, -0.00030558004
  -43.5067, -0.000251118, -0.00030455256
  -43.500245, -0.0001602372, -0.0003042097
  -43.500245, -8.88878e-05, -0.0003042097
  -43.500245, -0.0003714952, -0.0003042097
  -43.474425, -0.0004627746, -0.00030283642
  -43.45506, 4.46432e-05, -0.00030180452
  -43.45506, -0.0006429418, -0.00030180452
  -43.45506, -0.0004392572, -0.00030180452
  -43.448605, -0.0001905308, -0.00030146019
  -43.435695, -0.0002216216, -0.00030077097
  -43.42924, -0.000263076, -0.00030042608
  -43.42924, -0.000145489, -0.00030042608
  -43.42924, -0.0003017402, -0.00030042608
  -43.396965, -0.0004101594, -0.00029869886
  -43.39051, -0.000229195, -0.00029835286
  -43.36469, -0.0003136982, -0.00029696701
  -43.36469, -0.0002877892, -0.00029696701
  -43.35178, -0.0003989986, -0.00029627298
  -43.332415, -0.0002335796, -0.00029523053
  -43.306595, -9.44682e-05, -0.00029383799
  -43.30014, -0.0002638732, -0.00029348939
  -43.30014, -9.00836e-05, -0.00029348939
  -43.293685, -0.0002694536, -0.0002931406
  -43.254955, -0.0004021874, -0.00029104396
  -43.254955, -1.11608e-05, -0.00029104396
  -43.20977, -0.0003495722, -0.00028858936
  -43.203315, -0.000404579, -0.00028823796
  -43.19686, -0.0004237118, -0.00028788637
  -43.190405, -0.0004739354, -0.00028753458
  -43.17104, -0.0003962084, -0.00028647811
  -43.15813, 1.15594e-05, -0.00028577286
  -43.14522, -0.000197307, -0.00028506685
  -43.14522, -0.0001064262, -0.00028506685
  -43.138765, -3.46782e-05, -0.00028471357
  -43.1194, -0.0001658176, -0.00028365258
  -43.087125, -0.0003539568, -0.00028188048
  -43.05485, -0.0003583414, -0.00028010366
  -43.048395, -0.0001259576, -0.00027974773
  -43.04194, -0.0006688508, -0.00027939161
  -43.035485, -0.0004699494, -0.0002790353
  -43.022575, -0.0004954598, -0.0002783221
  -43.01612, -0.0002794186, -0.00027796522
  -42.996755, -0.0004950612, -0.00027689344
  -42.932205, -0.0003651176, -0.00027330844
  -42.92575, -4.5839e-05, -0.00027294889
  -42.906385, -0.0003045304, -0.00027186909
  -42.89993, -0.000484299, -0.00027150877
  -42.867655, -0.0001965098, -0.00026970432
  -42.8612, -0.0002834046, -0.00026934286
  -42.8612, -0.000253111, -0.00026934286
  -42.841835, -0.0006014874, -0.00026825731
  -42.803105, -0.0005424946, -0.00026608101
  -42.790195, -0.0005492708, -0.00026535404
  -42.764375, -0.0003663134, -0.00026389778
  -42.764375, -0.0002634746, -0.00026389778
  -42.764375, -0.0002495236, -0.00026389778
  -42.7321, -0.0004731382, -0.0002620731
  -42.699825, -0.000653704, -0.00026024358
  -42.66755, -0.0002044818, -0.0002584092
  -42.648185, -0.0004137468, -0.00025730624
  -42.622365, -0.000322866, -0.0002558329
  -42.622365, -3.26852e-05, -0.0002558329
  -42.61591, -0.0004053762, -0.00025546408
  -42.609455, -0.0002048804, -0.00025509506
  -42.596545, -0.0002479292, -0.00025435644
  -42.583635, -0.0004448376, -0.00025361703
  -42.55136, -0.0003902294, -0.00025176509
  -42.55136, 1.27552e-05, -0.00025176509
  -42.531995, -0.0002754326, -0.00025065158
  -42.519085, -4.54404e-05, -0.00024990825
  -42.506175, -0.0001271534, -0.00024916414
  -42.506175, -0.0002901808, -0.00024916414
  -42.493265, -0.0003336282, -0.00024841925
  -42.493265, -0.0001347268, -0.00024841925
  -42.48681, -0.0003037332, -0.0002480465
  -42.46099, -0.000300943, -0.00024655355
  -42.454535, -0.0002120552, -0.00024617982
  -42.441625, -0.0004201244, -0.00024543177
  -42.42226, -0.0003603344, -0.00024430821
  -42.42226, -4.66362e-05, -0.00024430821
  -42.39644, -0.0001470834, -0.00024280736
  -42.38353, -0.0001351254, -0.00024205575
  -42.377075, -4.14544e-05, -0.00024167964
  -42.37062, -0.0001686078, -0.00024130334
  -42.37062, -0.0003958098, -0.00024130334
  -42.35771, -0.000183356, -0.00024055014
  -42.35771, -0.0001167898, -0.00024055014
  -42.351255, -0.0001889364, -0.00024017324
  -42.351255, -6.29788e-05, -0.00024017324
  -42.3448, -0.0001466848, -0.00023979614
  -42.3448, -0.0002666634, -0.00023979614
  -42.3448, -0.0001371184, -0.00023979614
  -42.3448, -0.0002016916, -0.00023979614
  -42.338345, -2.1923e-05, -0.00023941885
  -42.325435, 0.0001403072, -0.00023866366
  -42.31898, -0.0001777756, -0.00023828576
  -42.31898, -0.0004559984, -0.00023828576
  -42.299615, -0.000430488, -0.00023715089
  -42.26734, -0.0001777756, -0.00023525544
  -42.260885, -0.0002798172, -0.00023487575
  -42.25443, -6.5769e-05, -0.00023449586
  -42.25443, -6.09858e-05, -0.00023449586
  -42.24152, -0.0003986, -0.00023373548
  -42.235065, -0.0004595858, -0.00023335499
  -42.222155, -0.0003081178, -0.00023259341
  -42.209245, -0.0003073206, -0.00023183103
  -42.20279, -0.0003232646, -0.00023144954
  -42.20279, -0.0003184814, -0.00023144954
  -42.196335, -0.0001765798, -0.00023106784
  -42.183425, -0.000237167, -0.00023030386
  -42.183425, -9.5664e-05, -0.00023030386
  -42.17697, -0.0003244604, -0.00022992156
  -42.17697, -0.0002754326, -0.00022992156
  -42.170515, -0.0001825588, -0.00022953906
  -42.170515, -0.0003045304, -0.00022953906
  -42.170515, -0.0003810616, -0.00022953906
  -42.170515, -0.000227202, -0.00022953906
  -42.16406, -0.0002004958, -0.00022915636
  -42.16406, -0.0002853976, -0.00022915636
  -42.15115, -0.0002335796, -0.00022839036
  -42.15115, -0.0001132024, -0.00022839036
  -42.15115, -6.21816e-05, -0.00022839036
  -42.15115, -0.0003531596, -0.00022839036
  -42.15115, -0.000273041, -0.00022839036
  -42.15115, -0.000324859, -0.00022839036
  -42.144695, -0.0001008458, -0.00022800706
  -42.144695, -0.0004691522, -0.00022800706
  -42.13824, -0.0001909294, -0.00022762356
  -42.13824, -0.0001586428, -0.00022762356
  -42.13824, -0.0002519152, -0.00022762356
  -42.13824, -0.0003001458, -0.00022762356
  -42.13824, -0.000310908, -0.00022762356
  -42.13824, -8.68948e-05, -0.00022762356
  -42.13824, -0.0003722924, -0.00022762356
  -42.13824, -0.0002028874, -0.00022762356
  -42.131785, -0.0003192786, -0.00022723985
  -42.131785, -0.0001682092, -0.00022723985
  -42.12533, -0.000314894, -0.00022685595
  -42.12533, -0.0003894322, -0.00022685595
  -42.12533, -0.0001969084, -0.00022685595
  -42.118875, -0.000201293, -0.00022647184
  -42.118875, -5.30138e-05, -0.00022647184
  -42.118875, -0.0002315866, -0.00022647184
  -42.118875, -0.0001885378, -0.00022647184
  -42.118875, -0.0003053276, -0.00022647184
  -42.11242, -0.000157447, -0.00022608752
  -42.11242, -0.000169405, -0.00022608752
  -42.11242, -0.000396607, -0.00022608752
  -42.11242, -0.0003260548, -0.00022608752
  -42.11242, -0.000151468, -0.00022608752
  -42.11242, -0.0001231674, -0.00022608752
  -42.11242, -0.000394614, -0.00022608752
  -42.11242, -0.0002766284, -0.00022608752
  -42.105965, -0.0003942154, -0.00022570301
  -42.105965, 0.000107622, -0.00022570301
  -42.105965, -0.0001741882, -0.00022570301
  -42.105965, -0.0001829574, -0.00022570301
  -42.105965, -0.0002997472, -0.00022570301
  -42.105965, -0.000284999, -0.00022570301
  -42.105965, -0.0002897822, -0.00022570301
  -42.09951, -0.0004117538, -0.0002253183
  -42.09951, -9.44682e-05, -0.0002253183
  -42.09951, -0.0001849504, -0.0002253183
  -42.09951, -0.0001287478, -0.0002253183
  -42.09951, -0.0002315866, -0.0002253183
  -42.09951, -0.000300943, -0.0002253183
  -42.093055, -0.0003264534, -0.00022493338
  -42.093055, -0.0001702022, -0.00022493338
  -42.0866, -4.50418e-05, -0.00022454826
  -42.0866, -0.0002323838, -0.00022454826
  -42.0866, 2.43146e-05, -0.00022454826
  -42.0866, -0.0001490764, -0.00022454826
  -42.0866, -0.0002184328, -0.00022454826
  -42.0866, -0.0002060762, -0.00022454826
  -42.080145, -0.0001191814, -0.00022416294
  -42.07369, -0.000227202, -0.00022377741
  -42.07369, -0.0003093136, -0.00022377741
  -42.067235, -0.0001801672, -0.00022339169
  -42.067235, -0.0002634746, -0.00022339169
  -42.06078, -0.0002016916, -0.00022300576
  -42.06078, -5.14194e-05, -0.00022300576
  -42.06078, -0.0002379642, -0.00022300576
  -42.06078, -0.0001068248, -0.00022300576
  -42.06078, -0.0003005444, -0.00022300576
  -42.054325, -0.0004316838, -0.00022261962
  -42.054325, -1.51468e-05, -0.00022261962
  -42.054325, -7.89228e-05, -0.00022261962
  -42.054325, -0.0002399572, -0.00022261962
  -42.054325, -0.0004061734, -0.00022261962
  -42.054325, -0.00037867, -0.00022261962
  -42.054325, 7.21466e-05, -0.00022261962
  -42.04787, -0.0001977056, -0.00022223329
  -42.04787, -0.000207272, -0.00022223329
  -42.04787, -0.000257097, -0.00022223329
  -42.04787, -0.0002857962, -0.00022223329
  -42.04787, -0.0001877406, -0.00022223329
  -42.04787, -0.0004994458, -0.00022223329
  -42.041415, -6.93564e-05, -0.00022184675
  -42.041415, -0.0004536068, -0.00022184675
  -42.041415, -0.000197307, -0.00022184675
  -42.041415, -0.0001837546, -0.00022184675
  -42.041415, -0.000384649, -0.00022184675
  -42.041415, -0.0001646218, -0.00022184675
  -42.041415, -9.44682e-05, -0.00022184675
  -42.041415, -2.35174e-05, -0.00022184675
  -42.041415, -6.25802e-05, -0.00022184675
  -42.041415, -0.0001765798, -0.00022184675
  -42.041415, -0.0004715438, -0.00022184675
  -42.03496, -0.000233181, -0.00022146001
  -42.03496, -0.0003037332, -0.00022146001
  -42.03496, -0.0004173342, -0.00022146001
  -42.03496, -0.0003081178, -0.00022146001
  -42.03496, -5.3811e-05, -0.00022146001
  -42.03496, -0.0002427474, -0.00022146001
  -42.03496, -0.0002399572, -0.00022146001
  -42.03496, -0.000209265, -0.00022146001
  -42.03496, -8.41046e-05, -0.00022146001
  -42.03496, 3.86642e-05, -0.00022146001
  -42.03496, -0.0003404044, -0.00022146001
  -42.03496, -0.0002535096, -0.00022146001
  -42.03496, -0.0003631246, -0.00022146001
  -42.03496, -0.0002220202, -0.00022146001
  -42.03496, -0.0002447404, -0.00022146001
  -42.03496, -0.0004288936, -0.00022146001
  -42.028505, -0.0001482792, -0.00022107307
  -42.028505, -0.0003818588, -0.00022107307
  -42.028505, -0.0004711452, -0.00022107307
  -42.028505, 5.66012e-05, -0.00022107307
  -42.028505, -0.000149475, -0.00022107307
  -42.028505, -0.0001367198, -0.00022107307
  -42.02205, 5.81956e-05, -0.00022068592
  -42.02205, -0.000267062, -0.00022068592
  -42.02205, -0.0003300408, -0.00022068592
  -42.02205, -0.000221223, -0.00022068592
  -42.02205, -0.0001729924, -0.00022068592
  -42.02205, -0.0003376142, -0.00022068592
  -42.02205, -0.000436467, -0.00022068592
  -42.02205, -0.0001817616, -0.00022068592
  -42.015595, -9.04822e-05, -0.00022029857
  -42.015595, -0.0002766284, -0.00022029857
  -42.015595, -0.0001582442, -0.00022029857
  -42.015595, -0.0003902294, -0.00022029857
  -42.015595, -0.0001993, -0.00022029857
  -42.015595, -8.60976e-05, -0.00022029857
  -42.015595, -0.0002335796, -0.00022029857
  -42.00914, -0.0001737896, -0.00021991102
  -42.00914, -0.0004121524, -0.00021991102
  -42.00914, -0.0002762298, -0.00021991102
  -42.00914, -0.0003750826, -0.00021991102
  -42.00914, -0.0004253062, -0.00021991102
  -42.00914, -0.0005971028, -0.00021991102
  -42.00914, -0.0002794186, -0.00021991102
  -42.002685, -0.0003519638, -0.00021952326
  -42.002685, -7.65312e-05, -0.00021952326
  -42.002685, -0.0001303422, -0.00021952326
  -42.002685, -0.0002527124, -0.00021952326
  -42.002685, -0.0002614816, -0.00021952326
  -42.002685, -0.0002937682, -0.00021952326
  -42.002685, -0.0003065234, -0.00021952326
  -41.99623, -3.34824e-05, -0.0002191353
  -41.99623, -4.9825e-05, -0.0002191353
  -41.99623, -0.0002383628, -0.0002191353
  -41.99623, -0.0002814116, -0.0002191353
  -41.99623, -0.0001566498, -0.0002191353
  -41.99623, -6.7762e-06, -0.0002191353
  -41.989775, -0.0003738868, -0.00021874713
  -41.989775, -0.000203286, -0.00021874713
  -41.989775, -0.0003356212, -0.00021874713
  -41.989775, 0, -0.00021874713
  -41.98332, -0.0004412502, -0.00021835877
  -41.98332, -0.0002901808, -0.00021835877
  -41.98332, -0.0003156912, -0.00021835877
  -41.976865, -0.000161433, -0.0002179702
  -41.976865, -0.000255104, -0.0002179702
  -41.976865, -0.0002913766, -0.0002179702
  -41.97041, -0.0001183842, -0.00021758142
  -41.97041, -6.7762e-05, -0.00021758142
  -41.97041, -0.000267062, -0.00021758142
  -41.9575, -3.5874e-05, -0.00021680326
  -41.9575, -0.0003989986, -0.00021680326
  -41.9575, -6.73634e-05, -0.00021680326
  -41.9575, -0.0005313338, -0.00021680326
  -41.951045, -0.0001845518, -0.00021641387
  -41.951045, -6.89578e-05, -0.00021641387
  -41.951045, -0.0001498736, -0.00021641387
  -41.951045, -0.0001482792, -0.00021641387
  -41.951045, -0.0003121038, -0.00021641387
  -41.951045, -0.0002096636, -0.00021641387
  -41.951045, -0.0002602858, -0.00021641387
  -41.94459, -0.0004001944, -0.00021602428
  -41.94459, -0.0003559498, -0.00021602428
  -41.94459, -0.0004269006, -0.00021602428
  -41.925225, -0.0005149912, -0.00021485428
  -41.925225, -0.0005010402, -0.00021485428
  -41.91877, -0.0002335796, -0.00021446387
  -41.90586, -0.0002264048, -0.00021368243
  -41.899405, -0.000205279, -0.00021329141
  -41.89295, -0.0003770756, -0.00021290018
  -41.88004, -0.000131538, -0.00021211711
  -41.86713, -0.0001391114, -0.00021133322
  -41.86713, -8.88878e-05, -0.00021133322
  -41.860675, -0.0001985028, -0.00021094096
  -41.860675, -0.0001223702, -0.00021094096
  -41.834855, -0.0004791172, -0.00020936989
  -41.834855, -0.0001857476, -0.00020936989
  -41.834855, -0.0001638246, -0.00020936989
  -41.834855, -0.0001877406, -0.00020936989
  -41.834855, -0.000253111, -0.00020936989
  -41.834855, -0.000269055, -0.00020936989
  -41.834855, -9.24752e-05, -0.00020936989
  -41.81549, -0.000211258, -0.00020818942
  -41.81549, -0.0002846004, -0.00020818942
  -41.80258, -0.000171398, -0.00020740142
  -41.78967, -0.0002487264, -0.00020661258
  -41.783215, -5.979e-06, -0.00020621786
  -41.770305, -0.000284999, -0.00020542779
  -41.76385, 0.00013951, -0.00020503244
  -41.757395, -5.85942e-05, -0.00020463689
  -41.75094, -0.0003013416, -0.00020424113
  -41.75094, -0.0002718452, -0.00020424113
  -41.744485, 0.0002834046, -0.00020384516
  -41.744485, 1.1958e-06, -0.00020384516
  -41.73803, -6.65662e-05, -0.00020344899
  -41.73803, 2.3916e-05, -0.00020344899
  -41.731575, -0.0003360198, -0.00020305261
  -41.718665, -6.41746e-05, -0.00020225923
  -41.718665, -6.85592e-05, -0.00020225923
  -41.71221, -5.46082e-05, -0.00020186222
  -41.692845, -0.0002678592, -0.00020066997
  -41.68639, -0.0003782714, -0.00020027214
  -41.667025, -0.0001000486, -0.00019907739
  -41.64766, -0.0003192786, -0.00019788077
  -41.63475, -0.0001777756, -0.00019708198
  -41.63475, -4.90278e-05, -0.00019708198
  -41.60893, -0.000364719, -0.0001954819
  -41.602475, -0.0001259576, -0.00019508135
  -41.59602, -7.81256e-05, -0.0001946806
  -41.58311, 8.3706e-06, -0.00019387847
  -41.5702, -0.000294964, -0.0001930755
  -41.563745, 6.33774e-05, -0.0001926737
  -41.550835, -0.0001343282, -0.00019186948
  -41.550835, -0.0002276006, -0.00019186948
  -41.53147, -0.000476327, -0.00019066156
  -41.53147, -0.0001805658, -0.00019066156
  -41.50565, -0.0003332296, -0.00018904807
  -41.49274, -0.0003659148, -0.00018824006
  -41.460465, -0.000360733, -0.00018621636
  -41.460465, -1.87342e-05, -0.00018621636
  -41.4411, -0.0003113066, -0.0001849996
  -41.42819, 1.91328e-05, -0.00018418737
  -41.408825, -6.01886e-05, -0.00018296744
  -41.40237, -0.0002287964, -0.00018256038
  -41.395915, -0.0002268034, -0.0001821531
  -41.370095, -9.04822e-05, -0.00018052187
  -41.370095, -0.0003097122, -0.00018052187
  -41.36364, -0.000113601, -0.00018011353
  -41.35073, -0.0002977542, -0.00017929621
  -41.33782, -0.0005532568, -0.00017847804
  -41.32491, -0.000452411, -0.00017765903
  -41.312, -0.0003738868, -0.00017683916
  -41.292635, -0.000229195, -0.00017560775
  -41.27327, -0.000342796, -0.00017437443
  -41.27327, -0.0001977056, -0.00017437443
  -41.23454, -0.0002499222, -0.00017190201
  -41.20872, -0.0002024888, -0.00017024944
  -41.20872, -0.0002662648, -0.00017024944
  -41.176445, -0.000320873, -0.0001681789
  -41.176445, -0.0001921252, -0.0001681789
  -41.150625, -0.000195314, -0.0001665186
  -41.137715, -0.0003954112, -0.00016568715
  -41.11835, -0.0004288936, -0.00016443837
  -41.09253, -0.0002993486, -0.0001627703
  -41.086075, -0.0002586914, -0.00016235274
  -41.086075, -0.0003017402, -0.00016235274
  -41.060255, 0.0001686078, -0.00016068034
  -41.060255, -0.0001072234, -0.00016068034
  -41.0538, -0.0001925238, -0.0001602617
  -41.047345, -8.41046e-05, -0.00015984284
  -41.047345, -8.72934e-05, -0.00015984284
  -41.021525, 1.11608e-05, -0.00015816523
  -41.01507, -0.000109615, -0.00015774529
  -41.00216, -0.0002602858, -0.00015690474
  -40.982795, -0.0005225646, -0.0001556423
  -40.96343, -0.0001430974, -0.00015437789
  -40.96343, 4.70348e-05, -0.00015437789
  -40.956975, 9.965e-06, -0.00015395598
  -40.95052, 0.0001223702, -0.00015353386
  -40.95052, 0.0001905308, -0.00015353386
  -40.931155, -0.0004081664, -0.00015226618
  -40.918245, -0.0003439918, -0.00015141996
  -40.89888, -8.45032e-05, -0.000150149
  -40.87306, -6.89578e-05, -0.00014845131
  -40.87306, -0.0002184328, -0.00014845131
  -40.87306, -0.0003320338, -0.00014845131
  -40.853695, -2.11258e-05, -0.00014717573
  -40.853695, -4.90278e-05, -0.00014717573
  -40.853695, -7.972e-07, -0.00014717573
  -40.83433, 9.68598e-05, -0.00014589818
  -40.83433, -0.0001088178, -0.00014589818
  -40.827875, -9.965e-05, -0.00014547189
  -40.827875, -0.0004480264, -0.00014547189
  -40.827875, 0.0001004472, -0.00014547189
  -40.814965, -8.1713e-05, -0.00014461865
  -40.78269, -0.0001104122, -0.00014248168
  -40.76978, -0.000103636, -0.00014162535
  -40.763325, -0.0001351254, -0.00014119685
  -40.763325, -0.0003535582, -0.00014119685
  -40.750415, -0.0002734396, -0.00014033919
  -40.74396, -8.5699e-05, -0.00013991003
  -40.71814, -0.0001231674, -0.00013819117
  -40.70523, -0.0001566498, -0.0001373304
  -40.698775, -3.7867e-05, -0.00013689969
  -40.698775, 0.0001498736, -0.00013689969
  -40.698775, 5.73984e-05, -0.00013689969
  -40.69232, -3.986e-05, -0.00013646875
  -40.69232, -0.000169405, -0.00013646875
  -40.69232, 5.93914e-05, -0.00013646875
  -40.67941, -4.30488e-05, -0.00013560621
  -40.672955, -0.0001562512, -0.00013517461
  -40.672955, -0.0001271534, -0.00013517461
  -40.672955, -8.21116e-05, -0.00013517461
  -40.660045, -6.1783e-05, -0.00013431073
  -40.65359, -9.20766e-05, -0.00013387846
  -40.647135, -5.62026e-05, -0.00013344597
  -40.647135, -0.0001741882, -0.00013344597
  -40.647135, -2.15244e-05, -0.00013344597
  -40.634225, -0.0002463348, -0.00013258031
  -40.61486, 5.1818e-06, -0.00013128015
  -40.608405, -0.0003232646, -0.00013084631
  -40.608405, -0.000201293, -0.00013084631
  -40.60195, -0.0001626288, -0.00013041226
  -40.60195, -0.000245139, -0.00013041226
  -40.58904, 6.89578e-05, -0.00012954347
  -40.58904, -8.45032e-05, -0.00012954347
  -40.58904, 0.0001478806, -0.00012954347
  -40.57613, -4.5839e-05, -0.00012867379
  -40.57613, 7.7727e-05, -0.00012867379
  -40.57613, -0.00011958, -0.00012867379
  -40.57613, -7.5734e-05, -0.00012867379
  -40.569675, -0.0001044332, -0.00012823861
  -40.569675, -0.0003699008, -0.00012823861
  -40.569675, -7.49368e-05, -0.00012823861
  -40.5374, -4.46432e-05, -0.00012605937
  -40.5374, -1.1958e-06, -0.00012605937
  -40.5374, -0.000141503, -0.00012605937
  -40.530945, -0.0002678592, -0.00012562284
  -40.52449, -4.22516e-05, -0.0001251861
  -40.52449, -0.0001012444, -0.0001251861
  -40.52449, -7.972e-05, -0.0001251861
  -40.52449, -1.75384e-05, -0.0001251861
  -40.518035, -8.9685e-05, -0.00012474912
  -40.518035, 7.7727e-05, -0.00012474912
  -40.518035, -9.32724e-05, -0.00012474912
  -40.518035, -0.0001132024, -0.00012474912
  -40.518035, 8.05172e-05, -0.00012474912
  -40.518035, -0.0001287478, -0.00012474912
  -40.51158, -0.0001897336, -0.00012431193
  -40.51158, -3.5874e-05, -0.00012431193
  -40.51158, -0.0002515166, -0.00012431193
  -40.505125, 5.26152e-05, -0.00012387451
  -40.505125, -9.08808e-05, -0.00012387451
  -40.505125, -2.90978e-05, -0.00012387451
  -40.505125, 4.7832e-06, -0.00012387451
  -40.49867, -0.000207272, -0.00012343686
  -40.49867, 0.000125559, -0.00012343686
  -40.49867, 8.84892e-05, -0.00012343686
  -40.49867, -0.0002407544, -0.00012343686
  -40.49867, 0.0001399086, -0.00012343686
  -40.492215, -0.0001686078, -0.00012299899
  -40.492215, 4.70348e-05, -0.00012299899
  -40.48576, -0.0002375656, -0.00012256089
  -40.48576, -0.0001486778, -0.00012256089
  -40.48576, 6.73634e-05, -0.00012256089
  -40.466395, -0.0002176356, -0.00012124524
  -40.453485, -2.75034e-05, -0.00012036702
  -40.453485, 8.09158e-05, -0.00012036702
  -40.44703, 1.23566e-05, -0.00011992757
  -40.44703, -0.000131538, -0.00011992757
  -40.440575, -0.0001582442, -0.00011948789
  -40.440575, -0.0001550554, -0.00011948789
  -40.440575, -0.0001765798, -0.00011948789
  -40.440575, -0.0002861948, -0.00011948789
  -40.43412, -0.0002802158, -0.00011904798
  -40.43412, -3.54754e-05, -0.00011904798
  -40.42121, -0.000302936, -0.0001181675
  -40.4083, -1.75384e-05, -0.00011728611
  -40.401845, 0.0001817616, -0.00011684507
  -40.39539, -0.0002881878, -0.00011640381
  -40.38248, -5.30138e-05, -0.0001155206
  -40.38248, 5.1818e-05, -0.0001155206
  -40.38248, -0.000235174, -0.0001155206
  -40.350205, -6.5769e-05, -0.00011330862
  -40.350205, -0.0002128524, -0.00011330862
  -40.34375, -0.0004480264, -0.00011286554
  -40.337295, -9.5664e-05, -0.00011242223
  -40.337295, 0.000103636, -0.00011242223
  -40.337295, -9.52654e-05, -0.00011242223
  -40.337295, 8.53004e-05, -0.00011242223
  -40.324385, 0.0001419016, -0.00011153494
  -40.30502, -0.000265069, -0.00011020228
  -40.272745, -0.0003352226, -0.00010797663
  -40.26629, -0.000103636, -0.00010753081
  -40.26629, 7.5734e-06, -0.00010753081
  -40.26629, -0.0003376142, -0.00010753081
  -40.26629, -0.0001363212, -0.00010753081
  -40.259835, -0.0001351254, -0.00010708477
  -40.25338, -0.0002036846, -0.00010663849
  -40.25338, -0.0001108108, -0.00010663849
  -40.25338, 8.88878e-05, -0.00010663849
  -40.25338, 0.0001917266, -0.00010663849
  -40.25338, 4.94264e-05, -0.00010663849
  -40.25338, 2.15244e-05, -0.00010663849
  -40.246925, 0.000165419, -0.00010619199
  -40.246925, -0.0004009916, -0.00010619199
  -40.246925, 5.3811e-05, -0.00010619199
  -40.246925, -0.0002467334, -0.00010619199
  -40.24047, -0.0001996986, -0.00010574526
  -40.24047, -0.0001251604, -0.00010574526
  -40.24047, -0.00027902, -0.00010574526
  -40.234015, -0.0003702994, -0.0001052983
  -40.234015, -0.000117587, -0.0001052983
  -40.234015, -0.0002487264, -0.0001052983
  -40.234015, -3.02936e-05, -0.0001052983
  -40.234015, -4.46432e-05, -0.0001052983
  -40.234015, -0.000265069, -0.0001052983
  -40.234015, 1.11608e-05, -0.0001052983
  -40.234015, -4.42446e-05, -0.0001052983
  -40.22756, -0.000183356, -0.00010485111
  -40.22756, -0.0001259576, -0.00010485111
  -40.22756, -0.000235174, -0.00010485111
  -40.22756, -7.41396e-05, -0.00010485111
  -40.22756, -0.0001359226, -0.00010485111
  -40.22756, 6.45732e-05, -0.00010485111
  -40.22756, -6.33774e-05, -0.00010485111
  -40.22756, 1.1958e-05, -0.00010485111
  -40.221105, 0.0001303422, -0.00010440369
  -40.221105, -8.53004e-05, -0.00010440369
  -40.221105, -0.0003400058, -0.00010440369
  -40.221105, -0.0003639218, -0.00010440369
  -40.221105, -0.000243146, -0.00010440369
  -40.221105, -3.1888e-06, -0.00010440369
  -40.221105, -1.67412e-05, -0.00010440369
  -40.221105, -0.0003463834, -0.00010440369
  -40.221105, -0.00027902, -0.00010440369
  -40.221105, -0.000231188, -0.00010440369
  -40.221105, -0.0001143982, -0.00010440369
  -40.221105, -0.000251118, -0.00010440369
  -40.21465, -0.0004041804, -0.00010395604
  -40.21465, -6.45732e-05, -0.00010395604
  -40.21465, 7.29438e-05, -0.00010395604
  -40.21465, -0.0001163912, -0.00010395604
  -40.21465, -0.0002204258, -0.00010395604
  -40.21465, 0.0001139996, -0.00010395604
  -40.208195, 6.13844e-05, -0.00010350816
  -40.208195, -0.0002140482, -0.00010350816
  -40.208195, -0.0001785728, -0.00010350816
  -40.208195, -0.0004376628, -0.00010350816
  -40.208195, -0.000237167, -0.00010350816
  -40.208195, -0.0002507194, -0.00010350816
  -40.208195, -9.7657e-05, -0.00010350816
  -40.208195, -0.0001586428, -0.00010350816
  -40.208195, -0.000302936, -0.00010350816
  -40.208195, -9.1678e-06, -0.00010350816
  -40.208195, -0.0002319852, -0.00010350816
  -40.208195, -0.0003013416, -0.00010350816
  -40.20174, -0.000568005, -0.00010306005
  -40.20174, -2.67062e-05, -0.00010306005
  -40.20174, -0.0002140482, -0.00010306005
  -40.20174, 0.0001458876, -0.00010306005
  -40.20174, -7.1748e-06, -0.00010306005
  -40.20174, -5.979e-05, -0.00010306005
  -40.20174, 9.08808e-05, -0.00010306005
  -40.20174, -0.0002993486, -0.00010306005
  -40.20174, -2.86992e-05, -0.00010306005
  -40.195285, -2.67062e-05, -0.00010261171
  -40.195285, -0.0003101108, -0.00010261171
  -40.195285, -0.000189335, -0.00010261171
  -40.195285, -0.0002566984, -0.00010261171
  -40.195285, -0.0001729924, -0.00010261171
  -40.195285, -0.0003655162, -0.00010261171
  -40.195285, -3.06922e-05, -0.00010261171
  -40.195285, 5.66012e-05, -0.00010261171
  -40.195285, -0.000177377, -0.00010261171
  -40.18883, 8.29088e-05, -0.00010216314
  -40.18883, 7.972e-07, -0.00010216314
  -40.18883, -0.000247132, -0.00010216314
  -40.18883, 0.0001207758, -0.00010216314
  -40.18883, -0.0002220202, -0.00010216314
  -40.18883, -7.53354e-05, -0.00010216314
  -40.18883, -0.0001478806, -0.00010216314
  -40.18883, -8.1713e-05, -0.00010216314
  -40.18883, -0.0002578942, -0.00010216314
  -40.18883, -1.87342e-05, -0.00010216314
  -40.182375, -0.0004659634, -0.00010171435
  -40.182375, -0.000392621, -0.00010171435
  -40.182375, -7.01536e-05, -0.00010171435
  -40.17592, -0.0001040346, -0.00010126532
  -40.17592, 7.25452e-05, -0.00010126532
  -40.17592, -0.0003013416, -0.00010126532
  -40.169465, -0.0001024402, -0.00010081606
  -40.169465, -0.0002024888, -0.00010081606
  -40.169465, 3.30838e-05, -0.00010081606
  -40.16301, 0.0002315866, -0.00010036657
  -40.16301, -1.47482e-05, -0.00010036657
  -40.16301, 5.42096e-05, -0.00010036657
  -40.16301, -0.0003651176, -0.00010036657
  -40.16301, -0.0002180342, -0.00010036657
  -40.16301, -2.51118e-05, -0.00010036657
  -40.156555, -0.0002658662, -9.9916854e-05
  -40.1501, -3.86642e-05, -9.9466905e-05
  -40.143645, -0.0003683064, -9.9016725e-05
  -40.13719, -0.0002236146, -9.8566315e-05
  -40.13719, -0.000225209, -9.8566315e-05
  -40.13719, -6.33774e-05, -9.8566315e-05
  -40.130735, -8.21116e-05, -9.8115674e-05
  -40.130735, 0.0001658176, -9.8115674e-05
  -40.130735, -0.0002303908, -9.8115674e-05
  -40.12428, -0.0002383628, -9.7664802e-05
  -40.12428, -2.27202e-05, -9.7664802e-05
  -40.117825, -0.0003495722, -9.7213699e-05
  -40.117825, 0.0003918238, -9.7213699e-05
  -40.11137, -9.04822e-05, -9.6762365e-05
  -40.11137, 0.000155454, -9.6762365e-05
  -40.104915, -0.0001367198, -9.63108e-05
  -40.104915, -0.0003077192, -9.63108e-05
  -40.104915, -0.0002802158, -9.63108e-05
  -40.08555, -0.0002475306, -9.4954717e-05
  -40.08555, -1.1958e-05, -9.4954717e-05
  -40.079095, -0.0002826074, -9.4502226e-05
  -40.079095, -0.0003332296, -9.4502226e-05
  -40.07264, -0.0002439432, -9.4049504e-05
  -40.07264, 0.000195314, -9.4049504e-05
  -40.05973, -7.45382e-05, -9.3143364e-05
  -40.053275, -0.0002260062, -9.2689946e-05
  -40.053275, 8.05172e-05, -9.2689946e-05
  -40.04682, -8.3706e-06, -9.2236296e-05
  -40.040365, -0.0003260548, -9.1782414e-05
  -40.03391, -0.0001737896, -9.13283e-05
  -40.027455, 5.42096e-05, -9.0873953e-05
  -40.021, -0.0002419502, -9.0419374e-05
  -40.021, -5.46082e-05, -9.0419374e-05
  -40.00809, -0.0002606844, -8.9509518e-05
  -40.00809, -0.00015944, -8.9509518e-05
  -39.99518, -0.0003244604, -8.8598731e-05
  -39.98227, -0.0003902294, -8.7687012e-05
  -39.96936, 0.0001004472, -8.677436e-05
  -39.96936, -0.000336817, -8.677436e-05
  -39.95645, -0.000147482, -8.5860775e-05
  -39.95645, -0.0001080206, -8.5860775e-05
  -39.949995, -0.00035874, -8.5403632e-05
  -39.924175, -0.0002654676, -8.3572723e-05
  -39.911265, -0.0001187828, -8.2655864e-05
  -39.90481, -0.0001805658, -8.2197084e-05
  -39.885445, 5.7797e-05, -8.0819335e-05
  -39.87899, -7.61326e-05, -8.0359616e-05
  -39.872535, -0.0003364184, -7.9899662e-05
  -39.859625, -3.82656e-05, -7.897905e-05
  -39.846715, -0.000488285, -7.8057498e-05
  -39.833805, -0.0001638246, -7.7135004e-05
  -39.833805, -0.0001466848, -7.7135004e-05
  -39.833805, -3.50768e-05, -7.7135004e-05
  -39.81444, -2.3916e-06, -7.5749497e-05
  -39.81444, -6.9755e-05, -7.5749497e-05
  -39.80153, 0.0002626774, -7.4824647e-05
  -39.80153, 0.000191328, -7.4824647e-05
  -39.795075, 0.000173391, -7.4361868e-05
  -39.795075, 3.74684e-05, -7.4361868e-05
  -39.795075, 6.13844e-05, -7.4361868e-05
  -39.78862, -0.0001717966, -7.3898852e-05
  -39.782165, -2.83006e-05, -7.3435601e-05
  -39.769255, 0.0001502722, -7.2508389e-05
  -39.756345, -0.0003041318, -7.1580231e-05
  -39.756345, 0.000201293, -7.1580231e-05
  -39.73698, 0.0001682092, -7.0186218e-05
  -39.71116, 8.7692e-06, -6.8324215e-05
  -39.71116, -0.0001961112, -6.8324215e-05
  -39.71116, -9.965e-05, -6.8324215e-05
  -39.704705, -6.33774e-05, -6.785812e-05
  -39.69825, -1.87342e-05, -6.7391789e-05
  -39.68534, -8.80906e-05, -6.6458412e-05
  -39.67243, -0.0001781742, -6.5524084e-05
  -39.653065, -0.000231188, -6.4120806e-05
  -39.6337, -0.0003121038, -6.2715382e-05
  -39.60788, -0.0003264534, -6.0838142e-05
  -39.575605, 3.986e-05, -5.8486211e-05
  -39.575605, -0.000221223, -5.8486211e-05
  -39.55624, -0.0001741882, -5.7072177e-05
  -39.536875, -9.64612e-05, -5.5655984e-05
  -39.536875, 1.71398e-05, -5.5655984e-05
  -39.536875, -5.89928e-05, -5.5655984e-05
  -39.536875, 4.46432e-05, -5.5655984e-05
  -39.53042, -0.0001478806, -5.5183439e-05
  -39.51751, -0.0003340268, -5.4237629e-05
  -39.5046, -2.3916e-05, -5.3290856e-05
  -39.5046, -0.0001929224, -5.3290856e-05
  -39.485235, 0.0001259576, -5.186889e-05
  -39.47878, 2.7902e-05, -5.139442e-05
  -39.472325, -0.0002303908, -5.0919708e-05
  -39.46587, -0.0002487264, -5.0444755e-05
  -39.45296, -4.50418e-05, -4.9494124e-05
  -39.44005, -7.09508e-05, -4.8542527e-05
  -39.433595, 3.1888e-05, -4.8066366e-05
  -39.41423, -0.0002008944, -4.663643e-05
  -39.407775, 9.1678e-06, -4.6159301e-05
  -39.407775, 6.29788e-05, -4.6159301e-05
  -39.407775, -7.5734e-05, -4.6159301e-05
  -39.394865, -4.66362e-05, -4.5204314e-05
  -39.38841, 8.25102e-05, -4.4726457e-05
  -39.38841, 2.35174e-05, -4.4726457e-05
  -39.356135, -0.000290978, -4.233353e-05
  -39.356135, 3.986e-05, -4.233353e-05
  -39.356135, -0.000133531, -4.233353e-05
  -39.34968, -0.000151468, -4.1854216e-05
  -39.343225, -0.0003140968, -4.1374658e-05
  -39.32386, -0.0001052304, -3.9934523e-05
  -39.29804, 9.72584e-05, -3.8010931e-05
  -39.291585, -0.0003834532, -3.7529423e-05
  -39.28513, -4.1853e-05, -3.7047671e-05
  -39.28513, -0.0001211744, -3.7047671e-05
  -39.28513, 0.000416537, -3.7047671e-05
  -39.28513, 0.0001319366, -3.7047671e-05
  -39.278675, 0.0001279506, -3.6565674e-05
  -39.278675, 0.0003001458, -3.6565674e-05
  -39.27222, -7.29438e-05, -3.6083433e-05
  -39.27222, 0.0001845518, -3.6083433e-05
  -39.265765, -0.0004049776, -3.5600947e-05
  -39.25931, 0.0001937196, -3.5118216e-05
  -39.252855, -0.0001937196, -3.4635241e-05
  -39.239945, 4.22516e-05, -3.3668556e-05
  -39.23349, -0.0001343282, -3.3184845e-05
  -39.22058, -0.0001159926, -3.2216689e-05
  -39.214125, -0.0001080206, -3.1732243e-05
  -39.20767, 9.3671e-05, -3.1247551e-05
  -39.201215, -0.0001327338, -3.0762614e-05
  -39.18185, -6.65662e-05, -2.9306326e-05
  -39.18185, -0.0002861948, -2.9306326e-05
  -39.16894, -1.55454e-05, -2.8334238e-05
  -39.149575, -0.0001686078, -2.6874258e-05
  -39.149575, -6.05872e-05, -2.6874258e-05
  -39.14312, -0.0001478806, -2.6387105e-05
  -39.14312, 0.0002056776, -2.6387105e-05
  -39.136665, 0.0001490764, -2.5899705e-05
  -39.13021, -2.94964e-05, -2.5412059e-05
  -39.123755, -2.86992e-05, -2.4924165e-05
  -39.123755, -0.0001518666, -2.4924165e-05
  -39.123755, 0.0002004958, -2.4924165e-05
  -39.123755, 2.75034e-05, -2.4924165e-05
  -39.1173, 9.00836e-05, -2.4436025e-05
  -39.1173, 0.0003192786, -2.4436025e-05
  -39.110845, -0.0001371184, -2.3947637e-05
  -39.097935, 8.5699e-05, -2.297012e-05
  -39.09148, 7.29438e-05, -2.248099e-05
  -39.09148, 0.0001821602, -2.248099e-05
  -39.085025, -0.0004492222, -2.1991613e-05
  -39.06566, -3.02936e-05, -2.0521995e-05
  -39.059205, 6.05872e-05, -2.0031626e-05
  -39.05275, -0.0001765798, -1.9541009e-05
  -39.020475, -0.0002806144, -1.70842e-05
  -39.01402, -0.0001048318, -1.6592093e-05
  -39.00111, -2.9895e-05, -1.5607131e-05
  -38.994655, 4.74334e-05, -1.5114276e-05
  -38.9882, -0.0001128038, -1.4621172e-05
  -38.97529, -0.0001889364, -1.3634217e-05
  -38.97529, -0.0001921252, -1.3634217e-05
  -38.96238, -0.000143496, -1.2646263e-05
  -38.94947, 5.5804e-06, -1.1657311e-05
  -38.94947, -3.06922e-05, -1.1657311e-05
  -38.94947, -6.7762e-06, -1.1657311e-05
  -38.943015, -0.000121573, -1.116246e-05
  -38.92365, 3.22866e-05, -9.6764056e-06
  -38.91074, -0.0001829574, -8.6844512e-06
  -38.904285, 1.3951e-05, -8.1880982e-06
  -38.904285, -0.0001682092, -8.1880982e-06
  -38.891375, -7.972e-07, -7.1946398e-06
  -38.891375, -0.0001351254, -7.1946398e-06
  -38.878465, 0.0001466848, -6.2001778e-06
  -38.878465, -0.00017937, -6.2001778e-06
  -38.865555, -3.1888e-05, -5.2047113e-06
  -38.865555, 8.45032e-05, -5.2047113e-06
  -38.8591, -0.0001371184, -4.706601e-06
  -38.8591, -0.00015944, -4.706601e-06
  -38.8591, -6.9755e-05, -4.706601e-06
  -38.852645, -0.0001837546, -4.2082393e-06
  -38.852645, -0.000121573, -4.2082393e-06
  -38.84619, 8.45032e-05, -3.7096259e-06
  -38.84619, -0.000147482, -3.7096259e-06
  -38.84619, 0.000161433, -3.7096259e-06
  -38.84619, -1.3951e-05, -3.7096259e-06
  -38.84619, 0.00021923, -3.7096259e-06
  -38.84619, -0.0002064748, -3.7096259e-06
  -38.839735, -0.0001522652, -3.2107609e-06
  -38.839735, 0.000123566, -3.2107609e-06
  -38.826825, -9.04822e-05, -2.2122754e-06
  -38.82037, 9.08808e-05, -1.7126547e-06
  -38.82037, 0.0001777756, -1.7126547e-06
  -38.80746, -0.0003734882, -7.1265675e-07
  -38.79455, -5.66012e-05, 2.8835057e-07
  -38.788095, -6.73634e-05, 7.8923301e-07
  -38.788095, -2.86992e-05, 7.8923301e-07
  -38.78164, -0.0001012444, 1.2903681e-06
  -38.75582, -0.0001183842, 3.2974375e-06
  -38.74291, -2.94964e-05, 4.3024911e-06
  -38.736455, 2.11258e-05, 4.805398e-06
  -38.73, 6.09858e-05, 5.3085585e-06
  -38.73, -9.28738e-05, 5.3085585e-06
  -38.73, -0.00017937, 5.3085585e-06
  -38.73, 0.0002148454, 5.3085585e-06
  -38.723545, -2.9895e-05, 5.8119726e-06
  -38.710635, 0.0002295936, 6.8195623e-06
  -38.710635, -0.0001167898, 6.8195623e-06
  -38.684815, -0.0002698522, 8.8377904e-06
  -38.66545, -4.5839e-05, 1.0354133e-05
  -38.66545, 0.0001446918, 1.0354133e-05
  -38.658995, -0.0002363698, 1.0860089e-05
  -38.646085, 7.972e-06, 1.1872768e-05
  -38.62672, 0.0001725938, 1.3393699e-05
  -38.620265, -5.1818e-05, 1.3901187e-05
  -38.61381, -0.000290978, 1.440893e-05
  -38.6009, -9.965e-06, 1.5425183e-05
  -38.58799, 4.42446e-05, 1.644246e-05
  -38.58799, -0.0004201244, 1.644246e-05
  -38.57508, -0.00013951, 1.7460762e-05
  -38.555715, 0.0004619774, 1.8990137e-05
  -38.555715, 0.0002519152, 1.8990137e-05
  -38.54926, 0.0001518666, 1.9500442e-05
  -38.54926, -0.0003033346, 1.9500442e-05
  -38.54926, 5.81956e-05, 1.9500442e-05
  -38.54926, 0.000147482, 1.9500442e-05
  -38.542805, 0.0001901322, 2.0011003e-05
  -38.542805, 0.000336817, 2.0011003e-05
  -38.542805, -8.01186e-05, 2.0011003e-05
  -38.542805, 8.41046e-05, 2.0011003e-05
  -38.542805, 6.45732e-05, 2.0011003e-05
  -38.51053, 6.01886e-05, 2.2567666e-05
  -38.49762, -0.0001112094, 2.3592133e-05
  -38.491165, -0.0001064262, 2.4104752e-05
  -38.465345, -0.0001303422, 2.615781e-05
  -38.452435, -0.0003144954, 2.7185887e-05
  -38.426615, -0.0002993486, 2.9245145e-05
  -38.40725, -0.0002758312, 3.0792306e-05
  -38.387885, 0.00023916, 3.23418e-05
  -38.362065, -7.25452e-05, 3.4411426e-05
  -38.349155, -9.00836e-05, 3.5447799e-05
  -38.336245, -0.0001889364, 3.6485213e-05
  -38.336245, 0.0002164398, 3.6485213e-05
  -38.32979, 0.000131538, 3.7004311e-05
  -38.31688, -9.80556e-05, 3.8043288e-05
  -38.30397, 0.0001132024, 3.9083308e-05
  -38.297515, 0.0001084192, 3.960371e-05
  -38.297515, 1.03636e-05, 3.960371e-05
  -38.29106, -0.0002877892, 4.0124372e-05
  -38.29106, -2.3916e-05, 4.0124372e-05
  -38.27815, 9.44682e-05, 4.1166482e-05
  -38.258785, 8.88878e-05, 4.2731607e-05
  -38.245875, 4.94264e-05, 4.3776333e-05
  -38.23942, 6.25802e-05, 4.4299089e-05
  -38.232965, -0.0001028388, 4.4822107e-05
  -38.232965, 4.3846e-05, 4.4822107e-05
  -38.232965, 0.0003798658, 4.4822107e-05
  -38.22651, 0.0003132996, 4.5345388e-05
  -38.22651, -3.986e-06, 4.5345388e-05
  -38.22651, -3.62726e-05, 4.5345388e-05
  -38.220055, -0.0001339296, 4.5868931e-05
  -38.220055, 0.0001442932, 4.5868931e-05
  -38.220055, 7.972e-06, 4.5868931e-05
  -38.2136, 7.61326e-05, 4.6392736e-05
  -38.207145, -9.40696e-05, 4.6916804e-05
  -38.20069, -0.0001183842, 4.7441135e-05
  -38.194235, 3.5874e-05, 4.7965728e-05
  -38.194235, 0.0005090122, 4.7965728e-05
  -38.194235, 0.0001211744, 4.7965728e-05
  -38.194235, 0.0001379156, 4.7965728e-05
  -38.18778, -0.0001020416, 4.8490585e-05
  -38.18778, -8.21116e-05, 4.8490585e-05
  -38.18778, -1.7937e-05, 4.8490585e-05
  -38.17487, 0.0001646218, 4.9541087e-05
  -38.17487, 0.0003683064, 4.9541087e-05
  -38.17487, 0.0002519152, 4.9541087e-05
  -38.168415, -0.0002435446, 5.0066734e-05
  -38.168415, 0.0001825588, 5.0066734e-05
  -38.168415, -6.65662e-05, 5.0066734e-05
  -38.168415, -0.0001857476, 5.0066734e-05
  -38.168415, 0.0001526638, 5.0066734e-05
  -38.168415, -4.94264e-05, 5.0066734e-05
  -38.168415, -0.0001044332, 5.0066734e-05
  -38.16196, 0.0002423488, 5.0592643e-05
  -38.16196, -0.0002024888, 5.0592643e-05
  -38.16196, 0.0002064748, 5.0592643e-05
  -38.16196, 0.0002160412, 5.0592643e-05
  -38.16196, -0.0001167898, 5.0592643e-05
  -38.16196, 0.0002523138, 5.0592643e-05
  -38.16196, -0.0001367198, 5.0592643e-05
  -38.16196, 0.0001072234, 5.0592643e-05
  -38.16196, -0.0001626288, 5.0592643e-05
  -38.16196, 0.000396607, 5.0592643e-05
  -38.16196, 5.89928e-05, 5.0592643e-05
  -38.155505, 0.0004392572, 5.1118816e-05
  -38.155505, 0.0002136496, 5.1118816e-05
  -38.155505, 0.0004480264, 5.1118816e-05
  -38.155505, 0.0002459362, 5.1118816e-05
  -38.14905, -4.50418e-05, 5.1645253e-05
  -38.14905, -3.5874e-06, 5.1645253e-05
  -38.14905, 0.0003942154, 5.1645253e-05
  -38.14905, -0.000109615, 5.1645253e-05
  -38.14905, 0.0001442932, 5.1645253e-05
  -38.14905, -0.000149475, 5.1645253e-05
  -38.14905, 0.000187342, 5.1645253e-05
  -38.142595, 2.9895e-05, 5.2171954e-05
  -38.142595, 0.0001068248, 5.2171954e-05
  -38.142595, -7.972e-06, 5.2171954e-05
  -38.142595, 0.000456397, 5.2171954e-05
  -38.142595, 0.0001650204, 5.2171954e-05
  -38.13614, -2.75034e-05, 5.2698918e-05
  -38.13614, 0.0001885378, 5.2698918e-05
  -38.13614, 0.0001438946, 5.2698918e-05
  -38.13614, -9.965e-06, 5.2698918e-05
  -38.13614, 0.0001566498, 5.2698918e-05
  -38.13614, 0.000215244, 5.2698918e-05
  -38.13614, -7.53354e-05, 5.2698918e-05
  -38.13614, 0.0001590414, 5.2698918e-05
  -38.13614, 0.0001407058, 5.2698918e-05
  -38.13614, 3.5874e-05, 5.2698918e-05
  -38.13614, 0.0002279992, 5.2698918e-05
  -38.129685, 0.0001000486, 5.3226146e-05
  -38.129685, 0.0005333268, 5.3226146e-05
  -38.129685, 6.7762e-06, 5.3226146e-05
  -38.129685, -4.62376e-05, 5.3226146e-05
  -38.129685, 1.71398e-05, 5.3226146e-05
  -38.129685, -4.30488e-05, 5.3226146e-05
  -38.129685, -0.00031888, 5.3226146e-05
  -38.129685, -0.000133531, 5.3226146e-05
  -38.129685, 0.000101643, 5.3226146e-05
  -38.129685, 0.0001143982, 5.3226146e-05
  -38.129685, 5.02236e-05, 5.3226146e-05
  -38.12323, 6.29788e-05, 5.3753639e-05
  -38.12323, -6.49718e-05, 5.3753639e-05
  -38.12323, -0.0001379156, 5.3753639e-05
  -38.12323, 9.24752e-05, 5.3753639e-05
  -38.12323, 0.000149475, 5.3753639e-05
  -38.116775, -0.000237167, 5.4281396e-05
  -38.116775, -7.1748e-06, 5.4281396e-05
  -38.116775, 0.0001929224, 5.4281396e-05
  -38.116775, 2.86992e-05, 5.4281396e-05
  -38.116775, 7.61326e-05, 5.4281396e-05
  -38.116775, 0.0004368656, 5.4281396e-05
  -38.116775, 0.000171398, 5.4281396e-05
  -38.116775, -5.3811e-05, 5.4281396e-05
  -38.11032, -0.000111608, 5.4809417e-05
  -38.11032, 9.48668e-05, 5.4809417e-05
  -38.11032, -2.35174e-05, 5.4809417e-05
  -38.11032, 8.05172e-05, 5.4809417e-05
  -38.11032, -5.62026e-05, 5.4809417e-05
  -38.11032, -0.0001147968, 5.4809417e-05
  -38.11032, -4.3846e-05, 5.4809417e-05
  -38.11032, -9.60626e-05, 5.4809417e-05
  -38.11032, -0.0002535096, 5.4809417e-05
  -38.11032, 0.0001183842, 5.4809417e-05
  -38.11032, -0.0001522652, 5.4809417e-05
  -38.11032, 2.43146e-05, 5.4809417e-05
  -38.11032, 4.26502e-05, 5.4809417e-05
  -38.103865, -0.0001861462, 5.5337702e-05
  -38.103865, -8.68948e-05, 5.5337702e-05
  -38.103865, -0.0003264534, 5.5337702e-05
  -38.103865, 0.000241153, 5.5337702e-05
  -38.103865, -0.0002343768, 5.5337702e-05
  -38.103865, 5.93914e-05, 5.5337702e-05
  -38.103865, -4.70348e-05, 5.5337702e-05
  -38.103865, 0.000362726, 5.5337702e-05
  -38.103865, 0.0004037818, 5.5337702e-05
  -38.103865, 0.0003902294, 5.5337702e-05
  -38.09741, -0.0001901322, 5.5866252e-05
  -38.09741, 0.000121573, 5.5866252e-05
  -38.09741, 6.45732e-05, 5.5866252e-05
  -38.09741, 0.0001419016, 5.5866252e-05
  -38.09741, 6.3776e-06, 5.5866252e-05
  -38.09741, 0.0001909294, 5.5866252e-05
  -38.09741, 0.0001797686, 5.5866252e-05
  -38.090955, -8.13144e-05, 5.6395067e-05
  -38.090955, 0.0002786214, 5.6395067e-05
  -38.090955, 0.000143496, 5.6395067e-05
  -38.090955, 0.0001650204, 5.6395067e-05
  -38.090955, 0.0002236146, 5.6395067e-05
  -38.090955, 9.68598e-05, 5.6395067e-05
  -38.090955, -3.74684e-05, 5.6395067e-05
  -38.090955, 0.0002379642, 5.6395067e-05
  -38.0845, -1.1958e-06, 5.6924147e-05
  -38.0845, 0.000715487, 5.6924147e-05
  -38.0845, -0.0001626288, 5.6924147e-05
  -38.0845, 5.979e-06, 5.6924147e-05
  -38.0845, 0.0002240132, 5.6924147e-05
  -38.0845, 2.7902e-06, 5.6924147e-05
  -38.078045, 0.000225209, 5.7453491e-05
  -38.078045, -0.0002164398, 5.7453491e-05
  -38.078045, -0.0002574956, 5.7453491e-05
  -38.07159, 0.0002096636, 5.7983101e-05
  -38.065135, 0.0001462862, 5.8512975e-05
  -38.065135, 6.21816e-05, 5.8512975e-05
  -38.065135, -0.000121573, 5.8512975e-05
  -38.065135, 9.24752e-05, 5.8512975e-05
  -38.05868, 0.0001124052, 5.9043115e-05
  -38.05868, -0.0002961598, 5.9043115e-05
  -38.05868, 0.0002574956, 5.9043115e-05
  -38.05868, -3.86642e-05, 5.9043115e-05
  -38.052225, -1.23566e-05, 5.957352e-05
  -38.052225, -0.000286992, 5.957352e-05
  -38.052225, 0.0003073206, 5.957352e-05
  -38.052225, 4.70348e-05, 5.957352e-05
  -38.052225, 0.0001032374, 5.957352e-05
  -38.04577, -0.000197307, 6.0104191e-05
  -38.04577, 0.0004548026, 6.0104191e-05
  -38.04577, -2.67062e-05, 6.0104191e-05
  -38.039315, 0.0002355726, 6.0635128e-05
  -38.039315, -0.0002953626, 6.0635128e-05
  -38.039315, 6.73634e-05, 6.0635128e-05
  -38.039315, 0.0002885864, 6.0635128e-05
  -38.03286, -3.30838e-05, 6.116633e-05
  -38.026405, -0.0003156912, 6.1697798e-05
  -38.026405, 0.0002240132, 6.1697798e-05
  -38.026405, -0.0001606358, 6.1697798e-05
  -38.01995, -1.87342e-05, 6.2229532e-05
  -38.01995, -0.0002140482, 6.2229532e-05
  -38.013495, 0.0001407058, 6.2761531e-05
  -38.013495, 0.0002626774, 6.2761531e-05
  -38.013495, 0.0003152926, 6.2761531e-05
  -38.013495, 8.68948e-05, 6.2761531e-05
  -38.013495, 0.0002056776, 6.2761531e-05
  -38.013495, 7.01536e-05, 6.2761531e-05
  -38.00704, -2.67062e-05, 6.3293798e-05
  -38.00704, 0.000209265, 6.3293798e-05
  -38.00704, -0.0001347268, 6.3293798e-05
  -38.00704, 8.05172e-05, 6.3293798e-05
  -38.00704, -0.0003057262, 6.3293798e-05
  -38.000585, 0.0002443418, 6.382633e-05
  -38.000585, -0.0003284464, 6.382633e-05
  -38.000585, 0.0001470834, 6.382633e-05
  -38.000585, 1.75384e-05, 6.382633e-05
  -37.99413, -8.9685e-05, 6.4359129e-05
  -37.99413, -0.0002156426, 6.4359129e-05
  -37.99413, -0.0001989014, 6.4359129e-05
  -37.99413, 6.69648e-05, 6.4359129e-05
  -37.99413, 0.0001239646, 6.4359129e-05
  -37.99413, -5.46082e-05, 6.4359129e-05
  -37.99413, 0.0003045304, 6.4359129e-05
  -37.987675, 0.0002957612, 6.4892194e-05
  -37.987675, 2.35174e-05, 6.4892194e-05
  -37.98122, -9.965e-06, 6.5425526e-05
  -37.98122, 0.0001311394, 6.5425526e-05
  -37.98122, 4.42446e-05, 6.5425526e-05
  -37.98122, -7.65312e-05, 6.5425526e-05
  -37.974765, -0.0001088178, 6.5959125e-05
  -37.974765, 0.0004914738, 6.5959125e-05
  -37.96831, 0.0001837546, 6.6492991e-05
  -37.96831, -6.3776e-06, 6.6492991e-05
  -37.96831, -0.000283006, 6.6492991e-05
  -37.96831, 0.0005209702, 6.6492991e-05
  -37.96831, 7.29438e-05, 6.6492991e-05
  -37.961855, 0.0001618316, 6.7027123e-05
  -37.961855, 6.3776e-05, 6.7027123e-05
  -37.961855, -7.53354e-05, 6.7027123e-05
  -37.961855, 8.49018e-05, 6.7027123e-05
  -37.9554, -5.85942e-05, 6.7561523e-05
  -37.9554, -4.34474e-05, 6.7561523e-05
  -37.9554, 0.0005110052, 6.7561523e-05
  -37.948945, 9.32724e-05, 6.809619e-05
  -37.94249, -5.7797e-05, 6.8631124e-05
  -37.94249, -0.0002355726, 6.8631124e-05
  -37.936035, 0.0003105094, 6.9166326e-05
  -37.936035, 6.1783e-05, 6.9166326e-05
  -37.92958, -8.41046e-05, 6.9701795e-05
  -37.923125, -0.0002618802, 7.0237532e-05
  -37.91667, 0.0002363698, 7.0773537e-05
  -37.87794, 4.06572e-05, 7.3995196e-05
  -37.871485, -0.0003551526, 7.4533079e-05
  -37.858575, 0.0001211744, 7.5609651e-05
  -37.858575, 0.0001028388, 7.5609651e-05
  -37.858575, -5.30138e-05, 7.5609651e-05
  -37.85212, -0.0001686078, 7.614834e-05
  -37.832755, 3.62726e-05, 7.7766023e-05
  -37.819845, -0.0001929224, 7.8845825e-05
  -37.819845, 4.06572e-05, 7.8845825e-05
  -37.806935, -6.3776e-05, 7.9926706e-05
  -37.806935, -0.0001478806, 7.9926706e-05
  -37.806935, 0.0001885378, 7.9926706e-05
  -37.80048, -8.21116e-05, 8.0467551e-05
  -37.80048, 0.0004121524, 8.0467551e-05
  -37.80048, 0.000235174, 8.0467551e-05
  -37.78757, -0.0001167898, 8.1550051e-05
  -37.78757, 0.000360733, 8.1550051e-05
  -37.78757, -0.0001426988, 8.1550051e-05
  -37.781115, 0.0002148454, 8.2091707e-05
  -37.77466, -3.42796e-05, 8.2633633e-05
  -37.77466, 0.0002714466, 8.2633633e-05
  -37.768205, 2.47132e-05, 8.3175829e-05
  -37.768205, 1.87342e-05, 8.3175829e-05
  -37.768205, -4.82306e-05, 8.3175829e-05
  -37.76175, 0.000388635, 8.3718296e-05
  -37.76175, -8.7692e-06, 8.3718296e-05
  -37.76175, -0.0001048318, 8.3718296e-05
  -37.76175, -0.000163426, 8.3718296e-05
  -37.755295, 0.0001598386, 8.4261034e-05
  -37.755295, 0.0004675578, 8.4261034e-05
  -37.755295, 0.0001064262, 8.4261034e-05
  -37.755295, -0.0001889364, 8.4261034e-05
  -37.74884, 0.000310908, 8.4804043e-05
  -37.74884, 0.000183356, 8.4804043e-05
  -37.742385, 0.0001678106, 8.5347322e-05
  -37.742385, -6.41746e-05, 8.5347322e-05
  -37.742385, 0.000412551, 8.5347322e-05
  -37.73593, 0.0001423002, 8.5890873e-05
  -37.73593, -5.69998e-05, 8.5890873e-05
  -37.73593, 0.0003332296, 8.5890873e-05
  -37.73593, 0.00013951, 8.5890873e-05
  -37.73593, 0.000255104, 8.5890873e-05
  -37.729475, 0.0002885864, 8.6434695e-05
  -37.72302, 0.0005616274, 8.6978788e-05
  -37.72302, 0.0001438946, 8.6978788e-05
  -37.716565, 0.000412551, 8.7523153e-05
  -37.716565, 0.0002327824, 8.7523153e-05
  -37.716565, 0.0001482792, 8.7523153e-05
  -37.716565, 0.000181363, 8.7523153e-05
  -37.716565, 0.000342796, 8.7523153e-05
  -37.716565, 3.5874e-05, 8.7523153e-05
  -37.71011, 0.0005548512, 8.8067789e-05
  -37.703655, 0.0003057262, 8.8612697e-05
  -37.703655, 0.000215244, 8.8612697e-05
  -37.703655, 0.0002606844, 8.8612697e-05
  -37.703655, -9.28738e-05, 8.8612697e-05
  -37.6972, 0.0003240618, 8.9157876e-05
  -37.6972, 0.0002419502, 8.9157876e-05
  -37.690745, 0.00027902, 8.9703328e-05
  -37.690745, 0.0001837546, 8.9703328e-05
  -37.68429, 0.000263076, 9.0249051e-05
  -37.68429, 6.3776e-05, 9.0249051e-05
  -37.677835, 0.0007449834, 9.0795047e-05
  -37.677835, 0.000227202, 9.0795047e-05
  -37.65847, 0.0001606358, 9.2434668e-05
  -37.65847, -3.82656e-05, 9.2434668e-05
  -37.652015, 0.0002307894, 9.2981753e-05
  -37.64556, -6.05872e-05, 9.3529111e-05
  -37.639105, -0.0003316352, 9.4076742e-05
  -37.60683, 0.00045839, 9.6818993e-05
  -37.587465, -3.82656e-05, 9.8467626e-05
  -37.58101, 3.10908e-05, 9.9017718e-05
  -37.574555, 0.0002355726, 9.9568084e-05
  -37.5681, 0.0002933696, 0.00010011872
  -37.548735, -7.61326e-05, 0.00010177229
  -37.54228, 0.0004500194, 0.00010232403
  -37.51646, 0.0002256076, 0.00010453373
  -37.510005, 0.000243146, 0.00010508684
  -37.50355, 0.0001199786, 0.00010564023
  -37.497095, 1.5944e-06, 0.00010619389
  -37.49064, 0.000205279, 0.00010674783
  -37.484185, 2.51118e-05, 0.00010730205
  -37.47773, -6.21816e-05, 0.00010785654
  -37.471275, 0.0002020902, 0.0001084113
  -37.458365, 0.0001323352, 0.00010952166
  -37.45191, -3.94614e-05, 0.00011007726
  -37.439, 2.5909e-05, 0.00011118928
  -37.42609, 7.1748e-06, 0.00011230241
  -37.419635, 0.0001785728, 0.00011285938
  -37.419635, 0.0003152926, 0.00011285938
  -37.40027, 0.0003970056, 0.00011453198
  -37.38736, -0.0001327338, 0.00011564843
  -37.38736, 0.0002248104, 0.00011564843
  -37.380905, -3.94614e-05, 0.00011620708
  -37.380905, 0.000348775, 0.00011620708
  -37.36154, 0.0001829574, 0.00011788467
  -37.355085, 4.74334e-05, 0.00011844442
  -37.33572, 0.0001905308, 0.00012012536
  -37.33572, 0.0001391114, 0.00012012536
  -37.329265, 0.0001219716, 0.00012068622
  -37.329265, 0.0001478806, 0.00012068622
  -37.3099, 0.0001877406, 0.0001223705
  -37.29699, 0.0003256562, 0.00012349475
  -37.29699, 0.0001506708, 0.00012349475
  -37.29699, 0.000111608, 0.00012349475
  -37.290535, -0.0001092164, 0.00012405729
  -37.264715, 0.0003599358, 0.00012631025
  -37.264715, -9.84542e-05, 0.00012631025
  -37.25826, 0.0003113066, 0.00012687419
  -37.25826, 0.0005273478, 0.00012687419
  -37.251805, 0.0003372156, 0.00012743841
  -37.251805, 0.0001925238, 0.00012743841
  -37.24535, 0.0003894322, 0.00012800291
  -37.24535, 0.0001989014, 0.00012800291
  -37.238895, 4.3846e-05, 0.00012856769
  -37.238895, -1.63426e-05, 0.00012856769
  -37.23244, 5.1818e-06, 0.00012913275
  -37.20662, 0.0002028874, 0.0001313958
  -37.200165, 0.0003284464, 0.00013196227
  -37.19371, 0.0002475306, 0.00013252901
  -37.19371, -4.02586e-05, 0.00013252901
  -37.19371, 0.0003121038, 0.00013252901
  -37.187255, -5.66012e-05, 0.00013309604
  -37.174345, 0.000153461, 0.00013423094
  -37.16789, -0.0001602372, 0.00013479881
  -37.161435, -6.69648e-05, 0.00013536696
  -37.14207, -0.0001203772, 0.00013707311
  -37.11625, 0.0002826074, 0.00013935194
  -37.11625, -3.14894e-05, 0.00013935194
  -37.11625, 0.0002120552, 0.00013935194
  -37.11625, 0.0004288936, 0.00013935194
  -37.10334, 0.0001566498, 0.00014049304
  -37.096885, 0.000207272, 0.00014106402
  -37.096885, 0.0001993, 0.00014106402
  -37.09043, -0.000113601, 0.00014163528
  -37.045245, -0.0001881392, 0.00014564204
  -37.045245, 0.0001985028, 0.00014564204
  -37.03879, 4.7832e-05, 0.00014621557
  -37.032335, 6.73634e-05, 0.00014678939
  -37.02588, 0.000332831, 0.00014736348
  -37.02588, 0.0002766284, 0.00014736348
  -37.02588, 0.0001745868, 0.00014736348
  -37.019425, 0.0002746354, 0.00014793787
  -37.00006, 0.0003519638, 0.00014966272
  -37.00006, 0.0002004958, 0.00014966272
  -37.00006, 4.22516e-05, 0.00014966272
  -37.00006, -2.15244e-05, 0.00014966272
  -36.98715, 0.000211258, 0.00015081405
  -36.98715, 0.0003073206, 0.00015081405
  -36.980695, 1.83356e-05, 0.00015139014
  -36.97424, -5.1818e-06, 0.00015196652
  -36.96133, 3.50768e-05, 0.00015312013
  -36.96133, -1.1958e-05, 0.00015312013
  -36.954875, 0.00015944, 0.00015369737
  -36.954875, 0.0003376142, 0.00015369737
  -36.954875, 0.0001977056, 0.00015369737
  -36.954875, 0.0002236146, 0.00015369737
  -36.954875, 3.22866e-05, 0.00015369737
  -36.954875, 9.08808e-05, 0.00015369737
  -36.94842, 0.000370698, 0.00015427489
  -36.941965, 4.1853e-05, 0.00015485269
  -36.93551, 0.0003978028, 0.00015543078
  -36.93551, 0.000153461, 0.00015543078
  -36.93551, 0.0002379642, 0.00015543078
  -36.93551, 0.0003264534, 0.00015543078
  -36.93551, 0.0002694536, 0.00015543078
  -36.93551, 0.000277027, 0.00015543078
  -36.93551, 0.0003033346, 0.00015543078
  -36.929055, 0.0003898308, 0.00015600916
  -36.929055, 0.000275034, 0.00015600916
  -36.929055, 0.0003563484, 0.00015600916
  -36.929055, 0.0002877892, 0.00015600916
  -36.9226, 0.0002164398, 0.00015658783
  -36.9226, 0.0002084678, 0.00015658783
  -36.9226, 0.0001590414, 0.00015658783
  -36.9226, 0.000149475, 0.00015658783
  -36.916145, 3.3881e-05, 0.00015716678
  -36.916145, -0.0001283492, 0.00015716678
  -36.916145, 0.0001821602, 0.00015716678
  -36.90969, 0.000406572, 0.00015774601
  -36.90969, 0.00035874, 0.00015774601
  -36.90969, 0.0004097608, 0.00015774601
  -36.90969, 0.0003021388, 0.00015774601
  -36.903235, 0.0003531596, 0.00015832554
  -36.903235, 0.0003778728, 0.00015832554
  -36.89678, 0.0001538596, 0.00015890535
  -36.890325, 0.0004719424, 0.00015948545
  -36.890325, 5.89928e-05, 0.00015948545
  -36.890325, 7.85242e-05, 0.00015948545
  -36.88387, 0.000302936, 0.00016006583
  -36.877415, 0.0002303908, 0.0001606465
  -36.877415, -2.07272e-05, 0.0001606465
  -36.877415, 6.21816e-05, 0.0001606465
  -36.877415, 0.0001905308, 0.0001606465
  -36.877415, 0.0004886836, 0.0001606465
  -36.87096, -3.86642e-05, 0.00016122746
  -36.87096, 0.0001582442, 0.00016122746
  -36.87096, 0.0001566498, 0.00016122746
  -36.87096, 7.29438e-05, 0.00016122746
  -36.87096, 4.74334e-05, 0.00016122746
  -36.864505, -0.0001219716, 0.00016180871
  -36.864505, 0.0005903266, 0.00016180871
  -36.864505, 0.00041853, 0.00016180871
  -36.864505, 0.0001721952, 0.00016180871
  -36.864505, 2.75034e-05, 0.00016180871
  -36.864505, 9.48668e-05, 0.00016180871
  -36.85805, 0.0001765798, 0.00016239024
  -36.85805, 0.000135524, 0.00016239024
  -36.85805, 0.000382656, 0.00016239024
  -36.85805, 0.0001271534, 0.00016239024
  -36.85805, 0.0004081664, 0.00016239024
  -36.851595, 8.49018e-05, 0.00016297206
  -36.851595, 0.0002216216, 0.00016297206
  -36.851595, 0.0004436418, 0.00016297206
  -36.84514, 0.0005743826, 0.00016355417
  -36.84514, 0.0001490764, 0.00016355417
  -36.84514, 0.0001271534, 0.00016355417
  -36.84514, 0.0003619288, 0.00016355417
  -36.84514, 7.5734e-06, 0.00016355417
  -36.84514, 0.0001562512, 0.00016355417
  -36.84514, 0.0001558526, 0.00016355417
  -36.838685, 6.61676e-05, 0.00016413657
  -36.838685, 0.000105629, 0.00016413657
  -36.838685, -0.0001526638, 0.00016413657
  -36.838685, 0.000175384, 0.00016413657
  -36.838685, 0.0003045304, 0.00016413657
  -36.838685, 0.0002997472, 0.00016413657
  -36.83223, -0.0001466848, 0.00016471926
  -36.825775, 0.0001981042, 0.00016530223
  -36.825775, 0.000165419, 0.00016530223
  -36.825775, 0.0005568442, 0.00016530223
  -36.81932, 0.0007736826, 0.00016588549
  -36.81932, 0.000406572, 0.00016588549
  -36.812865, 0.0001642232, 0.00016646904
  -36.812865, 0.0001937196, 0.00016646904
  -36.80641, 0.000488285, 0.00016705288
  -36.80641, 0.0002547054, 0.00016705288
  -36.799955, 9.32724e-05, 0.00016763701
  -36.7935, 0.0003615302, 0.00016822143
  -36.7935, -0.0001865448, 0.00016822143
  -36.774135, -9.24752e-05, 0.00016997641
  -36.76768, 0.0004675578, 0.00017056198
  -36.75477, -8.1713e-05, 0.000171734
  -36.748315, 0.0001869434, 0.00017232044
  -36.748315, 0.000296957, 0.00017232044
  -36.74186, 0.0002945654, 0.00017290717
  -36.74186, 0.0002574956, 0.00017290717
  -36.74186, 0.000205279, 0.00017290717
  -36.74186, 0.0002666634, 0.00017290717
  -36.74186, 1.07622e-05, 0.00017290717
  -36.74186, 0.0003372156, 0.00017290717
  -36.74186, 0.0001638246, 0.00017290717
  -36.735405, 0.0006560956, 0.00017349419
  -36.735405, 6.41746e-05, 0.00017349419
  -36.735405, 0.0001945168, 0.00017349419
  -36.72895, 0.0002838032, 0.0001740815
  -36.72895, 0.0001490764, 0.0001740815
  -36.72895, 5.7797e-05, 0.0001740815
  -36.72895, 3.66712e-05, 0.0001740815
  -36.72895, 0.0003942154, 0.0001740815
  -36.72895, 0.0004149426, 0.0001740815
  -36.72895, 0.0003710966, 0.0001740815
  -36.72895, 5.46082e-05, 0.0001740815
  -36.722495, 0.0005424946, 0.0001746691
  -36.722495, 0.000619823, 0.0001746691
  -36.71604, 0.0002818102, 0.000175257
  -36.71604, 0.000480313, 0.000175257
  -36.71604, 0.0003774742, 0.000175257
  -36.709585, 5.50068e-05, 0.00017584518
  -36.709585, 0.0002299922, 0.00017584518
  -36.709585, 0.0002722438, 0.00017584518
  -36.70313, -2.03286e-05, 0.00017643365
  -36.696675, 0.0004141454, 0.00017702241
  -36.696675, 3.74684e-05, 0.00017702241
  -36.696675, 1.87342e-05, 0.00017702241
  -36.696675, -4.7832e-06, 0.00017702241
  -36.696675, -7.1748e-06, 0.00017702241
  -36.696675, 0.00013951, 0.00017702241
  -36.696675, -9.1678e-06, 0.00017702241
  -36.696675, -6.13844e-05, 0.00017702241
  -36.696675, 0.0001658176, 0.00017702241
  -36.696675, 0.000177377, 0.00017702241
  -36.69022, 0.0006429418, 0.00017761147
  -36.69022, 0.0001251604, 0.00017761147
  -36.69022, 0.0002335796, 0.00017761147
  -36.683765, 0.0003974042, 0.00017820081
  -36.683765, 9.84542e-05, 0.00017820081
  -36.683765, 0.0001977056, 0.00017820081
  -36.683765, -9.60626e-05, 0.00017820081
  -36.683765, 4.54404e-05, 0.00017820081
  -36.67731, -6.5769e-05, 0.00017879045
  -36.67731, 4.50418e-05, 0.00017879045
  -36.67731, -7.65312e-05, 0.00017879045
  -36.67731, -0.000131538, 0.00017879045
  -36.67731, 0.0002634746, 0.00017879045
  -36.670855, 0.0002566984, 0.00017938038
  -36.670855, 0.000442446, 0.00017938038
  -36.670855, -8.1713e-05, 0.00017938038
  -36.670855, 0.0004261034, 0.00017938038
  -36.670855, 0.0007358156, 0.00017938038
  -36.670855, -9.12794e-05, 0.00017938038
  -36.670855, 0.0001247618, 0.00017938038
  -36.670855, 0.0001167898, 0.00017938038
  -36.6644, 4.26502e-05, 0.00017997059
  -36.6644, 3.1888e-05, 0.00017997059
  -36.6644, 9.04822e-05, 0.00017997059
  -36.6644, 0.0002240132, 0.00017997059
  -36.6644, 0.000129545, 0.00017997059
  -36.6644, -1.87342e-05, 0.00017997059
  -36.6644, 1.91328e-05, 0.00017997059
  -36.657945, 8.3706e-05, 0.0001805611
  -36.657945, 4.22516e-05, 0.0001805611
  -36.657945, 0.000372691, 0.0001805611
  -36.657945, 0.0004536068, 0.0001805611
  -36.657945, 0.0002427474, 0.0001805611
  -36.657945, 5.73984e-05, 0.0001805611
  -36.657945, 0.000247132, 0.0001805611
  -36.657945, 0.0002180342, 0.0001805611
  -36.65149, 6.61676e-05, 0.00018115191
  -36.65149, -6.69648e-05, 0.00018115191
  -36.65149, 0.0001247618, 0.00018115191
  -36.65149, 0.0001586428, 0.00018115191
  -36.65149, 0.0003495722, 0.00018115191
  -36.65149, 0.0003105094, 0.00018115191
  -36.65149, 0.0002774256, 0.00018115191
  -36.65149, 0.0004137468, 0.00018115191
  -36.645035, 2.3916e-05, 0.000181743
  -36.645035, 0.0004161384, 0.000181743
  -36.645035, 0.0001618316, 0.000181743
  -36.645035, 0.0002901808, 0.000181743
  -36.645035, 7.25452e-05, 0.000181743
  -36.63858, 0.0001108108, 0.00018233439
  -36.63858, 0.0003762784, 0.00018233439
  -36.63858, 0.0003081178, 0.00018233439
  -36.63858, 0.0001506708, 0.00018233439
  -36.632125, 0.0004153412, 0.00018292606
  -36.62567, 0.000356747, 0.00018351803
  -36.62567, 0.0003663134, 0.00018351803
  -36.606305, -5.73984e-05, 0.00018529569
  -36.59985, 3.1888e-05, 0.00018588883
  -36.593395, 0.0004846976, 0.00018648226
  -36.580485, 0.0002941668, 0.00018767
  -36.580485, -3.1888e-05, 0.00018767
  -36.580485, 0.0001781742, 0.00018767
  -36.57403, 0.000476327, 0.00018826431
  -36.57403, 0.0003993972, 0.00018826431
  -36.56112, 0.0005209702, 0.00018945381
  -36.56112, 0.0002156426, 0.00018945381
  -36.56112, 0.0004587886, 0.00018945381
  -36.554665, 0.0001706008, 0.000190049
  -36.554665, 0.0004316838, 0.000190049
  -36.554665, 0.0002144468, 0.000190049
  -36.54821, 0.0003105094, 0.00019064449
  -36.54821, 9.965e-05, 0.00019064449
  -36.541755, 3.5874e-05, 0.00019124027
  -36.528845, 0.0004827046, 0.0001924327
  -36.528845, 5.85942e-05, 0.0001924327
  -36.52239, 0.0002004958, 0.00019302936
  -36.52239, 0.000340803, 0.00019302936
  -36.52239, 0.0005584386, 0.00019302936
  -36.515935, 6.73634e-05, 0.00019362632
  -36.503025, 4.30488e-05, 0.00019482111
  -36.49657, 0.000187342, 0.00019541894
  -36.49657, 0.0002455376, 0.00019541894
  -36.49657, 0.0003240618, 0.00019541894
  -36.49657, 0.0008235076, 0.00019541894
  -36.47075, 0.0001028388, 0.00019781324
  -36.47075, -0.000105629, 0.00019781324
  -36.47075, 0.0001458876, 0.00019781324
  -36.464295, 0.0004854948, 0.00019841255
  -36.45784, -0.0001466848, 0.00019901216
  -36.45784, 0.0003643204, 0.00019901216
  -36.45784, 0.000131538, 0.00019901216
  -36.45784, 0.0004970542, 0.00019901216
  -36.451385, 0.000189335, 0.00019961206
  -36.451385, 4.50418e-05, 0.00019961206
  -36.438475, 0.0002000972, 0.00020081276
  -36.438475, 0.0004360684, 0.00020081276
  -36.438475, 7.09508e-05, 0.00020081276
  -36.438475, 0.0002818102, 0.00020081276
  -36.43202, 9.965e-06, 0.00020141355
  -36.43202, 0.0002614816, 0.00020141355
  -36.425565, 0.0002228174, 0.00020201463
  -36.425565, 0.0002953626, 0.00020201463
  -36.412655, 0.0002299922, 0.0002032177
  -36.399745, 0.000281013, 0.00020442194
  -36.39329, 2.47132e-05, 0.00020502451
  -36.39329, 0.0003156912, 0.00020502451
  -36.38038, 0.0001981042, 0.00020623054
  -36.38038, 0.000283006, 0.00020623054
  -36.38038, 0.000390628, 0.00020623054
  -36.36747, 0.0007402002, 0.00020743775
  -36.36747, 0.000304929, 0.00020743775
  -36.36747, 0.0001072234, 0.00020743775
  -36.36747, 0.0002877892, 0.00020743775
  -36.361015, 0.0003423974, 0.00020804181
  -36.361015, 0.000362726, 0.00020804181
  -36.348105, 0.0006680536, 0.00020925081
  -36.348105, 8.5699e-05, 0.00020925081
  -36.34165, 5.81956e-05, 0.00020985575
  -36.34165, 0.000203286, 0.00020985575
  -36.32874, 0.0003336282, 0.00021106654
  -36.322285, 6.89578e-05, 0.00021167238
  -36.296465, 0.0001191814, 0.00021409872
  -36.29001, 4.14544e-05, 0.00021470605
  -36.2771, 0.0001259576, 0.00021592162
  -36.270645, 0.0002523138, 0.00021652985
  -36.26419, 0.0001662162, 0.00021713837
  -36.25128, 0.0004699494, 0.00021835633
  -36.22546, 0.0003675092, 0.00022079584
  -36.22546, 0.0003396072, 0.00022079584
  -36.219005, 0.0003635232, 0.00022140646
  -36.219005, 0.000422516, 0.00022140646
  -36.219005, 0.0001877406, 0.00022140646
  -36.206095, 0.000235174, 0.00022262862
  -36.17382, 9.1678e-05, 0.00022568927
  -36.17382, 0.0007585358, 0.00022568927
  -36.167365, 0.000145489, 0.0002263023
  -36.167365, 0.0004021874, 0.0002263023
  -36.154455, 0.0003001458, 0.00022752927
  -36.154455, -3.90628e-05, 0.00022752927
  -36.154455, 0.0005006416, 0.00022752927
  -36.148, 0.0003431946, 0.00022814321
  -36.148, 0.0003021388, 0.00022814321
  -36.141545, 0.000416537, 0.00022875745
  -36.115725, 3.3881e-05, 0.00023121742
  -36.09636, 0.0002742368, 0.00023306558
  -36.089905, 0.0004013902, 0.00023368224
  -36.08345, 0.0001132024, 0.0002342992
  -36.076995, 0.00053811, 0.00023491646
  -36.07054, 0.0004496208, 0.00023553403
  -36.064085, 0.0003164884, 0.0002361519
  -36.05763, 0.000129545, 0.00023677007
  -36.051175, 7.85242e-05, 0.00023738854
  -36.051175, 0.0004512152, 0.00023738854
  -36.04472, 0.0006062706, 0.00023800733
  -36.03181, 0.000191328, 0.0002392458
  -36.0189, 0.0003718938, 0.00024048549
  -36.0189, 0.000326852, 0.00024048549
  -36.00599, 5.46082e-05, 0.00024172639
  -36.00599, 0.0002407544, 0.00024172639
  -35.99308, 0.0003982014, 0.00024296852
  -35.99308, 0.0002802158, 0.00024296852
  -35.98017, 0.0001351254, 0.00024421186
  -35.98017, 0.000434474, 0.00024421186
  -35.973715, 0.0001430974, 0.00024483399
  -35.960805, 0.0001993, 0.00024607917
  -35.934985, -0.0001961112, 0.00024857318
  -35.934985, 2.23216e-05, 0.00024857318
  -35.91562, 0.000181363, 0.00025044691
  -35.896255, 0.0006042776, 0.00025232339
  -35.896255, -0.0001430974, 0.00025232339
  -35.883345, 0.000430488, 0.00025357592
  -35.883345, 0.0003830546, 0.00025357592
  -35.87689, 0.0001969084, 0.00025420264
  -35.870435, 0.0003950126, 0.00025482967
  -35.870435, 0.0005994944, 0.00025482967
  -35.86398, 0.0004272992, 0.00025545701
  -35.86398, 0.0002240132, 0.00025545701
  -35.857525, 0.0002774256, 0.00025608465
  -35.857525, 0.0003073206, 0.00025608465
  -35.85107, -0.0001702022, 0.00025671261
  -35.83816, 0.0003431946, 0.00025796943
  -35.831705, 0.0001777756, 0.00025859831
  -35.818795, 0.000231188, 0.00025985699
  -35.818795, 0.0004257048, 0.00025985699
  -35.818795, 0.0002766284, 0.00025985699
  -35.805885, -2.90978e-05, 0.0002611169
  -35.780065, 0.0001590414, 0.00026364042
  -35.780065, 0.0002224188, 0.00026364042
  -35.767155, -4.9825e-05, 0.00026490404
  -35.7607, -7.972e-07, 0.00026553632
  -35.73488, 0.000173391, 0.00026806851
  -35.72197, 0.0003663134, 0.00026933647
  -35.72197, 0.0004396558, 0.00026933647
  -35.72197, 6.53704e-05, 0.00026933647
  -35.715515, 0.000448425, 0.00026997091
  -35.715515, 0.0003423974, 0.00026997091
  -35.69615, -8.5699e-05, 0.00027187611
  -35.69615, 0.0006182286, 0.00027187611
  -35.689695, 0.0001068248, 0.00027251179
  -35.689695, 0.0001147968, 0.00027251179
  -35.68324, 0.0004029846, 0.00027314779
  -35.676785, 0.0005544526, 0.0002737841
  -35.67033, 0.000231188, 0.00027442072
  -35.65742, 0.0003073206, 0.0002756949
  -35.65742, 0.0003152926, 0.0002756949
  -35.650965, 0.0001765798, 0.00027633246
  -35.650965, 0.000328845, 0.00027633246
  -35.64451, 6.73634e-05, 0.00027697032
  -35.638055, 0.0002064748, 0.0002776085
  -35.638055, 0.0003989986, 0.0002776085
  -35.638055, 0.0002100622, 0.0002776085
  -35.638055, 0.0004759284, 0.0002776085
  -35.6316, 0.000340803, 0.000278247
  -35.6316, 0.0002574956, 0.000278247
  -35.6316, 0.0003392086, 0.000278247
  -35.6316, 0.0005094108, 0.000278247
  -35.6316, 0.0006353684, 0.000278247
  -35.625145, 0.0004332782, 0.0002788858
  -35.625145, 0.0003982014, 0.0002788858
  -35.625145, 0.0002997472, 0.0002788858
  -35.625145, 0.00049825, 0.0002788858
  -35.625145, 0.0005133968, 0.0002788858
  -35.625145, 0.0002985514, 0.0002788858
  -35.61869, 0.000324859, 0.00027952492
  -35.61869, 0.0003762784, 0.00027952492
  -35.61869, 0.000464369, 0.00027952492
  -35.612235, 0.0001143982, 0.00028016435
  -35.612235, 0.0002156426, 0.00028016435
  -35.60578, 0.0001977056, 0.00028080409
  -35.599325, 0.0005982986, 0.00028144415
  -35.599325, 6.1783e-05, 0.00028144415
  -35.59287, 0.000631781, 0.00028208452
  -35.59287, 9.40696e-05, 0.00028208452
  -35.59287, 0.0001562512, 0.00028208452
  -35.59287, 0.000245139, 0.00028208452
  -35.586415, 7.972e-05, 0.0002827252
  -35.586415, 0.000310908, 0.0002827252
  -35.586415, -2.15244e-05, 0.0002827252
  -35.57996, 0.0004579914, 0.00028336619
  -35.57996, 0.0001869434, 0.00028336619
  -35.57996, 0.0003539568, 0.00028336619
  -35.57996, 0.0002658662, 0.00028336619
  -35.573505, 0.00017937, 0.0002840075
  -35.573505, 0.0004886836, 0.0002840075
  -35.573505, 0.0003794672, 0.0002840075
  -35.573505, 0.0003778728, 0.0002840075
  -35.573505, 0.0001391114, 0.0002840075
  -35.573505, 0.0001203772, 0.0002840075
  -35.56705, 0.000516187, 0.00028464912
  -35.56705, 0.0003184814, 0.00028464912
  -35.56705, 0.0003276492, 0.00028464912
  -35.560595, 0.0003543554, 0.00028529106
  -35.560595, 0.0003762784, 0.00028529106
  -35.560595, 0.0003296422, 0.00028529106
  -35.560595, 0.0002124538, 0.00028529106
  -35.560595, 0.0002200272, 0.00028529106
  -35.560595, 0.0001797686, 0.00028529106
  -35.560595, 0.0004755298, 0.00028529106
  -35.55414, 0.0003180828, 0.00028593331
  -35.55414, -3.34824e-05, 0.00028593331
  -35.55414, 0.0001387128, 0.00028593331
  -35.55414, 0.0004296908, 0.00028593331
  -35.55414, 0.0002315866, 0.00028593331
  -35.55414, 0.0003914252, 0.00028593331
  -35.55414, 0.000253111, 0.00028593331
  -35.55414, 0.000382656, 0.00028593331
  -35.55414, 0.0002515166, 0.00028593331
  -35.55414, 0.0001642232, 0.00028593331
  -35.55414, 0.000386642, 0.00028593331
  -35.547685, -2.35174e-05, 0.00028657587
  -35.547685, 0.0005851448, 0.00028657587
  -35.547685, 0.0001961112, 0.00028657587
  -35.547685, 0.0002128524, 0.00028657587
  -35.547685, 0.000286992, 0.00028657587
  -35.547685, 0.0004492222, 0.00028657587
  -35.547685, 0.0002080692, 0.00028657587
  -35.54123, 0.0005472778, 0.00028721875
  -35.54123, 0.0003400058, 0.00028721875
  -35.54123, 0.0001881392, 0.00028721875
  -35.534775, 0.0001004472, 0.00028786194
  -35.534775, -7.81256e-05, 0.00028786194
  -35.534775, 0.0005588372, 0.00028786194
  -35.534775, 0.000512201, 0.00028786194
  -35.534775, 0.0003714952, 0.00028786194
  -35.534775, 0.0001407058, 0.00028786194
  -35.534775, 0.0002204258, 0.00028786194
  -35.534775, 0.0001283492, 0.00028786194
  -35.534775, 0.0001598386, 0.00028786194
  -35.52832, 0.000440453, 0.00028850545
  -35.521865, 0.000424509, 0.00028914927
  -35.521865, -8.49018e-05, 0.00028914927
  -35.521865, 0.000263076, 0.00028914927
  -35.521865, 0.0004109566, 0.00028914927
  -35.521865, 0.0001638246, 0.00028914927
  -35.521865, 0.0003033346, 0.00028914927
  -35.51541, 6.7762e-06, 0.0002897934
  -35.51541, 0.0001538596, 0.0002897934
  -35.51541, 0.000412551, 0.0002897934
  -35.51541, 0.0001072234, 0.0002897934
  -35.508955, 0.0006724382, 0.00029043786
  -35.508955, 5.73984e-05, 0.00029043786
  -35.508955, 0.0003013416, 0.00029043786
  -35.5025, 0.0003531596, 0.00029108262
  -35.5025, -9.1678e-05, 0.00029108262
  -35.5025, 0.0004827046, 0.00029108262
  -35.496045, 8.3706e-05, 0.0002917277
  -35.48959, 0.0007824518, 0.0002923731
  -35.483135, 0.0005030332, 0.00029301881
  -35.47668, 0.0001187828, 0.00029366483
  -35.470225, 0.0002343768, 0.00029431118
  -35.46377, 0.0005811588, 0.00029495783
  -35.46377, 0.0006847948, 0.00029495783
  -35.457315, 0.0002578942, 0.00029560481
  -35.457315, 0.0003810616, 0.00029560481
  -35.457315, 0.0001000486, 0.00029560481
  -35.457315, 0.0005584386, 0.00029560481
  -35.457315, 0.0001203772, 0.00029560481
  -35.45086, 6.1783e-05, 0.0002962521
  -35.45086, 0.0004113552, 0.0002962521
  -35.45086, -1.31538e-05, 0.0002962521
  -35.45086, 0.0002666634, 0.0002962521
  -35.45086, -0.0002056776, 0.0002962521
  -35.444405, 0.0001163912, 0.0002968997
  -35.444405, 0.0002120552, 0.0002968997
  -35.444405, -8.5699e-05, 0.0002968997
  -35.43795, 0.0004691522, 0.00029754763
  -35.43795, 0.000326852, 0.00029754763
  -35.431495, 0.000271048, 0.00029819586
  -35.42504, 0.0004639704, 0.00029884442
  -35.42504, 6.89578e-05, 0.00029884442
  -35.42504, 0.0001506708, 0.00029884442
  -35.42504, 0.0006094594, 0.00029884442
  -35.42504, 0.0002220202, 0.00029884442
  -35.418585, 0.0004755298, 0.00029949329
  -35.418585, 8.41046e-05, 0.00029949329
  -35.418585, 0.0002200272, 0.00029949329
  -35.41213, 9.20766e-05, 0.00030014248
  -35.41213, 0.000346782, 0.00030014248
  -35.41213, -3.5874e-05, 0.00030014248
  -35.41213, 0.0002694536, 0.00030014248
  -35.405675, 7.41396e-05, 0.00030079199
  -35.405675, 0.0005106066, 0.00030079199
  -35.405675, 0.0003798658, 0.00030079199
  -35.405675, -5.93914e-05, 0.00030079199
  -35.405675, 0.0007836476, 0.00030079199
  -35.39922, -7.85242e-05, 0.00030144181
  -35.39922, -9.965e-06, 0.00030144181
  -35.39922, 0.0001865448, 0.00030144181
  -35.392765, 0.0004679564, 0.00030209195
  -35.392765, 0.0003443904, 0.00030209195
  -35.392765, 0.0003396072, 0.00030209195
  -35.392765, 0.0004376628, 0.00030209195
  -35.392765, 0.000603879, 0.00030209195
  -35.392765, 0.0002208244, 0.00030209195
  -35.392765, 0.00071748, 0.00030209195
  -35.38631, 0.0002383628, 0.00030274241
  -35.38631, 0.0002415516, 0.00030274241
  -35.38631, 0.0001626288, 0.00030274241
  -35.38631, 0.0004269006, 0.00030274241
  -35.379855, 0.000247132, 0.00030339318
  -35.3734, 3.14894e-05, 0.00030404427
  -35.366945, 7.49368e-05, 0.00030469569
  -35.366945, 1.67412e-05, 0.00030469569
  -35.366945, 0.0002586914, 0.00030469569
  -35.366945, 0.0004448376, 0.00030469569
  -35.366945, 0.0001550554, 0.00030469569
  -35.354035, 0.0002539082, 0.00030599946
  -35.354035, 0.000384649, 0.00030599946
  -35.341125, 0.0002834046, 0.00030730451
  -35.341125, 0.0005672078, 0.00030730451
  -35.33467, 0.0006429418, 0.00030795751
  -35.33467, 8.3706e-05, 0.00030795751
  -35.33467, 0.000185349, 0.00030795751
  -35.315305, 0.0002415516, 0.00030991843
  -35.315305, 0.0005536554, 0.00030991843
  -35.30885, 0.0003125024, 0.00031057271
  -35.302395, 0.0002495236, 0.0003112273
  -35.302395, 0.0003041318, 0.0003112273
  -35.29594, 0.0003718938, 0.00031188222
  -35.29594, 0.0002566984, 0.00031188222
  -35.289485, 0.000131538, 0.00031253745
  -35.28303, -7.5734e-06, 0.00031319301
  -35.28303, 0.000364719, 0.00031319301
  -35.276575, 0.0001442932, 0.00031384888
  -35.276575, 0.0003838518, 0.00031384888
  -35.276575, 2.3916e-05, 0.00031384888
  -35.27012, 0.0004850962, 0.00031450508
  -35.27012, 4.86292e-05, 0.00031450508
  -35.27012, 0.0003531596, 0.00031450508
  -35.263665, 0.0004914738, 0.00031516159
  -35.25721, 0.00021923, 0.00031581843
  -35.237845, 0.000125559, 0.00031779085
  -35.23139, 0.0007537526, 0.00031844897
  -35.23139, 0.0001351254, 0.00031844897
  -35.224935, 0.0003730896, 0.00031910741
  -35.224935, 0.0002582928, 0.00031910741
  -35.21848, 0.0005464806, 0.00031976617
  -35.199115, 0.000271048, 0.00032174437
  -35.199115, -0.0002917752, 0.00032174437
  -35.186205, 0.0004548026, 0.00032306478
  -35.17975, 0.0005233618, 0.00032372547
  -35.17975, 0.0006265992, 0.00032372547
  -35.173295, -0.0001167898, 0.00032438647
  -35.16684, 0.0002802158, 0.00032504781
  -35.147475, 0.0002240132, 0.00032703374
  -35.14102, 0.0004300894, 0.00032769636
  -35.134565, 0.0003898308, 0.0003283593
  -35.134565, 0.000569998, 0.0003283593
  -35.134565, 0.0005895294, 0.0003283593
  -35.134565, -4.70348e-05, 0.0003283593
  -35.12811, 0.0002957612, 0.00032902257
  -35.12811, 0.000245139, 0.00032902257
  -35.121655, 0.0001881392, 0.00032968616
  -35.121655, 0.0001801672, 0.00032968616
  -35.121655, 0.0004930682, 0.00032968616
  -35.1152, 0.0005692008, 0.00033035007
  -35.1152, 0.0003423974, 0.00033035007
  -35.10229, 0.0002076706, 0.00033167887
  -35.10229, 0.0003782714, 0.00033167887
  -35.095835, 0.0003244604, 0.00033234375
  -35.095835, 0.0005731868, 0.00033234375
  -35.082925, 0.000771291, 0.00033367449
  -35.07647, 0.0005110052, 0.00033434035
  -35.070015, 8.64962e-05, 0.00033500653
  -35.070015, 0.0002985514, 0.00033500653
  -35.06356, 0.0005795644, 0.00033567303
  -35.06356, 0.0005245576, 0.00033567303
  -35.031285, -0.0001072234, 0.00033901042
  -35.01192, 8.72934e-05, 0.00034101676
  -35.005465, 0.000422516, 0.00034168619
  -35.005465, 0.000400593, 0.00034168619
  -34.99901, 0.0003934182, 0.00034235595
  -34.99901, 0.0003790686, 0.00034235595
  -34.992555, 0.000510208, 0.00034302603
  -34.992555, 0.0007099066, 0.00034302603
  -34.979645, 0.0001040346, 0.00034436717
  -34.93446, 0.0002806144, 0.00034907145
  -34.93446, 0.000356747, 0.00034907145
  -34.928005, 0.0002766284, 0.0003497448
  -34.915095, 6.13844e-05, 0.00035109248
  -34.915095, 0.000454404, 0.00035109248
  -34.90864, 0.0007087108, 0.00035176681
  -34.902185, 0.0001430974, 0.00035244147
  -34.89573, 0.0005305366, 0.00035311645
  -34.889275, 0.0002256076, 0.00035379177
  -34.86991, 0.0003651176, 0.00035581969
  -34.86991, 0.0004707466, 0.00035581969
  -34.863455, 0.0002279992, 0.00035649631
  -34.857, 0.0002443418, 0.00035717327
  -34.83118, 7.29438e-05, 0.0003598844
  -34.824725, 6.41746e-05, 0.000360563
  -34.798905, 3.66712e-05, 0.00036328072
  -34.785995, 0.0002407544, 0.00036464156
  -34.785995, 0.0004237118, 0.00036464156
  -34.76663, 0.0005193758, 0.0003666853
  -34.76663, 0.0005118024, 0.0003666853
  -34.76663, 0.0001985028, 0.0003666853
  -34.76663, 0.0003958098, 0.0003666853
  -34.76663, 0.0002347754, 0.0003666853
  -34.760175, 0.0003523624, 0.00036736721
  -34.760175, 0.0001363212, 0.00036736721
  -34.75372, 0.000231188, 0.00036804945
  -34.75372, 0.0003483764, 0.00036804945
  -34.747265, 0.0004093622, 0.00036873202
  -34.747265, 0.0002606844, 0.00036873202
  -34.74081, 1.5944e-05, 0.00036941492
  -34.74081, 0.0004850962, 0.00036941492
  -34.734355, 0.0002818102, 0.00037009815
  -34.7279, 0.0002614816, 0.00037078172
  -34.721445, 0.0001482792, 0.00037146562
  -34.721445, 0.000488285, 0.00037146562
  -34.721445, 0.0003463834, 0.00037146562
  -34.721445, 0.0003344254, 0.00037146562
  -34.71499, 0.0004340754, 0.00037214985
  -34.71499, 0.0002654676, 0.00037214985
  -34.71499, 0.0006704452, 0.00037214985
  -34.708535, 0.0006545012, 0.00037283441
  -34.708535, 0.0002307894, 0.00037283441
  -34.70208, 0.0005456834, 0.0003735193
  -34.70208, 0.0004356698, 0.0003735193
  -34.70208, 0.0003376142, 0.0003735193
  -34.70208, 0.0005157884, 0.0003735193
  -34.70208, 0.000432481, 0.0003735193
  -34.70208, 0.000316887, 0.0003735193
  -34.695625, 0.0002746354, 0.00037420453
  -34.695625, 0.0002901808, 0.00037420453
  -34.695625, 0.0002164398, 0.00037420453
  -34.695625, 0.0002004958, 0.00037420453
  -34.695625, 0.0002798172, 0.00037420453
  -34.695625, 0.0005285436, 0.00037420453
  -34.695625, 0.0004675578, 0.00037420453
  -34.695625, 0.0002766284, 0.00037420453
  -34.695625, -8.53004e-05, 0.00037420453
  -34.695625, 0.0001327338, 0.00037420453
  -34.68917, 0.0002893836, 0.00037489009
  -34.68917, 0.0004747326, 0.00037489009
  -34.68917, 0.0002315866, 0.00037489009
  -34.68917, 0.0001044332, 0.00037489009
  -34.68917, 0.0002953626, 0.00037489009
  -34.68917, 0.0005903266, 0.00037489009
  -34.682715, 0.0004870892, 0.00037557598
  -34.682715, 0.0003798658, 0.00037557598
  -34.682715, 0.0003200758, 0.00037557598
  -34.682715, 0.0004488236, 0.00037557598
  -34.682715, 0.0005050262, 0.00037557598
  -34.67626, 0.0004213202, 0.0003762622
  -34.67626, 0.0004918724, 0.0003762622
  -34.67626, 0.0004846976, 0.0003762622
  -34.669805, 0.0005173828, 0.00037694876
  -34.669805, 0.0002893836, 0.00037694876
  -34.66335, 0.0003695022, 0.00037763565
  -34.66335, 0.0006728368, 0.00037763565
  -34.66335, 0.0001020416, 0.00037763565
  -34.66335, 0.0004468306, 0.00037763565
  -34.66335, 0.000470348, 0.00037763565
  -34.656895, 0.0003902294, 0.00037832288
  -34.656895, 0.000269055, 0.00037832288
  -34.656895, 0.0003878378, 0.00037832288
  -34.656895, 7.69298e-05, 0.00037832288
  -34.656895, 0.000468355, 0.00037832288
  -34.65044, 0.0002702508, 0.00037901043
  -34.65044, 5.14194e-05, 0.00037901043
  -34.65044, 0.0002985514, 0.00037901043
  -34.643985, 0.0009040248, 0.00037969833
  -34.643985, 0.0003910266, 0.00037969833
  -34.63753, 0.0006206202, 0.00038038655
  -34.63753, 0.0005616274, 0.00038038655
  -34.631075, 0.0004667606, 0.00038107511
  -34.631075, 0.0007836476, 0.00038107511
  -34.631075, 0.0008043748, 0.00038107511
  -34.62462, 0.0005612288, 0.000381764
  -34.62462, 0.00089685, 0.000381764
  -34.618165, 0.000599893, 0.00038245323
  -34.618165, 0.0003938168, 0.00038245323
  -34.618165, 0.0001423002, 0.00038245323
  -34.618165, 0.0004671592, 0.00038245323
  -34.61171, 0.000356747, 0.00038314279
  -34.61171, 0.0002375656, 0.00038314279
  -34.61171, 0.0005217674, 0.00038314279
  -34.605255, 0.000595907, 0.00038383269
  -34.605255, 0.0002423488, 0.00038383269
  -34.5988, 0.0003264534, 0.00038452292
  -34.5988, 0.0003431946, 0.00038452292
  -34.5988, 0.0006792144, 0.00038452292
  -34.592345, 0.0001761812, 0.00038521348
  -34.592345, 0.0002842018, 0.00038521348
  -34.58589, 0.0007441862, 0.00038590438
  -34.58589, 0.0001012444, 0.00038590438
  -34.579435, 0.0004197258, 0.00038659562
  -34.579435, 0.0003053276, 0.00038659562
  -34.579435, 0.0012268908, 0.00038659562
  -34.579435, 0.0008043748, 0.00038659562
  -34.57298, 0.0002686564, 0.00038728719
  -34.566525, 0.0007190744, 0.0003879791
  -34.566525, 0.0004121524, 0.0003879791
  -34.566525, 0.0001825588, 0.0003879791
  -34.566525, 0.000508215, 0.0003879791
  -34.56007, 0.000482306, 0.00038867134
  -34.56007, 3.986e-06, 0.00038867134
  -34.56007, 0.0008613746, 0.00038867134
  -34.553615, 0.0005624246, 0.00038936391
  -34.553615, 0.0001781742, 0.00038936391
  -34.553615, 0.0005245576, 0.00038936391
  -34.54716, 0.0003978028, 0.00039005683
  -34.54716, 0.000416537, 0.00039005683
  -34.54716, 1.35524e-05, 0.00039005683
  -34.54716, 0.000149475, 0.00039005683
  -34.540705, 0.000340803, 0.00039075008
  -34.540705, 0.0003435932, 0.00039075008
  -34.540705, 0.0002698522, 0.00039075008
  -34.540705, 0.0003025374, 0.00039075008
  -34.540705, 0.000890871, 0.00039075008
  -34.540705, 0.0002706494, 0.00039075008
  -34.540705, 0.0003695022, 0.00039075008
  -34.53425, 0.0005078164, 0.00039144366
  -34.53425, 0.0005169842, 0.00039144366
  -34.53425, 0.0005871378, 0.00039144366
  -34.53425, 0.0005078164, 0.00039144366
  -34.53425, 0.0004966556, 0.00039144366
  -34.53425, 0.0008637662, 0.00039144366
  -34.53425, 0.0003922224, 0.00039144366
  -34.53425, 0.0003196772, 0.00039144366
  -34.53425, 0.0004548026, 0.00039144366
  -34.527795, 0.0003974042, 0.00039213758
  -34.527795, 0.0004316838, 0.00039213758
  -34.527795, 0.0004787186, 0.00039213758
  -34.52134, 0.0002443418, 0.00039283184
  -34.52134, 0.0001606358, 0.00039283184
  -34.514885, 0.0003172856, 0.00039352643
  -34.514885, 0.0006449348, 0.00039352643
  -34.501975, 0.0006748298, 0.00039491663
  -34.501975, 0.000306922, 0.00039491663
  -34.501975, 0.0006808088, 0.00039491663
  -34.501975, 0.0002818102, 0.00039491663
  -34.49552, 0.0003220688, 0.00039561223
  -34.49552, 0.0004520124, 0.00039561223
  -34.489065, 0.0004021874, 0.00039630818
  -34.489065, 0.0002499222, 0.00039630818
  -34.48261, 0.0003898308, 0.00039700445
  -34.48261, 0.000428495, 0.00039700445
  -34.48261, -1.27552e-05, 0.00039700445
  -34.476155, 2.23216e-05, 0.00039770107
  -34.463245, 0.0001662162, 0.00039909532
  -34.45679, 0.0005982986, 0.00039979294
  -34.450335, 0.0005664106, 0.00040049091
  -34.43097, 0.000217237, 0.00040258684
  -34.424515, 0.0002216216, 0.00040328616
  -34.424515, 0.0001981042, 0.00040328616
  -34.424515, 0.0006939626, 0.00040328616
  -34.41806, 0.0004835018, 0.00040398582
  -34.41806, 0.0004520124, 0.00040398582
  -34.41806, 0.0008801088, 0.00040398582
  -34.40515, 6.69648e-05, 0.00040538616
  -34.40515, 0.0001044332, 0.00040538616
  -34.40515, 0.0004408516, 0.00040538616
  -34.40515, 0.0004659634, 0.00040538616
  -34.40515, 0.0004990472, 0.00040538616
  -34.40515, 0.0003938168, 0.00040538616
  -34.40515, 0.0001626288, 0.00040538616
  -34.398695, 0.0002694536, 0.00040608683
  -34.398695, 0.0005325296, 0.00040608683
  -34.398695, 0.0004193272, 0.00040608683
  -34.39224, -0.0001419016, 0.00040678785
  -34.39224, 0.0010048706, 0.00040678785
  -34.39224, 0.0002008944, 0.00040678785
  -34.39224, 0.000767305, 0.00040678785
  -34.39224, 0.0001331324, 0.00040678785
  -34.385785, 0.000350768, 0.0004074892
  -34.385785, 0.0004607816, 0.0004074892
  -34.385785, 0.0009271436, 0.0004074892
  -34.385785, 0.0003659148, 0.0004074892
  -34.385785, 0.000384649, 0.0004074892
  -34.385785, 0.0002965584, 0.0004074892
  -34.385785, 0.0008884794, 0.0004074892
  -34.385785, 0.000605872, 0.0004074892
  -34.385785, 0.000229195, 0.0004074892
  -34.385785, 0.0003511666, 0.0004074892
  -34.37933, 0.0006226132, 0.0004081909
  -34.37933, 0.0006202216, 0.0004081909
  -34.37933, 0.0002415516, 0.0004081909
  -34.37933, 0.0005476764, 0.0004081909
  -34.37933, 0.0004599844, 0.0004081909
  -34.37933, 0.0003085164, 0.0004081909
  -34.37933, 2.55104e-05, 0.0004081909
  -34.372875, 0.000444439, 0.00040889293
  -34.372875, 0.0004898794, 0.00040889293
  -34.372875, 0.0002303908, 0.00040889293
  -34.372875, 0.0004073692, 0.00040889293
  -34.372875, 0.0007326268, 0.00040889293
  -34.372875, 0.0002766284, 0.00040889293
  -34.372875, 0.00047832, 0.00040889293
  -34.372875, 0.0001462862, 0.00040889293
  -34.372875, 0.0001032374, 0.00040889293
  -34.372875, 0.0001996986, 0.00040889293
  -34.36642, 0.000689578, 0.0004095953
  -34.36642, 0.0003671106, 0.0004095953
  -34.36642, 0.0007525568, 0.0004095953
  -34.36642, 0.0010786116, 0.0004095953
  -34.36642, 0.0007107038, 0.0004095953
  -34.36642, 0.0004591872, 0.0004095953
  -34.36642, -1.15594e-05, 0.0004095953
  -34.36642, 0.0005847462, 0.0004095953
  -34.36642, 0.000601886, 0.0004095953
  -34.36642, 0.000416537, 0.0004095953
  -34.36642, 0.0003890336, 0.0004095953
  -34.36642, 0.000585942, 0.0004095953
  -34.36642, 0.0004659634, 0.0004095953
  -34.36642, 0.0002507194, 0.0004095953
  -34.36642, 0.0004950612, 0.0004095953
  -34.36642, 0.0003105094, 0.0004095953
  -34.359965, 0.000601886, 0.00041029802
  -34.359965, 0.0001801672, 0.00041029802
  -34.359965, 0.0002622788, 0.00041029802
  -34.359965, 0.0004791172, 0.00041029802
  -34.359965, 0.000713494, 0.00041029802
  -34.359965, 0.0006820046, 0.00041029802
  -34.359965, 0.0001518666, 0.00041029802
  -34.35351, 0.0003459848, 0.00041100107
  -34.35351, 0.0004571942, 0.00041100107
  -34.35351, 3.3881e-05, 0.00041100107
  -34.35351, 0.0003113066, 0.00041100107
  -34.35351, 0.0002196286, 0.00041100107
  -34.347055, 0.0006182286, 0.00041170447
  -34.347055, 0.000404579, 0.00041170447
  -34.347055, 0.000514194, 0.00041170447
  -34.347055, 0.0006122496, 0.00041170447
  -34.347055, 0.0005110052, 0.00041170447
  -34.347055, 0.0003503694, 0.00041170447
  -34.3406, 0.0001821602, 0.0004124082
  -34.3406, 0.0005851448, 0.0004124082
  -34.3406, 0.000460383, 0.0004124082
  -34.334145, 0.0007286408, 0.00041311228
  -34.334145, 0.0007409974, 0.00041311228
  -34.32769, 0.0008143398, 0.00041381669
  -34.32769, 0.0004129496, 0.00041381669
  -34.32769, 0.0004719424, 0.00041381669
  -34.31478, 0.0001446918, 0.00041522655
  -34.30187, 0.0005815574, 0.00041663777
  -34.295415, 0.0001849504, 0.00041734389
  -34.28896, 0.0003443904, 0.00041805036
  -34.28896, 0.0005979, 0.00041805036
  -34.282505, 0.0005867392, 0.00041875716
  -34.27605, 0.0004069706, 0.00041946431
  -34.27605, 0.0003818588, 0.00041946431
  -34.269595, 0.000490278, 0.0004201718
  -34.269595, 0.0004077678, 0.0004201718
  -34.269595, 0.000532131, 0.0004201718
  -34.26314, 0.0005883336, 0.00042087963
  -34.26314, 0.0004408516, 0.00042087963
  -34.26314, 0.0003595372, 0.00042087963
  -34.256685, 0.000741396, 0.00042158781
  -34.25023, 0.000607865, 0.00042229632
  -34.243775, 0.0003324324, 0.00042300518
  -34.243775, 0.000805172, 0.00042300518
  -34.243775, 0.0002383628, 0.00042300518
  -34.243775, 0.000839053, 0.00042300518
  -34.23732, 0.0002865934, 0.00042371438
  -34.230865, 0.0004037818, 0.00042442393
  -34.230865, 0.0003117052, 0.00042442393
  -34.230865, 0.0009494652, 0.00042442393
  -34.22441, 0.0004671592, 0.00042513382
  -34.217955, -8.7692e-06, 0.00042584405
  -34.217955, 0.0006345712, 0.00042584405
  -34.19859, 0.0005548512, 0.00042797681
  -34.19859, 0.00035874, 0.00042797681
  -34.19859, 0.0002997472, 0.00042797681
  -34.18568, 0.0007047248, 0.00042940036
  -34.179225, 0.0003105094, 0.00043011266
  -34.179225, 0.0004691522, 0.00043011266
  -34.179225, 0.0005237604, 0.00043011266
  -34.17277, 0.0003204744, 0.0004308253
  -34.166315, 0.0005504666, 0.00043153828
  -34.166315, 0.0004950612, 0.00043153828
  -34.15986, 0.0008984444, 0.00043225161
  -34.15986, 0.0004496208, 0.00043225161
  -34.153405, 0.0004420474, 0.00043296528
  -34.153405, 0.0002893836, 0.00043296528
  -34.14695, 0.0005185786, 0.0004336793
  -34.140495, 0.0003017402, 0.00043439366
  -34.13404, 0.0006927668, 0.00043510837
  -34.13404, 0.0007649134, 0.00043510837
  -34.12113, 0.0005688022, 0.00043653882
  -34.12113, 4.74334e-05, 0.00043653882
  -34.114675, 0.0002957612, 0.00043725457
  -34.10822, 0.0008514096, 0.00043797066
  -34.10822, 0.0005094108, 0.00043797066
  -34.09531, 0.0005078164, 0.00043940388
  -34.088855, 0.0005185786, 0.00044012101
  -34.088855, 0.0002068734, 0.00044012101
  -34.088855, 0.0001502722, 0.00044012101
  -34.0824, 0.0007039276, 0.00044083848
  -34.0824, 0.0003284464, 0.00044083848
  -34.075945, 0.0002208244, 0.0004415563
  -34.075945, 0.0003834532, 0.0004415563
  -34.06949, 0.0004850962, 0.00044227447
  -34.063035, 0.0004918724, 0.00044299299
  -34.050125, 5.93914e-05, 0.00044443106
  -34.04367, 0.0003902294, 0.00044515061
  -34.04367, 9.12794e-05, 0.00044515061
  -34.037215, 0.0003934182, 0.00044587052
  -34.037215, -2.86992e-05, 0.00044587052
  -34.03076, 0.0003276492, 0.00044659077
  -34.01785, 0.0006214174, 0.00044803232
  -34.011395, 0.0004412502, 0.00044875361
  -33.998485, 0.0005955084, 0.00045019725
  -33.998485, 0.0005903266, 0.00045019725
  -33.998485, 0.0004651662, 0.00045019725
  -33.97912, 0.0001251604, 0.00045236532
  -33.9533, 0.0003372156, 0.00045526096
  -33.9533, 0.0004528096, 0.00045526096
  -33.946845, 0.00025909, 0.00045598574
  -33.94039, 0.0001602372, 0.00045671088
  -33.933935, 0.0007043262, 0.00045743636
  -33.933935, 0.0002674606, 0.00045743636
  -33.92748, 0.0003180828, 0.0004581622
  -33.92748, 0.0005277464, 0.0004581622
  -33.921025, 0.0003830546, 0.00045888838
  -33.921025, -6.9755e-05, 0.00045888838
  -33.91457, 0.0005325296, 0.00045961492
  -33.91457, 0.0003774742, 0.00045961492
  -33.91457, 0.0004795158, 0.00045961492
  -33.91457, 6.33774e-05, 0.00045961492
  -33.908115, -0.0001311394, 0.0004603418
  -33.908115, 0.0005767742, 0.0004603418
  -33.908115, 0.000245139, 0.0004603418
  -33.908115, 0.0004340754, 0.0004603418
  -33.90166, 0.000619823, 0.00046106904
  -33.90166, 0.0005855434, 0.00046106904
  -33.90166, 0.0003818588, 0.00046106904
  -33.895205, 0.0006923682, 0.00046179662
  -33.895205, 0.000599893, 0.00046179662
  -33.895205, 0.0004416488, 0.00046179662
  -33.895205, 0.0004053762, 0.00046179662
  -33.895205, 0.000384649, 0.00046179662
  -33.88875, 0.0003989986, 0.00046252456
  -33.88875, 9.64612e-05, 0.00046252456
  -33.882295, 9.72584e-05, 0.00046325285
  -33.882295, 6.53704e-05, 0.00046325285
  -33.882295, 0.0004615788, 0.00046325285
  -33.882295, 0.0006226132, 0.00046325285
  -33.882295, 0.0001271534, 0.00046325285
  -33.87584, 0.0005731868, 0.00046398149
  -33.87584, 0.0003954112, 0.00046398149
  -33.87584, -3.986e-06, 0.00046398149
  -33.87584, -5.02236e-05, 0.00046398149
  -33.87584, 0.0006421446, 0.00046398149
  -33.869385, 0.0007864378, 0.00046471048
  -33.869385, 0.0004711452, 0.00046471048
  -33.869385, 0.00063776, 0.00046471048
  -33.869385, 0.0007158856, 0.00046471048
  -33.869385, 0.000354754, 0.00046471048
  -33.86293, 9.1678e-05, 0.00046543982
  -33.86293, 0.0002459362, 0.00046543982
  -33.86293, 0.0009004374, 0.00046543982
  -33.86293, 0.0005751798, 0.00046543982
  -33.86293, 0.0002128524, 0.00046543982
  -33.86293, 0.0004779214, 0.00046543982
  -33.86293, 0.0005145926, 0.00046543982
  -33.86293, 4.06572e-05, 0.00046543982
  -33.86293, 0.0004213202, 0.00046543982
  -33.86293, 0.0004520124, 0.00046543982
  -33.86293, 0.0007270464, 0.00046543982
  -33.856475, 0.000326852, 0.00046616952
  -33.856475, 0.000446432, 0.00046616952
  -33.856475, 0.0004555998, 0.00046616952
  -33.856475, 0.0006413474, 0.00046616952
  -33.85002, 0.0007150884, 0.00046689956
  -33.85002, 0.0004029846, 0.00046689956
  -33.85002, 0.0003695022, 0.00046689956
  -33.843565, 0.000430488, 0.00046762996
  -33.843565, 0.0007716896, 0.00046762996
  -33.843565, 0.0002985514, 0.00046762996
  -33.83711, 0.0004675578, 0.00046836071
  -33.83711, 0.0005129982, 0.00046836071
  -33.83711, 0.00053811, 0.00046836071
  -33.83711, 0.0004679564, 0.00046836071
  -33.83711, 0.0005568442, 0.00046836071
  -33.83711, 0.0004827046, 0.00046836071
  -33.83711, 0.0006580886, 0.00046836071
  -33.83711, 0.0005652148, 0.00046836071
  -33.830655, 0.0006640676, 0.00046909181
  -33.8242, 0.0006265992, 0.00046982327
  -33.8242, 0.0002104608, 0.00046982327
  -33.817745, 0.0003742854, 0.00047055508
  -33.817745, 0.0005492708, 0.00047055508
  -33.817745, 0.0006552984, 0.00047055508
  -33.81129, 0.0004990472, 0.00047128724
  -33.81129, 0.0002937682, 0.00047128724
  -33.81129, 0.000390628, 0.00047128724
  -33.804835, 0.0006521096, 0.00047201975
  -33.79838, 0.000300943, 0.00047275262
  -33.791925, 0.0005257534, 0.00047348584
  -33.791925, 0.0002881878, 0.00047348584
  -33.78547, 0.0003714952, 0.00047421941
  -33.779015, 0.000779263, 0.00047495334
  -33.779015, 0.0006206202, 0.00047495334
  -33.779015, 0.0003794672, 0.00047495334
  -33.779015, 0.0007138926, 0.00047495334
  -33.779015, 0.0002901808, 0.00047495334
  -33.77256, 0.0003934182, 0.00047568762
  -33.77256, 0.0004846976, 0.00047568762
  -33.77256, 0.0002339782, 0.00047568762
  -33.766105, 0.0005632218, 0.00047642225
  -33.766105, 0.0001706008, 0.00047642225
  -33.766105, 0.00041853, 0.00047642225
  -33.766105, 0.0005867392, 0.00047642225
  -33.75965, 0.0001207758, 0.00047715724
  -33.753195, 0.0005333268, 0.00047789258
  -33.740285, 0.0003073206, 0.00047936433
  -33.740285, 0.0001977056, 0.00047936433
  -33.740285, 0.0007031304, 0.00047936433
  -33.73383, 0.000197307, 0.00048010074
  -33.73383, 0.0003838518, 0.00048010074
  -33.73383, 0.0005791658, 0.00048010074
  -33.73383, 0.0002674606, 0.00048010074
  -33.73383, 0.0004898794, 0.00048010074
  -33.73383, 0.0006648648, 0.00048010074
  -33.727375, 0.0005074178, 0.0004808375
  -33.727375, 0.0002307894, 0.0004808375
  -33.727375, 0.0003200758, 0.0004808375
  -33.727375, 0.0001179856, 0.0004808375
  -33.727375, 0.0005943126, 0.0004808375
  -33.727375, 0.00049825, 0.0004808375
  -33.727375, 1.43496e-05, 0.0004808375
  -33.72092, 0.0001271534, 0.00048157461
  -33.72092, 0.0004109566, 0.00048157461
  -33.72092, 0.0002184328, 0.00048157461
  -33.72092, 0.0005967042, 0.00048157461
  -33.72092, 0.0003934182, 0.00048157461
  -33.72092, 0.0006712424, 0.00048157461
  -33.72092, 0.0001510694, 0.00048157461
  -33.714465, 0.0007820532, 0.00048231208
  -33.714465, 0.0002873906, 0.00048231208
  -33.714465, 0.0005576414, 0.00048231208
  -33.714465, 0.0009311296, 0.00048231208
  -33.714465, 0.0001151954, 0.00048231208
  -33.70801, 0.0003280478, 0.00048304991
  -33.70801, 0.0003619288, 0.00048304991
  -33.70801, 0.000468355, 0.00048304991
  -33.70801, 0.000540103, 0.00048304991
  -33.701555, 0.0003340268, 0.00048378809
  -33.701555, 0.0003491736, 0.00048378809
  -33.701555, 0.0006146412, 0.00048378809
  -33.701555, 0.0004456348, 0.00048378809
  -33.701555, 0.000583949, 0.00048378809
  -33.701555, 0.0001618316, 0.00048378809
  -33.701555, 0.0004771242, 0.00048378809
  -33.701555, 0.0004815088, 0.00048378809
  -33.701555, 0.0007306338, 0.00048378809
  -33.6951, 0.00027902, 0.00048452662
  -33.6951, 0.0004910752, 0.00048452662
  -33.6951, 0.0004751312, 0.00048452662
  -33.6951, 0.0001717966, 0.00048452662
  -33.6951, 0.0002933696, 0.00048452662
  -33.6951, 0.0008406474, 0.00048452662
  -33.688645, 0.0003423974, 0.00048526552
  -33.688645, -9.40696e-05, 0.00048526552
  -33.688645, 0.000372691, 0.00048526552
  -33.688645, 0.0005967042, 0.00048526552
  -33.688645, 0.0006226132, 0.00048526552
  -33.688645, 0.000568005, 0.00048526552
  -33.688645, 0.0005412988, 0.00048526552
  -33.688645, 0.0005955084, 0.00048526552
  -33.688645, 0.0004691522, 0.00048526552
  -33.688645, 0.0004870892, 0.00048526552
  -33.688645, 0.0001702022, 0.00048526552
  -33.688645, 0.0006883822, 0.00048526552
  -33.688645, 0.0005596344, 0.00048526552
  -33.688645, 0.0003679078, 0.00048526552
  -33.688645, 0.0003659148, 0.00048526552
  -33.688645, 0.0001187828, 0.00048526552
  -33.688645, 0.0007696966, 0.00048526552
  -33.688645, 0.0004173342, 0.00048526552
  -33.688645, 0.0004101594, 0.00048526552
  -33.68219, 0.0003372156, 0.00048600476
  -33.68219, 0.0002220202, 0.00048600476
  -33.68219, 0.0002654676, 0.00048600476
  -33.68219, 0.0005293408, 0.00048600476
  -33.68219, 0.000571991, 0.00048600476
  -33.68219, 0.00045839, 0.00048600476
  -33.68219, 0.0004627746, 0.00048600476
  -33.68219, 0.0005269492, 0.00048600476
  -33.68219, 0.000671641, 0.00048600476
  -33.675735, 0.0006509138, 0.00048674437
  -33.675735, 0.0002806144, 0.00048674437
  -33.675735, 0.0008733326, 0.00048674437
  -33.675735, 0.000530138, 0.00048674437
  -33.675735, 0.0006034804, 0.00048674437
  -33.675735, 0.0005935154, 0.00048674437
  -33.66928, 0.0005444876, 0.00048748433
  -33.66928, 0.0004189286, 0.00048748433
  -33.66928, 0.0003144954, 0.00048748433
  -33.66928, 0.0004269006, 0.00048748433
  -33.662825, 0.0005165856, 0.00048822464
  -33.662825, 0.0007549484, 0.00048822464
  -33.662825, 0.000595907, 0.00048822464
  -33.662825, 0.000849018, 0.00048822464
  -33.662825, 0.0002383628, 0.00048822464
  -33.65637, 0.0005823546, 0.00048896532
  -33.65637, 0.0007402002, 0.00048896532
  -33.649915, 0.0005652148, 0.00048970635
  -33.649915, 0.000853004, 0.00048970635
  -33.649915, 9.965e-06, 0.00048970635
  -33.64346, 0.0006010888, 0.00049044773
  -33.64346, 0.000380663, 0.00049044773
  -33.64346, 0.0005688022, 0.00049044773
  -33.637005, 0.0005030332, 0.00049118948
  -33.63055, 0.0004428446, 0.00049193158
  -33.63055, 0.0003160898, 0.00049193158
  -33.63055, 0.000659683, 0.00049193158
  -33.63055, 0.000898843, 0.00049193158
  -33.63055, 0.0006110538, 0.00049193158
  -33.624095, 0.000880906, 0.00049267403
  -33.61764, 0.0008278922, 0.00049341685
  -33.61764, 0.0007565428, 0.00049341685
  -33.61764, 3.54754e-05, 0.00049341685
  -33.61764, 0.0008075636, 0.00049341685
  -33.611185, 0.0002268034, 0.00049416002
  -33.60473, 0.0002555026, 0.00049490355
  -33.598275, 0.0004217188, 0.00049564744
  -33.59182, 0.0004093622, 0.00049639168
  -33.585365, 0.0006812074, 0.00049713629
  -33.585365, 0.0007649134, 0.00049713629
  -33.57891, 0.0007362142, 0.00049788125
  -33.572455, 0.0003336282, 0.00049862657
  -33.572455, 0.0004081664, 0.00049862657
  -33.566, 0.0003431946, 0.00049937225
  -33.566, 0.000328845, 0.00049937225
  -33.566, 0.0006389558, 0.00049937225
  -33.559545, 0.000569998, 0.00050011829
  -33.55309, 0.0007685008, 0.00050086468
  -33.55309, 0.0005385086, 0.00050086468
  -33.546635, 0.0008087594, 0.00050161144
  -33.54018, 0.000524159, 0.00050235856
  -33.533725, 0.0002754326, 0.00050310603
  -33.52727, 0.00067762, 0.00050385386
  -33.52727, 0.0002881878, 0.00050385386
  -33.52727, 0.0004221174, 0.00050385386
  -33.51436, 0.000575977, 0.00050535061
  -33.51436, 0.000799193, 0.00050535061
  -33.51436, 0.000227202, 0.00050535061
  -33.507905, 0.0005616274, 0.00050609953
  -33.50145, 0.0002905794, 0.0005068488
  -33.494995, 0.0003730896, 0.00050759843
  -33.482085, 0.0001837546, 0.00050909878
  -33.482085, 0.0007425918, 0.00050909878
  -33.482085, 0.0002722438, 0.00050909878
  -33.469175, 0.000795207, 0.00051060058
  -33.46272, 0.0003539568, 0.00051135202
  -33.46272, 0.0004500194, 0.00051135202
  -33.456265, 0.0006788158, 0.00051210382
  -33.456265, 0.0004619774, 0.00051210382
  -33.44981, 0.0005711938, 0.00051285598
  -33.44981, 0.0005684036, 0.00051285598
  -33.44981, 0.0005795644, 0.00051285598
  -33.443355, 0.0004352712, 0.0005136085
  -33.4369, 0.0004017888, 0.00051436138
  -33.430445, 0.0007497666, 0.00051511463
  -33.430445, 0.0003734882, 0.00051511463
  -33.42399, 0.0002527124, 0.00051586824
  -33.42399, 0.0005010402, 0.00051586824
  -33.417535, 0.0009191716, 0.00051662221
  -33.417535, 0.0005034318, 0.00051662221
  -33.417535, 0.0006692494, 0.00051662221
  -33.39817, 0.0002160412, 0.00051888629
  -33.39817, 0.0005209702, 0.00051888629
  -33.37235, 0.0007561442, 0.00052191015
  -33.365895, 0.000488285, 0.00052266703
  -33.365895, 0.0008019832, 0.00052266703
  -33.365895, 0.0003535582, 0.00052266703
  -33.365895, 0.0005572428, 0.00052266703
  -33.35944, 0.0002188314, 0.00052342426
  -33.35944, 0.0004611802, 0.00052342426
  -33.35944, 0.0005173828, 0.00052342426
  -33.352985, 0.000548075, 0.00052418187
  -33.352985, 0.0004272992, 0.00052418187
  -33.352985, 0.0008721368, 0.00052418187
  -33.34653, 0.000607865, 0.00052493983
  -33.34653, 0.0003615302, 0.00052493983
  -33.34653, 0.000392621, 0.00052493983
  -33.340075, 0.0007286408, 0.00052569816
  -33.340075, 0.0005329282, 0.00052569816
  -33.33362, 0.0007111024, 0.00052645685
  -33.33362, 0.0004870892, 0.00052645685
  -33.327165, 0.0007079136, 0.00052721591
  -33.327165, 0.000665662, 0.00052721591
  -33.32071, 0.0006680536, 0.00052797533
  -33.32071, 0.0008143398, 0.00052797533
  -33.32071, 0.000747375, 0.00052797533
  -33.32071, 0.0004177328, 0.00052797533
  -33.314255, 0.00051818, 0.00052873512
  -33.314255, 0.0006967528, 0.00052873512
  -33.314255, 0.0004480264, 0.00052873512
  -33.3078, 0.0008159342, 0.00052949527
  -33.301345, 0.0003543554, 0.00053025579
  -33.301345, 0.0008255006, 0.00053025579
  -33.301345, 0.0004229146, 0.00053025579
  -33.301345, 0.000731431, 0.00053025579
  -33.29489, 0.0002846004, 0.00053101667
  -33.29489, 0.0005265506, 0.00053101667
  -33.288435, 0.0004739354, 0.00053177792
  -33.288435, 0.0002622788, 0.00053177792
  -33.28198, 0.0007577386, 0.00053253953
  -33.28198, 0.0003822574, 0.00053253953
  -33.275525, 0.000376677, 0.00053330151
  -33.275525, 0.0004412502, 0.00053330151
  -33.262615, 0.0003551526, 0.00053482656
  -33.25616, 0.0005727882, 0.00053558964
  -33.25616, 0.000556047, 0.00053558964
  -33.25616, 0.0006684522, 0.00053558964
  -33.249705, 0.0006740326, 0.00053635308
  -33.249705, 0.0007190744, 0.00053635308
  -33.249705, 0.0003989986, 0.00053635308
  -33.249705, 0.0006461306, 0.00053635308
  -33.24325, 0.0006174314, 0.00053711689
  -33.236795, 0.000703529, 0.00053788106
  -33.236795, 0.0004990472, 0.00053788106
  -33.236795, 0.0002315866, 0.00053788106
  -33.236795, 0.00061783, 0.00053788106
  -33.23034, 0.0007916196, 0.00053864561
  -33.23034, 0.0002144468, 0.00053864561
  -33.23034, 0.000562026, 0.00053864561
  -33.23034, 0.0004811102, 0.00053864561
  -33.23034, 0.0002694536, 0.00053864561
  -33.223885, 0.0010128426, 0.00053941052
  -33.223885, 0.0004767256, 0.00053941052
  -33.223885, 0.0003543554, 0.00053941052
  -33.21743, 0.0007306338, 0.00054017579
  -33.210975, 0.0003376142, 0.00054094144
  -33.210975, 0.0004312852, 0.00054094144
  -33.210975, 0.0002574956, 0.00054094144
  -33.210975, 0.0002180342, 0.00054094144
  -33.210975, 0.0006792144, 0.00054094144
  -33.210975, 0.0006385572, 0.00054094144
  -33.20452, 0.0005129982, 0.00054170745
  -33.20452, 0.0005843476, 0.00054170745
  -33.20452, 0.0002423488, 0.00054170745
  -33.20452, 0.0004288936, 0.00054170745
  -33.20452, 0.0007800602, 0.00054170745
  -33.20452, 0.000605872, 0.00054170745
  -33.198065, 0.0009000388, 0.00054247383
  -33.19161, 0.0004436418, 0.00054324057
  -33.19161, 0.0003519638, 0.00054324057
  -33.19161, 0.0007019346, 0.00054324057
  -33.185155, 0.0005189772, 0.00054400769
  -33.185155, 0.0007708924, 0.00054400769
  -33.185155, 0.0001725938, 0.00054400769
  -33.1787, 0.0006150398, 0.00054477517
  -33.1787, 0.0001008458, 0.00054477517
  -33.1787, 0.0005911238, 0.00054477517
  -33.172245, 0.0004296908, 0.00054554302
  -33.172245, 0.0005273478, 0.00054554302
  -33.172245, 0.0009618218, 0.00054554302
  -33.172245, 0.0003535582, 0.00054554302
  -33.172245, 0.000609858, 0.00054554302
  -33.172245, 0.000476327, 0.00054554302
  -33.16579, 0.000530138, 0.00054631124
  -33.16579, 0.0007039276, 0.00054631124
  -33.16579, 0.0003077192, 0.00054631124
  -33.16579, 0.0004496208, 0.00054631124
  -33.16579, 0.0011511568, 0.00054631124
  -33.159335, 0.0002367684, 0.00054707983
  -33.159335, 0.0006393544, 0.00054707983
  -33.15288, 0.0005349212, 0.00054784878
  -33.15288, 0.0004536068, 0.00054784878
  -33.146425, 0.0002965584, 0.00054861811
  -33.13997, 4.66362e-05, 0.0005493878
  -33.13997, 0.0006182286, 0.0005493878
  -33.13997, 0.0004480264, 0.0005493878
  -33.13997, 0.0004986486, 0.0005493878
  -33.13997, 0.0001741882, 0.0005493878
  -33.13997, 0.0005337254, 0.0005493878
  -33.13997, 0.000328845, 0.0005493878
  -33.13997, 0.0008745284, 0.0005493878
  -33.133515, 0.0006572914, 0.00055015786
  -33.133515, 0.000902829, 0.00055015786
  -33.133515, 0.0006744312, 0.00055015786
  -33.133515, 0.0004567956, 0.00055015786
  -33.133515, 0.0007760742, 0.00055015786
  -33.12706, 0.000380663, 0.0005509283
  -33.12706, 0.0006365642, 0.0005509283
  -33.12706, 0.0003300408, 0.0005509283
  -33.12706, 0.0004476278, 0.0005509283
  -33.120605, 0.0005030332, 0.0005516991
  -33.120605, 0.0006034804, 0.0005516991
  -33.120605, 0.0003416002, 0.0005516991
  -33.120605, 0.0005157884, 0.0005516991
  -33.120605, 0.000544089, 0.0005516991
  -33.11415, 0.0003631246, 0.00055247027
  -33.11415, 0.0009104024, 0.00055247027
  -33.11415, 0.0006385572, 0.00055247027
  -33.11415, 0.0004870892, 0.00055247027
  -33.11415, 0.0005169842, 0.00055247027
  -33.11415, 0.0005237604, 0.00055247027
  -33.11415, 0.0007983958, 0.00055247027
  -33.11415, 0.0005516624, 0.00055247027
  -33.107695, 0.0009319268, 0.00055324181
  -33.107695, 0.0006644662, 0.00055324181
  -33.107695, 0.0006851934, 0.00055324181
  -33.107695, 0.0004089636, 0.00055324181
  -33.107695, 0.0007836476, 0.00055324181
  -33.107695, 0.0007936126, 0.00055324181
  -33.107695, 0.0003675092, 0.00055324181
  -33.107695, 0.000368705, 0.00055324181
  -33.10124, 0.0005149912, 0.00055401372
  -33.10124, 0.0003439918, 0.00055401372
  -33.094785, 0.000944682, 0.000554786
  -33.094785, 0.0009036262, 0.000554786
  -33.094785, 0.0003435932, 0.000554786
  -33.094785, 0.000691571, 0.000554786
  -33.094785, 0.0002228174, 0.000554786
  -33.094785, 0.0005237604, 0.000554786
  -33.094785, 0.000516187, 0.000554786
  -33.094785, 0.0002953626, 0.000554786
  -33.094785, 0.0001199786, 0.000554786
  -33.08833, 0.0003898308, 0.00055555865
  -33.08833, 0.0007358156, 0.00055555865
  -33.08833, 0.0007728854, 0.00055555865
  -33.08833, 0.0003412016, 0.00055555865
  -33.081875, 0.000432481, 0.00055633168
  -33.081875, 0.000510208, 0.00055633168
  -33.081875, 0.0002794186, 0.00055633168
  -33.07542, 0.0004655648, 0.00055710507
  -33.07542, 0.0007585358, 0.00055710507
  -33.07542, 0.000811151, 0.00055710507
  -33.07542, 0.0007549484, 0.00055710507
  -33.068965, 0.0007322282, 0.00055787883
  -33.068965, 0.0006887808, 0.00055787883
  -33.068965, 0.0003615302, 0.00055787883
  -33.068965, 0.0009231576, 0.00055787883
  -33.06251, 0.000502236, 0.00055865297
  -33.06251, 0.0006720396, 0.00055865297
  -33.06251, 0.0009263464, 0.00055865297
  -33.06251, 0.0006612774, 0.00055865297
  -33.056055, 0.0004540054, 0.00055942747
  -33.056055, 0.0004312852, 0.00055942747
  -33.0496, 0.0008817032, 0.00056020235
  -33.0496, 0.001064262, 0.00056020235
  -33.0496, 0.0005990958, 0.00056020235
  -33.0496, 0.0005125996, 0.00056020235
  -33.043145, 0.0006851934, 0.0005609776
  -33.043145, 0.0008785144, 0.0005609776
  -33.043145, 0.0003934182, 0.0005609776
  -33.03669, 0.0004767256, 0.00056175322
  -33.03669, 0.0007079136, 0.00056175322
  -33.030235, 0.0002020902, 0.00056252921
  -33.030235, 0.0010491152, 0.00056252921
  -33.030235, 0.0009414932, 0.00056252921
  -33.01087, 0.0006820046, 0.00056485941
  -33.01087, 6.65662e-05, 0.00056485941
  -33.01087, 0.0006289908, 0.00056485941
  -33.01087, 0.0003858448, 0.00056485941
  -33.004415, 0.0005835504, 0.00056563689
  -33.004415, 0.0005967042, 0.00056563689
  -33.004415, 0.000510208, 0.00056563689
  -32.99796, 0.0004512152, 0.00056641474
  -32.99796, 0.0004209216, 0.00056641474
  -32.991505, 0.0006230118, 0.00056719297
  -32.991505, 0.0004751312, 0.00056719297
  -32.991505, 0.0001151954, 0.00056719297
  -32.98505, 0.0008079622, 0.00056797157
  -32.98505, 0.001060276, 0.00056797157
  -32.978595, 0.0005855434, 0.00056875054
  -32.97214, 0.0003894322, 0.00056952988
  -32.97214, 0.0004671592, 0.00056952988
  -32.97214, 0.000496257, 0.00056952988
  -32.97214, 0.0006720396, 0.00056952988
  -32.97214, 0.0009391016, 0.00056952988
  -32.97214, 0.0008155356, 0.00056952988
  -32.965685, 0.0002981528, 0.0005703096
  -32.965685, 0.0007350184, 0.0005703096
  -32.965685, 0.0003404044, 0.0005703096
  -32.965685, 0.000468355, 0.0005703096
  -32.95923, 0.0006090608, 0.00057108969
  -32.952775, 0.0007350184, 0.00057187015
  -32.952775, 0.0003105094, 0.00057187015
  -32.94632, 0.0005664106, 0.00057265099
  -32.94632, 5.7797e-05, 0.00057265099
  -32.939865, 0.0006465292, 0.0005734322
  -32.939865, 0.0005153898, 0.0005734322
  -32.939865, 0.0008426404, 0.0005734322
  -32.939865, 0.0006429418, 0.0005734322
  -32.93341, 0.000384649, 0.00057421379
  -32.93341, 0.0007764728, 0.00057421379
  -32.93341, -0.0001761812, 0.00057421379
  -32.93341, 0.0005149912, 0.00057421379
  -32.93341, 0.000460383, 0.00057421379
  -32.93341, 0.0004587886, 0.00057421379
  -32.926955, 0.0002598872, 0.00057499575
  -32.926955, 0.0005943126, 0.00057499575
  -32.926955, 0.0005843476, 0.00057499575
  -32.926955, 0.0004655648, 0.00057499575
  -32.926955, 0.0006529068, 0.00057499575
  -32.926955, 0.0008215146, 0.00057499575
  -32.9205, 0.0006345712, 0.00057577809
  -32.9205, 0.0005353198, 0.00057577809
  -32.914045, 0.0008653606, 0.0005765608
  -32.914045, 0.0004169356, 0.0005765608
  -32.914045, 0.001064262, 0.0005765608
  -32.914045, 0.000474334, 0.0005765608
  -32.914045, 0.0007306338, 0.0005765608
  -32.901135, 0.0004141454, 0.00057812734
  -32.901135, 0.0002758312, 0.00057812734
  -32.89468, 0.0003679078, 0.00057891118
  -32.888225, 0.0007497666, 0.00057969539
  -32.888225, 0.0002822088, 0.00057969539
  -32.862405, 0.0009355142, 0.00058283598
  -32.85595, 0.0007979972, 0.00058362207
  -32.849495, 0.0001885378, 0.00058440853
  -32.84304, 0.0005771728, 0.00058519538
  -32.836585, 0.0007027318, 0.00058598259
  -32.836585, 0.0006062706, 0.00058598259
  -32.83013, 0.000217237, 0.00058677019
  -32.83013, 0.0005293408, 0.00058677019
  -32.83013, 0.0004356698, 0.00058677019
  -32.83013, 0.0006859906, 0.00058677019
  -32.823675, 0.000609858, 0.00058755816
  -32.823675, 0.0006644662, 0.00058755816
  -32.823675, 0.0005703966, 0.00058755816
  -32.81722, 0.0004121524, 0.00058834651
  -32.81722, 0.0001538596, 0.00058834651
  -32.81722, 0.0006461306, 0.00058834651
  -32.81722, 0.0005189772, 0.00058834651
  -32.810765, 0.000675627, 0.00058913523
  -32.810765, 0.0004420474, 0.00058913523
  -32.810765, 0.0006493194, 0.00058913523
  -32.80431, 0.0004691522, 0.00058992434
  -32.80431, 0.0006174314, 0.00058992434
  -32.80431, 0.0003260548, 0.00058992434
  -32.80431, 0.0004966556, 0.00058992434
  -32.80431, 0.000294964, 0.00058992434
  -32.80431, 0.0007995916, 0.00058992434
  -32.7914, 0.000568005, 0.00059150368
  -32.7914, 0.0006042776, 0.00059150368
  -32.7914, 0.0006959556, 0.00059150368
  -32.7914, 0.0008258992, 0.00059150368
  -32.7914, 0.000314894, 0.00059150368
  -32.784945, 0.0002323838, 0.00059229391
  -32.784945, 0.0002997472, 0.00059229391
  -32.77849, 0.0009438848, 0.00059308453
  -32.77849, 0.000460383, 0.00059308453
  -32.772035, 0.000807165, 0.00059387552
  -32.772035, 0.0007549484, 0.00059387552
  -32.759125, 0.000868948, 0.00059545864
  -32.75267, 0.0002000972, 0.00059625077
  -32.75267, 0.0006808088, 0.00059625077
  -32.746215, 0.0002475306, 0.00059704327
  -32.746215, 0.0006010888, 0.00059704327
  -32.746215, 0.0005249562, 0.00059704327
  -32.746215, 0.000747375, 0.00059704327
  -32.73976, 0.0006246062, 0.00059783616
  -32.73976, 0.0006951584, 0.00059783616
  -32.73976, 0.0007210674, 0.00059783616
  -32.733305, 0.0004520124, 0.00059862943
  -32.733305, 0.0006644662, 0.00059862943
  -32.733305, 0.0003874392, 0.00059862943
  -32.720395, 0.0006002916, 0.00060021709
  -32.71394, 0.000304929, 0.0006010115
  -32.71394, 0.0007581372, 0.0006010115
  -32.707485, 0.0003416002, 0.00060180628
  -32.707485, 0.000257097, 0.00060180628
  -32.707485, 0.0007916196, 0.00060180628
  -32.70103, 0.000633774, 0.00060260145
  -32.694575, 0.0006891794, 0.00060339699
  -32.68812, 0.000695557, 0.00060419291
  -32.681665, 0.0007445848, 0.00060498922
  -32.67521, 0.0005755784, 0.0006057859
  -32.67521, 0.00075734, 0.0006057859
  -32.668755, 1.91328e-05, 0.00060658297
  -32.6623, 0.0008003888, 0.00060738042
  -32.6623, 0.0002459362, 0.00060738042
  -32.642935, 0.0007688994, 0.00060977505
  -32.63648, 0.0005373128, 0.00061057402
  -32.630025, 0.0002865934, 0.00061137337
  -32.62357, 0.0003722924, 0.00061217311
  -32.617115, 0.0009498638, 0.00061297323
  -32.617115, 0.0003970056, 0.00061297323
  -32.617115, 0.0006672564, 0.00061297323
  -32.61066, 0.0006828018, 0.00061377373
  -32.61066, 0.0006321796, 0.00061377373
  -32.61066, 0.000490278, 0.00061377373
  -32.61066, 0.0009478708, 0.00061377373
  -32.59775, 0.0007700952, 0.00061537588
  -32.59775, 0.0006154384, 0.00061537588
  -32.59775, 0.0006309838, 0.00061537588
  -32.59775, 0.0007780672, 0.00061537588
  -32.591295, 0.0010706396, 0.00061617753
  -32.58484, 0.0003033346, 0.00061697956
  -32.58484, 0.0006433404, 0.00061697956
  -32.58484, 0.0004914738, 0.00061697956
  -32.578385, 0.0007744798, 0.00061778197
  -32.578385, 0.0004611802, 0.00061778197
  -32.578385, 0.000504229, 0.00061778197
  -32.57193, 0.0007581372, 0.00061858477
  -32.57193, 0.0006509138, 0.00061858477
  -32.57193, 0.0010865836, 0.00061858477
  -32.57193, 0.000544089, 0.00061858477
  -32.565475, 0.0011164786, 0.00061938795
  -32.565475, 0.0003475792, 0.00061938795
  -32.55902, 0.0008446334, 0.00062019152
  -32.55902, 0.0003384114, 0.00062019152
  -32.55902, 0.0002479292, 0.00062019152
  -32.55902, 0.0002638732, 0.00062019152
  -32.552565, 0.0005652148, 0.00062099547
  -32.54611, 0.0006680536, 0.0006217998
  -32.54611, 0.0006242076, 0.0006217998
  -32.54611, 0.0004308866, 0.0006217998
  -32.54611, 0.0006744312, 0.0006217998
  -32.539655, 0.0011089052, 0.00062260452
  -32.539655, 0.0012225062, 0.00062260452
  -32.539655, 0.0009379058, 0.00062260452
  -32.539655, 0.0009395002, 0.00062260452
  -32.539655, 0.0005010402, 0.00062260452
  -32.5332, 0.0003962084, 0.00062340962
  -32.5332, 0.000294964, 0.00062340962
  -32.52029, 0.0005050262, 0.00062502098
  -32.52029, 0.0007983958, 0.00062502098
  -32.52029, 0.0003993972, 0.00062502098
  -32.513835, 0.000745382, 0.00062582723
  -32.513835, 0.0006142426, 0.00062582723
  -32.50738, 0.0005994944, 0.00062663387
  -32.50738, 0.000831081, 0.00062663387
  -32.50738, 0.0006883822, 0.00062663387
  -32.500925, 0.000821116, 0.0006274409
  -32.500925, 0.0007402002, 0.0006274409
  -32.49447, 0.00053811, 0.00062824831
  -32.49447, 0.0007589344, 0.00062824831
  -32.488015, 0.0005903266, 0.00062905611
  -32.475105, 0.0003838518, 0.00063067286
  -32.46865, 0.0004839004, 0.00063148181
  -32.46865, 0.0005632218, 0.00063148181
  -32.462195, 0.0002913766, 0.00063229115
  -32.462195, 0.0004950612, 0.00063229115
  -32.462195, 0.0011148842, 0.00063229115
  -32.462195, 0.0005456834, 0.00063229115
  -32.462195, 0.0005257534, 0.00063229115
  -32.462195, 0.000745382, 0.00063229115
  -32.45574, 0.0003659148, 0.00063310088
  -32.45574, 0.0004041804, 0.00063310088
  -32.45574, 0.0007836476, 0.00063310088
  -32.449285, 0.000853004, 0.00063391099
  -32.449285, 0.0005755784, 0.00063391099
  -32.449285, 0.0005397044, 0.00063391099
  -32.44283, 0.000585942, 0.00063472149
  -32.44283, 0.0003045304, 0.00063472149
  -32.44283, 0.0003858448, 0.00063472149
  -32.44283, 0.000466362, 0.00063472149
  -32.436375, 0.000613844, 0.00063553238
  -32.436375, 0.0006688508, 0.00063553238
  -32.436375, 0.0009199688, 0.00063553238
  -32.436375, 0.0004815088, 0.00063553238
  -32.436375, 0.000733424, 0.00063553238
  -32.436375, 0.000568005, 0.00063553238
  -32.436375, 0.0006130468, 0.00063553238
  -32.42992, 0.0003675092, 0.00063634365
  -32.42992, 0.0006026832, 0.00063634365
  -32.42992, 0.0007047248, 0.00063634365
  -32.42992, 0.0004209216, 0.00063634365
  -32.42992, 0.0006425432, 0.00063634365
  -32.42992, 0.0004587886, 0.00063634365
  -32.42992, 0.0009036262, 0.00063634365
  -32.42992, 0.0007326268, 0.00063634365
  -32.42992, 0.0004460334, 0.00063634365
  -32.42992, 0.000747375, 0.00063634365
  -32.42992, 0.0008438362, 0.00063634365
  -32.42992, 0.000827095, 0.00063634365
  -32.42992, 0.0004990472, 0.00063634365
  -32.423465, 0.0007864378, 0.00063715531
  -32.423465, 0.0005572428, 0.00063715531
  -32.423465, 0.0004021874, 0.00063715531
  -32.423465, 0.0006074664, 0.00063715531
  -32.423465, 0.0005193758, 0.00063715531
  -32.41701, 0.0006190258, 0.00063796736
  -32.41701, 0.000659683, 0.00063796736
  -32.41701, 0.000322866, 0.00063796736
  -32.41701, 0.000426502, 0.00063796736
  -32.41701, 0.0008486194, 0.00063796736
  -32.41701, 0.0006194244, 0.00063796736
  -32.41701, 0.0008322768, 0.00063796736
  -32.41701, 0.0004799144, 0.00063796736
  -32.410555, 0.0003045304, 0.00063877979
  -32.410555, 0.000643739, 0.00063877979
  -32.410555, 0.000635767, 0.00063877979
  -32.410555, 0.0006943612, 0.00063877979
  -32.410555, 0.0008462278, 0.00063877979
  -32.410555, 0.0008219132, 0.00063877979
  -32.410555, 0.0004655648, 0.00063877979
  -32.410555, 0.0006365642, 0.00063877979
  -32.410555, 0.00055804, 0.00063877979
  -32.4041, 0.0010255978, 0.00063959261
  -32.4041, 0.0006820046, 0.00063959261
  -32.4041, 0.000408565, 0.00063959261
  -32.4041, 0.0007310324, 0.00063959261
  -32.4041, 0.0003651176, 0.00063959261
  -32.4041, 0.0002503208, 0.00063959261
  -32.4041, 0.0004492222, 0.00063959261
  -32.4041, 0.0005723896, 0.00063959261
  -32.397645, 0.0007043262, 0.00064040583
  -32.397645, 0.0008175286, 0.00064040583
  -32.397645, 0.0005416974, 0.00064040583
  -32.397645, 0.0009773672, 0.00064040583
  -32.39119, 0.0008027804, 0.00064121942
  -32.39119, 0.000229195, 0.00064121942
  -32.39119, 0.0005010402, 0.00064121942
  -32.39119, 0.0003539568, 0.00064121942
  -32.39119, 0.0005907252, 0.00064121942
  -32.39119, 0.0003324324, 0.00064121942
  -32.39119, 0.0006963542, 0.00064121942
  -32.39119, 0.0004775228, 0.00064121942
  -32.384735, 0.000464369, 0.00064203341
  -32.384735, 0.0007198716, 0.00064203341
  -32.384735, 0.000510208, 0.00064203341
  -32.384735, 0.000922759, 0.00064203341
  -32.37828, 0.000827095, 0.00064284779
  -32.37828, 0.0005915224, 0.00064284779
  -32.37828, 0.0011268422, 0.00064284779
  -32.37828, 0.0005524596, 0.00064284779
  -32.371825, 0.0007876336, 0.00064366255
  -32.371825, 0.0008247034, 0.00064366255
  -32.371825, 0.0002654676, 0.00064366255
  -32.371825, 0.0009709896, 0.00064366255
  -32.371825, 0.0006022846, 0.00064366255
  -32.371825, 0.0002555026, 0.00064366255
  -32.371825, 0.0004559984, 0.00064366255
  -32.371825, 0.000470348, 0.00064366255
  -32.36537, 0.0003519638, 0.0006444777
  -32.36537, 6.69648e-05, 0.0006444777
  -32.36537, 0.0007322282, 0.0006444777
  -32.36537, 0.000107622, 0.0006444777
  -32.36537, 0.0008577872, 0.0006444777
  -32.36537, 0.0004233132, 0.0006444777
  -32.36537, 0.0007039276, 0.0006444777
  -32.358915, 0.0002642718, 0.00064529324
  -32.358915, 0.0006429418, 0.00064529324
  -32.358915, 0.0004914738, 0.00064529324
  -32.358915, 0.000575977, 0.00064529324
  -32.358915, 0.0007366128, 0.00064529324
  -32.358915, 0.0005803616, 0.00064529324
  -32.358915, 0.0004779214, 0.00064529324
  -32.358915, 0.0005125996, 0.00064529324
  -32.358915, 0.0007549484, 0.00064529324
  -32.358915, 0.0004536068, 0.00064529324
  -32.35246, 0.0007501652, 0.00064610917
  -32.35246, 0.0005644176, 0.00064610917
  -32.35246, 0.0002455376, 0.00064610917
  -32.35246, 0.0005476764, 0.00064610917
  -32.35246, 0.0007529554, 0.00064610917
  -32.35246, 0.0004719424, 0.00064610917
  -32.35246, 0.0003862434, 0.00064610917
  -32.35246, 0.000685592, 0.00064610917
  -32.35246, 0.0005484736, 0.00064610917
  -32.35246, 0.0003930196, 0.00064610917
  -32.35246, 0.000609858, 0.00064610917
  -32.35246, 0.0009562414, 0.00064610917
  -32.346005, 0.0005066206, 0.00064692549
  -32.346005, 0.0008199202, 0.00064692549
  -32.346005, 0.00083706, 0.00064692549
  -32.346005, 0.000320873, 0.00064692549
  -32.346005, 0.0008055706, 0.00064692549
  -32.346005, 0.0009402974, 0.00064692549
  -32.346005, 0.0006034804, 0.00064692549
  -32.346005, 0.0010387516, 0.00064692549
  -32.346005, 0.0007537526, 0.00064692549
  -32.346005, 0.0006867878, 0.00064692549
  -32.346005, 0.0009139898, 0.00064692549
  -32.346005, 0.0009490666, 0.00064692549
  -32.346005, 0.0005448862, 0.00064692549
  -32.33955, 0.0007481722, 0.0006477422
  -32.33955, 0.0005297394, 0.0006477422
  -32.33955, 0.000964612, 0.0006477422
  -32.33955, 0.0004827046, 0.0006477422
  -32.33955, 0.0008984444, 0.0006477422
  -32.33955, 0.000749368, 0.0006477422
  -32.33955, 0.0010152342, 0.0006477422
  -32.33955, 0.0006843962, 0.0006477422
  -32.33955, 0.0002204258, 0.0006477422
  -32.33955, 0.00067762, 0.0006477422
  -32.33955, 0.000793214, 0.0006477422
  -32.333095, 0.0007995916, 0.0006485593
  -32.333095, 0.000296957, 0.0006485593
  -32.333095, 0.0004133482, 0.0006485593
  -32.333095, 0.000516187, 0.0006485593
  -32.333095, 0.0003603344, 0.0006485593
  -32.333095, 0.000745382, 0.0006485593
  -32.333095, 0.0007158856, 0.0006485593
  -32.333095, 0.0007936126, 0.0006485593
  -32.32664, 0.0007856406, 0.00064937678
  -32.32664, 0.0004615788, 0.00064937678
  -32.32664, 0.0003491736, 0.00064937678
  -32.32664, 0.0004181314, 0.00064937678
  -32.32664, 0.0008713396, 0.00064937678
  -32.32664, 0.0006134454, 0.00064937678
  -32.32664, 0.0008183258, 0.00064937678
  -32.32664, 0.0005436904, 0.00064937678
  -32.32664, 0.0007346198, 0.00064937678
  -32.32664, 0.0005867392, 0.00064937678
  -32.32664, 0.0003041318, 0.00064937678
  -32.32664, 0.000711501, 0.00064937678
  -32.320185, 0.0003571456, 0.00065019466
  -32.320185, 0.0007836476, 0.00065019466
  -32.320185, 0.0005975014, 0.00065019466
  -32.320185, 0.0008123468, 0.00065019466
  -32.320185, 0.000661676, 0.00065019466
  -32.320185, 0.00105629, 0.00065019466
  -32.31373, 0.0006843962, 0.00065101293
  -32.31373, 0.0004759284, 0.00065101293
  -32.31373, 0.0008777172, 0.00065101293
  -32.31373, 0.0012268908, 0.00065101293
  -32.31373, 0.0006361656, 0.00065101293
  -32.31373, 0.0006580886, 0.00065101293
  -32.307275, 0.0006090608, 0.00065183159
  -32.307275, 0.0006162356, 0.00065183159
  -32.307275, 0.0003443904, 0.00065183159
  -32.307275, 0.0010259964, 0.00065183159
  -32.307275, 0.0007565428, 0.00065183159
  -32.307275, 0.000566012, 0.00065183159
  -32.307275, 0.000267062, 0.00065183159
  -32.30082, 0.0005094108, 0.00065265063
  -32.30082, 0.000629788, 0.00065265063
  -32.30082, 0.0005110052, 0.00065265063
  -32.30082, 0.000526152, 0.00065265063
  -32.30082, 0.0007888294, 0.00065265063
  -32.294365, 0.0006389558, 0.00065347007
  -32.294365, 0.0005133968, 0.00065347007
  -32.28791, 0.0004037818, 0.0006542899
  -32.28791, 0.0004213202, 0.0006542899
  -32.28791, 0.0005923196, 0.0006542899
  -32.28791, 0.0011204646, 0.0006542899
  -32.28791, 0.0005405016, 0.0006542899
  -32.28791, 0.000833074, 0.0006542899
  -32.28791, 0.0005923196, 0.0006542899
  -32.281455, 0.000629788, 0.00065511012
  -32.281455, 0.0008083608, 0.00065511012
  -32.281455, 0.0004332782, 0.00065511012
  -32.281455, 0.0006911724, 0.00065511012
  -32.281455, 0.0005596344, 0.00065511012
  -32.275, 0.0006006902, 0.00065593073
  -32.275, 0.0010339684, 0.00065593073
  -32.275, 0.0005755784, 0.00065593073
  -32.268545, 0.0009398988, 0.00065675173
  -32.268545, 0.0004368656, 0.00065675173
  -32.268545, 0.0005492708, 0.00065675173
  -32.268545, 0.0004811102, 0.00065675173
  -32.268545, 0.0010240034, 0.00065675173
  -32.268545, 0.0009550456, 0.00065675173
  -32.268545, 0.0004635718, 0.00065675173
  -32.268545, 0.000552061, 0.00065675173
  -32.268545, 0.0003619288, 0.00065675173
  -32.26209, 0.0009000388, 0.00065757313
  -32.26209, 0.0009965, 0.00065757313
  -32.26209, 0.0005871378, 0.00065757313
  -32.26209, 0.0002435446, 0.00065757313
  -32.26209, 0.0007688994, 0.00065757313
  -32.26209, 0.0005357184, 0.00065757313
  -32.255635, 0.0011395974, 0.00065839491
  -32.255635, 0.0007541512, 0.00065839491
  -32.255635, 0.0007796616, 0.00065839491
  -32.255635, 0.0003962084, 0.00065839491
  -32.24918, 0.0006760256, 0.00065921709
  -32.24918, 0.0009371086, 0.00065921709
  -32.24918, 0.000719473, 0.00065921709
  -32.24918, 0.0008844934, 0.00065921709
  -32.24918, 0.0008940598, 0.00065921709
  -32.24918, 0.0007007388, 0.00065921709
  -32.242725, 0.0007529554, 0.00066003966
  -32.242725, 0.0005137954, 0.00066003966
  -32.23627, 0.00073741, 0.00066086262
  -32.23627, 0.000532131, 0.00066086262
  -32.23627, 0.0006612774, 0.00066086262
  -32.229815, 0.0003503694, 0.00066168597
  -32.22336, 0.0008514096, 0.00066250971
  -32.22336, 0.0002734396, 0.00066250971
  -32.216905, 0.0008797102, 0.00066333385
  -32.216905, 0.000980556, 0.00066333385
  -32.216905, 0.0005357184, 0.00066333385
  -32.216905, 0.00073741, 0.00066333385
  -32.216905, 0.0006744312, 0.00066333385
  -32.21045, 0.0004819074, 0.00066415838
  -32.21045, 0.0009155842, 0.00066415838
  -32.19754, 0.0006485222, 0.00066580862
  -32.19754, 0.0004627746, 0.00066580862
  -32.19754, 0.000265069, 0.00066580862
  -32.19754, 0.0005397044, 0.00066580862
  -32.191085, 0.0010666536, 0.00066663433
  -32.191085, 0.000482306, 0.00066663433
  -32.191085, 0.000711501, 0.00066663433
  -32.191085, 0.000540103, 0.00066663433
  -32.191085, 0.0006210188, 0.00066663433
  -32.191085, 0.0007557456, 0.00066663433
  -32.18463, 0.0008298852, 0.00066746043
  -32.178175, 0.0009941084, 0.00066828693
  -32.178175, 0.000494264, 0.00066828693
  -32.17172, 0.0005891308, 0.00066911382
  -32.165265, 0.000273041, 0.0006699411
  -32.165265, 0.0008155356, 0.0006699411
  -32.165265, 0.0006899766, 0.0006699411
  -32.165265, 0.000506222, 0.0006699411
  -32.165265, 0.0009183744, 0.0006699411
  -32.165265, 0.00083706, 0.0006699411
  -32.15881, 0.000492271, 0.00067076878
  -32.15881, 0.0004520124, 0.00067076878
  -32.15881, 0.000390628, 0.00067076878
  -32.15881, 0.0007043262, 0.00067076878
  -32.15881, 0.0004528096, 0.00067076878
  -32.152355, 0.001014437, 0.00067159685
  -32.1459, 0.0006843962, 0.00067242532
  -32.1459, 0.000785242, 0.00067242532
  -32.1459, 0.0005943126, 0.00067242532
  -32.139445, 0.0005412988, 0.00067325418
  -32.139445, 0.000468355, 0.00067325418
  -32.139445, 0.0006604802, 0.00067325418
  -32.139445, 0.0008681508, 0.00067325418
  -32.13299, 0.0008884794, 0.00067408343
  -32.13299, 0.000482306, 0.00067408343
  -32.13299, 0.000968598, 0.00067408343
  -32.13299, 0.000713494, 0.00067408343
  -32.13299, 0.001203772, 0.00067408343
  -32.126535, 0.0006640676, 0.00067491309
  -32.126535, 0.0007665078, 0.00067491309
  -32.126535, 0.0004946626, 0.00067491309
  -32.126535, 0.0004755298, 0.00067491309
  -32.126535, 0.0006804102, 0.00067491309
  -32.126535, 0.0003232646, 0.00067491309
  -32.126535, 0.0006425432, 0.00067491309
  -32.12008, 0.00061783, 0.00067574313
  -32.12008, 0.000922759, 0.00067574313
  -32.12008, 0.0003663134, 0.00067574313
  -32.12008, 0.0011116954, 0.00067574313
  -32.113625, 0.0010534998, 0.00067657357
  -32.10717, 0.000829088, 0.00067740441
  -32.10717, 0.00093671, 0.00067740441
  -32.10717, 0.0005632218, 0.00067740441
  -32.100715, 0.0005325296, 0.00067823564
  -32.100715, 0.0009833462, 0.00067823564
  -32.100715, 0.0008657592, 0.00067823564
  -32.100715, 0.0004595858, 0.00067823564
  -32.100715, 0.0003918238, 0.00067823564
  -32.09426, 0.0008207174, 0.00067906727
  -32.09426, 0.0004998444, 0.00067906727
  -32.09426, 0.0001885378, 0.00067906727
  -32.087805, 0.0007884308, 0.00067989929
  -32.087805, 0.0002738382, 0.00067989929
  -32.087805, 0.0004639704, 0.00067989929
  -32.087805, 0.0009036262, 0.00067989929
  -32.08135, 0.0005137954, 0.00068073171
  -32.08135, 0.000645732, 0.00068073171
  -32.08135, 0.0006911724, 0.00068073171
  -32.08135, 0.001022409, 0.00068073171
  -32.074895, 0.0005357184, 0.00068156453
  -32.074895, 0.0006042776, 0.00068156453
  -32.074895, 0.0008322768, 0.00068156453
  -32.06844, 0.0005229632, 0.00068239774
  -32.06844, 0.0006832004, 0.00068239774
  -32.06844, 0.0005803616, 0.00068239774
  -32.06844, 0.0005923196, 0.00068239774
  -32.06844, 0.0006800116, 0.00068239774
  -32.06844, 0.0006269978, 0.00068239774
  -32.06844, 0.0005125996, 0.00068239774
  -32.06844, 0.0009064164, 0.00068239774
  -32.06844, 0.0006680536, 0.00068239774
  -32.061985, 0.0006301866, 0.00068323135
  -32.061985, 0.0009104024, 0.00068323135
  -32.061985, 0.000579963, 0.00068323135
  -32.061985, 0.0006102566, 0.00068323135
  -32.05553, 0.0011754714, 0.00068406536
  -32.05553, 0.0007302352, 0.00068406536
  -32.05553, 0.0006911724, 0.00068406536
  -32.05553, 0.0005229632, 0.00068406536
  -32.05553, 0.000890871, 0.00068406536
  -32.05553, 0.0006604802, 0.00068406536
  -32.05553, 0.000964612, 0.00068406536
  -32.05553, 0.0006130468, 0.00068406536
  -32.05553, 0.0005536554, 0.00068406536
  -32.05553, 0.0008486194, 0.00068406536
  -32.05553, 0.0008514096, 0.00068406536
  -32.05553, 0.0003894322, 0.00068406536
  -32.049075, 0.0006959556, 0.00068489976
  -32.049075, 0.0006648648, 0.00068489976
  -32.049075, 0.001132024, 0.00068489976
  -32.049075, 0.0004599844, 0.00068489976
  -32.049075, 0.0010475208, 0.00068489976
  -32.049075, 0.0006545012, 0.00068489976
  -32.04262, 0.0004711452, 0.00068573456
  -32.04262, 0.000484299, 0.00068573456
  -32.04262, 0.0007848434, 0.00068573456
  -32.04262, 0.0006465292, 0.00068573456
  -32.04262, 0.0006832004, 0.00068573456
  -32.04262, 0.0008063678, 0.00068573456
  -32.04262, 0.000508215, 0.00068573456
  -32.04262, 0.0009630176, 0.00068573456
  -32.04262, 0.000671641, 0.00068573456
  -32.036165, 0.0008207174, 0.00068656976
  -32.036165, 0.0005034318, 0.00068656976
  -32.036165, 0.0008621718, 0.00068656976
  -32.036165, 0.0003794672, 0.00068656976
  -32.036165, 0.0005249562, 0.00068656976
  -32.036165, 0.0007688994, 0.00068656976
  -32.036165, 0.0006672564, 0.00068656976
  -32.036165, 0.0006285922, 0.00068656976
  -32.036165, 0.0004587886, 0.00068656976
  -32.036165, 0.0004854948, 0.00068656976
  -32.02971, 0.000552061, 0.00068740535
  -32.02971, 0.0009996888, 0.00068740535
  -32.02971, 0.000860976, 0.00068740535
  -32.02971, 0.0004731382, 0.00068740535
  -32.02971, 0.0009351156, 0.00068740535
  -32.023255, 0.0006548998, 0.00068824134
  -32.023255, 0.0004866906, 0.00068824134
  -32.023255, 0.0005205716, 0.00068824134
  -32.023255, 0.001157933, 0.00068824134
  -32.023255, 0.000251118, 0.00068824134
  -32.023255, 0.0005197744, 0.00068824134
  -32.023255, 0.0008836962, 0.00068824134
  -32.0168, 0.000982549, 0.00068907773
  -32.0168, 0.0005552498, 0.00068907773
  -32.0168, 0.0003260548, 0.00068907773
  -32.0168, 0.0008577872, 0.00068907773
  -32.0168, 0.0007350184, 0.00068907773
  -32.010345, 0.0008159342, 0.00068991452
  -32.010345, 0.0012181216, 0.00068991452
  -32.010345, 0.0007007388, 0.00068991452
  -32.010345, 0.0004001944, 0.00068991452
  -32.010345, 0.0005664106, 0.00068991452
  -32.00389, 0.0005951098, 0.00069075171
  -32.00389, 0.0009937098, 0.00069075171
  -32.00389, 0.0006668578, 0.00069075171
  -32.00389, 0.0012659536, 0.00069075171
  -32.00389, 0.0003631246, 0.00069075171
  -31.997435, 0.0006867878, 0.00069158929
  -31.997435, 0.0005632218, 0.00069158929
  -31.997435, 0.0006971514, 0.00069158929
  -31.997435, 0.000530138, 0.00069158929
  -31.997435, 0.0006967528, 0.00069158929
  -31.997435, 0.0007342212, 0.00069158929
  -31.99098, 0.0004559984, 0.00069242728
  -31.99098, 0.0005735854, 0.00069242728
  -31.99098, 0.0009701924, 0.00069242728
  -31.99098, 0.0005771728, 0.00069242728
  -31.99098, 0.000603879, 0.00069242728
  -31.99098, 0.0009438848, 0.00069242728
  -31.99098, 0.0008274936, 0.00069242728
  -31.99098, 0.0007250534, 0.00069242728
  -31.99098, 0.000679613, 0.00069242728
  -31.99098, 0.0006588858, 0.00069242728
  -31.99098, 0.0007724868, 0.00069242728
  -31.984525, 0.0009171786, 0.00069326566
  -31.984525, 0.0004998444, 0.00069326566
  -31.984525, 0.0006254034, 0.00069326566
  -31.984525, 0.0005305366, 0.00069326566
  -31.984525, 0.0005189772, 0.00069326566
  -31.984525, 0.0005795644, 0.00069326566
  -31.984525, 0.0006808088, 0.00069326566
  -31.984525, 0.0008374586, 0.00069326566
  -31.97807, 0.0003790686, 0.00069410444
  -31.97807, 0.0010837934, 0.00069410444
  -31.97807, 0.000514194, 0.00069410444
  -31.971615, 0.0006473264, 0.00069494362
  -31.971615, 0.0008015846, 0.00069494362
  -31.971615, 0.0012739256, 0.00069494362
  -31.971615, 0.000388635, 0.00069494362
  -31.971615, 0.0007944098, 0.00069494362
  -31.971615, 0.0007924168, 0.00069494362
  -31.971615, 0.0006668578, 0.00069494362
  -31.971615, 0.0005715924, 0.00069494362
  -31.96516, 0.0008996402, 0.0006957832
  -31.96516, 0.0010291852, 0.0006957832
  -31.96516, 0.0005975014, 0.0006957832
  -31.958705, 0.000888878, 0.00069662318
  -31.95225, 0.0007047248, 0.00069746356
  -31.95225, 0.00109615, 0.00069746356
  -31.945795, 0.0006828018, 0.00069830433
  -31.945795, 0.000912794, 0.00069830433
  -31.945795, 0.0010008846, 0.00069830433
  -31.945795, 0.0005277464, 0.00069830433
  -31.945795, 0.0005707952, 0.00069830433
  -31.945795, 0.0004898794, 0.00069830433
  -31.93934, 0.000801186, 0.00069914551
  -31.932885, 0.0004528096, 0.00069998709
  -31.92643, 0.0005656134, 0.00070082907
  -31.92643, 0.0006393544, 0.00070082907
  -31.92643, 0.0007326268, 0.00070082907
  -31.92643, 0.000675627, 0.00070082907
  -31.919975, 0.000663669, 0.00070167144
  -31.919975, 0.0008019832, 0.00070167144
  -31.919975, 0.0005747812, 0.00070167144
  -31.91352, 0.0006859906, 0.00070251422
  -31.91352, 0.0004735368, 0.00070251422
  -31.91352, 0.0012659536, 0.00070251422
  -31.907065, 0.0004607816, 0.0007033574
  -31.907065, 0.0006772214, 0.0007033574
  -31.90061, 0.0008972486, 0.00070420098
  -31.894155, 0.0007545498, 0.00070504497
  -31.894155, 0.0007282422, 0.00070504497
  -31.894155, 0.000962619, 0.00070504497
  -31.8877, 0.0001765798, 0.00070588935
  -31.8877, 0.0009231576, 0.00070588935
  -31.881245, 0.0006951584, 0.00070673413
  -31.87479, 0.0006242076, 0.00070757932
  -31.87479, 0.0006700466, 0.00070757932
  -31.868335, 0.0007441862, 0.00070842491
  -31.868335, 0.0010128426, 0.00070842491
  -31.86188, 0.0004468306, 0.0007092709
  -31.86188, 0.0007298366, 0.0007092709
  -31.86188, 0.000851011, 0.0007092709
  -31.855425, 0.0006481236, 0.00071011729
  -31.855425, 0.0005963056, 0.00071011729
  -31.855425, 0.0009151856, 0.00071011729
  -31.855425, 0.0007087108, 0.00071011729
  -31.84897, 0.0009040248, 0.00071096408
  -31.84897, 0.0004548026, 0.00071096408
  -31.84897, 0.0004193272, 0.00071096408
  -31.84897, 0.000795207, 0.00071096408
  -31.84897, 0.0007780672, 0.00071096408
  -31.842515, 0.0006931654, 0.00071181128
  -31.842515, 0.0005656134, 0.00071181128
  -31.842515, 0.0006843962, 0.00071181128
  -31.842515, 0.0004137468, 0.00071181128
  -31.842515, 0.0010538984, 0.00071181128
  -31.83606, 0.0007681022, 0.00071265888
  -31.83606, 0.0006648648, 0.00071265888
  -31.83606, 0.0004213202, 0.00071265888
  -31.83606, 0.0007816546, 0.00071265888
  -31.83606, 0.0006963542, 0.00071265888
  -31.83606, 0.0010188216, 0.00071265888
  -31.83606, 0.00069755, 0.00071265888
  -31.829605, 0.0007916196, 0.00071350688
  -31.829605, 0.000811151, 0.00071350688
  -31.829605, 0.0009279408, 0.00071350688
  -31.829605, 0.0008757242, 0.00071350688
  -31.829605, 0.0005982986, 0.00071350688
  -31.82315, 0.0007788644, 0.00071435529
  -31.82315, 0.0007641162, 0.00071435529
  -31.82315, 0.0005584386, 0.00071435529
  -31.82315, 0.0007744798, 0.00071435529
  -31.816695, 0.0005472778, 0.0007152041
  -31.81024, 0.000851011, 0.00071605331
  -31.81024, 0.000725452, 0.00071605331
  -31.81024, 0.00071748, 0.00071605331
  -31.803785, 0.0009921154, 0.00071690292
  -31.79733, 0.0011316254, 0.00071775294
  -31.79733, 0.0008175286, 0.00071775294
  -31.79733, 0.0005488722, 0.00071775294
  -31.79733, 0.0006433404, 0.00071775294
  -31.790875, 0.0008880808, 0.00071860336
  -31.78442, 0.0006122496, 0.00071945419
  -31.78442, 0.0002702508, 0.00071945419
  -31.777965, 0.0005110052, 0.00072030542
  -31.765055, 0.0001821602, 0.0007220091
  -31.765055, 0.0007099066, 0.0007220091
  -31.765055, 0.0004340754, 0.0007220091
  -31.765055, 0.0009961014, 0.0007220091
  -31.7586, 0.0002742368, 0.00072286154
  -31.739235, 0.0010407446, 0.00072542131
  -31.739235, 0.0006433404, 0.00072542131
  -31.73278, 0.0007541512, 0.00072627538
  -31.73278, 0.0007748784, 0.00072627538
  -31.726325, 0.0009084094, 0.00072712985
  -31.726325, 0.000464369, 0.00072712985
  -31.726325, 0.0006501166, 0.00072712985
  -31.71987, 0.0006812074, 0.00072798472
  -31.713415, 0.0004611802, 0.00072884001
  -31.713415, 0.0007621232, 0.00072884001
  -31.70696, 0.0008753256, 0.0007296957
  -31.700505, 0.0006680536, 0.00073055179
  -31.69405, 0.0010168286, 0.00073140829
  -31.69405, 0.0005544526, 0.00073140829
  -31.674685, 0.000454404, 0.00073398024
  -31.674685, 0.000866955, 0.00073398024
  -31.674685, 0.0007031304, 0.00073398024
  -31.66823, 0.0008876822, 0.00073483837
  -31.65532, 0.0008860878, 0.00073655585
  -31.65532, 0.0007162842, 0.00073655585
  -31.648865, 0.0009913182, 0.00073741521
  -31.648865, 0.0005436904, 0.00073741521
  -31.648865, 0.000464369, 0.00073741521
  -31.648865, 0.000581956, 0.00073741521
  -31.64241, 0.0004516138, 0.00073827497
  -31.64241, 0.0008382558, 0.00073827497
  -31.64241, 0.000878913, 0.00073827497
  -31.64241, 0.0008705424, 0.00073827497
  -31.64241, 0.0009542484, 0.00073827497
  -31.635955, 0.0009554442, 0.00073913514
  -31.6295, 0.0008880808, 0.00073999571
  -31.6295, 0.0011443806, 0.00073999571
  -31.6295, 0.0004775228, 0.00073999571
  -31.6295, 0.0009821504, 0.00073999571
  -31.623045, 0.000892864, 0.0007408567
  -31.623045, 0.0006652634, 0.0007408567
  -31.623045, 0.000974577, 0.0007408567
  -31.610135, 0.0005110052, 0.0007425799
  -31.610135, 0.0001399086, 0.0007425799
  -31.610135, 0.0014042678, 0.0007425799
  -31.597225, 0.0003754812, 0.00074430473
  -31.597225, 0.0007521582, 0.00074430473
  -31.597225, 0.0011563386, 0.00074430473
  -31.597225, 0.0006720396, 0.00074430473
  -31.59077, 0.0004571942, 0.00074516776
  -31.59077, 0.0009933112, 0.00074516776
  -31.59077, 0.0008422418, 0.00074516776
  -31.584315, 0.0007665078, 0.0007460312
  -31.57786, 0.0009494652, 0.00074689505
  -31.57786, 0.0010770172, 0.00074689505
  -31.57786, 0.0006680536, 0.00074689505
  -31.57786, 0.0008047734, 0.00074689505
  -31.57786, 0.0007091094, 0.00074689505
  -31.571405, 0.0007366128, 0.00074775931
  -31.571405, 0.0007278436, 0.00074775931
  -31.56495, 0.000520173, 0.00074862398
  -31.56495, 0.0007338226, 0.00074862398
  -31.56495, 0.0004500194, 0.00074862398
  -31.56495, 0.0012759186, 0.00074862398
  -31.56495, 0.000827095, 0.00074862398
  -31.56495, 0.0011336184, 0.00074862398
  -31.56495, 0.0010774158, 0.00074862398
  -31.558495, 0.000743389, 0.00074948906
  -31.558495, 0.000731431, 0.00074948906
  -31.558495, 0.0009873322, 0.00074948906
  -31.558495, 0.0002881878, 0.00074948906
  -31.558495, 0.0011946042, 0.00074948906
  -31.558495, 0.0008298852, 0.00074948906
  -31.558495, 0.0010814018, 0.00074948906
  -31.558495, 0.001124052, 0.00074948906
  -31.558495, 0.0007278436, 0.00074948906
  -31.55204, 0.0009590316, 0.00075035455
  -31.55204, 0.0005967042, 0.00075035455
  -31.55204, 0.000984542, 0.00075035455
  -31.55204, 0.000954647, 0.00075035455
  -31.55204, 0.0004695508, 0.00075035455
  -31.545585, 0.0009159828, 0.00075122045
  -31.545585, 0.000536117, 0.00075122045
  -31.545585, 0.0010806046, 0.00075122045
  -31.545585, 0.0008274936, 0.00075122045
  -31.545585, 0.0008366614, 0.00075122045
  -31.53913, 0.0012488138, 0.00075208676
  -31.53913, 0.0006772214, 0.00075208676
  -31.53913, 0.0007162842, 0.00075208676
  -31.532675, 0.0007366128, 0.00075295348
  -31.532675, 0.0009634162, 0.00075295348
  -31.532675, 0.0003435932, 0.00075295348
  -31.532675, 0.0005743826, 0.00075295348
  -31.52622, 0.0003651176, 0.00075382062
  -31.52622, 0.0003790686, 0.00075382062
  -31.52622, 0.000681606, 0.00075382062
  -31.52622, 0.000723459, 0.00075382062
  -31.52622, 0.0007948084, 0.00075382062
  -31.519765, 0.000791221, 0.00075468816
  -31.519765, 0.0006560956, 0.00075468816
  -31.51331, 0.0004121524, 0.00075555612
  -31.51331, 0.0003372156, 0.00075555612
  -31.51331, 0.000793214, 0.00075555612
  -31.51331, 0.0008047734, 0.00075555612
  -31.506855, 0.0012579816, 0.00075642448
  -31.506855, 0.0007816546, 0.00075642448
  -31.506855, 0.0008055706, 0.00075642448
  -31.506855, 0.0002487264, 0.00075642448
  -31.506855, 0.0005329282, 0.00075642448
  -31.506855, 0.0004181314, 0.00075642448
  -31.506855, 0.0008856892, 0.00075642448
  -31.506855, 0.000735417, 0.00075642448
  -31.506855, 0.0011344156, 0.00075642448
  -31.506855, 0.0004157398, 0.00075642448
  -31.506855, 0.0003962084, 0.00075642448
  -31.5004, 0.0007541512, 0.00075729326
  -31.5004, 0.000894857, 0.00075729326
  -31.5004, 0.0005787672, 0.00075729326
  -31.5004, 0.00137517, 0.00075729326
  -31.5004, 0.0010080594, 0.00075729326
  -31.5004, 0.000667655, 0.00075729326
  -31.5004, 0.0013141842, 0.00075729326
  -31.493945, 0.0004328796, 0.00075816246
  -31.48749, 0.0006409488, 0.00075903206
  -31.48749, 0.00051818, 0.00075903206
  -31.48749, 0.0008143398, 0.00075903206
  -31.48749, 0.0007390044, 0.00075903206
  -31.48749, 0.0008773186, 0.00075903206
  -31.481035, 0.0013229534, 0.00075990208
  -31.481035, 0.0007661092, 0.00075990208
  -31.481035, 0.0011523526, 0.00075990208
  -31.481035, 0.0013719812, 0.00075990208
  -31.47458, 0.0002455376, 0.0007607725
  -31.47458, 0.0005568442, 0.0007607725
  -31.47458, 0.0006445362, 0.0007607725
  -31.47458, 0.0010040734, 0.0007607725
  -31.47458, 0.0006126482, 0.0007607725
  -31.47458, 0.0004767256, 0.0007607725
  -31.47458, 0.0006313824, 0.0007607725
  -31.47458, 0.0011850378, 0.0007607725
  -31.47458, 0.0003858448, 0.0007607725
  -31.468125, 0.0011049192, 0.00076164335
  -31.468125, 0.0008067664, 0.00076164335
  -31.468125, 0.0005106066, 0.00076164335
  -31.468125, 0.0006564942, 0.00076164335
  -31.468125, 0.0008797102, 0.00076164335
  -31.468125, 0.000540103, 0.00076164335
  -31.468125, 0.0006114524, 0.00076164335
  -31.468125, 0.0009139898, 0.00076164335
  -31.46167, 0.0006664592, 0.0007625146
  -31.46167, 0.000765312, 0.0007625146
  -31.46167, 0.0009729826, 0.0007625146
  -31.46167, 0.0007816546, 0.0007625146
  -31.455215, 0.0006405502, 0.00076338627
  -31.455215, 0.0006931654, 0.00076338627
  -31.455215, 0.0008286894, 0.00076338627
  -31.455215, 0.0008526054, 0.00076338627
  -31.455215, 0.0007928154, 0.00076338627
  -31.455215, 0.0009072136, 0.00076338627
  -31.455215, 0.0008952556, 0.00076338627
  -31.455215, 0.0006700466, 0.00076338627
  -31.455215, 0.000795207, 0.00076338627
  -31.455215, 0.000631781, 0.00076338627
  -31.44876, 0.000928738, 0.00076425835
  -31.44876, 6.5769e-05, 0.00076425835
  -31.44876, 0.000615837, 0.00076425835
  -31.44876, 0.0005110052, 0.00076425835
  -31.44876, 0.0005476764, 0.00076425835
  -31.442305, 0.0007728854, 0.00076513084
  -31.442305, 0.000601886, 0.00076513084
  -31.442305, 0.0008482208, 0.00076513084
  -31.442305, 0.0008836962, 0.00076513084
  -31.442305, 0.0010092552, 0.00076513084
  -31.442305, 0.0012428348, 0.00076513084
  -31.442305, 0.0007382072, 0.00076513084
  -31.442305, 0.0010546956, 0.00076513084
  -31.442305, 0.0005823546, 0.00076513084
  -31.442305, 0.0006393544, 0.00076513084
  -31.442305, 0.0007031304, 0.00076513084
  -31.43585, 0.0009171786, 0.00076600375
  -31.43585, 0.0011164786, 0.00076600375
  -31.43585, 0.0006090608, 0.00076600375
  -31.43585, 0.000958633, 0.00076600375
  -31.43585, 0.0006106552, 0.00076600375
  -31.43585, 0.000719473, 0.00076600375
  -31.43585, 0.0007059206, 0.00076600375
  -31.43585, 0.000980556, 0.00076600375
  -31.429395, 0.0006309838, 0.00076687707
  -31.429395, 0.0007465778, 0.00076687707
  -31.429395, 0.0010853878, 0.00076687707
  -31.429395, 0.0004312852, 0.00076687707
  -31.429395, 0.0006812074, 0.00076687707
  -31.429395, 0.000506222, 0.00076687707
  -31.429395, 0.0010311782, 0.00076687707
  -31.42294, 0.001038353, 0.00076775081
  -31.42294, 0.0003814602, 0.00076775081
  -31.42294, 0.001199786, 0.00076775081
  -31.42294, 0.0004360684, 0.00076775081
  -31.42294, 0.0004233132, 0.00076775081
  -31.42294, 0.0006285922, 0.00076775081
  -31.42294, 0.001044332, 0.00076775081
  -31.42294, 0.000731431, 0.00076775081
  -31.42294, 0.0010897724, 0.00076775081
  -31.42294, 0.0007836476, 0.00076775081
  -31.416485, 0.0005711938, 0.00076862496
  -31.416485, 0.0009949056, 0.00076862496
  -31.416485, 0.0010977444, 0.00076862496
  -31.416485, 0.000874927, 0.00076862496
  -31.416485, 0.0009211646, 0.00076862496
  -31.416485, 0.000853004, 0.00076862496
  -31.41003, 0.0006050748, 0.00076949952
  -31.41003, 0.0009279408, 0.00076949952
  -31.41003, 0.0007816546, 0.00076949952
  -31.41003, 0.0004436418, 0.00076949952
  -31.41003, 0.001207758, 0.00076949952
  -31.41003, 0.0007417946, 0.00076949952
  -31.41003, 0.000593914, 0.00076949952
  -31.41003, 0.0006202216, 0.00076949952
  -31.403575, 0.000801186, 0.0007703745
  -31.403575, 0.0005496694, 0.0007703745
  -31.403575, 0.0007330254, 0.0007703745
  -31.403575, 0.000862969, 0.0007703745
  -31.403575, 0.0008781158, 0.0007703745
  -31.403575, 0.0012081566, 0.0007703745
  -31.39712, 0.0007995916, 0.00077124989
  -31.39712, 0.000573984, 0.00077124989
  -31.39712, 0.0005636204, 0.00077124989
  -31.39712, 0.0007326268, 0.00077124989
  -31.39712, 0.0008266964, 0.00077124989
  -31.39712, 0.000781256, 0.00077124989
  -31.390665, 0.000394614, 0.0007721257
  -31.390665, 0.0010212132, 0.0007721257
  -31.390665, 0.0004161384, 0.0007721257
  -31.390665, 0.0008406474, 0.0007721257
  -31.390665, 0.0006246062, 0.0007721257
  -31.390665, 0.0013656036, 0.0007721257
  -31.38421, 0.0009159828, 0.00077300192
  -31.38421, 0.000801186, 0.00077300192
  -31.38421, 0.0006006902, 0.00077300192
  -31.38421, 0.000500243, 0.00077300192
  -31.38421, 0.0007880322, 0.00077300192
  -31.377755, 0.0007405988, 0.00077387856
  -31.377755, 0.000986535, 0.00077387856
  -31.377755, 0.0011495624, 0.00077387856
  -31.377755, 0.000729438, 0.00077387856
  -31.377755, 0.0007477736, 0.00077387856
  -31.377755, 0.0007724868, 0.00077387856
  -31.377755, 0.0008984444, 0.00077387856
  -31.377755, 0.0005357184, 0.00077387856
  -31.3713, 0.0005484736, 0.00077475561
  -31.3713, 0.000727445, 0.00077475561
  -31.3713, 0.0006564942, 0.00077475561
  -31.3713, 0.0009749756, 0.00077475561
  -31.3713, 0.00107622, 0.00077475561
  -31.364845, 0.0004233132, 0.00077563308
  -31.364845, 0.000932724, 0.00077563308
  -31.364845, 0.0005365156, 0.00077563308
  -31.35839, 0.0007924168, 0.00077651097
  -31.35839, 0.0009988916, 0.00077651097
  -31.35839, 0.000695557, 0.00077651097
  -31.35839, 0.0011017304, 0.00077651097
  -31.351935, 0.0011595274, 0.00077738927
  -31.339025, 0.0009295352, 0.00077914712
  -31.339025, 0.0006943612, 0.00077914712
  -31.339025, 0.000536117, 0.00077914712
  -31.339025, 0.0004396558, 0.00077914712
  -31.339025, 0.0008374586, 0.00077914712
  -31.33257, 0.0005532568, 0.00078002667
  -31.33257, 0.000729438, 0.00078002667
  -31.326115, 0.000633774, 0.00078090663
  -31.326115, 0.0009961014, 0.00078090663
  -31.326115, 0.000263076, 0.00078090663
  -31.326115, 0.0005436904, 0.00078090663
  -31.326115, 0.0012021776, 0.00078090663
  -31.326115, 0.0008314796, 0.00078090663
  -31.326115, 0.0005245576, 0.00078090663
  -31.31966, 0.0008992416, 0.00078178702
  -31.313205, 0.000703529, 0.00078266782
  -31.313205, 0.0007780672, 0.00078266782
  -31.313205, 0.0008753256, 0.00078266782
  -31.30675, 0.0004667606, 0.00078354903
  -31.30675, 0.001106115, 0.00078354903
  -31.30675, 0.001126045, 0.00078354903
  -31.29384, 0.0010136398, 0.00078531272
  -31.29384, 0.0004874878, 0.00078531272
  -31.287385, 0.0009104024, 0.00078619519
  -31.287385, 0.0008139412, 0.00078619519
  -31.28093, 0.000540103, 0.00078707808
  -31.28093, 0.0007868364, 0.00078707808
  -31.28093, 0.0003292436, 0.00078707808
  -31.274475, 0.0005755784, 0.00078796138
  -31.274475, 0.0011069122, 0.00078796138
  -31.274475, 0.0005552498, 0.00078796138
  -31.274475, 0.0009060178, 0.00078796138
  -31.274475, 0.000534124, 0.00078796138
  -31.26802, 0.0004093622, 0.00078884511
  -31.26802, 0.0013839392, 0.00078884511
  -31.26802, 0.0011356114, 0.00078884511
  -31.261565, 0.0007142912, 0.00078972925
  -31.261565, 0.0004619774, 0.00078972925
  -31.261565, 0.0008003888, 0.00078972925
  -31.25511, 0.0011037234, 0.00079061381
  -31.248655, 0.000671641, 0.00079149879
  -31.248655, 0.0006154384, 0.00079149879
  -31.248655, 0.0006584872, 0.00079149879
  -31.248655, 0.0006644662, 0.00079149879
  -31.248655, 0.0003742854, 0.00079149879
  -31.2422, 0.0008561928, 0.00079238419
  -31.2422, 0.0007142912, 0.00079238419
  -31.2422, 0.000554054, 0.00079238419
  -31.2422, 0.000671641, 0.00079238419
  -31.2422, 0.0008278922, 0.00079238419
  -31.2422, 0.0005006416, 0.00079238419
  -31.2422, 0.000406572, 0.00079238419
  -31.2422, 0.000851011, 0.00079238419
  -31.2422, 0.0005672078, 0.00079238419
  -31.2422, 0.0006943612, 0.00079238419
  -31.2422, 0.000920766, 0.00079238419
  -31.2422, 0.0008777172, 0.00079238419
  -31.2422, 0.000860976, 0.00079238419
  -31.2422, 0.0009674022, 0.00079238419
  -31.2422, 0.0010778144, 0.00079238419
  -31.235745, 0.0011136884, 0.00079327001
  -31.235745, 0.0004269006, 0.00079327001
  -31.235745, 0.0009833462, 0.00079327001
  -31.235745, 0.0010698424, 0.00079327001
  -31.235745, 0.0008573886, 0.00079327001
  -31.235745, 0.0005133968, 0.00079327001
  -31.235745, 0.0012101496, 0.00079327001
  -31.235745, 0.0012013804, 0.00079327001
  -31.235745, 0.0013998832, 0.00079327001
  -31.235745, 0.0009040248, 0.00079327001
  -31.22929, 0.0009737798, 0.00079415624
  -31.22929, 0.001048318, 0.00079415624
  -31.22929, 0.0006305852, 0.00079415624
  -31.22929, 0.0004312852, 0.00079415624
  -31.22929, 0.0004886836, 0.00079415624
  -31.22929, 0.0007728854, 0.00079415624
  -31.22929, 0.0010459264, 0.00079415624
  -31.22929, 0.0009494652, 0.00079415624
  -31.22929, 0.0008797102, 0.00079415624
  -31.22929, 0.0007876336, 0.00079415624
  -31.22929, 0.0007358156, 0.00079415624
  -31.222835, 0.0007629204, 0.0007950429
  -31.222835, 0.0006166342, 0.0007950429
  -31.222835, 0.0007708924, 0.0007950429
  -31.222835, 0.000938703, 0.0007950429
  -31.222835, 0.0010116468, 0.0007950429
  -31.222835, 0.0012344642, 0.0007950429
  -31.222835, 0.000615837, 0.0007950429
  -31.21638, 0.0004854948, 0.00079592998
  -31.21638, 0.00071748, 0.00079592998
  -31.21638, 0.0009614232, 0.00079592998
  -31.21638, 0.0010188216, 0.00079592998
  -31.21638, 0.0011132898, 0.00079592998
  -31.21638, 0.0010853878, 0.00079592998
  -31.21638, 0.0009351156, 0.00079592998
  -31.21638, 0.0010291852, 0.00079592998
  -31.21638, 0.001229681, 0.00079592998
  -31.21638, 0.000440453, 0.00079592998
  -31.21638, 0.0007465778, 0.00079592998
  -31.21638, 0.0005177814, 0.00079592998
  -31.209925, 0.0007501652, 0.00079681748
  -31.209925, 0.0006505152, 0.00079681748
  -31.209925, 0.000900836, 0.00079681748
  -31.209925, 0.0012886738, 0.00079681748
  -31.209925, 0.000749368, 0.00079681748
  -31.20347, 0.0006349698, 0.00079770539
  -31.20347, 0.0010192202, 0.00079770539
  -31.20347, 0.0007509624, 0.00079770539
  -31.20347, 0.0004089636, 0.00079770539
  -31.20347, 0.0004946626, 0.00079770539
  -31.20347, 0.0003950126, 0.00079770539
  -31.20347, 0.0006102566, 0.00079770539
  -31.20347, 0.0010311782, 0.00079770539
  -31.20347, 0.0009889266, 0.00079770539
  -31.20347, 0.0007250534, 0.00079770539
  -31.20347, 0.0007617246, 0.00079770539
  -31.20347, 0.000669648, 0.00079770539
  -31.20347, 0.0007748784, 0.00079770539
  -31.20347, 0.0007398016, 0.00079770539
  -31.20347, 0.0005189772, 0.00079770539
  -31.197015, 0.0006672564, 0.00079859373
  -31.197015, 0.0012045692, 0.00079859373
  -31.197015, 0.0009769686, 0.00079859373
  -31.197015, 0.0008382558, 0.00079859373
  -31.197015, 0.0007677036, 0.00079859373
  -31.197015, 0.0010598774, 0.00079859373
  -31.197015, 0.0009351156, 0.00079859373
  -31.197015, 0.0008219132, 0.00079859373
  -31.197015, 0.0009402974, 0.00079859373
  -31.197015, 0.0008147384, 0.00079859373
  -31.197015, 0.0005895294, 0.00079859373
  -31.197015, 0.000767305, 0.00079859373
  -31.197015, 0.0006429418, 0.00079859373
  -31.197015, 0.0008394516, 0.00079859373
  -31.19056, 0.0012169258, 0.00079948249
  -31.19056, 0.0007043262, 0.00079948249
  -31.19056, 0.0009402974, 0.00079948249
  -31.19056, 0.0007569414, 0.00079948249
  -31.19056, 0.0010160314, 0.00079948249
  -31.19056, 0.0004428446, 0.00079948249
  -31.19056, 0.0006680536, 0.00079948249
  -31.19056, 0.0005947112, 0.00079948249
  -31.19056, 0.0009937098, 0.00079948249
  -31.19056, 0.0007222632, 0.00079948249
  -31.19056, 0.0008115496, 0.00079948249
  -31.19056, 0.0008063678, 0.00079948249
  -31.184105, 0.0006620746, 0.00080037166
  -31.184105, 0.000866955, 0.00080037166
  -31.184105, 0.0006584872, 0.00080037166
  -31.184105, 0.0007876336, 0.00080037166
  -31.184105, 0.0010558914, 0.00080037166
  -31.184105, 0.000829088, 0.00080037166
  -31.17765, 0.0012599746, 0.00080126126
  -31.17765, 0.0008163328, 0.00080126126
  -31.17765, 0.0010100524, 0.00080126126
  -31.17765, 0.0010798074, 0.00080126126
  -31.17765, 0.000623809, 0.00080126126
  -31.17765, 0.0008980458, 0.00080126126
  -31.17765, 0.0007501652, 0.00080126126
  -31.17765, 0.000880906, 0.00080126126
  -31.17765, 0.0007944098, 0.00080126126
  -31.17765, 0.0007972, 0.00080126126
  -31.17765, 0.0006959556, 0.00080126126
  -31.17765, 0.0004954598, 0.00080126126
  -31.17765, 0.0009849406, 0.00080126126
  -31.17765, 0.000500243, 0.00080126126
  -31.17765, 0.0012671494, 0.00080126126
  -31.171195, 0.0007748784, 0.00080215128
  -31.171195, 0.000741396, 0.00080215128
  -31.171195, 0.001213737, 0.00080215128
  -31.171195, 0.0008721368, 0.00080215128
  -31.171195, 0.000978563, 0.00080215128
  -31.171195, 0.0011292338, 0.00080215128
  -31.171195, 0.0005512638, 0.00080215128
  -31.171195, 0.0011846392, 0.00080215128
  -31.171195, 0.0008717382, 0.00080215128
  -31.171195, 0.0009909196, 0.00080215128
  -31.171195, 0.0008956542, 0.00080215128
  -31.171195, 0.0004607816, 0.00080215128
  -31.171195, 0.0009375072, 0.00080215128
  -31.171195, 0.0007669064, 0.00080215128
  -31.16474, 0.001092164, 0.00080304172
  -31.16474, 0.0004966556, 0.00080304172
  -31.16474, 0.0008099552, 0.00080304172
  -31.16474, 0.001381149, 0.00080304172
  -31.16474, 0.0009913182, 0.00080304172
  -31.16474, 0.0007003402, 0.00080304172
  -31.16474, 0.0005484736, 0.00080304172
  -31.16474, 0.000773284, 0.00080304172
  -31.16474, 0.0011395974, 0.00080304172
  -31.158285, 0.0005098094, 0.00080393259
  -31.158285, 0.0004276978, 0.00080393259
  -31.158285, 0.000673634, 0.00080393259
  -31.158285, 0.0007457806, 0.00080393259
  -31.158285, 0.0006489208, 0.00080393259
  -31.158285, 0.0010806046, 0.00080393259
  -31.158285, 0.0008872836, 0.00080393259
  -31.158285, 0.0007788644, 0.00080393259
  -31.158285, 0.0006014874, 0.00080393259
  -31.158285, 0.0013644078, 0.00080393259
  -31.158285, 0.0007449834, 0.00080393259
  -31.158285, 0.0008039762, 0.00080393259
  -31.15183, 0.0007063192, 0.00080482387
  -31.15183, 0.0011958, 0.00080482387
  -31.15183, 0.00089685, 0.00080482387
  -31.15183, 0.0010076608, 0.00080482387
  -31.15183, 0.0009024304, 0.00080482387
  -31.145375, 0.0004695508, 0.00080571558
  -31.145375, 0.00097657, 0.00080571558
  -31.145375, 0.0007378086, 0.00080571558
  -31.145375, 0.0006425432, 0.00080571558
  -31.145375, 0.0009422904, 0.00080571558
  -31.145375, 0.0009988916, 0.00080571558
  -31.145375, 0.0005197744, 0.00080571558
  -31.13892, 0.0011842406, 0.0008066077
  -31.13892, 0.0005484736, 0.0008066077
  -31.13892, 0.0011085066, 0.0008066077
  -31.13892, 0.000121573, 0.0008066077
  -31.13892, 0.0007258506, 0.0008066077
  -31.132465, 0.0008067664, 0.00080750025
  -31.132465, 0.0003439918, 0.00080750025
  -31.132465, 0.0008633676, 0.00080750025
  -31.132465, 0.0005735854, 0.00080750025
  -31.132465, 0.0009570386, 0.00080750025
  -31.132465, 0.0010574858, 0.00080750025
  -31.132465, 0.000813144, 0.00080750025
  -31.132465, 0.0005297394, 0.00080750025
  -31.132465, 0.0006054734, 0.00080750025
  -31.12601, 0.000904822, 0.00080839322
  -31.12601, 0.0006050748, 0.00080839322
  -31.12601, 0.0011093038, 0.00080839322
  -31.12601, 0.0008278922, 0.00080839322
  -31.12601, 0.0010905696, 0.00080839322
  -31.12601, 0.0007382072, 0.00080839322
  -31.12601, 0.0007138926, 0.00080839322
  -31.12601, 0.000793214, 0.00080839322
  -31.12601, 0.0012145342, 0.00080839322
  -31.12601, 0.0010000874, 0.00080839322
  -31.12601, 0.001072234, 0.00080839322
  -31.12601, 0.00113601, 0.00080839322
  -31.12601, 0.0009203674, 0.00080839322
  -31.119555, 0.0006568928, 0.00080928662
  -31.119555, 0.0007804588, 0.00080928662
  -31.119555, 0.0008083608, 0.00080928662
  -31.119555, 0.0008462278, 0.00080928662
  -31.119555, 0.0007398016, 0.00080928662
  -31.119555, 0.0007437876, 0.00080928662
  -31.119555, 0.0008346684, 0.00080928662
  -31.119555, 0.0009693952, 0.00080928662
  -31.119555, 0.0008019832, 0.00080928662
  -31.119555, 0.0010574858, 0.00080928662
  -31.119555, 0.001233667, 0.00080928662
  -31.119555, 0.000890871, 0.00080928662
  -31.119555, 0.0007784658, 0.00080928662
  -31.119555, 0.0008035776, 0.00080928662
  -31.119555, 0.0005656134, 0.00080928662
  -31.1131, 0.001251604, 0.00081018044
  -31.1131, 0.0009558428, 0.00081018044
  -31.1131, 0.0010519054, 0.00081018044
  -31.1131, 0.0008605774, 0.00081018044
  -31.1131, 0.001149961, 0.00081018044
  -31.1131, 0.0005528582, 0.00081018044
  -31.1131, 0.0010271922, 0.00081018044
  -31.1131, 0.001159926, 0.00081018044
  -31.1131, 0.0007405988, 0.00081018044
  -31.1131, 0.0010746256, 0.00081018044
  -31.106645, 0.000763319, 0.00081107468
  -31.106645, 0.0011567372, 0.00081107468
  -31.106645, 0.0008087594, 0.00081107468
  -31.106645, 0.0009658078, 0.00081107468
  -31.106645, 0.001177863, 0.00081107468
  -31.106645, 0.0006684522, 0.00081107468
  -31.106645, 0.0005114038, 0.00081107468
  -31.106645, 0.0010750242, 0.00081107468
  -31.106645, 0.0009602274, 0.00081107468
  -31.106645, 0.0007330254, 0.00081107468
  -31.106645, 0.0005544526, 0.00081107468
  -31.106645, 0.0007541512, 0.00081107468
  -31.10019, 0.0004269006, 0.00081196934
  -31.10019, 0.000651711, 0.00081196934
  -31.10019, 0.0007246548, 0.00081196934
  -31.10019, 0.0008506124, 0.00081196934
  -31.10019, 0.000845032, 0.00081196934
  -31.10019, 0.0007003402, 0.00081196934
  -31.10019, 0.0006449348, 0.00081196934
  -31.10019, 0.0008247034, 0.00081196934
  -31.10019, 0.000805172, 0.00081196934
  -31.10019, 0.0007358156, 0.00081196934
  -31.10019, 0.0009849406, 0.00081196934
  -31.10019, 0.0006620746, 0.00081196934
  -31.093735, 0.0012205132, 0.00081286442
  -31.093735, 0.0009092066, 0.00081286442
  -31.093735, 0.0007928154, 0.00081286442
  -31.093735, 0.0007525568, 0.00081286442
  -31.093735, 0.0011431848, 0.00081286442
  -31.093735, 0.000494264, 0.00081286442
  -31.093735, 0.0006194244, 0.00081286442
  -31.093735, 0.0006808088, 0.00081286442
  -31.093735, 0.0007637176, 0.00081286442
  -31.093735, 0.000506222, 0.00081286442
  -31.093735, 0.0006469278, 0.00081286442
  -31.093735, 0.0009829476, 0.00081286442
  -31.093735, 0.00075734, 0.00081286442
  -31.093735, 0.0006843962, 0.00081286442
  -31.08728, 0.0007449834, 0.00081375993
  -31.08728, 0.001253597, 0.00081375993
  -31.08728, 0.000954647, 0.00081375993
  -31.08728, 0.000560033, 0.00081375993
  -31.08728, 0.0007549484, 0.00081375993
  -31.08728, 0.0011926112, 0.00081375993
  -31.08728, 0.0006385572, 0.00081375993
  -31.08728, 0.001054297, 0.00081375993
  -31.08728, 0.0005855434, 0.00081375993
  -31.080825, 0.0009159828, 0.00081465587
  -31.080825, 0.0012751214, 0.00081465587
  -31.080825, 0.0010028776, 0.00081465587
  -31.080825, 0.0007999902, 0.00081465587
  -31.080825, 0.00105629, 0.00081465587
  -31.080825, 0.0006903752, 0.00081465587
  -31.080825, 0.0008597802, 0.00081465587
  -31.080825, 0.000783249, 0.00081465587
  -31.07437, 0.0004001944, 0.00081555222
  -31.07437, 0.000908808, 0.00081555222
  -31.07437, 0.0006142426, 0.00081555222
  -31.07437, 0.000675627, 0.00081555222
  -31.07437, 0.0008526054, 0.00081555222
  -31.07437, 0.0010558914, 0.00081555222
  -31.07437, 0.0007924168, 0.00081555222
  -31.07437, 0.0010957514, 0.00081555222
  -31.07437, 0.0006453334, 0.00081555222
  -31.067915, 0.0004858934, 0.000816449
  -31.067915, 0.0010251992, 0.000816449
  -31.067915, 0.0012484152, 0.000816449
  -31.067915, 0.000524159, 0.000816449
  -31.067915, 0.0008119482, 0.000816449
  -31.067915, 0.0010176258, 0.000816449
  -31.067915, 0.0009383044, 0.000816449
  -31.067915, 0.0009901224, 0.000816449
  -31.06146, 0.0007469764, 0.00081734621
  -31.06146, 0.000783249, 0.00081734621
  -31.06146, 0.000635767, 0.00081734621
  -31.06146, 0.0005544526, 0.00081734621
  -31.06146, 0.0011089052, 0.00081734621
  -31.06146, 0.0007983958, 0.00081734621
  -31.06146, 0.0006664592, 0.00081734621
  -31.06146, 0.0008035776, 0.00081734621
  -31.06146, 0.0009060178, 0.00081734621
  -31.06146, 0.000866955, 0.00081734621
  -31.06146, 0.0007768714, 0.00081734621
  -31.06146, 0.0009299338, 0.00081734621
  -31.06146, 0.0012073594, 0.00081734621
  -31.055005, 0.001008458, 0.00081824384
  -31.055005, 0.0012029748, 0.00081824384
  -31.055005, 0.0009610246, 0.00081824384
  -31.055005, 0.001239646, 0.00081824384
  -31.055005, 0.0010893738, 0.00081824384
  -31.04855, 0.0008362628, 0.00081914189
  -31.04855, 0.0007629204, 0.00081914189
  -31.04855, 0.0006903752, 0.00081914189
  -31.04855, 0.0005672078, 0.00081914189
  -31.04855, 0.0008282908, 0.00081914189
  -31.04855, 0.0009761714, 0.00081914189
  -31.042095, 0.000294964, 0.00082004037
  -31.042095, 0.00111608, 0.00082004037
  -31.03564, 0.0010439334, 0.00082093927
  -31.03564, 0.000900836, 0.00082093927
  -31.03564, 0.0006142426, 0.00082093927
  -31.029185, 0.0003850476, 0.0008218386
  -31.029185, 0.0006700466, 0.0008218386
  -31.029185, 0.001072234, 0.0008218386
  -31.029185, 0.0006309838, 0.0008218386
  -31.02273, 0.0009295352, 0.00082273835
  -31.02273, 0.0011463736, 0.00082273835
  -31.016275, 0.0008912696, 0.00082363853
  -31.016275, 0.0012033734, 0.00082363853
  -31.00982, 0.0007007388, 0.00082453913
  -31.00982, 0.0008725354, 0.00082453913
  -31.00982, 0.000851011, 0.00082453913
  -31.00982, 0.0006923682, 0.00082453913
  -31.003365, 0.0005731868, 0.00082544016
  -31.003365, 0.0007083122, 0.00082544016
  -31.003365, 0.0009478708, 0.00082544016
  -31.003365, 0.0009693952, 0.00082544016
  -30.99691, 0.0013695896, 0.00082634162
  -30.99691, 0.000667655, 0.00082634162
  -30.99691, 0.0011184716, 0.00082634162
  -30.99691, 0.0008115496, 0.00082634162
  -30.99691, 0.0009538498, 0.00082634162
  -30.99691, 0.0006373614, 0.00082634162
  -30.99691, 0.0005735854, 0.00082634162
  -30.99691, 0.0009211646, 0.00082634162
  -30.990455, 0.0006369628, 0.0008272435
  -30.990455, 0.0008864864, 0.0008272435
  -30.990455, 0.0009056192, 0.0008272435
  -30.990455, 0.0007975986, 0.0008272435
  -30.984, 0.0008187244, 0.00082814581
  -30.984, 0.0007983958, 0.00082814581
  -30.984, 0.0007740812, 0.00082814581
  -30.984, 0.000958633, 0.00082814581
  -30.984, 0.0010933598, 0.00082814581
  -30.984, 0.0005915224, 0.00082814581
  -30.984, 0.0009123954, 0.00082814581
  -30.984, 0.0009335212, 0.00082814581
  -30.984, 0.0004548026, 0.00082814581
  -30.977545, 0.0011850378, 0.00082904854
  -30.977545, 0.0004552012, 0.00082904854
  -30.977545, 0.000864962, 0.00082904854
  -30.977545, 0.0008063678, 0.00082904854
  -30.977545, 0.0006708438, 0.00082904854
  -30.977545, 0.0007063192, 0.00082904854
  -30.97109, 0.0004496208, 0.0008299517
  -30.97109, 0.0006066692, 0.0008299517
  -30.97109, 0.0005711938, 0.0008299517
  -30.964635, 0.0006533054, 0.00083085529
  -30.964635, 0.0007940112, 0.00083085529
  -30.95818, 0.0013189674, 0.00083175931
  -30.95818, 0.0007876336, 0.00083175931
  -30.95818, 0.000990521, 0.00083175931
  -30.95818, 0.0007948084, 0.00083175931
  -30.951725, 0.0011348142, 0.00083266375
  -30.951725, 0.0009737798, 0.00083266375
  -30.951725, 0.0009363114, 0.00083266375
  -30.951725, 0.0011252478, 0.00083266375
  -30.94527, 0.0008394516, 0.00083356862
  -30.94527, 0.0011212618, 0.00083356862
  -30.94527, 0.0005432918, 0.00083356862
  -30.94527, 0.0007968014, 0.00083356862
  -30.938815, 0.0010718354, 0.00083447391
  -30.938815, 0.0003918238, 0.00083447391
  -30.938815, 0.0006285922, 0.00083447391
  -30.938815, 0.0008545984, 0.00083447391
  -30.925905, 0.0007708924, 0.00083628579
  -30.925905, 0.001171884, 0.00083628579
  -30.91945, 0.000659683, 0.00083719237
  -30.91945, 0.0008637662, 0.00083719237
  -30.91945, 0.0003272506, 0.00083719237
  -30.912995, 0.000773284, 0.00083809938
  -30.912995, 0.0009578358, 0.00083809938
  -30.912995, 0.0012464222, 0.00083809938
  -30.912995, 0.000589928, 0.00083809938
  -30.912995, 0.0003236632, 0.00083809938
  -30.90654, 0.00091678, 0.00083900682
  -30.900085, 0.0011663036, 0.00083991469
  -30.89363, 0.0010060664, 0.00084082298
  -30.89363, 0.0008422418, 0.00084082298
  -30.89363, 0.00067762, 0.00084082298
  -30.887175, 0.0007071164, 0.00084173171
  -30.887175, 0.0009590316, 0.00084173171
  -30.88072, 0.0008115496, 0.00084264086
  -30.88072, 0.000821116, 0.00084264086
  -30.874265, 0.0009642134, 0.00084355044
  -30.874265, 0.0012133384, 0.00084355044
  -30.874265, 0.000571991, 0.00084355044
  -30.874265, 0.0007617246, 0.00084355044
  -30.874265, 0.000568005, 0.00084355044
  -30.86781, 0.0007960042, 0.00084446046
  -30.86781, 0.0010168286, 0.00084446046
  -30.86781, 0.0010554928, 0.00084446046
  -30.86781, 0.00047832, 0.00084446046
  -30.861355, 0.0006022846, 0.0008453709
  -30.861355, 0.001010451, 0.0008453709
  -30.861355, 0.0008705424, 0.0008453709
  -30.861355, 0.0007589344, 0.0008453709
  -30.861355, 0.0011686952, 0.0008453709
  -30.861355, 0.000560033, 0.0008453709
  -30.861355, 0.0012300796, 0.0008453709
  -30.861355, 0.0007796616, 0.0008453709
  -30.861355, 0.0007776686, 0.0008453709
  -30.861355, 0.0009550456, 0.0008453709
  -30.861355, 0.00067762, 0.0008453709
  -30.8549, 0.000761326, 0.00084628177
  -30.8549, 0.0007346198, 0.00084628177
  -30.8549, 0.0005564456, 0.00084628177
  -30.8549, 0.0008015846, 0.00084628177
  -30.8549, 0.000745382, 0.00084628177
  -30.8549, 0.0007118996, 0.00084628177
  -30.848445, 0.0012763172, 0.00084719307
  -30.848445, 0.0009976958, 0.00084719307
  -30.848445, 0.0009809546, 0.00084719307
  -30.848445, 0.0006983472, 0.00084719307
  -30.848445, 0.0006453334, 0.00084719307
  -30.848445, 0.0009371086, 0.00084719307
  -30.848445, 0.0010873808, 0.00084719307
  -30.848445, 0.0008924654, 0.00084719307
  -30.84199, 0.0006465292, 0.00084810481
  -30.84199, 0.001058283, 0.00084810481
  -30.84199, 0.0012759186, 0.00084810481
  -30.84199, 0.0004209216, 0.00084810481
  -30.84199, 0.000767305, 0.00084810481
  -30.84199, 0.0005289422, 0.00084810481
  -30.84199, 0.0010937584, 0.00084810481
  -30.84199, 0.0002188314, 0.00084810481
  -30.84199, 0.0007784658, 0.00084810481
  -30.84199, 0.0010558914, 0.00084810481
  -30.84199, 0.0007764728, 0.00084810481
  -30.84199, 0.00113601, 0.00084810481
  -30.84199, 0.0004767256, 0.00084810481
  -30.835535, 0.0005273478, 0.00084901697
  -30.835535, 0.0007776686, 0.00084901697
  -30.835535, 0.0013624148, 0.00084901697
  -30.835535, 0.0006728368, 0.00084901697
  -30.835535, 0.0008892766, 0.00084901697
  -30.835535, 0.0007820532, 0.00084901697
  -30.835535, 0.000821116, 0.00084901697
  -30.835535, 0.0006130468, 0.00084901697
  -30.835535, 0.0006042776, 0.00084901697
  -30.835535, 0.0008836962, 0.00084901697
  -30.835535, 0.0005795644, 0.00084901697
  -30.835535, 0.0006588858, 0.00084901697
  -30.835535, 0.0011112968, 0.00084901697
  -30.835535, 0.0005823546, 0.00084901697
  -30.82908, 0.0006808088, 0.00084992957
  -30.82908, 0.0004269006, 0.00084992957
  -30.82908, 0.0008147384, 0.00084992957
  -30.82908, 0.0005405016, 0.00084992957
  -30.82908, 0.0013121912, 0.00084992957
  -30.82908, 0.0008426404, 0.00084992957
  -30.82908, 0.0008522068, 0.00084992957
  -30.82908, 0.0002519152, 0.00084992957
  -30.822625, -5.30138e-05, 0.00085084259
  -30.822625, 0.0012025762, 0.00085084259
  -30.822625, 0.0010000874, 0.00085084259
  -30.822625, 0.0009271436, 0.00085084259
  -30.822625, 0.000665662, 0.00085084259
  -30.822625, 0.0006620746, 0.00085084259
  -30.822625, 0.001064262, 0.00085084259
  -30.822625, 0.0003718938, 0.00085084259
  -30.822625, 0.000506222, 0.00085084259
  -30.822625, 0.0010180244, 0.00085084259
  -30.81617, 0.000970591, 0.00085175605
  -30.81617, 0.0006624732, 0.00085175605
  -30.81617, 0.0006301866, 0.00085175605
  -30.81617, 0.0011467722, 0.00085175605
  -30.81617, 0.0008203188, 0.00085175605
  -30.81617, 0.0010758214, 0.00085175605
  -30.81617, 0.0010487166, 0.00085175605
  -30.81617, 0.0007888294, 0.00085175605
  -30.81617, 0.0009769686, 0.00085175605
  -30.81617, 0.000813144, 0.00085175605
  -30.81617, 0.0004181314, 0.00085175605
  -30.81617, 0.0006373614, 0.00085175605
  -30.809715, 0.0011328212, 0.00085266993
  -30.809715, 0.0008561928, 0.00085266993
  -30.809715, 0.0009594302, 0.00085266993
  -30.809715, 0.0012998346, 0.00085266993
  -30.809715, 0.0006744312, 0.00085266993
  -30.809715, 0.0010371572, 0.00085266993
  -30.809715, 0.000665662, 0.00085266993
  -30.809715, 0.0004372642, 0.00085266993
  -30.809715, 0.0011890238, 0.00085266993
  -30.809715, 0.0011148842, 0.00085266993
  -30.80326, 0.0012073594, 0.00085358425
  -30.80326, 0.0014154286, 0.00085358425
  -30.80326, 0.000803179, 0.00085358425
  -30.80326, 0.0005979, 0.00085358425
  -30.80326, 0.0008805074, 0.00085358425
  -30.80326, 0.0006907738, 0.00085358425
  -30.80326, 0.00105629, 0.00085358425
  -30.80326, 0.0012579816, 0.00085358425
  -30.80326, 0.000986535, 0.00085358425
  -30.80326, 0.0010630662, 0.00085358425
  -30.80326, 0.0003974042, 0.00085358425
  -30.80326, 0.0007728854, 0.00085358425
  -30.80326, 0.0007685008, 0.00085358425
  -30.80326, 0.0005903266, 0.00085358425
  -30.80326, 0.0010666536, 0.00085358425
  -30.796805, 0.000831081, 0.00085449901
  -30.796805, 0.0009777658, 0.00085449901
  -30.796805, 0.0007716896, 0.00085449901
  -30.796805, 0.0006353684, 0.00085449901
  -30.796805, 0.0010180244, 0.00085449901
  -30.796805, 0.000793214, 0.00085449901
  -30.796805, 0.0002566984, 0.00085449901
  -30.796805, 0.0004938654, 0.00085449901
  -30.796805, 0.0009913182, 0.00085449901
  -30.796805, 0.0008438362, 0.00085449901
  -30.796805, 0.0010148356, 0.00085449901
  -30.796805, 0.0008518082, 0.00085449901
  -30.796805, 0.000761326, 0.00085449901
  -30.79035, 0.000575977, 0.00085541419
  -30.79035, 0.000651711, 0.00085541419
  -30.79035, 0.000468355, 0.00085541419
  -30.79035, 0.0010088566, 0.00085541419
  -30.79035, 0.0008761228, 0.00085541419
  -30.79035, 0.0015210576, 0.00085541419
  -30.79035, 0.0009115982, 0.00085541419
  -30.79035, 0.0008055706, 0.00085541419
  -30.79035, 0.0004846976, 0.00085541419
  -30.79035, 0.0008219132, 0.00085541419
  -30.79035, 0.0010849892, 0.00085541419
  -30.79035, 0.000713494, 0.00085541419
  -30.79035, 0.0009398988, 0.00085541419
  -30.79035, 0.000823109, 0.00085541419
  -30.79035, 0.0008936612, 0.00085541419
  -30.783895, 0.0012260936, 0.0008563298
  -30.783895, 0.000542096, 0.0008563298
  -30.783895, 0.001048318, 0.0008563298
  -30.783895, 0.0014991346, 0.0008563298
  -30.783895, 0.0008187244, 0.0008563298
  -30.783895, 0.0011511568, 0.0008563298
  -30.783895, 0.0008538012, 0.0008563298
  -30.783895, 0.0007537526, 0.0008563298
  -30.783895, 0.0002686564, 0.0008563298
  -30.783895, 0.0008996402, 0.0008563298
  -30.783895, 0.0004480264, 0.0008563298
  -30.783895, 0.0011710868, 0.0008563298
  -30.783895, 0.0009012346, 0.0008563298
  -30.783895, 0.0007043262, 0.0008563298
  -30.77744, 0.0008278922, 0.00085724585
  -30.77744, 0.000813144, 0.00085724585
  -30.77744, 0.0010172272, 0.00085724585
  -30.77744, 0.001028388, 0.00085724585
  -30.77744, 0.0010897724, 0.00085724585
  -30.77744, 0.0007011374, 0.00085724585
  -30.77744, 0.0012480166, 0.00085724585
  -30.77744, 0.0007390044, 0.00085724585
  -30.77744, 0.0007250534, 0.00085724585
  -30.77744, 0.0010766186, 0.00085724585
  -30.77744, 0.0012870794, 0.00085724585
  -30.77744, 0.000894857, 0.00085724585
  -30.770985, 0.0006991444, 0.00085816233
  -30.770985, 0.0003898308, 0.00085816233
  -30.770985, 0.0008597802, 0.00085816233
  -30.770985, 0.0009901224, 0.00085816233
  -30.770985, 0.0009060178, 0.00085816233
  -30.770985, 0.0010905696, 0.00085816233
  -30.770985, 0.0006859906, 0.00085816233
  -30.770985, 0.0013022262, 0.00085816233
  -30.770985, 0.0011503596, 0.00085816233
  -30.770985, 0.0012619676, 0.00085816233
  -30.76453, 0.000904822, 0.00085907924
  -30.76453, 0.0006102566, 0.00085907924
  -30.76453, 0.0007924168, 0.00085907924
  -30.76453, 0.000609858, 0.00085907924
  -30.76453, 0.0008239062, 0.00085907924
  -30.76453, 0.0011108982, 0.00085907924
  -30.76453, 0.0011886252, 0.00085907924
  -30.76453, 0.0008737312, 0.00085907924
  -30.76453, 0.0010933598, 0.00085907924
  -30.76453, 0.0010016818, 0.00085907924
  -30.76453, 0.0002881878, 0.00085907924
  -30.76453, 0.0006269978, 0.00085907924
  -30.76453, 0.0004611802, 0.00085907924
  -30.76453, 0.0007489694, 0.00085907924
  -30.76453, 0.0008653606, 0.00085907924
  -30.76453, 0.0006887808, 0.00085907924
  -30.76453, 0.0003216702, 0.00085907924
  -30.758075, 0.0010012832, 0.00085999659
  -30.758075, 0.0011336184, 0.00085999659
  -30.758075, 0.0006644662, 0.00085999659
  -30.758075, 0.0010778144, 0.00085999659
  -30.758075, 0.0005273478, 0.00085999659
  -30.758075, 0.0008940598, 0.00085999659
  -30.758075, 0.0004950612, 0.00085999659
  -30.75162, 0.000510208, 0.00086091436
  -30.75162, 0.0010092552, 0.00086091436
  -30.75162, 0.0007964028, 0.00086091436
  -30.75162, 0.0012986388, 0.00086091436
  -30.75162, 0.0005345226, 0.00086091436
  -30.75162, 0.0008526054, 0.00086091436
  -30.75162, 0.0008282908, 0.00086091436
  -30.75162, 0.001161919, 0.00086091436
  -30.75162, 0.0012464222, 0.00086091436
  -30.75162, 0.001054297, 0.00086091436
  -30.75162, 0.0010666536, 0.00086091436
  -30.75162, 0.0009199688, 0.00086091436
  -30.745165, 0.0008294866, 0.00086183257
  -30.745165, 0.0005357184, 0.00086183257
  -30.745165, 0.000978563, 0.00086183257
  -30.745165, 0.0004990472, 0.00086183257
  -30.745165, 0.0006812074, 0.00086183257
  -30.745165, 0.000550068, 0.00086183257
  -30.745165, 0.0008003888, 0.00086183257
  -30.745165, 0.0009024304, 0.00086183257
  -30.73871, 0.0011316254, 0.00086275122
  -30.73871, 0.0003750826, 0.00086275122
  -30.73871, 0.0009179758, 0.00086275122
  -30.73871, 0.0004153412, 0.00086275122
  -30.73871, 0.001227688, 0.00086275122
  -30.73871, 0.000661676, 0.00086275122
  -30.73871, 0.0008605774, 0.00086275122
  -30.73871, 0.0005237604, 0.00086275122
  -30.73871, 0.001311394, 0.00086275122
  -30.73871, 0.0007330254, 0.00086275122
  -30.732255, 0.000729438, 0.0008636703
  -30.732255, 0.0010610732, 0.0008636703
  -30.732255, 0.0007489694, 0.0008636703
  -30.732255, 0.0007605288, 0.0008636703
  -30.732255, 0.0006728368, 0.0008636703
  -30.732255, 0.0012344642, 0.0008636703
  -30.732255, 0.0007581372, 0.0008636703
  -30.732255, 0.000705522, 0.0008636703
  -30.732255, 0.0008322768, 0.0008636703
  -30.732255, 0.0008047734, 0.0008636703
  -30.732255, 0.0012862822, 0.0008636703
  -30.732255, 0.0009674022, 0.0008636703
  -30.732255, 0.0006684522, 0.0008636703
  -30.7258, 0.0007302352, 0.00086458981
  -30.7258, 0.001000486, 0.00086458981
  -30.7258, 0.000763319, 0.00086458981
  -30.7258, 0.0007126968, 0.00086458981
  -30.7258, 0.000679613, 0.00086458981
  -30.7258, 0.0005173828, 0.00086458981
  -30.7258, 0.0007178786, 0.00086458981
  -30.7258, 0.000655697, 0.00086458981
  -30.7258, 0.0007908224, 0.00086458981
  -30.7258, 0.0007999902, 0.00086458981
  -30.7258, 0.0008936612, 0.00086458981
  -30.719345, 0.001010451, 0.00086550975
  -30.719345, 0.0007202702, 0.00086550975
  -30.719345, 0.0007238576, 0.00086550975
  -30.719345, 0.0007529554, 0.00086550975
  -30.719345, 0.0010606746, 0.00086550975
  -30.719345, 0.0009602274, 0.00086550975
  -30.719345, 0.0009311296, 0.00086550975
  -30.719345, 0.0007370114, 0.00086550975
  -30.719345, 0.0008055706, 0.00086550975
  -30.719345, 0.0008494166, 0.00086550975
  -30.719345, 0.0006106552, 0.00086550975
  -30.719345, 0.0012081566, 0.00086550975
  -30.71289, 0.0007736826, 0.00086643013
  -30.71289, 0.0009131926, 0.00086643013
  -30.71289, 0.0009980944, 0.00086643013
  -30.71289, 0.000681606, 0.00086643013
  -30.71289, 0.0011196674, 0.00086643013
  -30.71289, 0.0009430876, 0.00086643013
  -30.71289, 0.0007924168, 0.00086643013
  -30.71289, 0.0005536554, 0.00086643013
  -30.71289, 0.0007920182, 0.00086643013
  -30.706435, 0.0007310324, 0.00086735095
  -30.706435, 0.0006273964, 0.00086735095
  -30.706435, 0.00077727, 0.00086735095
  -30.706435, 0.0009654092, 0.00086735095
  -30.706435, 0.001034367, 0.00086735095
  -30.706435, 0.000908808, 0.00086735095
  -30.706435, 0.0007808574, 0.00086735095
  -30.706435, 0.0009897238, 0.00086735095
  -30.706435, 0.000725452, 0.00086735095
  -30.706435, 0.0009693952, 0.00086735095
  -30.706435, 0.0010957514, 0.00086735095
  -30.706435, 0.000699543, 0.00086735095
  -30.69998, 0.0009179758, 0.00086827219
  -30.69998, 0.0007497666, 0.00086827219
  -30.69998, 0.000779263, 0.00086827219
  -30.69998, 0.0005883336, 0.00086827219
  -30.69998, 0.0008462278, 0.00086827219
  -30.69998, 0.000747375, 0.00086827219
  -30.69998, 0.0007728854, 0.00086827219
  -30.69998, 0.0011782616, 0.00086827219
  -30.69998, 0.0004559984, 0.00086827219
  -30.69998, 0.000767305, 0.00086827219
  -30.69998, 0.0005205716, 0.00086827219
  -30.69998, 0.0007916196, 0.00086827219
  -30.69998, 0.0009123954, 0.00086827219
  -30.69998, 0.0004388586, 0.00086827219
  -30.69998, 0.0011152828, 0.00086827219
  -30.69998, 0.0009315282, 0.00086827219
  -30.69998, 0.0011487652, 0.00086827219
  -30.69998, 0.0007517596, 0.00086827219
  -30.69998, 0.000866955, 0.00086827219
  -30.69998, 0.0003962084, 0.00086827219
  -30.693525, 0.0010439334, 0.00086919388
  -30.693525, 0.0006341726, 0.00086919388
  -30.693525, 0.0005225646, 0.00086919388
  -30.693525, 0.0007888294, 0.00086919388
  -30.693525, 0.0006983472, 0.00086919388
  -30.693525, 0.000701536, 0.00086919388
  -30.693525, 0.0013038206, 0.00086919388
  -30.693525, 0.0007258506, 0.00086919388
  -30.693525, 0.0008944584, 0.00086919388
  -30.693525, 0.00111608, 0.00086919388
  -30.68707, 0.0011595274, 0.000870116
  -30.68707, 0.000998493, 0.000870116
  -30.68707, 0.0008900738, 0.000870116
  -30.68707, 0.0010554928, 0.000870116
  -30.68707, 0.0010012832, 0.000870116
  -30.68707, 0.0010248006, 0.000870116
  -30.68707, 0.0008725354, 0.000870116
  -30.68707, 0.0003639218, 0.000870116
  -30.68707, 0.0007186758, 0.000870116
  -30.68707, 0.001281499, 0.000870116
  -30.680615, 0.0009239548, 0.00087103855
  -30.680615, 0.0009104024, 0.00087103855
  -30.680615, 0.0013863308, 0.00087103855
  -30.680615, 0.0011308282, 0.00087103855
  -30.67416, 0.0004109566, 0.00087196154
  -30.67416, 0.0007956056, 0.00087196154
  -30.67416, 0.0015393932, 0.00087196154
  -30.67416, 0.0009104024, 0.00087196154
  -30.67416, 0.0006951584, 0.00087196154
  -30.67416, 0.0007405988, 0.00087196154
  -30.67416, 0.0007505638, 0.00087196154
  -30.667705, 0.0009650106, 0.00087288496
  -30.667705, 0.0009163814, 0.00087288496
  -30.667705, 0.0010008846, 0.00087288496
  -30.667705, 0.0010558914, 0.00087288496
  -30.667705, 0.0004727396, 0.00087288496
  -30.66125, 0.0007740812, 0.00087380882
  -30.66125, 0.0007860392, 0.00087380882
  -30.66125, 0.0006453334, 0.00087380882
  -30.66125, 0.0008545984, 0.00087380882
  -30.654795, 0.0004253062, 0.00087473311
  -30.654795, 0.0009319268, 0.00087473311
  -30.654795, 0.0006030818, 0.00087473311
  -30.654795, 0.000723459, 0.00087473311
  -30.654795, 0.0009215632, 0.00087473311
  -30.654795, 0.0006959556, 0.00087473311
  -30.654795, 0.0004508166, 0.00087473311
  -30.64834, 0.0010271922, 0.00087565784
  -30.64834, 0.0012225062, 0.00087565784
  -30.64834, 0.0008825004, 0.00087565784
  -30.64834, 0.0008557942, 0.00087565784
  -30.64834, 0.0015342114, 0.00087565784
  -30.64834, 0.0007688994, 0.00087565784
  -30.64834, 0.0006720396, 0.00087565784
  -30.64834, 0.0006234104, 0.00087565784
  -30.64834, 0.0005604316, 0.00087565784
  -30.641885, 0.0010511082, 0.00087658301
  -30.641885, 0.0013628134, 0.00087658301
  -30.641885, 0.0007677036, 0.00087658301
  -30.641885, 0.0010798074, 0.00087658301
  -30.641885, 0.0007968014, 0.00087658301
  -30.641885, 0.0009733812, 0.00087658301
  -30.641885, 0.00077727, 0.00087658301
  -30.63543, 0.0010646606, 0.00087750861
  -30.63543, 0.0009809546, 0.00087750861
  -30.63543, 0.0010136398, 0.00087750861
  -30.63543, 0.0009076122, 0.00087750861
  -30.628975, 0.0006999416, 0.00087843465
  -30.628975, 0.000665662, 0.00087843465
  -30.62252, 0.0011551428, 0.00087936113
  -30.62252, 0.0003894322, 0.00087936113
  -30.62252, 0.0011766672, 0.00087936113
  -30.616065, 0.0007677036, 0.00088028804
  -30.616065, 0.0006425432, 0.00088028804
  -30.616065, 0.0002742368, 0.00088028804
  -30.60961, 0.0009789616, 0.0008812154
  -30.60961, 0.0005114038, 0.0008812154
  -30.60961, 0.001058283, 0.0008812154
  -30.603155, 0.0008944584, 0.00088214318
  -30.603155, 0.0010614718, 0.00088214318
  -30.603155, 0.0009929126, 0.00088214318
  -30.5967, 0.0011025276, 0.00088307141
  -30.5967, 0.0005584386, 0.00088307141
  -30.5967, 0.0011089052, 0.00088307141
  -30.590245, 0.0011706882, 0.00088400007
  -30.590245, 0.0009709896, 0.00088400007
  -30.58379, 0.0009458778, 0.00088492917
  -30.577335, 0.0002080692, 0.00088585871
  -30.564425, 0.0011866322, 0.0008877191
  -30.55797, 0.0005357184, 0.00088864996
  -30.55797, 0.0011667022, 0.00088864996
  -30.551515, 0.00035874, 0.00088958125
  -30.551515, 0.0005723896, 0.00088958125
  -30.551515, 0.0006660606, 0.00088958125
  -30.54506, 0.0013006318, 0.00089051298
  -30.54506, 0.0009056192, 0.00089051298
  -30.538605, 0.0011316254, 0.00089144515
  -30.538605, 0.000581956, 0.00089144515
  -30.53215, 0.000446432, 0.00089237777
  -30.53215, 0.001159926, 0.00089237777
  -30.525695, 0.0010100524, 0.00089331082
  -30.51924, 0.0005492708, 0.00089424431
  -30.512785, 0.0008581858, 0.00089517824
  -30.50633, 0.0009618218, 0.00089611261
  -30.499875, 0.0011152828, 0.00089704742
  -30.499875, 0.0006764242, 0.00089704742
  -30.486965, 0.00129545, 0.00089891836
  -29.802735, 0.0007916196, 0.0010006402
  -28.434275, 0.0012687438, 0.0012198868
  -27.104545, 0.0014341628, 0.001454698
  -25.79418, 0.0019399862, 0.0017090387

Analysis metadata
  Created at:              2026-06-17T10:18:06
  Probe configuration:     single
  Fit procedure:           Four-parameter SLP fit
