Single Langmuir probe analysis: 2026_06_10_SLP_ACQ17
====================================================
Samples available:         22578
Samples fitted:            11456
Voltage range:             -63.05 to 16.14 V
Current range:             -2.8514e-04 to 7.0620e-03 A

Fit model
  I = Is * (1 + R * (V - Vf)) * (exp((V - Vf) / Te) - 1)

Plasma parameters
  Electron temperature Te: 7.85555 eV
  Electron density n:      8.739902e+16 m^-3
  Ion saturation Is:       1.931736e-04 A
  Floating potential Vf:   -51.5419 V
  Plasma potential Vp:     -19.871 V
  R correction:            -0.0241169

Derived quantities
  Probe area:              2.010000e-06 m^2
  Ion mass:                4 amu
  Sound speed:             1.372646e+04 m/s
  Alpha:                   4.03165

Fit quality
  R-squared:               0.943746

Fit data
  voltage_V, current_A, fitted_current_A
  -63.05244, -0.000179676, -0.00018978484
  -63.03953, -0.000144522, -0.00018964484
  -63.033075, -0.00015624, -0.00018957479
  -63.02662, -0.000257796, -0.00018950472
  -63.02662, -0.000226548, -0.00018950472
  -63.02662, -8.9838e-05, -0.00018950472
  -63.02662, -8.9838e-05, -0.00018950472
  -63.02662, -0.000199206, -0.00018950472
  -63.020165, -0.000218736, -0.00018943463
  -63.020165, -0.0001953, -0.00018943463
  -63.020165, -0.000101556, -0.00018943463
  -63.020165, -0.000121086, -0.00018943463
  -63.020165, -0.000171864, -0.00018943463
  -63.01371, -0.000121086, -0.00018936451
  -63.01371, -0.000191394, -0.00018936451
  -63.01371, -0.00017577, -0.00018936451
  -63.01371, -0.000160146, -0.00018936451
  -63.007255, -0.000179676, -0.00018929436
  -63.007255, -0.000179676, -0.00018929436
  -63.007255, -0.000191394, -0.00018929436
  -63.007255, -0.000207018, -0.00018929436
  -63.007255, -0.000160146, -0.00018929436
  -63.007255, -0.000222642, -0.00018929436
  -63.007255, -0.00017577, -0.00018929436
  -63.007255, -0.000164052, -0.00018929436
  -63.007255, -0.000210924, -0.00018929436
  -63.007255, -0.000222642, -0.00018929436
  -63.007255, -0.000113274, -0.00018929436
  -63.007255, -0.000101556, -0.00018929436
  -63.0008, -0.000183582, -0.00018922418
  -63.0008, -0.00011718, -0.00018922418
  -63.0008, -0.00013671, -0.00018922418
  -63.0008, -0.000171864, -0.00018922418
  -63.0008, -0.000199206, -0.00018922418
  -63.0008, -0.000160146, -0.00018922418
  -63.0008, -0.000167958, -0.00018922418
  -63.0008, -7.0308e-05, -0.00018922418
  -63.0008, -0.000167958, -0.00018922418
  -63.0008, -0.00015624, -0.00018922418
  -63.0008, -0.000187488, -0.00018922418
  -63.0008, -0.000226548, -0.00018922418
  -63.0008, -0.000167958, -0.00018922418
  -63.0008, -0.00023436, -0.00018922418
  -62.994345, -0.000210924, -0.00018915397
  -62.994345, -0.000261702, -0.00018915397
  -62.994345, -0.00017577, -0.00018915397
  -62.994345, -8.9838e-05, -0.00018915397
  -62.994345, -0.000230454, -0.00018915397
  -62.994345, -0.000191394, -0.00018915397
  -62.994345, -0.000128898, -0.00018915397
  -62.994345, -0.000257796, -0.00018915397
  -62.994345, -0.000226548, -0.00018915397
  -62.994345, -0.000167958, -0.00018915397
  -62.994345, -0.000203112, -0.00018915397
  -62.994345, -0.000207018, -0.00018915397
  -62.994345, -0.000199206, -0.00018915397
  -62.98789, -0.000183582, -0.00018908374
  -62.98789, -0.000179676, -0.00018908374
  -62.98789, -0.000207018, -0.00018908374
  -62.98789, -0.000171864, -0.00018908374
  -62.98789, -0.000203112, -0.00018908374
  -62.98789, -0.000218736, -0.00018908374
  -62.98789, -0.000132804, -0.00018908374
  -62.98789, -0.000124992, -0.00018908374
  -62.98789, -0.000203112, -0.00018908374
  -62.98789, -0.000191394, -0.00018908374
  -62.98789, -0.00017577, -0.00018908374
  -62.98789, -0.000160146, -0.00018908374
  -62.98789, -0.000152334, -0.00018908374
  -62.98789, -0.000238266, -0.00018908374
  -62.981435, -0.0001953, -0.00018901348
  -62.981435, -0.00015624, -0.00018901348
  -62.981435, -0.000226548, -0.00018901348
  -62.981435, -8.5932e-05, -0.00018901348
  -62.981435, -0.000207018, -0.00018901348
  -62.981435, -0.000187488, -0.00018901348
  -62.981435, -0.000226548, -0.00018901348
  -62.981435, -0.000148428, -0.00018901348
  -62.981435, -0.00021483, -0.00018901348
  -62.981435, -0.000187488, -0.00018901348
  -62.981435, -0.000164052, -0.00018901348
  -62.981435, -0.00015624, -0.00018901348
  -62.981435, -0.00011718, -0.00018901348
  -62.981435, -0.000226548, -0.00018901348
  -62.981435, -0.000164052, -0.00018901348
  -62.981435, -0.000207018, -0.00018901348
  -62.981435, -9.765e-05, -0.00018901348
  -62.97498, -0.000207018, -0.0001889432
  -62.97498, -0.000191394, -0.0001889432
  -62.97498, -0.000242172, -0.0001889432
  -62.97498, -0.000179676, -0.0001889432
  -62.97498, -0.000128898, -0.0001889432
  -62.97498, -0.000222642, -0.0001889432
  -62.97498, -0.000238266, -0.0001889432
  -62.97498, -0.000191394, -0.0001889432
  -62.968525, -9.3744e-05, -0.00018887288
  -62.968525, -0.000121086, -0.00018887288
  -62.968525, -0.00011718, -0.00018887288
  -62.968525, -0.000242172, -0.00018887288
  -62.968525, -8.5932e-05, -0.00018887288
  -62.968525, -0.0001953, -0.00018887288
  -62.968525, -0.000140616, -0.00018887288
  -62.968525, -0.00023436, -0.00018887288
  -62.968525, -0.00021483, -0.00018887288
  -62.96207, -0.000191394, -0.00018880254
  -62.96207, -0.000164052, -0.00018880254
  -62.96207, -0.000171864, -0.00018880254
  -62.96207, -0.000124992, -0.00018880254
  -62.96207, -0.000179676, -0.00018880254
  -62.96207, -0.000210924, -0.00018880254
  -62.96207, -0.000179676, -0.00018880254
  -62.96207, -0.0001953, -0.00018880254
  -62.955615, -0.000179676, -0.00018873217
  -62.955615, -0.00027342, -0.00018873217
  -62.955615, -0.000203112, -0.00018873217
  -62.955615, -0.00015624, -0.00018873217
  -62.942705, -0.000203112, -0.00018859135
  -62.942705, -0.000230454, -0.00018859135
  -62.93625, -0.000148428, -0.0001885209
  -62.93625, -0.000183582, -0.0001885209
  -62.929795, -0.00013671, -0.00018845042
  -62.929795, -0.000183582, -0.00018845042
  -62.929795, -0.000183582, -0.00018845042
  -62.92334, -0.00027342, -0.00018837992
  -62.92334, -0.000164052, -0.00018837992
  -62.916885, -0.00021483, -0.00018830939
  -62.916885, -0.000124992, -0.00018830939
  -62.91043, -9.765e-05, -0.00018823883
  -62.91043, -8.9838e-05, -0.00018823883
  -62.903975, -0.000105462, -0.00018816824
  -62.89752, -0.000124992, -0.00018809762
  -62.89752, -0.00025389, -0.00018809762
  -62.88461, -0.000246078, -0.00018795631
  -62.88461, -0.000132804, -0.00018795631
  -62.88461, -0.000191394, -0.00018795631
  -62.878155, -0.000199206, -0.00018788561
  -62.865245, -0.00021483, -0.00018774413
  -62.865245, -0.000105462, -0.00018774413
  -62.865245, -0.000132804, -0.00018774413
  -62.865245, -0.000226548, -0.00018774413
  -62.84588, -0.00015624, -0.00018753171
  -62.839425, -0.000226548, -0.00018746085
  -62.826515, -0.000124992, -0.00018731904
  -62.82006, -0.000148428, -0.00018724809
  -62.813605, -0.00011718, -0.00018717712
  -62.787785, -0.000121086, -0.00018689294
  -62.787785, -6.6402e-05, -0.00018689294
  -62.787785, -0.000152334, -0.00018689294
  -62.78133, -0.00011718, -0.00018682183
  -62.774875, -0.000183582, -0.00018675069
  -62.761965, -0.000203112, -0.00018660832
  -62.749055, -0.000132804, -0.00018646585
  -62.72969, -0.000222642, -0.00018625192
  -62.71678, -0.000105462, -0.00018610916
  -62.697415, -0.000179676, -0.00018589482
  -62.684505, -0.000167958, -0.00018575178
  -62.671595, -0.000218736, -0.00018560864
  -62.658685, -0.0001953, -0.00018546537
  -62.62641, -0.00017577, -0.00018510673
  -62.619955, -0.000148428, -0.00018503491
  -62.594135, -0.00021483, -0.00018474737
  -62.581225, -0.000207018, -0.00018460343
  -62.542495, -0.000218736, -0.00018417093
  -62.529585, -0.00021483, -0.00018402654
  -62.529585, -0.000191394, -0.00018402654
  -62.516675, -0.00017577, -0.00018388203
  -62.503765, -0.000164052, -0.00018373741
  -62.49731, -0.000164052, -0.00018366505
  -62.47149, -0.000148428, -0.00018337535
  -62.47149, -0.000226548, -0.00018337535
  -62.43276, -0.00015624, -0.00018293993
  -62.426305, -0.00021483, -0.00018286726
  -62.40694, -0.000152334, -0.00018264907
  -62.38112, -0.00017577, -0.00018235776
  -62.374665, -0.000179676, -0.00018228485
  -62.3553, -0.000242172, -0.00018206597
  -62.34239, -0.00017577, -0.00018191991
  -62.335935, -0.000191394, -0.00018184683
  -62.323025, -0.000164052, -0.00018170059
  -62.310115, -0.000226548, -0.00018155424
  -62.27784, -0.000128898, -0.00018118784
  -62.27784, -0.000218736, -0.00018118784
  -62.258475, -0.00015624, -0.00018096765
  -62.232655, -0.000160146, -0.00018067365
  -62.219745, -0.000207018, -0.00018052647
  -62.21329, -0.000191394, -0.00018045284
  -62.206835, -0.000207018, -0.00018037918
  -62.181015, -0.000183582, -0.00018008424
  -62.17456, -0.000222642, -0.00018001043
  -62.168105, -0.000179676, -0.00017993659
  -62.13583, -0.000164052, -0.00017956696
  -62.13583, -0.00015624, -0.00017956696
  -62.13583, -0.000128898, -0.00017956696
  -62.129375, -0.00015624, -0.00017949294
  -62.103555, -0.000113274, -0.00017919658
  -62.0971, -0.000191394, -0.00017912241
  -62.090645, -0.000210924, -0.00017904822
  -62.07128, -0.000187488, -0.00017882546
  -62.064825, -0.000183582, -0.00017875114
  -62.04546, -0.000207018, -0.00017852802
  -62.03255, -0.000191394, -0.00017837912
  -62.03255, -0.000164052, -0.00017837912
  -62.026095, -0.000179676, -0.00017830463
  -62.013185, -0.000207018, -0.00017815555
  -62.00673, -0.000121086, -0.00017808097
  -62.00673, -0.000167958, -0.00017808097
  -62.000275, -0.000144522, -0.00017800635
  -62.000275, -7.4214e-05, -0.00017800635
  -62.000275, -0.000144522, -0.00017800635
  -61.99382, -0.000113274, -0.00017793171
  -61.99382, -0.000203112, -0.00017793171
  -61.987365, -0.000218736, -0.00017785704
  -61.98091, -0.000187488, -0.00017778233
  -61.98091, -0.000246078, -0.00017778233
  -61.98091, -0.00011718, -0.00017778233
  -61.974455, -0.000210924, -0.0001777076
  -61.95509, -0.000230454, -0.00017748321
  -61.95509, -0.000191394, -0.00017748321
  -61.95509, -0.000210924, -0.00017748321
  -61.95509, -7.4214e-05, -0.00017748321
  -61.948635, -0.000113274, -0.00017740836
  -61.948635, -2.7342e-05, -0.00017740836
  -61.94218, -5.0778e-05, -0.00017733347
  -61.94218, -0.0001953, -0.00017733347
  -61.94218, -0.000207018, -0.00017733347
  -61.935725, -0.000191394, -0.00017725856
  -61.935725, -0.000242172, -0.00017725856
  -61.935725, -0.000124992, -0.00017725856
  -61.935725, -0.000101556, -0.00017725856
  -61.935725, -0.000179676, -0.00017725856
  -61.935725, -0.000160146, -0.00017725856
  -61.935725, -0.000183582, -0.00017725856
  -61.92927, -0.00013671, -0.00017718361
  -61.92927, -0.00025389, -0.00017718361
  -61.92927, -0.000160146, -0.00017718361
  -61.92927, -0.00015624, -0.00017718361
  -61.92927, -0.00021483, -0.00017718361
  -61.92927, -0.000167958, -0.00017718361
  -61.92927, -8.9838e-05, -0.00017718361
  -61.92927, -0.000128898, -0.00017718361
  -61.92927, -0.000203112, -0.00017718361
  -61.922815, -0.000113274, -0.00017710863
  -61.922815, -0.000128898, -0.00017710863
  -61.922815, -1.5624e-05, -0.00017710863
  -61.922815, -0.000167958, -0.00017710863
  -61.922815, -0.00015624, -0.00017710863
  -61.91636, -7.0308e-05, -0.00017703363
  -61.91636, -0.000179676, -0.00017703363
  -61.91636, -0.000124992, -0.00017703363
  -61.91636, -0.000171864, -0.00017703363
  -61.91636, -0.000218736, -0.00017703363
  -61.91636, -0.000230454, -0.00017703363
  -61.91636, -0.0001953, -0.00017703363
  -61.91636, -0.00015624, -0.00017703363
  -61.91636, -0.000152334, -0.00017703363
  -61.91636, -0.000246078, -0.00017703363
  -61.909905, -0.000226548, -0.00017695859
  -61.909905, -0.000257796, -0.00017695859
  -61.909905, -0.000105462, -0.00017695859
  -61.909905, -0.000199206, -0.00017695859
  -61.909905, -0.000105462, -0.00017695859
  -61.909905, -0.00021483, -0.00017695859
  -61.909905, -8.5932e-05, -0.00017695859
  -61.909905, -0.000218736, -0.00017695859
  -61.909905, -0.000171864, -0.00017695859
  -61.909905, -0.000187488, -0.00017695859
  -61.909905, -0.00015624, -0.00017695859
  -61.909905, -0.000128898, -0.00017695859
  -61.909905, -0.000101556, -0.00017695859
  -61.90345, -8.9838e-05, -0.00017688352
  -61.90345, -0.000261702, -0.00017688352
  -61.90345, -0.000265608, -0.00017688352
  -61.90345, -0.000179676, -0.00017688352
  -61.90345, -0.000105462, -0.00017688352
  -61.90345, -0.000222642, -0.00017688352
  -61.90345, -0.000167958, -0.00017688352
  -61.90345, -0.000210924, -0.00017688352
  -61.90345, -0.000179676, -0.00017688352
  -61.90345, -0.000257796, -0.00017688352
  -61.90345, -0.000257796, -0.00017688352
  -61.90345, -0.000218736, -0.00017688352
  -61.896995, -4.6872e-05, -0.00017680843
  -61.896995, -7.0308e-05, -0.00017680843
  -61.896995, -0.000124992, -0.00017680843
  -61.896995, -0.000148428, -0.00017680843
  -61.89054, -0.000222642, -0.0001767333
  -61.89054, -0.000210924, -0.0001767333
  -61.89054, -0.000140616, -0.0001767333
  -61.89054, 5.0778e-05, -0.0001767333
  -61.89054, -0.000148428, -0.0001767333
  -61.89054, -0.00017577, -0.0001767333
  -61.89054, -0.00023436, -0.0001767333
  -61.89054, -0.000183582, -0.0001767333
  -61.89054, -0.00017577, -0.0001767333
  -61.89054, -0.000132804, -0.0001767333
  -61.884085, -0.000164052, -0.00017665814
  -61.884085, -0.000269514, -0.00017665814
  -61.884085, -0.000160146, -0.00017665814
  -61.884085, -0.000160146, -0.00017665814
  -61.884085, -0.000160146, -0.00017665814
  -61.884085, -0.000207018, -0.00017665814
  -61.884085, -0.000109368, -0.00017665814
  -61.87763, -7.0308e-05, -0.00017658295
  -61.87763, -0.000207018, -0.00017658295
  -61.87763, -0.000246078, -0.00017658295
  -61.87763, -0.000113274, -0.00017658295
  -61.87763, -0.0001953, -0.00017658295
  -61.871175, -0.000183582, -0.00017650773
  -61.86472, -6.2496e-05, -0.00017643248
  -61.858265, -8.5932e-05, -0.0001763572
  -61.858265, -0.000183582, -0.0001763572
  -61.85181, -0.000210924, -0.00017628189
  -61.82599, -0.000199206, -0.00017598034
  -61.793715, -0.000203112, -0.00017560272
  -61.78726, -0.000179676, -0.0001755271
  -61.780805, -0.000132804, -0.00017545145
  -61.76144, -0.000187488, -0.00017522432
  -61.729165, -0.000187488, -0.00017484516
  -61.690435, -0.000207018, -0.00017438914
  -61.677525, -0.000183582, -0.00017423689
  -61.65816, -0.000152334, -0.00017400828
  -61.64525, -0.000238266, -0.00017385571
  -61.64525, -0.000187488, -0.00017385571
  -61.612975, -0.000144522, -0.00017347376
  -61.600065, -0.000144522, -0.00017332075
  -61.574245, -0.000226548, -0.00017301438
  -61.574245, -0.00025389, -0.00017301438
  -61.55488, -0.000226548, -0.00017278426
  -61.535515, -0.000203112, -0.00017255387
  -61.522605, -0.000203112, -0.00017240011
  -61.522605, -0.00017577, -0.00017240011
  -61.51615, -0.000207018, -0.00017232319
  -61.47742, -0.000144522, -0.00017186097
  -61.43869, -0.000242172, -0.00017139762
  -61.42578, -0.000121086, -0.00017124291
  -61.41287, -2.7342e-05, -0.00017108808
  -61.41287, -0.000246078, -0.00017108808
  -61.406415, -4.2966e-05, -0.00017101062
  -61.39996, -0.000187488, -0.00017093312
  -61.39996, -3.906e-05, -0.00017093312
  -61.393505, -0.000132804, -0.00017085559
  -61.393505, -0.000207018, -0.00017085559
  -61.380595, -0.000171864, -0.00017070044
  -61.36123, -0.00021483, -0.00017046747
  -61.354775, -0.000199206, -0.00017038975
  -61.328955, -0.00011718, -0.00017007855
  -61.316045, -0.000140616, -0.00016992275
  -61.30959, -3.1248e-05, -0.00016984481
  -61.30959, -8.9838e-05, -0.00016984481
  -61.30959, -0.000132804, -0.00016984481
  -61.30959, -0.000152334, -0.00016984481
  -61.29668, -0.000218736, -0.00016968882
  -61.29668, -5.859e-05, -0.00016968882
  -61.29668, -0.00015624, -0.00016968882
  -61.28377, -0.000167958, -0.0001695327
  -61.277315, -0.000144522, -0.0001694546
  -61.25795, -0.00013671, -0.00016922008
  -61.25795, -0.000160146, -0.00016922008
  -61.251495, -0.00015624, -0.00016914185
  -61.251495, -0.000109368, -0.00016914185
  -61.251495, -6.2496e-05, -0.00016914185
  -61.251495, -0.000167958, -0.00016914185
  -61.24504, -0.000187488, -0.00016906358
  -61.24504, 3.906e-06, -0.00016906358
  -61.24504, -0.000105462, -0.00016906358
  -61.238585, -0.000128898, -0.00016898528
  -61.238585, -0.000128898, -0.00016898528
  -61.23213, -6.6402e-05, -0.00016890695
  -61.23213, -0.000101556, -0.00016890695
  -61.23213, -4.6872e-05, -0.00016890695
  -61.225675, -0.000179676, -0.00016882858
  -61.21922, -0.000152334, -0.00016875018
  -61.212765, -0.0001953, -0.00016867175
  -61.212765, -0.000101556, -0.00016867175
  -61.20631, -0.000242172, -0.00016859329
  -61.20631, -0.000160146, -0.00016859329
  -61.1934, -0.000187488, -0.00016843626
  -61.186945, -0.000207018, -0.0001683577
  -61.186945, -0.000199206, -0.0001683577
  -61.186945, -0.000230454, -0.0001683577
  -61.186945, -0.000160146, -0.0001683577
  -61.186945, -0.000222642, -0.0001683577
  -61.186945, -0.000121086, -0.0001683577
  -61.18049, -0.000132804, -0.00016827911
  -61.18049, -0.000183582, -0.00016827911
  -61.18049, -0.000226548, -0.00016827911
  -61.18049, -0.000164052, -0.00016827911
  -61.18049, -0.000128898, -0.00016827911
  -61.18049, -0.000191394, -0.00016827911
  -61.18049, -0.000124992, -0.00016827911
  -61.18049, -0.000242172, -0.00016827911
  -61.18049, -0.000277326, -0.00016827911
  -61.18049, -0.000207018, -0.00016827911
  -61.174035, -0.000179676, -0.00016820048
  -61.174035, -0.000124992, -0.00016820048
  -61.174035, -0.000144522, -0.00016820048
  -61.174035, -0.0001953, -0.00016820048
  -61.174035, -0.000171864, -0.00016820048
  -61.174035, -0.000207018, -0.00016820048
  -61.174035, -0.000207018, -0.00016820048
  -61.16758, -8.9838e-05, -0.00016812182
  -61.16758, -0.000132804, -0.00016812182
  -61.16758, -0.00015624, -0.00016812182
  -61.16758, -0.000105462, -0.00016812182
  -61.16758, -0.000167958, -0.00016812182
  -61.16758, -0.000210924, -0.00016812182
  -61.16758, -0.0001953, -0.00016812182
  -61.16758, -0.000164052, -0.00016812182
  -61.16758, -0.000167958, -0.00016812182
  -61.16758, -0.000128898, -0.00016812182
  -61.16758, -0.000187488, -0.00016812182
  -61.16758, -0.000187488, -0.00016812182
  -61.161125, -0.00017577, -0.00016804313
  -61.161125, -1.5624e-05, -0.00016804313
  -61.161125, -0.000210924, -0.00016804313
  -61.161125, -0.00023436, -0.00016804313
  -61.161125, 1.953e-05, -0.00016804313
  -61.161125, -0.000183582, -0.00016804313
  -61.161125, -0.000210924, -0.00016804313
  -61.161125, -0.000238266, -0.00016804313
  -61.161125, -8.2026e-05, -0.00016804313
  -61.161125, -0.000152334, -0.00016804313
  -61.161125, -0.0001953, -0.00016804313
  -61.161125, -0.000105462, -0.00016804313
  -61.161125, -0.000199206, -0.00016804313
  -61.161125, -0.0001953, -0.00016804313
  -61.161125, -0.000187488, -0.00016804313
  -61.161125, -0.000218736, -0.00016804313
  -61.161125, -8.2026e-05, -0.00016804313
  -61.161125, -0.000187488, -0.00016804313
  -61.161125, -0.000249984, -0.00016804313
  -61.15467, -0.000160146, -0.00016796441
  -61.15467, -0.000105462, -0.00016796441
  -61.15467, -5.4684e-05, -0.00016796441
  -61.15467, -0.000171864, -0.00016796441
  -61.15467, -0.000171864, -0.00016796441
  -61.15467, -0.00013671, -0.00016796441
  -61.15467, -0.000160146, -0.00016796441
  -61.15467, -0.000160146, -0.00016796441
  -61.15467, -0.000187488, -0.00016796441
  -61.15467, -0.000187488, -0.00016796441
  -61.15467, -0.000179676, -0.00016796441
  -61.15467, -0.000109368, -0.00016796441
  -61.15467, -0.000152334, -0.00016796441
  -61.15467, -0.000164052, -0.00016796441
  -61.15467, -8.9838e-05, -0.00016796441
  -61.15467, -0.000187488, -0.00016796441
  -61.15467, -0.000230454, -0.00016796441
  -61.15467, -0.00017577, -0.00016796441
  -61.15467, -0.000144522, -0.00016796441
  -61.15467, -0.000148428, -0.00016796441
  -61.15467, -4.6872e-05, -0.00016796441
  -61.148215, -0.000152334, -0.00016788565
  -61.148215, -0.000128898, -0.00016788565
  -61.148215, -0.000238266, -0.00016788565
  -61.148215, -0.000203112, -0.00016788565
  -61.148215, -0.000187488, -0.00016788565
  -61.148215, -9.3744e-05, -0.00016788565
  -61.148215, -0.000132804, -0.00016788565
  -61.148215, -0.000187488, -0.00016788565
  -61.148215, -0.000167958, -0.00016788565
  -61.148215, -0.0001953, -0.00016788565
  -61.148215, -0.000207018, -0.00016788565
  -61.148215, -0.000132804, -0.00016788565
  -61.148215, -0.000222642, -0.00016788565
  -61.148215, -0.000113274, -0.00016788565
  -61.148215, -0.000269514, -0.00016788565
  -61.148215, -0.000128898, -0.00016788565
  -61.148215, -0.000191394, -0.00016788565
  -61.148215, -0.000160146, -0.00016788565
  -61.148215, -0.000121086, -0.00016788565
  -61.148215, -0.000164052, -0.00016788565
  -61.148215, -0.000210924, -0.00016788565
  -61.148215, -8.9838e-05, -0.00016788565
  -61.148215, -0.00013671, -0.00016788565
  -61.148215, -0.000124992, -0.00016788565
  -61.148215, -0.00027342, -0.00016788565
  -61.148215, -0.0001953, -0.00016788565
  -61.148215, -0.000183582, -0.00016788565
  -61.148215, -0.00011718, -0.00016788565
  -61.148215, -0.0001953, -0.00016788565
  -61.148215, -0.000121086, -0.00016788565
  -61.148215, -0.000226548, -0.00016788565
  -61.148215, -0.000203112, -0.00016788565
  -61.148215, -0.000124992, -0.00016788565
  -61.148215, -0.00013671, -0.00016788565
  -61.14176, -0.000160146, -0.00016780686
  -61.14176, -0.000210924, -0.00016780686
  -61.14176, -0.000101556, -0.00016780686
  -61.14176, -3.906e-05, -0.00016780686
  -61.14176, -0.000222642, -0.00016780686
  -61.14176, -0.000148428, -0.00016780686
  -61.14176, -0.000207018, -0.00016780686
  -61.14176, -0.000226548, -0.00016780686
  -61.14176, -0.000183582, -0.00016780686
  -61.14176, -0.00023436, -0.00016780686
  -61.14176, -0.000226548, -0.00016780686
  -61.14176, -0.000109368, -0.00016780686
  -61.14176, -0.000199206, -0.00016780686
  -61.14176, -0.000242172, -0.00016780686
  -61.14176, -0.00015624, -0.00016780686
  -61.14176, -0.000171864, -0.00016780686
  -61.14176, -0.00021483, -0.00016780686
  -61.14176, -0.000128898, -0.00016780686
  -61.14176, -0.000230454, -0.00016780686
  -61.14176, -0.000230454, -0.00016780686
  -61.14176, -0.000144522, -0.00016780686
  -61.14176, -0.000113274, -0.00016780686
  -61.14176, -0.00013671, -0.00016780686
  -61.135305, -0.000101556, -0.00016772804
  -61.135305, -4.2966e-05, -0.00016772804
  -61.135305, -0.000171864, -0.00016772804
  -61.135305, -0.000183582, -0.00016772804
  -61.135305, -0.00017577, -0.00016772804
  -61.135305, -0.000210924, -0.00016772804
  -61.135305, -0.0001953, -0.00016772804
  -61.135305, -0.000238266, -0.00016772804
  -61.135305, -0.00021483, -0.00016772804
  -61.135305, -0.00021483, -0.00016772804
  -61.135305, -0.000207018, -0.00016772804
  -61.135305, -0.000140616, -0.00016772804
  -61.135305, -0.000121086, -0.00016772804
  -61.135305, -0.000121086, -0.00016772804
  -61.135305, -0.000160146, -0.00016772804
  -61.135305, -7.0308e-05, -0.00016772804
  -61.135305, -0.00011718, -0.00016772804
  -61.135305, -0.00017577, -0.00016772804
  -61.135305, -0.00021483, -0.00016772804
  -61.135305, -0.000179676, -0.00016772804
  -61.135305, -0.00017577, -0.00016772804
  -61.135305, -9.3744e-05, -0.00016772804
  -61.135305, -0.000148428, -0.00016772804
  -61.135305, -0.000144522, -0.00016772804
  -61.135305, -0.000164052, -0.00016772804
  -61.12885, -0.0001953, -0.00016764918
  -61.12885, -0.000199206, -0.00016764918
  -61.12885, -0.000148428, -0.00016764918
  -61.12885, -0.000167958, -0.00016764918
  -61.12885, -0.000183582, -0.00016764918
  -61.12885, -0.000210924, -0.00016764918
  -61.12885, -0.000164052, -0.00016764918
  -61.12885, -0.000210924, -0.00016764918
  -61.12885, -0.000128898, -0.00016764918
  -61.12885, -0.000249984, -0.00016764918
  -61.12885, -0.000144522, -0.00016764918
  -61.12885, -0.000179676, -0.00016764918
  -61.12885, -0.0001953, -0.00016764918
  -61.12885, -0.000144522, -0.00016764918
  -61.12885, -0.000152334, -0.00016764918
  -61.12885, -0.000187488, -0.00016764918
  -61.12885, -0.000164052, -0.00016764918
  -61.12885, -0.000113274, -0.00016764918
  -61.12885, -0.000183582, -0.00016764918
  -61.122395, -0.000242172, -0.00016757029
  -61.122395, -0.000218736, -0.00016757029
  -61.122395, -0.00017577, -0.00016757029
  -61.122395, -0.000199206, -0.00016757029
  -61.122395, -0.000132804, -0.00016757029
  -61.122395, -0.000210924, -0.00016757029
  -61.122395, -0.00013671, -0.00016757029
  -61.122395, -0.000218736, -0.00016757029
  -61.122395, -0.000210924, -0.00016757029
  -61.122395, -0.000148428, -0.00016757029
  -61.122395, -0.000124992, -0.00016757029
  -61.122395, -0.0001953, -0.00016757029
  -61.122395, -0.000210924, -0.00016757029
  -61.122395, -0.000187488, -0.00016757029
  -61.122395, -0.000109368, -0.00016757029
  -61.11594, -0.000140616, -0.00016749137
  -61.11594, -0.00017577, -0.00016749137
  -61.11594, -0.000148428, -0.00016749137
  -61.11594, -0.000218736, -0.00016749137
  -61.11594, -0.000199206, -0.00016749137
  -61.11594, -0.000199206, -0.00016749137
  -61.11594, -0.00025389, -0.00016749137
  -61.109485, -0.00025389, -0.00016741242
  -61.109485, -0.000128898, -0.00016741242
  -61.109485, -0.000152334, -0.00016741242
  -61.109485, -0.000203112, -0.00016741242
  -61.109485, -0.00017577, -0.00016741242
  -61.109485, -0.000144522, -0.00016741242
  -61.109485, -8.2026e-05, -0.00016741242
  -61.10303, -0.000105462, -0.00016733343
  -61.096575, -0.000179676, -0.00016725441
  -61.096575, -0.000101556, -0.00016725441
  -61.096575, -8.9838e-05, -0.00016725441
  -61.096575, -0.000148428, -0.00016725441
  -61.09012, -0.000222642, -0.00016717536
  -61.083665, -0.0001953, -0.00016709627
  -61.083665, -7.812e-05, -0.00016709627
  -61.07721, -0.000152334, -0.00016701716
  -61.07721, -7.0308e-05, -0.00016701716
  -61.07721, -0.000191394, -0.00016701716
  -61.07721, -0.000124992, -0.00016701716
  -61.070755, -0.000238266, -0.000166938
  -61.0643, -0.000199206, -0.00016685882
  -61.057845, -0.000160146, -0.0001667796
  -61.057845, -0.000210924, -0.0001667796
  -61.05139, -0.00013671, -0.00016670035
  -61.05139, -0.000132804, -0.00016670035
  -61.05139, -0.000128898, -0.00016670035
  -61.044935, -0.000132804, -0.00016662107
  -61.03848, -3.906e-06, -0.00016654175
  -61.032025, -9.765e-05, -0.0001664624
  -61.02557, -6.2496e-05, -0.00016638302
  -61.02557, -0.000152334, -0.00016638302
  -61.019115, -4.6872e-05, -0.0001663036
  -60.99975, -8.9838e-05, -0.00016606516
  -60.980385, -0.00015624, -0.00016582641
  -60.980385, -0.000113274, -0.00016582641
  -60.967475, -0.000121086, -0.00016566708
  -60.96102, -0.00015624, -0.00016558736
  -60.94811, -0.000140616, -0.00016542783
  -60.94811, -5.0778e-05, -0.00016542783
  -60.941655, -9.3744e-05, -0.00016534802
  -60.9352, -0.000128898, -0.00016526817
  -60.9352, -0.000140616, -0.00016526817
  -60.915835, -0.000171864, -0.00016502842
  -60.89647, -0.000187488, -0.00016478837
  -60.89647, -0.000167958, -0.00016478837
  -60.877105, -0.000246078, -0.00016454802
  -60.864195, -0.000164052, -0.00016438762
  -60.838375, -0.000179676, -0.00016406641
  -60.83192, -0.0001953, -0.00016398603
  -60.825465, -0.00013671, -0.00016390561
  -60.799645, -0.000203112, -0.00016358359
  -60.78028, -6.2496e-05, -0.00016334172
  -60.78028, -0.000191394, -0.00016334172
  -60.735095, -0.00025389, -0.00016277616
  -60.72864, -7.812e-06, -0.00016269523
  -60.72864, -0.0001953, -0.00016269523
  -60.71573, -0.00011718, -0.00016253327
  -60.696365, -0.000105462, -0.00016229007
  -60.683455, -0.000124992, -0.00016212777
  -60.677, -8.2026e-05, -0.00016204657
  -60.670545, 3.906e-06, -0.00016196533
  -60.644725, 7.812e-06, -0.00016164004
  -60.644725, -0.000187488, -0.00016164004
  -60.631815, -0.000113274, -0.00016147718
  -60.605995, -0.00015624, -0.00016115106
  -60.605995, -0.000167958, -0.00016115106
  -60.58663, -0.000152334, -0.00016090611
  -60.57372, -0.000207018, -0.00016074263
  -60.567265, -0.000128898, -0.00016066084
  -60.528535, -0.000148428, -0.00016016938
  -60.52208, -0.000191394, -0.00016008735
  -60.515625, -0.00013671, -0.00016000528
  -60.48335, -0.000230454, -0.00015959442
  -60.476895, -5.4684e-05, -0.00015951214
  -60.476895, -9.3744e-05, -0.00015951214
  -60.476895, -0.000160146, -0.00015951214
  -60.43171, -0.000226548, -0.00015893522
  -60.425255, -0.000187488, -0.00015885267
  -60.425255, -0.000167958, -0.00015885267
  -60.412345, -0.000152334, -0.00015868745
  -60.40589, -0.00017577, -0.00015860478
  -60.39298, -0.00011718, -0.00015843935
  -60.386525, -5.859e-05, -0.00015835658
  -60.386525, -0.000218736, -0.00015835658
  -60.360705, -8.5932e-05, -0.00015802515
  -60.35425, 3.1248e-05, -0.00015794221
  -60.34134, -0.00015624, -0.00015777621
  -60.334885, -0.000171864, -0.00015769316
  -60.334885, -0.000191394, -0.00015769316
  -60.31552, -9.765e-05, -0.00015744379
  -60.309065, -0.000124992, -0.0001573606
  -60.309065, -0.00013671, -0.0001573606
  -60.30261, -0.000246078, -0.00015727737
  -60.30261, -3.5154e-05, -0.00015727737
  -60.296155, -4.2966e-05, -0.0001571941
  -60.2897, -0.000101556, -0.0001571108
  -60.283245, -0.000164052, -0.00015702747
  -60.283245, -1.5624e-05, -0.00015702747
  -60.27679, -3.1248e-05, -0.00015694409
  -60.26388, -0.000191394, -0.00015677724
  -60.25097, -0.000160146, -0.00015661025
  -60.23806, -0.000203112, -0.00015644311
  -60.231605, -0.000226548, -0.00015635949
  -60.231605, -0.000191394, -0.00015635949
  -60.22515, -0.00015624, -0.00015627583
  -60.218695, -0.000113274, -0.00015619214
  -60.205785, -0.0001953, -0.00015602464
  -60.205785, -0.000148428, -0.00015602464
  -60.19933, -0.000124992, -0.00015594084
  -60.19933, -0.000152334, -0.00015594084
  -60.192875, -3.906e-05, -0.000155857
  -60.192875, -0.000199206, -0.000155857
  -60.18642, -0.000124992, -0.00015577313
  -60.18642, -0.000152334, -0.00015577313
  -60.179965, -0.000140616, -0.00015568922
  -60.179965, -0.000199206, -0.00015568922
  -60.17351, -3.1248e-05, -0.00015560527
  -60.17351, -0.000128898, -0.00015560527
  -60.1606, -0.000144522, -0.00015543727
  -60.1606, -0.000179676, -0.00015543727
  -60.1606, -7.4214e-05, -0.00015543727
  -60.154145, -0.000140616, -0.00015535322
  -60.154145, -0.00011718, -0.00015535322
  -60.141235, -0.00017577, -0.000155185
  -60.141235, -0.000105462, -0.000155185
  -60.141235, -0.000128898, -0.000155185
  -60.141235, -0.000230454, -0.000155185
  -60.13478, -0.00013671, -0.00015510084
  -60.13478, -0.000203112, -0.00015510084
  -60.128325, -5.859e-05, -0.00015501664
  -60.128325, -0.000187488, -0.00015501664
  -60.128325, -0.000171864, -0.00015501664
  -60.12187, -0.000128898, -0.00015493241
  -60.12187, -0.000121086, -0.00015493241
  -60.12187, -0.000203112, -0.00015493241
  -60.115415, -8.2026e-05, -0.00015484814
  -60.115415, -0.000257796, -0.00015484814
  -60.115415, -8.2026e-05, -0.00015484814
  -60.115415, -0.000191394, -0.00015484814
  -60.10896, 3.5154e-05, -0.00015476383
  -60.10896, -0.000140616, -0.00015476383
  -60.10896, -0.000152334, -0.00015476383
  -60.10896, -0.000132804, -0.00015476383
  -60.10896, -9.765e-05, -0.00015476383
  -60.10896, -0.000210924, -0.00015476383
  -60.10896, -0.00015624, -0.00015476383
  -60.10896, 3.906e-05, -0.00015476383
  -60.10896, -0.000160146, -0.00015476383
  -60.10896, -0.000164052, -0.00015476383
  -60.102505, -0.000132804, -0.00015467949
  -60.102505, -5.859e-05, -0.00015467949
  -60.102505, -0.000148428, -0.00015467949
  -60.102505, -9.3744e-05, -0.00015467949
  -60.102505, -0.000187488, -0.00015467949
  -60.102505, -0.00015624, -0.00015467949
  -60.102505, -0.000128898, -0.00015467949
  -60.102505, -0.00013671, -0.00015467949
  -60.102505, -0.000109368, -0.00015467949
  -60.09605, -0.0001953, -0.00015459511
  -60.09605, -0.00013671, -0.00015459511
  -60.09605, -0.00013671, -0.00015459511
  -60.09605, -0.00017577, -0.00015459511
  -60.09605, -0.000210924, -0.00015459511
  -60.09605, -0.000148428, -0.00015459511
  -60.09605, -0.00013671, -0.00015459511
  -60.09605, -0.000191394, -0.00015459511
  -60.09605, -0.00021483, -0.00015459511
  -60.09605, -8.9838e-05, -0.00015459511
  -60.09605, -0.000140616, -0.00015459511
  -60.09605, -0.000179676, -0.00015459511
  -60.09605, -0.000207018, -0.00015459511
  -60.089595, -0.000105462, -0.00015451069
  -60.089595, -0.000148428, -0.00015451069
  -60.089595, -0.000179676, -0.00015451069
  -60.089595, -7.812e-05, -0.00015451069
  -60.089595, -0.000164052, -0.00015451069
  -60.089595, -0.000140616, -0.00015451069
  -60.089595, -5.0778e-05, -0.00015451069
  -60.089595, -0.00017577, -0.00015451069
  -60.089595, -0.000160146, -0.00015451069
  -60.089595, -0.000152334, -0.00015451069
  -60.08314, -0.000187488, -0.00015442624
  -60.08314, -0.0001953, -0.00015442624
  -60.08314, -0.000152334, -0.00015442624
  -60.08314, -0.00013671, -0.00015442624
  -60.08314, -0.000128898, -0.00015442624
  -60.08314, -0.000179676, -0.00015442624
  -60.08314, -0.0001953, -0.00015442624
  -60.08314, -0.000124992, -0.00015442624
  -60.08314, -0.000152334, -0.00015442624
  -60.08314, -0.000109368, -0.00015442624
  -60.08314, -0.000179676, -0.00015442624
  -60.08314, -3.906e-05, -0.00015442624
  -60.08314, -0.00013671, -0.00015442624
  -60.08314, -0.000105462, -0.00015442624
  -60.076685, -0.000132804, -0.00015434175
  -60.076685, -3.5154e-05, -0.00015434175
  -60.076685, -0.000144522, -0.00015434175
  -60.076685, -0.000218736, -0.00015434175
  -60.076685, -6.6402e-05, -0.00015434175
  -60.07023, -0.000171864, -0.00015425723
  -60.063775, -0.000121086, -0.00015417266
  -60.063775, -0.000128898, -0.00015417266
  -60.037955, -8.9838e-05, -0.00015383405
  -60.037955, -0.00013671, -0.00015383405
  -60.025045, -0.00013671, -0.00015366453
  -60.01859, -0.000167958, -0.00015357971
  -60.012135, -0.000203112, -0.00015349486
  -59.97986, -0.000203112, -0.00015307004
  -59.960495, -0.000199206, -0.00015281471
  -59.94113, -0.000144522, -0.00015255905
  -59.92822, -0.000128898, -0.00015238842
  -59.91531, -0.000121086, -0.00015221765
  -59.9024, -7.0308e-05, -0.00015204672
  -59.870125, -0.000164052, -0.00015161877
  -59.857215, -0.000148428, -0.00015144733
  -59.857215, -0.0001953, -0.00015144733
  -59.83785, -0.00013671, -0.00015118989
  -59.818485, -0.000171864, -0.00015093211
  -59.81203, -0.000171864, -0.00015084611
  -59.792665, -0.000152334, -0.00015058789
  -59.78621, -0.000148428, -0.00015050174
  -59.766845, -0.000132804, -0.00015024307
  -59.76039, -0.000109368, -0.00015015677
  -59.73457, -0.000128898, -0.0001498112
  -59.728115, -0.00013671, -0.00014972471
  -59.702295, -0.000167958, -0.00014937838
  -59.69584, -0.000210924, -0.00014929171
  -59.68293, -0.000199206, -0.00014911824
  -59.650655, -0.000183582, -0.00014868392
  -59.63129, -0.000199206, -0.00014842287
  -59.63129, -0.000171864, -0.00014842287
  -59.624835, -0.000203112, -0.00014833578
  -59.60547, -9.3744e-05, -0.00014807427
  -59.59256, -0.000148428, -0.00014789974
  -59.57965, -0.000152334, -0.00014772506
  -59.573195, -0.000183582, -0.00014763766
  -59.56674, -0.000203112, -0.00014755023
  -59.560285, -0.000183582, -0.00014746275
  -59.55383, -0.000160146, -0.00014737524
  -59.52801, -0.000191394, -0.00014702481
  -59.521555, -0.000101556, -0.0001469371
  -59.508645, -0.000222642, -0.00014676158
  -59.50219, -0.00015624, -0.00014667376
  -59.495735, -0.000179676, -0.0001465859
  -59.47637, -0.000203112, -0.0001463221
  -59.47637, -0.000164052, -0.0001463221
  -59.469915, -0.000113274, -0.00014623409
  -59.469915, -0.00017577, -0.00014623409
  -59.46346, -0.000171864, -0.00014614604
  -59.46346, -9.3744e-05, -0.00014614604
  -59.46346, -0.000121086, -0.00014614604
  -59.457005, -0.000105462, -0.00014605795
  -59.45055, -6.6402e-05, -0.00014596982
  -59.43764, -0.000148428, -0.00014579345
  -59.431185, -0.000171864, -0.0001457052
  -59.431185, -0.00011718, -0.0001457052
  -59.42473, -0.000171864, -0.00014561692
  -59.42473, -0.000148428, -0.00014561692
  -59.42473, -0.000128898, -0.00014561692
  -59.41182, -0.000230454, -0.00014544024
  -59.41182, -0.00015624, -0.00014544024
  -59.405365, -0.00017577, -0.00014535184
  -59.405365, -0.000140616, -0.00014535184
  -59.39891, -0.000179676, -0.0001452634
  -59.39891, -0.000230454, -0.0001452634
  -59.39891, -0.000109368, -0.0001452634
  -59.39891, -0.000148428, -0.0001452634
  -59.392455, -0.00017577, -0.00014517492
  -59.386, -0.000140616, -0.0001450864
  -59.386, -0.000152334, -0.0001450864
  -59.386, -9.3744e-05, -0.0001450864
  -59.386, -5.4684e-05, -0.0001450864
  -59.386, -0.000109368, -0.0001450864
  -59.379545, -0.000140616, -0.00014499785
  -59.379545, -7.4214e-05, -0.00014499785
  -59.379545, -0.000121086, -0.00014499785
  -59.379545, -0.000160146, -0.00014499785
  -59.37309, -0.000140616, -0.00014490926
  -59.37309, -0.00015624, -0.00014490926
  -59.37309, -7.4214e-05, -0.00014490926
  -59.37309, -9.3744e-05, -0.00014490926
  -59.37309, -0.00013671, -0.00014490926
  -59.37309, -0.000171864, -0.00014490926
  -59.366635, -0.0001953, -0.00014482062
  -59.366635, -0.000179676, -0.00014482062
  -59.366635, -0.000210924, -0.00014482062
  -59.366635, -0.0001953, -0.00014482062
  -59.366635, -9.3744e-05, -0.00014482062
  -59.36018, -0.000128898, -0.00014473195
  -59.36018, -0.000167958, -0.00014473195
  -59.36018, -0.000124992, -0.00014473195
  -59.36018, -9.765e-05, -0.00014473195
  -59.36018, -0.000187488, -0.00014473195
  -59.36018, -0.000128898, -0.00014473195
  -59.36018, -0.00011718, -0.00014473195
  -59.353725, -0.000113274, -0.00014464324
  -59.353725, -0.000191394, -0.00014464324
  -59.353725, -0.000160146, -0.00014464324
  -59.353725, -0.000109368, -0.00014464324
  -59.353725, -0.000124992, -0.00014464324
  -59.353725, -0.00015624, -0.00014464324
  -59.353725, -0.000179676, -0.00014464324
  -59.353725, -8.2026e-05, -0.00014464324
  -59.353725, -0.000148428, -0.00014464324
  -59.353725, 7.812e-06, -0.00014464324
  -59.353725, -0.00013671, -0.00014464324
  -59.353725, -0.000132804, -0.00014464324
  -59.353725, -0.000128898, -0.00014464324
  -59.34727, -0.000128898, -0.00014455449
  -59.34727, -0.00017577, -0.00014455449
  -59.34727, -0.000113274, -0.00014455449
  -59.34727, -0.00025389, -0.00014455449
  -59.34727, -0.00013671, -0.00014455449
  -59.34727, -5.0778e-05, -0.00014455449
  -59.34727, -0.000113274, -0.00014455449
  -59.34727, -0.000109368, -0.00014455449
  -59.34727, -6.6402e-05, -0.00014455449
  -59.34727, -0.000152334, -0.00014455449
  -59.34727, -7.0308e-05, -0.00014455449
  -59.34727, -0.00013671, -0.00014455449
  -59.34727, -4.2966e-05, -0.00014455449
  -59.34727, -0.000144522, -0.00014455449
  -59.34727, -0.000105462, -0.00014455449
  -59.34727, -0.000171864, -0.00014455449
  -59.34727, -0.000128898, -0.00014455449
  -59.34727, -0.000160146, -0.00014455449
  -59.34727, -7.812e-05, -0.00014455449
  -59.340815, -0.000226548, -0.0001444657
  -59.340815, -0.000132804, -0.0001444657
  -59.340815, -0.000183582, -0.0001444657
  -59.340815, -0.0001953, -0.0001444657
  -59.340815, -0.000101556, -0.0001444657
  -59.340815, -0.000285138, -0.0001444657
  -59.340815, -0.000124992, -0.0001444657
  -59.340815, -0.000164052, -0.0001444657
  -59.340815, -0.000164052, -0.0001444657
  -59.33436, -0.000160146, -0.00014437687
  -59.33436, -0.000105462, -0.00014437687
  -59.33436, -0.0001953, -0.00014437687
  -59.33436, 3.906e-06, -0.00014437687
  -59.33436, -0.000179676, -0.00014437687
  -59.33436, -0.000222642, -0.00014437687
  -59.33436, -0.000132804, -0.00014437687
  -59.33436, -1.1718e-05, -0.00014437687
  -59.33436, -0.000226548, -0.00014437687
  -59.33436, -0.00011718, -0.00014437687
  -59.33436, -8.9838e-05, -0.00014437687
  -59.33436, -0.000113274, -0.00014437687
  -59.33436, -0.000128898, -0.00014437687
  -59.33436, -0.000222642, -0.00014437687
  -59.33436, -4.6872e-05, -0.00014437687
  -59.33436, -0.000160146, -0.00014437687
  -59.33436, -9.765e-05, -0.00014437687
  -59.33436, -5.4684e-05, -0.00014437687
  -59.33436, -0.000101556, -0.00014437687
  -59.33436, -0.000140616, -0.00014437687
  -59.33436, -0.000210924, -0.00014437687
  -59.33436, -0.0001953, -0.00014437687
  -59.33436, -3.906e-05, -0.00014437687
  -59.33436, -0.000113274, -0.00014437687
  -59.33436, -8.5932e-05, -0.00014437687
  -59.33436, -0.000187488, -0.00014437687
  -59.327905, -0.000128898, -0.000144288
  -59.327905, -8.5932e-05, -0.000144288
  -59.327905, -0.000109368, -0.000144288
  -59.327905, -0.000210924, -0.000144288
  -59.327905, -8.2026e-05, -0.000144288
  -59.327905, -0.000187488, -0.000144288
  -59.327905, -0.000144522, -0.000144288
  -59.327905, -0.000164052, -0.000144288
  -59.327905, -0.000167958, -0.000144288
  -59.327905, -5.4684e-05, -0.000144288
  -59.327905, -0.0001953, -0.000144288
  -59.327905, -7.812e-06, -0.000144288
  -59.327905, -1.5624e-05, -0.000144288
  -59.327905, -0.000160146, -0.000144288
  -59.327905, -0.000152334, -0.000144288
  -59.327905, -7.4214e-05, -0.000144288
  -59.327905, -0.000203112, -0.000144288
  -59.327905, -0.00017577, -0.000144288
  -59.327905, -0.000226548, -0.000144288
  -59.327905, -0.000140616, -0.000144288
  -59.327905, -0.000152334, -0.000144288
  -59.32145, -0.000199206, -0.0001441991
  -59.32145, -0.000113274, -0.0001441991
  -59.32145, 5.4684e-05, -0.0001441991
  -59.32145, -0.000140616, -0.0001441991
  -59.32145, -0.000140616, -0.0001441991
  -59.32145, -7.812e-05, -0.0001441991
  -59.32145, -0.000199206, -0.0001441991
  -59.32145, -0.000128898, -0.0001441991
  -59.32145, -0.000249984, -0.0001441991
  -59.32145, -1.1718e-05, -0.0001441991
  -59.32145, -0.000191394, -0.0001441991
  -59.32145, -0.000230454, -0.0001441991
  -59.32145, -0.000144522, -0.0001441991
  -59.32145, -0.000128898, -0.0001441991
  -59.314995, -0.00011718, -0.00014411015
  -59.314995, 7.0308e-05, -0.00014411015
  -59.314995, -0.000121086, -0.00014411015
  -59.314995, -9.765e-05, -0.00014411015
  -59.314995, -0.000164052, -0.00014411015
  -59.314995, -0.000183582, -0.00014411015
  -59.314995, -0.0001953, -0.00014411015
  -59.314995, -0.000109368, -0.00014411015
  -59.314995, -0.00021483, -0.00014411015
  -59.314995, -0.000132804, -0.00014411015
  -59.314995, -0.000132804, -0.00014411015
  -59.314995, -0.000109368, -0.00014411015
  -59.30854, -7.0308e-05, -0.00014402117
  -59.30854, -0.000179676, -0.00014402117
  -59.30854, -0.000128898, -0.00014402117
  -59.30854, -0.000105462, -0.00014402117
  -59.30854, -0.00013671, -0.00014402117
  -59.30854, -0.000121086, -0.00014402117
  -59.30854, -0.000124992, -0.00014402117
  -59.30854, -0.000207018, -0.00014402117
  -59.30854, -0.00013671, -0.00014402117
  -59.30854, -5.0778e-05, -0.00014402117
  -59.30854, -0.00017577, -0.00014402117
  -59.302085, -0.000121086, -0.00014393214
  -59.302085, -0.000179676, -0.00014393214
  -59.302085, -0.000183582, -0.00014393214
  -59.302085, -0.000140616, -0.00014393214
  -59.302085, -0.00015624, -0.00014393214
  -59.29563, -5.4684e-05, -0.00014384308
  -59.29563, -0.000179676, -0.00014384308
  -59.29563, -0.000148428, -0.00014384308
  -59.29563, -0.00013671, -0.00014384308
  -59.29563, -0.00021483, -0.00014384308
  -59.29563, -0.000105462, -0.00014384308
  -59.29563, -5.4684e-05, -0.00014384308
  -59.29563, -0.00013671, -0.00014384308
  -59.29563, -0.000128898, -0.00014384308
  -59.29563, -0.000179676, -0.00014384308
  -59.289175, -0.000121086, -0.00014375398
  -59.289175, -9.3744e-05, -0.00014375398
  -59.289175, -0.000132804, -0.00014375398
  -59.289175, -0.000152334, -0.00014375398
  -59.289175, -0.000148428, -0.00014375398
  -59.289175, -0.000148428, -0.00014375398
  -59.289175, -0.000121086, -0.00014375398
  -59.289175, -7.0308e-05, -0.00014375398
  -59.289175, -0.000160146, -0.00014375398
  -59.289175, -0.000101556, -0.00014375398
  -59.289175, -0.00013671, -0.00014375398
  -59.289175, -0.000167958, -0.00014375398
  -59.28272, -0.000210924, -0.00014366483
  -59.28272, -0.000210924, -0.00014366483
  -59.28272, -0.000109368, -0.00014366483
  -59.28272, -0.000144522, -0.00014366483
  -59.28272, -0.000148428, -0.00014366483
  -59.28272, -9.3744e-05, -0.00014366483
  -59.28272, -0.000222642, -0.00014366483
  -59.28272, -0.00023436, -0.00014366483
  -59.28272, -0.00021483, -0.00014366483
  -59.28272, -0.000207018, -0.00014366483
  -59.28272, -6.6402e-05, -0.00014366483
  -59.28272, -7.0308e-05, -0.00014366483
  -59.276265, -0.000132804, -0.00014357565
  -59.276265, -0.000203112, -0.00014357565
  -59.276265, -5.4684e-05, -0.00014357565
  -59.276265, 7.812e-06, -0.00014357565
  -59.26981, -0.000109368, -0.00014348643
  -59.26981, -0.00015624, -0.00014348643
  -59.26981, -0.000105462, -0.00014348643
  -59.26981, -0.000148428, -0.00014348643
  -59.263355, -0.000132804, -0.00014339717
  -59.263355, -0.000109368, -0.00014339717
  -59.263355, -0.000144522, -0.00014339717
  -59.263355, -0.000140616, -0.00014339717
  -59.263355, -0.000222642, -0.00014339717
  -59.263355, -0.000132804, -0.00014339717
  -59.263355, -0.000105462, -0.00014339717
  -59.2569, -0.000160146, -0.00014330787
  -59.2569, -0.000167958, -0.00014330787
  -59.2569, -0.000152334, -0.00014330787
  -59.2569, -0.000121086, -0.00014330787
  -59.250445, -0.000203112, -0.00014321853
  -59.24399, -0.000179676, -0.00014312916
  -59.24399, -0.000222642, -0.00014312916
  -59.237535, -8.2026e-05, -0.00014303974
  -59.237535, -0.00017577, -0.00014303974
  -59.23108, -0.00021483, -0.00014295028
  -59.23108, -0.000171864, -0.00014295028
  -59.224625, -0.00011718, -0.00014286078
  -59.224625, -3.906e-05, -0.00014286078
  -59.224625, -8.2026e-05, -0.00014286078
  -59.21817, -0.000121086, -0.00014277125
  -59.21817, -0.000207018, -0.00014277125
  -59.211715, -0.000242172, -0.00014268167
  -59.211715, -7.0308e-05, -0.00014268167
  -59.20526, -0.000101556, -0.00014259205
  -59.20526, -0.000187488, -0.00014259205
  -59.198805, -0.00015624, -0.0001425024
  -59.185895, -0.000121086, -0.00014232297
  -59.17944, 1.953e-05, -0.0001422332
  -59.17944, -0.00015624, -0.0001422332
  -59.172985, 0, -0.00014214338
  -59.172985, -0.00015624, -0.00014214338
  -59.16653, -0.00017577, -0.00014205353
  -59.16653, -0.00015624, -0.00014205353
  -59.160075, -0.00013671, -0.00014196363
  -59.160075, -8.5932e-05, -0.00014196363
  -59.147165, -9.765e-05, -0.00014178373
  -59.147165, -6.6402e-05, -0.00014178373
  -59.1278, -2.7342e-05, -0.00014151357
  -59.121345, -7.812e-05, -0.00014142344
  -59.108435, -0.000121086, -0.00014124305
  -59.10198, -0.000128898, -0.0001411528
  -59.095525, -0.000144522, -0.00014106251
  -59.07616, -0.000128898, -0.00014079139
  -59.069705, -0.000164052, -0.00014070093
  -59.06325, -0.000207018, -0.00014061044
  -59.03743, -0.000164052, -0.00014024807
  -59.01161, -0.000167958, -0.00013988505
  -59.01161, -8.9838e-05, -0.00013988505
  -58.9987, -0.00015624, -0.00013970329
  -58.979335, -8.9838e-05, -0.00013943036
  -58.97288, -0.00011718, -0.0001393393
  -58.97288, -0.000121086, -0.0001393393
  -58.95997, -0.000164052, -0.00013915707
  -58.953515, -8.2026e-05, -0.00013906589
  -58.940605, -0.000128898, -0.00013888341
  -58.93415, -0.000144522, -0.0001387921
  -58.89542, -0.000148428, -0.00013824344
  -58.888965, -0.000179676, -0.00013815185
  -58.888965, -0.000207018, -0.00013815185
  -58.863145, -0.000203112, -0.00013778509
  -58.850235, -0.000246078, -0.00013760147
  -58.84378, -0.000140616, -0.0001375096
  -58.81796, -9.765e-05, -0.00013714169
  -58.811505, -9.765e-05, -0.00013704961
  -58.79214, -0.00015624, -0.00013677313
  -58.77923, -0.000171864, -0.0001365886
  -58.76632, -0.000160146, -0.0001364039
  -58.75341, -0.000148428, -0.00013621904
  -58.746955, -0.00011718, -0.00013612655
  -58.7405, -9.765e-05, -0.00013603402
  -58.71468, -0.00015624, -0.00013566347
  -58.68886, -0.000207018, -0.00013529226
  -58.68886, -0.00017577, -0.00013529226
  -58.67595, -0.000210924, -0.0001351064
  -58.669495, -0.000183582, -0.00013501341
  -58.656585, -0.000128898, -0.0001348273
  -58.65013, -0.000128898, -0.00013473419
  -58.630765, -0.00015624, -0.00013445459
  -58.6114, -0.00013671, -0.00013417461
  -58.592035, -0.000132804, -0.00013389426
  -58.579125, -0.000179676, -0.00013370714
  -58.57267, -0.00013671, -0.00013361352
  -58.54685, -0.000124992, -0.00013323862
  -58.540395, -8.2026e-05, -0.00013314479
  -58.53394, -0.000101556, -0.00013305092
  -58.53394, -0.00015624, -0.00013305092
  -58.527485, -0.00013671, -0.000132957
  -58.514575, -0.000218736, -0.00013276904
  -58.514575, -0.000167958, -0.00013276904
  -58.49521, -0.000152334, -0.00013248679
  -58.49521, -0.00013671, -0.00013248679
  -58.4823, -0.000144522, -0.00013229841
  -58.4823, -0.000105462, -0.00013229841
  -58.45648, -8.2026e-05, -0.00013192113
  -58.45648, -0.000124992, -0.00013192113
  -58.450025, -7.4214e-05, -0.00013182671
  -58.44357, -0.000183582, -0.00013173224
  -58.437115, -0.000109368, -0.00013163773
  -58.424205, -9.3744e-05, -0.00013144858
  -58.41775, -0.000164052, -0.00013135394
  -58.41775, -0.000210924, -0.00013135394
  -58.41775, -0.000132804, -0.00013135394
  -58.40484, -0.0001953, -0.00013116454
  -58.398385, -0.000171864, -0.00013106977
  -58.37902, -2.7342e-05, -0.00013078521
  -58.37902, -0.000207018, -0.00013078521
  -58.37902, -0.000160146, -0.00013078521
  -58.36611, -0.000179676, -0.00013059529
  -58.36611, -0.00021483, -0.00013059529
  -58.359655, -0.000183582, -0.00013050027
  -58.3532, -0.000128898, -0.0001304052
  -58.3532, -0.00021483, -0.0001304052
  -58.346745, -0.000218736, -0.00013031009
  -58.333835, -0.00021483, -0.00013011974
  -58.320925, -8.9838e-05, -0.00012992922
  -58.320925, -0.000144522, -0.00012992922
  -58.31447, -7.0308e-05, -0.00012983389
  -58.31447, -0.000207018, -0.00012983389
  -58.31447, -8.5932e-05, -0.00012983389
  -58.31447, -0.00013671, -0.00012983389
  -58.31447, -0.000124992, -0.00012983389
  -58.308015, -0.000160146, -0.00012973852
  -58.308015, -0.000144522, -0.00012973852
  -58.308015, -6.2496e-05, -0.00012973852
  -58.308015, -0.000132804, -0.00012973852
  -58.30156, -0.0001953, -0.00012964311
  -58.30156, -0.000164052, -0.00012964311
  -58.30156, -0.000109368, -0.00012964311
  -58.295105, -0.0001953, -0.00012954766
  -58.295105, -2.7342e-05, -0.00012954766
  -58.295105, -0.0001953, -0.00012954766
  -58.295105, -8.2026e-05, -0.00012954766
  -58.295105, -1.1718e-05, -0.00012954766
  -58.28865, -0.000124992, -0.00012945216
  -58.28865, -0.000160146, -0.00012945216
  -58.28865, -0.000128898, -0.00012945216
  -58.28865, -0.000167958, -0.00012945216
  -58.28865, -3.906e-05, -0.00012945216
  -58.282195, -0.000124992, -0.00012935661
  -58.282195, -0.000164052, -0.00012935661
  -58.282195, -0.000171864, -0.00012935661
  -58.27574, -5.0778e-05, -0.00012926103
  -58.27574, -0.000167958, -0.00012926103
  -58.27574, -0.000121086, -0.00012926103
  -58.27574, -8.2026e-05, -0.00012926103
  -58.27574, -0.000128898, -0.00012926103
  -58.27574, -0.000105462, -0.00012926103
  -58.27574, -0.000167958, -0.00012926103
  -58.27574, -0.00015624, -0.00012926103
  -58.269285, -0.000152334, -0.0001291654
  -58.269285, -7.0308e-05, -0.0001291654
  -58.269285, -0.00015624, -0.0001291654
  -58.269285, -0.000109368, -0.0001291654
  -58.269285, -0.000160146, -0.0001291654
  -58.269285, -0.000183582, -0.0001291654
  -58.269285, -0.000132804, -0.0001291654
  -58.269285, -0.000218736, -0.0001291654
  -58.26283, -8.5932e-05, -0.00012906973
  -58.26283, -7.0308e-05, -0.00012906973
  -58.26283, -0.000113274, -0.00012906973
  -58.26283, -0.000191394, -0.00012906973
  -58.26283, -5.0778e-05, -0.00012906973
  -58.256375, -0.000164052, -0.00012897401
  -58.256375, -0.000124992, -0.00012897401
  -58.256375, -0.000140616, -0.00012897401
  -58.256375, -0.000199206, -0.00012897401
  -58.256375, -0.000199206, -0.00012897401
  -58.256375, -0.000199206, -0.00012897401
  -58.256375, -0.000164052, -0.00012897401
  -58.256375, -1.1718e-05, -0.00012897401
  -58.256375, -0.000124992, -0.00012897401
  -58.256375, -0.000207018, -0.00012897401
  -58.24992, -5.0778e-05, -0.00012887825
  -58.24992, -0.000191394, -0.00012887825
  -58.24992, -0.000199206, -0.00012887825
  -58.24992, -0.00017577, -0.00012887825
  -58.24992, -0.00015624, -0.00012887825
  -58.24992, -0.000148428, -0.00012887825
  -58.24992, -7.812e-05, -0.00012887825
  -58.24992, -0.000167958, -0.00012887825
  -58.243465, -0.0001953, -0.00012878245
  -58.243465, -8.2026e-05, -0.00012878245
  -58.243465, -6.6402e-05, -0.00012878245
  -58.243465, -0.00017577, -0.00012878245
  -58.243465, -0.000140616, -0.00012878245
  -58.23701, -0.000121086, -0.0001286866
  -58.23701, -5.4684e-05, -0.0001286866
  -58.23701, -0.000160146, -0.0001286866
  -58.23701, -8.2026e-05, -0.0001286866
  -58.23701, -0.000144522, -0.0001286866
  -58.23701, -0.000132804, -0.0001286866
  -58.230555, -0.00017577, -0.00012859071
  -58.230555, -0.000167958, -0.00012859071
  -58.230555, -0.00017577, -0.00012859071
  -58.230555, -0.000128898, -0.00012859071
  -58.2241, -8.9838e-05, -0.00012849478
  -58.21119, -9.3744e-05, -0.00012830278
  -58.204735, -0.000101556, -0.00012820672
  -58.19828, -0.00017577, -0.00012811061
  -58.19828, -0.000183582, -0.00012811061
  -58.178915, -0.00013671, -0.00012782203
  -58.178915, -0.000199206, -0.00012782203
  -58.17246, -0.000179676, -0.00012772574
  -58.153095, -0.000167958, -0.00012743663
  -58.12082, -0.000191394, -0.0001269539
  -58.10791, -9.3744e-05, -0.0001267605
  -58.10791, -9.3744e-05, -0.0001267605
  -58.088545, -0.000124992, -0.00012647007
  -58.08209, -0.000199206, -0.00012637317
  -58.049815, -0.000144522, -0.00012588802
  -58.049815, -0.000183582, -0.00012588802
  -58.04336, -0.00015624, -0.00012579085
  -58.023995, -0.000167958, -0.00012549909
  -58.01754, -0.000152334, -0.00012540175
  -57.998175, -0.000179676, -0.00012510946
  -57.99172, -0.00013671, -0.00012501194
  -57.9659, -0.000171864, -0.00012462142
  -57.959445, -0.000105462, -0.00012452368
  -57.95299, -7.812e-05, -0.00012442589
  -57.946535, -7.812e-05, -0.00012432806
  -57.94008, 0, -0.00012423018
  -57.91426, -1.953e-05, -0.00012383822
  -57.91426, -0.000144522, -0.00012383822
  -57.91426, -7.812e-05, -0.00012383822
  -57.907805, 0, -0.00012374012
  -57.907805, -0.00013671, -0.00012374012
  -57.907805, -0.000128898, -0.00012374012
  -57.894895, -0.000101556, -0.00012354379
  -57.88844, -3.5154e-05, -0.00012344555
  -57.87553, -0.000140616, -0.00012324894
  -57.86262, -0.000113274, -0.00012305216
  -57.856165, -0.000218736, -0.00012295369
  -57.843255, -0.00015624, -0.00012275664
  -57.8368, -4.6872e-05, -0.00012265804
  -57.830345, -0.000132804, -0.0001225594
  -57.830345, -0.000109368, -0.0001225594
  -57.81098, -5.0778e-05, -0.0001222632
  -57.804525, -0.000222642, -0.00012216438
  -57.791615, -0.000105462, -0.00012196659
  -57.78516, -3.906e-05, -0.00012186763
  -57.78516, -0.0001953, -0.00012186763
  -57.765795, -4.2966e-05, -0.00012157048
  -57.765795, -0.00015624, -0.00012157048
  -57.75934, -0.000109368, -0.00012147134
  -57.752885, -0.000144522, -0.00012137215
  -57.74643, -0.000144522, -0.00012127292
  -57.74643, -0.000164052, -0.00012127292
  -57.73352, -0.000179676, -0.00012107432
  -57.73352, -0.000140616, -0.00012107432
  -57.72061, -0.000183582, -0.00012087553
  -57.714155, -0.000187488, -0.00012077607
  -57.7077, -0.000124992, -0.00012067657
  -57.688335, -2.7342e-05, -0.00012037777
  -57.688335, -0.000144522, -0.00012037777
  -57.688335, -0.00011718, -0.00012037777
  -57.688335, -0.000152334, -0.00012037777
  -57.68188, -0.000121086, -0.00012027808
  -57.675425, -0.00017577, -0.00012017834
  -57.675425, -4.2966e-05, -0.00012017834
  -57.66897, -0.000113274, -0.00012007856
  -57.66897, -0.000132804, -0.00012007856
  -57.662515, -3.906e-05, -0.00011997873
  -57.662515, -0.000140616, -0.00011997873
  -57.662515, -0.000171864, -0.00011997873
  -57.65606, -0.000128898, -0.00011987886
  -57.649605, -0.000191394, -0.00011977894
  -57.649605, -8.5932e-05, -0.00011977894
  -57.649605, -0.000187488, -0.00011977894
  -57.64315, -0.000210924, -0.00011967897
  -57.63024, -0.00025389, -0.0001194789
  -57.63024, -0.000207018, -0.0001194789
  -57.63024, -0.000164052, -0.0001194789
  -57.63024, -0.000132804, -0.0001194789
  -57.623785, -6.6402e-05, -0.0001193788
  -57.623785, -0.000105462, -0.0001193788
  -57.623785, -5.0778e-05, -0.0001193788
  -57.623785, -0.000144522, -0.0001193788
  -57.623785, -0.000160146, -0.0001193788
  -57.623785, -0.000199206, -0.0001193788
  -57.623785, -0.00013671, -0.0001193788
  -57.623785, -0.000199206, -0.0001193788
  -57.623785, -8.9838e-05, -0.0001193788
  -57.623785, 0, -0.0001193788
  -57.623785, -0.00011718, -0.0001193788
  -57.623785, -0.00011718, -0.0001193788
  -57.61733, -4.6872e-05, -0.00011927865
  -57.61733, -0.000105462, -0.00011927865
  -57.61733, -0.000140616, -0.00011927865
  -57.61733, -0.00015624, -0.00011927865
  -57.61733, -0.00011718, -0.00011927865
  -57.61733, -2.7342e-05, -0.00011927865
  -57.61733, -7.4214e-05, -0.00011927865
  -57.61733, -0.000128898, -0.00011927865
  -57.61733, -2.7342e-05, -0.00011927865
  -57.61733, -2.7342e-05, -0.00011927865
  -57.61733, -0.00013671, -0.00011927865
  -57.61733, -0.00011718, -0.00011927865
  -57.61733, -5.4684e-05, -0.00011927865
  -57.610875, -0.000113274, -0.00011917845
  -57.610875, -9.3744e-05, -0.00011917845
  -57.610875, -0.000128898, -0.00011917845
  -57.610875, -0.000148428, -0.00011917845
  -57.610875, -0.000148428, -0.00011917845
  -57.610875, -8.2026e-05, -0.00011917845
  -57.610875, -7.4214e-05, -0.00011917845
  -57.610875, 2.7342e-05, -0.00011917845
  -57.610875, -7.4214e-05, -0.00011917845
  -57.610875, -0.00015624, -0.00011917845
  -57.610875, 0, -0.00011917845
  -57.610875, -4.6872e-05, -0.00011917845
  -57.610875, -9.765e-05, -0.00011917845
  -57.610875, -8.9838e-05, -0.00011917845
  -57.610875, -4.2966e-05, -0.00011917845
  -57.610875, -1.5624e-05, -0.00011917845
  -57.610875, -0.000124992, -0.00011917845
  -57.60442, 5.859e-05, -0.00011907821
  -57.60442, -0.000101556, -0.00011907821
  -57.60442, -2.7342e-05, -0.00011907821
  -57.60442, -0.000203112, -0.00011907821
  -57.60442, -7.4214e-05, -0.00011907821
  -57.60442, -9.765e-05, -0.00011907821
  -57.60442, -3.906e-05, -0.00011907821
  -57.60442, -0.000179676, -0.00011907821
  -57.60442, -0.000152334, -0.00011907821
  -57.60442, -0.000199206, -0.00011907821
  -57.60442, -0.000121086, -0.00011907821
  -57.60442, -0.000187488, -0.00011907821
  -57.60442, -0.000164052, -0.00011907821
  -57.60442, -0.000113274, -0.00011907821
  -57.60442, -0.000144522, -0.00011907821
  -57.60442, -2.7342e-05, -0.00011907821
  -57.60442, -0.000160146, -0.00011907821
  -57.60442, -8.2026e-05, -0.00011907821
  -57.597965, -0.000199206, -0.00011897792
  -57.597965, -8.2026e-05, -0.00011897792
  -57.597965, -0.00013671, -0.00011897792
  -57.597965, -0.000164052, -0.00011897792
  -57.597965, -0.000140616, -0.00011897792
  -57.597965, -5.859e-05, -0.00011897792
  -57.597965, -0.000105462, -0.00011897792
  -57.597965, -8.2026e-05, -0.00011897792
  -57.597965, -7.4214e-05, -0.00011897792
  -57.597965, -8.9838e-05, -0.00011897792
  -57.597965, -4.2966e-05, -0.00011897792
  -57.597965, -1.953e-05, -0.00011897792
  -57.597965, -0.000285138, -0.00011897792
  -57.597965, -0.000187488, -0.00011897792
  -57.597965, -0.000124992, -0.00011897792
  -57.597965, -9.765e-05, -0.00011897792
  -57.597965, -0.000105462, -0.00011897792
  -57.597965, -0.000128898, -0.00011897792
  -57.59151, -3.5154e-05, -0.00011887758
  -57.59151, -0.000148428, -0.00011887758
  -57.59151, -0.000171864, -0.00011887758
  -57.59151, -9.3744e-05, -0.00011887758
  -57.59151, -0.000132804, -0.00011887758
  -57.59151, -3.1248e-05, -0.00011887758
  -57.59151, -0.000246078, -0.00011887758
  -57.585055, -0.000160146, -0.0001187772
  -57.5786, -0.000105462, -0.00011867677
  -57.5786, -0.000183582, -0.00011867677
  -57.5786, -6.2496e-05, -0.00011867677
  -57.5786, -0.000187488, -0.00011867677
  -57.5786, -7.0308e-05, -0.00011867677
  -57.572145, -0.000113274, -0.0001185763
  -57.572145, -0.000148428, -0.0001185763
  -57.559235, -0.000132804, -0.00011837521
  -57.53987, -0.000203112, -0.00011807323
  -57.507595, -0.000105462, -0.00011756899
  -57.50114, -0.000124992, -0.000117468
  -57.494685, -7.812e-06, -0.00011736697
  -57.48823, -0.00013671, -0.00011726589
  -57.48823, -0.000124992, -0.00011726589
  -57.481775, 7.812e-06, -0.00011716476
  -57.481775, -0.000160146, -0.00011716476
  -57.481775, -2.7342e-05, -0.00011716476
  -57.481775, 0, -0.00011716476
  -57.481775, -0.000191394, -0.00011716476
  -57.481775, -0.000144522, -0.00011716476
  -57.481775, -0.000132804, -0.00011716476
  -57.47532, -0.00013671, -0.00011706359
  -57.47532, -0.00011718, -0.00011706359
  -57.47532, -0.000148428, -0.00011706359
  -57.47532, -6.6402e-05, -0.00011706359
  -57.47532, -0.000113274, -0.00011706359
  -57.47532, -0.000148428, -0.00011706359
  -57.47532, -0.00011718, -0.00011706359
  -57.47532, -0.000148428, -0.00011706359
  -57.47532, -2.7342e-05, -0.00011706359
  -57.47532, -3.906e-05, -0.00011706359
  -57.47532, -0.000183582, -0.00011706359
  -57.47532, -7.4214e-05, -0.00011706359
  -57.47532, -0.000128898, -0.00011706359
  -57.47532, -0.000152334, -0.00011706359
  -57.47532, -3.1248e-05, -0.00011706359
  -57.468865, -0.000105462, -0.00011696237
  -57.468865, -0.00015624, -0.00011696237
  -57.468865, -6.6402e-05, -0.00011696237
  -57.468865, -0.00013671, -0.00011696237
  -57.468865, -7.812e-05, -0.00011696237
  -57.468865, -0.000128898, -0.00011696237
  -57.468865, -0.000121086, -0.00011696237
  -57.468865, -0.000140616, -0.00011696237
  -57.468865, -0.000160146, -0.00011696237
  -57.468865, -0.000124992, -0.00011696237
  -57.468865, -0.000109368, -0.00011696237
  -57.468865, 1.953e-05, -0.00011696237
  -57.468865, -1.1718e-05, -0.00011696237
  -57.468865, 3.906e-06, -0.00011696237
  -57.468865, -0.000144522, -0.00011696237
  -57.468865, -8.5932e-05, -0.00011696237
  -57.468865, -0.00015624, -0.00011696237
  -57.468865, -0.000148428, -0.00011696237
  -57.468865, -0.000113274, -0.00011696237
  -57.46241, 3.1248e-05, -0.0001168611
  -57.46241, -0.000152334, -0.0001168611
  -57.46241, -1.5624e-05, -0.0001168611
  -57.46241, -0.000121086, -0.0001168611
  -57.46241, -0.000183582, -0.0001168611
  -57.46241, -0.000191394, -0.0001168611
  -57.46241, -0.000148428, -0.0001168611
  -57.46241, -0.000109368, -0.0001168611
  -57.46241, -0.000109368, -0.0001168611
  -57.455955, -0.000171864, -0.00011675979
  -57.455955, -0.000171864, -0.00011675979
  -57.455955, -0.00017577, -0.00011675979
  -57.455955, -0.000124992, -0.00011675979
  -57.455955, -8.5932e-05, -0.00011675979
  -57.455955, -0.000152334, -0.00011675979
  -57.455955, -0.000128898, -0.00011675979
  -57.455955, 2.3436e-05, -0.00011675979
  -57.455955, -8.9838e-05, -0.00011675979
  -57.455955, -0.000144522, -0.00011675979
  -57.455955, -0.000167958, -0.00011675979
  -57.455955, -9.3744e-05, -0.00011675979
  -57.455955, -0.000222642, -0.00011675979
  -57.455955, -0.00011718, -0.00011675979
  -57.455955, -0.000167958, -0.00011675979
  -57.455955, -0.000191394, -0.00011675979
  -57.455955, -9.3744e-05, -0.00011675979
  -57.455955, -6.2496e-05, -0.00011675979
  -57.455955, -0.000113274, -0.00011675979
  -57.455955, -0.000269514, -0.00011675979
  -57.455955, -0.00017577, -0.00011675979
  -57.455955, -0.000179676, -0.00011675979
  -57.455955, -1.953e-05, -0.00011675979
  -57.4495, -8.9838e-05, -0.00011665843
  -57.4495, -0.000128898, -0.00011665843
  -57.4495, -0.000144522, -0.00011665843
  -57.4495, -0.000109368, -0.00011665843
  -57.4495, -0.000124992, -0.00011665843
  -57.4495, -6.6402e-05, -0.00011665843
  -57.4495, -0.00011718, -0.00011665843
  -57.4495, -0.000167958, -0.00011665843
  -57.4495, -0.000113274, -0.00011665843
  -57.443045, -0.000140616, -0.00011655702
  -57.443045, -8.5932e-05, -0.00011655702
  -57.443045, -0.00011718, -0.00011655702
  -57.443045, -5.0778e-05, -0.00011655702
  -57.443045, -7.812e-05, -0.00011655702
  -57.443045, -0.000160146, -0.00011655702
  -57.443045, -0.000203112, -0.00011655702
  -57.443045, 0, -0.00011655702
  -57.43659, -1.5624e-05, -0.00011645556
  -57.43659, -0.00013671, -0.00011645556
  -57.43659, -0.000191394, -0.00011645556
  -57.430135, -0.000144522, -0.00011635406
  -57.430135, 1.953e-05, -0.00011635406
  -57.430135, -0.000187488, -0.00011635406
  -57.430135, -0.000121086, -0.00011635406
  -57.430135, -9.3744e-05, -0.00011635406
  -57.42368, -0.000187488, -0.00011625251
  -57.42368, -0.000222642, -0.00011625251
  -57.42368, -0.000124992, -0.00011625251
  -57.417225, -0.00017577, -0.00011615092
  -57.41077, -0.000105462, -0.00011604927
  -57.41077, -7.4214e-05, -0.00011604927
  -57.41077, -8.5932e-05, -0.00011604927
  -57.41077, -4.6872e-05, -0.00011604927
  -57.41077, -0.000124992, -0.00011604927
  -57.39786, -0.000152334, -0.00011584584
  -57.39786, -0.000109368, -0.00011584584
  -57.39786, -0.00013671, -0.00011584584
  -57.391405, -0.000183582, -0.00011574406
  -57.38495, -0.000210924, -0.00011564223
  -57.38495, -7.812e-05, -0.00011564223
  -57.38495, -0.000199206, -0.00011564223
  -57.378495, -5.859e-05, -0.00011554035
  -57.37204, -0.00013671, -0.00011543842
  -57.365585, -0.000140616, -0.00011533645
  -57.35913, -0.000132804, -0.00011523443
  -57.35913, -9.3744e-05, -0.00011523443
  -57.35913, -0.000199206, -0.00011523443
  -57.352675, -8.9838e-05, -0.00011513236
  -57.352675, -0.000222642, -0.00011513236
  -57.352675, -0.000132804, -0.00011513236
  -57.352675, -0.00015624, -0.00011513236
  -57.34622, -0.000167958, -0.00011503024
  -57.34622, -3.906e-05, -0.00011503024
  -57.34622, -0.00013671, -0.00011503024
  -57.33331, -0.000105462, -0.00011482587
  -57.3204, -0.000191394, -0.0001146213
  -57.3204, -0.000144522, -0.0001146213
  -57.30749, -0.000124992, -0.00011441655
  -57.30749, -0.00011718, -0.00011441655
  -57.301035, -7.812e-05, -0.0001143141
  -57.301035, -4.6872e-05, -0.0001143141
  -57.301035, -3.1248e-05, -0.0001143141
  -57.28167, -0.00017577, -0.00011400647
  -57.275215, -0.000113274, -0.00011390383
  -57.26876, -8.2026e-05, -0.00011380114
  -57.262305, -8.9838e-05, -0.00011369841
  -57.262305, -0.0001953, -0.00011369841
  -57.25585, -0.000140616, -0.00011359562
  -57.23003, -0.00013671, -0.00011318402
  -57.223575, -0.000183582, -0.00011308099
  -57.21712, -2.3436e-05, -0.00011297792
  -57.210665, -5.859e-05, -0.00011287481
  -57.20421, -8.9838e-05, -0.00011277164
  -57.197755, -4.6872e-05, -0.00011266843
  -57.184845, -0.000101556, -0.00011246185
  -57.171935, -6.6402e-05, -0.00011225509
  -57.171935, -0.000152334, -0.00011225509
  -57.16548, -0.00017577, -0.00011215163
  -57.146115, -0.00013671, -0.00011184098
  -57.146115, -0.00013671, -0.00011184098
  -57.107385, -0.000109368, -0.00011121837
  -57.10093, -0.00011718, -0.00011111443
  -57.081565, -0.00017577, -0.00011080232
  -57.0622, -0.000105462, -0.00011048978
  -57.0622, -0.000113274, -0.00011048978
  -57.0622, 1.5624e-05, -0.00011048978
  -57.029925, -0.000148428, -0.0001099679
  -57.02347, -0.000164052, -0.00010986337
  -57.02347, -0.000109368, -0.00010986337
  -57.017015, -0.000179676, -0.0001097588
  -57.01056, -3.1248e-05, -0.00010965418
  -56.99765, -0.000132804, -0.00010944479
  -56.978285, 2.7342e-05, -0.00010913034
  -56.97183, -2.3436e-05, -0.00010902543
  -56.952465, -8.2026e-05, -0.00010871039
  -56.9331, -6.2496e-05, -0.0001083949
  -56.9331, -0.000132804, -0.0001083949
  -56.9331, -6.2496e-05, -0.0001083949
  -56.913735, -0.000167958, -0.00010807898
  -56.90728, -0.000128898, -0.00010797357
  -56.900825, -0.000148428, -0.00010786811
  -56.88146, -0.00017577, -0.00010755144
  -56.88146, -2.3436e-05, -0.00010755144
  -56.85564, -0.000140616, -0.00010712852
  -56.84273, -0.000101556, -0.00010691677
  -56.836275, -0.000148428, -0.00010681081
  -56.82982, -2.3436e-05, -0.00010670481
  -56.82982, -0.00011718, -0.00010670481
  -56.823365, -0.000183582, -0.00010659876
  -56.823365, -0.000113274, -0.00010659876
  -56.823365, -8.2026e-05, -0.00010659876
  -56.784635, -0.000210924, -0.00010596139
  -56.77818, -0.00015624, -0.00010585499
  -56.77818, -0.000160146, -0.00010585499
  -56.76527, -0.000124992, -0.00010564203
  -56.758815, -8.2026e-05, -0.00010553548
  -56.758815, -3.5154e-05, -0.00010553548
  -56.745905, -0.000124992, -0.00010532223
  -56.71363, -0.000124992, -0.00010478821
  -56.707175, -0.000171864, -0.00010468125
  -56.70072, -0.000148428, -0.00010457425
  -56.70072, -0.000152334, -0.00010457425
  -56.68781, -0.000113274, -0.00010436009
  -56.68781, -8.9838e-05, -0.00010436009
  -56.68781, -8.2026e-05, -0.00010436009
  -56.681355, -3.1248e-05, -0.00010425293
  -56.681355, -1.953e-05, -0.00010425293
  -56.66199, -5.4684e-05, -0.00010393116
  -56.655535, -0.000152334, -0.0001038238
  -56.64908, -9.3744e-05, -0.00010371639
  -56.64908, -7.812e-05, -0.00010371639
  -56.62326, -1.953e-05, -0.00010328624
  -56.62326, -4.6872e-05, -0.00010328624
  -56.616805, -0.000124992, -0.00010317858
  -56.616805, -0.000132804, -0.00010317858
  -56.61035, 3.906e-06, -0.00010307087
  -56.61035, -0.000191394, -0.00010307087
  -56.59744, -0.00015624, -0.00010285529
  -56.590985, -0.000109368, -0.00010274742
  -56.590985, -0.000210924, -0.00010274742
  -56.590985, -0.0001953, -0.00010274742
  -56.578075, -0.000152334, -0.00010253154
  -56.57162, -9.765e-05, -0.00010242352
  -56.55871, -0.000140616, -0.00010220732
  -56.552255, -0.000124992, -0.00010209915
  -56.539345, -0.00011718, -0.00010188265
  -56.53289, -0.000101556, -0.00010177433
  -56.53289, -0.000101556, -0.00010177433
  -56.53289, -0.000128898, -0.00010177433
  -56.526435, -0.000183582, -0.00010166595
  -56.526435, -0.0001953, -0.00010166595
  -56.526435, -0.000121086, -0.00010166595
  -56.526435, -8.2026e-05, -0.00010166595
  -56.526435, -0.000128898, -0.00010166595
  -56.526435, -0.000191394, -0.00010166595
  -56.526435, -8.2026e-05, -0.00010166595
  -56.51998, -7.4214e-05, -0.00010155752
  -56.51998, -0.000179676, -0.00010155752
  -56.51998, -0.000132804, -0.00010155752
  -56.51998, -0.000144522, -0.00010155752
  -56.51998, -0.000132804, -0.00010155752
  -56.513525, -3.1248e-05, -0.00010144904
  -56.513525, -0.000167958, -0.00010144904
  -56.513525, -0.000144522, -0.00010144904
  -56.513525, -0.000121086, -0.00010144904
  -56.513525, -2.3436e-05, -0.00010144904
  -56.513525, -0.000105462, -0.00010144904
  -56.513525, -1.1718e-05, -0.00010144904
  -56.513525, -0.000179676, -0.00010144904
  -56.513525, -0.00017577, -0.00010144904
  -56.50707, -0.000144522, -0.00010134051
  -56.50707, -6.6402e-05, -0.00010134051
  -56.50707, -6.2496e-05, -0.00010134051
  -56.50707, -6.2496e-05, -0.00010134051
  -56.50707, -0.000160146, -0.00010134051
  -56.50707, -3.1248e-05, -0.00010134051
  -56.50707, -0.00013671, -0.00010134051
  -56.500615, -0.000160146, -0.00010123193
  -56.500615, -3.5154e-05, -0.00010123193
  -56.500615, -0.000121086, -0.00010123193
  -56.500615, 3.906e-06, -0.00010123193
  -56.500615, -8.5932e-05, -0.00010123193
  -56.500615, -0.000171864, -0.00010123193
  -56.500615, -3.906e-05, -0.00010123193
  -56.500615, -6.2496e-05, -0.00010123193
  -56.49416, -1.5624e-05, -0.00010112329
  -56.49416, -0.000109368, -0.00010112329
  -56.49416, -8.9838e-05, -0.00010112329
  -56.49416, -0.000101556, -0.00010112329
  -56.49416, 3.906e-06, -0.00010112329
  -56.49416, -3.5154e-05, -0.00010112329
  -56.49416, -0.000101556, -0.00010112329
  -56.49416, -9.3744e-05, -0.00010112329
  -56.49416, -0.000164052, -0.00010112329
  -56.49416, -1.953e-05, -0.00010112329
  -56.49416, -9.3744e-05, -0.00010112329
  -56.49416, -4.2966e-05, -0.00010112329
  -56.487705, -0.000113274, -0.00010101461
  -56.487705, -0.000121086, -0.00010101461
  -56.487705, -0.000121086, -0.00010101461
  -56.487705, -0.000144522, -0.00010101461
  -56.487705, -0.000124992, -0.00010101461
  -56.48125, -5.0778e-05, -0.00010090587
  -56.48125, -0.000148428, -0.00010090587
  -56.48125, -7.4214e-05, -0.00010090587
  -56.48125, -6.6402e-05, -0.00010090587
  -56.48125, -0.000101556, -0.00010090587
  -56.48125, -0.000152334, -0.00010090587
  -56.474795, -5.0778e-05, -0.00010079708
  -56.474795, 4.6872e-05, -0.00010079708
  -56.474795, -0.000152334, -0.00010079708
  -56.46834, -3.5154e-05, -0.00010068824
  -56.46834, 5.0778e-05, -0.00010068824
  -56.46834, -0.000167958, -0.00010068824
  -56.461885, -0.000152334, -0.00010057935
  -56.461885, -7.812e-05, -0.00010057935
  -56.461885, -5.859e-05, -0.00010057935
  -56.45543, -0.00015624, -0.00010047041
  -56.45543, -8.2026e-05, -0.00010047041
  -56.45543, -0.00013671, -0.00010047041
  -56.45543, -7.4214e-05, -0.00010047041
  -56.448975, -0.00015624, -0.00010036141
  -56.423155, -0.000246078, -9.9924917e-05
  -56.410245, -0.000160146, -9.9706358e-05
  -56.410245, -0.00011718, -9.9706358e-05
  -56.39088, -0.00013671, -9.9378132e-05
  -56.384425, -0.000140616, -9.926862e-05
  -56.37797, -0.00015624, -9.9159055e-05
  -56.358605, -0.000191394, -9.883005e-05
  -56.35215, -0.00021483, -9.8720277e-05
  -56.306965, -7.4214e-05, -9.7950408e-05
  -56.306965, -0.000121086, -9.7950408e-05
  -56.306965, -0.000124992, -9.7950408e-05
  -56.281145, -7.812e-05, -9.7509332e-05
  -56.27469, -8.5932e-05, -9.7398932e-05
  -56.268235, -8.5932e-05, -9.7288479e-05
  -56.268235, -0.000113274, -9.7288479e-05
  -56.268235, -6.6402e-05, -9.7288479e-05
  -56.23596, -0.000132804, -9.6735427e-05
  -56.22305, -3.1248e-05, -9.6513838e-05
  -56.216595, -0.000124992, -9.6402964e-05
  -56.21014, -0.000164052, -9.6292037e-05
  -56.203685, -7.4214e-05, -9.6181058e-05
  -56.19723, -9.3744e-05, -9.6070026e-05
  -56.18432, -0.000152334, -9.5847803e-05
  -56.1585, 2.3436e-05, -9.5402721e-05
  -56.1585, -0.000164052, -9.5402721e-05
  -56.152045, -0.000128898, -9.5291318e-05
  -56.14559, -9.765e-05, -9.5179861e-05
  -56.14559, -0.00011718, -9.5179861e-05
  -56.139135, -3.1248e-05, -9.5068352e-05
  -56.126225, -0.000105462, -9.4845174e-05
  -56.126225, -3.1248e-05, -9.4845174e-05
  -56.11977, -0.000101556, -9.4733505e-05
  -56.113315, -0.000105462, -9.4621782e-05
  -56.087495, -0.000121086, -9.417436e-05
  -56.08104, -0.000171864, -9.4062371e-05
  -56.06813, -0.000113274, -9.3838232e-05
  -56.06813, -0.000132804, -9.3838232e-05
  -56.061675, -0.000164052, -9.3726082e-05
  -56.05522, -0.000124992, -9.3613879e-05
  -56.048765, -7.0308e-05, -9.3501622e-05
  -56.048765, -0.00011718, -9.3501622e-05
  -56.048765, -0.000144522, -9.3501622e-05
  -56.035855, -0.000164052, -9.3276948e-05
  -56.022945, -0.000121086, -9.3052058e-05
  -56.00358, -0.000167958, -9.2714321e-05
  -56.00358, -8.2026e-05, -9.2714321e-05
  -55.997125, -0.000101556, -9.2601634e-05
  -55.984215, -0.000144522, -9.2376099e-05
  -55.984215, -6.2496e-05, -9.2376099e-05
  -55.984215, -0.000148428, -9.2376099e-05
  -55.97776, -0.000132804, -9.2263251e-05
  -55.97776, -9.765e-05, -9.2263251e-05
  -55.97776, -5.4684e-05, -9.2263251e-05
  -55.97776, -7.812e-05, -9.2263251e-05
  -55.97776, -0.000121086, -9.2263251e-05
  -55.971305, -0.0001953, -9.2150348e-05
  -55.96485, 7.812e-06, -9.2037392e-05
  -55.958395, -3.5154e-05, -9.1924381e-05
  -55.958395, -3.1248e-05, -9.1924381e-05
  -55.958395, -0.00011718, -9.1924381e-05
  -55.95194, -0.000132804, -9.1811316e-05
  -55.945485, -7.4214e-05, -9.1698197e-05
  -55.93903, -3.1248e-05, -9.1585024e-05
  -55.93903, -0.000109368, -9.1585024e-05
  -55.932575, -0.000121086, -9.1471797e-05
  -55.932575, -0.000140616, -9.1471797e-05
  -55.932575, -0.000121086, -9.1471797e-05
  -55.92612, -0.000183582, -9.1358516e-05
  -55.92612, -0.000152334, -9.1358516e-05
  -55.92612, 2.7342e-05, -9.1358516e-05
  -55.92612, -3.1248e-05, -9.1358516e-05
  -55.92612, -3.5154e-05, -9.1358516e-05
  -55.92612, -7.0308e-05, -9.1358516e-05
  -55.92612, -6.6402e-05, -9.1358516e-05
  -55.92612, 3.1248e-05, -9.1358516e-05
  -55.919665, -7.812e-05, -9.124518e-05
  -55.919665, 3.5154e-05, -9.124518e-05
  -55.919665, -3.1248e-05, -9.124518e-05
  -55.919665, -0.000171864, -9.124518e-05
  -55.91321, -7.812e-05, -9.113179e-05
  -55.91321, -3.1248e-05, -9.113179e-05
  -55.91321, -8.2026e-05, -9.113179e-05
  -55.91321, 0, -9.113179e-05
  -55.91321, -0.000113274, -9.113179e-05
  -55.91321, -2.7342e-05, -9.113179e-05
  -55.91321, -0.000121086, -9.113179e-05
  -55.91321, 7.812e-06, -9.113179e-05
  -55.91321, -9.3744e-05, -9.113179e-05
  -55.91321, -0.000109368, -9.113179e-05
  -55.91321, -2.7342e-05, -9.113179e-05
  -55.91321, -0.000191394, -9.113179e-05
  -55.906755, -7.4214e-05, -9.1018346e-05
  -55.906755, -0.000105462, -9.1018346e-05
  -55.906755, -0.00017577, -9.1018346e-05
  -55.906755, -0.000152334, -9.1018346e-05
  -55.906755, -0.000105462, -9.1018346e-05
  -55.906755, -6.6402e-05, -9.1018346e-05
  -55.906755, -6.2496e-05, -9.1018346e-05
  -55.906755, -8.2026e-05, -9.1018346e-05
  -55.906755, -0.000113274, -9.1018346e-05
  -55.906755, -7.812e-05, -9.1018346e-05
  -55.9003, -3.5154e-05, -9.0904847e-05
  -55.9003, -8.9838e-05, -9.0904847e-05
  -55.9003, 3.906e-06, -9.0904847e-05
  -55.9003, -0.000148428, -9.0904847e-05
  -55.9003, -7.812e-06, -9.0904847e-05
  -55.9003, -5.4684e-05, -9.0904847e-05
  -55.893845, -2.7342e-05, -9.0791294e-05
  -55.88739, -9.3744e-05, -9.0677687e-05
  -55.88739, 2.3436e-05, -9.0677687e-05
  -55.88739, -0.000152334, -9.0677687e-05
  -55.88739, 4.2966e-05, -9.0677687e-05
  -55.88739, -0.000183582, -9.0677687e-05
  -55.88739, -6.6402e-05, -9.0677687e-05
  -55.88739, -0.000140616, -9.0677687e-05
  -55.88739, -5.4684e-05, -9.0677687e-05
  -55.880935, -0.000109368, -9.0564025e-05
  -55.880935, -8.2026e-05, -9.0564025e-05
  -55.880935, -8.2026e-05, -9.0564025e-05
  -55.880935, 0, -9.0564025e-05
  -55.880935, -6.2496e-05, -9.0564025e-05
  -55.880935, 6.2496e-05, -9.0564025e-05
  -55.880935, -0.00013671, -9.0564025e-05
  -55.87448, -7.812e-05, -9.0450309e-05
  -55.87448, 2.7342e-05, -9.0450309e-05
  -55.87448, -4.6872e-05, -9.0450309e-05
  -55.87448, -0.000121086, -9.0450309e-05
  -55.87448, -7.812e-06, -9.0450309e-05
  -55.87448, -0.000128898, -9.0450309e-05
  -55.87448, -0.000113274, -9.0450309e-05
  -55.87448, -0.000203112, -9.0450309e-05
  -55.87448, -7.0308e-05, -9.0450309e-05
  -55.87448, -5.859e-05, -9.0450309e-05
  -55.868025, 7.812e-06, -9.0336538e-05
  -55.868025, -7.812e-06, -9.0336538e-05
  -55.868025, -0.00013671, -9.0336538e-05
  -55.868025, -0.000132804, -9.0336538e-05
  -55.868025, -0.000113274, -9.0336538e-05
  -55.868025, -7.0308e-05, -9.0336538e-05
  -55.86157, -0.00011718, -9.0222712e-05
  -55.86157, -8.2026e-05, -9.0222712e-05
  -55.86157, -9.3744e-05, -9.0222712e-05
  -55.86157, -0.00013671, -9.0222712e-05
  -55.86157, -0.000183582, -9.0222712e-05
  -55.86157, -9.3744e-05, -9.0222712e-05
  -55.86157, -0.000203112, -9.0222712e-05
  -55.86157, -0.000160146, -9.0222712e-05
  -55.86157, -0.000152334, -9.0222712e-05
  -55.86157, -0.000179676, -9.0222712e-05
  -55.86157, -7.4214e-05, -9.0222712e-05
  -55.855115, -1.1718e-05, -9.0108832e-05
  -55.855115, -9.3744e-05, -9.0108832e-05
  -55.855115, -0.000109368, -9.0108832e-05
  -55.855115, -0.000109368, -9.0108832e-05
  -55.855115, -8.2026e-05, -9.0108832e-05
  -55.855115, 8.9838e-05, -9.0108832e-05
  -55.84866, -0.000191394, -8.9994898e-05
  -55.84866, -8.2026e-05, -8.9994898e-05
  -55.842205, -0.000105462, -8.9880908e-05
  -55.842205, -0.000132804, -8.9880908e-05
  -55.842205, -1.5624e-05, -8.9880908e-05
  -55.842205, -0.000152334, -8.9880908e-05
  -55.842205, -2.3436e-05, -8.9880908e-05
  -55.83575, -0.000105462, -8.9766865e-05
  -55.829295, -0.000109368, -8.9652766e-05
  -55.80993, -0.000144522, -8.9310141e-05
  -55.79702, -0.000164052, -8.908145e-05
  -55.7712, -2.7342e-05, -8.862341e-05
  -55.75829, -8.9838e-05, -8.8394059e-05
  -55.751835, -8.9838e-05, -8.8279301e-05
  -55.74538, -0.00011718, -8.8164488e-05
  -55.738925, -7.812e-05, -8.804962e-05
  -55.70665, -0.000121086, -8.747445e-05
  -55.700195, -0.000113274, -8.735925e-05
  -55.68083, -5.4684e-05, -8.7013317e-05
  -55.66792, -5.4684e-05, -8.6782418e-05
  -55.661465, -0.000148428, -8.6666885e-05
  -55.65501, -0.000148428, -8.6551296e-05
  -55.65501, 3.906e-06, -8.6551296e-05
  -55.65501, -0.000101556, -8.6551296e-05
  -55.65501, -0.00013671, -8.6551296e-05
  -55.648555, -7.812e-05, -8.6435652e-05
  -55.648555, -4.6872e-05, -8.6435652e-05
  -55.648555, -6.2496e-05, -8.6435652e-05
  -55.648555, -3.1248e-05, -8.6435652e-05
  -55.648555, -7.0308e-05, -8.6435652e-05
  -55.648555, -0.000128898, -8.6435652e-05
  -55.648555, -3.5154e-05, -8.6435652e-05
  -55.6421, -1.953e-05, -8.6319952e-05
  -55.6421, -0.000124992, -8.6319952e-05
  -55.6421, -0.000160146, -8.6319952e-05
  -55.6421, -0.000183582, -8.6319952e-05
  -55.6421, -0.000164052, -8.6319952e-05
  -55.6421, -8.5932e-05, -8.6319952e-05
  -55.6421, -2.7342e-05, -8.6319952e-05
  -55.6421, -8.2026e-05, -8.6319952e-05
  -55.6421, -4.6872e-05, -8.6319952e-05
  -55.6421, -0.000191394, -8.6319952e-05
  -55.635645, -6.2496e-05, -8.6204196e-05
  -55.635645, -5.4684e-05, -8.6204196e-05
  -55.635645, -9.3744e-05, -8.6204196e-05
  -55.635645, -4.2966e-05, -8.6204196e-05
  -55.635645, 0, -8.6204196e-05
  -55.635645, -0.000191394, -8.6204196e-05
  -55.635645, -3.906e-06, -8.6204196e-05
  -55.635645, -5.0778e-05, -8.6204196e-05
  -55.635645, -0.000124992, -8.6204196e-05
  -55.62919, -5.859e-05, -8.6088385e-05
  -55.62919, -9.765e-05, -8.6088385e-05
  -55.62919, -0.00015624, -8.6088385e-05
  -55.62919, -0.000199206, -8.6088385e-05
  -55.62919, -0.000152334, -8.6088385e-05
  -55.62919, 4.2966e-05, -8.6088385e-05
  -55.62919, -0.000226548, -8.6088385e-05
  -55.62919, -0.000160146, -8.6088385e-05
  -55.62919, -9.765e-05, -8.6088385e-05
  -55.62919, -8.5932e-05, -8.6088385e-05
  -55.622735, -0.000152334, -8.5972517e-05
  -55.622735, -8.2026e-05, -8.5972517e-05
  -55.622735, -0.000109368, -8.5972517e-05
  -55.622735, -0.00013671, -8.5972517e-05
  -55.622735, -0.000140616, -8.5972517e-05
  -55.622735, -6.6402e-05, -8.5972517e-05
  -55.622735, -0.000101556, -8.5972517e-05
  -55.622735, -0.000160146, -8.5972517e-05
  -55.61628, -5.4684e-05, -8.5856594e-05
  -55.61628, -0.00013671, -8.5856594e-05
  -55.61628, -0.000105462, -8.5856594e-05
  -55.61628, -5.859e-05, -8.5856594e-05
  -55.61628, -0.00011718, -8.5856594e-05
  -55.61628, -1.953e-05, -8.5856594e-05
  -55.61628, -5.4684e-05, -8.5856594e-05
  -55.61628, -0.000113274, -8.5856594e-05
  -55.61628, -0.000105462, -8.5856594e-05
  -55.61628, -0.00015624, -8.5856594e-05
  -55.61628, -0.000167958, -8.5856594e-05
  -55.61628, -0.00013671, -8.5856594e-05
  -55.609825, -5.0778e-05, -8.5740615e-05
  -55.609825, -0.00015624, -8.5740615e-05
  -55.609825, -0.000101556, -8.5740615e-05
  -55.609825, -0.000121086, -8.5740615e-05
  -55.609825, -7.812e-05, -8.5740615e-05
  -55.609825, -6.2496e-05, -8.5740615e-05
  -55.609825, -2.3436e-05, -8.5740615e-05
  -55.609825, -0.00011718, -8.5740615e-05
  -55.609825, -3.906e-06, -8.5740615e-05
  -55.609825, 3.906e-06, -8.5740615e-05
  -55.609825, -6.6402e-05, -8.5740615e-05
  -55.60337, -2.7342e-05, -8.562458e-05
  -55.60337, -0.000187488, -8.562458e-05
  -55.60337, -0.000164052, -8.562458e-05
  -55.60337, -0.000167958, -8.562458e-05
  -55.60337, -0.000113274, -8.562458e-05
  -55.60337, -8.5932e-05, -8.562458e-05
  -55.60337, -0.000167958, -8.562458e-05
  -55.60337, -8.2026e-05, -8.562458e-05
  -55.596915, -0.000167958, -8.550849e-05
  -55.596915, 7.812e-06, -8.550849e-05
  -55.596915, -8.9838e-05, -8.550849e-05
  -55.596915, -0.000113274, -8.550849e-05
  -55.596915, -7.0308e-05, -8.550849e-05
  -55.596915, -0.00011718, -8.550849e-05
  -55.59046, -0.000140616, -8.5392343e-05
  -55.59046, -0.00013671, -8.5392343e-05
  -55.59046, -4.2966e-05, -8.5392343e-05
  -55.59046, -8.9838e-05, -8.5392343e-05
  -55.59046, -0.00015624, -8.5392343e-05
  -55.59046, -0.00013671, -8.5392343e-05
  -55.59046, -0.00017577, -8.5392343e-05
  -55.59046, -0.000167958, -8.5392343e-05
  -55.59046, -2.7342e-05, -8.5392343e-05
  -55.584005, -7.812e-06, -8.527614e-05
  -55.584005, -7.812e-05, -8.527614e-05
  -55.584005, -8.9838e-05, -8.527614e-05
  -55.584005, -7.0308e-05, -8.527614e-05
  -55.584005, 5.859e-05, -8.527614e-05
  -55.584005, -3.906e-06, -8.527614e-05
  -55.57755, -1.5624e-05, -8.5159881e-05
  -55.57755, 4.2966e-05, -8.5159881e-05
  -55.571095, -3.5154e-05, -8.5043566e-05
  -55.571095, -7.812e-05, -8.5043566e-05
  -55.571095, -8.9838e-05, -8.5043566e-05
  -55.56464, 4.2966e-05, -8.4927196e-05
  -55.558185, -0.000113274, -8.4810769e-05
  -55.55173, -7.0308e-05, -8.4694285e-05
  -55.55173, -9.3744e-05, -8.4694285e-05
  -55.55173, -8.2026e-05, -8.4694285e-05
  -55.55173, -3.906e-05, -8.4694285e-05
  -55.545275, -0.000105462, -8.4577746e-05
  -55.53882, -6.6402e-05, -8.446115e-05
  -55.532365, -7.812e-05, -8.4344498e-05
  -55.532365, -0.000144522, -8.4344498e-05
  -55.52591, -3.906e-06, -8.422779e-05
  -55.519455, -7.812e-05, -8.4111026e-05
  -55.519455, -0.000140616, -8.4111026e-05
  -55.513, -5.0778e-05, -8.3994205e-05
  -55.506545, -0.00015624, -8.3877327e-05
  -55.493635, -3.906e-05, -8.3643404e-05
  -55.493635, -0.00017577, -8.3643404e-05
  -55.493635, -0.000167958, -8.3643404e-05
  -55.493635, -0.000105462, -8.3643404e-05
  -55.47427, -7.4214e-05, -8.3292094e-05
  -55.47427, 1.1718e-05, -8.3292094e-05
  -55.47427, -1.1718e-05, -8.3292094e-05
  -55.467815, -8.2026e-05, -8.3174877e-05
  -55.467815, -7.4214e-05, -8.3174877e-05
  -55.46136, -0.000183582, -8.3057604e-05
  -55.46136, -5.4684e-05, -8.3057604e-05
  -55.46136, -5.859e-05, -8.3057604e-05
  -55.454905, -0.000109368, -8.2940275e-05
  -55.454905, -0.000171864, -8.2940275e-05
  -55.454905, -7.4214e-05, -8.2940275e-05
  -55.441995, -0.000105462, -8.2705445e-05
  -55.43554, 5.0778e-05, -8.2587945e-05
  -55.43554, 7.812e-06, -8.2587945e-05
  -55.42263, -0.000171864, -8.2352775e-05
  -55.42263, -2.7342e-05, -8.2352775e-05
  -55.40972, -0.000179676, -8.2117377e-05
  -55.39681, 6.6402e-05, -8.1881751e-05
  -55.39681, -0.00017577, -8.1881751e-05
  -55.390355, -7.4214e-05, -8.1763853e-05
  -55.37099, -3.5154e-05, -8.1409815e-05
  -55.364535, -0.000113274, -8.1291688e-05
  -55.35808, -0.00013671, -8.1173505e-05
  -55.35808, -0.000113274, -8.1173505e-05
  -55.351625, -7.812e-05, -8.1055263e-05
  -55.34517, -5.859e-05, -8.0936965e-05
  -55.33226, -0.000144522, -8.0700196e-05
  -55.325805, -5.0778e-05, -8.0581726e-05
  -55.30644, -7.812e-05, -8.022597e-05
  -55.299985, 1.953e-05, -8.010727e-05
  -55.29353, 1.953e-05, -7.9988512e-05
  -55.29353, -8.2026e-05, -7.9988512e-05
  -55.274165, -1.1718e-05, -7.9631893e-05
  -55.274165, -4.6872e-05, -7.9631893e-05
  -55.261255, -8.9838e-05, -7.9393859e-05
  -55.2548, -0.000144522, -7.9274755e-05
  -55.2548, -0.000140616, -7.9274755e-05
  -55.24189, -5.4684e-05, -7.9036375e-05
  -55.22898, -2.7342e-05, -7.8797762e-05
  -55.22898, -3.906e-06, -7.8797762e-05
  -55.222525, -0.00011718, -7.867837e-05
  -55.209615, -0.00013671, -7.843941e-05
  -55.209615, 5.4684e-05, -7.843941e-05
  -55.196705, -3.5154e-05, -7.8200218e-05
  -55.196705, 2.7342e-05, -7.8200218e-05
  -55.17734, -0.000144522, -7.7840994e-05
  -55.170885, -3.5154e-05, -7.7721137e-05
  -55.170885, -6.6402e-05, -7.7721137e-05
  -55.145065, -0.00015624, -7.7241124e-05
  -55.145065, -9.765e-05, -7.7241124e-05
  -55.132155, -0.000144522, -7.7000768e-05
  -55.11279, -0.000179676, -7.6639794e-05
  -55.11279, -3.1248e-05, -7.6639794e-05
  -55.11279, -0.000101556, -7.6639794e-05
  -55.106335, -8.2026e-05, -7.6519353e-05
  -55.106335, -3.906e-06, -7.6519353e-05
  -55.080515, -8.9838e-05, -7.6037001e-05
  -55.067605, -6.6402e-05, -7.5795473e-05
  -55.06115, -6.6402e-05, -7.5674621e-05
  -55.041785, -0.000171864, -7.5311711e-05
  -55.041785, -0.000167958, -7.5311711e-05
  -55.03533, -9.3744e-05, -7.5190623e-05
  -55.028875, -0.000152334, -7.5069476e-05
  -55.015965, -8.9838e-05, -7.4827005e-05
  -55.00951, -0.00011718, -7.4705681e-05
  -55.003055, -8.9838e-05, -7.4584298e-05
  -54.9966, -1.953e-05, -7.4462856e-05
  -54.9966, -1.1718e-05, -7.4462856e-05
  -54.977235, -0.000128898, -7.4098174e-05
  -54.97078, -0.000179676, -7.3976495e-05
  -54.97078, -1.5624e-05, -7.3976495e-05
  -54.964325, 0.000132804, -7.3854757e-05
  -54.964325, -0.000124992, -7.3854757e-05
  -54.964325, -4.2966e-05, -7.3854757e-05
  -54.95787, -0.000164052, -7.3732959e-05
  -54.951415, -1.1718e-05, -7.3611102e-05
  -54.951415, -3.1248e-05, -7.3611102e-05
  -54.938505, -4.6872e-05, -7.3367209e-05
  -54.938505, -6.2496e-05, -7.3367209e-05
  -54.938505, -9.3744e-05, -7.3367209e-05
  -54.938505, -6.6402e-05, -7.3367209e-05
  -54.93205, -6.6402e-05, -7.3245173e-05
  -54.925595, -6.6402e-05, -7.3123078e-05
  -54.91914, -2.3436e-05, -7.3000923e-05
  -54.91914, -0.000121086, -7.3000923e-05
  -54.912685, -7.4214e-05, -7.2878709e-05
  -54.912685, -1.5624e-05, -7.2878709e-05
  -54.912685, -0.000179676, -7.2878709e-05
  -54.90623, -0.000109368, -7.2756435e-05
  -54.899775, -9.765e-05, -7.2634101e-05
  -54.886865, -0.000148428, -7.2389255e-05
  -54.88041, -5.4684e-05, -7.2266742e-05
  -54.88041, -0.000124992, -7.2266742e-05
  -54.88041, -7.0308e-05, -7.2266742e-05
  -54.873955, -5.859e-05, -7.2144169e-05
  -54.873955, -8.9838e-05, -7.2144169e-05
  -54.8675, 6.2496e-05, -7.2021536e-05
  -54.8675, 3.906e-06, -7.2021536e-05
  -54.8675, -0.000113274, -7.2021536e-05
  -54.861045, -9.765e-05, -7.1898844e-05
  -54.861045, -1.953e-05, -7.1898844e-05
  -54.85459, 1.953e-05, -7.1776091e-05
  -54.85459, 7.812e-06, -7.1776091e-05
  -54.848135, -3.906e-05, -7.1653279e-05
  -54.848135, -7.4214e-05, -7.1653279e-05
  -54.848135, -3.1248e-05, -7.1653279e-05
  -54.848135, -6.6402e-05, -7.1653279e-05
  -54.848135, -0.000113274, -7.1653279e-05
  -54.848135, -2.3436e-05, -7.1653279e-05
  -54.84168, -7.812e-05, -7.1530406e-05
  -54.84168, 6.6402e-05, -7.1530406e-05
  -54.84168, -7.812e-06, -7.1530406e-05
  -54.835225, -0.00015624, -7.1407474e-05
  -54.835225, 3.906e-05, -7.1407474e-05
  -54.835225, -3.5154e-05, -7.1407474e-05
  -54.835225, -3.906e-06, -7.1407474e-05
  -54.82877, -0.00011718, -7.1284481e-05
  -54.82877, -0.000140616, -7.1284481e-05
  -54.82877, -6.6402e-05, -7.1284481e-05
  -54.822315, -1.5624e-05, -7.1161428e-05
  -54.81586, -6.6402e-05, -7.1038315e-05
  -54.809405, -0.000101556, -7.0915142e-05
  -54.80295, -3.1248e-05, -7.0791909e-05
  -54.80295, -0.000148428, -7.0791909e-05
  -54.796495, -8.9838e-05, -7.0668615e-05
  -54.79004, -0.000113274, -7.0545261e-05
  -54.79004, -0.000109368, -7.0545261e-05
  -54.79004, -9.3744e-05, -7.0545261e-05
  -54.783585, -4.2966e-05, -7.0421847e-05
  -54.783585, 2.3436e-05, -7.0421847e-05
  -54.783585, 3.906e-05, -7.0421847e-05
  -54.783585, -0.00011718, -7.0421847e-05
  -54.783585, -4.6872e-05, -7.0421847e-05
  -54.783585, 5.0778e-05, -7.0421847e-05
  -54.783585, -5.859e-05, -7.0421847e-05
  -54.783585, 3.906e-05, -7.0421847e-05
  -54.77713, -0.000113274, -7.0298373e-05
  -54.77713, -0.000132804, -7.0298373e-05
  -54.77713, -0.000152334, -7.0298373e-05
  -54.77713, -0.000160146, -7.0298373e-05
  -54.77713, -7.812e-05, -7.0298373e-05
  -54.77713, -1.953e-05, -7.0298373e-05
  -54.77713, -0.000226548, -7.0298373e-05
  -54.77713, -9.3744e-05, -7.0298373e-05
  -54.77713, -0.000191394, -7.0298373e-05
  -54.770675, -2.7342e-05, -7.0174838e-05
  -54.770675, -0.000128898, -7.0174838e-05
  -54.770675, 2.3436e-05, -7.0174838e-05
  -54.770675, -4.2966e-05, -7.0174838e-05
  -54.76422, 1.1718e-05, -7.0051242e-05
  -54.76422, 2.3436e-05, -7.0051242e-05
  -54.76422, -0.000179676, -7.0051242e-05
  -54.76422, -3.906e-05, -7.0051242e-05
  -54.757765, -0.000124992, -6.9927586e-05
  -54.757765, -0.000113274, -6.9927586e-05
  -54.75131, -0.000101556, -6.980387e-05
  -54.75131, -6.2496e-05, -6.980387e-05
  -54.75131, -4.6872e-05, -6.980387e-05
  -54.75131, -0.000164052, -6.980387e-05
  -54.75131, -1.1718e-05, -6.980387e-05
  -54.744855, -8.9838e-05, -6.9680093e-05
  -54.744855, -0.000101556, -6.9680093e-05
  -54.7384, 0.000101556, -6.9556255e-05
  -54.731945, -5.4684e-05, -6.9432357e-05
  -54.719035, -0.00017577, -6.9184379e-05
  -54.71258, -0.000132804, -6.9060299e-05
  -54.71258, -8.2026e-05, -6.9060299e-05
  -54.71258, -9.765e-05, -6.9060299e-05
  -54.69967, -8.5932e-05, -6.8811956e-05
  -54.67385, 0, -6.831454e-05
  -54.67385, -5.4684e-05, -6.831454e-05
  -54.654485, -0.000167958, -6.7940837e-05
  -54.64803, -6.6402e-05, -6.7816148e-05
  -54.641575, -8.2026e-05, -6.7691397e-05
  -54.628665, -0.0001953, -6.7441712e-05
  -54.628665, 0.000105462, -6.7441712e-05
  -54.62221, -0.000105462, -6.7316778e-05
  -54.602845, -4.2966e-05, -6.6941607e-05
  -54.57057, -0.000109368, -6.6315094e-05
  -54.564115, -7.812e-05, -6.6189607e-05
  -54.551205, -0.000121086, -6.5938448e-05
  -54.538295, -5.859e-05, -6.5687042e-05
  -54.51893, -2.3436e-05, -6.530947e-05
  -54.50602, -6.2496e-05, -6.5057446e-05
  -54.499565, -3.906e-05, -6.4931341e-05
  -54.49311, -1.5624e-05, -6.4805174e-05
  -54.473745, -4.2966e-05, -6.4426301e-05
  -54.447925, -2.3436e-05, -6.3920267e-05
  -54.44147, -0.000128898, -6.3793603e-05
  -54.44147, -9.765e-05, -6.3793603e-05
  -54.42856, -9.765e-05, -6.3540088e-05
  -54.422105, -0.000101556, -6.3413237e-05
  -54.40274, 4.6872e-05, -6.3032309e-05
  -54.396285, 4.6872e-05, -6.2905207e-05
  -54.383375, -2.7342e-05, -6.2650818e-05
  -54.37692, -2.7342e-05, -6.2523529e-05
  -54.3511, -5.859e-05, -6.2013746e-05
  -54.344645, -0.000105462, -6.1886143e-05
  -54.344645, -1.953e-05, -6.1886143e-05
  -54.33819, -0.000140616, -6.1758478e-05
  -54.33819, 3.906e-06, -6.1758478e-05
  -54.318825, -9.3744e-05, -6.1375104e-05
  -54.305915, 0.000101556, -6.1119206e-05
  -54.305915, -7.812e-05, -6.1119206e-05
  -54.29946, 8.5932e-05, -6.0991162e-05
  -54.29946, -0.000101556, -6.0991162e-05
  -54.280095, -7.812e-05, -6.0606652e-05
  -54.254275, -1.5624e-05, -6.0093087e-05
  -54.24782, -7.812e-05, -5.9964538e-05
  -54.241365, -6.2496e-05, -5.9835924e-05
  -54.222, 0.000105462, -5.9449704e-05
  -54.215545, -0.000101556, -5.9320837e-05
  -54.215545, 3.1248e-05, -5.9320837e-05
  -54.215545, -2.7342e-05, -5.9320837e-05
  -54.202635, -5.859e-05, -5.9062911e-05
  -54.202635, 0.000109368, -5.9062911e-05
  -54.202635, -1.1718e-05, -5.9062911e-05
  -54.19618, -1.953e-05, -5.8933853e-05
  -54.19618, 2.3436e-05, -5.8933853e-05
  -54.189725, -1.1718e-05, -5.8804731e-05
  -54.18327, -7.812e-05, -5.8675545e-05
  -54.176815, -7.812e-05, -5.8546296e-05
  -54.17036, -3.906e-06, -5.8416982e-05
  -54.163905, 6.2496e-05, -5.8287605e-05
  -54.150995, -0.000160146, -5.8028659e-05
  -54.138085, -0.000222642, -5.7769456e-05
  -54.138085, -0.000164052, -5.7769456e-05
  -54.11872, -0.000113274, -5.7380172e-05
  -54.10581, -7.4214e-05, -5.7120328e-05
  -54.099355, -3.1248e-05, -5.699031e-05
  -54.086445, -6.2496e-05, -5.673008e-05
  -54.07999, -0.000128898, -5.6599869e-05
  -54.06708, -0.000124992, -5.6339253e-05
  -54.05417, -7.4214e-05, -5.6078379e-05
  -54.04126, -7.812e-05, -5.5817246e-05
  -54.04126, -8.2026e-05, -5.5817246e-05
  -54.034805, -0.000124992, -5.5686583e-05
  -54.034805, -5.0778e-05, -5.5686583e-05
  -54.02835, -6.6402e-05, -5.5555855e-05
  -54.01544, -4.2966e-05, -5.5294205e-05
  -54.008985, -0.000160146, -5.5163283e-05
  -54.00253, -0.000113274, -5.5032296e-05
  -54.00253, -7.4214e-05, -5.5032296e-05
  -53.996075, -7.4214e-05, -5.4901244e-05
  -53.98962, -0.000113274, -5.4770128e-05
  -53.98962, -2.7342e-05, -5.4770128e-05
  -53.983165, -0.000121086, -5.4638946e-05
  -53.970255, -6.6402e-05, -5.4376387e-05
  -53.970255, -0.00011718, -5.4376387e-05
  -53.9638, -6.2496e-05, -5.4245011e-05
  -53.957345, -6.2496e-05, -5.4113569e-05
  -53.957345, -1.5624e-05, -5.4113569e-05
  -53.95089, 8.9838e-05, -5.3982061e-05
  -53.944435, -8.2026e-05, -5.3850489e-05
  -53.944435, -6.6402e-05, -5.3850489e-05
  -53.931525, -0.000132804, -5.3587149e-05
  -53.918615, -0.000105462, -5.3323547e-05
  -53.918615, -0.000105462, -5.3323547e-05
  -53.905705, -0.000132804, -5.3059684e-05
  -53.905705, 8.5932e-05, -5.3059684e-05
  -53.905705, -4.6872e-05, -5.3059684e-05
  -53.89925, 1.5624e-05, -5.2927654e-05
  -53.89925, -3.1248e-05, -5.2927654e-05
  -53.892795, -3.5154e-05, -5.2795559e-05
  -53.892795, -3.1248e-05, -5.2795559e-05
  -53.892795, -2.7342e-05, -5.2795559e-05
  -53.892795, -8.5932e-05, -5.2795559e-05
  -53.892795, -0.000152334, -5.2795559e-05
  -53.88634, -0.000124992, -5.2663398e-05
  -53.88634, -1.1718e-05, -5.2663398e-05
  -53.88634, -2.7342e-05, -5.2663398e-05
  -53.88634, -0.000109368, -5.2663398e-05
  -53.88634, -3.5154e-05, -5.2663398e-05
  -53.879885, -2.3436e-05, -5.2531172e-05
  -53.879885, -8.5932e-05, -5.2531172e-05
  -53.87343, -7.4214e-05, -5.239888e-05
  -53.87343, -0.000187488, -5.239888e-05
  -53.866975, -0.000101556, -5.2266522e-05
  -53.866975, -5.859e-05, -5.2266522e-05
  -53.866975, 1.953e-05, -5.2266522e-05
  -53.854065, -1.953e-05, -5.200161e-05
  -53.854065, -0.000152334, -5.200161e-05
  -53.854065, -5.4684e-05, -5.200161e-05
  -53.854065, -7.4214e-05, -5.200161e-05
  -53.841155, -0.00017577, -5.1736434e-05
  -53.841155, -0.00011718, -5.1736434e-05
  -53.841155, -4.2966e-05, -5.1736434e-05
  -53.8347, -8.5932e-05, -5.1603748e-05
  -53.8347, -8.5932e-05, -5.1603748e-05
  -53.828245, -3.5154e-05, -5.1470995e-05
  -53.828245, -0.000121086, -5.1470995e-05
  -53.815335, -0.000124992, -5.1205293e-05
  -53.815335, -0.000113274, -5.1205293e-05
  -53.80888, -4.2966e-05, -5.1072342e-05
  -53.80888, -0.000128898, -5.1072342e-05
  -53.802425, -0.000101556, -5.0939326e-05
  -53.79597, -5.859e-05, -5.0806244e-05
  -53.79597, -1.1718e-05, -5.0806244e-05
  -53.789515, -6.6402e-05, -5.0673095e-05
  -53.78306, -6.6402e-05, -5.053988e-05
  -53.78306, -0.00015624, -5.053988e-05
  -53.78306, 0.000148428, -5.053988e-05
  -53.78306, -8.9838e-05, -5.053988e-05
  -53.776605, 4.2966e-05, -5.0406599e-05
  -53.776605, -0.000105462, -5.0406599e-05
  -53.776605, -0.000132804, -5.0406599e-05
  -53.776605, 4.2966e-05, -5.0406599e-05
  -53.776605, -0.000109368, -5.0406599e-05
  -53.77015, -6.2496e-05, -5.0273252e-05
  -53.77015, -0.000144522, -5.0273252e-05
  -53.77015, -0.000144522, -5.0273252e-05
  -53.77015, 5.4684e-05, -5.0273252e-05
  -53.77015, -0.000160146, -5.0273252e-05
  -53.77015, -1.5624e-05, -5.0273252e-05
  -53.763695, -5.0778e-05, -5.0139839e-05
  -53.763695, -7.0308e-05, -5.0139839e-05
  -53.763695, 7.812e-06, -5.0139839e-05
  -53.763695, 0.000128898, -5.0139839e-05
  -53.763695, -0.000152334, -5.0139839e-05
  -53.763695, 8.9838e-05, -5.0139839e-05
  -53.75724, -0.000113274, -5.0006359e-05
  -53.75724, -2.7342e-05, -5.0006359e-05
  -53.75724, -8.9838e-05, -5.0006359e-05
  -53.75724, -0.000109368, -5.0006359e-05
  -53.750785, -0.000144522, -4.9872813e-05
  -53.750785, -6.6402e-05, -4.9872813e-05
  -53.750785, -1.1718e-05, -4.9872813e-05
  -53.750785, -0.000109368, -4.9872813e-05
  -53.750785, -9.765e-05, -4.9872813e-05
  -53.74433, -0.000113274, -4.97392e-05
  -53.74433, 3.906e-05, -4.97392e-05
  -53.737875, -0.000105462, -4.9605521e-05
  -53.73142, -5.4684e-05, -4.9471776e-05
  -53.73142, -0.000152334, -4.9471776e-05
  -53.71851, -3.5154e-05, -4.9204085e-05
  -53.71851, -4.6872e-05, -4.9204085e-05
  -53.712055, -0.000101556, -4.907014e-05
  -53.7056, -7.4214e-05, -4.8936128e-05
  -53.686235, -3.1248e-05, -4.8533693e-05
  -53.686235, 2.7342e-05, -4.8533693e-05
  -53.65396, -5.0778e-05, -4.7861631e-05
  -53.647505, -9.765e-05, -4.7727017e-05
  -53.647505, -0.00015624, -4.7727017e-05
  -53.64105, -0.000101556, -4.7592337e-05
  -53.62814, -0.000160146, -4.7322775e-05
  -53.608775, -0.00013671, -4.6917929e-05
  -53.60232, -0.000140616, -4.6782845e-05
  -53.595865, -7.812e-05, -4.6647695e-05
  -53.58941, -8.9838e-05, -4.6512477e-05
  -53.58941, -1.953e-05, -4.6512477e-05
  -53.582955, -3.906e-05, -4.6377192e-05
  -53.582955, -0.00013671, -4.6377192e-05
  -53.5765, -4.6872e-05, -4.6241839e-05
  -53.557135, -0.000109368, -4.5835376e-05
  -53.55068, -0.000124992, -4.5699753e-05
  -53.55068, -4.2966e-05, -4.5699753e-05
  -53.544225, -7.812e-05, -4.5564062e-05
  -53.544225, -8.2026e-05, -4.5564062e-05
  -53.53777, 3.906e-05, -4.5428304e-05
  -53.531315, -7.0308e-05, -4.5292478e-05
  -53.52486, -4.6872e-05, -4.5156585e-05
  -53.518405, -4.6872e-05, -4.5020623e-05
  -53.518405, 3.906e-05, -4.5020623e-05
  -53.518405, -4.6872e-05, -4.5020623e-05
  -53.518405, -0.000132804, -4.5020623e-05
  -53.518405, 8.5932e-05, -4.5020623e-05
  -53.51195, -3.906e-05, -4.4884594e-05
  -53.51195, 7.0308e-05, -4.4884594e-05
  -53.51195, 0.00013671, -4.4884594e-05
  -53.51195, -7.812e-06, -4.4884594e-05
  -53.51195, 2.3436e-05, -4.4884594e-05
  -53.51195, -3.906e-05, -4.4884594e-05
  -53.505495, 0.000144522, -4.4748497e-05
  -53.505495, 8.9838e-05, -4.4748497e-05
  -53.505495, 1.1718e-05, -4.4748497e-05
  -53.49904, 0.000144522, -4.4612332e-05
  -53.492585, -0.00011718, -4.4476099e-05
  -53.492585, -0.000113274, -4.4476099e-05
  -53.492585, -5.4684e-05, -4.4476099e-05
  -53.48613, -5.4684e-05, -4.4339798e-05
  -53.48613, -7.4214e-05, -4.4339798e-05
  -53.48613, -8.9838e-05, -4.4339798e-05
  -53.479675, 7.812e-06, -4.4203429e-05
  -53.479675, -5.859e-05, -4.4203429e-05
  -53.479675, 7.812e-06, -4.4203429e-05
  -53.47322, -0.000105462, -4.4066992e-05
  -53.466765, 3.906e-05, -4.3930487e-05
  -53.466765, 1.953e-05, -4.3930487e-05
  -53.466765, 7.812e-06, -4.3930487e-05
  -53.466765, -5.4684e-05, -4.3930487e-05
  -53.466765, 1.1718e-05, -4.3930487e-05
  -53.466765, 2.7342e-05, -4.3930487e-05
  -53.466765, -3.906e-05, -4.3930487e-05
  -53.466765, -7.812e-05, -4.3930487e-05
  -53.46031, -5.4684e-05, -4.3793914e-05
  -53.46031, -2.3436e-05, -4.3793914e-05
  -53.46031, -1.5624e-05, -4.3793914e-05
  -53.46031, 1.5624e-05, -4.3793914e-05
  -53.46031, 5.0778e-05, -4.3793914e-05
  -53.46031, -2.3436e-05, -4.3793914e-05
  -53.46031, 0.000105462, -4.3793914e-05
  -53.46031, -3.906e-06, -4.3793914e-05
  -53.46031, -3.906e-06, -4.3793914e-05
  -53.46031, -2.7342e-05, -4.3793914e-05
  -53.453855, -0.000101556, -4.3657272e-05
  -53.453855, -7.812e-06, -4.3657272e-05
  -53.453855, -6.2496e-05, -4.3657272e-05
  -53.453855, -0.00013671, -4.3657272e-05
  -53.453855, -8.2026e-05, -4.3657272e-05
  -53.453855, -2.3436e-05, -4.3657272e-05
  -53.453855, 3.5154e-05, -4.3657272e-05
  -53.453855, 3.906e-06, -4.3657272e-05
  -53.453855, 4.6872e-05, -4.3657272e-05
  -53.453855, -0.000105462, -4.3657272e-05
  -53.453855, -5.0778e-05, -4.3657272e-05
  -53.453855, -3.906e-05, -4.3657272e-05
  -53.453855, -0.000109368, -4.3657272e-05
  -53.4474, -0.000101556, -4.3520563e-05
  -53.4474, -6.2496e-05, -4.3520563e-05
  -53.4474, -9.765e-05, -4.3520563e-05
  -53.4474, -9.765e-05, -4.3520563e-05
  -53.4474, -0.000148428, -4.3520563e-05
  -53.4474, 2.3436e-05, -4.3520563e-05
  -53.4474, -5.4684e-05, -4.3520563e-05
  -53.4474, -7.812e-05, -4.3520563e-05
  -53.4474, -9.765e-05, -4.3520563e-05
  -53.440945, -0.000101556, -4.3383785e-05
  -53.440945, -4.2966e-05, -4.3383785e-05
  -53.440945, -1.1718e-05, -4.3383785e-05
  -53.440945, -0.000124992, -4.3383785e-05
  -53.440945, -0.000160146, -4.3383785e-05
  -53.440945, 7.812e-06, -4.3383785e-05
  -53.440945, -9.765e-05, -4.3383785e-05
  -53.440945, -0.000101556, -4.3383785e-05
  -53.440945, -2.3436e-05, -4.3383785e-05
  -53.440945, -6.2496e-05, -4.3383785e-05
  -53.440945, 0.00011718, -4.3383785e-05
  -53.43449, -9.3744e-05, -4.3246939e-05
  -53.43449, -0.000160146, -4.3246939e-05
  -53.43449, -7.4214e-05, -4.3246939e-05
  -53.43449, -5.4684e-05, -4.3246939e-05
  -53.43449, 3.5154e-05, -4.3246939e-05
  -53.43449, -5.859e-05, -4.3246939e-05
  -53.43449, -4.6872e-05, -4.3246939e-05
  -53.428035, -3.1248e-05, -4.3110024e-05
  -53.428035, -2.3436e-05, -4.3110024e-05
  -53.428035, -4.6872e-05, -4.3110024e-05
  -53.428035, -0.000101556, -4.3110024e-05
  -53.428035, -0.000148428, -4.3110024e-05
  -53.428035, -5.0778e-05, -4.3110024e-05
  -53.428035, -9.3744e-05, -4.3110024e-05
  -53.428035, -0.00011718, -4.3110024e-05
  -53.428035, -7.4214e-05, -4.3110024e-05
  -53.428035, -4.2966e-05, -4.3110024e-05
  -53.428035, -9.765e-05, -4.3110024e-05
  -53.428035, -3.906e-06, -4.3110024e-05
  -53.428035, -9.3744e-05, -4.3110024e-05
  -53.428035, -1.5624e-05, -4.3110024e-05
  -53.428035, -0.000164052, -4.3110024e-05
  -53.428035, 7.812e-06, -4.3110024e-05
  -53.428035, -2.7342e-05, -4.3110024e-05
  -53.428035, -5.4684e-05, -4.3110024e-05
  -53.428035, 2.3436e-05, -4.3110024e-05
  -53.428035, -1.1718e-05, -4.3110024e-05
  -53.42158, -0.000148428, -4.2973041e-05
  -53.42158, -0.000132804, -4.2973041e-05
  -53.42158, -6.6402e-05, -4.2973041e-05
  -53.42158, -0.00011718, -4.2973041e-05
  -53.42158, -0.000132804, -4.2973041e-05
  -53.42158, -5.0778e-05, -4.2973041e-05
  -53.42158, -5.4684e-05, -4.2973041e-05
  -53.42158, 8.9838e-05, -4.2973041e-05
  -53.42158, -1.5624e-05, -4.2973041e-05
  -53.42158, -3.5154e-05, -4.2973041e-05
  -53.42158, -1.953e-05, -4.2973041e-05
  -53.42158, -5.0778e-05, -4.2973041e-05
  -53.42158, 0.00011718, -4.2973041e-05
  -53.415125, 3.5154e-05, -4.283599e-05
  -53.415125, 3.906e-06, -4.283599e-05
  -53.415125, -5.0778e-05, -4.283599e-05
  -53.40867, -8.5932e-05, -4.269887e-05
  -53.40867, -5.0778e-05, -4.269887e-05
  -53.40867, 8.2026e-05, -4.269887e-05
  -53.40867, -7.812e-06, -4.269887e-05
  -53.40867, -3.1248e-05, -4.269887e-05
  -53.40867, -0.000128898, -4.269887e-05
  -53.40867, -7.812e-06, -4.269887e-05
  -53.40867, -3.1248e-05, -4.269887e-05
  -53.40867, 3.906e-05, -4.269887e-05
  -53.402215, 3.906e-06, -4.2561681e-05
  -53.402215, -2.3436e-05, -4.2561681e-05
  -53.402215, -6.2496e-05, -4.2561681e-05
  -53.402215, -5.859e-05, -4.2561681e-05
  -53.402215, -3.5154e-05, -4.2561681e-05
  -53.39576, -1.953e-05, -4.2424425e-05
  -53.39576, -2.7342e-05, -4.2424425e-05
  -53.39576, -2.7342e-05, -4.2424425e-05
  -53.389305, -7.812e-05, -4.2287099e-05
  -53.389305, -0.000128898, -4.2287099e-05
  -53.389305, -7.0308e-05, -4.2287099e-05
  -53.389305, -0.000121086, -4.2287099e-05
  -53.389305, -1.5624e-05, -4.2287099e-05
  -53.389305, -3.906e-05, -4.2287099e-05
  -53.38285, -7.4214e-05, -4.2149705e-05
  -53.38285, -1.1718e-05, -4.2149705e-05
  -53.38285, -4.6872e-05, -4.2149705e-05
  -53.38285, -0.000160146, -4.2149705e-05
  -53.38285, -7.812e-05, -4.2149705e-05
  -53.376395, -2.3436e-05, -4.2012242e-05
  -53.376395, -7.812e-06, -4.2012242e-05
  -53.376395, 3.906e-06, -4.2012242e-05
  -53.376395, -0.000109368, -4.2012242e-05
  -53.376395, 0.000109368, -4.2012242e-05
  -53.36994, 3.1248e-05, -4.1874711e-05
  -53.36994, -8.5932e-05, -4.1874711e-05
  -53.36994, -0.000128898, -4.1874711e-05
  -53.363485, -1.5624e-05, -4.173711e-05
  -53.363485, 3.906e-06, -4.173711e-05
  -53.363485, -9.765e-05, -4.173711e-05
  -53.363485, -3.1248e-05, -4.173711e-05
  -53.363485, 0.000101556, -4.173711e-05
  -53.363485, 3.906e-06, -4.173711e-05
  -53.35703, -7.0308e-05, -4.1599441e-05
  -53.35703, 1.953e-05, -4.1599441e-05
  -53.350575, -7.812e-06, -4.1461703e-05
  -53.350575, -7.812e-06, -4.1461703e-05
  -53.350575, -2.3436e-05, -4.1461703e-05
  -53.34412, -4.2966e-05, -4.1323897e-05
  -53.34412, -5.0778e-05, -4.1323897e-05
  -53.34412, -9.3744e-05, -4.1323897e-05
  -53.34412, 8.9838e-05, -4.1323897e-05
  -53.34412, -3.5154e-05, -4.1323897e-05
  -53.337665, -4.6872e-05, -4.1186021e-05
  -53.337665, -8.2026e-05, -4.1186021e-05
  -53.337665, -3.906e-05, -4.1186021e-05
  -53.337665, -0.000101556, -4.1186021e-05
  -53.337665, -0.000105462, -4.1186021e-05
  -53.33121, -7.812e-05, -4.1048077e-05
  -53.33121, -0.000121086, -4.1048077e-05
  -53.33121, -7.4214e-05, -4.1048077e-05
  -53.33121, 0, -4.1048077e-05
  -53.33121, -5.859e-05, -4.1048077e-05
  -53.33121, -9.3744e-05, -4.1048077e-05
  -53.33121, -0.00011718, -4.1048077e-05
  -53.33121, -8.5932e-05, -4.1048077e-05
  -53.324755, -4.2966e-05, -4.0910063e-05
  -53.324755, -5.0778e-05, -4.0910063e-05
  -53.324755, -0.000124992, -4.0910063e-05
  -53.324755, -0.000152334, -4.0910063e-05
  -53.324755, -5.4684e-05, -4.0910063e-05
  -53.3183, -8.2026e-05, -4.077198e-05
  -53.3183, -2.3436e-05, -4.077198e-05
  -53.3183, -7.0308e-05, -4.077198e-05
  -53.3183, 4.6872e-05, -4.077198e-05
  -53.3183, -1.953e-05, -4.077198e-05
  -53.3183, -5.859e-05, -4.077198e-05
  -53.3183, -0.000109368, -4.077198e-05
  -53.3183, 6.2496e-05, -4.077198e-05
  -53.3183, 5.0778e-05, -4.077198e-05
  -53.3183, 3.5154e-05, -4.077198e-05
  -53.311845, -0.00013671, -4.0633829e-05
  -53.30539, -0.000140616, -4.0495608e-05
  -53.30539, -8.2026e-05, -4.0495608e-05
  -53.30539, -0.00013671, -4.0495608e-05
  -53.298935, -9.3744e-05, -4.0357318e-05
  -53.298935, -3.1248e-05, -4.0357318e-05
  -53.29248, -7.4214e-05, -4.0218959e-05
  -53.29248, -0.000160146, -4.0218959e-05
  -53.29248, 0.000109368, -4.0218959e-05
  -53.29248, -3.906e-05, -4.0218959e-05
  -53.29248, -0.000113274, -4.0218959e-05
  -53.29248, 2.3436e-05, -4.0218959e-05
  -53.286025, -0.00011718, -4.008053e-05
  -53.286025, -3.5154e-05, -4.008053e-05
  -53.286025, -8.2026e-05, -4.008053e-05
  -53.286025, -7.812e-05, -4.008053e-05
  -53.286025, -8.2026e-05, -4.008053e-05
  -53.286025, 4.6872e-05, -4.008053e-05
  -53.27957, -7.4214e-05, -3.9942033e-05
  -53.27957, -6.6402e-05, -3.9942033e-05
  -53.27957, -7.4214e-05, -3.9942033e-05
  -53.27957, 3.1248e-05, -3.9942033e-05
  -53.27957, -7.812e-05, -3.9942033e-05
  -53.27957, 3.5154e-05, -3.9942033e-05
  -53.27957, -4.2966e-05, -3.9942033e-05
  -53.273115, -1.953e-05, -3.9803466e-05
  -53.273115, -2.7342e-05, -3.9803466e-05
  -53.273115, 8.9838e-05, -3.9803466e-05
  -53.273115, -7.812e-06, -3.9803466e-05
  -53.273115, -5.4684e-05, -3.9803466e-05
  -53.273115, -2.7342e-05, -3.9803466e-05
  -53.273115, -3.906e-05, -3.9803466e-05
  -53.273115, -2.3436e-05, -3.9803466e-05
  -53.273115, 2.7342e-05, -3.9803466e-05
  -53.273115, -0.000132804, -3.9803466e-05
  -53.273115, -8.5932e-05, -3.9803466e-05
  -53.273115, -1.1718e-05, -3.9803466e-05
  -53.26666, -7.812e-05, -3.9664829e-05
  -53.26666, -1.953e-05, -3.9664829e-05
  -53.26666, -4.6872e-05, -3.9664829e-05
  -53.26666, -4.2966e-05, -3.9664829e-05
  -53.26666, -0.000132804, -3.9664829e-05
  -53.260205, -8.5932e-05, -3.9526124e-05
  -53.260205, 7.812e-06, -3.9526124e-05
  -53.260205, -7.812e-06, -3.9526124e-05
  -53.260205, -0.000113274, -3.9526124e-05
  -53.260205, -0.000105462, -3.9526124e-05
  -53.260205, -7.4214e-05, -3.9526124e-05
  -53.260205, -3.5154e-05, -3.9526124e-05
  -53.25375, -8.9838e-05, -3.9387348e-05
  -53.25375, -0.000101556, -3.9387348e-05
  -53.234385, -0.00011718, -3.8970606e-05
  -53.234385, -6.6402e-05, -3.8970606e-05
  -53.234385, -3.5154e-05, -3.8970606e-05
  -53.22793, 3.906e-06, -3.8831553e-05
  -53.22793, -8.9838e-05, -3.8831553e-05
  -53.22793, -0.000109368, -3.8831553e-05
  -53.221475, -0.000121086, -3.869243e-05
  -53.21502, -5.4684e-05, -3.8553237e-05
  -53.21502, -7.4214e-05, -3.8553237e-05
  -53.208565, 0.000124992, -3.8413975e-05
  -53.20211, -8.2026e-05, -3.8274642e-05
  -53.20211, -0.000144522, -3.8274642e-05
  -53.182745, -2.3436e-05, -3.7856227e-05
  -53.169835, -0.000128898, -3.7576934e-05
  -53.16338, -5.859e-05, -3.7437182e-05
  -53.16338, -9.3744e-05, -3.7437182e-05
  -53.144015, -0.000113274, -3.7017507e-05
  -53.13756, -8.5932e-05, -3.6877475e-05
  -53.118195, 6.6402e-05, -3.6456957e-05
  -53.118195, -7.0308e-05, -3.6456957e-05
  -53.118195, 1.953e-05, -3.6456957e-05
  -53.118195, 5.0778e-05, -3.6456957e-05
  -53.09883, -7.812e-05, -3.6035807e-05
  -53.092375, 4.2966e-05, -3.5895282e-05
  -53.08592, -5.0778e-05, -3.5754687e-05
  -53.079465, 5.4684e-05, -3.5614022e-05
  -53.07301, -0.000124992, -3.5473286e-05
  -53.0601, 4.2966e-05, -3.5191602e-05
  -53.040735, -0.000183582, -3.4768545e-05
  -53.02137, -5.0778e-05, -3.4344851e-05
  -53.02137, -3.906e-05, -3.4344851e-05
  -53.00846, 3.906e-06, -3.4062034e-05
  -52.99555, -6.6402e-05, -3.3778932e-05
  -52.96973, -7.4214e-05, -3.3211875e-05
  -52.96973, -2.3436e-05, -3.3211875e-05
  -52.94391, -0.000148428, -3.2643678e-05
  -52.931, -8.2026e-05, -3.235915e-05
  -52.924545, -0.000113274, -3.2216779e-05
  -52.91809, 4.2966e-05, -3.2074337e-05
  -52.91809, 2.7342e-05, -3.2074337e-05
  -52.911635, -1.1718e-05, -3.1931822e-05
  -52.898725, -2.7342e-05, -3.1646579e-05
  -52.89227, -8.2026e-05, -3.1503849e-05
  -52.885815, 0.000128898, -3.1361048e-05
  -52.885815, -5.4684e-05, -3.1361048e-05
  -52.85354, -1.953e-05, -3.0645964e-05
  -52.834175, 0.000101556, -3.021605e-05
  -52.834175, 1.953e-05, -3.021605e-05
  -52.81481, -8.9838e-05, -2.9785486e-05
  -52.81481, -3.1248e-05, -2.9785486e-05
  -52.8019, -8.5932e-05, -2.9498081e-05
  -52.795445, -1.1718e-05, -2.9354271e-05
  -52.78899, -7.812e-06, -2.9210388e-05
  -52.78899, 1.1718e-05, -2.9210388e-05
  -52.77608, -0.000121086, -2.8922404e-05
  -52.769625, -8.9838e-05, -2.8778303e-05
  -52.76317, -3.5154e-05, -2.863413e-05
  -52.730895, -4.2966e-05, -2.7912174e-05
  -52.730895, -2.7342e-05, -2.7912174e-05
  -52.717985, -6.6402e-05, -2.7622882e-05
  -52.717985, -4.6872e-05, -2.7622882e-05
  -52.705075, -5.859e-05, -2.7333298e-05
  -52.69862, -4.2966e-05, -2.7188396e-05
  -52.68571, -6.6402e-05, -2.6898374e-05
  -52.6728, -3.5154e-05, -2.6608059e-05
  -52.65989, -3.1248e-05, -2.6317452e-05
  -52.65989, -8.2026e-05, -2.6317452e-05
  -52.640525, -3.5154e-05, -2.588099e-05
  -52.640525, 6.2496e-05, -2.588099e-05
  -52.63407, 1.953e-05, -2.5735356e-05
  -52.63407, -3.906e-06, -2.5735356e-05
  -52.614705, -8.2026e-05, -2.5298013e-05
  -52.60825, 0.000183582, -2.5152085e-05
  -52.601795, 3.1248e-05, -2.5006084e-05
  -52.59534, 3.906e-05, -2.4860008e-05
  -52.59534, -0.000113274, -2.4860008e-05
  -52.588885, 0.000101556, -2.4713859e-05
  -52.58243, -7.812e-06, -2.4567636e-05
  -52.58243, 0, -2.4567636e-05
  -52.58243, 1.5624e-05, -2.4567636e-05
  -52.56952, 0, -2.4274968e-05
  -52.56952, -1.5624e-05, -2.4274968e-05
  -52.563065, 2.7342e-05, -2.4128523e-05
  -52.563065, -7.812e-05, -2.4128523e-05
  -52.550155, -1.1718e-05, -2.3835412e-05
  -52.5437, -0.000109368, -2.3688746e-05
  -52.524335, -5.0778e-05, -2.3248301e-05
  -52.51788, 3.906e-06, -2.3101338e-05
  -52.511425, 1.5624e-05, -2.29543e-05
  -52.511425, 3.906e-06, -2.29543e-05
  -52.498515, -6.2496e-05, -2.2660002e-05
  -52.498515, 7.812e-05, -2.2660002e-05
  -52.49206, -9.765e-05, -2.2512742e-05
  -52.485605, 0.000105462, -2.2365407e-05
  -52.47915, -9.765e-05, -2.2217997e-05
  -52.472695, -5.859e-05, -2.2070513e-05
  -52.472695, 2.3436e-05, -2.2070513e-05
  -52.46624, 1.5624e-05, -2.1922955e-05
  -52.46624, -1.953e-05, -2.1922955e-05
  -52.45333, 3.906e-05, -2.1627614e-05
  -52.45333, 3.1248e-05, -2.1627614e-05
  -52.446875, 0.00011718, -2.1479831e-05
  -52.44042, -3.906e-05, -2.1331974e-05
  -52.44042, -0.00011718, -2.1331974e-05
  -52.421055, 7.812e-06, -2.0887954e-05
  -52.421055, 1.5624e-05, -2.0887954e-05
  -52.421055, 0.000109368, -2.0887954e-05
  -52.4146, -7.0308e-05, -2.0739797e-05
  -52.4146, -6.2496e-05, -2.0739797e-05
  -52.4146, -3.906e-06, -2.0739797e-05
  -52.4146, -3.5154e-05, -2.0739797e-05
  -52.408145, -9.765e-05, -2.0591566e-05
  -52.408145, 1.5624e-05, -2.0591566e-05
  -52.40169, -2.3436e-05, -2.0443259e-05
  -52.395235, 7.812e-06, -2.0294878e-05
  -52.395235, -0.000109368, -2.0294878e-05
  -52.382325, 1.1718e-05, -1.9997889e-05
  -52.382325, -2.7342e-05, -1.9997889e-05
  -52.37587, -7.0308e-05, -1.9849282e-05
  -52.369415, -4.6872e-05, -1.97006e-05
  -52.36296, -9.765e-05, -1.9551843e-05
  -52.35005, -6.2496e-05, -1.9254102e-05
  -52.343595, -3.5154e-05, -1.9105119e-05
  -52.343595, -9.765e-05, -1.9105119e-05
  -52.343595, -5.859e-05, -1.9105119e-05
  -52.33714, -0.000167958, -1.895606e-05
  -52.330685, -0.00013671, -1.8806925e-05
  -52.330685, 3.5154e-05, -1.8806925e-05
  -52.32423, -0.00015624, -1.8657716e-05
  -52.31132, -7.812e-05, -1.8359069e-05
  -52.31132, -0.000132804, -1.8359069e-05
  -52.31132, -0.000124992, -1.8359069e-05
  -52.29841, 0.00025389, -1.806012e-05
  -52.291955, -5.0778e-05, -1.7910532e-05
  -52.291955, -0.00011718, -1.7910532e-05
  -52.291955, 6.6402e-05, -1.7910532e-05
  -52.291955, -7.812e-05, -1.7910532e-05
  -52.291955, -6.2496e-05, -1.7910532e-05
  -52.2855, -0.000148428, -1.7760868e-05
  -52.2855, 4.2966e-05, -1.7760868e-05
  -52.2855, -6.6402e-05, -1.7760868e-05
  -52.2855, 7.812e-06, -1.7760868e-05
  -52.279045, -0.00011718, -1.7611129e-05
  -52.279045, -3.906e-05, -1.7611129e-05
  -52.279045, -0.000121086, -1.7611129e-05
  -52.27259, -0.000121086, -1.7461313e-05
  -52.25968, -1.953e-05, -1.7161454e-05
  -52.253225, 0.000191394, -1.7011411e-05
  -52.253225, 1.5624e-05, -1.7011411e-05
  -52.253225, 0.000179676, -1.7011411e-05
  -52.253225, -8.5932e-05, -1.7011411e-05
  -52.24677, 2.3436e-05, -1.6861292e-05
  -52.24677, -9.3744e-05, -1.6861292e-05
  -52.24677, 1.1718e-05, -1.6861292e-05
  -52.240315, -0.000128898, -1.6711096e-05
  -52.240315, -0.000128898, -1.6711096e-05
  -52.240315, -9.765e-05, -1.6711096e-05
  -52.240315, -0.000128898, -1.6711096e-05
  -52.240315, -0.000105462, -1.6711096e-05
  -52.23386, 1.953e-05, -1.6560825e-05
  -52.23386, -5.859e-05, -1.6560825e-05
  -52.23386, 3.5154e-05, -1.6560825e-05
  -52.227405, -0.000187488, -1.6410477e-05
  -52.227405, -7.812e-05, -1.6410477e-05
  -52.227405, 3.906e-05, -1.6410477e-05
  -52.227405, -3.906e-05, -1.6410477e-05
  -52.227405, -7.812e-05, -1.6410477e-05
  -52.227405, 3.5154e-05, -1.6410477e-05
  -52.22095, -2.3436e-05, -1.6260053e-05
  -52.22095, -0.00017577, -1.6260053e-05
  -52.214495, 3.906e-06, -1.6109552e-05
  -52.214495, 8.9838e-05, -1.6109552e-05
  -52.214495, 3.906e-06, -1.6109552e-05
  -52.214495, -5.4684e-05, -1.6109552e-05
  -52.214495, -8.2026e-05, -1.6109552e-05
  -52.20804, -6.6402e-05, -1.5958976e-05
  -52.20804, -5.4684e-05, -1.5958976e-05
  -52.20804, 0.000101556, -1.5958976e-05
  -52.201585, 3.5154e-05, -1.5808323e-05
  -52.201585, -6.2496e-05, -1.5808323e-05
  -52.201585, -0.000124992, -1.5808323e-05
  -52.201585, 0.0001953, -1.5808323e-05
  -52.201585, 0, -1.5808323e-05
  -52.19513, 7.4214e-05, -1.5657593e-05
  -52.19513, 5.4684e-05, -1.5657593e-05
  -52.19513, -1.5624e-05, -1.5657593e-05
  -52.19513, 3.1248e-05, -1.5657593e-05
  -52.188675, -7.812e-06, -1.5506788e-05
  -52.18222, 7.812e-06, -1.5355905e-05
  -52.18222, -9.3744e-05, -1.5355905e-05
  -52.162855, -7.4214e-05, -1.4902799e-05
  -52.1564, -8.2026e-05, -1.4751611e-05
  -52.1564, 8.5932e-05, -1.4751611e-05
  -52.14349, 0.000101556, -1.4449003e-05
  -52.14349, -1.5624e-05, -1.4449003e-05
  -52.137035, -8.2026e-05, -1.4297584e-05
  -52.13058, 0.000113274, -1.4146089e-05
  -52.13058, 0.000109368, -1.4146089e-05
  -52.11767, -7.812e-06, -1.3842867e-05
  -52.098305, -8.2026e-05, -1.3387456e-05
  -52.098305, 4.6872e-05, -1.3387456e-05
  -52.09185, -5.4684e-05, -1.3235498e-05
  -52.085395, -2.7342e-05, -1.3083464e-05
  -52.072485, -7.812e-06, -1.2779162e-05
  -52.072485, -3.1248e-05, -1.2779162e-05
  -52.046665, -0.000132804, -1.2169632e-05
  -52.033755, 1.953e-05, -1.1864403e-05
  -52.033755, 0, -1.1864403e-05
  -52.0273, -5.0778e-05, -1.1711671e-05
  -52.0273, 6.2496e-05, -1.1711671e-05
  -52.0273, -3.5154e-05, -1.1711671e-05
  -52.0273, -1.953e-05, -1.1711671e-05
  -52.020845, -7.0308e-05, -1.1558863e-05
  -52.020845, 4.2966e-05, -1.1558863e-05
  -52.00148, -3.1248e-05, -1.1099971e-05
  -51.982115, -3.906e-05, -1.0640378e-05
  -51.97566, 9.765e-05, -1.0487025e-05
  -51.97566, -1.953e-05, -1.0487025e-05
  -51.969205, 3.1248e-05, -1.0333594e-05
  -51.96275, 6.2496e-05, -1.0180085e-05
  -51.96275, 9.765e-05, -1.0180085e-05
  -51.956295, 3.1248e-05, -1.0026498e-05
  -51.956295, -1.5624e-05, -1.0026498e-05
  -51.94984, -1.1718e-05, -9.8728329e-06
  -51.94984, 2.7342e-05, -9.8728329e-06
  -51.94984, -3.906e-05, -9.8728329e-06
  -51.943385, 9.765e-05, -9.7190895e-06
  -51.943385, 4.6872e-05, -9.7190895e-06
  -51.93693, 5.859e-05, -9.5652681e-06
  -51.93693, 4.2966e-05, -9.5652681e-06
  -51.93693, -1.5624e-05, -9.5652681e-06
  -51.930475, 4.6872e-05, -9.4113683e-06
  -51.917565, -7.812e-06, -9.1033341e-06
  -51.917565, -6.2496e-05, -9.1033341e-06
  -51.8982, 4.6872e-05, -8.6406949e-06
  -51.891745, 3.906e-06, -8.4863249e-06
  -51.891745, -0.000113274, -8.4863249e-06
  -51.891745, -3.906e-05, -8.4863249e-06
  -51.88529, -4.2966e-05, -8.3318764e-06
  -51.88529, -5.859e-05, -8.3318764e-06
  -51.87238, -2.3436e-05, -8.0227436e-06
  -51.865925, 5.0778e-05, -7.8680592e-06
  -51.865925, 3.906e-05, -7.8680592e-06
  -51.85947, -1.1718e-05, -7.7132961e-06
  -51.85947, 5.4684e-05, -7.7132961e-06
  -51.85947, 6.6402e-05, -7.7132961e-06
  -51.853015, -1.1718e-05, -7.5584543e-06
  -51.84656, -5.859e-05, -7.4035336e-06
  -51.84656, -0.000128898, -7.4035336e-06
  -51.84656, 8.5932e-05, -7.4035336e-06
  -51.840105, -0.000109368, -7.2485341e-06
  -51.83365, -0.000140616, -7.0934556e-06
  -51.83365, -6.6402e-05, -7.0934556e-06
  -51.827195, -6.2496e-05, -6.9382983e-06
  -51.814285, -0.000124992, -6.6277466e-06
  -51.80783, -7.812e-06, -6.4723521e-06
  -51.801375, 4.6872e-05, -6.3168785e-06
  -51.79492, -7.4214e-05, -6.1613258e-06
  -51.788465, 1.1718e-05, -6.0056938e-06
  -51.788465, 7.812e-05, -6.0056938e-06
  -51.78201, -0.000109368, -5.8499826e-06
  -51.78201, -1.953e-05, -5.8499826e-06
  -51.775555, -0.000144522, -5.6941921e-06
  -51.7691, -7.812e-05, -5.5383222e-06
  -51.7691, -0.000113274, -5.5383222e-06
  -51.7691, -3.1248e-05, -5.5383222e-06
  -51.75619, 7.0308e-05, -5.2263442e-06
  -51.75619, -3.906e-06, -5.2263442e-06
  -51.749735, -5.0778e-05, -5.070236e-06
  -51.749735, 2.3436e-05, -5.070236e-06
  -51.74328, -3.906e-05, -4.9140483e-06
  -51.74328, 9.765e-05, -4.9140483e-06
  -51.74328, -9.3744e-05, -4.9140483e-06
  -51.736825, 1.1718e-05, -4.7577809e-06
  -51.736825, -5.0778e-05, -4.7577809e-06
  -51.736825, -7.812e-06, -4.7577809e-06
  -51.73037, -3.906e-05, -4.601434e-06
  -51.73037, 3.5154e-05, -4.601434e-06
  -51.73037, 0.00011718, -4.601434e-06
  -51.73037, -7.812e-05, -4.601434e-06
  -51.73037, 0, -4.601434e-06
  -51.723915, -1.5624e-05, -4.4450074e-06
  -51.723915, 6.6402e-05, -4.4450074e-06
  -51.723915, 9.3744e-05, -4.4450074e-06
  -51.723915, -3.906e-06, -4.4450074e-06
  -51.723915, 5.859e-05, -4.4450074e-06
  -51.723915, -6.2496e-05, -4.4450074e-06
  -51.71746, -1.5624e-05, -4.2885011e-06
  -51.71746, -7.812e-06, -4.2885011e-06
  -51.71746, 1.953e-05, -4.2885011e-06
  -51.71746, 3.5154e-05, -4.2885011e-06
  -51.71746, -4.6872e-05, -4.2885011e-06
  -51.71746, -4.6872e-05, -4.2885011e-06
  -51.71746, -9.3744e-05, -4.2885011e-06
  -51.71746, -7.4214e-05, -4.2885011e-06
  -51.71746, -3.906e-06, -4.2885011e-06
  -51.711005, 1.1718e-05, -4.131915e-06
  -51.711005, 7.812e-06, -4.131915e-06
  -51.711005, 9.3744e-05, -4.131915e-06
  -51.711005, -3.1248e-05, -4.131915e-06
  -51.711005, 1.1718e-05, -4.131915e-06
  -51.711005, -1.5624e-05, -4.131915e-06
  -51.711005, 3.906e-06, -4.131915e-06
  -51.711005, -8.9838e-05, -4.131915e-06
  -51.711005, -0.000113274, -4.131915e-06
  -51.70455, 0, -3.9752491e-06
  -51.70455, 1.5624e-05, -3.9752491e-06
  -51.70455, -9.765e-05, -3.9752491e-06
  -51.70455, 0.000113274, -3.9752491e-06
  -51.70455, -2.3436e-05, -3.9752491e-06
  -51.70455, -4.6872e-05, -3.9752491e-06
  -51.70455, -0.000109368, -3.9752491e-06
  -51.698095, -0.000124992, -3.8185034e-06
  -51.698095, -8.5932e-05, -3.8185034e-06
  -51.698095, 3.5154e-05, -3.8185034e-06
  -51.698095, -7.4214e-05, -3.8185034e-06
  -51.698095, -3.906e-06, -3.8185034e-06
  -51.698095, 1.953e-05, -3.8185034e-06
  -51.698095, -3.5154e-05, -3.8185034e-06
  -51.698095, 3.5154e-05, -3.8185034e-06
  -51.698095, -0.000121086, -3.8185034e-06
  -51.698095, 3.906e-06, -3.8185034e-06
  -51.698095, 5.0778e-05, -3.8185034e-06
  -51.698095, 8.9838e-05, -3.8185034e-06
  -51.69164, 8.5932e-05, -3.6616777e-06
  -51.69164, 7.812e-05, -3.6616777e-06
  -51.69164, -8.5932e-05, -3.6616777e-06
  -51.69164, -3.5154e-05, -3.6616777e-06
  -51.69164, 6.6402e-05, -3.6616777e-06
  -51.69164, 3.906e-06, -3.6616777e-06
  -51.69164, -8.9838e-05, -3.6616777e-06
  -51.685185, -0.000140616, -3.5047721e-06
  -51.685185, 7.812e-05, -3.5047721e-06
  -51.685185, -0.000121086, -3.5047721e-06
  -51.685185, -1.1718e-05, -3.5047721e-06
  -51.685185, 8.9838e-05, -3.5047721e-06
  -51.685185, 3.906e-05, -3.5047721e-06
  -51.685185, -1.953e-05, -3.5047721e-06
  -51.685185, 4.2966e-05, -3.5047721e-06
  -51.685185, -4.6872e-05, -3.5047721e-06
  -51.67873, -4.6872e-05, -3.3477866e-06
  -51.67873, -7.812e-06, -3.3477866e-06
  -51.67873, -3.906e-06, -3.3477866e-06
  -51.67873, -3.906e-06, -3.3477866e-06
  -51.67873, 1.5624e-05, -3.3477866e-06
  -51.67873, 4.6872e-05, -3.3477866e-06
  -51.67873, -1.953e-05, -3.3477866e-06
  -51.67873, -3.1248e-05, -3.3477866e-06
  -51.672275, -8.5932e-05, -3.190721e-06
  -51.672275, -6.6402e-05, -3.190721e-06
  -51.672275, 4.2966e-05, -3.190721e-06
  -51.672275, 7.812e-05, -3.190721e-06
  -51.672275, 0, -3.190721e-06
  -51.672275, -3.1248e-05, -3.190721e-06
  -51.672275, -4.6872e-05, -3.190721e-06
  -51.672275, 2.3436e-05, -3.190721e-06
  -51.672275, -4.6872e-05, -3.190721e-06
  -51.672275, -3.906e-05, -3.190721e-06
  -51.66582, 5.859e-05, -3.0335753e-06
  -51.66582, -4.2966e-05, -3.0335753e-06
  -51.66582, -5.859e-05, -3.0335753e-06
  -51.66582, -1.5624e-05, -3.0335753e-06
  -51.66582, -2.7342e-05, -3.0335753e-06
  -51.66582, -9.765e-05, -3.0335753e-06
  -51.66582, -7.4214e-05, -3.0335753e-06
  -51.66582, 1.1718e-05, -3.0335753e-06
  -51.66582, -5.859e-05, -3.0335753e-06
  -51.66582, -7.812e-05, -3.0335753e-06
  -51.659365, 3.906e-06, -2.8763495e-06
  -51.659365, 1.5624e-05, -2.8763495e-06
  -51.659365, 5.0778e-05, -2.8763495e-06
  -51.659365, -6.6402e-05, -2.8763495e-06
  -51.659365, -7.812e-06, -2.8763495e-06
  -51.65291, -6.2496e-05, -2.7190435e-06
  -51.65291, -5.859e-05, -2.7190435e-06
  -51.65291, 3.5154e-05, -2.7190435e-06
  -51.65291, -0.000121086, -2.7190435e-06
  -51.65291, -8.9838e-05, -2.7190435e-06
  -51.65291, 8.9838e-05, -2.7190435e-06
  -51.65291, 1.953e-05, -2.7190435e-06
  -51.65291, -8.2026e-05, -2.7190435e-06
  -51.65291, -5.4684e-05, -2.7190435e-06
  -51.65291, -3.906e-05, -2.7190435e-06
  -51.65291, 2.7342e-05, -2.7190435e-06
  -51.646455, -4.6872e-05, -2.5616573e-06
  -51.646455, -3.1248e-05, -2.5616573e-06
  -51.646455, 1.1718e-05, -2.5616573e-06
  -51.646455, 1.953e-05, -2.5616573e-06
  -51.646455, 3.906e-06, -2.5616573e-06
  -51.64, -1.1718e-05, -2.4041908e-06
  -51.64, -0.000124992, -2.4041908e-06
  -51.64, -6.6402e-05, -2.4041908e-06
  -51.64, -5.859e-05, -2.4041908e-06
  -51.64, -1.5624e-05, -2.4041908e-06
  -51.64, -5.0778e-05, -2.4041908e-06
  -51.633545, 9.3744e-05, -2.246644e-06
  -51.633545, -3.906e-05, -2.246644e-06
  -51.633545, 3.1248e-05, -2.246644e-06
  -51.633545, 7.812e-05, -2.246644e-06
  -51.633545, 4.2966e-05, -2.246644e-06
  -51.633545, -7.0308e-05, -2.246644e-06
  -51.633545, -0.000109368, -2.246644e-06
  -51.633545, -5.0778e-05, -2.246644e-06
  -51.633545, -7.0308e-05, -2.246644e-06
  -51.633545, 1.953e-05, -2.246644e-06
  -51.633545, 3.906e-06, -2.246644e-06
  -51.633545, -7.812e-05, -2.246644e-06
  -51.62709, -5.4684e-05, -2.0890169e-06
  -51.62709, 1.953e-05, -2.0890169e-06
  -51.62709, 1.953e-05, -2.0890169e-06
  -51.62709, -3.1248e-05, -2.0890169e-06
  -51.62709, 3.906e-06, -2.0890169e-06
  -51.62709, -6.2496e-05, -2.0890169e-06
  -51.62709, -3.5154e-05, -2.0890169e-06
  -51.62709, -6.2496e-05, -2.0890169e-06
  -51.620635, -3.5154e-05, -1.9313093e-06
  -51.620635, -1.953e-05, -1.9313093e-06
  -51.620635, -0.000128898, -1.9313093e-06
  -51.620635, 1.5624e-05, -1.9313093e-06
  -51.620635, -2.3436e-05, -1.9313093e-06
  -51.620635, -7.812e-06, -1.9313093e-06
  -51.620635, -7.4214e-05, -1.9313093e-06
  -51.61418, -9.3744e-05, -1.7735214e-06
  -51.61418, 1.953e-05, -1.7735214e-06
  -51.61418, 2.3436e-05, -1.7735214e-06
  -51.61418, -1.1718e-05, -1.7735214e-06
  -51.61418, -6.6402e-05, -1.7735214e-06
  -51.61418, -0.00011718, -1.7735214e-06
  -51.61418, 5.859e-05, -1.7735214e-06
  -51.607725, -9.765e-05, -1.6156529e-06
  -51.607725, -1.5624e-05, -1.6156529e-06
  -51.60127, 4.2966e-05, -1.4577038e-06
  -51.60127, -0.000121086, -1.4577038e-06
  -51.594815, 3.5154e-05, -1.2996742e-06
  -51.594815, 7.812e-05, -1.2996742e-06
  -51.58836, -1.1718e-05, -1.141564e-06
  -51.58836, 4.2966e-05, -1.141564e-06
  -51.581905, -1.953e-05, -9.8337307e-07
  -51.581905, -4.6872e-05, -9.8337307e-07
  -51.57545, 8.2026e-05, -8.2510143e-07
  -51.57545, -9.765e-05, -8.2510143e-07
  -51.568995, -8.5932e-05, -6.6674901e-07
  -51.568995, -5.0778e-05, -6.6674901e-07
  -51.568995, 0.000128898, -6.6674901e-07
  -51.568995, -3.906e-06, -6.6674901e-07
  -51.568995, -1.1718e-05, -6.6674901e-07
  -51.56254, -7.4214e-05, -5.0831577e-07
  -51.56254, 5.0778e-05, -5.0831577e-07
  -51.56254, -0.00013671, -5.0831577e-07
  -51.556085, 1.953e-05, -3.4980168e-07
  -51.54963, 9.765e-05, -1.9120667e-07
  -51.54963, -0.00015624, -1.9120667e-07
  -51.54963, -5.4684e-05, -1.9120667e-07
  -51.54963, 2.7342e-05, -1.9120667e-07
  -51.54963, -5.4684e-05, -1.9120667e-07
  -51.543175, 1.5624e-05, -3.2530707e-08
  -51.543175, 5.4684e-05, -3.2530707e-08
  -51.543175, -0.000109368, -3.2530707e-08
  -51.530265, 0.00011718, 2.8506427e-07
  -51.530265, 5.859e-05, 2.8506427e-07
  -51.52381, 0.000121086, 4.4398338e-07
  -51.5109, 7.812e-06, 7.6206506e-07
  -51.49799, 2.7342e-05, 1.0804717e-06
  -51.49799, -1.953e-05, 1.0804717e-06
  -51.49799, 7.0308e-05, 1.0804717e-06
  -51.491535, -0.000105462, 1.239797e-06
  -51.491535, -8.2026e-05, 1.239797e-06
  -51.491535, -6.2496e-05, 1.239797e-06
  -51.491535, 3.1248e-05, 1.239797e-06
  -51.491535, -7.0308e-05, 1.239797e-06
  -51.491535, 5.859e-05, 1.239797e-06
  -51.48508, -5.0778e-05, 1.3992036e-06
  -51.48508, -2.7342e-05, 1.3992036e-06
  -51.48508, 3.5154e-05, 1.3992036e-06
  -51.48508, 3.1248e-05, 1.3992036e-06
  -51.47217, 3.906e-05, 1.7182612e-06
  -51.47217, -9.765e-05, 1.7182612e-06
  -51.465715, 1.953e-05, 1.8779122e-06
  -51.45926, 1.5624e-05, 2.0376448e-06
  -51.44635, -0.000132804, 2.3573549e-06
  -51.439895, 6.2496e-05, 2.5173325e-06
  -51.426985, -3.5154e-05, 2.8375329e-06
  -51.426985, -4.6872e-05, 2.8375329e-06
  -51.42053, 1.1718e-05, 2.9977558e-06
  -51.414075, -3.5154e-05, 3.1580606e-06
  -51.40762, 0.00017577, 3.3184474e-06
  -51.40762, -5.4684e-05, 3.3184474e-06
  -51.39471, -9.765e-05, 3.6394668e-06
  -51.3818, 0, 3.9608146e-06
  -51.3818, 0, 3.9608146e-06
  -51.3818, 9.765e-05, 3.9608146e-06
  -51.36889, -6.6402e-05, 4.282491e-06
  -51.36889, 2.3436e-05, 4.282491e-06
  -51.35598, -7.4214e-05, 4.6044965e-06
  -51.35598, 3.5154e-05, 4.6044965e-06
  -51.35598, 0.000105462, 4.6044965e-06
  -51.336615, -7.4214e-05, 5.0881225e-06
  -51.33016, -6.6402e-05, 5.249496e-06
  -51.323705, 7.812e-06, 5.4109521e-06
  -51.30434, 3.1248e-05, 5.8958162e-06
  -51.297885, -2.7342e-05, 6.0576029e-06
  -51.284975, -8.2026e-05, 6.3814248e-06
  -51.284975, -2.7342e-05, 6.3814248e-06
  -51.27852, 0.000101556, 6.54346e-06
  -51.27852, -0.000105462, 6.54346e-06
  -51.272065, -0.00011718, 6.7055781e-06
  -51.23979, -5.859e-05, 7.5174142e-06
  -51.23979, -9.765e-05, 7.5174142e-06
  -51.233335, 5.859e-05, 7.6800308e-06
  -51.233335, 7.812e-06, 7.6800308e-06
  -51.220425, -9.765e-05, 8.0055138e-06
  -51.21397, 6.2496e-05, 8.1683803e-06
  -51.207515, -3.906e-05, 8.3313302e-06
  -51.20106, -7.4214e-05, 8.4943635e-06
  -51.194605, -2.3436e-05, 8.6574804e-06
  -51.18815, -8.9838e-05, 8.8206807e-06
  -51.17524, 0.000238266, 9.1473322e-06
  -51.168785, 1.1718e-05, 9.3107834e-06
  -51.168785, 0.000128898, 9.3107834e-06
  -51.16233, 8.9838e-05, 9.4743183e-06
  -51.14942, -0.000101556, 9.8016396e-06
  -51.14942, 3.906e-06, 9.8016396e-06
  -51.142965, -1.5624e-05, 9.9654259e-06
  -51.142965, 0.000128898, 9.9654259e-06
  -51.13651, 3.906e-05, 1.0129296e-05
  -51.13651, -5.859e-05, 1.0129296e-05
  -51.1236, 2.7342e-05, 1.0457289e-05
  -51.117145, 0.000179676, 1.0621411e-05
  -51.104235, -3.5154e-05, 1.0949908e-05
  -51.104235, -6.6402e-05, 1.0949908e-05
  -51.091325, -5.4684e-05, 1.1278742e-05
  -51.078415, 9.765e-05, 1.1607913e-05
  -51.078415, -1.953e-05, 1.1607913e-05
  -51.07196, -1.1718e-05, 1.1772625e-05
  -51.07196, 5.4684e-05, 1.1772625e-05
  -51.065505, -4.6872e-05, 1.1937421e-05
  -51.04614, 0.000101556, 1.2432318e-05
  -51.04614, 0.000132804, 1.2432318e-05
  -51.03323, -8.9838e-05, 1.2762672e-05
  -51.03323, -7.812e-05, 1.2762672e-05
  -51.03323, 3.1248e-05, 1.2762672e-05
  -51.03323, -2.3436e-05, 1.2762672e-05
  -51.026775, -1.1718e-05, 1.2927976e-05
  -51.000955, -8.5932e-05, 1.359004e-05
  -50.9945, 3.5154e-05, 1.3755769e-05
  -50.988045, 0.00011718, 1.3921582e-05
  -50.988045, 0, 1.3921582e-05
  -50.98159, -9.765e-05, 1.4087481e-05
  -50.96868, 7.812e-05, 1.4419533e-05
  -50.96868, -7.812e-05, 1.4419533e-05
  -50.96868, 0.000191394, 1.4419533e-05
  -50.95577, -6.2496e-05, 1.4751926e-05
  -50.94286, 2.7342e-05, 1.5084661e-05
  -50.94286, -5.4684e-05, 1.5084661e-05
  -50.94286, -7.4214e-05, 1.5084661e-05
  -50.94286, 1.953e-05, 1.5084661e-05
  -50.92995, -4.6872e-05, 1.5417737e-05
  -50.92995, 5.859e-05, 1.5417737e-05
  -50.923495, -1.953e-05, 1.5584403e-05
  -50.910585, 2.7342e-05, 1.5917992e-05
  -50.897675, 5.4684e-05, 1.6251924e-05
  -50.89122, -0.000105462, 1.6419018e-05
  -50.89122, -1.1718e-05, 1.6419018e-05
  -50.884765, -6.2496e-05, 1.6586198e-05
  -50.87831, -1.1718e-05, 1.6753464e-05
  -50.87831, 0, 1.6753464e-05
  -50.871855, -3.906e-06, 1.6920816e-05
  -50.871855, 0.000148428, 1.6920816e-05
  -50.8654, 4.2966e-05, 1.7088254e-05
  -50.858945, 0.000140616, 1.7255778e-05
  -50.85249, -2.3436e-05, 1.7423388e-05
  -50.846035, -7.4214e-05, 1.7591083e-05
  -50.83958, -3.906e-06, 1.7758865e-05
  -50.833125, -0.000105462, 1.7926734e-05
  -50.833125, 0, 1.7926734e-05
  -50.82667, -7.0308e-05, 1.8094688e-05
  -50.81376, -7.4214e-05, 1.8430856e-05
  -50.794395, -5.0778e-05, 1.8935755e-05
  -50.794395, 6.2496e-05, 1.8935755e-05
  -50.78794, -7.4214e-05, 1.9104228e-05
  -50.78794, 7.0308e-05, 1.9104228e-05
  -50.781485, -3.906e-06, 1.9272787e-05
  -50.781485, -0.000101556, 1.9272787e-05
  -50.781485, 3.906e-06, 1.9272787e-05
  -50.781485, -0.000128898, 1.9272787e-05
  -50.77503, 0.000109368, 1.9441433e-05
  -50.76212, -4.6872e-05, 1.9778985e-05
  -50.76212, 2.7342e-05, 1.9778985e-05
  -50.755665, 3.906e-05, 1.9947891e-05
  -50.755665, -7.4214e-05, 1.9947891e-05
  -50.74921, -4.6872e-05, 2.0116884e-05
  -50.742755, -2.3436e-05, 2.0285964e-05
  -50.742755, -5.859e-05, 2.0285964e-05
  -50.742755, -3.906e-06, 2.0285964e-05
  -50.742755, -2.7342e-05, 2.0285964e-05
  -50.729845, 6.6402e-05, 2.0624384e-05
  -50.729845, -1.5624e-05, 2.0624384e-05
  -50.72339, 7.812e-06, 2.0793724e-05
  -50.72339, 1.5624e-05, 2.0793724e-05
  -50.72339, -9.765e-05, 2.0793724e-05
  -50.716935, 9.3744e-05, 2.0963152e-05
  -50.716935, -7.4214e-05, 2.0963152e-05
  -50.71048, 1.953e-05, 2.1132667e-05
  -50.71048, -6.2496e-05, 2.1132667e-05
  -50.71048, 1.5624e-05, 2.1132667e-05
  -50.71048, 3.906e-05, 2.1132667e-05
  -50.704025, -1.1718e-05, 2.1302268e-05
  -50.704025, 0.000191394, 2.1302268e-05
  -50.704025, 6.6402e-05, 2.1302268e-05
  -50.69757, -4.6872e-05, 2.1471958e-05
  -50.68466, -3.5154e-05, 2.1811597e-05
  -50.678205, -5.0778e-05, 2.1981548e-05
  -50.67175, 0.000109368, 2.2151587e-05
  -50.67175, -3.1248e-05, 2.2151587e-05
  -50.67175, 0.000210924, 2.2151587e-05
  -50.65884, -4.2966e-05, 2.2491926e-05
  -50.65884, -2.7342e-05, 2.2491926e-05
  -50.652385, -1.1718e-05, 2.2662227e-05
  -50.652385, -9.765e-05, 2.2662227e-05
  -50.652385, -0.000121086, 2.2662227e-05
  -50.652385, 2.7342e-05, 2.2662227e-05
  -50.652385, -5.859e-05, 2.2662227e-05
  -50.64593, -7.812e-05, 2.2832615e-05
  -50.639475, -5.0778e-05, 2.3003091e-05
  -50.639475, -3.1248e-05, 2.3003091e-05
  -50.639475, -3.5154e-05, 2.3003091e-05
  -50.63302, 0.000140616, 2.3173655e-05
  -50.626565, -9.765e-05, 2.3344306e-05
  -50.626565, -5.0778e-05, 2.3344306e-05
  -50.62011, 0.000124992, 2.3515045e-05
  -50.62011, -8.2026e-05, 2.3515045e-05
  -50.613655, -7.812e-05, 2.3685873e-05
  -50.613655, 7.812e-06, 2.3685873e-05
  -50.613655, -4.2966e-05, 2.3685873e-05
  -50.613655, -7.812e-06, 2.3685873e-05
  -50.613655, 3.906e-06, 2.3685873e-05
  -50.6072, 5.0778e-05, 2.3856788e-05
  -50.6072, 1.1718e-05, 2.3856788e-05
  -50.6072, -9.3744e-05, 2.3856788e-05
  -50.6072, 4.2966e-05, 2.3856788e-05
  -50.6072, 3.906e-06, 2.3856788e-05
  -50.600745, -8.9838e-05, 2.402779e-05
  -50.600745, 5.859e-05, 2.402779e-05
  -50.59429, 7.812e-05, 2.4198881e-05
  -50.587835, -0.000101556, 2.437006e-05
  -50.587835, 8.2026e-05, 2.437006e-05
  -50.58138, 5.4684e-05, 2.4541327e-05
  -50.58138, -8.5932e-05, 2.4541327e-05
  -50.58138, -1.953e-05, 2.4541327e-05
  -50.56847, 5.4684e-05, 2.4884126e-05
  -50.56847, -7.4214e-05, 2.4884126e-05
  -50.562015, -4.2966e-05, 2.5055657e-05
  -50.55556, -5.859e-05, 2.5227277e-05
  -50.55556, -8.5932e-05, 2.5227277e-05
  -50.536195, 3.1248e-05, 2.5742667e-05
  -50.52974, 0.000207018, 2.591464e-05
  -50.51683, 8.9838e-05, 2.6258853e-05
  -50.51683, 2.7342e-05, 2.6258853e-05
  -50.510375, -3.1248e-05, 2.6431092e-05
  -50.50392, -3.906e-05, 2.660342e-05
  -50.484555, -1.1718e-05, 2.7120936e-05
  -50.46519, -0.000113274, 2.7639252e-05
  -50.46519, 0.00011718, 2.7639252e-05
  -50.445825, -0.00011718, 2.815837e-05
  -50.42646, -3.906e-06, 2.867829e-05
  -50.42646, 7.0308e-05, 2.867829e-05
  -50.42646, 5.4684e-05, 2.867829e-05
  -50.420005, 4.6872e-05, 2.8851775e-05
  -50.394185, -9.3744e-05, 2.954661e-05
  -50.394185, -7.812e-05, 2.954661e-05
  -50.381275, 3.1248e-05, 2.9894565e-05
  -50.381275, 2.3436e-05, 2.9894565e-05
  -50.381275, 9.765e-05, 2.9894565e-05
  -50.37482, -1.953e-05, 3.0068677e-05
  -50.37482, -3.5154e-05, 3.0068677e-05
  -50.368365, 7.812e-06, 3.0242879e-05
  -50.36191, 0.000222642, 3.041717e-05
  -50.36191, 4.2966e-05, 3.041717e-05
  -50.36191, -8.2026e-05, 3.041717e-05
  -50.349, -1.1718e-05, 3.0766023e-05
  -50.342545, 0.000199206, 3.0940584e-05
  -50.32318, -3.906e-06, 3.1464807e-05
  -50.316725, -6.2496e-05, 3.1639728e-05
  -50.303815, -2.3436e-05, 3.1989841e-05
  -50.29736, 4.2966e-05, 3.2165033e-05
  -50.29736, -5.859e-05, 3.2165033e-05
  -50.290905, 5.4684e-05, 3.2340316e-05
  -50.290905, 0.000148428, 3.2340316e-05
  -50.290905, -5.0778e-05, 3.2340316e-05
  -50.28445, 7.812e-06, 3.2515688e-05
  -50.277995, -4.6872e-05, 3.2691151e-05
  -50.277995, 7.812e-05, 3.2691151e-05
  -50.265085, -2.7342e-05, 3.3042349e-05
  -50.25863, -7.0308e-05, 3.3218084e-05
  -50.25863, -1.5624e-05, 3.3218084e-05
  -50.252175, -7.812e-05, 3.3393909e-05
  -50.252175, -1.953e-05, 3.3393909e-05
  -50.24572, 2.7342e-05, 3.3569825e-05
  -50.226355, 5.0778e-05, 3.4098118e-05
  -50.2199, 5.4684e-05, 3.4274397e-05
  -50.213445, 3.1248e-05, 3.4450768e-05
  -50.213445, -5.4684e-05, 3.4450768e-05
  -50.213445, 3.906e-05, 3.4450768e-05
  -50.20699, 2.3436e-05, 3.4627229e-05
  -50.19408, -5.4684e-05, 3.4980424e-05
  -50.187625, 0.000160146, 3.5157159e-05
  -50.187625, 1.5624e-05, 3.5157159e-05
  -50.187625, 0.000128898, 3.5157159e-05
  -50.187625, 0.000179676, 3.5157159e-05
  -50.18117, -7.812e-06, 3.5333985e-05
  -50.174715, 3.1248e-05, 3.5510901e-05
  -50.174715, 6.6402e-05, 3.5510901e-05
  -50.174715, 1.953e-05, 3.5510901e-05
  -50.174715, -5.859e-05, 3.5510901e-05
  -50.174715, 0.000187488, 3.5510901e-05
  -50.16826, 0.000144522, 3.568791e-05
  -50.16826, 3.906e-05, 3.568791e-05
  -50.161805, 9.765e-05, 3.5865009e-05
  -50.161805, 2.3436e-05, 3.5865009e-05
  -50.161805, 2.3436e-05, 3.5865009e-05
  -50.15535, 3.906e-05, 3.60422e-05
  -50.15535, -5.859e-05, 3.60422e-05
  -50.15535, -2.7342e-05, 3.60422e-05
  -50.15535, 4.6872e-05, 3.60422e-05
  -50.135985, 5.0778e-05, 3.6574322e-05
  -50.12953, 0.00015624, 3.6751879e-05
  -50.123075, -8.2026e-05, 3.6929528e-05
  -50.110165, -8.2026e-05, 3.72851e-05
  -50.110165, 1.1718e-05, 3.72851e-05
  -50.10371, 2.3436e-05, 3.7463024e-05
  -50.10371, 0.000105462, 3.7463024e-05
  -50.10371, 8.2026e-05, 3.7463024e-05
  -50.10371, -5.859e-05, 3.7463024e-05
  -50.097255, 3.906e-05, 3.764104e-05
  -50.0908, 0, 3.7819148e-05
  -50.0908, -8.5932e-05, 3.7819148e-05
  -50.0908, 0.000144522, 3.7819148e-05
  -50.084345, -3.906e-06, 3.7997347e-05
  -50.07789, 1.1718e-05, 3.8175639e-05
  -50.071435, -0.000113274, 3.8354023e-05
  -50.06498, 4.2966e-05, 3.8532499e-05
  -50.058525, 3.906e-05, 3.8711067e-05
  -50.058525, 5.859e-05, 3.8711067e-05
  -50.058525, 4.2966e-05, 3.8711067e-05
  -50.058525, -3.1248e-05, 3.8711067e-05
  -50.058525, 7.812e-05, 3.8711067e-05
  -50.05207, 9.765e-05, 3.8889727e-05
  -50.05207, -5.859e-05, 3.8889727e-05
  -50.05207, 0.000105462, 3.8889727e-05
  -50.045615, 8.5932e-05, 3.9068479e-05
  -50.045615, 1.953e-05, 3.9068479e-05
  -50.045615, 1.953e-05, 3.9068479e-05
  -50.045615, -6.6402e-05, 3.9068479e-05
  -50.03916, 5.859e-05, 3.9247324e-05
  -50.032705, -3.1248e-05, 3.9426261e-05
  -50.032705, -1.953e-05, 3.9426261e-05
  -50.02625, -4.6872e-05, 3.9605291e-05
  -50.02625, -5.859e-05, 3.9605291e-05
  -50.02625, 6.6402e-05, 3.9605291e-05
  -50.019795, 0.000113274, 3.9784413e-05
  -50.019795, -5.4684e-05, 3.9784413e-05
  -50.019795, 0, 3.9784413e-05
  -50.01334, -2.7342e-05, 3.9963627e-05
  -50.01334, 0.00013671, 3.9963627e-05
  -50.01334, -5.859e-05, 3.9963627e-05
  -50.01334, -8.2026e-05, 3.9963627e-05
  -50.01334, 6.6402e-05, 3.9963627e-05
  -50.01334, 0.000187488, 3.9963627e-05
  -50.01334, 8.5932e-05, 3.9963627e-05
  -50.01334, 0.000132804, 3.9963627e-05
  -50.01334, 0.000148428, 3.9963627e-05
  -50.006885, -3.906e-05, 4.0142934e-05
  -50.006885, 0.000113274, 4.0142934e-05
  -50.006885, -5.859e-05, 4.0142934e-05
  -50.00043, -1.5624e-05, 4.0322334e-05
  -50.00043, -3.1248e-05, 4.0322334e-05
  -50.00043, 3.906e-06, 4.0322334e-05
  -50.00043, 6.2496e-05, 4.0322334e-05
  -50.00043, -7.4214e-05, 4.0322334e-05
  -50.00043, -0.000113274, 4.0322334e-05
  -50.00043, -5.0778e-05, 4.0322334e-05
  -50.00043, 5.859e-05, 4.0322334e-05
  -49.993975, -1.953e-05, 4.0501827e-05
  -49.993975, 9.3744e-05, 4.0501827e-05
  -49.993975, 0.000210924, 4.0501827e-05
  -49.993975, 0.000128898, 4.0501827e-05
  -49.993975, -6.6402e-05, 4.0501827e-05
  -49.993975, 7.0308e-05, 4.0501827e-05
  -49.993975, 9.765e-05, 4.0501827e-05
  -49.993975, 0.000187488, 4.0501827e-05
  -49.993975, -1.953e-05, 4.0501827e-05
  -49.993975, 0.000203112, 4.0501827e-05
  -49.993975, 0.000230454, 4.0501827e-05
  -49.993975, -7.812e-06, 4.0501827e-05
  -49.993975, -5.859e-05, 4.0501827e-05
  -49.98752, -5.4684e-05, 4.0681412e-05
  -49.98752, 1.953e-05, 4.0681412e-05
  -49.98752, 4.2966e-05, 4.0681412e-05
  -49.98752, -2.3436e-05, 4.0681412e-05
  -49.98752, 2.7342e-05, 4.0681412e-05
  -49.981065, -1.1718e-05, 4.086109e-05
  -49.981065, -1.953e-05, 4.086109e-05
  -49.981065, -4.6872e-05, 4.086109e-05
  -49.981065, 0.000238266, 4.086109e-05
  -49.981065, 7.812e-06, 4.086109e-05
  -49.981065, -6.2496e-05, 4.086109e-05
  -49.981065, 2.3436e-05, 4.086109e-05
  -49.981065, 0.000152334, 4.086109e-05
  -49.97461, 6.6402e-05, 4.1040861e-05
  -49.97461, 0.000191394, 4.1040861e-05
  -49.97461, 2.7342e-05, 4.1040861e-05
  -49.97461, -7.0308e-05, 4.1040861e-05
  -49.97461, -0.000124992, 4.1040861e-05
  -49.97461, 0, 4.1040861e-05
  -49.97461, 0.000203112, 4.1040861e-05
  -49.97461, -3.906e-06, 4.1040861e-05
  -49.97461, -0.000121086, 4.1040861e-05
  -49.97461, -4.2966e-05, 4.1040861e-05
  -49.968155, 4.6872e-05, 4.1220724e-05
  -49.968155, 9.3744e-05, 4.1220724e-05
  -49.968155, 2.7342e-05, 4.1220724e-05
  -49.968155, 2.7342e-05, 4.1220724e-05
  -49.968155, 0.00015624, 4.1220724e-05
  -49.968155, -4.6872e-05, 4.1220724e-05
  -49.968155, 0.000128898, 4.1220724e-05
  -49.968155, -7.812e-06, 4.1220724e-05
  -49.968155, 1.1718e-05, 4.1220724e-05
  -49.968155, -2.3436e-05, 4.1220724e-05
  -49.968155, -8.5932e-05, 4.1220724e-05
  -49.968155, 4.6872e-05, 4.1220724e-05
  -49.9617, -6.6402e-05, 4.1400681e-05
  -49.9617, -8.5932e-05, 4.1400681e-05
  -49.9617, 9.3744e-05, 4.1400681e-05
  -49.9617, 0, 4.1400681e-05
  -49.9617, 6.6402e-05, 4.1400681e-05
  -49.9617, 9.3744e-05, 4.1400681e-05
  -49.9617, -7.812e-06, 4.1400681e-05
  -49.9617, 8.9838e-05, 4.1400681e-05
  -49.955245, -7.4214e-05, 4.158073e-05
  -49.955245, -3.5154e-05, 4.158073e-05
  -49.955245, 0.000144522, 4.158073e-05
  -49.955245, 3.906e-05, 4.158073e-05
  -49.955245, 0.000109368, 4.158073e-05
  -49.955245, 6.6402e-05, 4.158073e-05
  -49.955245, 0.000148428, 4.158073e-05
  -49.955245, 9.3744e-05, 4.158073e-05
  -49.94879, 8.9838e-05, 4.1760873e-05
  -49.94879, 6.2496e-05, 4.1760873e-05
  -49.94879, -9.3744e-05, 4.1760873e-05
  -49.94879, 7.812e-05, 4.1760873e-05
  -49.942335, -5.0778e-05, 4.1941109e-05
  -49.942335, -5.4684e-05, 4.1941109e-05
  -49.942335, 7.812e-05, 4.1941109e-05
  -49.93588, -9.3744e-05, 4.2121437e-05
  -49.93588, -7.812e-06, 4.2121437e-05
  -49.929425, 0.0001953, 4.2301859e-05
  -49.929425, -3.906e-06, 4.2301859e-05
  -49.929425, -3.906e-05, 4.2301859e-05
  -49.929425, 0.000148428, 4.2301859e-05
  -49.92297, 0.000140616, 4.2482375e-05
  -49.916515, 1.5624e-05, 4.2662983e-05
  -49.916515, -0.000101556, 4.2662983e-05
  -49.916515, -2.3436e-05, 4.2662983e-05
  -49.916515, 3.1248e-05, 4.2662983e-05
  -49.91006, 0.00013671, 4.2843685e-05
  -49.91006, 5.4684e-05, 4.2843685e-05
  -49.91006, 0.000105462, 4.2843685e-05
  -49.91006, 0.000191394, 4.2843685e-05
  -49.91006, -3.906e-05, 4.2843685e-05
  -49.903605, 1.1718e-05, 4.302448e-05
  -49.903605, 1.5624e-05, 4.302448e-05
  -49.89715, -5.0778e-05, 4.3205369e-05
  -49.89715, 7.812e-05, 4.3205369e-05
  -49.89715, 0.000109368, 4.3205369e-05
  -49.890695, 2.3436e-05, 4.3386351e-05
  -49.890695, 4.2966e-05, 4.3386351e-05
  -49.890695, -4.2966e-05, 4.3386351e-05
  -49.890695, 0.000128898, 4.3386351e-05
  -49.890695, -2.7342e-05, 4.3386351e-05
  -49.88424, 2.7342e-05, 4.3567427e-05
  -49.88424, -0.000105462, 4.3567427e-05
  -49.88424, -7.4214e-05, 4.3567427e-05
  -49.877785, 0.000249984, 4.3748597e-05
  -49.877785, 3.906e-06, 4.3748597e-05
  -49.87133, -3.906e-06, 4.392986e-05
  -49.87133, 5.0778e-05, 4.392986e-05
  -49.864875, -4.6872e-05, 4.4111216e-05
  -49.864875, -5.859e-05, 4.4111216e-05
  -49.85842, 0.000101556, 4.4292667e-05
  -49.85842, 8.9838e-05, 4.4292667e-05
  -49.85842, -3.906e-06, 4.4292667e-05
  -49.85842, 3.906e-06, 4.4292667e-05
  -49.85842, -0.000132804, 4.4292667e-05
  -49.851965, -1.953e-05, 4.4474211e-05
  -49.851965, -7.812e-06, 4.4474211e-05
  -49.851965, 7.812e-06, 4.4474211e-05
  -49.84551, -7.812e-06, 4.4655849e-05
  -49.84551, -3.906e-05, 4.4655849e-05
  -49.84551, 6.2496e-05, 4.4655849e-05
  -49.839055, -0.000113274, 4.4837582e-05
  -49.8326, 1.953e-05, 4.5019408e-05
  -49.8326, 0.000160146, 4.5019408e-05
  -49.8326, 7.0308e-05, 4.5019408e-05
  -49.826145, 4.6872e-05, 4.5201328e-05
  -49.826145, 5.4684e-05, 4.5201328e-05
  -49.826145, -6.6402e-05, 4.5201328e-05
  -49.81969, 7.812e-06, 4.5383342e-05
  -49.81969, 7.812e-05, 4.5383342e-05
  -49.813235, -8.9838e-05, 4.556545e-05
  -49.813235, 0.000121086, 4.556545e-05
  -49.813235, 0.000218736, 4.556545e-05
  -49.813235, 7.812e-05, 4.556545e-05
  -49.813235, 0, 4.556545e-05
  -49.80678, 8.2026e-05, 4.5747653e-05
  -49.80678, 0.000101556, 4.5747653e-05
  -49.80678, 0.000167958, 4.5747653e-05
  -49.79387, 5.0778e-05, 4.611234e-05
  -49.79387, -3.906e-06, 4.611234e-05
  -49.787415, 0.000152334, 4.6294826e-05
  -49.787415, 6.6402e-05, 4.6294826e-05
  -49.787415, 7.4214e-05, 4.6294826e-05
  -49.787415, 8.5932e-05, 4.6294826e-05
  -49.78096, 5.859e-05, 4.6477405e-05
  -49.774505, -2.3436e-05, 4.6660079e-05
  -49.761595, 9.3744e-05, 4.7025711e-05
  -49.761595, 3.906e-05, 4.7025711e-05
  -49.761595, -8.2026e-05, 4.7025711e-05
  -49.75514, 2.3436e-05, 4.7208669e-05
  -49.75514, 9.3744e-05, 4.7208669e-05
  -49.748685, 0.000109368, 4.7391721e-05
  -49.748685, 8.9838e-05, 4.7391721e-05
  -49.735775, 0.000160146, 4.775811e-05
  -49.735775, 0.000257796, 4.775811e-05
  -49.735775, 0.000171864, 4.775811e-05
  -49.72932, 1.5624e-05, 4.7941447e-05
  -49.72932, 5.0778e-05, 4.7941447e-05
  -49.71641, 0.000152334, 4.8308405e-05
  -49.71641, 4.6872e-05, 4.8308405e-05
  -49.71641, 1.1718e-05, 4.8308405e-05
  -49.709955, 6.2496e-05, 4.8492026e-05
  -49.697045, 1.5624e-05, 4.8859554e-05
  -49.697045, 0.000171864, 4.8859554e-05
  -49.697045, 1.953e-05, 4.8859554e-05
  -49.69059, 6.6402e-05, 4.904346e-05
  -49.69059, 0.000113274, 4.904346e-05
  -49.684135, -3.906e-06, 4.9227462e-05
  -49.684135, 9.765e-05, 4.9227462e-05
  -49.67768, 0.000242172, 4.9411559e-05
  -49.671225, -1.953e-05, 4.9595751e-05
  -49.671225, -9.3744e-05, 4.9595751e-05
  -49.66477, 1.1718e-05, 4.9780039e-05
  -49.66477, 0, 4.9780039e-05
  -49.658315, -1.1718e-05, 4.9964422e-05
  -49.658315, 6.6402e-05, 4.9964422e-05
  -49.65186, 0.000132804, 5.01489e-05
  -49.645405, -1.5624e-05, 5.0333474e-05
  -49.645405, 9.765e-05, 5.0333474e-05
  -49.63895, -1.5624e-05, 5.0518143e-05
  -49.63895, 0.000121086, 5.0518143e-05
  -49.632495, 0.000167958, 5.0702908e-05
  -49.632495, 0.000203112, 5.0702908e-05
  -49.62604, 1.953e-05, 5.0887769e-05
  -49.619585, -1.1718e-05, 5.1072725e-05
  -49.619585, 0.000210924, 5.1072725e-05
  -49.61313, 0.000121086, 5.1257777e-05
  -49.61313, 0.00011718, 5.1257777e-05
  -49.60022, -7.0308e-05, 5.1628169e-05
  -49.593765, -7.812e-05, 5.1813508e-05
  -49.593765, 5.4684e-05, 5.1813508e-05
  -49.58731, 2.3436e-05, 5.1998944e-05
  -49.58731, 7.812e-05, 5.1998944e-05
  -49.5744, 5.859e-05, 5.2370103e-05
  -49.5744, 8.5932e-05, 5.2370103e-05
  -49.567945, 0.00015624, 5.2555827e-05
  -49.56149, 0.000140616, 5.2741647e-05
  -49.54858, 1.953e-05, 5.3113576e-05
  -49.542125, -7.0308e-05, 5.3299684e-05
  -49.542125, -6.2496e-05, 5.3299684e-05
  -49.53567, 2.3436e-05, 5.348589e-05
  -49.529215, 3.1248e-05, 5.3672191e-05
  -49.52276, -3.5154e-05, 5.3858589e-05
  -49.516305, 0.000109368, 5.4045084e-05
  -49.516305, 8.5932e-05, 5.4045084e-05
  -49.516305, 0.000109368, 5.4045084e-05
  -49.50985, 0.000222642, 5.4231675e-05
  -49.503395, 3.5154e-05, 5.4418363e-05
  -49.503395, 0.000160146, 5.4418363e-05
  -49.49694, -5.0778e-05, 5.4605147e-05
  -49.49694, -3.906e-06, 5.4605147e-05
  -49.490485, 7.812e-06, 5.4792029e-05
  -49.490485, 0.000128898, 5.4792029e-05
  -49.48403, 0, 5.4979007e-05
  -49.477575, 7.812e-05, 5.5166082e-05
  -49.464665, -0.000113274, 5.5540523e-05
  -49.451755, -6.2496e-05, 5.5915351e-05
  -49.451755, 3.906e-06, 5.5915351e-05
  -49.4453, -7.812e-06, 5.6102911e-05
  -49.4453, 8.5932e-05, 5.6102911e-05
  -49.4453, 0.000121086, 5.6102911e-05
  -49.438845, 0.000164052, 5.6290569e-05
  -49.43239, -0.000105462, 5.6478323e-05
  -49.43239, 0.000121086, 5.6478323e-05
  -49.41948, -8.5932e-05, 5.6854124e-05
  -49.413025, 3.1248e-05, 5.7042171e-05
  -49.40657, -1.953e-05, 5.7230315e-05
  -49.39366, 5.4684e-05, 5.7606895e-05
  -49.39366, -0.000132804, 5.7606895e-05
  -49.374295, 0.000160146, 5.8172498e-05
  -49.36784, -2.3436e-05, 5.8361228e-05
  -49.36784, 0.000109368, 5.8361228e-05
  -49.361385, 9.3744e-05, 5.8550055e-05
  -49.35493, 7.4214e-05, 5.8738981e-05
  -49.348475, 7.812e-06, 5.8928004e-05
  -49.34202, 9.765e-05, 5.9117126e-05
  -49.34202, 9.765e-05, 5.9117126e-05
  -49.34202, 5.4684e-05, 5.9117126e-05
  -49.335565, -1.5624e-05, 5.9306345e-05
  -49.32911, 0.00017577, 5.9495662e-05
  -49.32911, -1.5624e-05, 5.9495662e-05
  -49.322655, -7.0308e-05, 5.9685078e-05
  -49.3162, 0.000269514, 5.9874592e-05
  -49.3162, 1.5624e-05, 5.9874592e-05
  -49.3162, 0.000207018, 5.9874592e-05
  -49.3162, 0.000230454, 5.9874592e-05
  -49.309745, 0.00013671, 6.0064204e-05
  -49.309745, 3.906e-06, 6.0064204e-05
  -49.309745, 0.000164052, 6.0064204e-05
  -49.30329, 7.0308e-05, 6.0253914e-05
  -49.30329, 0.000160146, 6.0253914e-05
  -49.29038, 9.765e-05, 6.063363e-05
  -49.29038, 5.4684e-05, 6.063363e-05
  -49.283925, -4.6872e-05, 6.0823636e-05
  -49.27747, 7.4214e-05, 6.101374e-05
  -49.27747, -4.2966e-05, 6.101374e-05
  -49.27747, 7.4214e-05, 6.101374e-05
  -49.27747, -1.1718e-05, 6.101374e-05
  -49.26456, 0, 6.1394244e-05
  -49.25165, 3.5154e-05, 6.1775143e-05
  -49.25165, 1.1718e-05, 6.1775143e-05
  -49.245195, 0.000246078, 6.1965741e-05
  -49.232285, 2.7342e-05, 6.2347232e-05
  -49.232285, 2.3436e-05, 6.2347232e-05
  -49.22583, 0.000109368, 6.2538127e-05
  -49.22583, 1.953e-05, 6.2538127e-05
  -49.22583, -4.6872e-05, 6.2538127e-05
  -49.219375, 0.000124992, 6.272912e-05
  -49.21292, -6.6402e-05, 6.2920212e-05
  -49.206465, 5.0778e-05, 6.3111404e-05
  -49.20001, 1.1718e-05, 6.3302694e-05
  -49.20001, 0.000148428, 6.3302694e-05
  -49.20001, 3.5154e-05, 6.3302694e-05
  -49.193555, -5.4684e-05, 6.3494084e-05
  -49.180645, 0.000105462, 6.3877162e-05
  -49.17419, -5.4684e-05, 6.4068849e-05
  -49.167735, -7.0308e-05, 6.4260637e-05
  -49.16128, 7.0308e-05, 6.4452524e-05
  -49.154825, 7.812e-06, 6.464451e-05
  -49.154825, 0.000148428, 6.464451e-05
  -49.14837, 8.5932e-05, 6.4836596e-05
  -49.13546, 3.906e-06, 6.5221067e-05
  -49.129005, 7.4214e-05, 6.5413452e-05
  -49.129005, 8.9838e-05, 6.5413452e-05
  -49.116095, 3.906e-06, 6.5798521e-05
  -49.10964, 0, 6.5991206e-05
  -49.10964, 7.0308e-05, 6.5991206e-05
  -49.10964, 3.906e-05, 6.5991206e-05
  -49.103185, 3.906e-05, 6.6183991e-05
  -49.103185, -1.953e-05, 6.6183991e-05
  -49.09673, 7.812e-06, 6.6376875e-05
  -49.090275, 1.5624e-05, 6.656986e-05
  -49.08382, 5.859e-05, 6.6762945e-05
  -49.077365, 3.5154e-05, 6.695613e-05
  -49.07091, -0.00011718, 6.7149415e-05
  -49.07091, 7.812e-06, 6.7149415e-05
  -49.07091, -7.0308e-05, 6.7149415e-05
  -49.051545, 2.7342e-05, 6.7729874e-05
  -49.04509, 7.812e-06, 6.7923561e-05
  -49.038635, -1.1718e-05, 6.8117348e-05
  -49.03218, 2.7342e-05, 6.8311236e-05
  -49.03218, 0.000132804, 6.8311236e-05
  -49.025725, -0.000121086, 6.8505225e-05
  -49.01927, 0.000226548, 6.8699314e-05
  -49.012815, -7.0308e-05, 6.8893504e-05
  -49.012815, 8.5932e-05, 6.8893504e-05
  -49.012815, 6.6402e-05, 6.8893504e-05
  -49.00636, 0.000124992, 6.9087795e-05
  -49.00636, -2.7342e-05, 6.9087795e-05
  -49.00636, -2.3436e-05, 6.9087795e-05
  -49.00636, -3.906e-05, 6.9087795e-05
  -48.999905, 0.000265608, 6.9282187e-05
  -48.999905, 9.765e-05, 6.9282187e-05
  -48.999905, 3.906e-05, 6.9282187e-05
  -48.999905, 6.6402e-05, 6.9282187e-05
  -48.999905, 7.812e-05, 6.9282187e-05
  -48.99345, -9.3744e-05, 6.947668e-05
  -48.99345, 0.000269514, 6.947668e-05
  -48.986995, 6.2496e-05, 6.9671274e-05
  -48.986995, 0.000304668, 6.9671274e-05
  -48.986995, 0.000128898, 6.9671274e-05
  -48.98054, 0.000101556, 6.9865968e-05
  -48.98054, 8.5932e-05, 6.9865968e-05
  -48.98054, 0.000128898, 6.9865968e-05
  -48.98054, -2.3436e-05, 6.9865968e-05
  -48.974085, 0.00011718, 7.0060764e-05
  -48.974085, 6.2496e-05, 7.0060764e-05
  -48.974085, 0.000109368, 7.0060764e-05
  -48.974085, 0.00011718, 7.0060764e-05
  -48.96763, 5.0778e-05, 7.0255661e-05
  -48.961175, -4.2966e-05, 7.0450659e-05
  -48.961175, 5.859e-05, 7.0450659e-05
  -48.95472, 1.1718e-05, 7.0645759e-05
  -48.95472, 0.000152334, 7.0645759e-05
  -48.95472, 5.0778e-05, 7.0645759e-05
  -48.95472, 0.000152334, 7.0645759e-05
  -48.95472, 7.0308e-05, 7.0645759e-05
  -48.948265, 0.000203112, 7.0840959e-05
  -48.948265, 7.0308e-05, 7.0840959e-05
  -48.948265, 0.000144522, 7.0840959e-05
  -48.948265, 6.2496e-05, 7.0840959e-05
  -48.9289, 1.5624e-05, 7.142717e-05
  -48.9289, 5.4684e-05, 7.142717e-05
  -48.909535, 0.00011718, 7.2014293e-05
  -48.909535, 3.1248e-05, 7.2014293e-05
  -48.90308, -2.3436e-05, 7.2210205e-05
  -48.896625, -2.7342e-05, 7.2406218e-05
  -48.883715, 0.000105462, 7.2798549e-05
  -48.87726, 0.000105462, 7.2994868e-05
  -48.870805, 0.000109368, 7.3191288e-05
  -48.86435, -7.812e-05, 7.3387811e-05
  -48.857895, 0.000152334, 7.3584435e-05
  -48.857895, 7.812e-05, 7.3584435e-05
  -48.83853, 0.00011718, 7.4174922e-05
  -48.832075, 3.5154e-05, 7.4371956e-05
  -48.82562, 5.859e-05, 7.4569091e-05
  -48.81271, 3.906e-05, 7.496367e-05
  -48.806255, 9.765e-05, 7.5161113e-05
  -48.78689, 0.000113274, 7.5754058e-05
  -48.780435, 8.2026e-05, 7.5951912e-05
  -48.77398, 0.000128898, 7.6149869e-05
  -48.767525, 0.000140616, 7.6347928e-05
  -48.76107, 4.6872e-05, 7.654609e-05
  -48.76107, 0.000105462, 7.654609e-05
  -48.754615, 0.000105462, 7.6744356e-05
  -48.754615, 0.000132804, 7.6744356e-05
  -48.74816, 3.1248e-05, 7.6942724e-05
  -48.72234, -6.2496e-05, 7.7737228e-05
  -48.72234, -9.3744e-05, 7.7737228e-05
  -48.70943, -3.1248e-05, 7.81351e-05
  -48.69652, -5.0778e-05, 7.8533385e-05
  -48.677155, 3.1248e-05, 7.913159e-05
  -48.6707, -5.859e-05, 7.9331199e-05
  -48.651335, -0.000113274, 7.9930648e-05
  -48.63197, 3.906e-05, 8.0531032e-05
  -48.625515, 6.2496e-05, 8.0731368e-05
  -48.61906, 0.00013671, 8.0931808e-05
  -48.60615, 0.000113274, 8.1333001e-05
  -48.60615, 0.00013671, 8.1333001e-05
  -48.60615, 0.000148428, 8.1333001e-05
  -48.599695, 0.000171864, 8.1533754e-05
  -48.599695, 0.000101556, 8.1533754e-05
  -48.59324, 0.000191394, 8.1734612e-05
  -48.586785, 7.0308e-05, 8.1935573e-05
  -48.586785, 0.000128898, 8.1935573e-05
  -48.58033, 0.00025389, 8.213664e-05
  -48.58033, 3.906e-06, 8.213664e-05
  -48.58033, 1.1718e-05, 8.213664e-05
  -48.58033, 0, 8.213664e-05
  -48.55451, -8.9838e-05, 8.294195e-05
  -48.55451, 8.2026e-05, 8.294195e-05
  -48.52869, 0.000164052, 8.3748937e-05
  -48.522235, 8.9838e-05, 8.3950946e-05
  -48.509325, -7.812e-06, 8.4355279e-05
  -48.50287, 1.5624e-05, 8.4557603e-05
  -48.483505, -2.3436e-05, 8.5165208e-05
  -48.47705, -7.812e-06, 8.5367953e-05
  -48.47705, 7.812e-05, 8.5367953e-05
  -48.470595, 7.0308e-05, 8.5570804e-05
  -48.46414, -4.2966e-05, 8.577376e-05
  -48.457685, 7.812e-05, 8.5976822e-05
  -48.457685, 4.6872e-05, 8.5976822e-05
  -48.431865, 1.1718e-05, 8.6790126e-05
  -48.431865, 0.000164052, 8.6790126e-05
  -48.431865, 0.000164052, 8.6790126e-05
  -48.42541, 0.000132804, 8.6993716e-05
  -48.42541, 0.000101556, 8.6993716e-05
  -48.406045, 5.859e-05, 8.7605123e-05
  -48.39959, 9.765e-05, 8.7809137e-05
  -48.393135, -7.812e-06, 8.8013258e-05
  -48.393135, 7.812e-05, 8.8013258e-05
  -48.38668, 4.2966e-05, 8.8217484e-05
  -48.37377, -1.5624e-05, 8.8626256e-05
  -48.367315, 1.5624e-05, 8.8830802e-05
  -48.367315, 0.000152334, 8.8830802e-05
  -48.367315, 7.4214e-05, 8.8830802e-05
  -48.367315, 0.000203112, 8.8830802e-05
  -48.36086, 0.000101556, 8.9035453e-05
  -48.354405, -6.6402e-05, 8.9240212e-05
  -48.354405, 0.000148428, 8.9240212e-05
  -48.341495, 3.906e-06, 8.9650048e-05
  -48.328585, -5.859e-05, 9.006031e-05
  -48.32213, 0.000121086, 9.0265602e-05
  -48.315675, 1.5624e-05, 9.0471e-05
  -48.30922, 0.000109368, 9.0676505e-05
  -48.30922, 7.4214e-05, 9.0676505e-05
  -48.302765, -2.3436e-05, 9.0882117e-05
  -48.2834, 8.9838e-05, 9.1499595e-05
  -48.2834, 0.000109368, 9.1499595e-05
  -48.27049, 0.00011718, 9.1911782e-05
  -48.264035, 0.000113274, 9.2118037e-05
  -48.264035, 1.1718e-05, 9.2118037e-05
  -48.264035, 0.000199206, 9.2118037e-05
  -48.25758, 0.000164052, 9.2324398e-05
  -48.251125, 0.000109368, 9.2530868e-05
  -48.251125, -6.2496e-05, 9.2530868e-05
  -48.24467, -6.2496e-05, 9.2737444e-05
  -48.24467, 4.2966e-05, 9.2737444e-05
  -48.24467, 0.000160146, 9.2737444e-05
  -48.238215, 2.3436e-05, 9.2944129e-05
  -48.238215, 0.000124992, 9.2944129e-05
  -48.23176, 0.000144522, 9.315092e-05
  -48.23176, 0.000230454, 9.315092e-05
  -48.23176, 0.000109368, 9.315092e-05
  -48.23176, 0.000343728, 9.315092e-05
  -48.23176, 4.6872e-05, 9.315092e-05
  -48.23176, 7.0308e-05, 9.315092e-05
  -48.225305, 6.6402e-05, 9.3357819e-05
  -48.225305, 0.0001953, 9.3357819e-05
  -48.225305, 0.000179676, 9.3357819e-05
  -48.225305, 0.000148428, 9.3357819e-05
  -48.225305, 3.906e-05, 9.3357819e-05
  -48.21885, 5.0778e-05, 9.3564826e-05
  -48.21885, -7.0308e-05, 9.3564826e-05
  -48.21885, 4.2966e-05, 9.3564826e-05
  -48.21885, 0.000167958, 9.3564826e-05
  -48.212395, 3.1248e-05, 9.3771941e-05
  -48.212395, 6.2496e-05, 9.3771941e-05
  -48.20594, 3.1248e-05, 9.3979163e-05
  -48.20594, 8.9838e-05, 9.3979163e-05
  -48.20594, 7.4214e-05, 9.3979163e-05
  -48.199485, 0.000269514, 9.4186494e-05
  -48.199485, 0.000101556, 9.4186494e-05
  -48.199485, 0.000132804, 9.4186494e-05
  -48.199485, 0.00021483, 9.4186494e-05
  -48.199485, 2.7342e-05, 9.4186494e-05
  -48.199485, 7.0308e-05, 9.4186494e-05
  -48.199485, 6.2496e-05, 9.4186494e-05
  -48.19303, 2.7342e-05, 9.4393932e-05
  -48.19303, 4.6872e-05, 9.4393932e-05
  -48.19303, 0.000124992, 9.4393932e-05
  -48.19303, 0.000113274, 9.4393932e-05
  -48.19303, 0.000164052, 9.4393932e-05
  -48.19303, 0.000300762, 9.4393932e-05
  -48.19303, 0.000109368, 9.4393932e-05
  -48.186575, 0.000304668, 9.4601478e-05
  -48.18012, 0.000226548, 9.4809132e-05
  -48.18012, 0.000187488, 9.4809132e-05
  -48.18012, -1.1718e-05, 9.4809132e-05
  -48.18012, 0.000246078, 9.4809132e-05
  -48.18012, -4.6872e-05, 9.4809132e-05
  -48.173665, 0.000109368, 9.5016894e-05
  -48.173665, 0.000328104, 9.5016894e-05
  -48.173665, 0.00025389, 9.5016894e-05
  -48.173665, 0.000160146, 9.5016894e-05
  -48.173665, -7.812e-06, 9.5016894e-05
  -48.16721, 0.000124992, 9.5224764e-05
  -48.16721, -6.6402e-05, 9.5224764e-05
  -48.16721, 0.000167958, 9.5224764e-05
  -48.16721, 0.00015624, 9.5224764e-05
  -48.16721, -5.4684e-05, 9.5224764e-05
  -48.16721, 5.4684e-05, 9.5224764e-05
  -48.16721, 8.5932e-05, 9.5224764e-05
  -48.16721, 0.000160146, 9.5224764e-05
  -48.160755, 8.9838e-05, 9.5432743e-05
  -48.160755, 0.000124992, 9.5432743e-05
  -48.160755, 0.000269514, 9.5432743e-05
  -48.160755, 0.000109368, 9.5432743e-05
  -48.160755, 0.000242172, 9.5432743e-05
  -48.1543, 0, 9.5640829e-05
  -48.1543, 7.812e-05, 9.5640829e-05
  -48.1543, 0.00013671, 9.5640829e-05
  -48.1543, 3.5154e-05, 9.5640829e-05
  -48.1543, 8.9838e-05, 9.5640829e-05
  -48.1543, 0.000121086, 9.5640829e-05
  -48.147845, 0.00017577, 9.5849024e-05
  -48.147845, 0.00017577, 9.5849024e-05
  -48.14139, 0.000265608, 9.6057328e-05
  -48.14139, 2.7342e-05, 9.6057328e-05
  -48.14139, 0.000140616, 9.6057328e-05
  -48.14139, 8.5932e-05, 9.6057328e-05
  -48.14139, 0.00021483, 9.6057328e-05
  -48.14139, 0.000242172, 9.6057328e-05
  -48.134935, -2.3436e-05, 9.6265739e-05
  -48.134935, 0.00011718, 9.6265739e-05
  -48.134935, 7.4214e-05, 9.6265739e-05
  -48.134935, -3.1248e-05, 9.6265739e-05
  -48.134935, 5.0778e-05, 9.6265739e-05
  -48.134935, 5.859e-05, 9.6265739e-05
  -48.12848, -7.812e-06, 9.6474259e-05
  -48.12848, 0.000296856, 9.6474259e-05
  -48.12848, 0.000140616, 9.6474259e-05
  -48.12848, 0.000124992, 9.6474259e-05
  -48.12848, 8.2026e-05, 9.6474259e-05
  -48.122025, 3.1248e-05, 9.6682888e-05
  -48.122025, 0.000203112, 9.6682888e-05
  -48.122025, 0.000160146, 9.6682888e-05
  -48.122025, 0.000199206, 9.6682888e-05
  -48.11557, 0.000105462, 9.6891625e-05
  -48.11557, 0.000171864, 9.6891625e-05
  -48.11557, 0.000183582, 9.6891625e-05
  -48.11557, 0.000183582, 9.6891625e-05
  -48.109115, -7.812e-06, 9.7100471e-05
  -48.109115, 4.2966e-05, 9.7100471e-05
  -48.109115, -1.1718e-05, 9.7100471e-05
  -48.109115, 4.6872e-05, 9.7100471e-05
  -48.109115, 0.000187488, 9.7100471e-05
  -48.10266, 0.000132804, 9.7309426e-05
  -48.10266, 5.0778e-05, 9.7309426e-05
  -48.10266, 0, 9.7309426e-05
  -48.096205, 0.000148428, 9.7518489e-05
  -48.096205, 0.000207018, 9.7518489e-05
  -48.083295, 0.000289044, 9.7936942e-05
  -48.083295, 3.906e-06, 9.7936942e-05
  -48.083295, -2.7342e-05, 9.7936942e-05
  -48.083295, -9.3744e-05, 9.7936942e-05
  -48.083295, -1.5624e-05, 9.7936942e-05
  -48.083295, 0.00031248, 9.7936942e-05
  -48.07684, 0.00013671, 9.8146332e-05
  -48.07684, 3.5154e-05, 9.8146332e-05
  -48.070385, 1.1718e-05, 9.8355831e-05
  -48.070385, 0.000105462, 9.8355831e-05
  -48.06393, 5.859e-05, 9.8565439e-05
  -48.06393, 0.00011718, 9.8565439e-05
  -48.057475, 0.000210924, 9.8775156e-05
  -48.05102, 9.3744e-05, 9.8984982e-05
  -48.044565, 8.9838e-05, 9.9194918e-05
  -48.044565, 0.000289044, 9.9194918e-05
  -48.044565, 0.000121086, 9.9194918e-05
  -48.03811, -3.5154e-05, 9.9404962e-05
  -48.03811, 0.00025389, 9.9404962e-05
  -48.03811, 0.000164052, 9.9404962e-05
  -48.03811, 0.000124992, 9.9404962e-05
  -48.03811, 3.906e-06, 9.9404962e-05
  -48.03811, -1.5624e-05, 9.9404962e-05
  -48.031655, 0.0003906, 9.9615116e-05
  -48.031655, 3.1248e-05, 9.9615116e-05
  -48.0252, 2.3436e-05, 9.982538e-05
  -48.0252, -3.906e-05, 9.982538e-05
  -48.0252, 7.812e-06, 9.982538e-05
  -48.0252, 0.00015624, 9.982538e-05
  -48.018745, 8.5932e-05, 0.00010003575
  -48.018745, 0.000230454, 0.00010003575
  -48.018745, 0.000109368, 0.00010003575
  -48.018745, 0.000121086, 0.00010003575
  -48.018745, -4.2966e-05, 0.00010003575
  -48.018745, 0.000191394, 0.00010003575
  -48.01229, 8.9838e-05, 0.00010024623
  -48.01229, 0.000121086, 0.00010024623
  -48.01229, 0, 0.00010024623
  -48.01229, 0.00017577, 0.00010024623
  -48.01229, 0.000124992, 0.00010024623
  -48.01229, -2.7342e-05, 0.00010024623
  -48.005835, 0.000144522, 0.00010045683
  -48.005835, 5.4684e-05, 0.00010045683
  -48.005835, 8.9838e-05, 0.00010045683
  -47.99938, 5.0778e-05, 0.00010066753
  -47.99938, 0.000179676, 0.00010066753
  -47.99938, 8.9838e-05, 0.00010066753
  -47.992925, 4.2966e-05, 0.00010087834
  -47.992925, 0.00013671, 0.00010087834
  -47.98647, 4.6872e-05, 0.00010108926
  -47.98647, -7.4214e-05, 0.00010108926
  -47.98647, 0.000277326, 0.00010108926
  -47.980015, 7.812e-06, 0.00010130029
  -47.980015, 0.00031248, 0.00010130029
  -47.980015, 0.000328104, 0.00010130029
  -47.97356, 0.000152334, 0.00010151143
  -47.97356, 0.000199206, 0.00010151143
  -47.954195, 8.2026e-05, 0.00010214551
  -47.954195, 8.2026e-05, 0.00010214551
  -47.94774, 0.000289044, 0.00010235709
  -47.94774, 0.000152334, 0.00010235709
  -47.941285, 1.1718e-05, 0.00010256878
  -47.941285, 0.000152334, 0.00010256878
  -47.93483, 7.812e-05, 0.00010278059
  -47.93483, 3.906e-05, 0.00010278059
  -47.93483, 0, 0.00010278059
  -47.93483, 0.000304668, 0.00010278059
  -47.928375, -1.953e-05, 0.0001029925
  -47.928375, 0.000128898, 0.0001029925
  -47.928375, 5.859e-05, 0.0001029925
  -47.92192, 0.000144522, 0.00010320452
  -47.92192, 0.000121086, 0.00010320452
  -47.92192, 0.00013671, 0.00010320452
  -47.92192, 3.1248e-05, 0.00010320452
  -47.92192, 0.000132804, 0.00010320452
  -47.915465, 0.000121086, 0.00010341665
  -47.915465, 0.000238266, 0.00010341665
  -47.90901, 1.5624e-05, 0.00010362889
  -47.90901, 7.812e-05, 0.00010362889
  -47.90901, 7.0308e-05, 0.00010362889
  -47.902555, 0.000105462, 0.00010384125
  -47.8961, -1.1718e-05, 0.00010405371
  -47.8961, 0.000218736, 0.00010405371
  -47.8961, 0.000222642, 0.00010405371
  -47.8961, 3.1248e-05, 0.00010405371
  -47.8961, -4.2966e-05, 0.00010405371
  -47.889645, 0.000144522, 0.00010426628
  -47.889645, 4.2966e-05, 0.00010426628
  -47.889645, 6.6402e-05, 0.00010426628
  -47.889645, 0.000144522, 0.00010426628
  -47.88319, 3.5154e-05, 0.00010447897
  -47.88319, 7.0308e-05, 0.00010447897
  -47.876735, 0.000289044, 0.00010469176
  -47.876735, 0.000238266, 0.00010469176
  -47.876735, 2.3436e-05, 0.00010469176
  -47.863825, 0.000109368, 0.00010511769
  -47.863825, -4.2966e-05, 0.00010511769
  -47.85737, 9.3744e-05, 0.00010533081
  -47.85737, 0.000113274, 0.00010533081
  -47.85737, 0.000113274, 0.00010533081
  -47.850915, 1.5624e-05, 0.00010554405
  -47.850915, 8.9838e-05, 0.00010554405
  -47.850915, -1.5624e-05, 0.00010554405
  -47.850915, -1.953e-05, 0.00010554405
  -47.850915, 0.000109368, 0.00010554405
  -47.850915, -7.812e-06, 0.00010554405
  -47.84446, -2.7342e-05, 0.0001057574
  -47.838005, 0.000246078, 0.00010597086
  -47.838005, 6.6402e-05, 0.00010597086
  -47.83155, 2.3436e-05, 0.00010618444
  -47.825095, 4.6872e-05, 0.00010639812
  -47.825095, 0.000210924, 0.00010639812
  -47.81864, 8.2026e-05, 0.00010661191
  -47.81864, 0.000124992, 0.00010661191
  -47.81864, 8.5932e-05, 0.00010661191
  -47.812185, 6.2496e-05, 0.00010682582
  -47.812185, 7.812e-05, 0.00010682582
  -47.812185, 1.1718e-05, 0.00010682582
  -47.812185, 0.000222642, 0.00010682582
  -47.80573, 3.906e-05, 0.00010703984
  -47.80573, 0.000128898, 0.00010703984
  -47.799275, 1.1718e-05, 0.00010725397
  -47.799275, 0.000210924, 0.00010725397
  -47.786365, 0.00035154, 0.00010768256
  -47.786365, -6.6402e-05, 0.00010768256
  -47.767, 9.765e-05, 0.00010832628
  -47.767, 1.1718e-05, 0.00010832628
  -47.760545, 0.00035154, 0.00010854108
  -47.760545, 0.000359352, 0.00010854108
  -47.75409, 0.000152334, 0.00010875599
  -47.75409, 3.906e-05, 0.00010875599
  -47.747635, 0.000425754, 0.00010897102
  -47.74118, 5.859e-05, 0.00010918615
  -47.74118, 0.000101556, 0.00010918615
  -47.74118, 0.000167958, 0.00010918615
  -47.734725, 1.1718e-05, 0.0001094014
  -47.734725, 8.5932e-05, 0.0001094014
  -47.72827, 0.000164052, 0.00010961675
  -47.72827, 0.000222642, 0.00010961675
  -47.721815, 3.1248e-05, 0.00010983222
  -47.721815, 0.000171864, 0.00010983222
  -47.721815, 0.000210924, 0.00010983222
  -47.721815, 8.2026e-05, 0.00010983222
  -47.71536, 4.2966e-05, 0.00011004781
  -47.71536, 7.0308e-05, 0.00011004781
  -47.708905, 8.5932e-05, 0.0001102635
  -47.70245, 4.2966e-05, 0.00011047931
  -47.695995, 9.3744e-05, 0.00011069523
  -47.68954, 0.000113274, 0.00011091126
  -47.683085, 0.000113274, 0.00011112741
  -47.683085, 9.765e-05, 0.00011112741
  -47.683085, 0.000121086, 0.00011112741
  -47.683085, 7.812e-05, 0.00011112741
  -47.670175, 0.00011718, 0.00011156003
  -47.670175, 0.000128898, 0.00011156003
  -47.66372, 5.4684e-05, 0.00011177652
  -47.66372, 0.000105462, 0.00011177652
  -47.66372, 0.000148428, 0.00011177652
  -47.66372, 0.000238266, 0.00011177652
  -47.66372, 0.000191394, 0.00011177652
  -47.66372, 9.3744e-05, 0.00011177652
  -47.657265, 0.000394506, 0.00011199311
  -47.657265, 0.000132804, 0.00011199311
  -47.65081, -5.4684e-05, 0.00011220982
  -47.65081, 0.000183582, 0.00011220982
  -47.6379, 1.1718e-05, 0.00011264358
  -47.631445, 0.000152334, 0.00011286062
  -47.62499, 0.000113274, 0.00011307778
  -47.618535, 8.5932e-05, 0.00011329505
  -47.618535, 0.000105462, 0.00011329505
  -47.618535, 0.000109368, 0.00011329505
  -47.61208, 0.00023436, 0.00011351244
  -47.61208, 0.000281232, 0.00011351244
  -47.61208, 5.859e-05, 0.00011351244
  -47.61208, 0.000218736, 0.00011351244
  -47.605625, 8.5932e-05, 0.00011372994
  -47.605625, 0.000152334, 0.00011372994
  -47.59917, 0.0001953, 0.00011394755
  -47.59917, 0.000304668, 0.00011394755
  -47.59917, 0.000113274, 0.00011394755
  -47.59917, 0.000132804, 0.00011394755
  -47.592715, 8.2026e-05, 0.00011416528
  -47.592715, 0.000167958, 0.00011416528
  -47.592715, 9.3744e-05, 0.00011416528
  -47.579805, 0.000113274, 0.00011460107
  -47.57335, 0.00011718, 0.00011481914
  -47.57335, 1.953e-05, 0.00011481914
  -47.57335, 0.000105462, 0.00011481914
  -47.566895, -1.953e-05, 0.00011503732
  -47.566895, 0.00011718, 0.00011503732
  -47.566895, 0, 0.00011503732
  -47.553985, -2.7342e-05, 0.00011547402
  -47.541075, 9.765e-05, 0.00011591117
  -47.541075, 3.5154e-05, 0.00011591117
  -47.53462, 7.0308e-05, 0.00011612992
  -47.53462, 0.000121086, 0.00011612992
  -47.53462, 0.000124992, 0.00011612992
  -47.528165, 0.000140616, 0.00011634878
  -47.528165, 7.0308e-05, 0.00011634878
  -47.52171, 0.000152334, 0.00011656776
  -47.52171, 0.000187488, 0.00011656776
  -47.52171, 0.00017577, 0.00011656776
  -47.52171, 0.000203112, 0.00011656776
  -47.52171, 0.000128898, 0.00011656776
  -47.515255, 9.765e-05, 0.00011678685
  -47.515255, 3.906e-05, 0.00011678685
  -47.5088, 0.000246078, 0.00011700606
  -47.5088, 0.000105462, 0.00011700606
  -47.502345, 0.000226548, 0.00011722538
  -47.502345, 1.953e-05, 0.00011722538
  -47.49589, 0.00023436, 0.00011744481
  -47.489435, 0.000152334, 0.00011766436
  -47.489435, 0.000183582, 0.00011766436
  -47.489435, 8.2026e-05, 0.00011766436
  -47.48298, 0.000140616, 0.00011788402
  -47.476525, 9.3744e-05, 0.00011810379
  -47.476525, 0.000144522, 0.00011810379
  -47.47007, 9.765e-05, 0.00011832368
  -47.463615, 6.2496e-05, 0.00011854369
  -47.463615, 7.0308e-05, 0.00011854369
  -47.463615, 0.000109368, 0.00011854369
  -47.463615, 0.000152334, 0.00011854369
  -47.463615, 0.000179676, 0.00011854369
  -47.45716, 3.1248e-05, 0.00011876381
  -47.450705, 2.7342e-05, 0.00011898404
  -47.450705, 0.000164052, 0.00011898404
  -47.437795, 1.1718e-05, 0.00011942486
  -47.43134, 0.000124992, 0.00011964544
  -47.43134, 0.000269514, 0.00011964544
  -47.43134, 4.6872e-05, 0.00011964544
  -47.424885, 0.0001953, 0.00011986613
  -47.424885, 0.0001953, 0.00011986613
  -47.41843, 0.00013671, 0.00012008694
  -47.41843, 8.2026e-05, 0.00012008694
  -47.41843, 6.6402e-05, 0.00012008694
  -47.41843, 0.000152334, 0.00012008694
  -47.411975, 0.000132804, 0.00012030786
  -47.411975, 0.00013671, 0.00012030786
  -47.411975, 0.000105462, 0.00012030786
  -47.411975, 6.6402e-05, 0.00012030786
  -47.411975, 0.000210924, 0.00012030786
  -47.411975, 0.000124992, 0.00012030786
  -47.40552, 5.0778e-05, 0.0001205289
  -47.40552, 0.000113274, 0.0001205289
  -47.40552, 0.000105462, 0.0001205289
  -47.40552, 0.000207018, 0.0001205289
  -47.40552, 0.000140616, 0.0001205289
  -47.399065, 0.000304668, 0.00012075005
  -47.399065, 0.000296856, 0.00012075005
  -47.399065, 0.00017577, 0.00012075005
  -47.399065, 6.6402e-05, 0.00012075005
  -47.386155, -7.812e-05, 0.00012119271
  -47.3797, 0.000261702, 0.00012141421
  -47.36679, 0.000140616, 0.00012185755
  -47.36679, 0.000171864, 0.00012185755
  -47.36679, 1.5624e-05, 0.00012185755
  -47.36679, 0.000171864, 0.00012185755
  -47.360335, 0.00017577, 0.0001220794
  -47.360335, 0.0001953, 0.0001220794
  -47.360335, 8.2026e-05, 0.0001220794
  -47.347425, 6.2496e-05, 0.00012252344
  -47.334515, 0, 0.00012296794
  -47.32806, 0.000124992, 0.00012319036
  -47.32806, 0.000132804, 0.00012319036
  -47.321605, 7.4214e-05, 0.0001234129
  -47.31515, 0.000124992, 0.00012363556
  -47.30224, 0.000171864, 0.00012408122
  -47.30224, 3.5154e-05, 0.00012408122
  -47.282875, 0.000191394, 0.00012475058
  -47.282875, 0.000246078, 0.00012475058
  -47.27642, 8.5932e-05, 0.00012497393
  -47.27642, 0.000355446, 0.00012497393
  -47.27642, 1.5624e-05, 0.00012497393
  -47.27642, -6.6402e-05, 0.00012497393
  -47.269965, 0.00025389, 0.0001251974
  -47.257055, 0.00031248, 0.00012564469
  -47.2506, 3.5154e-05, 0.0001258685
  -47.2506, 0.000101556, 0.0001258685
  -47.2506, -1.953e-05, 0.0001258685
  -47.231235, 0.000281232, 0.00012654066
  -47.231235, 0.000183582, 0.00012654066
  -47.22478, 0.000140616, 0.00012676494
  -47.22478, -2.3436e-05, 0.00012676494
  -47.21187, 0.000113274, 0.00012721386
  -47.205415, 0.000124992, 0.0001274385
  -47.192505, 0.000121086, 0.00012788812
  -47.192505, 0.000210924, 0.00012788812
  -47.18605, 3.906e-05, 0.00012811311
  -47.18605, 0.00027342, 0.00012811311
  -47.179595, 0.000191394, 0.00012833821
  -47.17314, 1.1718e-05, 0.00012856344
  -47.14732, 0.000101556, 0.00012946549
  -47.14732, 0.00021483, 0.00012946549
  -47.13441, 0.000226548, 0.00012991723
  -47.127955, 0.00017577, 0.00013014327
  -47.127955, 5.859e-05, 0.00013014327
  -47.1215, 6.6402e-05, 0.00013036943
  -47.115045, 5.859e-05, 0.00013059571
  -47.10859, 0.000101556, 0.00013082211
  -47.102135, 0.000199206, 0.00013104863
  -47.089225, 7.4214e-05, 0.00013150201
  -47.076315, 0.000199206, 0.00013195587
  -47.06986, 8.9838e-05, 0.00013218297
  -47.050495, 4.6872e-05, 0.000132865
  -47.050495, 1.953e-05, 0.000132865
  -47.050495, 0.000167958, 0.000132865
  -47.037585, 0.000101556, 0.00013332028
  -47.037585, -7.812e-06, 0.00013332028
  -47.03113, 4.2966e-05, 0.00013354809
  -47.03113, 8.5932e-05, 0.00013354809
  -47.01822, 4.2966e-05, 0.00013400408
  -47.011765, 0.000199206, 0.00013423226
  -47.00531, 0.000249984, 0.00013446055
  -46.998855, 0.000285138, 0.00013468896
  -46.998855, 0.000249984, 0.00013468896
  -46.9924, 0.000355446, 0.00013491749
  -46.985945, 0.000296856, 0.00013514613
  -46.97949, 0.000148428, 0.0001353749
  -46.97949, 0.000152334, 0.0001353749
  -46.973035, 2.7342e-05, 0.00013560379
  -46.973035, 0.000124992, 0.00013560379
  -46.973035, 0.000199206, 0.00013560379
  -46.973035, 0.00015624, 0.00013560379
  -46.960125, 0.00011718, 0.00013606192
  -46.960125, 5.859e-05, 0.00013606192
  -46.94076, 0.000160146, 0.00013675001
  -46.94076, 0.000164052, 0.00013675001
  -46.934305, 0.000222642, 0.00013697961
  -46.934305, 0.000113274, 0.00013697961
  -46.934305, 0.000238266, 0.00013697961
  -46.921395, 0.000144522, 0.00013743918
  -46.921395, 0.000179676, 0.00013743918
  -46.91494, 4.6872e-05, 0.00013766914
  -46.895575, 2.7342e-05, 0.00013835974
  -46.895575, 0.000128898, 0.00013835974
  -46.88912, 8.2026e-05, 0.00013859018
  -46.88912, 5.0778e-05, 0.00013859018
  -46.88912, 7.0308e-05, 0.00013859018
  -46.869755, 2.7342e-05, 0.00013928223
  -46.8633, 3.906e-05, 0.00013951315
  -46.85039, 7.812e-05, 0.00013997535
  -46.831025, 7.4214e-05, 0.00014066956
  -46.82457, 3.5154e-05, 0.0001409012
  -46.818115, 0.000132804, 0.00014113297
  -46.818115, 0.000140616, 0.00014113297
  -46.818115, 0.000207018, 0.00014113297
  -46.805205, 0.00015624, 0.00014159686
  -46.805205, 0.0001953, 0.00014159686
  -46.79875, 0.000265608, 0.00014182899
  -46.792295, 0.00025389, 0.00014206124
  -46.78584, 0.0001953, 0.0001422936
  -46.779385, 5.859e-05, 0.00014252609
  -46.779385, 9.3744e-05, 0.00014252609
  -46.779385, 8.9838e-05, 0.00014252609
  -46.766475, -4.2966e-05, 0.00014299144
  -46.753565, -1.5624e-05, 0.00014345726
  -46.74711, -3.906e-05, 0.00014369036
  -46.74711, 9.765e-05, 0.00014369036
  -46.7342, 0.00013671, 0.00014415692
  -46.727745, 6.2496e-05, 0.00014439038
  -46.72129, 6.6402e-05, 0.00014462396
  -46.70838, 2.7342e-05, 0.00014509149
  -46.70838, 4.2966e-05, 0.00014509149
  -46.701925, 3.906e-05, 0.00014532543
  -46.701925, 0.0001953, 0.00014532543
  -46.69547, 5.0778e-05, 0.0001455595
  -46.689015, 0.000265608, 0.00014579369
  -46.68256, 7.0308e-05, 0.000146028
  -46.68256, 9.765e-05, 0.000146028
  -46.68256, 0.00029295, 0.000146028
  -46.68256, -6.6402e-05, 0.000146028
  -46.676105, 0.00015624, 0.00014626244
  -46.676105, 0.000296856, 0.00014626244
  -46.676105, 4.2966e-05, 0.00014626244
  -46.676105, 0.000308574, 0.00014626244
  -46.66965, 0.000160146, 0.00014649699
  -46.663195, 0.000265608, 0.00014673167
  -46.663195, 0.000179676, 0.00014673167
  -46.663195, 0.000160146, 0.00014673167
  -46.650285, 0.00025389, 0.0001472014
  -46.650285, 0.00011718, 0.0001472014
  -46.650285, 0.00031248, 0.0001472014
  -46.650285, -2.7342e-05, 0.0001472014
  -46.64383, 1.5624e-05, 0.00014743644
  -46.64383, 0.000191394, 0.00014743644
  -46.64383, 0.000187488, 0.00014743644
  -46.637375, 2.7342e-05, 0.00014767161
  -46.637375, 0.000402318, 0.00014767161
  -46.63092, 0.000265608, 0.0001479069
  -46.63092, 9.3744e-05, 0.0001479069
  -46.63092, 0.000113274, 0.0001479069
  -46.624465, 0.000207018, 0.00014814231
  -46.624465, 0.000113274, 0.00014814231
  -46.624465, 0.000187488, 0.00014814231
  -46.61801, 0.000339822, 0.00014837785
  -46.611555, 0.000230454, 0.0001486135
  -46.611555, 0.000152334, 0.0001486135
  -46.611555, 2.3436e-05, 0.0001486135
  -46.611555, 0.0001953, 0.0001486135
  -46.6051, 0.00013671, 0.00014884929
  -46.6051, 7.812e-05, 0.00014884929
  -46.6051, 0.000441378, 0.00014884929
  -46.598645, 0.000160146, 0.00014908519
  -46.598645, 0.000171864, 0.00014908519
  -46.598645, 0.000210924, 0.00014908519
  -46.598645, 4.6872e-05, 0.00014908519
  -46.598645, -9.765e-05, 0.00014908519
  -46.598645, 0.000113274, 0.00014908519
  -46.585735, 9.3744e-05, 0.00014955736
  -46.57928, 0.000109368, 0.00014979364
  -46.57928, 0.000144522, 0.00014979364
  -46.57928, 0.0003906, 0.00014979364
  -46.57928, 0.000242172, 0.00014979364
  -46.57928, 8.2026e-05, 0.00014979364
  -46.57928, 0.000363258, 0.00014979364
  -46.57928, 0.00027342, 0.00014979364
  -46.572825, 0.000222642, 0.00015003003
  -46.572825, 0.000269514, 0.00015003003
  -46.572825, 0.00027342, 0.00015003003
  -46.572825, 0.00015624, 0.00015003003
  -46.56637, 2.3436e-05, 0.00015026655
  -46.559915, 0.0001953, 0.00015050319
  -46.55346, 0.000222642, 0.00015073995
  -46.55346, 0.000222642, 0.00015073995
  -46.547005, 1.5624e-05, 0.00015097684
  -46.547005, 0.000128898, 0.00015097684
  -46.547005, 0.00027342, 0.00015097684
  -46.54055, 5.4684e-05, 0.00015121385
  -46.54055, 0.000128898, 0.00015121385
  -46.534095, 0.000226548, 0.00015145099
  -46.534095, 0.000285138, 0.00015145099
  -46.52764, 4.2966e-05, 0.00015168825
  -46.52764, 0.000277326, 0.00015168825
  -46.52764, 0.000246078, 0.00015168825
  -46.52764, 0.000171864, 0.00015168825
  -46.521185, 6.6402e-05, 0.00015192563
  -46.521185, 0.000277326, 0.00015192563
  -46.521185, 0.000128898, 0.00015192563
  -46.521185, 0.000124992, 0.00015192563
  -46.521185, 0.000285138, 0.00015192563
  -46.51473, 0, 0.00015216313
  -46.51473, 0.000199206, 0.00015216313
  -46.508275, 9.765e-05, 0.00015240076
  -46.508275, 5.4684e-05, 0.00015240076
  -46.508275, 0.000140616, 0.00015240076
  -46.508275, 0.00025389, 0.00015240076
  -46.508275, 0.000289044, 0.00015240076
  -46.508275, 0.000257796, 0.00015240076
  -46.508275, -6.2496e-05, 0.00015240076
  -46.50182, 0.000269514, 0.00015263851
  -46.50182, 0.00017577, 0.00015263851
  -46.50182, 6.6402e-05, 0.00015263851
  -46.495365, 0.000105462, 0.00015287639
  -46.495365, 0.00033201, 0.00015287639
  -46.495365, 0.000124992, 0.00015287639
  -46.495365, 0.000316386, 0.00015287639
  -46.495365, 0.000246078, 0.00015287639
  -46.495365, 7.812e-06, 0.00015287639
  -46.495365, 1.5624e-05, 0.00015287639
  -46.495365, 0.000121086, 0.00015287639
  -46.48891, 5.859e-05, 0.00015311439
  -46.48891, 0.000167958, 0.00015311439
  -46.48891, 0.000249984, 0.00015311439
  -46.482455, 7.812e-05, 0.00015335251
  -46.482455, 9.3744e-05, 0.00015335251
  -46.482455, 0.000113274, 0.00015335251
  -46.476, 5.4684e-05, 0.00015359076
  -46.476, 0.000281232, 0.00015359076
  -46.476, 5.859e-05, 0.00015359076
  -46.469545, 0.000316386, 0.00015382913
  -46.45018, 0.000199206, 0.00015454499
  -46.45018, 0.00021483, 0.00015454499
  -46.45018, 0.000230454, 0.00015454499
  -46.443725, 0.000304668, 0.00015478386
  -46.43727, -3.906e-06, 0.00015502285
  -46.430815, 0.000242172, 0.00015526197
  -46.42436, 6.6402e-05, 0.00015550121
  -46.42436, 0.000132804, 0.00015550121
  -46.417905, 3.5154e-05, 0.00015574058
  -46.417905, -1.953e-05, 0.00015574058
  -46.417905, -7.812e-06, 0.00015574058
  -46.417905, 0.000210924, 0.00015574058
  -46.417905, 3.906e-05, 0.00015574058
  -46.41145, 0.000324198, 0.00015598007
  -46.404995, 3.1248e-05, 0.00015621968
  -46.39854, 0.000140616, 0.00015645942
  -46.39854, 6.2496e-05, 0.00015645942
  -46.392085, 0.000167958, 0.00015669929
  -46.392085, 0.000132804, 0.00015669929
  -46.392085, 0.00027342, 0.00015669929
  -46.392085, 0.0001953, 0.00015669929
  -46.38563, 0.000203112, 0.00015693928
  -46.38563, 0.000296856, 0.00015693928
  -46.38563, 0.00015624, 0.00015693928
  -46.379175, -2.7342e-05, 0.00015717939
  -46.379175, 0.0001953, 0.00015717939
  -46.379175, 0.00021483, 0.00015717939
  -46.379175, 0.000222642, 0.00015717939
  -46.37272, 0.000113274, 0.00015741963
  -46.366265, 0.000191394, 0.00015766
  -46.366265, 0.000167958, 0.00015766
  -46.366265, 5.859e-05, 0.00015766
  -46.366265, -6.6402e-05, 0.00015766
  -46.366265, 9.3744e-05, 0.00015766
  -46.35981, 0.000335916, 0.00015790049
  -46.35981, 0.00015624, 0.00015790049
  -46.35981, 6.2496e-05, 0.00015790049
  -46.35981, 0.000152334, 0.00015790049
  -46.35981, 0.00011718, 0.00015790049
  -46.353355, 0.000148428, 0.0001581411
  -46.353355, 4.6872e-05, 0.0001581411
  -46.353355, 0.00025389, 0.0001581411
  -46.353355, 0.00023436, 0.0001581411
  -46.353355, 0.000105462, 0.0001581411
  -46.3469, 0.000183582, 0.00015838184
  -46.340445, 0.000183582, 0.00015862271
  -46.340445, 0.000128898, 0.00015862271
  -46.327535, 4.2966e-05, 0.00015910481
  -46.327535, 2.3436e-05, 0.00015910481
  -46.32108, 0.000277326, 0.00015934606
  -46.32108, 0.000183582, 0.00015934606
  -46.32108, 0.00025389, 0.00015934606
  -46.314625, 0.000226548, 0.00015958742
  -46.314625, -1.5624e-05, 0.00015958742
  -46.314625, 8.9838e-05, 0.00015958742
  -46.30817, 0.000355446, 0.00015982892
  -46.30817, 0.000128898, 0.00015982892
  -46.30817, 0.000105462, 0.00015982892
  -46.30817, 0.00025389, 0.00015982892
  -46.30817, 0.000183582, 0.00015982892
  -46.29526, 0.000246078, 0.00016031228
  -46.29526, 0.000183582, 0.00016031228
  -46.288805, 0.000124992, 0.00016055415
  -46.288805, 0.000187488, 0.00016055415
  -46.28235, 0.000160146, 0.00016079614
  -46.28235, 0.00021483, 0.00016079614
  -46.28235, 0.000105462, 0.00016079614
  -46.28235, 4.6872e-05, 0.00016079614
  -46.275895, 4.6872e-05, 0.00016103827
  -46.275895, 0.00013671, 0.00016103827
  -46.26944, 0.000222642, 0.00016128051
  -46.26944, 0.00021483, 0.00016128051
  -46.262985, 5.4684e-05, 0.00016152289
  -46.25653, 0.000105462, 0.00016176539
  -46.250075, 0.000246078, 0.00016200801
  -46.250075, 7.812e-05, 0.00016200801
  -46.250075, 0.000210924, 0.00016200801
  -46.24362, 5.859e-05, 0.00016225077
  -46.23071, 8.9838e-05, 0.00016273665
  -46.23071, 5.859e-05, 0.00016273665
  -46.23071, 0.000164052, 0.00016273665
  -46.224255, 6.2496e-05, 0.00016297978
  -46.224255, 0.000289044, 0.00016297978
  -46.2178, 0.000226548, 0.00016322304
  -46.2178, 0.000242172, 0.00016322304
  -46.2178, -3.5154e-05, 0.00016322304
  -46.20489, 8.5932e-05, 0.00016370993
  -46.20489, 0.00025389, 0.00016370993
  -46.20489, 0.000386694, 0.00016370993
  -46.198435, 3.906e-05, 0.00016395357
  -46.198435, 0.000160146, 0.00016395357
  -46.198435, 0.000222642, 0.00016395357
  -46.19198, 0.000222642, 0.00016419734
  -46.19198, 0.00011718, 0.00016419734
  -46.17907, 0.000222642, 0.00016468525
  -46.17907, 5.4684e-05, 0.00016468525
  -46.17907, 0.00015624, 0.00016468525
  -46.172615, 0.000128898, 0.00016492939
  -46.172615, 8.5932e-05, 0.00016492939
  -46.172615, 0.00021483, 0.00016492939
  -46.16616, 0.000140616, 0.00016517366
  -46.16616, 9.3744e-05, 0.00016517366
  -46.159705, 0.000164052, 0.00016541806
  -46.159705, 0.000152334, 0.00016541806
  -46.15325, 0.000328104, 0.00016566259
  -46.15325, 0.000226548, 0.00016566259
  -46.15325, 0.000316386, 0.00016566259
  -46.146795, 0.000320292, 0.00016590724
  -46.146795, 0.000187488, 0.00016590724
  -46.146795, 0.000183582, 0.00016590724
  -46.14034, 0.000199206, 0.00016615202
  -46.133885, -4.6872e-05, 0.00016639693
  -46.133885, 0.000171864, 0.00016639693
  -46.133885, 0.000113274, 0.00016639693
  -46.133885, -1.5624e-05, 0.00016639693
  -46.12743, 0.000183582, 0.00016664197
  -46.12743, 0.000179676, 0.00016664197
  -46.120975, 0.000191394, 0.00016688713
  -46.11452, 0.000304668, 0.00016713242
  -46.11452, 9.3744e-05, 0.00016713242
  -46.108065, 7.812e-06, 0.00016737784
  -46.10161, 1.5624e-05, 0.00016762339
  -46.10161, -5.0778e-05, 0.00016762339
  -46.10161, 0.000171864, 0.00016762339
  -46.095155, 0.00021483, 0.00016786906
  -46.095155, 0.000121086, 0.00016786906
  -46.0887, 6.6402e-05, 0.00016811486
  -46.0887, 0.000308574, 0.00016811486
  -46.0887, 0.000113274, 0.00016811486
  -46.082245, 0.000171864, 0.00016836079
  -46.082245, 7.812e-05, 0.00016836079
  -46.082245, 0.00013671, 0.00016836079
  -46.082245, 0.00013671, 0.00016836079
  -46.082245, 0.000124992, 0.00016836079
  -46.07579, 0.000101556, 0.00016860685
  -46.07579, 5.0778e-05, 0.00016860685
  -46.06288, 0.000144522, 0.00016909935
  -46.056425, 7.0308e-05, 0.00016934579
  -46.04997, 0.000242172, 0.00016959236
  -46.04997, 0.000285138, 0.00016959236
  -46.043515, 0.000164052, 0.00016983905
  -46.043515, 0.00011718, 0.00016983905
  -46.043515, 0.000121086, 0.00016983905
  -46.043515, 3.906e-05, 0.00016983905
  -46.03706, 0.000269514, 0.00017008588
  -46.03706, 0.00027342, 0.00017008588
  -46.03706, 0.000152334, 0.00017008588
  -46.03706, 0.000171864, 0.00017008588
  -46.03706, 0.000160146, 0.00017008588
  -46.030605, 8.9838e-05, 0.00017033283
  -46.02415, 0.00017577, 0.00017057992
  -46.017695, 0.000121086, 0.00017082713
  -46.017695, 0.00013671, 0.00017082713
  -46.01124, 0.000265608, 0.00017107447
  -46.01124, 0.000187488, 0.00017107447
  -46.01124, 0.000218736, 0.00017107447
  -46.01124, 0.000167958, 0.00017107447
  -46.004785, 0.00025389, 0.00017132194
  -45.99833, 0.000238266, 0.00017156953
  -45.991875, 7.812e-05, 0.00017181726
  -45.98542, 0.000160146, 0.00017206511
  -45.98542, 0.000289044, 0.00017206511
  -45.98542, 0.000246078, 0.00017206511
  -45.978965, 0.000171864, 0.0001723131
  -45.978965, 0.000124992, 0.0001723131
  -45.97251, 0.000265608, 0.00017256121
  -45.97251, 0.000199206, 0.00017256121
  -45.97251, 0.000167958, 0.00017256121
  -45.97251, 0.000113274, 0.00017256121
  -45.97251, -3.906e-06, 0.00017256121
  -45.966055, 0.000164052, 0.00017280945
  -45.966055, 0.000281232, 0.00017280945
  -45.966055, 8.2026e-05, 0.00017280945
  -45.9596, 0.000246078, 0.00017305782
  -45.9596, 0.000128898, 0.00017305782
  -45.9596, 0.000187488, 0.00017305782
  -45.9596, 0.000203112, 0.00017305782
  -45.9596, 0.000128898, 0.00017305782
  -45.953145, 0.000359352, 0.00017330632
  -45.953145, 0.000210924, 0.00017330632
  -45.953145, 0.000105462, 0.00017330632
  -45.94669, 0.000140616, 0.00017355495
  -45.94669, 0.000230454, 0.00017355495
  -45.940235, 0.000128898, 0.00017380371
  -45.940235, 0.000109368, 0.00017380371
  -45.940235, 0.000281232, 0.00017380371
  -45.927325, 0.000218736, 0.00017430161
  -45.927325, 2.7342e-05, 0.00017430161
  -45.927325, 0.00017577, 0.00017430161
  -45.92087, 9.3744e-05, 0.00017455076
  -45.914415, 8.2026e-05, 0.00017480004
  -45.914415, -7.812e-06, 0.00017480004
  -45.90796, 0.000105462, 0.00017504944
  -45.901505, 3.5154e-05, 0.00017529898
  -45.901505, 0.000121086, 0.00017529898
  -45.89505, 0.000167958, 0.00017554864
  -45.89505, 0.000164052, 0.00017554864
  -45.88214, 0.000144522, 0.00017604836
  -45.88214, 0.000382788, 0.00017604836
  -45.88214, 0.000113274, 0.00017604836
  -45.875685, 7.4214e-05, 0.00017629842
  -45.875685, 0.000304668, 0.00017629842
  -45.875685, 1.1718e-05, 0.00017629842
  -45.875685, 0.000355446, 0.00017629842
  -45.875685, 0.00023436, 0.00017629842
  -45.875685, 0.000246078, 0.00017629842
  -45.875685, 5.4684e-05, 0.00017629842
  -45.86923, 0.000277326, 0.0001765486
  -45.86923, 0.00025389, 0.0001765486
  -45.86923, 0.000152334, 0.0001765486
  -45.862775, 6.2496e-05, 0.00017679891
  -45.862775, 7.812e-05, 0.00017679891
  -45.85632, 6.2496e-05, 0.00017704936
  -45.85632, 8.5932e-05, 0.00017704936
  -45.85632, 0.000113274, 0.00017704936
  -45.849865, 9.3744e-05, 0.00017729993
  -45.849865, 8.9838e-05, 0.00017729993
  -45.836955, 0.000222642, 0.00017780147
  -45.836955, 9.765e-05, 0.00017780147
  -45.836955, 7.4214e-05, 0.00017780147
  -45.824045, 0.00015624, 0.00017830354
  -45.824045, 0.000167958, 0.00017830354
  -45.81759, 0.000296856, 0.00017855476
  -45.811135, 0.000144522, 0.00017880612
  -45.811135, 0.000226548, 0.00017880612
  -45.811135, 6.6402e-05, 0.00017880612
  -45.80468, 0.000339822, 0.00017905761
  -45.798225, 0.000246078, 0.00017930923
  -45.798225, 0.000218736, 0.00017930923
  -45.798225, 2.3436e-05, 0.00017930923
  -45.798225, 9.765e-05, 0.00017930923
  -45.798225, 0.000187488, 0.00017930923
  -45.79177, 0.000101556, 0.00017956098
  -45.785315, 0.00023436, 0.00017981286
  -45.77886, 4.6872e-05, 0.00018006487
  -45.772405, 0.000132804, 0.00018031701
  -45.76595, 0.00025389, 0.00018056928
  -45.76595, 0.000269514, 0.00018056928
  -45.76595, 1.953e-05, 0.00018056928
  -45.76595, 0.000140616, 0.00018056928
  -45.759495, 0.000144522, 0.00018082169
  -45.759495, 1.1718e-05, 0.00018082169
  -45.759495, 0.000101556, 0.00018082169
  -45.74013, 0.000124992, 0.00018157969
  -45.733675, 0.000210924, 0.00018183261
  -45.72722, 0.000124992, 0.00018208568
  -45.72722, 0.000242172, 0.00018208568
  -45.72722, 9.765e-05, 0.00018208568
  -45.720765, -7.812e-06, 0.00018233887
  -45.71431, 2.3436e-05, 0.00018259219
  -45.71431, 0.000140616, 0.00018259219
  -45.707855, 0.000124992, 0.00018284565
  -45.694945, 0.000238266, 0.00018335295
  -45.694945, 0.000132804, 0.00018335295
  -45.68849, 0.000160146, 0.0001836068
  -45.68849, 5.0778e-05, 0.0001836068
  -45.68849, 0.000207018, 0.0001836068
  -45.682035, 8.5932e-05, 0.00018386078
  -45.682035, 0.000124992, 0.00018386078
  -45.682035, 0.00025389, 0.00018386078
  -45.67558, 0.000242172, 0.0001841149
  -45.67558, 7.0308e-05, 0.0001841149
  -45.67558, 0.000238266, 0.0001841149
  -45.67558, 0.000257796, 0.0001841149
  -45.656215, 0.000124992, 0.00018487803
  -45.643305, 0.00023436, 0.00018538745
  -45.63685, 5.0778e-05, 0.00018564236
  -45.63685, 0.000347634, 0.00018564236
  -45.63685, 0.000203112, 0.00018564236
  -45.62394, 8.2026e-05, 0.00018615257
  -45.62394, 0.000222642, 0.00018615257
  -45.617485, 0.000124992, 0.00018640788
  -45.617485, 0.000335916, 0.00018640788
  -45.61103, 0.000472626, 0.00018666331
  -45.61103, 0.000113274, 0.00018666331
  -45.61103, 0.000132804, 0.00018666331
  -45.61103, 0.000355446, 0.00018666331
  -45.604575, 0.000207018, 0.00018691888
  -45.604575, 0.000222642, 0.00018691888
  -45.604575, 0.000148428, 0.00018691888
  -45.59812, 0.000277326, 0.00018717459
  -45.591665, 0.000304668, 0.00018743042
  -45.591665, 0.000124992, 0.00018743042
  -45.578755, 0.000128898, 0.00018794249
  -45.578755, 7.0308e-05, 0.00018794249
  -45.578755, 0.00033201, 0.00018794249
  -45.578755, 0.00023436, 0.00018794249
  -45.578755, 0.000160146, 0.00018794249
  -45.565845, 0.000109368, 0.00018845509
  -45.565845, 0.000101556, 0.00018845509
  -45.55939, 0.000359352, 0.00018871159
  -45.55939, 0.000171864, 0.00018871159
  -45.552935, 0.000308574, 0.00018896823
  -45.54648, 0.0001953, 0.00018922499
  -45.52066, 0.000226548, 0.0001902534
  -45.52066, -3.906e-05, 0.0001902534
  -45.514205, -3.906e-05, 0.00019051083
  -45.514205, 0.000109368, 0.00019051083
  -45.501295, -2.7342e-05, 0.0001910261
  -45.488385, 0.000164052, 0.0001915419
  -45.475475, 2.7342e-05, 0.00019205824
  -45.475475, 0.000238266, 0.00019205824
  -45.46902, 0.000343728, 0.00019231662
  -45.462565, 0.000164052, 0.00019257512
  -45.45611, 0.000386694, 0.00019283376
  -45.45611, 0.000109368, 0.00019283376
  -45.449655, 0.000249984, 0.00019309253
  -45.449655, 0.000296856, 0.00019309253
  -45.449655, 0.000191394, 0.00019309253
  -45.4432, 0.00029295, 0.00019335144
  -45.436745, 0.00017577, 0.00019361048
  -45.43029, 0.000183582, 0.00019386966
  -45.43029, 0.000249984, 0.00019386966
  -45.43029, 0.000222642, 0.00019386966
  -45.423835, 0.000304668, 0.00019412897
  -45.423835, 0.000191394, 0.00019412897
  -45.423835, 0.000347634, 0.00019412897
  -45.423835, 0.000191394, 0.00019412897
  -45.41738, 0.000261702, 0.00019438842
  -45.41738, 0.000148428, 0.00019438842
  -45.41738, 0.000363258, 0.00019438842
  -45.410925, 0.000152334, 0.000194648
  -45.410925, 0.000187488, 0.000194648
  -45.410925, 0.00025389, 0.000194648
  -45.398015, 0.000339822, 0.00019516757
  -45.385105, 0.00021483, 0.00019568767
  -45.385105, 8.5932e-05, 0.00019568767
  -45.372195, -3.906e-05, 0.00019620832
  -45.372195, 0.00011718, 0.00019620832
  -45.372195, 0.00033201, 0.00019620832
  -45.36574, 0.000199206, 0.00019646884
  -45.346375, 0.000101556, 0.00019725123
  -45.33992, 0.000109368, 0.00019751229
  -45.33992, 0.000124992, 0.00019751229
  -45.320555, 8.9838e-05, 0.0001982963
  -45.294735, 5.859e-05, 0.00019934355
  -45.294735, 7.812e-06, 0.00019934355
  -45.28828, 0.000203112, 0.0001996057
  -45.28828, 0.000300762, 0.0001996057
  -45.27537, 0.000203112, 0.00020013042
  -45.268915, 0.00011718, 0.00020039297
  -45.268915, 0.000210924, 0.00020039297
  -45.268915, 3.1248e-05, 0.00020039297
  -45.268915, 0.000226548, 0.00020039297
  -45.26246, 0.000218736, 0.00020065567
  -45.26246, 0.00029295, 0.00020065567
  -45.26246, 0.000374976, 0.00020065567
  -45.256005, 0.00017577, 0.0002009185
  -45.23664, 0.000121086, 0.00020170782
  -45.23664, 0.000132804, 0.00020170782
  -45.23664, 0.00011718, 0.00020170782
  -45.23664, 0.000191394, 0.00020170782
  -45.21082, 0.00017577, 0.00020276215
  -45.204365, 0.000355446, 0.00020302607
  -45.204365, 0.000269514, 0.00020302607
  -45.19791, 9.765e-05, 0.00020329013
  -45.19791, 0.000230454, 0.00020329013
  -45.185, 0.000160146, 0.00020381867
  -45.185, 0.000257796, 0.00020381867
  -45.185, 0.000398412, 0.00020381867
  -45.178545, 0.000164052, 0.00020408314
  -45.17209, 0.000148428, 0.00020434775
  -45.17209, 7.812e-06, 0.00020434775
  -45.15918, 0.000238266, 0.00020487738
  -45.15918, 0.000121086, 0.00020487738
  -45.15918, 0.00013671, 0.00020487738
  -45.152725, 0.000207018, 0.0002051424
  -45.152725, 0.000339822, 0.0002051424
  -45.139815, 0.000109368, 0.00020567286
  -45.13336, 0.00021483, 0.00020593829
  -45.126905, 0.000277326, 0.00020620386
  -45.12045, 7.812e-05, 0.00020646957
  -45.113995, 0.00021483, 0.00020673542
  -45.113995, -1.1718e-05, 0.00020673542
  -45.10754, 9.765e-05, 0.0002070014
  -45.10754, 0.000152334, 0.0002070014
  -45.09463, 0.000128898, 0.00020753378
  -45.09463, 0.000324198, 0.00020753378
  -45.09463, 0.000101556, 0.00020753378
  -45.088175, 0.000218736, 0.00020780018
  -45.075265, 0.000257796, 0.00020833339
  -45.075265, 0.000304668, 0.00020833339
  -45.06881, 0.000316386, 0.0002086002
  -45.06881, 0.000140616, 0.0002086002
  -45.062355, 0.00033201, 0.00020886715
  -45.062355, 0.000187488, 0.00020886715
  -45.062355, 0.00023436, 0.00020886715
  -45.062355, 7.0308e-05, 0.00020886715
  -45.062355, 0.000277326, 0.00020886715
  -45.062355, 0.00017577, 0.00020886715
  -45.0559, 0.000285138, 0.00020913424
  -45.0559, 8.2026e-05, 0.00020913424
  -45.049445, 8.2026e-05, 0.00020940147
  -45.049445, 0.000171864, 0.00020940147
  -45.049445, 0.00027342, 0.00020940147
  -45.04299, 0.000128898, 0.00020966884
  -45.04299, 0.000171864, 0.00020966884
  -45.04299, 0.000222642, 0.00020966884
  -45.04299, 3.906e-05, 0.00020966884
  -45.04299, 0.000343728, 0.00020966884
  -45.036535, 0.000179676, 0.00020993634
  -45.036535, 0.000199206, 0.00020993634
  -45.036535, 0.000179676, 0.00020993634
  -45.03008, 0.00023436, 0.00021020398
  -45.03008, 6.6402e-05, 0.00021020398
  -45.03008, 0.000207018, 0.00021020398
  -45.03008, 0.000203112, 0.00021020398
  -45.03008, 0.000191394, 0.00021020398
  -45.023625, 9.765e-05, 0.00021047177
  -45.023625, 0.000261702, 0.00021047177
  -45.023625, 7.0308e-05, 0.00021047177
  -45.023625, 0.00029295, 0.00021047177
  -45.01717, 0.000140616, 0.00021073969
  -45.01717, 0.00023436, 0.00021073969
  -45.01717, 0.000347634, 0.00021073969
  -45.00426, 0.000121086, 0.00021127594
  -44.997805, 0.00013671, 0.00021154428
  -44.99135, 0.000374976, 0.00021181276
  -44.99135, 0.000164052, 0.00021181276
  -44.984895, 0.000457002, 0.00021208137
  -44.984895, 0.00027342, 0.00021208137
  -44.984895, 0.00015624, 0.00021208137
  -44.97844, 7.0308e-05, 0.00021235013
  -44.971985, 6.6402e-05, 0.00021261902
  -44.971985, 9.3744e-05, 0.00021261902
  -44.971985, 7.812e-05, 0.00021261902
  -44.971985, 0.000199206, 0.00021261902
  -44.971985, 0.000304668, 0.00021261902
  -44.96553, 0.000289044, 0.00021288805
  -44.96553, -2.3436e-05, 0.00021288805
  -44.96553, 0.000316386, 0.00021288805
  -44.96553, 0.000218736, 0.00021288805
  -44.959075, 0.000167958, 0.00021315722
  -44.959075, 0.000343728, 0.00021315722
  -44.959075, 0.000289044, 0.00021315722
  -44.959075, 0.000324198, 0.00021315722
  -44.959075, 0.000179676, 0.00021315722
  -44.959075, 0.000296856, 0.00021315722
  -44.95262, 0.000398412, 0.00021342654
  -44.95262, 0.000167958, 0.00021342654
  -44.946165, 0.000378882, 0.00021369599
  -44.946165, 0.000238266, 0.00021369599
  -44.946165, 0.000406224, 0.00021369599
  -44.946165, 0.000382788, 0.00021369599
  -44.946165, 0.00035154, 0.00021369599
  -44.946165, 0.00031248, 0.00021369599
  -44.946165, 0.000210924, 0.00021369599
  -44.946165, 0.00023436, 0.00021369599
  -44.946165, 7.4214e-05, 0.00021369599
  -44.946165, 0.000249984, 0.00021369599
  -44.946165, 0.000269514, 0.00021369599
  -44.946165, 0.000242172, 0.00021369599
  -44.946165, 0.000335916, 0.00021369599
  -44.946165, 0.000238266, 0.00021369599
  -44.93971, 8.9838e-05, 0.00021396558
  -44.93971, 0.000316386, 0.00021396558
  -44.93971, 0.00027342, 0.00021396558
  -44.93971, 0.00011718, 0.00021396558
  -44.93971, 0.000207018, 0.00021396558
  -44.93971, 0.00029295, 0.00021396558
  -44.933255, 0.000113274, 0.00021423531
  -44.933255, 0.00029295, 0.00021423531
  -44.933255, 0.000105462, 0.00021423531
  -44.933255, 0.000308574, 0.00021423531
  -44.933255, 0.00029295, 0.00021423531
  -44.933255, 0.000406224, 0.00021423531
  -44.933255, 0.000218736, 0.00021423531
  -44.933255, 0.000140616, 0.00021423531
  -44.933255, 0.000386694, 0.00021423531
  -44.9268, 0.000308574, 0.00021450518
  -44.9268, 0.000320292, 0.00021450518
  -44.9268, 0.00035154, 0.00021450518
  -44.9268, 0.00033201, 0.00021450518
  -44.9268, 0.000210924, 0.00021450518
  -44.920345, 0.000242172, 0.00021477519
  -44.920345, 0.000238266, 0.00021477519
  -44.920345, 0.000316386, 0.00021477519
  -44.920345, 0.000171864, 0.00021477519
  -44.907435, 4.2966e-05, 0.00021531562
  -44.907435, 0.00011718, 0.00021531562
  -44.907435, 0.000289044, 0.00021531562
  -44.907435, 0.000277326, 0.00021531562
  -44.90098, 0.000265608, 0.00021558605
  -44.90098, 0.00013671, 0.00021558605
  -44.90098, 0.000281232, 0.00021558605
  -44.894525, 0.000203112, 0.00021585662
  -44.894525, 0.000339822, 0.00021585662
  -44.894525, 0.000124992, 0.00021585662
  -44.88807, 5.859e-05, 0.00021612733
  -44.881615, 0.000249984, 0.00021639818
  -44.881615, 0.000230454, 0.00021639818
  -44.87516, 0.000218736, 0.00021666917
  -44.87516, 0.000246078, 0.00021666917
  -44.87516, 0.000132804, 0.00021666917
  -44.87516, 8.9838e-05, 0.00021666917
  -44.868705, 0.000183582, 0.0002169403
  -44.86225, 0.000386694, 0.00021721157
  -44.86225, 0.00021483, 0.00021721157
  -44.86225, 0.000289044, 0.00021721157
  -44.84934, 0.000140616, 0.00021775453
  -44.84934, 9.3744e-05, 0.00021775453
  -44.84934, 0.000261702, 0.00021775453
  -44.842885, 0.00021483, 0.00021802622
  -44.842885, 0.000296856, 0.00021802622
  -44.842885, 0.00023436, 0.00021802622
  -44.83643, 0.000148428, 0.00021829806
  -44.829975, 0.000132804, 0.00021857003
  -44.829975, 0.000140616, 0.00021857003
  -44.82352, 0.000132804, 0.00021884214
  -44.82352, 0.000113274, 0.00021884214
  -44.82352, 0.000203112, 0.00021884214
  -44.82352, 0.000124992, 0.00021884214
  -44.82352, 0.000226548, 0.00021884214
  -44.82352, 0.000167958, 0.00021884214
  -44.817065, 0.000382788, 0.0002191144
  -44.81061, 5.859e-05, 0.00021938679
  -44.81061, 0.000121086, 0.00021938679
  -44.804155, 0.000132804, 0.00021965933
  -44.804155, 0.00015624, 0.00021965933
  -44.804155, 0.000285138, 0.00021965933
  -44.7977, 0.000191394, 0.00021993201
  -44.7977, 0.000109368, 0.00021993201
  -44.7977, 0.000304668, 0.00021993201
  -44.7977, 0.000328104, 0.00021993201
  -44.791245, 0.000230454, 0.00022020483
  -44.791245, 0.000316386, 0.00022020483
  -44.78479, 0.000203112, 0.00022047778
  -44.78479, 0.000246078, 0.00022047778
  -44.78479, 0.00031248, 0.00022047778
  -44.78479, 0.00046872, 0.00022047778
  -44.78479, 0.00015624, 0.00022047778
  -44.78479, 0.000226548, 0.00022047778
  -44.778335, 0.000171864, 0.00022075089
  -44.778335, 0.000167958, 0.00022075089
  -44.778335, 0.000249984, 0.00022075089
  -44.778335, 7.812e-05, 0.00022075089
  -44.77188, 0.00033201, 0.00022102413
  -44.77188, 0.000343728, 0.00022102413
  -44.77188, 0.000246078, 0.00022102413
  -44.765425, 0.000277326, 0.00022129751
  -44.765425, 0.00025389, 0.00022129751
  -44.765425, 0.00017577, 0.00022129751
  -44.765425, 0.000203112, 0.00022129751
  -44.75897, 0.000167958, 0.00022157104
  -44.75897, 0.000394506, 0.00022157104
  -44.75897, 0.000218736, 0.00022157104
  -44.75897, 0.00027342, 0.00022157104
  -44.752515, 0.000187488, 0.0002218447
  -44.752515, 0.000101556, 0.0002218447
  -44.74606, 0.000160146, 0.00022211851
  -44.74606, 0.000164052, 0.00022211851
  -44.74606, 0.000203112, 0.00022211851
  -44.74606, 0.000121086, 0.00022211851
  -44.73315, 0.00021483, 0.00022266655
  -44.73315, 8.5932e-05, 0.00022266655
  -44.726695, 0.00017577, 0.00022294079
  -44.726695, 0.000261702, 0.00022294079
  -44.726695, 0.00029295, 0.00022294079
  -44.726695, 0.000359352, 0.00022294079
  -44.72024, 0.000222642, 0.00022321516
  -44.72024, 0.000386694, 0.00022321516
  -44.72024, 0.000335916, 0.00022321516
  -44.72024, 0.0001953, 0.00022321516
  -44.72024, 0.000210924, 0.00022321516
  -44.713785, 0.000160146, 0.00022348968
  -44.713785, 0.000320292, 0.00022348968
  -44.713785, 0.000246078, 0.00022348968
  -44.70733, 0.000320292, 0.00022376434
  -44.70733, 0.000355446, 0.00022376434
  -44.70733, 0.00035154, 0.00022376434
  -44.700875, 0.000300762, 0.00022403914
  -44.69442, 0.000148428, 0.00022431408
  -44.69442, 0.000226548, 0.00022431408
  -44.69442, 0.000261702, 0.00022431408
  -44.69442, 0.000226548, 0.00022431408
  -44.69442, 0.00023436, 0.00022431408
  -44.69442, 0.000476532, 0.00022431408
  -44.687965, 0.000535122, 0.00022458917
  -44.687965, 0.000140616, 0.00022458917
  -44.687965, 0.000289044, 0.00022458917
  -44.687965, 0.00025389, 0.00022458917
  -44.687965, 0.000414036, 0.00022458917
  -44.687965, 0.000148428, 0.00022458917
  -44.687965, 0.00029295, 0.00022458917
  -44.68151, 0.00023436, 0.00022486439
  -44.68151, 0.000191394, 0.00022486439
  -44.68151, 0.000164052, 0.00022486439
  -44.68151, 0.000179676, 0.00022486439
  -44.68151, 0.00029295, 0.00022486439
  -44.675055, 0.000277326, 0.00022513976
  -44.675055, 0.000187488, 0.00022513976
  -44.6686, 5.0778e-05, 0.00022541528
  -44.6686, 0.000359352, 0.00022541528
  -44.6686, 6.2496e-05, 0.00022541528
  -44.6686, 0.000394506, 0.00022541528
  -44.662145, 0.00025389, 0.00022569093
  -44.662145, 9.3744e-05, 0.00022569093
  -44.662145, 0.000105462, 0.00022569093
  -44.662145, 0.000164052, 0.00022569093
  -44.662145, 0.000496062, 0.00022569093
  -44.662145, 0.000160146, 0.00022569093
  -44.662145, 0.000144522, 0.00022569093
  -44.65569, 0.000457002, 0.00022596673
  -44.65569, 0.000300762, 0.00022596673
  -44.65569, 0.000218736, 0.00022596673
  -44.65569, 0.000191394, 0.00022596673
  -44.65569, 0.000207018, 0.00022596673
  -44.649235, 0.00033201, 0.00022624267
  -44.649235, 0.000230454, 0.00022624267
  -44.64278, 0.000222642, 0.00022651875
  -44.64278, 0.00025389, 0.00022651875
  -44.636325, 0.000414036, 0.00022679498
  -44.62987, 0.000339822, 0.00022707135
  -44.623415, 0.000199206, 0.00022734786
  -44.623415, 4.2966e-05, 0.00022734786
  -44.623415, 0.000167958, 0.00022734786
  -44.61696, 0.000289044, 0.00022762451
  -44.61696, 0.000218736, 0.00022762451
  -44.610505, 0.00037107, 0.00022790131
  -44.610505, 0.000203112, 0.00022790131
  -44.610505, 0.000257796, 0.00022790131
  -44.610505, 0.000160146, 0.00022790131
  -44.60405, 0.000113274, 0.00022817825
  -44.60405, 0.000339822, 0.00022817825
  -44.597595, 9.3744e-05, 0.00022845533
  -44.597595, 0.000367164, 0.00022845533
  -44.597595, 0.000140616, 0.00022845533
  -44.597595, 0.000328104, 0.00022845533
  -44.59114, 0.000160146, 0.00022873256
  -44.584685, 0.00025389, 0.00022900993
  -44.584685, 0.000152334, 0.00022900993
  -44.584685, 0.000222642, 0.00022900993
  -44.584685, 0.000300762, 0.00022900993
  -44.584685, 0.00025389, 0.00022900993
  -44.57823, 0.000378882, 0.00022928744
  -44.57823, 0.000374976, 0.00022928744
  -44.57823, 0.000242172, 0.00022928744
  -44.57823, 0.000304668, 0.00022928744
  -44.57823, 9.3744e-05, 0.00022928744
  -44.57823, 0.000222642, 0.00022928744
  -44.57823, 0.000277326, 0.00022928744
  -44.571775, 0.00011718, 0.0002295651
  -44.571775, 0.000304668, 0.0002295651
  -44.571775, 0.000289044, 0.0002295651
  -44.571775, 0.000218736, 0.0002295651
  -44.571775, 0.000230454, 0.0002295651
  -44.571775, 0.000328104, 0.0002295651
  -44.571775, 0.00033201, 0.0002295651
  -44.571775, 0.000265608, 0.0002295651
  -44.571775, 0.000257796, 0.0002295651
  -44.56532, 0.00013671, 0.0002298429
  -44.56532, 0.000238266, 0.0002298429
  -44.56532, 0.000128898, 0.0002298429
  -44.56532, 0.000191394, 0.0002298429
  -44.558865, 0.000406224, 0.00023012084
  -44.558865, 0.000300762, 0.00023012084
  -44.55241, 0.000144522, 0.00023039893
  -44.545955, 0.000261702, 0.00023067716
  -44.545955, 0.000261702, 0.00023067716
  -44.545955, 0.000355446, 0.00023067716
  -44.545955, 0.000394506, 0.00023067716
  -44.545955, 0.000249984, 0.00023067716
  -44.545955, 0.000144522, 0.00023067716
  -44.5395, 0.00013671, 0.00023095553
  -44.5395, 0.000132804, 0.00023095553
  -44.52659, 0.00021483, 0.00023151271
  -44.52659, 0.000101556, 0.00023151271
  -44.52659, 0.00027342, 0.00023151271
  -44.52659, 8.2026e-05, 0.00023151271
  -44.52659, 4.2966e-05, 0.00023151271
  -44.52659, 0.000324198, 0.00023151271
  -44.520135, 0.000230454, 0.00023179152
  -44.520135, 0.000238266, 0.00023179152
  -44.520135, 0.0001953, 0.00023179152
  -44.51368, 0.000222642, 0.00023207047
  -44.51368, 0.00023436, 0.00023207047
  -44.507225, 5.4684e-05, 0.00023234957
  -44.507225, 0.000179676, 0.00023234957
  -44.50077, 0.000152334, 0.00023262881
  -44.50077, 0.00023436, 0.00023262881
  -44.494315, 0.000277326, 0.00023290819
  -44.494315, 0.000140616, 0.00023290819
  -44.48786, 0.000242172, 0.00023318772
  -44.48786, 0.000128898, 0.00023318772
  -44.481405, 0.000187488, 0.00023346739
  -44.47495, 0.00015624, 0.0002337472
  -44.47495, 0.000210924, 0.0002337472
  -44.46204, 0.000304668, 0.00023430727
  -44.46204, 0.000203112, 0.00023430727
  -44.46204, 0.000160146, 0.00023430727
  -44.455585, 0.00011718, 0.00023458752
  -44.44913, 0.000269514, 0.00023486791
  -44.44913, 0.00027342, 0.00023486791
  -44.44913, 0.00031248, 0.00023486791
  -44.44913, 0.000441378, 0.00023486791
  -44.442675, 0.00044919, 0.00023514845
  -44.442675, 0.000222642, 0.00023514845
  -44.442675, 0.00011718, 0.00023514845
  -44.442675, 0.000257796, 0.00023514845
  -44.43622, 0.000308574, 0.00023542914
  -44.43622, 0.000207018, 0.00023542914
  -44.429765, 0.000207018, 0.00023570997
  -44.429765, 0.000523404, 0.00023570997
  -44.429765, 0.00015624, 0.00023570997
  -44.429765, 0.000203112, 0.00023570997
  -44.429765, 0.000492156, 0.00023570997
  -44.429765, 0.000378882, 0.00023570997
  -44.42331, 0.000160146, 0.00023599094
  -44.42331, 0.00046872, 0.00023599094
  -44.42331, 0.000289044, 0.00023599094
  -44.42331, 0.000296856, 0.00023599094
  -44.42331, 0.00015624, 0.00023599094
  -44.42331, 0.00023436, 0.00023599094
  -44.416855, 0.000320292, 0.00023627206
  -44.416855, 0.000300762, 0.00023627206
  -44.416855, 0.000453096, 0.00023627206
  -44.4104, 0.000367164, 0.00023655332
  -44.403945, 0.000531216, 0.00023683473
  -44.403945, 0.000230454, 0.00023683473
  -44.403945, 0.000417942, 0.00023683473
  -44.403945, 0.000289044, 0.00023683473
  -44.39749, 0.000296856, 0.00023711629
  -44.391035, 0.000339822, 0.00023739799
  -44.391035, 0.000109368, 0.00023739799
  -44.391035, -5.4684e-05, 0.00023739799
  -44.391035, 0.000300762, 0.00023739799
  -44.378125, 0.000109368, 0.00023796183
  -44.365215, 0.000242172, 0.00023852625
  -44.365215, 0.000226548, 0.00023852625
  -44.365215, 0.000124992, 0.00023852625
  -44.352305, 0.000257796, 0.00023909125
  -44.352305, 0.000226548, 0.00023909125
  -44.352305, 0.000246078, 0.00023909125
  -44.352305, 0.000171864, 0.00023909125
  -44.33294, 0.000289044, 0.00023993984
  -44.33294, 0.000238266, 0.00023993984
  -44.33294, 0.000296856, 0.00023993984
  -44.326485, 0.000132804, 0.000240223
  -44.326485, 0.000246078, 0.000240223
  -44.313575, 0.00023436, 0.00024078976
  -44.313575, 0.000355446, 0.00024078976
  -44.313575, 0.000269514, 0.00024078976
  -44.300665, 0.000132804, 0.00024135709
  -44.300665, 0.000148428, 0.00024135709
  -44.287755, 0.000265608, 0.00024192502
  -44.287755, 0.000148428, 0.00024192502
  -44.274845, 0.000285138, 0.00024249353
  -44.26839, 0.000105462, 0.000242778
  -44.249025, 0.000183582, 0.00024363231
  -44.249025, 0.000242172, 0.00024363231
  -44.249025, 0.000207018, 0.00024363231
  -44.24257, 4.6872e-05, 0.00024391737
  -44.236115, 0.000257796, 0.00024420258
  -44.236115, 0.000363258, 0.00024420258
  -44.223205, 0.000320292, 0.00024477344
  -44.21675, 0.000363258, 0.00024505909
  -44.210295, 7.812e-06, 0.00024534489
  -44.20384, 0.000363258, 0.00024563084
  -44.19093, 0.000105462, 0.00024620317
  -44.17802, 4.6872e-05, 0.00024677609
  -44.17802, 0.000230454, 0.00024677609
  -44.17802, 0.000296856, 0.00024677609
  -44.171565, 0.000414036, 0.00024706278
  -44.158655, 0.000128898, 0.00024763659
  -44.158655, 0.000281232, 0.00024763659
  -44.158655, 0.000121086, 0.00024763659
  -44.158655, 0.000367164, 0.00024763659
  -44.1522, 0.000230454, 0.00024792371
  -44.1522, 0.000289044, 0.00024792371
  -44.1522, 0.00025389, 0.00024792371
  -44.145745, 0.00013671, 0.00024821099
  -44.13929, 0.000199206, 0.00024849841
  -44.13929, 0.000105462, 0.00024849841
  -44.12638, 0.000144522, 0.0002490737
  -44.119925, 0.000199206, 0.00024936157
  -44.119925, 0.000207018, 0.00024936157
  -44.11347, 0.000105462, 0.00024964959
  -44.107015, 0.000207018, 0.00024993775
  -44.10056, 0.000109368, 0.00025022606
  -44.094105, 0.000171864, 0.00025051452
  -44.08765, 0.000124992, 0.00025080313
  -44.081195, 0.000203112, 0.00025109189
  -44.081195, 0.000285138, 0.00025109189
  -44.07474, 0.000222642, 0.0002513808
  -44.068285, 0.000199206, 0.00025166986
  -44.068285, 0.000183582, 0.00025166986
  -44.04892, 9.765e-05, 0.00025253792
  -44.04892, 0.000265608, 0.00025253792
  -44.04892, 0.000183582, 0.00025253792
  -44.042465, 0.000179676, 0.00025282757
  -44.03601, 0.000246078, 0.00025311737
  -44.029555, 0.000160146, 0.00025340732
  -44.029555, 0.000191394, 0.00025340732
  -44.029555, 0.000183582, 0.00025340732
  -44.029555, 9.3744e-05, 0.00025340732
  -44.01019, 0.000207018, 0.00025427807
  -44.003735, 0.00021483, 0.00025456862
  -44.003735, 8.9838e-05, 0.00025456862
  -44.003735, 0.000222642, 0.00025456862
  -44.003735, 0.000124992, 0.00025456862
  -44.003735, 0.000269514, 0.00025456862
  -43.99728, 0.000246078, 0.00025485931
  -43.99728, 0.000218736, 0.00025485931
  -43.99728, 0.000304668, 0.00025485931
  -43.99728, 5.0778e-05, 0.00025485931
  -43.990825, 0.000226548, 0.00025515016
  -43.98437, 0.000265608, 0.00025544116
  -43.98437, 0.0001953, 0.00025544116
  -43.965005, 9.3744e-05, 0.00025631505
  -43.965005, 0.000320292, 0.00025631505
  -43.94564, 0.00033201, 0.00025719029
  -43.94564, 0.00017577, 0.00025719029
  -43.926275, 0.000144522, 0.00025806688
  -43.91982, 4.2966e-05, 0.00025835938
  -43.91982, 0.000183582, 0.00025835938
  -43.91982, 5.0778e-05, 0.00025835938
  -43.913365, 0.000398412, 0.00025865203
  -43.913365, 0.000300762, 0.00025865203
  -43.90691, 0.00029295, 0.00025894483
  -43.900455, 0.000265608, 0.00025923778
  -43.894, 0.000124992, 0.00025953088
  -43.887545, 0.000394506, 0.00025982413
  -43.887545, 0.000226548, 0.00025982413
  -43.887545, 0.000355446, 0.00025982413
  -43.887545, 0.00033201, 0.00025982413
  -43.88109, 0.000402318, 0.00026011753
  -43.874635, 0.000355446, 0.00026041109
  -43.874635, 0.000113274, 0.00026041109
  -43.86818, 0.000210924, 0.00026070479
  -43.86818, 0.000363258, 0.00026070479
  -43.861725, 0.000238266, 0.00026099865
  -43.85527, 0.000164052, 0.00026129265
  -43.85527, 0.00017577, 0.00026129265
  -43.848815, 0.000230454, 0.00026158681
  -43.848815, 0.000296856, 0.00026158681
  -43.848815, 0.000363258, 0.00026158681
  -43.848815, 0.00021483, 0.00026158681
  -43.848815, 0.000378882, 0.00026158681
  -43.84236, 7.0308e-05, 0.00026188112
  -43.84236, 0.000261702, 0.00026188112
  -43.84236, 0.000230454, 0.00026188112
  -43.835905, 0.000324198, 0.00026217558
  -43.835905, 0.00031248, 0.00026217558
  -43.835905, 0.000277326, 0.00026217558
  -43.835905, 0.000222642, 0.00026217558
  -43.82945, 0.00027342, 0.00026247019
  -43.82945, 0.000191394, 0.00026247019
  -43.82945, 0.000324198, 0.00026247019
  -43.80363, 0.000160146, 0.00026365015
  -43.80363, 0.000265608, 0.00026365015
  -43.80363, 0.000281232, 0.00026365015
  -43.797175, 0.00025389, 0.00026394552
  -43.79072, 0.000269514, 0.00026424104
  -43.79072, 0.000171864, 0.00026424104
  -43.784265, 0.000300762, 0.00026453672
  -43.784265, 0.000144522, 0.00026453672
  -43.7649, 0.000242172, 0.00026542465
  -43.7649, 0.000101556, 0.00026542465
  -43.7649, 0.000281232, 0.00026542465
  -43.758445, 0.000433566, 0.00026572093
  -43.75199, 0.000230454, 0.00026601736
  -43.745535, 0.000171864, 0.00026631395
  -43.73908, 0.000257796, 0.00026661069
  -43.73908, 0.000265608, 0.00026661069
  -43.73908, 0.000367164, 0.00026661069
  -43.73908, 0.000171864, 0.00026661069
  -43.732625, 0.000343728, 0.00026690758
  -43.732625, 0.00031248, 0.00026690758
  -43.732625, 0.000199206, 0.00026690758
  -43.72617, 0.000199206, 0.00026720462
  -43.72617, 0.000210924, 0.00026720462
  -43.719715, 0.000355446, 0.00026750182
  -43.719715, 0.000148428, 0.00026750182
  -43.71326, 0.000121086, 0.00026779917
  -43.71326, 0.000257796, 0.00026779917
  -43.706805, 0.000406224, 0.00026809667
  -43.706805, 0.000265608, 0.00026809667
  -43.706805, 0.000230454, 0.00026809667
  -43.706805, 0.000339822, 0.00026809667
  -43.706805, 0.00023436, 0.00026809667
  -43.706805, 0.000445284, 0.00026809667
  -43.70035, 0.000257796, 0.00026839433
  -43.70035, 0.00033201, 0.00026839433
  -43.70035, 0.000230454, 0.00026839433
  -43.70035, 0.000460908, 0.00026839433
  -43.693895, 0.00037107, 0.00026869213
  -43.68744, 0.00027342, 0.00026899009
  -43.680985, 0.000242172, 0.00026928821
  -43.680985, 0.000277326, 0.00026928821
  -43.680985, 0.000339822, 0.00026928821
  -43.680985, 0.000226548, 0.00026928821
  -43.67453, 0.000238266, 0.00026958647
  -43.668075, 0.000261702, 0.00026988489
  -43.66162, 0.00023436, 0.00027018347
  -43.66162, 0.000226548, 0.00027018347
  -43.66162, 0.00023436, 0.00027018347
  -43.66162, 0.000382788, 0.00027018347
  -43.655165, 0.000167958, 0.00027048219
  -43.642255, 4.2966e-05, 0.0002710801
  -43.642255, 0.000378882, 0.0002710801
  -43.6358, 0.000335916, 0.00027137929
  -43.62289, 0.000382788, 0.00027197812
  -43.616435, 0.000140616, 0.00027227777
  -43.60998, 0.000386694, 0.00027257757
  -43.603525, 0.00031248, 0.00027287753
  -43.603525, 0.000230454, 0.00027287753
  -43.590615, 0.00048825, 0.0002734779
  -43.58416, 0.000281232, 0.00027377832
  -43.58416, 0.000316386, 0.00027377832
  -43.577705, 0.000148428, 0.00027407889
  -43.57125, 0.000367164, 0.00027437962
  -43.564795, 0.000113274, 0.0002746805
  -43.564795, -5.4684e-05, 0.0002746805
  -43.54543, 0.0003906, 0.00027558406
  -43.54543, 0.000128898, 0.00027558406
  -43.538975, 0.000242172, 0.00027588556
  -43.538975, 0.000523404, 0.00027588556
  -43.53252, 0.000132804, 0.00027618721
  -43.51961, 0.000226548, 0.00027679098
  -43.51961, 9.765e-05, 0.00027679098
  -43.513155, 0.000257796, 0.0002770931
  -43.513155, 0.000343728, 0.0002770931
  -43.513155, 0.000343728, 0.0002770931
  -43.5067, 0.000289044, 0.00027739537
  -43.5067, 0.000265608, 0.00027739537
  -43.5067, 7.0308e-05, 0.00027739537
  -43.5067, 0.000324198, 0.00027739537
  -43.5067, 0.000472626, 0.00027739537
  -43.500245, 0.000308574, 0.0002776978
  -43.500245, 0.000269514, 0.0002776978
  -43.500245, 0.000367164, 0.0002776978
  -43.500245, 0.00033201, 0.0002776978
  -43.49379, 0.000246078, 0.00027800038
  -43.49379, 0.000433566, 0.00027800038
  -43.49379, 0.000222642, 0.00027800038
  -43.487335, 0.000203112, 0.00027830312
  -43.487335, 0.000238266, 0.00027830312
  -43.487335, 0.000265608, 0.00027830312
  -43.487335, 0.000230454, 0.00027830312
  -43.48088, 0.000359352, 0.00027860601
  -43.474425, 0.000238266, 0.00027890906
  -43.474425, 0.00017577, 0.00027890906
  -43.474425, 0.000539028, 0.00027890906
  -43.46797, 0.000339822, 0.00027921226
  -43.461515, 0.000210924, 0.00027951562
  -43.461515, 0.000210924, 0.00027951562
  -43.461515, 0.000246078, 0.00027951562
  -43.461515, 0.000453096, 0.00027951562
  -43.45506, 0.000210924, 0.00027981913
  -43.45506, 0.00027342, 0.00027981913
  -43.45506, 0.0001953, 0.00027981913
  -43.448605, 0.000222642, 0.0002801228
  -43.448605, 0.000285138, 0.0002801228
  -43.448605, 0.000382788, 0.0002801228
  -43.448605, 0.000367164, 0.0002801228
  -43.44215, 0.00042966, 0.00028042663
  -43.44215, 0.000199206, 0.00028042663
  -43.44215, 0.000328104, 0.00028042663
  -43.435695, 0.000496062, 0.00028073061
  -43.435695, 0.000109368, 0.00028073061
  -43.435695, 0.00044919, 0.00028073061
  -43.42924, 0.000289044, 0.00028103475
  -43.42924, 0.000132804, 0.00028103475
  -43.42924, 0.000374976, 0.00028103475
  -43.422785, 0.00041013, 0.00028133904
  -43.422785, 0.000343728, 0.00028133904
  -43.41633, 9.3744e-05, 0.00028164349
  -43.41633, 0.000128898, 0.00028164349
  -43.41633, 0.000316386, 0.00028164349
  -43.40342, 0.00011718, 0.00028225285
  -43.40342, 8.5932e-05, 0.00028225285
  -43.40342, 0.000304668, 0.00028225285
  -43.396965, 0.000515592, 0.00028255777
  -43.396965, 0.000203112, 0.00028255777
  -43.396965, 0.000167958, 0.00028255777
  -43.39051, 0.000242172, 0.00028286284
  -43.39051, 0.000144522, 0.00028286284
  -43.39051, 0.000363258, 0.00028286284
  -43.39051, 0.000269514, 0.00028286284
  -43.39051, 0.000531216, 0.00028286284
  -43.384055, 0.000261702, 0.00028316807
  -43.384055, 0.00035154, 0.00028316807
  -43.384055, 0.000249984, 0.00028316807
  -43.384055, 0.000308574, 0.00028316807
  -43.384055, 0.000289044, 0.00028316807
  -43.3776, 0.000160146, 0.00028347346
  -43.371145, 0.00048825, 0.000283779
  -43.36469, 0.00037107, 0.0002840847
  -43.35178, 0.000207018, 0.00028469656
  -43.35178, 0.000421848, 0.00028469656
  -43.35178, 0.000171864, 0.00028469656
  -43.35178, 0.000210924, 0.00028469656
  -43.345325, 0.000265608, 0.00028500273
  -43.345325, 0.000140616, 0.00028500273
  -43.33887, 0.000308574, 0.00028530906
  -43.33887, 0.00041013, 0.00028530906
  -43.332415, 0.000269514, 0.00028561554
  -43.332415, 0.000414036, 0.00028561554
  -43.332415, 0.000167958, 0.00028561554
  -43.332415, 0.000222642, 0.00028561554
  -43.32596, 0.000191394, 0.00028592218
  -43.32596, 0.000281232, 0.00028592218
  -43.32596, 0.00025389, 0.00028592218
  -43.32596, 0.000128898, 0.00028592218
  -43.32596, 0.000199206, 0.00028592218
  -43.319505, 0.000261702, 0.00028622897
  -43.319505, 0.000308574, 0.00028622897
  -43.319505, 0.00021483, 0.00028622897
  -43.31305, 0.000199206, 0.00028653593
  -43.31305, 0.000359352, 0.00028653593
  -43.306595, 0.000269514, 0.00028684304
  -43.306595, 0.000249984, 0.00028684304
  -43.306595, 0.000367164, 0.00028684304
  -43.30014, 0.000230454, 0.0002871503
  -43.30014, 0.000128898, 0.0002871503
  -43.293685, 0.000367164, 0.00028745773
  -43.28723, 0.00046872, 0.00028776531
  -43.28723, 0.000226548, 0.00028776531
  -43.28723, 0.000296856, 0.00028776531
  -43.28723, 0.000249984, 0.00028776531
  -43.28723, 0.00027342, 0.00028776531
  -43.28723, 0.000257796, 0.00028776531
  -43.28723, 0.000265608, 0.00028776531
  -43.28723, 0.000363258, 0.00028776531
  -43.280775, 0.000386694, 0.00028807305
  -43.27432, 0.000339822, 0.00028838095
  -43.26141, 0.000261702, 0.00028899721
  -43.26141, 0.000124992, 0.00028899721
  -43.26141, 0.000308574, 0.00028899721
  -43.254955, 0.000218736, 0.00028930558
  -43.254955, 0.000121086, 0.00028930558
  -43.2485, 0.00031248, 0.00028961411
  -43.2485, 0.000164052, 0.00028961411
  -43.2485, 0.000320292, 0.00028961411
  -43.242045, 0.000249984, 0.0002899228
  -43.23559, 0.000257796, 0.00029023164
  -43.23559, 0.000226548, 0.00029023164
  -43.23559, 0.000289044, 0.00029023164
  -43.23559, 0.000367164, 0.00029023164
  -43.23559, 0.000222642, 0.00029023164
  -43.23559, 0.00023436, 0.00029023164
  -43.229135, 0.000199206, 0.00029054064
  -43.229135, 0.000324198, 0.00029054064
  -43.229135, 0.000230454, 0.00029054064
  -43.22268, 0.00027342, 0.0002908498
  -43.22268, 0.000324198, 0.0002908498
  -43.22268, 0.00021483, 0.0002908498
  -43.22268, 0.000249984, 0.0002908498
  -43.216225, 0.000335916, 0.00029115912
  -43.216225, 0.000222642, 0.00029115912
  -43.216225, 0.000249984, 0.00029115912
  -43.216225, 0.000480438, 0.00029115912
  -43.216225, 0.00029295, 0.00029115912
  -43.216225, 0.00025389, 0.00029115912
  -43.216225, 0.000242172, 0.00029115912
  -43.216225, 0.000300762, 0.00029115912
  -43.216225, 0.000105462, 0.00029115912
  -43.20977, 0.00027342, 0.0002914686
  -43.20977, 0.00042966, 0.0002914686
  -43.20977, 0.000281232, 0.0002914686
  -43.203315, 0.000222642, 0.00029177823
  -43.203315, 0.000128898, 0.00029177823
  -43.203315, 0.00044919, 0.00029177823
  -43.203315, 0.00041013, 0.00029177823
  -43.19686, 0.000128898, 0.00029208802
  -43.19686, 0.000179676, 0.00029208802
  -43.19686, 0.000609336, 0.00029208802
  -43.19686, 0.000539028, 0.00029208802
  -43.19686, 0.000230454, 0.00029208802
  -43.19686, 0.00044919, 0.00029208802
  -43.190405, 0.000339822, 0.00029239797
  -43.190405, 0.000539028, 0.00029239797
  -43.190405, 0.000425754, 0.00029239797
  -43.190405, 0.000124992, 0.00029239797
  -43.190405, 0.000367164, 0.00029239797
  -43.190405, 0.000367164, 0.00029239797
  -43.190405, 0.00023436, 0.00029239797
  -43.190405, 0.000285138, 0.00029239797
  -43.190405, 0.000433566, 0.00029239797
  -43.18395, 0.000242172, 0.00029270808
  -43.18395, 0.000343728, 0.00029270808
  -43.18395, 0.000207018, 0.00029270808
  -43.18395, 0.000499968, 0.00029270808
  -43.18395, 0.000308574, 0.00029270808
  -43.177495, 0.000210924, 0.00029301835
  -43.177495, 0.000261702, 0.00029301835
  -43.177495, 0.00025389, 0.00029301835
  -43.177495, 0.000121086, 0.00029301835
  -43.177495, 0.0003906, 0.00029301835
  -43.17104, 0.000398412, 0.00029332878
  -43.17104, 0.00021483, 0.00029332878
  -43.164585, 0.000230454, 0.00029363936
  -43.15813, 0.000148428, 0.00029395011
  -43.15813, 0.000308574, 0.00029395011
  -43.15813, 0.000281232, 0.00029395011
  -43.15813, 0.000187488, 0.00029395011
  -43.151675, 0.000269514, 0.00029426101
  -43.14522, 0.00031248, 0.00029457207
  -43.14522, 0.000238266, 0.00029457207
  -43.14522, 0.000378882, 0.00029457207
  -43.14522, 0.000339822, 0.00029457207
  -43.138765, 0.000414036, 0.00029488329
  -43.138765, 0.00031248, 0.00029488329
  -43.138765, 0.0003906, 0.00029488329
  -43.138765, 0.000335916, 0.00029488329
  -43.13231, 0.000249984, 0.00029519467
  -43.125855, 0.000207018, 0.00029550621
  -43.125855, 0.000285138, 0.00029550621
  -43.125855, 0.000242172, 0.00029550621
  -43.125855, 0.000249984, 0.00029550621
  -43.125855, 0.000152334, 0.00029550621
  -43.125855, 0.000300762, 0.00029550621
  -43.125855, 0.000132804, 0.00029550621
  -43.1194, 0.000187488, 0.00029581791
  -43.1194, 0.000289044, 0.00029581791
  -43.1194, 0.00031248, 0.00029581791
  -43.1194, 0.000289044, 0.00029581791
  -43.112945, 0.000171864, 0.00029612977
  -43.112945, 0.00025389, 0.00029612977
  -43.112945, 0.000261702, 0.00029612977
  -43.112945, 0.000167958, 0.00029612977
  -43.112945, 0.000308574, 0.00029612977
  -43.112945, 0.00029295, 0.00029612977
  -43.10649, 0.000160146, 0.00029644178
  -43.10649, 0.000492156, 0.00029644178
  -43.10649, 0.000230454, 0.00029644178
  -43.100035, 0.000249984, 0.00029675396
  -43.100035, 0.00011718, 0.00029675396
  -43.100035, 8.9838e-05, 0.00029675396
  -43.100035, 0.00021483, 0.00029675396
  -43.08067, 0.000414036, 0.00029769145
  -43.074215, 0.000128898, 0.00029800426
  -43.06776, 0.000359352, 0.00029831724
  -43.06776, 0.000269514, 0.00029831724
  -43.061305, 0.000320292, 0.00029863037
  -43.061305, 0.000203112, 0.00029863037
  -43.061305, 0.000347634, 0.00029863037
  -43.061305, 0.00048825, 0.00029863037
  -43.05485, 0.000269514, 0.00029894367
  -43.05485, 0.000374976, 0.00029894367
  -43.05485, 0.000335916, 0.00029894367
  -43.05485, 0.000281232, 0.00029894367
  -43.048395, 0.00025389, 0.00029925712
  -43.04194, 0.000554652, 0.00029957073
  -43.04194, 0.00029295, 0.00029957073
  -43.035485, 0.000324198, 0.00029988451
  -43.02903, 0.000320292, 0.00030019844
  -43.02903, 0.00013671, 0.00030019844
  -43.022575, 0.000171864, 0.00030051254
  -43.022575, 0.000257796, 0.00030051254
  -43.022575, 0.0003906, 0.00030051254
  -43.01612, 0.000230454, 0.0003008268
  -43.009665, 0.000339822, 0.00030114121
  -43.009665, 0.000296856, 0.00030114121
  -43.00321, 0.000296856, 0.00030145579
  -42.996755, 0.000398412, 0.00030177052
  -42.996755, 0.000246078, 0.00030177052
  -42.996755, 0.000203112, 0.00030177052
  -42.996755, 0.000160146, 0.00030177052
  -42.9903, 0.00033201, 0.00030208542
  -42.9903, 0.000374976, 0.00030208542
  -42.97739, 0.000144522, 0.0003027157
  -42.97739, 0.000207018, 0.0003027157
  -42.970935, 0.000289044, 0.00030303108
  -42.96448, 0.000246078, 0.00030334662
  -42.958025, 0.000355446, 0.00030366232
  -42.958025, 0.00027342, 0.00030366232
  -42.95157, 0.000300762, 0.00030397819
  -42.945115, 0.000402318, 0.00030429421
  -42.945115, 0.000320292, 0.00030429421
  -42.945115, 0.000421848, 0.00030429421
  -42.945115, 0.000453096, 0.00030429421
  -42.945115, 0.00060543, 0.00030429421
  -42.93866, 0.000347634, 0.00030461039
  -42.93866, 0.00037107, 0.00030461039
  -42.93866, 0.000414036, 0.00030461039
  -42.932205, 0.000210924, 0.00030492674
  -42.932205, 0.000359352, 0.00030492674
  -42.932205, 0.000363258, 0.00030492674
  -42.932205, 0.00029295, 0.00030492674
  -42.92575, 0.000265608, 0.00030524325
  -42.919295, 0.000437472, 0.00030555992
  -42.91284, 0.00017577, 0.00030587675
  -42.906385, 0.000339822, 0.00030619374
  -42.906385, 0.000406224, 0.00030619374
  -42.893475, 0.000535122, 0.00030682821
  -42.893475, 0.000589806, 0.00030682821
  -42.880565, 0.00044919, 0.00030746333
  -42.880565, 0.000316386, 0.00030746333
  -42.867655, 0.000406224, 0.0003080991
  -42.867655, 0.000113274, 0.0003080991
  -42.867655, 0.000386694, 0.0003080991
  -42.867655, 0.00029295, 0.0003080991
  -42.867655, 0.000140616, 0.0003080991
  -42.8612, 0.00031248, 0.00030841722
  -42.8612, 0.00027342, 0.00030841722
  -42.8612, 0.000539028, 0.00030841722
  -42.8612, 0.000207018, 0.00030841722
  -42.8612, 0.000144522, 0.00030841722
  -42.84829, 0.000144522, 0.00030905396
  -42.83538, 0.000328104, 0.00030969135
  -42.83538, 0.000460908, 0.00030969135
  -42.816015, 0.000269514, 0.00031064864
  -42.816015, 0.000238266, 0.00031064864
  -42.80956, 0.000179676, 0.00031096807
  -42.80956, 0.000203112, 0.00031096807
  -42.803105, 0.000339822, 0.00031128766
  -42.79665, 0.00025389, 0.00031160741
  -42.79665, 0.000269514, 0.00031160741
  -42.79665, 0.00025389, 0.00031160741
  -42.790195, 0.000289044, 0.00031192732
  -42.790195, 0.000453096, 0.00031192732
  -42.777285, 0.000222642, 0.00031256764
  -42.77083, 0.000363258, 0.00031288804
  -42.77083, 0.000277326, 0.00031288804
  -42.764375, 0.00027342, 0.0003132086
  -42.764375, 0.000242172, 0.0003132086
  -42.764375, 0.000406224, 0.0003132086
  -42.75792, 0.00021483, 0.00031352933
  -42.751465, 0.00023436, 0.00031385022
  -42.751465, 0.000394506, 0.00031385022
  -42.738555, 0.000144522, 0.0003144925
  -42.738555, 0.000132804, 0.0003144925
  -42.738555, 0.000308574, 0.0003144925
  -42.7321, 0.000230454, 0.00031481388
  -42.725645, 7.4214e-05, 0.00031513543
  -42.70628, 0.000269514, 0.00031610105
  -42.70628, 0.000425754, 0.00031610105
  -42.70628, 0.000183582, 0.00031610105
  -42.699825, 0.000265608, 0.00031642325
  -42.699825, 0.000226548, 0.00031642325
  -42.699825, 0.000230454, 0.00031642325
  -42.69337, 0.000242172, 0.00031674561
  -42.69337, 0.000277326, 0.00031674561
  -42.69337, 0.000171864, 0.00031674561
  -42.686915, 0.000203112, 0.00031706814
  -42.674005, 0.000355446, 0.00031771369
  -42.674005, 0.000226548, 0.00031771369
  -42.674005, 0.000304668, 0.00031771369
  -42.674005, 0.000277326, 0.00031771369
  -42.674005, 0.00042966, 0.00031771369
  -42.66755, 0.000398412, 0.00031803671
  -42.661095, 0.000242172, 0.0003183599
  -42.65464, 0.000124992, 0.00031868325
  -42.648185, 0.00037107, 0.00031900677
  -42.648185, 0.000199206, 0.00031900677
  -42.64173, 0.000226548, 0.00031933044
  -42.64173, 0.000324198, 0.00031933044
  -42.64173, 0.000402318, 0.00031933044
  -42.64173, 0.000417942, 0.00031933044
  -42.622365, 0.000476532, 0.00032030247
  -42.622365, 0.000437472, 0.00032030247
  -42.622365, 0.00021483, 0.00032030247
  -42.61591, 0.000191394, 0.00032062681
  -42.61591, 0.000249984, 0.00032062681
  -42.61591, 0.000464814, 0.00032062681
  -42.609455, 0.000515592, 0.00032095131
  -42.609455, 0.000210924, 0.00032095131
  -42.609455, 0.000324198, 0.00032095131
  -42.609455, 0.000499968, 0.00032095131
  -42.59009, 0.00021483, 0.00032192581
  -42.583635, 0.000265608, 0.00032225097
  -42.583635, 0.00025389, 0.00032225097
  -42.570725, 0.000296856, 0.0003229018
  -42.56427, 0.000402318, 0.00032322746
  -42.56427, 0.000554652, 0.00032322746
  -42.557815, 0.00044919, 0.00032355328
  -42.55136, 0.00037107, 0.00032387927
  -42.55136, 7.0308e-05, 0.00032387927
  -42.544905, 0.000289044, 0.00032420543
  -42.544905, 0.000394506, 0.00032420543
  -42.544905, 0.00046872, 0.00032420543
  -42.53845, 0.000296856, 0.00032453175
  -42.53845, 0.000363258, 0.00032453175
  -42.53845, 0.000105462, 0.00032453175
  -42.53845, 0.00035154, 0.00032453175
  -42.53845, 0.000183582, 0.00032453175
  -42.531995, 0.000453096, 0.00032485824
  -42.531995, 0.00023436, 0.00032485824
  -42.531995, 0.00017577, 0.00032485824
  -42.531995, 0.000496062, 0.00032485824
  -42.519085, 1.5624e-05, 0.00032551171
  -42.51263, 0.00031248, 0.00032583869
  -42.506175, 0.000328104, 0.00032616584
  -42.506175, 0.000191394, 0.00032616584
  -42.49972, 0.000296856, 0.00032649316
  -42.493265, 0.000378882, 0.00032682064
  -42.493265, 0.000367164, 0.00032682064
  -42.493265, 0.000210924, 0.00032682064
  -42.493265, 0.000359352, 0.00032682064
  -42.493265, 0.000484344, 0.00032682064
  -42.48681, 0.000363258, 0.00032714829
  -42.480355, 0.00037107, 0.00032747611
  -42.480355, 0.000472626, 0.00032747611
  -42.480355, 0.000398412, 0.00032747611
  -42.480355, 0.000207018, 0.00032747611
  -42.480355, 0.000179676, 0.00032747611
  -42.4739, 0.000347634, 0.00032780409
  -42.46099, 0.000320292, 0.00032846056
  -42.46099, 0.000285138, 0.00032846056
  -42.46099, 0.00029295, 0.00032846056
  -42.454535, 0.000222642, 0.00032878904
  -42.454535, 0.000374976, 0.00032878904
  -42.454535, 0.000417942, 0.00032878904
  -42.454535, 0.0003906, 0.00032878904
  -42.44808, 0.000187488, 0.00032911769
  -42.44808, 0.000460908, 0.00032911769
  -42.441625, 0.000152334, 0.0003294465
  -42.43517, 0.000460908, 0.00032977549
  -42.43517, 0.000152334, 0.00032977549
  -42.43517, 0.000246078, 0.00032977549
  -42.43517, 0.000699174, 0.00032977549
  -42.43517, 0.000261702, 0.00032977549
  -42.43517, 0.000328104, 0.00032977549
  -42.43517, 0.000539028, 0.00032977549
  -42.43517, 0.00037107, 0.00032977549
  -42.43517, 0.000160146, 0.00032977549
  -42.428715, 0.000316386, 0.00033010464
  -42.428715, 0.000457002, 0.00033010464
  -42.428715, 0.000304668, 0.00033010464
  -42.428715, 0.00052731, 0.00033010464
  -42.428715, 0.000414036, 0.00033010464
  -42.42226, 0.000300762, 0.00033043395
  -42.42226, 0.00031248, 0.00033043395
  -42.42226, 0.000457002, 0.00033043395
  -42.42226, 0.000324198, 0.00033043395
  -42.42226, 0.000453096, 0.00033043395
  -42.42226, 7.812e-05, 0.00033043395
  -42.42226, 0.000289044, 0.00033043395
  -42.415805, 4.2966e-05, 0.00033076344
  -42.415805, 0.000355446, 0.00033076344
  -42.415805, 0.000347634, 0.00033076344
  -42.415805, 0.000378882, 0.00033076344
  -42.415805, 0.000406224, 0.00033076344
  -42.415805, 0.000335916, 0.00033076344
  -42.415805, 0.000433566, 0.00033076344
  -42.40935, 0.000316386, 0.00033109309
  -42.40935, 0.000265608, 0.00033109309
  -42.40935, 0.000261702, 0.00033109309
  -42.40935, 0.00035154, 0.00033109309
  -42.40935, 0.000578088, 0.00033109309
  -42.40935, 0.000324198, 0.00033109309
  -42.402895, 0.000308574, 0.0003314229
  -42.402895, 0.000378882, 0.0003314229
  -42.402895, 0.00046872, 0.0003314229
  -42.402895, 0.000359352, 0.0003314229
  -42.39644, 0.000437472, 0.00033175289
  -42.39644, 0.000203112, 0.00033175289
  -42.389985, 0.000417942, 0.00033208304
  -42.38353, 0.00041013, 0.00033241336
  -42.38353, 0.000226548, 0.00033241336
  -42.38353, 0.000402318, 0.00033241336
  -42.38353, 0.000249984, 0.00033241336
  -42.377075, 0.000289044, 0.00033274385
  -42.377075, 0.000308574, 0.00033274385
  -42.377075, 0.000238266, 0.00033274385
  -42.377075, 0.000464814, 0.00033274385
  -42.37062, 0.000433566, 0.0003330745
  -42.364165, 0.000226548, 0.00033340533
  -42.351255, 0.00031248, 0.00033406747
  -42.3448, 0.000523404, 0.0003343988
  -42.325435, 7.4214e-05, 0.00033539379
  -42.325435, 0.000101556, 0.00033539379
  -42.30607, 0.000218736, 0.00033639029
  -42.299615, 0.00031248, 0.00033672279
  -42.29316, 0.00027342, 0.00033705546
  -42.286705, 0.000269514, 0.0003373883
  -42.273795, 0.00025389, 0.00033805449
  -42.273795, 0.000328104, 0.00033805449
  -42.26734, 0.000460908, 0.00033838783
  -42.26734, 0.000339822, 0.00033838783
  -42.26734, 0.000257796, 0.00033838783
  -42.26734, 0.000484344, 0.00033838783
  -42.26734, 0.000417942, 0.00033838783
  -42.26734, 0.000167958, 0.00033838783
  -42.260885, 0.000562464, 0.00033872135
  -42.260885, 0.000316386, 0.00033872135
  -42.260885, 0.000574182, 0.00033872135
  -42.25443, 0.000367164, 0.00033905503
  -42.25443, 0.000496062, 0.00033905503
  -42.247975, 0.000324198, 0.00033938888
  -42.24152, 0.000218736, 0.0003397229
  -42.235065, 0.00046872, 0.00034005709
  -42.222155, 0.00042966, 0.00034072598
  -42.2157, 0.000339822, 0.00034106068
  -42.2157, 0.000210924, 0.00034106068
  -42.2157, 0.000167958, 0.00034106068
  -42.209245, 0.000570276, 0.00034139555
  -42.196335, 0.000445284, 0.00034206579
  -42.183425, 0.000207018, 0.00034273672
  -42.170515, 0.000335916, 0.00034340832
  -42.170515, 0.000414036, 0.00034340832
  -42.170515, 0.000335916, 0.00034340832
  -42.170515, 0.00021483, 0.00034340832
  -42.16406, 0.000476532, 0.00034374437
  -42.16406, 0.000238266, 0.00034374437
  -42.15115, 0.000203112, 0.00034441699
  -42.15115, 0.000550746, 0.00034441699
  -42.13824, 0.0003906, 0.00034509029
  -42.12533, 0.000406224, 0.00034576428
  -42.118875, 0.000183582, 0.00034610152
  -42.118875, 0.000339822, 0.00034610152
  -42.11242, 0.0003906, 0.00034643894
  -42.11242, 0.00068355, 0.00034643894
  -42.11242, 0.00048825, 0.00034643894
  -42.105965, 0.000183582, 0.00034677653
  -42.105965, 0.00023436, 0.00034677653
  -42.09951, 0.000453096, 0.00034711429
  -42.09951, 0.000277326, 0.00034711429
  -42.067235, 0.000285138, 0.00034880564
  -42.067235, 6.2496e-05, 0.00034880564
  -42.067235, 0.000367164, 0.00034880564
  -42.06078, 0.000335916, 0.00034914443
  -42.054325, 0.000226548, 0.00034948338
  -42.054325, 0.000249984, 0.00034948338
  -42.04787, 0.000257796, 0.00034982251
  -42.041415, 0.000550746, 0.0003501618
  -42.041415, 0.000328104, 0.0003501618
  -42.03496, 0.00035154, 0.00035050127
  -42.03496, 0.000363258, 0.00035050127
  -42.03496, 0.000464814, 0.00035050127
  -42.03496, 0.000445284, 0.00035050127
  -42.03496, 0.000261702, 0.00035050127
  -42.028505, 0.000503874, 0.00035084091
  -42.028505, 0.000289044, 0.00035084091
  -42.02205, 0.000402318, 0.00035118072
  -42.015595, 0.00023436, 0.00035152071
  -42.00914, 0.000660114, 0.00035186086
  -42.00914, 0.000285138, 0.00035186086
  -42.002685, 0.000421848, 0.00035220119
  -42.002685, 0.000285138, 0.00035220119
  -41.99623, 0.000398412, 0.00035254169
  -41.989775, 0.000242172, 0.00035288236
  -41.989775, 0.000460908, 0.00035288236
  -41.989775, 0.000210924, 0.00035288236
  -41.989775, 0.000261702, 0.00035288236
  -41.98332, 0.000242172, 0.0003532232
  -41.98332, 0.000222642, 0.0003532232
  -41.98332, 0.000484344, 0.0003532232
  -41.98332, 0.000324198, 0.0003532232
  -41.98332, 0.00029295, 0.0003532232
  -41.98332, 0.000347634, 0.0003532232
  -41.976865, 0.0003906, 0.00035356421
  -41.976865, 0.00042966, 0.00035356421
  -41.951045, 0.00021483, 0.00035492999
  -41.951045, 0.000539028, 0.00035492999
  -41.94459, 0.000355446, 0.00035527187
  -41.94459, 0.000394506, 0.00035527187
  -41.938135, 0.000445284, 0.00035561391
  -41.938135, 0.000394506, 0.00035561391
  -41.938135, 0.00027342, 0.00035561391
  -41.938135, 0.000441378, 0.00035561391
  -41.938135, 0.000417942, 0.00035561391
  -41.938135, 0.00027342, 0.00035561391
  -41.93168, 0.0003906, 0.00035595613
  -41.93168, 0.00025389, 0.00035595613
  -41.925225, 0.000339822, 0.00035629853
  -41.925225, 0.000367164, 0.00035629853
  -41.91877, 0.000417942, 0.00035664109
  -41.91877, 0.000492156, 0.00035664109
  -41.912315, 0.000394506, 0.00035698383
  -41.912315, 0.000593712, 0.00035698383
  -41.90586, 0.00027342, 0.00035732674
  -41.90586, 0.0003906, 0.00035732674
  -41.899405, 0.000398412, 0.00035766982
  -41.899405, 0.000171864, 0.00035766982
  -41.899405, 0.000210924, 0.00035766982
  -41.89295, 0.000285138, 0.00035801308
  -41.89295, 0.000324198, 0.00035801308
  -41.89295, 0.000386694, 0.00035801308
  -41.886495, 0.00050778, 0.00035835651
  -41.886495, 0.000179676, 0.00035835651
  -41.886495, 0.000296856, 0.00035835651
  -41.88004, 0.000363258, 0.00035870011
  -41.88004, 0.00029295, 0.00035870011
  -41.873585, 0.000269514, 0.00035904389
  -41.86713, 0.000347634, 0.00035938784
  -41.86713, 0.00029295, 0.00035938784
  -41.86713, 0.000414036, 0.00035938784
  -41.860675, 0.000484344, 0.00035973196
  -41.860675, 0.000316386, 0.00035973196
  -41.85422, 0.000308574, 0.00036007626
  -41.847765, 0.00044919, 0.00036042073
  -41.847765, 0.000269514, 0.00036042073
  -41.84131, 0.000320292, 0.00036076537
  -41.84131, 0.00033201, 0.00036076537
  -41.84131, 0.00035154, 0.00036076537
  -41.84131, 0.000460908, 0.00036076537
  -41.84131, 0.00031248, 0.00036076537
  -41.834855, 0.000363258, 0.00036111019
  -41.834855, 0.000437472, 0.00036111019
  -41.834855, 0.000265608, 0.00036111019
  -41.8284, 0.000269514, 0.00036145518
  -41.821945, 0.000335916, 0.00036180034
  -41.821945, 0.000363258, 0.00036180034
  -41.821945, 0.00037107, 0.00036180034
  -41.821945, 0.000335916, 0.00036180034
  -41.809035, 0.000222642, 0.00036249119
  -41.809035, 0.000441378, 0.00036249119
  -41.80258, 0.000457002, 0.00036283687
  -41.80258, 0.000437472, 0.00036283687
  -41.796125, 0.000257796, 0.00036318273
  -41.796125, 0.000570276, 0.00036318273
  -41.796125, 0.000367164, 0.00036318273
  -41.78967, 0.00027342, 0.00036352877
  -41.78967, 0.00035154, 0.00036352877
  -41.78967, 0.000480438, 0.00036352877
  -41.78967, 0.000324198, 0.00036352877
  -41.78967, 0.00031248, 0.00036352877
  -41.78967, 0.000222642, 0.00036352877
  -41.783215, 0.000355446, 0.00036387498
  -41.783215, 0.000335916, 0.00036387498
  -41.783215, 0.000347634, 0.00036387498
  -41.770305, 0.000601524, 0.00036456791
  -41.770305, 0.000511686, 0.00036456791
  -41.770305, 0.000160146, 0.00036456791
  -41.76385, 0.000433566, 0.00036491465
  -41.76385, 0.000222642, 0.00036491465
  -41.76385, 0.000300762, 0.00036491465
  -41.76385, 0.0003906, 0.00036491465
  -41.757395, 0.000300762, 0.00036526155
  -41.757395, 0.000363258, 0.00036526155
  -41.757395, 0.00025389, 0.00036526155
  -41.75094, 0.00021483, 0.00036560863
  -41.75094, 0.00037107, 0.00036560863
  -41.75094, 0.000476532, 0.00036560863
  -41.75094, 0.000281232, 0.00036560863
  -41.75094, 0.000437472, 0.00036560863
  -41.75094, 0.00029295, 0.00036560863
  -41.744485, 0.000464814, 0.00036595589
  -41.73803, 0.000167958, 0.00036630331
  -41.73803, 0.000242172, 0.00036630331
  -41.731575, 0.000148428, 0.00036665092
  -41.731575, 0.00046872, 0.00036665092
  -41.731575, 0.000289044, 0.00036665092
  -41.72512, 0.000378882, 0.0003669987
  -41.72512, 0.000382788, 0.0003669987
  -41.72512, 0.000363258, 0.0003669987
  -41.72512, 0.000347634, 0.0003669987
  -41.718665, 0.00017577, 0.00036734665
  -41.71221, 0.000367164, 0.00036769478
  -41.71221, 0.000277326, 0.00036769478
  -41.71221, 0.00048825, 0.00036769478
  -41.71221, 0.000496062, 0.00036769478
  -41.705755, 0.00025389, 0.00036804308
  -41.705755, 0.000492156, 0.00036804308
  -41.705755, 0.000343728, 0.00036804308
  -41.6993, 0.000281232, 0.00036839156
  -41.6993, 0.00048825, 0.00036839156
  -41.6993, 0.000445284, 0.00036839156
  -41.692845, 0.000343728, 0.00036874022
  -41.692845, 0.000406224, 0.00036874022
  -41.692845, 0.00027342, 0.00036874022
  -41.68639, 0.00041013, 0.00036908905
  -41.68639, 0.000210924, 0.00036908905
  -41.68639, 0.000374976, 0.00036908905
  -41.679935, 0.000453096, 0.00036943805
  -41.679935, 0.000328104, 0.00036943805
  -41.67348, 0.00023436, 0.00036978723
  -41.67348, 0.000496062, 0.00036978723
  -41.67348, 0.000226548, 0.00036978723
  -41.667025, 0.000492156, 0.00037013659
  -41.667025, 0.000339822, 0.00037013659
  -41.667025, 0.000402318, 0.00037013659
  -41.667025, 0.000320292, 0.00037013659
  -41.667025, 0.000503874, 0.00037013659
  -41.667025, 0.000492156, 0.00037013659
  -41.66057, 0.000492156, 0.00037048612
  -41.66057, 0.000335916, 0.00037048612
  -41.66057, 0.000269514, 0.00037048612
  -41.654115, 0.00035154, 0.00037083583
  -41.654115, 0.000187488, 0.00037083583
  -41.64766, 0.000300762, 0.00037118571
  -41.64766, 0.000406224, 0.00037118571
  -41.64766, 0.000464814, 0.00037118571
  -41.64766, 0.000265608, 0.00037118571
  -41.64766, 0.000433566, 0.00037118571
  -41.64766, 0.000484344, 0.00037118571
  -41.64766, 0.000433566, 0.00037118571
  -41.64766, 0.000308574, 0.00037118571
  -41.64766, 0.000484344, 0.00037118571
  -41.64766, 0.00042966, 0.00037118571
  -41.641205, 0.000347634, 0.00037153577
  -41.641205, 0.000414036, 0.00037153577
  -41.641205, 0.00044919, 0.00037153577
  -41.641205, 0.00048825, 0.00037153577
  -41.63475, 0.000191394, 0.000371886
  -41.63475, 0.000363258, 0.000371886
  -41.628295, 0.00035154, 0.00037223641
  -41.628295, 0.000339822, 0.00037223641
  -41.62184, 0.000539028, 0.000372587
  -41.615385, 0.000316386, 0.00037293776
  -41.602475, 0.000367164, 0.00037363981
  -41.59602, 0.000355446, 0.00037399111
  -41.589565, 0.000433566, 0.00037434257
  -41.589565, 0.000570276, 0.00037434257
  -41.589565, 0.0001953, 0.00037434257
  -41.589565, 0.000386694, 0.00037434257
  -41.58311, 0.000289044, 0.00037469422
  -41.58311, 0.000316386, 0.00037469422
  -41.576655, 0.00041013, 0.00037504604
  -41.5702, 0.00013671, 0.00037539804
  -41.5702, 0.000453096, 0.00037539804
  -41.5702, 0.000226548, 0.00037539804
  -41.5702, 0.000179676, 0.00037539804
  -41.563745, 0.000382788, 0.00037575021
  -41.563745, 0.000374976, 0.00037575021
  -41.563745, 0.000285138, 0.00037575021
  -41.563745, 0.000367164, 0.00037575021
  -41.563745, 0.0003906, 0.00037575021
  -41.563745, 0.00027342, 0.00037575021
  -41.55729, 0.000460908, 0.00037610256
  -41.55729, 0.000441378, 0.00037610256
  -41.550835, 0.000226548, 0.00037645509
  -41.550835, 0.00048825, 0.00037645509
  -41.550835, 0.000445284, 0.00037645509
  -41.54438, 0.00050778, 0.00037680779
  -41.54438, 0.000457002, 0.00037680779
  -41.54438, 0.000386694, 0.00037680779
  -41.54438, 0.000406224, 0.00037680779
  -41.54438, 0.000730422, 0.00037680779
  -41.54438, 0.000152334, 0.00037680779
  -41.537925, 0.000558558, 0.00037716067
  -41.537925, 0.000363258, 0.00037716067
  -41.537925, 0.00046872, 0.00037716067
  -41.537925, 0.000359352, 0.00037716067
  -41.53147, 0.00021483, 0.00037751373
  -41.53147, 0.00068355, 0.00037751373
  -41.525015, 0.000374976, 0.00037786697
  -41.525015, 0.00042966, 0.00037786697
  -41.525015, 0.000152334, 0.00037786697
  -41.525015, 0.000519498, 0.00037786697
  -41.51856, 0.000457002, 0.00037822038
  -41.51856, 0.000386694, 0.00037822038
  -41.512105, 0.000246078, 0.00037857397
  -41.512105, 0.000499968, 0.00037857397
  -41.512105, 0.000441378, 0.00037857397
  -41.512105, 0.00031248, 0.00037857397
  -41.512105, 0.000285138, 0.00037857397
  -41.50565, 0.00050778, 0.00037892773
  -41.50565, 0.000285138, 0.00037892773
  -41.499195, 0.000300762, 0.00037928168
  -41.499195, 0.000343728, 0.00037928168
  -41.49274, 0.000281232, 0.0003796358
  -41.486285, 0.000316386, 0.0003799901
  -41.473375, 0.000289044, 0.00038069923
  -41.473375, 0.000402318, 0.00038069923
  -41.473375, 0.000386694, 0.00038069923
  -41.46692, 0.000308574, 0.00038105406
  -41.46692, 0.000265608, 0.00038105406
  -41.46692, 0.000124992, 0.00038105406
  -41.46692, 0.000519498, 0.00038105406
  -41.460465, 0.000324198, 0.00038140907
  -41.460465, 0.000425754, 0.00038140907
  -41.460465, 0.000300762, 0.00038140907
  -41.460465, 0.000656208, 0.00038140907
  -41.45401, 0.000515592, 0.00038176426
  -41.45401, 0.000496062, 0.00038176426
  -41.45401, 0.000499968, 0.00038176426
  -41.45401, 0.000581994, 0.00038176426
  -41.45401, 0.000667926, 0.00038176426
  -41.447555, 0.000421848, 0.00038211963
  -41.4411, 0.000453096, 0.00038247517
  -41.4411, 0.000324198, 0.00038247517
  -41.4411, 0.000363258, 0.00038247517
  -41.4411, 0.000472626, 0.00038247517
  -41.434645, 0.000355446, 0.0003828309
  -41.434645, 0.000472626, 0.0003828309
  -41.42819, 0.000207018, 0.0003831868
  -41.42819, 0.000578088, 0.0003831868
  -41.421735, 0.000218736, 0.00038354287
  -41.421735, 0.000140616, 0.00038354287
  -41.421735, 0.000578088, 0.00038354287
  -41.41528, 0.00048825, 0.00038389913
  -41.41528, 0.000296856, 0.00038389913
  -41.408825, 0.000378882, 0.00038425557
  -41.408825, 0.000218736, 0.00038425557
  -41.408825, 0.000476532, 0.00038425557
  -41.40237, 0.000457002, 0.00038461218
  -41.40237, 0.000519498, 0.00038461218
  -41.40237, 0.000554652, 0.00038461218
  -41.40237, 0.000128898, 0.00038461218
  -41.40237, 0.000535122, 0.00038461218
  -41.395915, 0.000621054, 0.00038496897
  -41.395915, 0.000316386, 0.00038496897
  -41.395915, 0.000437472, 0.00038496897
  -41.395915, 0.000183582, 0.00038496897
  -41.395915, 0.000445284, 0.00038496897
  -41.38946, 0.00031248, 0.00038532595
  -41.38946, 0.000433566, 0.00038532595
  -41.38946, 0.000320292, 0.00038532595
  -41.38946, 0.000242172, 0.00038532595
  -41.383005, 0.00017577, 0.00038568309
  -41.37655, 0.000523404, 0.00038604042
  -41.37655, 7.4214e-05, 0.00038604042
  -41.370095, 0.000581994, 0.00038639793
  -41.36364, 0.000210924, 0.00038675562
  -41.36364, 0.000515592, 0.00038675562
  -41.36364, 0.000414036, 0.00038675562
  -41.36364, 0.00021483, 0.00038675562
  -41.357185, 0.00023436, 0.00038711348
  -41.344275, 0.000519498, 0.00038782975
  -41.344275, 0.000550746, 0.00038782975
  -41.344275, 0.000406224, 0.00038782975
  -41.33782, 0.00037107, 0.00038818815
  -41.331365, 0.000425754, 0.00038854674
  -41.331365, 0.000394506, 0.00038854674
  -41.331365, 0.000320292, 0.00038854674
  -41.32491, 0.000414036, 0.0003889055
  -41.318455, 0.000476532, 0.00038926444
  -41.312, 0.00041013, 0.00038962356
  -41.305545, 0.000304668, 0.00038998286
  -41.305545, 0.000386694, 0.00038998286
  -41.305545, 0.00042966, 0.00038998286
  -41.305545, 0.000160146, 0.00038998286
  -41.305545, 0.000453096, 0.00038998286
  -41.29909, 0.000367164, 0.00039034234
  -41.292635, 0.000179676, 0.000390702
  -41.292635, 0.00029295, 0.000390702
  -41.292635, 0.000367164, 0.000390702
  -41.292635, 0.000367164, 0.000390702
  -41.292635, 0.000472626, 0.000390702
  -41.28618, 0.000277326, 0.00039106184
  -41.279725, 0.000523404, 0.00039142186
  -41.279725, 0.000296856, 0.00039142186
  -41.279725, 0.000574182, 0.00039142186
  -41.27327, 0.000433566, 0.00039178206
  -41.266815, 0.000499968, 0.00039214244
  -41.26036, 0.000261702, 0.000392503
  -41.26036, 0.00037107, 0.000392503
  -41.253905, 0.000378882, 0.00039286373
  -41.24745, 0.000246078, 0.00039322465
  -41.240995, 0.000261702, 0.00039358575
  -41.240995, 0.000363258, 0.00039358575
  -41.240995, 0.000308574, 0.00039358575
  -41.240995, 0.000222642, 0.00039358575
  -41.23454, 3.5154e-05, 0.00039394703
  -41.228085, 0.000406224, 0.0003943085
  -41.228085, 0.000453096, 0.0003943085
  -41.228085, 0.000402318, 0.0003943085
  -41.22163, 0.00046872, 0.00039467014
  -41.22163, 0.00033201, 0.00039467014
  -41.215175, 0.000523404, 0.00039503196
  -41.215175, 0.00033201, 0.00039503196
  -41.215175, 0.000421848, 0.00039503196
  -41.20872, 0.000464814, 0.00039539396
  -41.20872, 0.000281232, 0.00039539396
  -41.202265, 0.000226548, 0.00039575614
  -41.202265, 0.000187488, 0.00039575614
  -41.202265, 0.000535122, 0.00039575614
  -41.19581, 0.000367164, 0.00039611851
  -41.19581, 0.000421848, 0.00039611851
  -41.19581, 0.000398412, 0.00039611851
  -41.189355, 0.000593712, 0.00039648105
  -41.189355, 0.000257796, 0.00039648105
  -41.189355, 0.000562464, 0.00039648105
  -41.189355, 0.000414036, 0.00039648105
  -41.189355, 0.000421848, 0.00039648105
  -41.189355, 0.000183582, 0.00039648105
  -41.189355, 0.000374976, 0.00039648105
  -41.1829, 0.00042966, 0.00039684378
  -41.176445, 0.000457002, 0.00039720669
  -41.176445, 0.000457002, 0.00039720669
  -41.176445, 0.000320292, 0.00039720669
  -41.176445, 0.000476532, 0.00039720669
  -41.176445, 0.00031248, 0.00039720669
  -41.176445, 0.000531216, 0.00039720669
  -41.16999, 0.000453096, 0.00039756978
  -41.16999, 0.000492156, 0.00039756978
  -41.163535, 0.000402318, 0.00039793304
  -41.163535, 0.00041013, 0.00039793304
  -41.163535, 0.000554652, 0.00039793304
  -41.15708, 0.00052731, 0.0003982965
  -41.15708, 0.000308574, 0.0003982965
  -41.15708, 0.000359352, 0.0003982965
  -41.15708, 0.000269514, 0.0003982965
  -41.15708, 0.000269514, 0.0003982965
  -41.15708, 0.000433566, 0.0003982965
  -41.150625, 0.000374976, 0.00039866013
  -41.150625, 0.000335916, 0.00039866013
  -41.150625, 0.000296856, 0.00039866013
  -41.14417, 0.00042966, 0.00039902394
  -41.14417, 0.000519498, 0.00039902394
  -41.14417, 0.000550746, 0.00039902394
  -41.137715, 0.000441378, 0.00039938794
  -41.137715, 0.000453096, 0.00039938794
  -41.137715, 0.00035154, 0.00039938794
  -41.137715, 0.000269514, 0.00039938794
  -41.137715, 0.000152334, 0.00039938794
  -41.137715, 0.000374976, 0.00039938794
  -41.137715, 0.000574182, 0.00039938794
  -41.13126, 0.000339822, 0.00039975211
  -41.13126, 0.000320292, 0.00039975211
  -41.13126, 0.000531216, 0.00039975211
  -41.13126, 0.00033201, 0.00039975211
  -41.13126, 0.000539028, 0.00039975211
  -41.124805, 0.000511686, 0.00040011647
  -41.124805, 0.000324198, 0.00040011647
  -41.124805, 0.000476532, 0.00040011647
  -41.11835, 0.000667926, 0.00040048101
  -41.11835, 0.000499968, 0.00040048101
  -41.11835, 0.000480438, 0.00040048101
  -41.111895, 0.000394506, 0.00040084573
  -41.111895, 0.000242172, 0.00040084573
  -41.111895, 0.0001953, 0.00040084573
  -41.111895, 0.000535122, 0.00040084573
  -41.10544, 0.000296856, 0.00040121063
  -41.10544, 0.000210924, 0.00040121063
  -41.098985, 0.000191394, 0.00040157572
  -41.098985, 0.00023436, 0.00040157572
  -41.09253, 0.000503874, 0.00040194099
  -41.09253, 0.000562464, 0.00040194099
  -41.09253, 0.00027342, 0.00040194099
  -41.09253, 0.000601524, 0.00040194099
  -41.09253, 0.00013671, 0.00040194099
  -41.09253, 0.000562464, 0.00040194099
  -41.086075, 0.000339822, 0.00040230644
  -41.086075, 0.000374976, 0.00040230644
  -41.086075, 0.000414036, 0.00040230644
  -41.086075, 0.000320292, 0.00040230644
  -41.086075, 0.000581994, 0.00040230644
  -41.086075, 0.000558558, 0.00040230644
  -41.086075, 0.000464814, 0.00040230644
  -41.07962, 0.000433566, 0.00040267207
  -41.07962, 0.00037107, 0.00040267207
  -41.07962, 0.000289044, 0.00040267207
  -41.073165, 0.000402318, 0.00040303788
  -41.073165, 0.00042966, 0.00040303788
  -41.073165, 0.000503874, 0.00040303788
  -41.073165, 0.000398412, 0.00040303788
  -41.073165, 0.000347634, 0.00040303788
  -41.06671, 0.000246078, 0.00040340388
  -41.060255, 0.000316386, 0.00040377006
  -41.060255, 0.00021483, 0.00040377006
  -41.0538, 0.000562464, 0.00040413642
  -41.0538, 0.000285138, 0.00040413642
  -41.0538, 0.000359352, 0.00040413642
  -41.034435, 0.000453096, 0.00040523659
  -41.02798, 0.000382788, 0.00040560368
  -41.021525, 0.000187488, 0.00040597096
  -41.021525, 0.000476532, 0.00040597096
  -41.01507, 0.00021483, 0.00040633841
  -41.01507, 0.000535122, 0.00040633841
  -41.00216, 0.000378882, 0.00040707388
  -41.00216, 0.000238266, 0.00040707388
  -40.995705, 0.000242172, 0.00040744188
  -40.982795, 0.00023436, 0.00040817844
  -40.97634, 0.000359352, 0.000408547
  -40.97634, 0.000222642, 0.000408547
  -40.969885, 0.000378882, 0.00040891574
  -40.96343, 0.000328104, 0.00040928466
  -40.96343, 0.00037107, 0.00040928466
  -40.956975, 0.000503874, 0.00040965377
  -40.956975, 0.000269514, 0.00040965377
  -40.95052, 0.000261702, 0.00041002306
  -40.93761, 0.000367164, 0.00041076219
  -40.93761, 0.000464814, 0.00041076219
  -40.931155, 0.000398412, 0.00041113203
  -40.931155, 0.000304668, 0.00041113203
  -40.931155, 0.000328104, 0.00041113203
  -40.931155, 0.000511686, 0.00041113203
  -40.9247, 0.000398412, 0.00041150205
  -40.9247, 0.000441378, 0.00041150205
  -40.918245, 0.00041013, 0.00041187226
  -40.918245, 0.00062496, 0.00041187226
  -40.918245, 0.000550746, 0.00041187226
  -40.918245, 0.000257796, 0.00041187226
  -40.91179, 0.00023436, 0.00041224265
  -40.905335, 0.000425754, 0.00041261323
  -40.89888, 0.000496062, 0.00041298399
  -40.89888, 0.000417942, 0.00041298399
  -40.88597, 0.000324198, 0.00041372606
  -40.88597, 0.000628866, 0.00041372606
  -40.88597, 0.000316386, 0.00041372606
  -40.88597, 0.000535122, 0.00041372606
  -40.88597, 0.00041013, 0.00041372606
  -40.879515, 0.00041013, 0.00041409738
  -40.87306, 0.000324198, 0.00041446887
  -40.87306, 0.000425754, 0.00041446887
  -40.87306, 0.000421848, 0.00041446887
  -40.87306, 0.00056637, 0.00041446887
  -40.866605, 0.000281232, 0.00041484056
  -40.866605, 0.000593712, 0.00041484056
  -40.86015, 0.000535122, 0.00041521242
  -40.86015, 0.000308574, 0.00041521242
  -40.853695, 0.000339822, 0.00041558448
  -40.853695, 0.000499968, 0.00041558448
  -40.84724, 0.000246078, 0.00041595671
  -40.84724, 0.000480438, 0.00041595671
  -40.84724, 0.000402318, 0.00041595671
  -40.84724, 0.000249984, 0.00041595671
  -40.840785, 0.000464814, 0.00041632913
  -40.840785, 0.000289044, 0.00041632913
  -40.840785, 0.000289044, 0.00041632913
  -40.840785, 0.000523404, 0.00041632913
  -40.840785, 0.000417942, 0.00041632913
  -40.840785, 0.000277326, 0.00041632913
  -40.840785, 0.000503874, 0.00041632913
  -40.83433, 0.000269514, 0.00041670174
  -40.83433, 0.000558558, 0.00041670174
  -40.83433, 0.000484344, 0.00041670174
  -40.827875, 0.0003906, 0.00041707453
  -40.82142, 0.000542934, 0.00041744751
  -40.814965, 0.000359352, 0.00041782067
  -40.814965, 0.000417942, 0.00041782067
  -40.814965, 0.000499968, 0.00041782067
  -40.814965, 0.00052731, 0.00041782067
  -40.80851, 0.000515592, 0.00041819402
  -40.80851, 0.000515592, 0.00041819402
  -40.80851, 0.000320292, 0.00041819402
  -40.80851, 0.000515592, 0.00041819402
  -40.80851, 0.000382788, 0.00041819402
  -40.802055, 0.000367164, 0.00041856755
  -40.802055, 0.000496062, 0.00041856755
  -40.802055, 0.000406224, 0.00041856755
  -40.802055, 0.00041013, 0.00041856755
  -40.7956, 0.000531216, 0.00041894126
  -40.7956, 0.000374976, 0.00041894126
  -40.7956, 0.000593712, 0.00041894126
  -40.789145, 0.000355446, 0.00041931517
  -40.789145, 0.000453096, 0.00041931517
  -40.78269, 0.000335916, 0.00041968926
  -40.78269, 0.00054684, 0.00041968926
  -40.78269, 0.000503874, 0.00041968926
  -40.78269, 0.000484344, 0.00041968926
  -40.776235, 0.000296856, 0.00042006353
  -40.776235, 0.00033201, 0.00042006353
  -40.776235, 0.000257796, 0.00042006353
  -40.776235, 0.000421848, 0.00042006353
  -40.76978, 0.000542934, 0.00042043799
  -40.763325, 0.000285138, 0.00042081263
  -40.763325, 0.000359352, 0.00042081263
  -40.763325, 0.000554652, 0.00042081263
  -40.763325, 0.000347634, 0.00042081263
  -40.763325, 0.000300762, 0.00042081263
  -40.763325, 0.000359352, 0.00042081263
  -40.763325, 0.000320292, 0.00042081263
  -40.75687, 0.000464814, 0.00042118746
  -40.75687, 0.00056637, 0.00042118746
  -40.75687, 0.0005859, 0.00042118746
  -40.75687, 0.000554652, 0.00042118746
  -40.750415, 0.00048825, 0.00042156248
  -40.750415, 0.00046872, 0.00042156248
  -40.750415, 0.00037107, 0.00042156248
  -40.74396, 0.000480438, 0.00042193768
  -40.74396, 0.000425754, 0.00042193768
  -40.74396, 0.00044919, 0.00042193768
  -40.74396, 0.000632772, 0.00042193768
  -40.74396, 0.000562464, 0.00042193768
  -40.74396, 0.000320292, 0.00042193768
  -40.737505, 0.000472626, 0.00042231307
  -40.737505, 0.000515592, 0.00042231307
  -40.737505, 0.000570276, 0.00042231307
  -40.737505, 0.000277326, 0.00042231307
  -40.737505, 0.000503874, 0.00042231307
  -40.737505, 0.000472626, 0.00042231307
  -40.737505, 0.000343728, 0.00042231307
  -40.73105, 0.000324198, 0.00042268865
  -40.73105, 0.000492156, 0.00042268865
  -40.73105, 0.000445284, 0.00042268865
  -40.73105, 0.00054684, 0.00042268865
  -40.724595, 0.000359352, 0.00042306441
  -40.724595, 0.000320292, 0.00042306441
  -40.724595, 0.00031248, 0.00042306441
  -40.71814, 0.000433566, 0.00042344035
  -40.71814, 0.000425754, 0.00042344035
  -40.71814, 0.000414036, 0.00042344035
  -40.71814, 0.000484344, 0.00042344035
  -40.71814, 0.000316386, 0.00042344035
  -40.698775, 0.000343728, 0.00042456931
  -40.69232, 0.000257796, 0.00042494601
  -40.67941, 0.00056637, 0.00042569995
  -40.67941, 0.000328104, 0.00042569995
  -40.67941, 0.000542934, 0.00042569995
  -40.672955, 0.00033201, 0.0004260772
  -40.672955, 0.000417942, 0.0004260772
  -40.6665, 0.00041013, 0.00042645464
  -40.6665, 0.000749952, 0.00042645464
  -40.6665, 0.000324198, 0.00042645464
  -40.660045, 0.00052731, 0.00042683227
  -40.660045, 0.000425754, 0.00042683227
  -40.660045, 0.000515592, 0.00042683227
  -40.660045, 0.000476532, 0.00042683227
  -40.65359, 0.000374976, 0.00042721008
  -40.65359, 0.000480438, 0.00042721008
  -40.65359, 0.00056637, 0.00042721008
  -40.647135, 0.000386694, 0.00042758808
  -40.647135, 0.00050778, 0.00042758808
  -40.647135, 0.000460908, 0.00042758808
  -40.647135, 0.000617148, 0.00042758808
  -40.647135, 0.000445284, 0.00042758808
  -40.64068, 0.000457002, 0.00042796627
  -40.64068, 0.000281232, 0.00042796627
  -40.64068, 0.000335916, 0.00042796627
  -40.634225, 0.000374976, 0.00042834464
  -40.634225, 0.000281232, 0.00042834464
  -40.634225, 0.000425754, 0.00042834464
  -40.621315, 0.000523404, 0.00042910195
  -40.621315, 0.00052731, 0.00042910195
  -40.621315, 0.000457002, 0.00042910195
  -40.621315, 0.000382788, 0.00042910195
  -40.621315, 0.000570276, 0.00042910195
  -40.621315, 0.000148428, 0.00042910195
  -40.621315, 0.000285138, 0.00042910195
  -40.621315, 0.000367164, 0.00042910195
  -40.61486, 0.000261702, 0.00042948089
  -40.61486, 0.000519498, 0.00042948089
  -40.608405, 0.00041013, 0.00042986001
  -40.608405, 0.000363258, 0.00042986001
  -40.60195, 0.00056637, 0.00043023932
  -40.60195, 0.000296856, 0.00043023932
  -40.60195, 0.000246078, 0.00043023932
  -40.58904, 0.000578088, 0.00043099851
  -40.58904, 0.000437472, 0.00043099851
  -40.58904, 0.00027342, 0.00043099851
  -40.582585, 0.000476532, 0.00043137838
  -40.582585, 0.000285138, 0.00043137838
  -40.582585, 0.000445284, 0.00043137838
  -40.582585, 0.000367164, 0.00043137838
  -40.582585, 0.00027342, 0.00043137838
  -40.569675, 0.000304668, 0.00043213869
  -40.56322, 0.000601524, 0.00043251913
  -40.56322, 0.00021483, 0.00043251913
  -40.556765, 0.000285138, 0.00043289975
  -40.556765, 0.000476532, 0.00043289975
  -40.556765, 0.000437472, 0.00043289975
  -40.556765, 0.000425754, 0.00043289975
  -40.55031, 0.000421848, 0.00043328057
  -40.55031, 0.000304668, 0.00043328057
  -40.55031, 0.000355446, 0.00043328057
  -40.55031, 0.000382788, 0.00043328057
  -40.55031, 0.000609336, 0.00043328057
  -40.55031, 0.00031248, 0.00043328057
  -40.543855, 0.000621054, 0.00043366157
  -40.543855, 0.000406224, 0.00043366157
  -40.543855, 0.000433566, 0.00043366157
  -40.543855, 0.000238266, 0.00043366157
  -40.543855, 0.0005859, 0.00043366157
  -40.543855, 0.00046872, 0.00043366157
  -40.543855, 0.00025389, 0.00043366157
  -40.5374, 0.000531216, 0.00043404276
  -40.5374, 0.000472626, 0.00043404276
  -40.5374, 0.000421848, 0.00043404276
  -40.5374, 0.000558558, 0.00043404276
  -40.530945, 0.000367164, 0.00043442414
  -40.52449, 0.000285138, 0.0004348057
  -40.52449, 0.000316386, 0.0004348057
  -40.518035, 0.000367164, 0.00043518746
  -40.518035, 0.00052731, 0.00043518746
  -40.518035, 0.000499968, 0.00043518746
  -40.518035, 0.000398412, 0.00043518746
  -40.518035, 0.000378882, 0.00043518746
  -40.518035, 0.00054684, 0.00043518746
  -40.51158, 0.00021483, 0.0004355694
  -40.505125, 0.00027342, 0.00043595153
  -40.505125, 0.000613242, 0.00043595153
  -40.505125, 0.00052731, 0.00043595153
  -40.49867, 0.000535122, 0.00043633386
  -40.49867, 0.00048825, 0.00043633386
  -40.48576, 0.000300762, 0.00043709906
  -40.479305, 0.000480438, 0.00043748195
  -40.479305, 0.000472626, 0.00043748195
  -40.47285, 0.000425754, 0.00043786503
  -40.47285, 0.000394506, 0.00043786503
  -40.47285, 0.000414036, 0.00043786503
  -40.47285, 0.00035154, 0.00043786503
  -40.47285, 0.000304668, 0.00043786503
  -40.466395, 0.000363258, 0.00043824829
  -40.466395, 0.0003906, 0.00043824829
  -40.45994, 0.000515592, 0.00043863175
  -40.45994, 0.000261702, 0.00043863175
  -40.45994, 0.000433566, 0.00043863175
  -40.453485, 0.000394506, 0.00043901539
  -40.44703, 0.000437472, 0.00043939922
  -40.440575, 0.000460908, 0.00043978325
  -40.440575, 0.000320292, 0.00043978325
  -40.440575, 0.000347634, 0.00043978325
  -40.440575, 0.000515592, 0.00043978325
  -40.440575, 0.00031248, 0.00043978325
  -40.440575, 0.00054684, 0.00043978325
  -40.440575, 0.0003906, 0.00043978325
  -40.427665, 0.000367164, 0.00044055186
  -40.427665, 0.000367164, 0.00044055186
  -40.42121, 0.000539028, 0.00044093645
  -40.42121, 0.000207018, 0.00044093645
  -40.42121, 0.000402318, 0.00044093645
  -40.42121, 0.000406224, 0.00044093645
  -40.414755, 0.000453096, 0.00044132123
  -40.414755, 0.00042966, 0.00044132123
  -40.4083, 0.000492156, 0.0004417062
  -40.401845, 0.000542934, 0.00044209136
  -40.401845, 0.000261702, 0.00044209136
  -40.39539, 0.000378882, 0.00044247671
  -40.39539, 0.000277326, 0.00044247671
  -40.39539, 0.000394506, 0.00044247671
  -40.388935, 0.00042966, 0.00044286225
  -40.388935, 0.000417942, 0.00044286225
  -40.388935, 0.000519498, 0.00044286225
  -40.38248, 0.000425754, 0.00044324798
  -40.38248, 0.00046872, 0.00044324798
  -40.376025, 0.000570276, 0.00044363389
  -40.376025, 0.000499968, 0.00044363389
  -40.376025, 0.000421848, 0.00044363389
  -40.376025, 0.000550746, 0.00044363389
  -40.376025, 0.000339822, 0.00044363389
  -40.36957, 0.000457002, 0.00044402
  -40.36957, 0.000457002, 0.00044402
  -40.36957, 0.000324198, 0.00044402
  -40.363115, 0.000464814, 0.0004444063
  -40.363115, 0.0003906, 0.0004444063
  -40.363115, 0.000367164, 0.0004444063
  -40.35666, 0.000523404, 0.00044479279
  -40.35666, 0.000335916, 0.00044479279
  -40.35666, 0.000515592, 0.00044479279
  -40.350205, 0.000398412, 0.00044517947
  -40.350205, 0.0003906, 0.00044517947
  -40.350205, 0.000445284, 0.00044517947
  -40.34375, 0.000445284, 0.00044556634
  -40.337295, 0.00031248, 0.0004459534
  -40.337295, 0.000367164, 0.0004459534
  -40.337295, 0.000378882, 0.0004459534
  -40.33084, 0.000335916, 0.00044634066
  -40.33084, 0.000339822, 0.00044634066
  -40.33084, 0.000386694, 0.00044634066
  -40.33084, 0.00044919, 0.00044634066
  -40.33084, 0.000492156, 0.00044634066
  -40.33084, 0.000503874, 0.00044634066
  -40.33084, 0.000363258, 0.00044634066
  -40.324385, 0.000542934, 0.0004467281
  -40.324385, 0.000503874, 0.0004467281
  -40.324385, 0.000421848, 0.0004467281
  -40.324385, 0.000199206, 0.0004467281
  -40.31793, 0.000558558, 0.00044711573
  -40.31793, 0.000492156, 0.00044711573
  -40.31793, 0.000535122, 0.00044711573
  -40.31793, 0.00048825, 0.00044711573
  -40.31793, 0.000320292, 0.00044711573
  -40.31793, 0.000402318, 0.00044711573
  -40.311475, 0.000402318, 0.00044750355
  -40.311475, 0.00044919, 0.00044750355
  -40.311475, 0.000394506, 0.00044750355
  -40.311475, 0.000550746, 0.00044750355
  -40.311475, 0.000542934, 0.00044750355
  -40.311475, 0.000503874, 0.00044750355
  -40.311475, 0.000359352, 0.00044750355
  -40.311475, 0.000581994, 0.00044750355
  -40.311475, 0.000324198, 0.00044750355
  -40.30502, 0.000621054, 0.00044789157
  -40.30502, 0.000406224, 0.00044789157
  -40.30502, 0.000621054, 0.00044789157
  -40.30502, 0.00054684, 0.00044789157
  -40.30502, 0.00025389, 0.00044789157
  -40.30502, 0.000406224, 0.00044789157
  -40.30502, 0.000414036, 0.00044789157
  -40.30502, 0.000374976, 0.00044789157
  -40.30502, 0.000574182, 0.00044789157
  -40.298565, 0.000542934, 0.00044827977
  -40.298565, 0.000472626, 0.00044827977
  -40.298565, 0.000523404, 0.00044827977
  -40.298565, 0.00048825, 0.00044827977
  -40.29211, 0.000414036, 0.00044866817
  -40.29211, 0.0005859, 0.00044866817
  -40.29211, 0.000261702, 0.00044866817
  -40.29211, 0.000531216, 0.00044866817
  -40.29211, 0.000460908, 0.00044866817
  -40.29211, 0.000464814, 0.00044866817
  -40.29211, 0.00042966, 0.00044866817
  -40.29211, 0.000539028, 0.00044866817
  -40.285655, 0.00048825, 0.00044905676
  -40.285655, 0.000531216, 0.00044905676
  -40.285655, 0.000304668, 0.00044905676
  -40.285655, 0.000308574, 0.00044905676
  -40.285655, 0.000382788, 0.00044905676
  -40.285655, 0.000289044, 0.00044905676
  -40.2792, 0.000433566, 0.00044944554
  -40.2792, 0.000628866, 0.00044944554
  -40.2792, 0.000355446, 0.00044944554
  -40.2792, 0.000562464, 0.00044944554
  -40.2792, 0.000269514, 0.00044944554
  -40.2792, 0.000476532, 0.00044944554
  -40.272745, 0.00054684, 0.00044983451
  -40.272745, 0.000503874, 0.00044983451
  -40.272745, 0.000374976, 0.00044983451
  -40.272745, 0.000378882, 0.00044983451
  -40.272745, 0.00042966, 0.00044983451
  -40.272745, 0.000281232, 0.00044983451
  -40.26629, 0.000394506, 0.00045022367
  -40.259835, 0.000453096, 0.00045061302
  -40.259835, 0.00044919, 0.00045061302
  -40.259835, 0.000558558, 0.00045061302
  -40.259835, 0.000339822, 0.00045061302
  -40.25338, 0.000539028, 0.00045100256
  -40.25338, 0.000531216, 0.00045100256
  -40.25338, 0.000472626, 0.00045100256
  -40.25338, 0.000355446, 0.00045100256
  -40.25338, 0.000503874, 0.00045100256
  -40.246925, 0.00041013, 0.0004513923
  -40.246925, 0.00066402, 0.0004513923
  -40.24047, 0.000394506, 0.00045178222
  -40.24047, 0.000308574, 0.00045178222
  -40.24047, 0.000417942, 0.00045178222
  -40.234015, 0.0003906, 0.00045217234
  -40.234015, 0.000296856, 0.00045217234
  -40.234015, 0.000539028, 0.00045217234
  -40.234015, 0.000519498, 0.00045217234
  -40.22756, 0.00033201, 0.00045256265
  -40.22756, 0.000374976, 0.00045256265
  -40.22756, 0.00042966, 0.00045256265
  -40.22756, 0.00033201, 0.00045256265
  -40.22756, 0.000414036, 0.00045256265
  -40.22756, 0.000578088, 0.00045256265
  -40.22756, 0.00042966, 0.00045256265
  -40.21465, 0.000484344, 0.00045334385
  -40.21465, 0.000277326, 0.00045334385
  -40.21465, 0.000328104, 0.00045334385
  -40.21465, 0.000617148, 0.00045334385
  -40.21465, 0.00027342, 0.00045334385
  -40.208195, 0.000406224, 0.00045373473
  -40.208195, 0.00037107, 0.00045373473
  -40.20174, 0.000601524, 0.00045412581
  -40.20174, 0.00050778, 0.00045412581
  -40.20174, 0.000667926, 0.00045412581
  -40.20174, 0.000535122, 0.00045412581
  -40.20174, 0.000249984, 0.00045412581
  -40.20174, 0.000636678, 0.00045412581
  -40.20174, 0.000453096, 0.00045412581
  -40.20174, 0.000347634, 0.00045412581
  -40.195285, 0.000191394, 0.00045451708
  -40.18883, 0.000581994, 0.00045490854
  -40.18883, 0.00046872, 0.00045490854
  -40.18883, 0.000433566, 0.00045490854
  -40.18883, 0.000386694, 0.00045490854
  -40.182375, 0.000445284, 0.0004553002
  -40.182375, 0.00048825, 0.0004553002
  -40.182375, 0.00046872, 0.0004553002
  -40.17592, 0.0005859, 0.00045569204
  -40.17592, 0.000304668, 0.00045569204
  -40.17592, 0.000609336, 0.00045569204
  -40.17592, 0.000320292, 0.00045569204
  -40.17592, 0.000511686, 0.00045569204
  -40.169465, 0.000492156, 0.00045608408
  -40.169465, 0.000328104, 0.00045608408
  -40.169465, 0.00015624, 0.00045608408
  -40.169465, 0.000472626, 0.00045608408
  -40.169465, 0.00037107, 0.00045608408
  -40.16301, 0.000437472, 0.00045647631
  -40.16301, 0.000355446, 0.00045647631
  -40.16301, 0.00044919, 0.00045647631
  -40.16301, 0.000218736, 0.00045647631
  -40.156555, 0.00037107, 0.00045686873
  -40.156555, 0.000453096, 0.00045686873
  -40.156555, 0.000484344, 0.00045686873
  -40.156555, 0.000277326, 0.00045686873
  -40.156555, 0.000539028, 0.00045686873
  -40.156555, 0.00046872, 0.00045686873
  -40.156555, 0.000484344, 0.00045686873
  -40.1501, 0.000378882, 0.00045726135
  -40.143645, 0.00064449, 0.00045765416
  -40.143645, 0.000496062, 0.00045765416
  -40.13719, 0.000453096, 0.00045804716
  -40.13719, 0.000347634, 0.00045804716
  -40.13719, 0.000460908, 0.00045804716
  -40.13719, 0.00046872, 0.00045804716
  -40.13719, 0.000367164, 0.00045804716
  -40.130735, 0.0003906, 0.00045844035
  -40.130735, 0.000359352, 0.00045844035
  -40.12428, 0.000628866, 0.00045883374
  -40.12428, 0.000406224, 0.00045883374
  -40.117825, 0.000550746, 0.00045922732
  -40.11137, 0.00080073, 0.00045962109
  -40.11137, 0.000531216, 0.00045962109
  -40.09846, 0.00025389, 0.00046040922
  -40.09846, 0.000453096, 0.00046040922
  -40.09846, 0.000347634, 0.00046040922
  -40.08555, 0.00050778, 0.00046119811
  -40.08555, 0.00052731, 0.00046119811
  -40.08555, 0.00041013, 0.00046119811
  -40.079095, 0.000457002, 0.00046159285
  -40.079095, 0.000437472, 0.00046159285
  -40.079095, 0.000460908, 0.00046159285
  -40.079095, 0.000660114, 0.00046159285
  -40.07264, 0.000386694, 0.00046198778
  -40.07264, 0.000511686, 0.00046198778
  -40.066185, 0.000675738, 0.00046238291
  -40.066185, 0.000433566, 0.00046238291
  -40.066185, 0.000382788, 0.00046238291
  -40.066185, 0.000484344, 0.00046238291
  -40.066185, 0.00042966, 0.00046238291
  -40.066185, 0.000304668, 0.00046238291
  -40.066185, 0.000574182, 0.00046238291
  -40.05973, 0.00042966, 0.00046277823
  -40.05973, 0.000539028, 0.00046277823
  -40.05973, 0.000378882, 0.00046277823
  -40.053275, 0.000464814, 0.00046317374
  -40.053275, 0.00033201, 0.00046317374
  -40.053275, 0.000636678, 0.00046317374
  -40.053275, 0.000457002, 0.00046317374
  -40.053275, 0.00072261, 0.00046317374
  -40.040365, 0.000628866, 0.00046396535
  -40.027455, 0.000621054, 0.00046475773
  -40.027455, 0.000503874, 0.00046475773
  -40.027455, 0.000535122, 0.00046475773
  -40.027455, 0.000464814, 0.00046475773
  -40.027455, 0.000621054, 0.00046475773
  -40.014545, 0.000464814, 0.00046555089
  -40.014545, 0.000542934, 0.00046555089
  -40.00809, 0.00025389, 0.00046594776
  -40.00809, 0.000746046, 0.00046594776
  -40.001635, 0.00072261, 0.00046634482
  -40.001635, 0.000691362, 0.00046634482
  -39.988725, 0.000535122, 0.00046713953
  -39.988725, 0.000609336, 0.00046713953
  -39.98227, 0.000601524, 0.00046753718
  -39.98227, 0.000492156, 0.00046753718
  -39.98227, 0.000363258, 0.00046753718
  -39.98227, 0.000464814, 0.00046753718
  -39.98227, 0.0005859, 0.00046753718
  -39.96936, 0.000445284, 0.00046833306
  -39.96936, 0.000492156, 0.00046833306
  -39.96936, 0.000562464, 0.00046833306
  -39.96936, 0.00042966, 0.00046833306
  -39.962905, 0.00054684, 0.00046873129
  -39.962905, 0.0003906, 0.00046873129
  -39.962905, 0.000519498, 0.00046873129
  -39.949995, 0.000374976, 0.00046952834
  -39.949995, 0.000542934, 0.00046952834
  -39.949995, 0.000687456, 0.00046952834
  -39.949995, 0.000730422, 0.00046952834
  -39.949995, 0.00044919, 0.00046952834
  -39.94354, 0.000550746, 0.00046992715
  -39.93063, 0.00056637, 0.00047072537
  -39.924175, 0.000398412, 0.00047112477
  -39.924175, 0.000441378, 0.00047112477
  -39.911265, 0.000496062, 0.00047192415
  -39.911265, 0.00029295, 0.00047192415
  -39.911265, 0.000296856, 0.00047192415
  -39.90481, 0.000226548, 0.00047232414
  -39.90481, 0.000324198, 0.00047232414
  -39.898355, 0.000554652, 0.00047272432
  -39.898355, 0.000578088, 0.00047272432
  -39.898355, 0.000417942, 0.00047272432
  -39.898355, 0.000581994, 0.00047272432
  -39.898355, 0.000421848, 0.00047272432
  -39.8919, 0.000296856, 0.0004731247
  -39.8919, 0.000289044, 0.0004731247
  -39.8919, 0.000554652, 0.0004731247
  -39.8919, 0.000328104, 0.0004731247
  -39.87899, 0.000519498, 0.00047392604
  -39.87899, 0.000656208, 0.00047392604
  -39.872535, 0.000316386, 0.000474327
  -39.872535, 0.000531216, 0.000474327
  -39.86608, 0.000378882, 0.00047472816
  -39.86608, 0.000335916, 0.00047472816
  -39.85317, 0.00046872, 0.00047553107
  -39.85317, 0.0003906, 0.00047553107
  -39.846715, 0.000359352, 0.00047593281
  -39.846715, 0.000335916, 0.00047593281
  -39.833805, 0.00037107, 0.00047673689
  -39.833805, 0.000570276, 0.00047673689
  -39.82735, 0.000265608, 0.00047713923
  -39.820895, 0.000386694, 0.00047754176
  -39.81444, 0.000433566, 0.00047794449
  -39.807985, 0.000714798, 0.00047834741
  -39.807985, 0.000464814, 0.00047834741
  -39.807985, 0.00052731, 0.00047834741
  -39.80153, 0.000609336, 0.00047875053
  -39.795075, 0.000656208, 0.00047915385
  -39.795075, 0.000503874, 0.00047915385
  -39.78862, 0.000476532, 0.00047955736
  -39.782165, 0.00044919, 0.00047996107
  -39.782165, 0.000523404, 0.00047996107
  -39.782165, 0.00050778, 0.00047996107
  -39.77571, 0.000437472, 0.00048036497
  -39.77571, 0.000609336, 0.00048036497
  -39.769255, 0.000519498, 0.00048076908
  -39.769255, 0.000597618, 0.00048076908
  -39.769255, 0.000355446, 0.00048076908
  -39.7628, 0.000484344, 0.00048117338
  -39.7628, 0.000706986, 0.00048117338
  -39.7628, 0.000425754, 0.00048117338
  -39.756345, 0.000191394, 0.00048157787
  -39.756345, 0.000453096, 0.00048157787
  -39.74989, 0.000464814, 0.00048198257
  -39.73698, 0.000460908, 0.00048279255
  -39.72407, 0.000457002, 0.00048360331
  -39.72407, 0.000433566, 0.00048360331
  -39.72407, 0.000492156, 0.00048360331
  -39.72407, 0.000511686, 0.00048360331
  -39.72407, 0.000492156, 0.00048360331
  -39.72407, 0.000437472, 0.00048360331
  -39.717615, 0.000539028, 0.00048400899
  -39.717615, 0.000457002, 0.00048400899
  -39.704705, 0.00037107, 0.00048482094
  -39.704705, 0.00025389, 0.00048482094
  -39.69825, 0.000464814, 0.00048522722
  -39.69825, 0.000714798, 0.00048522722
  -39.691795, 0.000304668, 0.00048563369
  -39.691795, 0.00056637, 0.00048563369
  -39.68534, 0.00042966, 0.00048604035
  -39.68534, 0.000374976, 0.00048604035
  -39.678885, 0.00027342, 0.00048644722
  -39.678885, 0.00048825, 0.00048644722
  -39.678885, 0.000578088, 0.00048644722
  -39.67243, 0.000374976, 0.00048685428
  -39.665975, 0.000695268, 0.00048726154
  -39.665975, 0.000519498, 0.00048726154
  -39.665975, 0.000601524, 0.00048726154
  -39.665975, 0.000675738, 0.00048726154
  -39.665975, 0.000617148, 0.00048726154
  -39.65952, 0.000597618, 0.000487669
  -39.65952, 0.000562464, 0.000487669
  -39.65952, 0.000593712, 0.000487669
  -39.65952, 0.000277326, 0.000487669
  -39.65952, 0.000570276, 0.000487669
  -39.653065, 0.000554652, 0.00048807666
  -39.653065, 0.000578088, 0.00048807666
  -39.653065, 0.000367164, 0.00048807666
  -39.653065, 0.000660114, 0.00048807666
  -39.64661, 0.00029295, 0.00048848451
  -39.64661, 0.000394506, 0.00048848451
  -39.640155, 0.000597618, 0.00048889256
  -39.640155, 0.00056637, 0.00048889256
  -39.640155, 0.000382788, 0.00048889256
  -39.640155, 0.000363258, 0.00048889256
  -39.6337, 0.000581994, 0.00048930082
  -39.6337, 0.000523404, 0.00048930082
  -39.627245, 0.000441378, 0.00048970927
  -39.627245, 0.000359352, 0.00048970927
  -39.62079, 0.000453096, 0.00049011791
  -39.62079, 0.000554652, 0.00049011791
  -39.614335, 0.00037107, 0.00049052676
  -39.614335, 0.00054684, 0.00049052676
  -39.614335, 0.000542934, 0.00049052676
  -39.60788, 0.000433566, 0.0004909358
  -39.60788, 0.000457002, 0.0004909358
  -39.60788, 0.000320292, 0.0004909358
  -39.60788, 0.000460908, 0.0004909358
  -39.601425, 0.00060543, 0.00049134505
  -39.601425, 0.00080073, 0.00049134505
  -39.601425, 0.000425754, 0.00049134505
  -39.59497, 0.000609336, 0.00049175449
  -39.59497, 0.000578088, 0.00049175449
  -39.59497, 0.00062496, 0.00049175449
  -39.59497, 0.000609336, 0.00049175449
  -39.59497, 0.000421848, 0.00049175449
  -39.59497, 0.000609336, 0.00049175449
  -39.59497, 0.000835884, 0.00049175449
  -39.588515, 0.000632772, 0.00049216413
  -39.588515, 0.000453096, 0.00049216413
  -39.588515, 0.000706986, 0.00049216413
  -39.588515, 0.000433566, 0.00049216413
  -39.588515, 0.000675738, 0.00049216413
  -39.58206, 0.000457002, 0.00049257397
  -39.58206, 0.000421848, 0.00049257397
  -39.58206, 0.000496062, 0.00049257397
  -39.58206, 0.000539028, 0.00049257397
  -39.58206, 0.000550746, 0.00049257397
  -39.58206, 0.000453096, 0.00049257397
  -39.58206, 0.000414036, 0.00049257397
  -39.58206, 0.000593712, 0.00049257397
  -39.58206, 0.000578088, 0.00049257397
  -39.58206, 0.000542934, 0.00049257397
  -39.575605, 0.000394506, 0.00049298401
  -39.575605, 0.000636678, 0.00049298401
  -39.575605, 0.000765576, 0.00049298401
  -39.575605, 0.000671832, 0.00049298401
  -39.575605, 0.000460908, 0.00049298401
  -39.575605, 0.00072261, 0.00049298401
  -39.56915, 0.000648396, 0.00049339425
  -39.56915, 0.000621054, 0.00049339425
  -39.56915, 0.000578088, 0.00049339425
  -39.56915, 0.000660114, 0.00049339425
  -39.56915, 0.0007812, 0.00049339425
  -39.56915, 0.000414036, 0.00049339425
  -39.56915, 0.000578088, 0.00049339425
  -39.56915, 0.00048825, 0.00049339425
  -39.56915, 0.000386694, 0.00049339425
  -39.562695, 0.000632772, 0.00049380468
  -39.562695, 0.000632772, 0.00049380468
  -39.562695, 0.000581994, 0.00049380468
  -39.562695, 0.00031248, 0.00049380468
  -39.562695, 0.00037107, 0.00049380468
  -39.562695, 0.000726516, 0.00049380468
  -39.549785, 0.000476532, 0.00049462615
  -39.549785, 0.000472626, 0.00049462615
  -39.54333, 0.000374976, 0.00049503719
  -39.54333, 0.000460908, 0.00049503719
  -39.54333, 0.000511686, 0.00049503719
  -39.54333, 0.000285138, 0.00049503719
  -39.54333, 0.000640584, 0.00049503719
  -39.53042, 0.000593712, 0.00049585985
  -39.53042, 0.00042966, 0.00049585985
  -39.523965, 0.000445284, 0.00049627149
  -39.51751, 0.000531216, 0.00049668332
  -39.511055, 0.000667926, 0.00049709535
  -39.5046, 0.000570276, 0.00049750758
  -39.5046, 0.000523404, 0.00049750758
  -39.5046, 0.000421848, 0.00049750758
  -39.5046, 0.000570276, 0.00049750758
  -39.498145, 0.000578088, 0.00049792001
  -39.498145, 0.000554652, 0.00049792001
  -39.498145, 0.000570276, 0.00049792001
  -39.49169, 0.000476532, 0.00049833264
  -39.485235, 0.000542934, 0.00049874547
  -39.485235, 0.000542934, 0.00049874547
  -39.47878, 0.00052731, 0.0004991585
  -39.47878, 0.000539028, 0.0004991585
  -39.472325, 0.000574182, 0.00049957173
  -39.472325, 0.000613242, 0.00049957173
  -39.472325, 0.000406224, 0.00049957173
  -39.46587, 0.000550746, 0.00049998516
  -39.459415, 0.000402318, 0.00050039879
  -39.459415, 0.000343728, 0.00050039879
  -39.459415, 0.00066402, 0.00050039879
  -39.459415, 0.000558558, 0.00050039879
  -39.446505, 0.00046872, 0.00050122666
  -39.446505, 0.000480438, 0.00050122666
  -39.446505, 0.00042966, 0.00050122666
  -39.446505, 0.000496062, 0.00050122666
  -39.44005, 0.000511686, 0.00050164089
  -39.433595, 0.000480438, 0.00050205532
  -39.433595, 0.000339822, 0.00050205532
  -39.433595, 0.00066402, 0.00050205532
  -39.42714, 0.00046872, 0.00050246995
  -39.42714, 0.000476532, 0.00050246995
  -39.42714, 0.000480438, 0.00050246995
  -39.420685, 0.000445284, 0.00050288478
  -39.41423, 0.000746046, 0.00050329982
  -39.41423, 0.000511686, 0.00050329982
  -39.41423, 0.000687456, 0.00050329982
  -39.41423, 0.000406224, 0.00050329982
  -39.41423, 0.000414036, 0.00050329982
  -39.407775, 0.00042966, 0.00050371505
  -39.407775, 0.000542934, 0.00050371505
  -39.407775, 0.00062496, 0.00050371505
  -39.40132, 0.000597618, 0.00050413049
  -39.40132, 0.000523404, 0.00050413049
  -39.394865, 0.000499968, 0.00050454612
  -39.394865, 0.000464814, 0.00050454612
  -39.394865, 0.000617148, 0.00050454612
  -39.38841, 0.000609336, 0.00050496196
  -39.38841, 0.00060543, 0.00050496196
  -39.38841, 0.000460908, 0.00050496196
  -39.381955, 0.000570276, 0.000505378
  -39.381955, 0.000324198, 0.000505378
  -39.3755, 0.000671832, 0.00050579424
  -39.3755, 0.000464814, 0.00050579424
  -39.369045, 0.000414036, 0.00050621068
  -39.369045, 0.000581994, 0.00050621068
  -39.369045, 0.000523404, 0.00050621068
  -39.369045, 0.000324198, 0.00050621068
  -39.36259, 0.000367164, 0.00050662732
  -39.36259, 0.000269514, 0.00050662732
  -39.36259, 0.000574182, 0.00050662732
  -39.356135, 0.000597618, 0.00050704416
  -39.356135, 0.00044919, 0.00050704416
  -39.34968, 0.000402318, 0.0005074612
  -39.34968, 0.000695268, 0.0005074612
  -39.34968, 0.00021483, 0.0005074612
  -39.34968, 0.000628866, 0.0005074612
  -39.343225, 0.000539028, 0.00050787845
  -39.33677, 0.000414036, 0.00050829589
  -39.33677, 0.000476532, 0.00050829589
  -39.33677, 0.00056637, 0.00050829589
  -39.330315, 0.00042966, 0.00050871354
  -39.330315, 0.000453096, 0.00050871354
  -39.330315, 0.000503874, 0.00050871354
  -39.330315, 0.00052731, 0.00050871354
  -39.330315, 0.000378882, 0.00050871354
  -39.32386, 0.000539028, 0.00050913139
  -39.32386, 0.00033201, 0.00050913139
  -39.32386, 0.000296856, 0.00050913139
  -39.32386, 0.000675738, 0.00050913139
  -39.317405, 0.000542934, 0.00050954944
  -39.317405, 0.000511686, 0.00050954944
  -39.317405, 0.000511686, 0.00050954944
  -39.31095, 0.000570276, 0.0005099677
  -39.31095, 0.000531216, 0.0005099677
  -39.31095, 0.000355446, 0.0005099677
  -39.304495, 0.000531216, 0.00051038615
  -39.29804, 0.000476532, 0.00051080481
  -39.291585, 0.000687456, 0.00051122367
  -39.291585, 0.000367164, 0.00051122367
  -39.28513, 0.000378882, 0.00051164273
  -39.28513, 0.000632772, 0.00051164273
  -39.28513, 0.000554652, 0.00051164273
  -39.278675, 0.000417942, 0.00051206199
  -39.278675, 0.000519498, 0.00051206199
  -39.278675, 0.000671832, 0.00051206199
  -39.27222, 0.000480438, 0.00051248145
  -39.27222, 0.000476532, 0.00051248145
  -39.27222, 0.00050778, 0.00051248145
  -39.265765, 0.000476532, 0.00051290112
  -39.25931, 0.000503874, 0.00051332099
  -39.25931, 0.000628866, 0.00051332099
  -39.25931, 0.000632772, 0.00051332099
  -39.25931, 0.000476532, 0.00051332099
  -39.252855, 0.000394506, 0.00051374106
  -39.2464, 0.000535122, 0.00051416134
  -39.239945, 0.000671832, 0.00051458181
  -39.23349, 0.00041013, 0.00051500249
  -39.23349, 0.000531216, 0.00051500249
  -39.23349, 0.000328104, 0.00051500249
  -39.227035, 0.000679644, 0.00051542338
  -39.227035, 0.000492156, 0.00051542338
  -39.227035, 0.00042966, 0.00051542338
  -39.227035, 0.000445284, 0.00051542338
  -39.227035, 0.000445284, 0.00051542338
  -39.227035, 0.000550746, 0.00051542338
  -39.22058, 0.000515592, 0.00051584446
  -39.22058, 0.000765576, 0.00051584446
  -39.22058, 0.000574182, 0.00051584446
  -39.22058, 0.000632772, 0.00051584446
  -39.22058, 0.000453096, 0.00051584446
  -39.22058, 0.00042966, 0.00051584446
  -39.214125, 0.000667926, 0.00051626575
  -39.214125, 0.000374976, 0.00051626575
  -39.201215, 0.000453096, 0.00051710893
  -39.201215, 0.000601524, 0.00051710893
  -39.201215, 0.000691362, 0.00051710893
  -39.201215, 0.000542934, 0.00051710893
  -39.19476, 0.000574182, 0.00051753083
  -39.188305, 0.0003906, 0.00051795293
  -39.188305, 0.000496062, 0.00051795293
  -39.18185, 0.000617148, 0.00051837523
  -39.175395, 0.000628866, 0.00051879774
  -39.175395, 0.000554652, 0.00051879774
  -39.175395, 0.000554652, 0.00051879774
  -39.16894, 0.000515592, 0.00051922045
  -39.162485, 0.000460908, 0.00051964336
  -39.162485, 0.00052731, 0.00051964336
  -39.15603, 0.000578088, 0.00052006647
  -39.15603, 0.000601524, 0.00052006647
  -39.15603, 0.000453096, 0.00052006647
  -39.15603, 0.000406224, 0.00052006647
  -39.149575, 0.000679644, 0.00052048979
  -39.14312, 0.00052731, 0.00052091332
  -39.13021, 0.000511686, 0.00052176097
  -39.13021, 0.000523404, 0.00052176097
  -39.123755, 0.000499968, 0.00052218511
  -39.123755, 0.000441378, 0.00052218511
  -39.123755, 0.000511686, 0.00052218511
  -39.1173, 0.000554652, 0.00052260944
  -39.1173, 0.000359352, 0.00052260944
  -39.110845, 0.000597618, 0.00052303399
  -39.110845, 0.000499968, 0.00052303399
  -39.110845, 0.000476532, 0.00052303399
  -39.10439, 0.000367164, 0.00052345873
  -39.09148, 0.000601524, 0.00052430883
  -39.085025, 0.00054684, 0.00052473419
  -39.07857, 0.00041013, 0.00052515975
  -39.072115, 0.000472626, 0.00052558552
  -39.072115, 0.000570276, 0.00052558552
  -39.072115, 0.000558558, 0.00052558552
  -39.06566, 0.000519498, 0.00052601149
  -39.06566, 0.000550746, 0.00052601149
  -39.059205, 0.000480438, 0.00052643767
  -39.059205, 0.000535122, 0.00052643767
  -39.05275, 0.000691362, 0.00052686405
  -39.05275, 0.000570276, 0.00052686405
  -39.05275, 0.000460908, 0.00052686405
  -39.05275, 0.000570276, 0.00052686405
  -39.05275, 0.000433566, 0.00052686405
  -39.05275, 0.00074214, 0.00052686405
  -39.05275, 0.000378882, 0.00052686405
  -39.046295, 0.00076167, 0.00052729063
  -39.046295, 0.000773388, 0.00052729063
  -39.046295, 0.000542934, 0.00052729063
  -39.046295, 0.00064449, 0.00052729063
  -39.046295, 0.000558558, 0.00052729063
  -39.046295, 0.000519498, 0.00052729063
  -39.03984, 0.000425754, 0.00052771742
  -39.03984, 0.000640584, 0.00052771742
  -39.03984, 0.00076167, 0.00052771742
  -39.03984, 0.000640584, 0.00052771742
  -39.03984, 0.000476532, 0.00052771742
  -39.033385, 0.000550746, 0.00052814441
  -39.033385, 0.000523404, 0.00052814441
  -39.02693, 0.000679644, 0.00052857161
  -39.02693, 0.00060543, 0.00052857161
  -39.02693, 0.00048825, 0.00052857161
  -39.02693, 0.000496062, 0.00052857161
  -39.02693, 0.000535122, 0.00052857161
  -39.02693, 0.00062496, 0.00052857161
  -39.02693, 0.000757764, 0.00052857161
  -39.02693, 0.000570276, 0.00052857161
  -39.020475, 0.000445284, 0.00052899902
  -39.007565, 0.000589806, 0.00052985444
  -39.007565, 0.000386694, 0.00052985444
  -39.007565, 0.000601524, 0.00052985444
  -39.007565, 0.000437472, 0.00052985444
  -39.00111, 0.000347634, 0.00053028246
  -39.00111, 0.000589806, 0.00053028246
  -38.994655, 0.000679644, 0.00053071068
  -38.9882, 0.000355446, 0.00053113911
  -38.9882, 0.000480438, 0.00053113911
  -38.981745, 0.000531216, 0.00053156774
  -38.981745, 0.000496062, 0.00053156774
  -38.968835, 0.000425754, 0.00053242562
  -38.96238, 0.000730422, 0.00053285487
  -38.955925, 0.000496062, 0.00053328433
  -38.955925, 0.00052731, 0.00053328433
  -38.943015, 0.000464814, 0.00053414386
  -38.943015, 0.000511686, 0.00053414386
  -38.943015, 0.000324198, 0.00053414386
  -38.943015, 0.000437472, 0.00053414386
  -38.930105, 0.000656208, 0.00053500421
  -38.930105, 0.000710892, 0.00053500421
  -38.930105, 0.000445284, 0.00053500421
  -38.930105, 0.000355446, 0.00053500421
  -38.92365, 0.00035154, 0.00053543469
  -38.92365, 0.00037107, 0.00053543469
  -38.92365, 0.000601524, 0.00053543469
  -38.92365, 0.000581994, 0.00053543469
  -38.92365, 0.000542934, 0.00053543469
  -38.917195, 0.00060543, 0.00053586538
  -38.917195, 0.000558558, 0.00053586538
  -38.917195, 0.000636678, 0.00053586538
  -38.91074, 0.000609336, 0.00053629628
  -38.91074, 0.00070308, 0.00053629628
  -38.904285, 0.000613242, 0.00053672738
  -38.904285, 0.000523404, 0.00053672738
  -38.904285, 0.000343728, 0.00053672738
  -38.89783, 0.000484344, 0.00053715869
  -38.89783, 0.000589806, 0.00053715869
  -38.89783, 0.000660114, 0.00053715869
  -38.89783, 0.000578088, 0.00053715869
  -38.89783, 0.000453096, 0.00053715869
  -38.891375, 0.000613242, 0.00053759021
  -38.891375, 0.00046872, 0.00053759021
  -38.891375, 0.000914004, 0.00053759021
  -38.891375, 0.00046872, 0.00053759021
  -38.891375, 0.000398412, 0.00053759021
  -38.891375, 0.000699174, 0.00053759021
  -38.88492, 0.000570276, 0.00053802193
  -38.88492, 0.000531216, 0.00053802193
  -38.88492, 0.000808542, 0.00053802193
  -38.88492, 0.000453096, 0.00053802193
  -38.88492, 0.000535122, 0.00053802193
  -38.88492, 0.000648396, 0.00053802193
  -38.88492, 0.00031248, 0.00053802193
  -38.88492, 0.000484344, 0.00053802193
  -38.88492, 0.00050778, 0.00053802193
  -38.878465, 0.000531216, 0.00053845385
  -38.878465, 0.0007812, 0.00053845385
  -38.878465, 0.000648396, 0.00053845385
  -38.878465, 0.000617148, 0.00053845385
  -38.878465, 0.000843696, 0.00053845385
  -38.878465, 0.00064449, 0.00053845385
  -38.87201, 0.000656208, 0.00053888599
  -38.865555, 0.000531216, 0.00053931833
  -38.865555, 0.000769482, 0.00053931833
  -38.865555, 0.000609336, 0.00053931833
  -38.865555, 0.00060543, 0.00053931833
  -38.8591, 0.00044919, 0.00053975087
  -38.8591, 0.000515592, 0.00053975087
  -38.8591, 0.000656208, 0.00053975087
  -38.852645, 0.000398412, 0.00054018363
  -38.852645, 0.000597618, 0.00054018363
  -38.852645, 0.000503874, 0.00054018363
  -38.852645, 0.000609336, 0.00054018363
  -38.852645, 0.000730422, 0.00054018363
  -38.852645, 0.000499968, 0.00054018363
  -38.84619, 0.00042966, 0.00054061659
  -38.84619, 0.000363258, 0.00054061659
  -38.84619, 0.000671832, 0.00054061659
  -38.84619, 0.000503874, 0.00054061659
  -38.84619, 0.00085932, 0.00054061659
  -38.84619, 0.000492156, 0.00054061659
  -38.839735, 0.000554652, 0.00054104975
  -38.839735, 0.00066402, 0.00054104975
  -38.839735, 0.000691362, 0.00054104975
  -38.83328, 0.000574182, 0.00054148313
  -38.83328, 0.000628866, 0.00054148313
  -38.83328, 0.000492156, 0.00054148313
  -38.826825, 0.00056637, 0.00054191671
  -38.826825, 0.000464814, 0.00054191671
  -38.826825, 0.000746046, 0.00054191671
  -38.826825, 0.000539028, 0.00054191671
  -38.826825, 0.000574182, 0.00054191671
  -38.826825, 0.00066402, 0.00054191671
  -38.826825, 0.000589806, 0.00054191671
  -38.826825, 0.000581994, 0.00054191671
  -38.82037, 0.000499968, 0.0005423505
  -38.82037, 0.000617148, 0.0005423505
  -38.82037, 0.000601524, 0.0005423505
  -38.813915, 0.000476532, 0.00054278449
  -38.813915, 0.000621054, 0.00054278449
  -38.80746, 0.000535122, 0.00054321869
  -38.80746, 0.000335916, 0.00054321869
  -38.801005, 0.000515592, 0.0005436531
  -38.801005, 0.00054684, 0.0005436531
  -38.788095, 0.000316386, 0.00054452254
  -38.78164, 0.00052731, 0.00054495757
  -38.78164, 0.00050778, 0.00054495757
  -38.78164, 0.000460908, 0.00054495757
  -38.775185, 0.000257796, 0.00054539281
  -38.76873, 0.00062496, 0.00054582826
  -38.76873, 0.000402318, 0.00054582826
  -38.76873, 0.000628866, 0.00054582826
  -38.762275, 0.0005859, 0.00054626391
  -38.762275, 0.000613242, 0.00054626391
  -38.762275, 0.000652302, 0.00054626391
  -38.762275, 0.000613242, 0.00054626391
  -38.749365, 0.000636678, 0.00054713584
  -38.74291, 0.000628866, 0.00054757211
  -38.736455, 0.00054684, 0.0005480086
  -38.736455, 0.000554652, 0.0005480086
  -38.73, 0.00072261, 0.00054844529
  -38.73, 0.000652302, 0.00054844529
  -38.723545, 0.000632772, 0.00054888219
  -38.71709, 0.00042966, 0.0005493193
  -38.710635, 0.00091791, 0.00054975662
  -38.70418, 0.000484344, 0.00055019414
  -38.697725, 0.00048825, 0.00055063187
  -38.69127, 0.000581994, 0.00055106981
  -38.69127, 0.000503874, 0.00055106981
  -38.684815, 0.00080073, 0.00055150796
  -38.684815, 0.000558558, 0.00055150796
  -38.684815, 0.00056637, 0.00055150796
  -38.67836, 0.00042966, 0.00055194632
  -38.66545, 0.000773388, 0.00055282366
  -38.66545, 0.000499968, 0.00055282366
  -38.66545, 0.000628866, 0.00055282366
  -38.66545, 0.000656208, 0.00055282366
  -38.66545, 0.000554652, 0.00055282366
  -38.658995, 0.000796824, 0.00055326264
  -38.658995, 0.00031248, 0.00055326264
  -38.658995, 0.000402318, 0.00055326264
  -38.65254, 0.000589806, 0.00055370184
  -38.65254, 0.000359352, 0.00055370184
  -38.65254, 0.000687456, 0.00055370184
  -38.646085, 0.000597618, 0.00055414124
  -38.646085, 0.000812448, 0.00055414124
  -38.646085, 0.00066402, 0.00055414124
  -38.63963, 0.000570276, 0.00055458085
  -38.63963, 0.000613242, 0.00055458085
  -38.63963, 0.000613242, 0.00055458085
  -38.63963, 0.00044919, 0.00055458085
  -38.633175, 0.000347634, 0.00055502067
  -38.633175, 0.000734328, 0.00055502067
  -38.633175, 0.000648396, 0.00055502067
  -38.633175, 0.000484344, 0.00055502067
  -38.62672, 0.000574182, 0.00055546069
  -38.62672, 0.000613242, 0.00055546069
  -38.62672, 0.000660114, 0.00055546069
  -38.62672, 0.000492156, 0.00055546069
  -38.620265, 0.000519498, 0.00055590093
  -38.620265, 0.000433566, 0.00055590093
  -38.620265, 0.000581994, 0.00055590093
  -38.620265, 0.0003906, 0.00055590093
  -38.620265, 0.000421848, 0.00055590093
  -38.620265, 0.000636678, 0.00055590093
  -38.620265, 0.00060543, 0.00055590093
  -38.620265, 0.000789012, 0.00055590093
  -38.620265, 0.00033201, 0.00055590093
  -38.620265, 0.00080073, 0.00055590093
  -38.61381, 0.000464814, 0.00055634138
  -38.61381, 0.000531216, 0.00055634138
  -38.607355, 0.000535122, 0.00055678203
  -38.607355, 0.000589806, 0.00055678203
  -38.607355, 0.000519498, 0.00055678203
  -38.6009, 0.000667926, 0.0005572229
  -38.594445, 0.000406224, 0.00055766397
  -38.58799, 0.000359352, 0.00055810525
  -38.58799, 0.000675738, 0.00055810525
  -38.58799, 0.000706986, 0.00055810525
  -38.568625, 0.000417942, 0.00055943036
  -38.568625, 0.000710892, 0.00055943036
  -38.568625, 0.000578088, 0.00055943036
  -38.568625, 0.000554652, 0.00055943036
  -38.56217, 0.000539028, 0.00055987248
  -38.56217, 0.000648396, 0.00055987248
  -38.56217, 0.000558558, 0.00055987248
  -38.56217, 0.00054684, 0.00055987248
  -38.56217, 0.000476532, 0.00055987248
  -38.56217, 0.000464814, 0.00055987248
  -38.555715, 0.00044919, 0.00056031481
  -38.54926, 0.000542934, 0.00056075735
  -38.542805, 0.000535122, 0.0005612001
  -38.53635, 0.00044919, 0.00056164306
  -38.53635, 0.000578088, 0.00056164306
  -38.53635, 0.000613242, 0.00056164306
  -38.53635, 0.000550746, 0.00056164306
  -38.53635, 0.00060543, 0.00056164306
  -38.53635, 0.000535122, 0.00056164306
  -38.529895, 0.000660114, 0.00056208623
  -38.529895, 0.000597618, 0.00056208623
  -38.529895, 0.000679644, 0.00056208623
  -38.52344, 0.000480438, 0.00056252961
  -38.52344, 0.000226548, 0.00056252961
  -38.52344, 0.000503874, 0.00056252961
  -38.52344, 0.000636678, 0.00056252961
  -38.52344, 0.000609336, 0.00056252961
  -38.52344, 0.000699174, 0.00056252961
  -38.516985, 0.000640584, 0.0005629732
  -38.516985, 0.000476532, 0.0005629732
  -38.516985, 0.000816354, 0.0005629732
  -38.516985, 0.000515592, 0.0005629732
  -38.516985, 0.000667926, 0.0005629732
  -38.51053, 0.000554652, 0.000563417
  -38.51053, 0.000789012, 0.000563417
  -38.51053, 0.000640584, 0.000563417
  -38.504075, 0.00044919, 0.00056386101
  -38.504075, 0.000535122, 0.00056386101
  -38.504075, 0.000570276, 0.00056386101
  -38.504075, 0.000636678, 0.00056386101
  -38.504075, 0.00056637, 0.00056386101
  -38.504075, 0.00054684, 0.00056386101
  -38.504075, 0.000519498, 0.00056386101
  -38.504075, 0.00070308, 0.00056386101
  -38.504075, 0.00060543, 0.00056386101
  -38.49762, 0.000363258, 0.00056430523
  -38.49762, 0.000597618, 0.00056430523
  -38.49762, 0.00060543, 0.00056430523
  -38.49762, 0.000562464, 0.00056430523
  -38.49762, 0.000499968, 0.00056430523
  -38.491165, 0.000433566, 0.00056474967
  -38.491165, 0.000558558, 0.00056474967
  -38.491165, 0.000601524, 0.00056474967
  -38.491165, 0.000499968, 0.00056474967
  -38.491165, 0.000363258, 0.00056474967
  -38.491165, 0.000496062, 0.00056474967
  -38.48471, 0.00042966, 0.00056519431
  -38.48471, 0.00050778, 0.00056519431
  -38.48471, 0.000511686, 0.00056519431
  -38.48471, 0.00044919, 0.00056519431
  -38.48471, 0.000593712, 0.00056519431
  -38.48471, 0.0003906, 0.00056519431
  -38.478255, 0.000593712, 0.00056563916
  -38.478255, 0.000445284, 0.00056563916
  -38.478255, 0.00046872, 0.00056563916
  -38.478255, 0.00052731, 0.00056563916
  -38.478255, 0.000531216, 0.00056563916
  -38.478255, 0.00060543, 0.00056563916
  -38.478255, 0.000445284, 0.00056563916
  -38.478255, 0.00064449, 0.00056563916
  -38.478255, 0.000574182, 0.00056563916
  -38.4718, 0.000777294, 0.00056608422
  -38.4718, 0.000550746, 0.00056608422
  -38.4718, 0.000460908, 0.00056608422
  -38.4718, 0.0003906, 0.00056608422
  -38.465345, 0.000453096, 0.0005665295
  -38.465345, 0.000539028, 0.0005665295
  -38.465345, 0.000519498, 0.0005665295
  -38.465345, 0.000355446, 0.0005665295
  -38.465345, 0.00068355, 0.0005665295
  -38.465345, 0.00044919, 0.0005665295
  -38.45889, 0.000406224, 0.00056697498
  -38.45889, 0.000574182, 0.00056697498
  -38.45889, 0.000601524, 0.00056697498
  -38.45889, 0.000519498, 0.00056697498
  -38.45889, 0.000656208, 0.00056697498
  -38.45889, 0.000902286, 0.00056697498
  -38.45889, 0.00089838, 0.00056697498
  -38.45889, 0.000523404, 0.00056697498
  -38.45889, 0.000621054, 0.00056697498
  -38.45889, 0.000304668, 0.00056697498
  -38.45889, 0.000398412, 0.00056697498
  -38.45889, 0.000574182, 0.00056697498
  -38.45889, 0.000746046, 0.00056697498
  -38.452435, 0.000355446, 0.00056742068
  -38.452435, 0.000597618, 0.00056742068
  -38.452435, 0.000425754, 0.00056742068
  -38.452435, 0.000542934, 0.00056742068
  -38.452435, 0.000617148, 0.00056742068
  -38.44598, 0.000687456, 0.00056786658
  -38.44598, 0.000757764, 0.00056786658
  -38.44598, 0.000476532, 0.00056786658
  -38.44598, 0.000398412, 0.00056786658
  -38.44598, 0.000503874, 0.00056786658
  -38.44598, 0.000289044, 0.00056786658
  -38.44598, 0.0003906, 0.00056786658
  -38.439525, 0.000417942, 0.0005683127
  -38.439525, 0.000558558, 0.0005683127
  -38.439525, 0.000621054, 0.0005683127
  -38.43307, 0.00066402, 0.00056875903
  -38.43307, 0.000699174, 0.00056875903
  -38.43307, 0.00066402, 0.00056875903
  -38.42016, 0.000628866, 0.00056965232
  -38.42016, 0.000597618, 0.00056965232
  -38.42016, 0.000660114, 0.00056965232
  -38.42016, 0.000589806, 0.00056965232
  -38.413705, 0.000519498, 0.00057009928
  -38.413705, 0.00064449, 0.00057009928
  -38.413705, 0.000558558, 0.00057009928
  -38.413705, 0.000699174, 0.00057009928
  -38.40725, 0.00062496, 0.00057054645
  -38.40725, 0.00062496, 0.00057054645
  -38.40725, 0.000414036, 0.00057054645
  -38.40725, 0.000636678, 0.00057054645
  -38.40725, 0.000472626, 0.00057054645
  -38.400795, 0.000539028, 0.00057099383
  -38.400795, 0.000777294, 0.00057099383
  -38.400795, 0.000378882, 0.00057099383
  -38.400795, 0.000632772, 0.00057099383
  -38.39434, 0.000648396, 0.00057144143
  -38.39434, 0.000679644, 0.00057144143
  -38.39434, 0.00064449, 0.00057144143
  -38.387885, 0.0005859, 0.00057188924
  -38.387885, 0.000640584, 0.00057188924
  -38.374975, 0.00056637, 0.00057278548
  -38.374975, 0.000531216, 0.00057278548
  -38.374975, 0.000519498, 0.00057278548
  -38.374975, 0.0007812, 0.00057278548
  -38.36852, 0.00074214, 0.00057323392
  -38.36852, 0.000574182, 0.00057323392
  -38.36852, 0.000785106, 0.00057323392
  -38.362065, 0.000648396, 0.00057368258
  -38.362065, 0.00052731, 0.00057368258
  -38.362065, 0.000874944, 0.00057368258
  -38.362065, 0.00066402, 0.00057368258
  -38.35561, 0.000496062, 0.00057413144
  -38.35561, 0.000445284, 0.00057413144
  -38.35561, 0.00072261, 0.00057413144
  -38.35561, 0.000746046, 0.00057413144
  -38.35561, 0.000531216, 0.00057413144
  -38.349155, 0.000679644, 0.00057458052
  -38.349155, 0.000425754, 0.00057458052
  -38.3427, 0.000628866, 0.00057502981
  -38.3427, 0.000578088, 0.00057502981
  -38.3427, 0.000757764, 0.00057502981
  -38.336245, 0.000363258, 0.00057547931
  -38.32979, 0.000812448, 0.00057592902
  -38.323335, 0.000730422, 0.00057637894
  -38.31688, 0.000374976, 0.00057682908
  -38.31688, 0.000785106, 0.00057682908
  -38.310425, 0.00070308, 0.00057727943
  -38.30397, 0.000511686, 0.00057772999
  -38.29106, 0.000777294, 0.00057863175
  -38.29106, 0.00064449, 0.00057863175
  -38.284605, 0.000499968, 0.00057908294
  -38.284605, 0.000480438, 0.00057908294
  -38.284605, 0.0005859, 0.00057908294
  -38.27815, 0.000738234, 0.00057953435
  -38.27815, 0.000359352, 0.00057953435
  -38.27815, 0.000601524, 0.00057953435
  -38.27815, 0.00062496, 0.00057953435
  -38.271695, 0.00050778, 0.00057998598
  -38.271695, 0.000714798, 0.00057998598
  -38.271695, 0.000667926, 0.00057998598
  -38.26524, 0.000656208, 0.00058043781
  -38.26524, 0.00062496, 0.00058043781
  -38.258785, 0.0007812, 0.00058088986
  -38.25233, 0.000484344, 0.00058134212
  -38.25233, 0.000570276, 0.00058134212
  -38.245875, 0.000746046, 0.0005817946
  -38.245875, 0.000691362, 0.0005817946
  -38.245875, 0.000511686, 0.0005817946
  -38.245875, 0.000499968, 0.0005817946
  -38.23942, 0.00074214, 0.00058224728
  -38.220055, 0.000492156, 0.00058360662
  -38.220055, 0.000757764, 0.00058360662
  -38.220055, 0.000718704, 0.00058360662
  -38.2136, 0.000457002, 0.00058406016
  -38.207145, 0.000593712, 0.00058451392
  -38.207145, 0.000730422, 0.00058451392
  -38.20069, 0.000480438, 0.00058496788
  -38.194235, 0.000773388, 0.00058542206
  -38.18778, 0.000710892, 0.00058587645
  -38.181325, 0.00076167, 0.00058633106
  -38.181325, 0.000476532, 0.00058633106
  -38.168415, 0.0007812, 0.00058724091
  -38.168415, 0.000300762, 0.00058724091
  -38.16196, 0.000523404, 0.00058769616
  -38.155505, 0.000691362, 0.00058815162
  -38.14905, 0.000472626, 0.0005886073
  -38.14905, 0.000632772, 0.0005886073
  -38.142595, 0.000617148, 0.00058906319
  -38.13614, 0.000101556, 0.00058951929
  -38.12323, 0.000749952, 0.00059043213
  -38.103865, 0.00031248, 0.00059180301
  -38.09741, 0.00068355, 0.0005922604
  -38.0845, 0.00066402, 0.00059317582
  -38.078045, 0.000503874, 0.00059363385
  -38.078045, 0.000378882, 0.00059363385
  -38.078045, 0.0007812, 0.00059363385
  -38.078045, 0.000320292, 0.00059363385
  -38.078045, 0.000425754, 0.00059363385
  -38.078045, 0.000578088, 0.00059363385
  -38.07159, 0.00082026, 0.00059409209
  -38.07159, 0.000523404, 0.00059409209
  -38.07159, 0.00083979, 0.00059409209
  -38.065135, 0.000628866, 0.00059455055
  -38.065135, 0.000671832, 0.00059455055
  -38.05868, 0.000593712, 0.00059500923
  -38.05868, 0.000718704, 0.00059500923
  -38.05868, 0.000640584, 0.00059500923
  -38.05868, 0.000699174, 0.00059500923
  -38.04577, 0.000578088, 0.00059592722
  -38.04577, 0.0005859, 0.00059592722
  -38.039315, 0.000503874, 0.00059638654
  -38.039315, 0.000398412, 0.00059638654
  -38.039315, 0.000445284, 0.00059638654
  -38.03286, 0.000535122, 0.00059684608
  -38.026405, 0.00052731, 0.00059730583
  -38.026405, 0.000648396, 0.00059730583
  -38.026405, 0.000660114, 0.00059730583
  -38.01995, 0.000453096, 0.00059776579
  -38.01995, 0.0005859, 0.00059776579
  -38.01995, 0.000531216, 0.00059776579
  -38.00704, 0.000824166, 0.00059868637
  -38.000585, 0.000738234, 0.00059914698
  -38.000585, 0.000460908, 0.00059914698
  -38.000585, 0.00056637, 0.00059914698
  -37.99413, 0.000562464, 0.0005996078
  -37.987675, 0.000589806, 0.00060006884
  -37.98122, 0.000746046, 0.0006005301
  -37.98122, 0.000597618, 0.0006005301
  -37.98122, 0.000660114, 0.0006005301
  -37.974765, 0.000648396, 0.00060099157
  -37.974765, 0.000667926, 0.00060099157
  -37.96831, 0.000656208, 0.00060145326
  -37.96831, 0.00044919, 0.00060145326
  -37.96831, 0.000581994, 0.00060145326
  -37.96831, 0.000562464, 0.00060145326
  -37.961855, 0.000542934, 0.00060191516
  -37.961855, 0.000496062, 0.00060191516
  -37.961855, 0.000671832, 0.00060191516
  -37.961855, 0.000808542, 0.00060191516
  -37.961855, 0.000597618, 0.00060191516
  -37.9554, 0.000511686, 0.00060237728
  -37.9554, 0.000394506, 0.00060237728
  -37.9554, 0.0007812, 0.00060237728
  -37.948945, 0.000542934, 0.00060283962
  -37.948945, 0.000734328, 0.00060283962
  -37.94249, 0.000597618, 0.00060330217
  -37.94249, 0.000382788, 0.00060330217
  -37.94249, 0.000749952, 0.00060330217
  -37.94249, 0.000640584, 0.00060330217
  -37.936035, 0.00056637, 0.00060376493
  -37.936035, 0.000542934, 0.00060376493
  -37.936035, 0.000472626, 0.00060376493
  -37.936035, 0.00072261, 0.00060376493
  -37.92958, 0.000691362, 0.00060422791
  -37.92958, 0.000769482, 0.00060422791
  -37.92958, 0.000574182, 0.00060422791
  -37.92958, 0.000574182, 0.00060422791
  -37.92958, 0.000718704, 0.00060422791
  -37.92958, 0.000726516, 0.00060422791
  -37.92958, 0.000601524, 0.00060422791
  -37.923125, 0.000531216, 0.00060469111
  -37.923125, 0.000679644, 0.00060469111
  -37.923125, 0.000706986, 0.00060469111
  -37.923125, 0.000601524, 0.00060469111
  -37.91667, 0.000667926, 0.00060515453
  -37.91667, 0.00072261, 0.00060515453
  -37.91667, 0.000609336, 0.00060515453
  -37.91667, 0.00080073, 0.00060515453
  -37.91667, 0.00070308, 0.00060515453
  -37.910215, 0.000496062, 0.00060561816
  -37.90376, 0.000695268, 0.00060608201
  -37.90376, 0.000730422, 0.00060608201
  -37.897305, 0.000671832, 0.00060654607
  -37.897305, 0.000523404, 0.00060654607
  -37.89085, 0.00044919, 0.00060701035
  -37.89085, 0.000499968, 0.00060701035
  -37.89085, 0.000687456, 0.00060701035
  -37.884395, 0.00050778, 0.00060747484
  -37.87794, 0.000492156, 0.00060793956
  -37.87794, 0.000613242, 0.00060793956
  -37.87794, 0.000503874, 0.00060793956
  -37.87794, 0.000558558, 0.00060793956
  -37.87794, 0.000445284, 0.00060793956
  -37.871485, 0.000671832, 0.00060840449
  -37.871485, 0.000652302, 0.00060840449
  -37.871485, 0.00052731, 0.00060840449
  -37.86503, 0.000593712, 0.00060886963
  -37.85212, 0.000503874, 0.00060980057
  -37.85212, 0.000484344, 0.00060980057
  -37.85212, 0.000562464, 0.00060980057
  -37.845665, 0.000687456, 0.00061026637
  -37.845665, 0.000374976, 0.00061026637
  -37.845665, 0.00056637, 0.00061026637
  -37.845665, 0.000617148, 0.00061026637
  -37.83921, 0.000503874, 0.00061073238
  -37.83921, 0.000648396, 0.00061073238
  -37.83921, 0.00076167, 0.00061073238
  -37.83921, 0.000804636, 0.00061073238
  -37.832755, 0.000648396, 0.00061119861
  -37.832755, 0.00095697, 0.00061119861
  -37.8263, 0.000480438, 0.00061166506
  -37.8263, 0.0003906, 0.00061166506
  -37.8263, 0.00052731, 0.00061166506
  -37.8263, 0.000621054, 0.00061166506
  -37.8263, 0.000581994, 0.00061166506
  -37.8263, 0.000738234, 0.00061166506
  -37.8263, 0.000476532, 0.00061166506
  -37.8263, 0.000734328, 0.00061166506
  -37.819845, 0.000812448, 0.00061213172
  -37.819845, 0.00070308, 0.00061213172
  -37.819845, 0.000687456, 0.00061213172
  -37.81339, 0.000535122, 0.0006125986
  -37.81339, 0.000558558, 0.0006125986
  -37.81339, 0.00052731, 0.0006125986
  -37.81339, 0.000437472, 0.0006125986
  -37.81339, 0.000886662, 0.0006125986
  -37.806935, 0.000542934, 0.0006130657
  -37.806935, 0.000660114, 0.0006130657
  -37.806935, 0.000617148, 0.0006130657
  -37.806935, 0.00074214, 0.0006130657
  -37.80048, 0.000562464, 0.00061353301
  -37.80048, 0.00066402, 0.00061353301
  -37.80048, 0.000628866, 0.00061353301
  -37.794025, 0.00074214, 0.00061400055
  -37.794025, 0.000609336, 0.00061400055
  -37.781115, 0.000687456, 0.00061493626
  -37.781115, 0.000394506, 0.00061493626
  -37.77466, 0.00052731, 0.00061540445
  -37.77466, 0.000718704, 0.00061540445
  -37.77466, 0.000570276, 0.00061540445
  -37.768205, 0.000601524, 0.00061587285
  -37.768205, 0.000617148, 0.00061587285
  -37.768205, 0.0005859, 0.00061587285
  -37.768205, 0.000785106, 0.00061587285
  -37.768205, 0.00056637, 0.00061587285
  -37.76175, 0.0003906, 0.00061634147
  -37.76175, 0.000499968, 0.00061634147
  -37.76175, 0.000515592, 0.00061634147
  -37.76175, 0.000792918, 0.00061634147
  -37.76175, 0.000515592, 0.00061634147
  -37.76175, 0.000519498, 0.00061634147
  -37.76175, 0.000593712, 0.00061634147
  -37.755295, 0.000718704, 0.00061681031
  -37.755295, 0.00064449, 0.00061681031
  -37.755295, 0.000675738, 0.00061681031
  -37.755295, 0.000730422, 0.00061681031
  -37.755295, 0.00082026, 0.00061681031
  -37.755295, 0.00056637, 0.00061681031
  -37.755295, 0.000539028, 0.00061681031
  -37.755295, 0.000699174, 0.00061681031
  -37.755295, 0.000667926, 0.00061681031
  -37.755295, 0.000542934, 0.00061681031
  -37.74884, 0.000695268, 0.00061727936
  -37.74884, 0.00048825, 0.00061727936
  -37.74884, 0.000570276, 0.00061727936
  -37.74884, 0.00083979, 0.00061727936
  -37.742385, 0.000617148, 0.00061774863
  -37.742385, 0.000695268, 0.00061774863
  -37.742385, 0.000531216, 0.00061774863
  -37.73593, 0.000675738, 0.00061821813
  -37.73593, 0.000402318, 0.00061821813
  -37.73593, 0.00080073, 0.00061821813
  -37.73593, 0.00072261, 0.00061821813
  -37.73593, 0.0003906, 0.00061821813
  -37.73593, 0.000691362, 0.00061821813
  -37.729475, 0.000542934, 0.00061868783
  -37.729475, 0.0005859, 0.00061868783
  -37.72302, 0.000589806, 0.00061915776
  -37.72302, 0.000628866, 0.00061915776
  -37.72302, 0.000695268, 0.00061915776
  -37.716565, 0.000812448, 0.0006196279
  -37.716565, 0.000671832, 0.0006196279
  -37.716565, 0.000453096, 0.0006196279
  -37.716565, 0.00050778, 0.0006196279
  -37.71011, 0.000480438, 0.00062009827
  -37.71011, 0.00070308, 0.00062009827
  -37.703655, 0.00064449, 0.00062056885
  -37.703655, 0.000769482, 0.00062056885
  -37.703655, 0.000886662, 0.00062056885
  -37.703655, 0.000472626, 0.00062056885
  -37.703655, 0.00066402, 0.00062056885
  -37.6972, 0.000785106, 0.00062103965
  -37.6972, 0.000570276, 0.00062103965
  -37.6972, 0.000492156, 0.00062103965
  -37.6972, 0.000632772, 0.00062103965
  -37.6972, 0.000496062, 0.00062103965
  -37.6972, 0.000581994, 0.00062103965
  -37.6972, 0.000691362, 0.00062103965
  -37.690745, 0.000472626, 0.00062151066
  -37.690745, 0.000363258, 0.00062151066
  -37.690745, 0.000886662, 0.00062151066
  -37.690745, 0.000738234, 0.00062151066
  -37.68429, 0.000679644, 0.0006219819
  -37.68429, 0.000726516, 0.0006219819
  -37.68429, 0.000804636, 0.0006219819
  -37.68429, 0.000706986, 0.0006219819
  -37.68429, 0.000847602, 0.0006219819
  -37.677835, 0.000753858, 0.00062245335
  -37.677835, 0.000656208, 0.00062245335
  -37.677835, 0.00068355, 0.00062245335
  -37.677835, 0.000421848, 0.00062245335
  -37.664925, 0.000578088, 0.00062339692
  -37.664925, 0.000414036, 0.00062339692
  -37.652015, 0.000523404, 0.00062434135
  -37.652015, 0.000804636, 0.00062434135
  -37.652015, 0.000812448, 0.00062434135
  -37.652015, 0.000730422, 0.00062434135
  -37.652015, 0.00052731, 0.00062434135
  -37.652015, 0.000652302, 0.00062434135
  -37.652015, 0.000613242, 0.00062434135
  -37.64556, 0.00050778, 0.0006248139
  -37.64556, 0.0005859, 0.0006248139
  -37.64556, 0.000706986, 0.0006248139
  -37.64556, 0.000675738, 0.0006248139
  -37.64556, 0.000753858, 0.0006248139
  -37.64556, 0.000785106, 0.0006248139
  -37.64556, 0.000730422, 0.0006248139
  -37.639105, 0.000691362, 0.00062528667
  -37.639105, 0.000687456, 0.00062528667
  -37.639105, 0.000726516, 0.00062528667
  -37.639105, 0.000574182, 0.00062528667
  -37.639105, 0.000421848, 0.00062528667
  -37.639105, 0.000710892, 0.00062528667
  -37.639105, 0.000433566, 0.00062528667
  -37.63265, 0.000726516, 0.00062575965
  -37.63265, 0.000656208, 0.00062575965
  -37.63265, 0.00064449, 0.00062575965
  -37.63265, 0.000753858, 0.00062575965
  -37.626195, 0.000699174, 0.00062623285
  -37.626195, 0.000863226, 0.00062623285
  -37.626195, 0.000726516, 0.00062623285
  -37.626195, 0.0007812, 0.00062623285
  -37.61974, 0.000730422, 0.00062670628
  -37.61974, 0.000542934, 0.00062670628
  -37.61974, 0.000476532, 0.00062670628
  -37.61974, 0.000378882, 0.00062670628
  -37.61974, 0.000632772, 0.00062670628
  -37.61974, 0.000628866, 0.00062670628
  -37.61974, 0.000581994, 0.00062670628
  -37.613285, 0.00042966, 0.00062717992
  -37.60683, 0.000691362, 0.00062765378
  -37.60683, 0.000636678, 0.00062765378
  -37.60683, 0.000628866, 0.00062765378
  -37.60683, 0.000652302, 0.00062765378
  -37.600375, 0.000632772, 0.00062812786
  -37.600375, 0.000589806, 0.00062812786
  -37.59392, 0.000558558, 0.00062860216
  -37.59392, 0.000523404, 0.00062860216
  -37.59392, 0.00072261, 0.00062860216
  -37.59392, 0.000773388, 0.00062860216
  -37.59392, 0.000816354, 0.00062860216
  -37.59392, 0.0007812, 0.00062860216
  -37.587465, 0.000667926, 0.00062907667
  -37.58101, 0.000554652, 0.00062955141
  -37.574555, 0.000749952, 0.00063002637
  -37.574555, 0.000675738, 0.00063002637
  -37.5681, 0.00082026, 0.00063050154
  -37.5681, 0.000691362, 0.00063050154
  -37.5681, 0.000632772, 0.00063050154
  -37.5681, 0.000656208, 0.00063050154
  -37.561645, 0.000746046, 0.00063097694
  -37.561645, 0.000796824, 0.00063097694
  -37.55519, 0.00054684, 0.00063145255
  -37.55519, 0.000601524, 0.00063145255
  -37.55519, 0.000835884, 0.00063145255
  -37.548735, 0.000601524, 0.00063192839
  -37.548735, 0.000804636, 0.00063192839
  -37.548735, 0.00048825, 0.00063192839
  -37.54228, 0.000871038, 0.00063240444
  -37.54228, 0.000769482, 0.00063240444
  -37.535825, 0.000535122, 0.00063288071
  -37.535825, 0.000886662, 0.00063288071
  -37.535825, 0.000714798, 0.00063288071
  -37.535825, 0.000718704, 0.00063288071
  -37.52937, 0.000632772, 0.00063335721
  -37.52937, 0.000706986, 0.00063335721
  -37.51646, 0.000433566, 0.00063431086
  -37.51646, 0.000519498, 0.00063431086
  -37.51646, 0.000667926, 0.00063431086
  -37.510005, 0.000542934, 0.00063478801
  -37.510005, 0.000777294, 0.00063478801
  -37.510005, 0.000414036, 0.00063478801
  -37.50355, 0.00068355, 0.00063526538
  -37.50355, 0.000621054, 0.00063526538
  -37.497095, 0.000492156, 0.00063574297
  -37.49064, 0.000824166, 0.00063622079
  -37.49064, 0.000515592, 0.00063622079
  -37.49064, 0.0005859, 0.00063622079
  -37.484185, 0.000425754, 0.00063669882
  -37.47773, 0.0005859, 0.00063717708
  -37.47773, 0.000753858, 0.00063717708
  -37.47773, 0.000671832, 0.00063717708
  -37.47773, 0.000765576, 0.00063717708
  -37.47773, 0.000578088, 0.00063717708
  -37.47773, 0.000749952, 0.00063717708
  -37.471275, 0.000738234, 0.00063765555
  -37.471275, 0.000734328, 0.00063765555
  -37.471275, 0.000699174, 0.00063765555
  -37.46482, 0.000695268, 0.00063813424
  -37.46482, 0.000746046, 0.00063813424
  -37.458365, 0.000574182, 0.00063861316
  -37.458365, 0.000706986, 0.00063861316
  -37.458365, 0.000421848, 0.00063861316
  -37.458365, 0.000785106, 0.00063861316
  -37.458365, 0.000710892, 0.00063861316
  -37.458365, 0.0007812, 0.00063861316
  -37.458365, 0.000738234, 0.00063861316
  -37.458365, 0.000531216, 0.00063861316
  -37.45191, 0.000464814, 0.0006390923
  -37.45191, 0.000796824, 0.0006390923
  -37.45191, 0.00070308, 0.0006390923
  -37.45191, 0.000796824, 0.0006390923
  -37.445455, 0.0007812, 0.00063957165
  -37.445455, 0.000421848, 0.00063957165
  -37.445455, 0.000835884, 0.00063957165
  -37.445455, 0.000816354, 0.00063957165
  -37.439, 0.000679644, 0.00064005123
  -37.439, 0.000730422, 0.00064005123
  -37.439, 0.000675738, 0.00064005123
  -37.439, 0.00062496, 0.00064005123
  -37.439, 0.000726516, 0.00064005123
  -37.439, 0.000652302, 0.00064005123
  -37.432545, 0.000648396, 0.00064053103
  -37.432545, 0.000706986, 0.00064053103
  -37.432545, 0.000617148, 0.00064053103
  -37.432545, 0.000863226, 0.00064053103
  -37.42609, 0.000691362, 0.00064101104
  -37.42609, 0.000773388, 0.00064101104
  -37.42609, 0.000628866, 0.00064101104
  -37.42609, 0.000749952, 0.00064101104
  -37.42609, 0.000621054, 0.00064101104
  -37.419635, 0.000578088, 0.00064149128
  -37.419635, 0.000601524, 0.00064149128
  -37.419635, 0.000831978, 0.00064149128
  -37.419635, 0.000789012, 0.00064149128
  -37.419635, 0.000691362, 0.00064149128
  -37.419635, 0.000558558, 0.00064149128
  -37.419635, 0.000648396, 0.00064149128
  -37.41318, 0.000593712, 0.00064197174
  -37.406725, 0.00052731, 0.00064245242
  -37.406725, 0.00042966, 0.00064245242
  -37.406725, 0.000706986, 0.00064245242
  -37.406725, 0.000621054, 0.00064245242
  -37.406725, 0.00054684, 0.00064245242
  -37.40027, 0.000503874, 0.00064293332
  -37.40027, 0.000464814, 0.00064293332
  -37.40027, 0.000609336, 0.00064293332
  -37.40027, 0.00085932, 0.00064293332
  -37.40027, 0.000609336, 0.00064293332
  -37.393815, 0.000347634, 0.00064341445
  -37.393815, 0.000894474, 0.00064341445
  -37.393815, 0.00070308, 0.00064341445
  -37.393815, 0.000738234, 0.00064341445
  -37.393815, 0.000765576, 0.00064341445
  -37.38736, 0.000562464, 0.00064389579
  -37.380905, 0.000398412, 0.00064437736
  -37.380905, 0.00052731, 0.00064437736
  -37.380905, 0.00066402, 0.00064437736
  -37.37445, 0.000480438, 0.00064485914
  -37.37445, 0.000613242, 0.00064485914
  -37.367995, 0.000773388, 0.00064534115
  -37.367995, 0.000863226, 0.00064534115
  -37.367995, 0.00085932, 0.00064534115
  -37.36154, 0.000593712, 0.00064582338
  -37.36154, 0.00064449, 0.00064582338
  -37.36154, 0.00056637, 0.00064582338
  -37.355085, 0.00052731, 0.00064630583
  -37.355085, 0.000816354, 0.00064630583
  -37.355085, 0.000558558, 0.00064630583
  -37.355085, 0.000460908, 0.00064630583
  -37.355085, 0.000636678, 0.00064630583
  -37.34863, 0.00074214, 0.0006467885
  -37.34863, 0.000617148, 0.0006467885
  -37.34863, 0.000687456, 0.0006467885
  -37.342175, 0.00056637, 0.00064727139
  -37.342175, 0.000562464, 0.00064727139
  -37.342175, 0.000656208, 0.00064727139
  -37.33572, 0.000660114, 0.00064775451
  -37.33572, 0.000851508, 0.00064775451
  -37.33572, 0.000769482, 0.00064775451
  -37.33572, 0.000773388, 0.00064775451
  -37.329265, 0.000730422, 0.00064823784
  -37.329265, 0.000687456, 0.00064823784
  -37.329265, 0.000953064, 0.00064823784
  -37.329265, 0.000792918, 0.00064823784
  -37.32281, 0.000531216, 0.0006487214
  -37.32281, 0.00083979, 0.0006487214
  -37.32281, 0.00085932, 0.0006487214
  -37.316355, 0.000812448, 0.00064920518
  -37.316355, 0.000476532, 0.00064920518
  -37.3099, 0.00060543, 0.00064968918
  -37.3099, 0.000753858, 0.00064968918
  -37.3099, 0.000675738, 0.00064968918
  -37.3099, 0.000531216, 0.00064968918
  -37.3099, 0.000539028, 0.00064968918
  -37.3099, 0.000906192, 0.00064968918
  -37.303445, 0.000562464, 0.0006501734
  -37.303445, 0.00072261, 0.0006501734
  -37.29699, 0.00050778, 0.00065065785
  -37.29699, 0.00083979, 0.00065065785
  -37.29699, 0.000773388, 0.00065065785
  -37.29699, 0.000746046, 0.00065065785
  -37.29699, 0.000476532, 0.00065065785
  -37.29699, 0.000796824, 0.00065065785
  -37.290535, 0.00064449, 0.00065114251
  -37.290535, 0.00083979, 0.00065114251
  -37.290535, 0.000757764, 0.00065114251
  -37.290535, 0.000503874, 0.00065114251
  -37.290535, 0.00068355, 0.00065114251
  -37.28408, 0.000831978, 0.0006516274
  -37.28408, 0.000753858, 0.0006516274
  -37.28408, 0.000824166, 0.0006516274
  -37.277625, 0.000757764, 0.00065211251
  -37.277625, 0.000656208, 0.00065211251
  -37.277625, 0.000667926, 0.00065211251
  -37.277625, 0.000757764, 0.00065211251
  -37.277625, 0.00048825, 0.00065211251
  -37.277625, 0.0007812, 0.00065211251
  -37.27117, 0.000730422, 0.00065259785
  -37.27117, 0.000628866, 0.00065259785
  -37.27117, 0.000785106, 0.00065259785
  -37.27117, 0.000542934, 0.00065259785
  -37.27117, 0.000851508, 0.00065259785
  -37.27117, 0.000562464, 0.00065259785
  -37.27117, 0.00066402, 0.00065259785
  -37.27117, 0.000476532, 0.00065259785
  -37.27117, 0.000581994, 0.00065259785
  -37.264715, 0.00068355, 0.0006530834
  -37.264715, 0.00076167, 0.0006530834
  -37.264715, 0.0007812, 0.0006530834
  -37.264715, 0.000558558, 0.0006530834
  -37.264715, 0.000628866, 0.0006530834
  -37.25826, 0.00082026, 0.00065356918
  -37.25826, 0.000769482, 0.00065356918
  -37.25826, 0.000910098, 0.00065356918
  -37.25826, 0.000746046, 0.00065356918
  -37.25826, 0.000597618, 0.00065356918
  -37.25826, 0.000914004, 0.00065356918
  -37.251805, 0.000515592, 0.00065405518
  -37.251805, 0.000730422, 0.00065405518
  -37.251805, 0.00089838, 0.00065405518
  -37.251805, 0.000511686, 0.00065405518
  -37.251805, 0.000804636, 0.00065405518
  -37.251805, 0.000796824, 0.00065405518
  -37.251805, 0.000726516, 0.00065405518
  -37.24535, 0.000902286, 0.0006545414
  -37.24535, 0.000519498, 0.0006545414
  -37.24535, 0.000730422, 0.0006545414
  -37.24535, 0.00060543, 0.0006545414
  -37.24535, 0.000617148, 0.0006545414
  -37.238895, 0.000843696, 0.00065502785
  -37.238895, 0.000628866, 0.00065502785
  -37.238895, 0.000535122, 0.00065502785
  -37.225985, 0.000589806, 0.0006560014
  -37.213075, 0.000445284, 0.00065697585
  -37.213075, 0.000734328, 0.00065697585
  -37.20662, 0.000667926, 0.00065746341
  -37.200165, 0.000746046, 0.00065795119
  -37.19371, 0.00070308, 0.00065843919
  -37.19371, 0.000636678, 0.00065843919
  -37.19371, 0.000691362, 0.00065843919
  -37.19371, 0.000726516, 0.00065843919
  -37.19371, 0.000593712, 0.00065843919
  -37.19371, 0.000453096, 0.00065843919
  -37.187255, 0.000558558, 0.00065892742
  -37.1808, 0.000480438, 0.00065941587
  -37.1808, 0.000746046, 0.00065941587
  -37.174345, 0.000648396, 0.00065990454
  -37.16789, 0.000597618, 0.00066039343
  -37.161435, 0.000749952, 0.00066088255
  -37.161435, 0.000765576, 0.00066088255
  -37.148525, 0.00054684, 0.00066186146
  -37.148525, 0.00074214, 0.00066186146
  -37.148525, 0.000687456, 0.00066186146
  -37.148525, 0.000749952, 0.00066186146
  -37.148525, 0.00062496, 0.00066186146
  -37.148525, 0.00074214, 0.00066186146
  -37.14207, 0.00074214, 0.00066235124
  -37.14207, 0.000749952, 0.00066235124
  -37.14207, 0.000511686, 0.00066235124
  -37.135615, 0.00072261, 0.00066284126
  -37.135615, 0.000816354, 0.00066284126
  -37.12916, 0.000621054, 0.00066333149
  -37.12916, 0.000789012, 0.00066333149
  -37.12916, 0.000706986, 0.00066333149
  -37.122705, 0.000609336, 0.00066382195
  -37.122705, 0.000687456, 0.00066382195
  -37.109795, 0.000746046, 0.00066480353
  -37.10334, 0.000730422, 0.00066529466
  -37.10334, 0.000660114, 0.00066529466
  -37.096885, 0.000749952, 0.00066578601
  -37.096885, 0.000394506, 0.00066578601
  -37.096885, 0.00095697, 0.00066578601
  -37.096885, 0.000652302, 0.00066578601
  -37.09043, 0.000699174, 0.00066627759
  -37.083975, 0.00060543, 0.00066676939
  -37.083975, 0.000535122, 0.00066676939
  -37.083975, 0.000496062, 0.00066676939
  -37.083975, 0.000550746, 0.00066676939
  -37.083975, 0.00056637, 0.00066676939
  -37.07752, 0.00062496, 0.00066726141
  -37.07752, 0.00087885, 0.00066726141
  -37.06461, 0.000460908, 0.00066824613
  -37.0517, 0.000867132, 0.00066923175
  -37.045245, 0.000519498, 0.00066972489
  -37.03879, 0.000578088, 0.00067021826
  -37.02588, 0.00056637, 0.00067120567
  -37.019425, 0.00082026, 0.00067169971
  -37.01297, 0.000558558, 0.00067219397
  -37.006515, 0.000511686, 0.00067268846
  -37.00006, 0.00052731, 0.00067318318
  -36.98715, 0.000687456, 0.00067417328
  -36.97424, 0.0005859, 0.00067516428
  -36.97424, 0.000652302, 0.00067516428
  -36.97424, 0.00082026, 0.00067516428
  -36.967785, 0.000492156, 0.00067566011
  -36.967785, 0.00080073, 0.00067566011
  -36.96133, 0.000613242, 0.00067615618
  -36.96133, 0.000601524, 0.00067615618
  -36.96133, 0.000699174, 0.00067615618
  -36.954875, 0.000675738, 0.00067665246
  -36.954875, 0.000574182, 0.00067665246
  -36.954875, 0.00054684, 0.00067665246
  -36.954875, 0.000636678, 0.00067665246
  -36.941965, 0.000648396, 0.00067764571
  -36.941965, 0.000718704, 0.00067764571
  -36.941965, 0.000765576, 0.00067764571
  -36.941965, 0.000660114, 0.00067764571
  -36.93551, 0.00066402, 0.00067814267
  -36.929055, 0.000648396, 0.00067863986
  -36.929055, 0.000687456, 0.00067863986
  -36.9226, 0.000519498, 0.00067913727
  -36.916145, 0.000581994, 0.00067963491
  -36.916145, 0.000593712, 0.00067963491
  -36.916145, 0.000640584, 0.00067963491
  -36.90969, 0.000433566, 0.00068013277
  -36.90969, 0.000851508, 0.00068013277
  -36.90969, 0.000753858, 0.00068013277
  -36.89678, 0.000511686, 0.00068112917
  -36.89678, 0.000574182, 0.00068112917
  -36.88387, 0.000831978, 0.00068212648
  -36.864505, 0.00046872, 0.00068362412
  -36.864505, 0.00044919, 0.00068362412
  -36.864505, 0.000628866, 0.00068362412
  -36.85805, 0.000890568, 0.00068412379
  -36.851595, 0.000695268, 0.00068462368
  -36.84514, 0.000617148, 0.0006851238
  -36.838685, 0.000699174, 0.00068562415
  -36.838685, 0.000675738, 0.00068562415
  -36.838685, 0.000679644, 0.00068562415
  -36.838685, 0.00074214, 0.00068562415
  -36.83223, 0.000906192, 0.00068612472
  -36.83223, 0.00087885, 0.00068612472
  -36.83223, 0.000335916, 0.00068612472
  -36.83223, 0.000730422, 0.00068612472
  -36.825775, 0.00046872, 0.00068662551
  -36.825775, 0.000777294, 0.00068662551
  -36.81932, 0.000523404, 0.00068712653
  -36.81932, 0.000695268, 0.00068712653
  -36.81932, 0.000699174, 0.00068712653
  -36.81932, 0.000789012, 0.00068712653
  -36.81932, 0.000453096, 0.00068712653
  -36.81932, 0.00080073, 0.00068712653
  -36.81932, 0.000964782, 0.00068712653
  -36.812865, 0.000828072, 0.00068762778
  -36.812865, 0.000636678, 0.00068762778
  -36.812865, 0.000675738, 0.00068762778
  -36.80641, 0.00062496, 0.00068812926
  -36.80641, 0.000714798, 0.00068812926
  -36.80641, 0.000691362, 0.00068812926
  -36.80641, 0.000792918, 0.00068812926
  -36.80641, 0.00085932, 0.00068812926
  -36.799955, 0.000617148, 0.00068863096
  -36.799955, 0.000902286, 0.00068863096
  -36.799955, 0.000765576, 0.00068863096
  -36.799955, 0.000851508, 0.00068863096
  -36.799955, 0.000863226, 0.00068863096
  -36.799955, 0.000738234, 0.00068863096
  -36.7935, 0.000691362, 0.00068913288
  -36.7935, 0.000628866, 0.00068913288
  -36.787045, 0.000621054, 0.00068963504
  -36.787045, 0.000730422, 0.00068963504
  -36.787045, 0.000882756, 0.00068963504
  -36.787045, 0.000535122, 0.00068963504
  -36.78059, 0.00070308, 0.00069013742
  -36.78059, 0.000503874, 0.00069013742
  -36.78059, 0.000714798, 0.00069013742
  -36.774135, 0.000460908, 0.00069064002
  -36.774135, 0.000589806, 0.00069064002
  -36.774135, 0.00095697, 0.00069064002
  -36.774135, 0.000648396, 0.00069064002
  -36.76768, 0.000753858, 0.00069114286
  -36.76768, 0.000558558, 0.00069114286
  -36.76768, 0.000847602, 0.00069114286
  -36.76768, 0.000496062, 0.00069114286
  -36.761225, 0.000636678, 0.00069164591
  -36.761225, 0.000640584, 0.00069164591
  -36.761225, 0.000503874, 0.00069164591
  -36.761225, 0.000886662, 0.00069164591
  -36.75477, 0.000593712, 0.0006921492
  -36.75477, 0.000746046, 0.0006921492
  -36.75477, 0.000695268, 0.0006921492
  -36.748315, 0.000718704, 0.00069265271
  -36.748315, 0.000734328, 0.00069265271
  -36.748315, 0.000679644, 0.00069265271
  -36.748315, 0.000480438, 0.00069265271
  -36.748315, 0.00074214, 0.00069265271
  -36.748315, 0.000660114, 0.00069265271
  -36.748315, 0.000472626, 0.00069265271
  -36.74186, 0.000773388, 0.00069315645
  -36.74186, 0.000679644, 0.00069315645
  -36.74186, 0.000679644, 0.00069315645
  -36.74186, 0.000734328, 0.00069315645
  -36.74186, 0.000621054, 0.00069315645
  -36.74186, 0.00054684, 0.00069315645
  -36.735405, 0.000960876, 0.00069366042
  -36.735405, 0.000933534, 0.00069366042
  -36.735405, 0.00082026, 0.00069366042
  -36.735405, 0.0005859, 0.00069366042
  -36.735405, 0.000699174, 0.00069366042
  -36.72895, 0.00064449, 0.00069416461
  -36.72895, 0.000746046, 0.00069416461
  -36.72895, 0.000980406, 0.00069416461
  -36.722495, 0.000871038, 0.00069466903
  -36.722495, 0.000632772, 0.00069466903
  -36.722495, 0.000699174, 0.00069466903
  -36.722495, 0.000675738, 0.00069466903
  -36.71604, 0.00056637, 0.00069517367
  -36.71604, 0.0005859, 0.00069517367
  -36.71604, 0.000808542, 0.00069517367
  -36.709585, 0.000515592, 0.00069567854
  -36.709585, 0.000519498, 0.00069567854
  -36.709585, 0.000550746, 0.00069567854
  -36.709585, 0.000667926, 0.00069567854
  -36.709585, 0.000746046, 0.00069567854
  -36.70313, 0.000855414, 0.00069618364
  -36.70313, 0.000757764, 0.00069618364
  -36.70313, 0.000581994, 0.00069618364
  -36.70313, 0.000597618, 0.00069618364
  -36.70313, 0.000765576, 0.00069618364
  -36.70313, 0.000902286, 0.00069618364
  -36.70313, 0.000609336, 0.00069618364
  -36.70313, 0.000886662, 0.00069618364
  -36.696675, 0.000824166, 0.00069668897
  -36.696675, 0.000773388, 0.00069668897
  -36.696675, 0.000718704, 0.00069668897
  -36.696675, 0.00076167, 0.00069668897
  -36.696675, 0.00066402, 0.00069668897
  -36.696675, 0.000699174, 0.00069668897
  -36.696675, 0.00076167, 0.00069668897
  -36.69022, 0.000472626, 0.00069719452
  -36.69022, 0.000746046, 0.00069719452
  -36.69022, 0.000699174, 0.00069719452
  -36.69022, 0.000804636, 0.00069719452
  -36.69022, 0.000746046, 0.00069719452
  -36.69022, 0.000824166, 0.00069719452
  -36.69022, 0.00091791, 0.00069719452
  -36.69022, 0.000706986, 0.00069719452
  -36.69022, 0.00068355, 0.00069719452
  -36.683765, 0.000874944, 0.00069770031
  -36.683765, 0.000640584, 0.00069770031
  -36.683765, 0.000640584, 0.00069770031
  -36.683765, 0.000519498, 0.00069770031
  -36.683765, 0.000581994, 0.00069770031
  -36.683765, 0.000652302, 0.00069770031
  -36.683765, 0.000730422, 0.00069770031
  -36.67731, 0.000765576, 0.00069820631
  -36.67731, 0.000718704, 0.00069820631
  -36.67731, 0.000804636, 0.00069820631
  -36.67731, 0.000847602, 0.00069820631
  -36.67731, 0.000558558, 0.00069820631
  -36.670855, 0.00070308, 0.00069871255
  -36.670855, 0.000726516, 0.00069871255
  -36.670855, 0.000699174, 0.00069871255
  -36.670855, 0.000812448, 0.00069871255
  -36.670855, 0.000882756, 0.00069871255
  -36.6644, 0.000714798, 0.00069921901
  -36.6644, 0.000828072, 0.00069921901
  -36.6644, 0.000503874, 0.00069921901
  -36.6644, 0.00066402, 0.00069921901
  -36.6644, 0.000355446, 0.00069921901
  -36.657945, 0.000847602, 0.0006997257
  -36.657945, 0.000492156, 0.0006997257
  -36.657945, 0.000679644, 0.0006997257
  -36.657945, 0.000570276, 0.0006997257
  -36.657945, 0.000382788, 0.0006997257
  -36.65149, 0.000648396, 0.00070023262
  -36.65149, 0.000734328, 0.00070023262
  -36.645035, 0.000628866, 0.00070073976
  -36.645035, 0.000730422, 0.00070073976
  -36.63858, 0.000617148, 0.00070124714
  -36.63858, 0.000738234, 0.00070124714
  -36.632125, 0.000824166, 0.00070175474
  -36.632125, 0.00066402, 0.00070175474
  -36.632125, 0.000706986, 0.00070175474
  -36.62567, 0.000730422, 0.00070226256
  -36.62567, 0.000871038, 0.00070226256
  -36.62567, 0.000687456, 0.00070226256
  -36.619215, 0.000632772, 0.00070277062
  -36.619215, 0.000593712, 0.00070277062
  -36.61276, 0.000699174, 0.0007032789
  -36.59985, 0.00082026, 0.00070429615
  -36.59985, 0.000558558, 0.00070429615
  -36.593395, 0.000621054, 0.00070480512
  -36.593395, 0.00060543, 0.00070480512
  -36.593395, 0.000933534, 0.00070480512
  -36.593395, 0.00093744, 0.00070480512
  -36.593395, 0.000777294, 0.00070480512
  -36.58694, 0.000706986, 0.00070531431
  -36.58694, 0.000542934, 0.00070531431
  -36.58694, 0.00068355, 0.00070531431
  -36.58694, 0.00048825, 0.00070531431
  -36.580485, 0.000699174, 0.00070582373
  -36.57403, 0.000667926, 0.00070633338
  -36.57403, 0.00064449, 0.00070633338
  -36.567575, 0.000636678, 0.00070684326
  -36.567575, 0.000535122, 0.00070684326
  -36.567575, 0.000695268, 0.00070684326
  -36.56112, 0.00066402, 0.00070735337
  -36.56112, 0.00070308, 0.00070735337
  -36.56112, 0.000882756, 0.00070735337
  -36.56112, 0.000773388, 0.00070735337
  -36.56112, 0.000851508, 0.00070735337
  -36.56112, 0.000824166, 0.00070735337
  -36.554665, 0.000710892, 0.0007078637
  -36.554665, 0.000863226, 0.0007078637
  -36.554665, 0.00072261, 0.0007078637
  -36.554665, 0.000734328, 0.0007078637
  -36.554665, 0.000746046, 0.0007078637
  -36.54821, 0.000660114, 0.00070837427
  -36.54821, 0.000628866, 0.00070837427
  -36.54821, 0.000871038, 0.00070837427
  -36.541755, 0.000578088, 0.00070888506
  -36.541755, 0.000749952, 0.00070888506
  -36.541755, 0.00070308, 0.00070888506
  -36.541755, 0.000753858, 0.00070888506
  -36.541755, 0.000753858, 0.00070888506
  -36.5353, 0.000699174, 0.00070939608
  -36.5353, 0.00082026, 0.00070939608
  -36.528845, 0.000789012, 0.00070990732
  -36.528845, 0.000406224, 0.00070990732
  -36.528845, 0.00082026, 0.00070990732
  -36.528845, 0.000496062, 0.00070990732
  -36.528845, 0.000828072, 0.00070990732
  -36.52239, 0.000695268, 0.0007104188
  -36.52239, 0.000812448, 0.0007104188
  -36.52239, 0.000675738, 0.0007104188
  -36.52239, 0.000714798, 0.0007104188
  -36.515935, 0.000648396, 0.00071093051
  -36.515935, 0.000789012, 0.00071093051
  -36.50948, 0.00068355, 0.00071144244
  -36.50948, 0.000652302, 0.00071144244
  -36.50948, 0.000906192, 0.00071144244
  -36.50948, 0.000691362, 0.00071144244
  -36.50948, 0.000535122, 0.00071144244
  -36.503025, 0.000417942, 0.0007119546
  -36.503025, 0.00082026, 0.0007119546
  -36.503025, 0.00068355, 0.0007119546
  -36.503025, 0.000812448, 0.0007119546
  -36.49657, 0.00087885, 0.00071246699
  -36.49657, 0.000769482, 0.00071246699
  -36.49657, 0.000656208, 0.00071246699
  -36.49657, 0.000753858, 0.00071246699
  -36.49657, 0.000640584, 0.00071246699
  -36.49657, 0.000765576, 0.00071246699
  -36.49657, 0.00080073, 0.00071246699
  -36.490115, 0.000687456, 0.00071297961
  -36.490115, 0.000617148, 0.00071297961
  -36.490115, 0.000816354, 0.00071297961
  -36.490115, 0.000531216, 0.00071297961
  -36.490115, 0.00082026, 0.00071297961
  -36.490115, 0.000679644, 0.00071297961
  -36.490115, 0.000519498, 0.00071297961
  -36.490115, 0.000609336, 0.00071297961
  -36.48366, 0.000531216, 0.00071349246
  -36.48366, 0.000539028, 0.00071349246
  -36.48366, 0.000581994, 0.00071349246
  -36.477205, 0.000828072, 0.00071400553
  -36.477205, 0.000808542, 0.00071400553
  -36.47075, 0.000710892, 0.00071451884
  -36.47075, 0.0005859, 0.00071451884
  -36.47075, 0.000890568, 0.00071451884
  -36.47075, 0.000851508, 0.00071451884
  -36.464295, 0.000667926, 0.00071503237
  -36.464295, 0.000679644, 0.00071503237
  -36.464295, 0.0005859, 0.00071503237
  -36.45784, 0.000789012, 0.00071554614
  -36.451385, 0.00046872, 0.00071606013
  -36.451385, 0.000671832, 0.00071606013
  -36.451385, 0.000929628, 0.00071606013
  -36.44493, 0.000636678, 0.00071657435
  -36.44493, 0.00070308, 0.00071657435
  -36.44493, 0.000863226, 0.00071657435
  -36.44493, 0.000730422, 0.00071657435
  -36.438475, 0.000785106, 0.0007170888
  -36.438475, 0.000570276, 0.0007170888
  -36.438475, 0.000496062, 0.0007170888
  -36.438475, 0.000726516, 0.0007170888
  -36.43202, 0.000726516, 0.00071760348
  -36.43202, 0.000789012, 0.00071760348
  -36.43202, 0.000929628, 0.00071760348
  -36.43202, 0.000949158, 0.00071760348
  -36.43202, 0.000660114, 0.00071760348
  -36.43202, 0.000601524, 0.00071760348
  -36.425565, 0.00095697, 0.00071811839
  -36.425565, 0.000726516, 0.00071811839
  -36.425565, 0.000695268, 0.00071811839
  -36.425565, 0.000765576, 0.00071811839
  -36.425565, 0.000808542, 0.00071811839
  -36.425565, 0.000511686, 0.00071811839
  -36.425565, 0.000710892, 0.00071811839
  -36.425565, 0.000808542, 0.00071811839
  -36.425565, 0.000691362, 0.00071811839
  -36.425565, 0.000414036, 0.00071811839
  -36.425565, 0.000953064, 0.00071811839
  -36.41911, 0.000593712, 0.00071863352
  -36.41911, 0.00074214, 0.00071863352
  -36.41911, 0.000785106, 0.00071863352
  -36.41911, 0.000695268, 0.00071863352
  -36.41911, 0.0003906, 0.00071863352
  -36.41911, 0.000691362, 0.00071863352
  -36.41911, 0.00074214, 0.00071863352
  -36.41911, 0.00080073, 0.00071863352
  -36.41911, 0.00056637, 0.00071863352
  -36.41911, 0.000695268, 0.00071863352
  -36.412655, 0.000691362, 0.00071914889
  -36.412655, 0.00080073, 0.00071914889
  -36.412655, 0.000941346, 0.00071914889
  -36.412655, 0.000777294, 0.00071914889
  -36.412655, 0.000578088, 0.00071914889
  -36.412655, 0.000765576, 0.00071914889
  -36.412655, 0.000847602, 0.00071914889
  -36.412655, 0.000640584, 0.00071914889
  -36.412655, 0.000589806, 0.00071914889
  -36.412655, 0.000796824, 0.00071914889
  -36.4062, 0.00054684, 0.00071966449
  -36.4062, 0.000738234, 0.00071966449
  -36.4062, 0.000542934, 0.00071966449
  -36.4062, 0.000960876, 0.00071966449
  -36.4062, 0.000699174, 0.00071966449
  -36.4062, 0.000992124, 0.00071966449
  -36.4062, 0.000574182, 0.00071966449
  -36.4062, 0.000757764, 0.00071966449
  -36.4062, 0.001038996, 0.00071966449
  -36.4062, 0.000804636, 0.00071966449
  -36.4062, 0.00041013, 0.00071966449
  -36.399745, 0.000796824, 0.00072018031
  -36.399745, 0.00066402, 0.00072018031
  -36.399745, 0.000874944, 0.00072018031
  -36.399745, 0.000746046, 0.00072018031
  -36.399745, 0.000906192, 0.00072018031
  -36.399745, 0.000871038, 0.00072018031
  -36.399745, 0.000863226, 0.00072018031
  -36.39329, 0.000515592, 0.00072069637
  -36.39329, 0.000539028, 0.00072069637
  -36.39329, 0.000847602, 0.00072069637
  -36.39329, 0.000941346, 0.00072069637
  -36.386835, 0.00054684, 0.00072121265
  -36.386835, 0.000746046, 0.00072121265
  -36.386835, 0.000847602, 0.00072121265
  -36.38038, 0.000796824, 0.00072172917
  -36.38038, 0.00083979, 0.00072172917
  -36.38038, 0.000906192, 0.00072172917
  -36.373925, 0.000749952, 0.00072224591
  -36.373925, 0.0009765, 0.00072224591
  -36.36747, 0.000550746, 0.00072276288
  -36.361015, 0.000749952, 0.00072328009
  -36.361015, 0.00082026, 0.00072328009
  -36.361015, 0.000831978, 0.00072328009
  -36.361015, 0.000933534, 0.00072328009
  -36.35456, 0.000921816, 0.00072379752
  -36.35456, 0.00076167, 0.00072379752
  -36.35456, 0.000496062, 0.00072379752
  -36.348105, 0.000656208, 0.00072431518
  -36.348105, 0.000710892, 0.00072431518
  -36.34165, 0.00062496, 0.00072483307
  -36.34165, 0.000710892, 0.00072483307
  -36.335195, 0.000906192, 0.0007253512
  -36.335195, 0.000648396, 0.0007253512
  -36.32874, 0.00087885, 0.00072586955
  -36.32874, 0.00048825, 0.00072586955
  -36.322285, 0.00072261, 0.00072638813
  -36.322285, 0.000679644, 0.00072638813
  -36.322285, 0.000714798, 0.00072638813
  -36.322285, 0.000718704, 0.00072638813
  -36.31583, 0.000757764, 0.00072690694
  -36.31583, 0.000706986, 0.00072690694
  -36.31583, 0.00062496, 0.00072690694
  -36.309375, 0.00099603, 0.00072742598
  -36.309375, 0.000613242, 0.00072742598
  -36.309375, 0.000851508, 0.00072742598
  -36.30292, 0.000648396, 0.00072794525
  -36.30292, 0.000617148, 0.00072794525
  -36.30292, 0.000753858, 0.00072794525
  -36.296465, 0.000746046, 0.00072846476
  -36.296465, 0.000777294, 0.00072846476
  -36.296465, 0.000343728, 0.00072846476
  -36.296465, 0.000749952, 0.00072846476
  -36.296465, 0.000601524, 0.00072846476
  -36.29001, 0.000679644, 0.00072898449
  -36.29001, 0.000726516, 0.00072898449
  -36.29001, 0.000746046, 0.00072898449
  -36.29001, 0.000601524, 0.00072898449
  -36.29001, 0.000773388, 0.00072898449
  -36.29001, 0.000816354, 0.00072898449
  -36.29001, 0.000988218, 0.00072898449
  -36.29001, 0.000746046, 0.00072898449
  -36.283555, 0.000679644, 0.00072950445
  -36.283555, 0.000695268, 0.00072950445
  -36.283555, 0.00060543, 0.00072950445
  -36.283555, 0.000706986, 0.00072950445
  -36.283555, 0.00070308, 0.00072950445
  -36.270645, 0.000816354, 0.00073054507
  -36.270645, 0.000777294, 0.00073054507
  -36.270645, 0.000890568, 0.00073054507
  -36.270645, 0.000554652, 0.00073054507
  -36.26419, 0.000847602, 0.00073106572
  -36.257735, 0.000765576, 0.0007315866
  -36.257735, 0.000636678, 0.0007315866
  -36.257735, 0.000910098, 0.0007315866
  -36.25128, 0.00072261, 0.00073210772
  -36.25128, 0.000871038, 0.00073210772
  -36.25128, 0.000437472, 0.00073210772
  -36.244825, 0.000613242, 0.00073262906
  -36.244825, 0.00070308, 0.00073262906
  -36.244825, 0.000597618, 0.00073262906
  -36.231915, 0.000706986, 0.00073367244
  -36.22546, 0.000496062, 0.00073419448
  -36.21255, 0.000945252, 0.00073523925
  -36.21255, 0.000457002, 0.00073523925
  -36.206095, 0.000953064, 0.00073576198
  -36.193185, 0.000535122, 0.00073680813
  -36.193185, 0.000773388, 0.00073680813
  -36.18673, 0.000499968, 0.00073733155
  -36.18673, 0.000902286, 0.00073733155
  -36.18673, 0.000867132, 0.00073733155
  -36.18673, 0.000714798, 0.00073733155
  -36.18673, 0.000792918, 0.00073733155
  -36.18673, 0.000843696, 0.00073733155
  -36.180275, 0.000706986, 0.0007378552
  -36.180275, 0.000796824, 0.0007378552
  -36.180275, 0.000816354, 0.0007378552
  -36.180275, 0.000972594, 0.0007378552
  -36.17382, 0.00087885, 0.00073837908
  -36.17382, 0.000617148, 0.00073837908
  -36.17382, 0.000902286, 0.00073837908
  -36.17382, 0.000738234, 0.00073837908
  -36.167365, 0.000871038, 0.0007389032
  -36.167365, 0.000769482, 0.0007389032
  -36.16091, 0.000792918, 0.00073942754
  -36.16091, 0.00080073, 0.00073942754
  -36.16091, 0.001027278, 0.00073942754
  -36.154455, 0.000632772, 0.00073995212
  -36.148, 0.000617148, 0.00074047693
  -36.13509, 0.000464814, 0.00074152724
  -36.13509, 0.00060543, 0.00074152724
  -36.13509, 0.000675738, 0.00074152724
  -36.13509, 0.000980406, 0.00074152724
  -36.128635, 0.00105462, 0.00074205274
  -36.128635, 0.000492156, 0.00074205274
  -36.12218, 0.00072261, 0.00074257848
  -36.12218, 0.000730422, 0.00074257848
  -36.12218, 0.000746046, 0.00074257848
  -36.12218, 0.000699174, 0.00074257848
  -36.12218, 0.000785106, 0.00074257848
  -36.12218, 0.000831978, 0.00074257848
  -36.115725, 0.000773388, 0.00074310444
  -36.115725, 0.000706986, 0.00074310444
  -36.115725, 0.00080073, 0.00074310444
  -36.115725, 0.000929628, 0.00074310444
  -36.115725, 0.000886662, 0.00074310444
  -36.115725, 0.000789012, 0.00074310444
  -36.115725, 0.00066402, 0.00074310444
  -36.10927, 0.000851508, 0.00074363064
  -36.102815, 0.000628866, 0.00074415707
  -36.102815, 0.00083979, 0.00074415707
  -36.102815, 0.000554652, 0.00074415707
  -36.102815, 0.000843696, 0.00074415707
  -36.09636, 0.000894474, 0.00074468372
  -36.089905, 0.000828072, 0.00074521062
  -36.08345, 0.000460908, 0.00074573774
  -36.08345, 0.00080073, 0.00074573774
  -36.08345, 0.000691362, 0.00074573774
  -36.08345, 0.00048825, 0.00074573774
  -36.08345, 0.00050778, 0.00074573774
  -36.076995, 0.000679644, 0.00074626509
  -36.076995, 0.000542934, 0.00074626509
  -36.076995, 0.000757764, 0.00074626509
  -36.076995, 0.000765576, 0.00074626509
  -36.076995, 0.000621054, 0.00074626509
  -36.076995, 0.000613242, 0.00074626509
  -36.076995, 0.000726516, 0.00074626509
  -36.076995, 0.000792918, 0.00074626509
  -36.07054, 0.00083979, 0.00074679268
  -36.07054, 0.001070244, 0.00074679268
  -36.07054, 0.000831978, 0.00074679268
  -36.064085, 0.000796824, 0.0007473205
  -36.064085, 0.00087885, 0.0007473205
  -36.064085, 0.00083979, 0.0007473205
  -36.05763, 0.0007812, 0.00074784855
  -36.05763, 0.000706986, 0.00074784855
  -36.05763, 0.000656208, 0.00074784855
  -36.05763, 0.000710892, 0.00074784855
  -36.05763, 0.000613242, 0.00074784855
  -36.051175, 0.00087885, 0.00074837683
  -36.051175, 0.00048825, 0.00074837683
  -36.051175, 0.000933534, 0.00074837683
  -36.04472, 0.000863226, 0.00074890534
  -36.04472, 0.000746046, 0.00074890534
  -36.04472, 0.0007812, 0.00074890534
  -36.04472, 0.00064449, 0.00074890534
  -36.038265, 0.000753858, 0.00074943409
  -36.038265, 0.000562464, 0.00074943409
  -36.025355, 0.00048825, 0.00075049228
  -36.025355, 0.000730422, 0.00075049228
  -36.0189, 0.00068355, 0.00075102172
  -36.0189, 0.000648396, 0.00075102172
  -36.012445, 0.000542934, 0.00075155139
  -36.012445, 0.000656208, 0.00075155139
  -36.012445, 0.000941346, 0.00075155139
  -36.00599, 0.000890568, 0.0007520813
  -36.00599, 0.000710892, 0.0007520813
  -35.999535, 0.000492156, 0.00075261144
  -35.999535, 0.000773388, 0.00075261144
  -35.999535, 0.000656208, 0.00075261144
  -35.99308, 0.000855414, 0.00075314181
  -35.99308, 0.000749952, 0.00075314181
  -35.99308, 0.000656208, 0.00075314181
  -35.986625, 0.000914004, 0.00075367241
  -35.986625, 0.000808542, 0.00075367241
  -35.986625, 0.000789012, 0.00075367241
  -35.986625, 0.00080073, 0.00075367241
  -35.986625, 0.001011654, 0.00075367241
  -35.986625, 0.000804636, 0.00075367241
  -35.98017, 0.000769482, 0.00075420325
  -35.98017, 0.000871038, 0.00075420325
  -35.98017, 0.00074214, 0.00075420325
  -35.98017, 0.000769482, 0.00075420325
  -35.973715, 0.000984312, 0.00075473432
  -35.973715, 0.000425754, 0.00075473432
  -35.973715, 0.001046808, 0.00075473432
  -35.973715, 0.000746046, 0.00075473432
  -35.973715, 0.00080073, 0.00075473432
  -35.973715, 0.000542934, 0.00075473432
  -35.973715, 0.000714798, 0.00075473432
  -35.96726, 0.000718704, 0.00075526562
  -35.96726, 0.000835884, 0.00075526562
  -35.96726, 0.000601524, 0.00075526562
  -35.96726, 0.000843696, 0.00075526562
  -35.96726, 0.000753858, 0.00075526562
  -35.96726, 0.000777294, 0.00075526562
  -35.96726, 0.000835884, 0.00075526562
  -35.96726, 0.000753858, 0.00075526562
  -35.96726, 0.000765576, 0.00075526562
  -35.96726, 0.000843696, 0.00075526562
  -35.96726, 0.000593712, 0.00075526562
  -35.96726, 0.0007812, 0.00075526562
  -35.96726, 0.000773388, 0.00075526562
  -35.96726, 0.000472626, 0.00075526562
  -35.960805, 0.00070308, 0.00075579715
  -35.960805, 0.00056637, 0.00075579715
  -35.960805, 0.000867132, 0.00075579715
  -35.960805, 0.000675738, 0.00075579715
  -35.95435, 0.000804636, 0.00075632892
  -35.95435, 0.00070308, 0.00075632892
  -35.95435, 0.000874944, 0.00075632892
  -35.95435, 0.000945252, 0.00075632892
  -35.95435, 0.000894474, 0.00075632892
  -35.95435, 0.00066402, 0.00075632892
  -35.95435, 0.000824166, 0.00075632892
  -35.95435, 0.0007812, 0.00075632892
  -35.95435, 0.00087885, 0.00075632892
  -35.947895, 0.000746046, 0.00075686092
  -35.947895, 0.001019466, 0.00075686092
  -35.947895, 0.000769482, 0.00075686092
  -35.947895, 0.000706986, 0.00075686092
  -35.947895, 0.00089838, 0.00075686092
  -35.947895, 0.000851508, 0.00075686092
  -35.947895, 0.00105462, 0.00075686092
  -35.94144, 0.0007812, 0.00075739315
  -35.94144, 0.000691362, 0.00075739315
  -35.94144, 0.000660114, 0.00075739315
  -35.94144, 0.000679644, 0.00075739315
  -35.934985, 0.001007748, 0.00075792561
  -35.934985, 0.000949158, 0.00075792561
  -35.934985, 0.000562464, 0.00075792561
  -35.934985, 0.00119133, 0.00075792561
  -35.92853, 0.000628866, 0.00075845831
  -35.92853, 0.000753858, 0.00075845831
  -35.92853, 0.000687456, 0.00075845831
  -35.92853, 0.000953064, 0.00075845831
  -35.92853, 0.000640584, 0.00075845831
  -35.92853, 0.00076167, 0.00075845831
  -35.92853, 0.000484344, 0.00075845831
  -35.92853, 0.000984312, 0.00075845831
  -35.92853, 0.000414036, 0.00075845831
  -35.92853, 0.000824166, 0.00075845831
  -35.922075, 0.000847602, 0.00075899124
  -35.922075, 0.000714798, 0.00075899124
  -35.922075, 0.001070244, 0.00075899124
  -35.922075, 0.000843696, 0.00075899124
  -35.922075, 0.000882756, 0.00075899124
  -35.922075, 0.000816354, 0.00075899124
  -35.922075, 0.001050714, 0.00075899124
  -35.922075, 0.000796824, 0.00075899124
  -35.91562, 0.000843696, 0.0007595244
  -35.91562, 0.000972594, 0.0007595244
  -35.91562, 0.000921816, 0.0007595244
  -35.91562, 0.000515592, 0.0007595244
  -35.91562, 0.000847602, 0.0007595244
  -35.909165, 0.000785106, 0.00076005779
  -35.909165, 0.000632772, 0.00076005779
  -35.909165, 0.000746046, 0.00076005779
  -35.909165, 0.000789012, 0.00076005779
  -35.909165, 0.000972594, 0.00076005779
  -35.909165, 0.000765576, 0.00076005779
  -35.909165, 0.000777294, 0.00076005779
  -35.90271, 0.000581994, 0.00076059142
  -35.90271, 0.00068355, 0.00076059142
  -35.90271, 0.000828072, 0.00076059142
  -35.90271, 0.001042902, 0.00076059142
  -35.90271, 0.000593712, 0.00076059142
  -35.90271, 0.00109368, 0.00076059142
  -35.896255, 0.000660114, 0.00076112528
  -35.896255, 0.00066402, 0.00076112528
  -35.8898, 0.000910098, 0.00076165938
  -35.8898, 0.000757764, 0.00076165938
  -35.8898, 0.000706986, 0.00076165938
  -35.8898, 0.000718704, 0.00076165938
  -35.8898, 0.000902286, 0.00076165938
  -35.883345, 0.00048825, 0.0007621937
  -35.883345, 0.000894474, 0.0007621937
  -35.883345, 0.000847602, 0.0007621937
  -35.87689, 0.000792918, 0.00076272826
  -35.87689, 0.00083979, 0.00076272826
  -35.87689, 0.000749952, 0.00076272826
  -35.87689, 0.000769482, 0.00076272826
  -35.870435, 0.000675738, 0.00076326306
  -35.870435, 0.000601524, 0.00076326306
  -35.870435, 0.000851508, 0.00076326306
  -35.870435, 0.000902286, 0.00076326306
  -35.870435, 0.000886662, 0.00076326306
  -35.870435, 0.00076167, 0.00076326306
  -35.86398, 0.00087885, 0.00076379808
  -35.86398, 0.000890568, 0.00076379808
  -35.86398, 0.000738234, 0.00076379808
  -35.86398, 0.000792918, 0.00076379808
  -35.86398, 0.000597618, 0.00076379808
  -35.857525, 0.000874944, 0.00076433334
  -35.857525, 0.0005859, 0.00076433334
  -35.857525, 0.00062496, 0.00076433334
  -35.857525, 0.000753858, 0.00076433334
  -35.857525, 0.000617148, 0.00076433334
  -35.857525, 0.00068355, 0.00076433334
  -35.857525, 0.000874944, 0.00076433334
  -35.857525, 0.000660114, 0.00076433334
  -35.857525, 0.000785106, 0.00076433334
  -35.857525, 0.000804636, 0.00076433334
  -35.85107, 0.000675738, 0.00076486883
  -35.85107, 0.000808542, 0.00076486883
  -35.85107, 0.000871038, 0.00076486883
  -35.85107, 0.000789012, 0.00076486883
  -35.85107, 0.000621054, 0.00076486883
  -35.85107, 0.000757764, 0.00076486883
  -35.85107, 0.000890568, 0.00076486883
  -35.85107, 0.000816354, 0.00076486883
  -35.85107, 0.000734328, 0.00076486883
  -35.85107, 0.00076167, 0.00076486883
  -35.85107, 0.000738234, 0.00076486883
  -35.85107, 0.000749952, 0.00076486883
  -35.844615, 0.0005859, 0.00076540456
  -35.844615, 0.000792918, 0.00076540456
  -35.844615, 0.000714798, 0.00076540456
  -35.844615, 0.000835884, 0.00076540456
  -35.844615, 0.000656208, 0.00076540456
  -35.844615, 0.00072261, 0.00076540456
  -35.844615, 0.000894474, 0.00076540456
  -35.844615, 0.000617148, 0.00076540456
  -35.83816, 0.000656208, 0.00076594052
  -35.83816, 0.000632772, 0.00076594052
  -35.831705, 0.000804636, 0.00076647671
  -35.831705, 0.000656208, 0.00076647671
  -35.831705, 0.000660114, 0.00076647671
  -35.831705, 0.000769482, 0.00076647671
  -35.831705, 0.000656208, 0.00076647671
  -35.82525, 0.000609336, 0.00076701314
  -35.82525, 0.0007812, 0.00076701314
  -35.82525, 0.000550746, 0.00076701314
  -35.818795, 0.000847602, 0.0007675498
  -35.81234, 0.00080073, 0.00076808669
  -35.81234, 0.000503874, 0.00076808669
  -35.81234, 0.000753858, 0.00076808669
  -35.81234, 0.001046808, 0.00076808669
  -35.81234, 0.00095697, 0.00076808669
  -35.805885, 0.001007748, 0.00076862382
  -35.805885, 0.000402318, 0.00076862382
  -35.805885, 0.000792918, 0.00076862382
  -35.805885, 0.000765576, 0.00076862382
  -35.805885, 0.000652302, 0.00076862382
  -35.79943, 0.000671832, 0.00076916118
  -35.79943, 0.000667926, 0.00076916118
  -35.792975, 0.000714798, 0.00076969877
  -35.792975, 0.000757764, 0.00076969877
  -35.792975, 0.000503874, 0.00076969877
  -35.78652, 0.000464814, 0.0007702366
  -35.78652, 0.00099603, 0.0007702366
  -35.780065, 0.001066338, 0.00077077466
  -35.780065, 0.00091791, 0.00077077466
  -35.780065, 0.000867132, 0.00077077466
  -35.77361, 0.000675738, 0.00077131295
  -35.767155, 0.000718704, 0.00077185148
  -35.7607, 0.000882756, 0.00077239025
  -35.7607, 0.00064449, 0.00077239025
  -35.7607, 0.000699174, 0.00077239025
  -35.7607, 0.000581994, 0.00077239025
  -35.754245, 0.000726516, 0.00077292924
  -35.754245, 0.000890568, 0.00077292924
  -35.754245, 0.000515592, 0.00077292924
  -35.74779, 0.00080073, 0.00077346847
  -35.74779, 0.001003842, 0.00077346847
  -35.74779, 0.000667926, 0.00077346847
  -35.74779, 0.00089838, 0.00077346847
  -35.741335, 0.00085932, 0.00077400794
  -35.741335, 0.000499968, 0.00077400794
  -35.741335, 0.000914004, 0.00077400794
  -35.73488, 0.000972594, 0.00077454763
  -35.73488, 0.000480438, 0.00077454763
  -35.728425, 0.000828072, 0.00077508757
  -35.728425, 0.000910098, 0.00077508757
  -35.728425, 0.00050778, 0.00077508757
  -35.72197, 0.000906192, 0.00077562773
  -35.72197, 0.000734328, 0.00077562773
  -35.72197, 0.000831978, 0.00077562773
  -35.72197, 0.000789012, 0.00077562773
  -35.715515, 0.000652302, 0.00077616813
  -35.715515, 0.00093744, 0.00077616813
  -35.70906, 0.000972594, 0.00077670877
  -35.70906, 0.000695268, 0.00077670877
  -35.70906, 0.000671832, 0.00077670877
  -35.702605, 0.000730422, 0.00077724964
  -35.702605, 0.000492156, 0.00077724964
  -35.702605, 0.000660114, 0.00077724964
  -35.702605, 0.000695268, 0.00077724964
  -35.702605, 0.00068355, 0.00077724964
  -35.69615, 0.000831978, 0.00077779074
  -35.69615, 0.000851508, 0.00077779074
  -35.69615, 0.00087885, 0.00077779074
  -35.69615, 0.00085932, 0.00077779074
  -35.689695, 0.000652302, 0.00077833208
  -35.689695, 0.000828072, 0.00077833208
  -35.689695, 0.000789012, 0.00077833208
  -35.689695, 0.000628866, 0.00077833208
  -35.689695, 0.000632772, 0.00077833208
  -35.689695, 0.000515592, 0.00077833208
  -35.68324, 0.00107415, 0.00077887365
  -35.68324, 0.000706986, 0.00077887365
  -35.68324, 0.000933534, 0.00077887365
  -35.68324, 0.001066338, 0.00077887365
  -35.676785, 0.000714798, 0.00077941545
  -35.676785, 0.000734328, 0.00077941545
  -35.67033, 0.000578088, 0.00077995749
  -35.67033, 0.000886662, 0.00077995749
  -35.663875, 0.000753858, 0.00078049977
  -35.663875, 0.00060543, 0.00078049977
  -35.663875, 0.000804636, 0.00078049977
  -35.65742, 0.000679644, 0.00078104228
  -35.65742, 0.000941346, 0.00078104228
  -35.650965, 0.001003842, 0.00078158502
  -35.650965, 0.000749952, 0.00078158502
  -35.650965, 0.00091791, 0.00078158502
  -35.64451, 0.000828072, 0.000782128
  -35.64451, 0.00042966, 0.000782128
  -35.64451, 0.00093744, 0.000782128
  -35.638055, 0.000757764, 0.00078267121
  -35.638055, 0.000632772, 0.00078267121
  -35.638055, 0.000831978, 0.00078267121
  -35.638055, 0.00089838, 0.00078267121
  -35.638055, 0.000691362, 0.00078267121
  -35.638055, 0.000968688, 0.00078267121
  -35.6316, 0.000785106, 0.00078321466
  -35.6316, 0.000796824, 0.00078321466
  -35.6316, 0.000675738, 0.00078321466
  -35.6316, 0.000847602, 0.00078321466
  -35.625145, 0.000675738, 0.00078375834
  -35.625145, 0.000746046, 0.00078375834
  -35.625145, 0.00087885, 0.00078375834
  -35.61869, 0.001038996, 0.00078430226
  -35.61869, 0.00064449, 0.00078430226
  -35.61869, 0.000765576, 0.00078430226
  -35.61869, 0.000679644, 0.00078430226
  -35.612235, 0.000656208, 0.00078484641
  -35.612235, 0.000808542, 0.00078484641
  -35.612235, 0.00060543, 0.00078484641
  -35.612235, 0.000855414, 0.00078484641
  -35.612235, 0.00093744, 0.00078484641
  -35.60578, 0.000757764, 0.0007853908
  -35.60578, 0.000785106, 0.0007853908
  -35.60578, 0.000484344, 0.0007853908
  -35.60578, 0.00087885, 0.0007853908
  -35.60578, 0.000749952, 0.0007853908
  -35.60578, 0.000464814, 0.0007853908
  -35.599325, 0.000828072, 0.00078593542
  -35.599325, 0.00080073, 0.00078593542
  -35.599325, 0.000843696, 0.00078593542
  -35.599325, 0.000824166, 0.00078593542
  -35.599325, 0.000808542, 0.00078593542
  -35.599325, 0.000667926, 0.00078593542
  -35.59287, 0.000691362, 0.00078648027
  -35.59287, 0.000746046, 0.00078648027
  -35.59287, 0.000980406, 0.00078648027
  -35.59287, 0.000851508, 0.00078648027
  -35.59287, 0.000999936, 0.00078648027
  -35.59287, 0.000843696, 0.00078648027
  -35.59287, 0.000828072, 0.00078648027
  -35.59287, 0.000902286, 0.00078648027
  -35.59287, 0.000855414, 0.00078648027
  -35.59287, 0.000757764, 0.00078648027
  -35.586415, 0.000847602, 0.00078702537
  -35.586415, 0.001117116, 0.00078702537
  -35.586415, 0.00064449, 0.00078702537
  -35.586415, 0.00099603, 0.00078702537
  -35.586415, 0.000804636, 0.00078702537
  -35.586415, 0.000499968, 0.00078702537
  -35.586415, 0.000730422, 0.00078702537
  -35.586415, 0.000773388, 0.00078702537
  -35.586415, 0.000863226, 0.00078702537
  -35.57996, 0.000972594, 0.00078757069
  -35.57996, 0.000769482, 0.00078757069
  -35.57996, 0.00066402, 0.00078757069
  -35.57996, 0.000796824, 0.00078757069
  -35.57996, 0.00072261, 0.00078757069
  -35.57996, 0.000785106, 0.00078757069
  -35.57996, 0.001124928, 0.00078757069
  -35.57996, 0.000769482, 0.00078757069
  -35.573505, 0.000906192, 0.00078811625
  -35.573505, 0.000753858, 0.00078811625
  -35.573505, 0.000914004, 0.00078811625
  -35.573505, 0.000581994, 0.00078811625
  -35.573505, 0.000699174, 0.00078811625
  -35.573505, 0.000667926, 0.00078811625
  -35.573505, 0.000871038, 0.00078811625
  -35.56705, 0.000835884, 0.00078866205
  -35.56705, 0.000984312, 0.00078866205
  -35.56705, 0.000640584, 0.00078866205
  -35.56705, 0.001007748, 0.00078866205
  -35.56705, 0.000906192, 0.00078866205
  -35.560595, 0.000675738, 0.00078920808
  -35.560595, 0.000972594, 0.00078920808
  -35.560595, 0.000835884, 0.00078920808
  -35.560595, 0.000660114, 0.00078920808
  -35.560595, 0.00074214, 0.00078920808
  -35.560595, 0.000574182, 0.00078920808
  -35.560595, 0.000925722, 0.00078920808
  -35.560595, 0.000968688, 0.00078920808
  -35.55414, 0.000671832, 0.00078975434
  -35.55414, 0.000847602, 0.00078975434
  -35.55414, 0.000710892, 0.00078975434
  -35.55414, 0.000933534, 0.00078975434
  -35.55414, 0.000812448, 0.00078975434
  -35.55414, 0.000808542, 0.00078975434
  -35.547685, 0.000734328, 0.00079030085
  -35.547685, 0.000562464, 0.00079030085
  -35.547685, 0.000968688, 0.00079030085
  -35.547685, 0.000882756, 0.00079030085
  -35.547685, 0.000640584, 0.00079030085
  -35.54123, 0.000675738, 0.00079084758
  -35.54123, 0.000929628, 0.00079084758
  -35.54123, 0.000749952, 0.00079084758
  -35.54123, 0.000914004, 0.00079084758
  -35.54123, 0.000695268, 0.00079084758
  -35.52832, 0.000769482, 0.00079194176
  -35.52832, 0.000730422, 0.00079194176
  -35.52832, 0.000706986, 0.00079194176
  -35.52832, 0.000847602, 0.00079194176
  -35.52832, 0.000785106, 0.00079194176
  -35.52832, 0.000691362, 0.00079194176
  -35.521865, 0.000464814, 0.0007924892
  -35.521865, 0.000945252, 0.0007924892
  -35.521865, 0.000835884, 0.0007924892
  -35.521865, 0.000851508, 0.0007924892
  -35.521865, 0.000738234, 0.0007924892
  -35.521865, 0.00083979, 0.0007924892
  -35.521865, 0.00072261, 0.0007924892
  -35.51541, 0.00062496, 0.00079303688
  -35.51541, 0.000851508, 0.00079303688
  -35.51541, 0.000914004, 0.00079303688
  -35.51541, 0.00072261, 0.00079303688
  -35.51541, 0.000609336, 0.00079303688
  -35.51541, 0.000941346, 0.00079303688
  -35.508955, 0.00082026, 0.00079358479
  -35.5025, 0.000777294, 0.00079413294
  -35.496045, 0.000835884, 0.00079468132
  -35.496045, 0.00074214, 0.00079468132
  -35.496045, 0.000949158, 0.00079468132
  -35.48959, 0.000675738, 0.00079522994
  -35.48959, 0.000726516, 0.00079522994
  -35.48959, 0.000749952, 0.00079522994
  -35.47668, 0.000757764, 0.00079632789
  -35.47668, 0.000847602, 0.00079632789
  -35.47668, 0.000816354, 0.00079632789
  -35.470225, 0.000738234, 0.00079687721
  -35.470225, 0.000789012, 0.00079687721
  -35.470225, 0.000706986, 0.00079687721
  -35.470225, 0.000890568, 0.00079687721
  -35.46377, 0.000804636, 0.00079742677
  -35.457315, 0.000589806, 0.00079797657
  -35.457315, 0.000640584, 0.00079797657
  -35.457315, 0.000824166, 0.00079797657
  -35.45086, 0.000914004, 0.0007985266
  -35.45086, 0.00091791, 0.0007985266
  -35.444405, 0.00074214, 0.00079907687
  -35.431495, 0.000550746, 0.00080017812
  -35.431495, 0.000886662, 0.00080017812
  -35.431495, 0.000769482, 0.00080017812
  -35.42504, 0.000941346, 0.00080072909
  -35.42504, 0.000980406, 0.00080072909
  -35.42504, 0.001007748, 0.00080072909
  -35.42504, 0.000734328, 0.00080072909
  -35.418585, 0.000593712, 0.0008012803
  -35.418585, 0.000851508, 0.0008012803
  -35.418585, 0.000660114, 0.0008012803
  -35.41213, 0.00105462, 0.00080183175
  -35.41213, 0.000746046, 0.00080183175
  -35.41213, 0.000988218, 0.00080183175
  -35.405675, 0.000695268, 0.00080238343
  -35.405675, 0.000753858, 0.00080238343
  -35.405675, 0.000726516, 0.00080238343
  -35.39922, 0.00054684, 0.00080293535
  -35.39922, 0.000640584, 0.00080293535
  -35.39922, 0.000554652, 0.00080293535
  -35.39922, 0.00083979, 0.00080293535
  -35.392765, 0.000835884, 0.00080348751
  -35.392765, 0.00085932, 0.00080348751
  -35.392765, 0.00095697, 0.00080348751
  -35.38631, 0.000914004, 0.0008040399
  -35.38631, 0.00074214, 0.0008040399
  -35.38631, 0.000851508, 0.0008040399
  -35.379855, 0.001081962, 0.00080459253
  -35.379855, 0.000589806, 0.00080459253
  -35.3734, 0.001003842, 0.00080514539
  -35.3734, 0.00089838, 0.00080514539
  -35.3734, 0.000812448, 0.00080514539
  -35.3734, 0.000789012, 0.00080514539
  -35.3734, 0.000925722, 0.00080514539
  -35.3734, 0.000796824, 0.00080514539
  -35.3734, 0.000851508, 0.00080514539
  -35.3734, 0.00095697, 0.00080514539
  -35.3734, 0.00105462, 0.00080514539
  -35.366945, 0.000894474, 0.00080569849
  -35.36049, 0.000695268, 0.00080625183
  -35.36049, 0.000789012, 0.00080625183
  -35.36049, 0.000968688, 0.00080625183
  -35.36049, 0.000890568, 0.00080625183
  -35.36049, 0.000890568, 0.00080625183
  -35.36049, 0.000796824, 0.00080625183
  -35.354035, 0.000785106, 0.0008068054
  -35.354035, 0.00080073, 0.0008068054
  -35.354035, 0.000753858, 0.0008068054
  -35.354035, 0.00074214, 0.0008068054
  -35.354035, 0.00074214, 0.0008068054
  -35.354035, 0.00083979, 0.0008068054
  -35.34758, 0.001078056, 0.00080735921
  -35.34758, 0.00062496, 0.00080735921
  -35.34758, 0.000628866, 0.00080735921
  -35.34758, 0.00103509, 0.00080735921
  -35.34758, 0.000710892, 0.00080735921
  -35.34758, 0.000773388, 0.00080735921
  -35.34758, 0.000804636, 0.00080735921
  -35.34758, 0.00095697, 0.00080735921
  -35.341125, 0.000734328, 0.00080791325
  -35.341125, 0.00064449, 0.00080791325
  -35.341125, 0.000828072, 0.00080791325
  -35.33467, 0.000949158, 0.00080846753
  -35.328215, 0.000921816, 0.00080902205
  -35.328215, 0.000785106, 0.00080902205
  -35.328215, 0.000933534, 0.00080902205
  -35.315305, 0.000929628, 0.00081013179
  -35.315305, 0.000968688, 0.00081013179
  -35.315305, 0.00070308, 0.00081013179
  -35.30885, 0.000667926, 0.00081068702
  -35.302395, 0.000789012, 0.00081124248
  -35.302395, 0.000769482, 0.00081124248
  -35.302395, 0.000835884, 0.00081124248
  -35.302395, 0.000671832, 0.00081124248
  -35.302395, 0.000656208, 0.00081124248
  -35.29594, 0.000609336, 0.00081179818
  -35.29594, 0.00066402, 0.00081179818
  -35.289485, 0.000757764, 0.00081235412
  -35.289485, 0.000953064, 0.00081235412
  -35.28303, 0.00068355, 0.00081291029
  -35.28303, 0.00082026, 0.00081291029
  -35.28303, 0.000851508, 0.00081291029
  -35.276575, 0.000730422, 0.0008134667
  -35.276575, 0.000570276, 0.0008134667
  -35.27012, 0.000796824, 0.00081402335
  -35.25721, 0.000929628, 0.00081513735
  -35.25721, 0.000667926, 0.00081513735
  -35.25721, 0.000812448, 0.00081513735
  -35.25721, 0.0007812, 0.00081513735
  -35.250755, 0.0009765, 0.0008156947
  -35.250755, 0.00085932, 0.0008156947
  -35.250755, 0.00070308, 0.0008156947
  -35.250755, 0.000695268, 0.0008156947
  -35.250755, 0.000914004, 0.0008156947
  -35.250755, 0.000718704, 0.0008156947
  -35.250755, 0.00091791, 0.0008156947
  -35.2443, 0.000816354, 0.0008162523
  -35.2443, 0.000706986, 0.0008162523
  -35.2443, 0.00082026, 0.0008162523
  -35.2443, 0.000882756, 0.0008162523
  -35.2443, 0.000777294, 0.0008162523
  -35.2443, 0.000843696, 0.0008162523
  -35.2443, 0.000777294, 0.0008162523
  -35.2443, 0.0007812, 0.0008162523
  -35.237845, 0.000753858, 0.00081681013
  -35.237845, 0.000953064, 0.00081681013
  -35.237845, 0.000894474, 0.00081681013
  -35.237845, 0.000730422, 0.00081681013
  -35.23139, 0.000691362, 0.00081736819
  -35.23139, 0.001003842, 0.00081736819
  -35.23139, 0.000765576, 0.00081736819
  -35.23139, 0.000730422, 0.00081736819
  -35.23139, 0.001136646, 0.00081736819
  -35.23139, 0.000656208, 0.00081736819
  -35.23139, 0.00070308, 0.00081736819
  -35.23139, 0.000601524, 0.00081736819
  -35.224935, 0.000808542, 0.0008179265
  -35.224935, 0.000812448, 0.0008179265
  -35.224935, 0.000910098, 0.0008179265
  -35.224935, 0.000886662, 0.0008179265
  -35.224935, 0.00076167, 0.0008179265
  -35.224935, 0.000902286, 0.0008179265
  -35.224935, 0.001027278, 0.0008179265
  -35.224935, 0.001019466, 0.0008179265
  -35.224935, 0.000910098, 0.0008179265
  -35.21848, 0.000667926, 0.00081848504
  -35.21848, 0.000871038, 0.00081848504
  -35.21848, 0.000706986, 0.00081848504
  -35.21848, 0.000988218, 0.00081848504
  -35.21848, 0.000914004, 0.00081848504
  -35.21848, 0.000746046, 0.00081848504
  -35.21848, 0.000593712, 0.00081848504
  -35.21848, 0.000941346, 0.00081848504
  -35.21848, 0.000691362, 0.00081848504
  -35.21848, 0.000831978, 0.00081848504
  -35.21848, 0.000902286, 0.00081848504
  -35.21848, 0.000812448, 0.00081848504
  -35.212025, 0.000914004, 0.00081904381
  -35.212025, 0.000843696, 0.00081904381
  -35.212025, 0.001066338, 0.00081904381
  -35.212025, 0.001042902, 0.00081904381
  -35.20557, 0.001058526, 0.00081960283
  -35.20557, 0.000929628, 0.00081960283
  -35.20557, 0.000773388, 0.00081960283
  -35.20557, 0.000613242, 0.00081960283
  -35.20557, 0.000628866, 0.00081960283
  -35.20557, 0.00091791, 0.00081960283
  -35.199115, 0.000796824, 0.00082016208
  -35.199115, 0.000867132, 0.00082016208
  -35.199115, 0.000953064, 0.00082016208
  -35.199115, 0.00087885, 0.00082016208
  -35.199115, 0.000925722, 0.00082016208
  -35.199115, 0.001105398, 0.00082016208
  -35.19266, 0.000972594, 0.00082072157
  -35.19266, 0.00054684, 0.00082072157
  -35.19266, 0.000921816, 0.00082072157
  -35.19266, 0.000796824, 0.00082072157
  -35.19266, 0.000796824, 0.00082072157
  -35.19266, 0.00119133, 0.00082072157
  -35.19266, 0.000726516, 0.00082072157
  -35.186205, 0.000953064, 0.00082128129
  -35.186205, 0.001042902, 0.00082128129
  -35.186205, 0.00074214, 0.00082128129
  -35.186205, 0.000945252, 0.00082128129
  -35.186205, 0.000964782, 0.00082128129
  -35.186205, 0.0007812, 0.00082128129
  -35.186205, 0.001007748, 0.00082128129
  -35.186205, 0.000726516, 0.00082128129
  -35.17975, 0.000773388, 0.00082184126
  -35.17975, 0.000714798, 0.00082184126
  -35.17975, 0.000882756, 0.00082184126
  -35.17975, 0.0007812, 0.00082184126
  -35.17975, 0.00091791, 0.00082184126
  -35.17975, 0.00072261, 0.00082184126
  -35.173295, 0.000980406, 0.00082240146
  -35.173295, 0.00099603, 0.00082240146
  -35.173295, 0.000988218, 0.00082240146
  -35.173295, 0.000953064, 0.00082240146
  -35.173295, 0.000851508, 0.00082240146
  -35.173295, 0.000765576, 0.00082240146
  -35.173295, 0.000886662, 0.00082240146
  -35.173295, 0.000812448, 0.00082240146
  -35.173295, 0.00085932, 0.00082240146
  -35.173295, 0.000667926, 0.00082240146
  -35.173295, 0.000542934, 0.00082240146
  -35.173295, 0.000753858, 0.00082240146
  -35.173295, 0.00085932, 0.00082240146
  -35.173295, 0.000867132, 0.00082240146
  -35.173295, 0.000906192, 0.00082240146
  -35.173295, 0.001023372, 0.00082240146
  -35.173295, 0.00056637, 0.00082240146
  -35.173295, 0.000667926, 0.00082240146
  -35.173295, 0.000730422, 0.00082240146
  -35.173295, 0.000785106, 0.00082240146
  -35.16684, 0.000562464, 0.00082296189
  -35.16684, 0.000906192, 0.00082296189
  -35.16684, 0.00070308, 0.00082296189
  -35.16684, 0.000714798, 0.00082296189
  -35.16684, 0.000960876, 0.00082296189
  -35.16684, 0.000738234, 0.00082296189
  -35.16684, 0.000792918, 0.00082296189
  -35.16684, 0.001058526, 0.00082296189
  -35.16684, 0.00068355, 0.00082296189
  -35.16684, 0.000804636, 0.00082296189
  -35.16684, 0.001023372, 0.00082296189
  -35.16684, 0.00109368, 0.00082296189
  -35.160385, 0.000816354, 0.00082352257
  -35.160385, 0.000679644, 0.00082352257
  -35.160385, 0.00080073, 0.00082352257
  -35.160385, 0.000894474, 0.00082352257
  -35.160385, 0.000765576, 0.00082352257
  -35.160385, 0.000945252, 0.00082352257
  -35.160385, 0.000660114, 0.00082352257
  -35.160385, 0.001023372, 0.00082352257
  -35.160385, 0.000933534, 0.00082352257
  -35.160385, 0.000972594, 0.00082352257
  -35.160385, 0.001148364, 0.00082352257
  -35.160385, 0.00101556, 0.00082352257
  -35.160385, 0.000730422, 0.00082352257
  -35.160385, 0.000824166, 0.00082352257
  -35.160385, 0.00080073, 0.00082352257
  -35.15393, 0.00076167, 0.00082408348
  -35.15393, 0.00074214, 0.00082408348
  -35.15393, 0.001007748, 0.00082408348
  -35.15393, 0.00082026, 0.00082408348
  -35.15393, 0.001058526, 0.00082408348
  -35.15393, 0.001027278, 0.00082408348
  -35.15393, 0.00115227, 0.00082408348
  -35.147475, 0.001085868, 0.00082464463
  -35.147475, 0.000757764, 0.00082464463
  -35.147475, 0.000882756, 0.00082464463
  -35.147475, 0.000874944, 0.00082464463
  -35.14102, 0.000812448, 0.00082520601
  -35.14102, 0.000749952, 0.00082520601
  -35.14102, 0.000999936, 0.00082520601
  -35.134565, 0.00080073, 0.00082576764
  -35.134565, 0.000695268, 0.00082576764
  -35.134565, 0.000757764, 0.00082576764
  -35.12811, 0.000847602, 0.0008263295
  -35.12811, 0.000828072, 0.0008263295
  -35.12811, 0.000906192, 0.0008263295
  -35.12811, 0.0007812, 0.0008263295
  -35.12811, 0.000886662, 0.0008263295
  -35.12811, 0.000769482, 0.0008263295
  -35.12811, 0.000804636, 0.0008263295
  -35.12811, 0.000890568, 0.0008263295
  -35.121655, 0.000882756, 0.0008268916
  -35.121655, 0.000867132, 0.0008268916
  -35.1152, 0.000941346, 0.00082745393
  -35.108745, 0.00074214, 0.00082801651
  -35.108745, 0.0007812, 0.00082801651
  -35.108745, 0.000831978, 0.00082801651
  -35.10229, 0.0005859, 0.00082857932
  -35.10229, 0.00101556, 0.00082857932
  -35.095835, 0.000812448, 0.00082914236
  -35.095835, 0.000835884, 0.00082914236
  -35.095835, 0.000910098, 0.00082914236
  -35.08938, 0.000808542, 0.00082970565
  -35.08938, 0.000640584, 0.00082970565
  -35.08938, 0.000648396, 0.00082970565
  -35.082925, 0.000933534, 0.00083026917
  -35.082925, 0.000906192, 0.00083026917
  -35.07647, 0.00087885, 0.00083083293
  -35.07647, 0.000843696, 0.00083083293
  -35.07647, 0.00095697, 0.00083083293
  -35.07647, 0.000945252, 0.00083083293
  -35.07647, 0.000687456, 0.00083083293
  -35.06356, 0.000914004, 0.00083196117
  -35.06356, 0.000773388, 0.00083196117
  -35.06356, 0.001023372, 0.00083196117
  -35.06356, 0.000714798, 0.00083196117
  -35.057105, 0.000933534, 0.00083252564
  -35.057105, 0.00070308, 0.00083252564
  -35.057105, 0.000656208, 0.00083252564
  -35.057105, 0.000851508, 0.00083252564
  -35.057105, 0.000597618, 0.00083252564
  -35.05065, 0.000886662, 0.00083309035
  -35.05065, 0.000871038, 0.00083309035
  -35.05065, 0.000562464, 0.00083309035
  -35.05065, 0.000753858, 0.00083309035
  -35.05065, 0.000804636, 0.00083309035
  -35.05065, 0.000906192, 0.00083309035
  -35.044195, 0.000773388, 0.0008336553
  -35.044195, 0.000828072, 0.0008336553
  -35.044195, 0.000960876, 0.0008336553
  -35.044195, 0.00052731, 0.0008336553
  -35.03774, 0.000812448, 0.00083422049
  -35.03774, 0.0007812, 0.00083422049
  -35.03774, 0.00085932, 0.00083422049
  -35.03774, 0.000789012, 0.00083422049
  -35.03774, 0.000828072, 0.00083422049
  -35.03774, 0.000765576, 0.00083422049
  -35.03774, 0.000804636, 0.00083422049
  -35.03774, 0.000847602, 0.00083422049
  -35.031285, 0.000718704, 0.00083478592
  -35.031285, 0.000710892, 0.00083478592
  -35.031285, 0.000910098, 0.00083478592
  -35.031285, 0.000667926, 0.00083478592
  -35.031285, 0.00062496, 0.00083478592
  -35.031285, 0.001038996, 0.00083478592
  -35.02483, 0.000812448, 0.00083535158
  -35.02483, 0.001234296, 0.00083535158
  -35.02483, 0.000554652, 0.00083535158
  -35.02483, 0.000812448, 0.00083535158
  -35.018375, 0.00091791, 0.00083591748
  -35.018375, 0.000753858, 0.00083591748
  -35.018375, 0.001070244, 0.00083591748
  -35.018375, 0.00074214, 0.00083591748
  -35.018375, 0.000749952, 0.00083591748
  -35.018375, 0.00089838, 0.00083591748
  -35.018375, 0.000746046, 0.00083591748
  -35.018375, 0.000773388, 0.00083591748
  -35.01192, 0.00082026, 0.00083648362
  -35.01192, 0.000777294, 0.00083648362
  -35.005465, 0.000914004, 0.00083704999
  -35.005465, 0.000660114, 0.00083704999
  -35.005465, 0.000890568, 0.00083704999
  -35.005465, 0.000773388, 0.00083704999
  -35.005465, 0.000765576, 0.00083704999
  -34.99901, 0.000628866, 0.00083761661
  -34.99901, 0.0007812, 0.00083761661
  -34.99901, 0.000785106, 0.00083761661
  -34.99901, 0.00080073, 0.00083761661
  -34.99901, 0.000882756, 0.00083761661
  -34.99901, 0.000785106, 0.00083761661
  -34.99901, 0.001160082, 0.00083761661
  -34.99901, 0.001011654, 0.00083761661
  -34.99901, 0.00095697, 0.00083761661
  -34.99901, 0.000886662, 0.00083761661
  -34.99901, 0.000726516, 0.00083761661
  -34.992555, 0.000769482, 0.00083818346
  -34.992555, 0.001023372, 0.00083818346
  -34.992555, 0.000914004, 0.00083818346
  -34.992555, 0.000636678, 0.00083818346
  -34.992555, 0.000816354, 0.00083818346
  -34.992555, 0.000890568, 0.00083818346
  -34.992555, 0.001050714, 0.00083818346
  -34.992555, 0.000851508, 0.00083818346
  -34.992555, 0.0009765, 0.00083818346
  -34.992555, 0.001003842, 0.00083818346
  -34.992555, 0.000855414, 0.00083818346
  -34.992555, 0.000925722, 0.00083818346
  -34.992555, 0.000749952, 0.00083818346
  -34.992555, 0.001066338, 0.00083818346
  -34.992555, 0.000847602, 0.00083818346
  -34.9861, 0.000894474, 0.00083875055
  -34.9861, 0.000949158, 0.00083875055
  -34.9861, 0.00095697, 0.00083875055
  -34.9861, 0.000874944, 0.00083875055
  -34.9861, 0.000894474, 0.00083875055
  -34.9861, 0.000851508, 0.00083875055
  -34.9861, 0.000914004, 0.00083875055
  -34.9861, 0.000882756, 0.00083875055
  -34.9861, 0.00064449, 0.00083875055
  -34.9861, 0.000855414, 0.00083875055
  -34.9861, 0.000808542, 0.00083875055
  -34.9861, 0.00087885, 0.00083875055
  -34.9861, 0.000921816, 0.00083875055
  -34.9861, 0.000757764, 0.00083875055
  -34.9861, 0.000828072, 0.00083875055
  -34.979645, 0.000851508, 0.00083931788
  -34.979645, 0.001011654, 0.00083931788
  -34.979645, 0.000882756, 0.00083931788
  -34.979645, 0.000831978, 0.00083931788
  -34.979645, 0.000593712, 0.00083931788
  -34.979645, 0.000886662, 0.00083931788
  -34.979645, 0.000777294, 0.00083931788
  -34.979645, 0.001042902, 0.00083931788
  -34.979645, 0.00091791, 0.00083931788
  -34.979645, 0.000757764, 0.00083931788
  -34.979645, 0.001070244, 0.00083931788
  -34.979645, 0.000851508, 0.00083931788
  -34.979645, 0.00085932, 0.00083931788
  -34.97319, 0.00056637, 0.00083988545
  -34.97319, 0.000785106, 0.00083988545
  -34.97319, 0.000847602, 0.00083988545
  -34.97319, 0.000847602, 0.00083988545
  -34.97319, 0.000792918, 0.00083988545
  -34.97319, 0.000910098, 0.00083988545
  -34.97319, 0.00072261, 0.00083988545
  -34.97319, 0.000855414, 0.00083988545
  -34.97319, 0.00113274, 0.00083988545
  -34.966735, 0.000554652, 0.00084045325
  -34.966735, 0.000921816, 0.00084045325
  -34.966735, 0.001003842, 0.00084045325
  -34.966735, 0.000843696, 0.00084045325
  -34.966735, 0.000941346, 0.00084045325
  -34.966735, 0.000714798, 0.00084045325
  -34.966735, 0.000851508, 0.00084045325
  -34.966735, 0.000984312, 0.00084045325
  -34.96028, 0.0007812, 0.00084102129
  -34.96028, 0.0007812, 0.00084102129
  -34.953825, 0.001007748, 0.00084158958
  -34.953825, 0.000695268, 0.00084158958
  -34.94737, 0.000472626, 0.0008421581
  -34.94737, 0.000562464, 0.0008421581
  -34.94737, 0.00070308, 0.0008421581
  -34.94737, 0.0007812, 0.0008421581
  -34.94737, 0.000710892, 0.0008421581
  -34.940915, 0.000843696, 0.00084272685
  -34.940915, 0.000960876, 0.00084272685
  -34.940915, 0.000679644, 0.00084272685
  -34.940915, 0.00066402, 0.00084272685
  -34.93446, 0.000890568, 0.00084329585
  -34.93446, 0.000632772, 0.00084329585
  -34.93446, 0.00089838, 0.00084329585
  -34.93446, 0.000652302, 0.00084329585
  -34.928005, 0.000785106, 0.00084386508
  -34.928005, 0.000925722, 0.00084386508
  -34.928005, 0.000984312, 0.00084386508
  -34.92155, 0.00089838, 0.00084443456
  -34.92155, 0.00089838, 0.00084443456
  -34.92155, 0.000816354, 0.00084443456
  -34.92155, 0.00099603, 0.00084443456
  -34.915095, 0.000902286, 0.00084500427
  -34.915095, 0.000831978, 0.00084500427
  -34.90864, 0.000847602, 0.00084557421
  -34.90864, 0.000824166, 0.00084557421
  -34.90864, 0.001097586, 0.00084557421
  -34.902185, 0.000773388, 0.0008461444
  -34.902185, 0.000816354, 0.0008461444
  -34.902185, 0.00089838, 0.0008461444
  -34.902185, 0.001038996, 0.0008461444
  -34.902185, 0.00083979, 0.0008461444
  -34.902185, 0.000718704, 0.0008461444
  -34.89573, 0.000765576, 0.00084671483
  -34.89573, 0.000785106, 0.00084671483
  -34.89573, 0.001046808, 0.00084671483
  -34.89573, 0.000831978, 0.00084671483
  -34.89573, 0.00060543, 0.00084671483
  -34.889275, 0.000812448, 0.00084728549
  -34.889275, 0.000613242, 0.00084728549
  -34.889275, 0.00089838, 0.00084728549
  -34.889275, 0.000746046, 0.00084728549
  -34.88282, 0.000796824, 0.0008478564
  -34.88282, 0.001027278, 0.0008478564
  -34.88282, 0.000999936, 0.0008478564
  -34.88282, 0.000617148, 0.0008478564
  -34.88282, 0.000929628, 0.0008478564
  -34.88282, 0.000699174, 0.0008478564
  -34.88282, 0.000882756, 0.0008478564
  -34.876365, 0.000773388, 0.00084842754
  -34.876365, 0.000769482, 0.00084842754
  -34.876365, 0.001101492, 0.00084842754
  -34.876365, 0.000777294, 0.00084842754
  -34.876365, 0.001003842, 0.00084842754
  -34.876365, 0.000929628, 0.00084842754
  -34.86991, 0.001011654, 0.00084899892
  -34.86991, 0.000902286, 0.00084899892
  -34.86991, 0.00099603, 0.00084899892
  -34.86991, 0.000945252, 0.00084899892
  -34.863455, 0.000808542, 0.00084957054
  -34.863455, 0.000831978, 0.00084957054
  -34.863455, 0.000910098, 0.00084957054
  -34.863455, 0.00095697, 0.00084957054
  -34.863455, 0.00091791, 0.00084957054
  -34.863455, 0.00099603, 0.00084957054
  -34.863455, 0.000718704, 0.00084957054
  -34.857, 0.000789012, 0.00085014239
  -34.857, 0.000749952, 0.00085014239
  -34.857, 0.000828072, 0.00085014239
  -34.850545, 0.001117116, 0.00085071449
  -34.850545, 0.000718704, 0.00085071449
  -34.850545, 0.001031184, 0.00085071449
  -34.850545, 0.000792918, 0.00085071449
  -34.850545, 0.000847602, 0.00085071449
  -34.850545, 0.001105398, 0.00085071449
  -34.84409, 0.000894474, 0.00085128682
  -34.84409, 0.000695268, 0.00085128682
  -34.84409, 0.000714798, 0.00085128682
  -34.837635, 0.00089838, 0.00085185939
  -34.83118, 0.000964782, 0.00085243221
  -34.83118, 0.00066402, 0.00085243221
  -34.83118, 0.0007812, 0.00085243221
  -34.83118, 0.000753858, 0.00085243221
  -34.83118, 0.001050714, 0.00085243221
  -34.83118, 0.00080073, 0.00085243221
  -34.81827, 0.000746046, 0.00085357855
  -34.81827, 0.000984312, 0.00085357855
  -34.81827, 0.000679644, 0.00085357855
  -34.81827, 0.001117116, 0.00085357855
  -34.81827, 0.00074214, 0.00085357855
  -34.811815, 0.000710892, 0.00085415207
  -34.811815, 0.000941346, 0.00085415207
  -34.811815, 0.00064449, 0.00085415207
  -34.811815, 0.000855414, 0.00085415207
  -34.80536, 0.000867132, 0.00085472584
  -34.80536, 0.001062432, 0.00085472584
  -34.80536, 0.000835884, 0.00085472584
  -34.80536, 0.00062496, 0.00085472584
  -34.80536, 0.000706986, 0.00085472584
  -34.798905, 0.000816354, 0.00085529985
  -34.79245, 0.000992124, 0.00085587409
  -34.79245, 0.000886662, 0.00085587409
  -34.79245, 0.000894474, 0.00085587409
  -34.79245, 0.000718704, 0.00085587409
  -34.79245, 0.000945252, 0.00085587409
  -34.79245, 0.000882756, 0.00085587409
  -34.79245, 0.000765576, 0.00085587409
  -34.785995, 0.000636678, 0.00085644857
  -34.77954, 0.000894474, 0.00085702329
  -34.77954, 0.000804636, 0.00085702329
  -34.77954, 0.000828072, 0.00085702329
  -34.77954, 0.000726516, 0.00085702329
  -34.77954, 0.000792918, 0.00085702329
  -34.77954, 0.00070308, 0.00085702329
  -34.77954, 0.00060543, 0.00085702329
  -34.773085, 0.00083979, 0.00085759826
  -34.773085, 0.001058526, 0.00085759826
  -34.773085, 0.000609336, 0.00085759826
  -34.773085, 0.00062496, 0.00085759826
  -34.773085, 0.00103509, 0.00085759826
  -34.76663, 0.000847602, 0.00085817346
  -34.760175, 0.00062496, 0.00085874889
  -34.75372, 0.00064449, 0.00085932457
  -34.75372, 0.001124928, 0.00085932457
  -34.747265, 0.000855414, 0.00085990049
  -34.747265, 0.000980406, 0.00085990049
  -34.747265, 0.000632772, 0.00085990049
  -34.74081, 0.000812448, 0.00086047664
  -34.74081, 0.000953064, 0.00086047664
  -34.74081, 0.000757764, 0.00086047664
  -34.74081, 0.000921816, 0.00086047664
  -34.734355, 0.000828072, 0.00086105304
  -34.734355, 0.000882756, 0.00086105304
  -34.734355, 0.000652302, 0.00086105304
  -34.734355, 0.000816354, 0.00086105304
  -34.734355, 0.00093744, 0.00086105304
  -34.734355, 0.000831978, 0.00086105304
  -34.7279, 0.000890568, 0.00086162967
  -34.7279, 0.00060543, 0.00086162967
  -34.7279, 0.000980406, 0.00086162967
  -34.7279, 0.000925722, 0.00086162967
  -34.7279, 0.000804636, 0.00086162967
  -34.7279, 0.000988218, 0.00086162967
  -34.721445, 0.000945252, 0.00086220655
  -34.71499, 0.000925722, 0.00086278366
  -34.71499, 0.000855414, 0.00086278366
  -34.71499, 0.00109368, 0.00086278366
  -34.708535, 0.000671832, 0.00086336101
  -34.708535, 0.00089838, 0.00086336101
  -34.708535, 0.000867132, 0.00086336101
  -34.708535, 0.00066402, 0.00086336101
  -34.70208, 0.000980406, 0.0008639386
  -34.70208, 0.000925722, 0.0008639386
  -34.70208, 0.000765576, 0.0008639386
  -34.70208, 0.000679644, 0.0008639386
  -34.70208, 0.000871038, 0.0008639386
  -34.70208, 0.000804636, 0.0008639386
  -34.695625, 0.000941346, 0.00086451643
  -34.695625, 0.000656208, 0.00086451643
  -34.68917, 0.000710892, 0.0008650945
  -34.68917, 0.000847602, 0.0008650945
  -34.682715, 0.000691362, 0.00086567281
  -34.682715, 0.00099603, 0.00086567281
  -34.682715, 0.000667926, 0.00086567281
  -34.682715, 0.0005859, 0.00086567281
  -34.682715, 0.00093744, 0.00086567281
  -34.682715, 0.00093744, 0.00086567281
  -34.67626, 0.000660114, 0.00086625135
  -34.67626, 0.00105462, 0.00086625135
  -34.67626, 0.00095697, 0.00086625135
  -34.67626, 0.000777294, 0.00086625135
  -34.67626, 0.00080073, 0.00086625135
  -34.67626, 0.000746046, 0.00086625135
  -34.67626, 0.000519498, 0.00086625135
  -34.67626, 0.000792918, 0.00086625135
  -34.669805, 0.00080073, 0.00086683014
  -34.669805, 0.000789012, 0.00086683014
  -34.669805, 0.000675738, 0.00086683014
  -34.669805, 0.000902286, 0.00086683014
  -34.669805, 0.000816354, 0.00086683014
  -34.669805, 0.000980406, 0.00086683014
  -34.669805, 0.00101556, 0.00086683014
  -34.66335, 0.001050714, 0.00086740917
  -34.66335, 0.000808542, 0.00086740917
  -34.66335, 0.000613242, 0.00086740917
  -34.66335, 0.000890568, 0.00086740917
  -34.66335, 0.000828072, 0.00086740917
  -34.66335, 0.000804636, 0.00086740917
  -34.66335, 0.000640584, 0.00086740917
  -34.656895, 0.00095697, 0.00086798843
  -34.656895, 0.0007812, 0.00086798843
  -34.656895, 0.000972594, 0.00086798843
  -34.656895, 0.000824166, 0.00086798843
  -34.656895, 0.000941346, 0.00086798843
  -34.656895, 0.000679644, 0.00086798843
  -34.65044, 0.000910098, 0.00086856794
  -34.65044, 0.00089838, 0.00086856794
  -34.65044, 0.00119133, 0.00086856794
  -34.65044, 0.000710892, 0.00086856794
  -34.65044, 0.00095697, 0.00086856794
  -34.65044, 0.000945252, 0.00086856794
  -34.65044, 0.000589806, 0.00086856794
  -34.65044, 0.000882756, 0.00086856794
  -34.65044, 0.00095697, 0.00086856794
  -34.643985, 0.00093744, 0.00086914768
  -34.643985, 0.001007748, 0.00086914768
  -34.643985, 0.001128834, 0.00086914768
  -34.643985, 0.00080073, 0.00086914768
  -34.643985, 0.000812448, 0.00086914768
  -34.643985, 0.00082026, 0.00086914768
  -34.643985, 0.000601524, 0.00086914768
  -34.643985, 0.000968688, 0.00086914768
  -34.643985, 0.000835884, 0.00086914768
  -34.643985, 0.00082026, 0.00086914768
  -34.63753, 0.000824166, 0.00086972766
  -34.63753, 0.000851508, 0.00086972766
  -34.63753, 0.000804636, 0.00086972766
  -34.63753, 0.000714798, 0.00086972766
  -34.63753, 0.000718704, 0.00086972766
  -34.63753, 0.000992124, 0.00086972766
  -34.631075, 0.00093744, 0.00087030789
  -34.631075, 0.000972594, 0.00087030789
  -34.631075, 0.000812448, 0.00087030789
  -34.631075, 0.001136646, 0.00087030789
  -34.631075, 0.00082026, 0.00087030789
  -34.631075, 0.00083979, 0.00087030789
  -34.631075, 0.001046808, 0.00087030789
  -34.631075, 0.000929628, 0.00087030789
  -34.631075, 0.000894474, 0.00087030789
  -34.631075, 0.001050714, 0.00087030789
  -34.631075, 0.000730422, 0.00087030789
  -34.631075, 0.000871038, 0.00087030789
  -34.631075, 0.000695268, 0.00087030789
  -34.62462, 0.000988218, 0.00087088835
  -34.62462, 0.000999936, 0.00087088835
  -34.62462, 0.00080073, 0.00087088835
  -34.62462, 0.000652302, 0.00087088835
  -34.62462, 0.00076167, 0.00087088835
  -34.62462, 0.00101556, 0.00087088835
  -34.62462, 0.00085932, 0.00087088835
  -34.62462, 0.000902286, 0.00087088835
  -34.62462, 0.000613242, 0.00087088835
  -34.62462, 0.001175706, 0.00087088835
  -34.62462, 0.000824166, 0.00087088835
  -34.618165, 0.000910098, 0.00087146905
  -34.618165, 0.000890568, 0.00087146905
  -34.618165, 0.001066338, 0.00087146905
  -34.618165, 0.000882756, 0.00087146905
  -34.61171, 0.000808542, 0.00087204999
  -34.61171, 0.00068355, 0.00087204999
  -34.61171, 0.000726516, 0.00087204999
  -34.61171, 0.0007812, 0.00087204999
  -34.61171, 0.001175706, 0.00087204999
  -34.61171, 0.001011654, 0.00087204999
  -34.605255, 0.000867132, 0.00087263117
  -34.605255, 0.000621054, 0.00087263117
  -34.605255, 0.001140552, 0.00087263117
  -34.605255, 0.000855414, 0.00087263117
  -34.605255, 0.000718704, 0.00087263117
  -34.5988, 0.000910098, 0.00087321259
  -34.5988, 0.000843696, 0.00087321259
  -34.5988, 0.001136646, 0.00087321259
  -34.5988, 0.000773388, 0.00087321259
  -34.5988, 0.00105462, 0.00087321259
  -34.592345, 0.000867132, 0.00087379425
  -34.592345, 0.00091791, 0.00087379425
  -34.58589, 0.000785106, 0.00087437615
  -34.58589, 0.000999936, 0.00087437615
  -34.58589, 0.000757764, 0.00087437615
  -34.58589, 0.000847602, 0.00087437615
  -34.58589, 0.000773388, 0.00087437615
  -34.579435, 0.000792918, 0.00087495829
  -34.57298, 0.00109368, 0.00087554067
  -34.57298, 0.000871038, 0.00087554067
  -34.57298, 0.00072261, 0.00087554067
  -34.57298, 0.00115227, 0.00087554067
  -34.57298, 0.00072261, 0.00087554067
  -34.57298, 0.00099603, 0.00087554067
  -34.57298, 0.001027278, 0.00087554067
  -34.57298, 0.000816354, 0.00087554067
  -34.566525, 0.000894474, 0.00087612329
  -34.566525, 0.000609336, 0.00087612329
  -34.56007, 0.000792918, 0.00087670615
  -34.56007, 0.000710892, 0.00087670615
  -34.553615, 0.000671832, 0.00087728925
  -34.553615, 0.0007812, 0.00087728925
  -34.553615, 0.001097586, 0.00087728925
  -34.553615, 0.000714798, 0.00087728925
  -34.553615, 0.000910098, 0.00087728925
  -34.54716, 0.00076167, 0.00087787258
  -34.54716, 0.00101556, 0.00087787258
  -34.54716, 0.00095697, 0.00087787258
  -34.54716, 0.001140552, 0.00087787258
  -34.54716, 0.000816354, 0.00087787258
  -34.54716, 0.000863226, 0.00087787258
  -34.540705, 0.000734328, 0.00087845616
  -34.540705, 0.00082026, 0.00087845616
  -34.540705, 0.000843696, 0.00087845616
  -34.540705, 0.000964782, 0.00087845616
  -34.540705, 0.00095697, 0.00087845616
  -34.540705, 0.000863226, 0.00087845616
  -34.540705, 0.001038996, 0.00087845616
  -34.53425, 0.000882756, 0.00087903998
  -34.53425, 0.000667926, 0.00087903998
  -34.527795, 0.000886662, 0.00087962403
  -34.527795, 0.00099603, 0.00087962403
  -34.527795, 0.00105462, 0.00087962403
  -34.527795, 0.001011654, 0.00087962403
  -34.527795, 0.000777294, 0.00087962403
  -34.527795, 0.000738234, 0.00087962403
  -34.527795, 0.000804636, 0.00087962403
  -34.527795, 0.000960876, 0.00087962403
  -34.527795, 0.0009765, 0.00087962403
  -34.52134, 0.000949158, 0.00088020833
  -34.52134, 0.000890568, 0.00088020833
  -34.52134, 0.000914004, 0.00088020833
  -34.52134, 0.000867132, 0.00088020833
  -34.52134, 0.000730422, 0.00088020833
  -34.52134, 0.000953064, 0.00088020833
  -34.52134, 0.000964782, 0.00088020833
  -34.514885, 0.001038996, 0.00088079287
  -34.514885, 0.000824166, 0.00088079287
  -34.514885, 0.000785106, 0.00088079287
  -34.514885, 0.000964782, 0.00088079287
  -34.514885, 0.000773388, 0.00088079287
  -34.514885, 0.00074214, 0.00088079287
  -34.50843, 0.000984312, 0.00088137764
  -34.50843, 0.000843696, 0.00088137764
  -34.50843, 0.000785106, 0.00088137764
  -34.50843, 0.000749952, 0.00088137764
  -34.50843, 0.00089838, 0.00088137764
  -34.50843, 0.000652302, 0.00088137764
  -34.50843, 0.000710892, 0.00088137764
  -34.50843, 0.000831978, 0.00088137764
  -34.50843, 0.000726516, 0.00088137764
  -34.50843, 0.00087885, 0.00088137764
  -34.50843, 0.001089774, 0.00088137764
  -34.50843, 0.000929628, 0.00088137764
  -34.50843, 0.000687456, 0.00088137764
  -34.50843, 0.000777294, 0.00088137764
  -34.501975, 0.001011654, 0.00088196266
  -34.501975, 0.000863226, 0.00088196266
  -34.501975, 0.00082026, 0.00088196266
  -34.501975, 0.000738234, 0.00088196266
  -34.501975, 0.001105398, 0.00088196266
  -34.501975, 0.001117116, 0.00088196266
  -34.501975, 0.001042902, 0.00088196266
  -34.501975, 0.000933534, 0.00088196266
  -34.501975, 0.0009765, 0.00088196266
  -34.49552, 0.000874944, 0.00088254792
  -34.489065, 0.000757764, 0.00088313341
  -34.489065, 0.00105462, 0.00088313341
  -34.489065, 0.000773388, 0.00088313341
  -34.48261, 0.001140552, 0.00088371915
  -34.48261, 0.00083979, 0.00088371915
  -34.48261, 0.000828072, 0.00088371915
  -34.48261, 0.000804636, 0.00088371915
  -34.476155, 0.000671832, 0.00088430512
  -34.476155, 0.00087885, 0.00088430512
  -34.4697, 0.00072261, 0.00088489134
  -34.4697, 0.000980406, 0.00088489134
  -34.4697, 0.000851508, 0.00088489134
  -34.45679, 0.000863226, 0.00088606449
  -34.45679, 0.00095697, 0.00088606449
  -34.450335, 0.000851508, 0.00088665142
  -34.450335, 0.000648396, 0.00088665142
  -34.450335, 0.00095697, 0.00088665142
  -34.450335, 0.00052731, 0.00088665142
  -34.44388, 0.001027278, 0.0008872386
  -34.44388, 0.000882756, 0.0008872386
  -34.44388, 0.000890568, 0.0008872386
  -34.437425, 0.000699174, 0.00088782601
  -34.437425, 0.000953064, 0.00088782601
  -34.424515, 0.000949158, 0.00088900157
  -34.41806, 0.00068355, 0.0008895897
  -34.41806, 0.000706986, 0.0008895897
  -34.411605, 0.000726516, 0.00089017808
  -34.40515, 0.000753858, 0.00089076669
  -34.40515, 0.000706986, 0.00089076669
  -34.40515, 0.000867132, 0.00089076669
  -34.39224, 0.000851508, 0.00089194464
  -34.39224, 0.000785106, 0.00089194464
  -34.385785, 0.000828072, 0.00089253398
  -34.37933, 0.001089774, 0.00089312356
  -34.37933, 0.000789012, 0.00089312356
  -34.372875, 0.000671832, 0.00089371337
  -34.372875, 0.000921816, 0.00089371337
  -34.372875, 0.000706986, 0.00089371337
  -34.372875, 0.000831978, 0.00089371337
  -34.372875, 0.000874944, 0.00089371337
  -34.372875, 0.001003842, 0.00089371337
  -34.372875, 0.000964782, 0.00089371337
  -34.372875, 0.000949158, 0.00089371337
  -34.36642, 0.00103509, 0.00089430343
  -34.36642, 0.000831978, 0.00089430343
  -34.36642, 0.000906192, 0.00089430343
  -34.36642, 0.000804636, 0.00089430343
  -34.36642, 0.000734328, 0.00089430343
  -34.36642, 0.00099603, 0.00089430343
  -34.36642, 0.001101492, 0.00089430343
  -34.36642, 0.000808542, 0.00089430343
  -34.36642, 0.000831978, 0.00089430343
  -34.36642, 0.00087885, 0.00089430343
  -34.36642, 0.000847602, 0.00089430343
  -34.36642, 0.000863226, 0.00089430343
  -34.36642, 0.000972594, 0.00089430343
  -34.36642, 0.000843696, 0.00089430343
  -34.36642, 0.000890568, 0.00089430343
  -34.36642, 0.000988218, 0.00089430343
  -34.36642, 0.00089838, 0.00089430343
  -34.36642, 0.001031184, 0.00089430343
  -34.36642, 0.000929628, 0.00089430343
  -34.359965, 0.000601524, 0.00089489373
  -34.359965, 0.000671832, 0.00089489373
  -34.359965, 0.000816354, 0.00089489373
  -34.359965, 0.00087885, 0.00089489373
  -34.359965, 0.000687456, 0.00089489373
  -34.359965, 0.001238202, 0.00089489373
  -34.359965, 0.001078056, 0.00089489373
  -34.359965, 0.000855414, 0.00089489373
  -34.359965, 0.000953064, 0.00089489373
  -34.35351, 0.000890568, 0.00089548427
  -34.35351, 0.000621054, 0.00089548427
  -34.35351, 0.000636678, 0.00089548427
  -34.35351, 0.000769482, 0.00089548427
  -34.35351, 0.000964782, 0.00089548427
  -34.35351, 0.000949158, 0.00089548427
  -34.35351, 0.000687456, 0.00089548427
  -34.35351, 0.000749952, 0.00089548427
  -34.347055, 0.000621054, 0.00089607504
  -34.347055, 0.001011654, 0.00089607504
  -34.347055, 0.000843696, 0.00089607504
  -34.347055, 0.000953064, 0.00089607504
  -34.347055, 0.000992124, 0.00089607504
  -34.347055, 0.000726516, 0.00089607504
  -34.347055, 0.00066402, 0.00089607504
  -34.347055, 0.00074214, 0.00089607504
  -34.347055, 0.000992124, 0.00089607504
  -34.3406, 0.000867132, 0.00089666606
  -34.3406, 0.000589806, 0.00089666606
  -34.3406, 0.00111321, 0.00089666606
  -34.3406, 0.001105398, 0.00089666606
  -34.3406, 0.00068355, 0.00089666606
  -34.3406, 0.000949158, 0.00089666606
  -34.3406, 0.001023372, 0.00089666606
  -34.3406, 0.00099603, 0.00089666606
  -34.3406, 0.00091791, 0.00089666606
  -34.3406, 0.000980406, 0.00089666606
  -34.3406, 0.00093744, 0.00089666606
  -34.3406, 0.0007812, 0.00089666606
  -34.334145, 0.000804636, 0.00089725732
  -34.334145, 0.001078056, 0.00089725732
  -34.334145, 0.001011654, 0.00089725732
  -34.334145, 0.000902286, 0.00089725732
  -34.334145, 0.000953064, 0.00089725732
  -34.334145, 0.000730422, 0.00089725732
  -34.334145, 0.000988218, 0.00089725732
  -34.334145, 0.000847602, 0.00089725732
  -34.334145, 0.00085932, 0.00089725732
  -34.334145, 0.000941346, 0.00089725732
  -34.334145, 0.000671832, 0.00089725732
  -34.334145, 0.000867132, 0.00089725732
  -34.334145, 0.000777294, 0.00089725732
  -34.32769, 0.001136646, 0.00089784882
  -34.32769, 0.001003842, 0.00089784882
  -34.32769, 0.000812448, 0.00089784882
  -34.32769, 0.000945252, 0.00089784882
  -34.321235, 0.001234296, 0.00089844056
  -34.321235, 0.000734328, 0.00089844056
  -34.321235, 0.00080073, 0.00089844056
  -34.321235, 0.000964782, 0.00089844056
  -34.321235, 0.000968688, 0.00089844056
  -34.321235, 0.00111321, 0.00089844056
  -34.321235, 0.001070244, 0.00089844056
  -34.321235, 0.00080073, 0.00089844056
  -34.31478, 0.000749952, 0.00089903254
  -34.31478, 0.000847602, 0.00089903254
  -34.31478, 0.000789012, 0.00089903254
  -34.31478, 0.00099603, 0.00089903254
  -34.31478, 0.00082026, 0.00089903254
  -34.31478, 0.001011654, 0.00089903254
  -34.31478, 0.00095697, 0.00089903254
  -34.308325, 0.000941346, 0.00089962476
  -34.308325, 0.000890568, 0.00089962476
  -34.308325, 0.001027278, 0.00089962476
  -34.308325, 0.00121086, 0.00089962476
  -34.30187, 0.000828072, 0.00090021722
  -34.30187, 0.000714798, 0.00090021722
  -34.30187, 0.001038996, 0.00090021722
  -34.30187, 0.000769482, 0.00090021722
  -34.295415, 0.00085932, 0.00090080992
  -34.295415, 0.000949158, 0.00090080992
  -34.295415, 0.00089838, 0.00090080992
  -34.295415, 0.000933534, 0.00090080992
  -34.295415, 0.000964782, 0.00090080992
  -34.295415, 0.000921816, 0.00090080992
  -34.295415, 0.000886662, 0.00090080992
  -34.295415, 0.000902286, 0.00090080992
  -34.295415, 0.000753858, 0.00090080992
  -34.295415, 0.000925722, 0.00090080992
  -34.28896, 0.000980406, 0.00090140286
  -34.28896, 0.000867132, 0.00090140286
  -34.28896, 0.000746046, 0.00090140286
  -34.28896, 0.000749952, 0.00090140286
  -34.28896, 0.000867132, 0.00090140286
  -34.28896, 0.000828072, 0.00090140286
  -34.28896, 0.000831978, 0.00090140286
  -34.28896, 0.000785106, 0.00090140286
  -34.28896, 0.000816354, 0.00090140286
  -34.28896, 0.000902286, 0.00090140286
  -34.28896, 0.001003842, 0.00090140286
  -34.28896, 0.001085868, 0.00090140286
  -34.28896, 0.000882756, 0.00090140286
  -34.28896, 0.000867132, 0.00090140286
  -34.28896, 0.000925722, 0.00090140286
  -34.28896, 0.000992124, 0.00090140286
  -34.28896, 0.000871038, 0.00090140286
  -34.282505, 0.000984312, 0.00090199604
  -34.282505, 0.00119133, 0.00090199604
  -34.282505, 0.00093744, 0.00090199604
  -34.282505, 0.000925722, 0.00090199604
  -34.282505, 0.000921816, 0.00090199604
  -34.282505, 0.000824166, 0.00090199604
  -34.282505, 0.000687456, 0.00090199604
  -34.282505, 0.001038996, 0.00090199604
  -34.282505, 0.001105398, 0.00090199604
  -34.282505, 0.000992124, 0.00090199604
  -34.282505, 0.000949158, 0.00090199604
  -34.282505, 0.000933534, 0.00090199604
  -34.282505, 0.00101556, 0.00090199604
  -34.282505, 0.000734328, 0.00090199604
  -34.282505, 0.000999936, 0.00090199604
  -34.282505, 0.00101556, 0.00090199604
  -34.282505, 0.000792918, 0.00090199604
  -34.282505, 0.000847602, 0.00090199604
  -34.27605, 0.00091791, 0.00090258946
  -34.27605, 0.000710892, 0.00090258946
  -34.27605, 0.000847602, 0.00090258946
  -34.27605, 0.000886662, 0.00090258946
  -34.27605, 0.000929628, 0.00090258946
  -34.27605, 0.000792918, 0.00090258946
  -34.27605, 0.000812448, 0.00090258946
  -34.27605, 0.000851508, 0.00090258946
  -34.27605, 0.000753858, 0.00090258946
  -34.27605, 0.001007748, 0.00090258946
  -34.27605, 0.000980406, 0.00090258946
  -34.27605, 0.00091791, 0.00090258946
  -34.27605, 0.000999936, 0.00090258946
  -34.27605, 0.000679644, 0.00090258946
  -34.27605, 0.001003842, 0.00090258946
  -34.27605, 0.000968688, 0.00090258946
  -34.27605, 0.00066402, 0.00090258946
  -34.27605, 0.000738234, 0.00090258946
  -34.27605, 0.000882756, 0.00090258946
  -34.27605, 0.000847602, 0.00090258946
  -34.27605, 0.000746046, 0.00090258946
  -34.269595, 0.000945252, 0.00090318312
  -34.269595, 0.001011654, 0.00090318312
  -34.269595, 0.000695268, 0.00090318312
  -34.269595, 0.001222578, 0.00090318312
  -34.269595, 0.000914004, 0.00090318312
  -34.269595, 0.000953064, 0.00090318312
  -34.269595, 0.000992124, 0.00090318312
  -34.269595, 0.000906192, 0.00090318312
  -34.269595, 0.001175706, 0.00090318312
  -34.269595, 0.000812448, 0.00090318312
  -34.269595, 0.00062496, 0.00090318312
  -34.269595, 0.000882756, 0.00090318312
  -34.269595, 0.000941346, 0.00090318312
  -34.269595, 0.000874944, 0.00090318312
  -34.269595, 0.000785106, 0.00090318312
  -34.269595, 0.000925722, 0.00090318312
  -34.269595, 0.000831978, 0.00090318312
  -34.26314, 0.00093744, 0.00090377703
  -34.26314, 0.000835884, 0.00090377703
  -34.26314, 0.000824166, 0.00090377703
  -34.26314, 0.001085868, 0.00090377703
  -34.26314, 0.001081962, 0.00090377703
  -34.26314, 0.001078056, 0.00090377703
  -34.26314, 0.000835884, 0.00090377703
  -34.26314, 0.000757764, 0.00090377703
  -34.26314, 0.000894474, 0.00090377703
  -34.26314, 0.000890568, 0.00090377703
  -34.26314, 0.001062432, 0.00090377703
  -34.26314, 0.001027278, 0.00090377703
  -34.26314, 0.001050714, 0.00090377703
  -34.26314, 0.000816354, 0.00090377703
  -34.26314, 0.000765576, 0.00090377703
  -34.26314, 0.000695268, 0.00090377703
  -34.26314, 0.001046808, 0.00090377703
  -34.26314, 0.000874944, 0.00090377703
  -34.256685, 0.000816354, 0.00090437117
  -34.256685, 0.000808542, 0.00090437117
  -34.256685, 0.000972594, 0.00090437117
  -34.256685, 0.000753858, 0.00090437117
  -34.256685, 0.000890568, 0.00090437117
  -34.256685, 0.000656208, 0.00090437117
  -34.256685, 0.000687456, 0.00090437117
  -34.256685, 0.000980406, 0.00090437117
  -34.256685, 0.000988218, 0.00090437117
  -34.256685, 0.001081962, 0.00090437117
  -34.256685, 0.000738234, 0.00090437117
  -34.256685, 0.000831978, 0.00090437117
  -34.256685, 0.001038996, 0.00090437117
  -34.256685, 0.001023372, 0.00090437117
  -34.256685, 0.001355382, 0.00090437117
  -34.256685, 0.000867132, 0.00090437117
  -34.256685, 0.001128834, 0.00090437117
  -34.256685, 0.000570276, 0.00090437117
  -34.256685, 0.000816354, 0.00090437117
  -34.256685, 0.000835884, 0.00090437117
  -34.256685, 0.000914004, 0.00090437117
  -34.256685, 0.000914004, 0.00090437117
  -34.256685, 0.000808542, 0.00090437117
  -34.256685, 0.0009765, 0.00090437117
  -34.256685, 0.000831978, 0.00090437117
  -34.256685, 0.000777294, 0.00090437117
  -34.256685, 0.001183518, 0.00090437117
  -34.256685, 0.001070244, 0.00090437117
  -34.256685, 0.000980406, 0.00090437117
  -34.256685, 0.000921816, 0.00090437117
  -34.256685, 0.000871038, 0.00090437117
  -34.256685, 0.000945252, 0.00090437117
  -34.256685, 0.000667926, 0.00090437117
  -34.25023, 0.000968688, 0.00090496555
  -34.25023, 0.000710892, 0.00090496555
  -34.25023, 0.000992124, 0.00090496555
  -34.25023, 0.000785106, 0.00090496555
  -34.25023, 0.000894474, 0.00090496555
  -34.25023, 0.001046808, 0.00090496555
  -34.25023, 0.000949158, 0.00090496555
  -34.25023, 0.000988218, 0.00090496555
  -34.25023, 0.000960876, 0.00090496555
  -34.25023, 0.000949158, 0.00090496555
  -34.25023, 0.000812448, 0.00090496555
  -34.25023, 0.000921816, 0.00090496555
  -34.25023, 0.00080073, 0.00090496555
  -34.25023, 0.00083979, 0.00090496555
  -34.25023, 0.000804636, 0.00090496555
  -34.25023, 0.000929628, 0.00090496555
  -34.25023, 0.000753858, 0.00090496555
  -34.243775, 0.000988218, 0.00090556018
  -34.243775, 0.001019466, 0.00090556018
  -34.243775, 0.000769482, 0.00090556018
  -34.243775, 0.00103509, 0.00090556018
  -34.243775, 0.000894474, 0.00090556018
  -34.243775, 0.001136646, 0.00090556018
  -34.243775, 0.001050714, 0.00090556018
  -34.243775, 0.00089838, 0.00090556018
  -34.243775, 0.000792918, 0.00090556018
  -34.243775, 0.001050714, 0.00090556018
  -34.243775, 0.001101492, 0.00090556018
  -34.243775, 0.000871038, 0.00090556018
  -34.243775, 0.000613242, 0.00090556018
  -34.243775, 0.000835884, 0.00090556018
  -34.243775, 0.000992124, 0.00090556018
  -34.243775, 0.000992124, 0.00090556018
  -34.243775, 0.001081962, 0.00090556018
  -34.243775, 0.0009765, 0.00090556018
  -34.243775, 0.000843696, 0.00090556018
  -34.243775, 0.000816354, 0.00090556018
  -34.23732, 0.001109304, 0.00090615504
  -34.23732, 0.001031184, 0.00090615504
  -34.23732, 0.000953064, 0.00090615504
  -34.23732, 0.001050714, 0.00090615504
  -34.23732, 0.000656208, 0.00090615504
  -34.23732, 0.000831978, 0.00090615504
  -34.23732, 0.000792918, 0.00090615504
  -34.23732, 0.001089774, 0.00090615504
  -34.23732, 0.000921816, 0.00090615504
  -34.23732, 0.000593712, 0.00090615504
  -34.23732, 0.000753858, 0.00090615504
  -34.23732, 0.000824166, 0.00090615504
  -34.23732, 0.0009765, 0.00090615504
  -34.23732, 0.000746046, 0.00090615504
  -34.23732, 0.000953064, 0.00090615504
  -34.23732, 0.000925722, 0.00090615504
  -34.230865, 0.00099603, 0.00090675015
  -34.230865, 0.001038996, 0.00090675015
  -34.230865, 0.001062432, 0.00090675015
  -34.230865, 0.000847602, 0.00090675015
  -34.230865, 0.000792918, 0.00090675015
  -34.230865, 0.000949158, 0.00090675015
  -34.230865, 0.000960876, 0.00090675015
  -34.230865, 0.000855414, 0.00090675015
  -34.230865, 0.001136646, 0.00090675015
  -34.230865, 0.001167894, 0.00090675015
  -34.230865, 0.00076167, 0.00090675015
  -34.230865, 0.000890568, 0.00090675015
  -34.230865, 0.001121022, 0.00090675015
  -34.230865, 0.000941346, 0.00090675015
  -34.230865, 0.000769482, 0.00090675015
  -34.230865, 0.000925722, 0.00090675015
  -34.230865, 0.000960876, 0.00090675015
  -34.230865, 0.001105398, 0.00090675015
  -34.230865, 0.000824166, 0.00090675015
  -34.230865, 0.000886662, 0.00090675015
  -34.230865, 0.001050714, 0.00090675015
  -34.230865, 0.00085932, 0.00090675015
  -34.230865, 0.001081962, 0.00090675015
  -34.230865, 0.001218672, 0.00090675015
  -34.22441, 0.001089774, 0.00090734549
  -34.22441, 0.001058526, 0.00090734549
  -34.22441, 0.00107415, 0.00090734549
  -34.22441, 0.000890568, 0.00090734549
  -34.22441, 0.00080073, 0.00090734549
  -34.22441, 0.000863226, 0.00090734549
  -34.22441, 0.000843696, 0.00090734549
  -34.22441, 0.000824166, 0.00090734549
  -34.22441, 0.000906192, 0.00090734549
  -34.22441, 0.000988218, 0.00090734549
  -34.22441, 0.0007812, 0.00090734549
  -34.22441, 0.000910098, 0.00090734549
  -34.22441, 0.000953064, 0.00090734549
  -34.22441, 0.000941346, 0.00090734549
  -34.22441, 0.000941346, 0.00090734549
  -34.22441, 0.000972594, 0.00090734549
  -34.22441, 0.000949158, 0.00090734549
  -34.22441, 0.000636678, 0.00090734549
  -34.22441, 0.001007748, 0.00090734549
  -34.22441, 0.00089838, 0.00090734549
  -34.22441, 0.00082026, 0.00090734549
  -34.22441, 0.000886662, 0.00090734549
  -34.22441, 0.00068355, 0.00090734549
  -34.22441, 0.001011654, 0.00090734549
  -34.22441, 0.001019466, 0.00090734549
  -34.22441, 0.001136646, 0.00090734549
  -34.22441, 0.000910098, 0.00090734549
  -34.22441, 0.0011718, 0.00090734549
  -34.22441, 0.000851508, 0.00090734549
  -34.22441, 0.000718704, 0.00090734549
  -34.22441, 0.000746046, 0.00090734549
  -34.217955, 0.000949158, 0.00090794108
  -34.217955, 0.000828072, 0.00090794108
  -34.217955, 0.00070308, 0.00090794108
  -34.217955, 0.00099603, 0.00090794108
  -34.217955, 0.000789012, 0.00090794108
  -34.217955, 0.001011654, 0.00090794108
  -34.217955, 0.000894474, 0.00090794108
  -34.217955, 0.00085932, 0.00090794108
  -34.217955, 0.001206954, 0.00090794108
  -34.217955, 0.00101556, 0.00090794108
  -34.217955, 0.000953064, 0.00090794108
  -34.217955, 0.000964782, 0.00090794108
  -34.217955, 0.000972594, 0.00090794108
  -34.217955, 0.000941346, 0.00090794108
  -34.217955, 0.001203048, 0.00090794108
  -34.217955, 0.001097586, 0.00090794108
  -34.217955, 0.00087885, 0.00090794108
  -34.217955, 0.000949158, 0.00090794108
  -34.217955, 0.000831978, 0.00090794108
  -34.217955, 0.000894474, 0.00090794108
  -34.217955, 0.000792918, 0.00090794108
  -34.217955, 0.000847602, 0.00090794108
  -34.217955, 0.001199142, 0.00090794108
  -34.217955, 0.000933534, 0.00090794108
  -34.217955, 0.000835884, 0.00090794108
  -34.217955, 0.001058526, 0.00090794108
  -34.217955, 0.000843696, 0.00090794108
  -34.217955, 0.001121022, 0.00090794108
  -34.217955, 0.001011654, 0.00090794108
  -34.217955, 0.001105398, 0.00090794108
  -34.217955, 0.00064449, 0.00090794108
  -34.2115, 0.00089838, 0.00090853691
  -34.2115, 0.00095697, 0.00090853691
  -34.2115, 0.000863226, 0.00090853691
  -34.2115, 0.000910098, 0.00090853691
  -34.2115, 0.001003842, 0.00090853691
  -34.2115, 0.000984312, 0.00090853691
  -34.2115, 0.000796824, 0.00090853691
  -34.2115, 0.00083979, 0.00090853691
  -34.2115, 0.00087885, 0.00090853691
  -34.2115, 0.00111321, 0.00090853691
  -34.2115, 0.000890568, 0.00090853691
  -34.2115, 0.00103509, 0.00090853691
  -34.2115, 0.001062432, 0.00090853691
  -34.2115, 0.00115227, 0.00090853691
  -34.2115, 0.00080073, 0.00090853691
  -34.2115, 0.00091791, 0.00090853691
  -34.2115, 0.000851508, 0.00090853691
  -34.2115, 0.000828072, 0.00090853691
  -34.2115, 0.000964782, 0.00090853691
  -34.2115, 0.001101492, 0.00090853691
  -34.2115, 0.000769482, 0.00090853691
  -34.205045, 0.000656208, 0.00090913297
  -34.205045, 0.000726516, 0.00090913297
  -34.205045, 0.000894474, 0.00090913297
  -34.205045, 0.001203048, 0.00090913297
  -34.205045, 0.000941346, 0.00090913297
  -34.205045, 0.000988218, 0.00090913297
  -34.205045, 0.000738234, 0.00090913297
  -34.205045, 0.000785106, 0.00090913297
  -34.205045, 0.000925722, 0.00090913297
  -34.205045, 0.000914004, 0.00090913297
  -34.205045, 0.000980406, 0.00090913297
  -34.205045, 0.000906192, 0.00090913297
  -34.205045, 0.000714798, 0.00090913297
  -34.205045, 0.000964782, 0.00090913297
  -34.205045, 0.000980406, 0.00090913297
  -34.205045, 0.000777294, 0.00090913297
  -34.205045, 0.00089838, 0.00090913297
  -34.205045, 0.001003842, 0.00090913297
  -34.205045, 0.000871038, 0.00090913297
  -34.205045, 0.000867132, 0.00090913297
  -34.205045, 0.00095697, 0.00090913297
  -34.205045, 0.000792918, 0.00090913297
  -34.205045, 0.000730422, 0.00090913297
  -34.205045, 0.001238202, 0.00090913297
  -34.205045, 0.001089774, 0.00090913297
  -34.205045, 0.001070244, 0.00090913297
  -34.205045, 0.000847602, 0.00090913297
  -34.205045, 0.00105462, 0.00090913297
  -34.19859, 0.000867132, 0.00090972928
  -34.19859, 0.000539028, 0.00090972928
  -34.19859, 0.00111321, 0.00090972928
  -34.19859, 0.00087885, 0.00090972928
  -34.19859, 0.001046808, 0.00090972928
  -34.19859, 0.000933534, 0.00090972928
  -34.19859, 0.000804636, 0.00090972928
  -34.19859, 0.001046808, 0.00090972928
  -34.19859, 0.00089838, 0.00090972928
  -34.19859, 0.00066402, 0.00090972928
  -34.19859, 0.00087885, 0.00090972928
  -34.19859, 0.000863226, 0.00090972928
  -34.19859, 0.00080073, 0.00090972928
  -34.19859, 0.000999936, 0.00090972928
  -34.19859, 0.001019466, 0.00090972928
  -34.19859, 0.000777294, 0.00090972928
  -34.19859, 0.000835884, 0.00090972928
  -34.19859, 0.00119133, 0.00090972928
  -34.19859, 0.000945252, 0.00090972928
  -34.19859, 0.000886662, 0.00090972928
  -34.19859, 0.000831978, 0.00090972928
  -34.19859, 0.000808542, 0.00090972928
  -34.19859, 0.001222578, 0.00090972928
  -34.19859, 0.001097586, 0.00090972928
  -34.19859, 0.000835884, 0.00090972928
  -34.19859, 0.000925722, 0.00090972928
  -34.192135, 0.001023372, 0.00091032583
  -34.192135, 0.001050714, 0.00091032583
  -34.192135, 0.00089838, 0.00091032583
  -34.192135, 0.001089774, 0.00091032583
  -34.192135, 0.000863226, 0.00091032583
  -34.192135, 0.001003842, 0.00091032583
  -34.192135, 0.000890568, 0.00091032583
  -34.192135, 0.00093744, 0.00091032583
  -34.192135, 0.001058526, 0.00091032583
  -34.192135, 0.001199142, 0.00091032583
  -34.192135, 0.000960876, 0.00091032583
  -34.192135, 0.000921816, 0.00091032583
  -34.192135, 0.000730422, 0.00091032583
  -34.192135, 0.000812448, 0.00091032583
  -34.192135, 0.00093744, 0.00091032583
  -34.192135, 0.000812448, 0.00091032583
  -34.192135, 0.001085868, 0.00091032583
  -34.192135, 0.001007748, 0.00091032583
  -34.192135, 0.00087885, 0.00091032583
  -34.192135, 0.000945252, 0.00091032583
  -34.192135, 0.000792918, 0.00091032583
  -34.192135, 0.00099603, 0.00091032583
  -34.18568, 0.001046808, 0.00091092262
  -34.18568, 0.001027278, 0.00091092262
  -34.18568, 0.000789012, 0.00091092262
  -34.18568, 0.000953064, 0.00091092262
  -34.18568, 0.000972594, 0.00091092262
  -34.18568, 0.00103509, 0.00091092262
  -34.18568, 0.001257732, 0.00091092262
  -34.18568, 0.000843696, 0.00091092262
  -34.18568, 0.000964782, 0.00091092262
  -34.18568, 0.001062432, 0.00091092262
  -34.18568, 0.000710892, 0.00091092262
  -34.18568, 0.000835884, 0.00091092262
  -34.18568, 0.000968688, 0.00091092262
  -34.18568, 0.000843696, 0.00091092262
  -34.18568, 0.001003842, 0.00091092262
  -34.18568, 0.000855414, 0.00091092262
  -34.18568, 0.000804636, 0.00091092262
  -34.18568, 0.000992124, 0.00091092262
  -34.18568, 0.000933534, 0.00091092262
  -34.18568, 0.000632772, 0.00091092262
  -34.18568, 0.000902286, 0.00091092262
  -34.18568, 0.000765576, 0.00091092262
  -34.18568, 0.000874944, 0.00091092262
  -34.18568, 0.000867132, 0.00091092262
  -34.18568, 0.000831978, 0.00091092262
  -34.18568, 0.000929628, 0.00091092262
  -34.18568, 0.000679644, 0.00091092262
  -34.18568, 0.001011654, 0.00091092262
  -34.18568, 0.000886662, 0.00091092262
  -34.18568, 0.000890568, 0.00091092262
  -34.18568, 0.000777294, 0.00091092262
  -34.18568, 0.00083979, 0.00091092262
  -34.18568, 0.000992124, 0.00091092262
  -34.179225, 0.001058526, 0.00091151965
  -34.179225, 0.00095697, 0.00091151965
  -34.179225, 0.001019466, 0.00091151965
  -34.179225, 0.00105462, 0.00091151965
  -34.179225, 0.000847602, 0.00091151965
  -34.179225, 0.000863226, 0.00091151965
  -34.179225, 0.0005859, 0.00091151965
  -34.179225, 0.000929628, 0.00091151965
  -34.179225, 0.000831978, 0.00091151965
  -34.179225, 0.001078056, 0.00091151965
  -34.179225, 0.000847602, 0.00091151965
  -34.179225, 0.000921816, 0.00091151965
  -34.179225, 0.000851508, 0.00091151965
  -34.179225, 0.001062432, 0.00091151965
  -34.179225, 0.001038996, 0.00091151965
  -34.179225, 0.00083979, 0.00091151965
  -34.179225, 0.000855414, 0.00091151965
  -34.179225, 0.000769482, 0.00091151965
  -34.179225, 0.000706986, 0.00091151965
  -34.179225, 0.001101492, 0.00091151965
  -34.179225, 0.0011718, 0.00091151965
  -34.179225, 0.00060543, 0.00091151965
  -34.179225, 0.000734328, 0.00091151965
  -34.179225, 0.00080073, 0.00091151965
  -34.179225, 0.000984312, 0.00091151965
  -34.179225, 0.000632772, 0.00091151965
  -34.179225, 0.00056637, 0.00091151965
  -34.179225, 0.000953064, 0.00091151965
  -34.17277, 0.000972594, 0.00091211692
  -34.17277, 0.001023372, 0.00091211692
  -34.17277, 0.000914004, 0.00091211692
  -34.17277, 0.000882756, 0.00091211692
  -34.17277, 0.000988218, 0.00091211692
  -34.17277, 0.000828072, 0.00091211692
  -34.17277, 0.000847602, 0.00091211692
  -34.17277, 0.000921816, 0.00091211692
  -34.17277, 0.000906192, 0.00091211692
  -34.17277, 0.001195236, 0.00091211692
  -34.17277, 0.00107415, 0.00091211692
  -34.17277, 0.000796824, 0.00091211692
  -34.17277, 0.000980406, 0.00091211692
  -34.17277, 0.001277262, 0.00091211692
  -34.17277, 0.00085932, 0.00091211692
  -34.17277, 0.001038996, 0.00091211692
  -34.17277, 0.00101556, 0.00091211692
  -34.17277, 0.001007748, 0.00091211692
  -34.17277, 0.00093744, 0.00091211692
  -34.17277, 0.001050714, 0.00091211692
  -34.17277, 0.000738234, 0.00091211692
  -34.17277, 0.00076167, 0.00091211692
  -34.166315, 0.000890568, 0.00091271443
  -34.166315, 0.000914004, 0.00091271443
  -34.166315, 0.000851508, 0.00091271443
  -34.166315, 0.001050714, 0.00091271443
  -34.166315, 0.00095697, 0.00091271443
  -34.166315, 0.000890568, 0.00091271443
  -34.166315, 0.000789012, 0.00091271443
  -34.166315, 0.000906192, 0.00091271443
  -34.166315, 0.000906192, 0.00091271443
  -34.166315, 0.001062432, 0.00091271443
  -34.166315, 0.000831978, 0.00091271443
  -34.166315, 0.000726516, 0.00091271443
  -34.166315, 0.001246014, 0.00091271443
  -34.166315, 0.000765576, 0.00091271443
  -34.166315, 0.000933534, 0.00091271443
  -34.166315, 0.000777294, 0.00091271443
  -34.166315, 0.00076167, 0.00091271443
  -34.166315, 0.000984312, 0.00091271443
  -34.166315, 0.000812448, 0.00091271443
  -34.166315, 0.000726516, 0.00091271443
  -34.166315, 0.00083979, 0.00091271443
  -34.166315, 0.000902286, 0.00091271443
  -34.166315, 0.001136646, 0.00091271443
  -34.166315, 0.00103509, 0.00091271443
  -34.166315, 0.00087885, 0.00091271443
  -34.166315, 0.00103509, 0.00091271443
  -34.166315, 0.000796824, 0.00091271443
  -34.166315, 0.000777294, 0.00091271443
  -34.166315, 0.000886662, 0.00091271443
  -34.15986, 0.000960876, 0.00091331219
  -34.15986, 0.001007748, 0.00091331219
  -34.15986, 0.000785106, 0.00091331219
  -34.15986, 0.000660114, 0.00091331219
  -34.15986, 0.000933534, 0.00091331219
  -34.15986, 0.001206954, 0.00091331219
  -34.15986, 0.000812448, 0.00091331219
  -34.15986, 0.00109368, 0.00091331219
  -34.15986, 0.000808542, 0.00091331219
  -34.15986, 0.000726516, 0.00091331219
  -34.15986, 0.00103509, 0.00091331219
  -34.15986, 0.00095697, 0.00091331219
  -34.15986, 0.000617148, 0.00091331219
  -34.15986, 0.001070244, 0.00091331219
  -34.15986, 0.000636678, 0.00091331219
  -34.15986, 0.000968688, 0.00091331219
  -34.15986, 0.000867132, 0.00091331219
  -34.15986, 0.000847602, 0.00091331219
  -34.15986, 0.00089838, 0.00091331219
  -34.15986, 0.00103509, 0.00091331219
  -34.15986, 0.000816354, 0.00091331219
  -34.15986, 0.000890568, 0.00091331219
  -34.15986, 0.000656208, 0.00091331219
  -34.15986, 0.0011718, 0.00091331219
  -34.15986, 0.000890568, 0.00091331219
  -34.15986, 0.000945252, 0.00091331219
  -34.15986, 0.000886662, 0.00091331219
  -34.15986, 0.000999936, 0.00091331219
  -34.15986, 0.000999936, 0.00091331219
  -34.15986, 0.000914004, 0.00091331219
  -34.15986, 0.000941346, 0.00091331219
  -34.15986, 0.00093744, 0.00091331219
  -34.153405, 0.000804636, 0.00091391018
  -34.153405, 0.001003842, 0.00091391018
  -34.153405, 0.001042902, 0.00091391018
  -34.153405, 0.001140552, 0.00091391018
  -34.153405, 0.000890568, 0.00091391018
  -34.153405, 0.000984312, 0.00091391018
  -34.153405, 0.0007812, 0.00091391018
  -34.153405, 0.000789012, 0.00091391018
  -34.153405, 0.001101492, 0.00091391018
  -34.153405, 0.000894474, 0.00091391018
  -34.153405, 0.000984312, 0.00091391018
  -34.153405, 0.00093744, 0.00091391018
  -34.153405, 0.001023372, 0.00091391018
  -34.153405, 0.00105462, 0.00091391018
  -34.153405, 0.000863226, 0.00091391018
  -34.153405, 0.000902286, 0.00091391018
  -34.153405, 0.00095697, 0.00091391018
  -34.153405, 0.000753858, 0.00091391018
  -34.153405, 0.00082026, 0.00091391018
  -34.153405, 0.000765576, 0.00091391018
  -34.153405, 0.00087885, 0.00091391018
  -34.153405, 0.001046808, 0.00091391018
  -34.153405, 0.000652302, 0.00091391018
  -34.153405, 0.001003842, 0.00091391018
  -34.153405, 0.001062432, 0.00091391018
  -34.14695, 0.000699174, 0.00091450841
  -34.14695, 0.000964782, 0.00091450841
  -34.14695, 0.000640584, 0.00091450841
  -34.14695, 0.000914004, 0.00091450841
  -34.14695, 0.00101556, 0.00091450841
  -34.14695, 0.000831978, 0.00091450841
  -34.14695, 0.00093744, 0.00091450841
  -34.14695, 0.000749952, 0.00091450841
  -34.14695, 0.000710892, 0.00091450841
  -34.14695, 0.00080073, 0.00091450841
  -34.14695, 0.000999936, 0.00091450841
  -34.14695, 0.001156176, 0.00091450841
  -34.14695, 0.001007748, 0.00091450841
  -34.14695, 0.000968688, 0.00091450841
  -34.14695, 0.00105462, 0.00091450841
  -34.14695, 0.001003842, 0.00091450841
  -34.14695, 0.001081962, 0.00091450841
  -34.14695, 0.00107415, 0.00091450841
  -34.14695, 0.000914004, 0.00091450841
  -34.14695, 0.00080073, 0.00091450841
  -34.140495, 0.0009765, 0.00091510689
  -34.140495, 0.000738234, 0.00091510689
  -34.140495, 0.00085932, 0.00091510689
  -34.140495, 0.00085932, 0.00091510689
  -34.140495, 0.000792918, 0.00091510689
  -34.140495, 0.0009765, 0.00091510689
  -34.140495, 0.000730422, 0.00091510689
  -34.140495, 0.00095697, 0.00091510689
  -34.140495, 0.00080073, 0.00091510689
  -34.140495, 0.000972594, 0.00091510689
  -34.140495, 0.00089838, 0.00091510689
  -34.140495, 0.000636678, 0.00091510689
  -34.140495, 0.001160082, 0.00091510689
  -34.140495, 0.001011654, 0.00091510689
  -34.140495, 0.000890568, 0.00091510689
  -34.140495, 0.001031184, 0.00091510689
  -34.140495, 0.001222578, 0.00091510689
  -34.140495, 0.000890568, 0.00091510689
  -34.140495, 0.001117116, 0.00091510689
  -34.140495, 0.000921816, 0.00091510689
  -34.140495, 0.000999936, 0.00091510689
  -34.140495, 0.000855414, 0.00091510689
  -34.140495, 0.000785106, 0.00091510689
  -34.140495, 0.000738234, 0.00091510689
  -34.140495, 0.001023372, 0.00091510689
  -34.140495, 0.001003842, 0.00091510689
  -34.140495, 0.00111321, 0.00091510689
  -34.140495, 0.000910098, 0.00091510689
  -34.140495, 0.001031184, 0.00091510689
  -34.140495, 0.001038996, 0.00091510689
  -34.13404, 0.000921816, 0.0009157056
  -34.13404, 0.000988218, 0.0009157056
  -34.13404, 0.000695268, 0.0009157056
  -34.13404, 0.000718704, 0.0009157056
  -34.13404, 0.001183518, 0.0009157056
  -34.13404, 0.000960876, 0.0009157056
  -34.13404, 0.000949158, 0.0009157056
  -34.13404, 0.000746046, 0.0009157056
  -34.13404, 0.000773388, 0.0009157056
  -34.13404, 0.000953064, 0.0009157056
  -34.13404, 0.00085932, 0.0009157056
  -34.13404, 0.000812448, 0.0009157056
  -34.13404, 0.000835884, 0.0009157056
  -34.13404, 0.000968688, 0.0009157056
  -34.13404, 0.001046808, 0.0009157056
  -34.13404, 0.000871038, 0.0009157056
  -34.13404, 0.00080073, 0.0009157056
  -34.13404, 0.000706986, 0.0009157056
  -34.13404, 0.001058526, 0.0009157056
  -34.13404, 0.000675738, 0.0009157056
  -34.13404, 0.000550746, 0.0009157056
  -34.13404, 0.000929628, 0.0009157056
  -34.13404, 0.001003842, 0.0009157056
  -34.127585, 0.001038996, 0.00091630456
  -34.127585, 0.000804636, 0.00091630456
  -34.127585, 0.001019466, 0.00091630456
  -34.127585, 0.000851508, 0.00091630456
  -34.127585, 0.001148364, 0.00091630456
  -34.127585, 0.000906192, 0.00091630456
  -34.127585, 0.001019466, 0.00091630456
  -34.127585, 0.000777294, 0.00091630456
  -34.127585, 0.0007812, 0.00091630456
  -34.127585, 0.000929628, 0.00091630456
  -34.127585, 0.000867132, 0.00091630456
  -34.127585, 0.001038996, 0.00091630456
  -34.127585, 0.001085868, 0.00091630456
  -34.127585, 0.000980406, 0.00091630456
  -34.127585, 0.001214766, 0.00091630456
  -34.127585, 0.000910098, 0.00091630456
  -34.127585, 0.001062432, 0.00091630456
  -34.127585, 0.000714798, 0.00091630456
  -34.127585, 0.000757764, 0.00091630456
  -34.127585, 0.000769482, 0.00091630456
  -34.127585, 0.001042902, 0.00091630456
  -34.127585, 0.000894474, 0.00091630456
  -34.127585, 0.001046808, 0.00091630456
  -34.127585, 0.000824166, 0.00091630456
  -34.127585, 0.000890568, 0.00091630456
  -34.127585, 0.000679644, 0.00091630456
  -34.127585, 0.000992124, 0.00091630456
  -34.127585, 0.000882756, 0.00091630456
  -34.127585, 0.001007748, 0.00091630456
  -34.12113, 0.000847602, 0.00091690375
  -34.12113, 0.001105398, 0.00091690375
  -34.12113, 0.000945252, 0.00091690375
  -34.12113, 0.001007748, 0.00091690375
  -34.12113, 0.000980406, 0.00091690375
  -34.12113, 0.001019466, 0.00091690375
  -34.12113, 0.001027278, 0.00091690375
  -34.12113, 0.00080073, 0.00091690375
  -34.12113, 0.00093744, 0.00091690375
  -34.12113, 0.000894474, 0.00091690375
  -34.12113, 0.000886662, 0.00091690375
  -34.12113, 0.00103509, 0.00091690375
  -34.12113, 0.001046808, 0.00091690375
  -34.12113, 0.000777294, 0.00091690375
  -34.12113, 0.000953064, 0.00091690375
  -34.12113, 0.001038996, 0.00091690375
  -34.12113, 0.000816354, 0.00091690375
  -34.12113, 0.000734328, 0.00091690375
  -34.12113, 0.001183518, 0.00091690375
  -34.12113, 0.000851508, 0.00091690375
  -34.12113, 0.001070244, 0.00091690375
  -34.12113, 0.001160082, 0.00091690375
  -34.12113, 0.000980406, 0.00091690375
  -34.12113, 0.000941346, 0.00091690375
  -34.12113, 0.000894474, 0.00091690375
  -34.12113, 0.000906192, 0.00091690375
  -34.12113, 0.000906192, 0.00091690375
  -34.12113, 0.000843696, 0.00091690375
  -34.12113, 0.000710892, 0.00091690375
  -34.12113, 0.000949158, 0.00091690375
  -34.12113, 0.001148364, 0.00091690375
  -34.12113, 0.000789012, 0.00091690375
  -34.12113, 0.000757764, 0.00091690375
  -34.12113, 0.001007748, 0.00091690375
  -34.12113, 0.001011654, 0.00091690375
  -34.12113, 0.000874944, 0.00091690375
  -34.12113, 0.000964782, 0.00091690375
  -34.12113, 0.000792918, 0.00091690375
  -34.12113, 0.000730422, 0.00091690375
  -34.12113, 0.001203048, 0.00091690375
  -34.12113, 0.001097586, 0.00091690375
  -34.12113, 0.000902286, 0.00091690375
  -34.114675, 0.001109304, 0.00091750319
  -34.114675, 0.000847602, 0.00091750319
  -34.114675, 0.000777294, 0.00091750319
  -34.114675, 0.001081962, 0.00091750319
  -34.114675, 0.00095697, 0.00091750319
  -34.114675, 0.000914004, 0.00091750319
  -34.114675, 0.000691362, 0.00091750319
  -34.114675, 0.000871038, 0.00091750319
  -34.114675, 0.000757764, 0.00091750319
  -34.114675, 0.000812448, 0.00091750319
  -34.114675, 0.00105462, 0.00091750319
  -34.114675, 0.000914004, 0.00091750319
  -34.114675, 0.000890568, 0.00091750319
  -34.114675, 0.00126945, 0.00091750319
  -34.114675, 0.00085932, 0.00091750319
  -34.114675, 0.001121022, 0.00091750319
  -34.114675, 0.000777294, 0.00091750319
  -34.114675, 0.001011654, 0.00091750319
  -34.114675, 0.000867132, 0.00091750319
  -34.114675, 0.000851508, 0.00091750319
  -34.114675, 0.000855414, 0.00091750319
  -34.114675, 0.00111321, 0.00091750319
  -34.114675, 0.001019466, 0.00091750319
  -34.114675, 0.00109368, 0.00091750319
  -34.114675, 0.001117116, 0.00091750319
  -34.114675, 0.000796824, 0.00091750319
  -34.114675, 0.000953064, 0.00091750319
  -34.114675, 0.000999936, 0.00091750319
  -34.114675, 0.001070244, 0.00091750319
  -34.114675, 0.000914004, 0.00091750319
  -34.114675, 0.00083979, 0.00091750319
  -34.114675, 0.00091791, 0.00091750319
  -34.114675, 0.000984312, 0.00091750319
  -34.114675, 0.000601524, 0.00091750319
  -34.114675, 0.00089838, 0.00091750319
  -34.114675, 0.000851508, 0.00091750319
  -34.10822, 0.00099603, 0.00091810287
  -34.10822, 0.000960876, 0.00091810287
  -34.10822, 0.001050714, 0.00091810287
  -34.10822, 0.001160082, 0.00091810287
  -34.10822, 0.000777294, 0.00091810287
  -34.10822, 0.000867132, 0.00091810287
  -34.10822, 0.001121022, 0.00091810287
  -34.10822, 0.00093744, 0.00091810287
  -34.10822, 0.001003842, 0.00091810287
  -34.10822, 0.000757764, 0.00091810287
  -34.10822, 0.000777294, 0.00091810287
  -34.10822, 0.000816354, 0.00091810287
  -34.10822, 0.000804636, 0.00091810287
  -34.10822, 0.00105462, 0.00091810287
  -34.10822, 0.000894474, 0.00091810287
  -34.10822, 0.000847602, 0.00091810287
  -34.10822, 0.000886662, 0.00091810287
  -34.10822, 0.001206954, 0.00091810287
  -34.10822, 0.000980406, 0.00091810287
  -34.101765, 0.00101556, 0.00091870279
  -34.101765, 0.000835884, 0.00091870279
  -34.101765, 0.000828072, 0.00091870279
  -34.101765, 0.00087885, 0.00091870279
  -34.101765, 0.000804636, 0.00091870279
  -34.101765, 0.000863226, 0.00091870279
  -34.101765, 0.00093744, 0.00091870279
  -34.101765, 0.000714798, 0.00091870279
  -34.101765, 0.000855414, 0.00091870279
  -34.101765, 0.001042902, 0.00091870279
  -34.101765, 0.001042902, 0.00091870279
  -34.101765, 0.000847602, 0.00091870279
  -34.101765, 0.000789012, 0.00091870279
  -34.101765, 0.000769482, 0.00091870279
  -34.09531, 0.00121086, 0.00091930295
  -34.09531, 0.000714798, 0.00091930295
  -34.09531, 0.000953064, 0.00091930295
  -34.09531, 0.000738234, 0.00091930295
  -34.09531, 0.000828072, 0.00091930295
  -34.09531, 0.000894474, 0.00091930295
  -34.09531, 0.000695268, 0.00091930295
  -34.09531, 0.000851508, 0.00091930295
  -34.09531, 0.001046808, 0.00091930295
  -34.09531, 0.001011654, 0.00091930295
  -34.09531, 0.001027278, 0.00091930295
  -34.09531, 0.000988218, 0.00091930295
  -34.09531, 0.001007748, 0.00091930295
  -34.09531, 0.000863226, 0.00091930295
  -34.09531, 0.00095697, 0.00091930295
  -34.09531, 0.000746046, 0.00091930295
  -34.09531, 0.001062432, 0.00091930295
  -34.09531, 0.000882756, 0.00091930295
  -34.09531, 0.001003842, 0.00091930295
  -34.088855, 0.000894474, 0.00091990335
  -34.088855, 0.001128834, 0.00091990335
  -34.088855, 0.00089838, 0.00091990335
  -34.088855, 0.000765576, 0.00091990335
  -34.088855, 0.000964782, 0.00091990335
  -34.088855, 0.000726516, 0.00091990335
  -34.088855, 0.001199142, 0.00091990335
  -34.088855, 0.000835884, 0.00091990335
  -34.088855, 0.000863226, 0.00091990335
  -34.088855, 0.000902286, 0.00091990335
  -34.088855, 0.000984312, 0.00091990335
  -34.088855, 0.001206954, 0.00091990335
  -34.088855, 0.000609336, 0.00091990335
  -34.088855, 0.000890568, 0.00091990335
  -34.0824, 0.00121086, 0.00092050399
  -34.0824, 0.000804636, 0.00092050399
  -34.0824, 0.001058526, 0.00092050399
  -34.0824, 0.000921816, 0.00092050399
  -34.0824, 0.000835884, 0.00092050399
  -34.0824, 0.001011654, 0.00092050399
  -34.0824, 0.0007812, 0.00092050399
  -34.0824, 0.000863226, 0.00092050399
  -34.0824, 0.000988218, 0.00092050399
  -34.0824, 0.000882756, 0.00092050399
  -34.0824, 0.00113274, 0.00092050399
  -34.0824, 0.001058526, 0.00092050399
  -34.0824, 0.000999936, 0.00092050399
  -34.0824, 0.000874944, 0.00092050399
  -34.0824, 0.000949158, 0.00092050399
  -34.0824, 0.000925722, 0.00092050399
  -34.0824, 0.000921816, 0.00092050399
  -34.075945, 0.000863226, 0.00092110487
  -34.075945, 0.001038996, 0.00092110487
  -34.075945, 0.000660114, 0.00092110487
  -34.075945, 0.000988218, 0.00092110487
  -34.075945, 0.001058526, 0.00092110487
  -34.075945, 0.000902286, 0.00092110487
  -34.075945, 0.00101556, 0.00092110487
  -34.075945, 0.00082026, 0.00092110487
  -34.075945, 0.000824166, 0.00092110487
  -34.075945, 0.001058526, 0.00092110487
  -34.075945, 0.000874944, 0.00092110487
  -34.075945, 0.000949158, 0.00092110487
  -34.06949, 0.000636678, 0.000921706
  -34.06949, 0.000906192, 0.000921706
  -34.06949, 0.000945252, 0.000921706
  -34.06949, 0.001163988, 0.000921706
  -34.06949, 0.000757764, 0.000921706
  -34.06949, 0.000933534, 0.000921706
  -34.06949, 0.000925722, 0.000921706
  -34.06949, 0.000890568, 0.000921706
  -34.06949, 0.00093744, 0.000921706
  -34.06949, 0.000941346, 0.000921706
  -34.06949, 0.00072261, 0.000921706
  -34.06949, 0.000785106, 0.000921706
  -34.06949, 0.000851508, 0.000921706
  -34.06949, 0.000753858, 0.000921706
  -34.063035, 0.000902286, 0.00092230736
  -34.063035, 0.001206954, 0.00092230736
  -34.063035, 0.000824166, 0.00092230736
  -34.063035, 0.001070244, 0.00092230736
  -34.063035, 0.001046808, 0.00092230736
  -34.063035, 0.000660114, 0.00092230736
  -34.063035, 0.000945252, 0.00092230736
  -34.063035, 0.000906192, 0.00092230736
  -34.063035, 0.001007748, 0.00092230736
  -34.063035, 0.000906192, 0.00092230736
  -34.063035, 0.000792918, 0.00092230736
  -34.063035, 0.000855414, 0.00092230736
  -34.063035, 0.001046808, 0.00092230736
  -34.063035, 0.001085868, 0.00092230736
  -34.063035, 0.000863226, 0.00092230736
  -34.063035, 0.000808542, 0.00092230736
  -34.05658, 0.00072261, 0.00092290896
  -34.05658, 0.001050714, 0.00092290896
  -34.05658, 0.000941346, 0.00092290896
  -34.05658, 0.00054684, 0.00092290896
  -34.05658, 0.00101556, 0.00092290896
  -34.05658, 0.000738234, 0.00092290896
  -34.05658, 0.001050714, 0.00092290896
  -34.05658, 0.000824166, 0.00092290896
  -34.05658, 0.000757764, 0.00092290896
  -34.05658, 0.000636678, 0.00092290896
  -34.05658, 0.000933534, 0.00092290896
  -34.05658, 0.000749952, 0.00092290896
  -34.05658, 0.001101492, 0.00092290896
  -34.05658, 0.000730422, 0.00092290896
  -34.05658, 0.000914004, 0.00092290896
  -34.050125, 0.000906192, 0.00092351081
  -34.050125, 0.001023372, 0.00092351081
  -34.050125, 0.00101556, 0.00092351081
  -34.050125, 0.00085932, 0.00092351081
  -34.050125, 0.00095697, 0.00092351081
  -34.050125, 0.000925722, 0.00092351081
  -34.050125, 0.00101556, 0.00092351081
  -34.050125, 0.000933534, 0.00092351081
  -34.050125, 0.001023372, 0.00092351081
  -34.04367, 0.001144458, 0.0009241129
  -34.04367, 0.000730422, 0.0009241129
  -34.04367, 0.001007748, 0.0009241129
  -34.04367, 0.00072261, 0.0009241129
  -34.04367, 0.000890568, 0.0009241129
  -34.04367, 0.001019466, 0.0009241129
  -34.04367, 0.000886662, 0.0009241129
  -34.04367, 0.000855414, 0.0009241129
  -34.04367, 0.000871038, 0.0009241129
  -34.04367, 0.000921816, 0.0009241129
  -34.04367, 0.000769482, 0.0009241129
  -34.037215, 0.000855414, 0.00092471522
  -34.037215, 0.00083979, 0.00092471522
  -34.037215, 0.001058526, 0.00092471522
  -34.037215, 0.001160082, 0.00092471522
  -34.037215, 0.000972594, 0.00092471522
  -34.037215, 0.00099603, 0.00092471522
  -34.037215, 0.001038996, 0.00092471522
  -34.037215, 0.00109368, 0.00092471522
  -34.037215, 0.000910098, 0.00092471522
  -34.037215, 0.001038996, 0.00092471522
  -34.037215, 0.00066402, 0.00092471522
  -34.037215, 0.000972594, 0.00092471522
  -34.037215, 0.000730422, 0.00092471522
  -34.037215, 0.000988218, 0.00092471522
  -34.037215, 0.000949158, 0.00092471522
  -34.03076, 0.000988218, 0.00092531779
  -34.03076, 0.000816354, 0.00092531779
  -34.03076, 0.001160082, 0.00092531779
  -34.03076, 0.000906192, 0.00092531779
  -34.03076, 0.000890568, 0.00092531779
  -34.03076, 0.000843696, 0.00092531779
  -34.03076, 0.001023372, 0.00092531779
  -34.03076, 0.000910098, 0.00092531779
  -34.03076, 0.000828072, 0.00092531779
  -34.03076, 0.000855414, 0.00092531779
  -34.03076, 0.000910098, 0.00092531779
  -34.03076, 0.001121022, 0.00092531779
  -34.03076, 0.000910098, 0.00092531779
  -34.03076, 0.001140552, 0.00092531779
  -34.03076, 0.001101492, 0.00092531779
  -34.03076, 0.00056637, 0.00092531779
  -34.03076, 0.000789012, 0.00092531779
  -34.03076, 0.000910098, 0.00092531779
  -34.03076, 0.001042902, 0.00092531779
  -34.03076, 0.000714798, 0.00092531779
  -34.03076, 0.001038996, 0.00092531779
  -34.03076, 0.000843696, 0.00092531779
  -34.03076, 0.000863226, 0.00092531779
  -34.03076, 0.001046808, 0.00092531779
  -34.03076, 0.000945252, 0.00092531779
  -34.024305, 0.00089838, 0.0009259206
  -34.024305, 0.000843696, 0.0009259206
  -34.024305, 0.00074214, 0.0009259206
  -34.024305, 0.00089838, 0.0009259206
  -34.024305, 0.000843696, 0.0009259206
  -34.024305, 0.000925722, 0.0009259206
  -34.024305, 0.000902286, 0.0009259206
  -34.024305, 0.000894474, 0.0009259206
  -34.024305, 0.000984312, 0.0009259206
  -34.024305, 0.000792918, 0.0009259206
  -34.024305, 0.000871038, 0.0009259206
  -34.024305, 0.000831978, 0.0009259206
  -34.024305, 0.000999936, 0.0009259206
  -34.024305, 0.00091791, 0.0009259206
  -34.024305, 0.000894474, 0.0009259206
  -34.024305, 0.000964782, 0.0009259206
  -34.024305, 0.000843696, 0.0009259206
  -34.024305, 0.000921816, 0.0009259206
  -34.01785, 0.00068355, 0.00092652365
  -34.01785, 0.000886662, 0.00092652365
  -34.01785, 0.001062432, 0.00092652365
  -34.01785, 0.00111321, 0.00092652365
  -34.01785, 0.000835884, 0.00092652365
  -34.01785, 0.000656208, 0.00092652365
  -34.01785, 0.000949158, 0.00092652365
  -34.01785, 0.000999936, 0.00092652365
  -34.01785, 0.000851508, 0.00092652365
  -34.01785, 0.000882756, 0.00092652365
  -34.01785, 0.001078056, 0.00092652365
  -34.01785, 0.00089838, 0.00092652365
  -34.01785, 0.000792918, 0.00092652365
  -34.01785, 0.000929628, 0.00092652365
  -34.01785, 0.000847602, 0.00092652365
  -34.01785, 0.000679644, 0.00092652365
  -34.01785, 0.000953064, 0.00092652365
  -34.01785, 0.00089838, 0.00092652365
  -34.01785, 0.000773388, 0.00092652365
  -34.01785, 0.001046808, 0.00092652365
  -34.01785, 0.00070308, 0.00092652365
  -34.01785, 0.000789012, 0.00092652365
  -34.01785, 0.000847602, 0.00092652365
  -34.01785, 0.000871038, 0.00092652365
  -34.01785, 0.000964782, 0.00092652365
  -34.01785, 0.000871038, 0.00092652365
  -34.011395, 0.000941346, 0.00092712694
  -34.011395, 0.001156176, 0.00092712694
  -34.011395, 0.000999936, 0.00092712694
  -34.011395, 0.000675738, 0.00092712694
  -34.011395, 0.000906192, 0.00092712694
  -34.011395, 0.00115227, 0.00092712694
  -34.011395, 0.000621054, 0.00092712694
  -34.011395, 0.00093744, 0.00092712694
  -34.011395, 0.000804636, 0.00092712694
  -34.011395, 0.000886662, 0.00092712694
  -34.011395, 0.000863226, 0.00092712694
  -34.011395, 0.001023372, 0.00092712694
  -34.011395, 0.000910098, 0.00092712694
  -34.011395, 0.0009765, 0.00092712694
  -34.011395, 0.000886662, 0.00092712694
  -34.011395, 0.001078056, 0.00092712694
  -34.011395, 0.000972594, 0.00092712694
  -34.011395, 0.000816354, 0.00092712694
  -34.011395, 0.000804636, 0.00092712694
  -34.011395, 0.000789012, 0.00092712694
  -34.011395, 0.000695268, 0.00092712694
  -34.011395, 0.001031184, 0.00092712694
  -34.011395, 0.001003842, 0.00092712694
  -34.011395, 0.00080073, 0.00092712694
  -34.011395, 0.000792918, 0.00092712694
  -34.011395, 0.001042902, 0.00092712694
  -34.011395, 0.000757764, 0.00092712694
  -34.011395, 0.001238202, 0.00092712694
  -34.011395, 0.000921816, 0.00092712694
  -34.011395, 0.00095697, 0.00092712694
  -34.011395, 0.00068355, 0.00092712694
  -34.00494, 0.000968688, 0.00092773048
  -34.00494, 0.000890568, 0.00092773048
  -34.00494, 0.001011654, 0.00092773048
  -34.00494, 0.000835884, 0.00092773048
  -34.00494, 0.000882756, 0.00092773048
  -34.00494, 0.000949158, 0.00092773048
  -34.00494, 0.000851508, 0.00092773048
  -34.00494, 0.000757764, 0.00092773048
  -34.00494, 0.000648396, 0.00092773048
  -34.00494, 0.00095697, 0.00092773048
  -34.00494, 0.000890568, 0.00092773048
  -34.00494, 0.001066338, 0.00092773048
  -34.00494, 0.00082026, 0.00092773048
  -34.00494, 0.000964782, 0.00092773048
  -34.00494, 0.000964782, 0.00092773048
  -34.00494, 0.00093744, 0.00092773048
  -34.00494, 0.000921816, 0.00092773048
  -34.00494, 0.000867132, 0.00092773048
  -34.00494, 0.001042902, 0.00092773048
  -34.00494, 0.000843696, 0.00092773048
  -34.00494, 0.001124928, 0.00092773048
  -34.00494, 0.00095697, 0.00092773048
  -34.00494, 0.000730422, 0.00092773048
  -34.00494, 0.000964782, 0.00092773048
  -33.998485, 0.000886662, 0.00092833425
  -33.998485, 0.00111321, 0.00092833425
  -33.998485, 0.000914004, 0.00092833425
  -33.998485, 0.001085868, 0.00092833425
  -33.998485, 0.000941346, 0.00092833425
  -33.998485, 0.000980406, 0.00092833425
  -33.998485, 0.000718704, 0.00092833425
  -33.998485, 0.000988218, 0.00092833425
  -33.998485, 0.000945252, 0.00092833425
  -33.998485, 0.000894474, 0.00092833425
  -33.998485, 0.00109368, 0.00092833425
  -33.998485, 0.000945252, 0.00092833425
  -33.998485, 0.001070244, 0.00092833425
  -33.998485, 0.000910098, 0.00092833425
  -33.998485, 0.001046808, 0.00092833425
  -33.998485, 0.000925722, 0.00092833425
  -33.998485, 0.001117116, 0.00092833425
  -33.998485, 0.000851508, 0.00092833425
  -33.998485, 0.00068355, 0.00092833425
  -33.998485, 0.000882756, 0.00092833425
  -33.99203, 0.000812448, 0.00092893826
  -33.99203, 0.001081962, 0.00092893826
  -33.99203, 0.00080073, 0.00092893826
  -33.99203, 0.000617148, 0.00092893826
  -33.99203, 0.00105462, 0.00092893826
  -33.99203, 0.00091791, 0.00092893826
  -33.99203, 0.00068355, 0.00092893826
  -33.99203, 0.000929628, 0.00092893826
  -33.99203, 0.001070244, 0.00092893826
  -33.99203, 0.00109368, 0.00092893826
  -33.99203, 0.000749952, 0.00092893826
  -33.99203, 0.0007812, 0.00092893826
  -33.99203, 0.000984312, 0.00092893826
  -33.985575, 0.001070244, 0.00092954252
  -33.985575, 0.000980406, 0.00092954252
  -33.985575, 0.000925722, 0.00092954252
  -33.985575, 0.000914004, 0.00092954252
  -33.985575, 0.000980406, 0.00092954252
  -33.985575, 0.000847602, 0.00092954252
  -33.985575, 0.00103509, 0.00092954252
  -33.985575, 0.00103509, 0.00092954252
  -33.985575, 0.000949158, 0.00092954252
  -33.985575, 0.00089838, 0.00092954252
  -33.985575, 0.000921816, 0.00092954252
  -33.97912, 0.000882756, 0.00093014701
  -33.97912, 0.0009765, 0.00093014701
  -33.97912, 0.000855414, 0.00093014701
  -33.97912, 0.00093744, 0.00093014701
  -33.97912, 0.001078056, 0.00093014701
  -33.972665, 0.001003842, 0.00093075175
  -33.972665, 0.001062432, 0.00093075175
  -33.972665, 0.000812448, 0.00093075175
  -33.972665, 0.000789012, 0.00093075175
  -33.96621, 0.00068355, 0.00093135673
  -33.959755, 0.000656208, 0.00093196195
  -33.959755, 0.00093744, 0.00093196195
  -33.959755, 0.001062432, 0.00093196195
  -33.9533, 0.000933534, 0.00093256741
  -33.946845, 0.000828072, 0.00093317311
  -33.94039, 0.000999936, 0.00093377905
  -33.94039, 0.00095697, 0.00093377905
  -33.92748, 0.00103509, 0.00093499166
  -33.90166, 0.00105462, 0.00093741977
  -33.895205, 0.00101556, 0.00093802739
  -33.88875, 0.00099603, 0.00093863527
  -33.882295, 0.00113274, 0.00093924338
  -33.86293, 0.00107415, 0.00094106916
  -33.843565, 0.001089774, 0.00094289711
  -33.817745, 0.001253826, 0.00094533775
  -33.817745, 0.000933534, 0.00094533775
  -33.791925, 0.001121022, 0.00094778226
  -33.791925, 0.001187424, 0.00094778226
  -33.75965, 0.000910098, 0.00095084331
  -33.75965, 0.000765576, 0.00095084331
  -33.74674, 0.00082026, 0.00095206942
  -33.74674, 0.001007748, 0.00095206942
  -33.74674, 0.001019466, 0.00095206942
  -33.727375, 0.001128834, 0.00095391039
  -33.72092, 0.000874944, 0.00095452453
  -33.70801, 0.000831978, 0.00095575354
  -33.701555, 0.00111321, 0.0009563684
  -33.688645, 0.000871038, 0.00095759885
  -33.68219, 0.000863226, 0.00095821444
  -33.68219, 0.000851508, 0.00095821444
  -33.66928, 0.000863226, 0.00095944634
  -33.66928, 0.000949158, 0.00095944634
  -33.662825, 0.00080073, 0.00096006265
  -33.649915, 0.001058526, 0.000961296
  -33.624095, 0.000714798, 0.00096376558
  -33.61764, 0.00093744, 0.00096438358
  -33.61764, 0.00099603, 0.00096438358
  -33.598275, 0.001011654, 0.00096623903
  -33.598275, 0.000886662, 0.00096623903
  -33.59182, 0.000789012, 0.00096685799
  -33.57891, 0.000914004, 0.00096809664
  -33.57891, 0.001007748, 0.00096809664
  -33.572455, 0.000757764, 0.00096871633
  -33.566, 0.001148364, 0.00096933626
  -33.566, 0.000812448, 0.00096933626
  -33.55309, 0.001062432, 0.00097057684
  -33.54018, 0.000804636, 0.00097181839
  -33.52727, 0.000687456, 0.0009730609
  -33.52727, 0.000691362, 0.0009730609
  -33.520815, 0.000921816, 0.00097368252
  -33.50145, 0.00095697, 0.00097554882
  -33.50145, 0.001089774, 0.00097554882
  -33.469175, 0.001038996, 0.00097866414
  -33.46272, 0.00101556, 0.00097928793
  -33.456265, 0.000960876, 0.00097991195
  -33.44981, 0.00107415, 0.00098053622
  -33.44981, 0.000953064, 0.00098053622
  -33.443355, 0.000953064, 0.00098116074
  -33.443355, 0.001050714, 0.00098116074
  -33.443355, 0.001011654, 0.00098116074
  -33.42399, 0.001003842, 0.00098303572
  -33.42399, 0.000949158, 0.00098303572
  -33.417535, 0.000953064, 0.00098366119
  -33.417535, 0.000941346, 0.00098366119
  -33.417535, 0.001007748, 0.00098366119
  -33.41108, 0.000929628, 0.00098428691
  -33.41108, 0.000953064, 0.00098428691
  -33.41108, 0.001042902, 0.00098428691
  -33.39817, 0.001078056, 0.00098553906
  -33.391715, 0.00101556, 0.0009861655
  -33.38526, 0.000945252, 0.00098679219
  -33.37235, 0.000933534, 0.00098804627
  -33.35944, 0.001179612, 0.00098930132
  -33.35944, 0.001070244, 0.00098930132
  -33.34653, 0.000886662, 0.00099055733
  -33.34653, 0.001163988, 0.00099055733
  -33.34653, 0.00089838, 0.00099055733
  -33.34653, 0.001078056, 0.00099055733
  -33.34653, 0.00103509, 0.00099055733
  -33.34653, 0.00072261, 0.00099055733
  -33.340075, 0.00082026, 0.0009911857
  -33.340075, 0.001101492, 0.0009911857
  -33.340075, 0.000617148, 0.0009911857
  -33.340075, 0.000882756, 0.0009911857
  -33.33362, 0.000816354, 0.00099181431
  -33.33362, 0.000851508, 0.00099181431
  -33.33362, 0.00087885, 0.00099181431
  -33.327165, 0.000773388, 0.00099244316
  -33.327165, 0.001050714, 0.00099244316
  -33.327165, 0.001105398, 0.00099244316
  -33.327165, 0.00089838, 0.00099244316
  -33.32071, 0.001019466, 0.00099307225
  -33.32071, 0.000648396, 0.00099307225
  -33.32071, 0.001085868, 0.00099307225
  -33.314255, 0.001078056, 0.00099370159
  -33.3078, 0.001124928, 0.00099433116
  -33.301345, 0.001163988, 0.00099496097
  -33.301345, 0.001031184, 0.00099496097
  -33.29489, 0.000906192, 0.00099559103
  -33.29489, 0.0009765, 0.00099559103
  -33.288435, 0.000835884, 0.00099622132
  -33.288435, 0.001050714, 0.00099622132
  -33.288435, 0.000699174, 0.00099622132
  -33.28198, 0.000882756, 0.00099685186
  -33.275525, 0.001242108, 0.00099748264
  -33.275525, 0.001136646, 0.00099748264
  -33.26907, 0.001105398, 0.00099811366
  -33.25616, 0.001183518, 0.00099937642
  -33.24325, 0.001011654, 0.0010006401
  -33.236795, 0.00115227, 0.0010012724
  -33.210975, 0.00119133, 0.0010038037
  -33.210975, 0.001089774, 0.0010038037
  -33.20452, 0.001011654, 0.0010044371
  -33.20452, 0.000835884, 0.0010044371
  -33.198065, 0.000999936, 0.0010050708
  -33.198065, 0.000914004, 0.0010050708
  -33.19161, 0.001062432, 0.0010057047
  -33.185155, 0.000921816, 0.0010063388
  -33.1787, 0.000890568, 0.0010069732
  -33.172245, 0.001136646, 0.0010076078
  -33.172245, 0.000972594, 0.0010076078
  -33.16579, 0.000855414, 0.0010082427
  -33.16579, 0.000972594, 0.0010082427
  -33.159335, 0.0009765, 0.0010088778
  -33.159335, 0.000929628, 0.0010088778
  -33.146425, 0.000796824, 0.0010101488
  -33.13997, 0.000824166, 0.0010107846
  -33.13997, 0.001058526, 0.0010107846
  -33.133515, 0.000695268, 0.0010114207
  -33.133515, 0.001046808, 0.0010114207
  -33.133515, 0.000972594, 0.0010114207
  -33.133515, 0.001062432, 0.0010114207
  -33.12706, 0.001105398, 0.001012057
  -33.11415, 0.001027278, 0.0010133304
  -33.11415, 0.000964782, 0.0010133304
  -33.10124, 0.001046808, 0.0010146047
  -33.10124, 0.001234296, 0.0010146047
  -33.08833, 0.000972594, 0.00101588
  -33.08833, 0.001285074, 0.00101588
  -33.07542, 0.000851508, 0.0010171562
  -33.07542, 0.001203048, 0.0010171562
  -33.07542, 0.000999936, 0.0010171562
  -33.06251, 0.001081962, 0.0010184334
  -33.056055, 0.000765576, 0.0010190724
  -33.0496, 0.001081962, 0.0010197116
  -33.0496, 0.000843696, 0.0010197116
  -33.0496, 0.001031184, 0.0010197116
  -33.043145, 0.000855414, 0.001020351
  -33.03669, 0.001007748, 0.0010209907
  -33.02378, 0.001031184, 0.0010222708
  -33.02378, 0.0009765, 0.0010222708
  -33.01087, 0.000851508, 0.0010235518
  -33.01087, 0.000949158, 0.0010235518
  -32.99796, 0.001019466, 0.0010248339
  -32.98505, 0.000949158, 0.0010261168
  -32.978595, 0.001222578, 0.0010267587
  -32.965685, 0.000914004, 0.0010280431
  -32.965685, 0.001007748, 0.0010280431
  -32.95923, 0.000984312, 0.0010286857
  -32.95923, 0.000945252, 0.0010286857
  -32.939865, 0.001163988, 0.0010306148
  -32.926955, 0.0011718, 0.0010319021
  -32.9205, 0.001195236, 0.0010325461
  -32.888225, 0.001097586, 0.0010357698
  -32.888225, 0.001175706, 0.0010357698
  -32.88177, 0.000757764, 0.0010364152
  -32.875315, 0.001038996, 0.0010370609
  -32.875315, 0.001292886, 0.0010370609
  -32.849495, 0.001273356, 0.0010396461
  -32.823675, 0.001003842, 0.0010422351
  -32.81722, 0.000882756, 0.0010428829
  -32.810765, 0.001218672, 0.001043531
  -32.784945, 0.00124992, 0.0010461258
  -32.77849, 0.001265544, 0.0010467751
  -32.77849, 0.001304604, 0.0010467751
  -32.746215, 0.00109368, 0.0010500251
  -32.71394, 0.00087885, 0.0010532811
  -32.70103, 0.000999936, 0.0010545852
  -32.694575, 0.000953064, 0.0010552376
  -32.68812, 0.001148364, 0.0010558902
  -32.68812, 0.001167894, 0.0010558902
  -32.67521, 0.001085868, 0.0010571962
  -32.64939, 0.000910098, 0.0010598111
  -32.642935, 0.001078056, 0.0010604654
  -32.642935, 0.00085932, 0.0010604654
  -32.642935, 0.001058526, 0.0010604654
  -32.63648, 0.0009765, 0.00106112
  -32.630025, 0.000949158, 0.0010617747
  -32.604205, 0.00124992, 0.0010643963
  -32.58484, 0.001167894, 0.001066365
  -32.578385, 0.001156176, 0.0010670217
  -32.57193, 0.001070244, 0.0010676786
  -32.55902, 0.001085868, 0.0010689932
  -32.52029, 0.001277262, 0.0010729428
  -32.513835, 0.001117116, 0.0010736018
  -32.500925, 0.00113274, 0.0010749207
  -32.475105, 0.001222578, 0.0010775614
  -32.449285, 0.001183518, 0.0010802059
  -32.423465, 0.00105462, 0.0010828541
  -32.423465, 0.00107415, 0.0010828541
  -32.41701, 0.000906192, 0.0010835168
  -32.397645, 0.000945252, 0.0010855062
  -32.397645, 0.001050714, 0.0010855062
  -32.384735, 0.000886662, 0.0010868337
  -32.371825, 0.001144458, 0.0010881621
  -32.33955, 0.001206954, 0.0010914873
  -32.320185, 0.00121086, 0.0010934853
  -32.30082, 0.001156176, 0.0010954854
  -32.28791, 0.001199142, 0.00109682
  -32.26209, 0.001214766, 0.001099492
  -32.242725, 0.001226484, 0.0011014985
  -32.229815, 0.001234296, 0.0011028374
  -32.22336, 0.00115227, 0.0011035072
  -32.22336, 0.00099603, 0.0011035072
  -32.21045, 0.000906192, 0.0011048474
  -32.203995, 0.000941346, 0.0011055179
  -32.203995, 0.000960876, 0.0011055179
  -32.19754, 0.00101556, 0.0011061887
  -32.191085, 0.00111321, 0.0011068596
  -32.18463, 0.001097586, 0.0011075308
  -32.165265, 0.001023372, 0.0011095459
  -32.152355, 0.001382724, 0.0011108904
  -32.152355, 0.001199142, 0.0011108904
  -32.139445, 0.001167894, 0.0011122359
  -32.13299, 0.001089774, 0.001112909
  -32.13299, 0.001203048, 0.001112909
  -32.126535, 0.000988218, 0.0011135823
  -32.10717, 0.00130851, 0.0011156037
  -32.100715, 0.0011718, 0.001116278
  -32.06844, 0.001070244, 0.0011196529
  -32.05553, 0.001007748, 0.0011210045
  -32.049075, 0.001027278, 0.0011216807
  -32.04262, 0.001124928, 0.0011223571
  -32.04262, 0.001011654, 0.0011223571
  -32.036165, 0.001140552, 0.0011230337
  -32.0168, 0.001011654, 0.001125065
  -32.010345, 0.001316322, 0.0011257426
  -32.00389, 0.00113274, 0.0011264204
  -31.997435, 0.000964782, 0.0011270984
  -31.984525, 0.001011654, 0.0011284552
  -31.96516, 0.00119133, 0.0011304922
  -31.95225, 0.001078056, 0.0011318513
  -31.95225, 0.001078056, 0.0011318513
  -31.95225, 0.001206954, 0.0011318513
  -31.945795, 0.00107415, 0.0011325312
  -31.92643, 0.000992124, 0.0011345724
  -31.92643, 0.000933534, 0.0011345724
  -31.919975, 0.001390536, 0.0011352533
  -31.894155, 0.001003842, 0.0011379791
  -31.881245, 0.001136646, 0.0011393434
  -31.855425, 0.001234296, 0.0011420748
  -31.84897, 0.001300698, 0.0011427582
  -31.842515, 0.00107415, 0.0011434419
  -31.842515, 0.001163988, 0.0011434419
  -31.83606, 0.00085932, 0.0011441258
  -31.829605, 0.001007748, 0.0011448099
  -31.82315, 0.00085932, 0.0011454943
  -31.82315, 0.001081962, 0.0011454943
  -31.790875, 0.001148364, 0.0011489197
  -31.78442, 0.001038996, 0.0011496054
  -31.777965, 0.001206954, 0.0011502914
  -31.777965, 0.001304604, 0.0011502914
  -31.77151, 0.00113274, 0.0011509777
  -31.77151, 0.000953064, 0.0011509777
  -31.7586, 0.001089774, 0.0011523509
  -31.74569, 0.001128834, 0.001153725
  -31.74569, 0.001066338, 0.001153725
  -31.73278, 0.001234296, 0.0011551
  -31.713415, 0.001195236, 0.0011571643
  -31.713415, 0.001023372, 0.0011571643
  -31.70696, 0.00119133, 0.0011578529
  -31.700505, 0.001144458, 0.0011585417
  -31.69405, 0.000796824, 0.0011592307
  -31.687595, 0.001046808, 0.00115992
  -31.66823, 0.001101492, 0.0011619892
  -31.661775, 0.001078056, 0.0011626794
  -31.648865, 0.001121022, 0.0011640605
  -31.635955, 0.001296792, 0.0011654425
  -31.635955, 0.00119133, 0.0011654425
  -31.623045, 0.00113274, 0.0011668254
  -31.610135, 0.00123039, 0.0011682093
  -31.584315, 0.000968688, 0.0011709798
  -31.57786, 0.001281168, 0.001171673
  -31.55204, 0.00150381, 0.0011744482
  -31.532675, 0.001156176, 0.0011765319
  -31.532675, 0.001121022, 0.0011765319
  -31.51331, 0.001019466, 0.0011786178
  -31.506855, 0.001214766, 0.0011793136
  -31.481035, 0.001027278, 0.0011820988
  -31.47458, 0.001351476, 0.0011827957
  -31.455215, 0.00119133, 0.0011848878
  -31.442305, 0.001206954, 0.0011862837
  -31.42294, 0.001163988, 0.0011883792
  -31.42294, 0.000945252, 0.0011883792
  -31.42294, 0.001089774, 0.0011883792
  -31.416485, 0.000953064, 0.0011890782
  -31.41003, 0.001292886, 0.0011897774
  -31.390665, 0.001070244, 0.0011918763
  -31.38421, 0.001156176, 0.0011925765
  -31.364845, 0.00152334, 0.0011946782
  -31.31966, 0.001417878, 0.0011995902
  -31.30675, 0.001238202, 0.0012009957
  -31.300295, 0.001140552, 0.0012016988
  -31.261565, 0.001402254, 0.0012059221
  -31.235745, 0.001316322, 0.0012087422
  -31.21638, 0.001070244, 0.0012108596
  -31.21638, 0.001156176, 0.0012108596
  -31.21638, 0.001175706, 0.0012108596
  -31.209925, 0.001062432, 0.0012115659
  -31.19056, 0.001148364, 0.0012136861
  -31.184105, 0.001144458, 0.0012143932
  -31.158285, 0.001417878, 0.0012172242
  -31.119555, 0.001089774, 0.0012214775
  -31.1131, 0.001124928, 0.0012221871
  -31.106645, 0.001265544, 0.001222897
  -31.106645, 0.00111321, 0.001222897
  -31.093735, 0.001007748, 0.0012243175
  -31.080825, 0.001175706, 0.0012257389
  -31.06146, 0.001140552, 0.0012278726
  -31.06146, 0.001371006, 0.0012278726
  -31.042095, 0.001160082, 0.0012300084
  -31.029185, 0.001023372, 0.0012314333
  -31.016275, 0.0009765, 0.0012328592
  -31.00982, 0.001273356, 0.0012335724
  -30.97109, 0.00140616, 0.0012378567
  -30.951725, 0.00134757, 0.0012400019
  -30.93236, 0.001343664, 0.0012421491
  -30.900085, 0.00142569, 0.0012457322
  -30.874265, 0.001144458, 0.0012486027
  -30.874265, 0.001195236, 0.0012486027
  -30.84199, 0.001218672, 0.0012521958
  -30.835535, 0.001281168, 0.0012529151
  -30.82908, 0.001089774, 0.0012536346
  -30.81617, 0.00130851, 0.0012550743
  -30.76453, 0.001281168, 0.0012608418
  -30.7258, 0.001624896, 0.0012651768
  -30.693525, 0.001214766, 0.0012687952
  -30.693525, 0.001351476, 0.0012687952
  -30.68707, 0.001300698, 0.0012695196
  -30.680615, 0.001070244, 0.0012702442
  -30.66125, 0.001105398, 0.0012724192
  -30.63543, 0.001273356, 0.0012753223
  -30.5967, 0.001187424, 0.0012796835
  -30.590245, 0.001335852, 0.0012804112
  -30.551515, 0.001585836, 0.0012847815
  -30.51924, 0.001124928, 0.0012884295
  -30.50633, 0.001046808, 0.0012898901
  -30.50633, 0.001124928, 0.0012898901
  -30.499875, 0.00121086, 0.0012906208
  -30.4676, 0.001246014, 0.0012942774
  -30.44178, 0.001355382, 0.0012972065
  -30.44178, 0.001413972, 0.0012972065
  -30.409505, 0.001351476, 0.0013008727
  -30.36432, 0.001195236, 0.0013060145
  -30.344955, 0.00142569, 0.0013082213
  -30.3385, 0.001261638, 0.0013089573
  -30.31268, 0.001031184, 0.0013119035
  -30.29977, 0.00109368, 0.0013133779
  -30.27395, 0.001351476, 0.0013163293
  -30.26104, 0.00121086, 0.0013178062
  -30.241675, 0.00128898, 0.0013200232
  -30.215855, 0.001277262, 0.0013229821
  -30.2094, 0.001382724, 0.0013237224
  -30.18358, 0.001421784, 0.0013266855
  -30.14485, 0.001456938, 0.0013311365
  -30.13194, 0.001441314, 0.0013326218
  -30.0803, 0.00123039, 0.0013385715
  -30.048025, 0.001343664, 0.0013422968
  -30.01575, 0.001437408, 0.0013460272
  -30.009295, 0.001187424, 0.0013467739
  -30.009295, 0.001179612, 0.0013467739
  -29.996385, 0.001312416, 0.001348268
  -29.983475, 0.001195236, 0.0013497628
  -29.97702, 0.001265544, 0.0013505106
  -29.957655, 0.001472562, 0.001352755
  -29.931835, 0.00146475, 0.0013557505
  -29.89956, 0.00154287, 0.0013594994
  -29.87374, 0.001519434, 0.0013625022
  -29.841465, 0.001441314, 0.0013662602
  -29.815645, 0.001507716, 0.0013692703
  -29.78337, 0.001285074, 0.0013730374
  -29.776915, 0.001195236, 0.0013737914
  -29.776915, 0.00134757, 0.0013737914
  -29.751095, 0.001554588, 0.0013768095
  -29.693, 0.001652238, 0.0013836119
  -29.66718, 0.001144458, 0.0013866404
  -29.660725, 0.001343664, 0.001387398
  -29.65427, 0.001304604, 0.0013881558
  -29.634905, 0.001374912, 0.0013904304
  -29.60263, 0.001476468, 0.0013942253
  -29.583265, 0.001495998, 0.0013965046
  -29.557445, 0.001261638, 0.0013995464
  -29.531625, 0.001363194, 0.0014025914
  -29.531625, 0.001199142, 0.0014025914
  -29.51226, 0.001363194, 0.0014048771
  -29.479985, 0.001648332, 0.0014086905
  -29.46062, 0.001636614, 0.0014109809
  -29.4348, 0.0015624, 0.0014140374
  -29.376705, 0.001390536, 0.0014209257
  -29.350885, 0.00109368, 0.0014239922
  -29.350885, 0.001281168, 0.0014239922
  -29.34443, 0.001214766, 0.0014247592
  -29.33152, 0.001656144, 0.001426294
  -29.286335, 0.001831914, 0.0014316714
  -29.221785, 0.001617084, 0.0014393693
  -29.208875, 0.001648332, 0.0014409112
  -29.18951, 0.001558494, 0.0014432253
  -29.15078, 0.001398348, 0.0014478585
  -29.118505, 0.00150381, 0.0014517245
  -29.09914, 0.00150381, 0.0014540463
  -29.07332, 0.001398348, 0.0014571445
  -29.0475, 0.001449126, 0.0014602457
  -29.015225, 0.001343664, 0.0014641262
  -28.989405, 0.001449126, 0.0014672338
  -28.97004, 0.00152334, 0.0014695664
  -28.93131, 0.001589742, 0.0014742363
  -28.899035, 0.001320228, 0.0014781327
  -28.87967, 0.001281168, 0.0014804727
  -28.873215, 0.001253826, 0.001481253
  -28.860305, 0.001316322, 0.0014828142
  -28.847395, 0.00171864, 0.0014843761
  -28.82803, 0.001456938, 0.0014867202
  -28.7893, 0.002042838, 0.0014914131
  -28.731205, 0.001632708, 0.0014984639
  -28.72475, 0.001257732, 0.0014992482
  -28.692475, 0.001238202, 0.0015031721
  -28.67311, 0.001390536, 0.0015055285
  -28.666655, 0.00115227, 0.0015063143
  -28.653745, 0.001238202, 0.0015078863
  -28.627925, 0.001441314, 0.0015110325
  -28.589195, 0.001847538, 0.0015157566
  -28.54401, 0.001585836, 0.0015212756
  -28.537555, 0.00123039, 0.0015220646
  -28.5311, 0.00130851, 0.0015228539
  -28.50528, 0.001453032, 0.0015260124
  -28.46655, 0.001597554, 0.001530755
  -28.434275, 0.001730358, 0.0015347116
  -28.41491, 0.001550682, 0.0015370874
  -28.37618, 0.001519434, 0.0015418433
  -28.330995, 0.001870974, 0.0015473989
  -28.279355, 0.001535058, 0.0015537574
  -28.266445, 0.001417878, 0.0015553485
  -28.24708, 0.001535058, 0.0015577364
  -28.20835, 0.001652238, 0.0015625161
  -28.176075, 0.001898316, 0.0015665033
  -28.13089, 0.001781136, 0.0015720915
  -28.085705, 0.001597554, 0.0015776868
  -28.05343, 0.001554588, 0.0015816878
  -28.034065, 0.001605366, 0.0015840901
  -27.97597, 0.001632708, 0.0015913045
  -27.943695, 0.001812384, 0.0015953174
  -27.89851, 0.002085804, 0.0016009411
  -27.853325, 0.001671768, 0.0016065715
  -27.827505, 0.001331946, 0.0016097917
  -27.788775, 0.001570212, 0.001614626
  -27.750045, 0.00164052, 0.001619465
  -27.737135, 0.00154287, 0.001621079
  -27.70486, 0.001437408, 0.0016251163
  -27.659675, 0.001351476, 0.0016307737
  -27.64031, 0.001589742, 0.0016332002
  -27.608035, 0.001792854, 0.0016372467
  -27.569305, 0.001398348, 0.0016421065
  -27.517665, 0.00158193, 0.0016485929
  -27.491845, 0.00169911, 0.0016518389
  -27.45957, 0.001691298, 0.001655899
  -27.42084, 0.001695204, 0.0016607747
  -27.38211, 0.001663956, 0.0016656545
  -27.349835, 0.001472562, 0.001669724
  -27.324015, 0.001574118, 0.0016729814
  -27.285285, 0.001749888, 0.0016778708
  -27.26592, 0.001374912, 0.0016803169
  -27.246555, 0.001382724, 0.0016827639
  -27.18846, 0.001535058, 0.0016901104
  -27.14973, 0.001624896, 0.0016950125
  -27.130365, 0.001511622, 0.0016974648
  -27.104545, 0.001566306, 0.0017007359
  -27.078725, 0.001546776, 0.0017040085
  -27.039995, 0.001824102, 0.0017089201
  -26.988355, 0.001820196, 0.0017154738
  -26.95608, 0.001691298, 0.0017195727
  -26.91735, 0.001749888, 0.0017244942
  -26.885075, 0.001663956, 0.0017285977
  -26.83989, 0.002019402, 0.0017343458
  -26.768885, 0.002054556, 0.0017433863
  -26.730155, 0.001906128, 0.0017483211
  -26.67206, 0.001831914, 0.0017557281
  -26.60751, 0.001788948, 0.0017639643
  -26.56878, 0.001441314, 0.001768909
  -26.562325, 0.001613178, 0.0017697333
  -26.523595, 0.002077992, 0.0017746805
  -26.459045, 0.00207018, 0.0017829302
  -26.394495, 0.002191266, 0.001791185
  -26.32349, 0.002253762, 0.0018002707
  -26.265395, 0.001882692, 0.0018077083
  -26.24603, 0.001636614, 0.0018101882
  -26.2073, 0.001831914, 0.0018151489
  -26.136295, 0.001976436, 0.0018242466
  -26.06529, 0.002120958, 0.0018333476
  -26.00074, 0.001995966, 0.0018416236
  -25.955555, 0.002023308, 0.0018474179
  -25.903915, 0.00199206, 0.0018540408
  -25.878095, 0.001538964, 0.0018573524
  -25.839365, 0.001609272, 0.0018623201
  -25.787725, 0.001831914, 0.001868944
  -25.72963, 0.00179676, 0.0018763957
  -25.6909, 0.001910034, 0.0018813634
  -25.658625, 0.001839726, 0.0018855029
  -25.60053, 0.00197253, 0.0018929533
  -25.542435, 0.002132676, 0.0019004023
  -25.464975, 0.002406096, 0.0019103317
  -25.387515, 0.002296728, 0.0019202569
  -25.32942, 0.00158193, 0.0019276976
  -25.3036, 0.002003778, 0.0019310036
  -25.25196, 0.002253762, 0.0019376134
  -25.1745, 0.002007684, 0.0019475222
  -25.103495, 0.002117052, 0.0019565983
  -25.038945, 0.002202984, 0.0019648428
  -24.961485, 0.001906128, 0.001974727
  -24.922755, 0.001773324, 0.0019796651
  -24.871115, 0.001828008, 0.0019862446
  -24.82593, 0.001617084, 0.0019919972
  -24.77429, 0.001820196, 0.0019985661
  -24.729105, 0.002132676, 0.0020043089
  -24.638735, 0.00197253, 0.0020157793
  -24.612915, 0.00232407, 0.0020190527
  -24.587095, 0.00173817, 0.0020223242
  -24.574185, 0.001851444, 0.0020239592
  -24.509635, 0.002410002, 0.0020321273
  -24.432175, 0.002202984, 0.0020419124
  -24.3999, 0.002120958, 0.0020459839
  -24.328895, 0.002257668, 0.0020549289
  -24.251435, 0.00185535, 0.0020646667
  -24.199795, 0.001742076, 0.0020711462
  -24.16752, 0.001765512, 0.0020751907
  -24.122335, 0.00181629, 0.0020808459
  -24.07715, 0.00160146, 0.0020864927
  -24.057785, 0.001949094, 0.0020889101
  -24.0126, 0.001714734, 0.0020945443
  -23.96096, 0.002058462, 0.0021009723
  -23.8835, 0.002367036, 0.0021105911
  -23.81895, 0.002132676, 0.0021185845
  -23.78022, 0.001960812, 0.0021233705
  -23.74149, 0.002015496, 0.0021281487
  -23.67694, 0.00210924, 0.0021360945
  -23.618845, 0.00191394, 0.002143226
  -23.580115, 0.001956906, 0.0021479697
  -23.53493, 0.001968624, 0.0021534928
  -23.47038, 0.001956906, 0.0021613617
  -23.39292, 0.002191266, 0.0021707699
  -23.334825, 0.001843632, 0.0021778005
  -23.283185, 0.00207018, 0.0021840309
  -23.231545, 0.001886598, 0.002190243
  -23.17345, 0.00199206, 0.0021972089
  -23.12181, 0.002163924, 0.0022033801
  -23.089535, 0.00205065, 0.002207227
  -23.037895, 0.002238138, 0.0022133655
  -22.986255, 0.00187488, 0.0022194831
  -22.934615, 0.002058462, 0.0022255793
  -22.86361, 0.002566242, 0.0022339257
  -22.779695, 0.00275373, 0.0022437343
  -22.68287, 0.002609208, 0.0022549744
  -22.57959, 0.002425626, 0.0022668683
  -22.51504, 0.002249856, 0.0022742499
  -22.469855, 0.002120958, 0.0022793924
  -22.431125, 0.002191266, 0.0022837839
  -22.34721, 0.002351412, 0.0022932452
  -22.276205, 0.002316258, 0.0023011923
  -22.2052, 0.00226548, 0.0023090839
  -22.12774, 0.002300634, 0.0023176278
  -22.069645, 0.00226548, 0.0023239899
  -22.005095, 0.002398284, 0.0023310114
  -21.93409, 0.002452968, 0.002338676
  -21.863085, 0.002683422, 0.002346277
  -21.785625, 0.002413908, 0.0023544945
  -21.71462, 0.002300634, 0.0023619569
  -21.63716, 0.002394378, 0.0023700188
  -21.54679, 0.002374848, 0.0023793172
  -21.46933, 0.002663892, 0.0023871926
  -21.385415, 0.002452968, 0.0023956228
  -21.32732, 0.002171736, 0.0024013955
  -21.26277, 0.002488122, 0.0024077472
  -21.191765, 0.002249856, 0.0024146564
  -21.10785, 0.002214702, 0.0024227142
  -21.023935, 0.002472498, 0.0024306522
  -20.96584, 0.002347506, 0.0024360757
  -20.88838, 0.00251937, 0.0024432132
  -20.79801, 0.002648268, 0.0024514012
  -20.72055, 0.002550618, 0.002458297
  -20.63018, 0.002659986, 0.0024661952
  -20.533355, 0.002757636, 0.0024744768
  -20.455895, 0.00257796, 0.0024809637
  -20.365525, 0.002574054, 0.0024883718
  -20.29452, 0.002269386, 0.0024940686
  -20.197695, 0.002531088, 0.0025016565
  -20.1396, 0.002503746, 0.002506107
  -20.06214, 0.002628738, 0.0025119188

Analysis metadata
  Created at:              2026-06-17T10:24:18
  Probe configuration:     single
  Fit procedure:           Four-parameter SLP fit
