Single Langmuir probe analysis: 2026_06_10_SLP_ACQ20
====================================================
Samples available:         22578
Samples fitted:            7173
Voltage range:             -63.63 to 19.08 V
Current range:             -5.7418e-04 to 5.0243e-02 A

Fit model
  I = Is * (1 + R * (V - Vf)) * (exp((V - Vf) / Te) - 1)

Plasma parameters
  Electron temperature Te: 0.0909514 eV
  Electron density n:      -5.594841e+18 m^-3
  Ion saturation Is:       -1.330593e-03 A
  Floating potential Vf:   -25.1023 V
  Plasma potential Vp:     -24.7356 V
  R correction:            0.0225425

Derived quantities
  Probe area:              2.010000e-06 m^2
  Ion mass:                4 amu
  Sound speed:             1.476981e+03 m/s
  Alpha:                   4.03165

Fit quality
  R-squared:               0.021739

Fit data
  voltage_V, current_A, fitted_current_A
  -63.63339, -0.000222642, 0.00017485522
  -63.626935, 0.002046744, 0.00017504884
  -63.59466, -7.4214e-05, 0.00017601692
  -63.59466, 0.000226548, 0.00017601692
  -63.588205, -5.0778e-05, 0.00017621054
  -63.575295, -7.812e-05, 0.00017659777
  -63.562385, 0.001941282, 0.00017698501
  -63.562385, -0.00021483, 0.00017698501
  -63.55593, -7.812e-06, 0.00017717863
  -63.549475, -3.1248e-05, 0.00017737224
  -63.549475, 0.000363258, 0.00017737224
  -63.54302, 0, 0.00017756586
  -63.54302, 1.5624e-05, 0.00017756586
  -63.54302, -5.0778e-05, 0.00017756586
  -63.536565, -3.1248e-05, 0.00017775948
  -63.536565, -6.6402e-05, 0.00017775948
  -63.53011, -4.2966e-05, 0.00017795309
  -63.53011, 0.001460844, 0.00017795309
  -63.53011, -2.3436e-05, 0.00017795309
  -63.5172, 3.906e-05, 0.00017834033
  -63.510745, -0.000457002, 0.00017853395
  -63.510745, 0.00074214, 0.00017853395
  -63.510745, -1.953e-05, 0.00017853395
  -63.50429, -3.906e-06, 0.00017872756
  -63.50429, 0.000523404, 0.00017872756
  -63.50429, 5.859e-05, 0.00017872756
  -63.50429, -3.5154e-05, 0.00017872756
  -63.497835, -7.812e-06, 0.00017892118
  -63.484925, 8.2026e-05, 0.00017930842
  -63.484925, -9.3744e-05, 0.00017930842
  -63.484925, 0.000417942, 0.00017930842
  -63.484925, 0.000539028, 0.00017930842
  -63.484925, 0.005288724, 0.00017930842
  -63.47847, 3.906e-06, 0.00017950203
  -63.472015, -5.4684e-05, 0.00017969565
  -63.472015, -0.000433566, 0.00017969565
  -63.472015, 0.001027278, 0.00017969565
  -63.472015, 9.765e-05, 0.00017969565
  -63.472015, 0.000144522, 0.00017969565
  -63.472015, 0.0001953, 0.00017969565
  -63.472015, -3.906e-05, 0.00017969565
  -63.46556, 0.000328104, 0.00017988927
  -63.46556, 2.7342e-05, 0.00017988927
  -63.46556, -0.000414036, 0.00017988927
  -63.459105, -0.000246078, 0.00018008288
  -63.459105, -9.3744e-05, 0.00018008288
  -63.459105, 1.953e-05, 0.00018008288
  -63.459105, 0.000562464, 0.00018008288
  -63.459105, 0.000972594, 0.00018008288
  -63.459105, 0.000257796, 0.00018008288
  -63.459105, 3.906e-06, 0.00018008288
  -63.446195, 6.2496e-05, 0.00018047012
  -63.446195, 0.000445284, 0.00018047012
  -63.446195, -1.953e-05, 0.00018047012
  -63.446195, 0.000554652, 0.00018047012
  -63.446195, 4.2966e-05, 0.00018047012
  -63.43974, 3.5154e-05, 0.00018066374
  -63.43974, -8.2026e-05, 0.00018066374
  -63.43974, -2.7342e-05, 0.00018066374
  -63.43974, 6.6402e-05, 0.00018066374
  -63.43974, 0.000285138, 0.00018066374
  -63.433285, 0.000359352, 0.00018085735
  -63.433285, -7.0308e-05, 0.00018085735
  -63.433285, 0.001531152, 0.00018085735
  -63.42683, 0.00089838, 0.00018105097
  -63.42683, 0.000140616, 0.00018105097
  -63.42683, 7.812e-05, 0.00018105097
  -63.42683, 0.00083979, 0.00018105097
  -63.42683, -5.4684e-05, 0.00018105097
  -63.42683, 0.000433566, 0.00018105097
  -63.42683, 0.000152334, 0.00018105097
  -63.42683, 0.000203112, 0.00018105097
  -63.42683, -5.0778e-05, 0.00018105097
  -63.42683, -7.812e-06, 0.00018105097
  -63.420375, 0.00021483, 0.00018124459
  -63.420375, 0.000269514, 0.00018124459
  -63.420375, 9.765e-05, 0.00018124459
  -63.420375, 1.1718e-05, 0.00018124459
  -63.41392, -5.859e-05, 0.00018143821
  -63.41392, 0.000343728, 0.00018143821
  -63.407465, -3.906e-05, 0.00018163182
  -63.407465, 0.000101556, 0.00018163182
  -63.407465, 0.000109368, 0.00018163182
  -63.40101, 0.000519498, 0.00018182544
  -63.40101, 0.000581994, 0.00018182544
  -63.40101, -1.1718e-05, 0.00018182544
  -63.40101, 4.6872e-05, 0.00018182544
  -63.40101, -3.1248e-05, 0.00018182544
  -63.40101, 0.00041013, 0.00018182544
  -63.40101, 2.7342e-05, 0.00018182544
  -63.394555, 7.812e-06, 0.00018201906
  -63.394555, 0.00033201, 0.00018201906
  -63.394555, -1.5624e-05, 0.00018201906
  -63.394555, 7.4214e-05, 0.00018201906
  -63.3881, 0.000535122, 0.00018221267
  -63.3881, 2.3436e-05, 0.00018221267
  -63.3881, 9.3744e-05, 0.00018221267
  -63.3881, 0.000363258, 0.00018221267
  -63.3881, -3.5154e-05, 0.00018221267
  -63.381645, 0.000121086, 0.00018240629
  -63.381645, 0.000261702, 0.00018240629
  -63.37519, 0.000453096, 0.00018259991
  -63.37519, 1.953e-05, 0.00018259991
  -63.37519, 0.00025389, 0.00018259991
  -63.37519, 3.5154e-05, 0.00018259991
  -63.37519, 6.6402e-05, 0.00018259991
  -63.37519, 7.812e-06, 0.00018259991
  -63.37519, -2.3436e-05, 0.00018259991
  -63.37519, 0.000132804, 0.00018259991
  -63.368735, 0.000425754, 0.00018279353
  -63.368735, 0.000152334, 0.00018279353
  -63.368735, 0.000285138, 0.00018279353
  -63.36228, 4.2966e-05, 0.00018298714
  -63.36228, 0.000183582, 0.00018298714
  -63.36228, 0.000207018, 0.00018298714
  -63.355825, 0.000343728, 0.00018318076
  -63.355825, 0.000199206, 0.00018318076
  -63.355825, 6.2496e-05, 0.00018318076
  -63.34937, 8.2026e-05, 0.00018337438
  -63.342915, -7.812e-06, 0.000183568
  -63.342915, 0.00015624, 0.000183568
  -63.342915, 0.00011718, 0.000183568
  -63.330005, 0, 0.00018395523
  -63.29773, 2.3436e-05, 0.00018492332
  -63.291275, 4.2966e-05, 0.00018511693
  -63.259, 5.859e-05, 0.00018608502
  -63.252545, 0.002105334, 0.00018627864
  -63.239635, 7.4214e-05, 0.00018666587
  -63.20736, 0.000535122, 0.00018763396
  -63.20736, 0.000109368, 0.00018763396
  -63.187995, 0.00042966, 0.00018821481
  -63.187995, 0.00111321, 0.00018821481
  -63.187995, 0.00015624, 0.00018821481
  -63.175085, -0.000261702, 0.00018860204
  -63.175085, -5.0778e-05, 0.00018860204
  -63.16863, 0.000339822, 0.00018879566
  -63.16863, 0.000285138, 0.00018879566
  -63.16863, 0.000335916, 0.00018879566
  -63.162175, -7.812e-05, 0.00018898928
  -63.162175, 0.00021483, 0.00018898928
  -63.162175, -2.3436e-05, 0.00018898928
  -63.15572, 0.001371006, 0.0001891829
  -63.149265, 9.765e-05, 0.00018937651
  -63.149265, 7.812e-06, 0.00018937651
  -63.14281, 0.000453096, 0.00018957013
  -63.14281, 0.000261702, 0.00018957013
  -63.14281, -3.906e-05, 0.00018957013
  -63.14281, 0.000183582, 0.00018957013
  -63.14281, 3.1248e-05, 0.00018957013
  -63.14281, 4.2966e-05, 0.00018957013
  -63.14281, -3.906e-06, 0.00018957013
  -63.14281, 0.000367164, 0.00018957013
  -63.14281, 0.000140616, 0.00018957013
  -63.1299, 6.6402e-05, 0.00018995737
  -63.1299, -0.000218736, 0.00018995737
  -63.1299, 0.000570276, 0.00018995737
  -63.110535, -7.0308e-05, 0.00019053822
  -63.110535, 0.001081962, 0.00019053822
  -63.07826, -5.0778e-05, 0.0001915063
  -63.058895, 0.00054684, 0.00019208716
  -63.033075, 0.000433566, 0.00019286162
  -63.033075, 0.000347634, 0.00019286162
  -63.020165, -3.906e-05, 0.00019324886
  -63.020165, 0.000269514, 0.00019324886
  -62.994345, -2.7342e-05, 0.00019402333
  -62.97498, 0.0001953, 0.00019460418
  -62.968525, 0.000140616, 0.0001947978
  -62.942705, 7.0308e-05, 0.00019557227
  -62.942705, -1.953e-05, 0.00019557227
  -62.93625, 0.000105462, 0.00019576588
  -62.916885, 5.0778e-05, 0.00019634674
  -62.91043, -3.906e-06, 0.00019654035
  -62.88461, 2.3436e-05, 0.00019731482
  -62.878155, 1.1718e-05, 0.00019750844
  -62.8717, 3.906e-06, 0.00019770206
  -62.865245, 2.7342e-05, 0.00019789567
  -62.85879, -7.812e-06, 0.00019808929
  -62.839425, 5.0778e-05, 0.00019867014
  -62.82006, 7.0308e-05, 0.00019925099
  -62.80715, -2.3436e-05, 0.00019963823
  -62.79424, -4.2966e-05, 0.00020002546
  -62.76842, -5.859e-05, 0.00020079993
  -62.76842, 0.000105462, 0.00020079993
  -62.761965, 0.000148428, 0.00020099355
  -62.7426, -9.765e-05, 0.0002015744
  -62.736145, 0.000914004, 0.00020176802
  -62.723235, 0.000207018, 0.00020215525
  -62.71678, 0.00029295, 0.00020234887
  -62.710325, 0.000589806, 0.00020254249
  -62.70387, 0.000277326, 0.00020273611
  -62.697415, 0.000457002, 0.00020292972
  -62.69096, 0.000355446, 0.00020312334
  -62.67805, -0.000574182, 0.00020351057
  -62.619955, -0.000210924, 0.00020525313
  -62.607045, -6.6402e-05, 0.00020564036
  -62.594135, 0.003738042, 0.0002060276
  -62.58768, -4.6872e-05, 0.00020622122
  -62.54895, 0.000441378, 0.00020738292
  -62.542495, -2.3436e-05, 0.00020757654
  -62.516675, -3.906e-06, 0.00020835101
  -62.503765, -9.765e-05, 0.00020873824
  -62.49731, 1.5624e-05, 0.00020893186
  -62.477945, -6.2496e-05, 0.00020951271
  -62.47149, 0.003624768, 0.00020970633
  -62.45858, 2.3436e-05, 0.00021009356
  -62.439215, -5.0778e-05, 0.00021067441
  -62.41985, -1.5624e-05, 0.00021125527
  -62.41985, 4.2966e-05, 0.00021125527
  -62.41985, -3.5154e-05, 0.00021125527
  -62.413395, 6.2496e-05, 0.00021144888
  -62.400485, 8.2026e-05, 0.00021183612
  -62.38112, 0.000109368, 0.00021241697
  -62.374665, -7.812e-06, 0.00021261059
  -62.3553, 0.0011718, 0.00021319144
  -62.3553, 3.906e-06, 0.00021319144
  -62.348845, 0.000148428, 0.00021338506
  -62.348845, 0.000207018, 0.00021338506
  -62.34239, 0.00103509, 0.00021357867
  -62.335935, 1.953e-05, 0.00021377229
  -62.32948, 0.000535122, 0.00021396591
  -62.323025, 0.000265608, 0.00021415952
  -62.31657, 0.00042966, 0.00021435314
  -62.30366, 0.000335916, 0.00021474038
  -62.297205, 3.5154e-05, 0.00021493399
  -62.284295, 6.2496e-05, 0.00021532123
  -62.27784, 9.3744e-05, 0.00021551485
  -62.26493, 0.000324198, 0.00021590208
  -62.258475, 0.000503874, 0.0002160957
  -62.245565, 0.000140616, 0.00021648293
  -62.23911, 0.000511686, 0.00021667655
  -62.23911, 0.000199206, 0.00021667655
  -62.23911, -0.000492156, 0.00021667655
  -62.2262, 0.000964782, 0.00021706378
  -62.219745, 0.000414036, 0.0002172574
  -62.219745, 0.00025389, 0.0002172574
  -62.21329, 0.000328104, 0.00021745102
  -62.206835, -7.812e-05, 0.00021764464
  -62.168105, -5.0778e-05, 0.00021880634
  -62.14874, -3.5154e-05, 0.00021938719
  -62.13583, 0.001433502, 0.00021977443
  -62.129375, -2.3436e-05, 0.00021996804
  -62.116465, -0.00013671, 0.00022035528
  -62.116465, 0.000406224, 0.00022035528
  -62.103555, -1.1718e-05, 0.00022074251
  -62.08419, -5.4684e-05, 0.00022132336
  -62.08419, 0.000128898, 0.00022132336
  -62.077735, -3.906e-05, 0.00022151698
  -62.077735, 0, 0.00022151698
  -62.07128, 1.5624e-05, 0.0002217106
  -62.051915, -1.953e-05, 0.00022229145
  -62.04546, -1.5624e-05, 0.00022248507
  -62.04546, -0.000203112, 0.00022248507
  -62.039005, 3.5154e-05, 0.00022267868
  -62.03255, 5.4684e-05, 0.0002228723
  -62.026095, 8.5932e-05, 0.00022306592
  -62.026095, 0.00144522, 0.00022306592
  -62.01964, -6.2496e-05, 0.00022325954
  -62.01964, -3.906e-06, 0.00022325954
  -62.013185, 0.000601524, 0.00022345315
  -62.013185, 0.000378882, 0.00022345315
  -62.00673, -0.000406224, 0.00022364677
  -62.00673, 0.00011718, 0.00022364677
  -62.00673, 0.000167958, 0.00022364677
  -62.00673, 0.001355382, 0.00022364677
  -62.000275, 0.003288852, 0.00022384039
  -62.000275, 1.5624e-05, 0.00022384039
  -61.99382, -4.2966e-05, 0.00022403401
  -61.987365, 0.000222642, 0.00022422762
  -61.987365, -1.953e-05, 0.00022422762
  -61.98091, 0.000300762, 0.00022442124
  -61.98091, 0.000460908, 0.00022442124
  -61.974455, 0.001175706, 0.00022461486
  -61.968, 4.2966e-05, 0.00022480847
  -61.968, 0.00031248, 0.00022480847
  -61.961545, -0.000113274, 0.00022500209
  -61.961545, 0.000128898, 0.00022500209
  -61.961545, -5.4684e-05, 0.00022500209
  -61.95509, 7.812e-06, 0.00022519571
  -61.95509, 8.5932e-05, 0.00022519571
  -61.95509, -7.812e-06, 0.00022519571
  -61.95509, -3.5154e-05, 0.00022519571
  -61.95509, 5.4684e-05, 0.00022519571
  -61.948635, -0.00013671, 0.00022538933
  -61.948635, 0.000394506, 0.00022538933
  -61.948635, -3.1248e-05, 0.00022538933
  -61.94218, 0.000496062, 0.00022558294
  -61.94218, 0.00070308, 0.00022558294
  -61.935725, 0.000238266, 0.00022577656
  -61.935725, 0.000308574, 0.00022577656
  -61.935725, 0.001480374, 0.00022577656
  -61.935725, 0.002503746, 0.00022577656
  -61.92927, 0.000171864, 0.00022597018
  -61.922815, -5.859e-05, 0.0002261638
  -61.922815, -8.9838e-05, 0.0002261638
  -61.922815, 3.1248e-05, 0.0002261638
  -61.91636, 5.0778e-05, 0.00022635741
  -61.91636, -0.000406224, 0.00022635741
  -61.909905, -1.953e-05, 0.00022655103
  -61.909905, -4.2966e-05, 0.00022655103
  -61.909905, -5.859e-05, 0.00022655103
  -61.90345, -4.6872e-05, 0.00022674465
  -61.90345, 0.000101556, 0.00022674465
  -61.896995, 7.4214e-05, 0.00022693826
  -61.896995, -2.7342e-05, 0.00022693826
  -61.89054, 0.000179676, 0.00022713188
  -61.89054, 0.000667926, 0.00022713188
  -61.884085, 0.00048825, 0.0002273255
  -61.884085, 0.000402318, 0.0002273255
  -61.884085, 0.000132804, 0.0002273255
  -61.884085, 7.812e-06, 0.0002273255
  -61.87763, 1.5624e-05, 0.00022751912
  -61.87763, 0.000316386, 0.00022751912
  -61.87763, 0.000242172, 0.00022751912
  -61.871175, -1.5624e-05, 0.00022771273
  -61.871175, -3.1248e-05, 0.00022771273
  -61.871175, 0.000835884, 0.00022771273
  -61.86472, 0.000843696, 0.00022790635
  -61.86472, -0.000113274, 0.00022790635
  -61.858265, 6.2496e-05, 0.00022809997
  -61.858265, 3.1248e-05, 0.00022809997
  -61.85181, -5.0778e-05, 0.00022829359
  -61.85181, -2.3436e-05, 0.00022829359
  -61.85181, 0.00011718, 0.00022829359
  -61.85181, 2.3436e-05, 0.00022829359
  -61.85181, 0.00052731, 0.00022829359
  -61.845355, 8.5932e-05, 0.0002284872
  -61.8389, 3.906e-06, 0.00022868082
  -61.832445, -3.906e-06, 0.00022887444
  -61.832445, 0.003472434, 0.00022887444
  -61.832445, 0.000425754, 0.00022887444
  -61.832445, -3.5154e-05, 0.00022887444
  -61.82599, 0.000148428, 0.00022906805
  -61.82599, 0.000335916, 0.00022906805
  -61.82599, 0.000265608, 0.00022906805
  -61.82599, 0.000199206, 0.00022906805
  -61.819535, 4.2966e-05, 0.00022926167
  -61.819535, -6.6402e-05, 0.00022926167
  -61.819535, 0.00023436, 0.00022926167
  -61.819535, 0.001179612, 0.00022926167
  -61.819535, -0.000128898, 0.00022926167
  -61.81308, 2.3436e-05, 0.00022945529
  -61.81308, 4.2966e-05, 0.00022945529
  -61.81308, -1.1718e-05, 0.00022945529
  -61.806625, 6.6402e-05, 0.00022964891
  -61.793715, 3.906e-06, 0.00023003614
  -61.793715, 0.000523404, 0.00023003614
  -61.78726, 0.000124992, 0.00023022976
  -61.78726, 0.000421848, 0.00023022976
  -61.780805, -3.5154e-05, 0.00023042338
  -61.780805, -4.6872e-05, 0.00023042338
  -61.780805, 5.859e-05, 0.00023042338
  -61.780805, 8.5932e-05, 0.00023042338
  -61.780805, 0.000171864, 0.00023042338
  -61.77435, 9.3744e-05, 0.00023061699
  -61.767895, -1.953e-05, 0.00023081061
  -61.767895, 0.000128898, 0.00023081061
  -61.76144, 0.00033201, 0.00023100423
  -61.76144, 0.000183582, 0.00023100423
  -61.76144, 1.953e-05, 0.00023100423
  -61.76144, 0.000249984, 0.00023100423
  -61.74853, 4.2966e-05, 0.00023139146
  -61.729165, -7.812e-06, 0.00023197231
  -61.729165, 0.000734328, 0.00023197231
  -61.72271, 1.1718e-05, 0.00023216593
  -61.72271, 0.000519498, 0.00023216593
  -61.72271, 0.003351348, 0.00023216593
  -61.716255, 0.000496062, 0.00023235955
  -61.716255, 3.1248e-05, 0.00023235955
  -61.7098, 8.5932e-05, 0.00023255316
  -61.7098, 5.859e-05, 0.00023255316
  -61.703345, -0.000148428, 0.00023274678
  -61.703345, 6.2496e-05, 0.00023274678
  -61.69689, 0.000316386, 0.0002329404
  -61.68398, 0.000402318, 0.00023332763
  -61.68398, 0.00011718, 0.00023332763
  -61.68398, 7.4214e-05, 0.00023332763
  -61.677525, -5.4684e-05, 0.00023352125
  -61.67107, -7.0308e-05, 0.00023371487
  -61.67107, 0.00023436, 0.00023371487
  -61.67107, 0.000167958, 0.00023371487
  -61.65816, 0.000675738, 0.0002341021
  -61.651705, 0.000101556, 0.00023429572
  -61.64525, -2.3436e-05, 0.00023448934
  -61.64525, 0.000777294, 0.00023448934
  -61.64525, 0, 0.00023448934
  -61.64525, 0.0025389, 0.00023448934
  -61.64525, -3.5154e-05, 0.00023448934
  -61.64525, 0.000144522, 0.00023448934
  -61.63234, 0.000265608, 0.00023487657
  -61.625885, 0.00109368, 0.00023507019
  -61.625885, 0.000199206, 0.00023507019
  -61.625885, -0.00015624, 0.00023507019
  -61.61943, 1.1718e-05, 0.00023526381
  -61.612975, 0.000402318, 0.00023545742
  -61.60652, 0.000503874, 0.00023565104
  -61.60652, -7.4214e-05, 0.00023565104
  -61.60652, -0.000265608, 0.00023565104
  -61.600065, 0.00023436, 0.00023584466
  -61.600065, 0.000343728, 0.00023584466
  -61.600065, 0.000316386, 0.00023584466
  -61.59361, 0.000812448, 0.00023603828
  -61.59361, 0.000425754, 0.00023603828
  -61.587155, 5.4684e-05, 0.00023623189
  -61.587155, 3.1248e-05, 0.00023623189
  -61.587155, 8.9838e-05, 0.00023623189
  -61.5807, 0.000124992, 0.00023642551
  -61.5807, -3.906e-05, 0.00023642551
  -61.574245, 0.000171864, 0.00023661913
  -61.574245, -5.4684e-05, 0.00023661913
  -61.56779, 0.000531216, 0.00023681274
  -61.56779, 0.000480438, 0.00023681274
  -61.56779, 0.000679644, 0.00023681274
  -61.561335, -7.812e-06, 0.00023700636
  -61.55488, -9.3744e-05, 0.00023719998
  -61.55488, -2.3436e-05, 0.00023719998
  -61.548425, 3.1248e-05, 0.0002373936
  -61.535515, 7.812e-06, 0.00023778083
  -61.535515, 7.0308e-05, 0.00023778083
  -61.535515, 5.0778e-05, 0.00023778083
  -61.535515, 0.0003906, 0.00023778083
  -61.535515, 0.00269514, 0.00023778083
  -61.52906, 0.000300762, 0.00023797445
  -61.52906, 0.000109368, 0.00023797445
  -61.522605, -4.6872e-05, 0.00023816807
  -61.51615, 0.00015624, 0.00023836168
  -61.496785, 0.000218736, 0.00023894253
  -61.470965, -0.000300762, 0.000239717
  -61.470965, -2.7342e-05, 0.000239717
  -61.46451, 0.000695268, 0.00023991062
  -61.458055, 0.00111321, 0.00024010424
  -61.458055, -7.812e-06, 0.00024010424
  -61.4516, -0.000183582, 0.00024029786
  -61.43869, 0.000499968, 0.00024068509
  -61.432235, 1.5624e-05, 0.00024087871
  -61.432235, 0.000386694, 0.00024087871
  -61.432235, -6.2496e-05, 0.00024087871
  -61.419325, -5.0778e-05, 0.00024126594
  -61.41287, 0.000300762, 0.00024145956
  -61.41287, -3.1248e-05, 0.00024145956
  -61.406415, 7.812e-06, 0.00024165318
  -61.406415, 5.859e-05, 0.00024165318
  -61.406415, 0.000226548, 0.00024165318
  -61.406415, 0.00171864, 0.00024165318
  -61.406415, 0.00062496, 0.00024165318
  -61.39996, -7.812e-06, 0.00024184679
  -61.39996, -1.953e-05, 0.00024184679
  -61.393505, 0.000480438, 0.00024204041
  -61.393505, 8.2026e-05, 0.00024204041
  -61.393505, 3.906e-05, 0.00024204041
  -61.393505, 0.00011718, 0.00024204041
  -61.393505, 0.000171864, 0.00024204041
  -61.393505, 2.7342e-05, 0.00024204041
  -61.38705, -0.000289044, 0.00024223403
  -61.37414, -7.812e-05, 0.00024262126
  -61.367685, 4.6872e-05, 0.00024281488
  -61.367685, -4.2966e-05, 0.00024281488
  -61.367685, -5.859e-05, 0.00024281488
  -61.36123, 0.000160146, 0.0002430085
  -61.36123, 0.000218736, 0.0002430085
  -61.354775, 0.00029295, 0.00024320211
  -61.354775, 0.000374976, 0.00024320211
  -61.354775, 3.1248e-05, 0.00024320211
  -61.34832, 1.1718e-05, 0.00024339573
  -61.341865, 7.4214e-05, 0.00024358935
  -61.341865, 0.000113274, 0.00024358935
  -61.341865, 7.0308e-05, 0.00024358935
  -61.341865, -2.7342e-05, 0.00024358935
  -61.33541, 5.4684e-05, 0.00024378297
  -61.328955, -1.1718e-05, 0.00024397658
  -61.29668, 0.000101556, 0.00024494467
  -61.290225, 0.000128898, 0.00024513829
  -61.27086, 0.001781136, 0.00024571914
  -61.25795, -0.000289044, 0.00024610637
  -61.251495, 0.001726452, 0.00024629999
  -61.24504, 0.00056637, 0.00024649361
  -61.24504, 0.000160146, 0.00024649361
  -61.225675, -9.3744e-05, 0.00024707446
  -61.21922, 0.00035154, 0.00024726808
  -61.21922, 0.000285138, 0.00024726808
  -61.21922, 0.000210924, 0.00024726808
  -61.199855, 0.000550746, 0.00024784893
  -61.199855, 0.000453096, 0.00024784893
  -61.1934, 0.001050714, 0.00024804255
  -61.186945, 0.000433566, 0.00024823616
  -61.174035, -4.2966e-05, 0.0002486234
  -61.16758, 0.000355446, 0.00024881702
  -61.161125, 0.000199206, 0.00024901063
  -61.14176, 0.000269514, 0.00024959148
  -61.14176, -2.7342e-05, 0.00024959148
  -61.109485, 0.000101556, 0.00025055957
  -61.109485, 0.000140616, 0.00025055957
  -61.10303, 7.4214e-05, 0.00025075319
  -61.083665, 4.6872e-05, 0.00025133404
  -61.083665, -7.812e-06, 0.00025133404
  -61.07721, 1.5624e-05, 0.00025152766
  -61.07721, 2.7342e-05, 0.00025152766
  -61.0643, 0, 0.00025191489
  -61.0643, -1.1718e-05, 0.00025191489
  -61.05139, 2.7342e-05, 0.00025230213
  -61.03848, -1.5624e-05, 0.00025268936
  -61.02557, 0.002956842, 0.0002530766
  -61.019115, 5.0778e-05, 0.00025327021
  -61.01266, -7.0308e-05, 0.00025346383
  -61.01266, -4.2966e-05, 0.00025346383
  -61.01266, -3.5154e-05, 0.00025346383
  -61.006205, -8.2026e-05, 0.00025365745
  -60.99975, -5.859e-05, 0.00025385106
  -60.993295, 8.2026e-05, 0.00025404468
  -60.98684, -0.000304668, 0.0002542383
  -60.97393, 0.000101556, 0.00025462553
  -60.97393, -5.0778e-05, 0.00025462553
  -60.954565, -3.906e-06, 0.00025520639
  -60.954565, 0.000718704, 0.00025520639
  -60.94811, 0.000124992, 0.0002554
  -60.94811, -2.7342e-05, 0.0002554
  -60.9352, 0.000167958, 0.00025578724
  -60.90938, 0.000218736, 0.00025656171
  -60.89647, 1.1718e-05, 0.00025694894
  -60.89647, 0.000285138, 0.00025694894
  -60.89647, 0.00148428, 0.00025694894
  -60.877105, 0.000871038, 0.00025752979
  -60.87065, 1.953e-05, 0.00025772341
  -60.87065, 0.00035154, 0.00025772341
  -60.864195, 0.000445284, 0.00025791703
  -60.85774, 0.000570276, 0.00025811064
  -60.83192, 3.906e-05, 0.00025888511
  -60.8061, 6.6402e-05, 0.00025965958
  -60.786735, 8.9838e-05, 0.00026024043
  -60.78028, 0.000539028, 0.00026043405
  -60.773825, 0.00011718, 0.00026062767
  -60.75446, 0.000160146, 0.00026120852
  -60.74155, 0.00037107, 0.00026159576
  -60.72864, 0.00021483, 0.00026198299
  -60.722185, -0.000160146, 0.00026217661
  -60.722185, 0.000578088, 0.00026217661
  -60.71573, 0.00029295, 0.00026237022
  -60.71573, 0.000882756, 0.00026237022
  -60.71573, 0.00042966, 0.00026237022
  -60.709275, 0.000453096, 0.00026256384
  -60.657635, -0.000359352, 0.00026411278
  -60.63827, -7.0308e-05, 0.00026469363
  -60.62536, 0.000335916, 0.00026508087
  -60.59954, -4.2966e-05, 0.00026585534
  -60.593085, -1.953e-05, 0.00026604895
  -60.567265, 3.906e-06, 0.00026682342
  -60.5479, 0.000257796, 0.00026740427
  -60.528535, 1.1718e-05, 0.00026798513
  -60.50917, 0.000999936, 0.00026856598
  -60.502715, 3.5154e-05, 0.00026875959
  -60.502715, -0.000230454, 0.00026875959
  -60.489805, 5.4684e-05, 0.00026914683
  -60.47044, 0.00121086, 0.00026972768
  -60.47044, 0.000101556, 0.00026972768
  -60.463985, -6.2496e-05, 0.0002699213
  -60.463985, 7.812e-05, 0.0002699213
  -60.451075, -6.2496e-05, 0.00027030853
  -60.44462, 0.000300762, 0.00027050215
  -60.44462, 0.00046872, 0.00027050215
  -60.44462, 0.000128898, 0.00027050215
  -60.44462, 0.00023436, 0.00027050215
  -60.438165, 0.000187488, 0.00027069577
  -60.438165, 0.00017577, 0.00027069577
  -60.438165, 0.000593712, 0.00027069577
  -60.43171, -5.4684e-05, 0.00027088938
  -60.43171, -4.2966e-05, 0.00027088938
  -60.425255, 0.000382788, 0.000271083
  -60.40589, 0.003542742, 0.00027166385
  -60.40589, -2.3436e-05, 0.00027166385
  -60.399435, 3.906e-06, 0.00027185747
  -60.39298, -4.6872e-05, 0.00027205109
  -60.38007, 1.953e-05, 0.00027243832
  -60.373615, 0.0001953, 0.00027263194
  -60.36716, 3.5154e-05, 0.00027282556
  -60.35425, 0.000132804, 0.00027321279
  -60.347795, -3.5154e-05, 0.00027340641
  -60.334885, -1.5624e-05, 0.00027379364
  -60.334885, 5.0778e-05, 0.00027379364
  -60.31552, 0.001339758, 0.0002743745
  -60.31552, 7.0308e-05, 0.0002743745
  -60.309065, -0.000316386, 0.00027456811
  -60.309065, -3.906e-06, 0.00027456811
  -60.309065, 0.000132804, 0.00027456811
  -60.309065, 1.5624e-05, 0.00027456811
  -60.30261, 0.000589806, 0.00027476173
  -60.30261, 3.5154e-05, 0.00027476173
  -60.30261, 0.000101556, 0.00027476173
  -60.296155, 0.00023436, 0.00027495535
  -60.2897, 0.000300762, 0.00027514896
  -60.283245, 0.000472626, 0.00027534258
  -60.283245, -3.906e-05, 0.00027534258
  -60.283245, -6.2496e-05, 0.00027534258
  -60.283245, 0.000171864, 0.00027534258
  -60.270335, 0.000378882, 0.00027572982
  -60.270335, 4.6872e-05, 0.00027572982
  -60.270335, 0.000992124, 0.00027572982
  -60.26388, -1.953e-05, 0.00027592343
  -60.257425, -0.000378882, 0.00027611705
  -60.25097, 0.000101556, 0.00027631067
  -60.244515, 6.6402e-05, 0.00027650429
  -60.244515, 9.765e-05, 0.00027650429
  -60.23806, 0.000816354, 0.0002766979
  -60.23806, 0.000515592, 0.0002766979
  -60.23806, -0.000105462, 0.0002766979
  -60.231605, 0.000421848, 0.00027689152
  -60.22515, 2.7342e-05, 0.00027708514
  -60.22515, 1.1718e-05, 0.00027708514
  -60.22515, 0.00013671, 0.00027708514
  -60.218695, 0.000191394, 0.00027727875
  -60.218695, 0.00033201, 0.00027727875
  -60.218695, 0.002253762, 0.00027727875
  -60.21224, 0.000257796, 0.00027747237
  -60.21224, -6.2496e-05, 0.00027747237
  -60.192875, 5.859e-05, 0.00027805322
  -60.192875, 3.906e-05, 0.00027805322
  -60.192875, -4.2966e-05, 0.00027805322
  -60.167055, -2.3436e-05, 0.00027882769
  -60.1606, 0.00013671, 0.00027902131
  -60.1606, 8.2026e-05, 0.00027902131
  -60.1606, 0.000593712, 0.00027902131
  -60.1606, 0.000109368, 0.00027902131
  -60.154145, 0.000472626, 0.00027921493
  -60.154145, 0.000179676, 0.00027921493
  -60.154145, 0.000246078, 0.00027921493
  -60.14769, -1.5624e-05, 0.00027940854
  -60.141235, 0.000304668, 0.00027960216
  -60.13478, 3.906e-06, 0.00027979578
  -60.128325, 0.000382788, 0.0002799894
  -60.12187, 7.0308e-05, 0.00028018301
  -60.10896, 0.001593648, 0.00028057025
  -60.10896, 1.5624e-05, 0.00028057025
  -60.09605, -0.000246078, 0.00028095748
  -60.089595, 4.2966e-05, 0.0002811511
  -60.076685, 5.859e-05, 0.00028153833
  -60.07023, 0.001519434, 0.00028173195
  -60.063775, -5.859e-05, 0.00028192557
  -60.05732, 0.000757764, 0.00028211919
  -60.050865, -9.3744e-05, 0.0002823128
  -60.037955, 8.5932e-05, 0.00028270004
  -60.025045, -3.5154e-05, 0.00028308727
  -60.025045, -0.00029295, 0.00028308727
  -60.01859, -0.000140616, 0.00028328089
  -60.01859, 0.000113274, 0.00028328089
  -60.01859, 0.001769418, 0.00028328089
  -60.012135, -5.0778e-05, 0.00028347451
  -60.00568, -9.765e-05, 0.00028366812
  -60.00568, -6.6402e-05, 0.00028366812
  -59.999225, 0.00109368, 0.00028386174
  -59.999225, 0.002054556, 0.00028386174
  -59.99277, -1.5624e-05, 0.00028405536
  -59.99277, 0.000160146, 0.00028405536
  -59.986315, 0.000218736, 0.00028424898
  -59.986315, -5.859e-05, 0.00028424898
  -59.986315, -0.00027342, 0.00028424898
  -59.97986, 0.000289044, 0.00028444259
  -59.97986, -3.906e-05, 0.00028444259
  -59.973405, 0.000367164, 0.00028463621
  -59.96695, 0.000581994, 0.00028482983
  -59.96695, -3.906e-05, 0.00028482983
  -59.960495, 0.000460908, 0.00028502345
  -59.960495, -8.2026e-05, 0.00028502345
  -59.960495, -5.0778e-05, 0.00028502345
  -59.960495, -5.0778e-05, 0.00028502345
  -59.960495, 3.906e-05, 0.00028502345
  -59.960495, 1.1718e-05, 0.00028502345
  -59.95404, 0.000382788, 0.00028521706
  -59.95404, -2.7342e-05, 0.00028521706
  -59.95404, 0.000734328, 0.00028521706
  -59.95404, -3.5154e-05, 0.00028521706
  -59.947585, -9.3744e-05, 0.00028541068
  -59.947585, -1.5624e-05, 0.00028541068
  -59.94113, 0.001031184, 0.0002856043
  -59.94113, 0.000535122, 0.0002856043
  -59.934675, 2.7342e-05, 0.00028579791
  -59.934675, -7.812e-06, 0.00028579791
  -59.934675, -1.1718e-05, 0.00028579791
  -59.92822, 0, 0.00028599153
  -59.92822, 0.003011526, 0.00028599153
  -59.92822, -0.000269514, 0.00028599153
  -59.92822, -3.5154e-05, 0.00028599153
  -59.921765, -2.7342e-05, 0.00028618515
  -59.921765, 2.3436e-05, 0.00028618515
  -59.921765, -7.4214e-05, 0.00028618515
  -59.91531, 4.2966e-05, 0.00028637877
  -59.91531, 1.953e-05, 0.00028637877
  -59.908855, 0.000828072, 0.00028657238
  -59.908855, 0.002179548, 0.00028657238
  -59.9024, -2.7342e-05, 0.000286766
  -59.9024, -5.4684e-05, 0.000286766
  -59.9024, 0.001140552, 0.000286766
  -59.9024, -7.812e-06, 0.000286766
  -59.895945, 0.00042966, 0.00028695962
  -59.895945, -4.6872e-05, 0.00028695962
  -59.895945, 4.2966e-05, 0.00028695962
  -59.88949, -3.906e-06, 0.00028715324
  -59.88949, -0.00048825, 0.00028715324
  -59.88949, 0.000335916, 0.00028715324
  -59.88949, 0.0001953, 0.00028715324
  -59.88949, 0.000257796, 0.00028715324
  -59.883035, 6.6402e-05, 0.00028734685
  -59.883035, 5.0778e-05, 0.00028734685
  -59.883035, 8.9838e-05, 0.00028734685
  -59.883035, -0.00011718, 0.00028734685
  -59.883035, -2.7342e-05, 0.00028734685
  -59.883035, 0.00056637, 0.00028734685
  -59.883035, 3.906e-06, 0.00028734685
  -59.87658, 0.00531216, 0.00028754047
  -59.87658, -1.5624e-05, 0.00028754047
  -59.87658, -3.906e-05, 0.00028754047
  -59.870125, 0.000453096, 0.00028773409
  -59.870125, 0.00013671, 0.00028773409
  -59.870125, 0.000718704, 0.00028773409
  -59.86367, -1.1718e-05, 0.0002879277
  -59.857215, 3.1248e-05, 0.00028812132
  -59.857215, 0, 0.00028812132
  -59.857215, 6.6402e-05, 0.00028812132
  -59.857215, 7.4214e-05, 0.00028812132
  -59.857215, 0, 0.00028812132
  -59.857215, -5.859e-05, 0.00028812132
  -59.85076, 0.000203112, 0.00028831494
  -59.85076, 5.0778e-05, 0.00028831494
  -59.85076, 0.000101556, 0.00028831494
  -59.85076, 0.000148428, 0.00028831494
  -59.85076, 0.004019274, 0.00028831494
  -59.85076, 0.000484344, 0.00028831494
  -59.85076, 0.00050778, 0.00028831494
  -59.844305, 0.000308574, 0.00028850856
  -59.844305, 1.953e-05, 0.00028850856
  -59.844305, 3.906e-05, 0.00028850856
  -59.844305, 8.9838e-05, 0.00028850856
  -59.844305, 7.812e-06, 0.00028850856
  -59.844305, 0.000609336, 0.00028850856
  -59.844305, 0.000359352, 0.00028850856
  -59.83785, 0.000324198, 0.00028870217
  -59.83785, 0.000187488, 0.00028870217
  -59.83785, 1.1718e-05, 0.00028870217
  -59.83785, 7.0308e-05, 0.00028870217
  -59.83785, 0.000414036, 0.00028870217
  -59.83785, 0.0003906, 0.00028870217
  -59.831395, 0.000242172, 0.00028889579
  -59.831395, 0.000101556, 0.00028889579
  -59.831395, 0.00027342, 0.00028889579
  -59.831395, 0.00070308, 0.00028889579
  -59.831395, -5.0778e-05, 0.00028889579
  -59.831395, 7.4214e-05, 0.00028889579
  -59.82494, -3.1248e-05, 0.00028908941
  -59.82494, 0.000124992, 0.00028908941
  -59.82494, 0.000167958, 0.00028908941
  -59.82494, 8.9838e-05, 0.00028908941
  -59.82494, 2.7342e-05, 0.00028908941
  -59.818485, 0.000226548, 0.00028928303
  -59.818485, 0.000132804, 0.00028928303
  -59.805575, -1.953e-05, 0.00028967026
  -59.805575, 6.2496e-05, 0.00028967026
  -59.805575, 3.906e-05, 0.00028967026
  -59.805575, 1.953e-05, 0.00028967026
  -59.79912, 0.000484344, 0.00028986388
  -59.79912, 0.000121086, 0.00028986388
  -59.79912, 5.0778e-05, 0.00028986388
  -59.78621, 8.5932e-05, 0.00029025111
  -59.78621, 0, 0.00029025111
  -59.78621, 0.000374976, 0.00029025111
  -59.78621, 0.0003906, 0.00029025111
  -59.779755, 0.00021483, 0.00029044473
  -59.7733, 0.000171864, 0.00029063835
  -59.7733, 0.000222642, 0.00029063835
  -59.7733, 0.00031248, 0.00029063835
  -59.7733, 7.812e-05, 0.00029063835
  -59.7733, 0.00015624, 0.00029063835
  -59.7733, 0.000113274, 0.00029063835
  -59.766845, 0.000277326, 0.00029083196
  -59.76039, 0.000105462, 0.00029102558
  -59.74748, -5.859e-05, 0.00029141282
  -59.74748, -9.765e-05, 0.00029141282
  -59.741025, 0.000335916, 0.00029160643
  -59.73457, 0.000437472, 0.00029180005
  -59.73457, 0.000140616, 0.00029180005
  -59.728115, 0.000550746, 0.00029199367
  -59.728115, -8.2026e-05, 0.00029199367
  -59.72166, 0.002960748, 0.00029218728
  -59.72166, -5.4684e-05, 0.00029218728
  -59.715205, -5.4684e-05, 0.0002923809
  -59.70875, 0.000960876, 0.00029257452
  -59.70875, 0.00115227, 0.00029257452
  -59.69584, -3.5154e-05, 0.00029296175
  -59.689385, 0.002800602, 0.00029315537
  -59.689385, -3.5154e-05, 0.00029315537
  -59.689385, 0.000191394, 0.00029315537
  -59.68293, 0.000519498, 0.00029334899
  -59.676475, -3.906e-06, 0.00029354261
  -59.67002, 0.00025389, 0.00029373622
  -59.67002, 0.000425754, 0.00029373622
  -59.67002, -2.7342e-05, 0.00029373622
  -59.663565, 0, 0.00029392984
  -59.663565, 0.000328104, 0.00029392984
  -59.65711, 2.3436e-05, 0.00029412346
  -59.65711, 0.000417942, 0.00029412346
  -59.65711, 0.000523404, 0.00029412346
  -59.65711, 4.2966e-05, 0.00029412346
  -59.650655, 8.9838e-05, 0.00029431707
  -59.650655, 0.000183582, 0.00029431707
  -59.650655, -1.953e-05, 0.00029431707
  -59.6442, 6.2496e-05, 0.00029451069
  -59.6442, 0.000324198, 0.00029451069
  -59.637745, 0.000128898, 0.00029470431
  -59.63129, 0.000851508, 0.00029489793
  -59.624835, 0.000246078, 0.00029509154
  -59.61838, 1.5624e-05, 0.00029528516
  -59.611925, 0.00074214, 0.00029547878
  -59.60547, -0.000105462, 0.0002956724
  -59.599015, 3.1248e-05, 0.00029586601
  -59.586105, 5.0778e-05, 0.00029625325
  -59.573195, 0.001394442, 0.00029664048
  -59.55383, 7.4214e-05, 0.00029722133
  -59.55383, -4.6872e-05, 0.00029722133
  -59.54092, 0.000597618, 0.00029760857
  -59.52801, 9.3744e-05, 0.0002979958
  -59.521555, 0.000531216, 0.00029818942
  -59.521555, 0.000433566, 0.00029818942
  -59.508645, 0.000128898, 0.00029857665
  -59.50219, 0.00361305, 0.00029877027
  -59.50219, 0.000343728, 0.00029877027
  -59.50219, -3.5154e-05, 0.00029877027
  -59.482825, 0.000132804, 0.00029935112
  -59.482825, 0.001234296, 0.00029935112
  -59.47637, -9.3744e-05, 0.00029954474
  -59.47637, 0.000257796, 0.00029954474
  -59.47637, -1.1718e-05, 0.00029954474
  -59.46346, -7.812e-05, 0.00029993198
  -59.46346, -5.0778e-05, 0.00029993198
  -59.457005, -5.4684e-05, 0.00030012559
  -59.457005, 0.00015624, 0.00030012559
  -59.457005, -7.0308e-05, 0.00030012559
  -59.45055, 7.812e-06, 0.00030031921
  -59.45055, 0.000140616, 0.00030031921
  -59.45055, 0.0001953, 0.00030031921
  -59.45055, -3.906e-05, 0.00030031921
  -59.444095, 6.2496e-05, 0.00030051283
  -59.444095, 3.1248e-05, 0.00030051283
  -59.43764, -2.3436e-05, 0.00030070644
  -59.43764, 9.3744e-05, 0.00030070644
  -59.43764, -7.812e-06, 0.00030070644
  -59.43764, 4.2966e-05, 0.00030070644
  -59.431185, 0.000203112, 0.00030090006
  -59.431185, -3.906e-05, 0.00030090006
  -59.431185, -0.00027342, 0.00030090006
  -59.431185, 0.004851252, 0.00030090006
  -59.42473, -3.1248e-05, 0.00030109368
  -59.42473, 0.004691106, 0.00030109368
  -59.42473, 7.812e-06, 0.00030109368
  -59.418275, 0.000269514, 0.0003012873
  -59.41182, 2.3436e-05, 0.00030148091
  -59.405365, -1.953e-05, 0.00030167453
  -59.405365, 0.000339822, 0.00030167453
  -59.405365, 0.000433566, 0.00030167453
  -59.405365, -7.812e-06, 0.00030167453
  -59.39891, 3.5154e-05, 0.00030186815
  -59.39891, 0.000539028, 0.00030186815
  -59.392455, 0.000863226, 0.00030206177
  -59.379545, 0.00164052, 0.000302449
  -59.379545, 0, 0.000302449
  -59.37309, 1.1718e-05, 0.00030264262
  -59.36018, 1.1718e-05, 0.00030302985
  -59.36018, 5.859e-05, 0.00030302985
  -59.340815, 2.3436e-05, 0.0003036107
  -59.33436, -0.000226548, 0.00030380432
  -59.327905, 8.2026e-05, 0.00030399794
  -59.32145, 0.002620926, 0.00030419156
  -59.314995, 2.7342e-05, 0.00030438517
  -59.314995, 0.000578088, 0.00030438517
  -59.302085, 4.6872e-05, 0.00030477241
  -59.302085, 0.000105462, 0.00030477241
  -59.29563, -6.2496e-05, 0.00030496602
  -59.289175, 0.000148428, 0.00030515964
  -59.276265, 7.0308e-05, 0.00030554688
  -59.276265, 0.00124992, 0.00030554688
  -59.26981, 0.000199206, 0.00030574049
  -59.26981, 4.6872e-05, 0.00030574049
  -59.2569, 9.3744e-05, 0.00030612773
  -59.2569, 0.00037107, 0.00030612773
  -59.2569, 0.000460908, 0.00030612773
  -59.2569, 0.000257796, 0.00030612773
  -59.250445, -3.906e-05, 0.00030632134
  -59.250445, 0.000437472, 0.00030632134
  -59.24399, 0.000121086, 0.00030651496
  -59.24399, 0.000535122, 0.00030651496
  -59.237535, 0.000339822, 0.00030670858
  -59.237535, 7.0308e-05, 0.00030670858
  -59.237535, -1.953e-05, 0.00030670858
  -59.23108, 9.3744e-05, 0.0003069022
  -59.21817, 0.00029295, 0.00030728943
  -59.21817, 0.000226548, 0.00030728943
  -59.211715, 0.002062368, 0.00030748305
  -59.211715, 0, 0.00030748305
  -59.20526, 0.000121086, 0.00030767667
  -59.20526, 0.000164052, 0.00030767667
  -59.198805, 0.00017577, 0.00030787028
  -59.19235, 0.000222642, 0.0003080639
  -59.17944, 0.0005859, 0.00030845113
  -59.17944, 0.000289044, 0.00030845113
  -59.17944, 1.5624e-05, 0.00030845113
  -59.17944, 0.000164052, 0.00030845113
  -59.172985, 0.002191266, 0.00030864475
  -59.172985, 0.000367164, 0.00030864475
  -59.172985, 0.00046872, 0.00030864475
  -59.16653, 0.000230454, 0.00030883837
  -59.160075, 0.000378882, 0.00030903199
  -59.15362, 0.000296856, 0.0003092256
  -59.15362, 0.000121086, 0.0003092256
  -59.147165, 0.000472626, 0.00030941922
  -59.14071, 3.1248e-05, 0.00030961284
  -59.1278, 0.000589806, 0.00031000007
  -59.121345, 0.000535122, 0.00031019369
  -59.11489, 5.859e-05, 0.00031038731
  -59.108435, 8.9838e-05, 0.00031058092
  -59.10198, 8.2026e-05, 0.00031077454
  -59.08907, 0.000105462, 0.00031116178
  -59.07616, -0.00017577, 0.00031154901
  -59.069705, 7.0308e-05, 0.00031174263
  -59.069705, 0.000140616, 0.00031174263
  -59.06325, 0.001847538, 0.00031193625
  -59.056795, -5.859e-05, 0.00031212986
  -59.05034, 0.000191394, 0.00031232348
  -59.03743, 0.000249984, 0.00031271071
  -59.02452, 0.000519498, 0.00031309795
  -59.02452, 0.000320292, 0.00031309795
  -59.02452, 0.000652302, 0.00031309795
  -59.018065, 3.906e-05, 0.00031329157
  -59.01161, -3.906e-05, 0.00031348518
  -59.005155, -1.5624e-05, 0.0003136788
  -59.005155, 0.000406224, 0.0003136788
  -58.992245, 1.953e-05, 0.00031406604
  -58.98579, 0, 0.00031425965
  -58.953515, 1.1718e-05, 0.00031522774
  -58.927695, 3.906e-06, 0.00031600221
  -58.914785, 3.5154e-05, 0.00031638944
  -58.89542, 6.2496e-05, 0.00031697029
  -58.88251, 9.3744e-05, 0.00031735753
  -58.88251, -5.0778e-05, 0.00031735753
  -58.88251, 0.000113274, 0.00031735753
  -58.8696, -7.812e-06, 0.00031774476
  -58.8696, 0.001691298, 0.00031774476
  -58.837325, -0.000199206, 0.00031871285
  -58.837325, 0.000144522, 0.00031871285
  -58.83087, -8.9838e-05, 0.00031890647
  -58.83087, 0.002808414, 0.00031890647
  -58.824415, 0.000539028, 0.00031910008
  -58.81796, -6.6402e-05, 0.0003192937
  -58.81796, 0.0001953, 0.0003192937
  -58.811505, -2.3436e-05, 0.00031948732
  -58.80505, -4.2966e-05, 0.00031968094
  -58.80505, 0.00042966, 0.00031968094
  -58.798595, 0.000261702, 0.00031987455
  -58.798595, 0.000328104, 0.00031987455
  -58.798595, -4.2966e-05, 0.00031987455
  -58.798595, -0.000109368, 0.00031987455
  -58.79214, 0.00023436, 0.00032006817
  -58.79214, 0.000777294, 0.00032006817
  -58.77923, -2.7342e-05, 0.00032045541
  -58.76632, -6.6402e-05, 0.00032084264
  -58.759865, -7.0308e-05, 0.00032103626
  -58.7405, 0.00472626, 0.00032161711
  -58.7405, -5.0778e-05, 0.00032161711
  -58.7405, 0.000628866, 0.00032161711
  -58.72759, -1.1718e-05, 0.00032200434
  -58.72759, -2.3436e-05, 0.00032200434
  -58.721135, -5.0778e-05, 0.00032219796
  -58.708225, 7.812e-06, 0.0003225852
  -58.70177, -8.5932e-05, 0.00032277881
  -58.695315, 0, 0.00032297243
  -58.68886, 0.004866876, 0.00032316605
  -58.682405, 3.906e-06, 0.00032335966
  -58.682405, -3.1248e-05, 0.00032335966
  -58.67595, -1.1718e-05, 0.00032355328
  -58.67595, 0.000847602, 0.00032355328
  -58.66304, 1.953e-05, 0.00032394052
  -58.66304, -4.6872e-05, 0.00032394052
  -58.656585, -8.2026e-05, 0.00032413413
  -58.65013, 7.812e-06, 0.00032432775
  -58.65013, 1.953e-05, 0.00032432775
  -58.65013, 4.2966e-05, 0.00032432775
  -58.643675, 3.1248e-05, 0.00032452137
  -58.63722, 3.5154e-05, 0.00032471499
  -58.63722, 0.003050586, 0.00032471499
  -58.617855, -5.4684e-05, 0.00032529584
  -58.617855, -2.7342e-05, 0.00032529584
  -58.617855, 0.00083979, 0.00032529584
  -58.617855, 0.0044919, 0.00032529584
  -58.6114, 5.859e-05, 0.00032548945
  -58.6114, 8.9838e-05, 0.00032548945
  -58.604945, 4.6872e-05, 0.00032568307
  -58.604945, 9.3744e-05, 0.00032568307
  -58.59849, 6.6402e-05, 0.00032587669
  -58.59849, 6.6402e-05, 0.00032587669
  -58.592035, -1.1718e-05, 0.00032607031
  -58.592035, -2.7342e-05, 0.00032607031
  -58.58558, 0.000121086, 0.00032626392
  -58.579125, 0.000593712, 0.00032645754
  -58.579125, 0.000484344, 0.00032645754
  -58.57267, -0.000324198, 0.00032665116
  -58.57267, -3.906e-06, 0.00032665116
  -58.57267, -7.812e-05, 0.00032665116
  -58.566215, 1.1718e-05, 0.00032684478
  -58.566215, 0.000113274, 0.00032684478
  -58.566215, 8.5932e-05, 0.00032684478
  -58.566215, 0.00011718, 0.00032684478
  -58.566215, 0.000160146, 0.00032684478
  -58.55976, 0.000382788, 0.00032703839
  -58.55976, 3.906e-06, 0.00032703839
  -58.553305, 0.000992124, 0.00032723201
  -58.553305, 0.000363258, 0.00032723201
  -58.553305, 0.000222642, 0.00032723201
  -58.553305, 0.00023436, 0.00032723201
  -58.553305, -4.6872e-05, 0.00032723201
  -58.54685, 0.000425754, 0.00032742563
  -58.54685, 0.000148428, 0.00032742563
  -58.54685, 0.000285138, 0.00032742563
  -58.54685, 0.000289044, 0.00032742563
  -58.54685, 0.000457002, 0.00032742563
  -58.540395, -0.0001953, 0.00032761924
  -58.540395, 0.000160146, 0.00032761924
  -58.540395, -2.3436e-05, 0.00032761924
  -58.53394, 0.000218736, 0.00032781286
  -58.53394, 0.000554652, 0.00032781286
  -58.52103, 1.1718e-05, 0.0003282001
  -58.52103, 0.006495678, 0.0003282001
  -58.52103, -7.812e-05, 0.0003282001
  -58.52103, 1.953e-05, 0.0003282001
  -58.514575, 0.000281232, 0.00032839371
  -58.514575, 3.906e-06, 0.00032839371
  -58.514575, 0.001296792, 0.00032839371
  -58.514575, -5.4684e-05, 0.00032839371
  -58.50812, -3.5154e-05, 0.00032858733
  -58.501665, 1.5624e-05, 0.00032878095
  -58.501665, 7.0308e-05, 0.00032878095
  -58.501665, 3.906e-05, 0.00032878095
  -58.49521, 8.9838e-05, 0.00032897457
  -58.49521, -3.906e-05, 0.00032897457
  -58.488755, 0.001824102, 0.00032916818
  -58.488755, 0.000441378, 0.00032916818
  -58.4823, 0.001144458, 0.0003293618
  -58.4823, 3.906e-05, 0.0003293618
  -58.475845, 0.004226292, 0.00032955542
  -58.475845, 2.7342e-05, 0.00032955542
  -58.46939, 0.000347634, 0.00032974903
  -58.462935, 0.003644298, 0.00032994265
  -58.462935, 0.000550746, 0.00032994265
  -58.462935, 0.000160146, 0.00032994265
  -58.462935, 0.00011718, 0.00032994265
  -58.462935, 0.001292886, 0.00032994265
  -58.45648, 0.00021483, 0.00033013627
  -58.45648, 6.2496e-05, 0.00033013627
  -58.45648, -1.5624e-05, 0.00033013627
  -58.45648, 4.6872e-05, 0.00033013627
  -58.450025, 0.000437472, 0.00033032989
  -58.450025, 0.00054684, 0.00033032989
  -58.450025, -2.7342e-05, 0.00033032989
  -58.450025, 2.3436e-05, 0.00033032989
  -58.450025, 9.765e-05, 0.00033032989
  -58.44357, 0.001378818, 0.0003305235
  -58.44357, 0.000277326, 0.0003305235
  -58.44357, 7.4214e-05, 0.0003305235
  -58.437115, -7.812e-06, 0.00033071712
  -58.437115, 7.812e-06, 0.00033071712
  -58.437115, 0.000589806, 0.00033071712
  -58.43066, 8.5932e-05, 0.00033091074
  -58.43066, 0.000476532, 0.00033091074
  -58.43066, 0.000347634, 0.00033091074
  -58.424205, 0.000128898, 0.00033110436
  -58.424205, 0.000113274, 0.00033110436
  -58.41775, 0.00017577, 0.00033129797
  -58.411295, 4.6872e-05, 0.00033149159
  -58.411295, 0.000124992, 0.00033149159
  -58.411295, 0.000226548, 0.00033149159
  -58.40484, 0.000378882, 0.00033168521
  -58.40484, 0.000593712, 0.00033168521
  -58.398385, 0.000289044, 0.00033187882
  -58.398385, -1.5624e-05, 0.00033187882
  -58.398385, -7.812e-05, 0.00033187882
  -58.398385, 6.6402e-05, 0.00033187882
  -58.398385, 8.9838e-05, 0.00033187882
  -58.39193, -4.2966e-05, 0.00033207244
  -58.385475, 0.000152334, 0.00033226606
  -58.37902, 0.000476532, 0.00033245968
  -58.37902, 0.00017577, 0.00033245968
  -58.372565, 0, 0.00033265329
  -58.372565, 0.000230454, 0.00033265329
  -58.36611, 0.000378882, 0.00033284691
  -58.359655, 0.000210924, 0.00033304053
  -58.3532, -2.7342e-05, 0.00033323415
  -58.3532, 0.000285138, 0.00033323415
  -58.3532, 0.00029295, 0.00033323415
  -58.34029, 0.00035154, 0.00033362138
  -58.333835, -1.953e-05, 0.000333815
  -58.32738, 0.001253826, 0.00033400861
  -58.32738, 0.00044919, 0.00033400861
  -58.320925, -8.5932e-05, 0.00033420223
  -58.320925, 1.953e-05, 0.00033420223
  -58.31447, 3.906e-05, 0.00033439585
  -58.31447, 0.000558558, 0.00033439585
  -58.295105, 1.5624e-05, 0.0003349767
  -58.295105, 0.003159954, 0.0003349767
  -58.28865, -3.906e-06, 0.00033517032
  -58.282195, 0.001656144, 0.00033536394
  -58.27574, -7.0308e-05, 0.00033555755
  -58.269285, 3.1248e-05, 0.00033575117
  -58.269285, 5.859e-05, 0.00033575117
  -58.269285, 8.9838e-05, 0.00033575117
  -58.26283, 5.0778e-05, 0.00033594479
  -58.26283, 0.000109368, 0.00033594479
  -58.256375, 8.2026e-05, 0.0003361384
  -58.24992, 0.000550746, 0.00033633202
  -58.243465, -4.2966e-05, 0.00033652564
  -58.243465, 0.000152334, 0.00033652564
  -58.23701, 0.000210924, 0.00033671926
  -58.23701, 0.00011718, 0.00033671926
  -58.230555, 0.000277326, 0.00033691287
  -58.230555, 1.953e-05, 0.00033691287
  -58.204735, 0.000343728, 0.00033768734
  -58.204735, 0.000441378, 0.00033768734
  -58.204735, 0.000160146, 0.00033768734
  -58.204735, -2.3436e-05, 0.00033768734
  -58.204735, -3.906e-06, 0.00033768734
  -58.19828, 0.00783153, 0.00033788096
  -58.191825, 0.000222642, 0.00033807458
  -58.191825, 0.004265352, 0.00033807458
  -58.178915, -6.2496e-05, 0.00033846181
  -58.17246, 0.000289044, 0.00033865543
  -58.17246, 0.001535058, 0.00033865543
  -58.166005, 0.000367164, 0.00033884905
  -58.153095, 1.953e-05, 0.00033923628
  -58.14664, 0.000570276, 0.0003394299
  -58.14664, 0.000457002, 0.0003394299
  -58.13373, -3.906e-05, 0.00033981713
  -58.127275, -2.3436e-05, 0.00034001075
  -58.114365, 2.7342e-05, 0.00034039798
  -58.08209, 5.0778e-05, 0.00034136607
  -58.075635, -7.812e-06, 0.00034155969
  -58.062725, 7.4214e-05, 0.00034194692
  -58.049815, 1.1718e-05, 0.00034233416
  -58.03045, 3.5154e-05, 0.00034291501
  -58.03045, 0.000101556, 0.00034291501
  -58.023995, 0.000128898, 0.00034310863
  -58.023995, -0.000210924, 0.00034310863
  -58.00463, 0.002292822, 0.00034368948
  -57.99172, 4.6872e-05, 0.00034407671
  -57.985265, 0.000167958, 0.00034427033
  -57.97881, 0.002316258, 0.00034446395
  -57.972355, -6.2496e-05, 0.00034465756
  -57.9659, 0.000226548, 0.00034485118
  -57.9659, 0.002179548, 0.00034485118
  -57.959445, 0.000296856, 0.0003450448
  -57.959445, 6.2496e-05, 0.0003450448
  -57.95299, 0.0005859, 0.00034523842
  -57.95299, 0.000378882, 0.00034523842
  -57.95299, -0.00011718, 0.00034523842
  -57.946535, 8.9838e-05, 0.00034543203
  -57.946535, 0.000476532, 0.00034543203
  -57.933625, 0.001656144, 0.00034581927
  -57.933625, -4.6872e-05, 0.00034581927
  -57.92717, -5.4684e-05, 0.00034601289
  -57.920715, 0.000124992, 0.0003462065
  -57.91426, 0.00017577, 0.00034640012
  -57.907805, -2.3436e-05, 0.00034659374
  -57.907805, -3.5154e-05, 0.00034659374
  -57.90135, 0.000519498, 0.00034678735
  -57.90135, -2.3436e-05, 0.00034678735
  -57.894895, 0.000421848, 0.00034698097
  -57.88844, 0.00023436, 0.00034717459
  -57.881985, 0.001988154, 0.00034736821
  -57.87553, 0.000296856, 0.00034756182
  -57.869075, 0, 0.00034775544
  -57.869075, 2.7342e-05, 0.00034775544
  -57.86262, -1.5624e-05, 0.00034794906
  -57.86262, 0.00013671, 0.00034794906
  -57.86262, 1.1718e-05, 0.00034794906
  -57.856165, 7.0308e-05, 0.00034814268
  -57.856165, 0.000589806, 0.00034814268
  -57.856165, -1.1718e-05, 0.00034814268
  -57.84971, 0.000101556, 0.00034833629
  -57.84971, 0.000476532, 0.00034833629
  -57.843255, 0.000374976, 0.00034852991
  -57.843255, 0.000257796, 0.00034852991
  -57.843255, 0.000328104, 0.00034852991
  -57.843255, 4.6872e-05, 0.00034852991
  -57.8368, 0.000199206, 0.00034872353
  -57.8368, 1.1718e-05, 0.00034872353
  -57.830345, 3.906e-05, 0.00034891714
  -57.804525, 0.001726452, 0.00034969161
  -57.79807, 5.859e-05, 0.00034988523
  -57.791615, 8.2026e-05, 0.00035007885
  -57.791615, -0.000226548, 0.00035007885
  -57.77225, -5.859e-05, 0.0003506597
  -57.77225, 0.000101556, 0.0003506597
  -57.74643, 0.000132804, 0.00035143417
  -57.74643, -1.953e-05, 0.00035143417
  -57.727065, -3.5154e-05, 0.00035201502
  -57.72061, 0.00523404, 0.00035220864
  -57.714155, 0.00017577, 0.00035240226
  -57.7077, -5.859e-05, 0.00035259587
  -57.701245, 0.003804444, 0.00035278949
  -57.69479, 0.002074086, 0.00035298311
  -57.69479, -2.3436e-05, 0.00035298311
  -57.69479, 0.000960876, 0.00035298311
  -57.68188, -4.6872e-05, 0.00035337034
  -57.68188, -0.000105462, 0.00035337034
  -57.68188, 0.000476532, 0.00035337034
  -57.68188, 0.000230454, 0.00035337034
  -57.68188, 0.000386694, 0.00035337034
  -57.675425, 0, 0.00035356396
  -57.675425, 0.000589806, 0.00035356396
  -57.66897, 0.000300762, 0.00035375758
  -57.65606, 1.5624e-05, 0.00035414481
  -57.64315, -3.5154e-05, 0.00035453205
  -57.636695, -5.4684e-05, 0.00035472566
  -57.63024, 4.2966e-05, 0.00035491928
  -57.623785, -3.5154e-05, 0.0003551129
  -57.61733, 5.859e-05, 0.00035530651
  -57.61733, -2.7342e-05, 0.00035530651
  -57.610875, -3.906e-06, 0.00035550013
  -57.59151, 1.5624e-05, 0.00035608098
  -57.585055, -2.3436e-05, 0.0003562746
  -57.572145, 0.000109368, 0.00035666184
  -57.572145, 8.2026e-05, 0.00035666184
  -57.56569, 0.000792918, 0.00035685545
  -57.55278, 0.004636422, 0.00035724269
  -57.546325, -1.953e-05, 0.0003574363
  -57.546325, 3.1248e-05, 0.0003574363
  -57.533415, 5.0778e-05, 0.00035782354
  -57.52696, 0.000128898, 0.00035801716
  -57.520505, 0.000421848, 0.00035821077
  -57.520505, 0.002218608, 0.00035821077
  -57.520505, 0.000179676, 0.00035821077
  -57.520505, 0, 0.00035821077
  -57.520505, 0.000523404, 0.00035821077
  -57.51405, 0.000492156, 0.00035840439
  -57.51405, 0.000242172, 0.00035840439
  -57.507595, 6.6402e-05, 0.00035859801
  -57.50114, 1.5624e-05, 0.00035879163
  -57.50114, 0.000304668, 0.00035879163
  -57.494685, 0.000601524, 0.00035898524
  -57.48823, 0.000394506, 0.00035917886
  -57.47532, 8.5932e-05, 0.00035956609
  -57.46241, 0.000128898, 0.00035995333
  -57.455955, 0.000339822, 0.00036014695
  -57.443045, 2.7342e-05, 0.00036053418
  -57.443045, 0.000183582, 0.00036053418
  -57.430135, 0.000261702, 0.00036092142
  -57.430135, 0.000203112, 0.00036092142
  -57.430135, 0.000933534, 0.00036092142
  -57.430135, 0.000324198, 0.00036092142
  -57.42368, 0.000402318, 0.00036111503
  -57.42368, 0.000249984, 0.00036111503
  -57.417225, 0.00048825, 0.00036130865
  -57.417225, 4.6872e-05, 0.00036130865
  -57.417225, 0.000152334, 0.00036130865
  -57.39786, 7.0308e-05, 0.0003618895
  -57.38495, 0.000109368, 0.00036227674
  -57.378495, 0.00011718, 0.00036247035
  -57.37204, 0.00015624, 0.00036266397
  -57.35913, 8.9838e-05, 0.00036305121
  -57.352675, 0.001800666, 0.00036324482
  -57.352675, 0.000207018, 0.00036324482
  -57.352675, -0.000183582, 0.00036324482
  -57.33331, -7.0308e-05, 0.00036382567
  -57.326855, 7.0308e-05, 0.00036401929
  -57.301035, 4.2966e-05, 0.00036479376
  -57.301035, 0.000269514, 0.00036479376
  -57.29458, 0.000343728, 0.00036498738
  -57.29458, 0.000542934, 0.00036498738
  -57.288125, 0.00121086, 0.000365181
  -57.288125, -4.2966e-05, 0.000365181
  -57.288125, 2.3436e-05, 0.000365181
  -57.288125, 0.00042966, 0.000365181
  -57.25585, -1.5624e-05, 0.00036614908
  -57.24294, 7.812e-06, 0.00036653632
  -57.223575, 1.1718e-05, 0.00036711717
  -57.21712, -3.906e-06, 0.00036731079
  -57.20421, -2.7342e-05, 0.00036769802
  -57.1913, 2.7342e-05, 0.00036808525
  -57.17839, 0.001261638, 0.00036847249
  -57.171935, -4.6872e-05, 0.00036866611
  -57.146115, -8.9838e-05, 0.00036944058
  -57.13966, -8.9838e-05, 0.00036963419
  -57.13966, 3.906e-05, 0.00036963419
  -57.133205, -3.906e-05, 0.00036982781
  -57.12675, 6.2496e-05, 0.00037002143
  -57.107385, 0.000124992, 0.00037060228
  -57.08802, 8.9838e-05, 0.00037118313
  -57.081565, -0.000179676, 0.00037137675
  -57.081565, -2.3436e-05, 0.00037137675
  -57.07511, 0.002503746, 0.00037157037
  -57.0622, 0.000113274, 0.0003719576
  -57.0622, 0.001570212, 0.0003719576
  -57.055745, -7.812e-06, 0.00037215122
  -57.042835, 0.000140616, 0.00037253845
  -57.03638, 1.953e-05, 0.00037273207
  -57.03638, 0.002863098, 0.00037273207
  -57.029925, -6.6402e-05, 0.00037292569
  -57.029925, -0.000121086, 0.00037292569
  -57.017015, 7.812e-06, 0.00037331292
  -57.017015, 0.00017577, 0.00037331292
  -57.01056, 0.005089518, 0.00037350654
  -57.004105, 0.00031248, 0.00037370016
  -57.004105, -3.5154e-05, 0.00037370016
  -56.99765, 0.000242172, 0.00037389377
  -56.991195, 4.2966e-05, 0.00037408739
  -56.98474, -5.0778e-05, 0.00037428101
  -56.97183, 6.6402e-05, 0.00037466824
  -56.97183, 0.000386694, 0.00037466824
  -56.965375, -2.7342e-05, 0.00037486186
  -56.95892, -1.5624e-05, 0.00037505548
  -56.95892, 0.00154287, 0.00037505548
  -56.952465, 0.00046872, 0.00037524909
  -56.939555, -3.906e-06, 0.00037563633
  -56.939555, 8.9838e-05, 0.00037563633
  -56.9331, 0.000593712, 0.00037582995
  -56.9331, 0.00015624, 0.00037582995
  -56.926645, 0.000207018, 0.00037602356
  -56.926645, 7.812e-06, 0.00037602356
  -56.926645, 0.00093744, 0.00037602356
  -56.926645, 0.00011718, 0.00037602356
  -56.913735, 0.00052731, 0.0003764108
  -56.913735, 1.5624e-05, 0.0003764108
  -56.913735, 2.3436e-05, 0.0003764108
  -56.90728, 3.5154e-05, 0.00037660441
  -56.89437, 5.4684e-05, 0.00037699165
  -56.887915, 0.000269514, 0.00037718527
  -56.88146, 0.000339822, 0.00037737888
  -56.88146, 0.000417942, 0.00037737888
  -56.86855, 0.000105462, 0.00037776612
  -56.86855, 3.5154e-05, 0.00037776612
  -56.862095, 0.005640264, 0.00037795974
  -56.862095, 8.5932e-05, 0.00037795974
  -56.85564, 0.001046808, 0.00037815335
  -56.85564, 0.000824166, 0.00037815335
  -56.849185, 0.000128898, 0.00037834697
  -56.836275, 0.000164052, 0.0003787342
  -56.823365, 0.00021483, 0.00037912144
  -56.823365, 0.000550746, 0.00037912144
  -56.81691, 0.000433566, 0.00037931506
  -56.810455, 5.0778e-05, 0.00037950867
  -56.810455, 0.000355446, 0.00037950867
  -56.810455, -0.000101556, 0.00037950867
  -56.804, 0.001355382, 0.00037970229
  -56.804, 7.812e-05, 0.00037970229
  -56.797545, 0.000281232, 0.00037989591
  -56.797545, -5.0778e-05, 0.00037989591
  -56.79109, 0.000105462, 0.00038008952
  -56.77818, -0.000187488, 0.00038047676
  -56.771725, 0.000124992, 0.00038067038
  -56.76527, -2.7342e-05, 0.00038086399
  -56.758815, -7.812e-06, 0.00038105761
  -56.73945, 7.812e-06, 0.00038163846
  -56.732995, -6.2496e-05, 0.00038183208
  -56.732995, 0.001394442, 0.00038183208
  -56.72654, 0.000160146, 0.0003820257
  -56.720085, 0.00386694, 0.00038221931
  -56.70072, 0.002605302, 0.00038280017
  -56.70072, 1.5624e-05, 0.00038280017
  -56.70072, -0.000128898, 0.00038280017
  -56.694265, 0.000203112, 0.00038299378
  -56.68781, -4.6872e-05, 0.0003831874
  -56.68781, 3.906e-05, 0.0003831874
  -56.681355, 8.9838e-05, 0.00038338102
  -56.681355, 0.000960876, 0.00038338102
  -56.681355, 6.6402e-05, 0.00038338102
  -56.6749, 0.000539028, 0.00038357464
  -56.6749, 0.000269514, 0.00038357464
  -56.668445, -2.7342e-05, 0.00038376825
  -56.668445, 0.000347634, 0.00038376825
  -56.668445, 0.000343728, 0.00038376825
  -56.66199, -5.0778e-05, 0.00038396187
  -56.66199, -3.1248e-05, 0.00038396187
  -56.66199, 0.000675738, 0.00038396187
  -56.66199, 0.00042966, 0.00038396187
  -56.655535, 0.000113274, 0.00038415549
  -56.655535, 0.000535122, 0.00038415549
  -56.64908, -1.953e-05, 0.0003843491
  -56.64908, 0.000148428, 0.0003843491
  -56.642625, 0.000269514, 0.00038454272
  -56.642625, 0.000199206, 0.00038454272
  -56.642625, 0.000425754, 0.00038454272
  -56.63617, 1.5624e-05, 0.00038473634
  -56.62326, -1.1718e-05, 0.00038512357
  -56.62326, 3.1248e-05, 0.00038512357
  -56.603895, 0.000929628, 0.00038570443
  -56.59744, -7.812e-06, 0.00038589804
  -56.59744, 4.6872e-05, 0.00038589804
  -56.58453, 9.765e-05, 0.00038628528
  -56.58453, 7.4214e-05, 0.00038628528
  -56.578075, 0.00415989, 0.00038647889
  -56.578075, 0.000433566, 0.00038647889
  -56.578075, 1.5624e-05, 0.00038647889
  -56.57162, 0.000539028, 0.00038667251
  -56.565165, 0.000281232, 0.00038686613
  -56.565165, 0.000160146, 0.00038686613
  -56.55871, -0.0001953, 0.00038705975
  -56.55871, 0.00021483, 0.00038705975
  -56.55871, 0.000359352, 0.00038705975
  -56.552255, 0.000121086, 0.00038725336
  -56.5458, 3.1248e-05, 0.00038744698
  -56.526435, 0.003917718, 0.00038802783
  -56.526435, -3.906e-05, 0.00038802783
  -56.51998, 0.001167894, 0.00038822145
  -56.51998, 5.0778e-05, 0.00038822145
  -56.513525, -7.0308e-05, 0.00038841507
  -56.513525, -1.953e-05, 0.00038841507
  -56.474795, -1.1718e-05, 0.00038957677
  -56.474795, -0.00017577, 0.00038957677
  -56.46834, 6.2496e-05, 0.00038977039
  -56.45543, 1.5624e-05, 0.00039015762
  -56.45543, 8.9838e-05, 0.00039015762
  -56.448975, 0, 0.00039035124
  -56.448975, 3.1248e-05, 0.00039035124
  -56.44252, 0.000492156, 0.00039054486
  -56.44252, -6.2496e-05, 0.00039054486
  -56.436065, 0.000749952, 0.00039073847
  -56.436065, 4.6872e-05, 0.00039073847
  -56.423155, 7.0308e-05, 0.00039112571
  -56.423155, 0.000406224, 0.00039112571
  -56.423155, 0.002452968, 0.00039112571
  -56.423155, 9.3744e-05, 0.00039112571
  -56.4167, 0.000324198, 0.00039131933
  -56.4167, 0.000128898, 0.00039131933
  -56.410245, 0.000187488, 0.00039151294
  -56.40379, 0.00013671, 0.00039170656
  -56.40379, 0.000183582, 0.00039170656
  -56.397335, 0.000242172, 0.00039190018
  -56.397335, 0.000308574, 0.00039190018
  -56.397335, -4.2966e-05, 0.00039190018
  -56.397335, 0.000249984, 0.00039190018
  -56.37797, -2.3436e-05, 0.00039248103
  -56.37797, 0.0003906, 0.00039248103
  -56.371515, 0.000617148, 0.00039267465
  -56.371515, 0.000476532, 0.00039267465
  -56.345695, -1.953e-05, 0.00039344912
  -56.306965, -7.812e-06, 0.00039461082
  -56.30051, 7.812e-06, 0.00039480444
  -56.268235, 0.003972402, 0.00039577252
  -56.26178, 2.3436e-05, 0.00039596614
  -56.242415, 4.2966e-05, 0.00039654699
  -56.229505, 0.002300634, 0.00039693423
  -56.229505, -0.000183582, 0.00039693423
  -56.216595, 0.000328104, 0.00039732146
  -56.21014, 5.859e-05, 0.00039751508
  -56.203685, 0.000578088, 0.0003977087
  -56.19723, -6.6402e-05, 0.00039790231
  -56.190775, -5.0778e-05, 0.00039809593
  -56.18432, -0.00021483, 0.00039828955
  -56.177865, 8.5932e-05, 0.00039848317
  -56.177865, 0.000457002, 0.00039848317
  -56.17141, -1.953e-05, 0.00039867678
  -56.164955, 0.00037107, 0.0003988704
  -56.164955, -2.7342e-05, 0.0003988704
  -56.164955, 0.000296856, 0.0003988704
  -56.1585, 3.906e-06, 0.00039906402
  -56.152045, 3.5154e-05, 0.00039925763
  -56.14559, -4.6872e-05, 0.00039945125
  -56.14559, 0.000308574, 0.00039945125
  -56.14559, 0.000124992, 0.00039945125
  -56.14559, 6.6402e-05, 0.00039945125
  -56.14559, 0.00017577, 0.00039945125
  -56.14559, 0.0023436, 0.00039945125
  -56.14559, -1.1718e-05, 0.00039945125
  -56.139135, 1.5624e-05, 0.00039964487
  -56.139135, 8.5932e-05, 0.00039964487
  -56.139135, 0.000121086, 0.00039964487
  -56.13268, -2.3436e-05, 0.00039983849
  -56.13268, 0.000230454, 0.00039983849
  -56.126225, -0.000167958, 0.0004000321
  -56.126225, 0.000242172, 0.0004000321
  -56.126225, 0.000382788, 0.0004000321
  -56.11977, 0.000164052, 0.00040022572
  -56.113315, -5.0778e-05, 0.00040041934
  -56.113315, 0.002835756, 0.00040041934
  -56.10686, 0.000632772, 0.00040061296
  -56.10686, 0.000480438, 0.00040061296
  -56.087495, 3.906e-06, 0.00040119381
  -56.08104, -3.1248e-05, 0.00040138742
  -56.061675, 3.1248e-05, 0.00040196828
  -56.05522, -1.953e-05, 0.00040216189
  -56.035855, 0.003042774, 0.00040274275
  -56.0294, 0.002019402, 0.00040293636
  -56.022945, 3.906e-05, 0.00040312998
  -56.010035, 3.906e-06, 0.00040351721
  -56.00358, 4.6872e-05, 0.00040371083
  -56.00358, -0.000199206, 0.00040371083
  -55.997125, 1.1718e-05, 0.00040390445
  -55.99067, -4.6872e-05, 0.00040409807
  -55.984215, 7.4214e-05, 0.00040429168
  -55.97776, 0.000105462, 0.0004044853
  -55.96485, 0.00062496, 0.00040487254
  -55.945485, 1.953e-05, 0.00040545339
  -55.945485, -3.1248e-05, 0.00040545339
  -55.945485, 0.000128898, 0.00040545339
  -55.945485, 4.2966e-05, 0.00040545339
  -55.93903, 0.000496062, 0.000405647
  -55.93903, 0.00304668, 0.000405647
  -55.932575, -7.812e-06, 0.00040584062
  -55.919665, 5.859e-05, 0.00040622786
  -55.919665, 0.00033201, 0.00040622786
  -55.906755, 0.00015624, 0.00040661509
  -55.906755, 0.000398412, 0.00040661509
  -55.893845, 0.000421848, 0.00040700233
  -55.893845, 0.000652302, 0.00040700233
  -55.893845, 0.000339822, 0.00040700233
  -55.88739, 0.000203112, 0.00040719594
  -55.88739, 7.812e-06, 0.00040719594
  -55.88739, 0.000265608, 0.00040719594
  -55.88739, 7.4214e-05, 0.00040719594
  -55.880935, 0.000257796, 0.00040738956
  -55.87448, 0.000515592, 0.00040758318
  -55.868025, 9.765e-05, 0.00040777679
  -55.868025, 7.812e-06, 0.00040777679
  -55.868025, 2.3436e-05, 0.00040777679
  -55.868025, 0.000191394, 0.00040777679
  -55.86157, 0.00302715, 0.00040797041
  -55.86157, 0.00013671, 0.00040797041
  -55.855115, 6.2496e-05, 0.00040816403
  -55.855115, 0.000144522, 0.00040816403
  -55.84866, 0.000105462, 0.00040835765
  -55.842205, 4.2966e-05, 0.00040855126
  -55.842205, 3.906e-05, 0.00040855126
  -55.83575, -8.5932e-05, 0.00040874488
  -55.83575, -5.0778e-05, 0.00040874488
  -55.829295, 7.812e-05, 0.0004089385
  -55.829295, 1.953e-05, 0.0004089385
  -55.829295, 0.000191394, 0.0004089385
  -55.82284, 0.000249984, 0.00040913212
  -55.816385, 6.2496e-05, 0.00040932573
  -55.80993, -1.953e-05, 0.00040951935
  -55.80993, 0, 0.00040951935
  -55.80993, 0.00031248, 0.00040951935
  -55.803475, -1.5624e-05, 0.00040971297
  -55.803475, 0.001667862, 0.00040971297
  -55.803475, 0.00048825, 0.00040971297
  -55.803475, 0.0003906, 0.00040971297
  -55.79702, 0.002691234, 0.00040990658
  -55.79702, 0.00060543, 0.00040990658
  -55.790565, -0.000359352, 0.0004101002
  -55.78411, 7.812e-05, 0.00041029382
  -55.75829, 0.00017577, 0.00041106829
  -55.74538, 9.3744e-05, 0.00041145552
  -55.738925, 0.000128898, 0.00041164914
  -55.738925, -8.2026e-05, 0.00041164914
  -55.73247, 0.00029295, 0.00041184276
  -55.73247, -5.0778e-05, 0.00041184276
  -55.73247, 0.000230454, 0.00041184276
  -55.726015, 0.001140552, 0.00041203637
  -55.713105, 0.000445284, 0.00041242361
  -55.70665, 0.000363258, 0.00041261723
  -55.700195, -3.5154e-05, 0.00041281084
  -55.69374, 0.000542934, 0.00041300446
  -55.68083, 0.001078056, 0.0004133917
  -55.661465, -1.5624e-05, 0.00041397255
  -55.635645, -7.812e-06, 0.00041474702
  -55.62919, 0.000539028, 0.00041494063
  -55.62919, 7.812e-06, 0.00041494063
  -55.61628, 0.00042966, 0.00041532787
  -55.61628, 0.000230454, 0.00041532787
  -55.609825, 2.7342e-05, 0.00041552149
  -55.59046, 4.6872e-05, 0.00041610234
  -55.584005, -8.2026e-05, 0.00041629595
  -55.571095, 0.000355446, 0.00041668319
  -55.55173, 0.003620862, 0.00041726404
  -55.55173, 5.859e-05, 0.00041726404
  -55.545275, 8.5932e-05, 0.00041745766
  -55.53882, 0.00027342, 0.00041765128
  -55.532365, -4.6872e-05, 0.00041784489
  -55.513, 0.000113274, 0.00041842574
  -55.513, 0.000203112, 0.00041842574
  -55.50009, 0.002429532, 0.00041881298
  -55.50009, -1.953e-05, 0.00041881298
  -55.493635, -0.000152334, 0.0004190066
  -55.493635, 0.00015624, 0.0004190066
  -55.480725, 0.000144522, 0.00041939383
  -55.47427, 0, 0.00041958745
  -55.46136, 0.000207018, 0.00041997468
  -55.46136, 1.953e-05, 0.00041997468
  -55.46136, 0.003136518, 0.00041997468
  -55.46136, 0.000105462, 0.00041997468
  -55.441995, 7.4214e-05, 0.00042055553
  -55.43554, 0.000414036, 0.00042074915
  -55.43554, 3.1248e-05, 0.00042074915
  -55.43554, -5.859e-05, 0.00042074915
  -55.429085, 0.000339822, 0.00042094277
  -55.429085, 0.000261702, 0.00042094277
  -55.42263, -0.000128898, 0.00042113639
  -55.416175, 5.4684e-05, 0.00042133
  -55.416175, 0.001121022, 0.00042133
  -55.40972, 0.000515592, 0.00042152362
  -55.403265, -4.2966e-05, 0.00042171724
  -55.390355, -5.0778e-05, 0.00042210447
  -55.3839, 5.0778e-05, 0.00042229809
  -55.3839, -0.000128898, 0.00042229809
  -55.377445, 7.812e-05, 0.00042249171
  -55.37099, 3.5154e-05, 0.00042268532
  -55.35808, -2.7342e-05, 0.00042307256
  -55.35808, 0.00384741, 0.00042307256
  -55.351625, -3.1248e-05, 0.00042326618
  -55.34517, -7.812e-06, 0.00042345979
  -55.34517, -5.0778e-05, 0.00042345979
  -55.338715, 1.953e-05, 0.00042365341
  -55.338715, 9.765e-05, 0.00042365341
  -55.33226, -3.906e-06, 0.00042384703
  -55.33226, 3.906e-06, 0.00042384703
  -55.325805, -2.7342e-05, 0.00042404065
  -55.325805, 0.000121086, 0.00042404065
  -55.30644, 0.003804444, 0.0004246215
  -55.30644, -3.906e-06, 0.0004246215
  -55.299985, 1.953e-05, 0.00042481511
  -55.287075, 0.00015624, 0.00042520235
  -55.287075, 0.000207018, 0.00042520235
  -55.28062, 1.5624e-05, 0.00042539597
  -55.28062, 0.002542806, 0.00042539597
  -55.274165, -1.1718e-05, 0.00042558958
  -55.274165, 3.1248e-05, 0.00042558958
  -55.26771, -7.812e-06, 0.0004257832
  -55.261255, -0.000167958, 0.00042597682
  -55.2548, 0.000265608, 0.00042617044
  -55.248345, 0.000335916, 0.00042636405
  -55.24189, 0.00041013, 0.00042655767
  -55.24189, 5.4684e-05, 0.00042655767
  -55.24189, -0.000144522, 0.00042655767
  -55.235435, 0.0005859, 0.00042675129
  -55.235435, 7.812e-06, 0.00042675129
  -55.235435, 0.003070116, 0.00042675129
  -55.235435, -2.7342e-05, 0.00042675129
  -55.22898, 2.7342e-05, 0.0004269449
  -55.22898, 2.7342e-05, 0.0004269449
  -55.22898, -6.6402e-05, 0.0004269449
  -55.222525, 0.000511686, 0.00042713852
  -55.222525, 4.2966e-05, 0.00042713852
  -55.222525, 0.000660114, 0.00042713852
  -55.222525, -4.6872e-05, 0.00042713852
  -55.20316, 4.6872e-05, 0.00042771937
  -55.20316, -3.906e-05, 0.00042771937
  -55.196705, -0.000128898, 0.00042791299
  -55.196705, 7.4214e-05, 0.00042791299
  -55.196705, 6.2496e-05, 0.00042791299
  -55.17734, 9.3744e-05, 0.00042849384
  -55.17734, 9.3744e-05, 0.00042849384
  -55.17734, -4.2966e-05, 0.00042849384
  -55.170885, 0.000124992, 0.00042868746
  -55.170885, 6.2496e-05, 0.00042868746
  -55.16443, -3.1248e-05, 0.00042888108
  -55.16443, -1.953e-05, 0.00042888108
  -55.157975, 0.005933214, 0.00042907469
  -55.15152, 0.000128898, 0.00042926831
  -55.145065, -4.6872e-05, 0.00042946193
  -55.145065, 0.002984184, 0.00042946193
  -55.145065, -5.4684e-05, 0.00042946193
  -55.13861, -2.7342e-05, 0.00042965555
  -55.13861, 7.812e-05, 0.00042965555
  -55.132155, 0.00015624, 0.00042984916
  -55.132155, -1.1718e-05, 0.00042984916
  -55.132155, -1.1718e-05, 0.00042984916
  -55.132155, 0.002511558, 0.00042984916
  -55.1257, 0.000179676, 0.00043004278
  -55.11279, 3.906e-06, 0.00043043002
  -55.106335, 0.000105462, 0.00043062363
  -55.106335, 7.812e-06, 0.00043062363
  -55.106335, 0.000203112, 0.00043062363
  -55.106335, 3.906e-06, 0.00043062363
  -55.09988, 0.000144522, 0.00043081725
  -55.09988, 0.00027342, 0.00043081725
  -55.093425, 0.000339822, 0.00043101087
  -55.08697, 0.000304668, 0.00043120448
  -55.08697, 0.000238266, 0.00043120448
  -55.08697, 0.000382788, 0.00043120448
  -55.08697, 0.000757764, 0.00043120448
  -55.080515, 1.953e-05, 0.0004313981
  -55.080515, -9.765e-05, 0.0004313981
  -55.07406, -0.000191394, 0.00043159172
  -55.067605, 0.000464814, 0.00043178534
  -55.067605, 0.000519498, 0.00043178534
  -55.067605, 7.812e-06, 0.00043178534
  -55.067605, 2.3436e-05, 0.00043178534
  -55.06115, 0.000417942, 0.00043197895
  -55.06115, 0.000570276, 0.00043197895
  -55.054695, 0.002484216, 0.00043217257
  -55.054695, 0.000191394, 0.00043217257
  -55.04824, 3.5154e-05, 0.00043236619
  -55.041785, -6.6402e-05, 0.00043255981
  -55.041785, 0.000464814, 0.00043255981
  -55.041785, 0.006655824, 0.00043255981
  -55.03533, 0.00041013, 0.00043275342
  -55.03533, 0.00025389, 0.00043275342
  -55.03533, 3.906e-05, 0.00043275342
  -55.028875, 0.00050778, 0.00043294704
  -55.028875, 0.000328104, 0.00043294704
  -55.02242, 2.7342e-05, 0.00043314066
  -55.02242, 0.000718704, 0.00043314066
  -55.02242, 5.0778e-05, 0.00043314066
  -55.02242, 5.4684e-05, 0.00043314066
  -55.02242, -5.4684e-05, 0.00043314066
  -55.00951, -7.0308e-05, 0.00043352789
  -54.9966, 5.4684e-05, 0.00043391513
  -54.990145, 7.812e-05, 0.00043410874
  -54.990145, 7.0308e-05, 0.00043410874
  -54.990145, -4.6872e-05, 0.00043410874
  -54.98369, 0.00525357, 0.00043430236
  -54.977235, 0.000105462, 0.00043449598
  -54.977235, -4.6872e-05, 0.00043449598
  -54.97078, -3.1248e-05, 0.0004346896
  -54.964325, 9.765e-05, 0.00043488321
  -54.964325, 8.2026e-05, 0.00043488321
  -54.964325, 0.000101556, 0.00043488321
  -54.951415, -3.1248e-05, 0.00043527045
  -54.94496, -2.7342e-05, 0.00043546406
  -54.94496, -1.5624e-05, 0.00043546406
  -54.938505, 0.000128898, 0.00043565768
  -54.93205, 0.000308574, 0.0004358513
  -54.93205, 0.00017577, 0.0004358513
  -54.93205, 0.000128898, 0.0004358513
  -54.93205, 0.00013671, 0.0004358513
  -54.93205, 0.002038932, 0.0004358513
  -54.925595, 0.000242172, 0.00043604492
  -54.925595, 0.000191394, 0.00043604492
  -54.91914, -1.1718e-05, 0.00043623853
  -54.91914, 0.000164052, 0.00043623853
  -54.912685, -0.000187488, 0.00043643215
  -54.912685, 0.000382788, 0.00043643215
  -54.912685, 0.00203112, 0.00043643215
  -54.912685, -3.906e-06, 0.00043643215
  -54.90623, 0.002964654, 0.00043662577
  -54.899775, 0.000593712, 0.00043681939
  -54.899775, 0.005577768, 0.00043681939
  -54.899775, -7.812e-06, 0.00043681939
  -54.899775, 0.000726516, 0.00043681939
  -54.89332, 0.000476532, 0.000437013
  -54.89332, 0.00021483, 0.000437013
  -54.89332, 0.000249984, 0.000437013
  -54.886865, 0.000324198, 0.00043720662
  -54.886865, 0.000499968, 0.00043720662
  -54.886865, 1.1718e-05, 0.00043720662
  -54.88041, 0.000726516, 0.00043740024
  -54.88041, 0.000406224, 0.00043740024
  -54.8675, 3.906e-06, 0.00043778747
  -54.8675, 0.000277326, 0.00043778747
  -54.8675, 0.000425754, 0.00043778747
  -54.861045, 2.7342e-05, 0.00043798109
  -54.861045, -5.4684e-05, 0.00043798109
  -54.861045, 0.000343728, 0.00043798109
  -54.861045, 0.000531216, 0.00043798109
  -54.835225, 2.7342e-05, 0.00043875556
  -54.835225, 0.00134757, 0.00043875556
  -54.835225, 4.2966e-05, 0.00043875556
  -54.822315, -3.906e-05, 0.00043914279
  -54.822315, 4.6872e-05, 0.00043914279
  -54.81586, 6.2496e-05, 0.00043933641
  -54.809405, 0.000894474, 0.00043953003
  -54.809405, 0.000144522, 0.00043953003
  -54.80295, 0.000414036, 0.00043972364
  -54.796495, 0.000503874, 0.00043991726
  -54.796495, -0.000124992, 0.00043991726
  -54.796495, 9.3744e-05, 0.00043991726
  -54.79004, 0.000335916, 0.00044011088
  -54.783585, 6.6402e-05, 0.0004403045
  -54.783585, -7.812e-06, 0.0004403045
  -54.77713, 0.00025389, 0.00044049811
  -54.77713, 0.000199206, 0.00044049811
  -54.770675, 1.5624e-05, 0.00044069173
  -54.770675, 9.3744e-05, 0.00044069173
  -54.76422, -1.953e-05, 0.00044088535
  -54.76422, -4.2966e-05, 0.00044088535
  -54.757765, 0.000335916, 0.00044107897
  -54.75131, 0, 0.00044127258
  -54.7384, 1.1718e-05, 0.00044165982
  -54.7384, 0.000132804, 0.00044165982
  -54.731945, 0.001261638, 0.00044185343
  -54.72549, 0.003210732, 0.00044204705
  -54.72549, -9.3744e-05, 0.00044204705
  -54.72549, -3.906e-05, 0.00044204705
  -54.72549, 2.7342e-05, 0.00044204705
  -54.71258, -7.0308e-05, 0.00044243429
  -54.71258, 0.000179676, 0.00044243429
  -54.71258, 2.7342e-05, 0.00044243429
  -54.706125, -0.000101556, 0.0004426279
  -54.69967, 4.2966e-05, 0.00044282152
  -54.693215, -0.000113274, 0.00044301514
  -54.693215, 0.001867068, 0.00044301514
  -54.68676, 0.00023436, 0.00044320876
  -54.68676, 0.003265416, 0.00044320876
  -54.68676, -2.3436e-05, 0.00044320876
  -54.68676, 0.002882628, 0.00044320876
  -54.680305, 0.002015496, 0.00044340237
  -54.680305, -2.7342e-05, 0.00044340237
  -54.67385, 4.2966e-05, 0.00044359599
  -54.67385, -5.0778e-05, 0.00044359599
  -54.67385, 0.00029295, 0.00044359599
  -54.667395, 0.000382788, 0.00044378961
  -54.66094, 0, 0.00044398322
  -54.66094, 8.2026e-05, 0.00044398322
  -54.66094, 6.2496e-05, 0.00044398322
  -54.654485, 0.000593712, 0.00044417684
  -54.654485, 6.2496e-05, 0.00044417684
  -54.654485, 0.00046872, 0.00044417684
  -54.64803, 0.000101556, 0.00044437046
  -54.64803, 0.000574182, 0.00044437046
  -54.641575, -4.2966e-05, 0.00044456408
  -54.641575, 2.7342e-05, 0.00044456408
  -54.641575, 0.001675674, 0.00044456408
  -54.641575, 0.000179676, 0.00044456408
  -54.641575, 3.906e-05, 0.00044456408
  -54.641575, 0.00013671, 0.00044456408
  -54.641575, -1.953e-05, 0.00044456408
  -54.641575, -7.812e-06, 0.00044456408
  -54.641575, 1.5624e-05, 0.00044456408
  -54.63512, -0.000183582, 0.00044475769
  -54.63512, 8.5932e-05, 0.00044475769
  -54.63512, 6.2496e-05, 0.00044475769
  -54.63512, 0.000460908, 0.00044475769
  -54.63512, 7.812e-06, 0.00044475769
  -54.63512, 0.000238266, 0.00044475769
  -54.628665, 8.5932e-05, 0.00044495131
  -54.628665, 0.000304668, 0.00044495131
  -54.62221, 0.000726516, 0.00044514493
  -54.615755, 3.1248e-05, 0.00044533855
  -54.615755, 0.000109368, 0.00044533855
  -54.615755, 0.00017577, 0.00044533855
  -54.615755, 0.00037107, 0.00044533855
  -54.615755, 0.000542934, 0.00044533855
  -54.6093, 0.000128898, 0.00044553216
  -54.6093, 3.1248e-05, 0.00044553216
  -54.6093, 0.000792918, 0.00044553216
  -54.6093, 4.2966e-05, 0.00044553216
  -54.6093, 0.000863226, 0.00044553216
  -54.6093, 0.000222642, 0.00044553216
  -54.6093, 5.859e-05, 0.00044553216
  -54.6093, 5.4684e-05, 0.00044553216
  -54.59639, 0.000109368, 0.0004459194
  -54.589935, 0.000535122, 0.00044611301
  -54.589935, 0.00042966, 0.00044611301
  -54.589935, -5.859e-05, 0.00044611301
  -54.589935, 8.9838e-05, 0.00044611301
  -54.58348, 0.00035154, 0.00044630663
  -54.58348, 7.812e-05, 0.00044630663
  -54.577025, 0.000285138, 0.00044650025
  -54.577025, 0.000433566, 0.00044650025
  -54.577025, 0.000144522, 0.00044650025
  -54.577025, 0.000539028, 0.00044650025
  -54.577025, 0.000121086, 0.00044650025
  -54.577025, 0.000289044, 0.00044650025
  -54.577025, 0.000113274, 0.00044650025
  -54.577025, 9.3744e-05, 0.00044650025
  -54.57057, 0.00013671, 0.00044669387
  -54.57057, 0.004788756, 0.00044669387
  -54.57057, 0.000281232, 0.00044669387
  -54.564115, 0.00017577, 0.00044688748
  -54.564115, 0.000222642, 0.00044688748
  -54.564115, 0.00035154, 0.00044688748
  -54.564115, 0.000199206, 0.00044688748
  -54.55766, 0.000425754, 0.0004470811
  -54.551205, 0.00015624, 0.00044727472
  -54.551205, 0.00021483, 0.00044727472
  -54.54475, -4.2966e-05, 0.00044746834
  -54.54475, 0.000355446, 0.00044746834
  -54.538295, 0.002331882, 0.00044766195
  -54.53184, -0.000210924, 0.00044785557
  -54.525385, 0.002515464, 0.00044804919
  -54.51893, 0.000257796, 0.0004482428
  -54.51893, 0.000414036, 0.0004482428
  -54.50602, 0.000324198, 0.00044863004
  -54.50602, -3.1248e-05, 0.00044863004
  -54.499565, 0.00050778, 0.00044882366
  -54.499565, -6.2496e-05, 0.00044882366
  -54.49311, -4.2966e-05, 0.00044901727
  -54.49311, 0.000632772, 0.00044901727
  -54.4802, -2.3436e-05, 0.00044940451
  -54.46729, -7.812e-06, 0.00044979174
  -54.460835, -1.1718e-05, 0.00044998536
  -54.447925, 3.906e-06, 0.00045037259
  -54.44147, 2.3436e-05, 0.00045056621
  -54.435015, 2.7342e-05, 0.00045075983
  -54.422105, -0.000222642, 0.00045114706
  -54.422105, 0.00091791, 0.00045114706
  -54.41565, 3.906e-06, 0.00045134068
  -54.409195, 3.906e-05, 0.0004515343
  -54.409195, 0.002808414, 0.0004515343
  -54.396285, 0.000503874, 0.00045192153
  -54.396285, 4.6872e-05, 0.00045192153
  -54.396285, 7.812e-05, 0.00045192153
  -54.396285, 5.859e-05, 0.00045192153
  -54.396285, 0.000109368, 0.00045192153
  -54.38983, 0.000203112, 0.00045211515
  -54.38983, 0.00041013, 0.00045211515
  -54.38983, 0.000265608, 0.00045211515
  -54.370465, -7.4214e-05, 0.000452696
  -54.370465, 0.000328104, 0.000452696
  -54.370465, 0.000144522, 0.000452696
  -54.357555, 6.6402e-05, 0.00045308324
  -54.3511, -0.000128898, 0.00045327685
  -54.344645, -4.6872e-05, 0.00045347047
  -54.344645, 0.002691234, 0.00045347047
  -54.344645, 0.00298809, 0.00045347047
  -54.33819, 8.9838e-05, 0.00045366409
  -54.31237, -6.2496e-05, 0.00045443856
  -54.305915, -2.3436e-05, 0.00045463217
  -54.29946, -3.906e-05, 0.00045482579
  -54.293005, 0.000124992, 0.00045501941
  -54.28655, 0.000167958, 0.00045521303
  -54.28655, 0.00062496, 0.00045521303
  -54.28655, -1.953e-05, 0.00045521303
  -54.280095, -1.1718e-05, 0.00045540664
  -54.280095, 0.000226548, 0.00045540664
  -54.26073, 0.002183454, 0.00045598749
  -54.26073, 1.953e-05, 0.00045598749
  -54.26073, 0.000499968, 0.00045598749
  -54.26073, 0.001058526, 0.00045598749
  -54.254275, 0.00041013, 0.00045618111
  -54.254275, 0, 0.00045618111
  -54.24782, 0.000324198, 0.00045637473
  -54.24782, 0.00029295, 0.00045637473
  -54.241365, 8.2026e-05, 0.00045656835
  -54.241365, 3.906e-05, 0.00045656835
  -54.241365, 0.000378882, 0.00045656835
  -54.23491, 0.000101556, 0.00045676196
  -54.23491, 5.859e-05, 0.00045676196
  -54.228455, -0.000101556, 0.00045695558
  -54.228455, 0, 0.00045695558
  -54.228455, 0.000472626, 0.00045695558
  -54.228455, 0.000578088, 0.00045695558
  -54.222, -8.9838e-05, 0.0004571492
  -54.222, 0.000191394, 0.0004571492
  -54.222, 0.00025389, 0.0004571492
  -54.215545, 0.000140616, 0.00045734282
  -54.202635, 1.1718e-05, 0.00045773005
  -54.19618, -6.2496e-05, 0.00045792367
  -54.18327, 0.005277006, 0.0004583109
  -54.176815, -5.859e-05, 0.00045850452
  -54.17036, 0.000378882, 0.00045869814
  -54.17036, -0.000109368, 0.00045869814
  -54.15745, 3.1248e-05, 0.00045908537
  -54.15745, -3.906e-05, 0.00045908537
  -54.150995, 0.000199206, 0.00045927899
  -54.14454, -3.5154e-05, 0.00045947261
  -54.14454, 5.859e-05, 0.00045947261
  -54.138085, -6.6402e-05, 0.00045966622
  -54.138085, -1.953e-05, 0.00045966622
  -54.11872, -1.953e-05, 0.00046024707
  -54.11872, -9.3744e-05, 0.00046024707
  -54.112265, 0.00517545, 0.00046044069
  -54.10581, -3.906e-06, 0.00046063431
  -54.10581, -7.4214e-05, 0.00046063431
  -54.099355, 7.4214e-05, 0.00046082793
  -54.0929, 0.003003714, 0.00046102154
  -54.086445, -4.2966e-05, 0.00046121516
  -54.086445, 0.005284818, 0.00046121516
  -54.086445, 0.000105462, 0.00046121516
  -54.086445, -4.6872e-05, 0.00046121516
  -54.07999, 1.1718e-05, 0.00046140878
  -54.073535, 0.004464558, 0.0004616024
  -54.073535, -2.3436e-05, 0.0004616024
  -54.073535, -1.953e-05, 0.0004616024
  -54.073535, -3.906e-05, 0.0004616024
  -54.060625, 7.812e-06, 0.00046198963
  -54.060625, 0.001023372, 0.00046198963
  -54.060625, -1.1718e-05, 0.00046198963
  -54.05417, 0, 0.00046218325
  -54.05417, 0.000144522, 0.00046218325
  -54.05417, 1.953e-05, 0.00046218325
  -54.047715, -7.812e-06, 0.00046237686
  -54.047715, 0.000203112, 0.00046237686
  -54.04126, 3.1248e-05, 0.00046257048
  -54.04126, -0.000105462, 0.00046257048
  -54.04126, 0.006995646, 0.00046257048
  -54.04126, 0.000269514, 0.00046257048
  -54.034805, 2.7342e-05, 0.0004627641
  -54.034805, 0.000339822, 0.0004627641
  -54.01544, 6.6402e-05, 0.00046334495
  -54.01544, 5.0778e-05, 0.00046334495
  -54.008985, 0.00052731, 0.00046353857
  -54.008985, 3.906e-06, 0.00046353857
  -54.008985, 3.906e-05, 0.00046353857
  -54.00253, 7.812e-06, 0.00046373219
  -53.996075, 0.000906192, 0.0004639258
  -53.996075, 0.000421848, 0.0004639258
  -53.98962, 3.1248e-05, 0.00046411942
  -53.983165, 8.9838e-05, 0.00046431304
  -53.983165, -5.4684e-05, 0.00046431304
  -53.97671, 0.00072261, 0.00046450665
  -53.970255, 7.4214e-05, 0.00046470027
  -53.970255, 3.1248e-05, 0.00046470027
  -53.957345, 0.000121086, 0.00046508751
  -53.957345, 1.1718e-05, 0.00046508751
  -53.95089, -3.5154e-05, 0.00046528112
  -53.95089, 9.765e-05, 0.00046528112
  -53.944435, 0.003718512, 0.00046547474
  -53.93798, 5.0778e-05, 0.00046566836
  -53.931525, -1.5624e-05, 0.00046586198
  -53.931525, 0.000519498, 0.00046586198
  -53.931525, 4.6872e-05, 0.00046586198
  -53.92507, 3.1248e-05, 0.00046605559
  -53.92507, 0.00013671, 0.00046605559
  -53.918615, 0.000164052, 0.00046624921
  -53.918615, 0.0001953, 0.00046624921
  -53.91216, 7.0308e-05, 0.00046644283
  -53.905705, 0.000257796, 0.00046663644
  -53.905705, 0.000417942, 0.00046663644
  -53.905705, 5.859e-05, 0.00046663644
  -53.89925, 7.4214e-05, 0.00046683006
  -53.89925, 0.000101556, 0.00046683006
  -53.89925, 8.9838e-05, 0.00046683006
  -53.89925, 0, 0.00046683006
  -53.892795, 0.000218736, 0.00046702368
  -53.892795, 0.00033201, 0.00046702368
  -53.88634, 0.00037107, 0.0004672173
  -53.88634, 0.000328104, 0.0004672173
  -53.88634, 0.000113274, 0.0004672173
  -53.88634, 9.765e-05, 0.0004672173
  -53.879885, 0.000289044, 0.00046741091
  -53.879885, 0.000460908, 0.00046741091
  -53.879885, 0.001730358, 0.00046741091
  -53.87343, 0.000570276, 0.00046760453
  -53.87343, 0.000421848, 0.00046760453
  -53.87343, 0.000128898, 0.00046760453
  -53.866975, 0.000257796, 0.00046779815
  -53.866975, -0.000113274, 0.00046779815
  -53.866975, 0.002859192, 0.00046779815
  -53.86052, 0.000203112, 0.00046799177
  -53.86052, 0.000132804, 0.00046799177
  -53.86052, 1.5624e-05, 0.00046799177
  -53.86052, -4.6872e-05, 0.00046799177
  -53.86052, 0.000144522, 0.00046799177
  -53.86052, -2.7342e-05, 0.00046799177
  -53.86052, 0.000515592, 0.00046799177
  -53.86052, 0.000804636, 0.00046799177
  -53.854065, 2.7342e-05, 0.00046818538
  -53.854065, 0.00011718, 0.00046818538
  -53.854065, 0.004167702, 0.00046818538
  -53.854065, 1.1718e-05, 0.00046818538
  -53.84761, 0.000171864, 0.000468379
  -53.841155, 0.000140616, 0.00046857262
  -53.841155, 8.9838e-05, 0.00046857262
  -53.841155, 6.6402e-05, 0.00046857262
  -53.841155, -1.1718e-05, 0.00046857262
  -53.8347, 3.906e-05, 0.00046876623
  -53.8347, 0.000183582, 0.00046876623
  -53.8347, 0.003542742, 0.00046876623
  -53.8347, 0.000296856, 0.00046876623
  -53.828245, 0.00023436, 0.00046895985
  -53.828245, 0.000238266, 0.00046895985
  -53.815335, 0.000183582, 0.00046934709
  -53.815335, 3.5154e-05, 0.00046934709
  -53.815335, 0.000374976, 0.00046934709
  -53.80888, 0.000249984, 0.0004695407
  -53.80888, 0.001683486, 0.0004695407
  -53.802425, 0.000499968, 0.00046973432
  -53.79597, 0.000328104, 0.00046992794
  -53.79597, 6.2496e-05, 0.00046992794
  -53.79597, 0.000632772, 0.00046992794
  -53.789515, 0.000394506, 0.00047012156
  -53.789515, 0.000308574, 0.00047012156
  -53.789515, 0.000574182, 0.00047012156
  -53.789515, 0.000460908, 0.00047012156
  -53.789515, 0.000484344, 0.00047012156
  -53.78306, 0.000617148, 0.00047031517
  -53.78306, 7.812e-05, 0.00047031517
  -53.776605, 0.000406224, 0.00047050879
  -53.737875, 7.4214e-05, 0.00047167049
  -53.737875, 0.000105462, 0.00047167049
  -53.699145, 0.000140616, 0.0004728322
  -53.69269, 0.002437344, 0.00047302581
  -53.673325, -0.000109368, 0.00047360667
  -53.673325, 0.000203112, 0.00047360667
  -53.660415, 0.000265608, 0.0004739939
  -53.647505, 0.000433566, 0.00047438114
  -53.64105, 0.000308574, 0.00047457475
  -53.64105, 0.000347634, 0.00047457475
  -53.64105, -5.4684e-05, 0.00047457475
  -53.621685, 0.000835884, 0.0004751556
  -53.621685, 0.000531216, 0.0004751556
  -53.61523, -6.2496e-05, 0.00047534922
  -53.608775, -3.1248e-05, 0.00047554284
  -53.570045, -4.2966e-05, 0.00047670454
  -53.570045, -1.953e-05, 0.00047670454
  -53.55068, 0.006120702, 0.00047728539
  -53.544225, -2.3436e-05, 0.00047747901
  -53.544225, 0.005343408, 0.00047747901
  -53.52486, 0, 0.00047805986
  -53.505495, 1.953e-05, 0.00047864072
  -53.492585, -1.1718e-05, 0.00047902795
  -53.48613, 0.002386566, 0.00047922157
  -53.48613, -4.2966e-05, 0.00047922157
  -53.479675, -0.00015624, 0.00047941518
  -53.47322, 3.906e-05, 0.0004796088
  -53.466765, -3.906e-06, 0.00047980242
  -53.46031, 0.000179676, 0.00047999604
  -53.46031, 6.2496e-05, 0.00047999604
  -53.453855, -2.7342e-05, 0.00048018965
  -53.43449, 1.5624e-05, 0.00048077051
  -53.428035, -7.4214e-05, 0.00048096412
  -53.428035, -3.906e-06, 0.00048096412
  -53.42158, 1.5624e-05, 0.00048115774
  -53.42158, 8.9838e-05, 0.00048115774
  -53.40867, 3.5154e-05, 0.00048154497
  -53.39576, 0.000121086, 0.00048193221
  -53.389305, 3.906e-05, 0.00048212583
  -53.389305, -5.0778e-05, 0.00048212583
  -53.38285, 0.004113018, 0.00048231944
  -53.376395, 5.4684e-05, 0.00048251306
  -53.363485, 0.000164052, 0.0004829003
  -53.35703, 7.812e-05, 0.00048309391
  -53.350575, 0.000804636, 0.00048328753
  -53.350575, 0.000226548, 0.00048328753
  -53.34412, 0.000124992, 0.00048348115
  -53.34412, 8.2026e-05, 0.00048348115
  -53.34412, 5.859e-05, 0.00048348115
  -53.34412, 0.000105462, 0.00048348115
  -53.337665, 0.000925722, 0.00048367476
  -53.337665, -0.000140616, 0.00048367476
  -53.337665, -3.906e-05, 0.00048367476
  -53.337665, 0.000539028, 0.00048367476
  -53.33121, 0.002003778, 0.00048386838
  -53.33121, 0.000289044, 0.00048386838
  -53.33121, 0.000164052, 0.00048386838
  -53.33121, -0.00011718, 0.00048386838
  -53.324755, 0.000218736, 0.000484062
  -53.324755, 0.00011718, 0.000484062
  -53.3183, 0.000367164, 0.00048425562
  -53.3183, 0.000441378, 0.00048425562
  -53.311845, -0.00013671, 0.00048444923
  -53.311845, -1.5624e-05, 0.00048444923
  -53.311845, 0.000347634, 0.00048444923
  -53.30539, 0.003464622, 0.00048464285
  -53.30539, 0.000277326, 0.00048464285
  -53.30539, 0.000578088, 0.00048464285
  -53.30539, 0.00304668, 0.00048464285
  -53.298935, 0.000160146, 0.00048483647
  -53.298935, -4.6872e-05, 0.00048483647
  -53.29248, 0.004292694, 0.00048503009
  -53.29248, 0.000460908, 0.00048503009
  -53.286025, -5.4684e-05, 0.0004852237
  -53.27957, -2.7342e-05, 0.00048541732
  -53.273115, -6.2496e-05, 0.00048561094
  -53.26666, 0.000210924, 0.00048580455
  -53.26666, 0.001121022, 0.00048580455
  -53.260205, 3.906e-06, 0.00048599817
  -53.25375, 1.953e-05, 0.00048619179
  -53.247295, -7.812e-06, 0.00048638541
  -53.247295, 0.000308574, 0.00048638541
  -53.24084, 0.000457002, 0.00048657902
  -53.24084, -0.000207018, 0.00048657902
  -53.24084, 1.1718e-05, 0.00048657902
  -53.24084, 0.000281232, 0.00048657902
  -53.24084, -4.2966e-05, 0.00048657902
  -53.234385, 3.1248e-05, 0.00048677264
  -53.234385, 0.002906064, 0.00048677264
  -53.234385, 0.000363258, 0.00048677264
  -53.234385, -4.6872e-05, 0.00048677264
  -53.234385, 0.00164052, 0.00048677264
  -53.22793, 4.2966e-05, 0.00048696626
  -53.22793, -3.906e-05, 0.00048696626
  -53.221475, 0.000570276, 0.00048715988
  -53.221475, -8.2026e-05, 0.00048715988
  -53.21502, -2.7342e-05, 0.00048735349
  -53.21502, 4.6872e-05, 0.00048735349
  -53.21502, -2.3436e-05, 0.00048735349
  -53.208565, -3.906e-05, 0.00048754711
  -53.20211, -3.906e-06, 0.00048774073
  -53.20211, 0.002249856, 0.00048774073
  -53.195655, 7.0308e-05, 0.00048793434
  -53.1892, -2.3436e-05, 0.00048812796
  -53.1892, 0.000706986, 0.00048812796
  -53.1892, 7.0308e-05, 0.00048812796
  -53.1892, 2.7342e-05, 0.00048812796
  -53.182745, -1.1718e-05, 0.00048832158
  -53.182745, 1.953e-05, 0.00048832158
  -53.182745, 9.3744e-05, 0.00048832158
  -53.182745, -3.906e-06, 0.00048832158
  -53.169835, 9.3744e-05, 0.00048870881
  -53.16338, 3.906e-05, 0.00048890243
  -53.16338, 0.000269514, 0.00048890243
  -53.16338, 0.000121086, 0.00048890243
  -53.16338, 0.003757572, 0.00048890243
  -53.16338, 0.000535122, 0.00048890243
  -53.156925, 0.000699174, 0.00048909605
  -53.156925, 0.000124992, 0.00048909605
  -53.156925, 0.000425754, 0.00048909605
  -53.156925, 0.000335916, 0.00048909605
  -53.156925, 4.6872e-05, 0.00048909605
  -53.15047, 0.00015624, 0.00048928967
  -53.15047, 0.000789012, 0.00048928967
  -53.15047, 7.812e-05, 0.00048928967
  -53.144015, 7.812e-06, 0.00048948328
  -53.144015, 0.000203112, 0.00048948328
  -53.144015, 5.4684e-05, 0.00048948328
  -53.144015, 6.2496e-05, 0.00048948328
  -53.144015, 0.000550746, 0.00048948328
  -53.13756, -7.812e-06, 0.0004896769
  -53.13756, 0.00056637, 0.0004896769
  -53.131105, 0.001343664, 0.00048987052
  -53.12465, 0.000363258, 0.00049006413
  -53.12465, 7.812e-05, 0.00049006413
  -53.118195, 0.00013671, 0.00049025775
  -53.118195, 2.7342e-05, 0.00049025775
  -53.118195, 0.000105462, 0.00049025775
  -53.118195, 7.812e-06, 0.00049025775
  -53.118195, 0.000457002, 0.00049025775
  -53.118195, 0.002722482, 0.00049025775
  -53.11174, 0.00029295, 0.00049045137
  -53.11174, 0.000230454, 0.00049045137
  -53.11174, 0.00054684, 0.00049045137
  -53.11174, -0.000230454, 0.00049045137
  -53.11174, 0.00017577, 0.00049045137
  -53.105285, -0.000144522, 0.00049064499
  -53.105285, 0.000437472, 0.00049064499
  -53.105285, 0.000109368, 0.00049064499
  -53.09883, 0.00023436, 0.0004908386
  -53.09883, 0.000285138, 0.0004908386
  -53.09883, -5.0778e-05, 0.0004908386
  -53.09883, 0.00017577, 0.0004908386
  -53.09883, 0.000355446, 0.0004908386
  -53.09883, -9.765e-05, 0.0004908386
  -53.092375, 0.000144522, 0.00049103222
  -53.092375, 0.000394506, 0.00049103222
  -53.08592, -5.0778e-05, 0.00049122584
  -53.08592, -2.7342e-05, 0.00049122584
  -53.08592, 0.00031248, 0.00049122584
  -53.08592, 1.953e-05, 0.00049122584
  -53.079465, 0.000492156, 0.00049141946
  -53.079465, 2.3436e-05, 0.00049141946
  -53.079465, 0.000171864, 0.00049141946
  -53.079465, 0.000226548, 0.00049141946
  -53.07301, 5.0778e-05, 0.00049161307
  -53.07301, 0.005124672, 0.00049161307
  -53.066555, 0.000617148, 0.00049180669
  -53.053645, 0.000249984, 0.00049219392
  -53.053645, -3.906e-06, 0.00049219392
  -53.053645, -6.2496e-05, 0.00049219392
  -53.053645, 5.0778e-05, 0.00049219392
  -53.053645, 1.953e-05, 0.00049219392
  -53.04719, -2.7342e-05, 0.00049238754
  -53.04719, 7.812e-05, 0.00049238754
  -53.040735, -5.4684e-05, 0.00049258116
  -53.040735, 0.003616956, 0.00049258116
  -53.040735, 0.001187424, 0.00049258116
  -53.03428, -1.5624e-05, 0.00049277478
  -53.03428, 0.002652174, 0.00049277478
  -53.03428, 0.005464494, 0.00049277478
  -53.03428, -3.906e-05, 0.00049277478
  -53.03428, 3.1248e-05, 0.00049277478
  -53.03428, -7.4214e-05, 0.00049277478
  -53.027825, 4.6872e-05, 0.00049296839
  -53.027825, 0.000105462, 0.00049296839
  -53.014915, 0.004761414, 0.00049335563
  -53.014915, 7.812e-06, 0.00049335563
  -53.014915, 7.4214e-05, 0.00049335563
  -53.014915, 7.812e-05, 0.00049335563
  -53.014915, -3.906e-05, 0.00049335563
  -53.014915, -7.812e-06, 0.00049335563
  -53.00846, 9.765e-05, 0.00049354925
  -53.00846, 0.000101556, 0.00049354925
  -52.99555, 0.000199206, 0.00049393648
  -52.99555, 0.000144522, 0.00049393648
  -52.99555, 0.000457002, 0.00049393648
  -52.99555, -4.6872e-05, 0.00049393648
  -52.989095, 0.000124992, 0.0004941301
  -52.989095, 0.000226548, 0.0004941301
  -52.989095, 0.00503874, 0.0004941301
  -52.989095, 0.000574182, 0.0004941301
  -52.98264, 0.000281232, 0.00049432371
  -52.98264, 1.5624e-05, 0.00049432371
  -52.98264, 0.000363258, 0.00049432371
  -52.98264, 0.000167958, 0.00049432371
  -52.976185, -1.953e-05, 0.00049451733
  -52.96973, 0.000261702, 0.00049471095
  -52.96973, 7.812e-06, 0.00049471095
  -52.963275, 0.00013671, 0.00049490457
  -52.963275, 0.0001953, 0.00049490457
  -52.963275, -2.7342e-05, 0.00049490457
  -52.963275, 6.2496e-05, 0.00049490457
  -52.963275, 0.000437472, 0.00049490457
  -52.963275, 2.3436e-05, 0.00049490457
  -52.95682, 0.000648396, 0.00049509818
  -52.95682, 0.000257796, 0.00049509818
  -52.95682, 3.5154e-05, 0.00049509818
  -52.950365, -0.000144522, 0.0004952918
  -52.950365, 8.5932e-05, 0.0004952918
  -52.950365, 0, 0.0004952918
  -52.950365, 0.000335916, 0.0004952918
  -52.937455, 0.000535122, 0.00049567904
  -52.937455, 0.000191394, 0.00049567904
  -52.937455, 0.000515592, 0.00049567904
  -52.937455, 0.000414036, 0.00049567904
  -52.937455, 0.000339822, 0.00049567904
  -52.937455, 0.000933534, 0.00049567904
  -52.931, 0.000109368, 0.00049587265
  -52.931, 0.000324198, 0.00049587265
  -52.931, -7.812e-06, 0.00049587265
  -52.91809, 0.005632452, 0.00049625989
  -52.91809, 0.000421848, 0.00049625989
  -52.91809, -5.0778e-05, 0.00049625989
  -52.91809, 0.00070308, 0.00049625989
  -52.91809, 3.906e-05, 0.00049625989
  -52.91809, 1.1718e-05, 0.00049625989
  -52.91809, 0.000144522, 0.00049625989
  -52.911635, 0.000249984, 0.0004964535
  -52.90518, 1.1718e-05, 0.00049664712
  -52.90518, 0.000519498, 0.00049664712
  -52.89227, -2.7342e-05, 0.00049703436
  -52.89227, 0.000675738, 0.00049703436
  -52.885815, 2.7342e-05, 0.00049722797
  -52.872905, 6.2496e-05, 0.00049761521
  -52.872905, 3.1248e-05, 0.00049761521
  -52.859995, 0.001179612, 0.00049800244
  -52.85354, 5.4684e-05, 0.00049819606
  -52.85354, -1.1718e-05, 0.00049819606
  -52.85354, 5.0778e-05, 0.00049819606
  -52.847085, 8.9838e-05, 0.00049838968
  -52.84063, 0.000124992, 0.00049858329
  -52.84063, -8.9838e-05, 0.00049858329
  -52.834175, -8.5932e-05, 0.00049877691
  -52.821265, 7.812e-05, 0.00049916415
  -52.81481, 0.00017577, 0.00049935776
  -52.808355, 7.0308e-05, 0.00049955138
  -52.808355, 0.00023436, 0.00049955138
  -52.808355, 9.3744e-05, 0.00049955138
  -52.808355, -3.5154e-05, 0.00049955138
  -52.808355, 0.004191138, 0.00049955138
  -52.795445, 0.002308446, 0.00049993862
  -52.795445, 3.906e-06, 0.00049993862
  -52.795445, 9.765e-05, 0.00049993862
  -52.795445, -8.9838e-05, 0.00049993862
  -52.78899, -5.0778e-05, 0.00050013223
  -52.782535, -5.859e-05, 0.00050032585
  -52.77608, 0.001941282, 0.00050051947
  -52.769625, 0.000285138, 0.00050071308
  -52.769625, 0.000105462, 0.00050071308
  -52.769625, 0.002367036, 0.00050071308
  -52.76317, 1.5624e-05, 0.0005009067
  -52.756715, 1.953e-05, 0.00050110032
  -52.756715, 0.000601524, 0.00050110032
  -52.756715, 0.000152334, 0.00050110032
  -52.756715, 0.000124992, 0.00050110032
  -52.75026, 0.00445284, 0.00050129394
  -52.75026, 0.00037107, 0.00050129394
  -52.75026, 0.000578088, 0.00050129394
  -52.75026, 0.00046872, 0.00050129394
  -52.743805, 0.00017577, 0.00050148755
  -52.743805, -3.1248e-05, 0.00050148755
  -52.743805, -3.5154e-05, 0.00050148755
  -52.73735, 0.000203112, 0.00050168117
  -52.730895, 0.000242172, 0.00050187479
  -52.730895, 3.906e-06, 0.00050187479
  -52.730895, -1.5624e-05, 0.00050187479
  -52.72444, 4.2966e-05, 0.00050206841
  -52.72444, 3.1248e-05, 0.00050206841
  -52.717985, 1.953e-05, 0.00050226202
  -52.717985, 5.0778e-05, 0.00050226202
  -52.717985, 0.000386694, 0.00050226202
  -52.717985, 0.000480438, 0.00050226202
  -52.71153, -1.5624e-05, 0.00050245564
  -52.71153, 7.0308e-05, 0.00050245564
  -52.71153, 0.005941026, 0.00050245564
  -52.71153, 0.00023436, 0.00050245564
  -52.705075, 0.00087885, 0.00050264926
  -52.69862, 7.0308e-05, 0.00050284287
  -52.69862, 0.000171864, 0.00050284287
  -52.69862, 0.000121086, 0.00050284287
  -52.69862, 0.000308574, 0.00050284287
  -52.69862, -3.1248e-05, 0.00050284287
  -52.692165, 0.000265608, 0.00050303649
  -52.692165, 0.000296856, 0.00050303649
  -52.68571, -3.906e-06, 0.00050323011
  -52.68571, 0.000343728, 0.00050323011
  -52.68571, 0.000621054, 0.00050323011
  -52.68571, 8.9838e-05, 0.00050323011
  -52.68571, 0.000433566, 0.00050323011
  -52.68571, -0.000132804, 0.00050323011
  -52.68571, 0.000964782, 0.00050323011
  -52.679255, 0.000492156, 0.00050342373
  -52.679255, 0.000105462, 0.00050342373
  -52.679255, 3.5154e-05, 0.00050342373
  -52.679255, -5.4684e-05, 0.00050342373
  -52.6728, 0.001050714, 0.00050361734
  -52.6728, 0.000542934, 0.00050361734
  -52.6728, 0.000394506, 0.00050361734
  -52.65989, 0.000550746, 0.00050400458
  -52.65989, -1.1718e-05, 0.00050400458
  -52.653435, 5.0778e-05, 0.0005041982
  -52.64698, 0.000109368, 0.00050439181
  -52.64698, 0.00044919, 0.00050439181
  -52.64698, 0.000124992, 0.00050439181
  -52.640525, 7.812e-06, 0.00050458543
  -52.640525, 0.000281232, 0.00050458543
  -52.63407, 4.2966e-05, 0.00050477905
  -52.627615, 7.0308e-05, 0.00050497266
  -52.627615, 2.3436e-05, 0.00050497266
  -52.627615, -6.6402e-05, 0.00050497266
  -52.627615, 7.812e-05, 0.00050497266
  -52.62116, 8.9838e-05, 0.00050516628
  -52.62116, 0.000355446, 0.00050516628
  -52.62116, 0.000218736, 0.00050516628
  -52.614705, 1.1718e-05, 0.0005053599
  -52.60825, 0.000160146, 0.00050555352
  -52.60825, 0.000164052, 0.00050555352
  -52.60825, 0.002902158, 0.00050555352
  -52.601795, 3.5154e-05, 0.00050574713
  -52.59534, 0.000113274, 0.00050594075
  -52.59534, 0.000113274, 0.00050594075
  -52.59534, -4.2966e-05, 0.00050594075
  -52.58243, 0.000140616, 0.00050632799
  -52.58243, -2.3436e-05, 0.00050632799
  -52.56952, 0.000218736, 0.00050671522
  -52.563065, 0.005472306, 0.00050690884
  -52.563065, 5.4684e-05, 0.00050690884
  -52.55661, 0.000167958, 0.00050710245
  -52.55661, 8.2026e-05, 0.00050710245
  -52.550155, 0.005558238, 0.00050729607
  -52.550155, -3.906e-06, 0.00050729607
  -52.5437, 0.000285138, 0.00050748969
  -52.537245, 0.000378882, 0.00050768331
  -52.524335, 1.953e-05, 0.00050807054
  -52.524335, 0.000726516, 0.00050807054
  -52.524335, 0.000109368, 0.00050807054
  -52.524335, 0.000359352, 0.00050807054
  -52.524335, -4.2966e-05, 0.00050807054
  -52.51788, 0.001273356, 0.00050826416
  -52.511425, 0.00021483, 0.00050845778
  -52.511425, 0.000457002, 0.00050845778
  -52.50497, 0.000523404, 0.00050865139
  -52.498515, 0.00056637, 0.00050884501
  -52.498515, 0.000425754, 0.00050884501
  -52.498515, 3.906e-05, 0.00050884501
  -52.49206, 0.00027342, 0.00050903863
  -52.485605, 0.000335916, 0.00050923224
  -52.47915, -0.000113274, 0.00050942586
  -52.47915, 0.004913748, 0.00050942586
  -52.472695, 0.003058398, 0.00050961948
  -52.472695, 0.000144522, 0.00050961948
  -52.472695, -6.6402e-05, 0.00050961948
  -52.472695, 0.000347634, 0.00050961948
  -52.46624, 0.000261702, 0.0005098131
  -52.46624, 0.000433566, 0.0005098131
  -52.459785, -4.6872e-05, 0.00051000671
  -52.459785, 5.4684e-05, 0.00051000671
  -52.459785, 0.000706986, 0.00051000671
  -52.459785, 0.000210924, 0.00051000671
  -52.459785, 0.000105462, 0.00051000671
  -52.45333, -5.0778e-05, 0.00051020033
  -52.45333, -1.953e-05, 0.00051020033
  -52.45333, 8.2026e-05, 0.00051020033
  -52.446875, 0.000550746, 0.00051039395
  -52.44042, 0.0001953, 0.00051058757
  -52.433965, 0.000265608, 0.00051078118
  -52.421055, -1.1718e-05, 0.00051116842
  -52.4146, 0.000140616, 0.00051136203
  -52.408145, 0.000433566, 0.00051155565
  -52.408145, 3.906e-06, 0.00051155565
  -52.408145, -2.7342e-05, 0.00051155565
  -52.395235, 0.00033201, 0.00051194289
  -52.395235, 1.5624e-05, 0.00051194289
  -52.38878, 0.000535122, 0.0005121365
  -52.38878, 0.002175642, 0.0005121365
  -52.382325, 0.000828072, 0.00051233012
  -52.37587, -0.000101556, 0.00051252374
  -52.369415, 0, 0.00051271736
  -52.356505, -0.000144522, 0.00051310459
  -52.343595, 0.003941154, 0.00051349182
  -52.343595, 3.1248e-05, 0.00051349182
  -52.330685, 5.4684e-05, 0.00051387906
  -52.32423, 1.953e-05, 0.00051407268
  -52.32423, 0.000910098, 0.00051407268
  -52.317775, -5.0778e-05, 0.00051426629
  -52.31132, 0.00013671, 0.00051445991
  -52.31132, -7.0308e-05, 0.00051445991
  -52.304865, -2.3436e-05, 0.00051465353
  -52.29841, 0.002562336, 0.00051484715
  -52.29841, 3.906e-05, 0.00051484715
  -52.29841, 2.3436e-05, 0.00051484715
  -52.29841, 7.812e-05, 0.00051484715
  -52.291955, 0.000171864, 0.00051504076
  -52.291955, 0.000226548, 0.00051504076
  -52.291955, 3.906e-06, 0.00051504076
  -52.2855, -7.812e-05, 0.00051523438
  -52.2855, -4.2966e-05, 0.00051523438
  -52.2855, -6.6402e-05, 0.00051523438
  -52.279045, 0.00011718, 0.000515428
  -52.27259, 0.00029295, 0.00051562161
  -52.27259, -3.906e-05, 0.00051562161
  -52.27259, 0.000578088, 0.00051562161
  -52.27259, 0.00037107, 0.00051562161
  -52.25968, 5.859e-05, 0.00051600885
  -52.25968, 3.906e-05, 0.00051600885
  -52.253225, 0.000457002, 0.00051620247
  -52.24677, 8.9838e-05, 0.00051639608
  -52.24677, 0.00011718, 0.00051639608
  -52.240315, -3.5154e-05, 0.0005165897
  -52.240315, -2.3436e-05, 0.0005165897
  -52.23386, 6.2496e-05, 0.00051678332
  -52.22095, 0.003171672, 0.00051717055
  -52.214495, 0.006136326, 0.00051736417
  -52.20804, -1.5624e-05, 0.00051755779
  -52.201585, -6.2496e-05, 0.0005177514
  -52.201585, 0.00011718, 0.0005177514
  -52.201585, -3.906e-06, 0.0005177514
  -52.19513, 0.000152334, 0.00051794502
  -52.19513, -1.1718e-05, 0.00051794502
  -52.19513, 1.1718e-05, 0.00051794502
  -52.18222, 0.000109368, 0.00051833226
  -52.18222, -2.7342e-05, 0.00051833226
  -52.18222, 8.2026e-05, 0.00051833226
  -52.175765, 0, 0.00051852587
  -52.16931, 0.000191394, 0.00051871949
  -52.16931, 0.00050778, 0.00051871949
  -52.162855, 0.000140616, 0.00051891311
  -52.162855, -4.2966e-05, 0.00051891311
  -52.162855, 0.000636678, 0.00051891311
  -52.1564, 0, 0.00051910673
  -52.1564, 3.906e-06, 0.00051910673
  -52.1564, 0.000414036, 0.00051910673
  -52.149945, 0.000257796, 0.00051930034
  -52.149945, 0.00642537, 0.00051930034
  -52.149945, 0.0001953, 0.00051930034
  -52.149945, 1.1718e-05, 0.00051930034
  -52.14349, 0.000335916, 0.00051949396
  -52.14349, 0.000328104, 0.00051949396
  -52.14349, 0.000261702, 0.00051949396
  -52.14349, 3.1248e-05, 0.00051949396
  -52.14349, 0.005827752, 0.00051949396
  -52.137035, 0.00267561, 0.00051968758
  -52.13058, 0.004972338, 0.00051988119
  -52.124125, 1.953e-05, 0.00052007481
  -52.124125, 5.0778e-05, 0.00052007481
  -52.11767, 0.007308126, 0.00052026843
  -52.11767, 3.1248e-05, 0.00052026843
  -52.11767, 0.000406224, 0.00052026843
  -52.111215, 0.000648396, 0.00052046205
  -52.10476, -5.859e-05, 0.00052065566
  -52.10476, 0.0007812, 0.00052065566
  -52.10476, 0.000515592, 0.00052065566
  -52.098305, 1.953e-05, 0.00052084928
  -52.09185, 7.0308e-05, 0.0005210429
  -52.09185, 5.0778e-05, 0.0005210429
  -52.07894, -8.2026e-05, 0.00052143013
  -52.072485, 7.4214e-05, 0.00052162375
  -52.072485, 9.765e-05, 0.00052162375
  -52.06603, 3.1248e-05, 0.00052181737
  -52.059575, 3.5154e-05, 0.00052201098
  -52.059575, -2.7342e-05, 0.00052201098
  -52.046665, -5.4684e-05, 0.00052239822
  -52.04021, 5.859e-05, 0.00052259184
  -52.04021, 0.000124992, 0.00052259184
  -52.0273, 8.5932e-05, 0.00052297907
  -52.020845, -3.1248e-05, 0.00052317269
  -52.01439, 9.3744e-05, 0.00052336631
  -52.007935, 4.6872e-05, 0.00052355992
  -52.007935, -2.3436e-05, 0.00052355992
  -52.00148, -1.5624e-05, 0.00052375354
  -52.00148, 0.000101556, 0.00052375354
  -51.995025, 0.000164052, 0.00052394716
  -51.98857, 0, 0.00052414077
  -51.982115, 0.000128898, 0.00052433439
  -51.969205, 6.6402e-05, 0.00052472163
  -51.969205, 0.000132804, 0.00052472163
  -51.969205, 1.5624e-05, 0.00052472163
  -51.96275, 0.000296856, 0.00052491524
  -51.956295, 0, 0.00052510886
  -51.956295, 0.000101556, 0.00052510886
  -51.956295, 0.000179676, 0.00052510886
  -51.956295, 0.000222642, 0.00052510886
  -51.94984, 0.000191394, 0.00052530248
  -51.94984, 0.000246078, 0.00052530248
  -51.94984, 6.6402e-05, 0.00052530248
  -51.94984, 0.00037107, 0.00052530248
  -51.943385, 0.005909778, 0.0005254961
  -51.943385, 3.906e-05, 0.0005254961
  -51.93693, 0.00031248, 0.00052568971
  -51.930475, 0.000128898, 0.00052588333
  -51.930475, 0.002855286, 0.00052588333
  -51.930475, 0.00046872, 0.00052588333
  -51.92402, 0.00171864, 0.00052607695
  -51.92402, 0.000316386, 0.00052607695
  -51.92402, 1.5624e-05, 0.00052607695
  -51.917565, 0.000589806, 0.00052627056
  -51.917565, 0.000249984, 0.00052627056
  -51.91111, -0.00013671, 0.00052646418
  -51.91111, 8.2026e-05, 0.00052646418
  -51.904655, 0.000152334, 0.0005266578
  -51.904655, 0.000402318, 0.0005266578
  -51.904655, 0.0003906, 0.0005266578
  -51.8982, 0.000535122, 0.00052685142
  -51.8982, 0.002874816, 0.00052685142
  -51.8982, 0.000109368, 0.00052685142
  -51.8982, 0.001140552, 0.00052685142
  -51.891745, 0.000152334, 0.00052704503
  -51.891745, 0.000613242, 0.00052704503
  -51.88529, 0.000617148, 0.00052723865
  -51.88529, 0.000496062, 0.00052723865
  -51.88529, 0.000207018, 0.00052723865
  -51.88529, 0.000496062, 0.00052723865
  -51.87238, 0.000437472, 0.00052762589
  -51.87238, 3.5154e-05, 0.00052762589
  -51.865925, -5.0778e-05, 0.0005278195
  -51.865925, 0.000203112, 0.0005278195
  -51.85947, 0.000265608, 0.00052801312
  -51.85947, 0.000339822, 0.00052801312
  -51.853015, 0.004894218, 0.00052820674
  -51.84656, 0.000261702, 0.00052840035
  -51.840105, 5.4684e-05, 0.00052859397
  -51.840105, -2.7342e-05, 0.00052859397
  -51.83365, 0.00361305, 0.00052878759
  -51.827195, 3.906e-06, 0.00052898121
  -51.814285, 0.000328104, 0.00052936844
  -51.814285, 2.3436e-05, 0.00052936844
  -51.814285, 0.000417942, 0.00052936844
  -51.801375, 7.812e-05, 0.00052975567
  -51.801375, 0.000519498, 0.00052975567
  -51.788465, 0.00064449, 0.00053014291
  -51.78201, 3.906e-05, 0.00053033653
  -51.775555, 0.000101556, 0.00053053014
  -51.7691, 8.5932e-05, 0.00053072376
  -51.7691, 5.859e-05, 0.00053072376
  -51.75619, 0.000109368, 0.000531111
  -51.73037, 0.000132804, 0.00053188546
  -51.73037, 0.001538964, 0.00053188546
  -51.723915, 0.000128898, 0.00053207908
  -51.711005, 0.000230454, 0.00053246632
  -51.711005, 0.000460908, 0.00053246632
  -51.711005, 0.00056637, 0.00053246632
  -51.711005, 0.000164052, 0.00053246632
  -51.70455, 0.00029295, 0.00053265993
  -51.70455, 0.00169911, 0.00053265993
  -51.70455, 0.000187488, 0.00053265993
  -51.67873, 0.000367164, 0.0005334344
  -51.67873, -0.000183582, 0.0005334344
  -51.67873, 0.000246078, 0.0005334344
  -51.659365, 0.000300762, 0.00053401525
  -51.65291, -5.859e-05, 0.00053420887
  -51.64, 0.0003906, 0.00053459611
  -51.633545, 0.000492156, 0.00053478972
  -51.61418, 0.001714734, 0.00053537058
  -51.607725, 0.000601524, 0.00053556419
  -51.60127, -2.3436e-05, 0.00053575781
  -51.568995, 7.812e-06, 0.0005367259
  -51.543175, 0.002609208, 0.00053750037
  -51.53672, 2.7342e-05, 0.00053769398
  -51.53672, -0.000167958, 0.00053769398
  -51.52381, 0.005081706, 0.00053808122
  -51.517355, -5.0778e-05, 0.00053827483
  -51.49799, -3.1248e-05, 0.00053885569
  -51.491535, -0.000148428, 0.0005390493
  -51.48508, 3.906e-05, 0.00053924292
  -51.478625, -1.1718e-05, 0.00053943654
  -51.465715, 5.4684e-05, 0.00053982377
  -51.45926, 0.003952872, 0.00054001739
  -51.452805, 1.5624e-05, 0.00054021101
  -51.44635, 0, 0.00054040462
  -51.439895, -5.859e-05, 0.00054059824
  -51.43344, 4.2966e-05, 0.00054079186
  -51.426985, 6.6402e-05, 0.00054098548
  -51.426985, 8.2026e-05, 0.00054098548
  -51.414075, 0.000660114, 0.00054137271
  -51.414075, 0.000113274, 0.00054137271
  -51.40762, 8.5932e-05, 0.00054156633
  -51.401165, 0.000261702, 0.00054175995
  -51.401165, 0.000335916, 0.00054175995
  -51.39471, 0.000148428, 0.00054195356
  -51.39471, 0.00050778, 0.00054195356
  -51.39471, -3.1248e-05, 0.00054195356
  -51.388255, 0.000109368, 0.00054214718
  -51.3818, 0.000203112, 0.0005423408
  -51.3818, 0.000414036, 0.0005423408
  -51.36889, -1.1718e-05, 0.00054272803
  -51.35598, 0.00013671, 0.00054311527
  -51.34307, 0.000164052, 0.0005435025
  -51.336615, 0.00021483, 0.00054369612
  -51.33016, 7.812e-06, 0.00054388974
  -51.33016, 3.906e-06, 0.00054388974
  -51.33016, 0.003890376, 0.00054388974
  -51.29143, -5.4684e-05, 0.00054505144
  -51.29143, 2.3436e-05, 0.00054505144
  -51.27852, 0.003581802, 0.00054543867
  -51.27852, -2.7342e-05, 0.00054543867
  -51.272065, 0.000261702, 0.00054563229
  -51.26561, -3.906e-06, 0.00054582591
  -51.259155, 1.5624e-05, 0.00054601953
  -51.259155, 0.000417942, 0.00054601953
  -51.2527, 0.002898252, 0.00054621314
  -51.246245, 0.000328104, 0.00054640676
  -51.23979, 4.6872e-05, 0.00054660038
  -51.23979, 3.1248e-05, 0.00054660038
  -51.23979, 3.906e-05, 0.00054660038
  -51.233335, 0.00070308, 0.00054679399
  -51.22688, 0.000105462, 0.00054698761
  -51.22688, 0.000515592, 0.00054698761
  -51.220425, 0.00044919, 0.00054718123
  -51.220425, 6.6402e-05, 0.00054718123
  -51.220425, 0.000542934, 0.00054718123
  -51.220425, 7.812e-05, 0.00054718123
  -51.21397, 0.000628866, 0.00054737485
  -51.21397, 0.000132804, 0.00054737485
  -51.20106, 0.000355446, 0.00054776208
  -51.18815, 0.000226548, 0.00054814932
  -51.18815, 0.000277326, 0.00054814932
  -51.18815, 0.000167958, 0.00054814932
  -51.18815, 8.5932e-05, 0.00054814932
  -51.181695, -0.000144522, 0.00054834293
  -51.155875, 0.002878722, 0.0005491174
  -51.14942, 9.765e-05, 0.00054931102
  -51.130055, -2.7342e-05, 0.00054989187
  -51.1236, 0.00013671, 0.00055008549
  -51.1236, -6.2496e-05, 0.00055008549
  -51.1236, -6.6402e-05, 0.00055008549
  -51.11069, 0.000191394, 0.00055047272
  -51.104235, 0.00193347, 0.00055066634
  -51.078415, -1.1718e-05, 0.00055144081
  -51.078415, -3.906e-05, 0.00055144081
  -51.07196, 0.003628674, 0.00055163443
  -51.065505, -0.000152334, 0.00055182804
  -51.065505, 0.000246078, 0.00055182804
  -51.065505, 0.000308574, 0.00055182804
  -51.05905, -3.906e-05, 0.00055202166
  -51.05905, 2.3436e-05, 0.00055202166
  -51.052595, 0.000621054, 0.00055221528
  -51.052595, 4.2966e-05, 0.00055221528
  -51.052595, 0, 0.00055221528
  -51.039685, 5.859e-05, 0.00055260251
  -51.039685, 0.001730358, 0.00055260251
  -51.039685, 0.003726324, 0.00055260251
  -51.039685, -0.000124992, 0.00055260251
  -51.03323, -1.953e-05, 0.00055279613
  -51.03323, 0.000328104, 0.00055279613
  -51.03323, 0.000394506, 0.00055279613
  -51.026775, 0.000480438, 0.00055298975
  -51.026775, -4.2966e-05, 0.00055298975
  -51.026775, 0.000394506, 0.00055298975
  -51.026775, 0.000480438, 0.00055298975
  -51.02032, 0.0042966, 0.00055318336
  -51.02032, 0.000113274, 0.00055318336
  -51.02032, 0.000249984, 0.00055318336
  -51.02032, 0.000191394, 0.00055318336
  -51.013865, 8.2026e-05, 0.00055337698
  -51.013865, 0.000581994, 0.00055337698
  -51.00741, 3.906e-06, 0.0005535706
  -51.00741, 0.000144522, 0.0005535706
  -50.9945, -3.5154e-05, 0.00055395783
  -50.98159, -1.953e-05, 0.00055434507
  -50.962225, 1.5624e-05, 0.00055492592
  -50.94286, 0.000718704, 0.00055550677
  -50.94286, 0, 0.00055550677
  -50.936405, 2.3436e-05, 0.00055570039
  -50.936405, -1.953e-05, 0.00055570039
  -50.910585, -5.859e-05, 0.00055647486
  -50.90413, 1.1718e-05, 0.00055666848
  -50.90413, 4.2966e-05, 0.00055666848
  -50.90413, 0.00126945, 0.00055666848
  -50.90413, 0.002046744, 0.00055666848
  -50.897675, 0, 0.00055686209
  -50.87831, -3.5154e-05, 0.00055744294
  -50.871855, 3.1248e-05, 0.00055763656
  -50.871855, 0.000632772, 0.00055763656
  -50.8654, -8.2026e-05, 0.00055783018
  -50.8654, 6.2496e-05, 0.00055783018
  -50.85249, -3.5154e-05, 0.00055821741
  -50.85249, 1.953e-05, 0.00055821741
  -50.846035, 8.5932e-05, 0.00055841103
  -50.83958, 4.6872e-05, 0.00055860465
  -50.82667, 3.906e-06, 0.00055899188
  -50.82667, 0.00050778, 0.00055899188
  -50.82667, 0.000113274, 0.00055899188
  -50.820215, 3.1248e-05, 0.0005591855
  -50.81376, -1.953e-05, 0.00055937912
  -50.81376, 0.00197253, 0.00055937912
  -50.80085, 0.004905936, 0.00055976635
  -50.80085, 0.00015624, 0.00055976635
  -50.80085, 0.000402318, 0.00055976635
  -50.794395, 0.0001953, 0.00055995997
  -50.794395, 0.000324198, 0.00055995997
  -50.794395, -0.000132804, 0.00055995997
  -50.794395, 7.0308e-05, 0.00055995997
  -50.78794, 0.000968688, 0.00056015359
  -50.78794, 5.4684e-05, 0.00056015359
  -50.78794, -0.000148428, 0.00056015359
  -50.78794, 1.5624e-05, 0.00056015359
  -50.78794, 0.000246078, 0.00056015359
  -50.781485, 7.812e-05, 0.0005603472
  -50.781485, -3.906e-06, 0.0005603472
  -50.781485, 0.000121086, 0.0005603472
  -50.781485, 9.765e-05, 0.0005603472
  -50.77503, 0.000210924, 0.00056054082
  -50.77503, 9.3744e-05, 0.00056054082
  -50.77503, 7.0308e-05, 0.00056054082
  -50.768575, 0.004585644, 0.00056073444
  -50.768575, 0.000148428, 0.00056073444
  -50.76212, 3.906e-05, 0.00056092806
  -50.76212, -3.906e-05, 0.00056092806
  -50.755665, -7.812e-05, 0.00056112167
  -50.755665, 2.7342e-05, 0.00056112167
  -50.742755, 0.000113274, 0.00056150891
  -50.742755, -5.0778e-05, 0.00056150891
  -50.7363, 0.009761094, 0.00056170252
  -50.7363, -3.5154e-05, 0.00056170252
  -50.729845, 0.000101556, 0.00056189614
  -50.729845, 0.000339822, 0.00056189614
  -50.729845, 0.000261702, 0.00056189614
  -50.72339, -1.953e-05, 0.00056208976
  -50.72339, 0.005277006, 0.00056208976
  -50.72339, 0.00015624, 0.00056208976
  -50.71048, 0.000132804, 0.00056247699
  -50.71048, 3.906e-06, 0.00056247699
  -50.71048, 0.000511686, 0.00056247699
  -50.71048, 0.00068355, 0.00056247699
  -50.71048, -2.3436e-05, 0.00056247699
  -50.704025, 0.000417942, 0.00056267061
  -50.704025, 0.00498015, 0.00056267061
  -50.69757, -1.5624e-05, 0.00056286423
  -50.691115, 0.000171864, 0.00056305785
  -50.691115, 0.000203112, 0.00056305785
  -50.68466, 7.812e-06, 0.00056325146
  -50.678205, 7.812e-06, 0.00056344508
  -50.678205, 1.5624e-05, 0.00056344508
  -50.67175, 3.1248e-05, 0.0005636387
  -50.67175, 0.003605238, 0.0005636387
  -50.67175, 0.001128834, 0.0005636387
  -50.665295, 0.000261702, 0.00056383231
  -50.65884, 0.000210924, 0.00056402593
  -50.652385, -7.812e-06, 0.00056421955
  -50.64593, 0.000425754, 0.00056441317
  -50.639475, 0.000335916, 0.00056460678
  -50.639475, 0.00035154, 0.00056460678
  -50.639475, 3.5154e-05, 0.00056460678
  -50.639475, 0.00027342, 0.00056460678
  -50.63302, 0.000671832, 0.0005648004
  -50.63302, 3.906e-06, 0.0005648004
  -50.626565, 2.7342e-05, 0.00056499402
  -50.626565, 2.7342e-05, 0.00056499402
  -50.626565, 0.000437472, 0.00056499402
  -50.626565, 0.000515592, 0.00056499402
  -50.62011, -8.5932e-05, 0.00056518764
  -50.613655, 3.906e-05, 0.00056538125
  -50.613655, 0.00052731, 0.00056538125
  -50.6072, 4.2966e-05, 0.00056557487
  -50.600745, 0.000691362, 0.00056576849
  -50.600745, 0.00654255, 0.00056576849
  -50.59429, 6.6402e-05, 0.0005659621
  -50.59429, 3.5154e-05, 0.0005659621
  -50.59429, -4.2966e-05, 0.0005659621
  -50.59429, 3.906e-05, 0.0005659621
  -50.58138, 5.859e-05, 0.00056634934
  -50.574925, 8.5932e-05, 0.00056654296
  -50.56847, 0.000164052, 0.00056673657
  -50.56847, 0.001062432, 0.00056673657
  -50.562015, 0.00011718, 0.00056693019
  -50.55556, 0.000277326, 0.00056712381
  -50.55556, 0.000363258, 0.00056712381
  -50.55556, 8.5932e-05, 0.00056712381
  -50.549105, 0.000445284, 0.00056731743
  -50.549105, 5.4684e-05, 0.00056731743
  -50.54265, -3.1248e-05, 0.00056751104
  -50.54265, 5.4684e-05, 0.00056751104
  -50.536195, 0.000210924, 0.00056770466
  -50.52974, 8.2026e-05, 0.00056789828
  -50.52974, 0.00054684, 0.00056789828
  -50.523285, -2.3436e-05, 0.00056809189
  -50.510375, 7.4214e-05, 0.00056847913
  -50.510375, 0.000101556, 0.00056847913
  -50.510375, -4.6872e-05, 0.00056847913
  -50.497465, 0.006253506, 0.00056886636
  -50.497465, 9.765e-05, 0.00056886636
  -50.484555, 0.005066082, 0.0005692536
  -50.484555, -1.953e-05, 0.0005692536
  -50.484555, 0.000132804, 0.0005692536
  -50.4781, 7.812e-06, 0.00056944722
  -50.4781, -1.5624e-05, 0.00056944722
  -50.471645, 0.000171864, 0.00056964083
  -50.471645, 0.000105462, 0.00056964083
  -50.46519, 0.00015624, 0.00056983445
  -50.46519, 0.000121086, 0.00056983445
  -50.458735, 0.00472626, 0.00057002807
  -50.45228, 0.000218736, 0.00057022168
  -50.445825, 7.812e-06, 0.0005704153
  -50.43937, 2.3436e-05, 0.00057060892
  -50.42646, 0.000277326, 0.00057099615
  -50.420005, 0.000210924, 0.00057118977
  -50.420005, 0.000152334, 0.00057118977
  -50.41355, 0.0001953, 0.00057138339
  -50.41355, 3.906e-05, 0.00057138339
  -50.407095, 0.000667926, 0.00057157701
  -50.40064, 1.5624e-05, 0.00057177062
  -50.40064, 0.000519498, 0.00057177062
  -50.394185, 0.00027342, 0.00057196424
  -50.394185, 0.000343728, 0.00057196424
  -50.394185, 6.6402e-05, 0.00057196424
  -50.38773, 0.000425754, 0.00057215786
  -50.38773, 0.000257796, 0.00057215786
  -50.37482, 9.3744e-05, 0.00057254509
  -50.37482, 0.001632708, 0.00057254509
  -50.368365, 0.000589806, 0.00057273871
  -50.36191, 0.000343728, 0.00057293233
  -50.36191, 0.000121086, 0.00057293233
  -50.355455, 0.000484344, 0.00057312594
  -50.355455, 3.1248e-05, 0.00057312594
  -50.349, 0.000199206, 0.00057331956
  -50.349, 0.0003906, 0.00057331956
  -50.349, 0.000148428, 0.00057331956
  -50.349, 0.000242172, 0.00057331956
  -50.349, 0.000417942, 0.00057331956
  -50.349, 0.002238138, 0.00057331956
  -50.342545, 0.003335724, 0.00057351318
  -50.342545, 0.000324198, 0.00057351318
  -50.33609, 0.00031248, 0.0005737068
  -50.33609, 0.000394506, 0.0005737068
  -50.329635, 0.000328104, 0.00057390041
  -50.329635, 0.000515592, 0.00057390041
  -50.32318, 5.0778e-05, 0.00057409403
  -50.32318, 0.000480438, 0.00057409403
  -50.32318, 0.001324134, 0.00057409403
  -50.32318, 0.00060543, 0.00057409403
  -50.303815, -0.000113274, 0.00057467488
  -50.277995, -6.2496e-05, 0.00057544935
  -50.277995, -3.5154e-05, 0.00057544935
  -50.265085, -1.953e-05, 0.00057583659
  -50.265085, -6.6402e-05, 0.00057583659
  -50.25863, 7.4214e-05, 0.0005760302
  -50.252175, 0.004655952, 0.00057622382
  -50.24572, 9.3744e-05, 0.00057641744
  -50.239265, -2.7342e-05, 0.00057661105
  -50.239265, 0, 0.00057661105
  -50.226355, 1.5624e-05, 0.00057699829
  -50.20699, 3.5154e-05, 0.00057757914
  -50.200535, 0.000124992, 0.00057777276
  -50.187625, 5.0778e-05, 0.00057815999
  -50.187625, 0.003425562, 0.00057815999
  -50.187625, -7.812e-06, 0.00057815999
  -50.18117, 0.00017577, 0.00057835361
  -50.16826, 6.6402e-05, 0.00057874084
  -50.15535, 0.000226548, 0.00057912808
  -50.148895, 9.765e-05, 0.0005793217
  -50.148895, 1.5624e-05, 0.0005793217
  -50.148895, 0.000132804, 0.0005793217
  -50.12953, 0.000613242, 0.00057990255
  -50.12953, 0.000179676, 0.00057990255
  -50.123075, 0.000289044, 0.00058009617
  -50.11662, 0.00031248, 0.00058028978
  -50.11662, 0.00023436, 0.00058028978
  -50.11662, 3.5154e-05, 0.00058028978
  -50.110165, 0.000386694, 0.0005804834
  -50.097255, 0.000476532, 0.00058087063
  -50.097255, 0.000367164, 0.00058087063
  -50.097255, 0.000457002, 0.00058087063
  -50.097255, 0.00166005, 0.00058087063
  -50.0908, 5.0778e-05, 0.00058106425
  -50.0908, 0.00638631, 0.00058106425
  -50.07789, 0.000574182, 0.00058145149
  -50.03916, 7.0308e-05, 0.00058261319
  -50.01334, -1.5624e-05, 0.00058338766
  -50.006885, 9.765e-05, 0.00058358128
  -49.981065, 0.000121086, 0.00058435575
  -49.981065, -5.4684e-05, 0.00058435575
  -49.97461, 0.003781008, 0.00058454936
  -49.9617, -2.7342e-05, 0.0005849366
  -49.9617, 0.000152334, 0.0005849366
  -49.94879, 3.906e-06, 0.00058532383
  -49.94879, -0.000261702, 0.00058532383
  -49.942335, 4.6872e-05, 0.00058551745
  -49.942335, 3.1248e-05, 0.00058551745
  -49.93588, 0.002738106, 0.00058571107
  -49.916515, -5.4684e-05, 0.00058629192
  -49.916515, 6.6402e-05, 0.00058629192
  -49.91006, 0.00095697, 0.00058648554
  -49.903605, 9.3744e-05, 0.00058667915
  -49.903605, 0.0001953, 0.00058667915
  -49.89715, -3.906e-05, 0.00058687277
  -49.890695, 0.000554652, 0.00058706639
  -49.88424, 0.000246078, 0.00058726
  -49.88424, 0.000140616, 0.00058726
  -49.88424, 0.00011718, 0.00058726
  -49.877785, -6.2496e-05, 0.00058745362
  -49.877785, -1.953e-05, 0.00058745362
  -49.87133, 0.00023436, 0.00058764724
  -49.87133, 0.000179676, 0.00058764724
  -49.87133, 0.00037107, 0.00058764724
  -49.87133, 0.000453096, 0.00058764724
  -49.864875, 0.000296856, 0.00058784086
  -49.85842, 0.000402318, 0.00058803447
  -49.85842, 0.000320292, 0.00058803447
  -49.839055, -3.906e-05, 0.00058861533
  -49.839055, 1.5624e-05, 0.00058861533
  -49.826145, -3.906e-06, 0.00058900256
  -49.826145, 0.000480438, 0.00058900256
  -49.81969, 0.004503618, 0.00058919618
  -49.813235, -1.5624e-05, 0.00058938979
  -49.813235, 0.000597618, 0.00058938979
  -49.80678, 0.001667862, 0.00058958341
  -49.800325, 0.002054556, 0.00058977703
  -49.800325, 1.1718e-05, 0.00058977703
  -49.800325, 3.1248e-05, 0.00058977703
  -49.787415, 3.5154e-05, 0.00059016426
  -49.787415, -2.3436e-05, 0.00059016426
  -49.774505, 5.0778e-05, 0.0005905515
  -49.76805, 0.000601524, 0.00059074512
  -49.76805, -0.000121086, 0.00059074512
  -49.75514, 5.4684e-05, 0.00059113235
  -49.75514, 6.6402e-05, 0.00059113235
  -49.748685, 0.004183326, 0.00059132597
  -49.748685, 0.000132804, 0.00059132597
  -49.74223, 9.765e-05, 0.00059151958
  -49.74223, -6.2496e-05, 0.00059151958
  -49.72932, 0.00017577, 0.00059190682
  -49.72932, 0.000308574, 0.00059190682
  -49.72932, 0.000472626, 0.00059190682
  -49.722865, 0.000230454, 0.00059210044
  -49.71641, 0.000382788, 0.00059229405
  -49.71641, 6.6402e-05, 0.00059229405
  -49.71641, -4.2966e-05, 0.00059229405
  -49.7035, -4.2966e-05, 0.00059268129
  -49.7035, 8.9838e-05, 0.00059268129
  -49.697045, -3.906e-05, 0.00059287491
  -49.697045, 0.00726516, 0.00059287491
  -49.69059, 0.000609336, 0.00059306852
  -49.69059, -5.4684e-05, 0.00059306852
  -49.658315, -2.7342e-05, 0.00059403661
  -49.65186, 0.006175386, 0.00059423023
  -49.65186, 0.000109368, 0.00059423023
  -49.632495, -3.5154e-05, 0.00059481108
  -49.632495, -1.953e-05, 0.00059481108
  -49.632495, -7.4214e-05, 0.00059481108
  -49.61313, -7.812e-06, 0.00059539193
  -49.606675, -6.6402e-05, 0.00059558555
  -49.606675, 9.765e-05, 0.00059558555
  -49.606675, -7.812e-06, 0.00059558555
  -49.60022, -3.5154e-05, 0.00059577916
  -49.593765, 0.00306621, 0.00059597278
  -49.593765, 0.000124992, 0.00059597278
  -49.593765, -2.7342e-05, 0.00059597278
  -49.58731, 1.5624e-05, 0.0005961664
  -49.58731, 0.000164052, 0.0005961664
  -49.58731, -3.1248e-05, 0.0005961664
  -49.580855, 0.000207018, 0.00059636002
  -49.580855, 0.00380835, 0.00059636002
  -49.5744, 0, 0.00059655363
  -49.567945, 3.906e-06, 0.00059674725
  -49.555035, 0.00337869, 0.00059713449
  -49.555035, 2.7342e-05, 0.00059713449
  -49.555035, -1.5624e-05, 0.00059713449
  -49.54858, 0.00025389, 0.0005973281
  -49.53567, 0.000648396, 0.00059771534
  -49.53567, 3.1248e-05, 0.00059771534
  -49.529215, 1.5624e-05, 0.00059790895
  -49.529215, 0.000511686, 0.00059790895
  -49.529215, 1.1718e-05, 0.00059790895
  -49.529215, 3.906e-05, 0.00059790895
  -49.529215, -7.812e-06, 0.00059790895
  -49.516305, 0.00031248, 0.00059829619
  -49.516305, 0.0003906, 0.00059829619
  -49.516305, 1.1718e-05, 0.00059829619
  -49.50985, 4.6872e-05, 0.00059848981
  -49.50985, 0.000476532, 0.00059848981
  -49.50985, 7.812e-06, 0.00059848981
  -49.503395, 0.000421848, 0.00059868342
  -49.503395, 0.000160146, 0.00059868342
  -49.503395, 7.0308e-05, 0.00059868342
  -49.49694, 0.00033201, 0.00059887704
  -49.49694, 9.765e-05, 0.00059887704
  -49.490485, 0.000261702, 0.00059907066
  -49.490485, 3.1248e-05, 0.00059907066
  -49.490485, 6.6402e-05, 0.00059907066
  -49.490485, 0.000207018, 0.00059907066
  -49.490485, 0.000121086, 0.00059907066
  -49.48403, 0.0005859, 0.00059926428
  -49.48403, 3.1248e-05, 0.00059926428
  -49.48403, 2.7342e-05, 0.00059926428
  -49.477575, 0.001081962, 0.00059945789
  -49.47112, 0.000246078, 0.00059965151
  -49.4453, 4.2966e-05, 0.00060042598
  -49.4453, 3.5154e-05, 0.00060042598
  -49.438845, 8.2026e-05, 0.0006006196
  -49.43239, 4.2966e-05, 0.00060081321
  -49.43239, -7.0308e-05, 0.00060081321
  -49.425935, -3.1248e-05, 0.00060100683
  -49.41948, 7.0308e-05, 0.00060120045
  -49.413025, 0.000105462, 0.00060139407
  -49.40657, 0.001456938, 0.00060158768
  -49.40657, -1.1718e-05, 0.00060158768
  -49.400115, 0.000101556, 0.0006017813
  -49.39366, 0.000148428, 0.00060197492
  -49.39366, 6.6402e-05, 0.00060197492
  -49.39366, 5.0778e-05, 0.00060197492
  -49.39366, 7.812e-06, 0.00060197492
  -49.38075, 0.000601524, 0.00060236215
  -49.38075, 0.007007364, 0.00060236215
  -49.374295, 0.00435519, 0.00060255577
  -49.374295, 8.5932e-05, 0.00060255577
  -49.374295, 2.7342e-05, 0.00060255577
  -49.374295, 3.906e-05, 0.00060255577
  -49.36784, 7.0308e-05, 0.00060274939
  -49.36784, 0.000316386, 0.00060274939
  -49.361385, 6.2496e-05, 0.000602943
  -49.361385, 0.000246078, 0.000602943
  -49.361385, 0.000394506, 0.000602943
  -49.361385, 8.9838e-05, 0.000602943
  -49.361385, 0.0001953, 0.000602943
  -49.361385, 0.000152334, 0.000602943
  -49.361385, 0.000581994, 0.000602943
  -49.35493, 0.000140616, 0.00060313662
  -49.35493, 0.000484344, 0.00060313662
  -49.348475, 0.000199206, 0.00060333024
  -49.348475, 0.000101556, 0.00060333024
  -49.34202, 0.000113274, 0.00060352386
  -49.335565, 0.000257796, 0.00060371747
  -49.335565, 0.000132804, 0.00060371747
  -49.32911, 0.0001953, 0.00060391109
  -49.3162, 0.00011718, 0.00060429832
  -49.309745, 0.00033201, 0.00060449194
  -49.309745, 0.004468464, 0.00060449194
  -49.30329, -8.9838e-05, 0.00060468556
  -49.30329, 0.000257796, 0.00060468556
  -49.30329, 0.005187168, 0.00060468556
  -49.296835, 0.000324198, 0.00060487918
  -49.296835, 0.000164052, 0.00060487918
  -49.283925, 0.00041013, 0.00060526641
  -49.283925, 0.00015624, 0.00060526641
  -49.27747, -2.7342e-05, 0.00060546003
  -49.27747, 0.003851316, 0.00060546003
  -49.271015, 0.000210924, 0.00060565364
  -49.26456, 0.00027342, 0.00060584726
  -49.26456, 0.00050778, 0.00060584726
  -49.258105, 0.000636678, 0.00060604088
  -49.25165, 0.000406224, 0.0006062345
  -49.25165, 0.00072261, 0.0006062345
  -49.25165, 0.000339822, 0.0006062345
  -49.245195, 0.000503874, 0.00060642811
  -49.245195, 0.000148428, 0.00060642811
  -49.232285, 0.000207018, 0.00060681535
  -49.219375, 0.000421848, 0.00060720258
  -49.21292, 0.00052731, 0.0006073962
  -49.21292, 0.000277326, 0.0006073962
  -49.21292, 0.000660114, 0.0006073962
  -49.21292, -3.906e-06, 0.0006073962
  -49.206465, 0.00035154, 0.00060758982
  -49.193555, 0.001578024, 0.00060797705
  -49.193555, 0.000437472, 0.00060797705
  -49.180645, 2.3436e-05, 0.00060836429
  -49.17419, -5.859e-05, 0.0006085579
  -49.167735, 0.002702952, 0.00060875152
  -49.167735, 0.00638631, 0.00060875152
  -49.167735, -0.000167958, 0.00060875152
  -49.167735, -5.4684e-05, 0.00060875152
  -49.167735, 0.00107415, 0.00060875152
  -49.154825, 0.00054684, 0.00060913876
  -49.154825, -7.812e-06, 0.00060913876
  -49.14837, 1.953e-05, 0.00060933237
  -49.14837, 0.00056637, 0.00060933237
  -49.141915, 1.1718e-05, 0.00060952599
  -49.141915, 0.000457002, 0.00060952599
  -49.13546, -3.5154e-05, 0.00060971961
  -49.129005, 3.1248e-05, 0.00060991322
  -49.129005, 0.000374976, 0.00060991322
  -49.12255, -3.1248e-05, 0.00061010684
  -49.12255, 0.000101556, 0.00061010684
  -49.12255, 4.6872e-05, 0.00061010684
  -49.116095, 0.000132804, 0.00061030046
  -49.116095, 7.812e-05, 0.00061030046
  -49.116095, 5.0778e-05, 0.00061030046
  -49.10964, 0.000296856, 0.00061049408
  -49.10964, 0.000171864, 0.00061049408
  -49.103185, -0.00015624, 0.00061068769
  -49.09673, 0.00226548, 0.00061088131
  -49.090275, 0.000222642, 0.00061107493
  -49.090275, 5.859e-05, 0.00061107493
  -49.077365, -5.0778e-05, 0.00061146216
  -49.064455, -1.5624e-05, 0.0006118494
  -49.064455, -7.4214e-05, 0.0006118494
  -49.051545, -2.3436e-05, 0.00061223663
  -49.04509, -5.859e-05, 0.00061243025
  -49.038635, 8.2026e-05, 0.00061262387
  -49.025725, -3.906e-06, 0.0006130111
  -49.025725, -3.906e-05, 0.0006130111
  -49.01927, 0, 0.00061320472
  -49.01927, 0.004167702, 0.00061320472
  -49.01927, 1.953e-05, 0.00061320472
  -49.00636, 0.000109368, 0.00061359195
  -48.999905, 0.001765512, 0.00061378557
  -48.99345, 3.1248e-05, 0.00061397919
  -48.986995, 5.4684e-05, 0.0006141728
  -48.98054, 1.1718e-05, 0.00061436642
  -48.96763, 0.00320292, 0.00061475366
  -48.96763, -7.812e-06, 0.00061475366
  -48.96763, -2.3436e-05, 0.00061475366
  -48.96763, 0.00013671, 0.00061475366
  -48.96763, 0.000132804, 0.00061475366
  -48.948265, 0.00017577, 0.00061533451
  -48.948265, -8.2026e-05, 0.00061533451
  -48.94181, -3.1248e-05, 0.00061552813
  -48.94181, 7.4214e-05, 0.00061552813
  -48.935355, 9.3744e-05, 0.00061572174
  -48.935355, 7.812e-06, 0.00061572174
  -48.922445, 0.000121086, 0.00061610898
  -48.922445, 2.7342e-05, 0.00061610898
  -48.922445, -4.6872e-05, 0.00061610898
  -48.922445, 2.7342e-05, 0.00061610898
  -48.922445, -1.1718e-05, 0.00061610898
  -48.91599, 0.000218736, 0.00061630259
  -48.909535, 0.000632772, 0.00061649621
  -48.90308, 0.00015624, 0.00061668983
  -48.90308, 0.00050778, 0.00061668983
  -48.90308, 1.5624e-05, 0.00061668983
  -48.90308, 0.00027342, 0.00061668983
  -48.896625, 0.00414036, 0.00061688345
  -48.896625, 0.005542614, 0.00061688345
  -48.896625, 4.2966e-05, 0.00061688345
  -48.89017, 5.4684e-05, 0.00061707706
  -48.89017, 6.2496e-05, 0.00061707706
  -48.89017, 0.000203112, 0.00061707706
  -48.89017, -1.953e-05, 0.00061707706
  -48.89017, 0.000406224, 0.00061707706
  -48.883715, 0.000265608, 0.00061727068
  -48.87726, 0.000328104, 0.0006174643
  -48.870805, 3.1248e-05, 0.00061765792
  -48.86435, 8.5932e-05, 0.00061785153
  -48.857895, 0.000343728, 0.00061804515
  -48.85144, 7.812e-05, 0.00061823877
  -48.85144, 3.906e-05, 0.00061823877
  -48.844985, 0.003296664, 0.00061843238
  -48.844985, 7.812e-06, 0.00061843238
  -48.83853, 0.000531216, 0.000618626
  -48.83853, 0.000109368, 0.000618626
  -48.832075, 0.000425754, 0.00061881962
  -48.832075, 0.000144522, 0.00061881962
  -48.832075, 8.5932e-05, 0.00061881962
  -48.832075, 5.859e-05, 0.00061881962
  -48.82562, 0.000203112, 0.00061901324
  -48.82562, 0.000101556, 0.00061901324
  -48.819165, 0.000656208, 0.00061920685
  -48.819165, 0.000660114, 0.00061920685
  -48.819165, 0.000265608, 0.00061920685
  -48.819165, 0.000406224, 0.00061920685
  -48.819165, 0.000503874, 0.00061920685
  -48.819165, 0.00033201, 0.00061920685
  -48.806255, 9.765e-05, 0.00061959409
  -48.806255, 0.002534994, 0.00061959409
  -48.806255, 3.5154e-05, 0.00061959409
  -48.780435, 0.000132804, 0.00062036856
  -48.780435, 0.00011718, 0.00062036856
  -48.767525, 0.000335916, 0.00062075579
  -48.767525, 0.000164052, 0.00062075579
  -48.76107, 0.00650349, 0.00062094941
  -48.76107, 0.000496062, 0.00062094941
  -48.76107, 0.000203112, 0.00062094941
  -48.76107, 0.000406224, 0.00062094941
  -48.754615, 0.000179676, 0.00062114303
  -48.754615, 0.000269514, 0.00062114303
  -48.74816, 5.0778e-05, 0.00062133664
  -48.741705, 0.000613242, 0.00062153026
  -48.728795, 0.002937312, 0.0006219175
  -48.72234, -0.000160146, 0.00062211111
  -48.72234, 5.4684e-05, 0.00062211111
  -48.715885, -7.0308e-05, 0.00062230473
  -48.715885, 0.000628866, 0.00062230473
  -48.715885, 0.000238266, 0.00062230473
  -48.702975, 0.001695204, 0.00062269196
  -48.69652, 0.000308574, 0.00062288558
  -48.68361, 7.812e-05, 0.00062327282
  -48.68361, -2.3436e-05, 0.00062327282
  -48.6707, -4.6872e-05, 0.00062366005
  -48.664245, 0.0003906, 0.00062385367
  -48.664245, 0.000480438, 0.00062385367
  -48.664245, 0.002628738, 0.00062385367
  -48.65779, 0.00060543, 0.00062404729
  -48.638425, 0.000109368, 0.00062462814
  -48.63197, 5.0778e-05, 0.00062482175
  -48.63197, -1.1718e-05, 0.00062482175
  -48.63197, 6.2496e-05, 0.00062482175
  -48.63197, -7.4214e-05, 0.00062482175
  -48.625515, 3.1248e-05, 0.00062501537
  -48.625515, 7.812e-06, 0.00062501537
  -48.625515, -1.953e-05, 0.00062501537
  -48.61906, -0.000140616, 0.00062520899
  -48.612605, 0.004597362, 0.00062540261
  -48.60615, 8.2026e-05, 0.00062559622
  -48.599695, 0.000320292, 0.00062578984
  -48.59324, 0.00394506, 0.00062598346
  -48.586785, -4.6872e-05, 0.00062617708
  -48.58033, 0.001144458, 0.00062637069
  -48.58033, 0.00013671, 0.00062637069
  -48.573875, 0.000109368, 0.00062656431
  -48.573875, -6.6402e-05, 0.00062656431
  -48.56742, -2.7342e-05, 0.00062675793
  -48.56742, 0.000320292, 0.00062675793
  -48.560965, 0.00017577, 0.00062695154
  -48.560965, 0.000128898, 0.00062695154
  -48.560965, 0.000160146, 0.00062695154
  -48.55451, 0.000203112, 0.00062714516
  -48.548055, -2.3436e-05, 0.00062733878
  -48.548055, -3.906e-05, 0.00062733878
  -48.548055, 2.3436e-05, 0.00062733878
  -48.548055, 0.000249984, 0.00062733878
  -48.5416, 0.000230454, 0.0006275324
  -48.535145, 0.000285138, 0.00062772601
  -48.535145, 0.000574182, 0.00062772601
  -48.535145, 0.000652302, 0.00062772601
  -48.535145, 0.000382788, 0.00062772601
  -48.52869, 0, 0.00062791963
  -48.51578, 0.000453096, 0.00062830687
  -48.51578, 4.2966e-05, 0.00062830687
  -48.509325, -7.812e-06, 0.00062850048
  -48.509325, -8.2026e-05, 0.00062850048
  -48.509325, -1.5624e-05, 0.00062850048
  -48.509325, 0.004273164, 0.00062850048
  -48.50287, 0.000363258, 0.0006286941
  -48.50287, 5.0778e-05, 0.0006286941
  -48.50287, 1.953e-05, 0.0006286941
  -48.496415, 0.00427707, 0.00062888772
  -48.496415, 5.859e-05, 0.00062888772
  -48.47705, -3.1248e-05, 0.00062946857
  -48.47705, 5.859e-05, 0.00062946857
  -48.470595, 1.1718e-05, 0.00062966219
  -48.470595, 0.000445284, 0.00062966219
  -48.46414, 8.2026e-05, 0.0006298558
  -48.457685, -1.1718e-05, 0.00063004942
  -48.457685, 0.000105462, 0.00063004942
  -48.45123, 0.000539028, 0.00063024304
  -48.45123, 7.812e-06, 0.00063024304
  -48.444775, 1.1718e-05, 0.00063043666
  -48.444775, 0.001218672, 0.00063043666
  -48.43832, 7.812e-05, 0.00063063027
  -48.43832, 0.0005859, 0.00063063027
  -48.43832, 0.000152334, 0.00063063027
  -48.43832, 0.000706986, 0.00063063027
  -48.431865, 0.000124992, 0.00063082389
  -48.431865, 0.000249984, 0.00063082389
  -48.431865, 0.000476532, 0.00063082389
  -48.431865, 0.0001953, 0.00063082389
  -48.42541, 1.953e-05, 0.00063101751
  -48.42541, 0.0003906, 0.00063101751
  -48.42541, 3.5154e-05, 0.00063101751
  -48.418955, 2.3436e-05, 0.00063121112
  -48.418955, 0.009151758, 0.00063121112
  -48.418955, -5.4684e-05, 0.00063121112
  -48.418955, 0.0001953, 0.00063121112
  -48.4125, 0.000316386, 0.00063140474
  -48.39959, 0.004007556, 0.00063179198
  -48.39959, 3.1248e-05, 0.00063179198
  -48.393135, 0.000101556, 0.00063198559
  -48.38668, 4.6872e-05, 0.00063217921
  -48.380225, 3.906e-05, 0.00063237283
  -48.380225, -7.812e-06, 0.00063237283
  -48.380225, -3.1248e-05, 0.00063237283
  -48.37377, 3.906e-05, 0.00063256645
  -48.36086, 5.859e-05, 0.00063295368
  -48.354405, 7.0308e-05, 0.0006331473
  -48.34795, 5.4684e-05, 0.00063334091
  -48.34795, 0.001359288, 0.00063334091
  -48.34795, 3.1248e-05, 0.00063334091
  -48.34795, 0.000140616, 0.00063334091
  -48.341495, 0.000105462, 0.00063353453
  -48.341495, 0.000124992, 0.00063353453
  -48.341495, 7.812e-05, 0.00063353453
  -48.33504, 0.000570276, 0.00063372815
  -48.33504, 7.812e-06, 0.00063372815
  -48.32213, 0.000179676, 0.00063411538
  -48.32213, 0.006319908, 0.00063411538
  -48.32213, 5.0778e-05, 0.00063411538
  -48.32213, 0.000300762, 0.00063411538
  -48.315675, 0.000222642, 0.000634309
  -48.315675, 0.000167958, 0.000634309
  -48.315675, 0.000460908, 0.000634309
  -48.315675, 0.005327784, 0.000634309
  -48.30922, 0.000230454, 0.00063450262
  -48.30922, 8.2026e-05, 0.00063450262
  -48.30922, 9.765e-05, 0.00063450262
  -48.302765, 6.6402e-05, 0.00063469624
  -48.29631, 0.000285138, 0.00063488985
  -48.29631, 0.000910098, 0.00063488985
  -48.289855, 0.000374976, 0.00063508347
  -48.2834, 0.000113274, 0.00063527709
  -48.276945, 0.000109368, 0.0006354707
  -48.276945, 8.2026e-05, 0.0006354707
  -48.276945, 0.000453096, 0.0006354707
  -48.276945, 0.000124992, 0.0006354707
  -48.27049, 0.000187488, 0.00063566432
  -48.27049, 0.001007748, 0.00063566432
  -48.27049, 0.000140616, 0.00063566432
  -48.264035, 0.000359352, 0.00063585794
  -48.264035, -9.3744e-05, 0.00063585794
  -48.264035, 0.000242172, 0.00063585794
  -48.25758, 0.00054684, 0.00063605156
  -48.25758, -7.812e-06, 0.00063605156
  -48.251125, 0.00029295, 0.00063624517
  -48.24467, 0.000367164, 0.00063643879
  -48.23176, 0.000148428, 0.00063682603
  -48.23176, 0.000148428, 0.00063682603
  -48.225305, 0.000441378, 0.00063701964
  -48.21885, 0.000710892, 0.00063721326
  -48.212395, 0.000539028, 0.00063740688
  -48.212395, 0.003507588, 0.00063740688
  -48.199485, 0.000191394, 0.00063779411
  -48.199485, 0.000199206, 0.00063779411
  -48.199485, -2.3436e-05, 0.00063779411
  -48.18012, 0.000269514, 0.00063837496
  -48.173665, 0.000246078, 0.00063856858
  -48.16721, 0.006226164, 0.0006387622
  -48.16721, 1.5624e-05, 0.0006387622
  -48.16721, -5.859e-05, 0.0006387622
  -48.1543, 0.000343728, 0.00063914943
  -48.1543, 0.000835884, 0.00063914943
  -48.147845, 0.000308574, 0.00063934305
  -48.14139, 0.000828072, 0.00063953667
  -48.134935, 0.001890504, 0.00063973028
  -48.134935, -2.7342e-05, 0.00063973028
  -48.12848, 0.000425754, 0.0006399239
  -48.12848, 0.00052731, 0.0006399239
  -48.12848, 3.906e-05, 0.0006399239
  -48.12848, 0.000386694, 0.0006399239
  -48.122025, -6.2496e-05, 0.00064011752
  -48.11557, 0.000472626, 0.00064031114
  -48.109115, 0.000589806, 0.00064050475
  -48.109115, 6.2496e-05, 0.00064050475
  -48.096205, -3.1248e-05, 0.00064089199
  -48.08975, -3.906e-06, 0.00064108561
  -48.083295, -1.1718e-05, 0.00064127922
  -48.070385, 1.1718e-05, 0.00064166646
  -48.06393, 0.002917782, 0.00064186007
  -48.057475, 3.1248e-05, 0.00064205369
  -48.057475, -3.906e-06, 0.00064205369
  -48.05102, 7.4214e-05, 0.00064224731
  -48.05102, 7.812e-06, 0.00064224731
  -48.044565, 4.6872e-05, 0.00064244093
  -48.031655, 6.2496e-05, 0.00064282816
  -48.018745, 8.5932e-05, 0.0006432154
  -48.01229, 0.000593712, 0.00064340901
  -47.99938, 1.953e-05, 0.00064379625
  -47.99938, 0.000257796, 0.00064379625
  -47.99938, 0.000203112, 0.00064379625
  -47.992925, 7.4214e-05, 0.00064398986
  -47.98647, 0.000140616, 0.00064418348
  -47.98647, 0.000480438, 0.00064418348
  -47.97356, 0.00031248, 0.00064457072
  -47.97356, 0.000121086, 0.00064457072
  -47.967105, 0.000386694, 0.00064476433
  -47.967105, 9.765e-05, 0.00064476433
  -47.96065, 0.00015624, 0.00064495795
  -47.96065, 0.0082026, 0.00064495795
  -47.94774, 0.000199206, 0.00064534519
  -47.941285, 2.7342e-05, 0.0006455388
  -47.915465, 0.00023436, 0.00064631327
  -47.902555, 5.4684e-05, 0.00064670051
  -47.902555, -0.000144522, 0.00064670051
  -47.876735, 8.2026e-05, 0.00064747498
  -47.863825, -8.5932e-05, 0.00064786221
  -47.863825, 0.000281232, 0.00064786221
  -47.863825, 0.003718512, 0.00064786221
  -47.85737, 0.00447237, 0.00064805583
  -47.850915, 0.000355446, 0.00064824944
  -47.850915, -3.1248e-05, 0.00064824944
  -47.83155, 0.000105462, 0.0006488303
  -47.825095, 0.000433566, 0.00064902391
  -47.825095, 1.5624e-05, 0.00064902391
  -47.81864, 0.003023244, 0.00064921753
  -47.81864, 0.000187488, 0.00064921753
  -47.81864, -2.7342e-05, 0.00064921753
  -47.812185, 5.859e-05, 0.00064941115
  -47.799275, 0, 0.00064979838
  -47.799275, 0.000675738, 0.00064979838
  -47.799275, 0.000531216, 0.00064979838
  -47.79282, 0.000144522, 0.000649992
  -47.77991, 0.003679452, 0.00065037923
  -47.77991, 5.0778e-05, 0.00065037923
  -47.773455, -5.0778e-05, 0.00065057285
  -47.760545, 0.000191394, 0.00065096009
  -47.760545, 5.4684e-05, 0.00065096009
  -47.75409, 1.5624e-05, 0.0006511537
  -47.74118, 0.004323942, 0.00065154094
  -47.72827, -0.000113274, 0.00065192817
  -47.72827, 0.000640584, 0.00065192817
  -47.72827, 5.0778e-05, 0.00065192817
  -47.721815, 0.000238266, 0.00065212179
  -47.71536, 6.6402e-05, 0.00065231541
  -47.71536, 5.859e-05, 0.00065231541
  -47.708905, 8.5932e-05, 0.00065250902
  -47.70245, -6.6402e-05, 0.00065270264
  -47.70245, -2.3436e-05, 0.00065270264
  -47.68954, 0.00011718, 0.00065308988
  -47.68954, 0.000148428, 0.00065308988
  -47.68954, 7.4214e-05, 0.00065308988
  -47.68954, -8.5932e-05, 0.00065308988
  -47.67663, -5.0778e-05, 0.00065347711
  -47.670175, -4.2966e-05, 0.00065367073
  -47.670175, -4.2966e-05, 0.00065367073
  -47.670175, 0.000308574, 0.00065367073
  -47.66372, 0.00205065, 0.00065386435
  -47.66372, 0.00017577, 0.00065386435
  -47.66372, 0.000394506, 0.00065386435
  -47.657265, -1.5624e-05, 0.00065405796
  -47.657265, 0, 0.00065405796
  -47.65081, 0.00021483, 0.00065425158
  -47.65081, 0.00363258, 0.00065425158
  -47.644355, 9.765e-05, 0.0006544452
  -47.644355, 0.001624896, 0.0006544452
  -47.644355, 0.000484344, 0.0006544452
  -47.644355, 0.000628866, 0.0006544452
  -47.644355, 0.000121086, 0.0006544452
  -47.6379, 0.000609336, 0.00065463881
  -47.6379, 2.3436e-05, 0.00065463881
  -47.6379, -3.5154e-05, 0.00065463881
  -47.631445, 7.812e-06, 0.00065483243
  -47.631445, 0.000148428, 0.00065483243
  -47.631445, 0.000335916, 0.00065483243
  -47.631445, 0.000499968, 0.00065483243
  -47.631445, 0.000414036, 0.00065483243
  -47.62499, -1.953e-05, 0.00065502605
  -47.62499, 0.002566242, 0.00065502605
  -47.618535, 0.000265608, 0.00065521967
  -47.61208, 0.000277326, 0.00065541328
  -47.605625, 0.00017577, 0.0006556069
  -47.605625, 2.3436e-05, 0.0006556069
  -47.59917, 0.00062496, 0.00065580052
  -47.59917, 0.000218736, 0.00065580052
  -47.59917, 3.906e-05, 0.00065580052
  -47.59917, 0.000417942, 0.00065580052
  -47.592715, 0.006128514, 0.00065599414
  -47.592715, 1.1718e-05, 0.00065599414
  -47.58626, 0.000171864, 0.00065618775
  -47.58626, 0.000343728, 0.00065618775
  -47.58626, -1.5624e-05, 0.00065618775
  -47.579805, 0.000499968, 0.00065638137
  -47.579805, 5.0778e-05, 0.00065638137
  -47.57335, 4.6872e-05, 0.00065657499
  -47.566895, 1.953e-05, 0.0006567686
  -47.566895, 0.004339566, 0.0006567686
  -47.553985, 3.906e-06, 0.00065715584
  -47.541075, -5.0778e-05, 0.00065754307
  -47.541075, 6.2496e-05, 0.00065754307
  -47.53462, 3.5154e-05, 0.00065773669
  -47.53462, 6.2496e-05, 0.00065773669
  -47.52171, 3.906e-06, 0.00065812393
  -47.52171, 5.859e-05, 0.00065812393
  -47.52171, 8.5932e-05, 0.00065812393
  -47.515255, -2.3436e-05, 0.00065831754
  -47.5088, 0.00011718, 0.00065851116
  -47.502345, 0.000187488, 0.00065870478
  -47.502345, 0.000152334, 0.00065870478
  -47.502345, 0.005413716, 0.00065870478
  -47.49589, 0.000695268, 0.00065889839
  -47.49589, 1.1718e-05, 0.00065889839
  -47.49589, 7.812e-05, 0.00065889839
  -47.48298, 2.3436e-05, 0.00065928563
  -47.48298, 0.000101556, 0.00065928563
  -47.48298, 8.2026e-05, 0.00065928563
  -47.476525, 0.000230454, 0.00065947925
  -47.476525, 0.000285138, 0.00065947925
  -47.476525, 0.000199206, 0.00065947925
  -47.47007, 0.000148428, 0.00065967286
  -47.47007, 0.000445284, 0.00065967286
  -47.47007, 0.000542934, 0.00065967286
  -47.45716, 3.5154e-05, 0.0006600601
  -47.45716, 0.000121086, 0.0006600601
  -47.45716, 0.000355446, 0.0006600601
  -47.45716, 0.002515464, 0.0006600601
  -47.45716, 0.000324198, 0.0006600601
  -47.450705, 0.0001953, 0.00066025372
  -47.450705, 0.00025389, 0.00066025372
  -47.450705, -3.906e-05, 0.00066025372
  -47.44425, 0.000402318, 0.00066044733
  -47.44425, 0.000484344, 0.00066044733
  -47.437795, 2.3436e-05, 0.00066064095
  -47.43134, 0.000613242, 0.00066083457
  -47.424885, 0.000152334, 0.00066102818
  -47.424885, -2.3436e-05, 0.00066102818
  -47.41843, 4.2966e-05, 0.0006612218
  -47.40552, 6.6402e-05, 0.00066160904
  -47.399065, 0.000101556, 0.00066180265
  -47.39261, 7.812e-06, 0.00066199627
  -47.386155, 0.000191394, 0.00066218989
  -47.386155, 0.000124992, 0.00066218989
  -47.386155, 0.007171416, 0.00066218989
  -47.3797, 0.000160146, 0.00066238351
  -47.373245, 0.0017577, 0.00066257712
  -47.373245, 0.000199206, 0.00066257712
  -47.373245, 4.2966e-05, 0.00066257712
  -47.35388, 0.006733944, 0.00066315797
  -47.347425, 0.000238266, 0.00066335159
  -47.347425, 2.3436e-05, 0.00066335159
  -47.34097, 0.00025389, 0.00066354521
  -47.34097, 7.0308e-05, 0.00066354521
  -47.334515, 0.00048825, 0.00066373883
  -47.334515, 0.000589806, 0.00066373883
  -47.321605, 0.000398412, 0.00066412606
  -47.321605, 4.2966e-05, 0.00066412606
  -47.321605, 0.00029295, 0.00066412606
  -47.31515, 0.000308574, 0.00066431968
  -47.31515, 5.859e-05, 0.00066431968
  -47.295785, 9.765e-05, 0.00066490053
  -47.295785, 0.000367164, 0.00066490053
  -47.295785, 8.2026e-05, 0.00066490053
  -47.282875, 0.002898252, 0.00066528776
  -47.27642, -0.000148428, 0.00066548138
  -47.27642, 0.000105462, 0.00066548138
  -47.26351, 0.000457002, 0.00066586862
  -47.26351, 0.000128898, 0.00066586862
  -47.257055, 0.000132804, 0.00066606223
  -47.2506, 0.00251937, 0.00066625585
  -47.244145, 0.00015624, 0.00066644947
  -47.244145, 0.000562464, 0.00066644947
  -47.231235, 0.00082026, 0.0006668367
  -47.231235, 0.000265608, 0.0006668367
  -47.231235, 0.000210924, 0.0006668367
  -47.22478, 0.000589806, 0.00066703032
  -47.218325, 0.000320292, 0.00066722394
  -47.218325, -4.2966e-05, 0.00066722394
  -47.218325, 0.000609336, 0.00066722394
  -47.218325, 0.000402318, 0.00066722394
  -47.218325, 0.000187488, 0.00066722394
  -47.21187, 0.000499968, 0.00066741755
  -47.19896, 0.000242172, 0.00066780479
  -47.19896, -4.6872e-05, 0.00066780479
  -47.166685, 0.000316386, 0.00066877288
  -47.16023, -2.3436e-05, 0.00066896649
  -47.16023, -1.1718e-05, 0.00066896649
  -47.153775, 0.000359352, 0.00066916011
  -47.140865, 3.906e-06, 0.00066954734
  -47.13441, 0.000398412, 0.00066974096
  -47.1215, 0.002726388, 0.0006701282
  -47.115045, 1.953e-05, 0.00067032181
  -47.115045, 2.7342e-05, 0.00067032181
  -47.115045, 0.000492156, 0.00067032181
  -47.10859, 0.000628866, 0.00067051543
  -47.10859, 4.6872e-05, 0.00067051543
  -47.102135, -5.0778e-05, 0.00067070905
  -47.076315, 5.859e-05, 0.00067148352
  -47.063405, 8.2026e-05, 0.00067187075
  -47.05695, 3.906e-05, 0.00067206437
  -47.04404, 0.000109368, 0.0006724516
  -47.04404, 0.003148236, 0.0006724516
  -47.04404, 5.859e-05, 0.0006724516
  -47.037585, -3.1248e-05, 0.00067264522
  -47.037585, 0.00853461, 0.00067264522
  -47.03113, 0.00673785, 0.00067283884
  -47.024675, 0.000128898, 0.00067303246
  -47.00531, 0.000210924, 0.00067361331
  -47.00531, 0.000328104, 0.00067361331
  -46.998855, 7.812e-05, 0.00067380692
  -46.998855, 0.000511686, 0.00067380692
  -46.998855, 0.000269514, 0.00067380692
  -46.9924, 0.00015624, 0.00067400054
  -46.9924, -1.1718e-05, 0.00067400054
  -46.9924, 0.000628866, 0.00067400054
  -46.9924, 0.000414036, 0.00067400054
  -46.96658, 0.000269514, 0.00067477501
  -46.94076, 0.000105462, 0.00067554948
  -46.934305, 3.906e-06, 0.0006757431
  -46.921395, -4.6872e-05, 0.00067613033
  -46.90203, 1.5624e-05, 0.00067671118
  -46.90203, 0.000144522, 0.00067671118
  -46.87621, 0.00017577, 0.00067748565
  -46.856845, 0.000210924, 0.0006780665
  -46.856845, 3.1248e-05, 0.0006780665
  -46.85039, -3.1248e-05, 0.00067826012
  -46.83748, 0.00021483, 0.00067864736
  -46.83748, 0.006710508, 0.00067864736
  -46.831025, 8.9838e-05, 0.00067884097
  -46.831025, -5.4684e-05, 0.00067884097
  -46.818115, 5.4684e-05, 0.00067922821
  -46.81166, -5.0778e-05, 0.00067942182
  -46.805205, 0.00027342, 0.00067961544
  -46.792295, -1.1718e-05, 0.00068000268
  -46.78584, -2.3436e-05, 0.00068019629
  -46.77293, -2.7342e-05, 0.00068058353
  -46.77293, 0.000343728, 0.00068058353
  -46.77293, 8.2026e-05, 0.00068058353
  -46.753565, 0.001226484, 0.00068116438
  -46.74711, 3.906e-06, 0.000681358
  -46.74711, 7.812e-06, 0.000681358
  -46.74711, 0.007913556, 0.000681358
  -46.74711, 0.003031056, 0.000681358
  -46.74711, 0.000425754, 0.000681358
  -46.740655, 0.005034834, 0.00068155161
  -46.7342, 1.953e-05, 0.00068174523
  -46.7342, 0.000652302, 0.00068174523
  -46.7342, -4.2966e-05, 0.00068174523
  -46.7342, -6.6402e-05, 0.00068174523
  -46.727745, 5.4684e-05, 0.00068193885
  -46.727745, 3.906e-05, 0.00068193885
  -46.727745, 0.000523404, 0.00068193885
  -46.727745, 0.000101556, 0.00068193885
  -46.72129, -7.812e-06, 0.00068213247
  -46.70838, 2.3436e-05, 0.0006825197
  -46.69547, -2.7342e-05, 0.00068290694
  -46.69547, 0.00308574, 0.00068290694
  -46.69547, 7.0308e-05, 0.00068290694
  -46.676105, 0.000132804, 0.00068348779
  -46.676105, 8.9838e-05, 0.00068348779
  -46.66965, -7.812e-06, 0.0006836814
  -46.66965, 7.812e-06, 0.0006836814
  -46.663195, 0.006136326, 0.00068387502
  -46.663195, -5.859e-05, 0.00068387502
  -46.663195, 0.000281232, 0.00068387502
  -46.65674, 0.000179676, 0.00068406864
  -46.65674, 0.000160146, 0.00068406864
  -46.650285, 3.5154e-05, 0.00068426226
  -46.650285, 0.000265608, 0.00068426226
  -46.64383, 0.000203112, 0.00068445587
  -46.64383, 0.000499968, 0.00068445587
  -46.64383, 1.953e-05, 0.00068445587
  -46.64383, 0.000613242, 0.00068445587
  -46.64383, 0.000121086, 0.00068445587
  -46.637375, -5.859e-05, 0.00068464949
  -46.63092, 0.000324198, 0.00068484311
  -46.63092, 4.2966e-05, 0.00068484311
  -46.624465, 0.000394506, 0.00068503673
  -46.61801, -3.5154e-05, 0.00068523034
  -46.61801, -3.5154e-05, 0.00068523034
  -46.61801, 0.000242172, 0.00068523034
  -46.611555, 6.2496e-05, 0.00068542396
  -46.611555, 1.1718e-05, 0.00068542396
  -46.6051, 6.6402e-05, 0.00068561758
  -46.6051, 0.00031248, 0.00068561758
  -46.585735, -7.812e-06, 0.00068619843
  -46.57928, 0.003941154, 0.00068639205
  -46.572825, 0.002933406, 0.00068658566
  -46.572825, 9.3744e-05, 0.00068658566
  -46.56637, 0.0003906, 0.00068677928
  -46.56637, -1.5624e-05, 0.00068677928
  -46.56637, 8.2026e-05, 0.00068677928
  -46.56637, 0.00646443, 0.00068677928
  -46.56637, -0.000124992, 0.00068677928
  -46.559915, 3.1248e-05, 0.0006869729
  -46.559915, 0.00621054, 0.0006869729
  -46.55346, 0.00294903, 0.00068716652
  -46.55346, -9.3744e-05, 0.00068716652
  -46.547005, 1.1718e-05, 0.00068736013
  -46.547005, 0.000113274, 0.00068736013
  -46.547005, 0.00048825, 0.00068736013
  -46.534095, 3.906e-06, 0.00068774737
  -46.534095, 5.859e-05, 0.00068774737
  -46.534095, 0.00060543, 0.00068774737
  -46.534095, 0.000109368, 0.00068774737
  -46.521185, 0.000128898, 0.0006881346
  -46.521185, -3.1248e-05, 0.0006881346
  -46.51473, 3.1248e-05, 0.00068832822
  -46.51473, -5.0778e-05, 0.00068832822
  -46.508275, 4.6872e-05, 0.00068852184
  -46.50182, 0.0025389, 0.00068871545
  -46.495365, 0.000164052, 0.00068890907
  -46.495365, -7.812e-06, 0.00068890907
  -46.495365, 8.5932e-05, 0.00068890907
  -46.48891, 0.000148428, 0.00068910269
  -46.48891, 1.5624e-05, 0.00068910269
  -46.482455, 0.000210924, 0.00068929631
  -46.476, -2.7342e-05, 0.00068948992
  -46.476, 0.000109368, 0.00068948992
  -46.476, 0.00027342, 0.00068948992
  -46.46309, 6.6402e-05, 0.00068987716
  -46.46309, 0.000343728, 0.00068987716
  -46.456635, 0.000523404, 0.00069007077
  -46.456635, 0.000648396, 0.00069007077
  -46.456635, 8.9838e-05, 0.00069007077
  -46.45018, 0.000414036, 0.00069026439
  -46.45018, 1.5624e-05, 0.00069026439
  -46.443725, 0.0001953, 0.00069045801
  -46.430815, 0.00025389, 0.00069084524
  -46.430815, -3.906e-06, 0.00069084524
  -46.430815, 0.000113274, 0.00069084524
  -46.430815, 3.1248e-05, 0.00069084524
  -46.430815, 3.5154e-05, 0.00069084524
  -46.42436, 0.000152334, 0.00069103886
  -46.39854, 0.000144522, 0.00069181333
  -46.39854, 0.000320292, 0.00069181333
  -46.392085, 5.4684e-05, 0.00069200695
  -46.392085, 0.000199206, 0.00069200695
  -46.392085, 0.000249984, 0.00069200695
  -46.38563, 0.000187488, 0.00069220056
  -46.38563, 5.859e-05, 0.00069220056
  -46.379175, 0.000398412, 0.00069239418
  -46.37272, 1.1718e-05, 0.0006925878
  -46.37272, 0.000492156, 0.0006925878
  -46.366265, 7.4214e-05, 0.00069278142
  -46.366265, 0.000386694, 0.00069278142
  -46.366265, 0.000601524, 0.00069278142
  -46.366265, 0.003913812, 0.00069278142
  -46.35981, 0.000316386, 0.00069297503
  -46.35981, 0.001691298, 0.00069297503
  -46.35981, 0.001472562, 0.00069297503
  -46.353355, 0.000128898, 0.00069316865
  -46.353355, 0.000105462, 0.00069316865
  -46.3469, 8.2026e-05, 0.00069336227
  -46.340445, 0.00025389, 0.00069355589
  -46.340445, 2.7342e-05, 0.00069355589
  -46.340445, 0.000496062, 0.00069355589
  -46.33399, 0.000621054, 0.0006937495
  -46.32108, 0.004612986, 0.00069413674
  -46.314625, 0.001265544, 0.00069433035
  -46.30817, 0.000160146, 0.00069452397
  -46.30817, -7.812e-05, 0.00069452397
  -46.30817, 0.00011718, 0.00069452397
  -46.30817, 0.002523276, 0.00069452397
  -46.301715, 0.000203112, 0.00069471759
  -46.301715, 0.000324198, 0.00069471759
  -46.29526, 4.6872e-05, 0.00069491121
  -46.288805, 0.000503874, 0.00069510482
  -46.288805, -3.906e-05, 0.00069510482
  -46.28235, 0.00041013, 0.00069529844
  -46.275895, 0.000265608, 0.00069549206
  -46.275895, 0.00015624, 0.00069549206
  -46.275895, -7.812e-05, 0.00069549206
  -46.275895, 0.00033201, 0.00069549206
  -46.262985, 7.4214e-05, 0.00069587929
  -46.262985, 0.006374592, 0.00069587929
  -46.25653, 0.00050778, 0.00069607291
  -46.25653, 0.000632772, 0.00069607291
  -46.25653, 0.000636678, 0.00069607291
  -46.25653, -2.3436e-05, 0.00069607291
  -46.250075, 0.007886214, 0.00069626653
  -46.24362, 0.000398412, 0.00069646014
  -46.24362, 0.000210924, 0.00069646014
  -46.2178, -3.5154e-05, 0.00069723461
  -46.211345, -7.812e-06, 0.00069742823
  -46.211345, 0.000101556, 0.00069742823
  -46.198435, 0.000265608, 0.00069781547
  -46.19198, -7.812e-06, 0.00069800908
  -46.185525, 0.000121086, 0.0006982027
  -46.17907, 1.5624e-05, 0.00069839632
  -46.172615, 0.000347634, 0.00069858993
  -46.16616, 0.0054684, 0.00069878355
  -46.16616, 3.1248e-05, 0.00069878355
  -46.159705, 0.00042966, 0.00069897717
  -46.146795, 0.00017577, 0.0006993644
  -46.14034, 0.000757764, 0.00069955802
  -46.133885, 5.0778e-05, 0.00069975164
  -46.133885, 0.000539028, 0.00069975164
  -46.12743, 8.2026e-05, 0.00069994526
  -46.120975, 1.5624e-05, 0.00070013887
  -46.108065, 0.000230454, 0.00070052611
  -46.095155, 0.008042454, 0.00070091334
  -46.095155, 3.1248e-05, 0.00070091334
  -46.095155, 0.000171864, 0.00070091334
  -46.095155, 0.000109368, 0.00070091334
  -46.0887, 0.000296856, 0.00070110696
  -46.0887, 0.00013671, 0.00070110696
  -46.07579, 0.00023436, 0.00070149419
  -46.069335, 0.000171864, 0.00070168781
  -46.056425, 0.000300762, 0.00070207505
  -46.04997, 0.000374976, 0.00070226866
  -46.04997, 4.6872e-05, 0.00070226866
  -46.043515, 0.00046872, 0.00070246228
  -46.043515, 0.001058526, 0.00070246228
  -46.043515, 0.00046872, 0.00070246228
  -46.03706, 0.000367164, 0.0007026559
  -46.03706, 0.0005859, 0.0007026559
  -46.03706, 0.000581994, 0.0007026559
  -46.030605, -3.906e-05, 0.00070284951
  -46.02415, 0.001179612, 0.00070304313
  -46.01124, 7.0308e-05, 0.00070343037
  -45.99833, -1.1718e-05, 0.0007038176
  -45.98542, 0.006148044, 0.00070420484
  -45.966055, 5.0778e-05, 0.00070478569
  -45.966055, 2.3436e-05, 0.00070478569
  -45.9596, 9.765e-05, 0.0007049793
  -45.93378, 6.6402e-05, 0.00070575377
  -45.927325, 8.5932e-05, 0.00070594739
  -45.92087, 0.000121086, 0.00070614101
  -45.89505, 0.002749824, 0.00070691548
  -45.888595, 0.00015624, 0.00070710909
  -45.88214, -0.000183582, 0.00070730271
  -45.88214, 0.001937376, 0.00070730271
  -45.88214, 0.000105462, 0.00070730271
  -45.88214, 0.000144522, 0.00070730271
  -45.875685, 0.000210924, 0.00070749633
  -45.849865, 0.000335916, 0.0007082708
  -45.849865, 0.000648396, 0.0007082708
  -45.849865, -9.3744e-05, 0.0007082708
  -45.849865, 0.001628802, 0.0007082708
  -45.84341, 0.000171864, 0.00070846442
  -45.84341, -1.953e-05, 0.00070846442
  -45.836955, 0.000265608, 0.00070865803
  -45.8305, 0.00041013, 0.00070885165
  -45.824045, 7.812e-06, 0.00070904527
  -45.824045, 0.00021483, 0.00070904527
  -45.824045, -5.0778e-05, 0.00070904527
  -45.824045, 0.000511686, 0.00070904527
  -45.81759, 0.000269514, 0.00070923888
  -45.79177, 2.3436e-05, 0.00071001335
  -45.77886, 0.000324198, 0.00071040059
  -45.77886, -1.953e-05, 0.00071040059
  -45.772405, 0.00236313, 0.00071059421
  -45.759495, 4.2966e-05, 0.00071098144
  -45.759495, 0.000417942, 0.00071098144
  -45.75304, 0.000519498, 0.00071117506
  -45.74013, 5.0778e-05, 0.00071156229
  -45.74013, 3.906e-06, 0.00071156229
  -45.733675, 0.000640584, 0.00071175591
  -45.720765, 0.001687392, 0.00071214314
  -45.71431, -4.2966e-05, 0.00071233676
  -45.71431, 0.002960748, 0.00071233676
  -45.71431, 4.6872e-05, 0.00071233676
  -45.707855, 7.4214e-05, 0.00071253038
  -45.7014, 2.3436e-05, 0.000712724
  -45.7014, -7.0308e-05, 0.000712724
  -45.682035, 0.000109368, 0.00071330485
  -45.682035, -1.953e-05, 0.00071330485
  -45.682035, 0.00013671, 0.00071330485
  -45.67558, 0.006066018, 0.00071349846
  -45.669125, 0.000171864, 0.00071369208
  -45.66267, 0.007280784, 0.0007138857
  -45.66267, 0.000652302, 0.0007138857
  -45.66267, 0.00021483, 0.0007138857
  -45.66267, -1.953e-05, 0.0007138857
  -45.656215, 4.2966e-05, 0.00071407932
  -45.64976, 0.000339822, 0.00071427293
  -45.64976, 0, 0.00071427293
  -45.643305, 0.000523404, 0.00071446655
  -45.643305, 0.000269514, 0.00071446655
  -45.630395, 2.3436e-05, 0.00071485379
  -45.617485, 0.000425754, 0.00071524102
  -45.61103, 5.859e-05, 0.00071543464
  -45.61103, 0.002601396, 0.00071543464
  -45.604575, 3.1248e-05, 0.00071562825
  -45.604575, 7.812e-06, 0.00071562825
  -45.58521, 4.2966e-05, 0.00071620911
  -45.58521, 5.0778e-05, 0.00071620911
  -45.55939, 9.3744e-05, 0.00071698358
  -45.54648, -8.9838e-05, 0.00071737081
  -45.54648, 7.812e-05, 0.00071737081
  -45.540025, 0.000113274, 0.00071756443
  -45.540025, 0.000124992, 0.00071756443
  -45.527115, 0.000132804, 0.00071795166
  -45.52066, 0.000171864, 0.00071814528
  -45.514205, 0.00693315, 0.0007183389
  -45.514205, -3.5154e-05, 0.0007183389
  -45.514205, 6.2496e-05, 0.0007183389
  -45.501295, 0.000148428, 0.00071872613
  -45.501295, 0.000222642, 0.00071872613
  -45.49484, 0.000457002, 0.00071891975
  -45.488385, 0.000562464, 0.00071911337
  -45.488385, 0.000285138, 0.00071911337
  -45.488385, 0.0009765, 0.00071911337
  -45.48193, 0.000359352, 0.00071930698
  -45.475475, 7.0308e-05, 0.0007195006
  -45.46902, -7.812e-06, 0.00071969422
  -45.46902, 0.000187488, 0.00071969422
  -45.436745, 0.000246078, 0.0007206623
  -45.436745, 0.000101556, 0.0007206623
  -45.423835, -0.000124992, 0.00072104954
  -45.423835, 1.1718e-05, 0.00072104954
  -45.40447, 0.001011654, 0.00072163039
  -45.40447, 0.00492156, 0.00072163039
  -45.40447, 0.000304668, 0.00072163039
  -45.398015, 0.000140616, 0.00072182401
  -45.385105, 0.000378882, 0.00072221124
  -45.385105, -6.2496e-05, 0.00072221124
  -45.37865, -4.6872e-05, 0.00072240486
  -45.36574, 0.000171864, 0.00072279209
  -45.359285, 0.001285074, 0.00072298571
  -45.35283, -3.906e-05, 0.00072317933
  -45.35283, 1.1718e-05, 0.00072317933
  -45.346375, -1.953e-05, 0.00072337295
  -45.346375, 0.000472626, 0.00072337295
  -45.33992, 0.006120702, 0.00072356656
  -45.33992, 0.000203112, 0.00072356656
  -45.333465, 0.000597618, 0.00072376018
  -45.333465, -3.906e-06, 0.00072376018
  -45.320555, 1.953e-05, 0.00072414741
  -45.294735, 1.953e-05, 0.00072492188
  -45.28828, 7.812e-06, 0.0007251155
  -45.28828, 0.004468464, 0.0007251155
  -45.281825, 2.3436e-05, 0.00072530912
  -45.281825, 0.000249984, 0.00072530912
  -45.281825, 0.001753794, 0.00072530912
  -45.27537, 0.00031248, 0.00072550274
  -45.26246, 3.5154e-05, 0.00072588997
  -45.24955, 3.1248e-05, 0.0007262772
  -45.24955, 4.6872e-05, 0.0007262772
  -45.24955, 0.000386694, 0.0007262772
  -45.230185, 7.0308e-05, 0.00072685806
  -45.230185, 5.859e-05, 0.00072685806
  -45.22373, 8.5932e-05, 0.00072705167
  -45.21082, 0.000472626, 0.00072743891
  -45.21082, 0.000113274, 0.00072743891
  -45.21082, 0.000656208, 0.00072743891
  -45.21082, -8.9838e-05, 0.00072743891
  -45.204365, 9.765e-05, 0.00072763253
  -45.19791, 0.000601524, 0.00072782614
  -45.19791, 0.000933534, 0.00072782614
  -45.191455, 0.00835884, 0.00072801976
  -45.191455, 0.000148428, 0.00072801976
  -45.185, 4.2966e-05, 0.00072821338
  -45.17209, -3.5154e-05, 0.00072860061
  -45.17209, 0.000124992, 0.00072860061
  -45.17209, 0.000199206, 0.00072860061
  -45.17209, 0.000335916, 0.00072860061
  -45.165635, 0.00052731, 0.00072879423
  -45.165635, 0.000425754, 0.00072879423
  -45.165635, 0.000257796, 0.00072879423
  -45.15918, 6.6402e-05, 0.00072898785
  -45.139815, -7.812e-06, 0.0007295687
  -45.126905, 8.9838e-05, 0.00072995593
  -45.113995, 1.953e-05, 0.00073034317
  -45.10754, 0.000164052, 0.00073053678
  -45.09463, 0.005843376, 0.00073092402
  -45.088175, 0.000121086, 0.00073111764
  -45.08172, 0.000218736, 0.00073131125
  -45.08172, 0.002015496, 0.00073131125
  -45.075265, 0.003269322, 0.00073150487
  -45.075265, -8.9838e-05, 0.00073150487
  -45.06881, 0.006663636, 0.00073169849
  -45.0559, 2.7342e-05, 0.00073208572
  -45.049445, -0.000121086, 0.00073227934
  -45.04299, 0.000152334, 0.00073247296
  -45.04299, -3.906e-05, 0.00073247296
  -45.036535, 0.000277326, 0.00073266657
  -45.03008, 0.000347634, 0.00073286019
  -45.010715, 0.00054684, 0.00073344104
  -45.010715, 0.000437472, 0.00073344104
  -45.010715, 3.5154e-05, 0.00073344104
  -45.010715, 0.000187488, 0.00073344104
  -45.010715, -1.953e-05, 0.00073344104
  -44.997805, -3.5154e-05, 0.00073382828
  -44.997805, 0.00070308, 0.00073382828
  -44.971985, 0.000249984, 0.00073460275
  -44.971985, -3.906e-06, 0.00073460275
  -44.96553, 7.812e-06, 0.00073479636
  -44.959075, 0.002956842, 0.00073498998
  -44.95262, 5.4684e-05, 0.0007351836
  -44.95262, -0.00011718, 0.0007351836
  -44.95262, 2.3436e-05, 0.0007351836
  -44.946165, 0.000164052, 0.00073537722
  -44.946165, 0.000316386, 0.00073537722
  -44.93971, -9.3744e-05, 0.00073557083
  -44.933255, -3.906e-05, 0.00073576445
  -44.920345, 3.906e-05, 0.00073615169
  -44.920345, -1.1718e-05, 0.00073615169
  -44.920345, 0.004855158, 0.00073615169
  -44.920345, 8.2026e-05, 0.00073615169
  -44.91389, 0.000386694, 0.0007363453
  -44.907435, 6.2496e-05, 0.00073653892
  -44.907435, 0.001316322, 0.00073653892
  -44.907435, -6.2496e-05, 0.00073653892
  -44.90098, 0.000484344, 0.00073673254
  -44.90098, 0.002339694, 0.00073673254
  -44.894525, 1.1718e-05, 0.00073692615
  -44.894525, 0.000113274, 0.00073692615
  -44.894525, 1.5624e-05, 0.00073692615
  -44.881615, 8.5932e-05, 0.00073731339
  -44.881615, 0.00060543, 0.00073731339
  -44.881615, 0.001206954, 0.00073731339
  -44.881615, -5.0778e-05, 0.00073731339
  -44.881615, -3.906e-05, 0.00073731339
  -44.87516, -7.812e-05, 0.00073750701
  -44.87516, 0.005460588, 0.00073750701
  -44.868705, -5.0778e-05, 0.00073770062
  -44.86225, -3.1248e-05, 0.00073789424
  -44.86225, 0.000601524, 0.00073789424
  -44.855795, -5.0778e-05, 0.00073808786
  -44.855795, 3.906e-05, 0.00073808786
  -44.855795, -1.1718e-05, 0.00073808786
  -44.855795, 0.000113274, 0.00073808786
  -44.84934, 0.00048825, 0.00073828148
  -44.84934, 0.006628482, 0.00073828148
  -44.84934, 2.7342e-05, 0.00073828148
  -44.84934, 0.000144522, 0.00073828148
  -44.84934, 0.000199206, 0.00073828148
  -44.842885, -3.1248e-05, 0.00073847509
  -44.842885, 0.000148428, 0.00073847509
  -44.83643, -1.953e-05, 0.00073866871
  -44.83643, 0.003773196, 0.00073866871
  -44.83643, -1.5624e-05, 0.00073866871
  -44.829975, 0.003491964, 0.00073886233
  -44.829975, 0.000246078, 0.00073886233
  -44.829975, -5.0778e-05, 0.00073886233
  -44.82352, 0.000300762, 0.00073905594
  -44.82352, 0.000394506, 0.00073905594
  -44.82352, 1.953e-05, 0.00073905594
  -44.81061, 0.00554652, 0.00073944318
  -44.81061, 5.4684e-05, 0.00073944318
  -44.81061, 3.5154e-05, 0.00073944318
  -44.804155, 0.000183582, 0.0007396368
  -44.804155, 7.812e-06, 0.0007396368
  -44.804155, -3.1248e-05, 0.0007396368
  -44.7977, 0.000242172, 0.00073983041
  -44.7977, 3.906e-05, 0.00073983041
  -44.791245, 0, 0.00074002403
  -44.791245, 5.4684e-05, 0.00074002403
  -44.791245, 8.9838e-05, 0.00074002403
  -44.778335, 2.7342e-05, 0.00074041127
  -44.778335, -1.1718e-05, 0.00074041127
  -44.77188, 0, 0.00074060488
  -44.77188, 5.4684e-05, 0.00074060488
  -44.765425, 2.3436e-05, 0.0007407985
  -44.765425, 0.002140488, 0.0007407985
  -44.765425, 7.0308e-05, 0.0007407985
  -44.75897, 4.6872e-05, 0.00074099212
  -44.75897, 0.000113274, 0.00074099212
  -44.75897, 0.000304668, 0.00074099212
  -44.752515, 1.5624e-05, 0.00074118573
  -44.74606, -7.812e-05, 0.00074137935
  -44.74606, 7.812e-06, 0.00074137935
  -44.74606, 7.0308e-05, 0.00074137935
  -44.74606, 0.00037107, 0.00074137935
  -44.739605, 7.4214e-05, 0.00074157297
  -44.73315, 3.5154e-05, 0.00074176659
  -44.72024, 0.005452776, 0.00074215382
  -44.72024, 0.000128898, 0.00074215382
  -44.72024, 0.006702696, 0.00074215382
  -44.72024, 5.859e-05, 0.00074215382
  -44.72024, 2.7342e-05, 0.00074215382
  -44.72024, 8.9838e-05, 0.00074215382
  -44.72024, 0.000101556, 0.00074215382
  -44.72024, 0.000105462, 0.00074215382
  -44.713785, 0.00046872, 0.00074234744
  -44.70733, 0.000132804, 0.00074254106
  -44.700875, 2.3436e-05, 0.00074273467
  -44.69442, 0.000128898, 0.00074292829
  -44.69442, 4.2966e-05, 0.00074292829
  -44.69442, 0.000574182, 0.00074292829
  -44.69442, 0.000789012, 0.00074292829
  -44.69442, 0.000230454, 0.00074292829
  -44.69442, 0.00017577, 0.00074292829
  -44.687965, 8.5932e-05, 0.00074312191
  -44.687965, 0.000113274, 0.00074312191
  -44.687965, 0.000289044, 0.00074312191
  -44.68151, -2.7342e-05, 0.00074331552
  -44.68151, 0.00015624, 0.00074331552
  -44.68151, 6.6402e-05, 0.00074331552
  -44.675055, 0.000367164, 0.00074350914
  -44.6686, 0.000105462, 0.00074370276
  -44.6686, 3.5154e-05, 0.00074370276
  -44.6686, 0.000164052, 0.00074370276
  -44.6686, 0.002488122, 0.00074370276
  -44.6686, 0.000460908, 0.00074370276
  -44.6686, 0.001085868, 0.00074370276
  -44.6686, 0.000164052, 0.00074370276
  -44.662145, 0.000562464, 0.00074389638
  -44.662145, 0.000207018, 0.00074389638
  -44.662145, 0.002429532, 0.00074389638
  -44.65569, 8.9838e-05, 0.00074408999
  -44.649235, 0.00148428, 0.00074428361
  -44.64278, 0.000203112, 0.00074447723
  -44.64278, 0.000339822, 0.00074447723
  -44.64278, 0.000207018, 0.00074447723
  -44.636325, 0.00011718, 0.00074467085
  -44.636325, 0.000140616, 0.00074467085
  -44.62987, -7.812e-06, 0.00074486446
  -44.62987, 0.000511686, 0.00074486446
  -44.623415, 0.00025389, 0.00074505808
  -44.623415, 0.00015624, 0.00074505808
  -44.623415, 0.000648396, 0.00074505808
  -44.623415, 0.000421848, 0.00074505808
  -44.623415, 0.000417942, 0.00074505808
  -44.61696, 0.000335916, 0.0007452517
  -44.61696, 0.000179676, 0.0007452517
  -44.61696, 0.000519498, 0.0007452517
  -44.61696, 0.000636678, 0.0007452517
  -44.610505, 0.000246078, 0.00074544531
  -44.610505, 6.2496e-05, 0.00074544531
  -44.610505, -7.0308e-05, 0.00074544531
  -44.610505, 0.000261702, 0.00074544531
  -44.60405, 0.000199206, 0.00074563893
  -44.60405, 0.002527182, 0.00074563893
  -44.60405, 0.000289044, 0.00074563893
  -44.60405, 0.00080073, 0.00074563893
  -44.60405, 0.000230454, 0.00074563893
  -44.597595, 0.000406224, 0.00074583255
  -44.597595, 0.000324198, 0.00074583255
  -44.59114, 0.000558558, 0.00074602617
  -44.59114, 0.000460908, 0.00074602617
  -44.59114, 0.000261702, 0.00074602617
  -44.584685, -4.2966e-05, 0.00074621978
  -44.584685, 1.953e-05, 0.00074621978
  -44.57823, 0.000367164, 0.0007464134
  -44.57823, 0.000503874, 0.0007464134
  -44.57823, 0.00033201, 0.0007464134
  -44.571775, 0.00062496, 0.00074660702
  -44.56532, 8.5932e-05, 0.00074680064
  -44.558865, 0.000398412, 0.00074699425
  -44.545955, 0.001511622, 0.00074738149
  -44.545955, 0.000109368, 0.00074738149
  -44.545955, 3.906e-05, 0.00074738149
  -44.5395, -1.953e-05, 0.0007475751
  -44.533045, 0.000499968, 0.00074776872
  -44.52659, 0.00841743, 0.00074796234
  -44.52659, 0.000628866, 0.00074796234
  -44.52659, 0.006819876, 0.00074796234
  -44.520135, -3.906e-06, 0.00074815596
  -44.50077, 0.00013671, 0.00074873681
  -44.50077, 1.1718e-05, 0.00074873681
  -44.494315, 5.4684e-05, 0.00074893043
  -44.47495, 3.1248e-05, 0.00074951128
  -44.46204, 0.000183582, 0.00074989851
  -44.46204, 7.812e-05, 0.00074989851
  -44.46204, 0.000246078, 0.00074989851
  -44.455585, 0.000734328, 0.00075009213
  -44.43622, 7.0308e-05, 0.00075067298
  -44.429765, 4.2966e-05, 0.0007508666
  -44.42331, 0.007819812, 0.00075106022
  -44.42331, 0.000101556, 0.00075106022
  -44.42331, 0.00031248, 0.00075106022
  -44.4104, -6.6402e-05, 0.00075144745
  -44.4104, 9.3744e-05, 0.00075144745
  -44.403945, 8.2026e-05, 0.00075164107
  -44.39749, 0.000378882, 0.00075183468
  -44.38458, -1.953e-05, 0.00075222192
  -44.378125, 0.00011718, 0.00075241554
  -44.378125, 0.000124992, 0.00075241554
  -44.37167, 0.000476532, 0.00075260915
  -44.365215, 0.0017577, 0.00075280277
  -44.365215, 0.000160146, 0.00075280277
  -44.35876, 0.0050778, 0.00075299639
  -44.35876, 0.0005859, 0.00075299639
  -44.352305, 0.000164052, 0.00075319001
  -44.352305, -1.5624e-05, 0.00075319001
  -44.352305, 0.000218736, 0.00075319001
  -44.352305, 0.001128834, 0.00075319001
  -44.339395, 0.000535122, 0.00075357724
  -44.339395, -5.4684e-05, 0.00075357724
  -44.33294, 0.000816354, 0.00075377086
  -44.326485, 1.1718e-05, 0.00075396447
  -44.326485, 0.00035154, 0.00075396447
  -44.326485, 0.000203112, 0.00075396447
  -44.32003, 0.00027342, 0.00075415809
  -44.32003, 0.000437472, 0.00075415809
  -44.30712, 0.006362874, 0.00075454533
  -44.300665, 7.812e-06, 0.00075473894
  -44.29421, 0.00025389, 0.00075493256
  -44.274845, -1.1718e-05, 0.00075551341
  -44.274845, 3.906e-05, 0.00075551341
  -44.274845, 3.1248e-05, 0.00075551341
  -44.25548, 0.000320292, 0.00075609426
  -44.25548, 5.859e-05, 0.00075609426
  -44.249025, 7.4214e-05, 0.00075628788
  -44.236115, 8.5932e-05, 0.00075667512
  -44.236115, 0.000398412, 0.00075667512
  -44.22966, 0.00074214, 0.00075686873
  -44.22966, 5.4684e-05, 0.00075686873
  -44.223205, 1.1718e-05, 0.00075706235
  -44.21675, 0.001331946, 0.00075725597
  -44.20384, -0.000101556, 0.0007576432
  -44.197385, 6.6402e-05, 0.00075783682
  -44.197385, 0.000144522, 0.00075783682
  -44.19093, 0.005355126, 0.00075803044
  -44.19093, -5.4684e-05, 0.00075803044
  -44.19093, 0.000492156, 0.00075803044
  -44.19093, 0.000617148, 0.00075803044
  -44.184475, 0.000109368, 0.00075822405
  -44.17802, 3.5154e-05, 0.00075841767
  -44.171565, -4.2966e-05, 0.00075861129
  -44.171565, 0.00017577, 0.00075861129
  -44.16511, 0.001714734, 0.00075880491
  -44.16511, 9.3744e-05, 0.00075880491
  -44.158655, 0.00021483, 0.00075899852
  -44.1522, 0.00050778, 0.00075919214
  -44.145745, 0.000617148, 0.00075938576
  -44.13929, 0.000324198, 0.00075957937
  -44.13929, -3.1248e-05, 0.00075957937
  -44.132835, 5.0778e-05, 0.00075977299
  -44.12638, 0.00041013, 0.00075996661
  -44.12638, 0.000265608, 0.00075996661
  -44.12638, 0.00790965, 0.00075996661
  -44.119925, -2.7342e-05, 0.00076016023
  -44.119925, 0.00011718, 0.00076016023
  -44.11347, 0.001648332, 0.00076035384
  -44.11347, -3.906e-06, 0.00076035384
  -44.107015, 0.000425754, 0.00076054746
  -44.10056, -1.1718e-05, 0.00076074108
  -44.10056, -0.000124992, 0.00076074108
  -44.081195, 6.2496e-05, 0.00076132193
  -44.07474, 0.005886342, 0.00076151555
  -44.068285, 1.5624e-05, 0.00076170916
  -44.068285, 0.000132804, 0.00076170916
  -44.06183, -4.6872e-05, 0.00076190278
  -44.06183, 0, 0.00076190278
  -44.06183, -2.7342e-05, 0.00076190278
  -44.055375, -8.2026e-05, 0.0007620964
  -44.055375, 0.000164052, 0.0007620964
  -44.055375, 7.812e-05, 0.0007620964
  -44.04892, 0.00855414, 0.00076229002
  -44.04892, 1.5624e-05, 0.00076229002
  -44.042465, -3.906e-06, 0.00076248363
  -44.029555, 0.000210924, 0.00076287087
  -44.029555, 2.7342e-05, 0.00076287087
  -44.0231, 3.906e-06, 0.00076306449
  -44.016645, 0.003929436, 0.0007632581
  -44.01019, 0.005179356, 0.00076345172
  -44.01019, 2.7342e-05, 0.00076345172
  -44.003735, 2.7342e-05, 0.00076364534
  -44.003735, -2.7342e-05, 0.00076364534
  -43.99728, 0.000101556, 0.00076383895
  -43.99728, 5.4684e-05, 0.00076383895
  -43.990825, 0.000265608, 0.00076403257
  -43.990825, 7.4214e-05, 0.00076403257
  -43.98437, 0.003507588, 0.00076422619
  -43.98437, 7.812e-06, 0.00076422619
  -43.977915, -6.6402e-05, 0.00076441981
  -43.97146, 9.3744e-05, 0.00076461342
  -43.97146, 4.6872e-05, 0.00076461342
  -43.97146, 4.2966e-05, 0.00076461342
  -43.965005, 6.6402e-05, 0.00076480704
  -43.965005, 0.000328104, 0.00076480704
  -43.95855, 0.00013671, 0.00076500066
  -43.952095, 0.000124992, 0.00076519428
  -43.952095, 1.953e-05, 0.00076519428
  -43.94564, 0.000191394, 0.00076538789
  -43.94564, 0.000402318, 0.00076538789
  -43.939185, 0.000492156, 0.00076558151
  -43.939185, -7.812e-06, 0.00076558151
  -43.93273, 0.000621054, 0.00076577513
  -43.93273, 0.000249984, 0.00076577513
  -43.926275, 0.000496062, 0.00076596874
  -43.926275, 0.000617148, 0.00076596874
  -43.926275, 0.000316386, 0.00076596874
  -43.91982, 3.1248e-05, 0.00076616236
  -43.91982, -1.953e-05, 0.00076616236
  -43.913365, 0.000152334, 0.00076635598
  -43.913365, 5.859e-05, 0.00076635598
  -43.90691, 8.9838e-05, 0.0007665496
  -43.90691, 0.0003906, 0.0007665496
  -43.90691, 0.006007428, 0.0007665496
  -43.900455, 1.1718e-05, 0.00076674321
  -43.900455, 0.001531152, 0.00076674321
  -43.894, 0.0001953, 0.00076693683
  -43.894, 0.000113274, 0.00076693683
  -43.887545, 7.4214e-05, 0.00076713045
  -43.887545, 4.6872e-05, 0.00076713045
  -43.887545, 0.00011718, 0.00076713045
  -43.86818, 3.906e-06, 0.0007677113
  -43.86818, 0.00015624, 0.0007677113
  -43.861725, 0.000203112, 0.00076790492
  -43.861725, 2.7342e-05, 0.00076790492
  -43.85527, -0.000105462, 0.00076809853
  -43.85527, 7.0308e-05, 0.00076809853
  -43.85527, 9.765e-05, 0.00076809853
  -43.848815, 0.000257796, 0.00076829215
  -43.848815, 0.000132804, 0.00076829215
  -43.84236, 0.000246078, 0.00076848577
  -43.82945, 0.005765256, 0.000768873
  -43.82945, 0.004519242, 0.000768873
  -43.82945, 0.000167958, 0.000768873
  -43.822995, 4.2966e-05, 0.00076906662
  -43.822995, 0.000324198, 0.00076906662
  -43.822995, 0.000499968, 0.00076906662
  -43.822995, 8.5932e-05, 0.00076906662
  -43.810085, -2.7342e-05, 0.00076945386
  -43.810085, -4.6872e-05, 0.00076945386
  -43.810085, 0.000308574, 0.00076945386
  -43.810085, 0.00179676, 0.00076945386
  -43.80363, 2.7342e-05, 0.00076964747
  -43.80363, 0.000402318, 0.00076964747
  -43.797175, 0.0001953, 0.00076984109
  -43.797175, 0.00611289, 0.00076984109
  -43.79072, 0.000617148, 0.00077003471
  -43.79072, 5.859e-05, 0.00077003471
  -43.79072, 0.000378882, 0.00077003471
  -43.784265, 4.6872e-05, 0.00077022832
  -43.77781, 0.000238266, 0.00077042194
  -43.77781, 0.000113274, 0.00077042194
  -43.77781, -2.3436e-05, 0.00077042194
  -43.771355, 0.00046872, 0.00077061556
  -43.7649, 0.00015624, 0.00077080918
  -43.758445, 6.2496e-05, 0.00077100279
  -43.75199, 0.000203112, 0.00077119641
  -43.75199, -3.906e-06, 0.00077119641
  -43.745535, 0.000574182, 0.00077139003
  -43.745535, 0.001097586, 0.00077139003
  -43.745535, 0.00029295, 0.00077139003
  -43.73908, 0, 0.00077158365
  -43.73908, 0.000460908, 0.00077158365
  -43.73908, 0.000574182, 0.00077158365
  -43.732625, 0.000374976, 0.00077177726
  -43.732625, 2.7342e-05, 0.00077177726
  -43.732625, 8.2026e-05, 0.00077177726
  -43.72617, 0.00072261, 0.00077197088
  -43.719715, 0.000558558, 0.0007721645
  -43.71326, 0.000249984, 0.00077235811
  -43.706805, 0.000328104, 0.00077255173
  -43.70035, 8.5932e-05, 0.00077274535
  -43.70035, 4.6872e-05, 0.00077274535
  -43.70035, 0.00281232, 0.00077274535
  -43.70035, 0.000406224, 0.00077274535
  -43.693895, 0.000105462, 0.00077293897
  -43.693895, 1.5624e-05, 0.00077293897
  -43.68744, 0.000492156, 0.00077313258
  -43.68744, -3.906e-05, 0.00077313258
  -43.68744, 0.001910034, 0.00077313258
  -43.680985, 0.000128898, 0.0007733262
  -43.680985, 0.000613242, 0.0007733262
  -43.67453, 5.859e-05, 0.00077351982
  -43.66162, -7.812e-05, 0.00077390705
  -43.655165, -6.2496e-05, 0.00077410067
  -43.655165, 0.000109368, 0.00077410067
  -43.64871, 2.7342e-05, 0.00077429429
  -43.64871, 7.0308e-05, 0.00077429429
  -43.6358, 0.008194788, 0.00077468152
  -43.629345, 7.812e-06, 0.00077487514
  -43.629345, 0.005632452, 0.00077487514
  -43.629345, 0.000101556, 0.00077487514
  -43.62289, 0.000164052, 0.00077506876
  -43.616435, -1.953e-05, 0.00077526237
  -43.616435, 0.000128898, 0.00077526237
  -43.603525, 0.005597298, 0.00077564961
  -43.59707, 3.906e-05, 0.00077584323
  -43.590615, 0.000124992, 0.00077603684
  -43.590615, 1.953e-05, 0.00077603684
  -43.590615, -2.3436e-05, 0.00077603684
  -43.58416, -3.906e-06, 0.00077623046
  -43.58416, 0.000210924, 0.00077623046
  -43.58416, 0.000171864, 0.00077623046
  -43.57125, 2.7342e-05, 0.00077661769
  -43.57125, 0.00015624, 0.00077661769
  -43.57125, 0.01130787, 0.00077661769
  -43.564795, 7.812e-06, 0.00077681131
  -43.55834, 6.2496e-05, 0.00077700493
  -43.551885, 0.00021483, 0.00077719855
  -43.54543, 0.000121086, 0.00077739216
  -43.538975, 4.6872e-05, 0.00077758578
  -43.538975, 0.000261702, 0.00077758578
  -43.53252, 0.000191394, 0.0007777794
  -43.526065, 5.4684e-05, 0.00077797302
  -43.526065, 0.000335916, 0.00077797302
  -43.51961, 0.003382596, 0.00077816663
  -43.51961, 0.000160146, 0.00077816663
  -43.513155, 0.000335916, 0.00077836025
  -43.513155, 8.5932e-05, 0.00077836025
  -43.5067, 0.000261702, 0.00077855387
  -43.5067, 0.00023436, 0.00077855387
  -43.5067, 0.000300762, 0.00077855387
  -43.5067, 8.2026e-05, 0.00077855387
  -43.500245, 2.7342e-05, 0.00077874748
  -43.500245, -2.7342e-05, 0.00077874748
  -43.500245, 0.000414036, 0.00077874748
  -43.500245, 5.4684e-05, 0.00077874748
  -43.500245, 0.000374976, 0.00077874748
  -43.49379, 0.000503874, 0.0007789411
  -43.49379, 0.000414036, 0.0007789411
  -43.49379, 0.000632772, 0.0007789411
  -43.48088, 0.000464814, 0.00077932834
  -43.474425, 0.00056637, 0.00077952195
  -43.474425, -4.6872e-05, 0.00077952195
  -43.474425, 0.000496062, 0.00077952195
  -43.46797, 0.000773388, 0.00077971557
  -43.46797, 0.000105462, 0.00077971557
  -43.46797, 7.0308e-05, 0.00077971557
  -43.461515, -7.0308e-05, 0.00077990919
  -43.461515, 8.5932e-05, 0.00077990919
  -43.45506, 3.906e-05, 0.00078010281
  -43.45506, -4.2966e-05, 0.00078010281
  -43.448605, 0.007706538, 0.00078029642
  -43.435695, 3.906e-06, 0.00078068366
  -43.435695, 0.005433246, 0.00078068366
  -43.42924, 0.005046552, 0.00078087727
  -43.42924, 5.859e-05, 0.00078087727
  -43.42924, 0.008561952, 0.00078087727
  -43.42924, -2.7342e-05, 0.00078087727
  -43.42924, 0.000621054, 0.00078087727
  -43.42924, 0.00169911, 0.00078087727
  -43.41633, -8.5932e-05, 0.00078126451
  -43.409875, -4.6872e-05, 0.00078145813
  -43.409875, 0.000132804, 0.00078145813
  -43.409875, 3.906e-05, 0.00078145813
  -43.409875, 9.3744e-05, 0.00078145813
  -43.409875, 0.000101556, 0.00078145813
  -43.409875, -2.3436e-05, 0.00078145813
  -43.40342, 3.906e-06, 0.00078165174
  -43.40342, 0.006784722, 0.00078165174
  -43.40342, 0.010159506, 0.00078165174
  -43.396965, 0.00013671, 0.00078184536
  -43.396965, 0.00011718, 0.00078184536
  -43.39051, 0.000152334, 0.00078203898
  -43.39051, 7.4214e-05, 0.00078203898
  -43.384055, 3.5154e-05, 0.0007822326
  -43.384055, 0.000179676, 0.0007822326
  -43.3776, 0.000230454, 0.00078242621
  -43.3776, 0.000179676, 0.00078242621
  -43.3776, 0.009807966, 0.00078242621
  -43.36469, -3.906e-06, 0.00078281345
  -43.36469, -2.7342e-05, 0.00078281345
  -43.358235, -3.906e-05, 0.00078300706
  -43.345325, 0.000160146, 0.0007833943
  -43.345325, 5.4684e-05, 0.0007833943
  -43.345325, 0.000296856, 0.0007833943
  -43.33887, 8.9838e-05, 0.00078358792
  -43.33887, 0.001710828, 0.00078358792
  -43.332415, 5.859e-05, 0.00078378153
  -43.332415, 0.000222642, 0.00078378153
  -43.32596, -7.812e-06, 0.00078397515
  -43.32596, 0.000191394, 0.00078397515
  -43.32596, 0.00029295, 0.00078397515
  -43.319505, 0.000363258, 0.00078416877
  -43.31305, -1.5624e-05, 0.00078436239
  -43.31305, 6.2496e-05, 0.00078436239
  -43.31305, 0.000453096, 0.00078436239
  -43.306595, -5.859e-05, 0.000784556
  -43.306595, 0.00037107, 0.000784556
  -43.30014, 0.000558558, 0.00078474962
  -43.30014, 0.000804636, 0.00078474962
  -43.30014, 1.1718e-05, 0.00078474962
  -43.28723, 0.000230454, 0.00078513685
  -43.28723, 0.000109368, 0.00078513685
  -43.280775, 7.812e-05, 0.00078533047
  -43.27432, 0.001374912, 0.00078552409
  -43.27432, 5.4684e-05, 0.00078552409
  -43.27432, 0.00044919, 0.00078552409
  -43.267865, 0.000105462, 0.00078571771
  -43.267865, 0.000562464, 0.00078571771
  -43.267865, -3.1248e-05, 0.00078571771
  -43.26141, 3.906e-06, 0.00078591132
  -43.26141, 2.3436e-05, 0.00078591132
  -43.254955, 0.00027342, 0.00078610494
  -43.254955, 0.00013671, 0.00078610494
  -43.242045, -5.0778e-05, 0.00078649218
  -43.242045, -3.906e-06, 0.00078649218
  -43.242045, -1.1718e-05, 0.00078649218
  -43.23559, 0.00013671, 0.00078668579
  -43.23559, 0.000347634, 0.00078668579
  -43.229135, 0.006628482, 0.00078687941
  -43.229135, 3.906e-05, 0.00078687941
  -43.229135, 0.000425754, 0.00078687941
  -43.22268, 0.000171864, 0.00078707303
  -43.216225, 1.5624e-05, 0.00078726664
  -43.20977, 7.0308e-05, 0.00078746026
  -43.20977, 0.001261638, 0.00078746026
  -43.203315, 7.812e-06, 0.00078765388
  -43.203315, 0.000617148, 0.00078765388
  -43.19686, 0.00570276, 0.0007878475
  -43.190405, 3.5154e-05, 0.00078804111
  -43.190405, 0.00015624, 0.00078804111
  -43.190405, 0.000222642, 0.00078804111
  -43.190405, 3.906e-06, 0.00078804111
  -43.18395, -3.906e-05, 0.00078823473
  -43.18395, 0.000503874, 0.00078823473
  -43.177495, 0.000285138, 0.00078842835
  -43.177495, 1.953e-05, 0.00078842835
  -43.177495, 0.000101556, 0.00078842835
  -43.17104, 5.0778e-05, 0.00078862197
  -43.17104, 0.001703016, 0.00078862197
  -43.17104, 0.000199206, 0.00078862197
  -43.17104, 0.000246078, 0.00078862197
  -43.164585, 0.00062496, 0.00078881558
  -43.151675, -4.2966e-05, 0.00078920282
  -43.151675, 0.004312224, 0.00078920282
  -43.151675, 0.000355446, 0.00078920282
  -43.151675, 1.953e-05, 0.00078920282
  -43.151675, 0.000304668, 0.00078920282
  -43.14522, 0.000464814, 0.00078939643
  -43.14522, 3.5154e-05, 0.00078939643
  -43.138765, 4.2966e-05, 0.00078959005
  -43.138765, 0.000132804, 0.00078959005
  -43.138765, -3.906e-05, 0.00078959005
  -43.138765, 0.000367164, 0.00078959005
  -43.138765, 0.000562464, 0.00078959005
  -43.13231, 0.000433566, 0.00078978367
  -43.13231, -7.812e-06, 0.00078978367
  -43.1194, 6.6402e-05, 0.0007901709
  -43.1194, 5.0778e-05, 0.0007901709
  -43.112945, 0.000726516, 0.00079036452
  -43.112945, 3.1248e-05, 0.00079036452
  -43.10649, 0.000531216, 0.00079055814
  -43.087125, 0.000152334, 0.00079113899
  -43.087125, 7.0308e-05, 0.00079113899
  -43.087125, 7.0308e-05, 0.00079113899
  -43.08067, 2.3436e-05, 0.00079133261
  -43.08067, -1.1718e-05, 0.00079133261
  -43.08067, -1.5624e-05, 0.00079133261
  -43.08067, 0.000660114, 0.00079133261
  -43.074215, 8.5932e-05, 0.00079152622
  -43.05485, 0.000187488, 0.00079210708
  -43.048395, 4.2966e-05, 0.00079230069
  -43.04194, 9.3744e-05, 0.00079249431
  -43.04194, 7.812e-06, 0.00079249431
  -43.04194, 8.5932e-05, 0.00079249431
  -43.035485, 3.906e-05, 0.00079268793
  -43.022575, 0.005444964, 0.00079307516
  -43.022575, 0.000238266, 0.00079307516
  -43.01612, 1.5624e-05, 0.00079326878
  -43.01612, 0.00011718, 0.00079326878
  -43.009665, 0.000128898, 0.0007934624
  -43.009665, 0.010628226, 0.0007934624
  -43.009665, 0.00011718, 0.0007934624
  -43.009665, 0.01331946, 0.0007934624
  -42.996755, 0.000152334, 0.00079384963
  -42.996755, 0.000164052, 0.00079384963
  -42.996755, 0.000300762, 0.00079384963
  -42.983845, 4.2966e-05, 0.00079423687
  -42.97739, 3.906e-05, 0.00079443048
  -42.97739, 0.00015624, 0.00079443048
  -42.97739, 0.000203112, 0.00079443048
  -42.97739, 6.6402e-05, 0.00079443048
  -42.96448, 2.3436e-05, 0.00079481772
  -42.96448, 0.000257796, 0.00079481772
  -42.958025, 0.000363258, 0.00079501134
  -42.958025, 0.000210924, 0.00079501134
  -42.95157, 9.765e-05, 0.00079520495
  -42.95157, 0.0015624, 0.00079520495
  -42.945115, 0.00062496, 0.00079539857
  -42.945115, 0.000203112, 0.00079539857
  -42.945115, 0.000328104, 0.00079539857
  -42.945115, 0.000414036, 0.00079539857
  -42.93866, 0.000269514, 0.00079559219
  -42.93866, 3.906e-05, 0.00079559219
  -42.932205, 0.00050778, 0.0007957858
  -42.932205, 5.859e-05, 0.0007957858
  -42.92575, 5.0778e-05, 0.00079597942
  -42.92575, -8.5932e-05, 0.00079597942
  -42.91284, 0.000128898, 0.00079636666
  -42.91284, 0.00398412, 0.00079636666
  -42.91284, 0.005812128, 0.00079636666
  -42.906385, 0.000257796, 0.00079656027
  -42.906385, -9.3744e-05, 0.00079656027
  -42.906385, 0.000437472, 0.00079656027
  -42.89993, 0.000531216, 0.00079675389
  -42.893475, 0.006222258, 0.00079694751
  -42.893475, 0.0056637, 0.00079694751
  -42.893475, 5.859e-05, 0.00079694751
  -42.88702, 6.6402e-05, 0.00079714113
  -42.88702, 0.014577192, 0.00079714113
  -42.88702, 0.013663188, 0.00079714113
  -42.880565, -2.3436e-05, 0.00079733474
  -42.87411, 0.00033201, 0.00079752836
  -42.87411, 8.2026e-05, 0.00079752836
  -42.867655, 0.000667926, 0.00079772198
  -42.8612, 0.000328104, 0.00079791559
  -42.84829, 0.00041013, 0.00079830283
  -42.841835, 0.000398412, 0.00079849645
  -42.83538, 0.000109368, 0.00079869006
  -42.83538, -4.2966e-05, 0.00079869006
  -42.83538, 0.000167958, 0.00079869006
  -42.828925, 0.000503874, 0.00079888368
  -42.828925, 7.812e-05, 0.00079888368
  -42.828925, 8.9838e-05, 0.00079888368
  -42.82247, 0.00062496, 0.0007990773
  -42.816015, 0.000621054, 0.00079927092
  -42.816015, 0.000492156, 0.00079927092
  -42.816015, 0.000218736, 0.00079927092
  -42.80956, 7.812e-06, 0.00079946453
  -42.803105, -0.000124992, 0.00079965815
  -42.803105, 0.000132804, 0.00079965815
  -42.803105, 0.0052731, 0.00079965815
  -42.803105, 0.000121086, 0.00079965815
  -42.803105, -7.812e-06, 0.00079965815
  -42.78374, 0.00490203, 0.000800239
  -42.78374, 0.000281232, 0.000800239
  -42.777285, 0.000101556, 0.00080043262
  -42.764375, 0.000148428, 0.00080081985
  -42.764375, 0.000160146, 0.00080081985
  -42.75792, -3.1248e-05, 0.00080101347
  -42.74501, 3.906e-05, 0.00080140071
  -42.74501, 1.5624e-05, 0.00080140071
  -42.74501, -3.906e-06, 0.00080140071
  -42.738555, 0.00035154, 0.00080159432
  -42.7321, -7.4214e-05, 0.00080178794
  -42.7321, 0.003683358, 0.00080178794
  -42.725645, 0.000121086, 0.00080198156
  -42.725645, 0.000187488, 0.00080198156
  -42.71919, 0.000203112, 0.00080217517
  -42.71919, 2.3436e-05, 0.00080217517
  -42.712735, -8.5932e-05, 0.00080236879
  -42.70628, 3.906e-05, 0.00080256241
  -42.70628, 0.00042966, 0.00080256241
  -42.699825, 2.7342e-05, 0.00080275603
  -42.699825, 0.000523404, 0.00080275603
  -42.699825, 5.859e-05, 0.00080275603
  -42.69337, 0.000160146, 0.00080294964
  -42.69337, 0.004816098, 0.00080294964
  -42.686915, -7.812e-06, 0.00080314326
  -42.686915, 0.00572229, 0.00080314326
  -42.686915, 0.000261702, 0.00080314326
  -42.68046, -8.9838e-05, 0.00080333688
  -42.68046, 5.0778e-05, 0.00080333688
  -42.674005, -3.906e-06, 0.0008035305
  -42.674005, 0.000230454, 0.0008035305
  -42.661095, 0.000925722, 0.00080391773
  -42.65464, 0.00021483, 0.00080411135
  -42.65464, 6.2496e-05, 0.00080411135
  -42.648185, 3.5154e-05, 0.00080430496
  -42.64173, 6.2496e-05, 0.00080449858
  -42.635275, 2.3436e-05, 0.0008046922
  -42.62882, 0.00031248, 0.00080488582
  -42.622365, 1.5624e-05, 0.00080507943
  -42.622365, 0.000281232, 0.00080507943
  -42.61591, -8.5932e-05, 0.00080527305
  -42.61591, 0.00027342, 0.00080527305
  -42.609455, 0.000386694, 0.00080546667
  -42.609455, 5.0778e-05, 0.00080546667
  -42.609455, 5.0778e-05, 0.00080546667
  -42.603, -1.953e-05, 0.00080566029
  -42.596545, 8.2026e-05, 0.0008058539
  -42.59009, 0.000105462, 0.00080604752
  -42.59009, 8.2026e-05, 0.00080604752
  -42.59009, 0.000363258, 0.00080604752
  -42.57718, 0.000343728, 0.00080643475
  -42.57718, 0.004663764, 0.00080643475
  -42.57718, 0.000128898, 0.00080643475
  -42.57718, 0.00044919, 0.00080643475
  -42.570725, 4.6872e-05, 0.00080662837
  -42.570725, 1.1718e-05, 0.00080662837
  -42.570725, 0.000476532, 0.00080662837
  -42.570725, 0.000109368, 0.00080662837
  -42.570725, 0.006597234, 0.00080662837
  -42.557815, 7.812e-05, 0.00080701561
  -42.557815, 0.000164052, 0.00080701561
  -42.557815, 0.004476276, 0.00080701561
  -42.55136, 0.000581994, 0.00080720922
  -42.55136, -1.5624e-05, 0.00080720922
  -42.55136, 0.000421848, 0.00080720922
  -42.55136, 6.2496e-05, 0.00080720922
  -42.544905, 0.00144522, 0.00080740284
  -42.53845, 7.0308e-05, 0.00080759646
  -42.53845, 0.000207018, 0.00080759646
  -42.53845, 0.000539028, 0.00080759646
  -42.53845, 0.000515592, 0.00080759646
  -42.531995, 0.003366972, 0.00080779008
  -42.52554, 0.000140616, 0.00080798369
  -42.52554, 6.6402e-05, 0.00080798369
  -42.519085, 0.000656208, 0.00080817731
  -42.51263, 0.000261702, 0.00080837093
  -42.51263, 0.002562336, 0.00080837093
  -42.51263, 3.5154e-05, 0.00080837093
  -42.51263, 1.1718e-05, 0.00080837093
  -42.51263, 0.000679644, 0.00080837093
  -42.51263, 0.000105462, 0.00080837093
  -42.506175, 0.00033201, 0.00080856454
  -42.506175, 0.000398412, 0.00080856454
  -42.49972, 0.000609336, 0.00080875816
  -42.49972, 8.9838e-05, 0.00080875816
  -42.493265, 0.000167958, 0.00080895178
  -42.493265, 0.000496062, 0.00080895178
  -42.480355, -7.4214e-05, 0.00080933901
  -42.480355, 4.2966e-05, 0.00080933901
  -42.4739, 0.00011718, 0.00080953263
  -42.46099, 0.000124992, 0.00080991987
  -42.46099, 6.2496e-05, 0.00080991987
  -42.44808, 7.4214e-05, 0.0008103071
  -42.44808, 5.0778e-05, 0.0008103071
  -42.441625, 0.00623007, 0.00081050072
  -42.441625, 0.000160146, 0.00081050072
  -42.441625, 0.000203112, 0.00081050072
  -42.428715, 7.0308e-05, 0.00081088795
  -42.428715, 0.000144522, 0.00081088795
  -42.428715, -1.1718e-05, 0.00081088795
  -42.415805, 6.6402e-05, 0.00081127519
  -42.415805, 9.3744e-05, 0.00081127519
  -42.402895, 0.000210924, 0.00081166242
  -42.39644, 0.007405776, 0.00081185604
  -42.39644, 8.5932e-05, 0.00081185604
  -42.39644, 0.00044919, 0.00081185604
  -42.39644, 0.000246078, 0.00081185604
  -42.389985, -8.2026e-05, 0.00081204966
  -42.389985, 0.000207018, 0.00081204966
  -42.389985, 0.000164052, 0.00081204966
  -42.389985, 0.00011718, 0.00081204966
  -42.38353, 1.5624e-05, 0.00081224327
  -42.377075, 0.000249984, 0.00081243689
  -42.377075, 9.3744e-05, 0.00081243689
  -42.37062, 0.004655952, 0.00081263051
  -42.364165, -1.953e-05, 0.00081282412
  -42.364165, -8.2026e-05, 0.00081282412
  -42.364165, 0.000121086, 0.00081282412
  -42.364165, 0.000144522, 0.00081282412
  -42.351255, 0.000374976, 0.00081321136
  -42.351255, 0.000304668, 0.00081321136
  -42.351255, 0.000261702, 0.00081321136
  -42.351255, -3.906e-06, 0.00081321136
  -42.3448, 0.00031248, 0.00081340498
  -42.3448, 0.000382788, 0.00081340498
  -42.338345, 0.00015624, 0.00081359859
  -42.338345, 0.00572229, 0.00081359859
  -42.338345, 0.000464814, 0.00081359859
  -42.338345, 0.00466767, 0.00081359859
  -42.33189, 3.5154e-05, 0.00081379221
  -42.325435, 4.2966e-05, 0.00081398583
  -42.325435, 0.000753858, 0.00081398583
  -42.31898, 0.00056637, 0.00081417945
  -42.31898, 0.00011718, 0.00081417945
  -42.312525, 0.000164052, 0.00081437306
  -42.312525, 1.953e-05, 0.00081437306
  -42.30607, 0.000335916, 0.00081456668
  -42.30607, -1.1718e-05, 0.00081456668
  -42.30607, 0.002413908, 0.00081456668
  -42.299615, 0.000199206, 0.0008147603
  -42.299615, 5.0778e-05, 0.0008147603
  -42.29316, 0.004769226, 0.00081495391
  -42.29316, 0.000460908, 0.00081495391
  -42.286705, 1.1718e-05, 0.00081514753
  -42.286705, 4.2966e-05, 0.00081514753
  -42.286705, 6.6402e-05, 0.00081514753
  -42.286705, 0.000414036, 0.00081514753
  -42.28025, -7.0308e-05, 0.00081534115
  -42.28025, 0.000144522, 0.00081534115
  -42.28025, 0.00017577, 0.00081534115
  -42.273795, 0.000246078, 0.00081553477
  -42.26734, 0.000308574, 0.00081572838
  -42.26734, 8.9838e-05, 0.00081572838
  -42.260885, 0.000636678, 0.000815922
  -42.260885, 0.000503874, 0.000815922
  -42.260885, 0.000558558, 0.000815922
  -42.25443, 0.000718704, 0.00081611562
  -42.25443, 3.906e-05, 0.00081611562
  -42.25443, 0.009503298, 0.00081611562
  -42.247975, 0.000374976, 0.00081630924
  -42.24152, 0.00021483, 0.00081650285
  -42.24152, 6.6402e-05, 0.00081650285
  -42.24152, 0.008097138, 0.00081650285
  -42.235065, 0.000457002, 0.00081669647
  -42.235065, 0.000867132, 0.00081669647
  -42.235065, -3.5154e-05, 0.00081669647
  -42.235065, 9.765e-05, 0.00081669647
  -42.222155, 7.812e-05, 0.0008170837
  -42.2157, 0.000558558, 0.00081727732
  -42.2157, 0.00876897, 0.00081727732
  -42.209245, 8.2026e-05, 0.00081747094
  -42.209245, 7.812e-05, 0.00081747094
  -42.209245, 0.00017577, 0.00081747094
  -42.20279, 9.3744e-05, 0.00081766456
  -42.196335, 0.000261702, 0.00081785817
  -42.18988, 0.000105462, 0.00081805179
  -42.18988, -1.5624e-05, 0.00081805179
  -42.183425, 7.812e-05, 0.00081824541
  -42.157605, 0.000144522, 0.00081901988
  -42.157605, 0.000265608, 0.00081901988
  -42.157605, 0.000210924, 0.00081901988
  -42.15115, 0.000124992, 0.00081921349
  -42.15115, 0.000105462, 0.00081921349
  -42.15115, 0.00669879, 0.00081921349
  -42.15115, 0.000316386, 0.00081921349
  -42.15115, 1.1718e-05, 0.00081921349
  -42.15115, 9.3744e-05, 0.00081921349
  -42.144695, 9.3744e-05, 0.00081940711
  -42.131785, 0.000164052, 0.00081979435
  -42.131785, 2.3436e-05, 0.00081979435
  -42.131785, 0.00011718, 0.00081979435
  -42.131785, 0.000164052, 0.00081979435
  -42.12533, 0.000871038, 0.00081998796
  -42.11242, 0.000128898, 0.0008203752
  -42.105965, 0.000187488, 0.00082056882
  -42.105965, 0.00427707, 0.00082056882
  -42.105965, 0.000394506, 0.00082056882
  -42.09951, 0.000324198, 0.00082076243
  -42.09951, 0.00015624, 0.00082076243
  -42.09951, 0.000191394, 0.00082076243
  -42.09951, 0.001804572, 0.00082076243
  -42.0866, 0.000480438, 0.00082114967
  -42.0866, 0.000218736, 0.00082114967
  -42.0866, 0.000183582, 0.00082114967
  -42.080145, 3.5154e-05, 0.00082134328
  -42.080145, 0.003382596, 0.00082134328
  -42.080145, 0.000218736, 0.00082134328
  -42.080145, 5.4684e-05, 0.00082134328
  -42.080145, 0.000148428, 0.00082134328
  -42.07369, 0.000261702, 0.0008215369
  -42.067235, 0.000261702, 0.00082173052
  -42.067235, -5.0778e-05, 0.00082173052
  -42.06078, 0.000402318, 0.00082192414
  -42.06078, 0.00023436, 0.00082192414
  -42.054325, 7.812e-05, 0.00082211775
  -42.04787, 0.000953064, 0.00082231137
  -42.04787, 0.000289044, 0.00082231137
  -42.04787, 0.0005859, 0.00082231137
  -42.04787, -5.0778e-05, 0.00082231137
  -42.041415, 0.000535122, 0.00082250499
  -42.041415, 0.000472626, 0.00082250499
  -42.041415, 0.000320292, 0.00082250499
  -42.041415, 0.000386694, 0.00082250499
  -42.041415, 0.00031248, 0.00082250499
  -42.041415, 0.000394506, 0.00082250499
  -42.03496, 0.000675738, 0.00082269861
  -42.03496, 0.000570276, 0.00082269861
  -42.028505, -1.5624e-05, 0.00082289222
  -42.028505, 0.000472626, 0.00082289222
  -42.028505, 0.000363258, 0.00082289222
  -42.02205, 0.000718704, 0.00082308584
  -42.02205, 0.000441378, 0.00082308584
  -42.02205, 0.000730422, 0.00082308584
  -42.015595, 0.00060543, 0.00082327946
  -42.015595, 0.00048825, 0.00082327946
  -42.015595, 0.00017577, 0.00082327946
  -42.015595, 9.3744e-05, 0.00082327946
  -42.00914, 0.001351476, 0.00082347307
  -42.00914, 0.00056637, 0.00082347307
  -42.00914, -2.3436e-05, 0.00082347307
  -42.002685, 0.005905872, 0.00082366669
  -41.989775, 0.00011718, 0.00082405393
  -41.98332, 0.000218736, 0.00082424754
  -41.976865, 1.953e-05, 0.00082444116
  -41.963955, 0.00015624, 0.0008248284
  -41.963955, 0.010659474, 0.0008248284
  -41.9575, 0.00027342, 0.00082502201
  -41.9575, -3.906e-06, 0.00082502201
  -41.93168, 0.000203112, 0.00082579648
  -41.91877, 7.812e-06, 0.00082618372
  -41.912315, 3.906e-05, 0.00082637733
  -41.912315, 0.000339822, 0.00082637733
  -41.90586, 0.000257796, 0.00082657095
  -41.90586, 1.953e-05, 0.00082657095
  -41.89295, 0.003199014, 0.00082695819
  -41.886495, 0.000414036, 0.0008271518
  -41.886495, 0.000324198, 0.0008271518
  -41.873585, 0.000492156, 0.00082753904
  -41.873585, 0.000398412, 0.00082753904
  -41.86713, 0.00050778, 0.00082773265
  -41.86713, 3.1248e-05, 0.00082773265
  -41.86713, 0.000613242, 0.00082773265
  -41.860675, 5.4684e-05, 0.00082792627
  -41.84131, 4.2966e-05, 0.00082850712
  -41.834855, 0.001624896, 0.00082870074
  -41.8284, 7.812e-05, 0.00082889436
  -41.8284, 0.000621054, 0.00082889436
  -41.78967, 0.011909394, 0.00083005606
  -41.78967, 5.859e-05, 0.00083005606
  -41.783215, 8.5932e-05, 0.00083024968
  -41.77676, 9.765e-05, 0.0008304433
  -41.757395, 0.000113274, 0.00083102415
  -41.757395, 0.000242172, 0.00083102415
  -41.731575, 0.000124992, 0.00083179862
  -41.718665, 0.000191394, 0.00083218585
  -41.71221, 0.000140616, 0.00083237947
  -41.6993, 0.000246078, 0.0008327667
  -41.692845, 0.000148428, 0.00083296032
  -41.68639, -3.5154e-05, 0.00083315394
  -41.679935, 0.00558558, 0.00083334755
  -41.66057, 0.001828008, 0.00083392841
  -41.654115, 0.000296856, 0.00083412202
  -41.64766, 0.000558558, 0.00083431564
  -41.64766, 0.000179676, 0.00083431564
  -41.64766, 0.00037107, 0.00083431564
  -41.63475, 0.000457002, 0.00083470288
  -41.63475, 7.812e-06, 0.00083470288
  -41.615385, -9.765e-05, 0.00083528373
  -41.59602, -2.3436e-05, 0.00083586458
  -41.59602, 3.906e-05, 0.00083586458
  -41.59602, 0.005472306, 0.00083586458
  -41.59602, 7.812e-06, 0.00083586458
  -41.59602, 0.000222642, 0.00083586458
  -41.563745, 0.00027342, 0.00083683267
  -41.563745, 3.1248e-05, 0.00083683267
  -41.53147, 3.906e-05, 0.00083780075
  -41.525015, 0.000343728, 0.00083799437
  -41.525015, 6.2496e-05, 0.00083799437
  -41.499195, 0.003675546, 0.00083876884
  -41.499195, 0.000425754, 0.00083876884
  -41.49274, -5.859e-05, 0.00083896246
  -41.486285, 4.6872e-05, 0.00083915607
  -41.46692, 7.4214e-05, 0.00083973692
  -41.460465, 0.0023436, 0.00083993054
  -41.45401, -7.4214e-05, 0.00084012416
  -41.45401, 0.000515592, 0.00084012416
  -41.447555, -7.812e-06, 0.00084031778
  -41.447555, 5.859e-05, 0.00084031778
  -41.434645, 8.9838e-05, 0.00084070501
  -41.42819, 8.2026e-05, 0.00084089863
  -41.42819, 0.00064449, 0.00084089863
  -41.421735, 0.000101556, 0.00084109225
  -41.421735, 0.005062176, 0.00084109225
  -41.41528, 0.001828008, 0.00084128586
  -41.408825, 0.000109368, 0.00084147948
  -41.40237, 1.5624e-05, 0.0008416731
  -41.40237, -2.7342e-05, 0.0008416731
  -41.37655, 0.000121086, 0.00084244757
  -41.370095, 0.002816226, 0.00084264118
  -41.36364, 3.1248e-05, 0.0008428348
  -41.36364, 0.000164052, 0.0008428348
  -41.36364, 0.000210924, 0.0008428348
  -41.35073, -3.906e-06, 0.00084322204
  -41.35073, -3.906e-05, 0.00084322204
  -41.344275, 0.00027342, 0.00084341565
  -41.33782, 0.00033201, 0.00084360927
  -41.33782, 0.000617148, 0.00084360927
  -41.331365, 0.00013671, 0.00084380289
  -41.331365, 0.003370878, 0.00084380289
  -41.331365, 5.0778e-05, 0.00084380289
  -41.331365, 0.004753602, 0.00084380289
  -41.32491, 0.000402318, 0.0008439965
  -41.312, -6.2496e-05, 0.00084438374
  -41.312, 0.000499968, 0.00084438374
  -41.312, -5.4684e-05, 0.00084438374
  -41.29909, 3.1248e-05, 0.00084477097
  -41.29909, 5.859e-05, 0.00084477097
  -41.28618, 0.006222258, 0.00084515821
  -41.279725, -1.1718e-05, 0.00084535183
  -41.279725, -6.2496e-05, 0.00084535183
  -41.279725, 0.000160146, 0.00084535183
  -41.266815, 7.812e-05, 0.00084573906
  -41.266815, -7.812e-06, 0.00084573906
  -41.26036, -3.906e-06, 0.00084593268
  -41.253905, 4.2966e-05, 0.00084612629
  -41.24745, 0.0001953, 0.00084631991
  -41.240995, -1.5624e-05, 0.00084651353
  -41.240995, 0.003113082, 0.00084651353
  -41.240995, 0.000246078, 0.00084651353
  -41.23454, 2.3436e-05, 0.00084670715
  -41.228085, 0.000105462, 0.00084690076
  -41.22163, 1.5624e-05, 0.00084709438
  -41.215175, -7.812e-05, 0.000847288
  -41.202265, 5.859e-05, 0.00084767523
  -41.19581, 0.00818307, 0.00084786885
  -41.19581, 1.1718e-05, 0.00084786885
  -41.189355, 0.000121086, 0.00084806247
  -41.1829, 0.000304668, 0.00084825608
  -41.1829, 0.00271467, 0.00084825608
  -41.1829, 5.4684e-05, 0.00084825608
  -41.176445, 3.906e-06, 0.0008484497
  -41.16999, 0.000160146, 0.00084864332
  -41.16999, 0.000374976, 0.00084864332
  -41.16999, -1.5624e-05, 0.00084864332
  -41.163535, 4.2966e-05, 0.00084883694
  -41.163535, 7.812e-05, 0.00084883694
  -41.15708, 0.00412083, 0.00084903055
  -41.150625, 6.2496e-05, 0.00084922417
  -41.14417, 0.000460908, 0.00084941779
  -41.14417, -7.4214e-05, 0.00084941779
  -41.14417, 2.7342e-05, 0.00084941779
  -41.14417, 0.0001953, 0.00084941779
  -41.13126, 3.5154e-05, 0.00084980502
  -41.124805, 0.000562464, 0.00084999864
  -41.124805, 0.000242172, 0.00084999864
  -41.11835, 5.4684e-05, 0.00085019226
  -41.11835, 0.009909522, 0.00085019226
  -41.111895, -3.1248e-05, 0.00085038587
  -41.111895, 0.000710892, 0.00085038587
  -41.111895, 3.906e-06, 0.00085038587
  -41.10544, 0.00031248, 0.00085057949
  -41.10544, 0.000105462, 0.00085057949
  -41.10544, 7.812e-05, 0.00085057949
  -41.098985, 5.859e-05, 0.00085077311
  -41.098985, 0.000101556, 0.00085077311
  -41.09253, 7.812e-06, 0.00085096673
  -41.07962, 3.906e-05, 0.00085135396
  -41.07962, 0.00037107, 0.00085135396
  -41.07962, 0.0121086, 0.00085135396
  -41.073165, 0.000132804, 0.00085154758
  -41.06671, 0.000124992, 0.0008517412
  -41.06671, 3.906e-06, 0.0008517412
  -41.0538, 6.6402e-05, 0.00085212843
  -41.047345, 7.4214e-05, 0.00085232205
  -41.047345, 0.00044919, 0.00085232205
  -41.04089, 2.7342e-05, 0.00085251566
  -41.034435, -6.6402e-05, 0.00085270928
  -41.034435, 0.00054684, 0.00085270928
  -41.034435, 5.859e-05, 0.00085270928
  -41.034435, 0.005987898, 0.00085270928
  -41.02798, 0.000792918, 0.0008529029
  -41.02798, 8.9838e-05, 0.0008529029
  -41.02798, 0.000144522, 0.0008529029
  -41.01507, 9.3744e-05, 0.00085329013
  -41.01507, -4.2966e-05, 0.00085329013
  -41.01507, 2.7342e-05, 0.00085329013
  -41.008615, 0.000144522, 0.00085348375
  -41.008615, -2.7342e-05, 0.00085348375
  -41.00216, 4.2966e-05, 0.00085367737
  -41.00216, 0.000171864, 0.00085367737
  -40.995705, 8.5932e-05, 0.00085387099
  -40.982795, 0.000289044, 0.00085425822
  -40.97634, 0.007796376, 0.00085445184
  -40.97634, 0.00011718, 0.00085445184
  -40.97634, 4.2966e-05, 0.00085445184
  -40.97634, -7.812e-06, 0.00085445184
  -40.97634, 0.000183582, 0.00085445184
  -40.969885, 0.000121086, 0.00085464545
  -40.969885, 5.859e-05, 0.00085464545
  -40.96343, 0.00021483, 0.00085483907
  -40.956975, 3.906e-06, 0.00085503269
  -40.956975, 0.000113274, 0.00085503269
  -40.944065, 0.00023436, 0.00085541992
  -40.93761, 3.1248e-05, 0.00085561354
  -40.93761, -3.5154e-05, 0.00085561354
  -40.931155, 0.000257796, 0.00085580716
  -40.931155, 0.000152334, 0.00085580716
  -40.9247, 5.4684e-05, 0.00085600078
  -40.9247, 0.000324198, 0.00085600078
  -40.918245, 0.000144522, 0.00085619439
  -40.918245, 0.005855094, 0.00085619439
  -40.91179, 0.000132804, 0.00085638801
  -40.91179, 0.008679132, 0.00085638801
  -40.91179, 7.812e-05, 0.00085638801
  -40.91179, 0.000398412, 0.00085638801
  -40.905335, 0.00017577, 0.00085658163
  -40.905335, 0.009116604, 0.00085658163
  -40.905335, 1.5624e-05, 0.00085658163
  -40.89888, 0.000484344, 0.00085677524
  -40.89888, 0.00029295, 0.00085677524
  -40.89888, 0.012202344, 0.00085677524
  -40.892425, 0.001265544, 0.00085696886
  -40.892425, 0.000101556, 0.00085696886
  -40.892425, 4.6872e-05, 0.00085696886
  -40.88597, 7.812e-05, 0.00085716248
  -40.879515, 0, 0.0008573561
  -40.879515, 0.000187488, 0.0008573561
  -40.87306, 0.000589806, 0.00085754971
  -40.866605, 0.000363258, 0.00085774333
  -40.866605, -9.3744e-05, 0.00085774333
  -40.86015, 2.7342e-05, 0.00085793695
  -40.86015, 0.009030672, 0.00085793695
  -40.86015, 0.000124992, 0.00085793695
  -40.853695, 0.000207018, 0.00085813057
  -40.853695, 0.004800474, 0.00085813057
  -40.84724, 5.0778e-05, 0.00085832418
  -40.84724, 0.000164052, 0.00085832418
  -40.840785, 0.00023436, 0.0008585178
  -40.840785, 0.009573606, 0.0008585178
  -40.840785, 0.000457002, 0.0008585178
  -40.83433, 0.000105462, 0.00085871142
  -40.82142, 0.000152334, 0.00085909865
  -40.82142, 0.000554652, 0.00085909865
  -40.82142, 0.000714798, 0.00085909865
  -40.814965, 0, 0.00085929227
  -40.814965, 6.2496e-05, 0.00085929227
  -40.814965, 0.000132804, 0.00085929227
  -40.814965, 0.000265608, 0.00085929227
  -40.80851, 4.6872e-05, 0.00085948589
  -40.80851, 0.000289044, 0.00085948589
  -40.7956, 1.5624e-05, 0.00085987312
  -40.789145, 0.000203112, 0.00086006674
  -40.78269, 1.953e-05, 0.00086026036
  -40.78269, 7.812e-05, 0.00086026036
  -40.78269, 0.000238266, 0.00086026036
  -40.776235, 0.000363258, 0.00086045397
  -40.776235, 0.000183582, 0.00086045397
  -40.776235, 0.000261702, 0.00086045397
  -40.76978, -9.765e-05, 0.00086064759
  -40.76978, 0.000324198, 0.00086064759
  -40.76978, 0.000171864, 0.00086064759
  -40.763325, 4.2966e-05, 0.00086084121
  -40.763325, 6.6402e-05, 0.00086084121
  -40.750415, 0.000300762, 0.00086122844
  -40.74396, 0.00550746, 0.00086142206
  -40.74396, -3.906e-06, 0.00086142206
  -40.74396, 9.765e-05, 0.00086142206
  -40.74396, 0.000445284, 0.00086142206
  -40.737505, 0.003835692, 0.00086161568
  -40.737505, 0.000328104, 0.00086161568
  -40.73105, 0.000460908, 0.00086180929
  -40.73105, 0.000374976, 0.00086180929
  -40.73105, 0.000207018, 0.00086180929
  -40.73105, 0.000398412, 0.00086180929
  -40.73105, 0.000124992, 0.00086180929
  -40.73105, 5.4684e-05, 0.00086180929
  -40.724595, 9.3744e-05, 0.00086200291
  -40.724595, 0.000542934, 0.00086200291
  -40.724595, 3.5154e-05, 0.00086200291
  -40.71814, 0.00048825, 0.00086219653
  -40.71814, 0.00041013, 0.00086219653
  -40.71814, 0.00060543, 0.00086219653
  -40.711685, 0.000164052, 0.00086239015
  -40.711685, 6.6402e-05, 0.00086239015
  -40.70523, 0.000554652, 0.00086258376
  -40.70523, 0.00068355, 0.00086258376
  -40.70523, 0.002566242, 0.00086258376
  -40.698775, 0.001206954, 0.00086277738
  -40.69232, 1.953e-05, 0.000862971
  -40.69232, 0.000933534, 0.000862971
  -40.685865, 0.000261702, 0.00086316461
  -40.685865, 0.000203112, 0.00086316461
  -40.67941, 0.000499968, 0.00086335823
  -40.672955, -8.9838e-05, 0.00086355185
  -40.672955, 7.0308e-05, 0.00086355185
  -40.6665, 0.000113274, 0.00086374547
  -40.660045, 0.00281232, 0.00086393908
  -40.660045, 0.000617148, 0.00086393908
  -40.660045, 0.000328104, 0.00086393908
  -40.660045, 7.0308e-05, 0.00086393908
  -40.65359, 4.6872e-05, 0.0008641327
  -40.65359, 0.000246078, 0.0008641327
  -40.64068, 0.00041013, 0.00086451994
  -40.634225, 7.812e-05, 0.00086471355
  -40.62777, 9.765e-05, 0.00086490717
  -40.62777, 0.000308574, 0.00086490717
  -40.61486, 6.6402e-05, 0.0008652944
  -40.61486, 0.00013671, 0.0008652944
  -40.608405, -7.0308e-05, 0.00086548802
  -40.608405, 0.000113274, 0.00086548802
  -40.608405, -2.7342e-05, 0.00086548802
  -40.595495, 0.000382788, 0.00086587526
  -40.595495, 0.000496062, 0.00086587526
  -40.595495, 0.001800666, 0.00086587526
  -40.595495, 0.001421784, 0.00086587526
  -40.58904, 0.000140616, 0.00086606887
  -40.58904, 0.000609336, 0.00086606887
  -40.58904, 0.000581994, 0.00086606887
  -40.57613, 0.004034898, 0.00086645611
  -40.57613, 0.000179676, 0.00086645611
  -40.57613, 7.4214e-05, 0.00086645611
  -40.569675, -1.1718e-05, 0.00086664973
  -40.569675, 0.000121086, 0.00086664973
  -40.569675, 0.00046872, 0.00086664973
  -40.56322, 0.00724563, 0.00086684334
  -40.556765, -8.5932e-05, 0.00086703696
  -40.556765, 0, 0.00086703696
  -40.55031, 0.000160146, 0.00086723058
  -40.543855, 8.9838e-05, 0.00086742419
  -40.5374, 0.006175386, 0.00086761781
  -40.52449, 0.000152334, 0.00086800505
  -40.52449, 0.0001953, 0.00086800505
  -40.52449, 0.000121086, 0.00086800505
  -40.518035, 3.906e-06, 0.00086819866
  -40.518035, 0.000222642, 0.00086819866
  -40.505125, 2.7342e-05, 0.0008685859
  -40.49867, 0.000246078, 0.00086877952
  -40.492215, 0.00656208, 0.00086897313
  -40.48576, 0.000281232, 0.00086916675
  -40.479305, 0.000199206, 0.00086936037
  -40.479305, 2.7342e-05, 0.00086936037
  -40.47285, -3.1248e-05, 0.00086955398
  -40.47285, 0.000144522, 0.00086955398
  -40.47285, 0.000374976, 0.00086955398
  -40.466395, 3.906e-05, 0.0008697476
  -40.45994, 0.000464814, 0.00086994122
  -40.45994, 0.000355446, 0.00086994122
  -40.453485, 0.006980022, 0.00087013484
  -40.453485, 0.00056637, 0.00087013484
  -40.453485, 0.00476532, 0.00087013484
  -40.453485, 0.000300762, 0.00087013484
  -40.44703, 3.5154e-05, 0.00087032845
  -40.44703, 0.000695268, 0.00087032845
  -40.44703, 0.000171864, 0.00087032845
  -40.43412, 0.000210924, 0.00087071569
  -40.43412, 0.000249984, 0.00087071569
  -40.42121, 0.000437472, 0.00087110292
  -40.42121, 5.4684e-05, 0.00087110292
  -40.414755, 0.000265608, 0.00087129654
  -40.4083, 5.0778e-05, 0.00087149016
  -40.4083, -1.1718e-05, 0.00087149016
  -40.401845, 7.812e-05, 0.00087168377
  -40.401845, 0.000324198, 0.00087168377
  -40.39539, 0.000679644, 0.00087187739
  -40.39539, 0.000539028, 0.00087187739
  -40.388935, 0.00031248, 0.00087207101
  -40.38248, 0.000382788, 0.00087226463
  -40.376025, 0.000101556, 0.00087245824
  -40.36957, 0.0003906, 0.00087265186
  -40.363115, 0.000472626, 0.00087284548
  -40.363115, 6.6402e-05, 0.00087284548
  -40.35666, 1.5624e-05, 0.0008730391
  -40.35666, 0.000578088, 0.0008730391
  -40.35666, 0.000777294, 0.0008730391
  -40.350205, 0.000128898, 0.00087323271
  -40.337295, -8.2026e-05, 0.00087361995
  -40.337295, 0.007632324, 0.00087361995
  -40.33084, 0.000472626, 0.00087381356
  -40.324385, 0.001121022, 0.00087400718
  -40.31793, 9.3744e-05, 0.0008742008
  -40.311475, 3.5154e-05, 0.00087439442
  -40.298565, 0.001031184, 0.00087478165
  -40.298565, 0.0005859, 0.00087478165
  -40.298565, 5.859e-05, 0.00087478165
  -40.29211, 0.000152334, 0.00087497527
  -40.285655, -5.0778e-05, 0.00087516889
  -40.2792, 0.00775341, 0.0008753625
  -40.272745, -3.1248e-05, 0.00087555612
  -40.26629, 0.000183582, 0.00087574974
  -40.259835, 0.000121086, 0.00087594335
  -40.25338, 0.00406224, 0.00087613697
  -40.24047, 0.000242172, 0.00087652421
  -40.24047, 0.000304668, 0.00087652421
  -40.234015, 7.812e-05, 0.00087671782
  -40.22756, -8.2026e-05, 0.00087691144
  -40.221105, 0.000148428, 0.00087710506
  -40.221105, 0.00037107, 0.00087710506
  -40.221105, -3.906e-06, 0.00087710506
  -40.21465, -1.953e-05, 0.00087729868
  -40.21465, 0.00076167, 0.00087729868
  -40.208195, -7.812e-05, 0.00087749229
  -40.20174, 0.000457002, 0.00087768591
  -40.20174, 0.000562464, 0.00087768591
  -40.195285, 0.000316386, 0.00087787953
  -40.195285, 0.008390088, 0.00087787953
  -40.18883, 0.000101556, 0.00087807314
  -40.18883, -1.5624e-05, 0.00087807314
  -40.18883, 0.000187488, 0.00087807314
  -40.182375, -5.4684e-05, 0.00087826676
  -40.169465, -2.7342e-05, 0.000878654
  -40.169465, 3.906e-06, 0.000878654
  -40.169465, -3.1248e-05, 0.000878654
  -40.16301, 0.001628802, 0.00087884761
  -40.156555, 0.005851188, 0.00087904123
  -40.1501, 0.000132804, 0.00087923485
  -40.143645, 1.1718e-05, 0.00087942847
  -40.143645, 3.906e-05, 0.00087942847
  -40.143645, 3.906e-06, 0.00087942847
  -40.143645, 0.000238266, 0.00087942847
  -40.130735, 0.007667478, 0.0008798157
  -40.130735, 3.1248e-05, 0.0008798157
  -40.12428, 0.000304668, 0.00088000932
  -40.117825, -4.6872e-05, 0.00088020293
  -40.117825, 0, 0.00088020293
  -40.11137, 0.005941026, 0.00088039655
  -40.11137, 0.000164052, 0.00088039655
  -40.11137, -3.5154e-05, 0.00088039655
  -40.104915, 4.6872e-05, 0.00088059017
  -40.104915, -1.1718e-05, 0.00088059017
  -40.104915, 2.7342e-05, 0.00088059017
  -40.104915, 0.000128898, 0.00088059017
  -40.09846, 0.000382788, 0.00088078379
  -40.09846, 2.3436e-05, 0.00088078379
  -40.092005, -3.906e-06, 0.0008809774
  -40.07264, -3.5154e-05, 0.00088155826
  -40.066185, 0.00804636, 0.00088175187
  -40.066185, -2.3436e-05, 0.00088175187
  -40.066185, 6.2496e-05, 0.00088175187
  -40.066185, 3.906e-05, 0.00088175187
  -40.066185, 2.3436e-05, 0.00088175187
  -40.05973, -1.5624e-05, 0.00088194549
  -40.053275, 0.008722098, 0.00088213911
  -40.04682, 3.906e-05, 0.00088233272
  -40.04682, 0.000199206, 0.00088233272
  -40.04682, 0.000581994, 0.00088233272
  -40.04682, 0.00046872, 0.00088233272
  -40.04682, 8.5932e-05, 0.00088233272
  -40.040365, 7.812e-06, 0.00088252634
  -40.040365, 0.000464814, 0.00088252634
  -40.040365, 2.3436e-05, 0.00088252634
  -40.03391, 0.009253314, 0.00088271996
  -40.03391, 3.5154e-05, 0.00088271996
  -40.021, 5.859e-05, 0.00088310719
  -40.021, 0.000105462, 0.00088310719
  -40.014545, -3.906e-05, 0.00088330081
  -40.014545, 0.00025389, 0.00088330081
  -40.00809, 0, 0.00088349443
  -40.00809, 7.812e-06, 0.00088349443
  -40.00809, 0.00056637, 0.00088349443
  -40.00809, -1.1718e-05, 0.00088349443
  -40.00809, 0.000933534, 0.00088349443
  -40.001635, 0.007651854, 0.00088368805
  -40.001635, 5.0778e-05, 0.00088368805
  -39.99518, 3.1248e-05, 0.00088388166
  -39.99518, 0.00013671, 0.00088388166
  -39.988725, 0.000167958, 0.00088407528
  -39.98227, 2.7342e-05, 0.0008842689
  -39.98227, 5.0778e-05, 0.0008842689
  -39.98227, -4.6872e-05, 0.0008842689
  -39.975815, 3.5154e-05, 0.00088446251
  -39.975815, 1.1718e-05, 0.00088446251
  -39.962905, 5.0778e-05, 0.00088484975
  -39.962905, 7.812e-05, 0.00088484975
  -39.962905, 0.000316386, 0.00088484975
  -39.95645, 7.4214e-05, 0.00088504337
  -39.95645, 0.000199206, 0.00088504337
  -39.95645, 1.953e-05, 0.00088504337
  -39.949995, 0.000406224, 0.00088523698
  -39.949995, 0.001468656, 0.00088523698
  -39.949995, 7.4214e-05, 0.00088523698
  -39.949995, 0.000257796, 0.00088523698
  -39.949995, 0.000324198, 0.00088523698
  -39.94354, -1.1718e-05, 0.0008854306
  -39.937085, 5.0778e-05, 0.00088562422
  -39.937085, 0.000386694, 0.00088562422
  -39.93063, 0.006745662, 0.00088581784
  -39.93063, 3.1248e-05, 0.00088581784
  -39.93063, 3.906e-05, 0.00088581784
  -39.924175, -1.5624e-05, 0.00088601145
  -39.924175, 9.3744e-05, 0.00088601145
  -39.924175, 7.0308e-05, 0.00088601145
  -39.924175, 0.000105462, 0.00088601145
  -39.924175, 0.007155792, 0.00088601145
  -39.91772, 0.000480438, 0.00088620507
  -39.91772, 4.2966e-05, 0.00088620507
  -39.91772, 0.000773388, 0.00088620507
  -39.91772, 0.000499968, 0.00088620507
  -39.90481, 6.6402e-05, 0.0008865923
  -39.90481, -7.0308e-05, 0.0008865923
  -39.90481, 1.1718e-05, 0.0008865923
  -39.90481, 0.000589806, 0.0008865923
  -39.898355, -6.2496e-05, 0.00088678592
  -39.898355, 5.4684e-05, 0.00088678592
  -39.8919, 0.001917846, 0.00088697954
  -39.8919, 0.00060543, 0.00088697954
  -39.8919, 9.765e-05, 0.00088697954
  -39.8919, 0.005081706, 0.00088697954
  -39.87899, 0.012249216, 0.00088736677
  -39.87899, 3.906e-05, 0.00088736677
  -39.87899, 0.00011718, 0.00088736677
  -39.872535, 8.9838e-05, 0.00088756039
  -39.872535, 0.000128898, 0.00088756039
  -39.872535, 1.1718e-05, 0.00088756039
  -39.872535, 5.4684e-05, 0.00088756039
  -39.872535, 7.812e-05, 0.00088756039
  -39.86608, 0.000124992, 0.00088775401
  -39.86608, 4.2966e-05, 0.00088775401
  -39.85317, 6.2496e-05, 0.00088814124
  -39.85317, 8.9838e-05, 0.00088814124
  -39.85317, 0.00013671, 0.00088814124
  -39.85317, 0.000148428, 0.00088814124
  -39.846715, 6.6402e-05, 0.00088833486
  -39.84026, 0.00984312, 0.00088852848
  -39.84026, -2.3436e-05, 0.00088852848
  -39.833805, 0.001257732, 0.00088872209
  -39.833805, 0.000148428, 0.00088872209
  -39.833805, -2.7342e-05, 0.00088872209
  -39.82735, 3.5154e-05, 0.00088891571
  -39.820895, 0.000101556, 0.00088910933
  -39.81444, 0.000164052, 0.00088930295
  -39.81444, 5.859e-05, 0.00088930295
  -39.81444, 7.812e-05, 0.00088930295
  -39.807985, 8.9838e-05, 0.00088949656
  -39.807985, 0.000187488, 0.00088949656
  -39.80153, 0.000113274, 0.00088969018
  -39.795075, 3.906e-06, 0.0008898838
  -39.795075, 0.000179676, 0.0008898838
  -39.78862, -3.906e-06, 0.00089007742
  -39.78862, 0.000187488, 0.00089007742
  -39.78862, 0.000210924, 0.00089007742
  -39.78862, 0.000242172, 0.00089007742
  -39.782165, 5.0778e-05, 0.00089027103
  -39.782165, 9.765e-05, 0.00089027103
  -39.769255, 0.000132804, 0.00089065827
  -39.769255, 0.000121086, 0.00089065827
  -39.769255, 7.812e-05, 0.00089065827
  -39.7628, 0.000246078, 0.00089085188
  -39.7628, 0.005163732, 0.00089085188
  -39.7628, 0.005765256, 0.00089085188
  -39.756345, -4.2966e-05, 0.0008910455
  -39.756345, 0.000144522, 0.0008910455
  -39.756345, 0.000304668, 0.0008910455
  -39.756345, 0.00017577, 0.0008910455
  -39.74989, 2.3436e-05, 0.00089123912
  -39.74989, 0.000230454, 0.00089123912
  -39.74989, 3.1248e-05, 0.00089123912
  -39.74989, 0.000269514, 0.00089123912
  -39.74989, 0.00749952, 0.00089123912
  -39.74989, 0.000128898, 0.00089123912
  -39.743435, 0.000374976, 0.00089143274
  -39.743435, 0.000304668, 0.00089143274
  -39.73698, 7.0308e-05, 0.00089162635
  -39.73698, 0.000144522, 0.00089162635
  -39.730525, 0.0001953, 0.00089181997
  -39.730525, 0.000335916, 0.00089181997
  -39.730525, 0.000460908, 0.00089181997
  -39.730525, 0.00029295, 0.00089181997
  -39.730525, 0.00021483, 0.00089181997
  -39.72407, 0.00027342, 0.00089201359
  -39.717615, 0.000101556, 0.00089220721
  -39.717615, 0.00037107, 0.00089220721
  -39.71116, 0.00015624, 0.00089240082
  -39.71116, 4.2966e-05, 0.00089240082
  -39.704705, 0.000570276, 0.00089259444
  -39.704705, 0.000464814, 0.00089259444
  -39.704705, 0.00017577, 0.00089259444
  -39.69825, 0.000718704, 0.00089278806
  -39.69825, 3.906e-05, 0.00089278806
  -39.69825, 0.00037107, 0.00089278806
  -39.691795, 0.000417942, 0.00089298167
  -39.691795, 0.000257796, 0.00089298167
  -39.68534, 0.002667798, 0.00089317529
  -39.68534, 0.000578088, 0.00089317529
  -39.68534, 0.000710892, 0.00089317529
  -39.68534, -1.953e-05, 0.00089317529
  -39.678885, 0.000128898, 0.00089336891
  -39.678885, 0.000226548, 0.00089336891
  -39.678885, 0.00029295, 0.00089336891
  -39.67243, 0.000339822, 0.00089356253
  -39.67243, 8.9838e-05, 0.00089356253
  -39.665975, 0.000464814, 0.00089375614
  -39.665975, 5.859e-05, 0.00089375614
  -39.65952, 0.000417942, 0.00089394976
  -39.65952, 0.004468464, 0.00089394976
  -39.65952, 0.000191394, 0.00089394976
  -39.65952, 0.00037107, 0.00089394976
  -39.65952, 0.011460204, 0.00089394976
  -39.653065, 0.000320292, 0.00089414338
  -39.653065, 0.000242172, 0.00089414338
  -39.653065, 0.000515592, 0.00089414338
  -39.653065, 0.000636678, 0.00089414338
  -39.64661, 0.00052731, 0.000894337
  -39.640155, 5.4684e-05, 0.00089453061
  -39.640155, 1.1718e-05, 0.00089453061
  -39.640155, 0.000570276, 0.00089453061
  -39.640155, 0.000445284, 0.00089453061
  -39.640155, 0.000242172, 0.00089453061
  -39.640155, 0.00249984, 0.00089453061
  -39.640155, 8.5932e-05, 0.00089453061
  -39.6337, 0.00070308, 0.00089472423
  -39.627245, 0.001109304, 0.00089491785
  -39.627245, 0.000558558, 0.00089491785
  -39.627245, 0.000652302, 0.00089491785
  -39.627245, 0.000304668, 0.00089491785
  -39.62079, 0.00011718, 0.00089511146
  -39.62079, 0.000171864, 0.00089511146
  -39.62079, 0.004460652, 0.00089511146
  -39.614335, 0.000378882, 0.00089530508
  -39.614335, 0.000406224, 0.00089530508
  -39.601425, 7.4214e-05, 0.00089569232
  -39.601425, 3.906e-05, 0.00089569232
  -39.601425, 0.000109368, 0.00089569232
  -39.59497, 0.009761094, 0.00089588593
  -39.59497, 0.000148428, 0.00089588593
  -39.588515, 0.000457002, 0.00089607955
  -39.588515, 0.00048825, 0.00089607955
  -39.58206, 0.001917846, 0.00089627317
  -39.58206, -2.7342e-05, 0.00089627317
  -39.575605, 0.000574182, 0.00089646679
  -39.575605, 0.000218736, 0.00089646679
  -39.56915, 0.00013671, 0.0008966604
  -39.562695, 0.000718704, 0.00089685402
  -39.55624, 0.000597618, 0.00089704764
  -39.55624, 0.001495998, 0.00089704764
  -39.549785, 0.000289044, 0.00089724125
  -39.54333, 0.000101556, 0.00089743487
  -39.54333, 0.000171864, 0.00089743487
  -39.536875, 4.2966e-05, 0.00089762849
  -39.53042, 0.000179676, 0.00089782211
  -39.53042, 0.000367164, 0.00089782211
  -39.53042, -4.2966e-05, 0.00089782211
  -39.51751, 0.000457002, 0.00089820934
  -39.51751, 0, 0.00089820934
  -39.51751, 0.000210924, 0.00089820934
  -39.51751, 0.008030736, 0.00089820934
  -39.5046, 0.00736281, 0.00089859658
  -39.5046, 0.000128898, 0.00089859658
  -39.5046, 0.005433246, 0.00089859658
  -39.498145, 0.000226548, 0.00089879019
  -39.49169, -8.5932e-05, 0.00089898381
  -39.485235, 0.000285138, 0.00089917743
  -39.485235, -1.5624e-05, 0.00089917743
  -39.485235, 0.000558558, 0.00089917743
  -39.485235, 5.859e-05, 0.00089917743
  -39.47878, 0.000269514, 0.00089937104
  -39.46587, 0.000367164, 0.00089975828
  -39.459415, 1.953e-05, 0.0008999519
  -39.459415, 0.000335916, 0.0008999519
  -39.45296, 0.000882756, 0.00090014551
  -39.446505, 0.000164052, 0.00090033913
  -39.44005, 7.812e-06, 0.00090053275
  -39.44005, 0.003191202, 0.00090053275
  -39.44005, 8.9838e-05, 0.00090053275
  -39.44005, 0.000457002, 0.00090053275
  -39.433595, -2.7342e-05, 0.00090072637
  -39.42714, 0.00041013, 0.00090091998
  -39.420685, -7.0308e-05, 0.0009011136
  -39.420685, 0.000519498, 0.0009011136
  -39.41423, 2.7342e-05, 0.00090130722
  -39.407775, 0.00011718, 0.00090150083
  -39.407775, 0.000203112, 0.00090150083
  -39.40132, 0.000316386, 0.00090169445
  -39.40132, 0.000554652, 0.00090169445
  -39.40132, 0.006316002, 0.00090169445
  -39.40132, 4.2966e-05, 0.00090169445
  -39.394865, 0.000640584, 0.00090188807
  -39.394865, -7.4214e-05, 0.00090188807
  -39.38841, 0.000699174, 0.00090208169
  -39.38841, 0.012780432, 0.00090208169
  -39.38841, 3.906e-05, 0.00090208169
  -39.381955, 0, 0.0009022753
  -39.369045, 0.005749632, 0.00090266254
  -39.36259, 5.0778e-05, 0.00090285616
  -39.356135, 0.000140616, 0.00090304977
  -39.356135, 4.6872e-05, 0.00090304977
  -39.34968, 0.000249984, 0.00090324339
  -39.343225, -2.3436e-05, 0.00090343701
  -39.343225, -1.5624e-05, 0.00090343701
  -39.33677, 0.000714798, 0.00090363062
  -39.33677, -1.5624e-05, 0.00090363062
  -39.330315, 2.3436e-05, 0.00090382424
  -39.32386, 0.000320292, 0.00090401786
  -39.31095, 0.000179676, 0.00090440509
  -39.304495, 6.2496e-05, 0.00090459871
  -39.29804, 0.000367164, 0.00090479233
  -39.291585, 0.000402318, 0.00090498594
  -39.291585, -2.7342e-05, 0.00090498594
  -39.291585, 3.906e-05, 0.00090498594
  -39.291585, 6.6402e-05, 0.00090498594
  -39.291585, 3.906e-06, 0.00090498594
  -39.28513, 0.000226548, 0.00090517956
  -39.278675, 0.010831338, 0.00090537318
  -39.278675, 0, 0.00090537318
  -39.27222, 9.3744e-05, 0.0009055668
  -39.27222, 0.000499968, 0.0009055668
  -39.265765, 7.812e-06, 0.00090576041
  -39.25931, 0.000289044, 0.00090595403
  -39.252855, 8.5932e-05, 0.00090614765
  -39.252855, -1.953e-05, 0.00090614765
  -39.2464, 0.000613242, 0.00090634127
  -39.2464, 3.5154e-05, 0.00090634127
  -39.239945, 0.002562336, 0.00090653488
  -39.23349, -7.812e-06, 0.0009067285
  -39.23349, 0.000128898, 0.0009067285
  -39.23349, 2.7342e-05, 0.0009067285
  -39.227035, 0.012112506, 0.00090692212
  -39.227035, 0.004339566, 0.00090692212
  -39.22058, 4.6872e-05, 0.00090711573
  -39.22058, 0.00011718, 0.00090711573
  -39.22058, 3.906e-05, 0.00090711573
  -39.214125, 0.000355446, 0.00090730935
  -39.20767, 1.5624e-05, 0.00090750297
  -39.20767, -0.000109368, 0.00090750297
  -39.201215, 0.00015624, 0.00090769659
  -39.19476, 0.000148428, 0.0009078902
  -39.19476, 5.0778e-05, 0.0009078902
  -39.188305, 4.2966e-05, 0.00090808382
  -39.188305, 5.4684e-05, 0.00090808382
  -39.18185, 0.000437472, 0.00090827744
  -39.18185, 5.0778e-05, 0.00090827744
  -39.18185, 0.003831786, 0.00090827744
  -39.175395, 1.953e-05, 0.00090847106
  -39.175395, 0.001101492, 0.00090847106
  -39.175395, 6.2496e-05, 0.00090847106
  -39.162485, 0.00851508, 0.00090885829
  -39.162485, -0.000124992, 0.00090885829
  -39.162485, 0.00396459, 0.00090885829
  -39.15603, 6.6402e-05, 0.00090905191
  -39.15603, 0.000542934, 0.00090905191
  -39.15603, 0.000183582, 0.00090905191
  -39.149575, -3.906e-05, 0.00090924552
  -39.14312, 5.859e-05, 0.00090943914
  -39.14312, 0.000187488, 0.00090943914
  -39.136665, 5.4684e-05, 0.00090963276
  -39.136665, 6.6402e-05, 0.00090963276
  -39.136665, 8.9838e-05, 0.00090963276
  -39.136665, 0.000246078, 0.00090963276
  -39.13021, -3.906e-06, 0.00090982638
  -39.13021, 0.000671832, 0.00090982638
  -39.123755, 4.2966e-05, 0.00091001999
  -39.1173, 7.812e-05, 0.00091021361
  -39.1173, 0.000308574, 0.00091021361
  -39.110845, 8.2026e-05, 0.00091040723
  -39.10439, 0.000105462, 0.00091060085
  -39.097935, 0.00011718, 0.00091079446
  -39.097935, 0.000382788, 0.00091079446
  -39.097935, -1.1718e-05, 0.00091079446
  -39.097935, -2.7342e-05, 0.00091079446
  -39.09148, 0.013549914, 0.00091098808
  -39.09148, 1.5624e-05, 0.00091098808
  -39.09148, 7.0308e-05, 0.00091098808
  -39.09148, 0.000230454, 0.00091098808
  -39.085025, 0.000484344, 0.0009111817
  -39.085025, 5.0778e-05, 0.0009111817
  -39.07857, 0.000589806, 0.00091137531
  -39.07857, 0.001343664, 0.00091137531
  -39.072115, 1.5624e-05, 0.00091156893
  -39.072115, 0.000296856, 0.00091156893
  -39.072115, 0.00013671, 0.00091156893
  -39.06566, 7.812e-05, 0.00091176255
  -39.06566, 0.000105462, 0.00091176255
  -39.059205, 0.000101556, 0.00091195617
  -39.05275, 6.2496e-05, 0.00091214978
  -39.05275, 1.1718e-05, 0.00091214978
  -39.05275, 0.00037107, 0.00091214978
  -39.046295, -3.906e-06, 0.0009123434
  -39.046295, 0.005249664, 0.0009123434
  -39.03984, 0.000148428, 0.00091253702
  -39.033385, 0.000164052, 0.00091273064
  -39.02693, 4.6872e-05, 0.00091292425
  -39.020475, 0.003214638, 0.00091311787
  -39.020475, -7.812e-06, 0.00091311787
  -39.01402, 0.000109368, 0.00091331149
  -39.01402, 9.765e-05, 0.00091331149
  -39.01402, 0.000453096, 0.00091331149
  -39.01402, 0.002593584, 0.00091331149
  -39.007565, 0.000191394, 0.0009135051
  -39.007565, 0.0001953, 0.0009135051
  -39.007565, 0.011284434, 0.0009135051
  -39.007565, 7.812e-05, 0.0009135051
  -39.007565, 3.1248e-05, 0.0009135051
  -39.00111, 0.000132804, 0.00091369872
  -38.994655, 0.000128898, 0.00091389234
  -38.9882, 0.000226548, 0.00091408596
  -38.9882, 0.000562464, 0.00091408596
  -38.9882, -9.3744e-05, 0.00091408596
  -38.981745, 0.000706986, 0.00091427957
  -38.97529, 1.1718e-05, 0.00091447319
  -38.97529, 1.5624e-05, 0.00091447319
  -38.97529, 0.00013671, 0.00091447319
  -38.97529, -5.4684e-05, 0.00091447319
  -38.97529, 0.01001889, 0.00091447319
  -38.96238, 0.000121086, 0.00091486043
  -38.96238, 0.000160146, 0.00091486043
  -38.96238, 0.000238266, 0.00091486043
  -38.955925, 4.6872e-05, 0.00091505404
  -38.955925, -8.9838e-05, 0.00091505404
  -38.955925, 0.005398092, 0.00091505404
  -38.955925, 8.2026e-05, 0.00091505404
  -38.94947, 0.000171864, 0.00091524766
  -38.943015, 0.000277326, 0.00091544128
  -38.93656, 0.00015624, 0.00091563489
  -38.93656, -3.906e-05, 0.00091563489
  -38.93656, 0.000347634, 0.00091563489
  -38.930105, 0.000203112, 0.00091582851
  -38.930105, 0.000296856, 0.00091582851
  -38.930105, -1.1718e-05, 0.00091582851
  -38.930105, 4.2966e-05, 0.00091582851
  -38.930105, 0.002331882, 0.00091582851
  -38.930105, 0.000425754, 0.00091582851
  -38.92365, 0.00052731, 0.00091602213
  -38.917195, 0.008726004, 0.00091621575
  -38.917195, -1.5624e-05, 0.00091621575
  -38.917195, 0.000210924, 0.00091621575
  -38.917195, 0.000144522, 0.00091621575
  -38.917195, 0.006050394, 0.00091621575
  -38.917195, 3.1248e-05, 0.00091621575
  -38.917195, -6.6402e-05, 0.00091621575
  -38.91074, 9.765e-05, 0.00091640936
  -38.904285, 0.0001953, 0.00091660298
  -38.89783, 0.005827752, 0.0009167966
  -38.89783, 0.000374976, 0.0009167966
  -38.89783, -1.5624e-05, 0.0009167966
  -38.89783, 0.006741756, 0.0009167966
  -38.89783, 6.2496e-05, 0.0009167966
  -38.89783, 0.000652302, 0.0009167966
  -38.88492, 0.0001953, 0.00091718383
  -38.88492, 0.000249984, 0.00091718383
  -38.878465, 0.00013671, 0.00091737745
  -38.87201, -3.906e-06, 0.00091757107
  -38.87201, 0.007589358, 0.00091757107
  -38.87201, 1.5624e-05, 0.00091757107
  -38.87201, 1.5624e-05, 0.00091757107
  -38.87201, 0.000261702, 0.00091757107
  -38.865555, 3.1248e-05, 0.00091776468
  -38.865555, 3.906e-06, 0.00091776468
  -38.865555, 5.4684e-05, 0.00091776468
  -38.8591, 0.000457002, 0.0009179583
  -38.8591, 0.000242172, 0.0009179583
  -38.8591, 0.000304668, 0.0009179583
  -38.84619, 0.00017577, 0.00091834554
  -38.84619, 0.000242172, 0.00091834554
  -38.84619, 8.5932e-05, 0.00091834554
  -38.839735, 0.000386694, 0.00091853915
  -38.83328, 7.812e-06, 0.00091873277
  -38.83328, 0.000304668, 0.00091873277
  -38.826825, 0.000320292, 0.00091892639
  -38.826825, 0.000554652, 0.00091892639
  -38.82037, 2.7342e-05, 0.00091912001
  -38.82037, 0.000207018, 0.00091912001
  -38.82037, 0.000300762, 0.00091912001
  -38.82037, -7.4214e-05, 0.00091912001
  -38.813915, 1.953e-05, 0.00091931362
  -38.813915, 3.906e-05, 0.00091931362
  -38.813915, 0.004898124, 0.00091931362
  -38.80746, 6.2496e-05, 0.00091950724
  -38.80746, 4.2966e-05, 0.00091950724
  -38.80746, 0.000386694, 0.00091950724
  -38.80746, 2.3436e-05, 0.00091950724
  -38.80746, 0.000378882, 0.00091950724
  -38.80746, 0.000757764, 0.00091950724
  -38.801005, 0.004917654, 0.00091970086
  -38.79455, 5.0778e-05, 0.00091989447
  -38.79455, 0.003757572, 0.00091989447
  -38.79455, 0.000476532, 0.00091989447
  -38.79455, 0.000109368, 0.00091989447
  -38.788095, 0.000249984, 0.00092008809
  -38.78164, 0.000480438, 0.00092028171
  -38.78164, 0.000464814, 0.00092028171
  -38.78164, 3.5154e-05, 0.00092028171
  -38.78164, 0.0003906, 0.00092028171
  -38.78164, 0.000593712, 0.00092028171
  -38.775185, 0.000589806, 0.00092047533
  -38.775185, 1.1718e-05, 0.00092047533
  -38.775185, 8.5932e-05, 0.00092047533
  -38.76873, 0.020502594, 0.00092066894
  -38.76873, 0.000300762, 0.00092066894
  -38.762275, 6.6402e-05, 0.00092086256
  -38.762275, 5.0778e-05, 0.00092086256
  -38.762275, 0.000847602, 0.00092086256
  -38.762275, 5.859e-05, 0.00092086256
  -38.75582, 0.000570276, 0.00092105618
  -38.75582, 0.000824166, 0.00092105618
  -38.75582, 0.001105398, 0.00092105618
  -38.749365, 4.6872e-05, 0.0009212498
  -38.749365, 0.00013671, 0.0009212498
  -38.749365, 0.000476532, 0.0009212498
  -38.74291, 0.000359352, 0.00092144341
  -38.736455, 0.000699174, 0.00092163703
  -38.736455, 0.000578088, 0.00092163703
  -38.73, 5.859e-05, 0.00092183065
  -38.73, 0.000550746, 0.00092183065
  -38.73, 5.0778e-05, 0.00092183065
  -38.73, 0.00017577, 0.00092183065
  -38.723545, 7.4214e-05, 0.00092202426
  -38.723545, 0.000445284, 0.00092202426
  -38.71709, 8.5932e-05, 0.00092221788
  -38.71709, 0.000109368, 0.00092221788
  -38.71709, 0.000804636, 0.00092221788
  -38.71709, 7.4214e-05, 0.00092221788
  -38.71709, -3.5154e-05, 0.00092221788
  -38.70418, 3.1248e-05, 0.00092260512
  -38.70418, 8.2026e-05, 0.00092260512
  -38.70418, 0.000226548, 0.00092260512
  -38.70418, -7.812e-05, 0.00092260512
  -38.697725, 7.0308e-05, 0.00092279873
  -38.69127, -8.9838e-05, 0.00092299235
  -38.69127, 6.2496e-05, 0.00092299235
  -38.69127, 0.006491772, 0.00092299235
  -38.684815, 0.00503874, 0.00092318597
  -38.67836, 7.812e-05, 0.00092337959
  -38.67836, 0.000113274, 0.00092337959
  -38.671905, 8.9838e-05, 0.0009235732
  -38.66545, 0.000109368, 0.00092376682
  -38.658995, -1.5624e-05, 0.00092396044
  -38.65254, -2.7342e-05, 0.00092415405
  -38.65254, 0.000124992, 0.00092415405
  -38.65254, -2.3436e-05, 0.00092415405
  -38.65254, 0.000281232, 0.00092415405
  -38.646085, 0.009429084, 0.00092434767
  -38.63963, 8.9838e-05, 0.00092454129
  -38.63963, 7.4214e-05, 0.00092454129
  -38.63963, 5.4684e-05, 0.00092454129
  -38.62672, 0.00013671, 0.00092492852
  -38.62672, 0.000160146, 0.00092492852
  -38.620265, 0.000113274, 0.00092512214
  -38.620265, 0.002437344, 0.00092512214
  -38.620265, 0.001597554, 0.00092512214
  -38.620265, 0.000359352, 0.00092512214
  -38.61381, 8.9838e-05, 0.00092531576
  -38.61381, 0.006667542, 0.00092531576
  -38.61381, 0.00017577, 0.00092531576
  -38.61381, 0.000132804, 0.00092531576
  -38.607355, 8.2026e-05, 0.00092550938
  -38.6009, 3.906e-06, 0.00092570299
  -38.594445, 7.812e-06, 0.00092589661
  -38.594445, 0.000199206, 0.00092589661
  -38.594445, 0.013288212, 0.00092589661
  -38.58799, -5.0778e-05, 0.00092609023
  -38.58799, 0.000113274, 0.00092609023
  -38.58799, 8.9838e-05, 0.00092609023
  -38.58799, -1.1718e-05, 0.00092609023
  -38.581535, 0.000445284, 0.00092628384
  -38.581535, 0.00054684, 0.00092628384
  -38.57508, 0.000144522, 0.00092647746
  -38.57508, 0.00017577, 0.00092647746
  -38.57508, 8.9838e-05, 0.00092647746
  -38.568625, 1.953e-05, 0.00092667108
  -38.56217, -5.859e-05, 0.0009268647
  -38.555715, 2.7342e-05, 0.00092705831
  -38.555715, 0.000222642, 0.00092705831
  -38.54926, 0.000144522, 0.00092725193
  -38.54926, 0.000121086, 0.00092725193
  -38.54926, 0.00349587, 0.00092725193
  -38.54926, 0.000281232, 0.00092725193
  -38.54926, 3.906e-05, 0.00092725193
  -38.54926, 4.2966e-05, 0.00092725193
  -38.542805, 0.00017577, 0.00092744555
  -38.542805, 0.00068355, 0.00092744555
  -38.542805, 0.000113274, 0.00092744555
  -38.542805, 0.000230454, 0.00092744555
  -38.542805, 0.008249472, 0.00092744555
  -38.53635, 0.000246078, 0.00092763917
  -38.53635, 0.005261382, 0.00092763917
  -38.529895, -7.4214e-05, 0.00092783278
  -38.529895, 0.000101556, 0.00092783278
  -38.529895, -1.5624e-05, 0.00092783278
  -38.529895, -5.859e-05, 0.00092783278
  -38.52344, 0.0056637, 0.0009280264
  -38.516985, 0.000152334, 0.00092822002
  -38.51053, 3.906e-06, 0.00092841363
  -38.504075, 0.000167958, 0.00092860725
  -38.49762, 5.859e-05, 0.00092880087
  -38.49762, 3.5154e-05, 0.00092880087
  -38.49762, 0.00013671, 0.00092880087
  -38.49762, 5.859e-05, 0.00092880087
  -38.49762, 0.000308574, 0.00092880087
  -38.49762, 0.007093296, 0.00092880087
  -38.49762, 0.000339822, 0.00092880087
  -38.491165, 0.000535122, 0.00092899449
  -38.491165, 0.000285138, 0.00092899449
  -38.491165, 0.000660114, 0.00092899449
  -38.491165, 0.002531088, 0.00092899449
  -38.48471, 4.6872e-05, 0.0009291881
  -38.48471, 0.000374976, 0.0009291881
  -38.48471, 0.002394378, 0.0009291881
  -38.48471, 0.000210924, 0.0009291881
  -38.48471, 3.906e-05, 0.0009291881
  -38.478255, 0.00042966, 0.00092938172
  -38.4718, 1.1718e-05, 0.00092957534
  -38.465345, 0.007237818, 0.00092976896
  -38.465345, 2.3436e-05, 0.00092976896
  -38.465345, 7.812e-06, 0.00092976896
  -38.465345, 6.6402e-05, 0.00092976896
  -38.465345, 0.000167958, 0.00092976896
  -38.465345, 0.000179676, 0.00092976896
  -38.45889, 0.00044919, 0.00092996257
  -38.45889, 0.000128898, 0.00092996257
  -38.45889, 0, 0.00092996257
  -38.45889, -3.1248e-05, 0.00092996257
  -38.452435, 0.001734264, 0.00093015619
  -38.452435, 7.4214e-05, 0.00093015619
  -38.452435, 0.000257796, 0.00093015619
  -38.452435, 0.000367164, 0.00093015619
  -38.44598, 0.000460908, 0.00093034981
  -38.44598, 0.000199206, 0.00093034981
  -38.439525, 7.0308e-05, 0.00093054342
  -38.43307, 6.6402e-05, 0.00093073704
  -38.426615, 0.000203112, 0.00093093066
  -38.426615, 0.000167958, 0.00093093066
  -38.426615, 0.000765576, 0.00093093066
  -38.42016, 5.0778e-05, 0.00093112428
  -38.42016, 3.906e-05, 0.00093112428
  -38.42016, 0.000562464, 0.00093112428
  -38.42016, -3.1248e-05, 0.00093112428
  -38.42016, 0.000542934, 0.00093112428
  -38.42016, -3.906e-05, 0.00093112428
  -38.40725, 0.00031248, 0.00093151151
  -38.40725, 9.765e-05, 0.00093151151
  -38.40725, 1.5624e-05, 0.00093151151
  -38.400795, 0.000249984, 0.00093170513
  -38.400795, 0.00808542, 0.00093170513
  -38.400795, 0.000753858, 0.00093170513
  -38.400795, 7.4214e-05, 0.00093170513
  -38.400795, 0.005773068, 0.00093170513
  -38.400795, 0.000210924, 0.00093170513
  -38.39434, 0.000199206, 0.00093189875
  -38.387885, 0.0003906, 0.00093209236
  -38.387885, 0.000249984, 0.00093209236
  -38.387885, 8.2026e-05, 0.00093209236
  -38.38143, 2.3436e-05, 0.00093228598
  -38.38143, 0.000777294, 0.00093228598
  -38.38143, 8.9838e-05, 0.00093228598
  -38.38143, 0.008429148, 0.00093228598
  -38.38143, -4.2966e-05, 0.00093228598
  -38.38143, -8.5932e-05, 0.00093228598
  -38.38143, 5.859e-05, 0.00093228598
  -38.374975, 0.00865179, 0.0009324796
  -38.374975, 8.2026e-05, 0.0009324796
  -38.36852, 0.00726516, 0.00093267321
  -38.36852, 0.000124992, 0.00093267321
  -38.36852, -2.7342e-05, 0.00093267321
  -38.362065, 0.00031248, 0.00093286683
  -38.362065, -3.1248e-05, 0.00093286683
  -38.362065, 0.00023436, 0.00093286683
  -38.35561, 0.000249984, 0.00093306045
  -38.35561, -7.812e-06, 0.00093306045
  -38.35561, -1.5624e-05, 0.00093306045
  -38.35561, 0.000480438, 0.00093306045
  -38.35561, 0.00011718, 0.00093306045
  -38.35561, 0.00031248, 0.00093306045
  -38.349155, 2.7342e-05, 0.00093325407
  -38.349155, 9.765e-05, 0.00093325407
  -38.3427, 0.000378882, 0.00093344768
  -38.3427, 9.3744e-05, 0.00093344768
  -38.336245, 0.01064385, 0.0009336413
  -38.336245, 7.812e-05, 0.0009336413
  -38.336245, 0.000581994, 0.0009336413
  -38.32979, 0, 0.00093383492
  -38.32979, 4.6872e-05, 0.00093383492
  -38.32979, 0.00083979, 0.00093383492
  -38.323335, 0.000894474, 0.00093402854
  -38.323335, 0.000144522, 0.00093402854
  -38.323335, -3.906e-06, 0.00093402854
  -38.323335, 0.00755811, 0.00093402854
  -38.323335, 0.000308574, 0.00093402854
  -38.31688, 0.000378882, 0.00093422215
  -38.31688, 8.5932e-05, 0.00093422215
  -38.31688, 1.953e-05, 0.00093422215
  -38.31688, 0.000152334, 0.00093422215
  -38.31688, -7.812e-06, 0.00093422215
  -38.310425, 0.000386694, 0.00093441577
  -38.310425, 0.000277326, 0.00093441577
  -38.310425, 0.000499968, 0.00093441577
  -38.30397, 0.005589486, 0.00093460939
  -38.30397, 0.006632388, 0.00093460939
  -38.30397, 0.000464814, 0.00093460939
  -38.30397, 2.3436e-05, 0.00093460939
  -38.297515, 3.906e-05, 0.000934803
  -38.297515, -3.906e-06, 0.000934803
  -38.29106, 0.00011718, 0.00093499662
  -38.29106, 0.000199206, 0.00093499662
  -38.29106, 3.906e-06, 0.00093499662
  -38.29106, 1.953e-05, 0.00093499662
  -38.29106, 0.000476532, 0.00093499662
  -38.284605, 0.001472562, 0.00093519024
  -38.284605, 0.000257796, 0.00093519024
  -38.284605, 2.3436e-05, 0.00093519024
  -38.284605, -7.0308e-05, 0.00093519024
  -38.284605, 0.0060543, 0.00093519024
  -38.284605, 4.2966e-05, 0.00093519024
  -38.284605, 0.000183582, 0.00093519024
  -38.284605, 7.812e-05, 0.00093519024
  -38.27815, 0.000109368, 0.00093538386
  -38.27815, 8.2026e-05, 0.00093538386
  -38.27815, 0.000105462, 0.00093538386
  -38.271695, 2.3436e-05, 0.00093557747
  -38.271695, 0.000238266, 0.00093557747
  -38.26524, 0.000562464, 0.00093577109
  -38.26524, 0.000574182, 0.00093577109
  -38.26524, 0.000457002, 0.00093577109
  -38.26524, 0.000320292, 0.00093577109
  -38.26524, 0.000343728, 0.00093577109
  -38.26524, 0.000734328, 0.00093577109
  -38.26524, -2.7342e-05, 0.00093577109
  -38.258785, 4.2966e-05, 0.00093596471
  -38.258785, -1.5624e-05, 0.00093596471
  -38.258785, 3.5154e-05, 0.00093596471
  -38.25233, 9.3744e-05, 0.00093615833
  -38.245875, 0.000144522, 0.00093635194
  -38.245875, 5.859e-05, 0.00093635194
  -38.245875, 0.000121086, 0.00093635194
  -38.245875, 0.000140616, 0.00093635194
  -38.23942, 9.3744e-05, 0.00093654556
  -38.23942, 0.007550298, 0.00093654556
  -38.23942, 0.00029295, 0.00093654556
  -38.23942, 3.906e-06, 0.00093654556
  -38.23942, 0.000769482, 0.00093654556
  -38.23942, 3.906e-06, 0.00093654556
  -38.232965, 1.5624e-05, 0.00093673918
  -38.232965, 0.000417942, 0.00093673918
  -38.232965, 5.0778e-05, 0.00093673918
  -38.232965, 0.000378882, 0.00093673918
  -38.232965, 0.000562464, 0.00093673918
  -38.22651, -3.906e-06, 0.00093693279
  -38.22651, -3.906e-05, 0.00093693279
  -38.22651, 0.00050778, 0.00093693279
  -38.220055, 0.000394506, 0.00093712641
  -38.2136, 1.5624e-05, 0.00093732003
  -38.2136, 5.0778e-05, 0.00093732003
  -38.2136, 0.010651662, 0.00093732003
  -38.207145, 5.4684e-05, 0.00093751365
  -38.207145, 0.000710892, 0.00093751365
  -38.207145, 4.2966e-05, 0.00093751365
  -38.207145, 0.00015624, 0.00093751365
  -38.207145, 3.1248e-05, 0.00093751365
  -38.207145, 0.000628866, 0.00093751365
  -38.207145, 0.001179612, 0.00093751365
  -38.207145, 9.3744e-05, 0.00093751365
  -38.20069, 0.0021483, 0.00093770726
  -38.20069, 5.0778e-05, 0.00093770726
  -38.20069, 0.0095697, 0.00093770726
  -38.20069, 0.000457002, 0.00093770726
  -38.20069, 0.00017577, 0.00093770726
  -38.20069, 0.00048825, 0.00093770726
  -38.194235, 0.00353493, 0.00093790088
  -38.194235, 0.006995646, 0.00093790088
  -38.194235, 0.000160146, 0.00093790088
  -38.194235, 3.5154e-05, 0.00093790088
  -38.194235, 0.000562464, 0.00093790088
  -38.194235, 0.002249856, 0.00093790088
  -38.18778, 2.7342e-05, 0.0009380945
  -38.18778, 7.812e-05, 0.0009380945
  -38.181325, 3.1248e-05, 0.00093828812
  -38.181325, 0.000812448, 0.00093828812
  -38.181325, 6.2496e-05, 0.00093828812
  -38.181325, 0.000601524, 0.00093828812
  -38.181325, 0.009409554, 0.00093828812
  -38.17487, 0.001960812, 0.00093848173
  -38.17487, -8.2026e-05, 0.00093848173
  -38.168415, 0, 0.00093867535
  -38.168415, 0.00011718, 0.00093867535
  -38.168415, -3.906e-06, 0.00093867535
  -38.168415, 6.2496e-05, 0.00093867535
  -38.168415, 5.4684e-05, 0.00093867535
  -38.16196, 0.000179676, 0.00093886897
  -38.16196, 0.000218736, 0.00093886897
  -38.16196, 3.5154e-05, 0.00093886897
  -38.155505, 7.0308e-05, 0.00093906258
  -38.155505, 0.000109368, 0.00093906258
  -38.155505, 0.000191394, 0.00093906258
  -38.14905, 6.2496e-05, 0.0009392562
  -38.142595, 3.906e-05, 0.00093944982
  -38.142595, 4.2966e-05, 0.00093944982
  -38.142595, 0.000101556, 0.00093944982
  -38.13614, 0.000140616, 0.00093964344
  -38.13614, 6.2496e-05, 0.00093964344
  -38.13614, 5.859e-05, 0.00093964344
  -38.13614, 7.4214e-05, 0.00093964344
  -38.129685, 8.5932e-05, 0.00093983705
  -38.129685, 0.000281232, 0.00093983705
  -38.129685, 5.0778e-05, 0.00093983705
  -38.12323, -4.6872e-05, 0.00094003067
  -38.116775, 0.000203112, 0.00094022429
  -38.116775, 0.00023436, 0.00094022429
  -38.116775, 0, 0.00094022429
  -38.116775, 0.000148428, 0.00094022429
  -38.11032, 7.0308e-05, 0.00094041791
  -38.11032, 8.9838e-05, 0.00094041791
  -38.103865, 6.2496e-05, 0.00094061152
  -38.103865, 3.5154e-05, 0.00094061152
  -38.103865, 0.000171864, 0.00094061152
  -38.103865, 8.2026e-05, 0.00094061152
  -38.103865, 2.3436e-05, 0.00094061152
  -38.09741, 0.000343728, 0.00094080514
  -38.09741, 0.012866364, 0.00094080514
  -38.09741, 0.000128898, 0.00094080514
  -38.090955, 0.000109368, 0.00094099876
  -38.090955, 4.2966e-05, 0.00094099876
  -38.0845, 5.4684e-05, 0.00094119237
  -38.0845, 0.00330057, 0.00094119237
  -38.0845, 0.000281232, 0.00094119237
  -38.078045, -1.953e-05, 0.00094138599
  -38.078045, 3.906e-05, 0.00094138599
  -38.078045, 8.9838e-05, 0.00094138599
  -38.07159, 0.007788564, 0.00094157961
  -38.07159, 0.000144522, 0.00094157961
  -38.07159, 7.812e-06, 0.00094157961
  -38.07159, 0.000207018, 0.00094157961
  -38.065135, 0.01552635, 0.00094177323
  -38.065135, 0.000171864, 0.00094177323
  -38.065135, 7.4214e-05, 0.00094177323
  -38.065135, 0.000238266, 0.00094177323
  -38.065135, 7.812e-05, 0.00094177323
  -38.05868, 7.812e-05, 0.00094196684
  -38.05868, 7.4214e-05, 0.00094196684
  -38.05868, 0.010686816, 0.00094196684
  -38.052225, 0.000109368, 0.00094216046
  -38.052225, 0.014709996, 0.00094216046
  -38.052225, 0.000417942, 0.00094216046
  -38.052225, -7.812e-05, 0.00094216046
  -38.052225, 8.2026e-05, 0.00094216046
  -38.04577, 5.0778e-05, 0.00094235408
  -38.04577, 0.001730358, 0.00094235408
  -38.04577, 0.000164052, 0.00094235408
  -38.039315, 0.000109368, 0.0009425477
  -38.039315, 4.2966e-05, 0.0009425477
  -38.03286, 4.6872e-05, 0.00094274131
  -38.03286, 0.000339822, 0.00094274131
  -38.03286, 0.000289044, 0.00094274131
  -38.03286, 0.004417686, 0.00094274131
  -38.03286, 0.000179676, 0.00094274131
  -38.03286, 0.000523404, 0.00094274131
  -38.026405, 0.00011718, 0.00094293493
  -38.026405, 0.000101556, 0.00094293493
  -38.026405, 4.2966e-05, 0.00094293493
  -38.026405, 0.000222642, 0.00094293493
  -38.026405, 0.000144522, 0.00094293493
  -38.01995, -1.953e-05, 0.00094312855
  -38.013495, -5.0778e-05, 0.00094332216
  -38.013495, 6.6402e-05, 0.00094332216
  -38.013495, 9.765e-05, 0.00094332216
  -38.013495, 0.000191394, 0.00094332216
  -38.013495, 3.906e-06, 0.00094332216
  -38.013495, 5.0778e-05, 0.00094332216
  -38.00704, 0.000140616, 0.00094351578
  -38.00704, 0.00011718, 0.00094351578
  -38.00704, 8.5932e-05, 0.00094351578
  -38.00704, 6.2496e-05, 0.00094351578
  -38.00704, 0.000355446, 0.00094351578
  -38.000585, 0.012760902, 0.0009437094
  -38.000585, 0.001492092, 0.0009437094
  -38.000585, 0.000242172, 0.0009437094
  -38.000585, -4.2966e-05, 0.0009437094
  -38.000585, 8.2026e-05, 0.0009437094
  -38.000585, 0.00021483, 0.0009437094
  -38.000585, 0.010225908, 0.0009437094
  -37.99413, 1.5624e-05, 0.00094390302
  -37.99413, 0.00013671, 0.00094390302
  -37.99413, -3.906e-06, 0.00094390302
  -37.99413, 0.00041013, 0.00094390302
  -37.99413, 0.000636678, 0.00094390302
  -37.99413, 0.000285138, 0.00094390302
  -37.99413, 6.6402e-05, 0.00094390302
  -37.987675, 0.002593584, 0.00094409663
  -37.987675, 0.000617148, 0.00094409663
  -37.987675, 0.000496062, 0.00094409663
  -37.987675, 0.000152334, 0.00094409663
  -37.987675, 0.000753858, 0.00094409663
  -37.987675, 0.000132804, 0.00094409663
  -37.98122, 0.00017577, 0.00094429025
  -37.98122, 6.6402e-05, 0.00094429025
  -37.98122, 7.812e-06, 0.00094429025
  -37.974765, 0.00031248, 0.00094448387
  -37.974765, 0.000101556, 0.00094448387
  -37.974765, 6.2496e-05, 0.00094448387
  -37.974765, 8.5932e-05, 0.00094448387
  -37.974765, 0.00042966, 0.00094448387
  -37.974765, 0.001222578, 0.00094448387
  -37.96831, 4.2966e-05, 0.00094467749
  -37.96831, 0.000148428, 0.00094467749
  -37.96831, 7.0308e-05, 0.00094467749
  -37.96831, 0.000167958, 0.00094467749
  -37.961855, 0.000226548, 0.0009448711
  -37.9554, 0.005886342, 0.00094506472
  -37.9554, -1.953e-05, 0.00094506472
  -37.9554, 0.00027342, 0.00094506472
  -37.9554, 0.000382788, 0.00094506472
  -37.9554, 0.000164052, 0.00094506472
  -37.948945, 0.00035154, 0.00094525834
  -37.948945, 0.000515592, 0.00094525834
  -37.948945, 9.765e-05, 0.00094525834
  -37.94249, 0.000230454, 0.00094545195
  -37.94249, 0.00027342, 0.00094545195
  -37.94249, 7.812e-05, 0.00094545195
  -37.94249, 8.9838e-05, 0.00094545195
  -37.94249, 2.7342e-05, 0.00094545195
  -37.94249, 7.812e-06, 0.00094545195
  -37.94249, 0.005952744, 0.00094545195
  -37.94249, 0.000167958, 0.00094545195
  -37.936035, 0.000347634, 0.00094564557
  -37.936035, 0.002652174, 0.00094564557
  -37.936035, 0.000128898, 0.00094564557
  -37.936035, 0.006105078, 0.00094564557
  -37.936035, -2.3436e-05, 0.00094564557
  -37.936035, 0.000207018, 0.00094564557
  -37.92958, 0.000171864, 0.00094583919
  -37.92958, -1.953e-05, 0.00094583919
  -37.92958, 8.2026e-05, 0.00094583919
  -37.92958, 0.000457002, 0.00094583919
  -37.92958, 8.9838e-05, 0.00094583919
  -37.92958, 0.007163604, 0.00094583919
  -37.923125, 7.812e-06, 0.00094603281
  -37.923125, -2.7342e-05, 0.00094603281
  -37.923125, 6.2496e-05, 0.00094603281
  -37.923125, 0.000179676, 0.00094603281
  -37.923125, 0.001597554, 0.00094603281
  -37.923125, -1.1718e-05, 0.00094603281
  -37.923125, 0.000636678, 0.00094603281
  -37.91667, 0.000425754, 0.00094622642
  -37.91667, 0.00806589, 0.00094622642
  -37.91667, 0.007952616, 0.00094622642
  -37.910215, 0.000124992, 0.00094642004
  -37.910215, 0.000105462, 0.00094642004
  -37.910215, 0.0001953, 0.00094642004
  -37.910215, 0.00042966, 0.00094642004
  -37.910215, 0.000519498, 0.00094642004
  -37.910215, 0.00011718, 0.00094642004
  -37.90376, 4.6872e-05, 0.00094661366
  -37.90376, 0.003906, 0.00094661366
  -37.90376, 0.000249984, 0.00094661366
  -37.90376, 0.000343728, 0.00094661366
  -37.897305, 0.00064449, 0.00094680728
  -37.897305, 8.9838e-05, 0.00094680728
  -37.897305, 0.00056637, 0.00094680728
  -37.897305, 2.7342e-05, 0.00094680728
  -37.897305, 1.1718e-05, 0.00094680728
  -37.89085, -8.9838e-05, 0.00094700089
  -37.89085, 0.000203112, 0.00094700089
  -37.89085, 0.008030736, 0.00094700089
  -37.884395, 0.000308574, 0.00094719451
  -37.884395, 0.000109368, 0.00094719451
  -37.884395, 0.00021483, 0.00094719451
  -37.884395, 2.3436e-05, 0.00094719451
  -37.87794, 0.000414036, 0.00094738813
  -37.87794, 0.005749632, 0.00094738813
  -37.87794, 0.000277326, 0.00094738813
  -37.87794, 0.000210924, 0.00094738813
  -37.87794, -0.000101556, 0.00094738813
  -37.87794, 0.000531216, 0.00094738813
  -37.871485, 0.000160146, 0.00094758174
  -37.871485, 0.000249984, 0.00094758174
  -37.871485, 0.000675738, 0.00094758174
  -37.871485, 8.9838e-05, 0.00094758174
  -37.871485, 0.011628162, 0.00094758174
  -37.871485, 0.000695268, 0.00094758174
  -37.871485, 7.0308e-05, 0.00094758174
  -37.871485, 4.6872e-05, 0.00094758174
  -37.871485, 1.5624e-05, 0.00094758174
  -37.86503, 0.004972338, 0.00094777536
  -37.86503, 0.000160146, 0.00094777536
  -37.858575, 6.6402e-05, 0.00094796898
  -37.858575, 0.005140296, 0.00094796898
  -37.858575, 0.000386694, 0.00094796898
  -37.858575, -7.812e-06, 0.00094796898
  -37.858575, 3.906e-05, 0.00094796898
  -37.858575, 0.000277326, 0.00094796898
  -37.858575, 3.906e-06, 0.00094796898
  -37.85212, 5.0778e-05, 0.0009481626
  -37.85212, 0.000144522, 0.0009481626
  -37.85212, 0.000257796, 0.0009481626
  -37.85212, 0.000128898, 0.0009481626
  -37.85212, 0.000496062, 0.0009481626
  -37.85212, -6.6402e-05, 0.0009481626
  -37.845665, 5.0778e-05, 0.00094835621
  -37.845665, 0.000609336, 0.00094835621
  -37.83921, 0.00027342, 0.00094854983
  -37.83921, 0.001050714, 0.00094854983
  -37.83921, 1.1718e-05, 0.00094854983
  -37.83921, 0.000105462, 0.00094854983
  -37.83921, -9.765e-05, 0.00094854983
  -37.83921, 0.000144522, 0.00094854983
  -37.83921, 0.000581994, 0.00094854983
  -37.832755, 0.000308574, 0.00094874345
  -37.832755, 6.2496e-05, 0.00094874345
  -37.832755, 0.000472626, 0.00094874345
  -37.832755, 0.000343728, 0.00094874345
  -37.832755, 0.008561952, 0.00094874345
  -37.832755, 0, 0.00094874345
  -37.832755, 0.000437472, 0.00094874345
  -37.8263, 0.0007812, 0.00094893707
  -37.8263, 0.000183582, 0.00094893707
  -37.8263, 0.000160146, 0.00094893707
  -37.8263, 9.765e-05, 0.00094893707
  -37.819845, 0.00017577, 0.00094913068
  -37.819845, 0.000343728, 0.00094913068
  -37.81339, 0.000183582, 0.0009493243
  -37.81339, 0.000324198, 0.0009493243
  -37.81339, 0.005929308, 0.0009493243
  -37.81339, 0.000105462, 0.0009493243
  -37.81339, 0.00033201, 0.0009493243
  -37.81339, 3.1248e-05, 0.0009493243
  -37.806935, 4.6872e-05, 0.00094951792
  -37.806935, 0.013549914, 0.00094951792
  -37.806935, 7.812e-05, 0.00094951792
  -37.80048, 6.2496e-05, 0.00094971153
  -37.80048, 0.000539028, 0.00094971153
  -37.80048, 0.000171864, 0.00094971153
  -37.80048, 1.1718e-05, 0.00094971153
  -37.794025, 0.008741628, 0.00094990515
  -37.794025, 0.000218736, 0.00094990515
  -37.794025, 0.000121086, 0.00094990515
  -37.794025, 0.000199206, 0.00094990515
  -37.794025, 7.4214e-05, 0.00094990515
  -37.794025, 5.0778e-05, 0.00094990515
  -37.78757, 7.812e-05, 0.00095009877
  -37.78757, 0.00013671, 0.00095009877
  -37.78757, 0.009272844, 0.00095009877
  -37.78757, 3.5154e-05, 0.00095009877
  -37.78757, -1.1718e-05, 0.00095009877
  -37.78757, 3.906e-05, 0.00095009877
  -37.78757, 0.00037107, 0.00095009877
  -37.78757, 0.000222642, 0.00095009877
  -37.781115, 0.000414036, 0.00095029239
  -37.781115, 0.003929436, 0.00095029239
  -37.781115, 4.6872e-05, 0.00095029239
  -37.781115, -2.3436e-05, 0.00095029239
  -37.77466, 0.000222642, 0.000950486
  -37.77466, 0.000414036, 0.000950486
  -37.768205, 9.3744e-05, 0.00095067962
  -37.768205, 0.000148428, 0.00095067962
  -37.76175, 0.000101556, 0.00095087324
  -37.76175, 3.906e-05, 0.00095087324
  -37.76175, 0.000394506, 0.00095087324
  -37.76175, 0.00046872, 0.00095087324
  -37.755295, 7.4214e-05, 0.00095106686
  -37.755295, 0.000199206, 0.00095106686
  -37.755295, 0.000242172, 0.00095106686
  -37.755295, 0.000148428, 0.00095106686
  -37.755295, 0.000581994, 0.00095106686
  -37.755295, 0.000265608, 0.00095106686
  -37.755295, 0.00017577, 0.00095106686
  -37.755295, 0.000515592, 0.00095106686
  -37.74884, 6.2496e-05, 0.00095126047
  -37.74884, 5.859e-05, 0.00095126047
  -37.74884, 6.2496e-05, 0.00095126047
  -37.74884, 0.000503874, 0.00095126047
  -37.742385, 0.000164052, 0.00095145409
  -37.742385, 0.000636678, 0.00095145409
  -37.742385, 0.000656208, 0.00095145409
  -37.742385, 1.1718e-05, 0.00095145409
  -37.73593, 0.000621054, 0.00095164771
  -37.73593, 0.00048825, 0.00095164771
  -37.73593, 0.00027342, 0.00095164771
  -37.73593, 1.5624e-05, 0.00095164771
  -37.73593, 5.4684e-05, 0.00095164771
  -37.73593, 0.000140616, 0.00095164771
  -37.73593, 6.2496e-05, 0.00095164771
  -37.729475, 0.001519434, 0.00095184132
  -37.729475, 0.000179676, 0.00095184132
  -37.729475, 9.3744e-05, 0.00095184132
  -37.729475, 0.00072261, 0.00095184132
  -37.729475, 8.5932e-05, 0.00095184132
  -37.729475, 0.01429596, 0.00095184132
  -37.72302, 8.2026e-05, 0.00095203494
  -37.72302, 9.765e-05, 0.00095203494
  -37.72302, 0.00966735, 0.00095203494
  -37.72302, 0.000992124, 0.00095203494
  -37.72302, 0.000597618, 0.00095203494
  -37.72302, 0.000289044, 0.00095203494
  -37.72302, 0.010542294, 0.00095203494
  -37.72302, 5.4684e-05, 0.00095203494
  -37.716565, 8.5932e-05, 0.00095222856
  -37.716565, 0.0042966, 0.00095222856
  -37.71011, 0.0001953, 0.00095242218
  -37.71011, 0.000222642, 0.00095242218
  -37.71011, 0.000343728, 0.00095242218
  -37.71011, 7.812e-05, 0.00095242218
  -37.71011, 0.0001953, 0.00095242218
  -37.703655, 0.000296856, 0.00095261579
  -37.703655, 0.000238266, 0.00095261579
  -37.703655, 0.000109368, 0.00095261579
  -37.703655, 0.000281232, 0.00095261579
  -37.6972, 3.906e-05, 0.00095280941
  -37.6972, 0.000328104, 0.00095280941
  -37.690745, -7.0308e-05, 0.00095300303
  -37.690745, 7.4214e-05, 0.00095300303
  -37.68429, 3.906e-05, 0.00095319665
  -37.68429, 0.000105462, 0.00095319665
  -37.68429, 8.9838e-05, 0.00095319665
  -37.68429, 0.000167958, 0.00095319665
  -37.677835, 0.000398412, 0.00095339026
  -37.677835, 0.000347634, 0.00095339026
  -37.677835, 7.0308e-05, 0.00095339026
  -37.677835, 9.765e-05, 0.00095339026
  -37.677835, 0.000238266, 0.00095339026
  -37.677835, 0.000109368, 0.00095339026
  -37.677835, 0.000347634, 0.00095339026
  -37.677835, 8.9838e-05, 0.00095339026
  -37.664925, 0.000289044, 0.0009537775
  -37.664925, 0.00041013, 0.0009537775
  -37.664925, 0.000109368, 0.0009537775
  -37.664925, 0.00037107, 0.0009537775
  -37.664925, 0.005355126, 0.0009537775
  -37.65847, 0.003132612, 0.00095397111
  -37.65847, 0.000496062, 0.00095397111
  -37.65847, 0.00042966, 0.00095397111
  -37.65847, 0.000519498, 0.00095397111
  -37.65847, 0.000242172, 0.00095397111
  -37.652015, 0.000460908, 0.00095416473
  -37.652015, 0.003238074, 0.00095416473
  -37.64556, 0.000648396, 0.00095435835
  -37.64556, 0.000425754, 0.00095435835
  -37.64556, 0.00013671, 0.00095435835
  -37.64556, 0, 0.00095435835
  -37.639105, 0.00052731, 0.00095455197
  -37.639105, 9.765e-05, 0.00095455197
  -37.639105, 0.003761478, 0.00095455197
  -37.63265, 0.00115227, 0.00095474558
  -37.63265, 0.00011718, 0.00095474558
  -37.63265, 0.000652302, 0.00095474558
  -37.63265, 0.000199206, 0.00095474558
  -37.626195, 0.000574182, 0.0009549392
  -37.626195, 0.000124992, 0.0009549392
  -37.626195, 5.0778e-05, 0.0009549392
  -37.626195, 0.000609336, 0.0009549392
  -37.626195, 0.000523404, 0.0009549392
  -37.626195, 0.00013671, 0.0009549392
  -37.61974, 4.6872e-05, 0.00095513282
  -37.61974, 7.812e-05, 0.00095513282
  -37.61974, 0.000113274, 0.00095513282
  -37.613285, 0.000890568, 0.00095532644
  -37.613285, 0.000706986, 0.00095532644
  -37.613285, 0.000355446, 0.00095532644
  -37.613285, 0.00029295, 0.00095532644
  -37.613285, 0.000121086, 0.00095532644
  -37.613285, 0.000300762, 0.00095532644
  -37.60683, 0.000433566, 0.00095552005
  -37.60683, 0.00017577, 0.00095552005
  -37.600375, 0.000121086, 0.00095571367
  -37.600375, 0.000148428, 0.00095571367
  -37.600375, -4.2966e-05, 0.00095571367
  -37.600375, 0.000152334, 0.00095571367
  -37.600375, 0.000652302, 0.00095571367
  -37.59392, 2.7342e-05, 0.00095590729
  -37.59392, 0.000249984, 0.00095590729
  -37.59392, 0.000167958, 0.00095590729
  -37.587465, 0.000359352, 0.0009561009
  -37.587465, 0.00759717, 0.0009561009
  -37.587465, 0.000367164, 0.0009561009
  -37.587465, 0.000531216, 0.0009561009
  -37.58101, 0.000140616, 0.00095629452
  -37.58101, 6.2496e-05, 0.00095629452
  -37.574555, 0.000210924, 0.00095648814
  -37.574555, 0.000183582, 0.00095648814
  -37.574555, 0.00015624, 0.00095648814
  -37.5681, 0.001363194, 0.00095668176
  -37.5681, 0.000179676, 0.00095668176
  -37.5681, 0.000171864, 0.00095668176
  -37.5681, 0.000648396, 0.00095668176
  -37.5681, 9.765e-05, 0.00095668176
  -37.5681, 6.6402e-05, 0.00095668176
  -37.561645, 0.00031248, 0.00095687537
  -37.561645, 0.005616828, 0.00095687537
  -37.55519, 0.000144522, 0.00095706899
  -37.55519, 0.003460716, 0.00095706899
  -37.55519, 0.00021483, 0.00095706899
  -37.548735, 0.000437472, 0.00095726261
  -37.548735, 0.000183582, 0.00095726261
  -37.548735, 0.013303836, 0.00095726261
  -37.548735, 0.000445284, 0.00095726261
  -37.548735, 0.000144522, 0.00095726261
  -37.54228, 0.000183582, 0.00095745623
  -37.54228, 0.001769418, 0.00095745623
  -37.54228, 0.000187488, 0.00095745623
  -37.54228, -5.859e-05, 0.00095745623
  -37.535825, 5.4684e-05, 0.00095764984
  -37.535825, -4.6872e-05, 0.00095764984
  -37.535825, 0, 0.00095764984
  -37.52937, 0.000124992, 0.00095784346
  -37.52937, -7.812e-06, 0.00095784346
  -37.52937, 0.000378882, 0.00095784346
  -37.52937, 0.003577896, 0.00095784346
  -37.52937, 0.000554652, 0.00095784346
  -37.52937, 8.5932e-05, 0.00095784346
  -37.52937, 0.00359352, 0.00095784346
  -37.52937, 0.000226548, 0.00095784346
  -37.522915, 0.00054684, 0.00095803708
  -37.522915, 8.5932e-05, 0.00095803708
  -37.522915, 0.000207018, 0.00095803708
  -37.522915, 0.001593648, 0.00095803708
  -37.51646, 0.000265608, 0.00095823069
  -37.51646, 0.00025389, 0.00095823069
  -37.51646, 0.000238266, 0.00095823069
  -37.51646, 0.005366844, 0.00095823069
  -37.510005, 0.00017577, 0.00095842431
  -37.510005, 0.00023436, 0.00095842431
  -37.510005, 0.00068355, 0.00095842431
  -37.50355, 0.000109368, 0.00095861793
  -37.50355, 0.000113274, 0.00095861793
  -37.50355, 0.000472626, 0.00095861793
  -37.497095, 3.906e-06, 0.00095881155
  -37.497095, 0.00029295, 0.00095881155
  -37.497095, 0.000394506, 0.00095881155
  -37.497095, 0.00021483, 0.00095881155
  -37.497095, 0.000316386, 0.00095881155
  -37.49064, 0.000324198, 0.00095900516
  -37.49064, 0.00029295, 0.00095900516
  -37.49064, 0.0005859, 0.00095900516
  -37.49064, 0.000503874, 0.00095900516
  -37.49064, 0.000667926, 0.00095900516
  -37.484185, 2.7342e-05, 0.00095919878
  -37.484185, -3.1248e-05, 0.00095919878
  -37.484185, 0.000148428, 0.00095919878
  -37.484185, 0.001285074, 0.00095919878
  -37.484185, 0.000613242, 0.00095919878
  -37.484185, 0.006316002, 0.00095919878
  -37.47773, 7.812e-06, 0.0009593924
  -37.47773, 3.906e-05, 0.0009593924
  -37.47773, 0.000406224, 0.0009593924
  -37.47773, 3.5154e-05, 0.0009593924
  -37.47773, 0.000281232, 0.0009593924
  -37.471275, 0.007706538, 0.00095958602
  -37.471275, 6.2496e-05, 0.00095958602
  -37.46482, 0.000140616, 0.00095977963
  -37.46482, 0.000265608, 0.00095977963
  -37.458365, 0.000140616, 0.00095997325
  -37.458365, 0.000355446, 0.00095997325
  -37.458365, 0.000246078, 0.00095997325
  -37.458365, 0.000210924, 0.00095997325
  -37.458365, 0.000476532, 0.00095997325
  -37.45191, 5.859e-05, 0.00096016687
  -37.45191, 0.000363258, 0.00096016687
  -37.45191, 0.000726516, 0.00096016687
  -37.45191, 0.00035154, 0.00096016687
  -37.445455, 0.00033201, 0.00096036048
  -37.439, 7.812e-06, 0.0009605541
  -37.439, 0.007882308, 0.0009605541
  -37.439, 0.000269514, 0.0009605541
  -37.439, 0.000578088, 0.0009605541
  -37.439, 0.000171864, 0.0009605541
  -37.432545, 3.1248e-05, 0.00096074772
  -37.432545, 0.000929628, 0.00096074772
  -37.432545, 4.6872e-05, 0.00096074772
  -37.42609, 0.000300762, 0.00096094134
  -37.42609, 0.009409554, 0.00096094134
  -37.42609, 0.00042966, 0.00096094134
  -37.419635, 7.0308e-05, 0.00096113495
  -37.419635, 0.000167958, 0.00096113495
  -37.41318, 0.000421848, 0.00096132857
  -37.41318, 0.000367164, 0.00096132857
  -37.41318, 0.000335916, 0.00096132857
  -37.41318, 0.00044919, 0.00096132857
  -37.406725, 6.6402e-05, 0.00096152219
  -37.406725, 9.765e-05, 0.00096152219
  -37.40027, 0.000394506, 0.00096171581
  -37.40027, 0.000531216, 0.00096171581
  -37.40027, 0.00054684, 0.00096171581
  -37.40027, 5.859e-05, 0.00096171581
  -37.393815, 0.000695268, 0.00096190942
  -37.393815, 3.906e-05, 0.00096190942
  -37.393815, 0.005925402, 0.00096190942
  -37.393815, 0.000167958, 0.00096190942
  -37.38736, 7.0308e-05, 0.00096210304
  -37.38736, 0.000531216, 0.00096210304
  -37.38736, 0.000207018, 0.00096210304
  -37.38736, 0.000453096, 0.00096210304
  -37.38736, 0.000402318, 0.00096210304
  -37.37445, 0.000562464, 0.00096249027
  -37.367995, 7.4214e-05, 0.00096268389
  -37.367995, 0.00048825, 0.00096268389
  -37.367995, 0.00294903, 0.00096268389
  -37.367995, 5.4684e-05, 0.00096268389
  -37.367995, 0.002671704, 0.00096268389
  -37.36154, 0.000124992, 0.00096287751
  -37.36154, 0.000648396, 0.00096287751
  -37.355085, 0.000652302, 0.00096307113
  -37.355085, 0.008206506, 0.00096307113
  -37.355085, 0.000199206, 0.00096307113
  -37.355085, 6.6402e-05, 0.00096307113
  -37.355085, 9.3744e-05, 0.00096307113
  -37.34863, 0.000261702, 0.00096326474
  -37.34863, 0.000691362, 0.00096326474
  -37.34863, 0.000503874, 0.00096326474
  -37.34863, 0.000203112, 0.00096326474
  -37.342175, 0.009819684, 0.00096345836
  -37.342175, 7.0308e-05, 0.00096345836
  -37.329265, 0.000792918, 0.0009638456
  -37.329265, 0.000328104, 0.0009638456
  -37.329265, 8.2026e-05, 0.0009638456
  -37.329265, 0.000597618, 0.0009638456
  -37.32281, 0.000101556, 0.00096403921
  -37.32281, 6.6402e-05, 0.00096403921
  -37.316355, 0.000621054, 0.00096423283
  -37.3099, 0.000249984, 0.00096442645
  -37.3099, 0.000261702, 0.00096442645
  -37.303445, 0.0095697, 0.00096462006
  -37.29699, 8.9838e-05, 0.00096481368
  -37.29699, 7.812e-05, 0.00096481368
  -37.29699, 0.009046296, 0.00096481368
  -37.290535, 0.000855414, 0.0009650073
  -37.290535, 0.000398412, 0.0009650073
  -37.28408, 0.000113274, 0.00096520092
  -37.28408, 0.000144522, 0.00096520092
  -37.277625, 0.000328104, 0.00096539453
  -37.277625, 0.000316386, 0.00096539453
  -37.277625, 8.9838e-05, 0.00096539453
  -37.27117, 0.000105462, 0.00096558815
  -37.27117, 7.0308e-05, 0.00096558815
  -37.251805, 0.000121086, 0.000966169
  -37.24535, 0.000492156, 0.00096636262
  -37.24535, 0.00017577, 0.00096636262
  -37.238895, 0.000402318, 0.00096655624
  -37.238895, 0.000128898, 0.00096655624
  -37.23244, 0.00060543, 0.00096674985
  -37.23244, 0.001437408, 0.00096674985
  -37.225985, 0.00021483, 0.00096694347
  -37.225985, 0.000980406, 0.00096694347
  -37.225985, 0.000382788, 0.00096694347
  -37.225985, 0.000503874, 0.00096694347
  -37.225985, 0.000144522, 0.00096694347
  -37.225985, 0.000105462, 0.00096694347
  -37.21953, 0.000179676, 0.00096713709
  -37.213075, 0.000480438, 0.00096733071
  -37.213075, 0.009675162, 0.00096733071
  -37.20662, 8.9838e-05, 0.00096752432
  -37.20662, 0.000597618, 0.00096752432
  -37.20662, 0.00164052, 0.00096752432
  -37.20662, 0.000621054, 0.00096752432
  -37.20662, 0.000140616, 0.00096752432
  -37.19371, 0.000148428, 0.00096791156
  -37.19371, -4.6872e-05, 0.00096791156
  -37.1808, 0.000148428, 0.00096829879
  -37.174345, 0.00027342, 0.00096849241
  -37.174345, 0.000921816, 0.00096849241
  -37.16789, 0.000207018, 0.00096868603
  -37.16789, -7.4214e-05, 0.00096868603
  -37.161435, 0.000124992, 0.00096887964
  -37.15498, 0.000160146, 0.00096907326
  -37.148525, 0.007272972, 0.00096926688
  -37.148525, 1.953e-05, 0.00096926688
  -37.148525, 0.000335916, 0.00096926688
  -37.14207, 0.000171864, 0.0009694605
  -37.135615, 0.000179676, 0.00096965411
  -37.12916, 0.000226548, 0.00096984773
  -37.12916, 0.000152334, 0.00096984773
  -37.122705, 0.000406224, 0.00097004135
  -37.122705, 0.00021483, 0.00097004135
  -37.122705, 0.000249984, 0.00097004135
  -37.122705, 0.00615195, 0.00097004135
  -37.11625, -1.5624e-05, 0.00097023497
  -37.109795, 0.000386694, 0.00097042858
  -37.109795, 0.000191394, 0.00097042858
  -37.10334, 5.0778e-05, 0.0009706222
  -37.10334, 0.000277326, 0.0009706222
  -37.096885, 0.000242172, 0.00097081582
  -37.09043, 0.000304668, 0.00097100943
  -37.083975, 0.000499968, 0.00097120305
  -37.083975, 0.00027342, 0.00097120305
  -37.083975, 0.000472626, 0.00097120305
  -37.083975, 0.00017577, 0.00097120305
  -37.06461, 0.006573798, 0.0009717839
  -37.06461, 0.000289044, 0.0009717839
  -37.06461, 1.5624e-05, 0.0009717839
  -37.06461, 0.000347634, 0.0009717839
  -37.06461, 0.000343728, 0.0009717839
  -37.058155, 0.000621054, 0.00097197752
  -37.058155, 0.000222642, 0.00097197752
  -37.0517, 0.00056637, 0.00097217114
  -37.0517, 0.001371006, 0.00097217114
  -37.0517, 6.2496e-05, 0.00097217114
  -37.045245, 0.000714798, 0.00097236476
  -37.03879, 0.000367164, 0.00097255837
  -37.03879, 0.00042966, 0.00097255837
  -37.03879, 3.5154e-05, 0.00097255837
  -37.032335, 0.00041013, 0.00097275199
  -37.032335, 0.000445284, 0.00097275199
  -37.02588, 0.000281232, 0.00097294561
  -37.02588, 0.000519498, 0.00097294561
  -37.019425, 0.001980342, 0.00097313922
  -37.019425, 0.000636678, 0.00097313922
  -37.01297, 0.00265608, 0.00097333284
  -37.006515, 0.014436576, 0.00097352646
  -37.00006, 7.812e-05, 0.00097372008
  -36.993605, 0.00052731, 0.00097391369
  -36.98715, 0.000503874, 0.00097410731
  -36.980695, 0.000660114, 0.00097430093
  -36.980695, 3.5154e-05, 0.00097430093
  -36.97424, 0.000335916, 0.00097449455
  -36.967785, 0.001324134, 0.00097468816
  -36.96133, 9.765e-05, 0.00097488178
  -36.94842, 0.000609336, 0.00097526901
  -36.93551, 4.2966e-05, 0.00097565625
  -36.9226, 0.00041013, 0.00097604348
  -36.90969, 0.00011718, 0.00097643072
  -36.90969, 8.2026e-05, 0.00097643072
  -36.89678, 0.000503874, 0.00097681795
  -36.890325, 0.001343664, 0.00097701157
  -36.88387, 0.000621054, 0.00097720519
  -36.877415, 0.000109368, 0.0009773988
  -36.83223, 0.00013671, 0.00097875412
  -36.80641, -8.2026e-05, 0.00097952859
  -36.799955, 0.000160146, 0.00097972221
  -36.7935, 0.005808222, 0.00097991583
  -36.761225, 0.000199206, 0.00098088391
  -36.75477, -7.812e-06, 0.00098107753
  -36.735405, 0.000249984, 0.00098165838
  -36.709585, 0.00031248, 0.00098243285
  -36.709585, 1.1718e-05, 0.00098243285
  -36.69022, 0.001121022, 0.0009830137
  -36.69022, 0.000398412, 0.0009830137
  -36.67731, 4.2966e-05, 0.00098340094
  -36.6644, 0.000484344, 0.00098378817
  -36.65149, 0.001480374, 0.00098417541
  -36.65149, 0.000589806, 0.00098417541
  -36.63858, 0.00035154, 0.00098456264
  -36.63858, 5.4684e-05, 0.00098456264
  -36.619215, -4.2966e-05, 0.00098514349
  -36.606305, -1.1718e-05, 0.00098553073
  -36.606305, 6.6402e-05, 0.00098553073
  -36.593395, 0.000183582, 0.00098591796
  -36.593395, 0, 0.00098591796
  -36.58694, 0.000515592, 0.00098611158
  -36.580485, 9.3744e-05, 0.0009863052
  -36.567575, 0.011214126, 0.00098669243
  -36.56112, 3.1248e-05, 0.00098688605
  -36.54821, 1.1718e-05, 0.00098727328
  -36.5353, 0.000113274, 0.00098766052
  -36.515935, 3.1248e-05, 0.00098824137
  -36.515935, 5.0778e-05, 0.00098824137
  -36.50948, 3.1248e-05, 0.00098843499
  -36.503025, 0.00013671, 0.00098862861
  -36.49657, 0.010264968, 0.00098882222
  -36.477205, 0.000164052, 0.00098940307
  -36.47075, 3.906e-05, 0.00098959669
  -36.45784, 5.859e-05, 0.00098998393
  -36.451385, 5.859e-05, 0.00099017754
  -36.451385, 0.010167318, 0.00099017754
  -36.438475, 0.000203112, 0.00099056478
  -36.438475, 5.859e-05, 0.00099056478
  -36.425565, 0.000257796, 0.00099095201
  -36.41911, 7.812e-05, 0.00099114563
  -36.4062, 6.6402e-05, 0.00099153286
  -36.399745, 0.00031248, 0.00099172648
  -36.399745, 6.2496e-05, 0.00099172648
  -36.38038, 9.765e-05, 0.00099230733
  -36.38038, 0.000398412, 0.00099230733
  -36.373925, 8.2026e-05, 0.00099250095
  -36.361015, 0.008116668, 0.00099288819
  -36.361015, 8.9838e-05, 0.00099288819
  -36.361015, 0.000480438, 0.00099288819
  -36.348105, 0.014792022, 0.00099327542
  -36.348105, 0.000964782, 0.00099327542
  -36.34165, 0.000581994, 0.00099346904
  -36.34165, 0.000109368, 0.00099346904
  -36.335195, 0.00011718, 0.00099366265
  -36.309375, 9.765e-05, 0.00099443712
  -36.296465, 0.000140616, 0.00099482436
  -36.29001, 0.000128898, 0.00099501798
  -36.270645, 0.000179676, 0.00099559883
  -36.26419, 0.000238266, 0.00099579244
  -36.257735, 0.000101556, 0.00099598606
  -36.257735, 0.00015624, 0.00099598606
  -36.23837, 0.000296856, 0.00099656691
  -36.23837, 0.000128898, 0.00099656691
  -36.22546, 0.000367164, 0.00099695415
  -36.219005, 0.000183582, 0.00099714777
  -36.206095, 0.000164052, 0.000997535
  -36.19964, 0.0007812, 0.00099772862
  -36.193185, 0.00044919, 0.00099792223
  -36.18673, 0.00023436, 0.00099811585
  -36.18673, 0.0054684, 0.00099811585
  -36.180275, 0.00054684, 0.00099830947
  -36.167365, 0.0001953, 0.0009986967
  -36.167365, 0.000289044, 0.0009986967
  -36.16091, -4.2966e-05, 0.00099889032
  -36.141545, 0.000347634, 0.00099947117
  -36.13509, 0.000218736, 0.00099966479
  -36.115725, 7.812e-06, 0.0010002456
  -36.089905, 0.000261702, 0.0010010201
  -36.089905, 0.000531216, 0.0010010201
  -36.08345, 0.000433566, 0.0010012137
  -36.07054, 0.000246078, 0.001001601
  -36.07054, 0.00304668, 0.001001601
  -36.07054, 0.000640584, 0.001001601
  -36.064085, 2.3436e-05, 0.0010017946
  -36.064085, 0.000316386, 0.0010017946
  -36.051175, 0.005308254, 0.0010021818
  -36.038265, 2.7342e-05, 0.001002569
  -36.025355, 0.000374976, 0.0010029563
  -36.0189, 4.6872e-05, 0.0010031499
  -36.012445, 0.000378882, 0.0010033435
  -35.99308, 0.00070308, 0.0010039244
  -35.986625, 5.4684e-05, 0.001004118
  -35.986625, 0.000457002, 0.001004118
  -35.98017, 0.00056637, 0.0010043116
  -35.96726, -7.812e-06, 0.0010046988
  -35.960805, 5.859e-05, 0.0010048925
  -35.934985, 5.859e-05, 0.0010056669
  -35.92853, 0.008511174, 0.0010058605
  -35.922075, 6.2496e-05, 0.0010060542
  -35.909165, 1.953e-05, 0.0010064414
  -35.896255, 8.2026e-05, 0.0010068286
  -35.8898, 0.00732375, 0.0010070222
  -35.87689, 5.4684e-05, 0.0010074095
  -35.87689, 8.5932e-05, 0.0010074095
  -35.86398, 9.765e-05, 0.0010077967
  -35.857525, 0.000101556, 0.0010079903
  -35.83816, 7.4214e-05, 0.0010085712
  -35.81234, 0.000121086, 0.0010093457
  -35.805885, 0.000101556, 0.0010095393
  -35.792975, 8.9838e-05, 0.0010099265
  -35.77361, 0.000148428, 0.0010105074
  -35.7607, 0.000109368, 0.0010108946
  -35.7607, 0.000121086, 0.0010108946
  -35.741335, 0.000167958, 0.0010114754
  -35.73488, 0.000179676, 0.0010116691
  -35.72197, 0.001812384, 0.0010120563
  -35.715515, 0.000230454, 0.0010122499
  -35.715515, 0.00013671, 0.0010122499
  -35.715515, 0.0001953, 0.0010122499
  -35.68324, 0.000160146, 0.001013218
  -35.67033, 0.000281232, 0.0010136052
  -35.67033, -1.953e-05, 0.0010136052
  -35.663875, 0.000218736, 0.0010137989
  -35.65742, 0.000179676, 0.0010139925
  -35.650965, 0.000347634, 0.0010141861
  -35.64451, 0.000425754, 0.0010143797
  -35.64451, 0.000269514, 0.0010143797
  -35.625145, 0.007667478, 0.0010149606
  -35.625145, 0.000210924, 0.0010149606
  -35.625145, 2.3436e-05, 0.0010149606
  -35.625145, 0.000523404, 0.0010149606
  -35.61869, 0.003042774, 0.0010151542
  -35.612235, 0.000316386, 0.0010153478
  -35.599325, 0.000640584, 0.001015735
  -35.599325, 0.016260678, 0.001015735
  -35.59287, 0.000257796, 0.0010159286
  -35.586415, 5.4684e-05, 0.0010161223
  -35.57996, 0.00037107, 0.0010163159
  -35.573505, 0.000570276, 0.0010165095
  -35.560595, 0.00046872, 0.0010168967
  -35.560595, 0.000308574, 0.0010168967
  -35.54123, -6.6402e-05, 0.0010174776
  -35.54123, 0.000699174, 0.0010174776
  -35.534775, 0.000382788, 0.0010176712
  -35.534775, 0.004671576, 0.0010176712
  -35.52832, 7.812e-05, 0.0010178648
  -35.52832, 0.000472626, 0.0010178648
  -35.521865, 0.000574182, 0.0010180584
  -35.5025, 8.9838e-05, 0.0010186393
  -35.5025, 0.000699174, 0.0010186393
  -35.5025, 0.00662067, 0.0010186393
  -35.483135, -1.953e-05, 0.0010192201
  -35.444405, 9.3744e-05, 0.0010203818
  -35.431495, 7.812e-06, 0.0010207691
  -35.41213, 0.011643786, 0.0010213499
  -35.405675, 0.000113274, 0.0010215435
  -35.392765, 3.5154e-05, 0.0010219308
  -35.3734, 0.000140616, 0.0010225116
  -35.328215, 0.000160146, 0.0010238669
  -35.328215, 0.000261702, 0.0010238669
  -35.328215, 3.1248e-05, 0.0010238669
  -35.315305, 0.000187488, 0.0010242542
  -35.30885, 0.00023436, 0.0010244478
  -35.289485, 3.5154e-05, 0.0010250287
  -35.276575, 6.6402e-05, 0.0010254159
  -35.27012, 0.000289044, 0.0010256095
  -35.2443, 9.3744e-05, 0.001026384
  -35.2443, 0.000343728, 0.001026384
  -35.21848, 0.000421848, 0.0010271584
  -35.212025, 0.000113274, 0.0010273521
  -35.199115, 0.000511686, 0.0010277393
  -35.19266, 0.00183582, 0.0010279329
  -35.186205, 0.00062496, 0.0010281265
  -35.17975, 0.000140616, 0.0010283201
  -35.134565, 0.000167958, 0.0010296755
  -35.1152, 0.00021483, 0.0010302563
  -35.108745, 0.00027342, 0.0010304499
  -35.05065, 0.000335916, 0.0010321925
  -35.03774, 0.000406224, 0.0010325797
  -35.031285, 0.000367164, 0.0010327733
  -35.02483, 0.000492156, 0.001032967
  -35.018375, 0.002699046, 0.0010331606
  -35.01192, 0.000609336, 0.0010333542
  -34.992555, 7.812e-06, 0.001033935
  -34.979645, 0.00246078, 0.0010343223
  -34.966735, -3.906e-06, 0.0010347095
  -34.96028, -3.1248e-05, 0.0010349031
  -34.953825, 2.3436e-05, 0.0010350968
  -34.92155, 1.1718e-05, 0.0010360648
  -34.915095, 1.1718e-05, 0.0010362585
  -34.90864, 0.0074214, 0.0010364521
  -34.902185, 0.013909266, 0.0010366457
  -34.902185, 4.6872e-05, 0.0010366457
  -34.89573, 0.009284562, 0.0010368393
  -34.889275, 7.0308e-05, 0.0010370329
  -34.88282, -7.812e-06, 0.0010372265
  -34.88282, 0.005144202, 0.0010372265
  -34.88282, 3.906e-05, 0.0010372265
  -34.863455, 7.4214e-05, 0.0010378074
  -34.857, 3.5154e-05, 0.001038001
  -34.837635, 3.906e-05, 0.0010385819
  -34.824725, 5.4684e-05, 0.0010389691
  -34.81827, 5.0778e-05, 0.0010391627
  -34.80536, 7.4214e-05, 0.0010395499
  -34.77954, 5.859e-05, 0.0010403244
  -34.76663, 6.2496e-05, 0.0010407117
  -34.76663, 6.6402e-05, 0.0010407117
  -34.76663, 9.765e-05, 0.0010407117
  -34.760175, 0.000128898, 0.0010409053
  -34.74081, 8.2026e-05, 0.0010414861
  -34.74081, 7.4214e-05, 0.0010414861
  -34.734355, 7.4214e-05, 0.0010416797
  -34.7279, 0.000148428, 0.0010418734
  -34.70208, 0.000171864, 0.0010426478
  -34.695625, 8.9838e-05, 0.0010428414
  -34.68917, 8.5932e-05, 0.0010430351
  -34.682715, 0.00021483, 0.0010432287
  -34.67626, 8.2026e-05, 0.0010434223
  -34.669805, 0.010206378, 0.0010436159
  -34.66335, 0.000265608, 0.0010438095
  -34.66335, 0.00011718, 0.0010438095
  -34.63753, 8.5932e-05, 0.001044584
  -34.63753, 0.000113274, 0.001044584
  -34.63753, 0.000324198, 0.001044584
  -34.62462, 0.001253826, 0.0010449712
  -34.62462, 0.000406224, 0.0010449712
  -34.62462, 0.00011718, 0.0010449712
  -34.618165, 0.000132804, 0.0010451648
  -34.61171, 0.000140616, 0.0010453585
  -34.61171, 0.00048825, 0.0010453585
  -34.605255, 0.000597618, 0.0010455521
  -34.592345, 0.000164052, 0.0010459393
  -34.58589, 0.000148428, 0.0010461329
  -34.566525, 0.000152334, 0.0010467138
  -34.54716, 0.000199206, 0.0010472946
  -34.53425, -2.7342e-05, 0.0010476819
  -34.53425, 0.000160146, 0.0010476819
  -34.52134, 0.000183582, 0.0010480691
  -34.52134, 0.004753602, 0.0010480691
  -34.514885, 0.000249984, 0.0010482627
  -34.50843, 0.000222642, 0.0010484563
  -34.501975, 5.859e-05, 0.00104865
  -34.49552, 0.00031248, 0.0010488436
  -34.489065, 0.000281232, 0.0010490372
  -34.489065, 0.000187488, 0.0010490372
  -34.476155, 0.000367164, 0.0010494244
  -34.4697, 0.007503426, 0.001049618
  -34.463245, 0.005296536, 0.0010498117
  -34.463245, 0.000230454, 0.0010498117
  -34.463245, -3.5154e-05, 0.0010498117
  -34.463245, 0.000347634, 0.0010498117
  -34.463245, 0.004652046, 0.0010498117
  -34.450335, 0.000457002, 0.0010501989
  -34.44388, 0.000414036, 0.0010503925
  -34.437425, 6.2496e-05, 0.0010505861
  -34.424515, 0.00027342, 0.0010509734
  -34.424515, 0.000550746, 0.0010509734
  -34.424515, 0.00050778, 0.0010509734
  -34.411605, 0.000621054, 0.0010513606
  -34.411605, 0.000335916, 0.0010513606
  -34.40515, 3.5154e-05, 0.0010515542
  -34.398695, 0.001765512, 0.0010517478
  -34.398695, 0.00066402, 0.0010517478
  -34.39224, 7.812e-05, 0.0010519415
  -34.37933, 0.000402318, 0.0010523287
  -34.36642, 0.000492156, 0.0010527159
  -34.359965, 0.01388583, 0.0010529095
  -34.359965, 0.000804636, 0.0010529095
  -34.35351, 8.9838e-05, 0.0010531032
  -34.35351, 0.000601524, 0.0010531032
  -34.347055, 5.0778e-05, 0.0010532968
  -34.31478, 9.3744e-05, 0.0010542649
  -34.308325, 8.2026e-05, 0.0010544585
  -34.269595, 9.765e-05, 0.0010556202
  -34.26314, 0.00011718, 0.0010558138
  -34.25023, 0.000105462, 0.001056201
  -34.23732, 0.000144522, 0.0010565883
  -34.2115, 0.00011718, 0.0010573627
  -34.192135, 0.000160146, 0.0010579436
  -34.166315, 0.000187488, 0.0010587181
  -34.14695, 0.000140616, 0.0010592989
  -34.140495, -1.1718e-05, 0.0010594925
  -34.127585, 0.00865179, 0.0010598798
  -34.114675, 0.000226548, 0.001060267
  -34.10822, 0.000171864, 0.0010604606
  -34.101765, 0.000210924, 0.0010606542
  -34.088855, 0.00027342, 0.0010610415
  -34.0824, 0.000238266, 0.0010612351
  -34.075945, 2.3436e-05, 0.0010614287
  -34.075945, 0.00677691, 0.0010614287
  -34.075945, 0.004929372, 0.0010614287
  -34.075945, 0.000343728, 0.0010614287
  -34.075945, -5.859e-05, 0.0010614287
  -34.063035, 0.000414036, 0.0010618159
  -34.05658, 0.000281232, 0.0010620096
  -34.050125, 5.859e-05, 0.0010622032
  -34.024305, 0.0015624, 0.0010629776
  -34.024305, 1.1718e-05, 0.0010629776
  -34.024305, 0.000496062, 0.0010629776
  -34.01785, 9.765e-05, 0.0010631713
  -34.01785, 0.000343728, 0.0010631713
  -34.01785, 0.000609336, 0.0010631713
  -33.985575, 0.000417942, 0.0010641393
  -33.97912, 0.000503874, 0.001064333
  -33.972665, 0.011979702, 0.0010645266
  -33.972665, 2.7342e-05, 0.0010645266
  -33.96621, 0.000105462, 0.0010647202
  -33.959755, 0.000984312, 0.0010649138
  -33.9533, 0.000617148, 0.0010651074
  -33.946845, 5.0778e-05, 0.001065301
  -33.92748, 0.000105462, 0.0010658819
  -33.92748, 6.6402e-05, 0.0010658819
  -33.90166, 0.000124992, 0.0010666564
  -33.882295, 0.000191394, 0.0010672372
  -33.869385, 7.0308e-05, 0.0010676245
  -33.856475, 0.000148428, 0.0010680117
  -33.85002, 0.000187488, 0.0010682053
  -33.83711, 8.5932e-05, 0.0010685925
  -33.83711, 0.00021483, 0.0010685925
  -33.83711, 0, 0.0010685925
  -33.804835, 0.000109368, 0.0010695606
  -33.79838, 3.5154e-05, 0.0010697542
  -33.791925, 0.000249984, 0.0010699479
  -33.77256, 0.000296856, 0.0010705287
  -33.75965, 6.6402e-05, 0.0010709159
  -33.74674, 0.000128898, 0.0010713032
  -33.740285, 0.011694564, 0.0010714968
  -33.73383, 0.000355446, 0.0010716904
  -33.727375, 0.000433566, 0.001071884
  -33.72092, 0.000160146, 0.0010720776
  -33.714465, 0.000531216, 0.0010722713
  -33.70801, 0.00064449, 0.0010724649
  -33.70801, 7.812e-05, 0.0010724649
  -33.701555, 0.001238202, 0.0010726585
  -33.701555, 9.3744e-05, 0.0010726585
  -33.701555, 0.000199206, 0.0010726585
  -33.6951, 0.006167574, 0.0010728521
  -33.688645, 0.000249984, 0.0010730457
  -33.68219, 0.009436896, 0.0010732394
  -33.65637, 0.000109368, 0.0010740138
  -33.64346, 0.000304668, 0.0010744011
  -33.624095, 0.000140616, 0.0010749819
  -33.624095, 0.000374976, 0.0010749819
  -33.60473, 0.000718704, 0.0010755628
  -33.60473, 4.6872e-05, 0.0010755628
  -33.598275, 0.000558558, 0.0010757564
  -33.59182, 0.00029295, 0.00107595
  -33.59182, 0.000457002, 0.00107595
  -33.585365, 0.000171864, 0.0010761436
  -33.55309, 0.000191394, 0.0010771117
  -33.546635, 0.000226548, 0.0010773053
  -33.533725, 0.000285138, 0.0010776926
  -33.52727, -1.5624e-05, 0.0010778862
  -33.50145, 0.0093744, 0.0010786606
  -33.494995, 0.00033201, 0.0010788543
  -33.47563, 0.00041013, 0.0010794351
  -33.47563, -3.906e-05, 0.0010794351
  -33.46272, 3.906e-06, 0.0010798223
  -33.456265, 0.008522892, 0.001080016
  -33.456265, 0.000499968, 0.001080016
  -33.456265, 0.000601524, 0.001080016
  -33.44981, 0.001011654, 0.0010802096
  -33.430445, 2.3436e-05, 0.0010807904
  -33.417535, 3.1248e-05, 0.0010811777
  -33.378805, 4.6872e-05, 0.0010823394
  -33.365895, 3.5154e-05, 0.0010827266
  -33.35944, 6.2496e-05, 0.0010829202
  -33.32071, 5.4684e-05, 0.0010840819
  -33.3078, 7.0308e-05, 0.0010844692
  -33.26907, 6.6402e-05, 0.0010856309
  -33.24325, 8.9838e-05, 0.0010864053
  -33.223885, 7.0308e-05, 0.0010869862
  -33.210975, 0.00011718, 0.0010873734
  -33.185155, 0.000152334, 0.0010881479
  -33.1787, 8.5932e-05, 0.0010883415
  -33.16579, 0.0001953, 0.0010887287
  -33.13997, 0.007507332, 0.0010895032
  -33.13997, 0.000109368, 0.0010895032
  -33.12706, 0.000242172, 0.0010898904
  -33.10124, 0.000296856, 0.0010906649
  -33.081875, 0.000128898, 0.0010912458
  -33.07542, 0.00037107, 0.0010914394
  -33.0496, 0.00015624, 0.0010922138
  -33.03669, 0.000699174, 0.0010926011
  -33.03669, -3.906e-05, 0.0010926011
  -33.02378, 0.000445284, 0.0010929883
  -33.02378, 0.00054684, 0.0010929883
  -33.004415, 0.009030672, 0.0010935692
  -33.004415, 0.0001953, 0.0010935692
  -32.991505, 0.00736281, 0.0010939564
  -32.98505, 0.000249984, 0.00109415
  -32.965685, 1.5624e-05, 0.0010947309
  -32.95923, 0.00031248, 0.0010949245
  -32.93341, 3.5154e-05, 0.001095699
  -32.9205, 0.000386694, 0.0010960862
  -32.90759, 0.000476532, 0.0010964734
  -32.901135, 0.000570276, 0.001096667
  -32.89468, 0.000734328, 0.0010968607
  -32.86886, 4.6872e-05, 0.0010976351
  -32.84304, 5.859e-05, 0.0010984096
  -32.80431, 6.2496e-05, 0.0010995713
  -32.76558, 0.014128002, 0.001100733
  -32.75267, 8.9838e-05, 0.0011011202
  -32.71394, 0.000113274, 0.0011022819
  -32.681665, 0.000144522, 0.00110325
  -32.655845, 0.000179676, 0.0011040245
  -32.62357, 0.00021483, 0.0011049926
  -32.62357, 0.00017577, 0.0011049926
  -32.591295, 0.000265608, 0.0011059607
  -32.57193, 2.7342e-05, 0.0011065415
  -32.552565, 0.000324198, 0.0011071224
  -32.526745, 0.00041013, 0.0011078968
  -32.52029, 4.6872e-05, 0.0011080905
  -32.500925, 0.000492156, 0.0011086713
  -32.49447, 0.012229686, 0.0011088649
  -32.475105, 0.000601524, 0.0011094458
  -32.46865, 0.001070244, 0.0011096394
  -32.462195, 5.0778e-05, 0.001109833
  -32.42992, 7.4214e-05, 0.0011108011
  -32.4041, 8.2026e-05, 0.0011115756
  -32.36537, 9.765e-05, 0.0011127373
  -32.333095, 0.012881988, 0.0011137054
  -32.320185, 0.000121086, 0.0011140926
  -32.275, 0.000152334, 0.0011154479
  -32.268545, 0.001765512, 0.0011156415
  -32.255635, 0.00017577, 0.0011160288
  -32.216905, -7.812e-06, 0.0011171905
  -32.19754, 0.000207018, 0.0011177713
  -32.18463, 0.000257796, 0.0011181586
  -32.165265, 0.000324198, 0.0011187394
  -32.165265, 2.3436e-05, 0.0011187394
  -32.126535, 0.000398412, 0.0011199011
  -32.113625, 0.00060543, 0.0011202883
  -32.10717, 0.000960876, 0.001120482
  -32.10717, 0.00048825, 0.001120482
  -32.100715, 4.2966e-05, 0.0011206756
  -32.087805, 6.6402e-05, 0.0011210628
  -32.010345, 6.2496e-05, 0.0011233862
  -31.984525, 7.4214e-05, 0.0011241607
  -31.945795, 0.000105462, 0.0011253224
  -31.907065, 0.000328104, 0.0011264841
  -31.90061, 0.000132804, 0.0011266777
  -31.894155, 0.016784082, 0.0011268713
  -31.855425, 0.000160146, 0.001128033
  -31.842515, 0.008675226, 0.0011284203
  -31.842515, 0.0001953, 0.0011284203
  -31.816695, 0.000242172, 0.0011291947
  -31.81024, 0.000300762, 0.0011293884
  -31.777965, 0.000374976, 0.0011303564
  -31.752145, 0.000460908, 0.0011311309
  -31.726325, 0.000570276, 0.0011319054
  -31.71987, 0.000714798, 0.001132099
  -31.71987, 0.003741948, 0.001132099
  -31.687595, -1.5624e-05, 0.0011330671
  -31.6295, 7.812e-06, 0.0011348096
  -31.60368, 3.5154e-05, 0.0011355841
  -31.571405, 5.859e-05, 0.0011365522
  -31.532675, 6.2496e-05, 0.0011377139
  -31.46167, 6.2496e-05, 0.0011398437
  -31.429395, 9.765e-05, 0.0011408118
  -31.42294, 0.000124992, 0.0011410054
  -31.403575, 0.000152334, 0.0011415862
  -31.34548, 0.000179676, 0.0011433288
  -31.33257, 0.000230454, 0.001143716
  -31.31966, 0.000285138, 0.0011441033
  -31.28093, 0.000347634, 0.001145265
  -31.274475, 0.015108408, 0.0011454586
  -31.26802, 0.005581674, 0.0011456522
  -31.25511, -2.7342e-05, 0.0011460394
  -31.25511, 0.005124672, 0.0011460394
  -31.248655, 0.000539028, 0.0011462331
  -31.2422, 0.000433566, 0.0011464267
  -31.22929, 1.1718e-05, 0.0011468139
  -31.22929, 0.000660114, 0.0011468139
  -31.184105, 2.7342e-05, 0.0011481692
  -31.13892, 4.2966e-05, 0.0011495246
  -31.106645, 5.859e-05, 0.0011504926
  -31.067915, 7.0308e-05, 0.0011516543
  -31.029185, 9.3744e-05, 0.0011528161
  -31.003365, 0.000121086, 0.0011535905
  -30.95818, 0.00013671, 0.0011549458
  -30.925905, 0.000167958, 0.0011559139
  -30.91945, 0.000218736, 0.0011561075
  -30.89363, 0.000277326, 0.001156882
  -30.848445, 0.00033201, 0.0011582373
  -30.84199, 0.002410002, 0.001158431
  -30.835535, 3.906e-05, 0.0011586246
  -30.835535, 0.000636678, 0.0011586246
  -30.835535, 0.000519498, 0.0011586246
  -30.835535, 0.000414036, 0.0011586246
  -30.770985, 1.953e-05, 0.0011605607
  -30.745165, 0.013815522, 0.0011613352
  -30.73871, 3.906e-05, 0.0011615288
  -30.71289, 0.013862394, 0.0011623033
  -30.68707, 6.6402e-05, 0.0011630778
  -30.654795, 7.812e-05, 0.0011640459
  -30.628975, 8.2026e-05, 0.0011648203
  -30.603155, 9.765e-05, 0.0011655948
  -30.551515, 0.000128898, 0.0011671437
  -30.538605, 0.000160146, 0.001167531
  -30.49342, 0.000179676, 0.0011688863
  -30.474055, 0.000218736, 0.0011694671
  -30.448235, 0.00027342, 0.0011702416
  -30.44178, 0.00033201, 0.0011704352
  -30.41596, 0.000417942, 0.0011712097
  -30.409505, 0.00150381, 0.0011714033
  -30.40305, 0.000515592, 0.0011715969
  -30.39014, 0.000621054, 0.0011719842
  -30.0803, 0.000437472, 0.0011812778
  -30.05448, 0.000402318, 0.0011820523
  -30.009295, 2.3436e-05, 0.0011834076

Analysis metadata
  Created at:              2026-06-10T17:39:39
  Probe configuration:     single
  Fit procedure:           Four-parameter SLP fit
