Single Langmuir probe analysis: 2026_05_14_SLP_ACQ10
====================================================
Samples available:         11288
Samples fitted:            3743
Voltage range:             -98.21 to 15.39 V
Current range:             -7.0154e-04 to 5.6406e-03 A

Fit model
  I = Is * (1 + R * (V - Vf)) * (exp((V - Vf) / Te) - 1)

Plasma parameters
  Electron temperature Te: 4.5331 eV
  Electron density n:      7.816171e+16 m^-3
  Ion saturation Is:       1.312335e-04 A
  Floating potential Vf:   -27.6706 V
  Plasma potential Vp:     -9.39471 V
  R correction:            -0.0131223

Derived quantities
  Probe area:              2.010000e-06 m^2
  Ion mass:                4 amu
  Sound speed:             1.042720e+04 m/s
  Alpha:                   4.03165

Fit quality
  R-squared:               0.989091

Fit data
  voltage_V, current_A, fitted_current_A
  -98.212825, -0.0002403558, -0.0002527135
  -98.20637, -0.000241153, -0.00025270239
  -98.20637, -0.0002798172, -0.00025270239
  -98.20637, -0.0002367684, -0.00025270239
  -98.20637, -0.0002387614, -0.00025270239
  -98.20637, -0.0002399572, -0.00025270239
  -98.20637, -0.0002363698, -0.00025270239
  -98.20637, -0.0002447404, -0.00025270239
  -98.20637, -0.0002419502, -0.00025270239
  -98.20637, -0.0002455376, -0.00025270239
  -98.20637, -0.0002455376, -0.00025270239
  -98.20637, -0.0002347754, -0.00025270239
  -98.20637, -0.0002543068, -0.00025270239
  -98.20637, -0.0002614816, -0.00025270239
  -98.20637, -0.0002499222, -0.00025270239
  -98.20637, -0.0002435446, -0.00025270239
  -98.199915, -0.0002407544, -0.00025269127
  -98.199915, -0.000235174, -0.00025269127
  -98.199915, -0.0002395586, -0.00025269127
  -98.199915, -0.0002447404, -0.00025269127
  -98.199915, -0.0002427474, -0.00025269127
  -98.199915, -0.0002339782, -0.00025269127
  -98.199915, -0.0002216216, -0.00025269127
  -98.199915, -0.000241153, -0.00025269127
  -98.199915, -0.0002483278, -0.00025269127
  -98.199915, -0.00023916, -0.00025269127
  -98.199915, -0.0002515166, -0.00025269127
  -98.199915, -0.0002323838, -0.00025269127
  -98.199915, -0.0002463348, -0.00025269127
  -98.199915, -0.0002826074, -0.00025269127
  -98.199915, -0.0002427474, -0.00025269127
  -98.199915, -0.0002499222, -0.00025269127
  -98.199915, -0.0002375656, -0.00025269127
  -98.199915, -0.0002594886, -0.00025269127
  -98.199915, -0.0002335796, -0.00025269127
  -98.199915, -0.000229195, -0.00025269127
  -98.199915, -0.0002654676, -0.00025269127
  -98.199915, -0.0002427474, -0.00025269127
  -98.199915, -0.0002582928, -0.00025269127
  -98.199915, -0.000257097, -0.00025269127
  -98.199915, -0.0002379642, -0.00025269127
  -98.199915, -0.0002459362, -0.00025269127
  -98.199915, -0.0002499222, -0.00025269127
  -98.199915, -0.000249125, -0.00025269127
  -98.199915, -0.0002419502, -0.00025269127
  -98.199915, -0.000247132, -0.00025269127
  -98.199915, -0.0002586914, -0.00025269127
  -98.199915, -0.0002447404, -0.00025269127
  -98.19346, -0.0002427474, -0.00025268015
  -98.19346, -0.0002315866, -0.00025268015
  -98.19346, -0.0002467334, -0.00025268015
  -98.19346, -0.000243146, -0.00025268015
  -98.19346, -0.0002519152, -0.00025268015
  -98.19346, -0.0002483278, -0.00025268015
  -98.19346, -0.0002455376, -0.00025268015
  -98.19346, -0.0002479292, -0.00025268015
  -98.19346, -0.0002375656, -0.00025268015
  -98.19346, -0.000251118, -0.00025268015
  -98.19346, -0.0002387614, -0.00025268015
  -98.19346, -0.0002562998, -0.00025268015
  -98.19346, -0.0002427474, -0.00025268015
  -98.19346, -0.000257097, -0.00025268015
  -98.19346, -0.0002666634, -0.00025268015
  -98.19346, -0.0002562998, -0.00025268015
  -98.19346, -0.000255104, -0.00025268015
  -98.19346, -0.0002535096, -0.00025268015
  -98.19346, -0.0002379642, -0.00025268015
  -98.19346, -0.0002535096, -0.00025268015
  -98.19346, -0.0002387614, -0.00025268015
  -98.19346, -0.000241153, -0.00025268015
  -98.19346, -0.0002276006, -0.00025268015
  -98.19346, -0.000245139, -0.00025268015
  -98.19346, -0.0002467334, -0.00025268015
  -98.19346, -0.0002499222, -0.00025268015
  -98.19346, -0.0002483278, -0.00025268015
  -98.19346, -0.0002622788, -0.00025268015
  -98.19346, -0.000245139, -0.00025268015
  -98.19346, -0.0002678592, -0.00025268015
  -98.19346, -0.0002602858, -0.00025268015
  -98.19346, -0.0002507194, -0.00025268015
  -98.19346, -0.0002443418, -0.00025268015
  -98.19346, -0.0002527124, -0.00025268015
  -98.19346, -0.0002463348, -0.00025268015
  -98.19346, -0.0002507194, -0.00025268015
  -98.19346, -0.0002303908, -0.00025268015
  -98.19346, -0.0002547054, -0.00025268015
  -98.19346, -0.0002244118, -0.00025268015
  -98.19346, -0.0002447404, -0.00025268015
  -98.19346, -0.0002399572, -0.00025268015
  -98.19346, -0.0002419502, -0.00025268015
  -98.19346, -0.0002503208, -0.00025268015
  -98.19346, -0.000255104, -0.00025268015
  -98.19346, -0.0002479292, -0.00025268015
  -98.187005, -0.0002295936, -0.00025266904
  -98.187005, -0.0002455376, -0.00025266904
  -98.187005, -0.0002495236, -0.00025266904
  -98.187005, -0.0002475306, -0.00025266904
  -98.187005, -0.0002475306, -0.00025266904
  -98.187005, -0.0002323838, -0.00025266904
  -98.187005, -0.0002555026, -0.00025266904
  -98.187005, -0.000275034, -0.00025266904
  -98.187005, -0.0002419502, -0.00025266904
  -98.187005, -0.0002499222, -0.00025266904
  -98.187005, -0.0002307894, -0.00025266904
  -98.187005, -0.0002335796, -0.00025266904
  -98.187005, -0.0002519152, -0.00025266904
  -98.187005, -0.0002718452, -0.00025266904
  -98.187005, -0.0002638732, -0.00025266904
  -98.187005, -0.0002547054, -0.00025266904
  -98.187005, -0.0002467334, -0.00025266904
  -98.187005, -0.0002467334, -0.00025266904
  -98.187005, -0.0002423488, -0.00025266904
  -98.187005, -0.0002519152, -0.00025266904
  -98.187005, -0.000247132, -0.00025266904
  -98.187005, -0.0002475306, -0.00025266904
  -98.187005, -0.0002407544, -0.00025266904
  -98.187005, -0.0002479292, -0.00025266904
  -98.187005, -0.0002555026, -0.00025266904
  -98.187005, -0.0002359712, -0.00025266904
  -98.187005, -0.0002574956, -0.00025266904
  -98.187005, -0.0002507194, -0.00025266904
  -98.187005, -0.0002447404, -0.00025266904
  -98.187005, -0.0002483278, -0.00025266904
  -98.187005, -0.000249125, -0.00025266904
  -98.187005, -0.0002662648, -0.00025266904
  -98.187005, -0.0002543068, -0.00025266904
  -98.187005, -0.0002283978, -0.00025266904
  -98.187005, -0.0002562998, -0.00025266904
  -98.187005, -0.0002586914, -0.00025266904
  -98.187005, -0.0002475306, -0.00025266904
  -98.187005, -0.0002463348, -0.00025266904
  -98.187005, -0.00023916, -0.00025266904
  -98.187005, -0.0002455376, -0.00025266904
  -98.187005, -0.0002395586, -0.00025266904
  -98.187005, -0.000245139, -0.00025266904
  -98.187005, -0.0002562998, -0.00025266904
  -98.187005, -0.0002638732, -0.00025266904
  -98.187005, -0.000251118, -0.00025266904
  -98.187005, -0.000247132, -0.00025266904
  -98.187005, -0.0002475306, -0.00025266904
  -98.187005, -0.0002467334, -0.00025266904
  -98.18055, -0.0002415516, -0.00025265792
  -98.18055, -0.0002586914, -0.00025265792
  -98.18055, -0.0002562998, -0.00025265792
  -98.18055, -0.000243146, -0.00025265792
  -98.18055, -0.0002539082, -0.00025265792
  -98.18055, -0.0002674606, -0.00025265792
  -98.18055, -0.000237167, -0.00025265792
  -98.18055, -0.000237167, -0.00025265792
  -98.18055, -0.0002475306, -0.00025265792
  -98.18055, -0.0002343768, -0.00025265792
  -98.18055, -0.0002407544, -0.00025265792
  -98.18055, -0.000249125, -0.00025265792
  -98.18055, -0.0002379642, -0.00025265792
  -98.18055, -0.0002662648, -0.00025265792
  -98.18055, -0.0002443418, -0.00025265792
  -98.18055, -0.0002435446, -0.00025265792
  -98.18055, -0.0002566984, -0.00025265792
  -98.18055, -0.0002535096, -0.00025265792
  -98.18055, -0.00025909, -0.00025265792
  -98.18055, -0.0002363698, -0.00025265792
  -98.18055, -0.000247132, -0.00025265792
  -98.18055, -0.0002535096, -0.00025265792
  -98.18055, -0.0002559012, -0.00025265792
  -98.18055, -0.0002327824, -0.00025265792
  -98.18055, -0.0002547054, -0.00025265792
  -98.18055, -0.0002495236, -0.00025265792
  -98.18055, -0.0002523138, -0.00025265792
  -98.18055, -0.000231188, -0.00025265792
  -98.18055, -0.0002355726, -0.00025265792
  -98.18055, -0.0002495236, -0.00025265792
  -98.18055, -0.0002662648, -0.00025265792
  -98.18055, -0.0002626774, -0.00025265792
  -98.18055, -0.0002423488, -0.00025265792
  -98.18055, -0.0002427474, -0.00025265792
  -98.18055, -0.0002598872, -0.00025265792
  -98.18055, -0.0002367684, -0.00025265792
  -98.18055, -0.0002574956, -0.00025265792
  -98.18055, -0.000235174, -0.00025265792
  -98.18055, -0.0002543068, -0.00025265792
  -98.18055, -0.0002487264, -0.00025265792
  -98.18055, -0.0002539082, -0.00025265792
  -98.18055, -0.0002602858, -0.00025265792
  -98.18055, -0.0002499222, -0.00025265792
  -98.18055, -0.0002503208, -0.00025265792
  -98.18055, -0.0002562998, -0.00025265792
  -98.18055, -0.0002507194, -0.00025265792
  -98.18055, -0.0002566984, -0.00025265792
  -98.18055, -0.0002614816, -0.00025265792
  -98.18055, -0.000290978, -0.00025265792
  -98.18055, -0.0002543068, -0.00025265792
  -98.18055, -0.0002343768, -0.00025265792
  -98.18055, -0.0002746354, -0.00025265792
  -98.18055, -0.0002475306, -0.00025265792
  -98.18055, -0.0002479292, -0.00025265792
  -98.18055, -0.0002439432, -0.00025265792
  -98.18055, -0.0002543068, -0.00025265792
  -98.18055, -0.0002559012, -0.00025265792
  -98.174095, -0.0002566984, -0.00025264681
  -98.174095, -0.0002654676, -0.00025264681
  -98.174095, -0.0002535096, -0.00025264681
  -98.174095, -0.0002555026, -0.00025264681
  -98.174095, -0.000269055, -0.00025264681
  -98.174095, -0.0002638732, -0.00025264681
  -98.174095, -0.0002503208, -0.00025264681
  -98.174095, -0.0002523138, -0.00025264681
  -98.174095, -0.0002535096, -0.00025264681
  -98.174095, -0.000257097, -0.00025264681
  -98.174095, -0.0002602858, -0.00025264681
  -98.174095, -0.0002698522, -0.00025264681
  -98.174095, -0.0002427474, -0.00025264681
  -98.174095, -0.0002407544, -0.00025264681
  -98.174095, -0.0002499222, -0.00025264681
  -98.174095, -0.000247132, -0.00025264681
  -98.174095, -0.0002523138, -0.00025264681
  -98.174095, -0.000253111, -0.00025264681
  -98.174095, -0.0002566984, -0.00025264681
  -98.174095, -0.000247132, -0.00025264681
  -98.174095, -0.0002578942, -0.00025264681
  -98.174095, -0.0002447404, -0.00025264681
  -98.174095, -0.0002467334, -0.00025264681
  -98.174095, -0.0002423488, -0.00025264681
  -98.174095, -0.0002582928, -0.00025264681
  -98.174095, -0.0002547054, -0.00025264681
  -98.174095, -0.0002423488, -0.00025264681
  -98.174095, -0.0002642718, -0.00025264681
  -98.174095, -0.0002865934, -0.00025264681
  -98.174095, -0.0002802158, -0.00025264681
  -98.174095, -0.000237167, -0.00025264681
  -98.174095, -0.0002495236, -0.00025264681
  -98.174095, -0.0002543068, -0.00025264681
  -98.174095, -0.0002403558, -0.00025264681
  -98.174095, -0.0002614816, -0.00025264681
  -98.174095, -0.0002495236, -0.00025264681
  -98.174095, -0.000231188, -0.00025264681
  -98.174095, -0.0002383628, -0.00025264681
  -98.174095, -0.0002479292, -0.00025264681
  -98.174095, -0.0002535096, -0.00025264681
  -98.174095, -0.0002622788, -0.00025264681
  -98.174095, -0.0002447404, -0.00025264681
  -98.174095, -0.0002443418, -0.00025264681
  -98.174095, -0.0002439432, -0.00025264681
  -98.174095, -0.000229195, -0.00025264681
  -98.174095, -0.0002447404, -0.00025264681
  -98.174095, -0.0002539082, -0.00025264681
  -98.174095, -0.000257097, -0.00025264681
  -98.174095, -0.0002427474, -0.00025264681
  -98.174095, -0.0002367684, -0.00025264681
  -98.174095, -0.0002483278, -0.00025264681
  -98.174095, -0.0002419502, -0.00025264681
  -98.174095, -0.000249125, -0.00025264681
  -98.174095, -0.0002367684, -0.00025264681
  -98.174095, -0.0002287964, -0.00025264681
  -98.174095, -0.0002395586, -0.00025264681
  -98.16764, -0.0002598872, -0.00025263569
  -98.16764, -0.0002722438, -0.00025263569
  -98.16764, -0.0002622788, -0.00025263569
  -98.16764, -0.000253111, -0.00025263569
  -98.16764, -0.0002539082, -0.00025263569
  -98.16764, -0.0002547054, -0.00025263569
  -98.16764, -0.0002658662, -0.00025263569
  -98.16764, -0.0002578942, -0.00025263569
  -98.16764, -0.0002662648, -0.00025263569
  -98.16764, -0.000269055, -0.00025263569
  -98.16764, -0.0002662648, -0.00025263569
  -98.16764, -0.0002598872, -0.00025263569
  -98.16764, -0.0002455376, -0.00025263569
  -98.16764, -0.0002447404, -0.00025263569
  -98.16764, -0.00023916, -0.00025263569
  -98.16764, -0.000253111, -0.00025263569
  -98.16764, -0.0002539082, -0.00025263569
  -98.16764, -0.0002686564, -0.00025263569
  -98.16764, -0.0002694536, -0.00025263569
  -98.16764, -0.0002539082, -0.00025263569
  -98.16764, -0.0002535096, -0.00025263569
  -98.16764, -0.0002586914, -0.00025263569
  -98.16764, -0.0002626774, -0.00025263569
  -98.16764, -0.0002746354, -0.00025263569
  -98.16764, -0.0002347754, -0.00025263569
  -98.16764, -0.0002646704, -0.00025263569
  -98.16764, -0.0002327824, -0.00025263569
  -98.16764, -0.0002582928, -0.00025263569
  -98.16764, -0.0002463348, -0.00025263569
  -98.16764, -0.0002487264, -0.00025263569
  -98.16764, -0.0002586914, -0.00025263569
  -98.16764, -0.000249125, -0.00025263569
  -98.16764, -0.000275034, -0.00025263569
  -98.16764, -0.0002495236, -0.00025263569
  -98.16764, -0.0002443418, -0.00025263569
  -98.16764, -0.0002499222, -0.00025263569
  -98.16764, -0.0002447404, -0.00025263569
  -98.16764, -0.0002403558, -0.00025263569
  -98.16764, -0.0002666634, -0.00025263569
  -98.16764, -0.0002586914, -0.00025263569
  -98.16764, -0.0002395586, -0.00025263569
  -98.16764, -0.000281013, -0.00025263569
  -98.16764, -0.0002379642, -0.00025263569
  -98.16764, -0.0002562998, -0.00025263569
  -98.16764, -0.0002539082, -0.00025263569
  -98.16764, -0.0002678592, -0.00025263569
  -98.16764, -0.0002467334, -0.00025263569
  -98.16764, -0.0002423488, -0.00025263569
  -98.16764, -0.0002375656, -0.00025263569
  -98.16764, -0.0002682578, -0.00025263569
  -98.16764, -0.0002642718, -0.00025263569
  -98.16764, -0.0002574956, -0.00025263569
  -98.16764, -0.0002634746, -0.00025263569
  -98.16764, -0.0002602858, -0.00025263569
  -98.16764, -0.0002543068, -0.00025263569
  -98.16764, -0.0002419502, -0.00025263569
  -98.16764, -0.0002555026, -0.00025263569
  -98.16764, -0.00023916, -0.00025263569
  -98.16764, -0.0002443418, -0.00025263569
  -98.16764, -0.000253111, -0.00025263569
  -98.16764, -0.0002662648, -0.00025263569
  -98.16764, -0.00025909, -0.00025263569
  -98.161185, -0.0002614816, -0.00025262457
  -98.161185, -0.0002459362, -0.00025262457
  -98.161185, -0.0002547054, -0.00025262457
  -98.161185, -0.0002562998, -0.00025262457
  -98.161185, -0.0002515166, -0.00025262457
  -98.161185, -0.0002578942, -0.00025262457
  -98.161185, -0.0002483278, -0.00025262457
  -98.161185, -0.000255104, -0.00025262457
  -98.161185, -0.0002646704, -0.00025262457
  -98.161185, -0.000247132, -0.00025262457
  -98.161185, -0.0002758312, -0.00025262457
  -98.161185, -0.0002702508, -0.00025262457
  -98.161185, -0.0002467334, -0.00025262457
  -98.161185, -0.0002455376, -0.00025262457
  -98.161185, -0.0002578942, -0.00025262457
  -98.161185, -0.0002555026, -0.00025262457
  -98.161185, -0.0002507194, -0.00025262457
  -98.161185, -0.0002618802, -0.00025262457
  -98.161185, -0.0002543068, -0.00025262457
  -98.161185, -0.0002642718, -0.00025262457
  -98.161185, -0.0002606844, -0.00025262457
  -98.161185, -0.0002626774, -0.00025262457
  -98.161185, -0.000267062, -0.00025262457
  -98.161185, -0.0002646704, -0.00025262457
  -98.161185, -0.000245139, -0.00025262457
  -98.161185, -0.0002762298, -0.00025262457
  -98.161185, -0.0002618802, -0.00025262457
  -98.161185, -0.0002626774, -0.00025262457
  -98.161185, -0.0002495236, -0.00025262457
  -98.15473, -0.0002487264, -0.00025261346
  -98.15473, -0.0002578942, -0.00025261346
  -98.15473, -0.0002578942, -0.00025261346
  -98.15473, -0.0002415516, -0.00025261346
  -98.15473, -0.0002562998, -0.00025261346
  -98.15473, -0.0002339782, -0.00025261346
  -98.15473, -0.000253111, -0.00025261346
  -98.15473, -0.0002519152, -0.00025261346
  -98.15473, -0.000257097, -0.00025261346
  -98.15473, -0.0002387614, -0.00025261346
  -98.15473, -0.000243146, -0.00025261346
  -98.15473, -0.0002547054, -0.00025261346
  -98.15473, -0.0002574956, -0.00025261346
  -98.15473, -0.0002594886, -0.00025261346
  -98.148275, -0.0002407544, -0.00025260234
  -98.148275, -0.0002774256, -0.00025260234
  -98.148275, -0.000255104, -0.00025260234
  -98.148275, -0.0002363698, -0.00025260234
  -98.14182, -0.0002455376, -0.00025259123
  -98.14182, -0.000253111, -0.00025259123
  -98.14182, -0.0002319852, -0.00025259123
  -98.135365, -0.0002447404, -0.00025258011
  -98.135365, -0.0002463348, -0.00025258011
  -98.12891, -0.0002459362, -0.00025256899
  -98.116, -0.0002323838, -0.00025254676
  -98.116, -0.000243146, -0.00025254676
  -98.109545, -0.0002403558, -0.00025253564
  -98.10309, -0.0002543068, -0.00025252453
  -98.10309, -0.000245139, -0.00025252453
  -98.10309, -0.0002395586, -0.00025252453
  -98.09018, -0.0002495236, -0.0002525023
  -98.09018, -0.0002455376, -0.0002525023
  -98.06436, -0.0002547054, -0.00025245783
  -98.044995, -0.0002407544, -0.00025242448
  -98.032085, -0.0002483278, -0.00025240225
  -98.01272, -0.0002507194, -0.0002523689
  -97.980445, -0.000267062, -0.00025231332
  -97.94817, -0.0002395586, -0.00025225774
  -97.93526, -0.000255104, -0.00025223551
  -97.87071, -0.0002463348, -0.00025212435
  -97.84489, -0.0002403558, -0.00025207988
  -97.812615, -0.000247132, -0.0002520243
  -97.76743, -0.0002543068, -0.00025194649
  -97.75452, -0.0002403558, -0.00025192426
  -97.696425, -0.0002822088, -0.00025182421
  -97.657695, -0.0002626774, -0.00025175751
  -97.606055, -0.0002594886, -0.00025166858
  -97.580235, -0.0002622788, -0.00025162412
  -97.502775, -0.0002467334, -0.00025149073
  -97.464045, -0.0002515166, -0.00025142403
  -97.44468, -0.000253111, -0.00025139068
  -97.38013, -0.0002479292, -0.00025127952
  -97.309125, -0.0002455376, -0.00025115724
  -97.296215, -0.0002634746, -0.00025113501
  -97.257485, -0.0002578942, -0.00025106831
  -97.205845, -0.00023916, -0.00025097938
  -97.16066, -0.0002483278, -0.00025090157
  -97.12193, -0.0002463348, -0.00025083487
  -97.089655, -0.0002555026, -0.00025077929
  -97.07029, -0.0002399572, -0.00025074594
  -97.038015, -0.00023916, -0.00025069036
  -97.012195, -0.0002654676, -0.0002506459
  -96.986375, -0.000243146, -0.00025060143
  -96.9541, -0.0002527124, -0.00025054585
  -96.934735, -0.0002562998, -0.0002505125
  -96.92828, -0.0002523138, -0.00025050139
  -96.921825, -0.000233181, -0.00025049027
  -96.908915, -0.0002383628, -0.00025046804
  -96.896005, -0.0002475306, -0.00025044581
  -96.88955, -0.0002467334, -0.00025043469
  -96.883095, -0.0002455376, -0.00025042357
  -96.883095, -0.000233181, -0.00025042357
  -96.870185, -0.0002427474, -0.00025040134
  -96.870185, -0.0002475306, -0.00025040134
  -96.857275, -0.0002256076, -0.00025037911
  -96.857275, -0.000247132, -0.00025037911
  -96.85082, -0.0002395586, -0.00025036799
  -96.85082, -0.000233181, -0.00025036799
  -96.85082, -0.0002487264, -0.00025036799
  -96.85082, -0.0002363698, -0.00025036799
  -96.844365, -0.0002543068, -0.00025035688
  -96.83791, -0.0002614816, -0.00025034576
  -96.83791, -0.0002327824, -0.00025034576
  -96.83791, -0.0002535096, -0.00025034576
  -96.831455, -0.000225209, -0.00025033464
  -96.831455, -0.0002602858, -0.00025033464
  -96.831455, -0.0002559012, -0.00025033464
  -96.831455, -0.0002562998, -0.00025033464
  -96.825, -0.0002475306, -0.00025032353
  -96.825, -0.000237167, -0.00025032353
  -96.825, -0.0002415516, -0.00025032353
  -96.825, -0.0002582928, -0.00025032353
  -96.825, -0.0002523138, -0.00025032353
  -96.825, -0.0002507194, -0.00025032353
  -96.818545, -0.0002654676, -0.00025031241
  -96.818545, -0.0002299922, -0.00025031241
  -96.818545, -0.000245139, -0.00025031241
  -96.818545, -0.0002654676, -0.00025031241
  -96.818545, -0.0002435446, -0.00025031241
  -96.818545, -0.000247132, -0.00025031241
  -96.818545, -0.0002527124, -0.00025031241
  -96.818545, -0.0002519152, -0.00025031241
  -96.818545, -0.0002459362, -0.00025031241
  -96.818545, -0.0002566984, -0.00025031241
  -96.818545, -0.0002479292, -0.00025031241
  -96.818545, -0.0002463348, -0.00025031241
  -96.81209, -0.0002427474, -0.0002503013
  -96.81209, -0.000233181, -0.0002503013
  -96.81209, -0.0002543068, -0.0002503013
  -96.81209, -0.000237167, -0.0002503013
  -96.81209, -0.0002419502, -0.0002503013
  -96.81209, -0.0002483278, -0.0002503013
  -96.81209, -0.000253111, -0.0002503013
  -96.81209, -0.0002507194, -0.0002503013
  -96.81209, -0.000253111, -0.0002503013
  -96.81209, -0.0002279992, -0.0002503013
  -96.81209, -0.000229195, -0.0002503013
  -96.81209, -0.0002519152, -0.0002503013
  -96.805635, -0.0002268034, -0.00025029018
  -96.805635, -0.0002459362, -0.00025029018
  -96.805635, -0.0002507194, -0.00025029018
  -96.805635, -0.0002407544, -0.00025029018
  -96.805635, -0.0002682578, -0.00025029018
  -96.805635, -0.0002419502, -0.00025029018
  -96.805635, -0.0002295936, -0.00025029018
  -96.805635, -0.0002487264, -0.00025029018
  -96.79918, -0.0002507194, -0.00025027906
  -96.79918, -0.0002495236, -0.00025027906
  -96.79918, -0.0002547054, -0.00025027906
  -96.79918, -0.0002507194, -0.00025027906
  -96.79918, -0.000251118, -0.00025027906
  -96.792725, -0.00025909, -0.00025026795
  -96.792725, -0.0002578942, -0.00025026795
  -96.792725, -0.0002559012, -0.00025026795
  -96.792725, -0.000247132, -0.00025026795
  -96.792725, -0.0002359712, -0.00025026795
  -96.792725, -0.000245139, -0.00025026795
  -96.792725, -0.0002499222, -0.00025026795
  -96.792725, -0.0002423488, -0.00025026795
  -96.792725, -0.0002339782, -0.00025026795
  -96.78627, -0.0002407544, -0.00025025683
  -96.78627, -0.00023916, -0.00025025683
  -96.78627, -0.0002523138, -0.00025025683
  -96.78627, -0.0002419502, -0.00025025683
  -96.78627, -0.0002279992, -0.00025025683
  -96.779815, -0.0002379642, -0.00025024572
  -96.779815, -0.0002375656, -0.00025024572
  -96.779815, -0.0002658662, -0.00025024572
  -96.779815, -0.0002622788, -0.00025024572
  -96.779815, -0.0002483278, -0.00025024572
  -96.779815, -0.000253111, -0.00025024572
  -96.77336, -0.000237167, -0.0002502346
  -96.77336, -0.0002475306, -0.0002502346
  -96.766905, -0.000241153, -0.00025022348
  -96.766905, -0.0002383628, -0.00025022348
  -96.76045, -0.0002283978, -0.00025021237
  -96.753995, -0.0002479292, -0.00025020125
  -96.74754, -0.0002383628, -0.00025019013
  -96.74754, -0.00025909, -0.00025019013
  -96.74754, -0.000348775, -0.00025019013
  -96.74754, -0.0002443418, -0.00025019013
  -96.74754, -0.0003184814, -0.00025019013
  -96.741085, -0.0002694536, -0.00025017902
  -96.741085, -0.0002407544, -0.00025017902
  -96.73463, -0.0002403558, -0.0002501679
  -96.73463, -0.0002407544, -0.0002501679
  -96.728175, -0.0004938654, -0.00025015679
  -96.72172, -0.0002415516, -0.00025014567
  -96.72172, -0.0002562998, -0.00025014567
  -96.70881, -0.0002495236, -0.00025012344
  -96.70881, -0.0002343768, -0.00025012344
  -96.702355, -0.000701536, -0.00025011232
  -96.702355, -0.000233181, -0.00025011232
  -96.6959, -0.000261083, -0.00025010121
  -96.68299, -0.0002228174, -0.00025007897
  -96.676535, -0.0002782228, -0.00025006786
  -96.67008, -0.0006732354, -0.00025005674
  -96.663625, -0.0002240132, -0.00025004562
  -96.650715, -0.0003958098, -0.00025002339
  -96.64426, -0.0002395586, -0.00025001228
  -96.64426, -0.0002367684, -0.00025001228
  -96.624895, -0.0002379642, -0.00024997893
  -96.599075, -0.0002495236, -0.00024993446
  -96.560345, -0.0002407544, -0.00024986777
  -96.55389, -0.0002475306, -0.00024985665
  -96.51516, -0.0002547054, -0.00024978995
  -96.47643, -0.0002487264, -0.00024972326
  -96.46352, -0.0002303908, -0.00024970102
  -96.41188, -0.0002363698, -0.00024961209
  -96.34733, -0.0002299922, -0.00024950093
  -96.34733, -0.000233181, -0.00024950093
  -96.263415, -0.000257097, -0.00024935642
  -96.23114, -0.0002547054, -0.00024930084
  -96.1795, -0.000265069, -0.00024921191
  -96.095585, -0.00027902, -0.0002490674
  -96.07622, -0.0002443418, -0.00024903405
  -95.979395, -0.0002602858, -0.00024886731
  -95.97294, -0.0002578942, -0.00024885619
  -95.850295, -0.0002435446, -0.00024864499
  -95.837385, -0.0002419502, -0.00024862275
  -95.71474, -0.000263076, -0.00024841154
  -95.695375, -0.000253111, -0.0002483782
  -95.57273, -0.0002566984, -0.00024816699
  -95.55982, -0.0002467334, -0.00024814476
  -95.437175, -0.0002367684, -0.00024793355
  -95.41781, -0.00023916, -0.0002479002
  -95.295165, -0.0002379642, -0.00024768899
  -95.24998, -0.0002618802, -0.00024761118
  -95.15961, -0.0002566984, -0.00024745555
  -95.049875, -0.0002686564, -0.00024726658
  -95.03051, -0.0002742368, -0.00024723323
  -94.90141, -0.0002427474, -0.0002470109
  -94.83686, -0.00027902, -0.00024689974
  -94.79813, -0.0002375656, -0.00024683304
  -94.68194, -0.0002523138, -0.00024663295
  -94.61739, -0.0002634746, -0.00024652179
  -94.56575, -0.0002586914, -0.00024643286
  -94.456015, -0.000253111, -0.00024624388
  -94.378555, -0.0002539082, -0.00024611049
  -94.35919, -0.0002335796, -0.00024607714
  -94.275275, -0.0002240132, -0.00024593263
  -94.19136, -0.0002479292, -0.00024578812
  -94.10099, -0.0002626774, -0.00024563249
  -94.094535, -0.000255104, -0.00024562137
  -94.029985, -0.000249125, -0.00024551021
  -93.97189, -0.0002475306, -0.00024541017
  -93.89443, -0.000255104, -0.00024527677
  -93.836335, -0.0002507194, -0.00024517673
  -93.784695, -0.0002467334, -0.0002450878
  -93.76533, -0.000247132, -0.00024505445
  -93.71369, -0.0002547054, -0.00024496552
  -93.681415, -0.000265069, -0.00024490994
  -93.64914, -0.0002638732, -0.00024485435
  -93.603955, -0.000255104, -0.00024477654
  -93.55877, -0.0002618802, -0.00024469873
  -93.53295, -0.0002503208, -0.00024465426
  -93.513585, -0.0002547054, -0.00024462091
  -93.513585, -0.0002419502, -0.00024462091
  -93.50713, -0.0002535096, -0.0002446098
  -93.487765, -0.0002455376, -0.00024457645
  -93.4684, -0.0002455376, -0.0002445431
  -93.461945, -0.0002475306, -0.00024453198
  -93.44258, -0.000247132, -0.00024449863
  -93.423215, -0.0002399572, -0.00024446529
  -93.423215, -0.0002335796, -0.00024446529
  -93.423215, -0.0002479292, -0.00024446529
  -93.423215, -0.0002427474, -0.00024446529
  -93.410305, -0.0002427474, -0.00024444305
  -93.410305, -0.0002539082, -0.00024444305
  -93.40385, -0.0002403558, -0.00024443194
  -93.40385, -0.0002347754, -0.00024443194
  -93.40385, -0.0002363698, -0.00024443194
  -93.40385, -0.0002375656, -0.00024443194
  -93.40385, -0.000253111, -0.00024443194
  -93.40385, -0.0002136496, -0.00024443194
  -93.40385, -0.0002439432, -0.00024443194
  -93.40385, -0.0002527124, -0.00024443194
  -93.40385, -0.000249125, -0.00024443194
  -93.40385, -0.0002447404, -0.00024443194
  -93.40385, -0.0002443418, -0.00024443194
  -93.40385, -0.0002483278, -0.00024443194
  -93.40385, -0.0002479292, -0.00024443194
  -93.40385, -0.0002562998, -0.00024443194
  -93.40385, -0.0002415516, -0.00024443194
  -93.40385, -0.000231188, -0.00024443194
  -93.40385, -0.000235174, -0.00024443194
  -93.397395, -0.0002483278, -0.00024442082
  -93.397395, -0.0002515166, -0.00024442082
  -93.397395, -0.000243146, -0.00024442082
  -93.397395, -0.0002479292, -0.00024442082
  -93.397395, -0.00023916, -0.00024442082
  -93.397395, -0.0002347754, -0.00024442082
  -93.397395, -0.0002479292, -0.00024442082
  -93.397395, -0.0002276006, -0.00024442082
  -93.397395, -0.0002068734, -0.00024442082
  -93.397395, -0.0002124538, -0.00024442082
  -93.397395, -0.0002487264, -0.00024442082
  -93.397395, -0.0002515166, -0.00024442082
  -93.397395, -0.0002555026, -0.00024442082
  -93.397395, -0.000247132, -0.00024442082
  -93.397395, -0.0002467334, -0.00024442082
  -93.397395, -0.000251118, -0.00024442082
  -93.397395, -0.0002363698, -0.00024442082
  -93.39094, -0.000249125, -0.0002444097
  -93.39094, -0.000243146, -0.0002444097
  -93.39094, -0.0002435446, -0.0002444097
  -93.39094, -0.0002495236, -0.0002444097
  -93.39094, -0.000251118, -0.0002444097
  -93.39094, -0.000227202, -0.0002444097
  -93.39094, -0.0002423488, -0.0002444097
  -93.39094, -0.000229195, -0.0002444097
  -93.39094, -0.0002559012, -0.0002444097
  -93.39094, -0.0002447404, -0.0002444097
  -93.39094, -0.0002375656, -0.0002444097
  -93.39094, -0.0002483278, -0.0002444097
  -93.39094, -0.0002503208, -0.0002444097
  -93.39094, -0.0002363698, -0.0002444097
  -93.39094, -0.000235174, -0.0002444097
  -93.39094, -0.000257097, -0.0002444097
  -93.39094, -0.0002343768, -0.0002444097
  -93.39094, -0.0002403558, -0.0002444097
  -93.39094, -0.0002499222, -0.0002444097
  -93.39094, -0.0002523138, -0.0002444097
  -93.384485, -0.0002295936, -0.00024439859
  -93.384485, -0.0002307894, -0.00024439859
  -93.384485, -0.0002562998, -0.00024439859
  -93.384485, -0.0002387614, -0.00024439859
  -93.384485, -0.0002140482, -0.00024439859
  -93.384485, -0.0002339782, -0.00024439859
  -93.384485, -0.0002638732, -0.00024439859
  -93.384485, -0.0002523138, -0.00024439859
  -93.37803, -0.0002559012, -0.00024438747
  -93.37803, -0.000253111, -0.00024438747
  -93.37803, -0.0002387614, -0.00024438747
  -93.37803, -0.0002479292, -0.00024438747
  -93.37803, -0.000247132, -0.00024438747
  -93.371575, -0.0002248104, -0.00024437635
  -93.371575, -0.000251118, -0.00024437635
  -93.36512, -0.0002375656, -0.00024436524
  -93.36512, -0.0002435446, -0.00024436524
  -93.35221, -0.0002415516, -0.00024434301
  -93.35221, -0.0002475306, -0.00024434301
  -93.345755, -0.0002455376, -0.00024433189
  -93.345755, -0.0002606844, -0.00024433189
  -93.3393, -0.0002535096, -0.00024432077
  -93.3393, -0.0002367684, -0.00024432077
  -93.32639, -0.0002204258, -0.00024429854
  -93.32639, -0.0002539082, -0.00024429854
  -93.319935, -0.0002220202, -0.00024428742
  -93.307025, -0.0002319852, -0.00024426519
  -93.294115, -0.0002180342, -0.00024424296
  -93.281205, -0.0002487264, -0.00024422073
  -93.268295, -0.0002407544, -0.00024419849
  -93.255385, -0.0002435446, -0.00024417626
  -93.24893, -0.0002295936, -0.00024416515
  -93.216655, -0.0002487264, -0.00024410956
  -93.19729, -0.000235174, -0.00024407622
  -93.177925, -0.0002375656, -0.00024404287
  -93.14565, -0.0002347754, -0.00024398729
  -93.113375, -0.0002415516, -0.0002439317
  -93.100465, -0.0002479292, -0.00024390947
  -93.048825, -0.0002395586, -0.00024382054
  -93.010095, -0.0002327824, -0.00024375384
  -92.984275, -0.0002363698, -0.00024370938
  -92.92618, -0.0002419502, -0.00024360933
  -92.90036, -0.0002419502, -0.00024356487
  -92.842265, -0.0002479292, -0.00024346482
  -92.79708, -0.000233181, -0.00024338701
  -92.751895, -0.0002447404, -0.00024330919
  -92.68089, -0.0002435446, -0.00024318691
  -92.635705, -0.0002559012, -0.0002431091
  -92.55179, -0.0002487264, -0.00024296459
  -92.52597, -0.0002622788, -0.00024292012
  -92.44851, -0.0002347754, -0.00024278673
  -92.40978, -0.0002403558, -0.00024272003
  -92.312955, -0.0002475306, -0.00024255328
  -92.28068, -0.0002383628, -0.0002424977
  -92.1774, -0.0002555026, -0.00024231984
  -92.13867, -0.0002543068, -0.00024225314
  -92.03539, -0.0002459362, -0.00024207528
  -91.990205, -0.0002618802, -0.00024199747
  -91.90629, -0.000235174, -0.00024185296
  -91.809465, -0.0002479292, -0.00024168621
  -91.770735, -0.0002244118, -0.00024161951
  -91.63518, -0.0002248104, -0.00024138607
  -91.628725, -0.0002467334, -0.00024137495
  -91.49317, -0.0002355726, -0.00024114151
  -91.435075, -0.0002606844, -0.00024104146
  -91.36407, -0.0002423488, -0.00024091918
  -91.23497, -0.0002495236, -0.00024069686
  -91.23497, -0.000243146, -0.00024069686
  -91.099415, -0.0002319852, -0.00024046341
  -91.00259, -0.0002423488, -0.00024029667
  -90.98968, -0.0002375656, -0.00024027444
  -90.879945, -0.00023916, -0.00024008546
  -90.77021, -0.0002395586, -0.00023989648
  -90.74439, -0.0002236146, -0.00023985201
  -90.67984, -0.0002467334, -0.00023974085
  -90.595925, -0.0002622788, -0.00023959634
  -90.492645, -0.0002622788, -0.00023941847
  -90.47328, -0.0002519152, -0.00023938512
  -90.40873, -0.0002407544, -0.00023927396
  -90.337725, -0.0002156426, -0.00023915168
  -90.26672, -0.0002084678, -0.0002390294
  -90.208625, -0.0002415516, -0.00023892935
  -90.17635, -0.0002606844, -0.00023887377
  -90.144075, -0.000253111, -0.00023881819
  -90.092435, -0.000253111, -0.00023872925
  -90.040795, -0.0002427474, -0.00023864032
  -90.014975, -0.0002419502, -0.00023859586
  -89.96979, -0.0002224188, -0.00023851804
  -89.924605, -0.0002276006, -0.00023844023
  -89.898785, -0.0002399572, -0.00023839576
  -89.872965, -0.0002602858, -0.0002383513
  -89.86651, -0.000227202, -0.00023834018
  -89.84069, -0.0002403558, -0.00023829571
  -89.834235, -0.0002638732, -0.0002382846
  -89.81487, -0.0002543068, -0.00023825125
  -89.78905, -0.0002535096, -0.00023820678
  -89.782595, -0.0002403558, -0.00023819567
  -89.769685, -0.000243146, -0.00023817343
  -89.756775, -0.0002367684, -0.0002381512
  -89.743865, -0.0002383628, -0.00023812897
  -89.743865, -0.0002407544, -0.00023812897
  -89.73741, -0.0002148454, -0.00023811785
  -89.73741, -0.0002220202, -0.00023811785
  -89.73741, -0.0002323838, -0.00023811785
  -89.73741, -0.000243146, -0.00023811785
  -89.73741, -0.0002307894, -0.00023811785
  -89.73741, -0.0002335796, -0.00023811785
  -89.73741, -0.0002359712, -0.00023811785
  -89.73741, -0.000249125, -0.00023811785
  -89.73741, -0.0002204258, -0.00023811785
  -89.73741, -0.0002347754, -0.00023811785
  -89.73741, -0.0002447404, -0.00023811785
  -89.730955, -0.0002407544, -0.00023810673
  -89.730955, -0.0002343768, -0.00023810673
  -89.730955, -0.0002515166, -0.00023810673
  -89.730955, -0.0002359712, -0.00023810673
  -89.730955, -0.0002423488, -0.00023810673
  -89.730955, -0.0002335796, -0.00023810673
  -89.730955, -0.0002363698, -0.00023810673
  -89.730955, -0.0002359712, -0.00023810673
  -89.730955, -0.0002347754, -0.00023810673
  -89.730955, -0.0002319852, -0.00023810673
  -89.730955, -0.0002208244, -0.00023810673
  -89.730955, -0.0002335796, -0.00023810673
  -89.730955, -0.0002248104, -0.00023810673
  -89.7245, -0.0002287964, -0.00023809562
  -89.7245, -0.0002303908, -0.00023809562
  -89.7245, -0.0002463348, -0.00023809562
  -89.7245, -0.0002335796, -0.00023809562
  -89.7245, -0.0002200272, -0.00023809562
  -89.7245, -0.0002168384, -0.00023809562
  -89.7245, -0.0002319852, -0.00023809562
  -89.718045, -0.0002327824, -0.0002380845
  -89.718045, -0.0002594886, -0.0002380845
  -89.718045, -0.0002499222, -0.0002380845
  -89.718045, -0.0002076706, -0.0002380845
  -89.718045, -0.0002363698, -0.0002380845
  -89.718045, -0.0002379642, -0.0002380845
  -89.718045, -0.0002483278, -0.0002380845
  -89.718045, -0.0002279992, -0.0002380845
  -89.718045, -0.0002264048, -0.0002380845
  -89.718045, -0.0002459362, -0.0002380845
  -89.718045, -0.0002555026, -0.0002380845
  -89.718045, -0.0002455376, -0.0002380845
  -89.718045, -0.000225209, -0.0002380845
  -89.718045, -0.000237167, -0.0002380845
  -89.71159, -0.0002359712, -0.00023807338
  -89.71159, -0.0002495236, -0.00023807338
  -89.71159, -0.000237167, -0.00023807338
  -89.71159, -0.000227202, -0.00023807338
  -89.71159, -0.0002535096, -0.00023807338
  -89.71159, -0.00023916, -0.00023807338
  -89.71159, -0.0002383628, -0.00023807338
  -89.71159, -0.000233181, -0.00023807338
  -89.71159, -0.0002084678, -0.00023807338
  -89.705135, -0.0002240132, -0.00023806227
  -89.705135, -0.0002499222, -0.00023806227
  -89.705135, -0.0002379642, -0.00023806227
  -89.705135, -0.0002443418, -0.00023806227
  -89.69868, -0.000225209, -0.00023805115
  -89.69868, -0.00021923, -0.00023805115
  -89.69868, -0.0002399572, -0.00023805115
  -89.69868, -0.0002539082, -0.00023805115
  -89.69868, -0.0002208244, -0.00023805115
  -89.692225, -0.0002343768, -0.00023804003
  -89.692225, -0.0002758312, -0.00023804003
  -89.68577, -0.0002555026, -0.00023802892
  -89.68577, -0.0002403558, -0.00023802892
  -89.68577, -0.0002519152, -0.00023802892
  -89.68577, -0.0002439432, -0.00023802892
  -89.68577, -0.0002475306, -0.00023802892
  -89.68577, -0.0002642718, -0.00023802892
  -89.67286, -0.0002303908, -0.00023800669
  -89.666405, -0.000251118, -0.00023799557
  -89.666405, -0.0002467334, -0.00023799557
  -89.65995, -0.0002646704, -0.00023798445
  -89.65995, -0.0002144468, -0.00023798445
  -89.64704, -0.000241153, -0.00023796222
  -89.64704, -0.0002303908, -0.00023796222
  -89.640585, -0.00021923, -0.0002379511
  -89.640585, -0.0002216216, -0.0002379511
  -89.63413, -0.0002264048, -0.00023793999
  -89.60831, -0.000229195, -0.00023789552
  -89.601855, -0.0002116566, -0.0002378844
  -89.588945, -0.0002355726, -0.00023786217
  -89.58249, -0.0002622788, -0.00023785105
  -89.55667, -0.0002559012, -0.00023780659
  -89.53085, -0.000241153, -0.00023776212
  -89.524395, -0.0002295936, -0.00023775101
  -89.49212, -0.0002307894, -0.00023769542
  -89.45339, -0.0002383628, -0.00023762873
  -89.42757, -0.0002527124, -0.00023758426
  -89.408205, -0.000237167, -0.00023755091
  -89.35011, -0.000255104, -0.00023745086
  -89.343655, -0.0002236146, -0.00023743974
  -89.292015, -0.00025909, -0.00023735081
  -89.253285, -0.0002156426, -0.00023728411
  -89.214555, -0.0002447404, -0.00023721741
  -89.150005, -0.0002256076, -0.00023710625
  -89.137095, -0.0002499222, -0.00023708402
  -89.059635, -0.0002427474, -0.00023695062
  -89.020905, -0.0002383628, -0.00023688392
  -88.956355, -0.0002555026, -0.00023677275
  -88.92408, -0.0002315866, -0.00023671717
  -88.84662, -0.0002578942, -0.00023658377
  -88.8208, -0.0002515166, -0.00023653931
  -88.73043, -0.0002459362, -0.00023638368
  -88.6917, -0.000257097, -0.00023631698
  -88.61424, -0.0002483278, -0.00023618358
  -88.5626, -0.000261083, -0.00023609464
  -88.48514, -0.0002435446, -0.00023596125
  -88.4335, -0.0002582928, -0.00023587231
  -88.35604, -0.000235174, -0.00023573891
  -88.310855, -0.0002407544, -0.0002356611
  -88.21403, -0.0002283978, -0.00023549435
  -88.181755, -0.0002188314, -0.00023543877
  -88.0462, -0.0002216216, -0.00023520532
  -88.0462, -0.0002343768, -0.00023520532
  -87.9171, -0.0002303908, -0.00023498298
  -87.86546, -0.0002347754, -0.00023489405
  -87.794455, -0.00023916, -0.00023477177
  -87.678265, -0.0002443418, -0.00023457167
  -87.665355, -0.0002260062, -0.00023454944
  -87.54271, -0.0002315866, -0.00023433822
  -87.471705, -0.0002475306, -0.00023421593
  -87.420065, -0.0002164398, -0.000234127
  -87.31033, -0.0002327824, -0.00023393802
  -87.25869, -0.000243146, -0.00023384908
  -87.200595, -0.0002295936, -0.00023374903
  -87.097315, -0.000211258, -0.00023357117
  -87.0134, -0.0002467334, -0.00023342665
  -86.994035, -0.0002228174, -0.0002333933
  -86.916575, -0.0002283978, -0.0002332599
  -86.83266, -0.0002208244, -0.00023311538
  -86.74229, -0.0002168384, -0.00023295974
  -86.735835, -0.0002423488, -0.00023294863
  -86.65192, -0.0001921252, -0.00023280411
  -86.57446, -0.000211258, -0.00023267071
  -86.503455, -0.0002335796, -0.00023254842
  -86.43245, -0.0002363698, -0.00023242614
  -86.425995, -0.0002399572, -0.00023241502
  -86.361445, -0.000223216, -0.00023230385
  -86.31626, -0.0002244118, -0.00023222603
  -86.26462, -0.0002260062, -0.0002321371
  -86.219435, -0.0001993, -0.00023205928
  -86.193615, -0.0001981042, -0.00023201481
  -86.154885, -0.0002088664, -0.00023194811
  -86.129065, -0.0002479292, -0.00023190364
  -86.129065, -0.0002427474, -0.00023190364
  -86.09679, -0.000235174, -0.00023184806
  -86.064515, -0.0002343768, -0.00023179247
  -86.04515, -0.0002299922, -0.00023175912
  -86.038695, -0.0002343768, -0.00023174801
  -86.01933, -0.0002244118, -0.00023171466
  -86.012875, -0.000223216, -0.00023170354
  -85.99351, -0.0002339782, -0.00023167019
  -85.99351, -0.0002236146, -0.00023167019
  -85.9806, -0.0002295936, -0.00023164795
  -85.9806, -0.0002387614, -0.00023164795
  -85.9806, -0.0002283978, -0.00023164795
  -85.9806, -0.0002299922, -0.00023164795
  -85.96769, -0.0002303908, -0.00023162572
  -85.96769, -0.0002423488, -0.00023162572
  -85.961235, -0.0002307894, -0.0002316146
  -85.961235, -0.0002196286, -0.0002316146
  -85.961235, -0.0002064748, -0.0002316146
  -85.95478, -0.0002347754, -0.00023160349
  -85.95478, -0.0002160412, -0.00023160349
  -85.95478, -0.0002307894, -0.00023160349
  -85.95478, -0.0002108594, -0.00023160349
  -85.95478, -0.0002375656, -0.00023160349
  -85.95478, -0.000237167, -0.00023160349
  -85.95478, -0.0002100622, -0.00023160349
  -85.95478, -0.0002299922, -0.00023160349
  -85.95478, -0.0002303908, -0.00023160349
  -85.95478, -0.0002124538, -0.00023160349
  -85.95478, -0.0002180342, -0.00023160349
  -85.948325, -0.00021923, -0.00023159237
  -85.948325, -0.0002144468, -0.00023159237
  -85.948325, -0.000221223, -0.00023159237
  -85.948325, -0.0002339782, -0.00023159237
  -85.948325, -0.0002395586, -0.00023159237
  -85.948325, -0.0002375656, -0.00023159237
  -85.948325, -0.0002208244, -0.00023159237
  -85.948325, -0.000213251, -0.00023159237
  -85.948325, -0.0002367684, -0.00023159237
  -85.948325, -0.0002184328, -0.00023159237
  -85.948325, -0.0002168384, -0.00023159237
  -85.948325, -0.0002068734, -0.00023159237
  -85.94187, -0.000229195, -0.00023158125
  -85.94187, -0.0002387614, -0.00023158125
  -85.94187, -0.0002547054, -0.00023158125
  -85.94187, -0.0002519152, -0.00023158125
  -85.94187, -0.0002236146, -0.00023158125
  -85.94187, -0.0002423488, -0.00023158125
  -85.94187, -0.000233181, -0.00023158125
  -85.94187, -0.0002387614, -0.00023158125
  -85.94187, -0.0002276006, -0.00023158125
  -85.94187, -0.000237167, -0.00023158125
  -85.94187, -0.0002355726, -0.00023158125
  -85.94187, -0.0002343768, -0.00023158125
  -85.94187, -0.0002236146, -0.00023158125
  -85.935415, -0.0002264048, -0.00023157014
  -85.935415, -0.0002343768, -0.00023157014
  -85.935415, -0.000243146, -0.00023157014
  -85.935415, -0.0002307894, -0.00023157014
  -85.935415, -0.0002283978, -0.00023157014
  -85.935415, -0.0002279992, -0.00023157014
  -85.92896, -0.0002276006, -0.00023155902
  -85.92896, -0.0002335796, -0.00023155902
  -85.92896, -0.000247132, -0.00023155902
  -85.922505, -0.000253111, -0.0002315479
  -85.922505, -0.0002375656, -0.0002315479
  -85.922505, -0.0002582928, -0.0002315479
  -85.922505, -0.0002359712, -0.0002315479
  -85.91605, -0.0002555026, -0.00023153678
  -85.91605, -0.0002323838, -0.00023153678
  -85.91605, -0.0002268034, -0.00023153678
  -85.91605, -0.0002347754, -0.00023153678
  -85.91605, -0.0002559012, -0.00023153678
  -85.91605, -0.000229195, -0.00023153678
  -85.909595, -0.0002423488, -0.00023152567
  -85.909595, -0.0002487264, -0.00023152567
  -85.909595, -0.0002264048, -0.00023152567
  -85.90314, -0.0002264048, -0.00023151455
  -85.896685, -0.0002343768, -0.00023150343
  -85.883775, -0.000247132, -0.0002314812
  -85.883775, -0.0002359712, -0.0002314812
  -85.883775, -0.0002499222, -0.0002314812
  -85.87732, -0.0002359712, -0.00023147008
  -85.87732, -0.00025909, -0.00023147008
  -85.870865, -0.0002319852, -0.00023145897
  -85.86441, -0.0002228174, -0.00023144785
  -85.857955, -0.0002319852, -0.00023143673
  -85.832135, -0.0002383628, -0.00023139226
  -85.81277, -0.0002403558, -0.00023135891
  -85.806315, -0.0002248104, -0.0002313478
  -85.780495, -0.000225209, -0.00023130333
  -85.77404, -0.0002335796, -0.00023129221
  -85.76113, -0.0002264048, -0.00023126998
  -85.73531, -0.0002299922, -0.00023122551
  -85.703035, -0.0002268034, -0.00023116993
  -85.690125, -0.0002096636, -0.00023114769
  -85.664305, -0.0002407544, -0.00023110322
  -85.61912, -0.0002487264, -0.0002310254
  -85.599755, -0.0002068734, -0.00023099205
  -85.573935, -0.0002319852, -0.00023094759
  -85.522295, -0.0002040832, -0.00023085865
  -85.509385, -0.0002355726, -0.00023083642
  -85.444835, -0.0002279992, -0.00023072525
  -85.42547, -0.0002307894, -0.00023069189
  -85.37383, -0.0002244118, -0.00023060296
  -85.315735, -0.0002387614, -0.00023050291
  -85.302825, -0.0002204258, -0.00023048067
  -85.23182, -0.0002343768, -0.00023035838
  -85.225365, -0.0002228174, -0.00023034727
  -85.12854, -0.0002375656, -0.00023018051
  -85.12854, -0.0002136496, -0.00023018051
  -85.03817, -0.000243146, -0.00023002487
  -85.018805, -0.000215244, -0.00022999152
  -84.941345, -0.0002523138, -0.00022985811
  -84.90907, -0.000227202, -0.00022980253
  -84.83161, -0.0002443418, -0.00022966912
  -84.79288, -0.000245139, -0.00022960242
  -84.708965, -0.0002299922, -0.0002294579
  -84.683145, -0.0002315866, -0.00022941343
  -84.579865, -0.0002379642, -0.00022923555
  -84.579865, -0.0002116566, -0.00022923555
  -84.45722, -0.0002327824, -0.00022902433
  -84.450765, -0.0002387614, -0.00022901321
  -84.34103, -0.0002295936, -0.00022882422
  -84.31521, -0.0002248104, -0.00022877975
  -84.21193, -0.0002459362, -0.00022860187
  -84.1732, -0.0002268034, -0.00022853517
  -84.089285, -0.0002367684, -0.00022839064
  -84.01828, -0.0002248104, -0.00022826835
  -83.96664, -0.000231188, -0.00022817941
  -83.85045, -0.0002295936, -0.0002279793
  -83.843995, -0.0002299922, -0.00022796818
  -83.72135, -0.0002220202, -0.00022775695
  -83.676165, -0.0002359712, -0.00022767913
  -83.624525, -0.0002096636, -0.00022759019
  -83.51479, -0.0002108594, -0.00022740119
  -83.469605, -0.000241153, -0.00022732337
  -83.41151, -0.0002076706, -0.00022722331
  -83.301775, -0.0002040832, -0.00022703431
  -83.263045, -0.0002244118, -0.00022696761
  -83.211405, -0.0002084678, -0.00022687867
  -83.121035, -0.0002184328, -0.00022672302
  -83.05003, -0.0002196286, -0.00022660073
  -83.030665, -0.000223216, -0.00022656738
  -82.93384, -0.0002240132, -0.00022640061
  -82.84347, -0.0002208244, -0.00022624496
  -82.785375, -0.0002419502, -0.0002261449
  -82.759555, -0.0002148454, -0.00022610043
  -82.682095, -0.0002116566, -0.00022596702
  -82.604635, -0.000225209, -0.00022583361
  -82.527175, -0.000241153, -0.00022570019
  -82.501355, -0.0002527124, -0.00022565572
  -82.462625, -0.0002260062, -0.00022558901
  -82.385165, -0.0002188314, -0.0002254556
  -82.333525, -0.0002319852, -0.00022536666
  -82.281885, -0.0002303908, -0.00022527771
  -82.22379, -0.0002335796, -0.00022517765
  -82.204425, -0.0002383628, -0.0002251443
  -82.178605, -0.0002319852, -0.00022509983
  -82.15924, -0.0002268034, -0.00022506647
  -82.126965, -0.000217237, -0.00022501088
  -82.101145, -0.0002084678, -0.00022496641
  -82.088235, -0.0002303908, -0.00022494418
  -82.075325, -0.0002315866, -0.00022492194
  -82.036595, -0.0002260062, -0.00022485523
  -82.023685, -0.0002216216, -0.000224833
  -82.023685, -0.0002228174, -0.000224833
  -82.01723, -0.0002260062, -0.00022482188
  -82.010775, -0.0002248104, -0.00022481076
  -82.010775, -0.000223216, -0.00022481076
  -81.997865, -0.0002268034, -0.00022478852
  -81.99141, -0.000225209, -0.00022477741
  -81.99141, -0.0002299922, -0.00022477741
  -81.99141, -0.0002303908, -0.00022477741
  -81.99141, -0.0002256076, -0.00022477741
  -81.984955, -0.000237167, -0.00022476629
  -81.984955, -0.0002040832, -0.00022476629
  -81.984955, -0.0002216216, -0.00022476629
  -81.984955, -0.0002136496, -0.00022476629
  -81.984955, -0.0002359712, -0.00022476629
  -81.9785, -0.0002260062, -0.00022475517
  -81.9785, -0.0002256076, -0.00022475517
  -81.9785, -0.0002096636, -0.00022475517
  -81.9785, -0.0002240132, -0.00022475517
  -81.9785, -0.0002283978, -0.00022475517
  -81.9785, -0.0002140482, -0.00022475517
  -81.9785, -0.0002104608, -0.00022475517
  -81.9785, -0.000215244, -0.00022475517
  -81.972045, -0.0002116566, -0.00022474405
  -81.972045, -0.0002487264, -0.00022474405
  -81.972045, -0.0002064748, -0.00022474405
  -81.972045, -0.0002276006, -0.00022474405
  -81.972045, -0.000221223, -0.00022474405
  -81.972045, -0.000229195, -0.00022474405
  -81.972045, -0.0002399572, -0.00022474405
  -81.972045, -0.0002276006, -0.00022474405
  -81.972045, -0.0002140482, -0.00022474405
  -81.972045, -0.000227202, -0.00022474405
  -81.972045, -0.0002276006, -0.00022474405
  -81.972045, -0.0002427474, -0.00022474405
  -81.96559, -0.0002299922, -0.00022473293
  -81.96559, -0.0002224188, -0.00022473293
  -81.96559, -0.0002224188, -0.00022473293
  -81.96559, -0.000241153, -0.00022473293
  -81.96559, -0.0002299922, -0.00022473293
  -81.96559, -0.000213251, -0.00022473293
  -81.96559, -0.0002355726, -0.00022473293
  -81.96559, -0.0002367684, -0.00022473293
  -81.96559, -0.0002128524, -0.00022473293
  -81.96559, -0.000231188, -0.00022473293
  -81.959135, -0.0002535096, -0.00022472182
  -81.959135, -0.0002367684, -0.00022472182
  -81.959135, -0.0002188314, -0.00022472182
  -81.959135, -0.0002423488, -0.00022472182
  -81.959135, -0.0002427474, -0.00022472182
  -81.959135, -0.0002240132, -0.00022472182
  -81.95268, -0.0002084678, -0.0002247107
  -81.95268, -0.0002375656, -0.0002247107
  -81.946225, -0.0002268034, -0.00022469958
  -81.93977, -0.0002264048, -0.00022468846
  -81.93977, -0.0002455376, -0.00022468846
  -81.93977, -0.000211258, -0.00022468846
  -81.93977, -0.0002479292, -0.00022468846
  -81.93977, -0.0002260062, -0.00022468846
  -81.933315, -0.000211258, -0.00022467734
  -81.933315, -0.0002387614, -0.00022467734
  -81.92686, -0.0002495236, -0.00022466623
  -81.920405, -0.000233181, -0.00022465511
  -81.920405, -0.0002307894, -0.00022465511
  -81.91395, -0.0002283978, -0.00022464399
  -81.91395, -0.0002204258, -0.00022464399
  -81.91395, -0.00023916, -0.00022464399
  -81.907495, -0.0002236146, -0.00022463287
  -81.894585, -0.0002359712, -0.00022461063
  -81.881675, -0.0002467334, -0.0002245884
  -81.87522, -0.000211258, -0.00022457728
  -81.855855, -0.0002144468, -0.00022454393
  -81.8494, -0.0002240132, -0.00022453281
  -81.83649, -0.0002295936, -0.00022451057
  -81.82358, -0.0002260062, -0.00022448834
  -81.804215, -0.000229195, -0.00022445498
  -81.79776, -0.0002156426, -0.00022444386
  -81.778395, -0.0002295936, -0.00022441051
  -81.765485, -0.0002248104, -0.00022438827
  -81.74612, -0.0002355726, -0.00022435492
  -81.7203, -0.000233181, -0.00022431045
  -81.7203, -0.0002196286, -0.00022431045
  -81.69448, -0.0002287964, -0.00022426597
  -81.649295, -0.0002323838, -0.00022418815
  -81.636385, -0.0002084678, -0.00022416591
  -81.62993, -0.0002367684, -0.00022415479
  -81.5912, -0.0002096636, -0.00022408808
  -81.546015, -0.0002080692, -0.00022401026
  -81.546015, -0.0001977056, -0.00022401026
  -81.494375, -0.0002128524, -0.00022392131
  -81.4621, -0.0001981042, -0.00022386572
  -81.44919, -0.0002256076, -0.00022384348
  -81.38464, -0.0002224188, -0.0002237323
  -81.37173, -0.0002128524, -0.00022371006
  -81.333, -0.0002268034, -0.00022364335
  -81.274905, -0.0002204258, -0.00022354329
  -81.25554, -0.0002176356, -0.00022350993
  -81.2039, -0.0002276006, -0.00022342099
  -81.158715, -0.0002128524, -0.00022334316
  -81.13935, -0.0002244118, -0.0002233098
  -81.068345, -0.0002347754, -0.0002231875
  -81.06189, -0.0002323838, -0.00022317638
  -80.990885, -0.0002327824, -0.00022305408
  -80.965065, -0.0002307894, -0.0002230096
  -80.913425, -0.0002240132, -0.00022292066
  -80.861785, -0.0002228174, -0.00022283171
  -80.835965, -0.000229195, -0.00022278723
  -80.75205, -0.0002375656, -0.00022264269
  -80.745595, -0.0002315866, -0.00022263157
  -80.642315, -0.000223216, -0.00022245368
  -80.642315, -0.0002403558, -0.00022245368
  -80.53258, -0.000221223, -0.00022226466
  -80.53258, -0.0002116566, -0.00022226466
  -80.422845, -0.0002228174, -0.00022207564
  -80.41639, -0.0002224188, -0.00022206452
  -80.32602, -0.000213251, -0.00022190886
  -80.3002, -0.0002387614, -0.00022186438
  -80.216285, -0.0001909294, -0.00022171984
  -80.18401, -0.0002248104, -0.00022166424
  -80.100095, -0.0001985028, -0.00022151969
  -80.061365, -0.0002104608, -0.00022145298
  -79.99036, -0.0002156426, -0.00022133067
  -79.9129, -0.0002068734, -0.00022119724
  -79.880625, -0.0002108594, -0.00022114165
  -79.77089, -0.0002184328, -0.00022095262
  -79.75798, -0.0002084678, -0.00022093038
  -79.66761, -0.0002287964, -0.00022077471
  -79.596605, -0.0002395586, -0.0002206524
  -79.570785, -0.0002367684, -0.00022060792
  -79.46105, -0.0002216216, -0.0002204189
  -79.441685, -0.0002535096, -0.00022038554
  -79.37068, -0.0002148454, -0.00022026322
  -79.28031, -0.0002403558, -0.00022010755
  -79.28031, -0.00021923, -0.00022010755
  -79.196395, -0.0002299922, -0.000219963
  -79.106025, -0.000221223, -0.00021980732
  -79.09957, -0.0002383628, -0.0002197962
  -79.028565, -0.0002399572, -0.00021967389
  -78.951105, -0.0002415516, -0.00021954045
  -78.886555, -0.0002096636, -0.00021942925
  -78.873645, -0.00021923, -0.00021940701
  -78.80264, -0.0002279992, -0.00021928469
  -78.73809, -0.0002287964, -0.00021917349
  -78.679995, -0.000231188, -0.00021907341
  -78.667085, -0.0002144468, -0.00021905117
  -78.615445, -0.0002248104, -0.00021896221
  -78.563805, -0.0002136496, -0.00021887325
  -78.51862, -0.0002240132, -0.00021879541
  -78.486345, -0.0002260062, -0.00021873981
  -78.447615, -0.0002244118, -0.00021867309
  -78.44116, -0.0002383628, -0.00021866197
  -78.421795, -0.000225209, -0.00021862861
  -78.41534, -0.0002044818, -0.00021861749
  -78.395975, -0.0002040832, -0.00021858413
  -78.37661, -0.0002136496, -0.00021855077
  -78.370155, -0.0002056776, -0.00021853965
  -78.357245, -0.0002124538, -0.00021851741
  -78.33788, -0.0002108594, -0.00021848405
  -78.33788, -0.000209265, -0.00021848405
  -78.331425, -0.0002220202, -0.00021847293
  -78.318515, -0.0002164398, -0.00021845068
  -78.31206, -0.0002148454, -0.00021843956
  -78.305605, -0.000211258, -0.00021842844
  -78.305605, -0.000223216, -0.00021842844
  -78.305605, -0.0002319852, -0.00021842844
  -78.29915, -0.0002036846, -0.00021841732
  -78.292695, -0.0002299922, -0.0002184062
  -78.292695, -0.0002287964, -0.0002184062
  -78.292695, -0.000203286, -0.0002184062
  -78.28624, -0.0002108594, -0.00021839508
  -78.28624, -0.000225209, -0.00021839508
  -78.28624, -0.0002160412, -0.00021839508
  -78.28624, -0.0002327824, -0.00021839508
  -78.28624, -0.0002228174, -0.00021839508
  -78.28624, -0.0002164398, -0.00021839508
  -78.28624, -0.0002216216, -0.00021839508
  -78.28624, -0.0002004958, -0.00021839508
  -78.28624, -0.0002136496, -0.00021839508
  -78.279785, -0.0002136496, -0.00021838396
  -78.279785, -0.0002156426, -0.00021838396
  -78.279785, -0.0002279992, -0.00021838396
  -78.279785, -0.0002080692, -0.00021838396
  -78.279785, -0.0002156426, -0.00021838396
  -78.279785, -0.0002299922, -0.00021838396
  -78.279785, -0.0002124538, -0.00021838396
  -78.27333, -0.0002196286, -0.00021837284
  -78.27333, -0.0002156426, -0.00021837284
  -78.27333, -0.0002020902, -0.00021837284
  -78.27333, -0.0002204258, -0.00021837284
  -78.27333, -0.0002168384, -0.00021837284
  -78.27333, -0.0002180342, -0.00021837284
  -78.27333, -0.0002248104, -0.00021837284
  -78.27333, -0.0002276006, -0.00021837284
  -78.27333, -0.0002268034, -0.00021837284
  -78.266875, -0.0002244118, -0.00021836172
  -78.266875, -0.0002228174, -0.00021836172
  -78.266875, -0.0001941182, -0.00021836172
  -78.266875, -0.000221223, -0.00021836172
  -78.266875, -0.000217237, -0.00021836172
  -78.266875, -0.0002180342, -0.00021836172
  -78.26042, -0.0002084678, -0.0002183506
  -78.26042, -0.0002096636, -0.0002183506
  -78.26042, -0.0002140482, -0.0002183506
  -78.26042, -0.0002164398, -0.0002183506
  -78.253965, -0.0002315866, -0.00021833948
  -78.253965, -0.0002136496, -0.00021833948
  -78.253965, -0.000213251, -0.00021833948
  -78.253965, -0.0002220202, -0.00021833948
  -78.253965, -0.0002204258, -0.00021833948
  -78.24751, -0.0002128524, -0.00021832836
  -78.24751, -0.000189335, -0.00021832836
  -78.241055, -0.0002295936, -0.00021831724
  -78.228145, -0.000223216, -0.000218295
  -78.228145, -0.0002008944, -0.000218295
  -78.22169, -0.0002140482, -0.00021828388
  -78.22169, -0.0002180342, -0.00021828388
  -78.215235, -0.0002208244, -0.00021827276
  -78.20878, -0.0002160412, -0.00021826164
  -78.202325, -0.0002176356, -0.00021825052
  -78.19587, -0.000221223, -0.0002182394
  -78.189415, -0.0002060762, -0.00021822828
  -78.18296, -0.000223216, -0.00021821716
  -78.17005, -0.0002064748, -0.00021819492
  -78.15714, -0.0002248104, -0.00021817268
  -78.15714, -0.0002164398, -0.00021817268
  -78.14423, -0.0002080692, -0.00021815043
  -78.11841, -0.0002188314, -0.00021810595
  -78.11841, -0.0002287964, -0.00021810595
  -78.099045, -0.0002459362, -0.00021807259
  -78.073225, -0.0002299922, -0.00021802811
  -78.047405, -0.0002287964, -0.00021798363
  -78.047405, -0.0002088664, -0.00021798363
  -78.02804, -0.0002276006, -0.00021795027
  -78.01513, -0.0002144468, -0.00021792802
  -77.98931, -0.0002168384, -0.00021788354
  -77.957035, -0.0001985028, -0.00021782794
  -77.95058, -0.0002108594, -0.00021781682
  -77.918305, -0.0002040832, -0.00021776121
  -77.88603, -0.0002028874, -0.00021770561
  -77.879575, -0.0001909294, -0.00021769449
  -77.83439, -0.0001957126, -0.00021761665
  -77.802115, -0.0002196286, -0.00021756104
  -77.802115, -0.0002144468, -0.00021756104
  -77.750475, -0.0002120552, -0.00021747207
  -77.724655, -0.000221223, -0.00021742759
  -77.69238, -0.0002088664, -0.00021737199
  -77.647195, -0.0002024888, -0.00021729414
  -77.64074, -0.0002044818, -0.00021728302
  -77.569735, -0.0001993, -0.00021716069
  -77.55037, -0.0001965098, -0.00021712733
  -77.52455, -0.0002088664, -0.00021708284
  -77.46, -0.0002104608, -0.00021697163
  -77.46, -0.0002076706, -0.00021697163
  -77.388995, -0.0002056776, -0.0002168493
  -77.376085, -0.0002319852, -0.00021682705
  -77.31799, -0.0001957126, -0.00021672696
  -77.272805, -0.0002399572, -0.00021664911
  -77.22762, -0.000195314, -0.00021657126
  -77.182435, -0.0002276006, -0.00021649341
  -77.13725, -0.0002176356, -0.00021641556
  -77.0727, -0.0002116566, -0.00021630435
  -77.053335, -0.0002116566, -0.00021627098
  -76.975875, -0.0002355726, -0.00021613752
  -76.96942, -0.0002200272, -0.0002161264
  -76.872595, -0.00021923, -0.00021595958
  -76.872595, -0.0002244118, -0.00021595958
  -76.78868, -0.0002208244, -0.00021581499
  -76.769315, -0.0002204258, -0.00021578163
  -76.6854, -0.0002455376, -0.00021563704
  -76.653125, -0.0002124538, -0.00021558143
  -76.588575, -0.0002399572, -0.00021547021
  -76.549845, -0.0002060762, -0.00021540347
  -76.485295, -0.0002168384, -0.00021529225
  -76.44011, -0.0002108594, -0.0002152144
  -76.37556, -0.0002176356, -0.00021510317
  -76.317465, -0.0002120552, -0.00021500307
  -76.278735, -0.0002128524, -0.00021493633
  -76.175455, -0.0002164398, -0.00021475837
  -76.175455, -0.0002228174, -0.00021475837
  -76.085085, -0.000227202, -0.00021460265
  -76.046355, -0.0002124538, -0.00021453591
  -75.98826, -0.0002295936, -0.00021443581
  -75.917255, -0.0002184328, -0.00021431345
  -75.891435, -0.0002236146, -0.00021426896
  -75.7817, -0.0002256076, -0.00021407987
  -75.76879, -0.0002184328, -0.00021405762
  -75.697785, -0.0002188314, -0.00021393526
  -75.60096, -0.0002268034, -0.00021376841
  -75.594505, -0.0002068734, -0.00021375729
  -75.517045, -0.0001996986, -0.0002136238
  -75.44604, -0.0002060762, -0.00021350144
  -75.42022, -0.0002096636, -0.00021345695
  -75.362125, -0.0001969084, -0.00021335683
  -75.27821, -0.0002108594, -0.00021321222
  -75.245935, -0.0002016916, -0.0002131566
  -75.20075, -0.0002164398, -0.00021307873
  -75.116835, -0.0002144468, -0.00021293411
  -75.05874, -0.0002088664, -0.00021283399
  -75.04583, -0.0002128524, -0.00021281174
  -74.99419, -0.0002100622, -0.00021272274
  -74.91673, -0.0002299922, -0.00021258925
  -74.858635, -0.0002024888, -0.00021248912
  -74.83927, -0.0002168384, -0.00021245575
  -74.77472, -0.000201293, -0.0002123445
  -74.72308, -0.0001985028, -0.0002122555
  -74.68435, -0.0002164398, -0.00021218875
  -74.63271, -0.0002060762, -0.00021209975
  -74.626255, -0.000215244, -0.00021208862
  -74.600435, -0.0002256076, -0.00021204412
  -74.561705, -0.000211258, -0.00021197737
  -74.51652, -0.0002180342, -0.00021189949
  -74.497155, -0.0002260062, -0.00021186611
  -74.46488, -0.0002236146, -0.00021181048
  -74.445515, -0.000195314, -0.00021177711
  -74.43906, -0.0001905308, -0.00021176598
  -74.406785, -0.0002124538, -0.00021171035
  -74.38742, -0.0002196286, -0.00021167698
  -74.380965, -0.0002299922, -0.00021166585
  -74.380965, -0.0002060762, -0.00021166585
  -74.355145, -0.0002208244, -0.00021162135
  -74.342235, -0.0002343768, -0.00021159909
  -74.33578, -0.0002355726, -0.00021158797
  -74.316415, -0.0002248104, -0.00021155459
  -74.316415, -0.0002315866, -0.00021155459
  -74.303505, -0.0002216216, -0.00021153234
  -74.29705, -0.0002244118, -0.00021152121
  -74.29705, -0.0002224188, -0.00021152121
  -74.28414, -0.0002084678, -0.00021149896
  -74.28414, -0.0002120552, -0.00021149896
  -74.28414, -0.0002260062, -0.00021149896
  -74.277685, -0.0001885378, -0.00021148783
  -74.277685, -0.0002184328, -0.00021148783
  -74.264775, -0.0002020902, -0.00021146558
  -74.264775, -0.0002124538, -0.00021146558
  -74.264775, -0.0002080692, -0.00021146558
  -74.264775, -0.0001925238, -0.00021146558
  -74.264775, -0.0002303908, -0.00021146558
  -74.25832, -0.0002164398, -0.00021145446
  -74.25832, -0.0002104608, -0.00021145446
  -74.251865, -0.0002136496, -0.00021144333
  -74.251865, -0.0002156426, -0.00021144333
  -74.24541, -0.0002196286, -0.0002114322
  -74.24541, -0.0002096636, -0.0002114322
  -74.2325, -0.0002200272, -0.00021140995
  -74.213135, -0.0001961112, -0.00021137657
  -74.213135, -0.0002044818, -0.00021137657
  -74.187315, -0.0001993, -0.00021133207
  -74.18086, -0.000187342, -0.00021132094
  -74.18086, -0.0001965098, -0.00021132094
  -74.18086, -0.0002008944, -0.00021132094
  -74.16795, -0.0002068734, -0.00021129869
  -74.16795, -0.0002076706, -0.00021129869
  -74.161495, -0.0002124538, -0.00021128756
  -74.161495, -0.000211258, -0.00021128756
  -74.148585, -0.0002176356, -0.00021126531
  -74.148585, -0.0002140482, -0.00021126531
  -74.148585, -0.0001961112, -0.00021126531
  -74.14213, -0.0001917266, -0.00021125419
  -74.135675, -0.0002144468, -0.00021124306
  -74.12922, -0.0001977056, -0.00021123193
  -74.11631, -0.0002148454, -0.00021120968
  -74.11631, -0.0002048804, -0.00021120968
  -74.109855, -0.0002168384, -0.00021119855
  -74.109855, -0.0002220202, -0.00021119855
  -74.096945, -0.000221223, -0.0002111763
  -74.084035, -0.0002020902, -0.00021115405
  -74.071125, -0.0002164398, -0.00021113179
  -74.06467, -0.0001881392, -0.00021112067
  -74.05176, -0.0002016916, -0.00021109842
  -74.045305, -0.0002148454, -0.00021108729
  -74.032395, -0.0002044818, -0.00021106504
  -74.02594, -0.0002100622, -0.00021105391
  -74.019485, -0.0001941182, -0.00021104278
  -74.00012, -0.0001961112, -0.0002110094
  -73.98721, -0.000227202, -0.00021098715
  -73.967845, -0.0002024888, -0.00021095377
  -73.96139, -0.0002339782, -0.00021094264
  -73.96139, -0.0002068734, -0.00021094264
  -73.93557, -0.0002116566, -0.00021089814
  -73.916205, -0.0002144468, -0.00021086476
  -73.916205, -0.0002128524, -0.00021086476
  -73.903295, -0.000223216, -0.0002108425
  -73.877475, -0.0002200272, -0.00021079799
  -73.85811, -0.000215244, -0.00021076461
  -73.85811, -0.0002164398, -0.00021076461
  -73.825835, -0.0002140482, -0.00021070898
  -73.79356, -0.0002204258, -0.00021065334
  -73.79356, -0.0002164398, -0.00021065334
  -73.774195, -0.0002276006, -0.00021061996
  -73.748375, -0.0002188314, -0.00021057545
  -73.72901, -0.0002128524, -0.00021054207
  -73.7161, -0.000209265, -0.00021051982
  -73.67737, -0.000197307, -0.00021045305
  -73.658005, -0.0002120552, -0.00021041967
  -73.63864, -0.0002180342, -0.00021038629
  -73.593455, -0.000241153, -0.0002103084
  -73.587, -0.0002096636, -0.00021029727
  -73.56118, -0.0002216216, -0.00021025276
  -73.52245, -0.0002164398, -0.00021018599
  -73.503085, -0.0002068734, -0.00021015261
  -73.477265, -0.0002036846, -0.0002101081
  -73.438535, -0.0001957126, -0.00021004133
  -73.41917, -0.0002064748, -0.00021000795
  -73.373985, -0.000207272, -0.00020993005
  -73.373985, -0.0001941182, -0.00020993005
  -73.322345, -0.0002168384, -0.00020984102
  -73.296525, -0.0002204258, -0.00020979651
  -73.257795, -0.000223216, -0.00020972974
  -73.219065, -0.0002184328, -0.00020966297
  -73.193245, -0.0002064748, -0.00020961845
  -73.14806, -0.0002036846, -0.00020954055
  -73.13515, -0.0001993, -0.0002095183
  -73.08351, -0.0002096636, -0.00020942927
  -73.0706, -0.0002140482, -0.00020940701
  -73.012505, -0.0002040832, -0.00020930685
  -72.973775, -0.000215244, -0.00020924007
  -72.935045, -0.0001929224, -0.0002091733
  -72.883405, -0.0001985028, -0.00020908426
  -72.870495, -0.0002008944, -0.000209062
  -72.79949, -0.0001905308, -0.00020893958
  -72.793035, -0.0002148454, -0.00020892845
  -72.72203, -0.0001901322, -0.00020880602
  -72.70912, -0.0002228174, -0.00020878376
  -72.638115, -0.0002196286, -0.00020866133
  -72.638115, -0.000201293, -0.00020866133
  -72.560655, -0.0002080692, -0.00020852777
  -72.5542, -0.000203286, -0.00020851664
  -72.48965, -0.0002048804, -0.00020840533
  -72.470285, -0.0002024888, -0.00020837194
  -72.41219, -0.0002160412, -0.00020827176
  -72.379915, -0.0002056776, -0.00020821611
  -72.328275, -0.0002144468, -0.00020812706
  -72.28309, -0.0002048804, -0.00020804914
  -72.24436, -0.000209265, -0.00020798235
  -72.19272, -0.0001897336, -0.0002078933
  -72.173355, -0.000221223, -0.00020785991
  -72.10235, -0.0002224188, -0.00020773746
  -72.08944, -0.0001917266, -0.00020771519
  -72.02489, -0.0002228174, -0.00020760387
  -71.979705, -0.0001977056, -0.00020752595
  -71.96034, -0.000221223, -0.00020749255
  -71.889335, -0.0002204258, -0.00020737009
  -71.88288, -0.0001961112, -0.00020735896
  -71.83124, -0.0002120552, -0.0002072699
  -71.773145, -0.0001985028, -0.0002071697
  -71.76669, -0.0002124538, -0.00020715857
  -71.695685, -0.0002200272, -0.00020703611
  -71.66341, -0.000203286, -0.00020698044
  -71.631135, -0.0002048804, -0.00020692477
  -71.58595, -0.0002016916, -0.00020684684
  -71.553675, -0.0002036846, -0.00020679117
  -71.540765, -0.000203286, -0.0002067689
  -71.476215, -0.0002044818, -0.00020665756
  -71.437485, -0.0002004958, -0.00020659076
  -71.424575, -0.0001817616, -0.00020656849
  -71.36648, -0.0001937196, -0.00020646828
  -71.308385, -0.0001857476, -0.00020636807
  -71.30193, -0.0002060762, -0.00020635693
  -71.2632, -0.0001961112, -0.00020629012
  -71.22447, -0.0002040832, -0.00020622331
  -71.179285, -0.0002044818, -0.00020614537
  -71.17283, -0.0002108594, -0.00020613423
  -71.1341, -0.0001981042, -0.00020606742
  -71.088915, -0.0001993, -0.00020598947
  -71.050185, -0.0001869434, -0.00020592266
  -71.03082, -0.0001996986, -0.00020588925
  -71.011455, -0.0001921252, -0.00020585584
  -70.972725, -0.0002036846, -0.00020578902
  -70.933995, -0.0002016916, -0.00020572221
  -70.90172, -0.0001897336, -0.00020566653
  -70.90172, -0.0002068734, -0.00020566653
  -70.856535, -0.0002180342, -0.00020558857
  -70.830715, -0.0002096636, -0.00020554402
  -70.79844, -0.000205279, -0.00020548834
  -70.766165, -0.0002036846, -0.00020543265
  -70.7468, -0.000203286, -0.00020539924
  -70.740345, -0.0002020902, -0.00020538811
  -70.72098, -0.0001989014, -0.00020535469
  -70.714525, -0.0001996986, -0.00020534356
  -70.69516, -0.0002016916, -0.00020531015
  -70.662885, -0.000211258, -0.00020525446
  -70.649975, -0.0002168384, -0.00020523218
  -70.637065, -0.0002044818, -0.00020520991
  -70.6177, -0.0001937196, -0.0002051765
  -70.598335, -0.000203286, -0.00020514308
  -70.59188, -0.0001965098, -0.00020513194
  -70.59188, -0.0001957126, -0.00020513194
  -70.585425, -0.0002084678, -0.00020512081
  -70.57897, -0.0002024888, -0.00020510967
  -70.572515, -0.0002068734, -0.00020509853
  -70.55315, -0.0001957126, -0.00020506512
  -70.54024, -0.000201293, -0.00020504284
  -70.533785, -0.000213251, -0.0002050317
  -70.533785, -0.0002124538, -0.0002050317
  -70.520875, -0.0002240132, -0.00020500943
  -70.51442, -0.0002044818, -0.00020499829
  -70.50151, -0.000191328, -0.00020497601
  -70.482145, -0.0001905308, -0.0002049426
  -70.456325, -0.0001945168, -0.00020489804
  -70.43696, -0.0001957126, -0.00020486463
  -70.430505, -0.0002040832, -0.00020485349
  -70.417595, -0.0001801672, -0.00020483121
  -70.378865, -0.0001825588, -0.00020476438
  -70.34659, -0.0002020902, -0.00020470869
  -70.301405, -0.0002100622, -0.00020463071
  -70.262675, -0.0002080692, -0.00020456388
  -70.249765, -0.0002240132, -0.0002045416
  -70.2304, -0.0002156426, -0.00020450818
  -70.17876, -0.000207272, -0.00020441906
  -70.133575, -0.000193321, -0.00020434108
  -70.07548, -0.0001941182, -0.00020424082
  -70.056115, -0.0002264048, -0.0002042074
  -70.030295, -0.000197307, -0.00020416284
  -69.991565, -0.000205279, -0.00020409599
  -69.93347, -0.0002144468, -0.00020399573
  -69.92056, -0.000209265, -0.00020397344
  -69.888285, -0.0002148454, -0.00020391774
  -69.88183, -0.0002120552, -0.0002039066
  -69.86892, -0.0002327824, -0.00020388431
  -69.85601, -0.0002204258, -0.00020386203
  -69.8431, -0.0002168384, -0.00020383975
  -69.823735, -0.0001981042, -0.00020380632
  -69.823735, -0.0002180342, -0.00020380632
  -69.797915, -0.0002148454, -0.00020376176
  -69.77855, -0.0002000972, -0.00020372833
  -69.76564, -0.0002024888, -0.00020370605
  -69.759185, -0.0001945168, -0.00020369491
  -69.73982, -0.0002020902, -0.00020366148
  -69.70109, -0.0001996986, -0.00020359463
  -69.694635, -0.0001937196, -0.00020358348
  -69.681725, -0.0001885378, -0.0002035612
  -69.655905, -0.0001901322, -0.00020351663
  -69.64945, -0.0002056776, -0.00020350549
  -69.62363, -0.0001861462, -0.00020346092
  -69.61072, -0.00021923, -0.00020343863
  -69.604265, -0.0002036846, -0.00020342749
  -69.578445, -0.000221223, -0.00020338292
  -69.552625, -0.0002299922, -0.00020333834
  -69.539715, -0.000209265, -0.00020331606
  -69.53326, -0.0002104608, -0.00020330491
  -69.500985, -0.0001965098, -0.0002032492
  -69.475165, -0.0002076706, -0.00020320462
  -69.46871, -0.000203286, -0.00020319348
  -69.44289, -0.0002208244, -0.00020314891
  -69.41707, -0.0001957126, -0.00020310433
  -69.410615, -0.000211258, -0.00020309319
  -69.371885, -0.0002064748, -0.00020302632
  -69.36543, -0.0001925238, -0.00020301518
  -69.3267, -0.0002124538, -0.00020294831
  -69.30088, -0.0002008944, -0.00020290373
  -69.294425, -0.000203286, -0.00020289259
  -69.27506, -0.0002080692, -0.00020285915
  -69.23633, -0.0002008944, -0.00020279228
  -69.229875, -0.0002100622, -0.00020278114
  -69.191145, -0.0001885378, -0.00020271427
  -69.178235, -0.0001921252, -0.00020269198
  -69.14596, -0.0002060762, -0.00020263625
  -69.126595, -0.000197307, -0.00020260281
  -69.113685, -0.0002108594, -0.00020258052
  -69.08141, -0.0002307894, -0.00020252479
  -69.0685, -0.0001877406, -0.0002025025
  -69.02977, -0.0002136496, -0.00020243562
  -69.00395, -0.0001949154, -0.00020239104
  -68.97813, -0.000225209, -0.00020234645
  -68.958765, -0.0001993, -0.00020231301
  -68.95231, -0.0002236146, -0.00020230186
  -68.907125, -0.0002028874, -0.00020222384
  -68.90067, -0.0002108594, -0.00020221269
  -68.86194, -0.0001861462, -0.0002021458
  -68.842575, -0.0002088664, -0.00020211236
  -68.8103, -0.0001765798, -0.00020205662
  -68.78448, -0.000183356, -0.00020201203
  -68.752205, -0.0001989014, -0.00020195629
  -68.73284, -0.0001965098, -0.00020192285
  -68.687655, -0.00021923, -0.00020184481
  -68.687655, -0.0001961112, -0.00020184481
  -68.64247, -0.0002100622, -0.00020176677
  -68.636015, -0.0002068734, -0.00020175562
  -68.59083, -0.0002084678, -0.00020167758
  -68.584375, -0.0002096636, -0.00020166643
  -68.532735, -0.0001977056, -0.00020157723
  -68.532735, -0.0002128524, -0.00020157723
  -68.494005, -0.0001825588, -0.00020151033
  -68.47464, -0.0002100622, -0.00020147688
  -68.442365, -0.0001961112, -0.00020142113
  -68.41009, -0.0002116566, -0.00020136538
  -68.390725, -0.0002020902, -0.00020133193
  -68.34554, -0.0002124538, -0.00020125387
  -68.34554, -0.0002028874, -0.00020125387
  -68.2939, -0.0001905308, -0.00020116466
  -68.287445, -0.0001977056, -0.00020115351
  -68.25517, -0.0001925238, -0.00020109775
  -68.22935, -0.000201293, -0.00020105314
  -68.21644, -0.0002004958, -0.00020103084
  -68.1648, -0.0002080692, -0.00020094162
  -68.15189, -0.0002116566, -0.00020091932
  -68.12607, -0.0001985028, -0.00020087471
  -68.093795, -0.0001917266, -0.00020081894
  -68.080885, -0.000209265, -0.00020079664
  -68.055065, -0.000193321, -0.00020075202
  -68.029245, -0.0002276006, -0.00020070741
  -68.016335, -0.000201293, -0.0002006851
  -67.97115, -0.0002004958, -0.00020060703
  -67.951785, -0.0002276006, -0.00020057357
  -67.93242, -0.0001989014, -0.0002005401
  -67.9066, -0.0001949154, -0.00020049549
  -67.88078, -0.0002164398, -0.00020045087
  -67.861415, -0.0001921252, -0.0002004174
  -67.835595, -0.0002024888, -0.00020037278
  -67.80332, -0.0002164398, -0.00020031701
  -67.80332, -0.0002056776, -0.00020031701
  -67.7775, -0.000187342, -0.00020027239
  -67.758135, -0.0001869434, -0.00020023892
  -67.73877, -0.0001961112, -0.00020020545
  -67.719405, -0.0001809644, -0.00020017199
  -67.67422, -0.0001925238, -0.00020009389
  -67.654855, -0.0001817616, -0.00020006042
  -67.6484, -0.0001869434, -0.00020004927
  -67.629035, -0.0001965098, -0.0002000158
  -67.590305, -0.000205279, -0.00019994886
  -67.57094, -0.0001937196, -0.00019991538
  -67.564485, -0.0001945168, -0.00019990423
  -67.53221, -0.0001917266, -0.00019984844
  -67.50639, -0.0001917266, -0.00019980381
  -67.487025, -0.0001977056, -0.00019977033
  -67.487025, -0.0002036846, -0.00019977033
  -67.46766, -0.0002044818, -0.00019973686
  -67.435385, -0.0001881392, -0.00019968107
  -67.409565, -0.0002116566, -0.00019963643
  -67.40311, -0.000187342, -0.00019962528
  -67.37729, -0.0002024888, -0.00019958064
  -67.36438, -0.000193321, -0.00019955832
  -67.33856, -0.0001789714, -0.00019951369
  -67.332105, -0.000213251, -0.00019950253
  -67.32565, -0.0001901322, -0.00019949137
  -67.306285, -0.0001965098, -0.00019945789
  -67.28692, -0.0001941182, -0.00019942441
  -67.254645, -0.0001905308, -0.00019936861
  -67.24819, -0.0002004958, -0.00019935745
  -67.22237, -0.0002004958, -0.00019931281
  -67.190095, -0.0002088664, -0.00019925701
  -67.151365, -0.000197307, -0.00019919004
  -67.14491, -0.0002000972, -0.00019917888
  -67.11909, -0.0002056776, -0.00019913423
  -67.086815, -0.0001941182, -0.00019907843
  -67.060995, -0.0002020902, -0.00019903378
  -67.048085, -0.0002028874, -0.00019901146
  -67.01581, -0.0002124538, -0.00019895564
  -66.97708, -0.000185349, -0.00019888867
  -66.970625, -0.0002024888, -0.00019887751
  -66.92544, -0.0002036846, -0.00019879936
  -66.88671, -0.0002108594, -0.00019873238
  -66.8738, -0.0001969084, -0.00019871006
  -66.84798, -0.000207272, -0.0001986654
  -66.789885, -0.0002056776, -0.00019856492
  -66.77052, -0.0001809644, -0.00019853143
  -66.751155, -0.0001865448, -0.00019849793
  -66.70597, -0.0001741882, -0.00019841978
  -66.673695, -0.0001897336, -0.00019836395
  -66.660785, -0.0001965098, -0.00019834162
  -66.609145, -0.00017937, -0.00019825229
  -66.56396, -0.0002020902, -0.00019817412
  -66.557505, -0.0001781742, -0.00019816295
  -66.518775, -0.0001917266, -0.00019809595
  -66.467135, -0.0001857476, -0.0001980066
  -66.46068, -0.000191328, -0.00019799544
  -66.402585, -0.0001889364, -0.00019789492
  -66.3574, -0.0001957126, -0.00019781674
  -66.350945, -0.0001781742, -0.00019780557
  -66.30576, -0.0001805658, -0.00019772738
  -66.25412, -0.0001861462, -0.00019763802
  -66.247665, -0.0002056776, -0.00019762685
  -66.20248, -0.0001889364, -0.00019754865
  -66.13793, -0.0001889364, -0.00019743694
  -66.12502, -0.0002040832, -0.00019741459
  -66.08629, -0.0002004958, -0.00019734756
  -66.02174, -0.0001949154, -0.00019723583
  -65.99592, -0.0002024888, -0.00019719114
  -65.963645, -0.000201293, -0.00019713527
  -65.91846, -0.0002076706, -0.00019705705
  -65.87973, -0.0001917266, -0.00019699
  -65.86682, -0.000197307, -0.00019696765
  -65.80227, -0.0001781742, -0.0001968559
  -65.75063, -0.0001989014, -0.00019676649
  -65.73772, -0.0001921252, -0.00019674413
  -65.692535, -0.0002016916, -0.00019666589
  -65.64735, -0.000207272, -0.00019658765
  -65.60862, -0.0001945168, -0.00019652058
  -65.602165, -0.0001877406, -0.0001965094
  -65.54407, -0.0002000972, -0.00019640879
  -65.49243, -0.000193321, -0.00019631936
  -65.460155, -0.0001957126, -0.00019626346
  -65.4537, -0.0001885378, -0.00019625228
  -65.408515, -0.0001985028, -0.00019617401
  -65.356875, -0.0002004958, -0.00019608456
  -65.305235, -0.0001817616, -0.0001959951
  -65.305235, -0.0002016916, -0.0001959951
  -65.253595, -0.0001761812, -0.00019590564
  -65.20841, -0.0001777756, -0.00019582735
  -65.176135, -0.0001749854, -0.00019577143
  -65.150315, -0.000185349, -0.00019572669
  -65.137405, -0.0001849504, -0.00019570432
  -65.085765, -0.0001801672, -0.00019561484
  -65.05349, -0.0001690064, -0.00019555891
  -65.021215, -0.0001861462, -0.00019550298
  -65.008305, -0.0001981042, -0.0001954806
  -64.969575, -0.0001985028, -0.00019541348
  -64.96312, -0.000193321, -0.00019540229
  -64.943755, -0.000211258, -0.00019536873
  -64.917935, -0.0002000972, -0.00019532398
  -64.917935, -0.0001989014, -0.00019532398
  -64.892115, -0.0001741882, -0.00019527923
  -64.87275, -0.000183356, -0.00019524566
  -64.866295, -0.0002004958, -0.00019523447
  -64.840475, -0.0002000972, -0.00019518971
  -64.840475, -0.0002004958, -0.00019518971
  -64.801745, -0.0002080692, -0.00019512257
  -64.79529, -0.0002000972, -0.00019511138
  -64.78238, -0.0001996986, -0.000195089
  -64.75656, -0.0001981042, -0.00019504424
  -64.750105, -0.0001881392, -0.00019503305
  -64.737195, -0.0001889364, -0.00019501067
  -64.70492, -0.0001825588, -0.00019495471
  -64.70492, -0.0001857476, -0.00019495471
  -64.6791, -0.0001801672, -0.00019490995
  -64.672645, -0.0001797686, -0.00019489875
  -64.646825, -0.0001917266, -0.00019485398
  -64.633915, -0.000177377, -0.0001948316
  -64.608095, -0.000203286, -0.00019478683
  -64.60164, -0.0001757826, -0.00019477563
  -64.56291, -0.0001797686, -0.00019470847
  -64.56291, -0.0002128524, -0.00019470847
  -64.530635, -0.0002120552, -0.0001946525
  -64.52418, -0.0001781742, -0.00019464131
  -64.504815, -0.000213251, -0.00019460772
  -64.491905, -0.000187342, -0.00019458533
  -64.47254, -0.0001941182, -0.00019455175
  -64.45963, -0.0002048804, -0.00019452936
  -64.44672, -0.0002004958, -0.00019450697
  -64.4209, -0.000189335, -0.00019446218
  -64.401535, -0.0002060762, -0.00019442859
  -64.388625, -0.0002024888, -0.0001944062
  -64.362805, -0.000209265, -0.00019436141
  -64.34344, -0.0002056776, -0.00019432782
  -64.33053, -0.0001961112, -0.00019430542
  -64.311165, -0.0001957126, -0.00019427183
  -64.285345, -0.0002024888, -0.00019422704
  -64.285345, -0.0001949154, -0.00019422704
  -64.259525, -0.000207272, -0.00019418224
  -64.25307, -0.0001849504, -0.00019417104
  -64.220795, -0.000201293, -0.00019411505
  -64.21434, -0.0001917266, -0.00019410385
  -64.194975, -0.0001993, -0.00019407025
  -64.169155, -0.0001949154, -0.00019402545
  -64.169155, -0.0001961112, -0.00019402545
  -64.143335, -0.000197307, -0.00019398064
  -64.117515, -0.0001789714, -0.00019393584
  -64.104605, -0.0001941182, -0.00019391343
  -64.07233, -0.0001809644, -0.00019385742
  -64.065875, -0.0002008944, -0.00019384622
  -64.040055, -0.0001817616, -0.00019380141
  -64.027145, -0.0001921252, -0.000193779
  -64.001325, -0.0002044818, -0.00019373419
  -63.99487, -0.000183356, -0.00019372299
  -63.98196, -0.000209265, -0.00019370058
  -63.949685, -0.000195314, -0.00019364456
  -63.949685, -0.0001925238, -0.00019364456
  -63.923865, -0.0001869434, -0.00019359974
  -63.9045, -0.0002100622, -0.00019356612
  -63.89159, -0.0001849504, -0.00019354371
  -63.87868, -0.0001889364, -0.0001935213
  -63.859315, -0.0001945168, -0.00019348768
  -63.833495, -0.000209265, -0.00019344285
  -63.82704, -0.0002064748, -0.00019343165
  -63.794765, -0.0001941182, -0.00019337561
  -63.781855, -0.0001897336, -0.0001933532
  -63.76249, -0.0001989014, -0.00019331957
  -63.730215, -0.0001817616, -0.00019326353
  -63.72376, -0.0002084678, -0.00019325232
  -63.67212, -0.0002020902, -0.00019316264
  -63.67212, -0.0001905308, -0.00019316264
  -63.639845, -0.0001929224, -0.00019310659
  -63.626935, -0.000241153, -0.00019308417
  -63.601115, -0.000201293, -0.00019303933
  -63.59466, -0.0003284464, -0.00019302812
  -63.549475, -0.0002124538, -0.00019294963
  -63.549475, -0.0001981042, -0.00019294963
  -63.510745, -0.0001921252, -0.00019288236
  -63.510745, -0.0002156426, -0.00019288236
  -63.47847, -0.0001845518, -0.00019282629
  -63.446195, -0.0002160412, -0.00019277022
  -63.433285, -0.0001845518, -0.00019274779
  -63.40101, -0.0002136496, -0.00019269171
  -63.37519, -0.0001849504, -0.00019264685
  -63.34937, -0.000201293, -0.00019260198
  -63.330005, -0.0001817616, -0.00019256833
  -63.29773, -0.0002028874, -0.00019251225
  -63.278365, -0.0001777756, -0.00019247859
  -63.239635, -0.0002056776, -0.00019241128
  -63.22027, -0.0001825588, -0.00019237762
  -63.18154, -0.0001929224, -0.0001923103
  -63.18154, -0.0002056776, -0.0001923103
  -63.136355, -0.000209265, -0.00019223176
  -63.123445, -0.0001985028, -0.00019220932
  -63.07826, -0.0001937196, -0.00019213076
  -63.05244, -0.0001969084, -0.00019208587
  -63.02662, -0.0001845518, -0.00019204098
  -63.0008, -0.0001957126, -0.00019199608
  -62.96207, -0.0002108594, -0.00019192873
  -62.929795, -0.0002036846, -0.00019187261
  -62.91043, -0.0002080692, -0.00019183893
  -62.8717, -0.0002000972, -0.00019177157
  -62.85879, -0.0001917266, -0.00019174911
  -62.82006, -0.0001889364, -0.00019168174
  -62.800695, -0.000195314, -0.00019164806
  -62.7426, -0.0001709994, -0.00019154699
  -62.736145, -0.0001941182, -0.00019153576
  -62.684505, -0.0001909294, -0.00019144591
  -62.671595, -0.0001981042, -0.00019142345
  -62.619955, -0.0001849504, -0.00019133359
  -62.607045, -0.0002004958, -0.00019131112
  -62.555405, -0.0001789714, -0.00019122125
  -62.529585, -0.0001996986, -0.0001911763
  -62.51022, -0.0001785728, -0.0001911426
  -62.465035, -0.000211258, -0.00019106394
  -62.45858, -0.0001989014, -0.0001910527
  -62.40694, -0.0001877406, -0.0001909628
  -62.39403, -0.0001981042, -0.00019094032
  -62.348845, -0.0001781742, -0.00019086164
  -62.30366, -0.000205279, -0.00019078296
  -62.297205, -0.0001789714, -0.00019077172
  -62.245565, -0.0001777756, -0.00019068178
  -62.232655, -0.0002104608, -0.00019065929
  -62.20038, -0.0001725938, -0.00019060307
  -62.168105, -0.0002088664, -0.00019054685
  -62.142285, -0.0001721952, -0.00019050187
  -62.090645, -0.0001777756, -0.0001904119
  -62.077735, -0.0001993, -0.0001903894
  -62.039005, -0.0001801672, -0.00019032191
  -62.000275, -0.0001945168, -0.00019025442
  -61.98091, -0.0001821602, -0.00019022067
  -61.922815, -0.000191328, -0.00019011941
  -61.91636, -0.0001917266, -0.00019010816
  -61.871175, -0.0001961112, -0.00019002939
  -61.832445, -0.0001989014, -0.00018996186
  -61.82599, -0.000193321, -0.00018995061
  -61.78726, -0.0001937196, -0.00018988308
  -61.73562, -0.0002064748, -0.00018979302
  -61.73562, -0.0001885378, -0.00018979302
  -61.68398, -0.0001977056, -0.00018970296
  -61.651705, -0.0001917266, -0.00018964666
  -61.651705, -0.0001941182, -0.00018964666
  -61.60652, -0.0001837546, -0.00018956784
  -61.56779, -0.0001857476, -0.00018950026
  -61.55488, -0.0001761812, -0.00018947774
  -61.50324, -0.0001965098, -0.00018938763
  -61.46451, -0.0001897336, -0.00018932004
  -61.445145, -0.000195314, -0.00018928624
  -61.419325, -0.0001877406, -0.00018924117
  -61.380595, -0.0001897336, -0.00018917357
  -61.34832, -0.0002084678, -0.00018911722
  -61.341865, -0.0001877406, -0.00018910595
  -61.29668, -0.0001861462, -0.00018902706
  -61.251495, -0.0002020902, -0.00018894816
  -61.251495, -0.0002076706, -0.00018894816
  -61.212765, -0.0001861462, -0.00018888052
  -61.18049, -0.0001801672, -0.00018882414
  -61.148215, -0.0001877406, -0.00018876777
  -61.135305, -0.0001729924, -0.00018874521
  -61.09012, -0.000195314, -0.00018866627
  -61.05139, -0.0001961112, -0.0001885986
  -61.03848, -0.0001921252, -0.00018857604
  -61.01266, -0.0002016916, -0.00018853092
  -60.980385, -0.0001861462, -0.00018847451
  -60.941655, -0.0001821602, -0.00018840682
  -60.928745, -0.0001989014, -0.00018838425
  -60.902925, -0.0001989014, -0.00018833912
  -60.877105, -0.000209265, -0.00018829398
  -60.83192, -0.0002040832, -0.00018821497
  -60.812555, -0.0002060762, -0.00018818111
  -60.79319, -0.0001965098, -0.00018814725
  -60.75446, -0.0001901322, -0.00018807951
  -60.735095, -0.0001877406, -0.00018804564
  -60.70282, -0.0001825588, -0.00018798918
  -60.68991, -0.0002096636, -0.0001879666
  -60.66409, -0.0001885378, -0.00018792143
  -60.62536, -0.000185349, -0.00018785366
  -60.605995, -0.0001897336, -0.00018781978
  -60.59954, -0.0002208244, -0.00018780848
  -60.580175, -0.0001925238, -0.00018777459
  -60.567265, -0.0002080692, -0.000187752
  -60.554355, -0.0002060762, -0.00018772941
  -60.541445, -0.0001901322, -0.00018770681
  -60.528535, -0.0001993, -0.00018768422
  -60.50917, -0.0001957126, -0.00018765032
  -60.502715, -0.0001969084, -0.00018763902
  -60.476895, -0.0001905308, -0.00018759382
  -60.47044, -0.0001949154, -0.00018758252
  -60.451075, -0.0001869434, -0.00018754862
  -60.44462, -0.0001821602, -0.00018753732
  -60.425255, -0.0001881392, -0.00018750341
  -60.412345, -0.0001869434, -0.0001874808
  -60.39298, -0.000197307, -0.00018744689
  -60.373615, -0.0001721952, -0.00018741298
  -60.36716, -0.000209265, -0.00018740168
  -60.347795, -0.0002056776, -0.00018736776
  -60.334885, -0.0001821602, -0.00018734515
  -60.31552, -0.0001977056, -0.00018731123
  -60.296155, -0.0001981042, -0.00018727731
  -60.283245, -0.0001945168, -0.00018725469
  -60.257425, -0.0001996986, -0.00018720946
  -60.244515, -0.0002076706, -0.00018718684
  -60.22515, -0.0001897336, -0.00018715291
  -60.21224, -0.0001985028, -0.00018713029
  -60.19933, -0.0002004958, -0.00018710767
  -60.167055, -0.000189335, -0.0001870511
  -60.167055, -0.0001993, -0.0001870511
  -60.13478, -0.0001901322, -0.00018699454
  -60.115415, -0.000197307, -0.00018696059
  -60.10896, -0.000191328, -0.00018694928
  -60.08314, -0.0002008944, -0.00018690401
  -60.076685, -0.0001905308, -0.0001868927
  -60.050865, -0.0001849504, -0.00018684743
  -60.04441, -0.0001929224, -0.00018683611
  -60.012135, -0.000191328, -0.00018677952
  -60.00568, -0.000175384, -0.0001867682
  -59.973405, -0.0002016916, -0.0001867116
  -59.95404, -0.0001741882, -0.00018667763
  -59.94113, -0.0001989014, -0.00018665499
  -59.9024, -0.0001957126, -0.00018658705
  -59.895945, -0.0001761812, -0.00018657572
  -59.86367, -0.0001837546, -0.0001865191
  -59.86367, -0.000189335, -0.0001865191
  -59.83785, -0.0001809644, -0.00018647379
  -59.805575, -0.0001829574, -0.00018641715
  -59.79912, -0.0001809644, -0.00018640582
  -59.76039, -0.0001929224, -0.00018633785
  -59.76039, -0.0001749854, -0.00018633785
  -59.728115, -0.000181363, -0.00018628119
  -59.72166, -0.0001941182, -0.00018626986
  -59.68293, -0.0001881392, -0.00018620186
  -59.67002, -0.0001761812, -0.00018617919
  -59.6442, -0.0001969084, -0.00018613385
  -59.61838, -0.0001749854, -0.0001860885
  -59.60547, -0.0001817616, -0.00018606583
  -59.57965, -0.0001921252, -0.00018602048
  -59.560285, -0.0001925238, -0.00018598646
  -59.54092, -0.0001945168, -0.00018595244
  -59.50219, -0.0001957126, -0.00018588439
  -59.495735, -0.0001765798, -0.00018587305
  -59.47637, -0.0001989014, -0.00018583902
  -59.444095, -0.0001885378, -0.00018578229
  -59.418275, -0.0002016916, -0.00018573691
  -59.392455, -0.0001937196, -0.00018569152
  -59.36018, -0.0001857476, -0.00018563478
  -59.353725, -0.0002036846, -0.00018562343
  -59.314995, -0.0001961112, -0.00018555533
  -59.302085, -0.0001817616, -0.00018553262
  -59.263355, -0.0002004958, -0.0001854645
  -59.263355, -0.0001642232, -0.0001854645
  -59.21817, -0.0001917266, -0.00018538502
  -59.20526, -0.0001769784, -0.0001853623
  -59.17944, -0.000193321, -0.00018531687
  -59.147165, -0.0001797686, -0.00018526007
  -59.134255, -0.0001925238, -0.00018523735
  -59.08907, -0.000187342, -0.00018515782
  -59.07616, -0.000169405, -0.00018513509
  -59.043885, -0.0001825588, -0.00018507827
  -59.030975, -0.0001805658, -0.00018505554
  -58.992245, -0.0001837546, -0.00018498733
  -58.98579, -0.0001741882, -0.00018497597
  -58.93415, -0.00017937, -0.00018488501
  -58.927695, -0.0001825588, -0.00018487364
  -58.88251, -0.0001929224, -0.00018479403
  -58.8696, -0.0001801672, -0.00018477128
  -58.824415, -0.0001917266, -0.00018469164
  -58.811505, -0.0001981042, -0.00018466889
  -58.772775, -0.0001777756, -0.00018460061
  -58.759865, -0.000183356, -0.00018457785
  -58.721135, -0.0001801672, -0.00018450956
  -58.70177, -0.000185349, -0.00018447541
  -58.66304, -0.0001905308, -0.0001844071
  -58.656585, -0.000189335, -0.00018439571
  -58.604945, -0.0001761812, -0.00018430461
  -58.604945, -0.000185349, -0.00018430461
  -58.553305, -0.0001682092, -0.00018421348
  -58.54685, -0.000187342, -0.00018420209
  -58.501665, -0.0001725938, -0.00018412233
  -58.49521, -0.000183356, -0.00018411093
  -58.45648, -0.000195314, -0.00018404255
  -58.437115, -0.000161433, -0.00018400835
  -58.41775, -0.0001925238, -0.00018397415
  -58.372565, -0.0001761812, -0.00018389433
  -58.359655, -0.0001857476, -0.00018387153
  -58.320925, -0.000183356, -0.0001838031
  -58.308015, -0.0001925238, -0.00018378028
  -58.282195, -0.0001825588, -0.00018373465
  -58.256375, -0.0002124538, -0.00018368901
  -58.230555, -0.0001789714, -0.00018364336
  -58.19828, -0.0001817616, -0.0001835863
  -58.18537, -0.000175384, -0.00018356347
  -58.127275, -0.0001745868, -0.00018346072
  -58.12082, -0.0001769784, -0.0001834493
  -58.08209, -0.0001626288, -0.00018338078
  -58.062725, -0.0001821602, -0.00018334651
  -58.05627, -0.0001865448, -0.00018333509
  -58.011085, -0.0002084678, -0.00018325512
  -57.998175, -0.0001745868, -0.00018323226
  -57.959445, -0.0001897336, -0.00018316369
  -57.92717, -0.0001889364, -0.00018310654
  -57.91426, -0.0001945168, -0.00018308368
  -57.87553, -0.0002088664, -0.00018301507
  -57.86262, -0.0001949154, -0.0001829922
  -57.8368, -0.0001993, -0.00018294645
  -57.79807, -0.0002048804, -0.00018287782
  -57.778705, -0.0001849504, -0.0001828435
  -57.752885, -0.0002068734, -0.00018279773
  -57.72061, -0.0001841532, -0.0001827405
  -57.7077, -0.0001937196, -0.00018271761
  -57.66897, -0.0001686078, -0.00018264892
  -57.649605, -0.0001809644, -0.00018261457
  -57.64315, -0.000175384, -0.00018260312
  -57.597965, -0.000187342, -0.00018252295
  -57.5786, -0.000197307, -0.00018248859
  -57.559235, -0.0001985028, -0.00018245422
  -57.507595, -0.0002008944, -0.00018236255
  -57.50114, -0.0001901322, -0.00018235109
  -57.468865, -0.0002140482, -0.00018229377
  -57.42368, -0.000205279, -0.00018221352
  -57.417225, -0.00017937, -0.00018220205
  -57.39786, -0.0001885378, -0.00018216764
  -57.34622, -0.0001749854, -0.00018207588
  -57.339765, -0.0001885378, -0.0001820644
  -57.3204, -0.0001877406, -0.00018202998
  -57.29458, -0.000183356, -0.00018198408
  -57.262305, -0.000185349, -0.00018192669
  -57.25585, -0.0001909294, -0.00018191521
  -57.223575, -0.000187342, -0.00018185781
  -57.1913, -0.000191328, -0.00018180039
  -57.171935, -0.0001845518, -0.00018176593
  -57.159025, -0.0001809644, -0.00018174296
  -57.12675, -0.0001821602, -0.00018168552
  -57.094475, -0.000183356, -0.00018162806
  -57.08802, -0.0001745868, -0.00018161657
  -57.04929, -0.0001857476, -0.0001815476
  -57.017015, -0.0001889364, -0.00018149012
  -56.99765, -0.0001702022, -0.00018145562
  -56.991195, -0.000187342, -0.00018144412
  -56.95892, -0.0001702022, -0.00018138661
  -56.90728, -0.0001725938, -0.00018129457
  -56.90728, -0.0001702022, -0.00018129457
  -56.875005, -0.000177377, -0.00018123703
  -56.836275, -0.000183356, -0.00018116796
  -56.836275, -0.0001737896, -0.00018116796
  -56.804, -0.000181363, -0.00018111038
  -56.79109, -0.000193321, -0.00018108735
  -56.77818, -0.0001897336, -0.00018106432
  -56.75236, -0.0001881392, -0.00018101824
  -56.75236, -0.0001777756, -0.00018101824
  -56.720085, -0.0001698036, -0.00018096063
  -56.71363, -0.0001897336, -0.00018094911
  -56.694265, -0.0001777756, -0.00018091453
  -56.681355, -0.0001865448, -0.00018089148
  -56.668445, -0.0001761812, -0.00018086843
  -56.642625, -0.0001717966, -0.00018082231
  -56.63617, -0.000187342, -0.00018081078
  -56.61035, -0.000177377, -0.00018076466
  -56.590985, -0.0001869434, -0.00018073006
  -56.57162, -0.0001797686, -0.00018069545
  -56.5458, -0.000177377, -0.0001806493
  -56.539345, -0.0001662162, -0.00018063776
  -56.513525, -0.0001626288, -0.0001805916
  -56.487705, -0.0001682092, -0.00018054543
  -56.487705, -0.0001690064, -0.00018054543
  -56.448975, -0.0001706008, -0.00018047616
  -56.448975, -0.0001670134, -0.00018047616
  -56.4167, -0.000181363, -0.00018041842
  -56.40379, -0.0001626288, -0.00018039532
  -56.384425, -0.000183356, -0.00018036066
  -56.36506, -0.000165419, -0.000180326
  -56.345695, -0.0001646218, -0.00018029134
  -56.319875, -0.0001626288, -0.0001802451
  -56.31342, -0.0001682092, -0.00018023355
  -56.27469, -0.0001642232, -0.00018016418
  -56.27469, -0.000177377, -0.00018016418
  -56.242415, -0.0001769784, -0.00018010635
  -56.23596, -0.00015944, -0.00018009479
  -56.203685, -0.0001837546, -0.00018003695
  -56.177865, -0.0001618316, -0.00017999066
  -56.17141, -0.0001881392, -0.00017997909
  -56.152045, -0.0001849504, -0.00017994437
  -56.13268, -0.0001929224, -0.00017990964
  -56.10686, -0.0001901322, -0.00017986333
  -56.08104, -0.0002040832, -0.00017981701
  -56.061675, -0.0001777756, -0.00017978226
  -56.01649, -0.0002020902, -0.00017970116
  -56.01649, -0.000181363, -0.00017970116
  -55.984215, -0.0001801672, -0.00017964321
  -55.96485, -0.0001897336, -0.00017960843
  -55.958395, -0.0001781742, -0.00017959684
  -55.91321, -0.0001901322, -0.00017951566
  -55.906755, -0.000165419, -0.00017950407
  -55.87448, -0.0001981042, -0.00017944606
  -55.868025, -0.0001757826, -0.00017943446
  -55.829295, -0.0001909294, -0.00017936483
  -55.80993, -0.000171398, -0.00017933
  -55.777655, -0.0001857476, -0.00017927195
  -55.7712, -0.0001805658, -0.00017926034
  -55.738925, -0.0001741882, -0.00017920226
  -55.713105, -0.0001781742, -0.00017915579
  -55.69374, -0.0001857476, -0.00017912093
  -55.661465, -0.0001861462, -0.00017906282
  -55.648555, -0.0001825588, -0.00017903957
  -55.609825, -0.0001745868, -0.0001789698
  -55.596915, -0.0001901322, -0.00017894653
  -55.56464, -0.0001658176, -0.00017888837
  -55.53882, -0.0001869434, -0.00017884182
  -55.519455, -0.000169405, -0.0001788069
  -55.493635, -0.0001849504, -0.00017876034
  -55.467815, -0.000171398, -0.00017871376
  -55.441995, -0.0001849504, -0.00017866717
  -55.416175, -0.0001885378, -0.00017862057
  -55.390355, -0.0001809644, -0.00017857396
  -55.37099, -0.0001821602, -0.00017853899
  -55.338715, -0.0001925238, -0.00017848069
  -55.31935, -0.0001805658, -0.00017844571
  -55.274165, -0.0001737896, -0.00017836405
  -55.274165, -0.0001929224, -0.00017836405
  -55.22898, -0.0001897336, -0.00017828236
  -55.21607, -0.0001670134, -0.00017825901
  -55.17734, -0.0001869434, -0.00017818895
  -55.16443, -0.0001578456, -0.00017816559
  -55.119245, -0.0001761812, -0.0001780838
  -55.119245, -0.000161433, -0.0001780838
  -55.06115, -0.0001765798, -0.0001779786
  -55.06115, -0.0001709994, -0.0001779786
  -55.00951, -0.0001837546, -0.00017788502
  -54.9966, -0.0001825588, -0.00017786162
  -54.95787, -0.000181363, -0.0001777914
  -54.95787, -0.0001658176, -0.0001777914
  -54.91914, -0.0001749854, -0.00017772115
  -54.90623, -0.000175384, -0.00017769773
  -54.861045, -0.0001622302, -0.00017761572
  -54.84168, -0.000177377, -0.00017758056
  -54.822315, -0.0001566498, -0.0001775454
  -54.783585, -0.0001789714, -0.00017747505
  -54.77713, -0.000161433, -0.00017746332
  -54.72549, -0.0001817616, -0.00017736946
  -54.72549, -0.0001658176, -0.00017736946
  -54.680305, -0.0001845518, -0.00017728729
  -54.667395, -0.0001670134, -0.00017726381
  -54.628665, -0.0001781742, -0.00017719333
  -54.6093, -0.0001817616, -0.00017715808
  -54.58348, -0.0001865448, -0.00017711107
  -54.538295, -0.0001805658, -0.00017702877
  -54.53184, -0.0001745868, -0.00017701701
  -54.486655, -0.0001729924, -0.00017693466
  -54.4802, -0.0001638246, -0.00017692289
  -54.435015, -0.0001550554, -0.00017684049
  -54.41565, -0.0001610344, -0.00017680516
  -54.38983, -0.0001717966, -0.00017675805
  -54.370465, -0.0001690064, -0.0001767227
  -54.33819, -0.0001789714, -0.00017666377
  -54.331735, -0.0001785728, -0.00017665198
  -54.280095, -0.0001857476, -0.00017655764
  -54.280095, -0.0001837546, -0.00017655764
  -54.23491, -0.0001809644, -0.00017647504
  -54.215545, -0.0001757826, -0.00017643963
  -54.19618, -0.000177377, -0.00017640421
  -54.150995, -0.0001690064, -0.00017632153
  -54.150995, -0.0001682092, -0.00017632153
  -54.0929, -0.000185349, -0.00017621515
  -54.073535, -0.0001721952, -0.00017617968
  -54.05417, -0.0001869434, -0.00017614419
  -54.02835, -0.0001706008, -0.00017609687
  -54.008985, -0.0001821602, -0.00017606136
  -53.98962, -0.0001602372, -0.00017602585
  -53.944435, -0.0001682092, -0.00017594295
  -53.944435, -0.0001670134, -0.00017594295
  -53.91216, -0.0001877406, -0.00017588371
  -53.866975, -0.000197307, -0.00017580072
  -53.854065, -0.0001721952, -0.000175777
  -53.82179, -0.0001737896, -0.00017571769
  -53.789515, -0.0001709994, -0.00017565835
  -53.776605, -0.000185349, -0.00017563461
  -53.763695, -0.0001702022, -0.00017561086
  -53.724965, -0.0001662162, -0.0001755396
  -53.71851, -0.0001829574, -0.00017552772
  -53.69269, -0.000167412, -0.00017548018
  -53.660415, -0.0001829574, -0.00017542074
  -53.62814, -0.0001809644, -0.00017536127
  -53.62814, -0.0001817616, -0.00017536127
  -53.582955, -0.0001785728, -0.00017527797
  -53.55068, -0.0001761812, -0.00017521843
  -53.544225, -0.0001638246, -0.00017520653
  -53.518405, -0.0001785728, -0.00017515888
  -53.48613, -0.0001702022, -0.00017509929
  -53.47322, -0.0001821602, -0.00017507545
  -53.453855, -0.0001741882, -0.00017503967
  -53.42158, -0.0001789714, -0.00017498003
  -53.402215, -0.0001941182, -0.00017494423
  -53.38285, -0.0001606358, -0.00017490843
  -53.350575, -0.0001590414, -0.00017484872
  -53.3183, -0.0001622302, -0.00017478899
  -53.311845, -0.000185349, -0.00017477704
  -53.273115, -0.0001570484, -0.00017470532
  -53.234385, -0.0001638246, -0.00017463356
  -53.21502, -0.000183356, -0.00017459766
  -53.1892, -0.000171398, -0.00017454979
  -53.144015, -0.0001666148, -0.00017446595
  -53.13756, -0.0001905308, -0.00017445397
  -53.11174, -0.0001686078, -0.00017440604
  -53.07301, -0.0001729924, -0.0001743341
  -53.040735, -0.0001881392, -0.00017427412
  -53.02137, -0.000177377, -0.00017423812
  -52.976185, -0.0001658176, -0.00017415407
  -52.94391, -0.000177377, -0.000174094
  -52.931, -0.0001642232, -0.00017406996
  -52.898725, -0.0001586428, -0.00017400985
  -52.847085, -0.0001757826, -0.0001739136
  -52.847085, -0.0001781742, -0.0001739136
  -52.795445, -0.0001777756, -0.00017381728
  -52.782535, -0.0001725938, -0.00017379318
  -52.756715, -0.0001757826, -0.00017374498
  -52.743805, -0.0001837546, -0.00017372087
  -52.717985, -0.0001829574, -0.00017367264
  -52.705075, -0.000167412, -0.00017364851
  -52.69862, -0.0001877406, -0.00017363645
  -52.666345, -0.0001725938, -0.00017357611
  -52.653435, -0.0001781742, -0.00017355196
  -52.640525, -0.0001682092, -0.00017352781
  -52.614705, -0.000183356, -0.0001734795
  -52.601795, -0.0001698036, -0.00017345533
  -52.575975, -0.0001725938, -0.00017340698
  -52.575975, -0.0001745868, -0.00017340698
  -52.550155, -0.0001670134, -0.00017335861
  -52.524335, -0.0001737896, -0.00017331022
  -52.524335, -0.000173391, -0.00017331022
  -52.49206, -0.0001801672, -0.0001732497
  -52.47915, -0.0001825588, -0.00017322549
  -52.472695, -0.000163426, -0.00017321338
  -52.44042, -0.0001622302, -0.0001731528
  -52.421055, -0.0001626288, -0.00017311644
  -52.4146, -0.0001558526, -0.00017310432
  -52.38878, -0.0001598386, -0.00017305582
  -52.37587, -0.0001801672, -0.00017303156
  -52.356505, -0.0001698036, -0.00017299516
  -52.330685, -0.000191328, -0.0001729466
  -52.32423, -0.0001717966, -0.00017293446
  -52.291955, -0.0001825588, -0.00017287373
  -52.266135, -0.0001717966, -0.00017282512
  -52.25968, -0.000173391, -0.00017281297
  -52.22095, -0.0001550554, -0.00017274
  -52.22095, -0.0001586428, -0.00017274
  -52.18222, -0.0001506708, -0.00017266698
  -52.162855, -0.0001502722, -0.00017263046
  -52.149945, -0.0001709994, -0.0001726061
  -52.124125, -0.000165419, -0.00017255736
  -52.111215, -0.000163426, -0.00017253299
  -52.085395, -0.0001550554, -0.00017248422
  -52.059575, -0.0001662162, -0.00017243542
  -52.046665, -0.0001650204, -0.00017241102
  -52.020845, -0.0001618316, -0.00017236219
  -52.01439, -0.0001590414, -0.00017234998
  -51.995025, -0.000167412, -0.00017231334
  -51.96275, -0.0001638246, -0.00017225224
  -51.94984, -0.0001578456, -0.00017222779
  -51.91111, -0.000161433, -0.0001721544
  -51.91111, -0.000171398, -0.0001721544
  -51.87238, -0.0001618316, -0.00017208096
  -51.85947, -0.0001678106, -0.00017205646
  -51.827195, -0.0001506708, -0.00017199521
  -51.80783, -0.0001666148, -0.00017195843
  -51.79492, -0.0001550554, -0.00017193391
  -51.762645, -0.0001678106, -0.00017187257
  -51.75619, -0.0001650204, -0.0001718603
  -51.71746, -0.0001642232, -0.00017178663
  -51.698095, -0.00017937, -0.00017174978
  -51.67873, -0.0001670134, -0.00017171291
  -51.646455, -0.0001678106, -0.00017165143
  -51.633545, -0.00015944, -0.00017162683
  -51.594815, -0.0001598386, -0.00017155298
  -51.581905, -0.0001546568, -0.00017152836
  -51.54963, -0.0001638246, -0.00017146676
  -51.543175, -0.0001610344, -0.00017145443
  -51.504445, -0.0001686078, -0.00017138045
  -51.48508, -0.0001658176, -0.00017134343
  -51.44635, -0.0001582442, -0.00017126936
  -51.439895, -0.000163426, -0.00017125701
  -51.414075, -0.0001646218, -0.00017120759
  -51.388255, -0.0001737896, -0.00017115814
  -51.375345, -0.0001765798, -0.0001711334
  -51.336615, -0.0001650204, -0.00017105916
  -51.336615, -0.0001905308, -0.00017105916
  -51.297885, -0.0001757826, -0.00017098485
  -51.29143, -0.0001737896, -0.00017097246
  -51.23979, -0.0001729924, -0.00017087327
  -51.23979, -0.0001610344, -0.00017087327
  -51.194605, -0.0001709994, -0.00017078639
  -51.18815, -0.000161433, -0.00017077397
  -51.142965, -0.0001845518, -0.00017068699
  -51.142965, -0.0001749854, -0.00017068699
  -51.09778, -0.0001809644, -0.00017059993
  -51.091325, -0.0001829574, -0.00017058748
  -51.05905, -0.000173391, -0.00017052523
  -51.052595, -0.0001562512, -0.00017051277
  -51.00741, -0.0001717966, -0.00017042553
  -50.9945, -0.000157447, -0.00017040058
  -50.962225, -0.0001598386, -0.00017033819
  -50.95577, -0.0001709994, -0.00017032571
  -50.923495, -0.0001602372, -0.00017026326
  -50.910585, -0.0001598386, -0.00017023827
  -50.87831, -0.0001690064, -0.00017017576
  -50.858945, -0.000153461, -0.00017013823
  -50.82667, -0.000161433, -0.00017007564
  -50.794395, -0.000161433, -0.00017001301
  -50.781485, -0.000157447, -0.00016998794
  -50.74921, -0.0001558526, -0.00016992524
  -50.742755, -0.0001789714, -0.00016991269
  -50.69757, -0.00017937, -0.00016982481
  -50.69757, -0.0001610344, -0.00016982481
  -50.65884, -0.0001709994, -0.00016974941
  -50.639475, -0.00017937, -0.00016971169
  -50.62011, -0.0001626288, -0.00016967394
  -50.58138, -0.000169405, -0.0001695984
  -50.574925, -0.0001702022, -0.0001695858
  -50.52974, -0.0001638246, -0.00016949756
  -50.52974, -0.0001741882, -0.00016949756
  -50.4781, -0.0001586428, -0.00016939659
  -50.471645, -0.0001586428, -0.00016938396
  -50.45228, -0.0001626288, -0.00016934606
  -50.420005, -0.0001721952, -0.00016928285
  -50.407095, -0.0001666148, -0.00016925755
  -50.38773, -0.0001538596, -0.00016921959
  -50.355455, -0.000175384, -0.00016915627
  -50.342545, -0.000151468, -0.00016913093
  -50.31027, -0.0001462862, -0.00016906754
  -50.29736, -0.0001717966, -0.00016904217
  -50.27154, -0.0001618316, -0.0001689914
  -50.239265, -0.0001717966, -0.00016892789
  -50.226355, -0.0001646218, -0.00016890247
  -50.19408, -0.000153461, -0.00016883889
  -50.174715, -0.0001582442, -0.00016880072
  -50.15535, -0.0001482792, -0.00016876252
  -50.135985, -0.000147482, -0.0001687243
  -50.123075, -0.000151468, -0.00016869882
  -50.097255, -0.0001502722, -0.00016864781
  -50.097255, -0.0001462862, -0.00016864781
  -50.058525, -0.0001666148, -0.00016857124
  -50.02625, -0.0001690064, -0.00016850737
  -50.01334, -0.0001769784, -0.00016848181
  -49.98752, -0.0001706008, -0.00016843066
  -49.97461, -0.0001690064, -0.00016840507
  -49.94879, -0.0001566498, -0.00016835386
  -49.916515, -0.0001582442, -0.00016828979
  -49.903605, -0.0001769784, -0.00016826415
  -49.88424, -0.00015944, -0.00016822567
  -49.84551, -0.0001630274, -0.00016814865
  -49.839055, -0.0001550554, -0.00016813581
  -49.813235, -0.0001582442, -0.0001680844
  -49.774505, -0.0001502722, -0.00016800722
  -49.76805, -0.0001518666, -0.00016799435
  -49.748685, -0.0001486778, -0.00016795573
  -49.71641, -0.0001602372, -0.0001678913
  -49.7035, -0.0001729924, -0.00016786551
  -49.671225, -0.0001717966, -0.000167801
  -49.632495, -0.0001805658, -0.00016772351
  -49.61313, -0.0001670134, -0.00016768473
  -49.580855, -0.0001761812, -0.00016762004
  -49.555035, -0.000157447, -0.00016756825
  -49.54858, -0.000161433, -0.0001675553
  -49.503395, -0.0001490764, -0.00016746455
  -49.48403, -0.0001498736, -0.00016742562
  -49.451755, -0.0001506708, -0.00016736069
  -49.43239, -0.0001646218, -0.0001673217
  -49.40657, -0.0001486778, -0.00016726968
  -49.387205, -0.0001586428, -0.00016723063
  -49.34202, -0.0001622302, -0.00016713944
  -49.322655, -0.000165419, -0.00016710032
  -49.30329, -0.000177377, -0.00016706118
  -49.258105, -0.000175384, -0.00016696974
  -49.23874, -0.000165419, -0.00016693052
  -49.206465, -0.0001598386, -0.00016686509
  -49.180645, -0.0001837546, -0.0001668127
  -49.167735, -0.0001670134, -0.00016678649
  -49.14837, -0.0001817616, -0.00016674716
  -49.129005, -0.0001670134, -0.0001667078
  -49.12255, -0.0001690064, -0.00016669467
  -49.09673, -0.000151468, -0.00016664214
  -49.07091, -0.0001658176, -0.00016658957
  -49.07091, -0.0001670134, -0.00016658957
  -49.038635, -0.0001741882, -0.00016652379
  -49.038635, -0.0001638246, -0.00016652379
  -49.01927, -0.0001646218, -0.00016648429
  -48.986995, -0.000167412, -0.0001664184
  -48.986995, -0.0001825588, -0.0001664184
  -48.961175, -0.0001809644, -0.00016636563
  -48.94181, -0.0001729924, -0.00016632603
  -48.935355, -0.0001566498, -0.00016631282
  -48.91599, -0.0001546568, -0.00016627319
  -48.90308, -0.0001618316, -0.00016624675
  -48.87726, -0.0001590414, -0.00016619384
  -48.85144, -0.0001538596, -0.00016614088
  -48.844985, -0.0001470834, -0.00016612764
  -48.819165, -0.0001470834, -0.00016607462
  -48.7998, -0.0001662162, -0.00016603483
  -48.780435, -0.0001486778, -0.00016599502
  -48.754615, -0.0001717966, -0.00016594188
  -48.74816, -0.0001582442, -0.00016592859
  -48.728795, -0.0001638246, -0.00016588871
  -48.715885, -0.0001721952, -0.0001658621
  -48.69652, -0.0001610344, -0.00016582217
  -48.664245, -0.0001530624, -0.00016575556
  -48.65779, -0.0001618316, -0.00016574222
  -48.63197, -0.0001558526, -0.00016568887
  -48.612605, -0.0001522652, -0.00016564882
  -48.60615, -0.0001646218, -0.00016563546
  -48.56742, -0.0001542582, -0.00016555526
  -48.560965, -0.0001666148, -0.00016554189
  -48.535145, -0.0001570484, -0.00016548835
  -48.522235, -0.0001562512, -0.00016546156
  -48.496415, -0.000169405, -0.00016540795
  -48.483505, -0.0001662162, -0.00016538112
  -48.457685, -0.0001690064, -0.00016532743
  -48.431865, -0.0001678106, -0.0001652737
  -48.42541, -0.0001702022, -0.00016526025
  -48.393135, -0.0001757826, -0.000165193
  -48.380225, -0.0001530624, -0.00016516607
  -48.354405, -0.000171398, -0.00016511218
  -48.328585, -0.0001399086, -0.00016505824
  -48.328585, -0.0001450904, -0.00016505824
  -48.2834, -0.0001423002, -0.00016496372
  -48.276945, -0.000141503, -0.0001649502
  -48.238215, -0.0001662162, -0.00016486904
  -48.23176, -0.0001462862, -0.0001648555
  -48.212395, -0.0001765798, -0.00016481486
  -48.186575, -0.0001626288, -0.00016476064
  -48.18012, -0.0001638246, -0.00016474707
  -48.134935, -0.0001562512, -0.00016465202
  -48.134935, -0.0001586428, -0.00016465202
  -48.096205, -0.000149475, -0.00016457042
  -48.07684, -0.000155454, -0.00016452958
  -48.044565, -0.0001518666, -0.00016446143
  -48.031655, -0.0001522652, -0.00016443415
  -48.005835, -0.000187342, -0.00016437954
  -47.98647, -0.0001586428, -0.00016433856
  -47.97356, -0.0001805658, -0.00016431121
  -47.93483, -0.0001586428, -0.0001642291
  -47.928375, -0.000171398, -0.0001642154
  -47.889645, -0.0001702022, -0.00016413314
  -47.889645, -0.000173391, -0.00016413314
  -47.838005, -0.0001749854, -0.00016402326
  -47.838005, -0.0001642232, -0.00016402326
  -47.799275, -0.0001737896, -0.0001639407
  -47.79282, -0.000165419, -0.00016392693
  -47.760545, -0.0001662162, -0.00016385801
  -47.75409, -0.0001749854, -0.00016384422
  -47.708905, -0.000167412, -0.00016374756
  -47.70245, -0.0001717966, -0.00016373374
  -47.66372, -0.0001566498, -0.00016365072
  -47.657265, -0.000169405, -0.00016363687
  -47.618535, -0.000163426, -0.0001635537
  -47.61208, -0.000163426, -0.00016353982
  -47.58626, -0.0001650204, -0.00016348429
  -47.566895, -0.0001602372, -0.00016344259
  -47.528165, -0.000171398, -0.00016335911
  -47.52171, -0.000167412, -0.00016334518
  -47.48298, -0.0001542582, -0.00016326153
  -47.47007, -0.0001678106, -0.00016323362
  -47.450705, -0.0001566498, -0.00016319172
  -47.43134, -0.0001737896, -0.00016314979
  -47.41843, -0.0001486778, -0.00016312182
  -47.39261, -0.0001698036, -0.00016306582
  -47.360335, -0.000157447, -0.00016299574
  -47.334515, -0.0001781742, -0.0001629396
  -47.321605, -0.0001518666, -0.00016291151
  -47.30224, -0.0001419016, -0.00016286934
  -47.282875, -0.000177377, -0.00016282713
  -47.26351, -0.0001618316, -0.00016278489
  -47.22478, -0.00015944, -0.0001627003
  -47.218325, -0.0001698036, -0.00016268619
  -47.179595, -0.0001602372, -0.00016260143
  -47.17314, -0.0001530624, -0.00016258729
  -47.14732, -0.0001506708, -0.00016253069
  -47.13441, -0.0001510694, -0.00016250236
  -47.115045, -0.0001546568, -0.00016245984
  -47.06986, -0.0001582442, -0.00016236048
  -47.063405, -0.000155454, -0.00016234626
  -47.024675, -0.0001618316, -0.00016226091
  -47.01822, -0.000171398, -0.00016224667
  -46.9924, -0.0001578456, -0.00016218966
  -46.96658, -0.00015944, -0.00016213259
  -46.96658, -0.0001709994, -0.00016213259
  -46.94076, -0.0001478806, -0.00016207545
  -46.90203, -0.0001550554, -0.00016198961
  -46.90203, -0.0001466848, -0.00016198961
  -46.869755, -0.0001566498, -0.00016191795
  -46.83748, -0.0001570484, -0.00016184619
  -46.818115, -0.0001658176, -0.00016180308
  -46.792295, -0.0001570484, -0.00016174554
  -46.78584, -0.0001478806, -0.00016173114
  -46.753565, -0.0001522652, -0.00016165909
  -46.727745, -0.000163426, -0.00016160137
  -46.72129, -0.0001666148, -0.00016158693
  -46.689015, -0.0001638246, -0.00016151465
  -46.663195, -0.0001709994, -0.00016145675
  -46.64383, -0.0001586428, -0.00016141328
  -46.611555, -0.000167412, -0.00016134073
  -46.611555, -0.0001566498, -0.00016134073
  -46.56637, -0.0001602372, -0.00016123897
  -46.55346, -0.0001709994, -0.00016120985
  -46.52764, -0.0001470834, -0.00016115156
  -46.495365, -0.0001566498, -0.0001610786
  -46.482455, -0.0001682092, -0.00016104938
  -46.456635, -0.0001546568, -0.00016099088
  -46.42436, -0.0001598386, -0.00016091766
  -46.41145, -0.0001658176, -0.00016088833
  -46.366265, -0.0001542582, -0.00016078555
  -46.366265, -0.0001582442, -0.00016078555
  -46.314625, -0.0001458876, -0.00016066779
  -46.288805, -0.0001486778, -0.00016060879
  -46.275895, -0.0001470834, -0.00016057926
  -46.24362, -0.0001638246, -0.00016050535
  -46.2178, -0.0001586428, -0.00016044614
  -46.20489, -0.0001650204, -0.0001604165
  -46.172615, -0.0001538596, -0.00016034232
  -46.159705, -0.0001558526, -0.00016031261
  -46.12743, -0.0001446918, -0.00016023825
  -46.0887, -0.0001650204, -0.00016014885
  -46.082245, -0.0001466848, -0.00016013393
  -46.03706, -0.0001411044, -0.00016002936
  -46.017695, -0.0001706008, -0.00015998447
  -45.991875, -0.0001606358, -0.00015992454
  -45.953145, -0.0001566498, -0.00015983449
  -45.94669, -0.0001698036, -0.00015981946
  -45.888595, -0.0001566498, -0.00015968397
  -45.86923, -0.0001706008, -0.00015963872
  -45.84341, -0.000153461, -0.0001595783
  -45.798225, -0.0001546568, -0.00015947235
  -45.79177, -0.0001682092, -0.0001594572
  -45.76595, -0.0001606358, -0.00015939652
  -45.720765, -0.0001706008, -0.00015929012
  -45.71431, -0.0001450904, -0.00015927489
  -45.67558, -0.0001550554, -0.00015918344
  -45.64976, -0.000149475, -0.00015912236
  -45.63685, -0.000149475, -0.00015909179
  -45.617485, -0.0001578456, -0.00015904589
  -45.59812, -0.0001642232, -0.00015899993
  -45.59812, -0.0001442932, -0.00015899993
  -45.5723, -0.0001610344, -0.00015893858
  -45.54648, -0.0001426988, -0.00015887714
  -45.54648, -0.0001550554, -0.00015887714
  -45.514205, -0.0001598386, -0.0001588002
  -45.49484, -0.0001698036, -0.00015875398
  -45.488385, -0.0001602372, -0.00015873855
  -45.45611, -0.0001450904, -0.00015866136
  -45.4432, -0.0001777756, -0.00015863044
  -45.423835, -0.0001426988, -0.00015858402
  -45.40447, -0.0001482792, -0.00015853754
  -45.398015, -0.0001522652, -0.00015852204
  -45.37865, -0.0001538596, -0.00015847549
  -45.35283, -0.0001411044, -0.00015841335
  -45.33992, -0.0001650204, -0.00015838224
  -45.307645, -0.0001482792, -0.00015830436
  -45.30119, -0.000145489, -0.00015828877
  -45.26246, -0.0001371184, -0.00015819508
  -45.256005, -0.0001482792, -0.00015817944
  -45.230185, -0.0001506708, -0.00015811684
  -45.204365, -0.0001470834, -0.00015805413
  -45.19791, -0.0001379156, -0.00015803844
  -45.17209, -0.0001550554, -0.00015797561
  -45.17209, -0.0001522652, -0.00015797561
  -45.14627, -0.0001538596, -0.00015791269
  -45.12045, -0.0001558526, -0.00015784966
  -45.12045, -0.0001562512, -0.00015784966
  -45.088175, -0.0001446918, -0.00015777073
  -45.075265, -0.0001538596, -0.00015773912
  -45.049445, -0.0001510694, -0.00015767581
  -45.01717, -0.0001606358, -0.00015759654
  -45.01717, -0.0001442932, -0.00015759654
  -44.97844, -0.0001570484, -0.0001575012
  -44.97844, -0.0001419016, -0.0001575012
  -44.93971, -0.0001578456, -0.00015740562
  -44.933255, -0.0001407058, -0.00015738967
  -44.907435, -0.0001606358, -0.00015732579
  -44.881615, -0.00015944, -0.00015726182
  -44.87516, -0.0001510694, -0.0001572458
  -44.842885, -0.000163426, -0.00015716565
  -44.82352, -0.0001702022, -0.00015711748
  -44.7977, -0.0001642232, -0.00015705315
  -44.791245, -0.0001566498, -0.00015703705
  -44.77188, -0.000147482, -0.00015698872
  -44.739605, -0.000153461, -0.00015690802
  -44.72024, -0.0001518666, -0.00015685953
  -44.687965, -0.0001530624, -0.00015677856
  -44.68151, -0.0001419016, -0.00015676235
  -44.64278, -0.0001542582, -0.00015666492
  -44.636325, -0.0001522652, -0.00015664866
  -44.60405, -0.0001606358, -0.00015656724
  -44.59114, -0.0001450904, -0.00015653463
  -44.571775, -0.0001478806, -0.00015648565
  -44.5395, -0.000143496, -0.00015640388
  -44.5395, -0.0001379156, -0.00015640388
  -44.494315, -0.0001522652, -0.00015628911
  -44.494315, -0.0001662162, -0.00015628911
  -44.44913, -0.000163426, -0.00015617399
  -44.442675, -0.0001630274, -0.00015615751
  -44.4104, -0.000165419, -0.00015607503
  -44.39749, -0.0001478806, -0.00015604198
  -44.35876, -0.000147482, -0.00015594267
  -44.352305, -0.0001590414, -0.0001559261
  -44.313575, -0.0001518666, -0.00015582648
  -44.30712, -0.000143496, -0.00015580985
  -44.261935, -0.000157447, -0.00015569323
  -44.25548, -0.0001526638, -0.00015567654
  -44.223205, -0.0001522652, -0.00015559298
  -44.210295, -0.0001502722, -0.00015555951
  -44.17802, -0.0001498736, -0.00015547568
  -44.17802, -0.0001506708, -0.00015547568
  -44.13929, -0.0001602372, -0.00015537484
  -44.12638, -0.0001598386, -0.00015534116
  -44.094105, -0.0001538596, -0.00015525684
  -44.081195, -0.000161433, -0.00015522305
  -44.055375, -0.0001399086, -0.00015515539
  -44.03601, -0.0001626288, -0.00015510456
  -44.003735, -0.000141503, -0.00015501969
  -43.990825, -0.0001666148, -0.00015498568
  -43.965005, -0.0001279506, -0.00015491757
  -43.939185, -0.0001518666, -0.00015484934
  -43.93273, -0.0001407058, -0.00015483226
  -43.894, -0.0001502722, -0.00015472962
  -43.887545, -0.0001550554, -0.00015471249
  -43.84236, -0.0001490764, -0.00015459231
  -43.84236, -0.0001462862, -0.00015459231
  -43.81654, -0.0001490764, -0.00015452346
  -43.784265, -0.0001562512, -0.00015443721
  -43.77781, -0.0001466848, -0.00015441993
  -43.73908, -0.0001407058, -0.00015431611
  -43.732625, -0.000153461, -0.00015429877
  -43.693895, -0.0001371184, -0.0001541946
  -43.67453, -0.0001646218, -0.00015414239
  -43.64871, -0.0001582442, -0.00015407267
  -43.629345, -0.0001518666, -0.00015402029
  -43.60998, -0.0001626288, -0.00015396783
  -43.58416, -0.0001626288, -0.00015389776
  -43.577705, -0.0001550554, -0.00015388022
  -43.55834, -0.0001530624, -0.00015382756
  -43.51961, -0.00015944, -0.00015372199
  -43.513155, -0.0001426988, -0.00015370436
  -43.46797, -0.000145489, -0.00015358073
  -43.461515, -0.0001466848, -0.00015356304
  -43.44215, -0.000145489, -0.00015350989
  -43.41633, -0.0001462862, -0.00015343891
  -43.40342, -0.000161433, -0.00015340337
  -43.384055, -0.0001506708, -0.00015334998
  -43.35178, -0.0001510694, -0.00015326083
  -43.345325, -0.0001610344, -0.00015324297
  -43.306595, -0.0001430974, -0.00015313563
  -43.28723, -0.0001542582, -0.00015308184
  -43.280775, -0.0001323352, -0.00015306389
  -43.242045, -0.0001530624, -0.00015295599
  -43.229135, -0.0001542582, -0.00015291995
  -43.20977, -0.0001490764, -0.00015286583
  -43.17104, -0.0001602372, -0.00015275732
  -43.17104, -0.0001522652, -0.00015275732
  -43.138765, -0.0001438946, -0.00015266663
  -43.112945, -0.0001590414, -0.00015259391
  -43.100035, -0.0001351254, -0.0001525575
  -43.05485, -0.000135524, -0.00015242974
  -43.04194, -0.0001630274, -0.00015239315
  -43.01612, -0.0001191814, -0.00015231985
  -42.9903, -0.0001546568, -0.0001522464
  -42.983845, -0.000127552, -0.00015222801
  -42.945115, -0.0001423002, -0.00015211748
  -42.92575, -0.0001542582, -0.00015206208
  -42.91284, -0.0001407058, -0.0001520251
  -42.8612, -0.000163426, -0.00015187676
  -42.854745, -0.0001319366, -0.00015185818
  -42.816015, -0.0001371184, -0.00015174645
  -42.803105, -0.0001682092, -0.00015170912
  -42.78374, -0.0001442932, -0.00015165306
  -42.751465, -0.0001498736, -0.00015155941
  -42.725645, -0.000151468, -0.00015148431
  -42.70628, -0.000147482, -0.00015142787
  -42.674005, -0.0001510694, -0.00015133361
  -42.65464, -0.0001462862, -0.00015127692
  -42.62882, -0.0001550554, -0.00015120119
  -42.59009, -0.0001486778, -0.00015108728
  -42.59009, -0.0001347268, -0.00015108728
  -42.544905, -0.0001550554, -0.0001509539
  -42.52554, -0.0001522652, -0.00015089658
  -42.49972, -0.0001442932, -0.00015081999
  -42.46099, -0.0001291464, -0.00015070479
  -42.454535, -0.0001526638, -0.00015068555
  -42.42226, -0.0001446918, -0.0001505892
  -42.377075, -0.0001387128, -0.00015045383
  -42.364165, -0.0001450904, -0.00015041506
  -42.33189, -0.0001486778, -0.00015031792
  -42.299615, -0.0001438946, -0.00015022051
  -42.286705, -0.0001403072, -0.00015018146
  -42.25443, -0.00013951, -0.00015008365
  -42.209245, -0.0001407058, -0.00014994623
  -42.209245, -0.0001486778, -0.00014994623
  -42.144695, -0.0001538596, -0.00014974893
  -42.118875, -0.0001470834, -0.00014966969
  -42.093055, -0.0001411044, -0.00014959025
  -42.04787, -0.0001403072, -0.00014945079
  -42.028505, -0.0001626288, -0.00014939084
  -42.02205, -0.0001522652, -0.00014937083
  -41.989775, -0.0001462862, -0.00014927062
  -41.963955, -0.0001458876, -0.00014919023
  -41.94459, -0.000157447, -0.00014912981
  -41.925225, -0.0001403072, -0.00014906928
  -41.899405, -0.0001407058, -0.0001489884
  -41.89295, -0.0001582442, -0.00014896815
  -41.86713, -0.0001566498, -0.00014888703
  -41.847765, -0.0001343282, -0.00014882606
  -41.84131, -0.0001590414, -0.00014880571
  -41.821945, -0.000151468, -0.00014874459
  -41.80258, -0.000127552, -0.00014868335
  -41.783215, -0.0001578456, -0.000148622
  -41.76385, -0.0001283492, -0.00014856054
  -41.75094, -0.0001598386, -0.00014851951
  -41.718665, -0.000149475, -0.00014841669
  -41.718665, -0.0001558526, -0.00014841669
  -41.6993, -0.000153461, -0.00014835485
  -41.67348, -0.0001626288, -0.00014827221
  -41.667025, -0.0001478806, -0.00014825152
  -41.628295, -0.0001446918, -0.0001481271
  -41.62184, -0.0001363212, -0.00014810631
  -41.589565, -0.0001578456, -0.00014800221
  -41.58311, -0.0001478806, -0.00014798134
  -41.55729, -0.000149475, -0.00014789777
  -41.537925, -0.0001466848, -0.00014783495
  -41.537925, -0.0001578456, -0.00014783495
  -41.50565, -0.0001438946, -0.00014772998
  -41.486285, -0.000149475, -0.00014766684
  -41.46692, -0.0001510694, -0.00014760358
  -41.42819, -0.0001566498, -0.0001474767
  -41.42819, -0.0001403072, -0.0001474767
  -41.40237, -0.0001478806, -0.00014739184
  -41.395915, -0.0001442932, -0.00014737059
  -41.357185, -0.0001490764, -0.0001472428
  -41.357185, -0.0001430974, -0.0001472428
  -41.318455, -0.0001470834, -0.00014711452
  -41.29909, -0.0001470834, -0.00014705019
  -41.279725, -0.0001522652, -0.00014698574
  -41.240995, -0.0001530624, -0.00014685645
  -41.240995, -0.0001526638, -0.00014685645
  -41.22163, -0.0001482792, -0.00014679162
  -41.202265, -0.0001622302, -0.00014672666
  -41.176445, -0.0001478806, -0.00014663984
  -41.163535, -0.0001622302, -0.00014659635
  -41.137715, -0.0001478806, -0.00014650919
  -41.111895, -0.0001530624, -0.00014642181
  -41.09253, -0.0001383142, -0.00014635611
  -41.073165, -0.0001510694, -0.00014629029
  -41.0538, -0.0001558526, -0.00014622433
  -41.02798, -0.0001438946, -0.00014613618
  -41.01507, -0.0001566498, -0.00014609202
  -40.982795, -0.0001383142, -0.00014598136
  -40.97634, -0.0001502722, -0.00014595918
  -40.944065, -0.0001426988, -0.00014584807
  -40.931155, -0.000141503, -0.00014580352
  -40.892425, -0.000143496, -0.0001456695
  -40.892425, -0.0001287478, -0.0001456695
  -40.84724, -0.0001606358, -0.00014551247
  -40.84724, -0.0001419016, -0.00014551247
  -40.814965, -0.0001430974, -0.00014539984
  -40.802055, -0.0001530624, -0.00014535468
  -40.75687, -0.000143496, -0.00014519613
  -40.75687, -0.0001482792, -0.00014519613
  -40.711685, -0.000131538, -0.00014503682
  -40.711685, -0.0001426988, -0.00014503682
  -40.67941, -0.0001347268, -0.00014492255
  -40.672955, -0.0001426988, -0.00014489965
  -40.634225, -0.0001490764, -0.00014476191
  -40.62777, -0.0001522652, -0.00014473889
  -40.58904, -0.0001566498, -0.00014460048
  -40.57613, -0.000145489, -0.00014455421
  -40.5374, -0.0001570484, -0.00014441502
  -40.530945, -0.000135524, -0.00014439176
  -40.49867, -0.0001450904, -0.00014427524
  -40.492215, -0.0001518666, -0.00014425189
  -40.45994, -0.0001387128, -0.00014413487
  -40.44703, -0.0001530624, -0.00014408794
  -40.42121, -0.0001538596, -0.0001439939
  -40.388935, -0.0001407058, -0.00014387596
  -40.38248, -0.0001462862, -0.00014385232
  -40.34375, -0.0001371184, -0.00014371014
  -40.34375, -0.0001307408, -0.00014371014
  -40.285655, -0.000133531, -0.00014349571
  -40.272745, -0.0001351254, -0.00014344788
  -40.22756, -0.0001498736, -0.0001432799
  -40.21465, -0.0001363212, -0.00014323174
  -40.18883, -0.0001510694, -0.00014313523
  -40.156555, -0.0001319366, -0.0001430142
  -40.1501, -0.00015944, -0.00014298994
  -40.092005, -0.0001387128, -0.00014277079
  -40.08555, -0.0001391114, -0.00014274636
  -40.04682, -0.0001331324, -0.00014259935
  -40.027455, -0.0001251604, -0.0001425256
  -39.988725, -0.0001327338, -0.00014237761
  -39.96936, -0.000129545, -0.00014230337
  -39.924175, -0.000135524, -0.00014212949
  -39.91772, -0.0001363212, -0.00014210458
  -39.86608, -0.0001291464, -0.0001419046
  -39.859625, -0.0001359226, -0.00014187952
  -39.80153, -0.0001339296, -0.00014165294
  -39.795075, -0.000137517, -0.00014162767
  -39.730525, -0.0001423002, -0.0001413739
  -39.730525, -0.0001430974, -0.0001413739
  -39.678885, -0.0001399086, -0.0001411695
  -39.653065, -0.0001363212, -0.00014106683
  -39.627245, -0.00013951, -0.00014096385
  -39.601425, -0.0001307408, -0.00014086055
  -39.575605, -0.0001331324, -0.00014075693
  -39.549785, -0.000135524, -0.00014065299
  -39.498145, -0.000127552, -0.00014044415
  -39.47878, -0.000141503, -0.0001403655
  -39.433595, -0.0001391114, -0.00014018128
  -39.41423, -0.000133531, -0.00014010201
  -39.36259, -0.0001351254, -0.00013988973
  -39.34968, -0.0001411044, -0.00013983646
  -39.304495, -0.0001462862, -0.00013964932
  -39.304495, -0.0001331324, -0.00013964932
  -39.2464, -0.000129545, -0.0001394072
  -39.239945, -0.0001303422, -0.00013938019
  -39.18185, -0.0001263562, -0.00013913614
  -39.15603, -0.0001391114, -0.00013902711
  -39.123755, -0.0001399086, -0.00013889034
  -39.09148, -0.0001478806, -0.00013875301
  -39.06566, -0.000143496, -0.00013864276
  -39.02693, -0.0001486778, -0.00013847671
  -38.9882, -0.0001423002, -0.00013830985
  -38.96238, -0.0001371184, -0.00013819816
  -38.930105, -0.0001207758, -0.00013805804
  -38.88492, -0.0001462862, -0.0001378609
  -38.878465, -0.000129545, -0.00013783265
  -38.83328, -0.0001243632, -0.00013763423
  -38.813915, -0.0001303422, -0.00013754884
  -38.76873, -0.0001303422, -0.00013734878
  -38.74291, -0.0001299436, -0.00013723395
  -38.70418, -0.0001351254, -0.00013706098
  -38.66545, -0.0001371184, -0.00013688715
  -38.658995, -0.0001343282, -0.00013685809
  -38.6009, -0.0001331324, -0.00013659549
  -38.581535, -0.000137517, -0.00013650752
  -38.53635, -0.0001323352, -0.0001363014
  -38.504075, -0.000133531, -0.00013615342
  -38.48471, -0.0001243632, -0.00013606434
  -38.43307, -0.000121573, -0.00013582567
  -38.413705, -0.0001263562, -0.00013573576
  -38.36852, -0.0001403072, -0.00013552506
  -38.31688, -0.0001303422, -0.00013528273
  -38.310425, -0.0001343282, -0.00013525232
  -38.245875, -0.0001339296, -0.0001349468
  -38.22651, -0.0001359226, -0.00013485463
  -38.194235, -0.0001407058, -0.00013470049
  -38.129685, -0.0001251604, -0.00013439021
  -38.12323, -0.0001446918, -0.00013435904
  -38.065135, -0.0001339296, -0.00013407723
  -38.00704, -0.0001283492, -0.00013379322
  -38.000585, -0.0001371184, -0.00013376152
  -37.96831, -0.0001227688, -0.00013360263
  -37.936035, -0.0001327338, -0.00013344304
  -37.92958, -0.000133531, -0.00013341104
  -37.90376, -0.0001299436, -0.00013328275
  -37.884395, -0.0001359226, -0.00013318623
  -37.86503, -0.0001347268, -0.00013308946
  -37.85212, -0.0001383142, -0.00013302481
  -37.819845, -0.0001367198, -0.00013286267
  -37.80048, -0.0001287478, -0.00013276504
  -37.78757, -0.0001331324, -0.00013269981
  -37.76175, -0.0001359226, -0.000132569
  -37.74884, -0.0001191814, -0.00013250343
  -37.742385, -0.0001207758, -0.00013247059
  -37.703655, -0.0001223702, -0.00013227298
  -37.6972, -0.000121573, -0.00013223994
  -37.664925, -0.0001211744, -0.00013207431
  -37.639105, -0.000129545, -0.00013194126
  -37.63265, -0.000141503, -0.00013190793
  -37.60683, -0.0001347268, -0.00013177429
  -37.587465, -0.000135524, -0.00013167374
  -37.561645, -0.0001263562, -0.00013153926
  -37.54228, -0.0001359226, -0.00013143808
  -37.522915, -0.0001339296, -0.00013133662
  -37.484185, -0.0001163912, -0.00013113289
  -37.471275, -0.000137517, -0.00013106473
  -37.458365, -0.0001263562, -0.00013099645
  -37.432545, -0.0001227688, -0.00013085951
  -37.41318, -0.0001203772, -0.00013075648
  -37.393815, -0.0001279506, -0.00013065317
  -37.367995, -0.0001247618, -0.00013051498
  -37.355085, -0.0001291464, -0.00013044569
  -37.316355, -0.0001179856, -0.00013023708
  -37.303445, -0.0001399086, -0.00013016729
  -37.277625, -0.0001132024, -0.00013002732
  -37.238895, -0.000129545, -0.0001298164
  -37.23244, -0.000109615, -0.00012978113
  -37.200165, -0.0001207758, -0.00012960431
  -37.1808, -0.0001231674, -0.00012949782
  -37.161435, -0.0001143982, -0.00012939104
  -37.12916, -0.000125559, -0.00012921241
  -37.12916, -0.000129545, -0.00012921241
  -37.09043, -0.0001207758, -0.00012899696
  -37.083975, -0.0001124052, -0.00012896093
  -37.0517, -0.0001203772, -0.0001287803
  -37.03879, -0.0001219716, -0.00012870781
  -37.00006, -0.0001347268, -0.00012848953
  -36.993605, -0.0001331324, -0.00012845304
  -36.93551, -0.0001219716, -0.00012812301
  -36.93551, -0.000123566, -0.00012812301
  -36.903235, -0.0001227688, -0.00012793845
  -36.877415, -0.000107622, -0.00012779018
  -36.85805, -0.0001199786, -0.00012767861
  -36.83223, -0.0001263562, -0.00012752935
  -36.81932, -0.0001323352, -0.00012745451
  -36.78059, -0.000129545, -0.00012722915
  -36.78059, -0.000125559, -0.00012722915
  -36.748315, -0.0001490764, -0.00012704036
  -36.722495, -0.0001147968, -0.00012688869
  -36.70313, -0.0001423002, -0.00012677455
  -36.67731, -0.0001403072, -0.00012662186
  -36.657945, -0.0001283492, -0.00012650696
  -36.63858, -0.0001419016, -0.00012639174
  -36.61276, -0.0001187828, -0.00012623758
  -36.567575, -0.0001227688, -0.00012596639
  -36.56112, -0.0001147968, -0.0001259275
  -36.515935, -0.0001159926, -0.00012565422
  -36.503025, -0.000115594, -0.0001255758
  -36.464295, -0.0001183842, -0.00012533963
  -36.45784, -0.0001163912, -0.00012530014
  -36.41911, -0.000113601, -0.00012506237
  -36.41911, -0.0001211744, -0.00012506237
  -36.373925, -0.0001163912, -0.00012478322
  -36.36747, -0.0001331324, -0.00012474319
  -36.31583, -0.0001159926, -0.00012442152
  -36.309375, -0.000123566, -0.00012438114
  -36.25128, -0.000133531, -0.0001240159
  -36.25128, -0.0001267548, -0.0001240159
  -36.206095, -0.0001219716, -0.00012372959
  -36.19964, -0.0001343282, -0.00012368853
  -36.154455, -0.0001323352, -0.00012339997
  -36.154455, -0.0001231674, -0.00012339997
  -36.102815, -0.0001163912, -0.00012306775
  -36.102815, -0.0001383142, -0.00012306775
  -36.05763, -0.000115594, -0.00012277491
  -36.05763, -0.0001311394, -0.00012277491
  -36.00599, -0.000131538, -0.00012243773
  -35.99308, -0.000125559, -0.00012235302
  -35.94144, -0.0001243632, -0.00012201249
  -35.934985, -0.000129545, -0.00012196974
  -35.883345, -0.000127552, -0.00012162615
  -35.870435, -0.0001159926, -0.00012153982
  -35.82525, -0.0001187828, -0.00012123632
  -35.780065, -0.0001183842, -0.00012093069
  -35.7607, -0.0001147968, -0.00012079905
  -35.70906, -0.0001147968, -0.00012044605
  -35.69615, -0.0001199786, -0.00012035736
  -35.65742, -0.000127552, -0.00012009021
  -35.60578, -0.0001080206, -0.00011973148
  -35.586415, -0.0001267548, -0.00011959621
  -35.521865, -0.0001227688, -0.00011914232
  -35.508955, -0.0001139996, -0.00011905098
  -35.46377, -0.0001207758, -0.00011872985
  -35.43795, -0.0001080206, -0.00011854532
  -35.38631, -0.0001267548, -0.00011817399
  -35.354035, -0.0001052304, -0.00011794036
  -35.33467, -0.0001251604, -0.00011779961
  -35.276575, -0.000117587, -0.00011737474
  -35.276575, -0.0001068248, -0.00011737474
  -35.20557, -0.0001020416, -0.0001168501
  -35.199115, -0.0001088178, -0.0001168021
  -35.121655, -0.0001080206, -0.00011622233
  -35.1152, -0.000117587, -0.00011617369
  -35.06356, -0.000121573, -0.00011578275
  -35.031285, -0.0001143982, -0.00011553676
  -34.9861, -0.0001108108, -0.00011519022
  -34.953825, -0.0001211744, -0.00011494114
  -34.915095, -0.0001028388, -0.00011464052
  -34.863455, -0.0001291464, -0.00011423675
  -34.837635, -0.0001147968, -0.00011403359
  -34.77954, -0.000113601, -0.00011357335
  -34.76663, -0.0001283492, -0.00011347049
  -34.695625, -0.0001159926, -0.00011290083
  -34.682715, -0.000121573, -0.00011279654
  -34.618165, -9.48668e-05, -0.00011227179
  -34.592345, -0.0001183842, -0.00011206033
  -34.54716, -9.32724e-05, -0.00011168811
  -34.52134, -0.0001251604, -0.00011147417
  -34.4697, -8.92864e-05, -0.00011104354
  -34.424515, -0.0001223702, -0.00011066372
  -34.39224, -0.0001167898, -0.00011039067
  -34.334145, -0.0001108108, -0.0001098955
  -34.308325, -0.00011958, -0.00010967388
  -34.22441, -0.000115594, -0.00010894702
  -34.22441, -0.0001060276, -0.00010894702
  -34.15986, -0.0001331324, -0.00010838094
  -34.127585, -0.0001068248, -0.0001080956
  -34.0824, -0.0001239646, -0.00010769352
  -34.024305, -9.92514e-05, -0.00010717206
  -34.00494, -0.0001159926, -0.00010699711
  -33.921025, -0.0001159926, -0.00010623235
  -33.908115, -0.0001032374, -0.00010611374
  -33.830655, -0.0001151954, -0.00010539657
  -33.78547, -0.00011958, -0.00010497385
  -33.753195, -0.0001108108, -0.00010466993
  -33.714465, -0.000121573, -0.00010430301
  -33.68219, -0.0001048318, -0.00010399539
  -33.675735, -0.0001128038, -0.00010393366
  -33.63055, -0.0001243632, -0.00010349967
  -33.60473, -0.0001124052, -0.00010325017
  -33.59182, -0.0001128038, -0.000103125
  -33.546635, -0.0001044332, -0.00010268475
  -33.533725, -0.0001080206, -0.00010255834
  -33.494995, -9.5664e-05, -0.00010217741
  -33.46272, -0.000107622, -0.00010185804
  -33.456265, -9.32724e-05, -0.00010179395
  -33.417535, -9.52654e-05, -0.00010140793
  -33.391715, -0.000105629, -0.00010114916
  -33.38526, -0.000131538, -0.00010108428
  -33.340075, -0.000125559, -0.00010062814
  -33.327165, -9.28738e-05, -0.00010049716
  -33.288435, -0.0001207758, -0.00010010247
  -33.25616, -0.000103636, -9.977153e-05
  -33.249705, -0.0001143982, -9.9705121e-05
  -33.20452, -0.0001132024, -9.9238177e-05
  -33.1787, -0.0001147968, -9.8969707e-05
  -33.16579, -0.0001143982, -9.8835021e-05
  -33.11415, -0.0001171884, -9.8293249e-05
  -33.10124, -0.0001108108, -9.8157046e-05
  -33.068965, -0.000109615, -9.7815197e-05
  -33.02378, -9.52654e-05, -9.7333372e-05
  -33.02378, -0.0001064262, -9.7333372e-05
  -32.97214, -9.88528e-05, -9.677805e-05
  -32.95923, -0.0001064262, -9.6638436e-05
  -32.9205, -0.000107622, -9.6217701e-05
  -32.89468, -9.84542e-05, -9.5935624e-05
  -32.862405, -0.0001060276, -9.5581232e-05
  -32.823675, -9.80556e-05, -9.5153309e-05
  -32.810765, -0.0001108108, -9.5010021e-05
  -32.77849, -9.80556e-05, -9.4650377e-05
  -32.73976, -0.0001024402, -9.4216107e-05
  -32.720395, -0.0001068248, -9.399786e-05
  -32.668755, -0.0001163912, -9.3412221e-05
  -32.668755, -9.80556e-05, -9.3412221e-05
  -32.61066, -0.0001231674, -9.2746975e-05
  -32.59775, -0.0001044332, -9.2598215e-05
  -32.55902, -0.0001008458, -9.2149893e-05
  -32.52029, -0.0001012444, -9.1698491e-05
  -32.513835, -9.3671e-05, -9.1622956e-05
  -32.45574, -0.0001012444, -9.0939244e-05
  -32.449285, -9.3671e-05, -9.086284e-05
  -32.397645, -0.0001028388, -9.0248452e-05
  -32.37828, -9.00836e-05, -9.00166e-05
  -32.33955, -8.64962e-05, -8.9550495e-05
  -32.307275, -8.05172e-05, -8.9159613e-05
  -32.281455, -9.00836e-05, -8.8845287e-05
  -32.24918, -9.20766e-05, -8.8450339e-05
  -32.229815, -8.21116e-05, -8.8212277e-05
  -32.18463, -0.0001028388, -8.7653588e-05
  -32.17172, -8.72934e-05, -8.7493132e-05
  -32.10717, -8.72934e-05, -8.6685274e-05
  -32.100715, -9.20766e-05, -8.6603973e-05
  -32.04262, -0.0001028388, -8.5868022e-05
  -32.036165, -8.33074e-05, -8.5785776e-05
  -31.97807, -9.7657e-05, -8.5041253e-05
  -31.971615, -9.64612e-05, -8.4958047e-05
  -31.907065, -0.0001060276, -8.4120659e-05
  -31.90061, -0.000109615, -8.4036384e-05
  -31.842515, -0.0001207758, -8.3273482e-05
  -31.83606, -9.32724e-05, -8.3188221e-05
  -31.790875, -0.0001120066, -8.2588604e-05
  -31.7586, -8.25102e-05, -8.21573e-05
  -31.726325, -0.0001191814, -8.1723474e-05
  -31.700505, -9.40696e-05, -8.1374584e-05
  -31.661775, -0.000109615, -8.0848182e-05
  -31.6295, -8.88878e-05, -8.0406683e-05
  -31.597225, -9.72584e-05, -7.9962593e-05
  -31.558495, -9.68598e-05, -7.9426239e-05
  -31.532675, -9.24752e-05, -7.9066568e-05
  -31.493945, -9.80556e-05, -7.8523885e-05
  -31.468125, -9.72584e-05, -7.8159966e-05
  -31.42294, -8.01186e-05, -7.7518976e-05
  -31.390665, -9.28738e-05, -7.7057884e-05
  -31.364845, -7.972e-05, -7.668705e-05
  -31.326115, -8.84892e-05, -7.6127513e-05
  -31.300295, -9.08808e-05, -7.5752282e-05
  -31.25511, -8.53004e-05, -7.5091351e-05
  -31.22929, -9.40696e-05, -7.4711215e-05
  -31.19056, -9.12794e-05, -7.4137631e-05
  -31.171195, -8.7692e-05, -7.3849308e-05
  -31.119555, -7.73284e-05, -7.3075423e-05
  -31.106645, -6.73634e-05, -7.2880803e-05
  -31.04855, -8.21116e-05, -7.1999279e-05
  -31.02273, -5.89928e-05, -7.1604459e-05
  -30.984, -8.13144e-05, -7.1008699e-05
  -30.951725, -7.69298e-05, -7.0508978e-05
  -30.91945, -8.80906e-05, -7.0006275e-05
  -30.86781, -9.12794e-05, -6.9195701e-05
  -30.848445, -7.81256e-05, -6.8889738e-05
  -30.796805, -9.00836e-05, -6.8068466e-05
  -30.783895, -6.5769e-05, -6.786192e-05
  -30.719345, -9.52654e-05, -6.6821758e-05
  -30.719345, -5.5804e-05, -6.6821758e-05
  -30.667705, -7.25452e-05, -6.5980629e-05
  -30.628975, -8.25102e-05, -6.5344477e-05
  -30.616065, -8.1713e-05, -6.5131409e-05
  -30.564425, -6.9755e-05, -6.427401e-05
  -30.54506, -7.29438e-05, -6.3950359e-05
  -30.486965, -7.33424e-05, -6.2972385e-05
  -30.48051, -5.14194e-05, -6.2863067e-05
  -30.422415, -6.29788e-05, -6.1873274e-05
  -30.383685, -7.05522e-05, -6.1207434e-05
  -30.357865, -5.69998e-05, -6.0760862e-05
  -30.306225, -6.7762e-05, -5.9861237e-05
  -30.293315, -6.53704e-05, -5.9634973e-05
  -30.228765, -8.92864e-05, -5.8495424e-05
  -30.202945, -6.01886e-05, -5.8035739e-05
  -30.15776, -7.69298e-05, -5.7225926e-05
  -30.10612, -4.50418e-05, -5.6291994e-05
  -30.09321, -4.82306e-05, -5.6057095e-05
  -30.022205, -7.93214e-05, -5.4754933e-05
  -30.00284, -6.49718e-05, -5.4396775e-05
  -29.9512, -7.65312e-05, -5.3435293e-05
  -29.91247, -5.1818e-05, -5.2708031e-05
  -29.88665, -5.62026e-05, -5.2220237e-05
  -29.815645, -6.13844e-05, -5.0866511e-05
  -29.80919, -5.54054e-05, -5.0742545e-05
  -29.73173, -6.81606e-05, -4.9243119e-05
  -29.71882, -7.972e-05, -4.8991077e-05
  -29.66718, -4.9825e-05, -4.7976743e-05
  -29.621995, -5.50068e-05, -4.7081045e-05
  -29.609085, -4.74334e-05, -4.6823722e-05
  -29.544535, -6.89578e-05, -4.552764e-05
  -29.51226, -6.45732e-05, -4.4873634e-05
  -29.467075, -6.61676e-05, -4.3951282e-05
  -29.402525, -6.69648e-05, -4.2619851e-05
  -29.389615, -5.1818e-05, -4.2351602e-05
  -29.325065, -4.02586e-05, -4.100045e-05
  -29.26697, -4.5839e-05, -3.9770161e-05
  -29.260515, -4.70348e-05, -3.9632621e-05
  -29.208875, -4.30488e-05, -3.8526201e-05
  -29.15078, -5.73984e-05, -3.7268405e-05
  -29.144325, -3.74684e-05, -3.7127789e-05
  -29.07332, -4.3846e-05, -3.5569535e-05
  -29.028135, -4.70348e-05, -3.4566873e-05
  -29.00877, -3.54754e-05, -3.4134506e-05
  -28.950675, -3.54754e-05, -3.2827767e-05
  -28.911945, -5.50068e-05, -3.1948513e-05
  -28.87967, -5.42096e-05, -3.121081e-05
  -28.82803, -5.50068e-05, -3.0020967e-05
  -28.77639, -2.71048e-05, -2.88193e-05
  -28.76348, -4.26502e-05, -2.8517021e-05
  -28.68602, -3.82656e-05, -2.6687552e-05
  -28.640835, -2.63076e-05, -2.5607738e-05
  -28.615015, -3.986e-05, -2.4986484e-05
  -28.563375, -1.83356e-05, -2.3734693e-05
  -28.50528, -1.91328e-05, -2.2311497e-05
  -28.498825, -4.06572e-05, -2.215238e-05
  -28.44073, -2.15244e-05, -2.0711402e-05
  -28.37618, -2.07272e-05, -1.9091299e-05
  -28.343905, -4.42446e-05, -1.827366e-05
  -28.32454, -6.7762e-06, -1.778063e-05
  -28.25999, -7.1748e-06, -1.6123835e-05
  -28.201895, -5.34124e-05, -1.4614971e-05
  -28.19544, -1.27552e-05, -1.4446273e-05
  -28.1438, -1.63426e-05, -1.3089084e-05
  -28.06634, -2.07272e-05, -1.1027732e-05
  -28.046975, -3.22866e-05, -1.0507551e-05
  -28.0147, -1.993e-05, -9.6362392e-06
  -27.96306, -3.06922e-05, -8.2307673e-06
  -27.943695, -1.51468e-05, -7.7000809e-06
  -27.89851, -3.62726e-05, -6.4540418e-06
  -27.892055, -9.965e-06, -6.2751437e-06
  -27.853325, -7.5734e-06, -5.197041e-06
  -27.827505, -1.43496e-05, -4.473794e-06
  -27.814595, -3.10908e-05, -4.1108097e-06
  -27.78232, -2.03286e-05, -3.1993607e-06
  -27.775865, -6.3776e-06, -3.0163847e-06
  -27.737135, -2.1923e-05, -1.9137005e-06
  -27.724225, -1.5944e-06, -1.5442924e-06
  -27.70486, -2.3916e-05, -9.8844031e-07
  -27.67904, -1.1958e-05, -2.4404363e-07
  -27.659675, -1.993e-05, 3.1671018e-07
  -27.6274, -2.83006e-05, 1.2560035e-06
  -27.60158, -1.1958e-06, 2.0116938e-06
  -27.582215, -3.5874e-06, 2.5809574e-06
  -27.54994, 0, 3.5345091e-06
  -27.543485, -1.1958e-06, 3.7259392e-06
  -27.504755, -7.5734e-06, 4.8795845e-06
  -27.491845, 2.3916e-06, 5.2660702e-06
  -27.453115, 1.23566e-05, 6.4313748e-06
  -27.427295, 1.71398e-05, 7.2131437e-06
  -27.40793, -1.51468e-05, 7.8020571e-06
  -27.3692, -1.95314e-05, 8.9865743e-06
  -27.362745, 1.27552e-05, 9.1848649e-06
  -27.33047, 9.965e-06, 1.0180071e-05
  -27.30465, 1.3951e-05, 1.098076e-05
  -27.27883, -2.3916e-06, 1.1785493e-05
  -27.25301, -1.1958e-06, 1.2594292e-05
  -27.233645, 2.03286e-05, 1.3203572e-05
  -27.194915, -2.7902e-06, 1.4429068e-05
  -27.182005, 1.91328e-05, 1.4839631e-05
  -27.143275, -7.972e-06, 1.6077552e-05
  -27.143275, 3.986e-06, 1.6077552e-05
  -27.09809, -1.5944e-06, 1.7533688e-05
  -27.091635, 1.3951e-05, 1.774276e-05
  -27.052905, 1.11608e-05, 1.9002748e-05
  -27.039995, 3.02936e-05, 1.9424869e-05
  -27.001265, 3.06922e-05, 2.0697652e-05
  -26.988355, -8.7692e-06, 2.1124061e-05
  -26.94317, 3.1888e-06, 2.2625009e-05
  -26.94317, 2.35174e-05, 2.2625009e-05
  -26.89153, -8.3706e-06, 2.4356722e-05
  -26.89153, 2.15244e-05, 2.4356722e-05
  -26.846345, 1.07622e-05, 2.5886411e-05
  -26.82698, 1.03636e-05, 2.6546151e-05
  -26.794705, 1.1958e-05, 2.7651299e-05
  -26.77534, 3.42796e-05, 2.8317754e-05
  -26.74952, -1.1958e-05, 2.9210307e-05
  -26.7237, 2.11258e-05, 3.0107394e-05
  -26.691425, 2.03286e-05, 3.1235163e-05
  -26.65915, 2.15244e-05, 3.2370101e-05
  -26.63333, 2.83006e-05, 3.3283244e-05
  -26.601055, 3.1888e-05, 3.4431205e-05
  -26.588145, -7.1748e-06, 3.4892432e-05
  -26.55587, 4.50418e-05, 3.605063e-05
  -26.536505, 1.5944e-06, 3.6749083e-05
  -26.50423, 3.46782e-05, 3.7919098e-05
  -26.471955, 3.02936e-05, 3.9096562e-05
  -26.459045, 4.30488e-05, 3.9569644e-05
  -26.41386, 1.67412e-05, 4.1234927e-05
  -26.40095, 5.73984e-05, 4.1713448e-05
  -26.36222, -1.1958e-06, 4.3156329e-05
  -26.355765, 5.85942e-05, 4.3397881e-05
  -26.317035, 1.5944e-06, 4.4853655e-05
  -26.31058, 4.74334e-05, 4.5097366e-05
  -26.25894, 3.46782e-05, 4.7058246e-05
  -26.24603, 1.95314e-05, 4.7551592e-05
  -26.2073, 3.70698e-05, 4.9039183e-05
  -26.18148, 4.46432e-05, 5.0037238e-05
  -26.15566, 6.61676e-05, 5.1040389e-05
  -26.123385, 2.15244e-05, 5.2301531e-05
  -26.097565, 6.13844e-05, 5.3316243e-05
  -26.058835, 5.14194e-05, 5.4848036e-05
  -26.05238, 5.1818e-05, 5.5104476e-05
  -26.00074, 3.22866e-05, 5.7167796e-05
  -26.00074, 7.89228e-05, 5.7167796e-05
  -25.96201, 6.49718e-05, 5.8729152e-05
  -25.942645, 3.42796e-05, 5.951432e-05
  -25.91037, 5.3811e-05, 6.0829628e-05
  -25.87164, 6.21816e-05, 6.2419111e-05
  -25.85873, 5.89928e-05, 6.2951649e-05
  -25.813545, 2.9895e-05, 6.482627e-05
  -25.800635, 3.3881e-05, 6.5364959e-05
  -25.75545, 3.66712e-05, 6.7261242e-05
  -25.72963, 2.43146e-05, 6.8352467e-05
  -25.70381, 6.7762e-05, 6.9449281e-05
  -25.66508, 7.21466e-05, 7.1105048e-05
  -25.658625, 5.62026e-05, 7.1382246e-05
  -25.619895, 6.85592e-05, 7.3052891e-05
  -25.60053, 5.26152e-05, 7.389303e-05
  -25.5618, 6.7762e-05, 7.5583008e-05
  -25.52307, 6.09858e-05, 7.7286003e-05
  -25.51016, 7.85242e-05, 7.7856579e-05
  -25.47143, 5.06222e-05, 7.9577092e-05
  -25.452065, 4.22516e-05, 8.0442314e-05
  -25.4327, 6.01886e-05, 8.1310866e-05
  -25.38106, 9.12794e-05, 8.3643375e-05
  -25.38106, 8.64962e-05, 8.3643375e-05
  -25.32942, 6.09858e-05, 8.59999e-05
  -25.284235, 3.42796e-05, 8.8081762e-05
  -25.271325, 0.0001064262, 8.8680017e-05
  -25.232595, 8.60976e-05, 9.0484009e-05
  -25.21323, 4.86292e-05, 9.1391221e-05
  -25.193865, 0.000103636, 9.2301928e-05
  -25.14868, 9.92514e-05, 9.4440584e-05
  -25.142225, 7.05522e-05, 9.4747676e-05
  -25.09704, 0.0001068248, 9.6908387e-05
  -25.064765, 0.0001044332, 9.8463674e-05
  -25.05831, 0.0001028388, 9.877593e-05
  -25.01958, 9.92514e-05, 0.00010065791
  -24.98085, 9.68598e-05, 0.00010255443
  -24.974395, 8.9685e-05, 0.00010287194
  -24.94212, 9.32724e-05, 0.00010446562
  -24.89048, 0.000135524, 0.00010703689
  -24.87757, 0.0001068248, 0.00010768385
  -24.845295, 0.0001139996, 0.00010930853
  -24.80011, 7.29438e-05, 0.00011160069
  -24.7872, 9.60626e-05, 0.00011225939
  -24.76138, 0.0001363212, 0.00011358188
  -24.729105, 0.0001032374, 0.00011524458
  -24.690375, 9.88528e-05, 0.00011725399
  -24.67101, 0.0001486778, 0.00011826452
  -24.63228, 0.00013951, 0.00012029732
  -24.600005, 0.0001438946, 0.00012200334
  -24.587095, 0.000129545, 0.00012268883
  -24.56773, 0.000143496, 0.00012372038
  -24.529, 0.0001391114, 0.00012579546
  -24.496725, 0.0001132024, 0.00012753698
  -24.470905, 0.0001785728, 0.00012893829
  -24.432175, 0.0001562512, 0.00013105383
  -24.3999, 0.0001223702, 0.00013282931
  -24.393445, 0.0001247618, 0.00013318579
  -24.367625, 0.0001343282, 0.00013461627
  -24.33535, 0.0001749854, 0.00013641477
  -24.30953, 0.00013951, 0.00013786194
  -24.277255, 0.0001602372, 0.00013968143
  -24.264345, 0.0001287478, 0.00014041251
  -24.20625, 8.9685e-05, 0.00014372581
  -24.18043, 0.0001331324, 0.00014521077
  -24.161065, 9.32724e-05, 0.00014632953
  -24.12879, 0.0001630274, 0.00014820378
  -24.096515, 0.0001442932, 0.00015009016
  -24.070695, 0.0001638246, 0.00015160804
  -24.057785, 0.0001438946, 0.00015236993
  -24.0126, 0.0001741882, 0.00015505207
  -23.98678, 0.0001897336, 0.00015659563
  -23.96096, 0.000151468, 0.00015814719
  -23.94805, 0.0001606358, 0.00015892598
  -23.915775, 0.0002184328, 0.00016088177
  -23.8835, 0.0001662162, 0.00016285023
  -23.84477, 0.0001877406, 0.00016522922
  -23.84477, 0.0001702022, 0.00016522922
  -23.80604, 0.0001582442, 0.00016762672
  -23.760855, 0.0001737896, 0.00017044739
  -23.72858, 0.0002076706, 0.00017247784
  -23.722125, 0.0001996986, 0.0001728855
  -23.709215, 0.0002040832, 0.00017370242
  -23.67694, 0.0001757826, 0.00017575397
  -23.644665, 0.0002240132, 0.00017781882
  -23.605935, 0.0002056776, 0.00018031432
  -23.59948, 0.0001985028, 0.00018073213
  -23.56075, 0.0001901322, 0.00018325033
  -23.53493, 0.0002140482, 0.00018494002
  -23.502655, 0.0001618316, 0.00018706446
  -23.47038, 0.000169405, 0.00018920269
  -23.451015, 0.0001925238, 0.00019049228
  -23.41874, 0.0002056776, 0.00019265276
  -23.399375, 0.0002248104, 0.00019395577
  -23.38001, 0.0002228174, 0.00019526385
  -23.347735, 0.0002136496, 0.00019745531
  -23.347735, 0.000205279, 0.00019745531
  -23.321915, 0.0002188314, 0.00019921872
  -23.296095, 0.0002056776, 0.00020099128
  -23.25091, 0.0002084678, 0.00020411544
  -23.218635, 0.0001797686, 0.00020636439
  -23.218635, 0.0002084678, 0.00020636439
  -23.17345, 0.000161433, 0.00020953749
  -23.14763, 0.0002264048, 0.00021136365
  -23.12181, 0.0002188314, 0.00021319929
  -23.089535, 0.000171398, 0.00021550727
  -23.076625, 0.00021923, 0.00021643466
  -23.05726, 0.000217237, 0.00021783025
  -23.03144, 0.0002200272, 0.00021969951
  -23.012075, 0.0002654676, 0.00022110782
  -22.986255, 0.0002674606, 0.00022299411
  -22.95398, 0.0002606844, 0.00022536578
  -22.947525, 0.000227202, 0.00022584196
  -22.934615, 0.0002578942, 0.00022679617
  -22.895885, 0.0002638732, 0.00022967371
  -22.87652, 0.0002838032, 0.0002311209
  -22.8507, 0.0002515166, 0.00023305926
  -22.81197, 0.000253111, 0.00023598572
  -22.792605, 0.0002897822, 0.00023745752
  -22.792605, 0.0002961598, 0.00023745752
  -22.77324, 0.0002838032, 0.00023893505
  -22.74742, 0.0002319852, 0.00024091406
  -22.70869, 0.0002566984, 0.00024390191
  -22.68287, 0.000314894, 0.00024590677
  -22.663505, 0.0003144954, 0.00024741726
  -22.64414, 0.0002519152, 0.00024893365
  -22.637685, 0.0002379642, 0.00024944042
  -22.624775, 0.0002399572, 0.00025045595
  -22.5925, 0.0002060762, 0.00025300632
  -22.547315, 0.0002295936, 0.00025660478
  -22.51504, 0.000296957, 0.0002591952
  -22.495675, 0.000320873, 0.00026075755
  -22.48922, 0.0002598872, 0.00026127968
  -22.47631, 0.000296957, 0.00026232599
  -22.456945, 0.0002646704, 0.00026390056
  -22.444035, 0.0002714466, 0.00026495368
  -22.41176, 0.000269055, 0.00026759849
  -22.379485, 0.000290978, 0.00027026054
  -22.36012, 0.0002941668, 0.00027186609
  -22.34721, 0.0002921738, 0.00027293993
  -22.3343, 0.0002694536, 0.00027401658
  -22.32139, 0.0003073206, 0.00027509602
  -22.302025, 0.0003535582, 0.00027672045
  -22.29557, 0.000364719, 0.00027726334
  -22.263295, 0.0003571456, 0.00027998837
  -22.24393, 0.0003037332, 0.00028163192
  -22.21811, 0.0002945654, 0.0002838333
  -22.2052, 0.0003240618, 0.00028493829
  -22.17938, 0.0003073206, 0.00028715691
  -22.17938, 0.0002662648, 0.00028715691
  -22.160015, 0.000310908, 0.00028882845
  -22.147105, 0.000316887, 0.00028994645
  -22.121285, 0.0003140968, 0.00029219118
  -22.10192, 0.0003364184, 0.0002938824
  -22.08901, 0.0003025374, 0.00029501355
  -22.082555, 0.0003001458, 0.00029558023
  -22.05028, 0.000312901, 0.00029842471
  -22.05028, 0.0003160898, 0.00029842471
  -22.03737, 0.0003204744, 0.00029956769
  -22.02446, 0.000332831, 0.00030071365
  -22.018005, 0.0002921738, 0.00030128775
  -22.01155, 0.0002965584, 0.00030186259
  -21.98573, 0.000296957, 0.00030416946
  -21.98573, 0.0002842018, 0.00030416946
  -21.966365, 0.0003412016, 0.00030590751
  -21.95991, 0.000283006, 0.00030648836
  -21.947, 0.0002993486, 0.00030765235
  -21.947, 0.000334824, 0.00030765235
  -21.93409, 0.0003603344, 0.00030881936
  -21.927635, 0.0003360198, 0.00030940401
  -21.914725, 0.0003495722, 0.00031057559
  -21.901815, 0.000326852, 0.00031175022
  -21.89536, 0.0003443904, 0.00031233868
  -21.88245, 0.0003300408, 0.00031351791
  -21.875995, 0.000366712, 0.00031410867
  -21.85663, 0.0003057262, 0.00031588558
  -21.850175, 0.0003699008, 0.00031647943
  -21.84372, 0.0003782714, 0.00031707405
  -21.84372, 0.0002814116, 0.00031707405
  -21.824355, 0.0003236632, 0.00031886256
  -21.8179, 0.0003663134, 0.00031946028
  -21.811445, 0.0003316352, 0.00032005878
  -21.798535, 0.0003105094, 0.00032125812
  -21.79208, 0.0003244604, 0.00032185896
  -21.76626, 0.000320873, 0.00032427016
  -21.76626, 0.0003025374, 0.00032427016
  -21.74044, 0.0003140968, 0.00032669395
  -21.74044, 0.000332831, 0.00032669395
  -21.72753, 0.0003483764, 0.00032791058
  -21.71462, 0.0003412016, 0.00032913039
  -21.708165, 0.0004009916, 0.00032974148
  -21.6888, 0.0003416002, 0.00033157955
  -21.6888, 0.0003579428, 0.00033157955
  -21.67589, 0.0003535582, 0.00033280891
  -21.66298, 0.0003714952, 0.00033404149
  -21.656525, 0.0003611316, 0.00033465898
  -21.63716, 0.0003858448, 0.00033651628
  -21.63716, 0.0003416002, 0.00033651628
  -21.62425, 0.000322866, 0.00033775852
  -21.617795, 0.0003160898, 0.00033838086
  -21.604885, 0.000300943, 0.00033962796
  -21.591975, 0.0003272506, 0.00034087831
  -21.58552, 0.0004109566, 0.00034150471
  -21.57261, 0.0003982014, 0.00034275995
  -21.5597, 0.0003435932, 0.00034401847
  -21.553245, 0.0003890336, 0.00034464896
  -21.527425, 0.0003232646, 0.00034717914
  -21.527425, 0.0003384114, 0.00034717914
  -21.52097, 0.0003742854, 0.00034781375
  -21.52097, 0.0003611316, 0.00034781375
  -21.514515, 0.0003463834, 0.00034844919
  -21.501605, 0.0003336282, 0.00034972254
  -21.475785, 0.0004037818, 0.00035227922
  -21.475785, 0.0003463834, 0.00035227922
  -21.45642, 0.0003531596, 0.00035420549
  -21.449965, 0.000360733, 0.00035484926
  -21.4306, 0.0004109566, 0.00035678559
  -21.424145, 0.0003619288, 0.00035743272
  -21.41769, 0.0004153412, 0.00035808069
  -21.41769, 0.0003986, 0.00035808069
  -21.398325, 0.0003699008, 0.00036002967
  -21.39187, 0.0003515652, 0.00036068103
  -21.385415, 0.000324859, 0.00036133323
  -21.36605, 0.000368705, 0.00036329495
  -21.359595, 0.0003591386, 0.00036395057
  -21.333775, 0.0003519638, 0.00036658157
  -21.32732, 0.0004129496, 0.00036724147
  -21.32732, 0.0003814602, 0.00036724147
  -21.320865, 0.0003798658, 0.00036790223
  -21.31441, 0.000336817, 0.00036856385
  -21.295045, 0.0003595372, 0.00037055388
  -21.282135, 0.0003459848, 0.0003718849
  -21.282135, 0.000402586, 0.0003718849
  -21.26277, 0.0004109566, 0.00037388795
  -21.26277, 0.00033881, 0.00037388795
  -21.23695, 0.0004077678, 0.00037657088
  -21.230495, 0.0004181314, 0.0003772438
  -21.22404, 0.0003958098, 0.0003779176
  -21.22404, 0.000410558, 0.0003779176
  -21.204675, 0.0003615302, 0.00037994427
  -21.18531, 0.0003862434, 0.00038197889
  -21.178855, 0.0004089636, 0.00038265886
  -21.15949, 0.0004013902, 0.00038470411
  -21.153035, 0.0003970056, 0.00038538763
  -21.153035, 0.0003993972, 0.00038538763
  -21.14658, 0.0003934182, 0.00038607205
  -21.14658, 0.0004229146, 0.00038607205
  -21.127215, 0.0003750826, 0.00038813067
  -21.114305, 0.000396607, 0.00038950756
  -21.10785, 0.0004320824, 0.00039019736
  -21.101395, 0.0004161384, 0.00039088805
  -21.09494, 0.0003894322, 0.00039157964
  -21.08203, 0.0003802644, 0.00039296554
  -21.08203, 0.0004073692, 0.00039296554
  -21.05621, 0.0003718938, 0.00039574819
  -21.049755, 0.0004069706, 0.00039644612
  -21.0433, 0.000386642, 0.00039714497
  -21.036845, 0.000392621, 0.00039784472
  -21.036845, 0.000450418, 0.00039784472
  -21.011025, 0.0003459848, 0.00040065288
  -21.00457, 0.0004017888, 0.00040135722
  -20.985205, 0.0004001944, 0.00040347573
  -20.97875, 0.0004109566, 0.00040418374
  -20.959385, 0.0004189286, 0.00040631334
  -20.959385, 0.0004113552, 0.00040631334
  -20.959385, 0.000420523, 0.00040631334
  -20.95293, 0.0004213202, 0.00040702505
  -20.94002, 0.0003683064, 0.00040845127
  -20.92711, 0.0004209216, 0.00040988122
  -20.907745, 0.0003794672, 0.00041203314
  -20.90129, 0.0004779214, 0.00041275232
  -20.894835, 0.000402586, 0.00041347244
  -20.88838, 0.0004276978, 0.0004141935
  -20.881925, 0.00043846, 0.0004149155
  -20.881925, 0.0004552012, 0.0004149155
  -20.87547, 0.0004420474, 0.00041563844
  -20.869015, 0.0004460334, 0.00041636233
  -20.86256, 0.0004452362, 0.00041708715
  -20.84965, 0.0003276492, 0.00041853965
  -20.843195, 0.000410558, 0.00041926732
  -20.830285, 0.0003718938, 0.00042072552
  -20.817375, 0.0004420474, 0.00042218752
  -20.817375, 0.0003523624, 0.00042218752
  -20.81092, 0.0004552012, 0.00042291995
  -20.79801, 0.0004376628, 0.00042438768
  -20.79801, 0.0004540054, 0.00042438768
  -20.791555, 0.0004272992, 0.00042512299
  -20.77219, 0.0003794672, 0.00042733466
  -20.77219, 0.0004831032, 0.00042733466
  -20.75928, 0.0004480264, 0.00042881392
  -20.752825, 0.0004280964, 0.00042955501
  -20.752825, 0.0004300894, 0.00042955501
  -20.74637, 0.000360733, 0.00043029705
  -20.74637, 0.0004009916, 0.00043029705
  -20.727005, 0.0004197258, 0.00043252901
  -20.701185, 0.000474334, 0.00043551858
  -20.701185, 0.0004153412, 0.00043551858
  -20.701185, 0.0004368656, 0.00043551858
  -20.701185, 0.0004161384, 0.00043551858
  -20.69473, 0.00055804, 0.00043626842
  -20.68182, 0.0004516138, 0.00043777102
  -20.66891, 0.0003762784, 0.00043927755
  -20.649545, 0.0004161384, 0.00044154472
  -20.649545, 0.00045839, 0.00044154472
  -20.649545, 0.0004687536, 0.00044154472
  -20.63018, 0.0003475792, 0.00044382079
  -20.623725, 0.000462376, 0.00044458146
  -20.61727, 0.00045839, 0.00044534313
  -20.61727, 0.0004356698, 0.00044534313
  -20.60436, 0.000476327, 0.00044686944
  -20.597905, 0.0004839004, 0.00044763409
  -20.597905, 0.000432481, 0.00044763409
  -20.597905, 0.0004189286, 0.00044763409
  -20.584995, 0.0004548026, 0.00044916639
  -20.57854, 0.000480313, 0.00044993404
  -20.572085, 0.0005313338, 0.0004507027
  -20.572085, 0.0004635718, 0.0004507027
  -20.559175, 0.0004340754, 0.00045224302
  -20.559175, 0.0004807116, 0.00045224302
  -20.55272, 0.0004631732, 0.00045301468
  -20.546265, 0.0004934668, 0.00045378736
  -20.546265, 0.0004536068, 0.00045378736
  -20.53981, 0.0005010402, 0.00045456104
  -20.53981, 0.0004376628, 0.00045456104
  -20.53981, 0.0005409002, 0.00045456104
  -20.51399, 0.0004619774, 0.0004576659
  -20.51399, 0.0004037818, 0.0004576659
  -20.50108, 0.0003758798, 0.00045922441
  -20.48817, 0.0004807116, 0.000460787
  -20.48817, 0.000476327, 0.000460787
  -20.481715, 0.0004807116, 0.00046156983
  -20.47526, 0.000450418, 0.00046235367
  -20.46235, 0.0003974042, 0.00046392444
  -20.44944, 0.0004699494, 0.00046549931
  -20.442985, 0.000440453, 0.00046628829
  -20.430075, 0.0004950612, 0.00046786935
  -20.430075, 0.0003738868, 0.00046786935
  -20.42362, 0.0004300894, 0.00046866142
  -20.417165, 0.000446432, 0.00046945453
  -20.41071, 0.0004695508, 0.00047024867
  -20.3978, 0.00047832, 0.00047184008
  -20.38489, 0.0004599844, 0.00047343564
  -20.38489, 0.0004129496, 0.00047343564
  -20.378435, 0.000422516, 0.00047423498
  -20.365525, 0.0004129496, 0.00047583681
  -20.35907, 0.0004336768, 0.00047663929
  -20.352615, 0.0004639704, 0.00047744282
  -20.33325, 0.0004751312, 0.00047985971
  -20.33325, 0.0004866906, 0.00047985971
  -20.33325, 0.0004360684, 0.00047985971
  -20.33325, 0.0004579914, 0.00047985971
  -20.32034, 0.0004360684, 0.00048147624
  -20.313885, 0.0004759284, 0.00048228608
  -20.313885, 0.0004691522, 0.00048228608
  -20.313885, 0.0005173828, 0.00048228608
  -20.30743, 0.0005030332, 0.00048309699
  -20.300975, 0.0004372642, 0.00048390895
  -20.300975, 0.0004575928, 0.00048390895
  -20.29452, 0.0004906766, 0.00048472198
  -20.28161, 0.0004779214, 0.00048635122
  -20.275155, 0.0004815088, 0.00048716743
  -20.275155, 0.0004978514, 0.00048716743
  -20.262245, 0.0005026346, 0.00048880307
  -20.262245, 0.0005432918, 0.00048880307
  -20.262245, 0.0005357184, 0.00048880307
  -20.262245, 0.0004631732, 0.00048880307
  -20.249335, 0.0004468306, 0.00049044298
  -20.249335, 0.0004739354, 0.00049044298
  -20.24288, 0.0004472292, 0.00049126454
  -20.24288, 0.0004269006, 0.00049126454
  -20.22997, 0.0004787186, 0.00049291088
  -20.223515, 0.0005118024, 0.00049373567
  -20.223515, 0.0005205716, 0.00049373567
  -20.223515, 0.0005349212, 0.00049373567
  -20.21706, 0.0004607816, 0.00049456153
  -20.20415, 0.0005094108, 0.0004962165
  -20.197695, 0.0004548026, 0.0004970456
  -20.197695, 0.0004400544, 0.0004970456
  -20.19124, 0.0004237118, 0.00049787579
  -20.184785, 0.0004715438, 0.00049870706
  -20.171875, 0.0005349212, 0.00050037287
  -20.171875, 0.0005050262, 0.00050037287
  -20.171875, 0.0005118024, 0.00050037287
  -20.171875, 0.0004755298, 0.00050037287
  -20.171875, 0.0005656134, 0.00050037287
  -20.171875, 0.000500243, 0.00050037287
  -20.158965, 0.0004380614, 0.00050204303
  -20.158965, 0.0004217188, 0.00050204303
  -20.15251, 0.0004639704, 0.00050287974
  -20.146055, 0.000462376, 0.00050371755
  -20.12669, 0.0004452362, 0.00050623756
  -20.12669, 0.0005169842, 0.00050623756
  -20.12669, 0.000486292, 0.00050623756
  -20.12669, 0.000484299, 0.00050623756
  -20.12669, 0.000440453, 0.00050623756
  -20.120235, 0.000502236, 0.00050707976
  -20.10087, 0.0004269006, 0.00050961296
  -20.10087, 0.00053811, 0.00050961296
  -20.10087, 0.0005345226, 0.00050961296
  -20.10087, 0.000482306, 0.00050961296
  -20.10087, 0.000504229, 0.00050961296
  -20.10087, 0.000472341, 0.00050961296
  -20.094415, 0.000536117, 0.00051045957
  -20.094415, 0.0004811102, 0.00051045957
  -20.094415, 0.000492271, 0.00051045957
  -20.08796, 0.0004914738, 0.00051130729
  -20.081505, 0.0005544526, 0.00051215611
  -20.07505, 0.000462376, 0.00051300604
  -20.068595, 0.0004998444, 0.00051385709
  -20.068595, 0.000540103, 0.00051385709
  -20.068595, 0.0005197744, 0.00051385709
  -20.06214, 0.0005257534, 0.00051470924
  -20.055685, 0.0005050262, 0.00051556251
  -20.055685, 0.0005345226, 0.00051556251
  -20.042775, 0.0004966556, 0.00051727239
  -20.042775, 0.0004488236, 0.00051727239
  -20.042775, 0.0004974528, 0.00051727239
  -20.03632, 0.0004958584, 0.00051812901
  -20.029865, 0.0005763756, 0.00051898675
  -20.029865, 0.0004635718, 0.00051898675
  -20.029865, 0.0005277464, 0.00051898675
  -20.02341, 0.0005273478, 0.00051984561
  -20.02341, 0.0004300894, 0.00051984561
  -20.02341, 0.0005707952, 0.00051984561
  -20.02341, 0.0004950612, 0.00051984561
  -20.016955, 0.00047832, 0.00052070559
  -20.0105, 0.0005556484, 0.00052156669
  -20.0105, 0.0005337254, 0.00052156669
  -20.0105, 0.0005106066, 0.00052156669
  -20.0105, 0.0004719424, 0.00052156669
  -20.004045, 0.000500243, 0.00052242893
  -20.004045, 0.0005512638, 0.00052242893
  -20.004045, 0.0004815088, 0.00052242893
  -20.004045, 0.0005169842, 0.00052242893
  -20.004045, 0.0005197744, 0.00052242893

Analysis metadata
  Created at:              2026-06-17T10:05:33
  Probe configuration:     single
  Fit procedure:           Four-parameter SLP fit
